[INFO] [launch]: All log files can be found below /root/.ros/log/2026-09-16-14-45-25-219407-BOOK-9IO69NR1EM-449
[INFO] [launch]: Default logging verbosity is set to INFO
[INFO] [ign-1]: process started with pid [478]
[INFO] [robot_state_publisher-2]: process started with pid [480]
[INFO] [static_transform_publisher-3]: process started with pid [482]
[INFO] [cmd_vel_safety_node-4]: process started with pid [484]
[INFO] [create-5]: process started with pid [486]
[INFO] [parameter_bridge-6]: process started with pid [488]
[INFO] [parameter_bridge-7]: process started with pid [490]
[INFO] [parameter_bridge-8]: process started with pid [492]
[static_transform_publisher-3] [WARN] [1789537525.497098611] []: Old-style arguments are deprecated; see --help for new-style arguments
[static_transform_publisher-3] [INFO] [1789537525.531994619] [sim_lidar_sensor_tf]: Spinning until stopped - publishing transform
[static_transform_publisher-3] translation: ('0.200000', '0.000000', '0.070000')
[static_transform_publisher-3] rotation: ('0.000000', '0.000000', '0.000000', '1.000000')
[static_transform_publisher-3] from 'base_link' to 'fire_robot/base_footprint/lidar_sensor'
[create-5] [INFO] [1789537525.553474922] [spawn_fire_robot]: Requesting list of world names.
[robot_state_publisher-2] [INFO] [1789537525.583769128] [robot_state_publisher]: got segment arm_base_link
[robot_state_publisher-2] [INFO] [1789537525.583982906] [robot_state_publisher]: got segment arm_link1
[robot_state_publisher-2] [INFO] [1789537525.584004125] [robot_state_publisher]: got segment arm_link2
[robot_state_publisher-2] [INFO] [1789537525.584014324] [robot_state_publisher]: got segment arm_link3
[robot_state_publisher-2] [INFO] [1789537525.584023007] [robot_state_publisher]: got segment arm_link4
[robot_state_publisher-2] [INFO] [1789537525.584031223] [robot_state_publisher]: got segment arm_link5
[robot_state_publisher-2] [INFO] [1789537525.584039857] [robot_state_publisher]: got segment arm_link6
[robot_state_publisher-2] [INFO] [1789537525.584048259] [robot_state_publisher]: got segment base_footprint
[robot_state_publisher-2] [INFO] [1789537525.584056256] [robot_state_publisher]: got segment base_link
[robot_state_publisher-2] [INFO] [1789537525.584063806] [robot_state_publisher]: got segment camera_color_optical_frame
[robot_state_publisher-2] [INFO] [1789537525.584072076] [robot_state_publisher]: got segment camera_front_left_link
[robot_state_publisher-2] [INFO] [1789537525.584079962] [robot_state_publisher]: got segment camera_front_left_optical_frame
[robot_state_publisher-2] [INFO] [1789537525.584087830] [robot_state_publisher]: got segment camera_front_right_link
[robot_state_publisher-2] [INFO] [1789537525.584095717] [robot_state_publisher]: got segment camera_front_right_optical_frame
[robot_state_publisher-2] [INFO] [1789537525.584104075] [robot_state_publisher]: got segment camera_link
[robot_state_publisher-2] [INFO] [1789537525.584111861] [robot_state_publisher]: got segment depth_camera_link
[robot_state_publisher-2] [INFO] [1789537525.584119993] [robot_state_publisher]: got segment depth_optical_frame
[robot_state_publisher-2] [INFO] [1789537525.584127857] [robot_state_publisher]: got segment front_left_wheel
[robot_state_publisher-2] [INFO] [1789537525.584135380] [robot_state_publisher]: got segment front_right_wheel
[robot_state_publisher-2] [INFO] [1789537525.584143162] [robot_state_publisher]: got segment gripper_base_link
[robot_state_publisher-2] [INFO] [1789537525.584151053] [robot_state_publisher]: got segment gripper_finger_left
[robot_state_publisher-2] [INFO] [1789537525.584158774] [robot_state_publisher]: got segment gripper_finger_right
[robot_state_publisher-2] [INFO] [1789537525.584166908] [robot_state_publisher]: got segment lidar_link
[robot_state_publisher-2] [INFO] [1789537525.584174077] [robot_state_publisher]: got segment rear_left_wheel
[robot_state_publisher-2] [INFO] [1789537525.584181737] [robot_state_publisher]: got segment rear_right_wheel
[parameter_bridge-7] [INFO] [1789537525.593856755] [gz_motion_bridge]: Creating GZ->ROS Bridge: [/scan (gz.msgs.LaserScan) -> /scan (sensor_msgs/msg/LaserScan)] (Lazy 0)
[parameter_bridge-6] [INFO] [1789537525.597967464] [gz_clock_bridge]: Creating GZ->ROS Bridge: [/clock (gz.msgs.Clock) -> /clock (rosgraph_msgs/msg/Clock)] (Lazy 0)
[parameter_bridge-7] [INFO] [1789537525.599326326] [gz_motion_bridge]: Creating ROS->GZ Bridge: [/cmd_vel (geometry_msgs/msg/Twist) -> /cmd_vel (gz.msgs.Twist)] (Lazy 0)
[parameter_bridge-8] [INFO] [1789537525.599913877] [gz_rgb_camera_bridge]: Creating GZ->ROS Bridge: [/camera_raw (gz.msgs.Image) -> /camera_raw (sensor_msgs/msg/Image)] (Lazy 0)
[parameter_bridge-8] [INFO] [1789537525.602090192] [gz_rgb_camera_bridge]: Creating GZ->ROS Bridge: [/camera_raw/camera_info (gz.msgs.CameraInfo) -> /camera_raw/camera_info (sensor_msgs/msg/CameraInfo)] (Lazy 0)
[parameter_bridge-7] [INFO] [1789537525.603120198] [gz_motion_bridge]: Creating GZ->ROS Bridge: [/odom (gz.msgs.Odometry) -> /odom (nav_msgs/msg/Odometry)] (Lazy 0)
[parameter_bridge-8] [INFO] [1789537525.603162406] [gz_rgb_camera_bridge]: Creating GZ->ROS Bridge: [/camera_front_left_raw (gz.msgs.Image) -> /camera_front_left_raw (sensor_msgs/msg/Image)] (Lazy 0)
[parameter_bridge-8] [INFO] [1789537525.603699382] [gz_rgb_camera_bridge]: Creating GZ->ROS Bridge: [/camera_front_left_raw/camera_info (gz.msgs.CameraInfo) -> /camera_front_left_raw/camera_info (sensor_msgs/msg/CameraInfo)] (Lazy 0)
[parameter_bridge-8] [INFO] [1789537525.605258142] [gz_rgb_camera_bridge]: Creating GZ->ROS Bridge: [/camera_front_right_raw (gz.msgs.Image) -> /camera_front_right_raw (sensor_msgs/msg/Image)] (Lazy 0)
[parameter_bridge-8] [INFO] [1789537525.607196467] [gz_rgb_camera_bridge]: Creating GZ->ROS Bridge: [/camera_front_right_raw/camera_info (gz.msgs.CameraInfo) -> /camera_front_right_raw/camera_info (sensor_msgs/msg/CameraInfo)] (Lazy 0)
[parameter_bridge-7] [INFO] [1789537525.607283685] [gz_motion_bridge]: Creating GZ->ROS Bridge: [/tf (gz.msgs.Pose_V) -> /tf (tf2_msgs/msg/TFMessage)] (Lazy 0)
[parameter_bridge-7] [INFO] [1789537525.610156959] [gz_motion_bridge]: Creating GZ->ROS Bridge: [/joint_states (gz.msgs.Model) -> /joint_states (sensor_msgs/msg/JointState)] (Lazy 0)
[cmd_vel_safety_node-4] [INFO] [1789537525.723963699] [cmd_vel_safety_node]: CmdVelSafetyNode started | nav=/cmd_vel, manual=/cmd_vel_manual -> /cmd_vel_safe manual_hold=0.75s, allow_reverse=True, micro_reverse=0.050m/s, LiDAR stops(front/rear/turn)=0.48/0.00/0.00m, manual_lidar_stop=False
[create-5] [INFO] [1789537526.144818864] [spawn_fire_robot]: Waiting messages on topic [/robot_description].
[create-5] [INFO] [1789537526.157579355] [spawn_fire_robot]: Requested creation of entity.
[create-5] [INFO] [1789537526.157666445] [spawn_fire_robot]: OK creation of entity.
[INFO] [create-5]: process has finished cleanly [pid 486]
[ign-1] [1;33mWarning [Utils.cc:129][0m [/sdf/model[@name="fire_robot"]/link[@name="base_footprint"]/sensor[@name="lidar_sensor"]/lidar/noise[@type="gaussian"]:<urdf-string>:L0]: XML Attribute[type] in element[noise] not defined in SDF.
[INFO] [map_server-9]: process started with pid [761]
[INFO] [lifecycle_manager-10]: process started with pid [763]
[INFO] [static_transform_publisher-11]: process started with pid [765]
[static_transform_publisher-11] [WARN] [1789537533.511730561] []: Old-style arguments are deprecated; see --help for new-style arguments
[static_transform_publisher-11] [INFO] [1789537533.549618652] [sim_odom_map_tf]: Spinning until stopped - publishing transform
[static_transform_publisher-11] translation: ('0.000000', '0.000000', '0.000000')
[static_transform_publisher-11] rotation: ('0.000000', '0.000000', '0.000000', '1.000000')
[static_transform_publisher-11] from 'map' to 'odom'
[lifecycle_manager-10] [INFO] [1789537533.562993081] [lifecycle_manager_localization]: Creating
[lifecycle_manager-10] [INFO] [1789537533.569471646] [lifecycle_manager_localization]: [34m[1mCreating and initializing lifecycle service clients[0m[0m
[map_server-9] [INFO] [1789537533.583609504] [map_server]: 
[map_server-9] 	map_server lifecycle node launched. 
[map_server-9] 	Waiting on external lifecycle transitions to activate
[map_server-9] 	See https://design.ros2.org/articles/node_lifecycle.html for more information.
[map_server-9] [INFO] [1789537533.583877876] [map_server]: Creating
[lifecycle_manager-10] [INFO] [1789537533.633155377] [lifecycle_manager_localization]: [34m[1mStarting managed nodes bringup...[0m[0m
[lifecycle_manager-10] [INFO] [1789537533.633237544] [lifecycle_manager_localization]: [34m[1mConfiguring map_server[0m[0m
[map_server-9] [INFO] [1789537533.781228824] [map_server]: Configuring
[map_server-9] [INFO] [1789537533.781371648] [map_io]: Loading yaml file: /home/junyoung/fire_robot_ws_test/install/fire_robot_navigation/share/fire_robot_navigation/maps/obstacle_door_layout_world3_v1_static.yaml
[map_server-9] [INFO] [1789537533.781986663] [map_io]: resolution: 0.05
[map_server-9] [INFO] [1789537533.782042993] [map_io]: origin[0]: -6
[map_server-9] [INFO] [1789537533.782052801] [map_io]: origin[1]: -3
[map_server-9] [INFO] [1789537533.782059655] [map_io]: origin[2]: 0
[map_server-9] [INFO] [1789537533.782066560] [map_io]: free_thresh: 0.25
[map_server-9] [INFO] [1789537533.782072881] [map_io]: occupied_thresh: 0.65
[map_server-9] [INFO] [1789537533.782080883] [map_io]: mode: trinary
[map_server-9] [INFO] [1789537533.782087860] [map_io]: negate: 0
[map_server-9] [INFO] [1789537533.787177540] [map_io]: Loading image_file: /home/junyoung/fire_robot_ws_test/install/fire_robot_navigation/share/fire_robot_navigation/maps/obstacle_door_layout_world3_v1_static.pgm
[map_server-9] [INFO] [1789537533.796286780] [map_io]: Read map /home/junyoung/fire_robot_ws_test/install/fire_robot_navigation/share/fire_robot_navigation/maps/obstacle_door_layout_world3_v1_static.pgm: 500 X 120 map @ 0.05 m/cell
[lifecycle_manager-10] [INFO] [1789537533.803350588] [lifecycle_manager_localization]: [34m[1mActivating map_server[0m[0m
[map_server-9] [INFO] [1789537533.803560846] [map_server]: Activating
[map_server-9] [INFO] [1789537533.803818394] [map_server]: Creating bond (map_server) to lifecycle manager.
[lifecycle_manager-10] [INFO] [1789537533.911009418] [lifecycle_manager_localization]: Server map_server connected with bond.
[lifecycle_manager-10] [INFO] [1789537533.911061732] [lifecycle_manager_localization]: [34m[1mManaged nodes are active[0m[0m
[lifecycle_manager-10] [INFO] [1789537533.911070674] [lifecycle_manager_localization]: [34m[1mCreating bond timer...[0m[0m
[INFO] [controller_server-12]: process started with pid [804]
[INFO] [smoother_server-13]: process started with pid [806]
[INFO] [planner_server-14]: process started with pid [808]
[INFO] [behavior_server-15]: process started with pid [810]
[INFO] [bt_navigator-16]: process started with pid [812]
[INFO] [velocity_smoother-17]: process started with pid [814]
[INFO] [lifecycle_manager-18]: process started with pid [816]
[planner_server-14] [INFO] [1789537538.066719846] [planner_server]: 
[planner_server-14] 	planner_server lifecycle node launched. 
[planner_server-14] 	Waiting on external lifecycle transitions to activate
[planner_server-14] 	See https://design.ros2.org/articles/node_lifecycle.html for more information.
[smoother_server-13] [INFO] [1789537538.067925882] [smoother_server]: 
[smoother_server-13] 	smoother_server lifecycle node launched. 
[smoother_server-13] 	Waiting on external lifecycle transitions to activate
[smoother_server-13] 	See https://design.ros2.org/articles/node_lifecycle.html for more information.
[lifecycle_manager-18] [INFO] [1789537538.070023652] [lifecycle_manager_navigation]: Creating
[bt_navigator-16] [INFO] [1789537538.070653110] [bt_navigator]: 
[bt_navigator-16] 	bt_navigator lifecycle node launched. 
[bt_navigator-16] 	Waiting on external lifecycle transitions to activate
[bt_navigator-16] 	See https://design.ros2.org/articles/node_lifecycle.html for more information.
[bt_navigator-16] [INFO] [1789537538.070826699] [bt_navigator]: Creating
[velocity_smoother-17] [INFO] [1789537538.075629466] [velocity_smoother]: 
[velocity_smoother-17] 	velocity_smoother lifecycle node launched. 
[velocity_smoother-17] 	Waiting on external lifecycle transitions to activate
[velocity_smoother-17] 	See https://design.ros2.org/articles/node_lifecycle.html for more information.
[behavior_server-15] [INFO] [1789537538.076373326] [behavior_server]: 
[behavior_server-15] 	behavior_server lifecycle node launched. 
[behavior_server-15] 	Waiting on external lifecycle transitions to activate
[behavior_server-15] 	See https://design.ros2.org/articles/node_lifecycle.html for more information.
[lifecycle_manager-18] [INFO] [1789537538.079930472] [lifecycle_manager_navigation]: [34m[1mCreating and initializing lifecycle service clients[0m[0m
[planner_server-14] [INFO] [1789537538.084204412] [planner_server]: Creating
[smoother_server-13] [INFO] [1789537538.084440275] [smoother_server]: Creating smoother server
[controller_server-12] [INFO] [1789537538.099859019] [controller_server]: 
[controller_server-12] 	controller_server lifecycle node launched. 
[controller_server-12] 	Waiting on external lifecycle transitions to activate
[controller_server-12] 	See https://design.ros2.org/articles/node_lifecycle.html for more information.
[controller_server-12] [INFO] [1789537538.107157744] [controller_server]: Creating controller server
[planner_server-14] [INFO] [1789537538.131288624] [global_costmap.global_costmap]: 
[planner_server-14] 	global_costmap lifecycle node launched. 
[planner_server-14] 	Waiting on external lifecycle transitions to activate
[planner_server-14] 	See https://design.ros2.org/articles/node_lifecycle.html for more information.
[planner_server-14] [INFO] [1789537538.135239018] [global_costmap.global_costmap]: Creating Costmap
[controller_server-12] [INFO] [1789537538.135684029] [local_costmap.local_costmap]: 
[controller_server-12] 	local_costmap lifecycle node launched. 
[controller_server-12] 	Waiting on external lifecycle transitions to activate
[controller_server-12] 	See https://design.ros2.org/articles/node_lifecycle.html for more information.
[controller_server-12] [INFO] [1789537538.136274133] [local_costmap.local_costmap]: Creating Costmap
[lifecycle_manager-18] [INFO] [1789537538.145546816] [lifecycle_manager_navigation]: [34m[1mStarting managed nodes bringup...[0m[0m
[lifecycle_manager-18] [INFO] [1789537538.145615874] [lifecycle_manager_navigation]: [34m[1mConfiguring controller_server[0m[0m
[controller_server-12] [INFO] [1789537538.246995188] [controller_server]: Configuring controller interface
[controller_server-12] [INFO] [1789537538.247304838] [controller_server]: getting goal checker plugins..
[controller_server-12] [INFO] [1789537538.247450882] [controller_server]: Controller frequency set to 8.0000Hz
[controller_server-12] [INFO] [1789537538.247484839] [local_costmap.local_costmap]: Configuring
[controller_server-12] [INFO] [1789537538.257078804] [local_costmap.local_costmap]: Using plugin "obstacle_layer"
[controller_server-12] [INFO] [1789537538.268920633] [local_costmap.local_costmap]: Subscribed to Topics: scan
[controller_server-12] [INFO] [1789537538.275639350] [local_costmap.local_costmap]: Initialized plugin "obstacle_layer"
[controller_server-12] [INFO] [1789537538.275699151] [local_costmap.local_costmap]: Using plugin "inflation_layer"
[controller_server-12] [INFO] [1789537538.276506581] [local_costmap.local_costmap]: Initialized plugin "inflation_layer"
[controller_server-12] [INFO] [1789537538.301640801] [controller_server]: Created progress_checker : progress_checker of type nav2_controller::SimpleProgressChecker
[controller_server-12] [INFO] [1789537538.303845990] [controller_server]: Created goal checker : general_goal_checker of type nav2_controller::SimpleGoalChecker
[controller_server-12] [INFO] [1789537538.304324809] [controller_server]: Controller Server has general_goal_checker  goal checkers available.
[controller_server-12] [INFO] [1789537538.308448193] [controller_server]: Created controller : FollowPath of type nav2_rotation_shim_controller::RotationShimController
[controller_server-12] [INFO] [1789537538.318176938] [controller_server]: Created internal controller for rotation shimming: FollowPath of type dwb_core::DWBLocalPlanner
[controller_server-12] [INFO] [1789537538.320868137] [controller_server]: Setting transform_tolerance to 0.300000
[controller_server-12] [INFO] [1789537538.353986332] [controller_server]: Using critic "RotateToGoal" (dwb_critics::RotateToGoalCritic)
[controller_server-12] [INFO] [1789537538.354974034] [controller_server]: Critic plugin initialized
[controller_server-12] [INFO] [1789537538.355388517] [controller_server]: Using critic "Oscillation" (dwb_critics::OscillationCritic)
[controller_server-12] [INFO] [1789537538.356604684] [controller_server]: Critic plugin initialized
[controller_server-12] [INFO] [1789537538.356941772] [controller_server]: Using critic "BaseObstacle" (dwb_critics::BaseObstacleCritic)
[controller_server-12] [INFO] [1789537538.357851931] [controller_server]: Critic plugin initialized
[controller_server-12] [INFO] [1789537538.358424613] [controller_server]: Using critic "ObstacleFootprint" (dwb_critics::ObstacleFootprintCritic)
[controller_server-12] [INFO] [1789537538.359325432] [controller_server]: Critic plugin initialized
[controller_server-12] [INFO] [1789537538.359474734] [controller_server]: Using critic "GoalAlign" (dwb_critics::GoalAlignCritic)
[controller_server-12] [INFO] [1789537538.360580657] [controller_server]: Critic plugin initialized
[controller_server-12] [INFO] [1789537538.360824001] [controller_server]: Using critic "PathAlign" (dwb_critics::PathAlignCritic)
[controller_server-12] [INFO] [1789537538.361668742] [controller_server]: Critic plugin initialized
[controller_server-12] [INFO] [1789537538.361765889] [controller_server]: Using critic "PathDist" (dwb_critics::PathDistCritic)
[controller_server-12] [INFO] [1789537538.362368768] [controller_server]: Critic plugin initialized
[controller_server-12] [INFO] [1789537538.362684629] [controller_server]: Using critic "GoalDist" (dwb_critics::GoalDistCritic)
[controller_server-12] [INFO] [1789537538.363432517] [controller_server]: Critic plugin initialized
[controller_server-12] [INFO] [1789537538.363490584] [controller_server]: Controller Server has FollowPath  controllers available.
[lifecycle_manager-18] [INFO] [1789537538.377907604] [lifecycle_manager_navigation]: [34m[1mConfiguring smoother_server[0m[0m
[smoother_server-13] [INFO] [1789537538.378505379] [smoother_server]: Configuring smoother server
[smoother_server-13] [INFO] [1789537538.394707114] [smoother_server]: Created smoother : simple_smoother of type nav2_smoother::SimpleSmoother
[smoother_server-13] [INFO] [1789537538.396963390] [smoother_server]: Smoother Server has simple_smoother  smoothers available.
[lifecycle_manager-18] [INFO] [1789537538.414066190] [lifecycle_manager_navigation]: [34m[1mConfiguring planner_server[0m[0m
[planner_server-14] [INFO] [1789537538.414490201] [planner_server]: Configuring
[planner_server-14] [INFO] [1789537538.414549690] [global_costmap.global_costmap]: Configuring
[planner_server-14] [INFO] [1789537538.429216802] [global_costmap.global_costmap]: Using plugin "static_layer"
[planner_server-14] [INFO] [1789537538.432446518] [global_costmap.global_costmap]: Subscribing to the map topic (/initial_static_map) with transient local durability
[planner_server-14] [INFO] [1789537538.434326900] [global_costmap.global_costmap]: Initialized plugin "static_layer"
[planner_server-14] [INFO] [1789537538.434383227] [global_costmap.global_costmap]: Using plugin "fixed_obstacle_layer"
[planner_server-14] [INFO] [1789537538.435437335] [global_costmap.global_costmap]: Subscribing to the map topic (/fixed_obstacle_map) with transient local durability
[planner_server-14] [INFO] [1789537538.437641192] [global_costmap.global_costmap]: Initialized plugin "fixed_obstacle_layer"
[planner_server-14] [INFO] [1789537538.437709714] [global_costmap.global_costmap]: Using plugin "obstacle_layer"
[planner_server-14] [INFO] [1789537538.438587605] [global_costmap.global_costmap]: Subscribed to Topics: scan
[planner_server-14] [INFO] [1789537538.444345481] [global_costmap.global_costmap]: Initialized plugin "obstacle_layer"
[planner_server-14] [INFO] [1789537538.444429684] [global_costmap.global_costmap]: Using plugin "inflation_layer"
[planner_server-14] [INFO] [1789537538.446294629] [global_costmap.global_costmap]: Initialized plugin "inflation_layer"
[planner_server-14] [INFO] [1789537538.474903677] [planner_server]: Created global planner plugin GridBased of type nav2_smac_planner/SmacPlanner2D
[planner_server-14] [INFO] [1789537538.474992827] [planner_server]: Configuring GridBased of type SmacPlanner2D
[planner_server-14] [INFO] [1789537538.483982864] [planner_server]: Configured plugin GridBased of type SmacPlanner2D with tolerance 0.55, maximum iterations 1000000, max on approach iterations 1000, and allowing unknown traversal.
[planner_server-14] [INFO] [1789537538.484042969] [planner_server]: Planner Server has GridBased  planners available.
[lifecycle_manager-18] [INFO] [1789537538.510872532] [lifecycle_manager_navigation]: [34m[1mConfiguring behavior_server[0m[0m
[behavior_server-15] [INFO] [1789537538.511241973] [behavior_server]: Configuring
[behavior_server-15] [INFO] [1789537538.525396006] [behavior_server]: Creating behavior plugin spin of type nav2_behaviors/Spin
[behavior_server-15] [INFO] [1789537538.527907594] [behavior_server]: Configuring spin
[behavior_server-15] [INFO] [1789537538.538854922] [behavior_server]: Creating behavior plugin backup of type nav2_behaviors/BackUp
[behavior_server-15] [INFO] [1789537538.541041437] [behavior_server]: Configuring backup
[behavior_server-15] [INFO] [1789537538.555974668] [behavior_server]: Creating behavior plugin drive_on_heading of type nav2_behaviors/DriveOnHeading
[behavior_server-15] [INFO] [1789537538.559306468] [behavior_server]: Configuring drive_on_heading
[behavior_server-15] [INFO] [1789537538.570739719] [behavior_server]: Creating behavior plugin assisted_teleop of type nav2_behaviors/AssistedTeleop
[behavior_server-15] [INFO] [1789537538.576774105] [behavior_server]: Configuring assisted_teleop
[behavior_server-15] [INFO] [1789537538.591209850] [behavior_server]: Creating behavior plugin wait of type nav2_behaviors/Wait
[behavior_server-15] [INFO] [1789537538.594199298] [behavior_server]: Configuring wait
[lifecycle_manager-18] [INFO] [1789537538.603416815] [lifecycle_manager_navigation]: [34m[1mConfiguring bt_navigator[0m[0m
[bt_navigator-16] [INFO] [1789537538.604025148] [bt_navigator]: Configuring
[lifecycle_manager-18] [INFO] [1789537538.777744787] [lifecycle_manager_navigation]: [34m[1mConfiguring velocity_smoother[0m[0m
[velocity_smoother-17] [INFO] [1789537538.778169930] [velocity_smoother]: Configuring velocity smoother
[lifecycle_manager-18] [INFO] [1789537538.785111931] [lifecycle_manager_navigation]: [34m[1mActivating controller_server[0m[0m
[controller_server-12] [INFO] [1789537538.785441725] [controller_server]: Activating
[controller_server-12] [INFO] [1789537538.785481148] [local_costmap.local_costmap]: Activating
[controller_server-12] [INFO] [1789537538.785491176] [local_costmap.local_costmap]: Checking transform
[controller_server-12] [INFO] [1789537538.785518913] [local_costmap.local_costmap]: Timed out waiting for transform from base_link to odom to become available, tf error: Could not find a connection between 'odom' and 'base_link' because they are not part of the same tree.Tf has two or more unconnected trees.
[controller_server-12] [INFO] [1789537539.285798446] [local_costmap.local_costmap]: start
[controller_server-12] [INFO] [1789537539.487064962] [controller_server]: Activating controller: FollowPath of type nav2_rotation_shim_controller::RotationShimController
[controller_server-12] [INFO] [1789537539.487172902] [controller_server]: Creating bond (controller_server) to lifecycle manager.
[lifecycle_manager-18] [INFO] [1789537539.597494332] [lifecycle_manager_navigation]: Server controller_server connected with bond.
[lifecycle_manager-18] [INFO] [1789537539.597569070] [lifecycle_manager_navigation]: [34m[1mActivating smoother_server[0m[0m
[smoother_server-13] [INFO] [1789537539.597821026] [smoother_server]: Activating
[smoother_server-13] [INFO] [1789537539.597850461] [smoother_server]: Creating bond (smoother_server) to lifecycle manager.
[lifecycle_manager-18] [INFO] [1789537539.703281056] [lifecycle_manager_navigation]: Server smoother_server connected with bond.
[lifecycle_manager-18] [INFO] [1789537539.703374706] [lifecycle_manager_navigation]: [34m[1mActivating planner_server[0m[0m
[planner_server-14] [INFO] [1789537539.703802498] [planner_server]: Activating
[planner_server-14] [INFO] [1789537539.703867758] [global_costmap.global_costmap]: Activating
[planner_server-14] [INFO] [1789537539.703885628] [global_costmap.global_costmap]: Checking transform
[planner_server-14] [INFO] [1789537539.704255915] [global_costmap.global_costmap]: start
[planner_server-14] [INFO] [1789537540.756186948] [planner_server]: Activating plugin GridBased of type SmacPlanner2D
[planner_server-14] [INFO] [1789537540.758765743] [planner_server]: Creating bond (planner_server) to lifecycle manager.
[lifecycle_manager-18] [INFO] [1789537540.865824779] [lifecycle_manager_navigation]: Server planner_server connected with bond.
[lifecycle_manager-18] [INFO] [1789537540.865883183] [lifecycle_manager_navigation]: [34m[1mActivating behavior_server[0m[0m
[behavior_server-15] [INFO] [1789537540.866369725] [behavior_server]: Activating
[behavior_server-15] [INFO] [1789537540.866404055] [behavior_server]: Activating spin
[behavior_server-15] [INFO] [1789537540.866415423] [behavior_server]: Activating backup
[behavior_server-15] [INFO] [1789537540.866424792] [behavior_server]: Activating drive_on_heading
[behavior_server-15] [INFO] [1789537540.866433135] [behavior_server]: Activating assisted_teleop
[behavior_server-15] [INFO] [1789537540.866441281] [behavior_server]: Activating wait
[behavior_server-15] [INFO] [1789537540.866453445] [behavior_server]: Creating bond (behavior_server) to lifecycle manager.
[lifecycle_manager-18] [INFO] [1789537540.977244910] [lifecycle_manager_navigation]: Server behavior_server connected with bond.
[lifecycle_manager-18] [INFO] [1789537540.977335231] [lifecycle_manager_navigation]: [34m[1mActivating bt_navigator[0m[0m
[bt_navigator-16] [INFO] [1789537540.977787826] [bt_navigator]: Activating
[bt_navigator-16] [INFO] [1789537541.100688389] [bt_navigator]: Creating bond (bt_navigator) to lifecycle manager.
[lifecycle_manager-18] [INFO] [1789537541.209963873] [lifecycle_manager_navigation]: Server bt_navigator connected with bond.
[lifecycle_manager-18] [INFO] [1789537541.210049550] [lifecycle_manager_navigation]: [34m[1mActivating velocity_smoother[0m[0m
[velocity_smoother-17] [INFO] [1789537541.210641771] [velocity_smoother]: Activating
[velocity_smoother-17] [INFO] [1789537541.210742074] [velocity_smoother]: Creating bond (velocity_smoother) to lifecycle manager.
[lifecycle_manager-18] [INFO] [1789537541.320785473] [lifecycle_manager_navigation]: Server velocity_smoother connected with bond.
[lifecycle_manager-18] [INFO] [1789537541.320841283] [lifecycle_manager_navigation]: [34m[1mManaged nodes are active[0m[0m
[lifecycle_manager-18] [INFO] [1789537541.320868312] [lifecycle_manager_navigation]: [34m[1mCreating bond timer...[0m[0m
[INFO] [bash-19]: process started with pid [916]
[bash-19] [sim_odom_map_lifecycle_recovery] checking map_server
[INFO] [initial_static_map_node-20]: process started with pid [927]
[INFO] [fixed_obstacle_map_node-21]: process started with pid [929]
[INFO] [mission_axis_node-22]: process started with pid [931]
[INFO] [sensor_fusion_node-23]: process started with pid [933]
[INFO] [door_detection_node-24]: process started with pid [935]
[INFO] [navigation_node-25]: process started with pid [937]
[INFO] [manipulation_node-26]: process started with pid [939]
[sensor_fusion_node-23] [INFO] [1789537544.427494181] [sensor_fusion_node]: SegFormer disabled. Publishing LiDAR-derived observation map.
[fixed_obstacle_map_node-21] [INFO] [1789537544.436808260] [fixed_obstacle_map_node]: FixedObstacleMapNode started | static=/initial_static_map, scan=/scan, output=/fixed_obstacle_map
[initial_static_map_node-20] [INFO] [1789537544.474305819] [initial_static_map_node]: InitialStaticMapNode started | source=/map, static=/initial_static_map, delay=2.0s
[mission_axis_node-22] [INFO] [1789537544.498935163] [mission_axis_node]: MissionAxisNode started | map=/initial_static_map, base=base_link, frame=map
[sensor_fusion_node-23] [INFO] [1789537544.500411709] [sensor_fusion_node]: SensorFusionNode started | frame=map, grid=800x400@0.05m
[manipulation_node-26] [INFO] [1789537544.526626297] [manipulation_node]:   [SIM] Loaded 4 hinged blue doors from obstacle_door_layout_world3_v1.world
[manipulation_node-26] [INFO] [1789537544.529592615] [manipulation_node]: ManipulationNode started [SIMULATION, backend=moveit]
[manipulation_node-26] [INFO] [1789537544.530973109] [manipulation_node]: Gazebo arm simulation enabled (transport=ign, prefix=/fire_robot/sim_arm).
[navigation_node-25] [INFO] [1789537544.561814119] [navigation_node]: NavigationNode started
[initial_static_map_node-20] [INFO] [1789537545.207403728] [initial_static_map_node]: First usable map received. Waiting before static snapshot...
[mission_axis_node-22] [WARN] [1789537546.620440011] [mission_axis_node]: Mission axis map was not available in time; publishing robot-pose fallback axis until the static map arrives.
[mission_axis_node-22] [INFO] [1789537546.621478390] [mission_axis_node]: Mission axis published: origin=(-3.00, -0.00), yaw=0.0deg
[navigation_node-25] [INFO] [1789537546.625403906] [navigation_node]: Mission axis received: origin=(-3.00, -0.00), yaw=0.0deg
[INFO] [bash-27]: process started with pid [1314]
[bash-27] [nav2_lifecycle_recovery] checking Nav2 lifecycle
[door_detection_node-24] [INFO] [1789537548.117320838] [door_detection_node]: YOLO inference torch threads limited to 1.
[door_detection_node-24] [INFO] [1789537548.122478567] [door_detection_node]: Loading custom YOLO model: /home/junyoung/fire_robot_ws_test/install/fire_robot_perception/share/fire_robot_perception/models/best.pt
[bash-19] [sim_odom_map_lifecycle_recovery] map_server active
[INFO] [bash-19]: process has finished cleanly [pid 916]
[door_detection_node-24] [WARN] [1789537548.419883127] [door_detection_node]: Handle YOLO model has a single non-handle class "item". Treating it as handle. Rename the dataset class to handle/door_handle when retraining.
[door_detection_node-24] [INFO] [1789537548.420481597] [door_detection_node]: Loading primary handle YOLO model: /home/junyoung/fire_robot_ws_test/install/fire_robot_perception/share/fire_robot_perception/models/handle_best_v3_CANDIDATE.pt (classes=['item'])
[sensor_fusion_node-23] [INFO] [1789537548.442667647] [sensor_fusion_node]: Segmentation map origin locked to initial robot pose: origin=(-23.00, -10.00)
[door_detection_node-24] [INFO] [1789537548.516066999] [door_detection_node]: Loading fallback handle YOLO model: /home/junyoung/fire_robot_ws_test/install/fire_robot_perception/share/fire_robot_perception/models/handle_best_v2.pt (classes=['lever_handle'])
[door_detection_node-24] [INFO] [1789537548.516543453] [door_detection_node]: DoorDetectionNode started | YOLO=OK | handle_yolo=OK | handle_yolo_fallback=OK | imgsz=320 | depth=OFF | yolo_interval=2.40s | image_interval=1.20s | debug_image=OFF | cameras=front,front_left,front_right
[planner_server-14] [WARN] [1789537549.705707733] [global_costmap.global_costmap]: Can't update static costmap layer, no map received
[door_detection_node-24] [INFO] [1789537550.970015474] [door_detection_node]: HSV handle observed: color=blue, pixel=(245,121), conf=0.12, door_bbox=(238,64,263,171)
[door_detection_node-24] [INFO] [1789537552.707182147] [door_detection_node]: HSV handle observed: color=blue, pixel=(245,122), conf=0.11, door_bbox=(238,64,263,171)
[initial_static_map_node-20] [INFO] [1789537554.722275563] [initial_static_map_node]: Captured initial static map: 500x120, res=0.050 -> 760x200, origin=(-7.00, -5.00), occupied=9062
[planner_server-14] [INFO] [1789537554.725125768] [global_costmap.global_costmap]: StaticLayer: Resizing costmap to 760 X 200 at 0.050000 m/pix
[fixed_obstacle_map_node-21] [INFO] [1789537554.770533126] [fixed_obstacle_map_node]: Fixed obstacle overlay initialized: 760x200, res=0.050, origin=(-7.00, -5.00), mark_radius=2 cells
[door_detection_node-24] [INFO] [1789537554.805738947] [door_detection_node]: HSV handle observed: color=blue, pixel=(245,122), conf=0.11, door_bbox=(238,64,263,171)
[door_detection_node-24] [INFO] [1789537556.869536409] [door_detection_node]: HSV handle observed: color=blue, pixel=(244,122), conf=0.15, door_bbox=(238,64,263,171)
[door_detection_node-24] [INFO] [1789537557.925288333] [door_detection_node]: HSV handle observed: color=blue, pixel=(243,122), conf=0.16, door_bbox=(238,64,263,171)
[bash-27] [nav2_lifecycle_recovery] Nav2 already active
[INFO] [bash-27]: process has finished cleanly [pid 1314]
[door_detection_node-24] [INFO] [1789537559.840686539] [door_detection_node]: HSV handle observed: color=blue, pixel=(243,122), conf=0.16, door_bbox=(238,64,263,171)
[door_detection_node-24] [INFO] [1789537561.789404414] [door_detection_node]: HSV handle observed: color=blue, pixel=(243,122), conf=0.16, door_bbox=(238,64,263,171)
[door_detection_node-24] [INFO] [1789537562.811399116] [door_detection_node]: HSV handle observed: color=blue, pixel=(243,122), conf=0.16, door_bbox=(238,64,263,171)
[door_detection_node-24] [INFO] [1789537564.752117692] [door_detection_node]: HSV handle observed: color=blue, pixel=(243,122), conf=0.16, door_bbox=(238,64,263,171)
[door_detection_node-24] [INFO] [1789537565.779012650] [door_detection_node]: HSV handle observed: color=blue, pixel=(243,122), conf=0.16, door_bbox=(238,64,263,171)
[door_detection_node-24] [INFO] [1789537567.753295787] [door_detection_node]: HSV handle observed: color=blue, pixel=(243,122), conf=0.16, door_bbox=(238,64,263,171)
[door_detection_node-24] [INFO] [1789537568.830379924] [door_detection_node]: HSV handle observed: color=blue, pixel=(243,122), conf=0.16, door_bbox=(238,64,263,171)
[door_detection_node-24] [INFO] [1789537570.808825400] [door_detection_node]: HSV handle observed: color=blue, pixel=(243,122), conf=0.16, door_bbox=(238,64,263,171)
[door_detection_node-24] [INFO] [1789537571.855390930] [door_detection_node]: HSV handle observed: color=blue, pixel=(243,122), conf=0.16, door_bbox=(238,64,263,171)
[door_detection_node-24] [INFO] [1789537573.815031051] [door_detection_node]: HSV handle observed: color=blue, pixel=(243,122), conf=0.16, door_bbox=(238,64,263,171)
[INFO] [state_machine_node-28]: process started with pid [1473]
[door_detection_node-24] [INFO] [1789537575.805133663] [door_detection_node]: HSV handle observed: color=blue, pixel=(243,122), conf=0.16, door_bbox=(238,64,263,171)
[state_machine_node-28] [INFO] [1789537576.463069246] [state_machine_node]: StateMachineNode started | nav_timeout=55.0s  max_retries=2  explore_timeout=60.0s  exit=observed green exit only
[state_machine_node-28] [INFO] [1789537576.465483615] [state_machine_node]: Mission axis 대기 중: 초기 SLAM/static map 기준축 수신 후 탐색을 시작합니다.
[state_machine_node-28] [INFO] [1789537577.861926909] [state_machine_node]: Mission axis updated from /map: origin=(-3.00, -0.00), yaw=0.0deg
[door_detection_node-24] [INFO] [1789537577.979681664] [door_detection_node]: HSV handle observed: color=blue, pixel=(243,122), conf=0.16, door_bbox=(238,64,263,171)
[state_machine_node-28] [INFO] [1789537578.783275319] [state_machine_node]: start_without_fire enabled. Starting corridor exploration.
[state_machine_node-28] [INFO] [1789537578.783765671] [state_machine_node]: State: IDLE → EXPLORING
[parameter_bridge-7] [INFO] [1789537578.797082573] [gz_motion_bridge]: Passing message from ROS geometry_msgs/msg/Twist to Gazebo gz.msgs.Twist (showing msg only once per type)
[door_detection_node-24] [INFO] [1789537579.353150358] [door_detection_node]: HSV handle observed: color=blue, pixel=(243,122), conf=0.16, door_bbox=(238,64,263,171)
[state_machine_node-28] [INFO] [1789537579.850897266] [state_machine_node]: 파란 문 후보 없음. 2.0s 동안 정지 스캔 후 관측 기반 waypoint를 계획합니다.
[state_machine_node-28] [INFO] [1789537580.710762872] [state_machine_node]: 문 접근 목표 보정: observed_blue_4p9_m1p9 handle_axis=(4.94, -1.90) goal_axis=(4.94, -0.80) wall_axis=(4.94, -1.90) yaw=-90deg
[state_machine_node-28] [INFO] [1789537580.712606870] [state_machine_node]: 문 접근 목표 보정: observed_blue_4p9_m1p9 handle_axis=(4.94, -1.90) goal_axis=(4.94, -0.80) wall_axis=(4.94, -1.90) yaw=-90deg
[state_machine_node-28] [INFO] [1789537580.714316586] [state_machine_node]: 문 접근 목표 보정: observed_blue_4p9_m1p9 handle_axis=(4.94, -1.90) goal_axis=(4.94, -0.80) wall_axis=(4.94, -1.90) yaw=-90deg
[state_machine_node-28] [INFO] [1789537580.715258097] [state_machine_node]: 문 접근 목표 보정: observed_blue_4p9_m1p9 handle_axis=(4.94, -1.90) goal_axis=(4.94, -0.80) wall_axis=(4.94, -1.90) yaw=-90deg
[state_machine_node-28] [INFO] [1789537580.716124327] [state_machine_node]: LiDAR+camera segment map 사전 스캔 시작: observed_blue_4p9_m1p9
[door_detection_node-24] [INFO] [1789537581.255678223] [door_detection_node]: HSV handle observed: color=blue, pixel=(243,122), conf=0.16, door_bbox=(238,64,263,171)
[state_machine_node-28] [INFO] [1789537581.495384955] [state_machine_node]: 문 접근 목표 보정: observed_blue_4p9_m1p9 handle_axis=(4.94, -1.90) goal_axis=(4.94, -0.80) wall_axis=(4.94, -1.90) yaw=-90deg
[state_machine_node-28] [INFO] [1789537582.275201681] [state_machine_node]: 문 접근 목표 보정: observed_blue_4p9_m1p9 handle_axis=(4.94, -1.90) goal_axis=(4.94, -0.80) wall_axis=(4.94, -1.90) yaw=-90deg
[state_machine_node-28] [INFO] [1789537583.028176625] [state_machine_node]: 문 접근 목표 보정: observed_blue_4p9_m1p9 handle_axis=(4.94, -1.90) goal_axis=(4.94, -0.80) wall_axis=(4.94, -1.90) yaw=-90deg
[state_machine_node-28] [INFO] [1789537583.030018784] [state_machine_node]: 사전 스캔 완료. Nav2가 segment map 기반 경로를 계획합니다: observed_blue_4p9_m1p9
[state_machine_node-28] [INFO] [1789537583.032092795] [state_machine_node]: Locked blue target after pre-scan: observed_blue_4p9_m1p9 opened=0 retry=0/2
[state_machine_node-28] [INFO] [1789537583.032710274] [state_machine_node]: State: EXPLORING → NAVIGATING
[navigation_node-25] [INFO] [1789537583.034848756] [navigation_node]: Navigation goal received: door observed_blue_4p9_m1p9 (color=blue, frame=map, x=1.94, y=-0.80)
[bt_navigator-16] [INFO] [1789537583.162291201] [bt_navigator]: Begin navigating from current location (-3.00, -0.00) to (1.94, -0.80)
[navigation_node-25] [INFO] [1789537583.164423469] [navigation_node]: Navigation goal accepted by Nav2
[door_detection_node-24] [INFO] [1789537583.312097367] [door_detection_node]: HSV handle observed: color=blue, pixel=(243,122), conf=0.16, door_bbox=(238,64,263,171)
[state_machine_node-28] [INFO] [1789537583.316521741] [state_machine_node]: 문 접근 목표 보정: door_blue_471776 handle_axis=(4.94, -1.90) goal_axis=(4.94, -0.80) wall_axis=(4.94, -1.90) yaw=-90deg
[state_machine_node-28] [INFO] [1789537583.317669595] [state_machine_node]: 문 접근 목표 보정: door_blue_471776 handle_axis=(4.94, -1.90) goal_axis=(4.94, -0.80) wall_axis=(4.94, -1.90) yaw=-90deg
[controller_server-12] [INFO] [1789537583.363715777] [controller_server]: Received a goal, begin computing control effort.
[controller_server-12] [WARN] [1789537583.363864866] [controller_server]: No goal checker was specified in parameter 'current_goal_checker'. Server will use only plugin loaded general_goal_checker . This warning will appear once.
[door_detection_node-24] [INFO] [1789537584.387998215] [door_detection_node]: HSV handle observed: color=blue, pixel=(243,122), conf=0.16, door_bbox=(238,64,263,171)
[state_machine_node-28] [INFO] [1789537584.394054013] [state_machine_node]: 문 접근 목표 보정: door_blue_471776 handle_axis=(4.97, -1.91) goal_axis=(4.97, -0.81) wall_axis=(4.97, -1.91) yaw=-90deg
[state_machine_node-28] [INFO] [1789537584.395323498] [state_machine_node]: 문 접근 목표 보정: door_blue_471776 handle_axis=(4.97, -1.91) goal_axis=(4.97, -0.81) wall_axis=(4.97, -1.91) yaw=-90deg
[controller_server-12] [INFO] [1789537584.739928972] [controller_server]: Passing new path to controller.
[door_detection_node-24] [INFO] [1789537585.578754424] [door_detection_node]: HSV handle observed: color=blue, pixel=(218,122), conf=0.07, door_bbox=(214,65,237,171)
[state_machine_node-28] [INFO] [1789537585.588830555] [state_machine_node]: 문 접근 목표 보정: door_blue_0326ee handle_axis=(5.01, -1.92) goal_axis=(5.01, -0.82) wall_axis=(5.01, -1.92) yaw=-90deg
[state_machine_node-28] [INFO] [1789537585.591717769] [state_machine_node]: 문 접근 목표 보정: door_blue_0326ee handle_axis=(5.01, -1.92) goal_axis=(5.01, -0.82) wall_axis=(5.01, -1.92) yaw=-90deg
[controller_server-12] [INFO] [1789537585.864907374] [controller_server]: Passing new path to controller.
[state_machine_node-28] [INFO] [1789537586.453706815] [state_machine_node]: 문 접근 목표 보정: door_blue_0326ee handle_axis=(5.05, -1.92) goal_axis=(5.05, -0.82) wall_axis=(5.05, -1.92) yaw=-90deg
[state_machine_node-28] [INFO] [1789537586.454179281] [state_machine_node]: 문 접근 목표 보정: door_blue_0326ee handle_axis=(5.05, -1.92) goal_axis=(5.05, -0.82) wall_axis=(5.05, -1.92) yaw=-90deg
[controller_server-12] [INFO] [1789537587.239891561] [controller_server]: Passing new path to controller.
[door_detection_node-24] [INFO] [1789537587.569772637] [door_detection_node]: HSV handle observed: color=blue, pixel=(182,122), conf=0.16, door_bbox=(178,62,204,171)
[state_machine_node-28] [INFO] [1789537587.574870557] [state_machine_node]: 문 접근 목표 보정: door_blue_0326ee handle_axis=(5.05, -1.93) goal_axis=(5.05, -0.83) wall_axis=(5.05, -1.93) yaw=-90deg
[state_machine_node-28] [INFO] [1789537587.575700195] [state_machine_node]: 문 접근 목표 보정: door_blue_0326ee handle_axis=(5.05, -1.93) goal_axis=(5.05, -0.83) wall_axis=(5.05, -1.93) yaw=-90deg
[controller_server-12] [INFO] [1789537588.492262764] [controller_server]: Passing new path to controller.
[door_detection_node-24] [INFO] [1789537588.685765270] [door_detection_node]: HSV handle observed: color=blue, pixel=(178,121), conf=0.18, door_bbox=(174,62,199,173)
[state_machine_node-28] [INFO] [1789537588.691236793] [state_machine_node]: 문 접근 목표 보정: door_blue_0326ee handle_axis=(4.93, -1.85) goal_axis=(4.93, -0.80) wall_axis=(4.93, -1.90) yaw=-90deg
[state_machine_node-28] [INFO] [1789537588.692383061] [state_machine_node]: 문 접근 목표 보정: door_blue_0326ee handle_axis=(4.93, -1.85) goal_axis=(4.93, -0.80) wall_axis=(4.93, -1.90) yaw=-90deg
[door_detection_node-24] [INFO] [1789537589.697483084] [door_detection_node]: HSV handle observed: color=blue, pixel=(178,122), conf=0.19, door_bbox=(174,61,198,176)
[state_machine_node-28] [INFO] [1789537589.703354467] [state_machine_node]: 문 접근 목표 보정: door_blue_0326ee handle_axis=(4.88, -1.82) goal_axis=(4.88, -0.80) wall_axis=(4.88, -1.90) yaw=-90deg
[state_machine_node-28] [INFO] [1789537589.708212083] [state_machine_node]: 문 접근 목표 보정: door_blue_0326ee handle_axis=(4.88, -1.82) goal_axis=(4.88, -0.80) wall_axis=(4.88, -1.90) yaw=-90deg
[controller_server-12] [INFO] [1789537589.864911517] [controller_server]: Passing new path to controller.
[door_detection_node-24] [INFO] [1789537590.790705844] [door_detection_node]: HSV handle observed: color=blue, pixel=(175,122), conf=0.16, door_bbox=(170,60,198,178)
[state_machine_node-28] [INFO] [1789537590.796766675] [state_machine_node]: 문 접근 목표 보정: door_blue_0326ee handle_axis=(4.92, -1.86) goal_axis=(4.92, -0.80) wall_axis=(4.92, -1.90) yaw=-90deg
[state_machine_node-28] [INFO] [1789537590.798603223] [state_machine_node]: 문 접근 목표 보정: door_blue_0326ee handle_axis=(4.92, -1.86) goal_axis=(4.92, -0.80) wall_axis=(4.92, -1.90) yaw=-90deg
[controller_server-12] [INFO] [1789537591.114887086] [controller_server]: Passing new path to controller.
[door_detection_node-24] [INFO] [1789537591.933675372] [door_detection_node]: HSV handle observed: color=blue, pixel=(176,122), conf=0.15, door_bbox=(171,55,199,181)
[state_machine_node-28] [INFO] [1789537591.942738367] [state_machine_node]: 문 접근 목표 보정: door_blue_0326ee handle_axis=(4.93, -1.85) goal_axis=(4.93, -0.80) wall_axis=(4.93, -1.90) yaw=-90deg
[state_machine_node-28] [INFO] [1789537591.943627121] [state_machine_node]: 문 접근 목표 보정: door_blue_0326ee handle_axis=(4.93, -1.85) goal_axis=(4.93, -0.80) wall_axis=(4.93, -1.90) yaw=-90deg
[controller_server-12] [INFO] [1789537592.364901458] [controller_server]: Passing new path to controller.
[door_detection_node-24] [INFO] [1789537593.004425069] [door_detection_node]: HSV handle observed: color=blue, pixel=(186,122), conf=0.15, door_bbox=(182,53,212,187)
[state_machine_node-28] [INFO] [1789537593.014418442] [state_machine_node]: 문 접근 목표 보정: door_blue_0326ee handle_axis=(4.90, -1.86) goal_axis=(4.90, -0.80) wall_axis=(4.90, -1.90) yaw=-90deg
[state_machine_node-28] [INFO] [1789537593.015016056] [state_machine_node]: 문 접근 목표 보정: door_blue_0326ee handle_axis=(4.90, -1.86) goal_axis=(4.90, -0.80) wall_axis=(4.90, -1.90) yaw=-90deg
[controller_server-12] [INFO] [1789537593.614925209] [controller_server]: Passing new path to controller.
[door_detection_node-24] [INFO] [1789537594.027777483] [door_detection_node]: HSV handle observed: color=blue, pixel=(194,122), conf=0.15, door_bbox=(189,52,219,189)
[state_machine_node-28] [INFO] [1789537594.031746395] [state_machine_node]: 문 접근 목표 보정: door_blue_083dbc handle_axis=(4.86, -1.85) goal_axis=(4.86, -0.80) wall_axis=(4.86, -1.90) yaw=-90deg
[state_machine_node-28] [INFO] [1789537594.032301930] [state_machine_node]: 문 접근 목표 보정: door_blue_083dbc handle_axis=(4.86, -1.85) goal_axis=(4.86, -0.80) wall_axis=(4.86, -1.90) yaw=-90deg
[controller_server-12] [INFO] [1789537594.864906275] [controller_server]: Passing new path to controller.
[door_detection_node-24] [INFO] [1789537595.183381245] [door_detection_node]: HSV handle observed: color=blue, pixel=(198,122), conf=0.14, door_bbox=(194,46,227,194)
[state_machine_node-28] [INFO] [1789537595.193230273] [state_machine_node]: 문 접근 목표 보정: door_blue_083dbc handle_axis=(4.97, -1.91) goal_axis=(4.97, -0.81) wall_axis=(4.97, -1.91) yaw=-90deg
[state_machine_node-28] [INFO] [1789537595.194244060] [state_machine_node]: 문 접근 목표 보정: door_blue_083dbc handle_axis=(4.97, -1.91) goal_axis=(4.97, -0.81) wall_axis=(4.97, -1.91) yaw=-90deg
[controller_server-12] [INFO] [1789537596.114956447] [controller_server]: Passing new path to controller.
[door_detection_node-24] [INFO] [1789537596.203159083] [door_detection_node]: HSV handle observed: color=blue, pixel=(198,122), conf=0.13, door_bbox=(194,39,229,197)
[state_machine_node-28] [INFO] [1789537596.210254294] [state_machine_node]: 문 접근 목표 보정: door_blue_083dbc handle_axis=(4.81, -1.84) goal_axis=(4.81, -0.80) wall_axis=(4.81, -1.90) yaw=-90deg
[state_machine_node-28] [INFO] [1789537596.212757002] [state_machine_node]: 문 접근 목표 보정: door_blue_083dbc handle_axis=(4.81, -1.84) goal_axis=(4.81, -0.80) wall_axis=(4.81, -1.90) yaw=-90deg
[door_detection_node-24] [INFO] [1789537597.300736709] [door_detection_node]: HSV handle observed: color=blue, pixel=(198,122), conf=0.18, door_bbox=(195,41,231,203)
[state_machine_node-28] [INFO] [1789537597.315883654] [state_machine_node]: 문 접근 목표 보정: door_blue_083dbc handle_axis=(4.87, -1.88) goal_axis=(4.87, -0.80) wall_axis=(4.87, -1.90) yaw=-90deg
[state_machine_node-28] [INFO] [1789537597.316888868] [state_machine_node]: 문 접근 목표 보정: door_blue_083dbc handle_axis=(4.87, -1.88) goal_axis=(4.87, -0.80) wall_axis=(4.87, -1.90) yaw=-90deg
[controller_server-12] [INFO] [1789537597.364912699] [controller_server]: Passing new path to controller.
[door_detection_node-24] [INFO] [1789537598.343876909] [door_detection_node]: HSV handle observed: color=blue, pixel=(200,122), conf=0.15, door_bbox=(196,37,232,205)
[state_machine_node-28] [INFO] [1789537598.350287287] [state_machine_node]: 문 접근 목표 보정: door_blue_083dbc handle_axis=(4.92, -1.88) goal_axis=(4.92, -0.80) wall_axis=(4.92, -1.90) yaw=-90deg
[state_machine_node-28] [INFO] [1789537598.351133997] [state_machine_node]: 문 접근 목표 보정: door_blue_083dbc handle_axis=(4.92, -1.88) goal_axis=(4.92, -0.80) wall_axis=(4.92, -1.90) yaw=-90deg
[controller_server-12] [INFO] [1789537598.614917954] [controller_server]: Passing new path to controller.
[state_machine_node-28] [INFO] [1789537599.284058252] [state_machine_node]: 문 접근 목표 보정: door_blue_083dbc handle_axis=(4.82, -1.86) goal_axis=(4.82, -0.80) wall_axis=(4.82, -1.90) yaw=-90deg
[state_machine_node-28] [INFO] [1789537599.285072935] [state_machine_node]: 문 접근 목표 보정: door_blue_083dbc handle_axis=(4.82, -1.86) goal_axis=(4.82, -0.80) wall_axis=(4.82, -1.90) yaw=-90deg
[controller_server-12] [INFO] [1789537599.864902850] [controller_server]: Passing new path to controller.
[door_detection_node-24] [INFO] [1789537600.180987578] [door_detection_node]: HSV handle observed: color=blue, pixel=(203,122), conf=0.17, door_bbox=(199,24,239,213)
[state_machine_node-28] [INFO] [1789537600.188209734] [state_machine_node]: 문 접근 목표 보정: door_blue_083dbc handle_axis=(4.83, -1.84) goal_axis=(4.83, -0.80) wall_axis=(4.83, -1.90) yaw=-90deg
[state_machine_node-28] [INFO] [1789537600.190081536] [state_machine_node]: 문 접근 목표 보정: door_blue_083dbc handle_axis=(4.83, -1.84) goal_axis=(4.83, -0.80) wall_axis=(4.83, -1.90) yaw=-90deg
[controller_server-12] [INFO] [1789537601.116257622] [controller_server]: Passing new path to controller.
[state_machine_node-28] [INFO] [1789537601.139408144] [state_machine_node]: 문 접근 목표 보정: door_blue_083dbc handle_axis=(4.92, -1.88) goal_axis=(4.92, -0.80) wall_axis=(4.92, -1.90) yaw=-90deg
[state_machine_node-28] [INFO] [1789537601.140021401] [state_machine_node]: 문 접근 목표 보정: door_blue_083dbc handle_axis=(4.92, -1.88) goal_axis=(4.92, -0.80) wall_axis=(4.92, -1.90) yaw=-90deg
[door_detection_node-24] [INFO] [1789537602.071967830] [door_detection_node]: HSV handle observed: color=blue, pixel=(210,122), conf=0.16, door_bbox=(207,15,252,225)
[state_machine_node-28] [INFO] [1789537602.082422433] [state_machine_node]: 문 접근 목표 보정: door_blue_083dbc handle_axis=(4.85, -1.88) goal_axis=(4.85, -0.80) wall_axis=(4.85, -1.90) yaw=-90deg
[state_machine_node-28] [INFO] [1789537602.083961112] [state_machine_node]: 문 접근 목표 보정: door_blue_083dbc handle_axis=(4.85, -1.88) goal_axis=(4.85, -0.80) wall_axis=(4.85, -1.90) yaw=-90deg
[controller_server-12] [INFO] [1789537602.244249978] [controller_server]: Passing new path to controller.
[state_machine_node-28] [INFO] [1789537603.033946576] [state_machine_node]: 문 접근 목표 보정: door_blue_083dbc handle_axis=(4.86, -1.87) goal_axis=(4.86, -0.80) wall_axis=(4.86, -1.90) yaw=-90deg
[state_machine_node-28] [INFO] [1789537603.034472303] [state_machine_node]: 문 접근 목표 보정: door_blue_083dbc handle_axis=(4.86, -1.87) goal_axis=(4.86, -0.80) wall_axis=(4.86, -1.90) yaw=-90deg
[controller_server-12] [INFO] [1789537603.489961019] [controller_server]: Passing new path to controller.
[door_detection_node-24] [INFO] [1789537604.003075821] [door_detection_node]: HSV handle observed: color=blue, pixel=(216,122), conf=0.16, door_bbox=(211,5,264,238)
[state_machine_node-28] [INFO] [1789537604.007941744] [state_machine_node]: 문 접근 목표 보정: door_blue_083dbc handle_axis=(4.85, -1.88) goal_axis=(4.85, -0.80) wall_axis=(4.85, -1.90) yaw=-90deg
[state_machine_node-28] [INFO] [1789537604.015874466] [state_machine_node]: 문 접근 목표 보정: door_blue_083dbc handle_axis=(4.85, -1.88) goal_axis=(4.85, -0.80) wall_axis=(4.85, -1.90) yaw=-90deg
[controller_server-12] [INFO] [1789537604.865005541] [controller_server]: Passing new path to controller.
[state_machine_node-28] [INFO] [1789537604.894527339] [state_machine_node]: 문 접근 목표 보정: door_blue_294a1a handle_axis=(4.84, -1.89) goal_axis=(4.84, -0.80) wall_axis=(4.84, -1.90) yaw=-90deg
[state_machine_node-28] [INFO] [1789537604.895645883] [state_machine_node]: 문 접근 목표 보정: door_blue_294a1a handle_axis=(4.84, -1.89) goal_axis=(4.84, -0.80) wall_axis=(4.84, -1.90) yaw=-90deg
[door_detection_node-24] [INFO] [1789537605.857783115] [door_detection_node]: HSV handle observed: color=blue, pixel=(226,123), conf=0.18, door_bbox=(221,0,283,240)
[state_machine_node-28] [INFO] [1789537605.863199679] [state_machine_node]: 문 접근 목표 보정: door_blue_294a1a handle_axis=(4.89, -1.92) goal_axis=(4.89, -0.82) wall_axis=(4.89, -1.92) yaw=-90deg
[state_machine_node-28] [INFO] [1789537605.866256131] [state_machine_node]: 문 접근 목표 보정: door_blue_294a1a handle_axis=(4.89, -1.92) goal_axis=(4.89, -0.82) wall_axis=(4.89, -1.92) yaw=-90deg
[controller_server-12] [INFO] [1789537606.114921487] [controller_server]: Passing new path to controller.
[door_detection_node-24] [INFO] [1789537607.276000985] [door_detection_node]: YOLO handle observed (primary): pixel=(236,125), conf=0.66, bbox=(214, 112, 259, 138)
[door_detection_node-24] [INFO] [1789537607.282634909] [door_detection_node]: Handle camera-ray projection: pixel=(236,125), range=2.470m, z=0.739m
[state_machine_node-28] [INFO] [1789537607.286944460] [state_machine_node]: 문 접근 목표 보정: door_blue_294a1a handle_axis=(5.26, -1.87) goal_axis=(5.26, -0.80) wall_axis=(5.26, -1.90) yaw=-90deg
[state_machine_node-28] [INFO] [1789537607.288143894] [state_machine_node]: 문 접근 목표 보정: door_blue_294a1a handle_axis=(5.26, -1.87) goal_axis=(5.26, -0.80) wall_axis=(5.26, -1.90) yaw=-90deg
[state_machine_node-28] [WARN] [1789537607.291893990] [state_machine_node]: Locked blue target refined from newer observation: observed_blue_4p9_m1p9 -> observed_blue_4p9_m1p9, goal shift=0.32m, identity=(1.94,-1.90) -> (1.86,-1.93)
[navigation_node-25] [INFO] [1789537607.293637192] [navigation_node]: Navigation goal received: door observed_blue_4p9_m1p9 (color=blue, frame=map, x=2.26, y=-0.80)
[navigation_node-25] [WARN] [1789537607.294320063] [navigation_node]: Already navigating. Preempting current goal without an explicit stop before retargeting to: observed_blue_4p9_m1p9
[controller_server-12] [INFO] [1789537607.365653816] [controller_server]: Passing new path to controller.
[navigation_node-25] [INFO] [1789537607.423144332] [navigation_node]: Navigation goal accepted by Nav2
[bt_navigator-16] [INFO] [1789537607.462658160] [bt_navigator]: Received goal preemption request
[bt_navigator-16] [INFO] [1789537607.463116245] [bt_navigator]: Begin navigating from current location (0.16, -0.70) to (2.26, -0.80)
[controller_server-12] [INFO] [1789537608.618906472] [controller_server]: Passing new path to controller.
[door_detection_node-24] [INFO] [1789537609.312841558] [door_detection_node]: YOLO handle observed (primary): pixel=(264,124), conf=0.57, bbox=(239, 107, 290, 141)
[door_detection_node-24] [INFO] [1789537609.317119168] [door_detection_node]: Handle camera-ray projection: pixel=(264,124), range=2.286m, z=0.753m
[state_machine_node-28] [INFO] [1789537609.326563847] [state_machine_node]: 문 접근 목표 보정: door_blue_c17d46 handle_axis=(5.32, -1.94) goal_axis=(5.32, -0.84) wall_axis=(5.32, -1.94) yaw=-90deg
[state_machine_node-28] [INFO] [1789537609.328134093] [state_machine_node]: 문 접근 목표 보정: door_blue_c17d46 handle_axis=(5.32, -1.94) goal_axis=(5.32, -0.84) wall_axis=(5.32, -1.94) yaw=-90deg
[controller_server-12] [INFO] [1789537609.864895272] [controller_server]: Passing new path to controller.
[state_machine_node-28] [INFO] [1789537610.189129402] [state_machine_node]: 문 접근 목표 보정: door_blue_c17d46 handle_axis=(5.29, -1.93) goal_axis=(5.29, -0.83) wall_axis=(5.29, -1.93) yaw=-90deg
[state_machine_node-28] [INFO] [1789537610.190588097] [state_machine_node]: 문 접근 목표 보정: door_blue_c17d46 handle_axis=(5.29, -1.93) goal_axis=(5.29, -0.83) wall_axis=(5.29, -1.93) yaw=-90deg
[state_machine_node-28] [INFO] [1789537610.734305354] [state_machine_node]: 문 접근 목표 보정: door_blue_104aca handle_axis=(4.80, -1.96) goal_axis=(4.80, -0.86) wall_axis=(4.80, -1.96) yaw=-90deg
[state_machine_node-28] [INFO] [1789537610.734851809] [state_machine_node]: 문 접근 목표 보정: door_blue_104aca handle_axis=(4.80, -1.96) goal_axis=(4.80, -0.86) wall_axis=(4.80, -1.96) yaw=-90deg
[state_machine_node-28] [WARN] [1789537610.735210334] [state_machine_node]: Locked blue target refined from newer observation: observed_blue_4p9_m1p9 -> observed_blue_4p9_m1p9, goal shift=0.47m, identity=(1.86,-1.93) -> (1.80,-1.96)
[navigation_node-25] [INFO] [1789537610.738168399] [navigation_node]: Navigation goal received: door observed_blue_4p9_m1p9 (color=blue, frame=map, x=1.80, y=-0.86)
[navigation_node-25] [WARN] [1789537610.738900591] [navigation_node]: Already navigating. Preempting current goal without an explicit stop before retargeting to: observed_blue_4p9_m1p9
[navigation_node-25] [INFO] [1789537610.868494082] [navigation_node]: Navigation goal accepted by Nav2
[bt_navigator-16] [INFO] [1789537610.962746943] [bt_navigator]: Received goal preemption request
[bt_navigator-16] [INFO] [1789537610.964358429] [bt_navigator]: Begin navigating from current location (0.65, -0.78) to (1.80, -0.86)
[controller_server-12] [INFO] [1789537611.115035114] [controller_server]: Passing new path to controller.
[state_machine_node-28] [INFO] [1789537611.322173808] [state_machine_node]: Blue candidate door_blue_471776_1 rejected: handle lateral 3.29m is outside wall band 2.20+0.35m.
[state_machine_node-28] [INFO] [1789537611.322615027] [state_machine_node]: Blue candidate door_blue_471776_1 recorded with door-body progress and observed wall side because its direct projection was center-biased or crossed the corridor.
[state_machine_node-28] [INFO] [1789537612.327340234] [state_machine_node]: 문 접근 목표 보정: door_blue_104aca handle_axis=(4.91, -1.96) goal_axis=(4.91, -0.86) wall_axis=(4.91, -1.96) yaw=-90deg
[state_machine_node-28] [INFO] [1789537612.329165197] [state_machine_node]: 문 접근 목표 보정: door_blue_104aca handle_axis=(4.91, -1.96) goal_axis=(4.91, -0.86) wall_axis=(4.91, -1.96) yaw=-90deg
[controller_server-12] [INFO] [1789537612.364899896] [controller_server]: Passing new path to controller.
[controller_server-12] [INFO] [1789537613.739906905] [controller_server]: Passing new path to controller.
[door_detection_node-24] [INFO] [1789537613.867247660] [door_detection_node]: HSV handle observed: color=blue, pixel=(5,127), conf=0.22, door_bbox=(0,0,132,240)
[state_machine_node-28] [INFO] [1789537613.871989710] [state_machine_node]: 문 접근 목표 보정: door_blue_104aca handle_axis=(4.93, -1.95) goal_axis=(4.93, -0.85) wall_axis=(4.93, -1.95) yaw=-90deg
[state_machine_node-28] [INFO] [1789537613.874195893] [state_machine_node]: 문 접근 목표 보정: door_blue_104aca handle_axis=(4.93, -1.95) goal_axis=(4.93, -0.85) wall_axis=(4.93, -1.95) yaw=-90deg
[controller_server-12] [INFO] [1789537614.989924159] [controller_server]: Passing new path to controller.
[controller_server-12] [INFO] [1789537616.364914025] [controller_server]: Passing new path to controller.
[door_detection_node-24] [INFO] [1789537616.895292963] [door_detection_node]: YOLO handle observed (primary): pixel=(42,132), conf=0.48, bbox=(0, 110, 85, 154)
[door_detection_node-24] [INFO] [1789537616.899804561] [door_detection_node]: Handle camera-ray projection: pixel=(42,132), range=1.486m, z=0.721m
[state_machine_node-28] [INFO] [1789537616.906008208] [state_machine_node]: 문 접근 목표 보정: door_blue_5490f1 handle_axis=(5.43, -1.97) goal_axis=(5.43, -0.87) wall_axis=(5.43, -1.97) yaw=-90deg
[state_machine_node-28] [INFO] [1789537616.907353440] [state_machine_node]: 문 접근 목표 보정: door_blue_5490f1 handle_axis=(5.43, -1.97) goal_axis=(5.43, -0.87) wall_axis=(5.43, -1.97) yaw=-90deg
[state_machine_node-28] [WARN] [1789537616.908501824] [state_machine_node]: Locked blue target refined from newer observation: observed_blue_4p9_m1p9 -> observed_blue_4p9_m1p9, goal shift=0.63m, identity=(1.80,-1.96) -> (2.19,-2.65)
[navigation_node-25] [INFO] [1789537616.910094568] [navigation_node]: Navigation goal received: door observed_blue_4p9_m1p9 (color=blue, frame=map, x=2.43, y=-0.87)
[navigation_node-25] [WARN] [1789537616.910795229] [navigation_node]: Already navigating. Preempting current goal without an explicit stop before retargeting to: observed_blue_4p9_m1p9
[navigation_node-25] [INFO] [1789537617.032655194] [navigation_node]: Navigation goal accepted by Nav2
[bt_navigator-16] [INFO] [1789537617.062628111] [bt_navigator]: Received goal preemption request
[bt_navigator-16] [INFO] [1789537617.063175228] [bt_navigator]: Begin navigating from current location (1.51, -0.84) to (2.43, -0.87)
[controller_server-12] [INFO] [1789537617.490461212] [controller_server]: Passing new path to controller.
[door_detection_node-24] [INFO] [1789537618.653643824] [door_detection_node]: HSV handle observed: color=blue, pixel=(20,122), conf=0.10, door_bbox=(0,67,27,177)
[controller_server-12] [INFO] [1789537618.742538084] [controller_server]: Passing new path to controller.
[controller_server-12] [INFO] [1789537619.990942620] [controller_server]: Passing new path to controller.
[state_machine_node-28] [INFO] [1789537620.149165483] [state_machine_node]: Blue candidate door_blue_471776 rejected: handle lateral 2.83m is outside wall band 2.20+0.35m.
[state_machine_node-28] [INFO] [1789537620.150083188] [state_machine_node]: Blue candidate door_blue_471776 kept in wall observation memory using its door pose; handle projection is outside the wall band.
[door_detection_node-24] [INFO] [1789537620.621463971] [door_detection_node]: HSV handle observed: color=red, pixel=(250,122), conf=0.02, door_bbox=(246,16,282,220)
[controller_server-12] [INFO] [1789537621.365453876] [controller_server]: Passing new path to controller.
[controller_server-12] [INFO] [1789537622.614898965] [controller_server]: Passing new path to controller.
[door_detection_node-24] [INFO] [1789537622.625504208] [door_detection_node]: HSV handle observed: color=red, pixel=(247,122), conf=0.02, door_bbox=(242,13,282,224)
[state_machine_node-28] [INFO] [1789537623.346870084] [state_machine_node]: Blue candidate door_blue_471776 rejected: handle lateral 2.83m is outside wall band 2.20+0.35m.
[state_machine_node-28] [INFO] [1789537623.347713111] [state_machine_node]: Blue candidate door_blue_471776 kept in wall observation memory using its door pose; handle projection is outside the wall band.
[door_detection_node-24] [INFO] [1789537623.765217056] [door_detection_node]: HSV handle observed: color=red, pixel=(246,122), conf=0.02, door_bbox=(242,12,282,226)
[controller_server-12] [INFO] [1789537623.864907171] [controller_server]: Passing new path to controller.
[state_machine_node-28] [INFO] [1789537624.414871123] [state_machine_node]: Nav2 door goal position is near, but yaw is not ready yet: observed_blue_4p9_m1p9, dist=0.37m/0.38m, lateral=-0.08m/0.24m, yaw_error=92deg.
[door_detection_node-24] [INFO] [1789537624.777817754] [door_detection_node]: HSV handle observed: color=blue, pixel=(51,122), conf=0.09, door_bbox=(28,68,59,172)
[controller_server-12] [INFO] [1789537624.992265903] [controller_server]: Passing new path to controller.
[state_machine_node-28] [INFO] [1789537625.285605850] [state_machine_node]: Nav2 door goal position is near, but yaw is not ready yet: observed_blue_4p9_m1p9, dist=0.34m/0.38m, lateral=-0.10m/0.24m, yaw_error=96deg.
[door_detection_node-24] [INFO] [1789537625.890268374] [door_detection_node]: HSV handle observed: color=red, pixel=(276,122), conf=0.02, door_bbox=(271,3,316,237)
[state_machine_node-28] [INFO] [1789537626.094619176] [state_machine_node]: Nav2 door goal position is near, but yaw is not ready yet: observed_blue_4p9_m1p9, dist=0.33m/0.38m, lateral=-0.11m/0.24m, yaw_error=98deg.
[controller_server-12] [INFO] [1789537626.364963123] [controller_server]: Passing new path to controller.
[state_machine_node-28] [INFO] [1789537626.903417112] [state_machine_node]: Nav2 door goal position is near, but yaw is not ready yet: observed_blue_4p9_m1p9, dist=0.32m/0.38m, lateral=-0.11m/0.24m, yaw_error=100deg.
[controller_server-12] [INFO] [1789537627.614968089] [controller_server]: Passing new path to controller.
[state_machine_node-28] [INFO] [1789537627.676964161] [state_machine_node]: Nav2 door goal position is near, but yaw is not ready yet: observed_blue_4p9_m1p9, dist=0.31m/0.38m, lateral=-0.09m/0.24m, yaw_error=94deg.
[door_detection_node-24] [INFO] [1789537628.017487685] [door_detection_node]: HSV handle observed: color=blue, pixel=(50,122), conf=0.04, door_bbox=(25,66,54,173)
[state_machine_node-28] [INFO] [1789537628.366132129] [state_machine_node]: Blue candidate door_blue_471776 rejected: handle lateral 2.81m is outside wall band 2.20+0.35m.
[state_machine_node-28] [INFO] [1789537628.366906798] [state_machine_node]: Blue candidate door_blue_471776 recorded with door-body progress and observed wall side because its direct projection was center-biased or crossed the corridor.
[state_machine_node-28] [INFO] [1789537628.532118708] [state_machine_node]: Nav2 door goal position is near, but yaw is not ready yet: observed_blue_4p9_m1p9, dist=0.29m/0.38m, lateral=-0.06m/0.24m, yaw_error=82deg.
[controller_server-12] [INFO] [1789537628.864897544] [controller_server]: Passing new path to controller.
[door_detection_node-24] [INFO] [1789537629.117904660] [door_detection_node]: HSV handle observed: color=red, pixel=(188,122), conf=0.02, door_bbox=(183,16,218,220)
[state_machine_node-28] [INFO] [1789537629.322942099] [state_machine_node]: Nav2 door goal position is near, but yaw is not ready yet: observed_blue_4p9_m1p9, dist=0.29m/0.38m, lateral=-0.04m/0.24m, yaw_error=75deg.
[state_machine_node-28] [INFO] [1789537630.129551504] [state_machine_node]: Nav2 goal is close enough for fine door alignment: observed_blue_4p9_m1p9, dist=0.27m/0.38m, lateral=-0.02m/0.24m, yaw_error=70deg.
[state_machine_node-28] [INFO] [1789537630.130333104] [state_machine_node]: Nav2 goal cancellation requested before door fine alignment.
[state_machine_node-28] [INFO] [1789537630.131740450] [state_machine_node]: Fine door approach started: observed_blue_4p9_m1p9, dist=0.27m, lateral=-0.02m, forward=0.27m, yaw_error=70deg
[navigation_node-25] [INFO] [1789537630.133723418] [navigation_node]: Navigation cancellation requested for manual control handoff.
[state_machine_node-28] [INFO] [1789537630.137386532] [state_machine_node]: Fine door parking translation: observed_blue_4p9_m1p9, dist=0.27m/0.17m, heading_error=4deg, cmd=(0.07, -0.06)
[bt_navigator-16] [ERROR] [1789537630.192771577] [bt_navigator_navigate_to_pose_rclcpp_node]: Failed to get result for follow_path in node halt!
[bt_navigator-16] [INFO] [1789537630.192958102] [bt_navigator]: [navigate_to_pose] [ActionServer] Client requested to cancel the goal. Cancelling.
[bt_navigator-16] [INFO] [1789537630.193194858] [bt_navigator]: Goal canceled
[controller_server-12] [INFO] [1789537630.243382868] [controller_server]: Goal was canceled. Stopping the robot.
[controller_server-12] [INFO] [1789537630.243477944] [controller_server]: [follow_path] [ActionServer] Client requested to cancel the goal. Cancelling.
[door_detection_node-24] [INFO] [1789537630.263726680] [door_detection_node]: HSV handle observed: color=red, pixel=(156,122), conf=0.02, door_bbox=(151,17,186,219)
[door_detection_node-24] [INFO] [1789537631.527192280] [door_detection_node]: HSV handle observed: color=blue, pixel=(249,122), conf=0.16, door_bbox=(228,70,253,167)
[state_machine_node-28] [INFO] [1789537631.635473595] [state_machine_node]: 문 접근 목표 보정: door_blue_012c2b handle_axis=(10.27, 1.98) goal_axis=(10.27, 0.88) wall_axis=(10.27, 1.98) yaw=90deg
[state_machine_node-28] [INFO] [1789537631.792418749] [state_machine_node]: Fine door parking translation: observed_blue_4p9_m1p9, dist=0.20m/0.17m, heading_error=4deg, cmd=(0.07, -0.06)
[state_machine_node-28] [INFO] [1789537632.566211137] [state_machine_node]: Fine door final yaw alignment: observed_blue_4p9_m1p9, dist=0.16m/0.17m, yaw_error=67deg, cmd=(0.00, -0.25)
[door_detection_node-24] [INFO] [1789537633.083834891] [door_detection_node]: HSV handle observed: color=blue, pixel=(227,121), conf=0.11, door_bbox=(207,71,233,168)
[state_machine_node-28] [INFO] [1789537633.089995562] [state_machine_node]: 문 접근 목표 보정: door_blue_3382db handle_axis=(10.19, 1.94) goal_axis=(10.19, 0.84) wall_axis=(10.19, 1.94) yaw=90deg
[state_machine_node-28] [INFO] [1789537633.369147247] [state_machine_node]: Fine door final yaw alignment: observed_blue_4p9_m1p9, dist=0.16m/0.17m, yaw_error=62deg, cmd=(0.00, -0.25)
[door_detection_node-24] [INFO] [1789537634.465629317] [door_detection_node]: HSV handle observed: color=red, pixel=(93,122), conf=0.02, door_bbox=(89,10,125,228)
[state_machine_node-28] [INFO] [1789537634.706275905] [state_machine_node]: 문 접근 목표 보정: door_blue_3382db handle_axis=(9.99, 1.92) goal_axis=(9.99, 0.82) wall_axis=(9.99, 1.92) yaw=90deg
[door_detection_node-24] [INFO] [1789537634.871802334] [door_detection_node]: Handle camera-ray projection: pixel=(105,130), range=1.950m, z=0.708m
[state_machine_node-28] [INFO] [1789537634.876810809] [state_machine_node]: Blue candidate door_blue_471776 rejected: handle lateral 2.81m is outside wall band 2.20+0.35m.
[state_machine_node-28] [INFO] [1789537634.877742120] [state_machine_node]: Blue candidate door_blue_471776 recorded with door-body progress and observed wall side because its direct projection was center-biased or crossed the corridor.
[state_machine_node-28] [INFO] [1789537634.878902574] [state_machine_node]: 문 접근 목표 보정: door_blue_8ae1c7 handle_axis=(4.60, -2.69) goal_axis=(4.60, -0.95) wall_axis=(4.60, -2.20) yaw=-90deg
[state_machine_node-28] [INFO] [1789537634.961450809] [state_machine_node]: Fine door final yaw alignment: observed_blue_4p9_m1p9, dist=0.17m/0.17m, yaw_error=53deg, cmd=(0.00, -0.25)
[door_detection_node-24] [INFO] [1789537635.503914715] [door_detection_node]: HSV handle observed: color=red, pixel=(64,122), conf=0.02, door_bbox=(61,7,96,231)
[state_machine_node-28] [INFO] [1789537635.772954635] [state_machine_node]: Fine door final yaw alignment: observed_blue_4p9_m1p9, dist=0.17m/0.17m, yaw_error=48deg, cmd=(0.00, -0.25)
[state_machine_node-28] [INFO] [1789537636.319402175] [state_machine_node]: 문 접근 목표 보정: door_blue_1d2afb handle_axis=(10.07, 1.96) goal_axis=(10.07, 0.86) wall_axis=(10.07, 1.96) yaw=90deg
[state_machine_node-28] [INFO] [1789537636.691546797] [state_machine_node]: Fine door final yaw alignment: observed_blue_4p9_m1p9, dist=0.17m/0.17m, yaw_error=44deg, cmd=(0.00, -0.25)
[door_detection_node-24] [INFO] [1789537637.587474416] [door_detection_node]: HSV handle observed: color=red, pixel=(8,123), conf=0.03, door_bbox=(2,2,47,239)
[state_machine_node-28] [INFO] [1789537637.602921714] [state_machine_node]: Fine door final yaw alignment: observed_blue_4p9_m1p9, dist=0.17m/0.17m, yaw_error=40deg, cmd=(0.00, -0.25)
[state_machine_node-28] [INFO] [1789537638.075944601] [state_machine_node]: 문 접근 목표 보정: door_blue_1d2afb handle_axis=(10.11, 2.03) goal_axis=(10.11, 0.93) wall_axis=(10.11, 2.03) yaw=90deg
[state_machine_node-28] [INFO] [1789537638.519079049] [state_machine_node]: Fine door final yaw alignment: observed_blue_4p9_m1p9, dist=0.17m/0.17m, yaw_error=35deg, cmd=(0.00, -0.25)
[door_detection_node-24] [INFO] [1789537639.302004102] [door_detection_node]: HSV handle observed: color=blue, pixel=(84,122), conf=0.11, door_bbox=(64,68,91,171)
[state_machine_node-28] [INFO] [1789537639.309553056] [state_machine_node]: 문 접근 목표 보정: door_blue_5b649a handle_axis=(9.97, 1.96) goal_axis=(9.97, 0.86) wall_axis=(9.97, 1.96) yaw=90deg
[state_machine_node-28] [INFO] [1789537639.836110923] [state_machine_node]: Blue candidate door_blue_471776 rejected: handle lateral 2.66m is outside wall band 2.20+0.35m.
[state_machine_node-28] [INFO] [1789537639.836906839] [state_machine_node]: Blue candidate door_blue_471776 recorded with door-body progress and observed wall side because its direct projection was center-biased or crossed the corridor.
[state_machine_node-28] [INFO] [1789537639.838026873] [state_machine_node]: 문 접근 목표 보정: door_blue_5490f1 handle_axis=(4.55, -2.66) goal_axis=(4.55, -0.95) wall_axis=(4.55, -2.20) yaw=-90deg
[state_machine_node-28] [INFO] [1789537640.078780444] [state_machine_node]: Fine door final yaw alignment: observed_blue_4p9_m1p9, dist=0.16m/0.17m, yaw_error=26deg, cmd=(0.00, -0.25)
[state_machine_node-28] [INFO] [1789537640.407646233] [state_machine_node]: 문 접근 목표 보정: door_blue_471776_2 handle_axis=(5.00, -5.53) goal_axis=(5.00, -0.95) wall_axis=(5.00, -2.20) yaw=-90deg
[door_detection_node-24] [INFO] [1789537640.850922533] [door_detection_node]: HSV handle observed: color=blue, pixel=(39,122), conf=0.14, door_bbox=(8,62,42,178)
[state_machine_node-28] [INFO] [1789537640.891626881] [state_machine_node]: Fine door final yaw alignment: observed_blue_4p9_m1p9, dist=0.15m/0.17m, yaw_error=21deg, cmd=(0.00, -0.25)
[state_machine_node-28] [INFO] [1789537640.958578894] [state_machine_node]: 문 접근 목표 보정: door_blue_5b649a handle_axis=(9.82, 1.94) goal_axis=(9.82, 0.84) wall_axis=(9.82, 1.94) yaw=90deg
[state_machine_node-28] [INFO] [1789537641.486730148] [state_machine_node]: 문 접근 목표 보정: door_blue_471776 handle_axis=(4.88, -5.47) goal_axis=(4.88, -0.95) wall_axis=(4.88, -2.20) yaw=-90deg
[state_machine_node-28] [INFO] [1789537641.740737121] [state_machine_node]: Fine door final yaw alignment: observed_blue_4p9_m1p9, dist=0.14m/0.17m, yaw_error=15deg, cmd=(0.00, -0.20)
[state_machine_node-28] [INFO] [1789537641.751869299] [state_machine_node]: 문 접근 목표 보정: door_blue_104aca handle_axis=(4.46, -2.61) goal_axis=(4.46, -0.95) wall_axis=(4.46, -2.20) yaw=-90deg
[state_machine_node-28] [INFO] [1789537642.284482208] [state_machine_node]: 문 접근 목표 보정: door_blue_c17d46 handle_axis=(5.00, -2.78) goal_axis=(5.00, -0.95) wall_axis=(5.00, -2.20) yaw=-90deg
[door_detection_node-24] [INFO] [1789537642.521457848] [door_detection_node]: HSV handle observed: color=red, pixel=(199,122), conf=0.02, door_bbox=(194,4,234,233)
[state_machine_node-28] [INFO] [1789537642.573730729] [state_machine_node]: Fine door final yaw alignment: observed_blue_4p9_m1p9, dist=0.14m/0.17m, yaw_error=11deg, cmd=(0.00, -0.14)
[state_machine_node-28] [INFO] [1789537643.210387069] [state_machine_node]: Blue candidate door_blue_471776 recorded with door-body progress and observed wall side because its direct projection was center-biased or crossed the corridor.
[state_machine_node-28] [INFO] [1789537643.211587873] [state_machine_node]: 문 접근 목표 보정: door_blue_104aca handle_axis=(4.30, -2.52) goal_axis=(4.30, -0.95) wall_axis=(4.30, -2.20) yaw=-90deg
[state_machine_node-28] [INFO] [1789537643.213093709] [state_machine_node]: 문 접근 목표 보정: door_blue_104aca handle_axis=(4.30, -2.52) goal_axis=(4.30, -0.95) wall_axis=(4.30, -2.20) yaw=-90deg
[state_machine_node-28] [INFO] [1789537643.214462119] [state_machine_node]: 문 접근 목표 보정: door_blue_104aca handle_axis=(4.30, -2.52) goal_axis=(4.30, -0.95) wall_axis=(4.30, -2.20) yaw=-90deg
[state_machine_node-28] [INFO] [1789537643.353462747] [state_machine_node]: Blue candidate door_blue_471776 rejected: handle lateral 2.77m is outside wall band 2.20+0.35m.
[state_machine_node-28] [INFO] [1789537643.356846480] [state_machine_node]: 문 접근 목표 보정: door_blue_c17d46 handle_axis=(4.94, -2.77) goal_axis=(4.94, -0.95) wall_axis=(4.94, -2.20) yaw=-90deg
[state_machine_node-28] [INFO] [1789537643.391659321] [state_machine_node]: Fine door approach accepted for manipulation verification: observed_blue_4p9_m1p9, dist=0.13m/0.24m, lateral=0.09m/0.18m, yaw_error=7deg/10deg.
[state_machine_node-28] [INFO] [1789537643.392396388] [state_machine_node]: 문 앞 정렬 완료. 2.8s 정지 후 개방합니다.
[door_detection_node-24] [INFO] [1789537644.142969865] [door_detection_node]: HSV handle observed: color=red, pixel=(179,122), conf=0.02, door_bbox=(175,7,209,232)
[state_machine_node-28] [INFO] [1789537644.315771325] [state_machine_node]: 문 접근 목표 보정: door_blue_c17d46 handle_axis=(4.91, -2.76) goal_axis=(4.91, -0.95) wall_axis=(4.91, -2.20) yaw=-90deg
[state_machine_node-28] [INFO] [1789537644.718838849] [state_machine_node]: 문 접근 목표 보정: door_blue_104aca handle_axis=(4.28, -2.50) goal_axis=(4.28, -0.95) wall_axis=(4.28, -2.20) yaw=-90deg
[state_machine_node-28] [INFO] [1789537644.719659055] [state_machine_node]: 문 접근 목표 보정: door_blue_104aca handle_axis=(4.28, -2.50) goal_axis=(4.28, -0.95) wall_axis=(4.28, -2.20) yaw=-90deg
[state_machine_node-28] [INFO] [1789537644.721011679] [state_machine_node]: 문 접근 목표 보정: door_blue_104aca handle_axis=(4.28, -2.50) goal_axis=(4.28, -0.95) wall_axis=(4.28, -2.20) yaw=-90deg
[state_machine_node-28] [INFO] [1789537645.271278004] [state_machine_node]: 문 접근 목표 보정: door_blue_c17d46 handle_axis=(4.91, -2.76) goal_axis=(4.91, -0.95) wall_axis=(4.91, -2.20) yaw=-90deg
[door_detection_node-24] [INFO] [1789537645.746332821] [door_detection_node]: HSV handle observed: color=red, pixel=(179,122), conf=0.02, door_bbox=(175,7,209,232)
[state_machine_node-28] [INFO] [1789537646.267812162] [state_machine_node]: Blue candidate door_blue_471776 recorded with door-body progress and observed wall side because its direct projection was center-biased or crossed the corridor.
[state_machine_node-28] [INFO] [1789537646.269706833] [state_machine_node]: 문 접근 목표 보정: door_blue_104aca handle_axis=(4.28, -2.50) goal_axis=(4.28, -0.95) wall_axis=(4.28, -2.20) yaw=-90deg
[state_machine_node-28] [INFO] [1789537646.272040283] [state_machine_node]: 문 접근 목표 보정: door_blue_104aca handle_axis=(4.28, -2.50) goal_axis=(4.28, -0.95) wall_axis=(4.28, -2.20) yaw=-90deg
[state_machine_node-28] [INFO] [1789537646.276849488] [state_machine_node]: 문 접근 목표 보정: door_blue_104aca handle_axis=(4.28, -2.50) goal_axis=(4.28, -0.95) wall_axis=(4.28, -2.20) yaw=-90deg
[state_machine_node-28] [INFO] [1789537646.428179891] [state_machine_node]: Blue candidate door_blue_471776 rejected: handle lateral 2.76m is outside wall band 2.20+0.35m.
[state_machine_node-28] [INFO] [1789537646.429211328] [state_machine_node]: 문 접근 목표 보정: door_blue_c17d46 handle_axis=(4.91, -2.76) goal_axis=(4.91, -0.95) wall_axis=(4.91, -2.20) yaw=-90deg
[door_detection_node-24] [INFO] [1789537647.335771020] [door_detection_node]: HSV handle observed: color=red, pixel=(179,122), conf=0.02, door_bbox=(175,7,209,232)
[state_machine_node-28] [INFO] [1789537647.615259613] [state_machine_node]: 문 접근 목표 보정: door_blue_c17d46 handle_axis=(4.91, -2.76) goal_axis=(4.91, -0.95) wall_axis=(4.91, -2.20) yaw=-90deg
[state_machine_node-28] [INFO] [1789537647.726545367] [state_machine_node]: 문 접근 목표 보정: door_blue_104aca handle_axis=(4.28, -2.50) goal_axis=(4.28, -0.95) wall_axis=(4.28, -2.20) yaw=-90deg
[state_machine_node-28] [INFO] [1789537647.738073637] [state_machine_node]: 문 접근 목표 보정: door_blue_104aca handle_axis=(4.28, -2.50) goal_axis=(4.28, -0.95) wall_axis=(4.28, -2.20) yaw=-90deg
[state_machine_node-28] [INFO] [1789537647.739379224] [state_machine_node]: 문 접근 목표 보정: door_blue_104aca handle_axis=(4.28, -2.50) goal_axis=(4.28, -0.95) wall_axis=(4.28, -2.20) yaw=-90deg
[state_machine_node-28] [INFO] [1789537648.149787188] [state_machine_node]: 파란 문 후보 cluster@(3.2, -2.2) 제외: 최근 관찰된 빨간 문 위치 (4.6, -1.7)와 겹칩니다.
[state_machine_node-28] [INFO] [1789537648.153868035] [state_machine_node]: Observed blue target observed_blue_4p9_m1p9 accepted for opening from recheckable mapped wall memory after close alignment (count=51, conf=1.00, progress_gap=0.21m, lateral_gap=0.29m).
[state_machine_node-28] [INFO] [1789537648.155391377] [state_machine_node]: Blue candidate door_blue_471776 cannot confirm opening: current camera ray is outside the frontal manipulation workspace.
[state_machine_node-28] [INFO] [1789537648.163441048] [state_machine_node]: State: NAVIGATING → OPENING_DOOR
[door_detection_node-24] [INFO] [1789537648.904588494] [door_detection_node]: HSV handle observed: color=red, pixel=(179,122), conf=0.02, door_bbox=(175,7,209,232)
[state_machine_node-28] [INFO] [1789537648.931527698] [state_machine_node]: 문 개방 요청 손잡이: id=observed_blue_4p9_m1p9__axis_p5p43_m1p97, method=yolo:primary:item, conf=0.48, frame=map, pos=(2.433,-1.974,0.819)
[manipulation_node-26] [INFO] [1789537648.957908138] [manipulation_node]: Open door request: id=observed_blue_4p9_m1p9__axis_p5p43_m1p97, handle_method=yolo:primary:item, handle_detected=True, handle_conf=0.48
[manipulation_node-26] [INFO] [1789537648.973926958] [manipulation_node]: Manipulation phase: LOCALIZE_HANDLE:observed_blue_4p9_m1p9__axis_p5p43_m1p97
[manipulation_node-26] [INFO] [1789537649.000781467] [manipulation_node]: Transformed handle_position map -> base_link: (1.117, -0.044, 0.721)
[manipulation_node-26] [INFO] [1789537649.017085541] [manipulation_node]: Manipulation phase: PRE_GRASP:observed_blue_4p9_m1p9__axis_p5p43_m1p97
[manipulation_node-26] [INFO] [1789537649.030206445] [manipulation_node]: Step 1/4: Moving to pre-grasp position
[manipulation_node-26] [INFO] [1789537649.030634449] [manipulation_node]:   [SIM] Pre-grasp at (0.997, -0.044, 0.721)
[manipulation_node-26] [INFO] [1789537649.036498800] [manipulation_node]:   [SIM] Arm target stage=pre_grasp: joint1=-0.07, joint2=0.99, joint3=-0.11, joint4=0.00, joint5=0.00, joint6=0.00
[state_machine_node-28] [INFO] [1789537649.465121324] [state_machine_node]: Blue candidate door_blue_471776 recorded with door-body progress and observed wall side because its direct projection was center-biased or crossed the corridor.
[state_machine_node-28] [INFO] [1789537649.743866184] [state_machine_node]: Blue candidate door_blue_471776 rejected: handle lateral 2.76m is outside wall band 2.20+0.35m.
[manipulation_node-26] [INFO] [1789537650.073170460] [manipulation_node]: Manipulation phase: GRASP_HANDLE:observed_blue_4p9_m1p9__axis_p5p43_m1p97
[manipulation_node-26] [INFO] [1789537650.088158981] [manipulation_node]: Step 2/4: Grasping handle
[manipulation_node-26] [INFO] [1789537650.088772695] [manipulation_node]:   [SIM] Gripper closing
[manipulation_node-26] [INFO] [1789537650.089408119] [manipulation_node]:   [SIM] Arm target stage=grasp: joint1=-0.07, joint2=0.99, joint3=-0.11, joint4=0.00, joint5=0.00, joint6=0.00
[door_detection_node-24] [INFO] [1789537650.520249893] [door_detection_node]: HSV handle observed: color=red, pixel=(179,122), conf=0.02, door_bbox=(175,7,209,232)
[manipulation_node-26] [INFO] [1789537651.128978540] [manipulation_node]: Manipulation phase: PRESS_HANDLE:observed_blue_4p9_m1p9__axis_p5p43_m1p97
[manipulation_node-26] [INFO] [1789537651.139476041] [manipulation_node]: Step 3/5: Pressing lever handle
[manipulation_node-26] [INFO] [1789537651.140094126] [manipulation_node]:   [SIM] Pressing lever down 0.070m before push
[manipulation_node-26] [INFO] [1789537651.148327111] [manipulation_node]:   [SIM] Arm target stage=press: joint1=-0.07, joint2=1.06, joint3=-0.11, joint4=0.00, joint5=0.00, joint6=0.00
[door_detection_node-24] [INFO] [1789537652.064846795] [door_detection_node]: HSV handle observed: color=red, pixel=(179,122), conf=0.02, door_bbox=(175,7,209,232)
[manipulation_node-26] [INFO] [1789537652.193142895] [manipulation_node]: Manipulation phase: PUSH_OPEN:observed_blue_4p9_m1p9__axis_p5p43_m1p97
[manipulation_node-26] [INFO] [1789537652.201930677] [manipulation_node]: Step 4/5: Pushing door open
[manipulation_node-26] [INFO] [1789537652.210926477] [manipulation_node]:   [SIM] Holding the pressed handle while the base opens the hinged Gazebo door 2.09rad
[manipulation_node-26] [INFO] [1789537652.211437802] [manipulation_node]:   [SIM] Arm target stage=push: joint1=-0.07, joint2=0.99, joint3=-0.11, joint4=0.00, joint5=0.00, joint6=0.00
[manipulation_node-26] [INFO] [1789537652.241936382] [manipulation_node]:   [SIM] Matched observed door observed_blue_4p9_m1p9__axis_p5p43_m1p97 to /fire_robot/door/blue/x200/yn186/sp/cmd (distance=0.07m, score=0.005, source=map_handle, match=(2.43,-1.97))
[manipulation_node-26] [INFO] [1789537652.242625404] [manipulation_node]:   [SIM] Gazebo door topic=/fire_robot/door/blue/x200/yn186/sp/cmd, target_angle=-2.094
[state_machine_node-28] [INFO] [1789537652.562796550] [state_machine_node]: Blue candidate door_blue_471776 recorded with door-body progress and observed wall side because its direct projection was center-biased or crossed the corridor.
[state_machine_node-28] [INFO] [1789537652.953720801] [state_machine_node]: Blue candidate door_blue_471776 rejected: handle lateral 2.76m is outside wall band 2.20+0.35m.
[door_detection_node-24] [INFO] [1789537654.078840318] [door_detection_node]: HSV handle observed: color=red, pixel=(179,122), conf=0.02, door_bbox=(175,7,209,232)
[door_detection_node-24] [INFO] [1789537654.203407862] [door_detection_node]: YOLO handle observed (primary): pixel=(198,129), conf=0.27, bbox=(157, 113, 239, 145)
[door_detection_node-24] [INFO] [1789537654.207771421] [door_detection_node]: Handle camera-ray projection: pixel=(198,129), range=1.021m, z=0.750m
[state_machine_node-28] [INFO] [1789537654.211538458] [state_machine_node]: Blue candidate door_blue_471776 recorded at camera-ray intersection with the observed corridor wall.
[door_detection_node-24] [INFO] [1789537655.403427468] [door_detection_node]: HSV handle observed: color=red, pixel=(179,122), conf=0.02, door_bbox=(175,7,209,232)
[door_detection_node-24] [INFO] [1789537655.713388570] [door_detection_node]: YOLO handle observed (primary): pixel=(270,127), conf=0.71, bbox=(240, 113, 300, 141)
[door_detection_node-24] [INFO] [1789537655.716028149] [door_detection_node]: Handle camera-ray projection: pixel=(270,127), range=1.643m, z=0.745m
[door_detection_node-24] [INFO] [1789537656.994492449] [door_detection_node]: HSV handle observed: color=red, pixel=(179,122), conf=0.02, door_bbox=(175,7,209,232)
[manipulation_node-26] [INFO] [1789537657.110184521] [manipulation_node]:   [SIM] Door model feedback verified: topic=/fire_robot/door/blue/x200/yn186/sp/cmd, model=door_blue1, angle=-2.1000, target=-2.0944
[manipulation_node-26] [INFO] [1789537658.132241201] [manipulation_node]: Manipulation phase: RELEASE_HANDLE:observed_blue_4p9_m1p9__axis_p5p43_m1p97
[manipulation_node-26] [INFO] [1789537658.137622312] [manipulation_node]: Releasing the lever before arm recovery and base backoff
[door_detection_node-24] [INFO] [1789537658.604523145] [door_detection_node]: HSV handle observed: color=red, pixel=(179,122), conf=0.02, door_bbox=(175,7,209,232)
[manipulation_node-26] [INFO] [1789537659.170049406] [manipulation_node]: Manipulation phase: RETURN_HOME:observed_blue_4p9_m1p9__axis_p5p43_m1p97
[manipulation_node-26] [INFO] [1789537659.180463793] [manipulation_node]: Step 5/5: Returning to home position
[manipulation_node-26] [INFO] [1789537659.192473589] [manipulation_node]:   [SIM] Returning to home position
[manipulation_node-26] [INFO] [1789537659.221777594] [manipulation_node]:   [SIM] Arm target stage=home: joint1=0.00, joint2=0.00, joint3=0.00, joint4=0.00, joint5=0.00, joint6=0.00
[door_detection_node-24] [INFO] [1789537659.967510392] [door_detection_node]: HSV handle observed: color=red, pixel=(179,122), conf=0.02, door_bbox=(175,7,209,232)
[door_detection_node-24] [INFO] [1789537661.690301913] [door_detection_node]: HSV handle observed: color=red, pixel=(179,122), conf=0.02, door_bbox=(175,7,209,232)
[manipulation_node-26] [INFO] [1789537662.056610320] [manipulation_node]:   [SIM] Arm home verified by joint feedback: max_error=0.056rad
[manipulation_node-26] [INFO] [1789537662.074404896] [manipulation_node]: Manipulation phase: POST_OPEN_BACKOFF:observed_blue_4p9_m1p9__axis_p5p43_m1p97
[manipulation_node-26] [INFO] [1789537662.094145164] [manipulation_node]: Backing away from opened door with limited micro reverse
[door_detection_node-24] [INFO] [1789537663.354179735] [door_detection_node]: HSV handle observed: color=red, pixel=(179,122), conf=0.02, door_bbox=(175,8,209,232)
[manipulation_node-26] [INFO] [1789537664.354937667] [manipulation_node]: Manipulation phase: COMPLETE:observed_blue_4p9_m1p9__axis_p5p43_m1p97
[state_machine_node-28] [INFO] [1789537664.362096674] [state_machine_node]: 열린 파란 문 재관측 후보 1개 정리. 다음 목표 선택에서 제외합니다.
[state_machine_node-28] [INFO] [1789537664.362610090] [state_machine_node]: 문 개방 성공: observed_blue_4p9_m1p9  누적 개방: 1개
[state_machine_node-28] [INFO] [1789537664.363313080] [state_machine_node]: State: OPENING_DOOR → DOOR_OPENED
[state_machine_node-28] [INFO] [1789537664.508257576] [state_machine_node]: 다음 파란 문 탐색 시작 (개방 완료: 1개)
[state_machine_node-28] [INFO] [1789537664.508901019] [state_machine_node]: State: DOOR_OPENED → EXPLORING
[door_detection_node-24] [INFO] [1789537664.952674170] [door_detection_node]: HSV handle observed: color=red, pixel=(182,122), conf=0.02, door_bbox=(178,5,218,233)
[state_machine_node-28] [INFO] [1789537665.322143581] [state_machine_node]: Post-open side retreat started: lateral=-0.82m, target_abs=0.48m.
[state_machine_node-28] [INFO] [1789537665.322935635] [state_machine_node]: Post-open side retreat: lateral=-0.82m, moved=0.00/1.10m, yaw_error=173deg, cmd=(0.00, 0.50)
[door_detection_node-24] [INFO] [1789537666.564342138] [door_detection_node]: HSV handle observed: color=blue, pixel=(40,122), conf=0.15, door_bbox=(11,63,43,178)
[state_machine_node-28] [INFO] [1789537666.994274865] [state_machine_node]: Post-open side retreat: lateral=-0.82m, moved=0.00/1.10m, yaw_error=152deg, cmd=(0.00, 0.50)
[door_detection_node-24] [INFO] [1789537668.429106956] [door_detection_node]: HSV handle observed: color=red, pixel=(12,123), conf=0.04, door_bbox=(6,3,48,238)
[state_machine_node-28] [INFO] [1789537668.810777857] [state_machine_node]: Post-open side retreat: lateral=-0.82m, moved=0.00/1.10m, yaw_error=134deg, cmd=(0.00, 0.50)
[door_detection_node-24] [INFO] [1789537669.500199245] [door_detection_node]: HSV handle observed: color=blue, pixel=(174,121), conf=0.13, door_bbox=(156,73,179,167)
[state_machine_node-28] [INFO] [1789537669.962520671] [state_machine_node]: Blue candidate door_blue_15b42d ignored: physical/opened door station already handled nearby at (1.00, -2.29).
[state_machine_node-28] [INFO] [1789537670.530414305] [state_machine_node]: Post-open side retreat: lateral=-0.83m, moved=0.00/1.10m, yaw_error=116deg, cmd=(0.00, 0.50)
[door_detection_node-24] [INFO] [1789537670.723215288] [door_detection_node]: HSV handle observed: color=red, pixel=(131,122), conf=0.02, door_bbox=(127,12,161,224)
[state_machine_node-28] [INFO] [1789537672.245238839] [state_machine_node]: Post-open side retreat: lateral=-0.87m, moved=0.00/1.10m, yaw_error=93deg, cmd=(0.00, 0.50)
[door_detection_node-24] [INFO] [1789537672.676583767] [door_detection_node]: HSV handle observed: color=blue, pixel=(36,122), conf=0.15, door_bbox=(8,63,39,176)
[door_detection_node-24] [INFO] [1789537673.823046051] [door_detection_node]: HSV handle observed: color=blue, pixel=(108,121), conf=0.10, door_bbox=(88,72,115,170)
[state_machine_node-28] [INFO] [1789537673.901144210] [state_machine_node]: Post-open side retreat: lateral=-0.92m, moved=0.00/1.10m, yaw_error=70deg, cmd=(0.00, 0.50)
[state_machine_node-28] [INFO] [1789537675.531357643] [state_machine_node]: Post-open side retreat: lateral=-0.94m, moved=0.00/1.10m, yaw_error=51deg, cmd=(0.00, 0.50)
[door_detection_node-24] [INFO] [1789537675.998965019] [door_detection_node]: HSV handle observed: color=red, pixel=(106,122), conf=0.02, door_bbox=(102,8,138,229)
[state_machine_node-28] [INFO] [1789537677.280600710] [state_machine_node]: Post-open side retreat: lateral=-0.94m, moved=0.00/1.10m, yaw_error=34deg, cmd=(0.00, 0.50)
[door_detection_node-24] [INFO] [1789537677.472782797] [door_detection_node]: HSV handle observed: color=red, pixel=(184,122), conf=0.02, door_bbox=(181,5,219,230)
[door_detection_node-24] [INFO] [1789537678.876990760] [door_detection_node]: HSV handle observed: color=blue, pixel=(48,122), conf=0.13, door_bbox=(21,62,52,179)
[state_machine_node-28] [INFO] [1789537679.022043044] [state_machine_node]: Post-open side retreat: lateral=-0.94m, moved=0.00/1.10m, yaw_error=14deg, cmd=(0.00, 0.50)
[state_machine_node-28] [INFO] [1789537680.660606490] [state_machine_node]: Post-open side retreat: lateral=-0.87m, moved=0.00/1.10m, yaw_error=0deg, cmd=(0.18, 0.00)
[state_machine_node-28] [INFO] [1789537682.270523314] [state_machine_node]: Post-open side retreat: lateral=-0.69m, moved=0.13/1.10m, yaw_error=0deg, cmd=(0.18, 0.00)
[state_machine_node-28] [INFO] [1789537683.926637217] [state_machine_node]: Post-open side retreat: lateral=-0.51m, moved=0.31/1.10m, yaw_error=0deg, cmd=(0.18, 0.00)
[state_machine_node-28] [INFO] [1789537684.733970895] [state_machine_node]: Post-open side retreat complete: lateral=0.42m <= target=0.48m
[state_machine_node-28] [INFO] [1789537684.808298469] [state_machine_node]: 문 접근 목표 보정: observed_blue_9p2_1p4 handle_axis=(9.16, 1.38) goal_axis=(9.16, 0.80) wall_axis=(9.16, 1.90) yaw=90deg
[state_machine_node-28] [INFO] [1789537684.810555521] [state_machine_node]: 문 접근 목표 보정: observed_blue_10p2_2p1 handle_axis=(10.23, 2.07) goal_axis=(10.23, 0.95) wall_axis=(10.23, 2.07) yaw=90deg
[state_machine_node-28] [INFO] [1789537684.824099716] [state_machine_node]: 문 접근 목표 보정: observed_blue_9p2_1p4 handle_axis=(9.16, 1.38) goal_axis=(9.16, 0.80) wall_axis=(9.16, 1.90) yaw=90deg
[state_machine_node-28] [INFO] [1789537684.833874854] [state_machine_node]: 문 접근 목표 보정: observed_blue_10p2_2p1 handle_axis=(10.23, 2.07) goal_axis=(10.23, 0.95) wall_axis=(10.23, 2.07) yaw=90deg
[state_machine_node-28] [INFO] [1789537684.835161064] [state_machine_node]: Nav2 목표 전송: 시작 heading 차이는 Nav2 회전 제어로 처리 (heading_error=90deg)
[state_machine_node-28] [INFO] [1789537684.836137033] [state_machine_node]: 문 접근 목표 보정: observed_blue_9p2_1p4 handle_axis=(9.16, 1.38) goal_axis=(9.16, 0.80) wall_axis=(9.16, 1.90) yaw=90deg
[state_machine_node-28] [INFO] [1789537684.838641254] [state_machine_node]: 문 접근 목표 보정: observed_blue_10p2_2p1 handle_axis=(10.23, 2.07) goal_axis=(10.23, 0.95) wall_axis=(10.23, 2.07) yaw=90deg
[state_machine_node-28] [WARN] [1789537684.844186428] [state_machine_node]: Blue target observed_blue_9p2_1p4 retained for revisit: stable unopened blue memory must be checked before exit even when it is behind the farthest opened station.
[state_machine_node-28] [INFO] [1789537684.851184750] [state_machine_node]: 문 접근 목표 보정: observed_blue_9p2_1p4 handle_axis=(9.16, 1.38) goal_axis=(9.16, 0.80) wall_axis=(9.16, 1.90) yaw=90deg
[state_machine_node-28] [INFO] [1789537684.853489830] [state_machine_node]: 문 접근 목표 보정: observed_blue_9p2_1p4 handle_axis=(9.16, 1.90) goal_axis=(9.16, 0.80) wall_axis=(9.16, 1.90) yaw=90deg
[state_machine_node-28] [INFO] [1789537684.855146636] [state_machine_node]: LiDAR+camera segment map 사전 스캔 시작: observed_blue_9p2_1p4
[door_detection_node-24] [INFO] [1789537685.170876169] [door_detection_node]: HSV handle observed: color=blue, pixel=(148,122), conf=0.13, door_bbox=(130,69,153,172)
[state_machine_node-28] [INFO] [1789537685.649305734] [state_machine_node]: 문 접근 목표 보정: observed_blue_9p2_1p4 handle_axis=(9.16, 1.38) goal_axis=(9.16, 0.80) wall_axis=(9.16, 1.90) yaw=90deg
[state_machine_node-28] [INFO] [1789537685.650498502] [state_machine_node]: 문 접근 목표 보정: observed_blue_10p2_2p1 handle_axis=(10.23, 2.07) goal_axis=(10.23, 0.95) wall_axis=(10.23, 2.07) yaw=90deg
[state_machine_node-28] [INFO] [1789537686.527067564] [state_machine_node]: 문 접근 목표 보정: observed_blue_9p2_1p4 handle_axis=(9.16, 1.38) goal_axis=(9.16, 0.80) wall_axis=(9.16, 1.90) yaw=90deg
[state_machine_node-28] [INFO] [1789537686.529235509] [state_machine_node]: 문 접근 목표 보정: observed_blue_10p2_2p1 handle_axis=(10.23, 2.07) goal_axis=(10.23, 0.95) wall_axis=(10.23, 2.07) yaw=90deg
[door_detection_node-24] [INFO] [1789537686.785201351] [door_detection_node]: HSV handle observed: color=blue, pixel=(148,122), conf=0.13, door_bbox=(130,69,153,172)
[state_machine_node-28] [INFO] [1789537687.503347737] [state_machine_node]: 문 접근 목표 보정: observed_blue_9p2_1p4 handle_axis=(9.16, 1.38) goal_axis=(9.16, 0.80) wall_axis=(9.16, 1.90) yaw=90deg
[state_machine_node-28] [INFO] [1789537687.509172858] [state_machine_node]: 문 접근 목표 보정: observed_blue_10p2_2p1 handle_axis=(10.23, 2.07) goal_axis=(10.23, 0.95) wall_axis=(10.23, 2.07) yaw=90deg
[state_machine_node-28] [INFO] [1789537687.511398332] [state_machine_node]: 사전 스캔 완료. Nav2가 segment map 기반 경로를 계획합니다: observed_blue_9p2_1p4
[state_machine_node-28] [INFO] [1789537687.542518794] [state_machine_node]: Locked blue target after pre-scan: observed_blue_9p2_1p4 opened=1 retry=0/2
[state_machine_node-28] [INFO] [1789537687.543286136] [state_machine_node]: State: EXPLORING → NAVIGATING
[navigation_node-25] [INFO] [1789537687.545373916] [navigation_node]: Navigation goal received: door observed_blue_9p2_1p4 (color=blue, frame=map, x=6.16, y=0.80)
[bt_navigator-16] [INFO] [1789537687.659302253] [bt_navigator]: Begin navigating from current location (2.35, -0.42) to (6.16, 0.80)
[navigation_node-25] [INFO] [1789537687.661689122] [navigation_node]: Navigation goal accepted by Nav2
[controller_server-12] [INFO] [1789537687.861834304] [controller_server]: Received a goal, begin computing control effort.
[door_detection_node-24] [INFO] [1789537688.316504781] [door_detection_node]: HSV handle observed: color=blue, pixel=(148,122), conf=0.13, door_bbox=(130,69,153,172)
[state_machine_node-28] [INFO] [1789537688.329684208] [state_machine_node]: 문 접근 목표 보정: door_blue_a6ed9f handle_axis=(9.98, 1.70) goal_axis=(9.98, 0.80) wall_axis=(9.98, 1.90) yaw=90deg
[state_machine_node-28] [INFO] [1789537688.333216646] [state_machine_node]: 문 접근 목표 보정: door_blue_a6ed9f handle_axis=(9.98, 1.70) goal_axis=(9.98, 0.80) wall_axis=(9.98, 1.90) yaw=90deg
[state_machine_node-28] [WARN] [1789537688.334040708] [state_machine_node]: Locked blue target refined from newer observation: observed_blue_9p2_1p4 -> observed_blue_9p2_1p4, goal shift=0.81m, identity=(6.16,1.90) -> (6.98,1.70)
[navigation_node-25] [INFO] [1789537688.335825409] [navigation_node]: Navigation goal received: door observed_blue_9p2_1p4 (color=blue, frame=map, x=6.98, y=0.80)
[navigation_node-25] [WARN] [1789537688.336722988] [navigation_node]: Already navigating. Preempting current goal without an explicit stop before retargeting to: observed_blue_9p2_1p4
[state_machine_node-28] [WARN] [1789537688.419013757] [state_machine_node]: Fine alignment blocked by costmap: occupied, inscribed, unknown or out-of-map approach segment; retaining Nav2/reobservation.
[navigation_node-25] [INFO] [1789537688.469593347] [navigation_node]: Navigation goal accepted by Nav2
[bt_navigator-16] [INFO] [1789537688.559625435] [bt_navigator]: Received goal preemption request
[bt_navigator-16] [INFO] [1789537688.560968263] [bt_navigator]: Begin navigating from current location (2.35, -0.42) to (6.98, 0.80)
[controller_server-12] [INFO] [1789537689.116273835] [controller_server]: Passing new path to controller.
[state_machine_node-28] [INFO] [1789537690.011333231] [state_machine_node]: Observed blue cluster id mapping for observed_blue_9p2_1p4 ignored: mapped cluster drifted away from the current wall/handle target.
[state_machine_node-28] [INFO] [1789537690.014415584] [state_machine_node]: 문 접근 목표 보정: door_blue_a6ed9f handle_axis=(10.01, 1.68) goal_axis=(10.01, 0.80) wall_axis=(10.01, 1.90) yaw=90deg
[state_machine_node-28] [INFO] [1789537690.016552202] [state_machine_node]: 문 접근 목표 보정: door_blue_a6ed9f handle_axis=(10.01, 1.68) goal_axis=(10.01, 0.80) wall_axis=(10.01, 1.90) yaw=90deg
[controller_server-12] [INFO] [1789537690.366270990] [controller_server]: Passing new path to controller.
[state_machine_node-28] [WARN] [1789537691.151363147] [state_machine_node]: Fine alignment blocked by costmap: occupied, inscribed, unknown or out-of-map approach segment; retaining Nav2/reobservation.
[door_detection_node-24] [INFO] [1789537691.522803538] [door_detection_node]: HSV handle observed: color=blue, pixel=(195,122), conf=0.07, door_bbox=(178,70,198,173)
[state_machine_node-28] [INFO] [1789537691.535739446] [state_machine_node]: 문 접근 목표 보정: door_blue_0bc5db handle_axis=(10.48, 1.84) goal_axis=(10.48, 0.80) wall_axis=(10.48, 1.90) yaw=90deg
[state_machine_node-28] [INFO] [1789537691.536487235] [state_machine_node]: Locked blue target refine skipped: door_blue_0bc5db total drift progress=1.31m, xy=1.32m > 1.05m from locked anchor
[controller_server-12] [INFO] [1789537691.741340139] [controller_server]: Passing new path to controller.
[door_detection_node-24] [INFO] [1789537692.928080513] [door_detection_node]: HSV handle observed: color=blue, pixel=(151,122), conf=0.06, door_bbox=(133,68,154,172)
[state_machine_node-28] [INFO] [1789537692.941797435] [state_machine_node]: 문 접근 목표 보정: door_blue_a6ed9f handle_axis=(9.70, 1.62) goal_axis=(9.70, 0.80) wall_axis=(9.70, 1.90) yaw=90deg
[state_machine_node-28] [INFO] [1789537692.944018457] [state_machine_node]: 문 접근 목표 보정: door_blue_a6ed9f handle_axis=(9.70, 1.62) goal_axis=(9.70, 0.80) wall_axis=(9.70, 1.90) yaw=90deg
[state_machine_node-28] [WARN] [1789537692.945960617] [state_machine_node]: Locked blue target refined from newer observation: observed_blue_9p2_1p4 -> observed_blue_9p2_1p4, goal shift=0.28m, identity=(6.98,1.70) -> (6.70,1.62)
[navigation_node-25] [INFO] [1789537692.948522815] [navigation_node]: Navigation goal received: door observed_blue_9p2_1p4 (color=blue, frame=map, x=6.70, y=0.80)
[navigation_node-25] [INFO] [1789537692.949127992] [navigation_node]: Ignoring duplicate navigation target for active door: observed_blue_9p2_1p4
[controller_server-12] [INFO] [1789537692.991456608] [controller_server]: Passing new path to controller.
[state_machine_node-28] [WARN] [1789537693.724072557] [state_machine_node]: Fine alignment blocked by costmap: occupied, inscribed, unknown or out-of-map approach segment; retaining Nav2/reobservation.
[door_detection_node-24] [INFO] [1789537694.325920766] [door_detection_node]: HSV handle observed: color=blue, pixel=(92,122), conf=0.08, door_bbox=(74,63,95,175)
[state_machine_node-28] [INFO] [1789537694.336916548] [state_machine_node]: 문 접근 목표 보정: door_blue_a6ed9f handle_axis=(9.44, 1.59) goal_axis=(9.44, 0.80) wall_axis=(9.44, 1.90) yaw=90deg
[state_machine_node-28] [INFO] [1789537694.338374986] [state_machine_node]: 문 접근 목표 보정: door_blue_a6ed9f handle_axis=(9.44, 1.59) goal_axis=(9.44, 0.80) wall_axis=(9.44, 1.90) yaw=90deg
[controller_server-12] [INFO] [1789537694.366282426] [controller_server]: Passing new path to controller.
[controller_server-12] [INFO] [1789537695.491330292] [controller_server]: Passing new path to controller.
[door_detection_node-24] [INFO] [1789537695.763099170] [door_detection_node]: HSV handle observed: color=red, pixel=(287,122), conf=0.02, door_bbox=(277,21,319,219)
[state_machine_node-28] [INFO] [1789537695.833064244] [state_machine_node]: 문 접근 목표 보정: door_blue_4a5b23 handle_axis=(9.52, 1.70) goal_axis=(9.52, 0.80) wall_axis=(9.52, 1.90) yaw=90deg
[state_machine_node-28] [INFO] [1789537695.834127934] [state_machine_node]: 문 접근 목표 보정: door_blue_4a5b23 handle_axis=(9.52, 1.70) goal_axis=(9.52, 0.80) wall_axis=(9.52, 1.90) yaw=90deg
[state_machine_node-28] [WARN] [1789537695.835038130] [state_machine_node]: Locked blue target refined from newer observation: observed_blue_9p2_1p4 -> observed_blue_9p2_1p4, goal shift=0.18m, identity=(6.70,1.62) -> (6.52,1.70)
[navigation_node-25] [INFO] [1789537695.836453061] [navigation_node]: Navigation goal received: door observed_blue_9p2_1p4 (color=blue, frame=map, x=6.52, y=0.80)
[navigation_node-25] [WARN] [1789537695.837216096] [navigation_node]: Already navigating. Preempting current goal without an explicit stop before retargeting to: observed_blue_9p2_1p4
[bt_navigator-16] [INFO] [1789537695.959540606] [bt_navigator]: Received goal preemption request
[bt_navigator-16] [INFO] [1789537695.959838948] [bt_navigator]: Begin navigating from current location (2.44, 0.47) to (6.52, 0.80)
[navigation_node-25] [INFO] [1789537695.961739203] [navigation_node]: Navigation goal accepted by Nav2
[controller_server-12] [INFO] [1789537696.866299797] [controller_server]: Passing new path to controller.
[door_detection_node-24] [INFO] [1789537697.223795956] [door_detection_node]: HSV handle observed: color=red, pixel=(264,122), conf=0.01, door_bbox=(253,19,320,221)
[state_machine_node-28] [INFO] [1789537697.491230468] [state_machine_node]: 문 접근 목표 보정: door_blue_471776 handle_axis=(9.92, 1.72) goal_axis=(9.92, 0.80) wall_axis=(9.92, 1.90) yaw=90deg
[state_machine_node-28] [INFO] [1789537697.492937910] [state_machine_node]: 문 접근 목표 보정: door_blue_471776 handle_axis=(9.92, 1.72) goal_axis=(9.92, 0.80) wall_axis=(9.92, 1.90) yaw=90deg
[controller_server-12] [INFO] [1789537698.116287786] [controller_server]: Passing new path to controller.
[door_detection_node-24] [INFO] [1789537698.569215866] [door_detection_node]: HSV handle observed: color=blue, pixel=(278,122), conf=0.08, door_bbox=(258,57,280,183)
[state_machine_node-28] [INFO] [1789537698.581710164] [state_machine_node]: 문 접근 목표 보정: door_blue_471776 handle_axis=(9.96, 1.75) goal_axis=(9.96, 0.80) wall_axis=(9.96, 1.90) yaw=90deg
[state_machine_node-28] [INFO] [1789537698.582597739] [state_machine_node]: 문 접근 목표 보정: door_blue_471776 handle_axis=(9.96, 1.75) goal_axis=(9.96, 0.80) wall_axis=(9.96, 1.90) yaw=90deg
[state_machine_node-28] [WARN] [1789537698.583328072] [state_machine_node]: Locked blue target refined from newer observation: observed_blue_9p2_1p4 -> observed_blue_9p2_1p4, goal shift=0.45m, identity=(6.52,1.70) -> (6.96,1.75)
[navigation_node-25] [INFO] [1789537698.584836149] [navigation_node]: Navigation goal received: door observed_blue_9p2_1p4 (color=blue, frame=map, x=6.96, y=0.80)
[navigation_node-25] [WARN] [1789537698.585746122] [navigation_node]: Already navigating. Preempting current goal without an explicit stop before retargeting to: observed_blue_9p2_1p4
[navigation_node-25] [INFO] [1789537698.727950362] [navigation_node]: Navigation goal accepted by Nav2
[bt_navigator-16] [INFO] [1789537698.759622641] [bt_navigator]: Received goal preemption request
[bt_navigator-16] [INFO] [1789537698.759894821] [bt_navigator]: Begin navigating from current location (2.71, 0.74) to (6.96, 0.80)
[controller_server-12] [INFO] [1789537699.366282950] [controller_server]: Passing new path to controller.
[door_detection_node-24] [INFO] [1789537699.673107535] [door_detection_node]: HSV handle observed: color=blue, pixel=(249,122), conf=0.07, door_bbox=(231,56,253,181)
[state_machine_node-28] [INFO] [1789537699.684308218] [state_machine_node]: 문 접근 목표 보정: door_blue_471776 handle_axis=(10.11, 1.77) goal_axis=(10.11, 0.80) wall_axis=(10.11, 1.90) yaw=90deg
[state_machine_node-28] [INFO] [1789537699.686814037] [state_machine_node]: 문 접근 목표 보정: door_blue_471776 handle_axis=(10.11, 1.77) goal_axis=(10.11, 0.80) wall_axis=(10.11, 1.90) yaw=90deg
[controller_server-12] [INFO] [1789537700.491287813] [controller_server]: Passing new path to controller.
[door_detection_node-24] [INFO] [1789537701.716002303] [door_detection_node]: HSV handle observed: color=blue, pixel=(172,122), conf=0.07, door_bbox=(156,53,173,182)
[controller_server-12] [INFO] [1789537701.741291812] [controller_server]: Passing new path to controller.
[state_machine_node-28] [INFO] [1789537701.828401766] [state_machine_node]: 문 접근 목표 보정: door_blue_083dbc handle_axis=(9.81, 1.79) goal_axis=(9.81, 0.80) wall_axis=(9.81, 1.90) yaw=90deg
[state_machine_node-28] [INFO] [1789537701.830436048] [state_machine_node]: 문 접근 목표 보정: door_blue_083dbc handle_axis=(9.81, 1.79) goal_axis=(9.81, 0.80) wall_axis=(9.81, 1.90) yaw=90deg
[state_machine_node-28] [INFO] [1789537702.171797897] [state_machine_node]: Nav2 goal cancellation requested before blue door start center recovery.
[state_machine_node-28] [WARN] [1789537702.173284992] [state_machine_node]: Nav2 시작점이 벽/장애물 costmap에 가까워 예외 미세 후진 후 전진 중앙 복귀를 시작합니다: lateral_error=0.98m, cmd=(-0.05, 0.00)
[navigation_node-25] [INFO] [1789537702.174022388] [navigation_node]: Navigation cancellation requested for manual control handoff.
[bt_navigator-16] [ERROR] [1789537702.280054817] [bt_navigator_navigate_to_pose_rclcpp_node]: Failed to get result for follow_path in node halt!
[bt_navigator-16] [INFO] [1789537702.280249509] [bt_navigator]: [navigate_to_pose] [ActionServer] Client requested to cancel the goal. Cancelling.
[bt_navigator-16] [INFO] [1789537702.280374733] [bt_navigator]: Goal canceled
[controller_server-12] [INFO] [1789537702.366277145] [controller_server]: Goal was canceled. Stopping the robot.
[controller_server-12] [INFO] [1789537702.366400282] [controller_server]: [follow_path] [ActionServer] Client requested to cancel the goal. Cancelling.
[door_detection_node-24] [INFO] [1789537702.776179638] [door_detection_node]: HSV handle observed: color=blue, pixel=(131,122), conf=0.07, door_bbox=(113,54,133,184)
[state_machine_node-28] [WARN] [1789537703.063724127] [state_machine_node]: Nav2 시작 위치 복구 예외 후진 중: lateral_error=0.99m, cmd=(-0.05, 0.00)
[door_detection_node-24] [INFO] [1789537703.776841501] [door_detection_node]: HSV handle observed: color=blue, pixel=(131,122), conf=0.06, door_bbox=(112,51,134,185)
[state_machine_node-28] [INFO] [1789537703.883436528] [state_machine_node]: Nav2 goal cancellation requested before blue door start center recovery.
[state_machine_node-28] [WARN] [1789537703.884157979] [state_machine_node]: Nav2 시작 위치가 벽/측면에 가까워 직접 중앙 복귀 중: lateral_error=0.98m, target_abs=0.75m, yaw_error=-94deg, cmd=(0.00, -0.40)
[door_detection_node-24] [INFO] [1789537704.949489150] [door_detection_node]: HSV handle observed: color=blue, pixel=(97,122), conf=0.06, door_bbox=(75,51,100,187)
[state_machine_node-28] [INFO] [1789537705.574158600] [state_machine_node]: Nav2 goal cancellation requested before blue door start center recovery.
[state_machine_node-28] [WARN] [1789537705.575616973] [state_machine_node]: Nav2 시작 위치가 벽/측면에 가까워 직접 중앙 복귀 중: lateral_error=1.02m, target_abs=0.75m, yaw_error=-75deg, cmd=(0.00, -0.40)
[state_machine_node-28] [INFO] [1789537707.260130300] [state_machine_node]: Nav2 goal cancellation requested before blue door start center recovery.
[state_machine_node-28] [WARN] [1789537707.261242872] [state_machine_node]: Nav2 시작 위치가 벽/측면에 가까워 직접 중앙 복귀 중: lateral_error=1.05m, target_abs=0.75m, yaw_error=-59deg, cmd=(0.00, -0.40)
[door_detection_node-24] [INFO] [1789537707.932310043] [door_detection_node]: HSV handle observed: color=blue, pixel=(272,122), conf=0.09, door_bbox=(251,47,274,189)
[state_machine_node-28] [INFO] [1789537708.922765635] [state_machine_node]: Nav2 goal cancellation requested before blue door start center recovery.
[state_machine_node-28] [WARN] [1789537708.924024709] [state_machine_node]: Nav2 시작 위치가 벽/측면에 가까워 직접 중앙 복귀 중: lateral_error=1.05m, target_abs=0.75m, yaw_error=-45deg, cmd=(0.00, -0.40)
[door_detection_node-24] [INFO] [1789537709.210859961] [door_detection_node]: HSV handle observed: color=blue, pixel=(215,122), conf=0.07, door_bbox=(196,52,217,185)
[door_detection_node-24] [INFO] [1789537710.722253481] [door_detection_node]: HSV handle observed: color=blue, pixel=(163,122), conf=0.17, door_bbox=(144,53,167,185)
[state_machine_node-28] [INFO] [1789537710.756541327] [state_machine_node]: Nav2 goal cancellation requested before blue door start center recovery.
[state_machine_node-28] [WARN] [1789537710.758806869] [state_machine_node]: Nav2 시작 위치가 벽/측면에 가까워 직접 중앙 복귀 중: lateral_error=1.05m, target_abs=0.75m, yaw_error=-31deg, cmd=(0.13, -0.40)
[door_detection_node-24] [INFO] [1789537712.131002873] [door_detection_node]: HSV handle observed: color=blue, pixel=(104,122), conf=0.06, door_bbox=(83,51,106,186)
[state_machine_node-28] [INFO] [1789537712.460284582] [state_machine_node]: Nav2 goal cancellation requested before blue door start center recovery.
[state_machine_node-28] [WARN] [1789537712.461038220] [state_machine_node]: Nav2 시작 위치가 벽/측면에 가까워 직접 중앙 복귀 중: lateral_error=0.94m, target_abs=0.75m, yaw_error=-16deg, cmd=(0.13, -0.22)
[door_detection_node-24] [INFO] [1789537713.561342565] [door_detection_node]: HSV handle observed: color=red, pixel=(48,122), conf=0.01, door_bbox=(36,30,105,202)
[state_machine_node-28] [INFO] [1789537714.136346773] [state_machine_node]: Nav2 goal cancellation requested before blue door start center recovery.
[state_machine_node-28] [WARN] [1789537714.138194716] [state_machine_node]: Nav2 시작 위치가 벽/측면에 가까워 직접 중앙 복귀 중: lateral_error=0.81m, target_abs=0.75m, yaw_error=-7deg, cmd=(0.13, -0.10)
[door_detection_node-24] [INFO] [1789537714.724678188] [door_detection_node]: HSV handle observed: color=red, pixel=(21,122), conf=0.01, door_bbox=(7,24,83,209)
[state_machine_node-28] [WARN] [1789537714.954797550] [state_machine_node]: Blue door Nav2 start pose recovered near center: lateral=0.75m, target=0.75m. Resending observed_blue_9p2_1p4.
[navigation_node-25] [INFO] [1789537714.957880857] [navigation_node]: Navigation goal received: door observed_blue_9p2_1p4 (color=blue, frame=map, x=6.96, y=0.80)
[bt_navigator-16] [INFO] [1789537715.080062476] [bt_navigator]: Begin navigating from current location (3.25, 0.74) to (6.96, 0.80)
[navigation_node-25] [INFO] [1789537715.082036928] [navigation_node]: Navigation goal accepted by Nav2
[controller_server-12] [INFO] [1789537715.281938286] [controller_server]: Received a goal, begin computing control effort.
[cmd_vel_safety_node-4] [WARN] [1789537715.411638643] [cmd_vel_safety_node]: LiDAR collision stop: front=0.43m
[controller_server-12] [INFO] [1789537716.659633778] [controller_server]: Passing new path to controller.
[door_detection_node-24] [INFO] [1789537716.894312522] [door_detection_node]: HSV handle observed: color=red, pixel=(72,122), conf=0.01, door_bbox=(61,27,127,206)
[state_machine_node-28] [INFO] [1789537717.165203037] [state_machine_node]: 문 접근 목표 보정: door_blue_a73a72 handle_axis=(9.43, 1.81) goal_axis=(9.43, 0.80) wall_axis=(9.43, 1.90) yaw=90deg
[state_machine_node-28] [INFO] [1789537717.167915508] [state_machine_node]: 문 접근 목표 보정: door_blue_a73a72 handle_axis=(9.43, 1.81) goal_axis=(9.43, 0.80) wall_axis=(9.43, 1.90) yaw=90deg
[state_machine_node-28] [WARN] [1789537717.168941769] [state_machine_node]: Locked blue target refined from newer observation: observed_blue_9p2_1p4 -> observed_blue_9p2_1p4, goal shift=0.54m, identity=(6.96,1.75) -> (6.43,1.81)
[navigation_node-25] [INFO] [1789537717.170772886] [navigation_node]: Navigation goal received: door observed_blue_9p2_1p4 (color=blue, frame=map, x=6.43, y=0.80)
[navigation_node-25] [WARN] [1789537717.171685132] [navigation_node]: Already navigating. Preempting current goal without an explicit stop before retargeting to: observed_blue_9p2_1p4
[navigation_node-25] [INFO] [1789537717.290806066] [navigation_node]: Navigation goal accepted by Nav2
[bt_navigator-16] [INFO] [1789537717.380412002] [bt_navigator]: Received goal preemption request
[bt_navigator-16] [INFO] [1789537717.380731042] [bt_navigator]: Begin navigating from current location (3.21, 0.71) to (6.43, 0.80)
[controller_server-12] [INFO] [1789537717.909612815] [controller_server]: Passing new path to controller.
[door_detection_node-24] [INFO] [1789537718.780051790] [door_detection_node]: HSV handle observed: color=blue, pixel=(162,122), conf=0.06, door_bbox=(139,54,164,185)
[state_machine_node-28] [INFO] [1789537718.795618064] [state_machine_node]: 문 접근 목표 보정: door_blue_1d2afb handle_axis=(10.42, 2.10) goal_axis=(10.42, 0.95) wall_axis=(10.42, 2.10) yaw=90deg
[state_machine_node-28] [INFO] [1789537718.798033606] [state_machine_node]: Locked blue target refine skipped: door_blue_1d2afb total drift progress=1.26m, xy=1.28m > 1.05m from locked anchor
[controller_server-12] [INFO] [1789537719.284648562] [controller_server]: Passing new path to controller.
[door_detection_node-24] [INFO] [1789537719.961845566] [door_detection_node]: HSV handle observed: color=red, pixel=(190,122), conf=0.01, door_bbox=(179,21,245,213)
[state_machine_node-28] [INFO] [1789537720.277515601] [state_machine_node]: 문 접근 목표 보정: door_blue_7e286d handle_axis=(9.59, 1.76) goal_axis=(9.59, 0.80) wall_axis=(9.59, 1.90) yaw=90deg
[state_machine_node-28] [INFO] [1789537720.280123530] [state_machine_node]: 문 접근 목표 보정: door_blue_7e286d handle_axis=(9.59, 1.76) goal_axis=(9.59, 0.80) wall_axis=(9.59, 1.90) yaw=90deg
[controller_server-12] [WARN] [1789537720.538009931] [controller_server]: Control loop missed its desired rate of 8.0000Hz
[controller_server-12] [INFO] [1789537720.538099372] [controller_server]: Passing new path to controller.
[door_detection_node-24] [INFO] [1789537721.004654017] [door_detection_node]: HSV handle observed: color=red, pixel=(214,122), conf=0.01, door_bbox=(205,17,275,217)
[state_machine_node-28] [INFO] [1789537721.768263032] [state_machine_node]: 문 접근 목표 보정: door_blue_7e286d handle_axis=(9.45, 1.68) goal_axis=(9.45, 0.80) wall_axis=(9.45, 1.90) yaw=90deg
[state_machine_node-28] [INFO] [1789537721.773443520] [state_machine_node]: 문 접근 목표 보정: door_blue_7e286d handle_axis=(9.45, 1.68) goal_axis=(9.45, 0.80) wall_axis=(9.45, 1.90) yaw=90deg
[controller_server-12] [INFO] [1789537721.784646488] [controller_server]: Passing new path to controller.
[controller_server-12] [INFO] [1789537723.164387029] [controller_server]: Passing new path to controller.
[door_detection_node-24] [INFO] [1789537723.190214894] [door_detection_node]: HSV handle observed: color=blue, pixel=(280,122), conf=0.16, door_bbox=(251,41,284,197)
[state_machine_node-28] [INFO] [1789537723.301269153] [state_machine_node]: 문 접근 목표 보정: door_blue_024186 handle_axis=(9.26, 1.55) goal_axis=(9.26, 0.80) wall_axis=(9.26, 1.90) yaw=90deg
[state_machine_node-28] [INFO] [1789537723.304849866] [state_machine_node]: 문 접근 목표 보정: door_blue_024186 handle_axis=(9.26, 1.55) goal_axis=(9.26, 0.80) wall_axis=(9.26, 1.90) yaw=90deg
[controller_server-12] [INFO] [1789537724.409629381] [controller_server]: Passing new path to controller.
[door_detection_node-24] [INFO] [1789537724.947763641] [door_detection_node]: HSV handle observed: color=red, pixel=(88,123), conf=0.01, door_bbox=(72,7,155,224)
[state_machine_node-28] [INFO] [1789537725.233290970] [state_machine_node]: 문 접근 목표 보정: door_blue_d7e540 handle_axis=(9.27, 1.56) goal_axis=(9.27, 0.80) wall_axis=(9.27, 1.90) yaw=90deg
[state_machine_node-28] [INFO] [1789537725.235885242] [state_machine_node]: 문 접근 목표 보정: door_blue_d7e540 handle_axis=(9.27, 1.56) goal_axis=(9.27, 0.80) wall_axis=(9.27, 1.90) yaw=90deg
[controller_server-12] [INFO] [1789537725.784644245] [controller_server]: Passing new path to controller.
[door_detection_node-24] [INFO] [1789537726.374696594] [door_detection_node]: HSV handle observed: color=blue, pixel=(118,122), conf=0.15, door_bbox=(89,40,121,198)
[state_machine_node-28] [INFO] [1789537726.382090700] [state_machine_node]: 문 접근 목표 보정: door_blue_42a789 handle_axis=(10.21, 1.93) goal_axis=(10.21, 0.83) wall_axis=(10.21, 1.93) yaw=90deg
[state_machine_node-28] [INFO] [1789537726.389965798] [state_machine_node]: 문 접근 목표 보정: door_blue_42a789 handle_axis=(10.21, 1.93) goal_axis=(10.21, 0.83) wall_axis=(10.21, 1.93) yaw=90deg
[state_machine_node-28] [WARN] [1789537726.391194861] [state_machine_node]: Locked blue target refined from newer observation: observed_blue_9p2_1p4 -> observed_blue_9p2_1p4, goal shift=0.78m, identity=(6.43,1.81) -> (7.21,1.93)
[navigation_node-25] [INFO] [1789537726.393499215] [navigation_node]: Navigation goal received: door observed_blue_9p2_1p4 (color=blue, frame=map, x=7.21, y=0.83)
[navigation_node-25] [WARN] [1789537726.393921554] [navigation_node]: Already navigating. Preempting current goal without an explicit stop before retargeting to: observed_blue_9p2_1p4
[navigation_node-25] [INFO] [1789537726.548417092] [navigation_node]: Navigation goal accepted by Nav2
[bt_navigator-16] [INFO] [1789537726.580951737] [bt_navigator]: Received goal preemption request
[bt_navigator-16] [INFO] [1789537726.581319566] [bt_navigator]: Begin navigating from current location (3.93, 0.43) to (7.21, 0.83)
[controller_server-12] [INFO] [1789537727.034713801] [controller_server]: Passing new path to controller.
[door_detection_node-24] [INFO] [1789537727.474878196] [door_detection_node]: HSV handle observed: color=blue, pixel=(114,122), conf=0.15, door_bbox=(82,36,117,201)
[state_machine_node-28] [INFO] [1789537727.491909201] [state_machine_node]: 문 접근 목표 보정: door_blue_42a789 handle_axis=(10.12, 1.90) goal_axis=(10.12, 0.80) wall_axis=(10.12, 1.90) yaw=90deg
[state_machine_node-28] [INFO] [1789537727.494232702] [state_machine_node]: 문 접근 목표 보정: door_blue_42a789 handle_axis=(10.12, 1.90) goal_axis=(10.12, 0.80) wall_axis=(10.12, 1.90) yaw=90deg
[controller_server-12] [INFO] [1789537728.285022776] [controller_server]: Passing new path to controller.
[state_machine_node-28] [INFO] [1789537728.396068527] [state_machine_node]: 문 접근 목표 보정: door_blue_42a789 handle_axis=(9.48, 1.60) goal_axis=(9.48, 0.80) wall_axis=(9.48, 1.90) yaw=90deg
[state_machine_node-28] [INFO] [1789537728.398493611] [state_machine_node]: 문 접근 목표 보정: door_blue_42a789 handle_axis=(9.48, 1.60) goal_axis=(9.48, 0.80) wall_axis=(9.48, 1.90) yaw=90deg
[door_detection_node-24] [INFO] [1789537729.314746313] [door_detection_node]: HSV handle observed: color=blue, pixel=(114,122), conf=0.14, door_bbox=(78,22,122,212)
[state_machine_node-28] [INFO] [1789537729.329420116] [state_machine_node]: 문 접근 목표 보정: door_blue_42a789 handle_axis=(9.49, 1.58) goal_axis=(9.49, 0.80) wall_axis=(9.49, 1.90) yaw=90deg
[state_machine_node-28] [INFO] [1789537729.332639609] [state_machine_node]: 문 접근 목표 보정: door_blue_42a789 handle_axis=(9.49, 1.58) goal_axis=(9.49, 0.80) wall_axis=(9.49, 1.90) yaw=90deg
[state_machine_node-28] [WARN] [1789537729.333985686] [state_machine_node]: Locked blue target refined from newer observation: observed_blue_9p2_1p4 -> observed_blue_9p2_1p4, goal shift=0.72m, identity=(7.21,1.93) -> (6.49,1.58)
[navigation_node-25] [INFO] [1789537729.335881882] [navigation_node]: Navigation goal received: door observed_blue_9p2_1p4 (color=blue, frame=map, x=6.49, y=0.80)
[navigation_node-25] [WARN] [1789537729.336291020] [navigation_node]: Already navigating. Preempting current goal without an explicit stop before retargeting to: observed_blue_9p2_1p4
[navigation_node-25] [INFO] [1789537729.492639396] [navigation_node]: Navigation goal accepted by Nav2
[bt_navigator-16] [INFO] [1789537729.580997416] [bt_navigator]: Received goal preemption request
[bt_navigator-16] [INFO] [1789537729.581317938] [bt_navigator]: Begin navigating from current location (4.35, 0.51) to (6.49, 0.80)
[controller_server-12] [INFO] [1789537729.659682828] [controller_server]: Passing new path to controller.
[door_detection_node-24] [INFO] [1789537730.413997599] [door_detection_node]: HSV handle observed: color=blue, pixel=(113,122), conf=0.15, door_bbox=(75,18,118,217)
[state_machine_node-28] [INFO] [1789537730.423559671] [state_machine_node]: 문 접근 목표 보정: door_blue_42a789 handle_axis=(10.13, 1.91) goal_axis=(10.13, 0.81) wall_axis=(10.13, 1.91) yaw=90deg
[state_machine_node-28] [INFO] [1789537730.427147961] [state_machine_node]: 문 접근 목표 보정: door_blue_42a789 handle_axis=(10.13, 1.91) goal_axis=(10.13, 0.81) wall_axis=(10.13, 1.91) yaw=90deg
[controller_server-12] [INFO] [1789537730.784632224] [controller_server]: Passing new path to controller.
[door_detection_node-24] [INFO] [1789537731.541813267] [door_detection_node]: HSV handle observed: color=blue, pixel=(112,122), conf=0.15, door_bbox=(70,15,116,222)
[state_machine_node-28] [INFO] [1789537731.554053467] [state_machine_node]: 문 접근 목표 보정: door_blue_42a789 handle_axis=(10.07, 1.88) goal_axis=(10.07, 0.80) wall_axis=(10.07, 1.90) yaw=90deg
[state_machine_node-28] [INFO] [1789537731.557981121] [state_machine_node]: 문 접근 목표 보정: door_blue_42a789 handle_axis=(10.07, 1.88) goal_axis=(10.07, 0.80) wall_axis=(10.07, 1.90) yaw=90deg
[controller_server-12] [INFO] [1789537732.159646546] [controller_server]: Passing new path to controller.
[state_machine_node-28] [INFO] [1789537732.468603149] [state_machine_node]: 문 접근 목표 보정: door_blue_42a789 handle_axis=(10.09, 1.90) goal_axis=(10.09, 0.80) wall_axis=(10.09, 1.90) yaw=90deg
[state_machine_node-28] [INFO] [1789537732.472569558] [state_machine_node]: 문 접근 목표 보정: door_blue_42a789 handle_axis=(10.09, 1.90) goal_axis=(10.09, 0.80) wall_axis=(10.09, 1.90) yaw=90deg
[state_machine_node-28] [WARN] [1789537732.473422878] [state_machine_node]: Locked blue target refined from newer observation: observed_blue_9p2_1p4 -> observed_blue_9p2_1p4, goal shift=0.61m, identity=(6.49,1.58) -> (7.09,1.90)
[navigation_node-25] [INFO] [1789537732.477613963] [navigation_node]: Navigation goal received: door observed_blue_9p2_1p4 (color=blue, frame=map, x=7.09, y=0.80)
[navigation_node-25] [WARN] [1789537732.479806369] [navigation_node]: Already navigating. Preempting current goal without an explicit stop before retargeting to: observed_blue_9p2_1p4
[door_detection_node-24] [INFO] [1789537732.626333002] [door_detection_node]: HSV handle observed: color=red, pixel=(292,124), conf=0.01, door_bbox=(269,0,319,240)
[navigation_node-25] [INFO] [1789537732.639887184] [navigation_node]: Navigation goal accepted by Nav2
[bt_navigator-16] [INFO] [1789537732.680445232] [bt_navigator]: Received goal preemption request
[bt_navigator-16] [INFO] [1789537732.681031621] [bt_navigator]: Begin navigating from current location (4.79, 0.60) to (7.09, 0.80)
[controller_server-12] [INFO] [1789537733.409603873] [controller_server]: Passing new path to controller.
[state_machine_node-28] [INFO] [1789537733.618783496] [state_machine_node]: 문 접근 목표 보정: door_blue_42a789 handle_axis=(10.10, 1.91) goal_axis=(10.10, 0.81) wall_axis=(10.10, 1.91) yaw=90deg
[state_machine_node-28] [INFO] [1789537733.622297539] [state_machine_node]: 문 접근 목표 보정: door_blue_42a789 handle_axis=(10.10, 1.91) goal_axis=(10.10, 0.81) wall_axis=(10.10, 1.91) yaw=90deg
[door_detection_node-24] [INFO] [1789537734.647445982] [door_detection_node]: HSV handle observed: color=blue, pixel=(98,123), conf=0.16, door_bbox=(44,1,103,239)
[state_machine_node-28] [INFO] [1789537734.658001882] [state_machine_node]: 문 접근 목표 보정: door_blue_d7e540 handle_axis=(10.08, 1.90) goal_axis=(10.08, 0.80) wall_axis=(10.08, 1.90) yaw=90deg
[state_machine_node-28] [INFO] [1789537734.660348585] [state_machine_node]: 문 접근 목표 보정: door_blue_d7e540 handle_axis=(10.08, 1.90) goal_axis=(10.08, 0.80) wall_axis=(10.08, 1.90) yaw=90deg
[controller_server-12] [INFO] [1789537734.785060111] [controller_server]: Passing new path to controller.
[door_detection_node-24] [INFO] [1789537735.827425911] [door_detection_node]: HSV handle observed: color=blue, pixel=(88,124), conf=0.20, door_bbox=(24,0,93,240)
[state_machine_node-28] [INFO] [1789537735.837074291] [state_machine_node]: 문 접근 목표 보정: door_blue_d7e540 handle_axis=(10.03, 1.90) goal_axis=(10.03, 0.80) wall_axis=(10.03, 1.90) yaw=90deg
[state_machine_node-28] [INFO] [1789537735.837994635] [state_machine_node]: 문 접근 목표 보정: door_blue_d7e540 handle_axis=(10.03, 1.90) goal_axis=(10.03, 0.80) wall_axis=(10.03, 1.90) yaw=90deg
[controller_server-12] [INFO] [1789537736.034635972] [controller_server]: Passing new path to controller.
[door_detection_node-24] [INFO] [1789537736.961473762] [door_detection_node]: HSV handle observed: color=blue, pixel=(78,124), conf=0.22, door_bbox=(5,0,83,240)
[state_machine_node-28] [INFO] [1789537736.969668276] [state_machine_node]: 문 접근 목표 보정: door_blue_d7e540 handle_axis=(10.05, 1.92) goal_axis=(10.05, 0.82) wall_axis=(10.05, 1.92) yaw=90deg
[state_machine_node-28] [INFO] [1789537736.973743828] [state_machine_node]: 문 접근 목표 보정: door_blue_d7e540 handle_axis=(10.05, 1.92) goal_axis=(10.05, 0.82) wall_axis=(10.05, 1.92) yaw=90deg
[controller_server-12] [INFO] [1789537737.285011397] [controller_server]: Passing new path to controller.
[controller_server-12] [INFO] [1789537738.659634265] [controller_server]: Passing new path to controller.
[door_detection_node-24] [INFO] [1789537739.159825750] [door_detection_node]: HSV handle observed: color=blue, pixel=(42,124), conf=0.62, door_bbox=(0,0,49,240)
[door_detection_node-24] [INFO] [1789537739.163406435] [door_detection_node]: Handle camera-ray projection: pixel=(42,124), range=2.160m, z=0.756m
[state_machine_node-28] [INFO] [1789537739.174591365] [state_machine_node]: 문 접근 목표 보정: door_blue_07a944 handle_axis=(10.52, 1.94) goal_axis=(10.52, 0.84) wall_axis=(10.52, 1.94) yaw=90deg
[state_machine_node-28] [INFO] [1789537739.177672528] [state_machine_node]: 문 접근 목표 보정: door_blue_07a944 handle_axis=(10.52, 1.94) goal_axis=(10.52, 0.84) wall_axis=(10.52, 1.94) yaw=90deg
[state_machine_node-28] [WARN] [1789537739.178685554] [state_machine_node]: Locked blue target refined from newer observation: observed_blue_9p2_1p4 -> observed_blue_9p2_1p4, goal shift=0.43m, identity=(7.09,1.90) -> (7.30,1.93)
[navigation_node-25] [INFO] [1789537739.180465914] [navigation_node]: Navigation goal received: door observed_blue_9p2_1p4 (color=blue, frame=map, x=7.52, y=0.84)
[navigation_node-25] [WARN] [1789537739.181235961] [navigation_node]: Already navigating. Preempting current goal without an explicit stop before retargeting to: observed_blue_9p2_1p4
[navigation_node-25] [INFO] [1789537739.319036901] [navigation_node]: Navigation goal accepted by Nav2
[bt_navigator-16] [INFO] [1789537739.380457385] [bt_navigator]: Received goal preemption request
[bt_navigator-16] [INFO] [1789537739.380823619] [bt_navigator]: Begin navigating from current location (5.76, 0.78) to (7.52, 0.84)
[controller_server-12] [INFO] [1789537739.909632784] [controller_server]: Passing new path to controller.
[state_machine_node-28] [INFO] [1789537740.125778221] [state_machine_node]: 문 접근 목표 보정: door_blue_b5ea79 handle_axis=(9.96, 1.90) goal_axis=(9.96, 0.80) wall_axis=(9.96, 1.90) yaw=90deg
[state_machine_node-28] [INFO] [1789537740.127372399] [state_machine_node]: 문 접근 목표 보정: door_blue_b5ea79 handle_axis=(9.96, 1.90) goal_axis=(9.96, 0.80) wall_axis=(9.96, 1.90) yaw=90deg
[state_machine_node-28] [INFO] [1789537740.435647451] [state_machine_node]: 문 접근 목표 보정: door_blue_07a944 handle_axis=(10.35, 1.90) goal_axis=(10.35, 0.80) wall_axis=(10.35, 1.90) yaw=90deg
[state_machine_node-28] [INFO] [1789537740.436502868] [state_machine_node]: Locked blue target refine skipped: door_blue_07a944 total drift progress=1.19m, xy=1.19m > 1.05m from locked anchor
[controller_server-12] [INFO] [1789537741.284599911] [controller_server]: Passing new path to controller.
[state_machine_node-28] [INFO] [1789537741.462594827] [state_machine_node]: 문 접근 목표 보정: door_blue_b5ea79 handle_axis=(10.13, 1.98) goal_axis=(10.13, 0.88) wall_axis=(10.13, 1.98) yaw=90deg
[state_machine_node-28] [INFO] [1789537741.465307738] [state_machine_node]: 문 접근 목표 보정: door_blue_b5ea79 handle_axis=(10.13, 1.98) goal_axis=(10.13, 0.88) wall_axis=(10.13, 1.98) yaw=90deg
[controller_server-12] [INFO] [1789537742.534759700] [controller_server]: Passing new path to controller.
[door_detection_node-24] [INFO] [1789537743.098351368] [door_detection_node]: YOLO handle observed (primary): pixel=(305,128), conf=0.33, bbox=(290, 84, 320, 171)
[door_detection_node-24] [INFO] [1789537743.104506238] [door_detection_node]: Handle camera-ray projection: pixel=(305,128), range=1.770m, z=0.738m
[state_machine_node-28] [INFO] [1789537743.218797380] [state_machine_node]: 문 접근 목표 보정: door_blue_b5ea79 handle_axis=(10.59, 1.96) goal_axis=(10.59, 0.86) wall_axis=(10.59, 1.96) yaw=90deg
[state_machine_node-28] [INFO] [1789537743.221835548] [state_machine_node]: 문 접근 목표 보정: door_blue_b5ea79 handle_axis=(10.59, 1.96) goal_axis=(10.59, 0.86) wall_axis=(10.59, 1.96) yaw=90deg
[controller_server-12] [INFO] [1789537743.784645077] [controller_server]: Passing new path to controller.
[door_detection_node-24] [INFO] [1789537744.688963769] [door_detection_node]: YOLO handle observed (primary): pixel=(280,123), conf=0.60, bbox=(246, 82, 313, 164)
[door_detection_node-24] [INFO] [1789537744.697139144] [door_detection_node]: Handle camera-ray projection: pixel=(280,123), range=1.726m, z=0.769m
[state_machine_node-28] [INFO] [1789537744.706059208] [state_machine_node]: 문 접근 목표 보정: door_blue_b912c5 handle_axis=(10.68, 2.03) goal_axis=(10.68, 0.93) wall_axis=(10.68, 2.03) yaw=90deg
[state_machine_node-28] [INFO] [1789537744.710072860] [state_machine_node]: Locked blue target refine skipped: door_blue_b912c5 total drift progress=1.31m, xy=1.43m > 1.05m from locked anchor
[controller_server-12] [INFO] [1789537745.159673587] [controller_server]: Passing new path to controller.
[door_detection_node-24] [INFO] [1789537746.175930265] [door_detection_node]: YOLO handle observed (primary): pixel=(248,130), conf=0.72, bbox=(201, 109, 295, 151)
[door_detection_node-24] [INFO] [1789537746.178942573] [door_detection_node]: Handle camera-ray projection: pixel=(248,130), range=1.570m, z=0.726m
[state_machine_node-28] [INFO] [1789537746.188859796] [state_machine_node]: 문 접근 목표 보정: door_blue_b912c5 handle_axis=(10.67, 2.03) goal_axis=(10.67, 0.93) wall_axis=(10.67, 2.03) yaw=90deg
[controller_server-12] [INFO] [1789537746.284960062] [controller_server]: Passing new path to controller.
[controller_server-12] [INFO] [1789537747.660010479] [controller_server]: Passing new path to controller.
[controller_server-12] [INFO] [1789537748.910606871] [controller_server]: Passing new path to controller.
[state_machine_node-28] [INFO] [1789537750.025385045] [state_machine_node]: Nav2 door goal position is near, but yaw is not ready yet: observed_blue_9p2_1p4, dist=0.35m/0.38m, lateral=0.12m/0.24m, yaw_error=89deg.
[controller_server-12] [INFO] [1789537750.284703697] [controller_server]: Passing new path to controller.
[state_machine_node-28] [INFO] [1789537750.823220351] [state_machine_node]: Blue candidate door_blue_daea05 rejected: handle lateral 2.78m is outside wall band 2.20+0.35m.
[state_machine_node-28] [INFO] [1789537750.824325134] [state_machine_node]: Blue candidate door_blue_daea05 kept in wall observation memory using its door pose; handle projection is outside the wall band.
[state_machine_node-28] [INFO] [1789537750.940343781] [state_machine_node]: Nav2 goal is close enough for fine door alignment: observed_blue_9p2_1p4, dist=0.27m/0.38m, lateral=0.12m/0.24m, yaw_error=90deg.
[state_machine_node-28] [INFO] [1789537750.943140282] [state_machine_node]: Nav2 goal cancellation requested before door fine alignment.
[navigation_node-25] [INFO] [1789537750.943708773] [navigation_node]: Navigation cancellation requested for manual control handoff.
[state_machine_node-28] [INFO] [1789537750.945465732] [state_machine_node]: Fine door approach started: observed_blue_9p2_1p4, dist=0.27m, lateral=0.12m, forward=0.24m, yaw_error=90deg
[state_machine_node-28] [INFO] [1789537750.946233975] [state_machine_node]: Fine door parking translation: observed_blue_9p2_1p4, dist=0.27m/0.17m, heading_error=27deg, cmd=(0.07, 0.14)
[bt_navigator-16] [ERROR] [1789537751.001792432] [bt_navigator_navigate_to_pose_rclcpp_node]: Failed to get result for follow_path in node halt!
[bt_navigator-16] [INFO] [1789537751.001982016] [bt_navigator]: [navigate_to_pose] [ActionServer] Client requested to cancel the goal. Cancelling.
[bt_navigator-16] [INFO] [1789537751.002157089] [bt_navigator]: Goal canceled
[door_detection_node-24] [INFO] [1789537751.010673024] [door_detection_node]: HSV handle observed: color=blue, pixel=(9,122), conf=0.19, door_bbox=(2,44,53,192)
[state_machine_node-28] [INFO] [1789537751.019424309] [state_machine_node]: 문 접근 목표 보정: door_blue_224623 handle_axis=(12.66, -1.21) goal_axis=(12.66, -0.80) wall_axis=(12.66, -1.90) yaw=-90deg
[controller_server-12] [INFO] [1789537751.034680412] [controller_server]: Goal was canceled. Stopping the robot.
[controller_server-12] [INFO] [1789537751.034806636] [controller_server]: [follow_path] [ActionServer] Client requested to cancel the goal. Cancelling.
[state_machine_node-28] [INFO] [1789537751.771381297] [state_machine_node]: Fine door parking translation: observed_blue_9p2_1p4, dist=0.24m/0.17m, heading_error=28deg, cmd=(0.00, 0.25)
[state_machine_node-28] [INFO] [1789537752.279084703] [state_machine_node]: 문 접근 목표 보정: door_blue_69a716 handle_axis=(10.12, 2.76) goal_axis=(10.12, 0.95) wall_axis=(10.12, 2.20) yaw=90deg
[door_detection_node-24] [INFO] [1789537752.532868743] [door_detection_node]: YOLO handle observed (primary): pixel=(36,122), conf=0.52, bbox=(21, 113, 51, 131)
[door_detection_node-24] [INFO] [1789537752.538216949] [door_detection_node]: Handle camera-ray projection: pixel=(36,122), range=1.378m, z=0.779m
[state_machine_node-28] [INFO] [1789537752.544096356] [state_machine_node]: 문 접근 목표 보정: door_blue_224623 handle_axis=(12.77, -1.34) goal_axis=(12.77, -0.80) wall_axis=(12.77, -1.90) yaw=-90deg
[state_machine_node-28] [INFO] [1789537752.642981133] [state_machine_node]: Fine door parking translation: observed_blue_9p2_1p4, dist=0.24m/0.17m, heading_error=25deg, cmd=(0.07, 0.14)
[state_machine_node-28] [INFO] [1789537753.454258930] [state_machine_node]: Fine door parking translation: observed_blue_9p2_1p4, dist=0.22m/0.17m, heading_error=27deg, cmd=(0.07, 0.14)
[state_machine_node-28] [INFO] [1789537753.608867064] [state_machine_node]: 문 접근 목표 보정: door_blue_a50bcb handle_axis=(10.00, 2.73) goal_axis=(10.00, 0.95) wall_axis=(10.00, 2.20) yaw=90deg
[door_detection_node-24] [INFO] [1789537754.117538537] [door_detection_node]: YOLO handle observed (primary): pixel=(90,122), conf=0.40, bbox=(74, 112, 105, 132)
[door_detection_node-24] [INFO] [1789537754.124361284] [door_detection_node]: Handle camera-ray projection: pixel=(90,122), range=1.252m, z=0.779m
[state_machine_node-28] [INFO] [1789537754.131209334] [state_machine_node]: 문 접근 목표 보정: door_blue_2f9283 handle_axis=(12.82, -1.43) goal_axis=(12.82, -0.80) wall_axis=(12.82, -1.90) yaw=-90deg
[state_machine_node-28] [INFO] [1789537754.292374090] [state_machine_node]: Fine door parking translation: observed_blue_9p2_1p4, dist=0.19m/0.17m, heading_error=30deg, cmd=(0.00, 0.25)
[state_machine_node-28] [INFO] [1789537755.190337718] [state_machine_node]: Fine door parking translation: observed_blue_9p2_1p4, dist=0.19m/0.17m, heading_error=27deg, cmd=(0.07, 0.14)
[door_detection_node-24] [INFO] [1789537755.666375518] [door_detection_node]: YOLO handle observed (primary): pixel=(123,122), conf=0.37, bbox=(109, 112, 137, 131)
[door_detection_node-24] [INFO] [1789537755.676793621] [door_detection_node]: Handle camera-ray projection: pixel=(123,122), range=1.248m, z=0.778m
[state_machine_node-28] [INFO] [1789537755.787351215] [state_machine_node]: 문 접근 목표 보정: door_blue_2f9283 handle_axis=(12.88, -1.54) goal_axis=(12.88, -0.80) wall_axis=(12.88, -1.90) yaw=-90deg
[state_machine_node-28] [INFO] [1789537756.177515692] [state_machine_node]: Fine door final yaw alignment: observed_blue_9p2_1p4, dist=0.17m/0.17m, yaw_error=67deg, cmd=(0.00, 0.25)
[state_machine_node-28] [INFO] [1789537756.854160669] [state_machine_node]: 보조 비상구 관측 저장: door_green_42730b (16.1, 0.1)
[state_machine_node-28] [INFO] [1789537756.855036288] [state_machine_node]: 비상구 탐지: door_green_42730b (16.1, 0.1)
[state_machine_node-28] [INFO] [1789537757.044596685] [state_machine_node]: Fine door final yaw alignment: observed_blue_9p2_1p4, dist=0.17m/0.17m, yaw_error=62deg, cmd=(0.00, 0.25)
[door_detection_node-24] [INFO] [1789537757.161746464] [door_detection_node]: HSV handle observed: color=blue, pixel=(151,122), conf=0.16, door_bbox=(148,48,190,187)
[state_machine_node-28] [INFO] [1789537757.169620012] [state_machine_node]: 문 접근 목표 보정: door_blue_d59040 handle_axis=(12.83, -1.54) goal_axis=(12.83, -0.80) wall_axis=(12.83, -1.90) yaw=-90deg
[state_machine_node-28] [INFO] [1789537757.896693085] [state_machine_node]: Fine door final yaw alignment: observed_blue_9p2_1p4, dist=0.18m/0.17m, yaw_error=57deg, cmd=(0.00, 0.25)
[door_detection_node-24] [INFO] [1789537757.951835767] [door_detection_node]: Handle camera-ray projection: pixel=(224,129), range=1.950m, z=0.717m
[state_machine_node-28] [INFO] [1789537758.057472301] [state_machine_node]: Blue candidate door_blue_daea05 rejected: handle lateral 2.75m is outside wall band 2.20+0.35m.
[state_machine_node-28] [INFO] [1789537758.059166563] [state_machine_node]: Blue candidate door_blue_daea05 recorded with door-body progress and observed wall side because its direct projection was center-biased or crossed the corridor.
[state_machine_node-28] [INFO] [1789537758.060477610] [state_machine_node]: 문 접근 목표 보정: door_blue_a50bcb handle_axis=(9.87, 2.68) goal_axis=(9.87, 0.95) wall_axis=(9.87, 2.20) yaw=90deg
[door_detection_node-24] [INFO] [1789537758.578492383] [door_detection_node]: HSV handle observed: color=blue, pixel=(184,122), conf=0.15, door_bbox=(180,47,223,189)
[state_machine_node-28] [INFO] [1789537758.586981969] [state_machine_node]: 문 접근 목표 보정: door_blue_d59040 handle_axis=(12.78, -1.50) goal_axis=(12.78, -0.80) wall_axis=(12.78, -1.90) yaw=-90deg
[state_machine_node-28] [INFO] [1789537758.756016806] [state_machine_node]: Fine door final yaw alignment: observed_blue_9p2_1p4, dist=0.18m/0.17m, yaw_error=53deg, cmd=(0.00, 0.25)
[door_detection_node-24] [INFO] [1789537759.421951851] [door_detection_node]: Handle camera-ray projection: pixel=(264,130), range=1.950m, z=0.713m
[state_machine_node-28] [INFO] [1789537759.429751595] [state_machine_node]: 문 접근 목표 보정: door_blue_b912c5 handle_axis=(10.01, 2.71) goal_axis=(10.01, 0.95) wall_axis=(10.01, 2.20) yaw=90deg
[state_machine_node-28] [INFO] [1789537759.597622177] [state_machine_node]: Fine door final yaw alignment: observed_blue_9p2_1p4, dist=0.18m/0.17m, yaw_error=48deg, cmd=(0.00, 0.25)
[door_detection_node-24] [INFO] [1789537760.255166996] [door_detection_node]: HSV handle observed: color=blue, pixel=(222,122), conf=0.14, door_bbox=(217,47,265,193)
[state_machine_node-28] [INFO] [1789537760.262122491] [state_machine_node]: 문 접근 목표 보정: door_blue_e61ad0 handle_axis=(12.69, -1.46) goal_axis=(12.69, -0.80) wall_axis=(12.69, -1.90) yaw=-90deg
[state_machine_node-28] [INFO] [1789537760.443381880] [state_machine_node]: Fine door final yaw alignment: observed_blue_9p2_1p4, dist=0.18m/0.17m, yaw_error=44deg, cmd=(0.00, 0.25)
[state_machine_node-28] [INFO] [1789537761.265972379] [state_machine_node]: Fine door final yaw alignment: observed_blue_9p2_1p4, dist=0.18m/0.17m, yaw_error=40deg, cmd=(0.00, 0.25)
[door_detection_node-24] [INFO] [1789537761.647537080] [door_detection_node]: HSV handle observed: color=blue, pixel=(257,122), conf=0.15, door_bbox=(251,40,306,196)
[state_machine_node-28] [INFO] [1789537761.652641817] [state_machine_node]: 문 접근 목표 보정: door_blue_e61ad0 handle_axis=(12.53, -1.33) goal_axis=(12.53, -0.80) wall_axis=(12.53, -1.90) yaw=-90deg
[state_machine_node-28] [INFO] [1789537762.158772016] [state_machine_node]: Fine door final yaw alignment: observed_blue_9p2_1p4, dist=0.18m/0.17m, yaw_error=35deg, cmd=(0.00, 0.25)
[state_machine_node-28] [INFO] [1789537762.635890901] [state_machine_node]: Blue candidate door_blue_daea05 rejected: handle lateral 2.66m is outside wall band 2.20+0.35m.
[state_machine_node-28] [INFO] [1789537762.638276809] [state_machine_node]: Blue candidate door_blue_daea05 recorded with door-body progress and observed wall side because its direct projection was center-biased or crossed the corridor.
[state_machine_node-28] [INFO] [1789537762.639612889] [state_machine_node]: 문 접근 목표 보정: door_blue_b912c5 handle_axis=(9.83, 2.66) goal_axis=(9.83, 0.95) wall_axis=(9.83, 2.20) yaw=90deg
[state_machine_node-28] [INFO] [1789537762.846059117] [state_machine_node]: 문 접근 목표 보정: door_blue_daea05_1 handle_axis=(10.63, 5.43) goal_axis=(10.63, 0.95) wall_axis=(10.63, 2.20) yaw=90deg
[state_machine_node-28] [INFO] [1789537763.054134160] [state_machine_node]: Fine door final yaw alignment: observed_blue_9p2_1p4, dist=0.18m/0.17m, yaw_error=31deg, cmd=(0.00, 0.25)
[state_machine_node-28] [INFO] [1789537763.787338798] [state_machine_node]: 문 접근 목표 보정: door_blue_daea05 handle_axis=(10.40, 5.39) goal_axis=(10.40, 0.95) wall_axis=(10.40, 2.20) yaw=90deg
[state_machine_node-28] [INFO] [1789537763.965749876] [state_machine_node]: Fine door final yaw alignment: observed_blue_9p2_1p4, dist=0.17m/0.17m, yaw_error=26deg, cmd=(0.00, 0.25)
[state_machine_node-28] [INFO] [1789537764.769346641] [state_machine_node]: 문 접근 목표 보정: door_blue_daea05 handle_axis=(10.22, 5.34) goal_axis=(10.22, 0.95) wall_axis=(10.22, 2.20) yaw=90deg
[state_machine_node-28] [INFO] [1789537764.867021860] [state_machine_node]: Fine door final yaw alignment: observed_blue_9p2_1p4, dist=0.17m/0.17m, yaw_error=21deg, cmd=(0.00, 0.25)
[state_machine_node-28] [INFO] [1789537765.613058727] [state_machine_node]: 문 접근 목표 보정: door_blue_b5ea79 handle_axis=(9.60, 2.56) goal_axis=(9.60, 0.95) wall_axis=(9.60, 2.20) yaw=90deg
[state_machine_node-28] [INFO] [1789537765.742440797] [state_machine_node]: Fine door final yaw alignment: observed_blue_9p2_1p4, dist=0.17m/0.17m, yaw_error=15deg, cmd=(0.00, 0.20)
[state_machine_node-28] [INFO] [1789537765.801214727] [state_machine_node]: Blue candidate door_blue_daea05 rejected: handle lateral 2.74m is outside wall band 2.20+0.35m.
[state_machine_node-28] [INFO] [1789537765.803172375] [state_machine_node]: Blue candidate door_blue_daea05 recorded with door-body progress and observed wall side because its direct projection was center-biased or crossed the corridor.
[state_machine_node-28] [INFO] [1789537765.806235800] [state_machine_node]: 문 접근 목표 보정: door_blue_07a944 handle_axis=(10.26, 2.74) goal_axis=(10.26, 0.95) wall_axis=(10.26, 2.20) yaw=90deg
[state_machine_node-28] [INFO] [1789537766.623756876] [state_machine_node]: Fine door final yaw alignment: observed_blue_9p2_1p4, dist=0.16m/0.17m, yaw_error=11deg, cmd=(0.00, 0.14)
[state_machine_node-28] [INFO] [1789537766.736662091] [state_machine_node]: 문 접근 목표 보정: door_blue_07a944 handle_axis=(10.16, 2.73) goal_axis=(10.16, 0.95) wall_axis=(10.16, 2.20) yaw=90deg
[state_machine_node-28] [INFO] [1789537767.071526452] [state_machine_node]: 문 접근 목표 보정: door_blue_b5ea79 handle_axis=(9.52, 2.51) goal_axis=(9.52, 0.95) wall_axis=(9.52, 2.20) yaw=90deg
[state_machine_node-28] [INFO] [1789537767.074552358] [state_machine_node]: 문 접근 목표 보정: door_blue_b5ea79 handle_axis=(9.52, 2.51) goal_axis=(9.52, 0.95) wall_axis=(9.52, 2.20) yaw=90deg
[state_machine_node-28] [INFO] [1789537767.077673962] [state_machine_node]: 문 접근 목표 보정: door_blue_b5ea79 handle_axis=(9.52, 2.51) goal_axis=(9.52, 0.95) wall_axis=(9.52, 2.20) yaw=90deg
[state_machine_node-28] [INFO] [1789537767.502738271] [state_machine_node]: Fine door approach accepted for manipulation verification: observed_blue_9p2_1p4, dist=0.16m/0.24m, lateral=0.04m/0.18m, yaw_error=7deg/10deg.
[state_machine_node-28] [INFO] [1789537767.503388693] [state_machine_node]: 문 앞 정렬 완료. 2.8s 정지 후 개방합니다.
[door_detection_node-24] [INFO] [1789537767.640964647] [door_detection_node]: HSV handle observed: color=blue, pixel=(129,128), conf=0.99, door_bbox=(0,0,165,240)
[door_detection_node-24] [INFO] [1789537767.644301815] [door_detection_node]: Handle camera-ray projection: pixel=(129,128), range=1.090m, z=0.752m
[state_machine_node-28] [INFO] [1789537767.651533829] [state_machine_node]: Blue candidate door_blue_daea05 recorded at camera-ray intersection with the observed corridor wall.
[state_machine_node-28] [INFO] [1789537767.652594940] [state_machine_node]: 문 접근 목표 보정: door_blue_ad352e handle_axis=(10.47, 1.89) goal_axis=(10.47, 0.80) wall_axis=(10.47, 1.90) yaw=90deg
[state_machine_node-28] [INFO] [1789537767.656129063] [state_machine_node]: 문 접근 목표 보정: door_blue_ad352e handle_axis=(10.47, 1.89) goal_axis=(10.47, 0.80) wall_axis=(10.47, 1.90) yaw=90deg
[state_machine_node-28] [INFO] [1789537767.658002040] [state_machine_node]: 문 접근 목표 보정: door_blue_ad352e handle_axis=(10.47, 1.89) goal_axis=(10.47, 0.80) wall_axis=(10.47, 1.90) yaw=90deg
[door_detection_node-24] [INFO] [1789537768.783349978] [door_detection_node]: HSV handle observed: color=blue, pixel=(132,128), conf=0.97, door_bbox=(0,0,168,240)
[door_detection_node-24] [INFO] [1789537768.787770317] [door_detection_node]: Handle camera-ray projection: pixel=(132,128), range=1.018m, z=0.754m
[state_machine_node-28] [INFO] [1789537768.797481993] [state_machine_node]: 문 접근 목표 보정: door_blue_ad352e handle_axis=(10.47, 1.82) goal_axis=(10.47, 0.80) wall_axis=(10.47, 1.90) yaw=90deg
[state_machine_node-28] [INFO] [1789537768.801837317] [state_machine_node]: 문 접근 목표 보정: door_blue_ad352e handle_axis=(10.47, 1.82) goal_axis=(10.47, 0.80) wall_axis=(10.47, 1.90) yaw=90deg
[state_machine_node-28] [INFO] [1789537768.805037644] [state_machine_node]: 문 접근 목표 보정: door_blue_ad352e handle_axis=(10.47, 1.82) goal_axis=(10.47, 0.80) wall_axis=(10.47, 1.90) yaw=90deg
[door_detection_node-24] [INFO] [1789537769.916433345] [door_detection_node]: HSV handle observed: color=blue, pixel=(132,128), conf=0.97, door_bbox=(0,0,168,240)
[door_detection_node-24] [INFO] [1789537769.919675754] [door_detection_node]: Handle camera-ray projection: pixel=(132,128), range=1.030m, z=0.754m
[state_machine_node-28] [INFO] [1789537769.927158621] [state_machine_node]: 문 접근 목표 보정: door_blue_ad352e handle_axis=(10.47, 1.83) goal_axis=(10.47, 0.80) wall_axis=(10.47, 1.90) yaw=90deg
[state_machine_node-28] [INFO] [1789537769.931947398] [state_machine_node]: 문 접근 목표 보정: door_blue_ad352e handle_axis=(10.47, 1.83) goal_axis=(10.47, 0.80) wall_axis=(10.47, 1.90) yaw=90deg
[state_machine_node-28] [INFO] [1789537769.934057351] [state_machine_node]: 문 접근 목표 보정: door_blue_ad352e handle_axis=(10.47, 1.83) goal_axis=(10.47, 0.80) wall_axis=(10.47, 1.90) yaw=90deg
[door_detection_node-24] [INFO] [1789537770.918167213] [door_detection_node]: HSV handle observed: color=blue, pixel=(132,128), conf=0.97, door_bbox=(0,0,168,240)
[door_detection_node-24] [INFO] [1789537770.922180003] [door_detection_node]: Handle camera-ray projection: pixel=(132,128), range=1.051m, z=0.753m
[state_machine_node-28] [INFO] [1789537770.927865054] [state_machine_node]: Blue candidate door_blue_daea05 recorded at camera-ray intersection with the observed corridor wall.
[state_machine_node-28] [INFO] [1789537770.928938776] [state_machine_node]: 문 접근 목표 보정: door_blue_ad352e handle_axis=(10.47, 1.85) goal_axis=(10.47, 0.80) wall_axis=(10.47, 1.90) yaw=90deg
[state_machine_node-28] [INFO] [1789537770.931774178] [state_machine_node]: 문 접근 목표 보정: door_blue_ad352e handle_axis=(10.47, 1.85) goal_axis=(10.47, 0.80) wall_axis=(10.47, 1.90) yaw=90deg
[state_machine_node-28] [INFO] [1789537770.933971791] [state_machine_node]: 문 접근 목표 보정: door_blue_ad352e handle_axis=(10.47, 1.85) goal_axis=(10.47, 0.80) wall_axis=(10.47, 1.90) yaw=90deg
[state_machine_node-28] [INFO] [1789537771.863064870] [state_machine_node]: 문 접근 목표 보정: door_blue_ad352e handle_axis=(10.47, 1.90) goal_axis=(10.47, 0.80) wall_axis=(10.47, 1.90) yaw=90deg
[state_machine_node-28] [INFO] [1789537771.866772952] [state_machine_node]: 문 접근 목표 보정: door_blue_ad352e handle_axis=(10.47, 1.90) goal_axis=(10.47, 0.80) wall_axis=(10.47, 1.90) yaw=90deg
[state_machine_node-28] [INFO] [1789537771.869888603] [state_machine_node]: 문 접근 목표 보정: door_blue_ad352e handle_axis=(10.47, 1.90) goal_axis=(10.47, 0.80) wall_axis=(10.47, 1.90) yaw=90deg
[state_machine_node-28] [INFO] [1789537772.583872264] [state_machine_node]: Final handle refreshed from current observation: observed_blue_9p2_1p4, method=hsv, point=(7.472,1.904,0.850)
[state_machine_node-28] [INFO] [1789537772.642078028] [state_machine_node]: Observed blue target observed_blue_9p2_1p4 confirmed by current same-wall live blue evidence before opening (candidate=door_blue_daea05, progress_gap=0.00/0.90, lateral_gap=0.00/0.48, conf=1.00/0.58).
[state_machine_node-28] [INFO] [1789537772.644575833] [state_machine_node]: Observed blue target observed_blue_9p2_1p4 accepted for opening from recheckable mapped wall memory after close alignment (count=85, conf=1.00, progress_gap=0.01m, lateral_gap=0.02m).
[state_machine_node-28] [INFO] [1789537772.671328237] [state_machine_node]: State: NAVIGATING → OPENING_DOOR
[door_detection_node-24] [INFO] [1789537772.981201383] [door_detection_node]: HSV handle observed: color=blue, pixel=(132,128), conf=0.97, door_bbox=(0,0,168,240)
[door_detection_node-24] [INFO] [1789537772.985199136] [door_detection_node]: Handle camera-ray projection: pixel=(132,128), range=0.993m, z=0.755m
[state_machine_node-28] [INFO] [1789537773.465997519] [state_machine_node]: 문 개방 요청 손잡이: id=observed_blue_9p2_1p4__axis_p10p47_p1p90, method=hsv, conf=0.97, frame=map, pos=(7.472,1.904,0.850)
[manipulation_node-26] [INFO] [1789537773.489405903] [manipulation_node]: Open door request: id=observed_blue_9p2_1p4__axis_p10p47_p1p90, handle_method=hsv, handle_detected=True, handle_conf=0.97
[manipulation_node-26] [INFO] [1789537773.504969127] [manipulation_node]: Manipulation phase: LOCALIZE_HANDLE:observed_blue_9p2_1p4__axis_p10p47_p1p90
[manipulation_node-26] [INFO] [1789537773.520033700] [manipulation_node]: Transformed handle_position map -> base_link: (1.095, 0.131, 0.752)
[manipulation_node-26] [INFO] [1789537773.520731363] [manipulation_node]: Manipulation phase: PRE_GRASP:observed_blue_9p2_1p4__axis_p10p47_p1p90
[manipulation_node-26] [INFO] [1789537773.521255884] [manipulation_node]: Step 1/4: Moving to pre-grasp position
[manipulation_node-26] [INFO] [1789537773.522124871] [manipulation_node]:   [SIM] Pre-grasp at (0.975, 0.131, 0.752)
[manipulation_node-26] [INFO] [1789537773.551780055] [manipulation_node]:   [SIM] Arm target stage=pre_grasp: joint1=0.19, joint2=0.97, joint3=-0.11, joint4=0.00, joint5=0.00, joint6=0.00
[state_machine_node-28] [INFO] [1789537773.975499817] [state_machine_node]: Blue candidate door_blue_daea05 recorded at camera-ray intersection with the observed corridor wall.
[manipulation_node-26] [INFO] [1789537774.590116143] [manipulation_node]: Manipulation phase: GRASP_HANDLE:observed_blue_9p2_1p4__axis_p10p47_p1p90
[manipulation_node-26] [INFO] [1789537774.590766663] [manipulation_node]: Step 2/4: Grasping handle
[manipulation_node-26] [INFO] [1789537774.591238855] [manipulation_node]:   [SIM] Gripper closing
[manipulation_node-26] [INFO] [1789537774.591885700] [manipulation_node]:   [SIM] Arm target stage=grasp: joint1=0.19, joint2=0.97, joint3=-0.11, joint4=0.00, joint5=0.00, joint6=0.00
[door_detection_node-24] [INFO] [1789537775.068002945] [door_detection_node]: HSV handle observed: color=blue, pixel=(132,128), conf=0.97, door_bbox=(0,0,168,240)
[door_detection_node-24] [INFO] [1789537775.071578781] [door_detection_node]: Handle camera-ray projection: pixel=(132,128), range=1.043m, z=0.754m
[manipulation_node-26] [INFO] [1789537775.648344653] [manipulation_node]: Manipulation phase: PRESS_HANDLE:observed_blue_9p2_1p4__axis_p10p47_p1p90
[manipulation_node-26] [INFO] [1789537775.648949534] [manipulation_node]: Step 3/5: Pressing lever handle
[manipulation_node-26] [INFO] [1789537775.649504443] [manipulation_node]:   [SIM] Pressing lever down 0.070m before push
[manipulation_node-26] [INFO] [1789537775.650351449] [manipulation_node]:   [SIM] Arm target stage=press: joint1=0.19, joint2=1.04, joint3=-0.11, joint4=0.00, joint5=0.00, joint6=0.00
[door_detection_node-24] [INFO] [1789537776.116348807] [door_detection_node]: HSV handle observed: color=blue, pixel=(132,128), conf=0.97, door_bbox=(0,0,168,240)
[door_detection_node-24] [INFO] [1789537776.118835490] [door_detection_node]: Handle camera-ray projection: pixel=(132,128), range=1.046m, z=0.753m
[manipulation_node-26] [INFO] [1789537776.676976780] [manipulation_node]: Manipulation phase: PUSH_OPEN:observed_blue_9p2_1p4__axis_p10p47_p1p90
[manipulation_node-26] [INFO] [1789537776.677482882] [manipulation_node]: Step 4/5: Pushing door open
[manipulation_node-26] [INFO] [1789537776.678020551] [manipulation_node]:   [SIM] Holding the pressed handle while the base opens the hinged Gazebo door 2.09rad
[manipulation_node-26] [INFO] [1789537776.698391662] [manipulation_node]:   [SIM] Arm target stage=push: joint1=0.19, joint2=0.97, joint3=-0.11, joint4=0.00, joint5=0.00, joint6=0.00
[manipulation_node-26] [INFO] [1789537776.749842999] [manipulation_node]:   [SIM] Matched observed door observed_blue_9p2_1p4__axis_p10p47_p1p90 to /fire_robot/door/blue/x720/yp186/sn/cmd (distance=0.03m, score=0.001, source=map_handle, match=(7.47,1.90))
[manipulation_node-26] [INFO] [1789537776.750351008] [manipulation_node]:   [SIM] Gazebo door topic=/fire_robot/door/blue/x720/yp186/sn/cmd, target_angle=2.094
[state_machine_node-28] [INFO] [1789537777.209656440] [state_machine_node]: Blue candidate door_blue_daea05_1 rejected: handle lateral 5.34m is outside wall band 2.20+0.35m.
[state_machine_node-28] [INFO] [1789537777.211718777] [state_machine_node]: Blue candidate door_blue_daea05_1 recorded with door-body progress and observed wall side because its direct projection was center-biased or crossed the corridor.
[door_detection_node-24] [INFO] [1789537777.876912685] [door_detection_node]: YOLO handle observed (primary): pixel=(87,234), conf=0.34, bbox=(56, 228, 118, 240)
[door_detection_node-24] [INFO] [1789537777.880312591] [door_detection_node]: Handle camera-ray projection: pixel=(87,234), range=1.038m, z=0.650m
[state_machine_node-28] [INFO] [1789537777.885023663] [state_machine_node]: Blue candidate door_blue_daea05 recorded at camera-ray intersection with the observed corridor wall.
[door_detection_node-24] [INFO] [1789537778.906213858] [door_detection_node]: HSV handle observed: color=blue, pixel=(132,128), conf=0.97, door_bbox=(0,0,168,240)
[door_detection_node-24] [INFO] [1789537778.909587622] [door_detection_node]: Handle camera-ray projection: pixel=(132,128), range=1.019m, z=0.754m
[door_detection_node-24] [INFO] [1789537779.730672696] [door_detection_node]: YOLO handle observed (primary): pixel=(92,221), conf=0.63, bbox=(63, 207, 120, 235)
[door_detection_node-24] [INFO] [1789537780.712995775] [door_detection_node]: Handle camera-ray projection: pixel=(91,220), range=1.023m, z=0.650m
[door_detection_node-24] [INFO] [1789537781.867727740] [door_detection_node]: YOLO handle observed (primary): pixel=(72,129), conf=0.56, bbox=(45, 111, 99, 147)
[door_detection_node-24] [INFO] [1789537781.875472794] [door_detection_node]: Handle camera-ray projection: pixel=(72,129), range=1.609m, z=0.731m
[state_machine_node-28] [INFO] [1789537781.881042447] [state_machine_node]: Blue candidate door_blue_daea05 recorded at camera-ray intersection with the observed corridor wall.
[manipulation_node-26] [INFO] [1789537783.545635577] [manipulation_node]:   [SIM] Door model feedback verified: topic=/fire_robot/door/blue/x720/yp186/sn/cmd, model=door_blue2, angle=2.1000, target=2.0944
[manipulation_node-26] [INFO] [1789537784.552278441] [manipulation_node]: Manipulation phase: RELEASE_HANDLE:observed_blue_9p2_1p4__axis_p10p47_p1p90
[manipulation_node-26] [INFO] [1789537784.584337761] [manipulation_node]: Releasing the lever before arm recovery and base backoff
[manipulation_node-26] [INFO] [1789537785.619929647] [manipulation_node]: Manipulation phase: RETURN_HOME:observed_blue_9p2_1p4__axis_p10p47_p1p90
[manipulation_node-26] [INFO] [1789537785.635124154] [manipulation_node]: Step 5/5: Returning to home position
[manipulation_node-26] [INFO] [1789537785.667678572] [manipulation_node]:   [SIM] Returning to home position
[manipulation_node-26] [INFO] [1789537785.688488423] [manipulation_node]:   [SIM] Arm target stage=home: joint1=0.00, joint2=0.00, joint3=0.00, joint4=0.00, joint5=0.00, joint6=0.00
[manipulation_node-26] [INFO] [1789537789.070299441] [manipulation_node]:   [SIM] Arm home verified by joint feedback: max_error=0.042rad
[manipulation_node-26] [INFO] [1789537789.070780797] [manipulation_node]: Manipulation phase: POST_OPEN_BACKOFF:observed_blue_9p2_1p4__axis_p10p47_p1p90
[manipulation_node-26] [INFO] [1789537789.071073509] [manipulation_node]: Backing away from opened door with limited micro reverse
[manipulation_node-26] [INFO] [1789537791.356579380] [manipulation_node]: Manipulation phase: COMPLETE:observed_blue_9p2_1p4__axis_p10p47_p1p90
[state_machine_node-28] [INFO] [1789537791.376842715] [state_machine_node]: 열린 파란 문 재관측 후보 2개 정리. 다음 목표 선택에서 제외합니다.
[state_machine_node-28] [INFO] [1789537791.377308248] [state_machine_node]: 문 개방 성공: observed_blue_9p2_1p4  누적 개방: 2개
[state_machine_node-28] [INFO] [1789537791.377586099] [state_machine_node]: State: OPENING_DOOR → DOOR_OPENED
[state_machine_node-28] [INFO] [1789537791.576908569] [state_machine_node]: 다음 파란 문 탐색 시작 (개방 완료: 2개)
[state_machine_node-28] [INFO] [1789537791.577750570] [state_machine_node]: State: DOOR_OPENED → EXPLORING
[state_machine_node-28] [INFO] [1789537792.587552103] [state_machine_node]: Post-open side retreat started: lateral=0.77m, target_abs=0.48m.
[state_machine_node-28] [INFO] [1789537792.588800642] [state_machine_node]: Post-open side retreat: lateral=0.77m, moved=0.00/1.10m, yaw_error=-173deg, cmd=(0.00, -0.50)
[state_machine_node-28] [INFO] [1789537793.623578522] [state_machine_node]: Post-open side retreat: lateral=0.77m, moved=0.00/1.10m, yaw_error=-162deg, cmd=(0.00, -0.50)
[state_machine_node-28] [INFO] [1789537795.481132091] [state_machine_node]: Post-open side retreat: lateral=0.77m, moved=0.00/1.10m, yaw_error=-143deg, cmd=(0.00, -0.50)
[door_detection_node-24] [INFO] [1789537796.452396236] [door_detection_node]: HSV handle observed: color=blue, pixel=(230,122), conf=0.16, door_bbox=(225,45,273,195)
[state_machine_node-28] [INFO] [1789537797.247247481] [state_machine_node]: Post-open side retreat: lateral=0.77m, moved=0.00/1.10m, yaw_error=-125deg, cmd=(0.00, -0.50)
[door_detection_node-24] [INFO] [1789537797.788810437] [door_detection_node]: HSV handle observed: color=blue, pixel=(61,124), conf=0.40, door_bbox=(25,0,58,240)
[state_machine_node-28] [INFO] [1789537797.794072437] [state_machine_node]: blue candidate (6.2, 2.3) rejected: same-wall blue observation is inside the opened-door remnant window (opened_progress=10.5m, gap=-1.3m, window=2.4m).
[state_machine_node-28] [INFO] [1789537799.052089880] [state_machine_node]: Post-open side retreat: lateral=0.79m, moved=0.00/1.10m, yaw_error=-106deg, cmd=(0.00, -0.50)
[door_detection_node-24] [INFO] [1789537799.632330428] [door_detection_node]: HSV handle observed: color=blue, pixel=(92,122), conf=0.20, door_bbox=(87,48,130,188)
[state_machine_node-28] [INFO] [1789537801.052448080] [state_machine_node]: Post-open side retreat: lateral=0.85m, moved=0.00/1.10m, yaw_error=-81deg, cmd=(0.00, -0.50)
[door_detection_node-24] [INFO] [1789537802.502637875] [door_detection_node]: YOLO handle observed (primary): pixel=(230,122), conf=0.26, bbox=(216, 113, 245, 132)
[door_detection_node-24] [INFO] [1789537802.507849892] [door_detection_node]: Handle camera-ray projection: pixel=(230,122), range=1.303m, z=0.778m
[state_machine_node-28] [INFO] [1789537802.828449092] [state_machine_node]: Post-open side retreat: lateral=0.88m, moved=0.00/1.10m, yaw_error=-60deg, cmd=(0.00, -0.50)
[door_detection_node-24] [INFO] [1789537803.770182072] [door_detection_node]: HSV handle observed: color=blue, pixel=(172,122), conf=0.16, door_bbox=(169,49,209,186)
[state_machine_node-28] [INFO] [1789537803.783424749] [state_machine_node]: 보조 비상구 관측 저장: door_green_31587a (16.1, 0.2)
[state_machine_node-28] [WARN] [1789537803.784521047] [state_machine_node]: Exit candidate door_green_31587a accepted despite a backward localization progress estimate: robot=10.4m, opened_floor=10.5m, exit=19.1m.
[state_machine_node-28] [INFO] [1789537804.709142671] [state_machine_node]: Post-open side retreat: lateral=0.89m, moved=0.00/1.10m, yaw_error=-43deg, cmd=(0.00, -0.50)
[door_detection_node-24] [INFO] [1789537805.667254055] [door_detection_node]: YOLO handle observed (primary): pixel=(99,122), conf=0.27, bbox=(85, 114, 113, 131)
[door_detection_node-24] [INFO] [1789537805.673399768] [door_detection_node]: Handle camera-ray projection: pixel=(99,122), range=1.350m, z=0.778m
[door_detection_node-24] [INFO] [1789537806.142961259] [door_detection_node]: HSV handle observed: color=blue, pixel=(294,122), conf=0.09, door_bbox=(286,73,316,164)
[state_machine_node-28] [INFO] [1789537806.156075021] [state_machine_node]: Blue candidate door_blue_11b72f ignored: physical/opened door station already handled nearby at (2.77, -1.31).
[door_detection_node-24] [INFO] [1789537806.884740783] [door_detection_node]: YOLO handle observed (primary): pixel=(56,122), conf=0.72, bbox=(40, 112, 72, 132)
[door_detection_node-24] [INFO] [1789537806.888804524] [door_detection_node]: Handle camera-ray projection: pixel=(56,122), range=1.352m, z=0.778m
[state_machine_node-28] [INFO] [1789537806.925473627] [state_machine_node]: Post-open side retreat: lateral=0.89m, moved=0.00/1.10m, yaw_error=-24deg, cmd=(0.00, -0.50)
[state_machine_node-28] [INFO] [1789537808.056921208] [state_machine_node]: Post-open side retreat: lateral=0.89m, moved=0.00/1.10m, yaw_error=-13deg, cmd=(0.00, -0.50)
[door_detection_node-24] [INFO] [1789537808.075050042] [door_detection_node]: YOLO handle observed (primary): pixel=(17,122), conf=0.61, bbox=(1, 112, 33, 133)
[door_detection_node-24] [INFO] [1789537808.077992279] [door_detection_node]: Handle camera-ray projection: pixel=(17,122), range=1.367m, z=0.779m
[door_detection_node-24] [INFO] [1789537809.088159582] [door_detection_node]: HSV handle observed: color=red, pixel=(64,122), conf=0.01, door_bbox=(43,37,98,198)
[state_machine_node-28] [INFO] [1789537809.133507750] [state_machine_node]: Post-open side retreat: lateral=0.89m, moved=0.00/1.10m, yaw_error=-2deg, cmd=(0.18, -0.02)
[door_detection_node-24] [INFO] [1789537810.122397423] [door_detection_node]: YOLO handle observed (primary): pixel=(242,122), conf=0.29, bbox=(228, 112, 256, 133)
[door_detection_node-24] [INFO] [1789537810.129519276] [door_detection_node]: Handle camera-ray projection: pixel=(242,122), range=3.989m, z=0.757m
[door_detection_node-24] [INFO] [1789537810.513651306] [door_detection_node]: HSV handle observed: color=red, pixel=(42,122), conf=0.02, door_bbox=(21,33,77,203)
[state_machine_node-28] [INFO] [1789537810.886635077] [state_machine_node]: Post-open side retreat: lateral=0.72m, moved=0.04/1.10m, yaw_error=-0deg, cmd=(0.18, -0.00)
[door_detection_node-24] [INFO] [1789537811.717681551] [door_detection_node]: HSV handle observed: color=blue, pixel=(232,122), conf=0.17, door_bbox=(226,41,274,198)
[state_machine_node-28] [INFO] [1789537812.756970756] [state_machine_node]: Post-open side retreat: lateral=0.55m, moved=0.22/1.10m, yaw_error=-0deg, cmd=(0.18, -0.00)
[door_detection_node-24] [INFO] [1789537813.388859898] [door_detection_node]: HSV handle observed: color=blue, pixel=(224,122), conf=0.18, door_bbox=(218,39,264,200)
[state_machine_node-28] [INFO] [1789537813.683697125] [state_machine_node]: Post-open side retreat complete: lateral=0.45m <= target=0.48m
[state_machine_node-28] [WARN] [1789537813.701577243] [state_machine_node]: Exit candidate door_green_42730b accepted despite a backward localization progress estimate: robot=10.5m, opened_floor=10.5m, exit=19.1m.
[state_machine_node-28] [INFO] [1789537813.706734955] [state_machine_node]: Observed blue cluster (10.0, -1.5) will be rechecked before exit despite red/exit-sensitive memory: count=20, conf=0.68, fresh=True.
[state_machine_node-28] [INFO] [1789537813.707868188] [state_machine_node]: Observed blue cluster (10.0, -1.5) will be rechecked because unresolved repeated blue evidence must be verified at the mapped station.
[state_machine_node-28] [INFO] [1789537813.720432451] [state_machine_node]: Blue candidate door_blue_224623 accepted despite nearby red observation: exit-tail wall-side blue memory must be rechecked before opening.
[state_machine_node-28] [INFO] [1789537813.725694392] [state_machine_node]: Blue candidate door_blue_224623 rejected near recent red observation (conf=0.68).
[state_machine_node-28] [INFO] [1789537813.757157459] [state_machine_node]: Observed blue cluster accepted from repeated wall-side memory; opening will still require live blue evidence: count=2, conf=0.33/0.34.
[state_machine_node-28] [INFO] [1789537813.798124699] [state_machine_node]: blue candidate (8.7, 2.2) rejected: same-wall blue observation is inside the opened-door remnant window (opened_progress=10.5m, gap=1.3m, window=2.4m).
[state_machine_node-28] [WARN] [1789537813.804663780] [state_machine_node]: 파란 문 후보 (8.7, 2.2) 포기: opened door remnant projected to a same-wall target station. 불안정/실패 후보로 보고 다음 관찰을 계속합니다.
[state_machine_node-28] [INFO] [1789537813.806322918] [state_machine_node]: 문 접근 목표 보정: observed_blue_11p7_m1p3 handle_axis=(11.69, -1.33) goal_axis=(11.69, -0.80) wall_axis=(11.69, -1.90) yaw=-90deg
[state_machine_node-28] [INFO] [1789537813.810108576] [state_machine_node]: 문 접근 목표 보정: observed_blue_13p0_m1p5 handle_axis=(13.00, -1.53) goal_axis=(13.00, -0.80) wall_axis=(13.00, -1.90) yaw=-90deg
[state_machine_node-28] [INFO] [1789537813.830161753] [state_machine_node]: 문 접근 목표 보정: observed_blue_11p7_m1p3 handle_axis=(11.69, -1.33) goal_axis=(11.69, -0.80) wall_axis=(11.69, -1.90) yaw=-90deg
[state_machine_node-28] [INFO] [1789537813.831954679] [state_machine_node]: 문 접근 목표 보정: observed_blue_13p0_m1p5 handle_axis=(13.00, -1.53) goal_axis=(13.00, -0.80) wall_axis=(13.00, -1.90) yaw=-90deg
[state_machine_node-28] [WARN] [1789537813.842035884] [state_machine_node]: Blue target observed_blue_13p0_m1p5 retained for revisit: stable unopened blue memory must be checked before exit even when it is behind the farthest opened station.
[state_machine_node-28] [INFO] [1789537813.848738630] [state_machine_node]: 문 접근 목표 보정: observed_blue_11p7_m1p3 handle_axis=(11.69, -1.33) goal_axis=(11.69, -0.80) wall_axis=(11.69, -1.90) yaw=-90deg
[state_machine_node-28] [INFO] [1789537813.850458454] [state_machine_node]: 문 접근 목표 보정: observed_blue_11p7_m1p3 handle_axis=(11.69, -1.90) goal_axis=(11.69, -0.80) wall_axis=(11.69, -1.90) yaw=-90deg
[state_machine_node-28] [INFO] [1789537813.852489436] [state_machine_node]: LiDAR+camera segment map 사전 스캔 시작: observed_blue_11p7_m1p3
[state_machine_node-28] [INFO] [1789537814.641560581] [state_machine_node]: 문 접근 목표 보정: observed_blue_11p7_m1p3 handle_axis=(11.69, -1.33) goal_axis=(11.69, -0.80) wall_axis=(11.69, -1.90) yaw=-90deg
[state_machine_node-28] [INFO] [1789537814.643583378] [state_machine_node]: 문 접근 목표 보정: observed_blue_13p0_m1p5 handle_axis=(13.00, -1.53) goal_axis=(13.00, -0.80) wall_axis=(13.00, -1.90) yaw=-90deg
[door_detection_node-24] [INFO] [1789537814.792261423] [door_detection_node]: HSV handle observed: color=blue, pixel=(220,122), conf=0.16, door_bbox=(215,35,260,201)
[state_machine_node-28] [INFO] [1789537815.593560616] [state_machine_node]: Observed blue cluster at (8.7, -1.3) selected from map memory without a current camera hit; opening will still require live blue confirmation.
[state_machine_node-28] [INFO] [1789537815.618447168] [state_machine_node]: 문 접근 목표 보정: observed_blue_11p7_m1p3 handle_axis=(11.69, -1.33) goal_axis=(11.69, -0.80) wall_axis=(11.69, -1.90) yaw=-90deg
[state_machine_node-28] [INFO] [1789537815.620473178] [state_machine_node]: 문 접근 목표 보정: observed_blue_13p1_m1p6 handle_axis=(13.12, -1.62) goal_axis=(13.12, -0.80) wall_axis=(13.12, -1.90) yaw=-90deg
[door_detection_node-24] [INFO] [1789537816.288085509] [door_detection_node]: HSV handle observed: color=blue, pixel=(220,122), conf=0.16, door_bbox=(215,35,260,201)
[state_machine_node-28] [INFO] [1789537816.500679624] [state_machine_node]: 문 접근 목표 보정: observed_blue_11p7_m1p3 handle_axis=(11.69, -1.33) goal_axis=(11.69, -0.80) wall_axis=(11.69, -1.90) yaw=-90deg
[state_machine_node-28] [INFO] [1789537816.503368796] [state_machine_node]: 문 접근 목표 보정: observed_blue_13p1_m1p6 handle_axis=(13.12, -1.62) goal_axis=(13.12, -0.80) wall_axis=(13.12, -1.90) yaw=-90deg
[state_machine_node-28] [INFO] [1789537816.507905467] [state_machine_node]: 사전 스캔 완료. Nav2가 segment map 기반 경로를 계획합니다: observed_blue_11p7_m1p3
[state_machine_node-28] [INFO] [1789537816.548300294] [state_machine_node]: Locked blue target after pre-scan: observed_blue_11p7_m1p3 opened=2 retry=0/2
[state_machine_node-28] [INFO] [1789537816.548911502] [state_machine_node]: State: EXPLORING → NAVIGATING
[navigation_node-25] [INFO] [1789537816.551606363] [navigation_node]: Navigation goal received: door observed_blue_11p7_m1p3 (color=blue, frame=map, x=8.69, y=-0.80)
[bt_navigator-16] [INFO] [1789537816.687371610] [bt_navigator]: Begin navigating from current location (7.48, 0.45) to (8.69, -0.80)
[navigation_node-25] [INFO] [1789537816.691424625] [navigation_node]: Navigation goal accepted by Nav2
[controller_server-12] [INFO] [1789537816.888613450] [controller_server]: Received a goal, begin computing control effort.
[door_detection_node-24] [INFO] [1789537817.790386875] [door_detection_node]: HSV handle observed: color=blue, pixel=(220,122), conf=0.16, door_bbox=(215,35,260,201)
[state_machine_node-28] [INFO] [1789537817.903155665] [state_machine_node]: 문 접근 목표 보정: door_blue_7e286d handle_axis=(13.23, -1.71) goal_axis=(13.23, -0.80) wall_axis=(13.23, -1.90) yaw=-90deg
[state_machine_node-28] [INFO] [1789537817.903603113] [state_machine_node]: Locked blue target refine skipped: door_blue_7e286d progress jump 1.53m > 1.05m
[controller_server-12] [INFO] [1789537818.139394617] [controller_server]: Passing new path to controller.
[door_detection_node-24] [INFO] [1789537819.336170845] [door_detection_node]: HSV handle observed: color=blue, pixel=(245,122), conf=0.16, door_bbox=(239,32,291,206)
[state_machine_node-28] [INFO] [1789537819.346719729] [state_machine_node]: 문 접근 목표 보정: door_blue_024186 handle_axis=(13.17, -1.72) goal_axis=(13.17, -0.80) wall_axis=(13.17, -1.90) yaw=-90deg
[state_machine_node-28] [WARN] [1789537819.348496208] [state_machine_node]: Exit candidate door_green_42730b accepted despite a backward localization progress estimate: robot=10.5m, opened_floor=10.5m, exit=19.1m.
[controller_server-12] [INFO] [1789537819.389428384] [controller_server]: Passing new path to controller.
[controller_server-12] [INFO] [1789537820.764759240] [controller_server]: Passing new path to controller.
[door_detection_node-24] [INFO] [1789537820.950116337] [door_detection_node]: HSV handle observed: color=blue, pixel=(264,122), conf=0.15, door_bbox=(256,24,312,216)
[state_machine_node-28] [INFO] [1789537821.061124650] [state_machine_node]: 문 접근 목표 보정: door_blue_024186 handle_axis=(13.12, -1.71) goal_axis=(13.12, -0.80) wall_axis=(13.12, -1.90) yaw=-90deg
[state_machine_node-28] [INFO] [1789537821.066486130] [state_machine_node]: Locked blue target refine skipped: door_blue_024186 progress jump 1.42m > 1.05m
[controller_server-12] [INFO] [1789537822.014407780] [controller_server]: Passing new path to controller.
[door_detection_node-24] [INFO] [1789537822.416577722] [door_detection_node]: HSV handle observed: color=blue, pixel=(284,122), conf=0.21, door_bbox=(278,18,319,222)
[state_machine_node-28] [INFO] [1789537822.431723922] [state_machine_node]: 문 접근 목표 보정: door_blue_024186 handle_axis=(12.50, -1.27) goal_axis=(12.50, -0.80) wall_axis=(12.50, -1.90) yaw=-90deg
[state_machine_node-28] [INFO] [1789537822.433905158] [state_machine_node]: Locked blue target refine skipped: door_blue_024186 moved inward 1.90m -> 1.27m from mission axis.
[controller_server-12] [INFO] [1789537823.389556818] [controller_server]: Passing new path to controller.
[door_detection_node-24] [INFO] [1789537824.550130195] [door_detection_node]: HSV handle observed: color=red, pixel=(256,122), conf=0.03, door_bbox=(239,26,275,214)
[controller_server-12] [INFO] [1789537824.639405230] [controller_server]: Passing new path to controller.
[controller_server-12] [INFO] [1789537825.889399578] [controller_server]: Passing new path to controller.
[door_detection_node-24] [INFO] [1789537826.629584422] [door_detection_node]: YOLO handle observed (primary): pixel=(31,124), conf=0.31, bbox=(15, 112, 47, 137)
[door_detection_node-24] [INFO] [1789537826.632193402] [door_detection_node]: Handle camera-ray projection: pixel=(31,124), range=3.138m, z=0.742m
[state_machine_node-28] [INFO] [1789537826.640785527] [state_machine_node]: 문 접근 목표 보정: door_blue_d7e540 handle_axis=(13.70, -1.70) goal_axis=(13.70, -0.80) wall_axis=(13.70, -1.90) yaw=-90deg
[state_machine_node-28] [WARN] [1789537826.643976696] [state_machine_node]: Exit candidate door_green_42730b accepted despite a backward localization progress estimate: robot=10.8m, opened_floor=10.5m, exit=19.1m.
[state_machine_node-28] [INFO] [1789537826.644805529] [state_machine_node]: Locked blue target refine skipped: door_blue_d7e540 progress jump 1.51m > 1.05m
[controller_server-12] [INFO] [1789537827.264399829] [controller_server]: Passing new path to controller.
[door_detection_node-24] [INFO] [1789537827.666838592] [door_detection_node]: HSV handle observed: color=blue, pixel=(48,123), conf=0.22, door_bbox=(46,12,87,227)
[state_machine_node-28] [INFO] [1789537827.686344520] [state_machine_node]: 문 접근 목표 보정: door_blue_d7e540 handle_axis=(13.25, -1.73) goal_axis=(13.25, -0.80) wall_axis=(13.25, -1.90) yaw=-90deg
[controller_server-12] [INFO] [1789537828.392260402] [controller_server]: Passing new path to controller.
[controller_server-12] [INFO] [1789537829.764541123] [controller_server]: Passing new path to controller.
[door_detection_node-24] [INFO] [1789537829.832617947] [door_detection_node]: HSV handle observed: color=blue, pixel=(100,122), conf=0.20, door_bbox=(96,5,139,233)
[state_machine_node-28] [INFO] [1789537829.843680993] [state_machine_node]: 문 접근 목표 보정: door_blue_42a789 handle_axis=(13.25, -1.77) goal_axis=(13.25, -0.80) wall_axis=(13.25, -1.90) yaw=-90deg
[state_machine_node-28] [WARN] [1789537829.846896613] [state_machine_node]: Exit candidate door_green_42730b accepted despite a backward localization progress estimate: robot=11.1m, opened_floor=10.5m, exit=19.1m.
[state_machine_node-28] [INFO] [1789537829.847802992] [state_machine_node]: Locked blue target refine skipped: door_blue_42a789 progress jump 1.55m > 1.05m
[state_machine_node-28] [INFO] [1789537830.726380440] [state_machine_node]: 문 접근 목표 보정: door_blue_42a789 handle_axis=(13.17, -1.78) goal_axis=(13.17, -0.80) wall_axis=(13.17, -1.90) yaw=-90deg
[controller_server-12] [INFO] [1789537831.014385683] [controller_server]: Passing new path to controller.
[door_detection_node-24] [INFO] [1789537831.618348705] [door_detection_node]: HSV handle observed: color=blue, pixel=(153,123), conf=0.21, door_bbox=(152,0,196,240)
[state_machine_node-28] [INFO] [1789537831.631848605] [state_machine_node]: 문 접근 목표 보정: door_blue_083dbc handle_axis=(13.15, -1.80) goal_axis=(13.15, -0.80) wall_axis=(13.15, -1.90) yaw=-90deg
[state_machine_node-28] [INFO] [1789537831.635809399] [state_machine_node]: 보조 비상구 관측 저장: door_green_31587a (16.4, -0.1)
[state_machine_node-28] [INFO] [1789537832.022509627] [state_machine_node]: Nav2 door goal position is near, but yaw is not ready yet: observed_blue_11p7_m1p3, dist=0.38m/0.38m, lateral=0.12m/0.24m, yaw_error=73deg.
[controller_server-12] [INFO] [1789537832.139406841] [controller_server]: Passing new path to controller.
[door_detection_node-24] [INFO] [1789537832.769736614] [door_detection_node]: HSV handle observed: color=blue, pixel=(192,124), conf=0.21, door_bbox=(189,0,242,238)
[state_machine_node-28] [INFO] [1789537832.778783907] [state_machine_node]: 문 접근 목표 보정: door_blue_083dbc handle_axis=(13.20, -1.86) goal_axis=(13.20, -0.80) wall_axis=(13.20, -1.90) yaw=-90deg
[state_machine_node-28] [INFO] [1789537832.779709822] [state_machine_node]: Locked blue target refine skipped: door_blue_083dbc progress jump 1.50m > 1.05m
[state_machine_node-28] [INFO] [1789537832.934649548] [state_machine_node]: Nav2 door goal position is near, but yaw is not ready yet: observed_blue_11p7_m1p3, dist=0.33m/0.38m, lateral=0.09m/0.24m, yaw_error=80deg.
[controller_server-12] [INFO] [1789537833.389377751] [controller_server]: Passing new path to controller.
[state_machine_node-28] [INFO] [1789537833.747532306] [state_machine_node]: 문 접근 목표 보정: door_blue_c17d46 handle_axis=(13.10, -1.85) goal_axis=(13.10, -0.80) wall_axis=(13.10, -1.90) yaw=-90deg
[state_machine_node-28] [WARN] [1789537833.750201040] [state_machine_node]: Exit candidate door_green_31587a accepted despite a backward localization progress estimate: robot=11.4m, opened_floor=10.5m, exit=19.4m.
[state_machine_node-28] [INFO] [1789537833.867157451] [state_machine_node]: Nav2 goal is close enough for fine door alignment: observed_blue_11p7_m1p3, dist=0.28m/0.38m, lateral=0.07m/0.24m, yaw_error=90deg.
[state_machine_node-28] [INFO] [1789537833.868411375] [state_machine_node]: Nav2 goal cancellation requested before door fine alignment.
[navigation_node-25] [INFO] [1789537833.868917880] [navigation_node]: Navigation cancellation requested for manual control handoff.
[state_machine_node-28] [INFO] [1789537833.870373014] [state_machine_node]: Fine door approach started: observed_blue_11p7_m1p3, dist=0.28m, lateral=0.07m, forward=0.27m, yaw_error=90deg
[state_machine_node-28] [INFO] [1789537833.871390155] [state_machine_node]: Fine door parking translation: observed_blue_11p7_m1p3, dist=0.28m/0.17m, heading_error=13deg, cmd=(0.07, 0.14)
[controller_server-12] [INFO] [1789537833.889405671] [controller_server]: Goal was canceled. Stopping the robot.
[controller_server-12] [INFO] [1789537833.889530882] [controller_server]: [follow_path] [ActionServer] Client requested to cancel the goal. Cancelling.
[bt_navigator-16] [INFO] [1789537833.889864742] [bt_navigator]: [navigate_to_pose] [ActionServer] Client requested to cancel the goal. Cancelling.
[bt_navigator-16] [INFO] [1789537833.890538370] [bt_navigator]: Goal canceled
[state_machine_node-28] [INFO] [1789537834.785384511] [state_machine_node]: Fine door parking translation: observed_blue_11p7_m1p3, dist=0.24m/0.17m, heading_error=13deg, cmd=(0.07, 0.14)
[state_machine_node-28] [INFO] [1789537835.672112857] [state_machine_node]: Fine door parking translation: observed_blue_11p7_m1p3, dist=0.21m/0.17m, heading_error=14deg, cmd=(0.07, 0.14)
[state_machine_node-28] [INFO] [1789537835.773997623] [state_machine_node]: 보조 비상구 관측 저장: door_green_27c4bd (17.3, -0.0)
[state_machine_node-28] [INFO] [1789537836.655631094] [state_machine_node]: Fine door parking translation: observed_blue_11p7_m1p3, dist=0.18m/0.17m, heading_error=15deg, cmd=(0.07, 0.14)
[state_machine_node-28] [INFO] [1789537837.674678720] [state_machine_node]: Fine door final yaw alignment: observed_blue_11p7_m1p3, dist=0.14m/0.17m, yaw_error=104deg, cmd=(0.00, -0.25)
[state_machine_node-28] [WARN] [1789537837.770705205] [state_machine_node]: Exit candidate door_green_27c4bd accepted despite a backward localization progress estimate: robot=11.6m, opened_floor=10.5m, exit=20.2m.
[state_machine_node-28] [INFO] [1789537838.379237138] [state_machine_node]: 문 접근 목표 보정: door_blue_224623 handle_axis=(13.44, -1.99) goal_axis=(13.44, -0.89) wall_axis=(13.44, -1.99) yaw=-90deg
[state_machine_node-28] [INFO] [1789537838.383131668] [state_machine_node]: 문 접근 목표 보정: door_blue_224623 handle_axis=(13.44, -1.99) goal_axis=(13.44, -0.89) wall_axis=(13.44, -1.99) yaw=-90deg
[state_machine_node-28] [INFO] [1789537838.385532413] [state_machine_node]: Locked blue target refine skipped: door_blue_224623 progress jump 1.75m > 1.05m
[state_machine_node-28] [INFO] [1789537838.547749120] [state_machine_node]: Fine door final yaw alignment: observed_blue_11p7_m1p3, dist=0.13m/0.17m, yaw_error=99deg, cmd=(0.00, -0.25)
[state_machine_node-28] [INFO] [1789537838.920027140] [state_machine_node]: 보조 비상구 관측 저장: door_green_27c4bd (17.2, -0.0)
[door_detection_node-24] [INFO] [1789537838.962078242] [door_detection_node]: YOLO handle observed (primary): pixel=(291,124), conf=0.25, bbox=(284, 115, 298, 133)
[door_detection_node-24] [INFO] [1789537838.966751877] [door_detection_node]: Handle camera-ray projection: pixel=(291,124), range=2.837m, z=0.747m
[state_machine_node-28] [INFO] [1789537839.477005170] [state_machine_node]: Fine door final yaw alignment: observed_blue_11p7_m1p3, dist=0.13m/0.17m, yaw_error=93deg, cmd=(0.00, -0.25)
[state_machine_node-28] [INFO] [1789537840.013610205] [state_machine_node]: 문 접근 목표 보정: door_blue_6584c5 handle_axis=(17.42, 1.64) goal_axis=(17.42, 0.80) wall_axis=(17.42, 1.90) yaw=90deg
[state_machine_node-28] [INFO] [1789537840.430105420] [state_machine_node]: Fine door final yaw alignment: observed_blue_11p7_m1p3, dist=0.12m/0.17m, yaw_error=87deg, cmd=(0.00, -0.25)
[state_machine_node-28] [INFO] [1789537841.142982936] [state_machine_node]: 문 접근 목표 보정: door_blue_daea05 handle_axis=(16.78, 1.36) goal_axis=(16.78, 0.80) wall_axis=(16.78, 1.90) yaw=90deg
[door_detection_node-24] [INFO] [1789537841.179035826] [door_detection_node]: YOLO handle observed (primary): pixel=(236,126), conf=0.54, bbox=(215, 113, 257, 138)
[door_detection_node-24] [INFO] [1789537841.183670379] [door_detection_node]: Handle camera-ray projection: pixel=(236,126), range=2.600m, z=0.726m
[state_machine_node-28] [INFO] [1789537841.193142956] [state_machine_node]: 문 접근 목표 보정: door_blue_c17d46 handle_axis=(13.97, -1.99) goal_axis=(13.97, -0.89) wall_axis=(13.97, -1.99) yaw=-90deg
[state_machine_node-28] [WARN] [1789537841.196046266] [state_machine_node]: Exit candidate door_green_27c4bd accepted despite a backward localization progress estimate: robot=11.6m, opened_floor=10.5m, exit=20.3m.
[state_machine_node-28] [INFO] [1789537841.199887433] [state_machine_node]: 문 접근 목표 보정: door_blue_c17d46 handle_axis=(13.97, -1.99) goal_axis=(13.97, -0.89) wall_axis=(13.97, -1.99) yaw=-90deg
[state_machine_node-28] [INFO] [1789537841.202539418] [state_machine_node]: Locked blue target refine skipped: door_blue_c17d46 progress jump 1.59m > 1.05m
[state_machine_node-28] [INFO] [1789537841.397324426] [state_machine_node]: Fine door final yaw alignment: observed_blue_11p7_m1p3, dist=0.12m/0.17m, yaw_error=81deg, cmd=(0.00, -0.25)
[state_machine_node-28] [INFO] [1789537842.002274225] [state_machine_node]: 보조 비상구 관측 저장: door_green_31587a (16.9, -0.0)
[state_machine_node-28] [INFO] [1789537842.055171327] [state_machine_node]: 문 접근 목표 보정: door_blue_cfbcd2 handle_axis=(13.76, -1.87) goal_axis=(13.76, -0.80) wall_axis=(13.76, -1.90) yaw=-90deg
[state_machine_node-28] [INFO] [1789537842.061620540] [state_machine_node]: 문 접근 목표 보정: door_blue_cfbcd2 handle_axis=(13.76, -1.87) goal_axis=(13.76, -0.80) wall_axis=(13.76, -1.90) yaw=-90deg
[state_machine_node-28] [INFO] [1789537842.295284826] [state_machine_node]: Fine door final yaw alignment: observed_blue_11p7_m1p3, dist=0.12m/0.17m, yaw_error=75deg, cmd=(0.00, -0.25)
[door_detection_node-24] [INFO] [1789537843.033020627] [door_detection_node]: YOLO handle observed (primary): pixel=(177,125), conf=0.50, bbox=(158, 112, 196, 138)
[door_detection_node-24] [INFO] [1789537843.038226682] [door_detection_node]: Handle camera-ray projection: pixel=(177,125), range=2.597m, z=0.734m
[state_machine_node-28] [INFO] [1789537843.046041094] [state_machine_node]: 문 접근 목표 보정: door_blue_cfbcd2 handle_axis=(13.98, -1.94) goal_axis=(13.98, -0.84) wall_axis=(13.98, -1.94) yaw=-90deg
[state_machine_node-28] [INFO] [1789537843.051775362] [state_machine_node]: 문 접근 목표 보정: door_blue_cfbcd2 handle_axis=(13.98, -1.94) goal_axis=(13.98, -0.84) wall_axis=(13.98, -1.94) yaw=-90deg
[state_machine_node-28] [INFO] [1789537843.231773054] [state_machine_node]: Fine door final yaw alignment: observed_blue_11p7_m1p3, dist=0.12m/0.17m, yaw_error=70deg, cmd=(0.00, -0.25)
[state_machine_node-28] [INFO] [1789537843.958858327] [state_machine_node]: 문 접근 목표 보정: door_blue_cfbcd2 handle_axis=(13.80, -1.85) goal_axis=(13.80, -0.80) wall_axis=(13.80, -1.90) yaw=-90deg
[state_machine_node-28] [INFO] [1789537843.968370805] [state_machine_node]: 문 접근 목표 보정: door_blue_cfbcd2 handle_axis=(13.80, -1.85) goal_axis=(13.80, -0.80) wall_axis=(13.80, -1.90) yaw=-90deg
[state_machine_node-28] [INFO] [1789537843.969474464] [state_machine_node]: Locked blue target refine skipped: door_blue_cfbcd2 progress jump 1.63m > 1.05m
[state_machine_node-28] [INFO] [1789537844.155977900] [state_machine_node]: Fine door final yaw alignment: observed_blue_11p7_m1p3, dist=0.12m/0.17m, yaw_error=64deg, cmd=(0.00, -0.25)
[state_machine_node-28] [INFO] [1789537845.053499035] [state_machine_node]: Fine door final yaw alignment: observed_blue_11p7_m1p3, dist=0.12m/0.17m, yaw_error=59deg, cmd=(0.00, -0.25)
[door_detection_node-24] [INFO] [1789537845.156695090] [door_detection_node]: HSV handle observed: color=blue, pixel=(125,124), conf=0.23, door_bbox=(124,0,180,240)
[state_machine_node-28] [INFO] [1789537845.168440786] [state_machine_node]: 문 접근 목표 보정: door_blue_ad352e handle_axis=(13.34, -1.87) goal_axis=(13.34, -0.80) wall_axis=(13.34, -1.90) yaw=-90deg
[state_machine_node-28] [WARN] [1789537845.174043745] [state_machine_node]: Exit candidate door_green_27c4bd accepted despite a backward localization progress estimate: robot=11.6m, opened_floor=10.5m, exit=20.3m.
[state_machine_node-28] [INFO] [1789537845.179194319] [state_machine_node]: 문 접근 목표 보정: door_blue_ad352e handle_axis=(13.34, -1.87) goal_axis=(13.34, -0.80) wall_axis=(13.34, -1.90) yaw=-90deg
[state_machine_node-28] [INFO] [1789537845.980259609] [state_machine_node]: Fine door final yaw alignment: observed_blue_11p7_m1p3, dist=0.12m/0.17m, yaw_error=55deg, cmd=(0.00, -0.25)
[state_machine_node-28] [INFO] [1789537846.123043080] [state_machine_node]: 문 접근 목표 보정: door_blue_ad352e handle_axis=(13.28, -1.81) goal_axis=(13.28, -0.80) wall_axis=(13.28, -1.90) yaw=-90deg
[state_machine_node-28] [INFO] [1789537846.130693486] [state_machine_node]: 문 접근 목표 보정: door_blue_ad352e handle_axis=(13.28, -1.81) goal_axis=(13.28, -0.80) wall_axis=(13.28, -1.90) yaw=-90deg
[state_machine_node-28] [INFO] [1789537846.134712514] [state_machine_node]: Locked blue target refine skipped: door_blue_ad352e progress jump 1.58m > 1.05m
[state_machine_node-28] [INFO] [1789537846.871619757] [state_machine_node]: Fine door final yaw alignment: observed_blue_11p7_m1p3, dist=0.12m/0.17m, yaw_error=51deg, cmd=(0.00, -0.25)
[door_detection_node-24] [INFO] [1789537847.031704667] [door_detection_node]: HSV handle observed: color=blue, pixel=(83,124), conf=0.28, door_bbox=(82,0,138,240)
[state_machine_node-28] [INFO] [1789537847.039699844] [state_machine_node]: 문 접근 목표 보정: door_blue_ad352e handle_axis=(13.27, -1.79) goal_axis=(13.27, -0.80) wall_axis=(13.27, -1.90) yaw=-90deg
[state_machine_node-28] [INFO] [1789537847.045002828] [state_machine_node]: 문 접근 목표 보정: door_blue_ad352e handle_axis=(13.27, -1.79) goal_axis=(13.27, -0.80) wall_axis=(13.27, -1.90) yaw=-90deg
[state_machine_node-28] [INFO] [1789537847.824460385] [state_machine_node]: Fine door final yaw alignment: observed_blue_11p7_m1p3, dist=0.12m/0.17m, yaw_error=46deg, cmd=(0.00, -0.25)
[door_detection_node-24] [INFO] [1789537848.167699435] [door_detection_node]: YOLO handle observed (primary): pixel=(56,124), conf=0.31, bbox=(37, 109, 74, 140)
[door_detection_node-24] [INFO] [1789537848.172426301] [door_detection_node]: Handle camera-ray projection: pixel=(56,124), range=2.366m, z=0.752m
[state_machine_node-28] [INFO] [1789537848.178912131] [state_machine_node]: 문 접근 목표 보정: door_blue_ad352e handle_axis=(13.79, -1.77) goal_axis=(13.79, -0.80) wall_axis=(13.79, -1.90) yaw=-90deg
[state_machine_node-28] [WARN] [1789537848.181581399] [state_machine_node]: Exit candidate door_green_27c4bd accepted despite a backward localization progress estimate: robot=11.6m, opened_floor=10.5m, exit=20.3m.
[state_machine_node-28] [INFO] [1789537848.185452081] [state_machine_node]: 문 접근 목표 보정: door_blue_ad352e handle_axis=(13.79, -1.77) goal_axis=(13.79, -0.80) wall_axis=(13.79, -1.90) yaw=-90deg
[state_machine_node-28] [INFO] [1789537848.185918564] [state_machine_node]: Locked blue target refine skipped: door_blue_ad352e progress jump 1.63m > 1.05m
[state_machine_node-28] [INFO] [1789537848.757256487] [state_machine_node]: Fine door final yaw alignment: observed_blue_11p7_m1p3, dist=0.12m/0.17m, yaw_error=42deg, cmd=(0.00, -0.25)
[door_detection_node-24] [INFO] [1789537849.180325768] [door_detection_node]: YOLO handle observed (primary): pixel=(32,126), conf=0.32, bbox=(11, 108, 52, 143)
[door_detection_node-24] [INFO] [1789537849.183124948] [door_detection_node]: Handle camera-ray projection: pixel=(32,126), range=2.471m, z=0.733m
[state_machine_node-28] [INFO] [1789537849.187986914] [state_machine_node]: 문 접근 목표 보정: door_blue_07a944 handle_axis=(13.89, -1.79) goal_axis=(13.89, -0.80) wall_axis=(13.89, -1.90) yaw=-90deg
[state_machine_node-28] [INFO] [1789537849.193882104] [state_machine_node]: 문 접근 목표 보정: door_blue_07a944 handle_axis=(13.89, -1.79) goal_axis=(13.89, -0.80) wall_axis=(13.89, -1.90) yaw=-90deg
[state_machine_node-28] [INFO] [1789537849.676079620] [state_machine_node]: Fine door final yaw alignment: observed_blue_11p7_m1p3, dist=0.12m/0.17m, yaw_error=38deg, cmd=(0.00, -0.25)
[door_detection_node-24] [INFO] [1789537850.382090841] [door_detection_node]: HSV handle observed: color=blue, pixel=(4,124), conf=0.27, door_bbox=(0,0,59,240)
[state_machine_node-28] [INFO] [1789537850.394907051] [state_machine_node]: 문 접근 목표 보정: door_blue_07a944 handle_axis=(13.30, -1.76) goal_axis=(13.30, -0.80) wall_axis=(13.30, -1.90) yaw=-90deg
[state_machine_node-28] [INFO] [1789537850.399563794] [state_machine_node]: 문 접근 목표 보정: door_blue_07a944 handle_axis=(13.30, -1.76) goal_axis=(13.30, -0.80) wall_axis=(13.30, -1.90) yaw=-90deg
[state_machine_node-28] [INFO] [1789537850.401985753] [state_machine_node]: Locked blue target refine skipped: door_blue_07a944 progress jump 1.61m > 1.05m
[state_machine_node-28] [INFO] [1789537850.615546669] [state_machine_node]: Fine door final yaw alignment: observed_blue_11p7_m1p3, dist=0.12m/0.17m, yaw_error=33deg, cmd=(0.00, -0.25)
[state_machine_node-28] [INFO] [1789537851.509494344] [state_machine_node]: Fine door final yaw alignment: observed_blue_11p7_m1p3, dist=0.11m/0.17m, yaw_error=28deg, cmd=(0.00, -0.25)
[state_machine_node-28] [INFO] [1789537852.431880769] [state_machine_node]: Fine door final yaw alignment: observed_blue_11p7_m1p3, dist=0.11m/0.17m, yaw_error=24deg, cmd=(0.00, -0.25)
[door_detection_node-24] [INFO] [1789537853.083983730] [door_detection_node]: YOLO handle observed (primary): pixel=(256,124), conf=0.36, bbox=(247, 115, 265, 134)
[door_detection_node-24] [INFO] [1789537853.089305195] [door_detection_node]: Handle camera-ray projection: pixel=(256,124), range=2.118m, z=0.756m
[state_machine_node-28] [INFO] [1789537853.094411826] [state_machine_node]: 파란 문 door_red_d31e94 handle 제외: door_pose와 진행축 차이가 큼 handle_axis=(13.57, -1.71), pose_axis=(15.58, -1.72), max_delta=1.60m
[state_machine_node-28] [INFO] [1789537853.148445000] [state_machine_node]: 문 접근 목표 보정: door_blue_b5ea79 handle_axis=(13.50, -1.73) goal_axis=(13.50, -0.80) wall_axis=(13.50, -1.90) yaw=-90deg
[state_machine_node-28] [WARN] [1789537853.151257238] [state_machine_node]: Exit candidate door_green_27c4bd accepted despite a backward localization progress estimate: robot=11.6m, opened_floor=10.5m, exit=20.3m.
[state_machine_node-28] [INFO] [1789537853.155936934] [state_machine_node]: 문 접근 목표 보정: door_blue_b5ea79 handle_axis=(13.50, -1.73) goal_axis=(13.50, -0.80) wall_axis=(13.50, -1.90) yaw=-90deg
[state_machine_node-28] [INFO] [1789537853.160202417] [state_machine_node]: Locked blue target refine skipped: door_blue_b5ea79 progress jump 1.42m > 1.05m
[state_machine_node-28] [INFO] [1789537853.387226648] [state_machine_node]: Fine door final yaw alignment: observed_blue_11p7_m1p3, dist=0.10m/0.17m, yaw_error=18deg, cmd=(0.00, -0.24)
[door_detection_node-24] [INFO] [1789537853.737324378] [door_detection_node]: HSV handle observed: color=red, pixel=(280,122), conf=0.05, door_bbox=(268,44,285,194)
[state_machine_node-28] [INFO] [1789537854.299900466] [state_machine_node]: Fine door approach accepted after near-target settling: observed_blue_11p7_m1p3, dist=0.09m/0.24m, lateral=0.08m/0.22m, yaw_error=13deg/16deg.
[state_machine_node-28] [INFO] [1789537854.300653141] [state_machine_node]: 문 앞 정렬 완료. 2.8s 정지 후 개방합니다.
[state_machine_node-28] [INFO] [1789537854.722097080] [state_machine_node]: 문 접근 목표 보정: door_blue_b5ea79 handle_axis=(13.07, -1.73) goal_axis=(13.07, -0.80) wall_axis=(13.07, -1.90) yaw=-90deg
[state_machine_node-28] [INFO] [1789537854.728873583] [state_machine_node]: 문 접근 목표 보정: door_blue_b5ea79 handle_axis=(13.07, -1.73) goal_axis=(13.07, -0.80) wall_axis=(13.07, -1.90) yaw=-90deg
[door_detection_node-24] [INFO] [1789537856.150905028] [door_detection_node]: HSV handle observed: color=blue, pixel=(219,124), conf=0.24, door_bbox=(217,0,285,240)
[state_machine_node-28] [INFO] [1789537856.161827566] [state_machine_node]: 문 접근 목표 보정: door_blue_b5ea79 handle_axis=(13.06, -1.72) goal_axis=(13.06, -0.80) wall_axis=(13.06, -1.90) yaw=-90deg
[state_machine_node-28] [WARN] [1789537856.163650221] [state_machine_node]: Exit candidate door_green_27c4bd accepted despite a backward localization progress estimate: robot=11.6m, opened_floor=10.5m, exit=20.3m.
[state_machine_node-28] [INFO] [1789537856.167246130] [state_machine_node]: 문 접근 목표 보정: door_blue_b5ea79 handle_axis=(13.06, -1.72) goal_axis=(13.06, -0.80) wall_axis=(13.06, -1.90) yaw=-90deg
[state_machine_node-28] [INFO] [1789537856.170731579] [state_machine_node]: Locked blue target refine skipped: door_blue_b5ea79 progress jump 1.36m > 1.05m
[door_detection_node-24] [INFO] [1789537857.611389626] [door_detection_node]: HSV handle observed: color=blue, pixel=(219,124), conf=0.24, door_bbox=(217,0,285,240)
[state_machine_node-28] [INFO] [1789537857.720931328] [state_machine_node]: 문 접근 목표 보정: door_blue_b5ea79 handle_axis=(13.05, -1.72) goal_axis=(13.05, -0.80) wall_axis=(13.05, -1.90) yaw=-90deg
[state_machine_node-28] [INFO] [1789537857.725377325] [state_machine_node]: 문 접근 목표 보정: door_blue_b5ea79 handle_axis=(13.05, -1.72) goal_axis=(13.05, -0.80) wall_axis=(13.05, -1.90) yaw=-90deg
[door_detection_node-24] [INFO] [1789537859.119167257] [door_detection_node]: HSV handle observed: color=blue, pixel=(219,124), conf=0.24, door_bbox=(217,0,285,240)
[state_machine_node-28] [INFO] [1789537859.228526265] [state_machine_node]: 문 접근 목표 보정: door_blue_b5ea79 handle_axis=(13.06, -1.72) goal_axis=(13.06, -0.80) wall_axis=(13.06, -1.90) yaw=-90deg
[state_machine_node-28] [WARN] [1789537859.231116061] [state_machine_node]: Exit candidate door_green_27c4bd accepted despite a backward localization progress estimate: robot=11.6m, opened_floor=10.5m, exit=20.3m.
[state_machine_node-28] [INFO] [1789537859.237351820] [state_machine_node]: 문 접근 목표 보정: door_blue_b5ea79 handle_axis=(13.06, -1.72) goal_axis=(13.06, -0.80) wall_axis=(13.06, -1.90) yaw=-90deg
[state_machine_node-28] [INFO] [1789537859.243656670] [state_machine_node]: Locked blue target refine skipped: door_blue_b5ea79 progress jump 1.36m > 1.05m
[state_machine_node-28] [INFO] [1789537859.732825487] [state_machine_node]: Observed blue cluster (10.2, -1.8) will be rechecked before exit despite red/exit-sensitive memory: count=50, conf=1.00, fresh=True.
[state_machine_node-28] [INFO] [1789537859.733446134] [state_machine_node]: Observed blue cluster (10.2, -1.8) will be rechecked because unresolved repeated blue evidence must be verified at the mapped station.
[state_machine_node-28] [INFO] [1789537859.791870794] [state_machine_node]: Blue candidate door_blue_224623 cannot confirm opening: current camera ray is outside the frontal manipulation workspace.
[state_machine_node-28] [WARN] [1789537859.826047309] [state_machine_node]: Fresh blue evidence missing near target observed_blue_11p7_m1p3: p=11.69, lat=-1.90, radius=0.81m, max_age=10.0s, min_conf=0.34.
[state_machine_node-28] [INFO] [1789537859.959430129] [state_machine_node]: 잠금 문 visual-servo 수렴 관측 사용: observed_blue_11p7_m1p3, count=36, conf=1.00, age=10.1s
[state_machine_node-28] [WARN] [1789537860.081630960] [state_machine_node]: Fresh blue evidence missing near target observed_blue_11p7_m1p3: p=11.69, lat=-1.90, radius=0.81m, max_age=10.0s, min_conf=0.34.
[state_machine_node-28] [INFO] [1789537860.105876933] [state_machine_node]: Live blue confirmation (4.1, -3.3) rejected: same-wall blue observation is inside the opened-door remnant window (opened_progress=5.4m, gap=1.6m, window=2.4m).
[state_machine_node-28] [INFO] [1789537860.122299070] [state_machine_node]: Fresh blue evidence rejected for observed_blue_11p7_m1p3: live candidate door_blue_224623 is not the same mapped station (progress_gap=1.36/1.05, lateral_gap=0.18/0.90).
[state_machine_node-28] [WARN] [1789537860.131006091] [state_machine_node]: Pre-exit blue candidate (8.7, -1.9) approach failure will use the stricter exit-tail abandon limit.
[state_machine_node-28] [WARN] [1789537860.133464156] [state_machine_node]: 파란 문 후보 (8.7, -1.3) 포기: 문 앞 정렬 후 현재 카메라에서 파란 문이 재확인되지 않아 과거 projection 좌표만 폐기합니다. 불안정/실패 후보로 보고 다음 관찰을 계속합니다.
[state_machine_node-28] [WARN] [1789537860.134339771] [state_machine_node]: 파란 문 투영 후보 (8.7, -1.3)는 정렬 위치에서 live blue가 없어 즉시 폐기합니다. 실제 새 관측은 별도 클러스터로 계속 등록합니다.
[state_machine_node-28] [WARN] [1789537860.135607011] [state_machine_node]: 문 개방 서비스 직전 live blue 최종 확인 실패: observed_blue_11p7_m1p3. 누적 projection만으로는 개방하지 않고 현재 카메라/LiDAR 관측으로 다시 선택합니다.
[state_machine_node-28] [INFO] [1789537860.139495418] [state_machine_node]: State: NAVIGATING → EXPLORING
[door_detection_node-24] [INFO] [1789537860.647227128] [door_detection_node]: HSV handle observed: color=blue, pixel=(219,124), conf=0.24, door_bbox=(217,0,285,240)
[state_machine_node-28] [INFO] [1789537860.696419996] [state_machine_node]: Blue candidate door_blue_224623 accepted despite nearby red observation: exit-tail wall-side blue memory must be rechecked before opening.
[state_machine_node-28] [INFO] [1789537860.700212884] [state_machine_node]: Blue candidate door_blue_224623 rejected near recent red observation (conf=1.00).
[state_machine_node-28] [INFO] [1789537860.773657148] [state_machine_node]: observed blue candidate waiting for closer confirmation: ahead=5.7m > 5.0m.
[state_machine_node-28] [INFO] [1789537860.775274328] [state_machine_node]: 문 접근 목표 보정: observed_blue_13p3_m1p9 handle_axis=(13.30, -1.88) goal_axis=(13.30, -0.80) wall_axis=(13.30, -1.90) yaw=-90deg
[state_machine_node-28] [INFO] [1789537860.795034233] [state_machine_node]: 문 접근 목표 보정: observed_blue_13p3_m1p9 handle_axis=(13.30, -1.88) goal_axis=(13.30, -0.80) wall_axis=(13.30, -1.90) yaw=-90deg
[state_machine_node-28] [WARN] [1789537860.798980909] [state_machine_node]: Blue target observed_blue_13p3_m1p9 retained for revisit: stable unopened blue memory must be checked before exit even when it is behind the farthest opened station.
[state_machine_node-28] [INFO] [1789537860.807620342] [state_machine_node]: 문 접근 목표 보정: observed_blue_13p3_m1p9 handle_axis=(13.30, -1.88) goal_axis=(13.30, -0.80) wall_axis=(13.30, -1.90) yaw=-90deg
[state_machine_node-28] [INFO] [1789537860.810066380] [state_machine_node]: 문 접근 목표 보정: observed_blue_13p3_m1p9 handle_axis=(13.30, -1.90) goal_axis=(13.30, -0.80) wall_axis=(13.30, -1.90) yaw=-90deg
[state_machine_node-28] [INFO] [1789537860.813292698] [state_machine_node]: LiDAR+camera segment map 사전 스캔 시작: observed_blue_13p3_m1p9
[state_machine_node-28] [INFO] [1789537861.624272983] [state_machine_node]: 문 접근 목표 보정: observed_blue_13p3_m1p9 handle_axis=(13.30, -1.88) goal_axis=(13.30, -0.80) wall_axis=(13.30, -1.90) yaw=-90deg
[door_detection_node-24] [INFO] [1789537862.146929369] [door_detection_node]: HSV handle observed: color=blue, pixel=(219,124), conf=0.24, door_bbox=(217,0,285,240)
[state_machine_node-28] [WARN] [1789537862.454330457] [state_machine_node]: Exit candidate door_green_27c4bd accepted despite a backward localization progress estimate: robot=11.6m, opened_floor=10.5m, exit=20.3m.
[state_machine_node-28] [INFO] [1789537862.529057907] [state_machine_node]: 문 접근 목표 보정: observed_blue_13p3_m1p9 handle_axis=(13.30, -1.88) goal_axis=(13.30, -0.80) wall_axis=(13.30, -1.90) yaw=-90deg
[state_machine_node-28] [INFO] [1789537863.368464355] [state_machine_node]: Observed blue cluster (10.1, -1.7) will be rechecked before exit despite red/exit-sensitive memory: count=52, conf=1.00, fresh=True.
[state_machine_node-28] [INFO] [1789537863.368860984] [state_machine_node]: Observed blue cluster (10.1, -1.7) will be rechecked because unresolved repeated blue evidence must be verified at the mapped station.
[state_machine_node-28] [INFO] [1789537863.444090700] [state_machine_node]: 문 접근 목표 보정: observed_blue_13p3_m1p9 handle_axis=(13.30, -1.88) goal_axis=(13.30, -0.80) wall_axis=(13.30, -1.90) yaw=-90deg
[state_machine_node-28] [INFO] [1789537863.447094139] [state_machine_node]: 사전 스캔 완료. Nav2가 segment map 기반 경로를 계획합니다: observed_blue_13p3_m1p9
[state_machine_node-28] [INFO] [1789537863.513833940] [state_machine_node]: Blue candidate observed_blue_13p3_m1p9 kept for close recheck despite nearby red memory: repeated blue wall observations are strong (count=52, conf=1.00); final opening still requires a live aligned blue observation.
[state_machine_node-28] [INFO] [1789537863.514429000] [state_machine_node]: Blue candidate observed_blue_13p3_m1p9 kept despite nearby red memory: repeated unopened wall-map evidence must be checked at the door before rejecting it.
[state_machine_node-28] [INFO] [1789537863.514868635] [state_machine_node]: Locked blue target after pre-scan: observed_blue_13p3_m1p9 opened=2 retry=0/2
[state_machine_node-28] [INFO] [1789537863.515292865] [state_machine_node]: State: EXPLORING → NAVIGATING
[navigation_node-25] [INFO] [1789537863.521590959] [navigation_node]: Navigation goal received: door observed_blue_13p3_m1p9 (color=blue, frame=map, x=10.30, y=-0.80)
[bt_navigator-16] [INFO] [1789537863.657774881] [bt_navigator]: Begin navigating from current location (8.61, -0.93) to (10.30, -0.80)
[navigation_node-25] [INFO] [1789537863.661337528] [navigation_node]: Navigation goal accepted by Nav2
[door_detection_node-24] [INFO] [1789537863.705038227] [door_detection_node]: HSV handle observed: color=blue, pixel=(219,124), conf=0.24, door_bbox=(217,0,285,240)
[state_machine_node-28] [INFO] [1789537863.715353320] [state_machine_node]: 문 접근 목표 보정: door_blue_b5ea79 handle_axis=(13.10, -1.74) goal_axis=(13.10, -0.80) wall_axis=(13.10, -1.90) yaw=-90deg
[state_machine_node-28] [INFO] [1789537863.720127511] [state_machine_node]: 문 접근 목표 보정: door_blue_b5ea79 handle_axis=(13.10, -1.74) goal_axis=(13.10, -0.80) wall_axis=(13.10, -1.90) yaw=-90deg
[state_machine_node-28] [WARN] [1789537863.721263257] [state_machine_node]: Locked blue target refined from newer observation: observed_blue_13p3_m1p9 -> observed_blue_13p3_m1p9, goal shift=0.20m, identity=(10.30,-1.90) -> (10.10,-1.74)
[navigation_node-25] [INFO] [1789537863.722555492] [navigation_node]: Navigation goal received: door observed_blue_13p3_m1p9 (color=blue, frame=map, x=10.10, y=-0.80)
[navigation_node-25] [INFO] [1789537863.722947104] [navigation_node]: Ignoring duplicate navigation target for active door: observed_blue_13p3_m1p9
[controller_server-12] [INFO] [1789537863.859833023] [controller_server]: Received a goal, begin computing control effort.
[door_detection_node-24] [INFO] [1789537865.206720351] [door_detection_node]: HSV handle observed: color=blue, pixel=(20,121), conf=0.10, door_bbox=(0,76,25,165)
[controller_server-12] [INFO] [1789537865.237282633] [controller_server]: Passing new path to controller.
[state_machine_node-28] [INFO] [1789537865.551832870] [state_machine_node]: 문 접근 목표 보정: door_blue_b5ea79 handle_axis=(13.05, -1.72) goal_axis=(13.05, -0.80) wall_axis=(13.05, -1.90) yaw=-90deg
[state_machine_node-28] [WARN] [1789537865.565952567] [state_machine_node]: Exit candidate door_green_27c4bd accepted despite a backward localization progress estimate: robot=11.6m, opened_floor=10.5m, exit=20.3m.
[state_machine_node-28] [INFO] [1789537865.567400360] [state_machine_node]: 문 접근 목표 보정: door_blue_b5ea79 handle_axis=(13.05, -1.72) goal_axis=(13.05, -0.80) wall_axis=(13.05, -1.90) yaw=-90deg
[controller_server-12] [INFO] [1789537866.487368180] [controller_server]: Passing new path to controller.
[state_machine_node-28] [INFO] [1789537866.571792210] [state_machine_node]: 보조 비상구 관측 저장: door_green_90ba24 (17.8, 0.1)
[door_detection_node-24] [INFO] [1789537866.649437981] [door_detection_node]: HSV handle observed: color=blue, pixel=(288,124), conf=0.62, door_bbox=(285,0,320,240)
[door_detection_node-24] [INFO] [1789537866.653649518] [door_detection_node]: Handle camera-ray projection: pixel=(288,124), range=1.933m, z=0.760m
[state_machine_node-28] [INFO] [1789537866.673512575] [state_machine_node]: 문 접근 목표 보정: door_blue_b5ea79 handle_axis=(13.37, -1.69) goal_axis=(13.37, -0.80) wall_axis=(13.37, -1.90) yaw=-90deg
[state_machine_node-28] [INFO] [1789537866.678246571] [state_machine_node]: 문 접근 목표 보정: door_blue_b5ea79 handle_axis=(13.37, -1.69) goal_axis=(13.37, -0.80) wall_axis=(13.37, -1.90) yaw=-90deg
[state_machine_node-28] [WARN] [1789537866.679199944] [state_machine_node]: Locked blue target refined from newer observation: observed_blue_13p3_m1p9 -> observed_blue_13p3_m1p9, goal shift=0.27m, identity=(10.10,-1.74) -> (10.13,-1.67)
[navigation_node-25] [INFO] [1789537866.681041257] [navigation_node]: Navigation goal received: door observed_blue_13p3_m1p9 (color=blue, frame=map, x=10.37, y=-0.80)
[controller_server-12] [INFO] [1789537867.862412393] [controller_server]: Passing new path to controller.
[door_detection_node-24] [INFO] [1789537867.967810766] [door_detection_node]: HSV handle observed: color=blue, pixel=(4,124), conf=0.24, door_bbox=(0,0,59,240)
[state_machine_node-28] [INFO] [1789537867.976815120] [state_machine_node]: 문 접근 목표 보정: door_blue_07a944 handle_axis=(13.19, -1.71) goal_axis=(13.19, -0.80) wall_axis=(13.19, -1.90) yaw=-90deg
[state_machine_node-28] [INFO] [1789537867.980195970] [state_machine_node]: 문 접근 목표 보정: door_blue_07a944 handle_axis=(13.19, -1.71) goal_axis=(13.19, -0.80) wall_axis=(13.19, -1.90) yaw=-90deg
[door_detection_node-24] [INFO] [1789537868.916197340] [door_detection_node]: YOLO handle observed (primary): pixel=(28,126), conf=0.35, bbox=(7, 110, 48, 142)
[door_detection_node-24] [INFO] [1789537868.921779197] [door_detection_node]: Handle camera-ray projection: pixel=(28,126), range=2.271m, z=0.738m
[state_machine_node-28] [INFO] [1789537868.933067090] [state_machine_node]: 문 접근 목표 보정: door_blue_07a944 handle_axis=(13.71, -1.71) goal_axis=(13.71, -0.80) wall_axis=(13.71, -1.90) yaw=-90deg
[state_machine_node-28] [WARN] [1789537868.935209532] [state_machine_node]: Exit candidate door_green_27c4bd accepted despite a backward localization progress estimate: robot=11.6m, opened_floor=10.5m, exit=20.3m.
[state_machine_node-28] [INFO] [1789537868.936484789] [state_machine_node]: 문 접근 목표 보정: door_blue_07a944 handle_axis=(13.71, -1.71) goal_axis=(13.71, -0.80) wall_axis=(13.71, -1.90) yaw=-90deg
[controller_server-12] [INFO] [1789537868.987309683] [controller_server]: Passing new path to controller.
[state_machine_node-28] [INFO] [1789537869.855915518] [state_machine_node]: 보조 비상구 관측 저장: door_green_5fab61 (17.8, -0.0)
[door_detection_node-24] [INFO] [1789537870.078655606] [door_detection_node]: HSV handle observed: color=blue, pixel=(56,124), conf=0.26, door_bbox=(53,0,115,240)
[state_machine_node-28] [INFO] [1789537870.093133248] [state_machine_node]: 문 접근 목표 보정: door_blue_ad352e handle_axis=(13.28, -1.77) goal_axis=(13.28, -0.80) wall_axis=(13.28, -1.90) yaw=-90deg
[state_machine_node-28] [INFO] [1789537870.094450165] [state_machine_node]: 문 접근 목표 보정: door_blue_ad352e handle_axis=(13.28, -1.77) goal_axis=(13.28, -0.80) wall_axis=(13.28, -1.90) yaw=-90deg
[controller_server-12] [INFO] [1789537870.362284536] [controller_server]: Passing new path to controller.
[navigation_node-25] [INFO] [1789537870.680469845] [navigation_node]: Navigation cancellation requested for manual control handoff.
[state_machine_node-28] [INFO] [1789537870.680766526] [state_machine_node]: Nav2 goal cancellation requested before blue door start center recovery.
[state_machine_node-28] [WARN] [1789537870.682129237] [state_machine_node]: Nav2 시작점이 벽/장애물 costmap에 가까워 예외 미세 후진 후 전진 중앙 복귀를 시작합니다: lateral_error=-0.98m, cmd=(-0.05, 0.00)
[bt_navigator-16] [ERROR] [1789537870.779264589] [bt_navigator_navigate_to_pose_rclcpp_node]: Failed to get result for follow_path in node halt!
[bt_navigator-16] [INFO] [1789537870.779420163] [bt_navigator]: [navigate_to_pose] [ActionServer] Client requested to cancel the goal. Cancelling.
[bt_navigator-16] [INFO] [1789537870.779630087] [bt_navigator]: Goal canceled
[controller_server-12] [INFO] [1789537870.862263146] [controller_server]: Goal was canceled. Stopping the robot.
[controller_server-12] [INFO] [1789537870.862335004] [controller_server]: [follow_path] [ActionServer] Client requested to cancel the goal. Cancelling.
[state_machine_node-28] [WARN] [1789537871.640031864] [state_machine_node]: Nav2 시작 위치 복구 예외 후진 중: lateral_error=-0.97m, cmd=(-0.05, 0.00)
[door_detection_node-24] [INFO] [1789537871.974558519] [door_detection_node]: YOLO handle observed (primary): pixel=(92,125), conf=0.27, bbox=(72, 112, 111, 138)
[door_detection_node-24] [INFO] [1789537871.978049600] [door_detection_node]: Handle camera-ray projection: pixel=(92,125), range=2.254m, z=0.743m
[state_machine_node-28] [INFO] [1789537872.592612071] [state_machine_node]: Nav2 goal cancellation requested before blue door start center recovery.
[state_machine_node-28] [WARN] [1789537872.594046946] [state_machine_node]: Nav2 시작 위치가 벽/측면에 가까워 직접 중앙 복귀 중: lateral_error=-0.95m, target_abs=0.75m, yaw_error=127deg, cmd=(0.00, 0.40)
[door_detection_node-24] [INFO] [1789537872.954228920] [door_detection_node]: HSV handle observed: color=blue, pixel=(92,124), conf=0.24, door_bbox=(90,0,149,240)
[door_detection_node-24] [INFO] [1789537873.854225589] [door_detection_node]: YOLO handle observed (primary): pixel=(127,125), conf=0.31, bbox=(108, 112, 146, 138)
[door_detection_node-24] [INFO] [1789537873.857375814] [door_detection_node]: Handle camera-ray projection: pixel=(127,125), range=2.236m, z=0.742m
[state_machine_node-28] [INFO] [1789537874.473148230] [state_machine_node]: Nav2 goal cancellation requested before blue door start center recovery.
[state_machine_node-28] [WARN] [1789537874.474301072] [state_machine_node]: Nav2 시작 위치가 벽/측면에 가까워 직접 중앙 복귀 중: lateral_error=-0.97m, target_abs=0.75m, yaw_error=112deg, cmd=(0.00, 0.40)
[door_detection_node-24] [INFO] [1789537875.137388918] [door_detection_node]: YOLO handle observed (primary): pixel=(173,125), conf=0.40, bbox=(154, 112, 192, 138)
[door_detection_node-24] [INFO] [1789537875.141056775] [door_detection_node]: Handle camera-ray projection: pixel=(173,125), range=2.239m, z=0.741m
[state_machine_node-28] [INFO] [1789537876.387133035] [state_machine_node]: Nav2 goal cancellation requested before blue door start center recovery.
[state_machine_node-28] [WARN] [1789537876.387976390] [state_machine_node]: Nav2 시작 위치가 벽/측면에 가까워 직접 중앙 복귀 중: lateral_error=-1.00m, target_abs=0.75m, yaw_error=94deg, cmd=(0.00, 0.40)
[door_detection_node-24] [INFO] [1789537877.376284929] [door_detection_node]: HSV handle observed: color=blue, pixel=(274,124), conf=0.42, door_bbox=(272,0,320,240)
[state_machine_node-28] [INFO] [1789537878.263421926] [state_machine_node]: Nav2 goal cancellation requested before blue door start center recovery.
[state_machine_node-28] [WARN] [1789537878.267066762] [state_machine_node]: Nav2 시작 위치가 벽/측면에 가까워 직접 중앙 복귀 중: lateral_error=-1.04m, target_abs=0.75m, yaw_error=75deg, cmd=(0.00, 0.40)
[door_detection_node-24] [INFO] [1789537879.815474835] [door_detection_node]: HSV handle observed: color=blue, pixel=(57,124), conf=0.28, door_bbox=(55,0,119,240)
[state_machine_node-28] [INFO] [1789537880.171538947] [state_machine_node]: Nav2 goal cancellation requested before blue door start center recovery.
[state_machine_node-28] [WARN] [1789537880.172196653] [state_machine_node]: Nav2 시작 위치가 벽/측면에 가까워 직접 중앙 복귀 중: lateral_error=-1.07m, target_abs=0.75m, yaw_error=58deg, cmd=(0.00, 0.40)
[state_machine_node-28] [WARN] [1789537880.381779218] [state_machine_node]: Exit candidate door_green_d8b395 accepted despite a backward localization progress estimate: robot=11.6m, opened_floor=10.5m, exit=14.7m.
[door_detection_node-24] [INFO] [1789537881.425120779] [door_detection_node]: HSV handle observed: color=blue, pixel=(118,124), conf=0.26, door_bbox=(116,0,178,240)
[state_machine_node-28] [INFO] [1789537882.077780100] [state_machine_node]: Nav2 goal cancellation requested before blue door start center recovery.
[state_machine_node-28] [WARN] [1789537882.078868601] [state_machine_node]: Nav2 시작 위치가 벽/측면에 가까워 직접 중앙 복귀 중: lateral_error=-1.07m, target_abs=0.75m, yaw_error=44deg, cmd=(0.00, 0.40)
[door_detection_node-24] [INFO] [1789537882.948737718] [door_detection_node]: HSV handle observed: color=blue, pixel=(172,124), conf=0.24, door_bbox=(169,0,233,240)
[state_machine_node-28] [INFO] [1789537883.970595422] [state_machine_node]: Nav2 goal cancellation requested before blue door start center recovery.
[state_machine_node-28] [WARN] [1789537883.971966561] [state_machine_node]: Nav2 시작 위치가 벽/측면에 가까워 직접 중앙 복귀 중: lateral_error=-1.07m, target_abs=0.75m, yaw_error=30deg, cmd=(0.13, 0.40)
[door_detection_node-24] [INFO] [1789537884.561915111] [door_detection_node]: HSV handle observed: color=blue, pixel=(230,124), conf=0.22, door_bbox=(227,0,304,240)
[state_machine_node-28] [INFO] [1789537884.972657743] [state_machine_node]: Nav2 goal cancellation requested before blue door start center recovery.
[state_machine_node-28] [WARN] [1789537884.974195061] [state_machine_node]: Nav2 시작 위치가 벽/측면에 가까워 직접 중앙 복귀 중: lateral_error=-1.02m, target_abs=0.75m, yaw_error=22deg, cmd=(0.13, 0.31)
[state_machine_node-28] [INFO] [1789537886.798625941] [state_machine_node]: Nav2 goal cancellation requested before blue door start center recovery.
[state_machine_node-28] [WARN] [1789537886.800128472] [state_machine_node]: Nav2 시작 위치가 벽/측면에 가까워 직접 중앙 복귀 중: lateral_error=-0.90m, target_abs=0.75m, yaw_error=10deg, cmd=(0.13, 0.15)
[state_machine_node-28] [INFO] [1789537888.640925074] [state_machine_node]: Nav2 goal cancellation requested before blue door start center recovery.
[state_machine_node-28] [WARN] [1789537888.642259812] [state_machine_node]: Nav2 시작 위치가 벽/측면에 가까워 직접 중앙 복귀 중: lateral_error=-0.77m, target_abs=0.75m, yaw_error=5deg, cmd=(0.13, 0.06)
[state_machine_node-28] [INFO] [1789537889.213343822] [state_machine_node]: 보조 비상구 관측 저장: door_green_a5c91b (17.9, -0.1)
[state_machine_node-28] [WARN] [1789537889.548108530] [state_machine_node]: Blue door Nav2 start pose recovered near center: lateral=-0.70m, target=0.75m. Resending observed_blue_13p3_m1p9.
[navigation_node-25] [INFO] [1789537889.549788477] [navigation_node]: Navigation goal received: door observed_blue_13p3_m1p9 (color=blue, frame=map, x=10.37, y=-0.80)
[bt_navigator-16] [INFO] [1789537889.692822817] [bt_navigator]: Begin navigating from current location (8.73, -0.69) to (10.37, -0.80)
[navigation_node-25] [INFO] [1789537889.696300528] [navigation_node]: Navigation goal accepted by Nav2
[controller_server-12] [INFO] [1789537889.896483764] [controller_server]: Received a goal, begin computing control effort.
[cmd_vel_safety_node-4] [WARN] [1789537890.061473584] [cmd_vel_safety_node]: LiDAR collision stop: front=0.26m
[controller_server-12] [INFO] [1789537891.273020409] [controller_server]: Passing new path to controller.
[controller_server-12] [INFO] [1789537892.522934930] [controller_server]: Passing new path to controller.
[door_detection_node-24] [INFO] [1789537893.846855227] [door_detection_node]: YOLO handle observed (primary): pixel=(240,125), conf=0.72, bbox=(217, 112, 262, 138)
[door_detection_node-24] [INFO] [1789537893.851311685] [door_detection_node]: Handle camera-ray projection: pixel=(240,125), range=2.425m, z=0.740m
[state_machine_node-28] [INFO] [1789537893.862176878] [state_machine_node]: 문 접근 목표 보정: door_blue_e61ad0 handle_axis=(13.68, -2.03) goal_axis=(13.68, -0.93) wall_axis=(13.68, -2.03) yaw=-90deg
[state_machine_node-28] [INFO] [1789537893.866535083] [state_machine_node]: 문 접근 목표 보정: door_blue_e61ad0 handle_axis=(13.68, -2.03) goal_axis=(13.68, -0.93) wall_axis=(13.68, -2.03) yaw=-90deg
[state_machine_node-28] [WARN] [1789537893.867498561] [state_machine_node]: Locked blue target refined from newer observation: observed_blue_13p3_m1p9 -> observed_blue_13p3_m1p9, goal shift=0.34m, identity=(10.13,-1.67) -> (10.23,-2.05)
[navigation_node-25] [INFO] [1789537893.871712907] [navigation_node]: Navigation goal received: door observed_blue_13p3_m1p9 (color=blue, frame=map, x=10.68, y=-0.93)
[navigation_node-25] [WARN] [1789537893.872685015] [navigation_node]: Already navigating. Preempting current goal without an explicit stop before retargeting to: observed_blue_13p3_m1p9
[controller_server-12] [INFO] [1789537893.897935471] [controller_server]: Passing new path to controller.
[navigation_node-25] [INFO] [1789537894.032950403] [navigation_node]: Navigation goal accepted by Nav2
[bt_navigator-16] [INFO] [1789537894.093129525] [bt_navigator]: Received goal preemption request
[bt_navigator-16] [INFO] [1789537894.093587199] [bt_navigator]: Begin navigating from current location (8.67, -0.67) to (10.68, -0.93)
[controller_server-12] [INFO] [1789537895.147983334] [controller_server]: Passing new path to controller.
[door_detection_node-24] [INFO] [1789537895.468130321] [door_detection_node]: YOLO handle observed (primary): pixel=(200,124), conf=0.70, bbox=(181, 112, 220, 137)
[door_detection_node-24] [INFO] [1789537895.473255999] [door_detection_node]: Handle camera-ray projection: pixel=(200,124), range=2.517m, z=0.747m
[state_machine_node-28] [INFO] [1789537895.483552560] [state_machine_node]: 문 접근 목표 보정: door_blue_d59040 handle_axis=(13.76, -2.07) goal_axis=(13.76, -0.95) wall_axis=(13.76, -2.07) yaw=-90deg
[state_machine_node-28] [INFO] [1789537895.489482776] [state_machine_node]: 문 접근 목표 보정: door_blue_d59040 handle_axis=(13.76, -2.07) goal_axis=(13.76, -0.95) wall_axis=(13.76, -2.07) yaw=-90deg
[door_detection_node-24] [INFO] [1789537896.313048060] [door_detection_node]: HSV handle observed: color=blue, pixel=(88,122), conf=0.08, door_bbox=(73,34,93,198)
[controller_server-12] [INFO] [1789537896.397962217] [controller_server]: Passing new path to controller.
[state_machine_node-28] [INFO] [1789537896.434084701] [state_machine_node]: Blue candidate door_blue_a73a72 ignored: physical/opened door station already handled nearby at (6.89, 1.56).
[door_detection_node-24] [INFO] [1789537897.163450030] [door_detection_node]: YOLO handle observed (primary): pixel=(158,125), conf=0.60, bbox=(140, 113, 176, 137)
[door_detection_node-24] [INFO] [1789537897.166290993] [door_detection_node]: Handle camera-ray projection: pixel=(158,125), range=2.636m, z=0.733m
[state_machine_node-28] [INFO] [1789537897.279153090] [state_machine_node]: 문 접근 목표 보정: door_blue_d59040 handle_axis=(13.90, -2.08) goal_axis=(13.90, -0.95) wall_axis=(13.90, -2.08) yaw=-90deg
[state_machine_node-28] [INFO] [1789537897.281984115] [state_machine_node]: 문 접근 목표 보정: door_blue_d59040 handle_axis=(13.90, -2.08) goal_axis=(13.90, -0.95) wall_axis=(13.90, -2.08) yaw=-90deg
[state_machine_node-28] [WARN] [1789537897.282798858] [state_machine_node]: Locked blue target refined from newer observation: observed_blue_13p3_m1p9 -> observed_blue_13p3_m1p9, goal shift=0.22m, identity=(10.23,-2.05) -> (10.31,-2.02)
[navigation_node-25] [INFO] [1789537897.285189118] [navigation_node]: Navigation goal received: door observed_blue_13p3_m1p9 (color=blue, frame=map, x=10.90, y=-0.95)
[navigation_node-25] [INFO] [1789537897.285927662] [navigation_node]: Ignoring duplicate navigation target for active door: observed_blue_13p3_m1p9
[controller_server-12] [INFO] [1789537897.776286360] [controller_server]: Passing new path to controller.
[door_detection_node-24] [INFO] [1789537897.874696556] [door_detection_node]: HSV handle observed: color=blue, pixel=(42,122), conf=0.08, door_bbox=(24,31,46,202)
[door_detection_node-24] [INFO] [1789537898.578292019] [door_detection_node]: YOLO handle observed (primary): pixel=(112,124), conf=0.74, bbox=(91, 112, 133, 137)
[door_detection_node-24] [INFO] [1789537898.583199692] [door_detection_node]: Handle camera-ray projection: pixel=(112,124), range=2.744m, z=0.743m
[state_machine_node-28] [INFO] [1789537898.597239839] [state_machine_node]: 문 접근 목표 보정: door_blue_2f9283 handle_axis=(14.01, -2.09) goal_axis=(14.01, -0.95) wall_axis=(14.01, -2.09) yaw=-90deg
[state_machine_node-28] [INFO] [1789537898.600739878] [state_machine_node]: 문 접근 목표 보정: door_blue_2f9283 handle_axis=(14.01, -2.09) goal_axis=(14.01, -0.95) wall_axis=(14.01, -2.09) yaw=-90deg
[state_machine_node-28] [INFO] [1789537898.669426228] [state_machine_node]: 보조 비상구 관측 저장: door_green_42730b (17.9, -0.1)
[controller_server-12] [INFO] [1789537899.025954735] [controller_server]: Passing new path to controller.
[door_detection_node-24] [INFO] [1789537900.181931758] [door_detection_node]: YOLO handle observed (primary): pixel=(52,125), conf=0.69, bbox=(29, 112, 75, 138)
[door_detection_node-24] [INFO] [1789537900.187441287] [door_detection_node]: Handle camera-ray projection: pixel=(52,125), range=2.789m, z=0.735m
[state_machine_node-28] [INFO] [1789537900.203550267] [state_machine_node]: 문 접근 목표 보정: door_blue_2f9283 handle_axis=(14.14, -2.11) goal_axis=(14.14, -0.95) wall_axis=(14.14, -2.11) yaw=-90deg
[state_machine_node-28] [INFO] [1789537900.208630738] [state_machine_node]: 문 접근 목표 보정: door_blue_2f9283 handle_axis=(14.14, -2.11) goal_axis=(14.14, -0.95) wall_axis=(14.14, -2.11) yaw=-90deg
[controller_server-12] [INFO] [1789537900.397999494] [controller_server]: Passing new path to controller.
[controller_server-12] [INFO] [1789537901.522936960] [controller_server]: Passing new path to controller.
[state_machine_node-28] [INFO] [1789537901.892565675] [state_machine_node]: 문 접근 목표 보정: door_blue_104aca handle_axis=(13.18, -1.95) goal_axis=(13.18, -0.85) wall_axis=(13.18, -1.95) yaw=-90deg
[state_machine_node-28] [INFO] [1789537901.896369587] [state_machine_node]: 문 접근 목표 보정: door_blue_104aca handle_axis=(13.18, -1.95) goal_axis=(13.18, -0.85) wall_axis=(13.18, -1.95) yaw=-90deg
[state_machine_node-28] [WARN] [1789537901.897364257] [state_machine_node]: Locked blue target refined from newer observation: observed_blue_13p3_m1p9 -> observed_blue_13p3_m1p9, goal shift=0.72m, identity=(10.31,-2.02) -> (10.18,-1.95)
[navigation_node-25] [INFO] [1789537901.902606321] [navigation_node]: Navigation goal received: door observed_blue_13p3_m1p9 (color=blue, frame=map, x=10.18, y=-0.85)
[navigation_node-25] [WARN] [1789537901.903991949] [navigation_node]: Already navigating. Preempting current goal without an explicit stop before retargeting to: observed_blue_13p3_m1p9
[state_machine_node-28] [INFO] [1789537901.986499154] [state_machine_node]: 보조 비상구 관측 저장: door_green_016fc9 (17.9, 0.1)
[navigation_node-25] [INFO] [1789537902.056873343] [navigation_node]: Navigation goal accepted by Nav2
[bt_navigator-16] [INFO] [1789537902.093083569] [bt_navigator]: Received goal preemption request
[bt_navigator-16] [INFO] [1789537902.093574074] [bt_navigator]: Begin navigating from current location (9.05, -0.54) to (10.18, -0.85)
[controller_server-12] [INFO] [1789537902.900787466] [controller_server]: Passing new path to controller.
[door_detection_node-24] [INFO] [1789537903.030886302] [door_detection_node]: YOLO handle observed (primary): pixel=(266,125), conf=0.73, bbox=(240, 109, 293, 141)
[door_detection_node-24] [INFO] [1789537903.035149576] [door_detection_node]: Handle camera-ray projection: pixel=(266,125), range=2.030m, z=0.749m
[state_machine_node-28] [INFO] [1789537903.049406754] [state_machine_node]: 문 접근 목표 보정: door_blue_c17d46 handle_axis=(13.65, -1.89) goal_axis=(13.65, -0.80) wall_axis=(13.65, -1.90) yaw=-90deg
[state_machine_node-28] [INFO] [1789537903.056641831] [state_machine_node]: 문 접근 목표 보정: door_blue_c17d46 handle_axis=(13.65, -1.89) goal_axis=(13.65, -0.80) wall_axis=(13.65, -1.90) yaw=-90deg
[state_machine_node-28] [INFO] [1789537903.600637248] [state_machine_node]: 문 접근 목표 보정: door_blue_104aca handle_axis=(13.14, -1.94) goal_axis=(13.14, -0.84) wall_axis=(13.14, -1.94) yaw=-90deg
[state_machine_node-28] [INFO] [1789537903.604197341] [state_machine_node]: 문 접근 목표 보정: door_blue_104aca handle_axis=(13.14, -1.94) goal_axis=(13.14, -0.84) wall_axis=(13.14, -1.94) yaw=-90deg
[state_machine_node-28] [INFO] [1789537903.990039307] [state_machine_node]: 문 접근 목표 보정: door_blue_c17d46 handle_axis=(13.69, -1.92) goal_axis=(13.69, -0.82) wall_axis=(13.69, -1.92) yaw=-90deg
[state_machine_node-28] [INFO] [1789537903.991579486] [state_machine_node]: 문 접근 목표 보정: door_blue_c17d46 handle_axis=(13.69, -1.92) goal_axis=(13.69, -0.82) wall_axis=(13.69, -1.92) yaw=-90deg
[controller_server-12] [INFO] [1789537904.023071072] [controller_server]: Passing new path to controller.
[door_detection_node-24] [INFO] [1789537904.578877420] [door_detection_node]: HSV handle observed: color=blue, pixel=(301,121), conf=0.13, door_bbox=(282,74,305,165)
[door_detection_node-24] [INFO] [1789537905.059500379] [door_detection_node]: YOLO handle observed (primary): pixel=(276,128), conf=0.75, bbox=(248, 112, 305, 143)
[door_detection_node-24] [INFO] [1789537905.064389512] [door_detection_node]: Handle camera-ray projection: pixel=(276,128), range=1.894m, z=0.731m
[state_machine_node-28] [INFO] [1789537905.077932822] [state_machine_node]: 문 접근 목표 보정: door_blue_c17d46 handle_axis=(13.69, -1.93) goal_axis=(13.69, -0.83) wall_axis=(13.69, -1.93) yaw=-90deg
[state_machine_node-28] [INFO] [1789537905.082296851] [state_machine_node]: 문 접근 목표 보정: door_blue_c17d46 handle_axis=(13.69, -1.93) goal_axis=(13.69, -0.83) wall_axis=(13.69, -1.93) yaw=-90deg
[state_machine_node-28] [WARN] [1789537905.083131844] [state_machine_node]: Locked blue target refined from newer observation: observed_blue_13p3_m1p9 -> observed_blue_13p3_m1p9, goal shift=0.51m, identity=(10.18,-1.95) -> (10.56,-1.93)
[navigation_node-25] [INFO] [1789537905.086066932] [navigation_node]: Navigation goal received: door observed_blue_13p3_m1p9 (color=blue, frame=map, x=10.69, y=-0.83)
[navigation_node-25] [WARN] [1789537905.086822288] [navigation_node]: Already navigating. Preempting current goal without an explicit stop before retargeting to: observed_blue_13p3_m1p9
[navigation_node-25] [INFO] [1789537905.227684603] [navigation_node]: Navigation goal accepted by Nav2
[bt_navigator-16] [INFO] [1789537905.294377687] [bt_navigator]: Received goal preemption request
[bt_navigator-16] [INFO] [1789537905.294767370] [bt_navigator]: Begin navigating from current location (9.41, -0.65) to (10.69, -0.83)
[controller_server-12] [INFO] [1789537905.398948356] [controller_server]: Passing new path to controller.
[state_machine_node-28] [INFO] [1789537905.457555560] [state_machine_node]: 문 접근 목표 보정: door_blue_104aca handle_axis=(13.16, -1.94) goal_axis=(13.16, -0.84) wall_axis=(13.16, -1.94) yaw=-90deg
[state_machine_node-28] [INFO] [1789537905.461706565] [state_machine_node]: 문 접근 목표 보정: door_blue_104aca handle_axis=(13.16, -1.94) goal_axis=(13.16, -0.84) wall_axis=(13.16, -1.94) yaw=-90deg
[door_detection_node-24] [INFO] [1789537906.263617472] [door_detection_node]: HSV handle observed: color=blue, pixel=(292,121), conf=0.12, door_bbox=(274,73,298,165)
[controller_server-12] [INFO] [1789537906.522977788] [controller_server]: Passing new path to controller.
[door_detection_node-24] [INFO] [1789537906.558271551] [door_detection_node]: YOLO handle observed (primary): pixel=(284,127), conf=0.70, bbox=(254, 114, 315, 140)
[door_detection_node-24] [INFO] [1789537906.563696062] [door_detection_node]: Handle camera-ray projection: pixel=(284,127), range=1.661m, z=0.745m
[state_machine_node-28] [INFO] [1789537906.572737653] [state_machine_node]: 문 접근 목표 보정: door_blue_c17d46 handle_axis=(13.64, -1.86) goal_axis=(13.64, -0.80) wall_axis=(13.64, -1.90) yaw=-90deg
[state_machine_node-28] [INFO] [1789537906.575796146] [state_machine_node]: 문 접근 목표 보정: door_blue_c17d46 handle_axis=(13.64, -1.86) goal_axis=(13.64, -0.80) wall_axis=(13.64, -1.90) yaw=-90deg
[state_machine_node-28] [INFO] [1789537906.808940970] [state_machine_node]: 문 접근 목표 보정: door_blue_104aca handle_axis=(13.19, -1.93) goal_axis=(13.19, -0.83) wall_axis=(13.19, -1.93) yaw=-90deg
[state_machine_node-28] [INFO] [1789537906.810367750] [state_machine_node]: 문 접근 목표 보정: door_blue_104aca handle_axis=(13.19, -1.93) goal_axis=(13.19, -0.83) wall_axis=(13.19, -1.93) yaw=-90deg
[door_detection_node-24] [INFO] [1789537907.620976552] [door_detection_node]: HSV handle observed: color=blue, pixel=(300,122), conf=0.17, door_bbox=(279,71,304,166)
[controller_server-12] [INFO] [1789537907.772972276] [controller_server]: Passing new path to controller.
[state_machine_node-28] [INFO] [1789537908.319731543] [state_machine_node]: 문 접근 목표 보정: door_blue_104aca handle_axis=(13.26, -1.94) goal_axis=(13.26, -0.84) wall_axis=(13.26, -1.94) yaw=-90deg
[state_machine_node-28] [INFO] [1789537908.322980405] [state_machine_node]: 문 접근 목표 보정: door_blue_104aca handle_axis=(13.26, -1.94) goal_axis=(13.26, -0.84) wall_axis=(13.26, -1.94) yaw=-90deg
[controller_server-12] [INFO] [1789537909.023465002] [controller_server]: Passing new path to controller.
[door_detection_node-24] [INFO] [1789537909.972104441] [door_detection_node]: YOLO handle observed (primary): pixel=(46,130), conf=0.68, bbox=(3, 113, 89, 148)
[door_detection_node-24] [INFO] [1789537909.975285529] [door_detection_node]: Handle camera-ray projection: pixel=(46,130), range=1.484m, z=0.732m
[state_machine_node-28] [INFO] [1789537909.987868924] [state_machine_node]: 문 접근 목표 보정: door_blue_5490f1 handle_axis=(13.85, -1.95) goal_axis=(13.85, -0.85) wall_axis=(13.85, -1.95) yaw=-90deg
[state_machine_node-28] [INFO] [1789537909.996876059] [state_machine_node]: 문 접근 목표 보정: door_blue_5490f1 handle_axis=(13.85, -1.95) goal_axis=(13.85, -0.85) wall_axis=(13.85, -1.95) yaw=-90deg
[door_detection_node-24] [INFO] [1789537910.144828147] [door_detection_node]: HSV handle observed: color=red, pixel=(204,122), conf=0.02, door_bbox=(199,34,234,211)
[controller_server-12] [INFO] [1789537910.397991105] [controller_server]: Passing new path to controller.
[door_detection_node-24] [INFO] [1789537911.228002953] [door_detection_node]: HSV handle observed: color=red, pixel=(231,122), conf=0.02, door_bbox=(226,18,266,219)
[controller_server-12] [INFO] [1789537911.647974502] [controller_server]: Passing new path to controller.
[door_detection_node-24] [INFO] [1789537912.292915852] [door_detection_node]: HSV handle observed: color=red, pixel=(239,122), conf=0.02, door_bbox=(233,11,273,226)
[state_machine_node-28] [INFO] [1789537912.306570247] [state_machine_node]: 보조 비상구 관측 저장: door_green_deb61f (17.6, -0.0)
[controller_server-12] [INFO] [1789537912.897949925] [controller_server]: Passing new path to controller.
[door_detection_node-24] [INFO] [1789537913.263302683] [door_detection_node]: Handle camera-ray projection: pixel=(184,129), range=1.120m, z=0.746m
[state_machine_node-28] [INFO] [1789537913.274965386] [state_machine_node]: 문 접근 목표 보정: door_blue_8ae1c7 handle_axis=(13.58, -1.92) goal_axis=(13.58, -0.82) wall_axis=(13.58, -1.92) yaw=-90deg
[state_machine_node-28] [INFO] [1789537913.281707406] [state_machine_node]: 문 접근 목표 보정: door_blue_8ae1c7 handle_axis=(13.58, -1.92) goal_axis=(13.58, -0.82) wall_axis=(13.58, -1.92) yaw=-90deg
[state_machine_node-28] [INFO] [1789537913.377647024] [state_machine_node]: Nav2 door goal position is near, but yaw is not ready yet: observed_blue_13p3_m1p9, dist=0.34m/0.38m, lateral=-0.12m/0.24m, yaw_error=89deg.
[door_detection_node-24] [INFO] [1789537913.478186817] [door_detection_node]: HSV handle observed: color=red, pixel=(242,122), conf=0.02, door_bbox=(239,7,283,233)
[controller_server-12] [INFO] [1789537914.272952939] [controller_server]: Passing new path to controller.
[state_machine_node-28] [INFO] [1789537914.323002304] [state_machine_node]: Nav2 goal is close enough for fine door alignment: observed_blue_13p3_m1p9, dist=0.27m/0.38m, lateral=-0.12m/0.24m, yaw_error=89deg.
[state_machine_node-28] [INFO] [1789537914.325639902] [state_machine_node]: Nav2 goal cancellation requested before door fine alignment.
[state_machine_node-28] [INFO] [1789537914.327717216] [state_machine_node]: Fine door approach started: observed_blue_13p3_m1p9, dist=0.27m, lateral=-0.12m, forward=0.25m, yaw_error=89deg
[navigation_node-25] [INFO] [1789537914.326007565] [navigation_node]: Navigation cancellation requested for manual control handoff.
[state_machine_node-28] [INFO] [1789537914.330904073] [state_machine_node]: Fine door parking translation: observed_blue_13p3_m1p9, dist=0.27m/0.17m, heading_error=26deg, cmd=(0.07, -0.14)
[controller_server-12] [INFO] [1789537914.398022887] [controller_server]: Goal was canceled. Stopping the robot.
[controller_server-12] [INFO] [1789537914.398117983] [controller_server]: [follow_path] [ActionServer] Client requested to cancel the goal. Cancelling.
[bt_navigator-16] [INFO] [1789537914.398499600] [bt_navigator]: [navigate_to_pose] [ActionServer] Client requested to cancel the goal. Cancelling.
[bt_navigator-16] [INFO] [1789537914.399096525] [bt_navigator]: Goal canceled
[state_machine_node-28] [INFO] [1789537915.058016194] [state_machine_node]: Blue candidate door_blue_224623 rejected: handle lateral 2.78m is outside wall band 2.20+0.35m.
[state_machine_node-28] [INFO] [1789537915.059135915] [state_machine_node]: Blue candidate door_blue_224623 kept in wall observation memory using its door pose; handle projection is outside the wall band.
[state_machine_node-28] [INFO] [1789537915.060906442] [state_machine_node]: 문 접근 목표 보정: door_blue_15b42d handle_axis=(13.36, -2.78) goal_axis=(13.36, -0.95) wall_axis=(13.36, -2.20) yaw=-90deg
[state_machine_node-28] [INFO] [1789537915.290995008] [state_machine_node]: Fine door parking translation: observed_blue_13p3_m1p9, dist=0.24m/0.17m, heading_error=27deg, cmd=(0.07, -0.14)
[door_detection_node-24] [INFO] [1789537915.434473309] [door_detection_node]: HSV handle observed: color=red, pixel=(234,122), conf=0.02, door_bbox=(226,4,275,237)
[state_machine_node-28] [INFO] [1789537916.223027344] [state_machine_node]: Fine door parking translation: observed_blue_13p3_m1p9, dist=0.21m/0.17m, heading_error=30deg, cmd=(0.00, -0.25)
[state_machine_node-28] [INFO] [1789537916.365937795] [state_machine_node]: 문 접근 목표 보정: door_blue_15b42d handle_axis=(13.27, -2.75) goal_axis=(13.27, -0.95) wall_axis=(13.27, -2.20) yaw=-90deg
[door_detection_node-24] [INFO] [1789537916.542775696] [door_detection_node]: HSV handle observed: color=red, pixel=(219,122), conf=0.01, door_bbox=(214,3,260,237)
[state_machine_node-28] [INFO] [1789537917.177440278] [state_machine_node]: Fine door parking translation: observed_blue_13p3_m1p9, dist=0.22m/0.17m, heading_error=27deg, cmd=(0.07, -0.14)
[state_machine_node-28] [INFO] [1789537917.224743016] [state_machine_node]: 문 접근 목표 보정: door_blue_012c2b handle_axis=(18.25, 1.92) goal_axis=(18.25, 0.82) wall_axis=(18.25, 1.92) yaw=90deg
[door_detection_node-24] [INFO] [1789537917.632111260] [door_detection_node]: HSV handle observed: color=red, pixel=(190,122), conf=0.01, door_bbox=(183,6,228,236)
[state_machine_node-28] [INFO] [1789537918.127851041] [state_machine_node]: Fine door parking translation: observed_blue_13p3_m1p9, dist=0.19m/0.17m, heading_error=30deg, cmd=(0.00, -0.25)
[door_detection_node-24] [INFO] [1789537918.883467570] [door_detection_node]: HSV handle observed: color=blue, pixel=(258,122), conf=0.18, door_bbox=(232,66,261,171)
[state_machine_node-28] [INFO] [1789537918.996539412] [state_machine_node]: 문 접근 목표 보정: door_blue_012c2b handle_axis=(18.15, 1.91) goal_axis=(18.15, 0.81) wall_axis=(18.15, 1.91) yaw=90deg
[state_machine_node-28] [INFO] [1789537919.051723902] [state_machine_node]: Fine door parking translation: observed_blue_13p3_m1p9, dist=0.20m/0.17m, heading_error=26deg, cmd=(0.07, -0.14)
[state_machine_node-28] [INFO] [1789537919.972703466] [state_machine_node]: Fine door final yaw alignment: observed_blue_13p3_m1p9, dist=0.17m/0.17m, yaw_error=65deg, cmd=(0.00, -0.25)
[door_detection_node-24] [INFO] [1789537920.376525127] [door_detection_node]: HSV handle observed: color=blue, pixel=(227,122), conf=0.08, door_bbox=(200,68,230,171)
[state_machine_node-28] [INFO] [1789537920.390176702] [state_machine_node]: 문 접근 목표 보정: door_blue_3382db handle_axis=(18.15, 1.95) goal_axis=(18.15, 0.85) wall_axis=(18.15, 1.95) yaw=90deg
[state_machine_node-28] [INFO] [1789537920.938101588] [state_machine_node]: Fine door final yaw alignment: observed_blue_13p3_m1p9, dist=0.17m/0.17m, yaw_error=61deg, cmd=(0.00, -0.25)
[door_detection_node-24] [INFO] [1789537921.033097560] [door_detection_node]: Handle camera-ray projection: pixel=(108,129), range=1.950m, z=0.716m
[state_machine_node-28] [INFO] [1789537921.041303054] [state_machine_node]: Blue candidate door_blue_224623 rejected: handle lateral 2.75m is outside wall band 2.20+0.35m.
[state_machine_node-28] [INFO] [1789537921.041832098] [state_machine_node]: Blue candidate door_blue_224623 kept in wall observation memory using its door pose; handle projection is outside the wall band.
[state_machine_node-28] [INFO] [1789537921.042733775] [state_machine_node]: 문 접근 목표 보정: door_blue_8ae1c7 handle_axis=(13.04, -2.68) goal_axis=(13.04, -0.95) wall_axis=(13.04, -2.20) yaw=-90deg
[door_detection_node-24] [INFO] [1789537921.818258538] [door_detection_node]: HSV handle observed: color=red, pixel=(112,122), conf=0.02, door_bbox=(109,6,148,234)
[state_machine_node-28] [INFO] [1789537921.929890477] [state_machine_node]: Fine door final yaw alignment: observed_blue_13p3_m1p9, dist=0.18m/0.17m, yaw_error=56deg, cmd=(0.00, -0.25)
[state_machine_node-28] [INFO] [1789537922.131106369] [state_machine_node]: 문 접근 목표 보정: door_blue_3382db handle_axis=(17.87, 1.94) goal_axis=(17.87, 0.84) wall_axis=(17.87, 1.94) yaw=90deg
[door_detection_node-24] [INFO] [1789537922.647379815] [door_detection_node]: Handle camera-ray projection: pixel=(61,130), range=1.257m, z=0.740m
[state_machine_node-28] [INFO] [1789537922.659772652] [state_machine_node]: Blue candidate door_blue_224623 recorded at camera-ray intersection with the observed corridor wall.
[state_machine_node-28] [INFO] [1789537922.661460025] [state_machine_node]: 문 접근 목표 보정: door_blue_5490f1 handle_axis=(13.73, -2.05) goal_axis=(13.73, -0.95) wall_axis=(13.73, -2.05) yaw=-90deg
[state_machine_node-28] [INFO] [1789537922.668396341] [state_machine_node]: 문 접근 목표 보정: door_blue_5490f1 handle_axis=(13.73, -2.05) goal_axis=(13.73, -0.95) wall_axis=(13.73, -2.05) yaw=-90deg
[state_machine_node-28] [INFO] [1789537922.676858498] [state_machine_node]: 문 접근 목표 보정: door_blue_5490f1 handle_axis=(13.73, -2.05) goal_axis=(13.73, -0.95) wall_axis=(13.73, -2.05) yaw=-90deg
[state_machine_node-28] [INFO] [1789537922.924181362] [state_machine_node]: Fine door final yaw alignment: observed_blue_13p3_m1p9, dist=0.18m/0.17m, yaw_error=51deg, cmd=(0.00, -0.25)
[state_machine_node-28] [INFO] [1789537923.628115160] [state_machine_node]: 문 접근 목표 보정: door_blue_1d2afb handle_axis=(18.06, 1.96) goal_axis=(18.06, 0.86) wall_axis=(18.06, 1.96) yaw=90deg
[door_detection_node-24] [INFO] [1789537923.765533080] [door_detection_node]: HSV handle observed: color=red, pixel=(70,123), conf=0.03, door_bbox=(67,5,109,235)
[state_machine_node-28] [INFO] [1789537923.892697823] [state_machine_node]: Fine door final yaw alignment: observed_blue_13p3_m1p9, dist=0.18m/0.17m, yaw_error=47deg, cmd=(0.00, -0.25)
[state_machine_node-28] [INFO] [1789537924.813575122] [state_machine_node]: Fine door final yaw alignment: observed_blue_13p3_m1p9, dist=0.18m/0.17m, yaw_error=43deg, cmd=(0.00, -0.25)
[door_detection_node-24] [INFO] [1789537924.885662882] [door_detection_node]: HSV handle observed: color=red, pixel=(40,123), conf=0.03, door_bbox=(34,2,81,238)
[state_machine_node-28] [INFO] [1789537925.236309940] [state_machine_node]: 문 접근 목표 보정: door_blue_1d2afb handle_axis=(17.95, 1.94) goal_axis=(17.95, 0.84) wall_axis=(17.95, 1.94) yaw=90deg
[state_machine_node-28] [INFO] [1789537925.766072279] [state_machine_node]: Fine door final yaw alignment: observed_blue_13p3_m1p9, dist=0.18m/0.17m, yaw_error=39deg, cmd=(0.00, -0.25)
[door_detection_node-24] [INFO] [1789537925.932724450] [door_detection_node]: HSV handle observed: color=red, pixel=(16,123), conf=0.03, door_bbox=(11,2,59,240)
[state_machine_node-28] [INFO] [1789537926.729755176] [state_machine_node]: Fine door final yaw alignment: observed_blue_13p3_m1p9, dist=0.18m/0.17m, yaw_error=34deg, cmd=(0.00, -0.25)
[state_machine_node-28] [INFO] [1789537926.881807442] [state_machine_node]: 문 접근 목표 보정: door_blue_1d2afb handle_axis=(17.92, 1.95) goal_axis=(17.92, 0.85) wall_axis=(17.92, 1.95) yaw=90deg
[state_machine_node-28] [INFO] [1789537927.135474506] [state_machine_node]: Blue candidate door_blue_471776_3 rejected: handle lateral 5.38m is outside wall band 2.20+0.35m.
[state_machine_node-28] [INFO] [1789537927.138581066] [state_machine_node]: Blue candidate door_blue_471776_3 recorded with door-body progress and observed wall side because its direct projection was center-biased or crossed the corridor.
[state_machine_node-28] [INFO] [1789537927.140063287] [state_machine_node]: 문 접근 목표 보정: door_blue_471776_3 handle_axis=(13.91, -5.38) goal_axis=(13.91, -0.95) wall_axis=(13.91, -2.20) yaw=-90deg
[state_machine_node-28] [INFO] [1789537927.376075841] [state_machine_node]: 문 접근 목표 보정: door_blue_5490f1 handle_axis=(13.03, -2.67) goal_axis=(13.03, -0.95) wall_axis=(13.03, -2.20) yaw=-90deg
[state_machine_node-28] [INFO] [1789537927.665077137] [state_machine_node]: Fine door final yaw alignment: observed_blue_13p3_m1p9, dist=0.18m/0.17m, yaw_error=30deg, cmd=(0.00, -0.25)
[state_machine_node-28] [INFO] [1789537928.122958233] [state_machine_node]: 문 접근 목표 보정: door_blue_471776 handle_axis=(13.67, -5.39) goal_axis=(13.67, -0.95) wall_axis=(13.67, -2.20) yaw=-90deg
[door_detection_node-24] [INFO] [1789537928.354299601] [door_detection_node]: HSV handle observed: color=blue, pixel=(61,122), conf=0.15, door_bbox=(33,64,64,176)
[state_machine_node-28] [INFO] [1789537928.367135745] [state_machine_node]: 문 접근 목표 보정: door_blue_5b649a handle_axis=(17.90, 1.95) goal_axis=(17.90, 0.85) wall_axis=(17.90, 1.95) yaw=90deg
[state_machine_node-28] [INFO] [1789537928.662080340] [state_machine_node]: Fine door final yaw alignment: observed_blue_13p3_m1p9, dist=0.17m/0.17m, yaw_error=25deg, cmd=(0.00, -0.25)
[state_machine_node-28] [INFO] [1789537928.779975675] [state_machine_node]: 문 접근 목표 보정: door_blue_104aca handle_axis=(12.90, -2.62) goal_axis=(12.90, -0.95) wall_axis=(12.90, -2.20) yaw=-90deg
[state_machine_node-28] [INFO] [1789537929.133905984] [state_machine_node]: 문 접근 목표 보정: door_blue_471776 handle_axis=(13.49, -5.34) goal_axis=(13.49, -0.95) wall_axis=(13.49, -2.20) yaw=-90deg
[state_machine_node-28] [INFO] [1789537929.627781812] [state_machine_node]: Fine door final yaw alignment: observed_blue_13p3_m1p9, dist=0.17m/0.17m, yaw_error=19deg, cmd=(0.00, -0.25)
[door_detection_node-24] [INFO] [1789537929.970258552] [door_detection_node]: HSV handle observed: color=blue, pixel=(15,122), conf=0.35, door_bbox=(0,60,19,179)
[state_machine_node-28] [INFO] [1789537930.082253267] [state_machine_node]: 문 접근 목표 보정: door_blue_4e9d83 handle_axis=(16.97, 1.25) goal_axis=(16.97, 0.80) wall_axis=(16.97, 1.90) yaw=90deg
[state_machine_node-28] [INFO] [1789537930.527907766] [state_machine_node]: Blue candidate door_blue_224623 rejected: handle lateral 2.74m is outside wall band 2.20+0.35m.
[state_machine_node-28] [INFO] [1789537930.531004639] [state_machine_node]: Blue candidate door_blue_224623 recorded with door-body progress and observed wall side because its direct projection was center-biased or crossed the corridor.
[state_machine_node-28] [INFO] [1789537930.532090999] [state_machine_node]: 문 접근 목표 보정: door_blue_c17d46 handle_axis=(13.47, -2.74) goal_axis=(13.47, -0.95) wall_axis=(13.47, -2.20) yaw=-90deg
[state_machine_node-28] [INFO] [1789537930.573405312] [state_machine_node]: Fine door final yaw alignment: observed_blue_13p3_m1p9, dist=0.17m/0.17m, yaw_error=14deg, cmd=(0.00, -0.18)
[state_machine_node-28] [INFO] [1789537930.692523085] [state_machine_node]: 문 접근 목표 보정: door_blue_104aca handle_axis=(12.81, -2.58) goal_axis=(12.81, -0.95) wall_axis=(12.81, -2.20) yaw=-90deg
[state_machine_node-28] [INFO] [1789537931.534330933] [state_machine_node]: Fine door approach accepted for manipulation verification: observed_blue_13p3_m1p9, dist=0.16m/0.24m, lateral=0.03m/0.18m, yaw_error=10deg/10deg.
[state_machine_node-28] [INFO] [1789537931.537398432] [state_machine_node]: 문 앞 정렬 완료. 2.8s 정지 후 개방합니다.
[door_detection_node-24] [INFO] [1789537931.543135381] [door_detection_node]: HSV handle observed: color=red, pixel=(204,123), conf=0.03, door_bbox=(199,3,246,237)
[door_detection_node-24] [INFO] [1789537931.696237146] [door_detection_node]: YOLO handle observed (primary): pixel=(228,90), conf=0.25, bbox=(213, 81, 244, 98)
[door_detection_node-24] [INFO] [1789537931.701850559] [door_detection_node]: Handle camera-ray projection: pixel=(228,90), range=1.062m, z=0.920m
[state_machine_node-28] [INFO] [1789537931.714783233] [state_machine_node]: Blue candidate door_blue_224623 recorded at camera-ray intersection with the observed corridor wall.
[state_machine_node-28] [INFO] [1789537931.716615475] [state_machine_node]: 문 접근 목표 보정: door_blue_cfbcd2 handle_axis=(13.52, -1.86) goal_axis=(13.52, -0.80) wall_axis=(13.52, -1.90) yaw=-90deg
[state_machine_node-28] [INFO] [1789537931.722255741] [state_machine_node]: 문 접근 목표 보정: door_blue_cfbcd2 handle_axis=(13.52, -1.86) goal_axis=(13.52, -0.80) wall_axis=(13.52, -1.90) yaw=-90deg
[state_machine_node-28] [INFO] [1789537931.726024990] [state_machine_node]: 문 접근 목표 보정: door_blue_cfbcd2 handle_axis=(13.52, -1.86) goal_axis=(13.52, -0.80) wall_axis=(13.52, -1.90) yaw=-90deg
[door_detection_node-24] [INFO] [1789537932.833859950] [door_detection_node]: HSV handle observed: color=blue, pixel=(190,129), conf=0.98, door_bbox=(154,0,320,240)
[door_detection_node-24] [INFO] [1789537932.840454099] [door_detection_node]: Handle camera-ray projection: pixel=(190,129), range=1.058m, z=0.749m
[state_machine_node-28] [INFO] [1789537932.848091912] [state_machine_node]: 문 접근 목표 보정: door_blue_cfbcd2 handle_axis=(13.67, -1.86) goal_axis=(13.67, -0.80) wall_axis=(13.67, -1.90) yaw=-90deg
[state_machine_node-28] [INFO] [1789537932.853828291] [state_machine_node]: 문 접근 목표 보정: door_blue_cfbcd2 handle_axis=(13.67, -1.86) goal_axis=(13.67, -0.80) wall_axis=(13.67, -1.90) yaw=-90deg
[state_machine_node-28] [INFO] [1789537932.858979866] [state_machine_node]: 문 접근 목표 보정: door_blue_cfbcd2 handle_axis=(13.67, -1.86) goal_axis=(13.67, -0.80) wall_axis=(13.67, -1.90) yaw=-90deg
[door_detection_node-24] [INFO] [1789537933.885162563] [door_detection_node]: HSV handle observed: color=blue, pixel=(190,129), conf=0.98, door_bbox=(154,0,320,240)
[door_detection_node-24] [INFO] [1789537933.888507991] [door_detection_node]: Handle camera-ray projection: pixel=(190,129), range=1.061m, z=0.749m
[state_machine_node-28] [INFO] [1789537933.899972220] [state_machine_node]: 문 접근 목표 보정: door_blue_cfbcd2 handle_axis=(13.67, -1.86) goal_axis=(13.67, -0.80) wall_axis=(13.67, -1.90) yaw=-90deg
[state_machine_node-28] [INFO] [1789537933.907432482] [state_machine_node]: 문 접근 목표 보정: door_blue_cfbcd2 handle_axis=(13.67, -1.86) goal_axis=(13.67, -0.80) wall_axis=(13.67, -1.90) yaw=-90deg
[state_machine_node-28] [INFO] [1789537933.911635763] [state_machine_node]: 문 접근 목표 보정: door_blue_cfbcd2 handle_axis=(13.67, -1.86) goal_axis=(13.67, -0.80) wall_axis=(13.67, -1.90) yaw=-90deg
[door_detection_node-24] [INFO] [1789537935.033065519] [door_detection_node]: HSV handle observed: color=blue, pixel=(190,129), conf=0.98, door_bbox=(154,0,320,240)
[door_detection_node-24] [INFO] [1789537935.037015827] [door_detection_node]: Handle camera-ray projection: pixel=(190,129), range=1.029m, z=0.750m
[state_machine_node-28] [INFO] [1789537935.042511499] [state_machine_node]: Blue candidate door_blue_224623 recorded at camera-ray intersection with the observed corridor wall.
[state_machine_node-28] [INFO] [1789537935.046023165] [state_machine_node]: 문 접근 목표 보정: door_blue_cfbcd2 handle_axis=(13.67, -1.83) goal_axis=(13.67, -0.80) wall_axis=(13.67, -1.90) yaw=-90deg
[state_machine_node-28] [INFO] [1789537935.049041725] [state_machine_node]: 문 접근 목표 보정: door_blue_cfbcd2 handle_axis=(13.67, -1.83) goal_axis=(13.67, -0.80) wall_axis=(13.67, -1.90) yaw=-90deg
[state_machine_node-28] [INFO] [1789537935.053829960] [state_machine_node]: 문 접근 목표 보정: door_blue_cfbcd2 handle_axis=(13.67, -1.83) goal_axis=(13.67, -0.80) wall_axis=(13.67, -1.90) yaw=-90deg
[door_detection_node-24] [INFO] [1789537936.168968203] [door_detection_node]: HSV handle observed: color=blue, pixel=(190,129), conf=0.98, door_bbox=(154,0,320,240)
[door_detection_node-24] [INFO] [1789537936.175455596] [door_detection_node]: Handle camera-ray projection: pixel=(190,129), range=1.048m, z=0.749m
[state_machine_node-28] [INFO] [1789537936.192043257] [state_machine_node]: 문 접근 목표 보정: door_blue_cfbcd2 handle_axis=(13.67, -1.85) goal_axis=(13.67, -0.80) wall_axis=(13.67, -1.90) yaw=-90deg
[state_machine_node-28] [INFO] [1789537936.199566389] [state_machine_node]: 문 접근 목표 보정: door_blue_cfbcd2 handle_axis=(13.67, -1.85) goal_axis=(13.67, -0.80) wall_axis=(13.67, -1.90) yaw=-90deg
[state_machine_node-28] [INFO] [1789537936.207424577] [state_machine_node]: 문 접근 목표 보정: door_blue_cfbcd2 handle_axis=(13.67, -1.85) goal_axis=(13.67, -0.80) wall_axis=(13.67, -1.90) yaw=-90deg
[state_machine_node-28] [INFO] [1789537937.034064923] [state_machine_node]: 문 접근 목표 보정: door_blue_cfbcd2 handle_axis=(13.67, -1.80) goal_axis=(13.67, -0.80) wall_axis=(13.67, -1.90) yaw=-90deg
[state_machine_node-28] [INFO] [1789537937.038478556] [state_machine_node]: 문 접근 목표 보정: door_blue_cfbcd2 handle_axis=(13.67, -1.80) goal_axis=(13.67, -0.80) wall_axis=(13.67, -1.90) yaw=-90deg
[state_machine_node-28] [INFO] [1789537937.041663481] [state_machine_node]: 문 접근 목표 보정: door_blue_cfbcd2 handle_axis=(13.67, -1.80) goal_axis=(13.67, -0.80) wall_axis=(13.67, -1.90) yaw=-90deg
[state_machine_node-28] [INFO] [1789537937.306336756] [state_machine_node]: Final handle refreshed from current observation: observed_blue_13p3_m1p9, method=hsv, point=(10.669,-1.796,0.849)
[state_machine_node-28] [INFO] [1789537937.314070038] [state_machine_node]: Observed blue cluster (10.7, -1.9) will be rechecked before exit despite red/exit-sensitive memory: count=100, conf=1.00, fresh=True.
[state_machine_node-28] [INFO] [1789537937.314916995] [state_machine_node]: Observed blue cluster (10.7, -1.9) will be rechecked because unresolved repeated blue evidence must be verified at the mapped station.
[state_machine_node-28] [INFO] [1789537937.332442766] [state_machine_node]: Observed blue cluster (12.0, -2.2) will be rechecked despite mixed semantic color memory.
[state_machine_node-28] [INFO] [1789537937.397290560] [state_machine_node]: Observed blue target observed_blue_13p3_m1p9 confirmed by current same-wall live blue evidence before opening (candidate=door_blue_224623, progress_gap=0.00/0.90, lateral_gap=0.00/0.48, conf=1.00/0.58).
[state_machine_node-28] [INFO] [1789537937.399879478] [state_machine_node]: Observed blue target observed_blue_13p3_m1p9 accepted for opening from recheckable mapped wall memory after close alignment (count=100, conf=1.00, progress_gap=0.15m, lateral_gap=0.10m).
[state_machine_node-28] [INFO] [1789537937.464496072] [state_machine_node]: Live blue confirmation (4.1, -3.3) rejected: same-wall blue observation is inside the opened-door remnant window (opened_progress=5.4m, gap=1.6m, window=2.4m).
[state_machine_node-28] [INFO] [1789537937.476121323] [state_machine_node]: State: NAVIGATING → OPENING_DOOR
[door_detection_node-24] [INFO] [1789537937.972360749] [door_detection_node]: HSV handle observed: color=red, pixel=(200,123), conf=0.02, door_bbox=(194,2,241,237)
[door_detection_node-24] [INFO] [1789537938.332448343] [door_detection_node]: Handle camera-ray projection: pixel=(190,129), range=1.031m, z=0.750m
[state_machine_node-28] [INFO] [1789537938.343440435] [state_machine_node]: Blue candidate door_blue_224623 recorded at camera-ray intersection with the observed corridor wall.
[state_machine_node-28] [INFO] [1789537938.384807786] [state_machine_node]: 문 개방 요청 손잡이: id=observed_blue_13p3_m1p9__axis_p13p67_m1p80, method=hsv, conf=0.98, frame=map, pos=(10.669,-1.796,0.849)
[manipulation_node-26] [INFO] [1789537938.408198730] [manipulation_node]: Open door request: id=observed_blue_13p3_m1p9__axis_p13p67_m1p80, handle_method=hsv, handle_detected=True, handle_conf=0.98
[manipulation_node-26] [INFO] [1789537938.409192093] [manipulation_node]: Manipulation phase: LOCALIZE_HANDLE:observed_blue_13p3_m1p9__axis_p13p67_m1p80
[manipulation_node-26] [INFO] [1789537938.410980986] [manipulation_node]: Transformed handle_position map -> base_link: (0.989, -0.127, 0.751)
[manipulation_node-26] [INFO] [1789537938.411701878] [manipulation_node]: Manipulation phase: PRE_GRASP:observed_blue_13p3_m1p9__axis_p13p67_m1p80
[manipulation_node-26] [INFO] [1789537938.412263667] [manipulation_node]: Step 1/4: Moving to pre-grasp position
[manipulation_node-26] [INFO] [1789537938.429735624] [manipulation_node]:   [SIM] Pre-grasp at (0.869, -0.127, 0.751)
[manipulation_node-26] [INFO] [1789537938.448406370] [manipulation_node]:   [SIM] Arm target stage=pre_grasp: joint1=-0.19, joint2=0.97, joint3=-0.11, joint4=0.00, joint5=0.00, joint6=0.00
[manipulation_node-26] [INFO] [1789537939.482840244] [manipulation_node]: Manipulation phase: GRASP_HANDLE:observed_blue_13p3_m1p9__axis_p13p67_m1p80
[manipulation_node-26] [INFO] [1789537939.483593670] [manipulation_node]: Step 2/4: Grasping handle
[manipulation_node-26] [INFO] [1789537939.484133432] [manipulation_node]:   [SIM] Gripper closing
[manipulation_node-26] [INFO] [1789537939.486596481] [manipulation_node]:   [SIM] Arm target stage=grasp: joint1=-0.19, joint2=0.97, joint3=-0.11, joint4=0.00, joint5=0.00, joint6=0.00
[door_detection_node-24] [INFO] [1789537939.593534780] [door_detection_node]: HSV handle observed: color=red, pixel=(200,123), conf=0.02, door_bbox=(194,2,241,237)
[door_detection_node-24] [INFO] [1789537940.175764032] [door_detection_node]: Handle camera-ray projection: pixel=(190,129), range=1.070m, z=0.748m
[manipulation_node-26] [INFO] [1789537940.555412895] [manipulation_node]: Manipulation phase: PRESS_HANDLE:observed_blue_13p3_m1p9__axis_p13p67_m1p80
[manipulation_node-26] [INFO] [1789537940.556005558] [manipulation_node]: Step 3/5: Pressing lever handle
[manipulation_node-26] [INFO] [1789537940.572239583] [manipulation_node]:   [SIM] Pressing lever down 0.070m before push
[manipulation_node-26] [INFO] [1789537940.572987479] [manipulation_node]:   [SIM] Arm target stage=press: joint1=-0.19, joint2=1.04, joint3=-0.11, joint4=0.00, joint5=0.00, joint6=0.00
[door_detection_node-24] [INFO] [1789537941.144603446] [door_detection_node]: HSV handle observed: color=blue, pixel=(190,129), conf=0.98, door_bbox=(154,0,320,240)
[manipulation_node-26] [INFO] [1789537941.600714839] [manipulation_node]: Manipulation phase: PUSH_OPEN:observed_blue_13p3_m1p9__axis_p13p67_m1p80
[manipulation_node-26] [INFO] [1789537941.601010320] [manipulation_node]: Step 4/5: Pushing door open
[manipulation_node-26] [INFO] [1789537941.607750786] [manipulation_node]:   [SIM] Holding the pressed handle while the base opens the hinged Gazebo door 2.09rad
[manipulation_node-26] [INFO] [1789537941.608621389] [manipulation_node]:   [SIM] Arm target stage=push: joint1=-0.19, joint2=0.97, joint3=-0.11, joint4=0.00, joint5=0.00, joint6=0.00
[manipulation_node-26] [INFO] [1789537941.629328219] [manipulation_node]:   [SIM] Matched observed door observed_blue_13p3_m1p9__axis_p13p67_m1p80 to /fire_robot/door/blue/x1040/yn186/sp/cmd (distance=0.04m, score=0.001, source=map_handle, match=(10.67,-1.80))
[manipulation_node-26] [INFO] [1789537941.635103137] [manipulation_node]:   [SIM] Gazebo door topic=/fire_robot/door/blue/x1040/yn186/sp/cmd, target_angle=-2.094
[door_detection_node-24] [INFO] [1789537942.047576866] [door_detection_node]: YOLO handle observed (primary): pixel=(182,130), conf=0.28, bbox=(129, 102, 234, 159)
[door_detection_node-24] [INFO] [1789537942.053959831] [door_detection_node]: Handle camera-ray projection: pixel=(182,130), range=1.027m, z=0.745m
[state_machine_node-28] [INFO] [1789537942.162108884] [state_machine_node]: Blue candidate door_blue_224623 recorded at camera-ray intersection with the observed corridor wall.
[door_detection_node-24] [INFO] [1789537942.945024230] [door_detection_node]: HSV handle observed: color=red, pixel=(200,123), conf=0.02, door_bbox=(194,2,241,237)
[door_detection_node-24] [INFO] [1789537943.260185504] [door_detection_node]: Handle camera-ray projection: pixel=(190,129), range=1.041m, z=0.749m
[door_detection_node-24] [INFO] [1789537944.208978103] [door_detection_node]: HSV handle observed: color=blue, pixel=(190,129), conf=0.98, door_bbox=(154,0,320,240)
[door_detection_node-24] [INFO] [1789537945.176524224] [door_detection_node]: YOLO handle observed (primary): pixel=(224,222), conf=0.70, bbox=(189, 208, 258, 235)
[door_detection_node-24] [INFO] [1789537945.182788448] [door_detection_node]: Handle camera-ray projection: pixel=(224,222), range=1.018m, z=0.650m
[state_machine_node-28] [INFO] [1789537945.187031934] [state_machine_node]: Blue candidate door_blue_224623 recorded at camera-ray intersection with the observed corridor wall.
[door_detection_node-24] [INFO] [1789537946.255703793] [door_detection_node]: HSV handle observed: color=red, pixel=(200,123), conf=0.02, door_bbox=(194,2,241,237)
[door_detection_node-24] [INFO] [1789537946.419385514] [door_detection_node]: YOLO handle observed (primary): pixel=(200,128), conf=0.64, bbox=(160, 113, 239, 144)
[door_detection_node-24] [INFO] [1789537946.423065773] [door_detection_node]: Handle camera-ray projection: pixel=(200,128), range=1.280m, z=0.746m
[door_detection_node-24] [INFO] [1789537947.741563592] [door_detection_node]: HSV handle observed: color=red, pixel=(200,123), conf=0.02, door_bbox=(194,2,241,237)
[manipulation_node-26] [INFO] [1789537949.017804048] [manipulation_node]:   [SIM] Door model feedback verified: topic=/fire_robot/door/blue/x1040/yn186/sp/cmd, model=door_blue3, angle=-2.1000, target=-2.0944
[door_detection_node-24] [INFO] [1789537949.416901950] [door_detection_node]: HSV handle observed: color=red, pixel=(200,123), conf=0.02, door_bbox=(194,2,241,237)
[manipulation_node-26] [INFO] [1789537950.049501534] [manipulation_node]: Manipulation phase: RELEASE_HANDLE:observed_blue_13p3_m1p9__axis_p13p67_m1p80
[manipulation_node-26] [INFO] [1789537950.051019353] [manipulation_node]: Releasing the lever before arm recovery and base backoff
[door_detection_node-24] [INFO] [1789537951.053750661] [door_detection_node]: HSV handle observed: color=red, pixel=(200,123), conf=0.02, door_bbox=(194,2,241,237)
[manipulation_node-26] [INFO] [1789537951.082149034] [manipulation_node]: Manipulation phase: RETURN_HOME:observed_blue_13p3_m1p9__axis_p13p67_m1p80
[manipulation_node-26] [INFO] [1789537951.107637185] [manipulation_node]: Step 5/5: Returning to home position
[manipulation_node-26] [INFO] [1789537951.126054078] [manipulation_node]:   [SIM] Returning to home position
[manipulation_node-26] [INFO] [1789537951.160637241] [manipulation_node]:   [SIM] Arm target stage=home: joint1=0.00, joint2=0.00, joint3=0.00, joint4=0.00, joint5=0.00, joint6=0.00
[door_detection_node-24] [INFO] [1789537952.597939258] [door_detection_node]: HSV handle observed: color=red, pixel=(200,123), conf=0.02, door_bbox=(194,2,241,237)
[manipulation_node-26] [INFO] [1789537954.657324991] [manipulation_node]:   [SIM] Arm home verified by joint feedback: max_error=0.073rad
[manipulation_node-26] [INFO] [1789537954.658718211] [manipulation_node]: Manipulation phase: POST_OPEN_BACKOFF:observed_blue_13p3_m1p9__axis_p13p67_m1p80
[manipulation_node-26] [INFO] [1789537954.689385921] [manipulation_node]: Backing away from opened door with limited micro reverse
[door_detection_node-24] [INFO] [1789537954.949343450] [door_detection_node]: HSV handle observed: color=red, pixel=(200,123), conf=0.02, door_bbox=(194,2,241,237)
[manipulation_node-26] [INFO] [1789537957.053159450] [manipulation_node]: Manipulation phase: COMPLETE:observed_blue_13p3_m1p9__axis_p13p67_m1p80
[state_machine_node-28] [INFO] [1789537957.088933478] [state_machine_node]: 열린 파란 문 재관측 후보 1개 정리. 다음 목표 선택에서 제외합니다.
[state_machine_node-28] [INFO] [1789537957.089427166] [state_machine_node]: 문 개방 성공: observed_blue_13p3_m1p9  누적 개방: 3개
[state_machine_node-28] [INFO] [1789537957.089712348] [state_machine_node]: State: OPENING_DOOR → DOOR_OPENED
[state_machine_node-28] [INFO] [1789537957.119694837] [state_machine_node]: 다음 파란 문 탐색 시작 (개방 완료: 3개)
[state_machine_node-28] [INFO] [1789537957.122861849] [state_machine_node]: State: DOOR_OPENED → EXPLORING
[door_detection_node-24] [INFO] [1789537957.442314236] [door_detection_node]: HSV handle observed: color=red, pixel=(202,123), conf=0.02, door_bbox=(198,3,244,237)
[state_machine_node-28] [INFO] [1789537958.117092433] [state_machine_node]: Post-open side retreat started: lateral=-0.77m, target_abs=0.48m.
[state_machine_node-28] [INFO] [1789537958.118402421] [state_machine_node]: Post-open side retreat: lateral=-0.77m, moved=0.00/1.10m, yaw_error=170deg, cmd=(0.00, 0.50)
[door_detection_node-24] [INFO] [1789537959.050561067] [door_detection_node]: HSV handle observed: color=red, pixel=(240,123), conf=0.03, door_bbox=(236,4,283,236)
[state_machine_node-28] [INFO] [1789537959.149234675] [state_machine_node]: Post-open side retreat: lateral=-0.77m, moved=0.00/1.10m, yaw_error=160deg, cmd=(0.00, 0.50)
[door_detection_node-24] [INFO] [1789537960.668087357] [door_detection_node]: HSV handle observed: color=blue, pixel=(93,122), conf=0.13, door_bbox=(67,64,98,175)
[state_machine_node-28] [INFO] [1789537961.085031516] [state_machine_node]: Post-open side retreat: lateral=-0.77m, moved=0.00/1.10m, yaw_error=141deg, cmd=(0.00, 0.50)
[door_detection_node-24] [INFO] [1789537962.000782466] [door_detection_node]: HSV handle observed: color=red, pixel=(53,123), conf=0.03, door_bbox=(47,5,94,236)
[door_detection_node-24] [INFO] [1789537963.030607094] [door_detection_node]: HSV handle observed: color=red, pixel=(96,122), conf=0.02, door_bbox=(94,6,135,237)
[state_machine_node-28] [INFO] [1789537963.087211690] [state_machine_node]: Post-open side retreat: lateral=-0.77m, moved=0.00/1.10m, yaw_error=124deg, cmd=(0.00, 0.50)
[door_detection_node-24] [INFO] [1789537964.069346735] [door_detection_node]: HSV handle observed: color=red, pixel=(138,122), conf=0.02, door_bbox=(133,7,176,233)
[state_machine_node-28] [WARN] [1789537964.076579010] [state_machine_node]: Exit candidate door_green_2faca4 accepted despite a backward localization progress estimate: robot=13.6m, opened_floor=13.7m, exit=18.9m.
[state_machine_node-28] [INFO] [1789537965.033494887] [state_machine_node]: Post-open side retreat: lateral=-0.80m, moved=0.00/1.10m, yaw_error=103deg, cmd=(0.00, 0.50)
[door_detection_node-24] [INFO] [1789537965.115495720] [door_detection_node]: HSV handle observed: color=red, pixel=(182,122), conf=0.01, door_bbox=(176,7,221,234)
[door_detection_node-24] [INFO] [1789537966.283899797] [door_detection_node]: HSV handle observed: color=red, pixel=(252,123), conf=0.02, door_bbox=(247,0,304,240)
[state_machine_node-28] [INFO] [1789537966.295520519] [state_machine_node]: 보조 비상구 관측 저장: door_green_deb61f (17.6, 0.0)
[state_machine_node-28] [INFO] [1789537966.995264312] [state_machine_node]: Post-open side retreat: lateral=-0.85m, moved=0.00/1.10m, yaw_error=79deg, cmd=(0.00, 0.50)
[state_machine_node-28] [WARN] [1789537967.277648129] [state_machine_node]: Exit candidate door_green_a609ae accepted despite a backward localization progress estimate: robot=13.6m, opened_floor=13.7m, exit=20.0m.
[door_detection_node-24] [INFO] [1789537967.376900927] [door_detection_node]: HSV handle observed: color=blue, pixel=(85,122), conf=0.06, door_bbox=(58,65,88,174)
[state_machine_node-28] [INFO] [1789537968.013536076] [state_machine_node]: Post-open side retreat: lateral=-0.87m, moved=0.00/1.10m, yaw_error=68deg, cmd=(0.00, 0.50)
[door_detection_node-24] [INFO] [1789537968.452568676] [door_detection_node]: HSV handle observed: color=blue, pixel=(130,122), conf=0.11, door_bbox=(108,69,136,170)
[state_machine_node-28] [INFO] [1789537969.031162065] [state_machine_node]: Post-open side retreat: lateral=-0.88m, moved=0.00/1.10m, yaw_error=59deg, cmd=(0.00, 0.50)
[state_machine_node-28] [INFO] [1789537969.622589775] [state_machine_node]: 보조 비상구 관측 저장: door_green_d8b395 (16.4, -0.2)
[door_detection_node-24] [INFO] [1789537969.929731136] [door_detection_node]: HSV handle observed: color=red, pixel=(114,123), conf=0.03, door_bbox=(109,4,153,234)
[state_machine_node-28] [INFO] [1789537970.233816570] [state_machine_node]: Blue candidate door_blue_4e9d83 ignored: physical/opened door station already handled nearby at (7.49, 1.38).
[state_machine_node-28] [INFO] [1789537971.046815063] [state_machine_node]: Post-open side retreat: lateral=-0.89m, moved=0.00/1.10m, yaw_error=41deg, cmd=(0.00, 0.50)
[door_detection_node-24] [INFO] [1789537971.652710699] [door_detection_node]: HSV handle observed: color=red, pixel=(178,122), conf=0.02, door_bbox=(175,9,222,235)
[state_machine_node-28] [INFO] [1789537972.082884329] [state_machine_node]: Post-open side retreat: lateral=-0.89m, moved=0.00/1.10m, yaw_error=32deg, cmd=(0.00, 0.50)
[door_detection_node-24] [INFO] [1789537973.259638319] [door_detection_node]: HSV handle observed: color=red, pixel=(254,123), conf=0.02, door_bbox=(249,0,307,239)
[state_machine_node-28] [INFO] [1789537973.691040759] [state_machine_node]: blue candidate (6.2, 2.3) rejected: same-wall blue observation is inside the opened-door remnant window (opened_progress=10.5m, gap=-1.3m, window=2.4m).
[state_machine_node-28] [INFO] [1789537974.042267436] [state_machine_node]: Post-open side retreat: lateral=-0.89m, moved=0.00/1.10m, yaw_error=11deg, cmd=(0.00, 0.50)
[door_detection_node-24] [INFO] [1789537974.901743736] [door_detection_node]: HSV handle observed: color=blue, pixel=(110,122), conf=0.13, door_bbox=(87,66,116,173)
[state_machine_node-28] [INFO] [1789537975.055658311] [state_machine_node]: Post-open side retreat: lateral=-0.89m, moved=0.00/1.10m, yaw_error=-1deg, cmd=(0.18, -0.02)
[door_detection_node-24] [INFO] [1789537976.543782628] [door_detection_node]: HSV handle observed: color=blue, pixel=(133,122), conf=0.05, door_bbox=(111,67,138,172)
[state_machine_node-28] [INFO] [1789537976.987848761] [state_machine_node]: blue candidate (6.2, 2.3) rejected: same-wall blue observation is inside the opened-door remnant window (opened_progress=10.5m, gap=-1.2m, window=2.4m).
[state_machine_node-28] [INFO] [1789537976.995079525] [state_machine_node]: Post-open side retreat: lateral=-0.73m, moved=0.04/1.10m, yaw_error=-1deg, cmd=(0.18, -0.01)
[door_detection_node-24] [INFO] [1789537978.192291331] [door_detection_node]: HSV handle observed: color=blue, pixel=(138,122), conf=0.06, door_bbox=(114,66,141,172)
[state_machine_node-28] [INFO] [1789537979.007365485] [state_machine_node]: Post-open side retreat: lateral=-0.55m, moved=0.22/1.10m, yaw_error=-0deg, cmd=(0.18, -0.00)
[state_machine_node-28] [INFO] [1789537979.917223482] [state_machine_node]: 보조 비상구 관측 저장: door_green_e48297 (17.9, -0.2)
[state_machine_node-28] [WARN] [1789537979.918361785] [state_machine_node]: Exit candidate door_green_e48297 accepted despite a backward localization progress estimate: robot=13.6m, opened_floor=13.7m, exit=20.9m.
[state_machine_node-28] [INFO] [1789537979.944714185] [state_machine_node]: Post-open side retreat complete: lateral=0.46m <= target=0.48m
[state_machine_node-28] [INFO] [1789537979.997032137] [state_machine_node]: blue candidate (6.3, 2.3) rejected: same-wall blue observation is inside the opened-door remnant window (opened_progress=10.5m, gap=-1.2m, window=2.4m).
[state_machine_node-28] [INFO] [1789537980.125646077] [state_machine_node]: Observed blue cluster (12.0, -2.2) will be rechecked despite mixed semantic color memory.
[door_detection_node-24] [INFO] [1789537980.182672271] [door_detection_node]: HSV handle observed: color=blue, pixel=(143,122), conf=0.07, door_bbox=(121,67,146,173)
[state_machine_node-28] [INFO] [1789537980.184581122] [state_machine_node]: 문 접근 목표 보정: observed_blue_17p3_1p6 handle_axis=(17.26, 1.57) goal_axis=(17.26, 0.80) wall_axis=(17.26, 1.90) yaw=90deg
[state_machine_node-28] [INFO] [1789537980.186765202] [state_machine_node]: 문 접근 목표 보정: observed_blue_18p4_2p0 handle_axis=(18.37, 1.96) goal_axis=(18.37, 0.86) wall_axis=(18.37, 1.96) yaw=90deg
[state_machine_node-28] [INFO] [1789537980.206451807] [state_machine_node]: 문 접근 목표 보정: observed_blue_17p3_1p6 handle_axis=(17.26, 1.57) goal_axis=(17.26, 0.80) wall_axis=(17.26, 1.90) yaw=90deg
[state_machine_node-28] [INFO] [1789537980.226167651] [state_machine_node]: 문 접근 목표 보정: observed_blue_18p4_2p0 handle_axis=(18.37, 1.96) goal_axis=(18.37, 0.86) wall_axis=(18.37, 1.96) yaw=90deg
[state_machine_node-28] [INFO] [1789537980.240336108] [state_machine_node]: 문 접근 목표 보정: observed_blue_17p3_1p6 handle_axis=(17.26, 1.57) goal_axis=(17.26, 0.80) wall_axis=(17.26, 1.90) yaw=90deg
[state_machine_node-28] [INFO] [1789537980.243870453] [state_machine_node]: 문 접근 목표 보정: observed_blue_18p4_2p0 handle_axis=(18.37, 1.96) goal_axis=(18.37, 0.86) wall_axis=(18.37, 1.96) yaw=90deg
[state_machine_node-28] [WARN] [1789537980.251390862] [state_machine_node]: Blue target observed_blue_17p3_1p6 retained for revisit: stable unopened blue memory must be checked before exit even when it is behind the farthest opened station.
[state_machine_node-28] [INFO] [1789537980.262707859] [state_machine_node]: 문 접근 목표 보정: observed_blue_17p3_1p6 handle_axis=(17.26, 1.57) goal_axis=(17.26, 0.80) wall_axis=(17.26, 1.90) yaw=90deg
[state_machine_node-28] [INFO] [1789537980.264425141] [state_machine_node]: 문 접근 목표 보정: observed_blue_17p3_1p6 handle_axis=(17.26, 1.90) goal_axis=(17.26, 0.80) wall_axis=(17.26, 1.90) yaw=90deg
[state_machine_node-28] [INFO] [1789537980.266537197] [state_machine_node]: LiDAR+camera segment map 사전 스캔 시작: observed_blue_17p3_1p6
[state_machine_node-28] [INFO] [1789537981.149998970] [state_machine_node]: 문 접근 목표 보정: observed_blue_17p3_1p6 handle_axis=(17.26, 1.57) goal_axis=(17.26, 0.80) wall_axis=(17.26, 1.90) yaw=90deg
[state_machine_node-28] [INFO] [1789537981.153031330] [state_machine_node]: 문 접근 목표 보정: observed_blue_18p4_2p0 handle_axis=(18.37, 1.96) goal_axis=(18.37, 0.86) wall_axis=(18.37, 1.96) yaw=90deg
[door_detection_node-24] [INFO] [1789537981.414951220] [door_detection_node]: HSV handle observed: color=blue, pixel=(144,122), conf=0.15, door_bbox=(120,66,148,173)
[state_machine_node-28] [INFO] [1789537982.142796617] [state_machine_node]: 문 접근 목표 보정: observed_blue_17p3_1p6 handle_axis=(17.26, 1.57) goal_axis=(17.26, 0.80) wall_axis=(17.26, 1.90) yaw=90deg
[state_machine_node-28] [INFO] [1789537982.146309215] [state_machine_node]: 문 접근 목표 보정: observed_blue_18p4_2p0 handle_axis=(18.37, 1.96) goal_axis=(18.37, 0.86) wall_axis=(18.37, 1.96) yaw=90deg
[state_machine_node-28] [WARN] [1789537982.949066826] [state_machine_node]: Exit candidate door_green_5fab61 accepted despite a backward localization progress estimate: robot=13.6m, opened_floor=13.7m, exit=20.8m.
[state_machine_node-28] [INFO] [1789537983.110215474] [state_machine_node]: 문 접근 목표 보정: observed_blue_17p3_1p6 handle_axis=(17.26, 1.57) goal_axis=(17.26, 0.80) wall_axis=(17.26, 1.90) yaw=90deg
[state_machine_node-28] [INFO] [1789537983.112136818] [state_machine_node]: 문 접근 목표 보정: observed_blue_18p4_2p0 handle_axis=(18.37, 1.96) goal_axis=(18.37, 0.86) wall_axis=(18.37, 1.96) yaw=90deg
[state_machine_node-28] [INFO] [1789537983.115825991] [state_machine_node]: 사전 스캔 완료. Nav2가 segment map 기반 경로를 계획합니다: observed_blue_17p3_1p6
[door_detection_node-24] [INFO] [1789537983.158353716] [door_detection_node]: HSV handle observed: color=blue, pixel=(144,122), conf=0.15, door_bbox=(120,66,148,173)
[state_machine_node-28] [INFO] [1789537983.188156031] [state_machine_node]: Locked blue target after pre-scan: observed_blue_17p3_1p6 opened=3 retry=0/2
[state_machine_node-28] [INFO] [1789537983.189092512] [state_machine_node]: State: EXPLORING → NAVIGATING
[navigation_node-25] [INFO] [1789537983.191751796] [navigation_node]: Navigation goal received: door observed_blue_17p3_1p6 (color=blue, frame=map, x=14.26, y=0.80)
[state_machine_node-28] [INFO] [1789537983.192379894] [state_machine_node]: 보조 비상구 관측 저장: door_green_e48297 (17.9, -0.1)
[state_machine_node-28] [INFO] [1789537983.205197143] [state_machine_node]: 문 접근 목표 보정: door_blue_a6ed9f handle_axis=(17.99, 1.72) goal_axis=(17.99, 0.80) wall_axis=(17.99, 1.90) yaw=90deg
[state_machine_node-28] [INFO] [1789537983.209344220] [state_machine_node]: 문 접근 목표 보정: door_blue_a6ed9f handle_axis=(17.99, 1.72) goal_axis=(17.99, 0.80) wall_axis=(17.99, 1.90) yaw=90deg
[state_machine_node-28] [WARN] [1789537983.209964135] [state_machine_node]: Locked blue target refined from newer observation: observed_blue_17p3_1p6 -> observed_blue_17p3_1p6, goal shift=0.73m, identity=(14.26,1.90) -> (14.99,1.72)
[bt_navigator-16] [INFO] [1789537983.346274210] [bt_navigator]: Begin navigating from current location (10.64, -0.45) to (14.26, 0.80)
[navigation_node-25] [INFO] [1789537983.347798983] [navigation_node]: Navigation goal received: door observed_blue_17p3_1p6 (color=blue, frame=map, x=14.99, y=0.80)
[navigation_node-25] [WARN] [1789537983.348807549] [navigation_node]: Already navigating. Preempting current goal without an explicit stop before retargeting to: observed_blue_17p3_1p6
[navigation_node-25] [INFO] [1789537983.498396679] [navigation_node]: Navigation goal accepted by Nav2
[bt_navigator-16] [INFO] [1789537983.549507089] [bt_navigator]: Received goal preemption request
[bt_navigator-16] [INFO] [1789537983.549751930] [bt_navigator]: Begin navigating from current location (10.64, -0.45) to (14.99, 0.80)
[controller_server-12] [INFO] [1789537983.551202438] [controller_server]: Received a goal, begin computing control effort.
[state_machine_node-28] [INFO] [1789537983.897666660] [state_machine_node]: Blue candidate door_blue_3382db ignored: physical/opened door station already handled nearby at (6.38, 2.25).
[door_detection_node-24] [INFO] [1789537984.775828309] [door_detection_node]: HSV handle observed: color=blue, pixel=(144,122), conf=0.15, door_bbox=(120,66,148,173)
[state_machine_node-28] [INFO] [1789537984.788160762] [state_machine_node]: 문 접근 목표 보정: door_blue_a6ed9f handle_axis=(17.93, 1.69) goal_axis=(17.93, 0.80) wall_axis=(17.93, 1.90) yaw=90deg
[state_machine_node-28] [INFO] [1789537984.793733701] [state_machine_node]: 문 접근 목표 보정: door_blue_a6ed9f handle_axis=(17.93, 1.69) goal_axis=(17.93, 0.80) wall_axis=(17.93, 1.90) yaw=90deg
[controller_server-12] [INFO] [1789537984.929133334] [controller_server]: Passing new path to controller.
[controller_server-12] [INFO] [1789537986.054185507] [controller_server]: Passing new path to controller.
[state_machine_node-28] [INFO] [1789537986.306371546] [state_machine_node]: 보조 비상구 관측 저장: door_green_e48297 (17.9, -0.1)
[state_machine_node-28] [WARN] [1789537986.307489244] [state_machine_node]: Exit candidate door_green_e48297 accepted despite a backward localization progress estimate: robot=13.6m, opened_floor=13.7m, exit=20.9m.
[door_detection_node-24] [INFO] [1789537986.400603204] [door_detection_node]: HSV handle observed: color=blue, pixel=(74,121), conf=0.17, door_bbox=(50,62,77,179)
[state_machine_node-28] [INFO] [1789537986.412898497] [state_machine_node]: 문 접근 목표 보정: door_blue_4a5b23 handle_axis=(17.60, 1.58) goal_axis=(17.60, 0.80) wall_axis=(17.60, 1.90) yaw=90deg
[state_machine_node-28] [INFO] [1789537986.415922823] [state_machine_node]: 문 접근 목표 보정: door_blue_4a5b23 handle_axis=(17.60, 1.58) goal_axis=(17.60, 0.80) wall_axis=(17.60, 1.90) yaw=90deg
[state_machine_node-28] [WARN] [1789537986.416909458] [state_machine_node]: Locked blue target refined from newer observation: observed_blue_17p3_1p6 -> observed_blue_17p3_1p6, goal shift=0.38m, identity=(14.99,1.72) -> (14.60,1.58)
[navigation_node-25] [INFO] [1789537986.418200671] [navigation_node]: Navigation goal received: door observed_blue_17p3_1p6 (color=blue, frame=map, x=14.60, y=0.80)
[navigation_node-25] [WARN] [1789537986.418923357] [navigation_node]: Already navigating. Preempting current goal without an explicit stop before retargeting to: observed_blue_17p3_1p6
[navigation_node-25] [INFO] [1789537986.562742471] [navigation_node]: Navigation goal accepted by Nav2
[bt_navigator-16] [INFO] [1789537986.646768250] [bt_navigator]: Received goal preemption request
[bt_navigator-16] [INFO] [1789537986.647164263] [bt_navigator]: Begin navigating from current location (10.60, -0.45) to (14.60, 0.80)
[state_machine_node-28] [INFO] [1789537987.112391061] [state_machine_node]: Blue candidate door_blue_1d2afb ignored: physical/opened door station already handled nearby at (6.58, 2.03).
[controller_server-12] [INFO] [1789537987.429130943] [controller_server]: Passing new path to controller.
[door_detection_node-24] [INFO] [1789537988.026299964] [door_detection_node]: HSV handle observed: color=red, pixel=(246,122), conf=0.01, door_bbox=(238,1,302,239)
[controller_server-12] [INFO] [1789537988.679163429] [controller_server]: Passing new path to controller.
[door_detection_node-24] [INFO] [1789537989.457382421] [door_detection_node]: HSV handle observed: color=blue, pixel=(278,122), conf=0.17, door_bbox=(252,64,281,175)
[state_machine_node-28] [INFO] [1789537989.470063776] [state_machine_node]: 문 접근 목표 보정: door_blue_471776 handle_axis=(18.01, 1.73) goal_axis=(18.01, 0.80) wall_axis=(18.01, 1.90) yaw=90deg
[state_machine_node-28] [WARN] [1789537989.471897530] [state_machine_node]: Exit candidate door_green_5fab61 accepted despite a backward localization progress estimate: robot=13.6m, opened_floor=13.7m, exit=20.8m.
[state_machine_node-28] [INFO] [1789537989.472648896] [state_machine_node]: 문 접근 목표 보정: door_blue_471776 handle_axis=(18.01, 1.73) goal_axis=(18.01, 0.80) wall_axis=(18.01, 1.90) yaw=90deg
[controller_server-12] [INFO] [1789537990.054373956] [controller_server]: Passing new path to controller.
[door_detection_node-24] [INFO] [1789537990.521172932] [door_detection_node]: HSV handle observed: color=blue, pixel=(252,122), conf=0.18, door_bbox=(227,65,254,172)
[state_machine_node-28] [INFO] [1789537990.534646864] [state_machine_node]: 문 접근 목표 보정: door_blue_471776 handle_axis=(17.96, 1.73) goal_axis=(17.96, 0.80) wall_axis=(17.96, 1.90) yaw=90deg
[state_machine_node-28] [INFO] [1789537990.537833634] [state_machine_node]: 문 접근 목표 보정: door_blue_471776 handle_axis=(17.96, 1.73) goal_axis=(17.96, 0.80) wall_axis=(17.96, 1.90) yaw=90deg
[state_machine_node-28] [WARN] [1789537990.538932124] [state_machine_node]: Locked blue target refined from newer observation: observed_blue_17p3_1p6 -> observed_blue_17p3_1p6, goal shift=0.35m, identity=(14.60,1.58) -> (14.96,1.73)
[navigation_node-25] [INFO] [1789537990.540688617] [navigation_node]: Navigation goal received: door observed_blue_17p3_1p6 (color=blue, frame=map, x=14.96, y=0.80)
[navigation_node-25] [WARN] [1789537990.541664356] [navigation_node]: Already navigating. Preempting current goal without an explicit stop before retargeting to: observed_blue_17p3_1p6
[navigation_node-25] [INFO] [1789537990.695483507] [navigation_node]: Navigation goal accepted by Nav2
[bt_navigator-16] [INFO] [1789537990.746783165] [bt_navigator]: Received goal preemption request
[bt_navigator-16] [INFO] [1789537990.747439284] [bt_navigator]: Begin navigating from current location (10.58, -0.45) to (14.96, 0.80)
[controller_server-12] [INFO] [1789537991.304129957] [controller_server]: Passing new path to controller.
[state_machine_node-28] [INFO] [1789537991.533740503] [state_machine_node]: 보조 비상구 관측 저장: door_green_e75da7 (17.9, -0.1)
[door_detection_node-24] [INFO] [1789537991.780651238] [door_detection_node]: HSV handle observed: color=blue, pixel=(227,122), conf=0.16, door_bbox=(202,65,230,172)
[state_machine_node-28] [INFO] [1789537991.794974135] [state_machine_node]: 문 접근 목표 보정: door_blue_0326ee handle_axis=(18.02, 1.78) goal_axis=(18.02, 0.80) wall_axis=(18.02, 1.90) yaw=90deg
[state_machine_node-28] [INFO] [1789537991.806579143] [state_machine_node]: 문 접근 목표 보정: door_blue_0326ee handle_axis=(18.02, 1.78) goal_axis=(18.02, 0.80) wall_axis=(18.02, 1.90) yaw=90deg
[controller_server-12] [INFO] [1789537992.554555979] [controller_server]: Passing new path to controller.
[door_detection_node-24] [INFO] [1789537992.962544523] [door_detection_node]: HSV handle observed: color=blue, pixel=(196,122), conf=0.16, door_bbox=(171,65,199,173)
[state_machine_node-28] [INFO] [1789537992.979999967] [state_machine_node]: 문 접근 목표 보정: door_blue_0326ee handle_axis=(17.96, 1.77) goal_axis=(17.96, 0.80) wall_axis=(17.96, 1.90) yaw=90deg
[state_machine_node-28] [INFO] [1789537992.981317095] [state_machine_node]: 문 접근 목표 보정: door_blue_0326ee handle_axis=(17.96, 1.77) goal_axis=(17.96, 0.80) wall_axis=(17.96, 1.90) yaw=90deg
[state_machine_node-28] [WARN] [1789537992.986122037] [state_machine_node]: Exit candidate door_green_d8b395 accepted despite a backward localization progress estimate: robot=13.7m, opened_floor=13.7m, exit=19.5m.
[state_machine_node-28] [INFO] [1789537993.905723012] [state_machine_node]: 문 접근 목표 보정: door_blue_e70a91 handle_axis=(17.89, 1.77) goal_axis=(17.89, 0.80) wall_axis=(17.89, 1.90) yaw=90deg
[state_machine_node-28] [INFO] [1789537993.906800474] [state_machine_node]: 문 접근 목표 보정: door_blue_e70a91 handle_axis=(17.89, 1.77) goal_axis=(17.89, 0.80) wall_axis=(17.89, 1.90) yaw=90deg
[controller_server-12] [INFO] [1789537993.929138638] [controller_server]: Passing new path to controller.
[door_detection_node-24] [INFO] [1789537994.811740782] [door_detection_node]: HSV handle observed: color=red, pixel=(76,123), conf=0.02, door_bbox=(69,2,128,236)
[state_machine_node-28] [INFO] [1789537994.916779987] [state_machine_node]: 보조 비상구 관측 저장: door_green_a609ae (17.9, -0.1)
[state_machine_node-28] [INFO] [1789537995.065599999] [state_machine_node]: 문 접근 목표 보정: door_blue_e70a91 handle_axis=(17.90, 1.82) goal_axis=(17.90, 0.80) wall_axis=(17.90, 1.90) yaw=90deg
[state_machine_node-28] [INFO] [1789537995.066736074] [state_machine_node]: 문 접근 목표 보정: door_blue_e70a91 handle_axis=(17.90, 1.82) goal_axis=(17.90, 0.80) wall_axis=(17.90, 1.90) yaw=90deg
[controller_server-12] [INFO] [1789537995.179140068] [controller_server]: Passing new path to controller.
[state_machine_node-28] [WARN] [1789537996.099276207] [state_machine_node]: Exit candidate door_green_a609ae accepted despite a backward localization progress estimate: robot=13.8m, opened_floor=13.7m, exit=20.9m.
[door_detection_node-24] [INFO] [1789537996.188740111] [door_detection_node]: HSV handle observed: color=blue, pixel=(108,121), conf=0.18, door_bbox=(84,62,110,179)
[state_machine_node-28] [INFO] [1789537996.205492681] [state_machine_node]: 문 접근 목표 보정: door_blue_e70a91 handle_axis=(18.08, 1.90) goal_axis=(18.08, 0.80) wall_axis=(18.08, 1.90) yaw=90deg
[state_machine_node-28] [INFO] [1789537996.209644776] [state_machine_node]: 문 접근 목표 보정: door_blue_e70a91 handle_axis=(18.08, 1.90) goal_axis=(18.08, 0.80) wall_axis=(18.08, 1.90) yaw=90deg
[controller_server-12] [INFO] [1789537996.554121562] [controller_server]: Passing new path to controller.
[door_detection_node-24] [INFO] [1789537997.269031835] [door_detection_node]: HSV handle observed: color=blue, pixel=(130,122), conf=0.15, door_bbox=(104,62,133,176)
[state_machine_node-28] [INFO] [1789537997.295699914] [state_machine_node]: 문 접근 목표 보정: door_blue_e70a91 handle_axis=(18.15, 1.93) goal_axis=(18.15, 0.83) wall_axis=(18.15, 1.93) yaw=90deg
[state_machine_node-28] [INFO] [1789537997.300208991] [state_machine_node]: 문 접근 목표 보정: door_blue_e70a91 handle_axis=(18.15, 1.93) goal_axis=(18.15, 0.83) wall_axis=(18.15, 1.93) yaw=90deg
[state_machine_node-28] [WARN] [1789537997.301519950] [state_machine_node]: Locked blue target refined from newer observation: observed_blue_17p3_1p6 -> observed_blue_17p3_1p6, goal shift=0.20m, identity=(14.96,1.73) -> (15.15,1.93)
[navigation_node-25] [INFO] [1789537997.305553813] [navigation_node]: Navigation goal received: door observed_blue_17p3_1p6 (color=blue, frame=map, x=15.15, y=0.83)
[navigation_node-25] [INFO] [1789537997.306541485] [navigation_node]: Ignoring duplicate navigation target for active door: observed_blue_17p3_1p6
[controller_server-12] [INFO] [1789537997.804148167] [controller_server]: Passing new path to controller.
[state_machine_node-28] [INFO] [1789537998.321899791] [state_machine_node]: 보조 비상구 관측 저장: door_green_8432e6 (17.9, -0.0)
[door_detection_node-24] [INFO] [1789537998.421393013] [door_detection_node]: HSV handle observed: color=blue, pixel=(149,122), conf=0.15, door_bbox=(123,63,152,175)
[state_machine_node-28] [INFO] [1789537998.431715824] [state_machine_node]: Observed blue cluster id mapping for observed_blue_17p3_1p6 ignored: mapped cluster drifted away from the current wall/handle target.
[state_machine_node-28] [INFO] [1789537998.438384509] [state_machine_node]: 문 접근 목표 보정: door_blue_e70a91 handle_axis=(18.14, 1.92) goal_axis=(18.14, 0.82) wall_axis=(18.14, 1.92) yaw=90deg
[state_machine_node-28] [INFO] [1789537998.441544384] [state_machine_node]: 문 접근 목표 보정: door_blue_e70a91 handle_axis=(18.14, 1.92) goal_axis=(18.14, 0.82) wall_axis=(18.14, 1.92) yaw=90deg
[controller_server-12] [INFO] [1789537999.054226757] [controller_server]: Passing new path to controller.
[door_detection_node-24] [INFO] [1789537999.641434850] [door_detection_node]: HSV handle observed: color=blue, pixel=(112,122), conf=0.16, door_bbox=(85,59,115,178)
[state_machine_node-28] [INFO] [1789537999.658975165] [state_machine_node]: 문 접근 목표 보정: door_blue_e70a91 handle_axis=(17.91, 1.80) goal_axis=(17.91, 0.80) wall_axis=(17.91, 1.90) yaw=90deg
[state_machine_node-28] [WARN] [1789537999.662289387] [state_machine_node]: Exit candidate door_green_5fab61 accepted despite a backward localization progress estimate: robot=13.9m, opened_floor=13.7m, exit=20.8m.
[state_machine_node-28] [INFO] [1789537999.663660921] [state_machine_node]: 문 접근 목표 보정: door_blue_e70a91 handle_axis=(17.91, 1.80) goal_axis=(17.91, 0.80) wall_axis=(17.91, 1.90) yaw=90deg
[controller_server-12] [INFO] [1789538000.429148231] [controller_server]: Passing new path to controller.
[door_detection_node-24] [INFO] [1789538000.726133683] [door_detection_node]: HSV handle observed: color=blue, pixel=(74,122), conf=0.13, door_bbox=(45,55,78,183)
[state_machine_node-28] [INFO] [1789538000.742263112] [state_machine_node]: 문 접근 목표 보정: door_blue_daea05 handle_axis=(17.82, 1.79) goal_axis=(17.82, 0.80) wall_axis=(17.82, 1.90) yaw=90deg
[state_machine_node-28] [INFO] [1789538000.746327473] [state_machine_node]: 문 접근 목표 보정: door_blue_daea05 handle_axis=(17.82, 1.79) goal_axis=(17.82, 0.80) wall_axis=(17.82, 1.90) yaw=90deg
[state_machine_node-28] [WARN] [1789538000.747677714] [state_machine_node]: Locked blue target refined from newer observation: observed_blue_17p3_1p6 -> observed_blue_17p3_1p6, goal shift=0.33m, identity=(15.15,1.93) -> (14.82,1.79)
[navigation_node-25] [INFO] [1789538000.752554431] [navigation_node]: Navigation goal received: door observed_blue_17p3_1p6 (color=blue, frame=map, x=14.82, y=0.80)
[navigation_node-25] [INFO] [1789538000.753541627] [navigation_node]: Ignoring duplicate navigation target for active door: observed_blue_17p3_1p6
[controller_server-12] [INFO] [1789538001.679832702] [controller_server]: Passing new path to controller.
[state_machine_node-28] [INFO] [1789538001.777221726] [state_machine_node]: 보조 비상구 관측 저장: door_green_deb61f (17.9, 0.1)
[controller_server-12] [INFO] [1789538003.054127947] [controller_server]: Passing new path to controller.
[state_machine_node-28] [WARN] [1789538003.897890047] [state_machine_node]: Exit candidate door_green_deb61f accepted despite a backward localization progress estimate: robot=14.4m, opened_floor=13.7m, exit=19.4m.
[door_detection_node-24] [INFO] [1789538003.985779846] [door_detection_node]: HSV handle observed: color=blue, pixel=(10,122), conf=0.49, door_bbox=(0,47,15,192)
[door_detection_node-24] [INFO] [1789538003.990455014] [door_detection_node]: Handle camera-ray projection: pixel=(10,122), range=4.952m, z=0.753m
[state_machine_node-28] [INFO] [1789538003.995742326] [state_machine_node]: 파란 문 door_blue_6584c5 handle 제외: door_pose와 진행축 차이가 큼 handle_axis=(18.79, 2.08), pose_axis=(17.18, 1.32), max_delta=1.60m
[state_machine_node-28] [INFO] [1789538003.997792805] [state_machine_node]: Blue candidate door_blue_6584c5 recorded from the observed wall-side handle ray because the door-body depth conflicts with the wall station (progress_delta=1.61m).
[state_machine_node-28] [INFO] [1789538004.003835757] [state_machine_node]: 문 접근 목표 보정: door_blue_d7e540 handle_axis=(18.79, 2.08) goal_axis=(18.79, 0.95) wall_axis=(18.79, 2.08) yaw=90deg
[state_machine_node-28] [INFO] [1789538004.006538804] [state_machine_node]: Locked blue target refine skipped: door_blue_d7e540 moved inward 1.90m -> 1.30m from mission axis.
[controller_server-12] [INFO] [1789538004.179138224] [controller_server]: Passing new path to controller.
[state_machine_node-28] [INFO] [1789538005.297125726] [state_machine_node]: 보조 비상구 관측 저장: door_green_deb61f (17.9, 0.1)
[controller_server-12] [INFO] [1789538005.429772983] [controller_server]: Passing new path to controller.
[door_detection_node-24] [INFO] [1789538005.494288169] [door_detection_node]: HSV handle observed: color=blue, pixel=(308,122), conf=0.21, door_bbox=(271,45,309,193)
[state_machine_node-28] [INFO] [1789538005.610289024] [state_machine_node]: 문 접근 목표 보정: door_blue_024186 handle_axis=(17.96, 1.84) goal_axis=(17.96, 0.80) wall_axis=(17.96, 1.90) yaw=90deg
[state_machine_node-28] [INFO] [1789538005.613113776] [state_machine_node]: 문 접근 목표 보정: door_blue_024186 handle_axis=(17.96, 1.84) goal_axis=(17.96, 0.80) wall_axis=(17.96, 1.90) yaw=90deg
[controller_server-12] [INFO] [1789538006.679108436] [controller_server]: Passing new path to controller.
[door_detection_node-24] [INFO] [1789538007.685763328] [door_detection_node]: HSV handle observed: color=blue, pixel=(54,122), conf=0.15, door_bbox=(16,35,59,200)
[state_machine_node-28] [INFO] [1789538007.697474591] [state_machine_node]: 문 접근 목표 보정: door_blue_d7e540 handle_axis=(17.20, 1.31) goal_axis=(17.20, 0.80) wall_axis=(17.20, 1.90) yaw=90deg
[state_machine_node-28] [INFO] [1789538007.699577870] [state_machine_node]: Locked blue target refine skipped: door_blue_d7e540 moved inward 1.90m -> 1.31m from mission axis.
[controller_server-12] [INFO] [1789538008.054117388] [controller_server]: Passing new path to controller.
[door_detection_node-24] [INFO] [1789538008.744748024] [door_detection_node]: HSV handle observed: color=blue, pixel=(85,122), conf=0.14, door_bbox=(47,38,91,198)
[state_machine_node-28] [INFO] [1789538008.760205141] [state_machine_node]: 문 접근 목표 보정: door_blue_d7e540 handle_axis=(17.38, 1.39) goal_axis=(17.38, 0.80) wall_axis=(17.38, 1.90) yaw=90deg
[state_machine_node-28] [INFO] [1789538008.766412069] [state_machine_node]: 보조 비상구 관측 저장: door_green_e389dd (17.9, -0.0)
[controller_server-12] [INFO] [1789538009.304184390] [controller_server]: Passing new path to controller.
[door_detection_node-24] [INFO] [1789538009.882864383] [door_detection_node]: HSV handle observed: color=blue, pixel=(92,122), conf=0.14, door_bbox=(52,35,98,201)
[state_machine_node-28] [INFO] [1789538009.894534044] [state_machine_node]: 문 접근 목표 보정: door_blue_d7e540 handle_axis=(17.40, 1.39) goal_axis=(17.40, 0.80) wall_axis=(17.40, 1.90) yaw=90deg
[state_machine_node-28] [INFO] [1789538009.897250214] [state_machine_node]: Locked blue target refine skipped: door_blue_d7e540 moved inward 1.90m -> 1.39m from mission axis.
[controller_server-12] [INFO] [1789538010.554330056] [controller_server]: Passing new path to controller.
[door_detection_node-24] [INFO] [1789538011.087370559] [door_detection_node]: HSV handle observed: color=blue, pixel=(124,122), conf=0.14, door_bbox=(85,36,130,200)
[state_machine_node-28] [INFO] [1789538011.101347955] [state_machine_node]: 문 접근 목표 보정: door_blue_42a789 handle_axis=(17.53, 1.46) goal_axis=(17.53, 0.80) wall_axis=(17.53, 1.90) yaw=90deg
[state_machine_node-28] [INFO] [1789538011.103316597] [state_machine_node]: 문 접근 목표 보정: door_blue_42a789 handle_axis=(17.53, 1.46) goal_axis=(17.53, 0.80) wall_axis=(17.53, 1.90) yaw=90deg
[state_machine_node-28] [WARN] [1789538011.104789694] [state_machine_node]: Locked blue target refined from newer observation: observed_blue_17p3_1p6 -> observed_blue_17p3_1p6, goal shift=0.29m, identity=(14.82,1.79) -> (14.53,1.46)
[navigation_node-25] [INFO] [1789538011.106996312] [navigation_node]: Navigation goal received: door observed_blue_17p3_1p6 (color=blue, frame=map, x=14.53, y=0.80)
[navigation_node-25] [WARN] [1789538011.108406128] [navigation_node]: Already navigating. Preempting current goal without an explicit stop before retargeting to: observed_blue_17p3_1p6
[navigation_node-25] [INFO] [1789538011.291611277] [navigation_node]: Navigation goal accepted by Nav2
[bt_navigator-16] [INFO] [1789538011.346921089] [bt_navigator]: Received goal preemption request
[bt_navigator-16] [INFO] [1789538011.348490800] [bt_navigator]: Begin navigating from current location (12.29, -0.20) to (14.53, 0.80)
[state_machine_node-28] [INFO] [1789538011.836157339] [state_machine_node]: 문 접근 목표 보정: door_blue_42a789 handle_axis=(18.14, 1.93) goal_axis=(18.14, 0.83) wall_axis=(18.14, 1.93) yaw=90deg
[state_machine_node-28] [INFO] [1789538011.837188129] [state_machine_node]: 문 접근 목표 보정: door_blue_42a789 handle_axis=(18.14, 1.93) goal_axis=(18.14, 0.83) wall_axis=(18.14, 1.93) yaw=90deg
[state_machine_node-28] [INFO] [1789538011.839890052] [state_machine_node]: 보조 비상구 관측 저장: door_green_d8b395 (17.9, -0.1)
[controller_server-12] [INFO] [1789538011.929153689] [controller_server]: Passing new path to controller.
[door_detection_node-24] [INFO] [1789538012.813640987] [door_detection_node]: YOLO handle observed (primary): pixel=(314,126), conf=0.60, bbox=(308, 114, 320, 138)
[door_detection_node-24] [INFO] [1789538012.817068870] [door_detection_node]: Handle camera-ray projection: pixel=(314,126), range=1.825m, z=0.750m
[state_machine_node-28] [INFO] [1789538012.822156600] [state_machine_node]: blue candidate (12.9, -1.9) rejected: same-wall blue observation is inside the opened-door remnant window (opened_progress=13.7m, gap=2.3m, window=2.4m).
[door_detection_node-24] [INFO] [1789538012.999226737] [door_detection_node]: HSV handle observed: color=blue, pixel=(153,122), conf=0.16, door_bbox=(115,33,158,204)
[state_machine_node-28] [INFO] [1789538013.009622992] [state_machine_node]: 문 접근 목표 보정: door_blue_42a789 handle_axis=(18.18, 1.90) goal_axis=(18.18, 0.80) wall_axis=(18.18, 1.90) yaw=90deg
[state_machine_node-28] [INFO] [1789538013.013392070] [state_machine_node]: 문 접근 목표 보정: door_blue_42a789 handle_axis=(18.18, 1.90) goal_axis=(18.18, 0.80) wall_axis=(18.18, 1.90) yaw=90deg
[controller_server-12] [INFO] [1789538013.179130876] [controller_server]: Passing new path to controller.
[door_detection_node-24] [INFO] [1789538014.193401468] [door_detection_node]: HSV handle observed: color=blue, pixel=(170,122), conf=0.17, door_bbox=(130,26,175,207)
[state_machine_node-28] [INFO] [1789538014.205151539] [state_machine_node]: 문 접근 목표 보정: door_blue_42a789 handle_axis=(18.21, 1.90) goal_axis=(18.21, 0.80) wall_axis=(18.21, 1.90) yaw=90deg
[state_machine_node-28] [INFO] [1789538014.208573260] [state_machine_node]: 문 접근 목표 보정: door_blue_42a789 handle_axis=(18.21, 1.90) goal_axis=(18.21, 0.80) wall_axis=(18.21, 1.90) yaw=90deg
[controller_server-12] [INFO] [1789538014.554249613] [controller_server]: Passing new path to controller.
[state_machine_node-28] [INFO] [1789538015.160410044] [state_machine_node]: 문 접근 목표 보정: door_blue_083dbc handle_axis=(18.16, 1.85) goal_axis=(18.16, 0.80) wall_axis=(18.16, 1.90) yaw=90deg
[state_machine_node-28] [INFO] [1789538015.164476487] [state_machine_node]: 문 접근 목표 보정: door_blue_083dbc handle_axis=(18.16, 1.85) goal_axis=(18.16, 0.80) wall_axis=(18.16, 1.90) yaw=90deg
[state_machine_node-28] [WARN] [1789538015.165665167] [state_machine_node]: Locked blue target refined from newer observation: observed_blue_17p3_1p6 -> observed_blue_17p3_1p6, goal shift=0.63m, identity=(14.53,1.46) -> (15.16,1.85)
[navigation_node-25] [INFO] [1789538015.168485193] [navigation_node]: Navigation goal received: door observed_blue_17p3_1p6 (color=blue, frame=map, x=15.16, y=0.80)
[navigation_node-25] [WARN] [1789538015.169586171] [navigation_node]: Already navigating. Preempting current goal without an explicit stop before retargeting to: observed_blue_17p3_1p6
[navigation_node-25] [INFO] [1789538015.324998730] [navigation_node]: Navigation goal accepted by Nav2
[bt_navigator-16] [INFO] [1789538015.346729880] [bt_navigator]: Received goal preemption request
[bt_navigator-16] [INFO] [1789538015.347245140] [bt_navigator]: Begin navigating from current location (12.67, 0.03) to (15.16, 0.80)
[controller_server-12] [INFO] [1789538015.804149800] [controller_server]: Passing new path to controller.
[state_machine_node-28] [INFO] [1789538016.013507872] [state_machine_node]: 보조 비상구 관측 저장: door_green_e7340f (17.9, 0.0)
[door_detection_node-24] [INFO] [1789538016.245856598] [door_detection_node]: HSV handle observed: color=blue, pixel=(194,122), conf=0.14, door_bbox=(150,21,198,213)
[state_machine_node-28] [INFO] [1789538016.253699624] [state_machine_node]: Observed blue cluster id mapping for observed_blue_17p3_1p6 ignored: mapped cluster drifted away from the current wall/handle target.
[state_machine_node-28] [INFO] [1789538016.258713732] [state_machine_node]: 문 접근 목표 보정: door_blue_083dbc handle_axis=(18.21, 1.89) goal_axis=(18.21, 0.80) wall_axis=(18.21, 1.90) yaw=90deg
[state_machine_node-28] [INFO] [1789538016.261922905] [state_machine_node]: 문 접근 목표 보정: door_blue_083dbc handle_axis=(18.21, 1.89) goal_axis=(18.21, 0.80) wall_axis=(18.21, 1.90) yaw=90deg
[controller_server-12] [INFO] [1789538017.054325714] [controller_server]: Passing new path to controller.
[state_machine_node-28] [INFO] [1789538017.240825252] [state_machine_node]: 문 접근 목표 보정: door_blue_083dbc handle_axis=(18.17, 1.84) goal_axis=(18.17, 0.80) wall_axis=(18.17, 1.90) yaw=90deg
[state_machine_node-28] [INFO] [1789538017.245105207] [state_machine_node]: 문 접근 목표 보정: door_blue_083dbc handle_axis=(18.17, 1.84) goal_axis=(18.17, 0.80) wall_axis=(18.17, 1.90) yaw=90deg
[door_detection_node-24] [INFO] [1789538018.335945660] [door_detection_node]: HSV handle observed: color=blue, pixel=(210,122), conf=0.17, door_bbox=(160,14,214,222)
[state_machine_node-28] [INFO] [1789538018.347967390] [state_machine_node]: 문 접근 목표 보정: door_blue_083dbc handle_axis=(18.12, 1.83) goal_axis=(18.12, 0.80) wall_axis=(18.12, 1.90) yaw=90deg
[state_machine_node-28] [INFO] [1789538018.352628930] [state_machine_node]: 문 접근 목표 보정: door_blue_083dbc handle_axis=(18.12, 1.83) goal_axis=(18.12, 0.80) wall_axis=(18.12, 1.90) yaw=90deg
[controller_server-12] [INFO] [1789538018.429153402] [controller_server]: Passing new path to controller.
[state_machine_node-28] [INFO] [1789538019.209745655] [state_machine_node]: 보조 비상구 관측 저장: door_green_e7340f (17.8, 0.1)
[door_detection_node-24] [INFO] [1789538019.382350310] [door_detection_node]: HSV handle observed: color=blue, pixel=(208,122), conf=0.19, door_bbox=(157,11,213,226)
[state_machine_node-28] [INFO] [1789538019.393434281] [state_machine_node]: Observed blue cluster id mapping for observed_blue_17p3_1p6 ignored: mapped cluster drifted away from the current wall/handle target.
[state_machine_node-28] [INFO] [1789538019.403968407] [state_machine_node]: 문 접근 목표 보정: door_blue_083dbc handle_axis=(18.14, 1.83) goal_axis=(18.14, 0.80) wall_axis=(18.14, 1.90) yaw=90deg
[state_machine_node-28] [INFO] [1789538019.407743725] [state_machine_node]: 문 접근 목표 보정: door_blue_083dbc handle_axis=(18.14, 1.83) goal_axis=(18.14, 0.80) wall_axis=(18.14, 1.90) yaw=90deg
[controller_server-12] [INFO] [1789538019.554151793] [controller_server]: Passing new path to controller.
[door_detection_node-24] [INFO] [1789538020.409059032] [door_detection_node]: HSV handle observed: color=blue, pixel=(196,123), conf=0.17, door_bbox=(145,4,203,235)
[state_machine_node-28] [INFO] [1789538020.422685660] [state_machine_node]: 문 접근 목표 보정: door_blue_083dbc handle_axis=(18.15, 1.84) goal_axis=(18.15, 0.80) wall_axis=(18.15, 1.90) yaw=90deg
[state_machine_node-28] [INFO] [1789538020.424885214] [state_machine_node]: 문 접근 목표 보정: door_blue_083dbc handle_axis=(18.15, 1.84) goal_axis=(18.15, 0.80) wall_axis=(18.15, 1.90) yaw=90deg
[controller_server-12] [INFO] [1789538020.929156373] [controller_server]: Passing new path to controller.
[door_detection_node-24] [INFO] [1789538021.487558759] [door_detection_node]: HSV handle observed: color=blue, pixel=(178,123), conf=0.18, door_bbox=(125,0,183,240)
[state_machine_node-28] [INFO] [1789538021.514279748] [state_machine_node]: 문 접근 목표 보정: door_blue_42a789 handle_axis=(18.10, 1.84) goal_axis=(18.10, 0.80) wall_axis=(18.10, 1.90) yaw=90deg
[state_machine_node-28] [INFO] [1789538021.518539811] [state_machine_node]: 문 접근 목표 보정: door_blue_42a789 handle_axis=(18.10, 1.84) goal_axis=(18.10, 0.80) wall_axis=(18.10, 1.90) yaw=90deg
[controller_server-12] [INFO] [1789538022.179147625] [controller_server]: Passing new path to controller.
[state_machine_node-28] [INFO] [1789538022.386375584] [state_machine_node]: 문 접근 목표 보정: door_blue_42a789 handle_axis=(18.05, 1.84) goal_axis=(18.05, 0.80) wall_axis=(18.05, 1.90) yaw=90deg
[state_machine_node-28] [INFO] [1789538022.391434625] [state_machine_node]: 문 접근 목표 보정: door_blue_42a789 handle_axis=(18.05, 1.84) goal_axis=(18.05, 0.80) wall_axis=(18.05, 1.90) yaw=90deg
[state_machine_node-28] [INFO] [1789538022.393713523] [state_machine_node]: 보조 비상구 관측 저장: door_green_873ba6 (17.1, 0.3)
[door_detection_node-24] [INFO] [1789538023.501914756] [door_detection_node]: HSV handle observed: color=blue, pixel=(142,124), conf=0.17, door_bbox=(78,0,148,240)
[state_machine_node-28] [INFO] [1789538023.516900329] [state_machine_node]: Observed blue cluster id mapping for observed_blue_17p3_1p6 ignored: mapped cluster drifted away from the current wall/handle target.
[state_machine_node-28] [INFO] [1789538023.521728010] [state_machine_node]: 문 접근 목표 보정: door_blue_42a789 handle_axis=(18.09, 1.88) goal_axis=(18.09, 0.80) wall_axis=(18.09, 1.90) yaw=90deg
[state_machine_node-28] [INFO] [1789538023.525570499] [state_machine_node]: 문 접근 목표 보정: door_blue_42a789 handle_axis=(18.09, 1.88) goal_axis=(18.09, 0.80) wall_axis=(18.09, 1.90) yaw=90deg
[controller_server-12] [INFO] [1789538023.554181870] [controller_server]: Passing new path to controller.
[state_machine_node-28] [INFO] [1789538024.387880367] [state_machine_node]: 문 접근 목표 보정: door_blue_ad352e handle_axis=(18.02, 1.85) goal_axis=(18.02, 0.80) wall_axis=(18.02, 1.90) yaw=90deg
[state_machine_node-28] [INFO] [1789538024.390222831] [state_machine_node]: 문 접근 목표 보정: door_blue_ad352e handle_axis=(18.02, 1.85) goal_axis=(18.02, 0.80) wall_axis=(18.02, 1.90) yaw=90deg
[controller_server-12] [INFO] [1789538024.804135421] [controller_server]: Passing new path to controller.
[door_detection_node-24] [INFO] [1789538025.463473638] [door_detection_node]: YOLO handle observed (primary): pixel=(90,124), conf=0.27, bbox=(70, 111, 111, 137)
[door_detection_node-24] [INFO] [1789538025.468204053] [door_detection_node]: Handle camera-ray projection: pixel=(90,124), range=2.200m, z=0.753m
[state_machine_node-28] [INFO] [1789538025.484524152] [state_machine_node]: 문 접근 목표 보정: door_blue_07a944 handle_axis=(18.43, 1.87) goal_axis=(18.43, 0.80) wall_axis=(18.43, 1.90) yaw=90deg
[state_machine_node-28] [INFO] [1789538025.486611513] [state_machine_node]: 문 접근 목표 보정: door_blue_07a944 handle_axis=(18.43, 1.87) goal_axis=(18.43, 0.80) wall_axis=(18.43, 1.90) yaw=90deg
[state_machine_node-28] [WARN] [1789538025.488644915] [state_machine_node]: Locked blue target refined from newer observation: observed_blue_17p3_1p6 -> observed_blue_17p3_1p6, goal shift=0.26m, identity=(15.16,1.85) -> (15.04,1.91)
[navigation_node-25] [INFO] [1789538025.490443058] [navigation_node]: Navigation goal received: door observed_blue_17p3_1p6 (color=blue, frame=map, x=15.43, y=0.80)
[state_machine_node-28] [INFO] [1789538025.490879035] [state_machine_node]: 보조 비상구 관측 저장: door_green_873ba6 (17.1, 0.1)
[navigation_node-25] [INFO] [1789538025.491409748] [navigation_node]: Ignoring duplicate navigation target for active door: observed_blue_17p3_1p6
[controller_server-12] [INFO] [1789538026.054135651] [controller_server]: Passing new path to controller.
[door_detection_node-24] [INFO] [1789538027.397612287] [door_detection_node]: YOLO handle observed (primary): pixel=(44,128), conf=0.30, bbox=(19, 108, 68, 149)
[door_detection_node-24] [INFO] [1789538027.402111044] [door_detection_node]: Handle camera-ray projection: pixel=(44,128), range=1.967m, z=0.729m
[state_machine_node-28] [INFO] [1789538027.416591105] [state_machine_node]: 문 접근 목표 보정: door_blue_07a944 handle_axis=(18.42, 1.89) goal_axis=(18.42, 0.80) wall_axis=(18.42, 1.90) yaw=90deg
[state_machine_node-28] [INFO] [1789538027.421477882] [state_machine_node]: 문 접근 목표 보정: door_blue_07a944 handle_axis=(18.42, 1.89) goal_axis=(18.42, 0.80) wall_axis=(18.42, 1.90) yaw=90deg
[controller_server-12] [INFO] [1789538027.429127136] [controller_server]: Passing new path to controller.
[state_machine_node-28] [INFO] [1789538027.793399227] [state_machine_node]: 문 접근 목표 보정: door_blue_b5ea79 handle_axis=(17.98, 1.95) goal_axis=(17.98, 0.85) wall_axis=(17.98, 1.95) yaw=90deg
[state_machine_node-28] [INFO] [1789538027.794589642] [state_machine_node]: 문 접근 목표 보정: door_blue_b5ea79 handle_axis=(17.98, 1.95) goal_axis=(17.98, 0.85) wall_axis=(17.98, 1.95) yaw=90deg
[state_machine_node-28] [INFO] [1789538028.659961858] [state_machine_node]: 보조 비상구 관측 저장: door_green_f15f73 (17.5, 0.0)
[controller_server-12] [INFO] [1789538028.679143868] [controller_server]: Passing new path to controller.
[state_machine_node-28] [INFO] [1789538029.397688769] [state_machine_node]: 문 접근 목표 보정: door_blue_b5ea79 handle_axis=(18.09, 1.94) goal_axis=(18.09, 0.84) wall_axis=(18.09, 1.94) yaw=90deg
[state_machine_node-28] [INFO] [1789538029.399750277] [state_machine_node]: 문 접근 목표 보정: door_blue_b5ea79 handle_axis=(18.09, 1.94) goal_axis=(18.09, 0.84) wall_axis=(18.09, 1.94) yaw=90deg
[state_machine_node-28] [WARN] [1789538029.401473540] [state_machine_node]: Locked blue target refined from newer observation: observed_blue_17p3_1p6 -> observed_blue_17p3_1p6, goal shift=0.34m, identity=(15.04,1.91) -> (15.09,1.94)
[navigation_node-25] [INFO] [1789538029.403255431] [navigation_node]: Navigation goal received: door observed_blue_17p3_1p6 (color=blue, frame=map, x=15.09, y=0.84)
[navigation_node-25] [INFO] [1789538029.403983892] [navigation_node]: Ignoring duplicate navigation target for active door: observed_blue_17p3_1p6
[controller_server-12] [INFO] [1789538030.054149184] [controller_server]: Passing new path to controller.
[door_detection_node-24] [INFO] [1789538030.778280264] [door_detection_node]: HSV handle observed: color=blue, pixel=(302,126), conf=0.37, door_bbox=(173,0,320,240)
[state_machine_node-28] [INFO] [1789538030.794462539] [state_machine_node]: Observed blue cluster id mapping for observed_blue_17p3_1p6 ignored: mapped cluster drifted away from the current wall/handle target.
[state_machine_node-28] [INFO] [1789538030.803507077] [state_machine_node]: 문 접근 목표 보정: door_blue_b5ea79 handle_axis=(18.23, 2.00) goal_axis=(18.23, 0.90) wall_axis=(18.23, 2.00) yaw=90deg
[state_machine_node-28] [INFO] [1789538030.809033796] [state_machine_node]: 문 접근 목표 보정: door_blue_b5ea79 handle_axis=(18.23, 2.00) goal_axis=(18.23, 0.90) wall_axis=(18.23, 2.00) yaw=90deg
[controller_server-12] [INFO] [1789538031.304197721] [controller_server]: Passing new path to controller.
[state_machine_node-28] [INFO] [1789538031.829137501] [state_machine_node]: 보조 비상구 관측 저장: door_green_f15f73 (17.5, 0.0)
[door_detection_node-24] [INFO] [1789538032.110176156] [door_detection_node]: YOLO handle observed (primary): pixel=(281,126), conf=0.57, bbox=(242, 86, 320, 166)
[door_detection_node-24] [INFO] [1789538032.114970179] [door_detection_node]: Handle camera-ray projection: pixel=(281,126), range=1.778m, z=0.749m
[state_machine_node-28] [INFO] [1789538032.233108397] [state_machine_node]: 문 접근 목표 보정: door_blue_b912c5 handle_axis=(18.68, 1.98) goal_axis=(18.68, 0.88) wall_axis=(18.68, 1.98) yaw=90deg
[state_machine_node-28] [INFO] [1789538032.237820588] [state_machine_node]: 문 접근 목표 보정: door_blue_b912c5 handle_axis=(18.68, 1.98) goal_axis=(18.68, 0.88) wall_axis=(18.68, 1.98) yaw=90deg
[controller_server-12] [INFO] [1789538032.554144208] [controller_server]: Passing new path to controller.
[door_detection_node-24] [INFO] [1789538033.893967921] [door_detection_node]: YOLO handle observed (primary): pixel=(249,131), conf=0.56, bbox=(210, 113, 288, 149)
[door_detection_node-24] [INFO] [1789538033.898165860] [door_detection_node]: Handle camera-ray projection: pixel=(249,131), range=1.666m, z=0.716m
[state_machine_node-28] [INFO] [1789538033.914130989] [state_machine_node]: Observed blue cluster id mapping for observed_blue_17p3_1p6 ignored: mapped cluster drifted away from the current wall/handle target.
[state_machine_node-28] [INFO] [1789538033.921650673] [state_machine_node]: 문 접근 목표 보정: door_blue_b912c5 handle_axis=(18.67, 2.03) goal_axis=(18.67, 0.93) wall_axis=(18.67, 2.03) yaw=90deg
[state_machine_node-28] [INFO] [1789538033.924783273] [state_machine_node]: Locked blue target refine skipped: door_blue_b912c5 total drift progress=1.08m, xy=1.28m > 1.05m from locked anchor
[controller_server-12] [INFO] [1789538033.929854451] [controller_server]: Passing new path to controller.
[controller_server-12] [INFO] [1789538035.056421843] [controller_server]: Passing new path to controller.
[controller_server-12] [WARN] [1789538035.181803274] [controller_server]: Control loop missed its desired rate of 8.0000Hz
[state_machine_node-28] [INFO] [1789538035.328976959] [state_machine_node]: 보조 비상구 관측 저장: door_green_f15f73 (17.6, 0.0)
[door_detection_node-24] [INFO] [1789538035.633312839] [door_detection_node]: YOLO handle observed (primary): pixel=(222,130), conf=0.56, bbox=(179, 112, 266, 149)
[door_detection_node-24] [INFO] [1789538035.637182875] [door_detection_node]: Handle camera-ray projection: pixel=(222,130), range=1.498m, z=0.727m
[state_machine_node-28] [INFO] [1789538035.757034372] [state_machine_node]: 문 접근 목표 보정: door_blue_a50bcb handle_axis=(18.58, 2.00) goal_axis=(18.58, 0.90) wall_axis=(18.58, 2.00) yaw=90deg
[state_machine_node-28] [INFO] [1789538035.761069225] [state_machine_node]: 문 접근 목표 보정: door_blue_a50bcb handle_axis=(18.58, 2.00) goal_axis=(18.58, 0.90) wall_axis=(18.58, 2.00) yaw=90deg
[state_machine_node-28] [WARN] [1789538035.762581220] [state_machine_node]: Locked blue target refined from newer observation: observed_blue_17p3_1p6 -> observed_blue_17p3_1p6, goal shift=0.49m, identity=(15.09,1.94) -> (15.21,2.67)
[navigation_node-25] [INFO] [1789538035.765709913] [navigation_node]: Navigation goal received: door observed_blue_17p3_1p6 (color=blue, frame=map, x=15.58, y=0.90)
[navigation_node-25] [WARN] [1789538035.766661595] [navigation_node]: Already navigating. Preempting current goal without an explicit stop before retargeting to: observed_blue_17p3_1p6
[navigation_node-25] [WARN] [1789538035.877392034] [navigation_node]: Adjusted unreachable/occupied navigation goal from (15.58, 0.90, cost=73) to connected free cell (15.38, 1.03, cost=0)
[navigation_node-25] [INFO] [1789538035.970447904] [navigation_node]: Navigation goal accepted by Nav2
[bt_navigator-16] [INFO] [1789538036.046809029] [bt_navigator]: Received goal preemption request
[bt_navigator-16] [INFO] [1789538036.047617998] [bt_navigator]: Begin navigating from current location (14.77, 0.78) to (15.38, 1.03)
[controller_server-12] [INFO] [1789538036.429102150] [controller_server]: Passing new path to controller.
[controller_server-12] [INFO] [1789538037.679125876] [controller_server]: Passing new path to controller.
[controller_server-12] [INFO] [1789538039.054147972] [controller_server]: Passing new path to controller.
[door_detection_node-24] [INFO] [1789538039.110057418] [door_detection_node]: YOLO handle observed (primary): pixel=(270,128), conf=0.36, bbox=(224, 80, 317, 176)
[door_detection_node-24] [INFO] [1789538039.115389952] [door_detection_node]: Handle camera-ray projection: pixel=(270,128), range=1.410m, z=0.745m
[state_machine_node-28] [INFO] [1789538039.227224748] [state_machine_node]: Observed blue cluster id mapping for observed_blue_17p3_1p6 ignored: mapped cluster drifted away from the current wall/handle target.
[state_machine_node-28] [INFO] [1789538039.233808074] [state_machine_node]: 문 접근 목표 보정: door_blue_b912c5 handle_axis=(18.57, 2.00) goal_axis=(18.57, 0.90) wall_axis=(18.57, 2.00) yaw=90deg
[state_machine_node-28] [INFO] [1789538039.238654726] [state_machine_node]: Locked blue target refine skipped: door_blue_b912c5 total drift progress=1.02m, xy=1.28m > 1.05m from locked anchor
[state_machine_node-28] [INFO] [1789538039.896697373] [state_machine_node]: 보조 비상구 관측 저장: door_green_044b1f (17.1, 0.1)
[controller_server-12] [INFO] [1789538040.305044646] [controller_server]: Passing new path to controller.
[controller_server-12] [INFO] [1789538041.429116700] [controller_server]: Passing new path to controller.
[controller_server-12] [INFO] [1789538042.554125280] [controller_server]: Passing new path to controller.
[state_machine_node-28] [INFO] [1789538042.566636460] [state_machine_node]: Blue candidate door_blue_fa36bc rejected: handle lateral 2.73m is outside wall band 2.20+0.35m.
[state_machine_node-28] [INFO] [1789538042.571340981] [state_machine_node]: Blue candidate door_blue_fa36bc kept in wall observation memory using its door pose; handle projection is outside the wall band.
[state_machine_node-28] [INFO] [1789538042.572402548] [state_machine_node]: Observed blue cluster id mapping for observed_blue_17p3_1p6 ignored: mapped cluster drifted away from the current wall/handle target.
[state_machine_node-28] [INFO] [1789538042.979293609] [state_machine_node]: Blue candidate door_blue_daea05 recorded with door-body progress and observed wall side because its direct projection was center-biased or crossed the corridor.
[state_machine_node-28] [INFO] [1789538043.173203237] [state_machine_node]: 보조 비상구 관측 저장: door_green_044b1f (17.2, 0.2)
[controller_server-12] [INFO] [1789538043.679126539] [controller_server]: Passing new path to controller.
[controller_server-12] [INFO] [1789538045.054134770] [controller_server]: Passing new path to controller.
[state_machine_node-28] [INFO] [1789538045.594294976] [state_machine_node]: Blue candidate door_blue_fa36bc rejected: handle lateral 2.77m is outside wall band 2.20+0.35m.
[state_machine_node-28] [INFO] [1789538045.598413661] [state_machine_node]: Observed blue cluster id mapping for observed_blue_17p3_1p6 ignored: mapped cluster drifted away from the current wall/handle target.
[state_machine_node-28] [INFO] [1789538046.176746991] [state_machine_node]: 보조 비상구 관측 저장: door_green_19467d (17.5, 0.0)
[controller_server-12] [INFO] [1789538046.304155590] [controller_server]: Passing new path to controller.
[state_machine_node-28] [INFO] [1789538047.029124950] [state_machine_node]: Blue candidate door_blue_fa36bc recorded with door-body progress and observed wall side because its direct projection was center-biased or crossed the corridor.
[controller_server-12] [INFO] [1789538047.554158116] [controller_server]: Passing new path to controller.
[state_machine_node-28] [INFO] [1789538048.670662530] [state_machine_node]: Blue candidate door_blue_fa36bc rejected: handle lateral 2.78m is outside wall band 2.20+0.35m.
[state_machine_node-28] [INFO] [1789538048.675629878] [state_machine_node]: Observed blue cluster id mapping for observed_blue_17p3_1p6 ignored: mapped cluster drifted away from the current wall/handle target.
[controller_server-12] [INFO] [1789538048.679187982] [controller_server]: Passing new path to controller.
[state_machine_node-28] [INFO] [1789538049.580306787] [state_machine_node]: 보조 비상구 관측 저장: door_green_b57297 (17.5, 0.0)
[controller_server-12] [INFO] [1789538050.054185008] [controller_server]: Passing new path to controller.
[state_machine_node-28] [INFO] [1789538050.070978540] [state_machine_node]: Blue candidate door_blue_fa36bc recorded with door-body progress and observed wall side because its direct projection was center-biased or crossed the corridor.
[controller_server-12] [INFO] [1789538051.304282218] [controller_server]: Passing new path to controller.
[state_machine_node-28] [INFO] [1789538052.449468145] [state_machine_node]: Blue candidate door_blue_fa36bc rejected: handle lateral 2.79m is outside wall band 2.20+0.35m.
[state_machine_node-28] [INFO] [1789538052.454838723] [state_machine_node]: Observed blue cluster id mapping for observed_blue_17p3_1p6 ignored: mapped cluster drifted away from the current wall/handle target.
[controller_server-12] [INFO] [1789538052.554152628] [controller_server]: Passing new path to controller.
[state_machine_node-28] [INFO] [1789538052.828669704] [state_machine_node]: 보조 비상구 관측 저장: door_green_b57297 (17.8, -0.0)
[state_machine_node-28] [INFO] [1789538053.157631034] [state_machine_node]: Blue candidate door_blue_fa36bc recorded with door-body progress and observed wall side because its direct projection was center-biased or crossed the corridor.
[controller_server-12] [INFO] [1789538053.929150244] [controller_server]: Passing new path to controller.
[controller_server-12] [INFO] [1789538055.054085616] [controller_server]: Passing new path to controller.
[state_machine_node-28] [INFO] [1789538055.917243962] [state_machine_node]: Blue candidate door_blue_daea05 rejected: handle lateral 5.33m is outside wall band 2.20+0.35m.
[state_machine_node-28] [INFO] [1789538055.922052064] [state_machine_node]: Observed blue cluster id mapping for observed_blue_17p3_1p6 ignored: mapped cluster drifted away from the current wall/handle target.
[state_machine_node-28] [INFO] [1789538056.113307826] [state_machine_node]: 보조 비상구 관측 저장: door_green_19467d (17.9, -0.1)
[controller_server-12] [INFO] [1789538056.429108766] [controller_server]: Passing new path to controller.
[state_machine_node-28] [INFO] [1789538056.918499433] [state_machine_node]: Blue candidate door_blue_daea05 recorded with door-body progress and observed wall side because its direct projection was center-biased or crossed the corridor.
[controller_server-12] [INFO] [1789538057.679449049] [controller_server]: Passing new path to controller.
[controller_server-12] [INFO] [1789538059.054105427] [controller_server]: Passing new path to controller.
[state_machine_node-28] [INFO] [1789538059.150528353] [state_machine_node]: 보조 비상구 관측 저장: door_green_19467d (17.8, 0.0)
[controller_server-12] [INFO] [1789538060.304117380] [controller_server]: Passing new path to controller.
[navigation_node-25] [WARN] [1789538060.649377974] [navigation_node]: Robot is 0.18m from blue goal (threshold=0.18m). Treating navigation as succeeded.
[state_machine_node-28] [INFO] [1789538060.654579977] [state_machine_node]: Navigation succeeded.
[bt_navigator-16] [ERROR] [1789538060.769109498] [bt_navigator_navigate_to_pose_rclcpp_node]: Failed to get result for follow_path in node halt!
[bt_navigator-16] [INFO] [1789538060.769287019] [bt_navigator]: [navigate_to_pose] [ActionServer] Client requested to cancel the goal. Cancelling.
[bt_navigator-16] [INFO] [1789538060.769408656] [bt_navigator]: Goal canceled
[controller_server-12] [INFO] [1789538060.804137293] [controller_server]: Goal was canceled. Stopping the robot.
[controller_server-12] [INFO] [1789538060.804267474] [controller_server]: [follow_path] [ActionServer] Client requested to cancel the goal. Cancelling.
[state_machine_node-28] [WARN] [1789538061.220417383] [state_machine_node]: Nav result [nav_success] is close enough for door fine alignment: observed_blue_17p3_1p6, dist=0.38/1.10m, lateral=0.21/0.75m, forward=0.32m, yaw_error=63deg.
[state_machine_node-28] [INFO] [1789538061.221511716] [state_machine_node]: Fine door approach started: observed_blue_17p3_1p6, dist=0.38m, lateral=-0.21m, forward=0.32m, yaw_error=63deg
[state_machine_node-28] [INFO] [1789538061.222118567] [state_machine_node]: Fine door parking translation: observed_blue_17p3_1p6, dist=0.38m/0.17m, heading_error=34deg, cmd=(0.00, -0.25)
[state_machine_node-28] [INFO] [1789538062.183562381] [state_machine_node]: Fine door parking translation: observed_blue_17p3_1p6, dist=0.38m/0.17m, heading_error=30deg, cmd=(0.00, -0.25)
[state_machine_node-28] [INFO] [1789538063.059800211] [state_machine_node]: 보조 비상구 관측 저장: door_green_873ba6 (17.8, 0.3)
[state_machine_node-28] [INFO] [1789538063.189526135] [state_machine_node]: Fine door parking translation: observed_blue_17p3_1p6, dist=0.38m/0.17m, heading_error=26deg, cmd=(0.07, -0.14)
[state_machine_node-28] [INFO] [1789538064.189627665] [state_machine_node]: Fine door parking translation: observed_blue_17p3_1p6, dist=0.35m/0.17m, heading_error=26deg, cmd=(0.07, -0.14)
[state_machine_node-28] [INFO] [1789538065.132599856] [state_machine_node]: Fine door parking translation: observed_blue_17p3_1p6, dist=0.32m/0.17m, heading_error=27deg, cmd=(0.07, -0.14)
[state_machine_node-28] [INFO] [1789538066.095453900] [state_machine_node]: Fine door parking translation: observed_blue_17p3_1p6, dist=0.29m/0.17m, heading_error=28deg, cmd=(0.00, -0.25)
[state_machine_node-28] [INFO] [1789538066.442674962] [state_machine_node]: Blue candidate door_blue_fa36bc rejected: handle lateral 3.00m is outside wall band 2.20+0.35m.
[state_machine_node-28] [INFO] [1789538066.445947762] [state_machine_node]: Blue candidate door_blue_fa36bc recorded with door-body progress and observed wall side because its direct projection was center-biased or crossed the corridor.
[state_machine_node-28] [INFO] [1789538066.447213528] [state_machine_node]: Observed blue cluster id mapping for observed_blue_17p3_1p6 ignored: mapped cluster drifted away from the current wall/handle target.
[state_machine_node-28] [INFO] [1789538066.448828255] [state_machine_node]: 문 접근 목표 보정: door_blue_a50bcb handle_axis=(18.14, 3.00) goal_axis=(18.14, 0.95) wall_axis=(18.14, 2.20) yaw=90deg
[state_machine_node-28] [INFO] [1789538067.063155516] [state_machine_node]: Fine door parking translation: observed_blue_17p3_1p6, dist=0.29m/0.17m, heading_error=25deg, cmd=(0.07, -0.14)
[state_machine_node-28] [INFO] [1789538067.645453220] [state_machine_node]: 보조 비상구 관측 저장: door_green_873ba6 (17.9, -0.1)
[state_machine_node-28] [INFO] [1789538068.025460248] [state_machine_node]: Fine door parking translation: observed_blue_17p3_1p6, dist=0.27m/0.17m, heading_error=25deg, cmd=(0.07, -0.14)
[state_machine_node-28] [INFO] [1789538068.985070920] [state_machine_node]: Fine door parking translation: observed_blue_17p3_1p6, dist=0.24m/0.17m, heading_error=27deg, cmd=(0.07, -0.14)
[state_machine_node-28] [INFO] [1789538069.958431973] [state_machine_node]: Fine door parking translation: observed_blue_17p3_1p6, dist=0.21m/0.17m, heading_error=30deg, cmd=(0.00, -0.25)
[state_machine_node-28] [INFO] [1789538070.941065313] [state_machine_node]: Fine door parking translation: observed_blue_17p3_1p6, dist=0.21m/0.17m, heading_error=27deg, cmd=(0.07, -0.14)
[state_machine_node-28] [INFO] [1789538071.693164630] [state_machine_node]: 보조 비상구 관측 저장: door_green_f15f73 (17.9, 0.0)
[state_machine_node-28] [INFO] [1789538071.908012177] [state_machine_node]: Fine door parking translation: observed_blue_17p3_1p6, dist=0.19m/0.17m, heading_error=29deg, cmd=(0.00, -0.25)
[state_machine_node-28] [INFO] [1789538072.911646583] [state_machine_node]: Fine door parking translation: observed_blue_17p3_1p6, dist=0.19m/0.17m, heading_error=26deg, cmd=(0.07, -0.14)
[state_machine_node-28] [INFO] [1789538073.880239472] [state_machine_node]: Fine door final yaw alignment: observed_blue_17p3_1p6, dist=0.17m/0.17m, yaw_error=116deg, cmd=(0.00, 0.25)
[state_machine_node-28] [INFO] [1789538074.826821723] [state_machine_node]: Fine door final yaw alignment: observed_blue_17p3_1p6, dist=0.16m/0.17m, yaw_error=111deg, cmd=(0.00, 0.25)
[state_machine_node-28] [INFO] [1789538075.606804835] [state_machine_node]: 보조 비상구 관측 저장: door_green_f15f73 (17.9, 0.0)
[state_machine_node-28] [INFO] [1789538075.831610100] [state_machine_node]: Fine door final yaw alignment: observed_blue_17p3_1p6, dist=0.15m/0.17m, yaw_error=106deg, cmd=(0.00, 0.25)
[state_machine_node-28] [INFO] [1789538076.775411606] [state_machine_node]: Fine door final yaw alignment: observed_blue_17p3_1p6, dist=0.15m/0.17m, yaw_error=100deg, cmd=(0.00, 0.25)
[state_machine_node-28] [INFO] [1789538077.746535805] [state_machine_node]: Fine door final yaw alignment: observed_blue_17p3_1p6, dist=0.14m/0.17m, yaw_error=94deg, cmd=(0.00, 0.25)
[state_machine_node-28] [INFO] [1789538078.737610933] [state_machine_node]: Fine door final yaw alignment: observed_blue_17p3_1p6, dist=0.13m/0.17m, yaw_error=88deg, cmd=(0.00, 0.25)
[state_machine_node-28] [INFO] [1789538078.902403803] [state_machine_node]: 보조 비상구 관측 저장: door_green_873ba6 (17.9, -0.1)
[state_machine_node-28] [INFO] [1789538079.681726372] [state_machine_node]: Fine door final yaw alignment: observed_blue_17p3_1p6, dist=0.12m/0.17m, yaw_error=82deg, cmd=(0.00, 0.25)
[state_machine_node-28] [INFO] [1789538080.655517243] [state_machine_node]: Fine door final yaw alignment: observed_blue_17p3_1p6, dist=0.11m/0.17m, yaw_error=76deg, cmd=(0.00, 0.25)
[state_machine_node-28] [INFO] [1789538081.604639709] [state_machine_node]: Fine door final yaw alignment: observed_blue_17p3_1p6, dist=0.11m/0.17m, yaw_error=71deg, cmd=(0.00, 0.25)
[state_machine_node-28] [INFO] [1789538082.167344445] [state_machine_node]: Blue candidate door_blue_fa36bc rejected: handle lateral 2.85m is outside wall band 2.20+0.35m.
[state_machine_node-28] [INFO] [1789538082.170175203] [state_machine_node]: Blue candidate door_blue_fa36bc recorded with door-body progress and observed wall side because its direct projection was center-biased or crossed the corridor.
[state_machine_node-28] [INFO] [1789538082.171308605] [state_machine_node]: Observed blue cluster id mapping for observed_blue_17p3_1p6 ignored: mapped cluster drifted away from the current wall/handle target.
[state_machine_node-28] [INFO] [1789538082.172672195] [state_machine_node]: 문 접근 목표 보정: door_blue_a50bcb handle_axis=(17.89, 2.85) goal_axis=(17.89, 0.95) wall_axis=(17.89, 2.20) yaw=90deg
[state_machine_node-28] [INFO] [1789538082.572970377] [state_machine_node]: Fine door final yaw alignment: observed_blue_17p3_1p6, dist=0.10m/0.17m, yaw_error=66deg, cmd=(0.00, 0.25)
[state_machine_node-28] [INFO] [1789538083.343172221] [state_machine_node]: 보조 비상구 관측 저장: door_green_044b1f (17.9, 0.1)
[state_machine_node-28] [INFO] [1789538083.589541045] [state_machine_node]: Fine door final yaw alignment: observed_blue_17p3_1p6, dist=0.10m/0.17m, yaw_error=61deg, cmd=(0.00, 0.25)
[state_machine_node-28] [INFO] [1789538084.471265416] [state_machine_node]: Fine door final yaw alignment: observed_blue_17p3_1p6, dist=0.10m/0.17m, yaw_error=56deg, cmd=(0.00, 0.25)
[state_machine_node-28] [INFO] [1789538085.427952311] [state_machine_node]: Fine door final yaw alignment: observed_blue_17p3_1p6, dist=0.10m/0.17m, yaw_error=52deg, cmd=(0.00, 0.25)
[state_machine_node-28] [INFO] [1789538086.377470465] [state_machine_node]: Fine door final yaw alignment: observed_blue_17p3_1p6, dist=0.10m/0.17m, yaw_error=47deg, cmd=(0.00, 0.25)
[state_machine_node-28] [INFO] [1789538086.398935209] [state_machine_node]: 보조 비상구 관측 저장: door_green_19467d (17.8, -0.0)
[state_machine_node-28] [INFO] [1789538087.336454980] [state_machine_node]: Fine door final yaw alignment: observed_blue_17p3_1p6, dist=0.10m/0.17m, yaw_error=43deg, cmd=(0.00, 0.25)
[state_machine_node-28] [INFO] [1789538088.282112400] [state_machine_node]: Fine door final yaw alignment: observed_blue_17p3_1p6, dist=0.10m/0.17m, yaw_error=39deg, cmd=(0.00, 0.25)
[state_machine_node-28] [INFO] [1789538089.233499144] [state_machine_node]: Fine door final yaw alignment: observed_blue_17p3_1p6, dist=0.10m/0.17m, yaw_error=34deg, cmd=(0.00, 0.25)
[state_machine_node-28] [INFO] [1789538089.580300200] [state_machine_node]: 보조 비상구 관측 저장: door_green_b57297 (17.8, -0.1)
[state_machine_node-28] [INFO] [1789538090.230029691] [state_machine_node]: Fine door final yaw alignment: observed_blue_17p3_1p6, dist=0.09m/0.17m, yaw_error=30deg, cmd=(0.00, 0.25)
[state_machine_node-28] [INFO] [1789538090.977892706] [state_machine_node]: Blue candidate door_blue_daea05_2 rejected: handle lateral 5.85m is outside wall band 2.20+0.35m.
[state_machine_node-28] [INFO] [1789538090.979689748] [state_machine_node]: Blue candidate door_blue_daea05_2 recorded with door-body progress and observed wall side because its direct projection was center-biased or crossed the corridor.
[state_machine_node-28] [INFO] [1789538090.981465099] [state_machine_node]: Observed blue cluster id mapping for observed_blue_17p3_1p6 ignored: mapped cluster drifted away from the current wall/handle target.
[state_machine_node-28] [INFO] [1789538090.982803279] [state_machine_node]: 문 접근 목표 보정: door_blue_daea05_2 handle_axis=(18.28, 5.85) goal_axis=(18.28, 0.95) wall_axis=(18.28, 2.20) yaw=90deg
[state_machine_node-28] [INFO] [1789538091.201496663] [state_machine_node]: Fine door final yaw alignment: observed_blue_17p3_1p6, dist=0.09m/0.17m, yaw_error=25deg, cmd=(0.00, 0.25)
[state_machine_node-28] [INFO] [1789538091.597844273] [state_machine_node]: 문 접근 목표 보정: door_blue_b5ea79 handle_axis=(17.61, 2.71) goal_axis=(17.61, 0.95) wall_axis=(17.61, 2.20) yaw=90deg
[state_machine_node-28] [INFO] [1789538091.983919425] [state_machine_node]: 문 접근 목표 보정: door_blue_daea05 handle_axis=(18.09, 5.78) goal_axis=(18.09, 0.95) wall_axis=(18.09, 2.20) yaw=90deg
[state_machine_node-28] [INFO] [1789538092.166111437] [state_machine_node]: Fine door final yaw alignment: observed_blue_17p3_1p6, dist=0.08m/0.17m, yaw_error=20deg, cmd=(0.00, 0.25)
[state_machine_node-28] [INFO] [1789538092.772202816] [state_machine_node]: 보조 비상구 관측 저장: door_green_ffe242 (17.8, -0.0)
[state_machine_node-28] [INFO] [1789538092.997407766] [state_machine_node]: 문 접근 목표 보정: door_blue_daea05 handle_axis=(17.88, 5.76) goal_axis=(17.88, 0.95) wall_axis=(17.88, 2.20) yaw=90deg
[state_machine_node-28] [INFO] [1789538093.165817799] [state_machine_node]: Fine door approach accepted after near-target settling: observed_blue_17p3_1p6, dist=0.07m/0.24m, lateral=0.07m/0.22m, yaw_error=14deg/16deg.
[state_machine_node-28] [INFO] [1789538093.166589361] [state_machine_node]: 문 앞 정렬 완료. 2.8s 정지 후 개방합니다.
[state_machine_node-28] [INFO] [1789538093.300716980] [state_machine_node]: 문 접근 목표 보정: door_blue_b5ea79 handle_axis=(17.51, 2.65) goal_axis=(17.51, 0.95) wall_axis=(17.51, 2.20) yaw=90deg
[state_machine_node-28] [INFO] [1789538093.968198985] [state_machine_node]: 문 접근 목표 보정: door_blue_daea05 handle_axis=(17.78, 5.70) goal_axis=(17.78, 0.95) wall_axis=(17.78, 2.20) yaw=90deg
[state_machine_node-28] [INFO] [1789538094.855778691] [state_machine_node]: Blue candidate door_blue_fa36bc rejected: handle lateral 2.64m is outside wall band 2.20+0.35m.
[state_machine_node-28] [INFO] [1789538094.858528662] [state_machine_node]: Blue candidate door_blue_fa36bc recorded with door-body progress and observed wall side because its direct projection was center-biased or crossed the corridor.
[state_machine_node-28] [INFO] [1789538094.859721898] [state_machine_node]: Observed blue cluster id mapping for observed_blue_17p3_1p6 ignored: mapped cluster drifted away from the current wall/handle target.
[state_machine_node-28] [INFO] [1789538094.862493340] [state_machine_node]: 문 접근 목표 보정: door_blue_b5ea79 handle_axis=(17.49, 2.64) goal_axis=(17.49, 0.95) wall_axis=(17.49, 2.20) yaw=90deg
[state_machine_node-28] [INFO] [1789538095.043194886] [state_machine_node]: 문 접근 목표 보정: door_blue_daea05 handle_axis=(17.78, 5.70) goal_axis=(17.78, 0.95) wall_axis=(17.78, 2.20) yaw=90deg
[state_machine_node-28] [INFO] [1789538096.018931831] [state_machine_node]: 보조 비상구 관측 저장: door_green_ffe242 (17.8, 0.0)
[state_machine_node-28] [INFO] [1789538096.197956479] [state_machine_node]: 문 접근 목표 보정: door_blue_daea05 handle_axis=(17.78, 5.70) goal_axis=(17.78, 0.95) wall_axis=(17.78, 2.20) yaw=90deg
[state_machine_node-28] [INFO] [1789538096.655296876] [state_machine_node]: 문 접근 목표 보정: door_blue_b5ea79 handle_axis=(17.49, 2.64) goal_axis=(17.49, 0.95) wall_axis=(17.49, 2.20) yaw=90deg
[state_machine_node-28] [INFO] [1789538097.141650006] [state_machine_node]: 문 접근 목표 보정: door_blue_daea05 handle_axis=(17.78, 5.70) goal_axis=(17.78, 0.95) wall_axis=(17.78, 2.20) yaw=90deg
[state_machine_node-28] [INFO] [1789538097.977628349] [state_machine_node]: Blue candidate door_blue_fa36bc rejected: handle lateral 2.64m is outside wall band 2.20+0.35m.
[state_machine_node-28] [INFO] [1789538097.980199160] [state_machine_node]: Blue candidate door_blue_fa36bc recorded with door-body progress and observed wall side because its direct projection was center-biased or crossed the corridor.
[state_machine_node-28] [INFO] [1789538097.982261845] [state_machine_node]: Observed blue cluster id mapping for observed_blue_17p3_1p6 ignored: mapped cluster drifted away from the current wall/handle target.
[state_machine_node-28] [INFO] [1789538097.983340283] [state_machine_node]: 문 접근 목표 보정: door_blue_b5ea79 handle_axis=(17.49, 2.64) goal_axis=(17.49, 0.95) wall_axis=(17.49, 2.20) yaw=90deg
[state_machine_node-28] [INFO] [1789538098.175563969] [state_machine_node]: 문 접근 목표 보정: door_blue_daea05 handle_axis=(17.78, 5.70) goal_axis=(17.78, 0.95) wall_axis=(17.78, 2.20) yaw=90deg
[state_machine_node-28] [INFO] [1789538098.796864216] [state_machine_node]: Observed blue cluster (12.0, -2.2) will be rechecked despite mixed semantic color memory.
[state_machine_node-28] [INFO] [1789538098.874225561] [state_machine_node]: Blue candidate door_blue_fa36bc cannot confirm opening: current camera ray is outside the frontal manipulation workspace.
[state_machine_node-28] [INFO] [1789538098.917288005] [state_machine_node]: Observed blue target observed_blue_17p3_1p6 kept for mapping but not opened yet: after at least one opened door, mapped wall memory needs a close live blue frame at the same station.
[state_machine_node-28] [WARN] [1789538098.977175377] [state_machine_node]: Fresh blue evidence missing near target observed_blue_17p3_1p6: p=18.58, lat=2.00, radius=0.81m, max_age=10.0s, min_conf=0.34.
[state_machine_node-28] [INFO] [1789538099.178139269] [state_machine_node]: 잠금 문 visual-servo 수렴 관측 사용: observed_blue_17p3_1p6, count=33, conf=1.00, age=29.6s
[state_machine_node-28] [WARN] [1789538099.483348074] [state_machine_node]: Fresh blue evidence missing near target observed_blue_17p3_1p6: p=18.58, lat=2.00, radius=0.81m, max_age=10.0s, min_conf=0.34.
[state_machine_node-28] [INFO] [1789538099.516628854] [state_machine_node]: Live blue confirmation (4.1, -3.3) rejected: same-wall blue observation is inside the opened-door remnant window (opened_progress=5.4m, gap=1.6m, window=2.4m).
[state_machine_node-28] [INFO] [1789538099.533176540] [state_machine_node]: State: NAVIGATING → OPENING_DOOR
[state_machine_node-28] [INFO] [1789538099.536580153] [state_machine_node]: 보조 비상구 관측 저장: door_green_ffe242 (17.8, 0.0)
[state_machine_node-28] [INFO] [1789538099.741819124] [state_machine_node]: 문 개방 요청 손잡이: id=observed_blue_17p3_1p6__axis_p18p58_p2p00, method=yolo:primary:item, conf=0.56, frame=map, pos=(15.580,2.003,0.825)
[manipulation_node-26] [INFO] [1789538099.758047108] [manipulation_node]: Open door request: id=observed_blue_17p3_1p6__axis_p18p58_p2p00, handle_method=yolo:primary:item, handle_detected=True, handle_conf=0.56
[manipulation_node-26] [INFO] [1789538099.769494258] [manipulation_node]: Manipulation phase: LOCALIZE_HANDLE:observed_blue_17p3_1p6__axis_p18p58_p2p00
[manipulation_node-26] [INFO] [1789538099.787496764] [manipulation_node]: Transformed handle_position map -> base_link: (1.012, 0.183, 0.727)
[manipulation_node-26] [INFO] [1789538099.797896148] [manipulation_node]: Manipulation phase: PRE_GRASP:observed_blue_17p3_1p6__axis_p18p58_p2p00
[manipulation_node-26] [INFO] [1789538099.814848733] [manipulation_node]: Step 1/4: Moving to pre-grasp position
[manipulation_node-26] [INFO] [1789538099.828051972] [manipulation_node]:   [SIM] Pre-grasp at (0.892, 0.183, 0.727)
[manipulation_node-26] [INFO] [1789538099.867682155] [manipulation_node]:   [SIM] Arm target stage=pre_grasp: joint1=0.27, joint2=1.01, joint3=-0.11, joint4=0.00, joint5=0.00, joint6=0.00
[manipulation_node-26] [INFO] [1789538100.908029601] [manipulation_node]: Manipulation phase: GRASP_HANDLE:observed_blue_17p3_1p6__axis_p18p58_p2p00
[manipulation_node-26] [INFO] [1789538100.908793424] [manipulation_node]: Step 2/4: Grasping handle
[manipulation_node-26] [INFO] [1789538100.923215099] [manipulation_node]:   [SIM] Gripper closing
[manipulation_node-26] [INFO] [1789538100.944783535] [manipulation_node]:   [SIM] Arm target stage=grasp: joint1=0.27, joint2=1.01, joint3=-0.11, joint4=0.00, joint5=0.00, joint6=0.00
[state_machine_node-28] [INFO] [1789538101.749398023] [state_machine_node]: Blue candidate door_blue_fa36bc rejected: handle lateral 2.64m is outside wall band 2.20+0.35m.
[state_machine_node-28] [INFO] [1789538101.752807731] [state_machine_node]: Blue candidate door_blue_fa36bc recorded with door-body progress and observed wall side because its direct projection was center-biased or crossed the corridor.
[manipulation_node-26] [INFO] [1789538101.979188650] [manipulation_node]: Manipulation phase: PRESS_HANDLE:observed_blue_17p3_1p6__axis_p18p58_p2p00
[manipulation_node-26] [INFO] [1789538101.979515717] [manipulation_node]: Step 3/5: Pressing lever handle
[manipulation_node-26] [INFO] [1789538101.979790592] [manipulation_node]:   [SIM] Pressing lever down 0.070m before push
[manipulation_node-26] [INFO] [1789538101.980053790] [manipulation_node]:   [SIM] Arm target stage=press: joint1=0.27, joint2=1.07, joint3=-0.11, joint4=0.00, joint5=0.00, joint6=0.00
[manipulation_node-26] [INFO] [1789538103.028555710] [manipulation_node]: Manipulation phase: PUSH_OPEN:observed_blue_17p3_1p6__axis_p18p58_p2p00
[manipulation_node-26] [INFO] [1789538103.037201935] [manipulation_node]: Step 4/5: Pushing door open
[manipulation_node-26] [INFO] [1789538103.053367462] [manipulation_node]:   [SIM] Holding the pressed handle while the base opens the hinged Gazebo door 2.09rad
[manipulation_node-26] [INFO] [1789538103.053869923] [manipulation_node]:   [SIM] Arm target stage=push: joint1=0.27, joint2=1.01, joint3=-0.11, joint4=0.00, joint5=0.00, joint6=0.00
[manipulation_node-26] [INFO] [1789538103.093176780] [manipulation_node]:   [SIM] Matched observed door observed_blue_17p3_1p6__axis_p18p58_p2p00 to /fire_robot/door/blue/x1520/yp186/sn/cmd (distance=0.08m, score=0.007, source=map_handle, match=(15.58,2.00))
[manipulation_node-26] [INFO] [1789538103.093784797] [manipulation_node]:   [SIM] Gazebo door topic=/fire_robot/door/blue/x1520/yp186/sn/cmd, target_angle=2.094
[state_machine_node-28] [INFO] [1789538103.927052919] [state_machine_node]: 보조 비상구 관측 저장: door_green_ffe242 (17.8, 0.0)
[state_machine_node-28] [INFO] [1789538105.071974883] [state_machine_node]: Blue candidate door_blue_daea05_2 rejected: handle lateral 5.70m is outside wall band 2.20+0.35m.
[state_machine_node-28] [INFO] [1789538105.074156369] [state_machine_node]: Blue candidate door_blue_daea05_2 recorded with door-body progress and observed wall side because its direct projection was center-biased or crossed the corridor.
[state_machine_node-28] [INFO] [1789538106.957039425] [state_machine_node]: 보조 비상구 관측 저장: door_green_ffe242 (17.8, 0.0)
[door_detection_node-24] [INFO] [1789538109.183417260] [door_detection_node]: HSV handle observed: color=blue, pixel=(279,126), conf=0.42, door_bbox=(212,0,277,240)
[state_machine_node-28] [INFO] [1789538109.194445834] [state_machine_node]: Blue candidate door_blue_fa36bc recorded with door-body progress and observed wall side because its direct projection was center-biased or crossed the corridor.
[manipulation_node-26] [INFO] [1789538109.941313711] [manipulation_node]:   [SIM] Door model feedback verified: topic=/fire_robot/door/blue/x1520/yp186/sn/cmd, model=door_blue4, angle=2.1000, target=2.0944
[state_machine_node-28] [INFO] [1789538110.118452465] [state_machine_node]: 보조 비상구 관측 저장: door_green_ffe242 (17.8, 0.0)
[door_detection_node-24] [INFO] [1789538110.794596061] [door_detection_node]: HSV handle observed: color=blue, pixel=(251,125), conf=0.44, door_bbox=(211,0,247,240)
[manipulation_node-26] [INFO] [1789538110.955002364] [manipulation_node]: Manipulation phase: RELEASE_HANDLE:observed_blue_17p3_1p6__axis_p18p58_p2p00
[manipulation_node-26] [INFO] [1789538110.970213186] [manipulation_node]: Releasing the lever before arm recovery and base backoff
[manipulation_node-26] [INFO] [1789538112.023347220] [manipulation_node]: Manipulation phase: RETURN_HOME:observed_blue_17p3_1p6__axis_p18p58_p2p00
[manipulation_node-26] [INFO] [1789538112.040754727] [manipulation_node]: Step 5/5: Returning to home position
[manipulation_node-26] [INFO] [1789538112.061937368] [manipulation_node]:   [SIM] Returning to home position
[manipulation_node-26] [INFO] [1789538112.077614763] [manipulation_node]:   [SIM] Arm target stage=home: joint1=0.00, joint2=0.00, joint3=0.00, joint4=0.00, joint5=0.00, joint6=0.00
[door_detection_node-24] [INFO] [1789538112.526032459] [door_detection_node]: HSV handle observed: color=blue, pixel=(251,125), conf=0.44, door_bbox=(211,0,247,240)
[state_machine_node-28] [INFO] [1789538113.279962100] [state_machine_node]: 보조 비상구 관측 저장: door_green_ffe242 (17.8, 0.0)
[door_detection_node-24] [INFO] [1789538113.893881890] [door_detection_node]: HSV handle observed: color=blue, pixel=(251,125), conf=0.44, door_bbox=(211,0,247,240)
[door_detection_node-24] [INFO] [1789538116.007835233] [door_detection_node]: HSV handle observed: color=blue, pixel=(251,125), conf=0.44, door_bbox=(211,0,247,240)
[state_machine_node-28] [INFO] [1789538116.586326519] [state_machine_node]: 보조 비상구 관측 저장: door_green_ffe242 (17.8, 0.0)
[manipulation_node-26] [INFO] [1789538117.069618386] [manipulation_node]:   [SIM] Arm home verified by joint feedback: max_error=0.039rad
[manipulation_node-26] [INFO] [1789538117.070049283] [manipulation_node]: Manipulation phase: POST_OPEN_BACKOFF:observed_blue_17p3_1p6__axis_p18p58_p2p00
[manipulation_node-26] [INFO] [1789538117.070310356] [manipulation_node]: Backing away from opened door with limited micro reverse
[door_detection_node-24] [INFO] [1789538118.431892605] [door_detection_node]: HSV handle observed: color=blue, pixel=(252,125), conf=0.44, door_bbox=(212,0,247,240)
[manipulation_node-26] [INFO] [1789538119.355827177] [manipulation_node]: Manipulation phase: COMPLETE:observed_blue_17p3_1p6__axis_p18p58_p2p00
[state_machine_node-28] [INFO] [1789538119.384899907] [state_machine_node]: 열린 파란 문 재관측 후보 2개 정리. 다음 목표 선택에서 제외합니다.
[state_machine_node-28] [INFO] [1789538119.385734877] [state_machine_node]: 문 개방 성공: observed_blue_17p3_1p6  누적 개방: 4개
[state_machine_node-28] [INFO] [1789538119.386406091] [state_machine_node]: State: OPENING_DOOR → DOOR_OPENED
[state_machine_node-28] [INFO] [1789538119.394936827] [state_machine_node]: 다음 파란 문 탐색 시작 (개방 완료: 4개)
[state_machine_node-28] [INFO] [1789538119.395362512] [state_machine_node]: State: DOOR_OPENED → EXPLORING
[state_machine_node-28] [INFO] [1789538119.730836891] [state_machine_node]: 보조 비상구 관측 저장: door_green_ffe242 (17.8, 0.0)
[state_machine_node-28] [WARN] [1789538119.731563532] [state_machine_node]: Exit candidate door_green_ffe242 accepted despite a backward localization progress estimate: robot=18.5m, opened_floor=18.6m, exit=20.8m.
[state_machine_node-28] [INFO] [1789538120.309434735] [state_machine_node]: Post-open side retreat started: lateral=0.94m, target_abs=0.48m.
[state_machine_node-28] [INFO] [1789538120.310017243] [state_machine_node]: Post-open side retreat: lateral=0.94m, moved=0.00/1.10m, yaw_error=-166deg, cmd=(0.00, -0.50)
[door_detection_node-24] [INFO] [1789538121.480755967] [door_detection_node]: HSV handle observed: color=blue, pixel=(200,124), conf=0.35, door_bbox=(163,0,196,240)
[state_machine_node-28] [INFO] [1789538121.607867837] [state_machine_node]: Blue candidate door_blue_b912c5 ignored: physical/opened door station already handled nearby at (14.49, 2.12).
[state_machine_node-28] [INFO] [1789538122.126793465] [state_machine_node]: Post-open side retreat: lateral=0.94m, moved=0.00/1.10m, yaw_error=-146deg, cmd=(0.00, -0.50)
[door_detection_node-24] [INFO] [1789538123.091623849] [door_detection_node]: HSV handle observed: color=blue, pixel=(128,124), conf=0.34, door_bbox=(84,0,126,240)
[state_machine_node-28] [INFO] [1789538123.978782794] [state_machine_node]: Post-open side retreat: lateral=0.94m, moved=0.00/1.10m, yaw_error=-129deg, cmd=(0.00, -0.50)
[state_machine_node-28] [INFO] [1789538124.199139012] [state_machine_node]: 보조 비상구 관측 저장: door_green_19467d (17.8, 0.0)
[state_machine_node-28] [WARN] [1789538124.201284414] [state_machine_node]: Exit candidate door_green_19467d accepted despite a backward localization progress estimate: robot=18.5m, opened_floor=18.6m, exit=20.8m.
[door_detection_node-24] [INFO] [1789538124.591814765] [door_detection_node]: HSV handle observed: color=blue, pixel=(56,125), conf=0.34, door_bbox=(0,0,54,240)
[state_machine_node-28] [INFO] [1789538124.715266134] [state_machine_node]: Blue candidate door_blue_69a716 ignored: physical/opened door station already handled nearby at (14.10, 2.32).
[state_machine_node-28] [INFO] [1789538125.787139182] [state_machine_node]: Post-open side retreat: lateral=0.96m, moved=0.00/1.10m, yaw_error=-110deg, cmd=(0.00, -0.50)
[state_machine_node-28] [INFO] [1789538127.585024953] [state_machine_node]: Post-open side retreat: lateral=1.01m, moved=0.00/1.10m, yaw_error=-86deg, cmd=(0.00, -0.50)
[state_machine_node-28] [INFO] [1789538128.371147173] [state_machine_node]: 보조 비상구 관측 저장: door_green_f15f73 (17.9, -0.0)
[state_machine_node-28] [WARN] [1789538128.371856895] [state_machine_node]: Exit candidate door_green_f15f73 accepted despite a backward localization progress estimate: robot=18.5m, opened_floor=18.6m, exit=20.9m.
[state_machine_node-28] [INFO] [1789538129.363133566] [state_machine_node]: Post-open side retreat: lateral=1.05m, moved=0.00/1.10m, yaw_error=-64deg, cmd=(0.00, -0.50)
[state_machine_node-28] [INFO] [1789538131.147815354] [state_machine_node]: Post-open side retreat: lateral=1.06m, moved=0.00/1.10m, yaw_error=-46deg, cmd=(0.00, -0.50)
[state_machine_node-28] [INFO] [1789538132.940513199] [state_machine_node]: Post-open side retreat: lateral=1.06m, moved=0.00/1.10m, yaw_error=-28deg, cmd=(0.00, -0.50)
[state_machine_node-28] [INFO] [1789538133.417877152] [state_machine_node]: 보조 비상구 관측 저장: door_green_48d052 (17.4, 0.3)
[state_machine_node-28] [WARN] [1789538133.419217703] [state_machine_node]: Exit candidate door_green_48d052 accepted despite a backward localization progress estimate: robot=18.5m, opened_floor=18.6m, exit=20.4m.
[state_machine_node-28] [INFO] [1789538134.744873001] [state_machine_node]: Post-open side retreat: lateral=1.06m, moved=0.00/1.10m, yaw_error=-7deg, cmd=(0.18, -0.10)
[door_detection_node-24] [INFO] [1789538136.222167959] [door_detection_node]: HSV handle observed: color=red, pixel=(48,122), conf=0.01, door_bbox=(29,36,83,201)
[state_machine_node-28] [INFO] [1789538136.591140883] [state_machine_node]: 보조 비상구 관측 저장: door_green_44afd1 (17.5, 0.3)
[state_machine_node-28] [WARN] [1789538136.591760300] [state_machine_node]: Exit candidate door_green_44afd1 accepted despite a backward localization progress estimate: robot=18.5m, opened_floor=18.6m, exit=20.5m.
[state_machine_node-28] [INFO] [1789538136.632721218] [state_machine_node]: Post-open side retreat: lateral=0.90m, moved=0.04/1.10m, yaw_error=-2deg, cmd=(0.18, -0.03)
[door_detection_node-24] [INFO] [1789538137.701107462] [door_detection_node]: HSV handle observed: color=red, pixel=(46,122), conf=0.01, door_bbox=(26,33,83,204)
[state_machine_node-28] [INFO] [1789538138.435859348] [state_machine_node]: Post-open side retreat: lateral=0.73m, moved=0.22/1.10m, yaw_error=-1deg, cmd=(0.18, -0.01)
[door_detection_node-24] [INFO] [1789538139.193533581] [door_detection_node]: HSV handle observed: color=red, pixel=(52,122), conf=0.02, door_bbox=(31,32,84,205)
[state_machine_node-28] [INFO] [1789538140.242961673] [state_machine_node]: Post-open side retreat: lateral=0.54m, moved=0.40/1.10m, yaw_error=-0deg, cmd=(0.18, -0.01)
[door_detection_node-24] [INFO] [1789538140.757980260] [door_detection_node]: HSV handle observed: color=red, pixel=(60,122), conf=0.01, door_bbox=(37,30,93,206)
[state_machine_node-28] [INFO] [1789538141.010631979] [state_machine_node]: 보조 비상구 관측 저장: door_green_c1261d (18.0, 0.2)
[state_machine_node-28] [WARN] [1789538141.011586729] [state_machine_node]: Exit candidate door_green_c1261d accepted despite a backward localization progress estimate: robot=18.6m, opened_floor=18.6m, exit=21.0m.
[state_machine_node-28] [INFO] [1789538141.193595660] [state_machine_node]: Post-open side retreat complete: lateral=0.46m <= target=0.48m
[state_machine_node-28] [INFO] [1789538141.221189524] [state_machine_node]: Observed blue cluster (12.0, -2.2) will be rechecked despite mixed semantic color memory.
[state_machine_node-28] [INFO] [1789538141.227650682] [state_machine_node]: Stable revisit blue root (12.0, -2.2) rejected: same-wall blue observation is inside the opened-door remnant window (opened_progress=13.7m, gap=1.4m, window=2.4m).
[state_machine_node-28] [WARN] [1789538141.246129926] [state_machine_node]: 파란 문 후보 (16.8, 2.2) 포기: opened door remnant projected to a same-wall target station. 불안정/실패 후보로 보고 다음 관찰을 계속합니다.
[state_machine_node-28] [INFO] [1789538141.247111537] [state_machine_node]: 파란 문 후보 없음. 2.0s 동안 정지 스캔 후 관측 기반 waypoint를 계획합니다.
[door_detection_node-24] [INFO] [1789538142.298147796] [door_detection_node]: HSV handle observed: color=red, pixel=(63,122), conf=0.02, door_bbox=(42,29,97,208)
[door_detection_node-24] [INFO] [1789538143.695979942] [door_detection_node]: HSV handle observed: color=red, pixel=(63,122), conf=0.02, door_bbox=(42,29,97,208)
[state_machine_node-28] [INFO] [1789538144.261152337] [state_machine_node]: 보조 비상구 관측 저장: door_green_c1261d (17.9, 0.2)
[state_machine_node-28] [WARN] [1789538144.262253588] [state_machine_node]: Exit candidate door_green_c1261d accepted despite a backward localization progress estimate: robot=18.6m, opened_floor=18.6m, exit=20.9m.
[state_machine_node-28] [INFO] [1789538144.760143344] [state_machine_node]: Observed blue cluster (12.0, -2.2) will be rechecked despite mixed semantic color memory.
[state_machine_node-28] [INFO] [1789538144.767233667] [state_machine_node]: Stable revisit blue root (12.0, -2.2) rejected: same-wall blue observation is inside the opened-door remnant window (opened_progress=13.7m, gap=1.4m, window=2.4m).
[state_machine_node-28] [INFO] [1789538144.786219968] [state_machine_node]: 비상구 이동 전 마지막 측면 문 스캔 시작
[door_detection_node-24] [INFO] [1789538145.257985383] [door_detection_node]: HSV handle observed: color=red, pixel=(76,122), conf=0.01, door_bbox=(56,32,107,206)
[door_detection_node-24] [INFO] [1789538146.742122240] [door_detection_node]: HSV handle observed: color=red, pixel=(154,122), conf=0.02, door_bbox=(136,39,179,199)
[door_detection_node-24] [INFO] [1789538148.426003801] [door_detection_node]: HSV handle observed: color=red, pixel=(218,122), conf=0.02, door_bbox=(200,38,246,199)
[state_machine_node-28] [INFO] [1789538148.505119762] [state_machine_node]: Observed blue cluster (12.0, -2.2) will be rechecked despite mixed semantic color memory.
[state_machine_node-28] [INFO] [1789538148.517570107] [state_machine_node]: Stable revisit blue root (12.0, -2.2) rejected: same-wall blue observation is inside the opened-door remnant window (opened_progress=13.7m, gap=1.4m, window=2.4m).
[state_machine_node-28] [WARN] [1789538148.536286168] [state_machine_node]: Exit candidate door_green_5fab61 accepted despite a backward localization progress estimate: robot=18.5m, opened_floor=18.6m, exit=20.8m.
[state_machine_node-28] [INFO] [1789538148.586666155] [state_machine_node]: Final exit scan complete. opened=4, no remaining blue door selected; moving to exit.
[state_machine_node-28] [INFO] [1789538148.587117312] [state_machine_node]: State: EXPLORING → EXITING
[state_machine_node-28] [INFO] [1789538148.589943959] [state_machine_node]: 보조 비상구 관측 저장: door_green_48d052 (17.9, 0.1)
[state_machine_node-28] [INFO] [1789538149.373432774] [state_machine_node]: Blue candidate door_blue_daea05 ignored: same canonical ID near opened exit-tail station 18.6m (candidate 19.6m).
[state_machine_node-28] [INFO] [1789538149.379431433] [state_machine_node]: 비상구 탐지 확인: door_green_5fab61 (12.8, -3.8); Nav2 정렬 목표 (17.0, -0.0), 통과 완료 목표 (18.7, -0.0)를 사용합니다.
[navigation_node-25] [INFO] [1789538149.381434926] [navigation_node]: Navigation goal received: door emergency_exit_pass_through (color=green, frame=map, x=17.04, y=-0.01)
[bt_navigator-16] [INFO] [1789538149.515289871] [bt_navigator]: Begin navigating from current location (15.50, 0.45) to (17.04, -0.01)
[navigation_node-25] [INFO] [1789538149.517185387] [navigation_node]: Navigation goal accepted by Nav2
[controller_server-12] [INFO] [1789538149.724334589] [controller_server]: Received a goal, begin computing control effort.
[door_detection_node-24] [INFO] [1789538149.847505400] [door_detection_node]: HSV handle observed: color=red, pixel=(236,122), conf=0.01, door_bbox=(218,34,268,201)
[controller_server-12] [INFO] [1789538151.100121872] [controller_server]: Passing new path to controller.
[door_detection_node-24] [INFO] [1789538151.331155695] [door_detection_node]: HSV handle observed: color=red, pixel=(216,122), conf=0.02, door_bbox=(197,39,243,199)
[controller_server-12] [WARN] [1789538151.504715615] [controller_server]: No valid trajectories out of 335! 
[state_machine_node-28] [INFO] [1789538152.071808587] [state_machine_node]: Observed blue cluster (12.0, -2.2) will be rechecked despite mixed semantic color memory.
[state_machine_node-28] [INFO] [1789538152.074691391] [state_machine_node]: Stable revisit blue root (12.0, -2.2) rejected: same-wall blue observation is inside the opened-door remnant window (opened_progress=13.7m, gap=1.4m, window=2.4m).
[controller_server-12] [INFO] [1789538152.350109954] [controller_server]: Passing new path to controller.
[door_detection_node-24] [INFO] [1789538152.782300972] [door_detection_node]: HSV handle observed: color=red, pixel=(194,122), conf=0.01, door_bbox=(176,37,221,199)
[state_machine_node-28] [INFO] [1789538152.966842685] [state_machine_node]: Blue candidate door_blue_daea05 ignored: same canonical ID near opened exit-tail station 18.6m (candidate 19.6m).
[state_machine_node-28] [INFO] [1789538153.218296657] [state_machine_node]: 보조 비상구 관측 저장: door_green_48d052 (18.0, -0.0)
[controller_server-12] [INFO] [1789538153.725074976] [controller_server]: Passing new path to controller.
[door_detection_node-24] [INFO] [1789538154.328125271] [door_detection_node]: HSV handle observed: color=red, pixel=(186,122), conf=0.02, door_bbox=(172,40,210,198)
[controller_server-12] [INFO] [1789538154.850113865] [controller_server]: Passing new path to controller.
[controller_server-12] [WARN] [1789538155.486414992] [controller_server]: No valid trajectories out of 335! 
[state_machine_node-28] [INFO] [1789538155.666352025] [state_machine_node]: Observed blue cluster (12.0, -2.2) will be rechecked despite mixed semantic color memory.
[state_machine_node-28] [INFO] [1789538155.670610968] [state_machine_node]: Stable revisit blue root (12.0, -2.2) rejected: same-wall blue observation is inside the opened-door remnant window (opened_progress=13.7m, gap=1.4m, window=2.4m).
[door_detection_node-24] [INFO] [1789538155.812092084] [door_detection_node]: HSV handle observed: color=red, pixel=(155,122), conf=0.02, door_bbox=(139,39,179,199)
[controller_server-12] [INFO] [1789538156.100466671] [controller_server]: Passing new path to controller.
[state_machine_node-28] [INFO] [1789538156.326384411] [state_machine_node]: 보조 비상구 관측 저장: door_green_44afd1 (17.9, 0.1)
[state_machine_node-28] [INFO] [1789538156.652812590] [state_machine_node]: Blue candidate door_blue_daea05 ignored: same canonical ID near opened exit-tail station 18.6m (candidate 19.6m).
[controller_server-12] [INFO] [1789538157.225155263] [controller_server]: Passing new path to controller.
[door_detection_node-24] [INFO] [1789538157.439595039] [door_detection_node]: HSV handle observed: color=red, pixel=(146,122), conf=0.02, door_bbox=(127,35,172,202)
[controller_server-12] [INFO] [1789538158.600114981] [controller_server]: Passing new path to controller.
[door_detection_node-24] [INFO] [1789538158.921112878] [door_detection_node]: HSV handle observed: color=red, pixel=(140,122), conf=0.02, door_bbox=(123,36,168,203)
[state_machine_node-28] [INFO] [1789538159.387053704] [state_machine_node]: Observed blue cluster (12.0, -2.2) will be rechecked despite mixed semantic color memory.
[state_machine_node-28] [INFO] [1789538159.390841972] [state_machine_node]: Stable revisit blue root (12.0, -2.2) rejected: same-wall blue observation is inside the opened-door remnant window (opened_progress=13.7m, gap=1.4m, window=2.4m).
[state_machine_node-28] [INFO] [1789538159.536798977] [state_machine_node]: 보조 비상구 관측 저장: door_green_c1261d (17.9, 0.1)
[controller_server-12] [INFO] [1789538159.850100886] [controller_server]: Passing new path to controller.
[state_machine_node-28] [INFO] [1789538160.280335099] [state_machine_node]: Blue candidate door_blue_daea05 ignored: same canonical ID near opened exit-tail station 18.6m (candidate 19.6m).
[controller_server-12] [WARN] [1789538160.367819750] [controller_server]: No valid trajectories out of 335! 
[door_detection_node-24] [INFO] [1789538160.439326251] [door_detection_node]: HSV handle observed: color=red, pixel=(132,122), conf=0.02, door_bbox=(113,34,159,204)
[controller_server-12] [WARN] [1789538161.110390383] [controller_server]: No valid trajectories out of 335! 
[controller_server-12] [INFO] [1789538161.225118002] [controller_server]: Passing new path to controller.
[door_detection_node-24] [INFO] [1789538161.944985254] [door_detection_node]: HSV handle observed: color=red, pixel=(130,122), conf=0.02, door_bbox=(112,34,156,204)
[controller_server-12] [INFO] [1789538162.475248317] [controller_server]: Passing new path to controller.
[state_machine_node-28] [INFO] [1789538162.553809372] [state_machine_node]: 보조 비상구 관측 저장: door_green_c1261d (17.9, 0.2)
[controller_server-12] [WARN] [1789538162.559987436] [controller_server]: No valid trajectories out of 335! 
[controller_server-12] [WARN] [1789538162.610467255] [controller_server]: No valid trajectories out of 335! 
[state_machine_node-28] [INFO] [1789538163.026558461] [state_machine_node]: Observed blue cluster (12.0, -2.2) will be rechecked despite mixed semantic color memory.
[state_machine_node-28] [INFO] [1789538163.028078429] [state_machine_node]: Stable revisit blue root (12.0, -2.2) rejected: same-wall blue observation is inside the opened-door remnant window (opened_progress=13.7m, gap=1.4m, window=2.4m).
[controller_server-12] [WARN] [1789538163.368332228] [controller_server]: No valid trajectories out of 335! 
[door_detection_node-24] [INFO] [1789538163.514022028] [door_detection_node]: HSV handle observed: color=red, pixel=(136,122), conf=0.02, door_bbox=(115,35,162,205)
[controller_server-12] [INFO] [1789538163.725085853] [controller_server]: Passing new path to controller.
[state_machine_node-28] [INFO] [1789538164.151320099] [state_machine_node]: Blue candidate door_blue_daea05 ignored: same canonical ID near opened exit-tail station 18.6m (candidate 19.6m).
[controller_server-12] [INFO] [1789538165.100114269] [controller_server]: Passing new path to controller.
[door_detection_node-24] [INFO] [1789538165.358901567] [door_detection_node]: HSV handle observed: color=red, pixel=(192,122), conf=0.02, door_bbox=(173,33,219,206)
[state_machine_node-28] [INFO] [1789538166.151556806] [state_machine_node]: Observed blue cluster (12.0, -2.2) will be rechecked despite mixed semantic color memory.
[state_machine_node-28] [INFO] [1789538166.154752462] [state_machine_node]: Stable revisit blue root (12.0, -2.2) rejected: same-wall blue observation is inside the opened-door remnant window (opened_progress=13.7m, gap=1.4m, window=2.4m).
[controller_server-12] [INFO] [1789538166.350080141] [controller_server]: Passing new path to controller.
[door_detection_node-24] [INFO] [1789538166.897491873] [door_detection_node]: HSV handle observed: color=red, pixel=(268,122), conf=0.02, door_bbox=(250,25,291,213)
[state_machine_node-28] [WARN] [1789538167.119871176] [state_machine_node]: 파란 문 후보 (12.0, -2.2) 포기: opened door remnant projected to a same-wall target station. 불안정/실패 후보로 보고 다음 관찰을 계속합니다.
[state_machine_node-28] [INFO] [1789538167.188874511] [state_machine_node]: 보조 비상구 관측 저장: door_green_44afd1 (17.9, 0.0)
[controller_server-12] [INFO] [1789538167.600095486] [controller_server]: Passing new path to controller.
[state_machine_node-28] [INFO] [1789538167.987186974] [state_machine_node]: Blue candidate door_blue_daea05 ignored: same canonical ID near opened exit-tail station 18.6m (candidate 19.6m).
[controller_server-12] [INFO] [1789538168.725136537] [controller_server]: Passing new path to controller.
[controller_server-12] [INFO] [1789538170.101222662] [controller_server]: Passing new path to controller.
[state_machine_node-28] [INFO] [1789538170.265811563] [state_machine_node]: 보조 비상구 관측 저장: door_green_c4109c (17.9, -0.0)
[controller_server-12] [INFO] [1789538171.352259699] [controller_server]: Passing new path to controller.
[state_machine_node-28] [INFO] [1789538171.745616469] [state_machine_node]: Blue candidate door_blue_daea05 ignored: same canonical ID near opened exit-tail station 18.6m (candidate 19.6m).
[controller_server-12] [INFO] [1789538172.725058963] [controller_server]: Passing new path to controller.
[controller_server-12] [INFO] [1789538173.975129226] [controller_server]: Passing new path to controller.
[state_machine_node-28] [INFO] [1789538174.511005206] [state_machine_node]: 보조 비상구 관측 저장: door_green_b667bf (17.9, 0.0)
[controller_server-12] [INFO] [1789538175.225163356] [controller_server]: Passing new path to controller.
[state_machine_node-28] [INFO] [1789538175.324104732] [state_machine_node]: Blue candidate door_blue_daea05 ignored: same canonical ID near opened exit-tail station 18.6m (candidate 19.6m).
[controller_server-12] [INFO] [1789538176.350304616] [controller_server]: Passing new path to controller.
[door_detection_node-24] [INFO] [1789538176.387348029] [door_detection_node]: HSV handle observed: color=blue, pixel=(18,122), conf=0.25, door_bbox=(0,11,17,212)
[state_machine_node-28] [INFO] [1789538176.498516824] [state_machine_node]: Blue candidate door_blue_4e9d83 ignored: physical/opened door station already handled nearby at (15.09, 1.24). Stale same-ID candidate(s) removed: 1.
[controller_server-12] [INFO] [1789538177.725077098] [controller_server]: Passing new path to controller.
[state_machine_node-28] [INFO] [1789538177.888072492] [state_machine_node]: 보조 비상구 관측 저장: door_green_aa7faa (18.6, 0.2)
[controller_server-12] [INFO] [1789538178.976033837] [controller_server]: Passing new path to controller.
[door_detection_node-24] [INFO] [1789538179.579943328] [door_detection_node]: HSV handle observed: color=blue, pixel=(78,122), conf=0.21, door_bbox=(56,32,79,198)
[state_machine_node-28] [INFO] [1789538179.692143396] [state_machine_node]: Blue candidate door_blue_4e9d83 ignored: physical/opened door station already handled nearby at (14.86, 1.63).
[controller_server-12] [INFO] [1789538180.102195080] [controller_server]: Passing new path to controller.
[controller_server-12] [INFO] [1789538181.225133810] [controller_server]: Passing new path to controller.
[door_detection_node-24] [INFO] [1789538181.263260908] [door_detection_node]: HSV handle observed: color=blue, pixel=(90,122), conf=0.15, door_bbox=(66,31,97,204)
[state_machine_node-28] [INFO] [1789538181.816192233] [state_machine_node]: 보조 비상구 관측 저장: door_green_8d37be (18.8, -0.3)
[controller_server-12] [INFO] [1789538182.476451919] [controller_server]: Passing new path to controller.
[door_detection_node-24] [INFO] [1789538182.885632593] [door_detection_node]: HSV handle observed: color=blue, pixel=(102,122), conf=0.14, door_bbox=(75,29,106,201)
[state_machine_node-28] [INFO] [1789538182.904920801] [state_machine_node]: Blue candidate door_blue_a73a72 ignored: physical/opened door station already handled nearby at (14.95, 1.58).
[controller_server-12] [INFO] [1789538183.725071288] [controller_server]: Passing new path to controller.
[door_detection_node-24] [INFO] [1789538184.399992178] [door_detection_node]: HSV handle observed: color=blue, pixel=(120,122), conf=0.27, door_bbox=(105,36,123,200)
[state_machine_node-28] [INFO] [1789538184.931259114] [state_machine_node]: 보조 비상구 관측 저장: door_green_d22a24 (18.9, -0.2)
[controller_server-12] [INFO] [1789538185.100061985] [controller_server]: Passing new path to controller.
[door_detection_node-24] [INFO] [1789538186.090826478] [door_detection_node]: HSV handle observed: color=blue, pixel=(142,122), conf=0.23, door_bbox=(124,35,144,200)
[state_machine_node-28] [INFO] [1789538186.101229791] [state_machine_node]: Blue candidate door_blue_a73a72 ignored: physical/opened door station already handled nearby at (14.26, 2.35).
[controller_server-12] [INFO] [1789538186.226417215] [controller_server]: Passing new path to controller.
[controller_server-12] [INFO] [1789538187.600923765] [controller_server]: Passing new path to controller.
[door_detection_node-24] [INFO] [1789538187.967801617] [door_detection_node]: HSV handle observed: color=blue, pixel=(166,122), conf=0.27, door_bbox=(149,37,167,201)
[state_machine_node-28] [INFO] [1789538188.373978581] [state_machine_node]: 보조 비상구 관측 저장: door_green_d22a24 (18.9, -0.1)
[controller_server-12] [INFO] [1789538188.850079498] [controller_server]: Passing new path to controller.
[controller_server-12] [INFO] [1789538188.865559581] [controller_server]: Reached the goal!
[door_detection_node-24] [INFO] [1789538189.081044431] [door_detection_node]: HSV handle observed: color=blue, pixel=(190,122), conf=0.21, door_bbox=(169,33,191,200)
[state_machine_node-28] [INFO] [1789538189.180183947] [state_machine_node]: Blue candidate door_blue_7e286d ignored: physical/opened door station already handled nearby at (14.38, 2.20).
[bt_navigator-16] [INFO] [1789538189.316085277] [bt_navigator]: Goal succeeded
[navigation_node-25] [INFO] [1789538189.319824321] [navigation_node]: Navigation succeeded.
[state_machine_node-28] [INFO] [1789538189.321355290] [state_machine_node]: Navigation succeeded.
[state_machine_node-28] [WARN] [1789538189.616849438] [state_machine_node]: 비상구 완료 조건 미달: dist=1.73m, goal=(18.74, -0.01), robot=(17.02, -0.14), lateral_error=0.14m/0.85m, yaw_error=72deg
[state_machine_node-28] [INFO] [1789538189.618674608] [state_machine_node]: 비상구 앞 정렬 완료. 마지막 통과 구간은 목표점 방향으로 보정 주행합니다.
[door_detection_node-24] [INFO] [1789538190.531410587] [door_detection_node]: HSV handle observed: color=blue, pixel=(188,122), conf=0.25, door_bbox=(171,35,190,201)
[state_machine_node-28] [WARN] [1789538190.557675831] [state_machine_node]: 비상구 완료 조건 미달: dist=1.73m, goal=(18.74, -0.01), robot=(17.02, -0.14), lateral_error=0.14m/0.85m, yaw_error=72deg
[state_machine_node-28] [INFO] [1789538191.394830949] [state_machine_node]: 보조 비상구 관측 저장: door_green_d22a24 (19.0, -0.2)
[state_machine_node-28] [WARN] [1789538191.448458386] [state_machine_node]: 비상구 완료 조건 미달: dist=1.70m, goal=(18.74, -0.01), robot=(17.04, -0.07), lateral_error=0.07m/0.85m, yaw_error=58deg
[door_detection_node-24] [INFO] [1789538192.167093306] [door_detection_node]: HSV handle observed: color=blue, pixel=(90,122), conf=0.14, door_bbox=(56,26,92,205)
[state_machine_node-28] [WARN] [1789538192.392323526] [state_machine_node]: 비상구 완료 조건 미달: dist=1.63m, goal=(18.74, -0.01), robot=(17.11, 0.02), lateral_error=0.02m/0.85m, yaw_error=44deg
[state_machine_node-28] [WARN] [1789538193.298004341] [state_machine_node]: 비상구 완료 조건 미달: dist=1.54m, goal=(18.74, -0.01), robot=(17.21, 0.10), lateral_error=0.10m/0.85m, yaw_error=32deg
[state_machine_node-28] [WARN] [1789538194.215939743] [state_machine_node]: 비상구 완료 조건 미달: dist=1.43m, goal=(18.74, -0.01), robot=(17.32, 0.17), lateral_error=0.17m/0.85m, yaw_error=16deg
[state_machine_node-28] [WARN] [1789538195.128032113] [state_machine_node]: 비상구 완료 조건 미달: dist=1.32m, goal=(18.74, -0.01), robot=(17.45, 0.23), lateral_error=0.23m/0.85m, yaw_error=2deg
[state_machine_node-28] [INFO] [1789538196.039455774] [state_machine_node]: 보조 비상구 관측 저장: door_green_aa7faa (19.5, -0.0)
[state_machine_node-28] [WARN] [1789538196.052541373] [state_machine_node]: 비상구 완료 조건 미달: dist=1.20m, goal=(18.74, -0.01), robot=(17.57, 0.23), lateral_error=0.23m/0.85m, yaw_error=8deg
[state_machine_node-28] [WARN] [1789538196.980770889] [state_machine_node]: 비상구 완료 조건 미달: dist=1.07m, goal=(18.74, -0.01), robot=(17.69, 0.21), lateral_error=0.21m/0.85m, yaw_error=11deg
[state_machine_node-28] [WARN] [1789538197.849262430] [state_machine_node]: 비상구 완료 조건 미달: dist=0.95m, goal=(18.74, -0.01), robot=(17.82, 0.19), lateral_error=0.19m/0.85m, yaw_error=12deg
[state_machine_node-28] [WARN] [1789538198.780734633] [state_machine_node]: 비상구 완료 조건 미달: dist=0.83m, goal=(18.74, -0.01), robot=(17.93, 0.17), lateral_error=0.17m/0.85m, yaw_error=12deg
[state_machine_node-28] [WARN] [1789538199.708686752] [state_machine_node]: 비상구 완료 조건 미달: dist=0.70m, goal=(18.74, -0.01), robot=(18.06, 0.14), lateral_error=0.14m/0.85m, yaw_error=12deg
[state_machine_node-28] [WARN] [1789538200.647102433] [state_machine_node]: 비상구 완료 조건 미달: dist=0.57m, goal=(18.74, -0.01), robot=(18.18, 0.12), lateral_error=0.12m/0.85m, yaw_error=12deg
[state_machine_node-28] [WARN] [1789538201.526109886] [state_machine_node]: 비상구 완료 조건 미달: dist=0.45m, goal=(18.74, -0.01), robot=(18.31, 0.09), lateral_error=0.09m/0.85m, yaw_error=12deg
[state_machine_node-28] [INFO] [1789538202.433131262] [state_machine_node]: State: EXITING → MISSION_COMPLETE
[state_machine_node-28] [INFO] [1789538203.403890230] [state_machine_node]: 미션 완료! 개방한 문: 4개. 로봇이 비상구에 도착했습니다.
