[INFO] [launch]: All log files can be found below /root/.ros/log/2026-09-16-14-57-12-410217-BOOK-9IO69NR1EM-5996
[INFO] [launch]: Default logging verbosity is set to INFO
[INFO] [ign-1]: process started with pid [6014]
[INFO] [robot_state_publisher-2]: process started with pid [6016]
[INFO] [static_transform_publisher-3]: process started with pid [6018]
[INFO] [cmd_vel_safety_node-4]: process started with pid [6020]
[INFO] [create-5]: process started with pid [6022]
[INFO] [parameter_bridge-6]: process started with pid [6024]
[INFO] [parameter_bridge-7]: process started with pid [6026]
[INFO] [parameter_bridge-8]: process started with pid [6028]
[static_transform_publisher-3] [WARN] [1789538232.575803013] []: Old-style arguments are deprecated; see --help for new-style arguments
[static_transform_publisher-3] [INFO] [1789538232.599429598] [sim_lidar_sensor_tf]: Spinning until stopped - publishing transform
[static_transform_publisher-3] translation: ('0.200000', '0.000000', '0.070000')
[static_transform_publisher-3] rotation: ('0.000000', '0.000000', '0.000000', '1.000000')
[static_transform_publisher-3] from 'base_link' to 'fire_robot/base_footprint/lidar_sensor'
[create-5] [INFO] [1789538232.611500102] [spawn_fire_robot]: Requesting list of world names.
[parameter_bridge-7] [INFO] [1789538232.638404644] [gz_motion_bridge]: Creating GZ->ROS Bridge: [/scan (gz.msgs.LaserScan) -> /scan (sensor_msgs/msg/LaserScan)] (Lazy 0)
[parameter_bridge-7] [INFO] [1789538232.641340231] [gz_motion_bridge]: Creating ROS->GZ Bridge: [/cmd_vel (geometry_msgs/msg/Twist) -> /cmd_vel (gz.msgs.Twist)] (Lazy 0)
[parameter_bridge-7] [INFO] [1789538232.642386323] [gz_motion_bridge]: Creating GZ->ROS Bridge: [/odom (gz.msgs.Odometry) -> /odom (nav_msgs/msg/Odometry)] (Lazy 0)
[parameter_bridge-7] [INFO] [1789538232.643780502] [gz_motion_bridge]: Creating GZ->ROS Bridge: [/tf (gz.msgs.Pose_V) -> /tf (tf2_msgs/msg/TFMessage)] (Lazy 0)
[robot_state_publisher-2] [INFO] [1789538232.644425544] [robot_state_publisher]: got segment arm_base_link
[parameter_bridge-6] [INFO] [1789538232.644527003] [gz_clock_bridge]: Creating GZ->ROS Bridge: [/clock (gz.msgs.Clock) -> /clock (rosgraph_msgs/msg/Clock)] (Lazy 0)
[robot_state_publisher-2] [INFO] [1789538232.644653050] [robot_state_publisher]: got segment arm_link1
[robot_state_publisher-2] [INFO] [1789538232.644672842] [robot_state_publisher]: got segment arm_link2
[robot_state_publisher-2] [INFO] [1789538232.644681676] [robot_state_publisher]: got segment arm_link3
[robot_state_publisher-2] [INFO] [1789538232.644689941] [robot_state_publisher]: got segment arm_link4
[robot_state_publisher-2] [INFO] [1789538232.644697504] [robot_state_publisher]: got segment arm_link5
[robot_state_publisher-2] [INFO] [1789538232.644705080] [robot_state_publisher]: got segment arm_link6
[robot_state_publisher-2] [INFO] [1789538232.644712223] [robot_state_publisher]: got segment base_footprint
[robot_state_publisher-2] [INFO] [1789538232.644719508] [robot_state_publisher]: got segment base_link
[robot_state_publisher-2] [INFO] [1789538232.644726524] [robot_state_publisher]: got segment camera_color_optical_frame
[robot_state_publisher-2] [INFO] [1789538232.644734017] [robot_state_publisher]: got segment camera_front_left_link
[robot_state_publisher-2] [INFO] [1789538232.644741788] [robot_state_publisher]: got segment camera_front_left_optical_frame
[robot_state_publisher-2] [INFO] [1789538232.644749213] [robot_state_publisher]: got segment camera_front_right_link
[robot_state_publisher-2] [INFO] [1789538232.644756410] [robot_state_publisher]: got segment camera_front_right_optical_frame
[robot_state_publisher-2] [INFO] [1789538232.644763882] [robot_state_publisher]: got segment camera_link
[robot_state_publisher-2] [INFO] [1789538232.644771274] [robot_state_publisher]: got segment depth_camera_link
[robot_state_publisher-2] [INFO] [1789538232.644778527] [robot_state_publisher]: got segment depth_optical_frame
[robot_state_publisher-2] [INFO] [1789538232.644785787] [robot_state_publisher]: got segment front_left_wheel
[robot_state_publisher-2] [INFO] [1789538232.644792885] [robot_state_publisher]: got segment front_right_wheel
[robot_state_publisher-2] [INFO] [1789538232.644799737] [robot_state_publisher]: got segment gripper_base_link
[robot_state_publisher-2] [INFO] [1789538232.644806951] [robot_state_publisher]: got segment gripper_finger_left
[robot_state_publisher-2] [INFO] [1789538232.644814281] [robot_state_publisher]: got segment gripper_finger_right
[robot_state_publisher-2] [INFO] [1789538232.644821730] [robot_state_publisher]: got segment lidar_link
[robot_state_publisher-2] [INFO] [1789538232.644828788] [robot_state_publisher]: got segment rear_left_wheel
[robot_state_publisher-2] [INFO] [1789538232.644835880] [robot_state_publisher]: got segment rear_right_wheel
[parameter_bridge-7] [INFO] [1789538232.646492668] [gz_motion_bridge]: Creating GZ->ROS Bridge: [/joint_states (gz.msgs.Model) -> /joint_states (sensor_msgs/msg/JointState)] (Lazy 0)
[parameter_bridge-8] [INFO] [1789538232.650388156] [gz_rgb_camera_bridge]: Creating GZ->ROS Bridge: [/camera_raw (gz.msgs.Image) -> /camera_raw (sensor_msgs/msg/Image)] (Lazy 0)
[parameter_bridge-8] [INFO] [1789538232.653042799] [gz_rgb_camera_bridge]: Creating GZ->ROS Bridge: [/camera_raw/camera_info (gz.msgs.CameraInfo) -> /camera_raw/camera_info (sensor_msgs/msg/CameraInfo)] (Lazy 0)
[parameter_bridge-8] [INFO] [1789538232.654310623] [gz_rgb_camera_bridge]: Creating GZ->ROS Bridge: [/camera_front_left_raw (gz.msgs.Image) -> /camera_front_left_raw (sensor_msgs/msg/Image)] (Lazy 0)
[parameter_bridge-8] [INFO] [1789538232.655267243] [gz_rgb_camera_bridge]: Creating GZ->ROS Bridge: [/camera_front_left_raw/camera_info (gz.msgs.CameraInfo) -> /camera_front_left_raw/camera_info (sensor_msgs/msg/CameraInfo)] (Lazy 0)
[parameter_bridge-8] [INFO] [1789538232.656622139] [gz_rgb_camera_bridge]: Creating GZ->ROS Bridge: [/camera_front_right_raw (gz.msgs.Image) -> /camera_front_right_raw (sensor_msgs/msg/Image)] (Lazy 0)
[parameter_bridge-8] [INFO] [1789538232.657460949] [gz_rgb_camera_bridge]: Creating GZ->ROS Bridge: [/camera_front_right_raw/camera_info (gz.msgs.CameraInfo) -> /camera_front_right_raw/camera_info (sensor_msgs/msg/CameraInfo)] (Lazy 0)
[cmd_vel_safety_node-4] [INFO] [1789538232.799480020] [cmd_vel_safety_node]: CmdVelSafetyNode started | nav=/cmd_vel, manual=/cmd_vel_manual -> /cmd_vel_safe manual_hold=0.75s, allow_reverse=True, micro_reverse=0.050m/s, LiDAR stops(front/rear/turn)=0.48/0.00/0.00m, manual_lidar_stop=False
[create-5] [INFO] [1789538233.078096513] [spawn_fire_robot]: Waiting messages on topic [/robot_description].
[create-5] [INFO] [1789538233.090208482] [spawn_fire_robot]: Requested creation of entity.
[create-5] [INFO] [1789538233.090262193] [spawn_fire_robot]: OK creation of entity.
[INFO] [create-5]: process has finished cleanly [pid 6022]
[ign-1] [1;33mWarning [Utils.cc:129][0m [/sdf/model[@name="fire_robot"]/link[@name="base_footprint"]/sensor[@name="lidar_sensor"]/lidar/noise[@type="gaussian"]:<urdf-string>:L0]: XML Attribute[type] in element[noise] not defined in SDF.
[INFO] [map_server-9]: process started with pid [6286]
[INFO] [lifecycle_manager-10]: process started with pid [6288]
[INFO] [static_transform_publisher-11]: process started with pid [6290]
[static_transform_publisher-11] [WARN] [1789538240.601204463] []: Old-style arguments are deprecated; see --help for new-style arguments
[lifecycle_manager-10] [INFO] [1789538240.634772352] [lifecycle_manager_localization]: Creating
[static_transform_publisher-11] [INFO] [1789538240.634804111] [sim_odom_map_tf]: Spinning until stopped - publishing transform
[static_transform_publisher-11] translation: ('0.000000', '0.000000', '0.000000')
[static_transform_publisher-11] rotation: ('0.000000', '0.000000', '0.000000', '1.000000')
[static_transform_publisher-11] from 'map' to 'odom'
[lifecycle_manager-10] [INFO] [1789538240.639289365] [lifecycle_manager_localization]: [34m[1mCreating and initializing lifecycle service clients[0m[0m
[map_server-9] [INFO] [1789538240.645612167] [map_server]: 
[map_server-9] 	map_server lifecycle node launched. 
[map_server-9] 	Waiting on external lifecycle transitions to activate
[map_server-9] 	See https://design.ros2.org/articles/node_lifecycle.html for more information.
[map_server-9] [INFO] [1789538240.645828587] [map_server]: Creating
[lifecycle_manager-10] [INFO] [1789538241.620840367] [lifecycle_manager_localization]: [34m[1mStarting managed nodes bringup...[0m[0m
[lifecycle_manager-10] [INFO] [1789538241.620911162] [lifecycle_manager_localization]: [34m[1mConfiguring map_server[0m[0m
[map_server-9] [INFO] [1789538241.621293171] [map_server]: Configuring
[map_server-9] [INFO] [1789538241.621467808] [map_io]: Loading yaml file: /home/junyoung/fire_robot_ws_test/install/fire_robot_navigation/share/fire_robot_navigation/maps/obstacle_no_blue_world4_v1_static.yaml
[map_server-9] [INFO] [1789538241.621900485] [map_io]: resolution: 0.05
[map_server-9] [INFO] [1789538241.621916266] [map_io]: origin[0]: -6
[map_server-9] [INFO] [1789538241.621919414] [map_io]: origin[1]: -3
[map_server-9] [INFO] [1789538241.621922121] [map_io]: origin[2]: 0
[map_server-9] [INFO] [1789538241.621925162] [map_io]: free_thresh: 0.25
[map_server-9] [INFO] [1789538241.621928033] [map_io]: occupied_thresh: 0.65
[map_server-9] [INFO] [1789538241.621931342] [map_io]: mode: trinary
[map_server-9] [INFO] [1789538241.621934986] [map_io]: negate: 0
[map_server-9] [INFO] [1789538241.622244621] [map_io]: Loading image_file: /home/junyoung/fire_robot_ws_test/install/fire_robot_navigation/share/fire_robot_navigation/maps/obstacle_no_blue_world4_v1_static.pgm
[map_server-9] [INFO] [1789538241.636422657] [map_io]: Read map /home/junyoung/fire_robot_ws_test/install/fire_robot_navigation/share/fire_robot_navigation/maps/obstacle_no_blue_world4_v1_static.pgm: 500 X 120 map @ 0.05 m/cell
[lifecycle_manager-10] [INFO] [1789538241.642237544] [lifecycle_manager_localization]: [34m[1mActivating map_server[0m[0m
[map_server-9] [INFO] [1789538241.642554832] [map_server]: Activating
[map_server-9] [INFO] [1789538241.642699952] [map_server]: Creating bond (map_server) to lifecycle manager.
[lifecycle_manager-10] [INFO] [1789538241.748297001] [lifecycle_manager_localization]: Server map_server connected with bond.
[lifecycle_manager-10] [INFO] [1789538241.748398804] [lifecycle_manager_localization]: [34m[1mManaged nodes are active[0m[0m
[lifecycle_manager-10] [INFO] [1789538241.748410262] [lifecycle_manager_localization]: [34m[1mCreating bond timer...[0m[0m
[INFO] [controller_server-12]: process started with pid [6329]
[INFO] [smoother_server-13]: process started with pid [6331]
[INFO] [planner_server-14]: process started with pid [6333]
[INFO] [behavior_server-15]: process started with pid [6335]
[INFO] [bt_navigator-16]: process started with pid [6337]
[INFO] [velocity_smoother-17]: process started with pid [6339]
[INFO] [lifecycle_manager-18]: process started with pid [6341]
[planner_server-14] [INFO] [1789538244.780347098] [planner_server]: 
[planner_server-14] 	planner_server lifecycle node launched. 
[planner_server-14] 	Waiting on external lifecycle transitions to activate
[planner_server-14] 	See https://design.ros2.org/articles/node_lifecycle.html for more information.
[planner_server-14] [INFO] [1789538244.782785134] [planner_server]: Creating
[smoother_server-13] [INFO] [1789538244.794395007] [smoother_server]: 
[smoother_server-13] 	smoother_server lifecycle node launched. 
[smoother_server-13] 	Waiting on external lifecycle transitions to activate
[smoother_server-13] 	See https://design.ros2.org/articles/node_lifecycle.html for more information.
[smoother_server-13] [INFO] [1789538244.796116835] [smoother_server]: Creating smoother server
[planner_server-14] [INFO] [1789538244.804436693] [global_costmap.global_costmap]: 
[planner_server-14] 	global_costmap lifecycle node launched. 
[planner_server-14] 	Waiting on external lifecycle transitions to activate
[planner_server-14] 	See https://design.ros2.org/articles/node_lifecycle.html for more information.
[planner_server-14] [INFO] [1789538244.805395240] [global_costmap.global_costmap]: Creating Costmap
[bt_navigator-16] [INFO] [1789538245.101287083] [bt_navigator]: 
[bt_navigator-16] 	bt_navigator lifecycle node launched. 
[bt_navigator-16] 	Waiting on external lifecycle transitions to activate
[bt_navigator-16] 	See https://design.ros2.org/articles/node_lifecycle.html for more information.
[bt_navigator-16] [INFO] [1789538245.101580320] [bt_navigator]: Creating
[controller_server-12] [INFO] [1789538245.102903450] [controller_server]: 
[controller_server-12] 	controller_server lifecycle node launched. 
[controller_server-12] 	Waiting on external lifecycle transitions to activate
[controller_server-12] 	See https://design.ros2.org/articles/node_lifecycle.html for more information.
[controller_server-12] [INFO] [1789538245.111435953] [controller_server]: Creating controller server
[behavior_server-15] [INFO] [1789538245.119589519] [behavior_server]: 
[behavior_server-15] 	behavior_server lifecycle node launched. 
[behavior_server-15] 	Waiting on external lifecycle transitions to activate
[behavior_server-15] 	See https://design.ros2.org/articles/node_lifecycle.html for more information.
[lifecycle_manager-18] [INFO] [1789538245.121073767] [lifecycle_manager_navigation]: Creating
[lifecycle_manager-18] [INFO] [1789538245.123209665] [lifecycle_manager_navigation]: [34m[1mCreating and initializing lifecycle service clients[0m[0m
[velocity_smoother-17] [INFO] [1789538245.135096309] [velocity_smoother]: 
[velocity_smoother-17] 	velocity_smoother lifecycle node launched. 
[velocity_smoother-17] 	Waiting on external lifecycle transitions to activate
[velocity_smoother-17] 	See https://design.ros2.org/articles/node_lifecycle.html for more information.
[controller_server-12] [INFO] [1789538245.152663703] [local_costmap.local_costmap]: 
[controller_server-12] 	local_costmap lifecycle node launched. 
[controller_server-12] 	Waiting on external lifecycle transitions to activate
[controller_server-12] 	See https://design.ros2.org/articles/node_lifecycle.html for more information.
[controller_server-12] [INFO] [1789538245.153332037] [local_costmap.local_costmap]: Creating Costmap
[lifecycle_manager-18] [INFO] [1789538245.800051765] [lifecycle_manager_navigation]: [34m[1mStarting managed nodes bringup...[0m[0m
[lifecycle_manager-18] [INFO] [1789538245.800163066] [lifecycle_manager_navigation]: [34m[1mConfiguring controller_server[0m[0m
[controller_server-12] [INFO] [1789538245.800638150] [controller_server]: Configuring controller interface
[controller_server-12] [INFO] [1789538245.800901167] [controller_server]: getting goal checker plugins..
[controller_server-12] [INFO] [1789538245.801058547] [controller_server]: Controller frequency set to 8.0000Hz
[controller_server-12] [INFO] [1789538245.801096990] [local_costmap.local_costmap]: Configuring
[controller_server-12] [INFO] [1789538245.810921957] [local_costmap.local_costmap]: Using plugin "obstacle_layer"
[controller_server-12] [INFO] [1789538245.814063139] [local_costmap.local_costmap]: Subscribed to Topics: scan
[controller_server-12] [INFO] [1789538245.818549647] [local_costmap.local_costmap]: Initialized plugin "obstacle_layer"
[controller_server-12] [INFO] [1789538245.818615030] [local_costmap.local_costmap]: Using plugin "inflation_layer"
[controller_server-12] [INFO] [1789538245.820113071] [local_costmap.local_costmap]: Initialized plugin "inflation_layer"
[controller_server-12] [INFO] [1789538245.835643868] [controller_server]: Created progress_checker : progress_checker of type nav2_controller::SimpleProgressChecker
[controller_server-12] [INFO] [1789538245.836291786] [controller_server]: Created goal checker : general_goal_checker of type nav2_controller::SimpleGoalChecker
[controller_server-12] [INFO] [1789538245.836560851] [controller_server]: Controller Server has general_goal_checker  goal checkers available.
[controller_server-12] [INFO] [1789538245.838115653] [controller_server]: Created controller : FollowPath of type nav2_rotation_shim_controller::RotationShimController
[controller_server-12] [INFO] [1789538245.841448057] [controller_server]: Created internal controller for rotation shimming: FollowPath of type dwb_core::DWBLocalPlanner
[controller_server-12] [INFO] [1789538245.842731922] [controller_server]: Setting transform_tolerance to 0.300000
[controller_server-12] [INFO] [1789538245.863420648] [controller_server]: Using critic "RotateToGoal" (dwb_critics::RotateToGoalCritic)
[controller_server-12] [INFO] [1789538245.864240488] [controller_server]: Critic plugin initialized
[controller_server-12] [INFO] [1789538245.864452549] [controller_server]: Using critic "Oscillation" (dwb_critics::OscillationCritic)
[controller_server-12] [INFO] [1789538245.864965716] [controller_server]: Critic plugin initialized
[controller_server-12] [INFO] [1789538245.865206320] [controller_server]: Using critic "BaseObstacle" (dwb_critics::BaseObstacleCritic)
[controller_server-12] [INFO] [1789538245.865707081] [controller_server]: Critic plugin initialized
[controller_server-12] [INFO] [1789538245.865847257] [controller_server]: Using critic "ObstacleFootprint" (dwb_critics::ObstacleFootprintCritic)
[controller_server-12] [INFO] [1789538245.866048180] [controller_server]: Critic plugin initialized
[controller_server-12] [INFO] [1789538245.866220440] [controller_server]: Using critic "GoalAlign" (dwb_critics::GoalAlignCritic)
[controller_server-12] [INFO] [1789538245.867042136] [controller_server]: Critic plugin initialized
[controller_server-12] [INFO] [1789538245.867234339] [controller_server]: Using critic "PathAlign" (dwb_critics::PathAlignCritic)
[controller_server-12] [INFO] [1789538245.868827798] [controller_server]: Critic plugin initialized
[controller_server-12] [INFO] [1789538245.869066036] [controller_server]: Using critic "PathDist" (dwb_critics::PathDistCritic)
[controller_server-12] [INFO] [1789538245.870403357] [controller_server]: Critic plugin initialized
[controller_server-12] [INFO] [1789538245.870622329] [controller_server]: Using critic "GoalDist" (dwb_critics::GoalDistCritic)
[controller_server-12] [INFO] [1789538245.871392600] [controller_server]: Critic plugin initialized
[controller_server-12] [INFO] [1789538245.871444279] [controller_server]: Controller Server has FollowPath  controllers available.
[lifecycle_manager-18] [INFO] [1789538245.889303842] [lifecycle_manager_navigation]: [34m[1mConfiguring smoother_server[0m[0m
[smoother_server-13] [INFO] [1789538245.889746171] [smoother_server]: Configuring smoother server
[smoother_server-13] [INFO] [1789538245.901721336] [smoother_server]: Created smoother : simple_smoother of type nav2_smoother::SimpleSmoother
[smoother_server-13] [INFO] [1789538245.902314513] [smoother_server]: Smoother Server has simple_smoother  smoothers available.
[lifecycle_manager-18] [INFO] [1789538245.910773021] [lifecycle_manager_navigation]: [34m[1mConfiguring planner_server[0m[0m
[planner_server-14] [INFO] [1789538245.911245409] [planner_server]: Configuring
[planner_server-14] [INFO] [1789538245.911283839] [global_costmap.global_costmap]: Configuring
[planner_server-14] [INFO] [1789538245.920027451] [global_costmap.global_costmap]: Using plugin "static_layer"
[planner_server-14] [INFO] [1789538245.923132692] [global_costmap.global_costmap]: Subscribing to the map topic (/initial_static_map) with transient local durability
[planner_server-14] [INFO] [1789538245.924974433] [global_costmap.global_costmap]: Initialized plugin "static_layer"
[planner_server-14] [INFO] [1789538245.925026955] [global_costmap.global_costmap]: Using plugin "fixed_obstacle_layer"
[planner_server-14] [INFO] [1789538245.926264135] [global_costmap.global_costmap]: Subscribing to the map topic (/fixed_obstacle_map) with transient local durability
[planner_server-14] [INFO] [1789538245.927571561] [global_costmap.global_costmap]: Initialized plugin "fixed_obstacle_layer"
[planner_server-14] [INFO] [1789538245.927612814] [global_costmap.global_costmap]: Using plugin "obstacle_layer"
[planner_server-14] [INFO] [1789538245.928516769] [global_costmap.global_costmap]: Subscribed to Topics: scan
[planner_server-14] [INFO] [1789538245.933430090] [global_costmap.global_costmap]: Initialized plugin "obstacle_layer"
[planner_server-14] [INFO] [1789538245.933498705] [global_costmap.global_costmap]: Using plugin "inflation_layer"
[planner_server-14] [INFO] [1789538245.936182106] [global_costmap.global_costmap]: Initialized plugin "inflation_layer"
[planner_server-14] [INFO] [1789538245.956862476] [planner_server]: Created global planner plugin GridBased of type nav2_smac_planner/SmacPlanner2D
[planner_server-14] [INFO] [1789538245.956964047] [planner_server]: Configuring GridBased of type SmacPlanner2D
[planner_server-14] [INFO] [1789538245.962836887] [planner_server]: Configured plugin GridBased of type SmacPlanner2D with tolerance 0.55, maximum iterations 1000000, max on approach iterations 1000, and allowing unknown traversal.
[planner_server-14] [INFO] [1789538245.962932010] [planner_server]: Planner Server has GridBased  planners available.
[lifecycle_manager-18] [INFO] [1789538245.985652309] [lifecycle_manager_navigation]: [34m[1mConfiguring behavior_server[0m[0m
[behavior_server-15] [INFO] [1789538245.986380278] [behavior_server]: Configuring
[behavior_server-15] [INFO] [1789538246.000443841] [behavior_server]: Creating behavior plugin spin of type nav2_behaviors/Spin
[behavior_server-15] [INFO] [1789538246.001354028] [behavior_server]: Configuring spin
[behavior_server-15] [INFO] [1789538246.016979537] [behavior_server]: Creating behavior plugin backup of type nav2_behaviors/BackUp
[behavior_server-15] [INFO] [1789538246.018185133] [behavior_server]: Configuring backup
[behavior_server-15] [INFO] [1789538246.029065887] [behavior_server]: Creating behavior plugin drive_on_heading of type nav2_behaviors/DriveOnHeading
[behavior_server-15] [INFO] [1789538246.030046276] [behavior_server]: Configuring drive_on_heading
[behavior_server-15] [INFO] [1789538246.041609951] [behavior_server]: Creating behavior plugin assisted_teleop of type nav2_behaviors/AssistedTeleop
[behavior_server-15] [INFO] [1789538246.043031891] [behavior_server]: Configuring assisted_teleop
[behavior_server-15] [INFO] [1789538246.054195444] [behavior_server]: Creating behavior plugin wait of type nav2_behaviors/Wait
[behavior_server-15] [INFO] [1789538246.054872480] [behavior_server]: Configuring wait
[lifecycle_manager-18] [INFO] [1789538246.064266420] [lifecycle_manager_navigation]: [34m[1mConfiguring bt_navigator[0m[0m
[bt_navigator-16] [INFO] [1789538246.064906148] [bt_navigator]: Configuring
[lifecycle_manager-18] [INFO] [1789538246.177123858] [lifecycle_manager_navigation]: [34m[1mConfiguring velocity_smoother[0m[0m
[velocity_smoother-17] [INFO] [1789538246.177704320] [velocity_smoother]: Configuring velocity smoother
[lifecycle_manager-18] [INFO] [1789538246.185985375] [lifecycle_manager_navigation]: [34m[1mActivating controller_server[0m[0m
[controller_server-12] [INFO] [1789538246.187162635] [controller_server]: Activating
[controller_server-12] [INFO] [1789538246.187273906] [local_costmap.local_costmap]: Activating
[controller_server-12] [INFO] [1789538246.187295944] [local_costmap.local_costmap]: Checking transform
[controller_server-12] [INFO] [1789538246.187566996] [local_costmap.local_costmap]: start
[controller_server-12] [INFO] [1789538246.388954952] [controller_server]: Activating controller: FollowPath of type nav2_rotation_shim_controller::RotationShimController
[controller_server-12] [INFO] [1789538246.389047872] [controller_server]: Creating bond (controller_server) to lifecycle manager.
[lifecycle_manager-18] [INFO] [1789538246.495722102] [lifecycle_manager_navigation]: Server controller_server connected with bond.
[lifecycle_manager-18] [INFO] [1789538246.495806103] [lifecycle_manager_navigation]: [34m[1mActivating smoother_server[0m[0m
[smoother_server-13] [INFO] [1789538246.496082635] [smoother_server]: Activating
[smoother_server-13] [INFO] [1789538246.496115402] [smoother_server]: Creating bond (smoother_server) to lifecycle manager.
[lifecycle_manager-18] [INFO] [1789538246.603510875] [lifecycle_manager_navigation]: Server smoother_server connected with bond.
[lifecycle_manager-18] [INFO] [1789538246.603569932] [lifecycle_manager_navigation]: [34m[1mActivating planner_server[0m[0m
[planner_server-14] [INFO] [1789538246.603889760] [planner_server]: Activating
[planner_server-14] [INFO] [1789538246.603932815] [global_costmap.global_costmap]: Activating
[planner_server-14] [INFO] [1789538246.603944183] [global_costmap.global_costmap]: Checking transform
[planner_server-14] [INFO] [1789538246.604096929] [global_costmap.global_costmap]: start
[planner_server-14] [INFO] [1789538247.655215181] [planner_server]: Activating plugin GridBased of type SmacPlanner2D
[planner_server-14] [INFO] [1789538247.657137749] [planner_server]: Creating bond (planner_server) to lifecycle manager.
[lifecycle_manager-18] [INFO] [1789538247.766054797] [lifecycle_manager_navigation]: Server planner_server connected with bond.
[lifecycle_manager-18] [INFO] [1789538247.766168963] [lifecycle_manager_navigation]: [34m[1mActivating behavior_server[0m[0m
[behavior_server-15] [INFO] [1789538247.766710491] [behavior_server]: Activating
[behavior_server-15] [INFO] [1789538247.766755973] [behavior_server]: Activating spin
[behavior_server-15] [INFO] [1789538247.766775400] [behavior_server]: Activating backup
[behavior_server-15] [INFO] [1789538247.766788457] [behavior_server]: Activating drive_on_heading
[behavior_server-15] [INFO] [1789538247.766801602] [behavior_server]: Activating assisted_teleop
[behavior_server-15] [INFO] [1789538247.766813797] [behavior_server]: Activating wait
[behavior_server-15] [INFO] [1789538247.766831087] [behavior_server]: Creating bond (behavior_server) to lifecycle manager.
[lifecycle_manager-18] [INFO] [1789538247.876913331] [lifecycle_manager_navigation]: Server behavior_server connected with bond.
[lifecycle_manager-18] [INFO] [1789538247.876971396] [lifecycle_manager_navigation]: [34m[1mActivating bt_navigator[0m[0m
[bt_navigator-16] [INFO] [1789538247.877819366] [bt_navigator]: Activating
[bt_navigator-16] [INFO] [1789538247.993698667] [bt_navigator]: Creating bond (bt_navigator) to lifecycle manager.
[lifecycle_manager-18] [INFO] [1789538248.102190624] [lifecycle_manager_navigation]: Server bt_navigator connected with bond.
[lifecycle_manager-18] [INFO] [1789538248.102251989] [lifecycle_manager_navigation]: [34m[1mActivating velocity_smoother[0m[0m
[velocity_smoother-17] [INFO] [1789538248.102612254] [velocity_smoother]: Activating
[velocity_smoother-17] [INFO] [1789538248.102700718] [velocity_smoother]: Creating bond (velocity_smoother) to lifecycle manager.
[lifecycle_manager-18] [INFO] [1789538248.210160062] [lifecycle_manager_navigation]: Server velocity_smoother connected with bond.
[lifecycle_manager-18] [INFO] [1789538248.210268631] [lifecycle_manager_navigation]: [34m[1mManaged nodes are active[0m[0m
[lifecycle_manager-18] [INFO] [1789538248.210278885] [lifecycle_manager_navigation]: [34m[1mCreating bond timer...[0m[0m
[INFO] [bash-19]: process started with pid [6441]
[bash-19] [sim_odom_map_lifecycle_recovery] checking map_server
[INFO] [initial_static_map_node-20]: process started with pid [6452]
[INFO] [fixed_obstacle_map_node-21]: process started with pid [6454]
[INFO] [mission_axis_node-22]: process started with pid [6456]
[INFO] [sensor_fusion_node-23]: process started with pid [6458]
[INFO] [door_detection_node-24]: process started with pid [6460]
[INFO] [navigation_node-25]: process started with pid [6462]
[INFO] [manipulation_node-26]: process started with pid [6464]
[fixed_obstacle_map_node-21] [INFO] [1789538251.278993010] [fixed_obstacle_map_node]: FixedObstacleMapNode started | static=/initial_static_map, scan=/scan, output=/fixed_obstacle_map
[mission_axis_node-22] [INFO] [1789538251.300064204] [mission_axis_node]: MissionAxisNode started | map=/initial_static_map, base=base_link, frame=map
[initial_static_map_node-20] [INFO] [1789538251.391569241] [initial_static_map_node]: InitialStaticMapNode started | source=/map, static=/initial_static_map, delay=2.0s
[initial_static_map_node-20] [INFO] [1789538251.422016546] [initial_static_map_node]: First usable map received. Waiting before static snapshot...
[manipulation_node-26] [INFO] [1789538251.476747693] [manipulation_node]: ManipulationNode started [SIMULATION, backend=moveit]
[manipulation_node-26] [INFO] [1789538251.477409004] [manipulation_node]: Gazebo arm simulation enabled (transport=ign, prefix=/fire_robot/sim_arm).
[navigation_node-25] [INFO] [1789538251.489761324] [navigation_node]: NavigationNode started
[sensor_fusion_node-23] [INFO] [1789538251.504738361] [sensor_fusion_node]: SegFormer disabled. Publishing LiDAR-derived observation map.
[sensor_fusion_node-23] [INFO] [1789538251.549203087] [sensor_fusion_node]: SensorFusionNode started | frame=map, grid=800x400@0.05m
[mission_axis_node-22] [WARN] [1789538253.089808772] [mission_axis_node]: Mission axis map was not available in time; publishing robot-pose fallback axis until the static map arrives.
[mission_axis_node-22] [INFO] [1789538253.090589905] [mission_axis_node]: Mission axis published: origin=(-3.00, -0.00), yaw=0.0deg
[navigation_node-25] [INFO] [1789538253.091034288] [navigation_node]: Mission axis received: origin=(-3.00, -0.00), yaw=0.0deg
[INFO] [bash-27]: process started with pid [6582]
[bash-27] [nav2_lifecycle_recovery] checking Nav2 lifecycle
[door_detection_node-24] [INFO] [1789538254.943466973] [door_detection_node]: YOLO inference torch threads limited to 1.
[door_detection_node-24] [INFO] [1789538254.946614428] [door_detection_node]: Loading custom YOLO model: /home/junyoung/fire_robot_ws_test/install/fire_robot_perception/share/fire_robot_perception/models/best.pt
[sensor_fusion_node-23] [INFO] [1789538254.993627448] [sensor_fusion_node]: Segmentation map origin locked to initial robot pose: origin=(-23.00, -10.00)
[door_detection_node-24] [WARN] [1789538255.279152213] [door_detection_node]: Handle YOLO model has a single non-handle class "item". Treating it as handle. Rename the dataset class to handle/door_handle when retraining.
[door_detection_node-24] [INFO] [1789538255.280168101] [door_detection_node]: Loading primary handle YOLO model: /home/junyoung/fire_robot_ws_test/install/fire_robot_perception/share/fire_robot_perception/models/handle_best_v3_CANDIDATE.pt (classes=['item'])
[bash-19] [sim_odom_map_lifecycle_recovery] map_server active
[INFO] [bash-19]: process has finished cleanly [pid 6441]
[door_detection_node-24] [INFO] [1789538255.402388502] [door_detection_node]: Loading fallback handle YOLO model: /home/junyoung/fire_robot_ws_test/install/fire_robot_perception/share/fire_robot_perception/models/handle_best_v2.pt (classes=['lever_handle'])
[door_detection_node-24] [INFO] [1789538255.403180848] [door_detection_node]: DoorDetectionNode started | YOLO=OK | handle_yolo=OK | handle_yolo_fallback=OK | imgsz=320 | depth=OFF | yolo_interval=2.40s | image_interval=1.20s | debug_image=OFF | cameras=front,front_left,front_right
[planner_server-14] [WARN] [1789538256.606716663] [global_costmap.global_costmap]: Can't update static costmap layer, no map received
[initial_static_map_node-20] [INFO] [1789538262.449075981] [initial_static_map_node]: Captured initial static map: 500x120, res=0.050 -> 760x200, origin=(-7.00, -5.00), occupied=9599
[planner_server-14] [INFO] [1789538262.450407431] [global_costmap.global_costmap]: StaticLayer: Resizing costmap to 760 X 200 at 0.050000 m/pix
[fixed_obstacle_map_node-21] [INFO] [1789538262.490755852] [fixed_obstacle_map_node]: Fixed obstacle overlay initialized: 760x200, res=0.050, origin=(-7.00, -5.00), mark_radius=2 cells
[bash-27] [nav2_lifecycle_recovery] Nav2 already active
[INFO] [bash-27]: process has finished cleanly [pid 6582]
[INFO] [state_machine_node-28]: process started with pid [6696]
[state_machine_node-28] [INFO] [1789538283.206537561] [state_machine_node]: StateMachineNode started | nav_timeout=55.0s  max_retries=2  explore_timeout=60.0s  exit=observed green exit only
[state_machine_node-28] [INFO] [1789538284.220023027] [state_machine_node]: Mission axis 대기 중: 초기 SLAM/static map 기준축 수신 후 탐색을 시작합니다.
[state_machine_node-28] [INFO] [1789538285.094173455] [state_machine_node]: Mission axis updated from /map: origin=(-3.00, -0.00), yaw=0.0deg
[state_machine_node-28] [INFO] [1789538285.719759818] [state_machine_node]: start_without_fire enabled. Starting corridor exploration.
[state_machine_node-28] [INFO] [1789538285.720962197] [state_machine_node]: State: IDLE → EXPLORING
[parameter_bridge-7] [INFO] [1789538285.725504318] [gz_motion_bridge]: Passing message from ROS geometry_msgs/msg/Twist to Gazebo gz.msgs.Twist (showing msg only once per type)
[state_machine_node-28] [INFO] [1789538286.545958408] [state_machine_node]: 파란 문 후보 없음. 2.0s 동안 정지 스캔 후 관측 기반 waypoint를 계획합니다.
[state_machine_node-28] [INFO] [1789538289.880882967] [state_machine_node]: 탐색 waypoint 계획 요청: explore_waypoint_1.2_lat+0 progress=1.20, lateral=0.00, map=(-1.80, -0.00) | 중앙 차선 선택 | 파란 문/전방 장애물/빨간 문 회피 이유 없음, 관측 기반 중앙 진행축 유지 | LiDAR lane clearances: C:y=0.00/clear=2.35, R:y=-0.65/clear=2.35, L:y=0.65/clear=3.20
[state_machine_node-28] [INFO] [1789538289.881644291] [state_machine_node]: State: EXPLORING → EXPLORING_NAVIGATING
[navigation_node-25] [INFO] [1789538289.885747579] [navigation_node]: Navigation goal received: door explore_waypoint_1.2_lat+0 (color=explore, frame=map, x=-1.80, y=-0.00)
[bt_navigator-16] [INFO] [1789538290.030601973] [bt_navigator]: Begin navigating from current location (-3.00, -0.00) to (-1.80, -0.00)
[navigation_node-25] [INFO] [1789538290.035300759] [navigation_node]: Navigation goal accepted by Nav2
[controller_server-12] [INFO] [1789538290.136344223] [controller_server]: Received a goal, begin computing control effort.
[controller_server-12] [WARN] [1789538290.136501277] [controller_server]: No goal checker was specified in parameter 'current_goal_checker'. Server will use only plugin loaded general_goal_checker . This warning will appear once.
[controller_server-12] [INFO] [1789538291.512302914] [controller_server]: Passing new path to controller.
[controller_server-12] [INFO] [1789538292.762290866] [controller_server]: Passing new path to controller.
[controller_server-12] [INFO] [1789538294.137283779] [controller_server]: Passing new path to controller.
[controller_server-12] [INFO] [1789538295.262334323] [controller_server]: Passing new path to controller.
[controller_server-12] [INFO] [1789538296.637292617] [controller_server]: Passing new path to controller.
[navigation_node-25] [WARN] [1789538297.535582311] [navigation_node]: Robot is 0.35m from explore goal (threshold=0.35m). Treating navigation as succeeded.
[state_machine_node-28] [INFO] [1789538297.538799328] [state_machine_node]: Navigation succeeded.
[controller_server-12] [INFO] [1789538297.637308661] [controller_server]: Goal was canceled. Stopping the robot.
[controller_server-12] [INFO] [1789538297.637446180] [controller_server]: [follow_path] [ActionServer] Client requested to cancel the goal. Cancelling.
[bt_navigator-16] [INFO] [1789538297.637838591] [bt_navigator]: [navigate_to_pose] [ActionServer] Client requested to cancel the goal. Cancelling.
[bt_navigator-16] [INFO] [1789538297.639078742] [bt_navigator]: Goal canceled
[state_machine_node-28] [INFO] [1789538297.701225894] [state_machine_node]: 탐색 waypoint 도착. LiDAR+camera 재스캔을 계속합니다.
[state_machine_node-28] [INFO] [1789538297.701765369] [state_machine_node]: 색상 단서 없음. 다음 탐색 waypoint는 중앙 진행축을 유지합니다.
[state_machine_node-28] [INFO] [1789538297.702169024] [state_machine_node]: State: EXPLORING_NAVIGATING → EXPLORING
[state_machine_node-28] [INFO] [1789538298.541106457] [state_machine_node]: Explore waypoint reached; holding position for single-side camera/LiDAR side scan.
[state_machine_node-28] [INFO] [1789538302.763928288] [state_machine_node]: Explore waypoint side scan complete.
[state_machine_node-28] [INFO] [1789538302.764409385] [state_machine_node]: 파란 문 후보 없음. 2.0s 동안 정지 스캔 후 관측 기반 waypoint를 계획합니다.
[state_machine_node-28] [INFO] [1789538306.907989899] [state_machine_node]: 탐색 waypoint 계획 요청: explore_waypoint_2.1_lat+65 progress=2.08, lateral=0.65, map=(-0.92, 0.65) | 좌측 차선 선택 | 전방 우측 장애물 1.55m (lateral=-0.50m) → 좌측 차선 우선 | LiDAR lane scores: L:y=0.65/clear=3.20/score=6.56, C:y=0.00/clear=1.55/score=0.71, R:y=-0.65/clear=1.55/score=0.95
[state_machine_node-28] [INFO] [1789538306.909321851] [state_machine_node]: State: EXPLORING → EXPLORING_NAVIGATING
[navigation_node-25] [INFO] [1789538306.913259747] [navigation_node]: Navigation goal received: door explore_waypoint_2.1_lat+65 (color=explore, frame=map, x=-0.92, y=0.65)
[bt_navigator-16] [INFO] [1789538307.061588774] [bt_navigator]: Begin navigating from current location (-2.12, 0.04) to (-0.92, 0.65)
[navigation_node-25] [INFO] [1789538307.064452376] [navigation_node]: Navigation goal accepted by Nav2
[controller_server-12] [INFO] [1789538307.263691300] [controller_server]: Received a goal, begin computing control effort.
[controller_server-12] [INFO] [1789538308.639254836] [controller_server]: Passing new path to controller.
[controller_server-12] [INFO] [1789538309.889304771] [controller_server]: Passing new path to controller.
[controller_server-12] [INFO] [1789538311.264304740] [controller_server]: Passing new path to controller.
[controller_server-12] [INFO] [1789538312.514268449] [controller_server]: Passing new path to controller.
[controller_server-12] [INFO] [1789538313.764284489] [controller_server]: Passing new path to controller.
[bt_navigator-16] [WARN] [1789538314.784198804] [bt_navigator_navigate_to_pose_rclcpp_node]: Timed out while waiting for action server to acknowledge goal request for compute_path_to_pose
[planner_server-14] [INFO] [1789538314.784834350] [global_costmap.global_costmap]: Received request to clear entirely the global_costmap
[controller_server-12] [INFO] [1789538315.889289151] [controller_server]: Passing new path to controller.
[controller_server-12] [INFO] [1789538317.264265606] [controller_server]: Passing new path to controller.
[controller_server-12] [INFO] [1789538318.514331111] [controller_server]: Passing new path to controller.
[controller_server-12] [INFO] [1789538319.764241880] [controller_server]: Passing new path to controller.
[controller_server-12] [INFO] [1789538320.889225502] [controller_server]: Passing new path to controller.
[controller_server-12] [INFO] [1789538322.139276617] [controller_server]: Passing new path to controller.
[navigation_node-25] [WARN] [1789538323.263786861] [navigation_node]: Robot is 0.34m from explore goal (threshold=0.35m). Treating navigation as succeeded.
[state_machine_node-28] [INFO] [1789538323.264955372] [state_machine_node]: Navigation succeeded.
[state_machine_node-28] [INFO] [1789538323.317387549] [state_machine_node]: 탐색 waypoint 도착. LiDAR+camera 재스캔을 계속합니다.
[state_machine_node-28] [INFO] [1789538323.318128623] [state_machine_node]: 색상 단서 없음. 다음 탐색 waypoint는 중앙 진행축을 유지합니다.
[state_machine_node-28] [INFO] [1789538323.318729978] [state_machine_node]: State: EXPLORING_NAVIGATING → EXPLORING
[bt_navigator-16] [ERROR] [1789538323.383160751] [bt_navigator_navigate_to_pose_rclcpp_node]: Failed to get result for follow_path in node halt!
[bt_navigator-16] [INFO] [1789538323.383374565] [bt_navigator]: [navigate_to_pose] [ActionServer] Client requested to cancel the goal. Cancelling.
[bt_navigator-16] [INFO] [1789538323.383801845] [bt_navigator]: Goal canceled
[controller_server-12] [INFO] [1789538323.389252490] [controller_server]: Goal was canceled. Stopping the robot.
[controller_server-12] [INFO] [1789538323.389372312] [controller_server]: [follow_path] [ActionServer] Client requested to cancel the goal. Cancelling.
[state_machine_node-28] [INFO] [1789538324.299398432] [state_machine_node]: Explore waypoint reached; holding position for single-side camera/LiDAR side scan.
[state_machine_node-28] [INFO] [1789538328.854998112] [state_machine_node]: Explore waypoint side scan complete.
[state_machine_node-28] [INFO] [1789538328.855417115] [state_machine_node]: 파란 문 후보 없음. 2.0s 동안 정지 스캔 후 관측 기반 waypoint를 계획합니다.
[state_machine_node-28] [INFO] [1789538332.274846950] [state_machine_node]: Nav2 목표 전송: 시작 heading 차이는 Nav2 회전 제어로 처리 (heading_error=111deg)
[state_machine_node-28] [INFO] [1789538332.287096048] [state_machine_node]: 탐색 waypoint 계획 요청: explore_waypoint_3.2_lat+65 progress=3.19, lateral=0.65, map=(0.19, 0.65) | 좌측 차선 선택 | LiDAR 좌측 여유 공간 우선 (1.99m) | LiDAR lane scores: C:y=0.00/clear=0.96/score=-0.31, L:y=0.65/clear=2.33/score=3.46, R:y=-0.65/clear=0.96/score=-0.75
[state_machine_node-28] [INFO] [1789538332.287695331] [state_machine_node]: State: EXPLORING → EXPLORING_NAVIGATING
[navigation_node-25] [INFO] [1789538332.291025426] [navigation_node]: Navigation goal received: door explore_waypoint_3.2_lat+65 (color=explore, frame=map, x=0.19, y=0.65)
[bt_navigator-16] [INFO] [1789538332.421886227] [bt_navigator]: Begin navigating from current location (-1.01, 0.38) to (0.19, 0.65)
[navigation_node-25] [INFO] [1789538332.422804529] [navigation_node]: Navigation goal accepted by Nav2
[controller_server-12] [INFO] [1789538332.623100023] [controller_server]: Received a goal, begin computing control effort.
[controller_server-12] [INFO] [1789538333.998896227] [controller_server]: Passing new path to controller.
[controller_server-12] [INFO] [1789538335.248830754] [controller_server]: Passing new path to controller.
[controller_server-12] [INFO] [1789538336.623927366] [controller_server]: Passing new path to controller.
[controller_server-12] [INFO] [1789538337.751553154] [controller_server]: Passing new path to controller.
[door_detection_node-24] [INFO] [1789538337.832489068] [door_detection_node]: HSV handle observed: color=red, pixel=(11,122), conf=0.05, door_bbox=(0,32,16,208)
[controller_server-12] [INFO] [1789538339.124581557] [controller_server]: Passing new path to controller.
[controller_server-12] [INFO] [1789538340.373841716] [controller_server]: Passing new path to controller.
[controller_server-12] [INFO] [1789538341.623821921] [controller_server]: Passing new path to controller.
[controller_server-12] [INFO] [1789538343.000270833] [controller_server]: Passing new path to controller.
[controller_server-12] [INFO] [1789538344.123831930] [controller_server]: Passing new path to controller.
[door_detection_node-24] [INFO] [1789538345.010815084] [door_detection_node]: HSV handle observed: color=red, pixel=(108,122), conf=0.02, door_bbox=(73,22,113,216)
[controller_server-12] [INFO] [1789538345.373793669] [controller_server]: Passing new path to controller.
[door_detection_node-24] [INFO] [1789538346.133365796] [door_detection_node]: HSV handle observed: color=red, pixel=(62,122), conf=0.02, door_bbox=(22,13,65,229)
[controller_server-12] [INFO] [1789538346.748825841] [controller_server]: Passing new path to controller.
[controller_server-12] [INFO] [1789538347.880258480] [controller_server]: Passing new path to controller.
[navigation_node-25] [WARN] [1789538348.027658185] [navigation_node]: Robot is 0.35m from explore goal (threshold=0.35m). Treating navigation as succeeded.
[state_machine_node-28] [INFO] [1789538348.032686771] [state_machine_node]: Navigation succeeded.
[controller_server-12] [INFO] [1789538348.123829890] [controller_server]: Goal was canceled. Stopping the robot.
[controller_server-12] [INFO] [1789538348.123957050] [controller_server]: [follow_path] [ActionServer] Client requested to cancel the goal. Cancelling.
[bt_navigator-16] [INFO] [1789538348.124244340] [bt_navigator]: [navigate_to_pose] [ActionServer] Client requested to cancel the goal. Cancelling.
[bt_navigator-16] [INFO] [1789538348.124541230] [bt_navigator]: Goal canceled
[state_machine_node-28] [INFO] [1789538348.190039178] [state_machine_node]: 탐색 waypoint 도착. LiDAR+camera 재스캔을 계속합니다.
[state_machine_node-28] [INFO] [1789538348.190610546] [state_machine_node]: 색상 단서 없음. 다음 탐색 waypoint는 중앙 진행축을 유지합니다.
[state_machine_node-28] [INFO] [1789538348.191088374] [state_machine_node]: State: EXPLORING_NAVIGATING → EXPLORING
[state_machine_node-28] [INFO] [1789538349.045109311] [state_machine_node]: Explore waypoint reached; holding position for single-side camera/LiDAR side scan.
[door_detection_node-24] [INFO] [1789538351.089514500] [door_detection_node]: HSV handle observed: color=red, pixel=(208,122), conf=0.02, door_bbox=(166,10,211,232)
[door_detection_node-24] [INFO] [1789538352.521150793] [door_detection_node]: HSV handle observed: color=red, pixel=(131,122), conf=0.01, door_bbox=(86,7,137,234)
[state_machine_node-28] [INFO] [1789538353.356783219] [state_machine_node]: Explore waypoint side scan complete.
[state_machine_node-28] [INFO] [1789538353.357579778] [state_machine_node]: 파란 문 후보 없음. 2.0s 동안 정지 스캔 후 관측 기반 waypoint를 계획합니다.
[door_detection_node-24] [INFO] [1789538353.941082612] [door_detection_node]: HSV handle observed: color=red, pixel=(62,122), conf=0.01, door_bbox=(12,2,67,238)
[door_detection_node-24] [INFO] [1789538355.531106513] [door_detection_node]: HSV handle observed: color=red, pixel=(62,122), conf=0.01, door_bbox=(12,2,67,238)
[door_detection_node-24] [INFO] [1789538356.969030388] [door_detection_node]: HSV handle observed: color=red, pixel=(62,122), conf=0.01, door_bbox=(12,2,67,238)
[state_machine_node-28] [INFO] [1789538357.012362593] [state_machine_node]: 탐색 waypoint 계획 요청: explore_waypoint_4.1_lat+8 progress=4.08, lateral=0.08, map=(1.08, 0.08) | 우측 차선 선택 | 전방 좌측 장애물 1.32m (lateral=0.15m) → 우측 차선 우선 | LiDAR lane scores: R:y=-0.65/clear=3.20/score=6.52, C:y=0.00/clear=3.20/score=2.88, L:y=0.65/clear=1.32/score=1.07 | 좌우 이동량 제한 -1.38m→-0.65m
[state_machine_node-28] [INFO] [1789538357.013150172] [state_machine_node]: State: EXPLORING → EXPLORING_NAVIGATING
[navigation_node-25] [INFO] [1789538357.016590640] [navigation_node]: Navigation goal received: door explore_waypoint_4.1_lat+8 (color=explore, frame=map, x=1.08, y=0.08)
[navigation_node-25] [WARN] [1789538357.106379606] [navigation_node]: Adjusted unreachable/occupied navigation goal from (1.08, 0.08, cost=55) to connected free cell (1.08, -0.07, cost=0)
[bt_navigator-16] [INFO] [1789538357.179654439] [bt_navigator]: Begin navigating from current location (-0.12, 0.73) to (1.08, -0.07)
[navigation_node-25] [INFO] [1789538357.183111410] [navigation_node]: Navigation goal accepted by Nav2
[controller_server-12] [INFO] [1789538357.381048257] [controller_server]: Received a goal, begin computing control effort.
[door_detection_node-24] [INFO] [1789538358.437984987] [door_detection_node]: HSV handle observed: color=red, pixel=(62,122), conf=0.01, door_bbox=(12,2,67,238)
[controller_server-12] [INFO] [1789538358.757029346] [controller_server]: Passing new path to controller.
[door_detection_node-24] [INFO] [1789538359.943640710] [door_detection_node]: HSV handle observed: color=red, pixel=(100,122), conf=0.01, door_bbox=(50,3,106,238)
[controller_server-12] [INFO] [1789538360.007177594] [controller_server]: Passing new path to controller.
[controller_server-12] [INFO] [1789538361.382062168] [controller_server]: Passing new path to controller.
[door_detection_node-24] [INFO] [1789538361.395379169] [door_detection_node]: HSV handle observed: color=red, pixel=(125,122), conf=0.01, door_bbox=(74,3,131,235)
[controller_server-12] [INFO] [1789538362.632066809] [controller_server]: Passing new path to controller.
[door_detection_node-24] [INFO] [1789538363.106000712] [door_detection_node]: HSV handle observed: color=red, pixel=(142,122), conf=0.01, door_bbox=(87,2,148,237)
[controller_server-12] [INFO] [1789538363.882034839] [controller_server]: Passing new path to controller.
[door_detection_node-24] [INFO] [1789538364.445830381] [door_detection_node]: HSV handle observed: color=red, pixel=(144,123), conf=0.01, door_bbox=(85,1,152,239)
[controller_server-12] [INFO] [1789538365.007013922] [controller_server]: Passing new path to controller.
[door_detection_node-24] [INFO] [1789538365.908549368] [door_detection_node]: HSV handle observed: color=red, pixel=(130,123), conf=0.01, door_bbox=(60,0,138,240)
[controller_server-12] [INFO] [1789538366.382072583] [controller_server]: Passing new path to controller.
[door_detection_node-24] [INFO] [1789538367.401294236] [door_detection_node]: HSV handle observed: color=red, pixel=(126,123), conf=0.01, door_bbox=(54,0,138,240)
[controller_server-12] [INFO] [1789538367.632395034] [controller_server]: Passing new path to controller.
[navigation_node-25] [WARN] [1789538367.738658334] [navigation_node]: Robot is 0.35m from explore goal (threshold=0.35m). Treating navigation as succeeded.
[state_machine_node-28] [INFO] [1789538367.742882917] [state_machine_node]: Navigation succeeded.
[bt_navigator-16] [ERROR] [1789538367.800919669] [bt_navigator_navigate_to_pose_rclcpp_node]: Failed to get result for follow_path in node halt!
[bt_navigator-16] [INFO] [1789538367.801144407] [bt_navigator]: [navigate_to_pose] [ActionServer] Client requested to cancel the goal. Cancelling.
[bt_navigator-16] [INFO] [1789538367.801326618] [bt_navigator]: Goal canceled
[controller_server-12] [INFO] [1789538367.882142185] [controller_server]: Goal was canceled. Stopping the robot.
[controller_server-12] [INFO] [1789538367.882306233] [controller_server]: [follow_path] [ActionServer] Client requested to cancel the goal. Cancelling.
[state_machine_node-28] [INFO] [1789538368.632475882] [state_machine_node]: 탐색 waypoint 도착. LiDAR+camera 재스캔을 계속합니다.
[state_machine_node-28] [INFO] [1789538368.633220423] [state_machine_node]: 색상 단서 없음. 다음 탐색 waypoint는 중앙 진행축을 유지합니다.
[state_machine_node-28] [INFO] [1789538368.633736098] [state_machine_node]: State: EXPLORING_NAVIGATING → EXPLORING
[door_detection_node-24] [INFO] [1789538368.922852387] [door_detection_node]: HSV handle observed: color=red, pixel=(120,123), conf=0.01, door_bbox=(45,0,132,240)
[state_machine_node-28] [INFO] [1789538369.506111447] [state_machine_node]: Explore waypoint reached; holding position for single-side camera/LiDAR side scan.
[door_detection_node-24] [INFO] [1789538370.370664856] [door_detection_node]: HSV handle observed: color=red, pixel=(155,123), conf=0.01, door_bbox=(87,0,164,240)
[door_detection_node-24] [INFO] [1789538371.788491594] [door_detection_node]: HSV handle observed: color=red, pixel=(262,123), conf=0.01, door_bbox=(190,0,275,235)
[state_machine_node-28] [INFO] [1789538373.914418433] [state_machine_node]: Explore waypoint side scan complete.
[state_machine_node-28] [INFO] [1789538373.915057609] [state_machine_node]: 파란 문 후보 없음. 2.0s 동안 정지 스캔 후 관측 기반 waypoint를 계획합니다.
[door_detection_node-24] [INFO] [1789538374.871591246] [door_detection_node]: HSV handle observed: color=red, pixel=(102,123), conf=0.01, door_bbox=(30,0,114,240)
[door_detection_node-24] [INFO] [1789538375.916367791] [door_detection_node]: HSV handle observed: color=red, pixel=(102,123), conf=0.01, door_bbox=(30,0,113,240)
[door_detection_node-24] [INFO] [1789538376.948074728] [door_detection_node]: HSV handle observed: color=red, pixel=(102,123), conf=0.01, door_bbox=(30,0,113,240)
[state_machine_node-28] [INFO] [1789538377.453781300] [state_machine_node]: 탐색 waypoint 계획 요청: explore_waypoint_4.9_lat-65 progress=4.95, lateral=-0.65, map=(1.95, -0.65) | 우측 차선 선택 | 전방 좌측 장애물 0.77m (lateral=0.57m) → 우측 차선 우선 | LiDAR lane scores: R:y=-0.65/clear=2.67/score=6.34, C:y=0.00/clear=2.67/score=2.38, L:y=0.65/clear=3.20/score=3.15
[state_machine_node-28] [INFO] [1789538377.456757982] [state_machine_node]: State: EXPLORING → EXPLORING_NAVIGATING
[navigation_node-25] [INFO] [1789538377.462613497] [navigation_node]: Navigation goal received: door explore_waypoint_4.9_lat-65 (color=explore, frame=map, x=1.95, y=-0.65)
[bt_navigator-16] [INFO] [1789538377.620533365] [bt_navigator]: Begin navigating from current location (0.75, -0.16) to (1.95, -0.65)
[navigation_node-25] [INFO] [1789538377.622537356] [navigation_node]: Navigation goal accepted by Nav2
[controller_server-12] [INFO] [1789538377.821769143] [controller_server]: Received a goal, begin computing control effort.
[door_detection_node-24] [INFO] [1789538378.071416116] [door_detection_node]: HSV handle observed: color=red, pixel=(102,123), conf=0.01, door_bbox=(30,0,114,240)
[controller_server-12] [INFO] [1789538379.199885731] [controller_server]: Passing new path to controller.
[door_detection_node-24] [INFO] [1789538379.216868260] [door_detection_node]: HSV handle observed: color=red, pixel=(101,123), conf=0.01, door_bbox=(30,0,113,240)
[controller_server-12] [INFO] [1789538380.447414014] [controller_server]: Passing new path to controller.
[controller_server-12] [INFO] [1789538381.822419621] [controller_server]: Passing new path to controller.
[door_detection_node-24] [INFO] [1789538382.179452953] [door_detection_node]: HSV handle observed: color=red, pixel=(301,124), conf=0.02, door_bbox=(219,0,314,240)
[controller_server-12] [INFO] [1789538383.072408364] [controller_server]: Passing new path to controller.
[door_detection_node-24] [INFO] [1789538383.831648499] [door_detection_node]: HSV handle observed: color=red, pixel=(154,123), conf=0.01, door_bbox=(74,0,167,240)
[controller_server-12] [INFO] [1789538384.324250526] [controller_server]: Passing new path to controller.
[door_detection_node-24] [INFO] [1789538385.361425993] [door_detection_node]: HSV handle observed: color=red, pixel=(56,124), conf=0.02, door_bbox=(0,0,74,240)
[controller_server-12] [INFO] [1789538385.572447573] [controller_server]: Passing new path to controller.
[controller_server-12] [INFO] [1789538386.822409970] [controller_server]: Passing new path to controller.
[controller_server-12] [INFO] [1789538388.072442639] [controller_server]: Passing new path to controller.
[navigation_node-25] [WARN] [1789538389.124378965] [navigation_node]: Robot is 0.34m from explore goal (threshold=0.35m). Treating navigation as succeeded.
[state_machine_node-28] [INFO] [1789538389.126479214] [state_machine_node]: Navigation succeeded.
[bt_navigator-16] [ERROR] [1789538389.241641920] [bt_navigator_navigate_to_pose_rclcpp_node]: Failed to get result for follow_path in node halt!
[bt_navigator-16] [INFO] [1789538389.241824851] [bt_navigator]: [navigate_to_pose] [ActionServer] Client requested to cancel the goal. Cancelling.
[bt_navigator-16] [INFO] [1789538389.242026933] [bt_navigator]: Goal canceled
[controller_server-12] [INFO] [1789538389.322568332] [controller_server]: Goal was canceled. Stopping the robot.
[controller_server-12] [INFO] [1789538389.322773912] [controller_server]: [follow_path] [ActionServer] Client requested to cancel the goal. Cancelling.
[state_machine_node-28] [INFO] [1789538389.478626632] [state_machine_node]: 탐색 waypoint 도착. LiDAR+camera 재스캔을 계속합니다.
[state_machine_node-28] [INFO] [1789538389.479119520] [state_machine_node]: 색상 단서 없음. 다음 탐색 waypoint는 중앙 진행축을 유지합니다.
[state_machine_node-28] [INFO] [1789538389.479814385] [state_machine_node]: State: EXPLORING_NAVIGATING → EXPLORING
[state_machine_node-28] [INFO] [1789538390.345148167] [state_machine_node]: Explore waypoint reached; holding position for single-side camera/LiDAR side scan.
[state_machine_node-28] [INFO] [1789538394.812712469] [state_machine_node]: Explore waypoint side scan complete.
[state_machine_node-28] [INFO] [1789538394.813967793] [state_machine_node]: 파란 문 후보 없음. 2.0s 동안 정지 스캔 후 관측 기반 waypoint를 계획합니다.
[state_machine_node-28] [INFO] [1789538398.249684982] [state_machine_node]: Exit scan deferred: continuing observation-based forward exploration before leaving.
[state_machine_node-28] [INFO] [1789538398.265792000] [state_machine_node]: 탐색 waypoint 계획 요청: explore_waypoint_6.0_lat+0 progress=6.00, lateral=0.00, map=(3.00, -0.00) | 중앙 차선 선택 | 파란 문/전방 장애물/빨간 문 회피 이유 없음, 관측 기반 중앙 진행축 유지 | LiDAR lane clearances: C:y=0.00/clear=1.86, R:y=-0.65/clear=3.20, L:y=0.65/clear=1.86
[state_machine_node-28] [INFO] [1789538398.268044565] [state_machine_node]: State: EXPLORING → EXPLORING_NAVIGATING
[navigation_node-25] [INFO] [1789538398.273257758] [navigation_node]: Navigation goal received: door explore_waypoint_6.0_lat+0 (color=explore, frame=map, x=3.00, y=-0.00)
[bt_navigator-16] [INFO] [1789538398.484512552] [bt_navigator]: Begin navigating from current location (1.80, -0.46) to (3.00, -0.00)
[navigation_node-25] [INFO] [1789538398.486338094] [navigation_node]: Navigation goal accepted by Nav2
[controller_server-12] [INFO] [1789538398.685603234] [controller_server]: Received a goal, begin computing control effort.
[controller_server-12] [INFO] [1789538400.061747753] [controller_server]: Passing new path to controller.
[controller_server-12] [INFO] [1789538401.311409480] [controller_server]: Passing new path to controller.
[controller_server-12] [INFO] [1789538402.686279564] [controller_server]: Passing new path to controller.
[controller_server-12] [INFO] [1789538403.936260579] [controller_server]: Passing new path to controller.
[controller_server-12] [INFO] [1789538405.186286323] [controller_server]: Passing new path to controller.
[controller_server-12] [INFO] [1789538406.437697937] [controller_server]: Passing new path to controller.
[controller_server-12] [INFO] [1789538407.686270658] [controller_server]: Passing new path to controller.
[controller_server-12] [INFO] [1789538409.061267218] [controller_server]: Passing new path to controller.
[door_detection_node-24] [INFO] [1789538409.897355273] [door_detection_node]: HSV handle observed: color=red, pixel=(42,123), conf=0.01, door_bbox=(0,0,64,240)
[controller_server-12] [INFO] [1789538410.311326620] [controller_server]: Passing new path to controller.
[door_detection_node-24] [INFO] [1789538411.330413247] [door_detection_node]: HSV handle observed: color=red, pixel=(102,123), conf=0.01, door_bbox=(19,0,120,236)
[controller_server-12] [INFO] [1789538411.562274434] [controller_server]: Passing new path to controller.
[controller_server-12] [INFO] [1789538412.686305384] [controller_server]: Passing new path to controller.
[door_detection_node-24] [INFO] [1789538413.018035339] [door_detection_node]: HSV handle observed: color=red, pixel=(188,123), conf=0.01, door_bbox=(116,9,208,222)
[controller_server-12] [INFO] [1789538414.061314703] [controller_server]: Passing new path to controller.
[door_detection_node-24] [INFO] [1789538414.529623680] [door_detection_node]: HSV handle observed: color=red, pixel=(222,124), conf=0.01, door_bbox=(146,0,242,232)
[controller_server-12] [INFO] [1789538415.186262765] [controller_server]: Passing new path to controller.
[door_detection_node-24] [INFO] [1789538416.141413991] [door_detection_node]: HSV handle observed: color=red, pixel=(242,124), conf=0.01, door_bbox=(165,0,268,240)
[controller_server-12] [INFO] [1789538416.436325369] [controller_server]: Passing new path to controller.
[controller_server-12] [INFO] [1789538417.686473801] [controller_server]: Passing new path to controller.
[door_detection_node-24] [INFO] [1789538417.786971371] [door_detection_node]: HSV handle observed: color=red, pixel=(268,124), conf=0.01, door_bbox=(182,0,294,240)
[controller_server-12] [INFO] [1789538419.061287632] [controller_server]: Passing new path to controller.
[door_detection_node-24] [INFO] [1789538419.333093916] [door_detection_node]: HSV handle observed: color=red, pixel=(293,124), conf=0.01, door_bbox=(202,0,319,239)
[navigation_node-25] [WARN] [1789538419.589571803] [navigation_node]: Robot is 0.35m from explore goal (threshold=0.35m). Treating navigation as succeeded.
[state_machine_node-28] [INFO] [1789538419.592035433] [state_machine_node]: Navigation succeeded.
[controller_server-12] [INFO] [1789538419.686307027] [controller_server]: Goal was canceled. Stopping the robot.
[controller_server-12] [INFO] [1789538419.686375582] [controller_server]: [follow_path] [ActionServer] Client requested to cancel the goal. Cancelling.
[bt_navigator-16] [INFO] [1789538419.686745644] [bt_navigator]: [navigate_to_pose] [ActionServer] Client requested to cancel the goal. Cancelling.
[bt_navigator-16] [INFO] [1789538419.687058498] [bt_navigator]: Goal canceled
[state_machine_node-28] [INFO] [1789538420.179125174] [state_machine_node]: 탐색 waypoint 도착. LiDAR+camera 재스캔을 계속합니다.
[state_machine_node-28] [INFO] [1789538420.179900074] [state_machine_node]: 색상 단서 없음. 다음 탐색 waypoint는 중앙 진행축을 유지합니다.
[state_machine_node-28] [INFO] [1789538420.181258594] [state_machine_node]: State: EXPLORING_NAVIGATING → EXPLORING
[state_machine_node-28] [INFO] [1789538421.050105618] [state_machine_node]: Explore waypoint reached; holding position for single-side camera/LiDAR side scan.
[door_detection_node-24] [INFO] [1789538423.427698351] [door_detection_node]: HSV handle observed: color=red, pixel=(103,124), conf=0.01, door_bbox=(14,0,127,240)
[door_detection_node-24] [INFO] [1789538425.308543906] [door_detection_node]: HSV handle observed: color=red, pixel=(225,124), conf=0.01, door_bbox=(147,0,252,240)
[state_machine_node-28] [INFO] [1789538425.420750913] [state_machine_node]: Explore waypoint side scan complete.
[state_machine_node-28] [INFO] [1789538425.421181923] [state_machine_node]: 파란 문 후보 없음. 2.0s 동안 정지 스캔 후 관측 기반 waypoint를 계획합니다.
[door_detection_node-24] [INFO] [1789538427.206258133] [door_detection_node]: HSV handle observed: color=red, pixel=(258,124), conf=0.01, door_bbox=(177,0,289,237)
[door_detection_node-24] [INFO] [1789538428.298959537] [door_detection_node]: HSV handle observed: color=red, pixel=(258,124), conf=0.01, door_bbox=(177,0,289,237)
[state_machine_node-28] [INFO] [1789538428.802550086] [state_machine_node]: 탐색 waypoint 계획 요청: explore_waypoint_6.3_lat+65 progress=6.30, lateral=0.65, map=(3.30, 0.65) | 좌측 차선 선택 | 전방 우측 장애물 0.93m (lateral=-0.23m) → 좌측 차선 우선 | LiDAR lane scores: L:y=0.65/clear=1.85/score=6.04, C:y=0.00/clear=0.95/score=-0.59, R:y=-0.65/clear=0.95/score=-0.42 | direct front obstacle: full lane change allowed | 큰 차선 변경은 probe waypoint 0.45m로 먼저 검증
[state_machine_node-28] [INFO] [1789538428.803043913] [state_machine_node]: State: EXPLORING → EXPLORING_NAVIGATING
[navigation_node-25] [INFO] [1789538428.805247478] [navigation_node]: Navigation goal received: door explore_waypoint_6.3_lat+65 (color=explore, frame=map, x=3.30, y=0.65)
[navigation_node-25] [WARN] [1789538428.884061410] [navigation_node]: Adjusted unreachable/occupied navigation goal from (3.30, 0.65, cost=40) to connected free cell (3.33, 0.68, cost=0)
[bt_navigator-16] [INFO] [1789538428.945715810] [bt_navigator]: Begin navigating from current location (2.85, -0.22) to (3.33, 0.68)
[navigation_node-25] [INFO] [1789538428.947167875] [navigation_node]: Navigation goal accepted by Nav2
[controller_server-12] [INFO] [1789538429.146501610] [controller_server]: Received a goal, begin computing control effort.
[door_detection_node-24] [INFO] [1789538429.380825198] [door_detection_node]: HSV handle observed: color=red, pixel=(258,124), conf=0.01, door_bbox=(177,0,289,237)
[controller_server-12] [INFO] [1789538430.397255167] [controller_server]: Passing new path to controller.
[door_detection_node-24] [INFO] [1789538430.487585679] [door_detection_node]: HSV handle observed: color=red, pixel=(256,124), conf=0.01, door_bbox=(176,0,284,240)
[door_detection_node-24] [INFO] [1789538431.586397803] [door_detection_node]: HSV handle observed: color=red, pixel=(213,124), conf=0.01, door_bbox=(134,0,239,240)
[controller_server-12] [INFO] [1789538431.647314905] [controller_server]: Passing new path to controller.
[door_detection_node-24] [INFO] [1789538432.774565959] [door_detection_node]: HSV handle observed: color=red, pixel=(152,124), conf=0.01, door_bbox=(63,0,175,240)
[controller_server-12] [INFO] [1789538432.897374675] [controller_server]: Passing new path to controller.
[door_detection_node-24] [INFO] [1789538433.890477841] [door_detection_node]: HSV handle observed: color=red, pixel=(64,125), conf=0.02, door_bbox=(0,0,97,240)
[controller_server-12] [INFO] [1789538434.147251186] [controller_server]: Passing new path to controller.
[controller_server-12] [INFO] [1789538435.272844192] [controller_server]: Passing new path to controller.
[door_detection_node-24] [INFO] [1789538435.785104361] [door_detection_node]: YOLO handle observed (primary): pixel=(300,126), conf=0.34, bbox=(285, 117, 316, 136)
[door_detection_node-24] [INFO] [1789538435.789144330] [door_detection_node]: Handle camera-ray projection: pixel=(300,126), range=1.535m, z=0.755m
[controller_server-12] [INFO] [1789538436.647301602] [controller_server]: Passing new path to controller.
[door_detection_node-24] [INFO] [1789538437.221401219] [door_detection_node]: YOLO handle observed (primary): pixel=(220,126), conf=0.53, bbox=(204, 117, 236, 136)
[door_detection_node-24] [INFO] [1789538437.225779382] [door_detection_node]: Handle camera-ray projection: pixel=(220,126), range=1.380m, z=0.755m
[controller_server-12] [INFO] [1789538437.772293773] [controller_server]: Passing new path to controller.
[navigation_node-25] [WARN] [1789538438.047662270] [navigation_node]: Robot is 0.35m from explore goal (threshold=0.35m). Treating navigation as succeeded.
[state_machine_node-28] [INFO] [1789538438.050462562] [state_machine_node]: Navigation succeeded.
[controller_server-12] [INFO] [1789538438.147301940] [controller_server]: Goal was canceled. Stopping the robot.
[controller_server-12] [INFO] [1789538438.147410695] [controller_server]: [follow_path] [ActionServer] Client requested to cancel the goal. Cancelling.
[bt_navigator-16] [INFO] [1789538438.147610566] [bt_navigator]: [navigate_to_pose] [ActionServer] Client requested to cancel the goal. Cancelling.
[bt_navigator-16] [INFO] [1789538438.147777168] [bt_navigator]: Goal canceled
[door_detection_node-24] [INFO] [1789538438.815127177] [door_detection_node]: YOLO handle observed (primary): pixel=(172,126), conf=0.75, bbox=(155, 117, 189, 136)
[door_detection_node-24] [INFO] [1789538438.819679762] [door_detection_node]: Handle camera-ray projection: pixel=(172,126), range=1.290m, z=0.756m
[state_machine_node-28] [INFO] [1789538438.861677055] [state_machine_node]: 탐색 waypoint 도착. LiDAR+camera 재스캔을 계속합니다.
[state_machine_node-28] [INFO] [1789538438.862491849] [state_machine_node]: 색상 단서 없음. 다음 탐색 waypoint는 중앙 진행축을 유지합니다.
[state_machine_node-28] [INFO] [1789538438.863085070] [state_machine_node]: State: EXPLORING_NAVIGATING → EXPLORING
[state_machine_node-28] [INFO] [1789538439.680939747] [state_machine_node]: Explore waypoint reached; holding position for single-side camera/LiDAR side scan.
[door_detection_node-24] [INFO] [1789538440.427600198] [door_detection_node]: YOLO handle observed (primary): pixel=(134,126), conf=0.77, bbox=(118, 117, 151, 136)
[door_detection_node-24] [INFO] [1789538440.430465288] [door_detection_node]: Handle camera-ray projection: pixel=(134,126), range=1.268m, z=0.757m
[door_detection_node-24] [INFO] [1789538441.837943813] [door_detection_node]: YOLO handle observed (primary): pixel=(33,127), conf=0.77, bbox=(16, 117, 50, 137)
[door_detection_node-24] [INFO] [1789538441.842478847] [door_detection_node]: Handle camera-ray projection: pixel=(33,127), range=1.370m, z=0.753m
[state_machine_node-28] [INFO] [1789538443.869094305] [state_machine_node]: Explore waypoint side scan complete.
[state_machine_node-28] [INFO] [1789538443.869910731] [state_machine_node]: 파란 문 후보 없음. 2.0s 동안 정지 스캔 후 관측 기반 waypoint를 계획합니다.
[state_machine_node-28] [INFO] [1789538447.156964814] [state_machine_node]: 탐색 waypoint 계획 요청: explore_waypoint_6.4_lat-65 progress=6.45, lateral=-0.65, map=(3.45, -0.65) | 우측 차선 선택 | 전방 우측 장애물 0.74m (lateral=-0.59m) → 좌측 차선 우선 | LiDAR lane scores: L:y=0.65/clear=1.01/score=3.06, C:y=0.00/clear=1.01/score=-0.56, R:y=-0.65/clear=3.20/score=3.97 | direct front obstacle: full lane change allowed | 큰 차선 변경은 probe waypoint 0.45m로 먼저 검증
[state_machine_node-28] [INFO] [1789538447.157710858] [state_machine_node]: State: EXPLORING → EXPLORING_NAVIGATING
[navigation_node-25] [INFO] [1789538447.160701922] [navigation_node]: Navigation goal received: door explore_waypoint_6.4_lat-65 (color=explore, frame=map, x=3.45, y=-0.65)
[navigation_node-25] [WARN] [1789538447.275019309] [navigation_node]: Adjusted unreachable/occupied navigation goal from (3.45, -0.65, cost=60) to connected free cell (3.18, -0.67, cost=0)
[bt_navigator-16] [INFO] [1789538447.375095532] [bt_navigator]: Begin navigating from current location (3.00, 0.70) to (3.18, -0.67)
[navigation_node-25] [INFO] [1789538447.376799341] [navigation_node]: Navigation goal accepted by Nav2
[controller_server-12] [INFO] [1789538447.578325332] [controller_server]: Received a goal, begin computing control effort.
[controller_server-12] [INFO] [1789538448.829293571] [controller_server]: Passing new path to controller.
[controller_server-12] [INFO] [1789538450.078993052] [controller_server]: Passing new path to controller.
[controller_server-12] [INFO] [1789538451.453954352] [controller_server]: Passing new path to controller.
[controller_server-12] [INFO] [1789538452.703923231] [controller_server]: Passing new path to controller.
[controller_server-12] [INFO] [1789538453.954298669] [controller_server]: Passing new path to controller.
[controller_server-12] [INFO] [1789538455.204330479] [controller_server]: Passing new path to controller.
[cmd_vel_safety_node-4] [WARN] [1789538455.755777773] [cmd_vel_safety_node]: LiDAR collision stop: front=0.47m
[controller_server-12] [INFO] [1789538456.578952752] [controller_server]: Passing new path to controller.
[controller_server-12] [INFO] [1789538457.828957880] [controller_server]: Passing new path to controller.
[controller_server-12] [INFO] [1789538459.079049461] [controller_server]: Passing new path to controller.
[controller_server-12] [INFO] [1789538460.328953799] [controller_server]: Passing new path to controller.
[controller_server-12] [INFO] [1789538461.579549745] [controller_server]: Passing new path to controller.
[controller_server-12] [INFO] [1789538462.953963301] [controller_server]: Passing new path to controller.
[controller_server-12] [INFO] [1789538464.203952592] [controller_server]: Passing new path to controller.
[controller_server-12] [INFO] [1789538465.578954967] [controller_server]: Passing new path to controller.
[controller_server-12] [INFO] [1789538466.828945765] [controller_server]: Passing new path to controller.
[controller_server-12] [INFO] [1789538468.078969127] [controller_server]: Passing new path to controller.
[controller_server-12] [INFO] [1789538469.203971312] [controller_server]: Passing new path to controller.
[controller_server-12] [INFO] [1789538470.578954561] [controller_server]: Passing new path to controller.
[door_detection_node-24] [INFO] [1789538471.169831350] [door_detection_node]: HSV handle observed: color=red, pixel=(146,122), conf=0.02, door_bbox=(143,27,178,209)
[navigation_node-25] [WARN] [1789538471.177881803] [navigation_node]: Robot is 0.34m from explore goal (threshold=0.35m). Treating navigation as succeeded.
[state_machine_node-28] [INFO] [1789538471.179411283] [state_machine_node]: Navigation succeeded.
[bt_navigator-16] [ERROR] [1789538471.298007527] [bt_navigator_navigate_to_pose_rclcpp_node]: Failed to get result for follow_path in node halt!
[bt_navigator-16] [INFO] [1789538471.298239919] [bt_navigator]: [navigate_to_pose] [ActionServer] Client requested to cancel the goal. Cancelling.
[bt_navigator-16] [INFO] [1789538471.298455152] [bt_navigator]: Goal canceled
[controller_server-12] [INFO] [1789538471.328935542] [controller_server]: Goal was canceled. Stopping the robot.
[controller_server-12] [INFO] [1789538471.329016265] [controller_server]: [follow_path] [ActionServer] Client requested to cancel the goal. Cancelling.
[state_machine_node-28] [INFO] [1789538471.586978083] [state_machine_node]: 탐색 waypoint 도착. LiDAR+camera 재스캔을 계속합니다.
[state_machine_node-28] [INFO] [1789538471.587707131] [state_machine_node]: 색상 단서 없음. 다음 탐색 waypoint는 중앙 진행축을 유지합니다.
[state_machine_node-28] [INFO] [1789538471.588424919] [state_machine_node]: State: EXPLORING_NAVIGATING → EXPLORING
[state_machine_node-28] [INFO] [1789538472.372392726] [state_machine_node]: Explore waypoint reached; holding position for single-side camera/LiDAR side scan.
[door_detection_node-24] [INFO] [1789538472.744076736] [door_detection_node]: HSV handle observed: color=red, pixel=(130,122), conf=0.02, door_bbox=(124,27,161,209)
[door_detection_node-24] [INFO] [1789538474.152583049] [door_detection_node]: HSV handle observed: color=red, pixel=(238,122), conf=0.02, door_bbox=(231,20,273,218)
[door_detection_node-24] [INFO] [1789538476.113188151] [door_detection_node]: HSV handle observed: color=red, pixel=(47,122), conf=0.02, door_bbox=(42,24,81,212)
[state_machine_node-28] [INFO] [1789538476.552514940] [state_machine_node]: Explore waypoint side scan complete.
[state_machine_node-28] [INFO] [1789538476.553317513] [state_machine_node]: 파란 문 후보 없음. 2.0s 동안 정지 스캔 후 관측 기반 waypoint를 계획합니다.
[door_detection_node-24] [INFO] [1789538478.077924097] [door_detection_node]: HSV handle observed: color=red, pixel=(90,122), conf=0.02, door_bbox=(84,34,121,209)
[door_detection_node-24] [INFO] [1789538479.211230711] [door_detection_node]: HSV handle observed: color=red, pixel=(90,122), conf=0.02, door_bbox=(84,34,121,209)
[state_machine_node-28] [INFO] [1789538479.827636925] [state_machine_node]: 탐색 waypoint 계획 요청: explore_waypoint_6.5_lat+65 progress=6.49, lateral=0.65, map=(3.49, 0.65) | 좌측 차선 선택 | 전방 좌측 장애물 0.98m (lateral=0.26m) → 우측 차선 우선 | LiDAR lane scores: R:y=-0.65/clear=0.98/score=3.02, C:y=0.00/clear=0.98/score=-0.57, L:y=0.65/clear=3.20/score=3.99 | direct front obstacle: full lane change allowed | 큰 차선 변경은 probe waypoint 0.45m로 먼저 검증
[state_machine_node-28] [INFO] [1789538479.832054048] [state_machine_node]: State: EXPLORING → EXPLORING_NAVIGATING
[navigation_node-25] [INFO] [1789538479.837769001] [navigation_node]: Navigation goal received: door explore_waypoint_6.5_lat+65 (color=explore, frame=map, x=3.49, y=0.65)
[navigation_node-25] [WARN] [1789538479.924252946] [navigation_node]: Adjusted unreachable/occupied navigation goal from (3.49, 0.65, cost=48) to connected free cell (3.38, 0.68, cost=0)
[bt_navigator-16] [INFO] [1789538480.000637864] [bt_navigator]: Begin navigating from current location (3.04, -0.38) to (3.38, 0.68)
[navigation_node-25] [INFO] [1789538480.003264638] [navigation_node]: Navigation goal accepted by Nav2
[controller_server-12] [INFO] [1789538480.201909700] [controller_server]: Received a goal, begin computing control effort.
[door_detection_node-24] [INFO] [1789538480.242677440] [door_detection_node]: HSV handle observed: color=red, pixel=(90,122), conf=0.02, door_bbox=(84,34,121,209)
[door_detection_node-24] [INFO] [1789538481.422476403] [door_detection_node]: HSV handle observed: color=red, pixel=(90,122), conf=0.02, door_bbox=(84,34,121,209)
[controller_server-12] [INFO] [1789538481.452930080] [controller_server]: Passing new path to controller.
[controller_server-12] [INFO] [1789538482.827915415] [controller_server]: Passing new path to controller.
[controller_server-12] [INFO] [1789538484.078654652] [controller_server]: Passing new path to controller.
[controller_server-12] [INFO] [1789538485.327902794] [controller_server]: Passing new path to controller.
[door_detection_node-24] [INFO] [1789538485.439736031] [door_detection_node]: HSV handle observed: color=red, pixel=(232,122), conf=0.02, door_bbox=(226,26,268,213)
[controller_server-12] [INFO] [1789538486.580256249] [controller_server]: Passing new path to controller.
[door_detection_node-24] [INFO] [1789538486.843232910] [door_detection_node]: HSV handle observed: color=red, pixel=(76,124), conf=0.01, door_bbox=(0,0,99,238)
[controller_server-12] [INFO] [1789538487.827897599] [controller_server]: Passing new path to controller.
[door_detection_node-24] [INFO] [1789538488.257874718] [door_detection_node]: HSV handle observed: color=red, pixel=(149,123), conf=0.01, door_bbox=(85,7,171,229)
[controller_server-12] [INFO] [1789538489.202933879] [controller_server]: Passing new path to controller.
[door_detection_node-24] [INFO] [1789538489.758638139] [door_detection_node]: HSV handle observed: color=red, pixel=(192,123), conf=0.01, door_bbox=(127,3,214,231)
[controller_server-12] [INFO] [1789538490.452933665] [controller_server]: Passing new path to controller.
[cmd_vel_safety_node-4] [WARN] [1789538490.605110820] [cmd_vel_safety_node]: LiDAR collision stop: front=0.37m
[door_detection_node-24] [INFO] [1789538491.362011960] [door_detection_node]: HSV handle observed: color=red, pixel=(244,124), conf=0.01, door_bbox=(176,0,261,235)
[controller_server-12] [INFO] [1789538491.702957461] [controller_server]: Passing new path to controller.
[cmd_vel_safety_node-4] [WARN] [1789538492.304617288] [cmd_vel_safety_node]: LiDAR collision stop: front=0.46m
[door_detection_node-24] [INFO] [1789538492.774519323] [door_detection_node]: HSV handle observed: color=red, pixel=(300,124), conf=0.01, door_bbox=(222,0,318,238)
[controller_server-12] [INFO] [1789538492.827917709] [controller_server]: Passing new path to controller.
[controller_server-12] [INFO] [1789538494.202924092] [controller_server]: Passing new path to controller.
[controller_server-12] [INFO] [1789538495.452999913] [controller_server]: Passing new path to controller.
[controller_server-12] [INFO] [1789538496.702865111] [controller_server]: Passing new path to controller.
[controller_server-12] [INFO] [1789538498.077930766] [controller_server]: Passing new path to controller.
[navigation_node-25] [WARN] [1789538498.303171518] [navigation_node]: Robot is 0.35m from explore goal (threshold=0.35m). Treating navigation as succeeded.
[state_machine_node-28] [INFO] [1789538498.304429401] [state_machine_node]: Navigation succeeded.
[bt_navigator-16] [ERROR] [1789538498.421740451] [bt_navigator_navigate_to_pose_rclcpp_node]: Failed to get result for follow_path in node halt!
[bt_navigator-16] [INFO] [1789538498.421914609] [bt_navigator]: [navigate_to_pose] [ActionServer] Client requested to cancel the goal. Cancelling.
[bt_navigator-16] [INFO] [1789538498.422139761] [bt_navigator]: Goal canceled
[controller_server-12] [INFO] [1789538498.452947458] [controller_server]: Goal was canceled. Stopping the robot.
[controller_server-12] [INFO] [1789538498.453033351] [controller_server]: [follow_path] [ActionServer] Client requested to cancel the goal. Cancelling.
[state_machine_node-28] [INFO] [1789538498.690835559] [state_machine_node]: 탐색 waypoint 도착. LiDAR+camera 재스캔을 계속합니다.
[state_machine_node-28] [INFO] [1789538498.694359326] [state_machine_node]: 색상 단서 없음. 다음 탐색 waypoint는 중앙 진행축을 유지합니다.
[state_machine_node-28] [INFO] [1789538498.696115367] [state_machine_node]: State: EXPLORING_NAVIGATING → EXPLORING
[state_machine_node-28] [INFO] [1789538499.524699636] [state_machine_node]: Explore waypoint reached; holding position for single-side camera/LiDAR side scan.
[door_detection_node-24] [INFO] [1789538500.357794338] [door_detection_node]: YOLO handle observed (primary): pixel=(282,126), conf=0.72, bbox=(267, 116, 297, 135)
[door_detection_node-24] [INFO] [1789538500.361165869] [door_detection_node]: Handle camera-ray projection: pixel=(282,126), range=1.539m, z=0.754m
[door_detection_node-24] [INFO] [1789538502.036944781] [door_detection_node]: YOLO handle observed (primary): pixel=(163,125), conf=0.65, bbox=(148, 116, 178, 134)
[door_detection_node-24] [INFO] [1789538502.043367414] [door_detection_node]: Handle camera-ray projection: pixel=(163,125), range=1.541m, z=0.756m
[door_detection_node-24] [INFO] [1789538503.492739536] [door_detection_node]: YOLO handle observed (primary): pixel=(77,124), conf=0.70, bbox=(61, 116, 93, 133)
[door_detection_node-24] [INFO] [1789538503.497746711] [door_detection_node]: Handle camera-ray projection: pixel=(77,124), range=1.600m, z=0.763m
[state_machine_node-28] [INFO] [1789538503.808866532] [state_machine_node]: Explore waypoint side scan complete.
[state_machine_node-28] [INFO] [1789538503.809684969] [state_machine_node]: 파란 문 후보 없음. 2.0s 동안 정지 스캔 후 관측 기반 waypoint를 계획합니다.
[door_detection_node-24] [INFO] [1789538505.176466932] [door_detection_node]: YOLO handle observed (primary): pixel=(37,126), conf=0.71, bbox=(22, 116, 52, 135)
[door_detection_node-24] [INFO] [1789538505.183337849] [door_detection_node]: Handle camera-ray projection: pixel=(37,126), range=1.568m, z=0.753m
[door_detection_node-24] [INFO] [1789538506.617837579] [door_detection_node]: YOLO handle observed (primary): pixel=(37,126), conf=0.71, bbox=(22, 116, 52, 135)
[door_detection_node-24] [INFO] [1789538506.622740315] [door_detection_node]: Handle camera-ray projection: pixel=(37,126), range=1.531m, z=0.754m
[state_machine_node-28] [INFO] [1789538507.325542759] [state_machine_node]: Exit scan deferred: continuing observation-based forward exploration before leaving.
[state_machine_node-28] [INFO] [1789538507.338777743] [state_machine_node]: 탐색 waypoint 계획 요청: explore_waypoint_7.4_lat-23 progress=7.40, lateral=-0.23, map=(4.40, -0.23) | 우측 차선 선택 | 전방 우측 장애물 0.92m (lateral=-0.51m) → 좌측 차선 우선 | LiDAR lane scores: L:y=0.65/clear=1.18/score=3.22, C:y=0.00/clear=3.04/score=2.03, R:y=-0.65/clear=3.20/score=3.99 | 좌우 이동량 제한 -1.07m→-0.65m
[state_machine_node-28] [INFO] [1789538507.339744904] [state_machine_node]: State: EXPLORING → EXPLORING_NAVIGATING
[navigation_node-25] [INFO] [1789538507.342330281] [navigation_node]: Navigation goal received: door explore_waypoint_7.4_lat-23 (color=explore, frame=map, x=4.40, y=-0.23)
[navigation_node-25] [WARN] [1789538507.429524167] [navigation_node]: Adjusted unreachable/occupied navigation goal from (4.40, -0.23, cost=99) to connected free cell (4.93, -0.22, cost=0)
[bt_navigator-16] [INFO] [1789538507.495583635] [bt_navigator]: Begin navigating from current location (3.20, 0.42) to (4.93, -0.22)
[navigation_node-25] [INFO] [1789538507.497527136] [navigation_node]: Navigation goal accepted by Nav2
[controller_server-12] [INFO] [1789538507.697756816] [controller_server]: Received a goal, begin computing control effort.
[door_detection_node-24] [INFO] [1789538508.243105306] [door_detection_node]: YOLO handle observed (primary): pixel=(37,126), conf=0.71, bbox=(22, 116, 52, 135)
[door_detection_node-24] [INFO] [1789538508.246266269] [door_detection_node]: Handle camera-ray projection: pixel=(37,126), range=1.551m, z=0.754m
[controller_server-12] [INFO] [1789538508.948626184] [controller_server]: Passing new path to controller.
[door_detection_node-24] [INFO] [1789538509.725489901] [door_detection_node]: YOLO handle observed (primary): pixel=(13,126), conf=0.61, bbox=(0, 116, 26, 135)
[door_detection_node-24] [INFO] [1789538509.733691609] [door_detection_node]: Handle camera-ray projection: pixel=(13,126), range=1.564m, z=0.755m
[controller_server-12] [INFO] [1789538510.199070163] [controller_server]: Passing new path to controller.
[controller_server-12] [INFO] [1789538511.448649719] [controller_server]: Passing new path to controller.
[door_detection_node-24] [INFO] [1789538511.546258325] [door_detection_node]: HSV handle observed: color=red, pixel=(34,122), conf=0.01, door_bbox=(28,33,82,200)
[controller_server-12] [INFO] [1789538512.698770884] [controller_server]: Passing new path to controller.
[controller_server-12] [INFO] [1789538513.823629189] [controller_server]: Passing new path to controller.
[controller_server-12] [INFO] [1789538515.198685418] [controller_server]: Passing new path to controller.
[controller_server-12] [INFO] [1789538516.448767358] [controller_server]: Passing new path to controller.
[controller_server-12] [INFO] [1789538517.699398747] [controller_server]: Passing new path to controller.
[controller_server-12] [INFO] [1789538518.823623652] [controller_server]: Passing new path to controller.
[door_detection_node-24] [INFO] [1789538519.725655678] [door_detection_node]: HSV handle observed: color=red, pixel=(28,122), conf=0.01, door_bbox=(19,37,73,199)
[cmd_vel_safety_node-4] [WARN] [1789538519.854645451] [cmd_vel_safety_node]: LiDAR collision stop: front=0.40m
[controller_server-12] [INFO] [1789538520.198648117] [controller_server]: Passing new path to controller.
[controller_server-12] [INFO] [1789538521.448639233] [controller_server]: Passing new path to controller.
[cmd_vel_safety_node-4] [WARN] [1789538521.655241226] [cmd_vel_safety_node]: LiDAR collision stop: front=0.43m
[door_detection_node-24] [INFO] [1789538521.928025145] [door_detection_node]: HSV handle observed: color=red, pixel=(286,122), conf=0.02, door_bbox=(279,23,319,217)
[bt_navigator-16] [WARN] [1789538522.520725658] [bt_navigator_navigate_to_pose_rclcpp_node]: Timed out while waiting for action server to acknowledge goal request for follow_path
[controller_server-12] [INFO] [1789538522.528317847] [local_costmap.local_costmap]: Received request to clear entirely the local_costmap
[behavior_server-15] [INFO] [1789538522.530711603] [behavior_server]: Running backup
[behavior_server-15] [INFO] [1789538522.531328230] [behavior_server]: DriveOnHeading: no acceleration or deceleration limits set
[controller_server-12] [INFO] [1789538522.593730229] [controller_server]: Passing new path to controller.
[behavior_server-15] [INFO] [1789538529.831609974] [behavior_server]: backup completed successfully
[controller_server-12] [WARN] [1789538530.196951809] [controller_server]: [follow_path] [ActionServer] Aborting handle.
[controller_server-12] [INFO] [1789538530.198652749] [controller_server]: Passing new path to controller.
[controller_server-12] [INFO] [1789538531.573675310] [controller_server]: Passing new path to controller.
[controller_server-12] [INFO] [1789538532.698744866] [controller_server]: Passing new path to controller.
[controller_server-12] [INFO] [1789538534.073648377] [controller_server]: Passing new path to controller.
[controller_server-12] [INFO] [1789538535.323637710] [controller_server]: Passing new path to controller.
[controller_server-12] [INFO] [1789538536.700750287] [controller_server]: Passing new path to controller.
[door_detection_node-24] [INFO] [1789538536.730869216] [door_detection_node]: HSV handle observed: color=red, pixel=(14,122), conf=0.02, door_bbox=(7,27,51,209)
[controller_server-12] [INFO] [1789538537.948744509] [controller_server]: Passing new path to controller.
[door_detection_node-24] [INFO] [1789538538.192994357] [door_detection_node]: HSV handle observed: color=red, pixel=(30,122), conf=0.02, door_bbox=(24,28,65,206)
[controller_server-12] [INFO] [1789538539.198625248] [controller_server]: Passing new path to controller.
[controller_server-12] [INFO] [1789538540.323671678] [controller_server]: Passing new path to controller.
[door_detection_node-24] [INFO] [1789538541.224912341] [door_detection_node]: HSV handle observed: color=red, pixel=(64,122), conf=0.01, door_bbox=(58,33,99,205)
[controller_server-12] [INFO] [1789538541.698952132] [controller_server]: Passing new path to controller.
[controller_server-12] [INFO] [1789538542.949376310] [controller_server]: Passing new path to controller.
[controller_server-12] [INFO] [1789538544.198850712] [controller_server]: Passing new path to controller.
[controller_server-12] [INFO] [1789538545.448659415] [controller_server]: Passing new path to controller.
[controller_server-12] [INFO] [1789538546.698617057] [controller_server]: Passing new path to controller.
[controller_server-12] [INFO] [1789538547.948630786] [controller_server]: Passing new path to controller.
[controller_server-12] [INFO] [1789538549.198710336] [controller_server]: Passing new path to controller.
[door_detection_node-24] [INFO] [1789538550.263007587] [door_detection_node]: HSV handle observed: color=red, pixel=(246,122), conf=0.02, door_bbox=(239,27,282,211)
[controller_server-12] [INFO] [1789538550.448688976] [controller_server]: Passing new path to controller.
[door_detection_node-24] [INFO] [1789538551.592644491] [door_detection_node]: HSV handle observed: color=red, pixel=(287,122), conf=0.02, door_bbox=(283,15,319,226)
[controller_server-12] [INFO] [1789538551.698613479] [controller_server]: Passing new path to controller.
[controller_server-12] [INFO] [1789538553.073639469] [controller_server]: Passing new path to controller.
[controller_server-12] [INFO] [1789538554.323651171] [controller_server]: Passing new path to controller.
[controller_server-12] [INFO] [1789538555.701519783] [controller_server]: Passing new path to controller.
[controller_server-12] [INFO] [1789538556.823633668] [controller_server]: Passing new path to controller.
[door_detection_node-24] [INFO] [1789538557.887123739] [door_detection_node]: HSV handle observed: color=red, pixel=(12,122), conf=0.02, door_bbox=(7,25,46,211)
[controller_server-12] [INFO] [1789538558.198635931] [controller_server]: Passing new path to controller.
[door_detection_node-24] [INFO] [1789538559.075810371] [door_detection_node]: HSV handle observed: color=red, pixel=(29,122), conf=0.02, door_bbox=(24,27,60,210)
[controller_server-12] [INFO] [1789538559.448800012] [controller_server]: Passing new path to controller.
[controller_server-12] [INFO] [1789538560.699081895] [controller_server]: Passing new path to controller.
[door_detection_node-24] [INFO] [1789538560.923677120] [door_detection_node]: HSV handle observed: color=red, pixel=(51,122), conf=0.02, door_bbox=(46,28,82,208)
[controller_server-12] [INFO] [1789538561.824788538] [controller_server]: Passing new path to controller.
[door_detection_node-24] [INFO] [1789538561.991907526] [door_detection_node]: HSV handle observed: color=red, pixel=(66,122), conf=0.02, door_bbox=(62,30,98,205)
[controller_server-12] [INFO] [1789538563.073661121] [controller_server]: Passing new path to controller.
[controller_server-12] [INFO] [1789538564.198640560] [controller_server]: Passing new path to controller.
[controller_server-12] [INFO] [1789538565.573665434] [controller_server]: Passing new path to controller.
[state_machine_node-28] [WARN] [1789538566.141780966] [state_machine_node]: 탐색 waypoint 이동 timeout (32.5s). 반대 차선으로 다시 스캔합니다.
[navigation_node-25] [INFO] [1789538566.145317268] [navigation_node]: Navigation cancellation requested for manual control handoff.
[state_machine_node-28] [INFO] [1789538566.146198128] [state_machine_node]: Nav2 goal cancellation requested before explore waypoint timeout replanning.
[state_machine_node-28] [INFO] [1789538566.146808688] [state_machine_node]: 다음 탐색 waypoint는 좌측 차선을 우선합니다.
[state_machine_node-28] [INFO] [1789538566.147124797] [state_machine_node]: State: EXPLORING_NAVIGATING → EXPLORING
[bt_navigator-16] [ERROR] [1789538566.224755599] [bt_navigator_navigate_to_pose_rclcpp_node]: Failed to get result for follow_path in node halt!
[bt_navigator-16] [INFO] [1789538566.224921632] [bt_navigator]: [navigate_to_pose] [ActionServer] Client requested to cancel the goal. Cancelling.
[bt_navigator-16] [INFO] [1789538566.225039268] [bt_navigator]: Goal canceled
[controller_server-12] [INFO] [1789538566.323636491] [controller_server]: Goal was canceled. Stopping the robot.
[controller_server-12] [INFO] [1789538566.323775659] [controller_server]: [follow_path] [ActionServer] Client requested to cancel the goal. Cancelling.
[state_machine_node-28] [INFO] [1789538567.134929385] [state_machine_node]: 파란 문 후보 없음. 2.0s 동안 정지 스캔 후 관측 기반 waypoint를 계획합니다.
[state_machine_node-28] [INFO] [1789538570.568982782] [state_machine_node]: 탐색 waypoint 계획 요청: explore_waypoint_6.3_lat+65 progress=6.32, lateral=0.65, map=(3.32, 0.65) | 좌측 차선 선택 | 전방 좌측 장애물 0.91m (lateral=0.29m) → 우측 차선 우선 | LiDAR lane scores: R:y=-0.65/clear=0.99/score=-10.97/recent_fail, C:y=0.00/clear=0.99/score=-0.57, L:y=0.65/clear=1.53/score=1.95 | 가까운 장애물 감지, 우회 차선 우선 | direct front obstacle: full lane change allowed | 근접 장애물 여유 1.53m, waypoint 전진거리 1.08m로 축소 | 큰 차선 변경은 probe waypoint 0.45m로 먼저 검증
[state_machine_node-28] [INFO] [1789538570.569554626] [state_machine_node]: State: EXPLORING → EXPLORING_NAVIGATING
[navigation_node-25] [INFO] [1789538570.573446278] [navigation_node]: Navigation goal received: door explore_waypoint_6.3_lat+65 (color=explore, frame=map, x=3.32, y=0.65)
[navigation_node-25] [WARN] [1789538570.663627408] [navigation_node]: Adjusted unreachable/occupied navigation goal from (3.32, 0.65, cost=40) to connected free cell (3.33, 0.68, cost=0)
[bt_navigator-16] [INFO] [1789538570.735001433] [bt_navigator]: Begin navigating from current location (2.87, -0.46) to (3.33, 0.68)
[navigation_node-25] [INFO] [1789538570.736541201] [navigation_node]: Navigation goal accepted by Nav2
[controller_server-12] [INFO] [1789538570.936445021] [controller_server]: Received a goal, begin computing control effort.
[controller_server-12] [INFO] [1789538572.311992019] [controller_server]: Passing new path to controller.
[controller_server-12] [INFO] [1789538573.561989059] [controller_server]: Passing new path to controller.
[door_detection_node-24] [INFO] [1789538574.376853563] [door_detection_node]: HSV handle observed: color=red, pixel=(270,122), conf=0.02, door_bbox=(266,22,305,217)
[controller_server-12] [INFO] [1789538574.936973512] [controller_server]: Passing new path to controller.
[controller_server-12] [INFO] [1789538576.186989358] [controller_server]: Passing new path to controller.
[door_detection_node-24] [INFO] [1789538576.324204145] [door_detection_node]: HSV handle observed: color=red, pixel=(158,123), conf=0.01, door_bbox=(93,7,177,223)
[controller_server-12] [INFO] [1789538577.439238523] [controller_server]: Passing new path to controller.
[door_detection_node-24] [INFO] [1789538577.812572488] [door_detection_node]: HSV handle observed: color=red, pixel=(204,123), conf=0.01, door_bbox=(138,4,226,228)
[controller_server-12] [INFO] [1789538578.562158358] [controller_server]: Passing new path to controller.
[door_detection_node-24] [INFO] [1789538579.474121523] [door_detection_node]: HSV handle observed: color=red, pixel=(247,124), conf=0.01, door_bbox=(177,0,271,232)
[controller_server-12] [INFO] [1789538579.938338726] [controller_server]: Passing new path to controller.
[door_detection_node-24] [INFO] [1789538581.092372753] [door_detection_node]: HSV handle observed: color=red, pixel=(292,124), conf=0.01, door_bbox=(212,0,318,239)
[controller_server-12] [INFO] [1789538581.187006084] [controller_server]: Passing new path to controller.
[controller_server-12] [INFO] [1789538582.437306393] [controller_server]: Passing new path to controller.
[door_detection_node-24] [INFO] [1789538582.946577340] [door_detection_node]: HSV handle observed: color=red, pixel=(298,122), conf=0.03, door_bbox=(290,20,320,221)
[controller_server-12] [INFO] [1789538583.811969346] [controller_server]: Passing new path to controller.
[door_detection_node-24] [INFO] [1789538584.720375842] [door_detection_node]: HSV handle observed: color=red, pixel=(2,125), conf=0.02, door_bbox=(0,0,35,240)
[controller_server-12] [INFO] [1789538585.061999898] [controller_server]: Passing new path to controller.
[controller_server-12] [INFO] [1789538586.436970726] [controller_server]: Passing new path to controller.
[navigation_node-25] [WARN] [1789538587.037547646] [navigation_node]: Robot is 0.35m from explore goal (threshold=0.35m). Treating navigation as succeeded.
[state_machine_node-28] [INFO] [1789538587.039131359] [state_machine_node]: Navigation succeeded.
[bt_navigator-16] [ERROR] [1789538587.156420755] [bt_navigator_navigate_to_pose_rclcpp_node]: Failed to get result for follow_path in node halt!
[bt_navigator-16] [INFO] [1789538587.156619239] [bt_navigator]: [navigate_to_pose] [ActionServer] Client requested to cancel the goal. Cancelling.
[bt_navigator-16] [INFO] [1789538587.157004256] [bt_navigator]: Goal canceled
[controller_server-12] [INFO] [1789538587.186979513] [controller_server]: Goal was canceled. Stopping the robot.
[controller_server-12] [INFO] [1789538587.187112223] [controller_server]: [follow_path] [ActionServer] Client requested to cancel the goal. Cancelling.
[state_machine_node-28] [INFO] [1789538587.712600399] [state_machine_node]: 탐색 waypoint 도착. LiDAR+camera 재스캔을 계속합니다.
[state_machine_node-28] [INFO] [1789538587.713673822] [state_machine_node]: 색상 단서 없음. 다음 탐색 waypoint는 중앙 진행축을 유지합니다.
[state_machine_node-28] [INFO] [1789538587.714284176] [state_machine_node]: State: EXPLORING_NAVIGATING → EXPLORING
[state_machine_node-28] [INFO] [1789538588.492319837] [state_machine_node]: Explore waypoint reached; holding position for single-side camera/LiDAR side scan.
[door_detection_node-24] [INFO] [1789538589.888975459] [door_detection_node]: YOLO handle observed (primary): pixel=(123,124), conf=0.58, bbox=(108, 116, 138, 133)
[door_detection_node-24] [INFO] [1789538589.892858708] [door_detection_node]: Handle camera-ray projection: pixel=(123,124), range=1.612m, z=0.762m
[door_detection_node-24] [INFO] [1789538591.736785637] [door_detection_node]: YOLO handle observed (primary): pixel=(228,124), conf=0.60, bbox=(212, 116, 244, 133)
[door_detection_node-24] [INFO] [1789538591.739508764] [door_detection_node]: Handle camera-ray projection: pixel=(228,124), range=1.624m, z=0.762m
[state_machine_node-28] [INFO] [1789538592.889499306] [state_machine_node]: Explore waypoint side scan complete.
[state_machine_node-28] [INFO] [1789538592.890012932] [state_machine_node]: 파란 문 후보 없음. 2.0s 동안 정지 스캔 후 관측 기반 waypoint를 계획합니다.
[state_machine_node-28] [INFO] [1789538596.336575850] [state_machine_node]: 탐색 waypoint 계획 요청: explore_waypoint_7.3_lat+65 progress=7.30, lateral=0.65, map=(4.30, 0.65) | 좌측 차선 선택 | 전방 우측 장애물 0.85m (lateral=-0.45m) → 좌측 차선 우선 | LiDAR lane scores: L:y=0.65/clear=1.47/score=4.31, C:y=0.00/clear=0.98/score=0.12, R:y=-0.65/clear=3.20/score=3.14 | 가까운 장애물 감지, 우회 차선 우선 | 근접 장애물 여유 1.47m, waypoint 전진거리 1.02m로 축소
[state_machine_node-28] [INFO] [1789538596.337503068] [state_machine_node]: State: EXPLORING → EXPLORING_NAVIGATING
[navigation_node-25] [INFO] [1789538596.340285046] [navigation_node]: Navigation goal received: door explore_waypoint_7.3_lat+65 (color=explore, frame=map, x=4.30, y=0.65)
[navigation_node-25] [WARN] [1789538596.494077009] [navigation_node]: Adjusted unreachable/occupied navigation goal from (4.30, 0.65, cost=62) to connected free cell (3.98, 0.78, cost=0)
[bt_navigator-16] [INFO] [1789538596.559722325] [bt_navigator]: Begin navigating from current location (3.28, 0.40) to (3.98, 0.78)
[navigation_node-25] [INFO] [1789538596.563466146] [navigation_node]: Navigation goal accepted by Nav2
[controller_server-12] [INFO] [1789538596.760761179] [controller_server]: Received a goal, begin computing control effort.
[controller_server-12] [INFO] [1789538598.136539312] [controller_server]: Passing new path to controller.
[controller_server-12] [INFO] [1789538599.386278710] [controller_server]: Passing new path to controller.
[door_detection_node-24] [INFO] [1789538600.230939180] [door_detection_node]: YOLO handle observed (primary): pixel=(246,125), conf=0.65, bbox=(232, 116, 261, 134)
[door_detection_node-24] [INFO] [1789538600.235838488] [door_detection_node]: Handle camera-ray projection: pixel=(246,125), range=1.653m, z=0.756m
[controller_server-12] [INFO] [1789538600.761259688] [controller_server]: Passing new path to controller.
[controller_server-12] [INFO] [1789538602.011282580] [controller_server]: Passing new path to controller.
[door_detection_node-24] [INFO] [1789538602.303091749] [door_detection_node]: YOLO handle observed (primary): pixel=(186,124), conf=0.55, bbox=(170, 116, 201, 133)
[door_detection_node-24] [INFO] [1789538602.307560337] [door_detection_node]: Handle camera-ray projection: pixel=(186,124), range=1.623m, z=0.761m
[controller_server-12] [INFO] [1789538603.261261149] [controller_server]: Passing new path to controller.
[door_detection_node-24] [INFO] [1789538603.329579865] [door_detection_node]: YOLO handle observed (primary): pixel=(145,124), conf=0.49, bbox=(131, 116, 159, 133)
[door_detection_node-24] [INFO] [1789538603.332422898] [door_detection_node]: Handle camera-ray projection: pixel=(145,124), range=1.623m, z=0.761m
[controller_server-12] [INFO] [1789538604.386262314] [controller_server]: Passing new path to controller.
[door_detection_node-24] [INFO] [1789538604.426377539] [door_detection_node]: YOLO handle observed (primary): pixel=(90,125), conf=0.68, bbox=(76, 116, 105, 134)
[door_detection_node-24] [INFO] [1789538604.433479223] [door_detection_node]: Handle camera-ray projection: pixel=(90,125), range=1.610m, z=0.756m
[controller_server-12] [INFO] [1789538605.761295904] [controller_server]: Passing new path to controller.
[controller_server-12] [INFO] [1789538606.886864011] [controller_server]: Passing new path to controller.
[door_detection_node-24] [INFO] [1789538606.914908945] [door_detection_node]: YOLO handle observed (primary): pixel=(222,126), conf=0.75, bbox=(205, 116, 238, 135)
[door_detection_node-24] [INFO] [1789538606.920086562] [door_detection_node]: Handle camera-ray projection: pixel=(222,126), range=1.421m, z=0.754m
[controller_server-12] [INFO] [1789538608.263357253] [controller_server]: Passing new path to controller.
[door_detection_node-24] [INFO] [1789538608.324167227] [door_detection_node]: YOLO handle observed (primary): pixel=(126,126), conf=0.80, bbox=(108, 116, 143, 136)
[door_detection_node-24] [INFO] [1789538608.329963168] [door_detection_node]: Handle camera-ray projection: pixel=(126,126), range=1.359m, z=0.755m
[controller_server-12] [INFO] [1789538609.511255624] [controller_server]: Passing new path to controller.
[door_detection_node-24] [INFO] [1789538609.758258857] [door_detection_node]: YOLO handle observed (primary): pixel=(65,127), conf=0.80, bbox=(48, 117, 82, 137)
[door_detection_node-24] [INFO] [1789538609.763835083] [door_detection_node]: Handle camera-ray projection: pixel=(65,127), range=1.343m, z=0.752m
[controller_server-12] [INFO] [1789538610.636283596] [controller_server]: Passing new path to controller.
[controller_server-12] [INFO] [1789538611.886292466] [controller_server]: Passing new path to controller.
[controller_server-12] [INFO] [1789538613.136302555] [controller_server]: Passing new path to controller.
[controller_server-12] [INFO] [1789538614.261267353] [controller_server]: Passing new path to controller.
[controller_server-12] [INFO] [1789538615.636271098] [controller_server]: Passing new path to controller.
[navigation_node-25] [WARN] [1789538616.062156990] [navigation_node]: Robot is 0.35m from explore goal (threshold=0.35m). Treating navigation as succeeded.
[state_machine_node-28] [INFO] [1789538616.064337295] [state_machine_node]: Navigation succeeded.
[bt_navigator-16] [ERROR] [1789538616.183436623] [bt_navigator_navigate_to_pose_rclcpp_node]: Failed to get result for follow_path in node halt!
[bt_navigator-16] [INFO] [1789538616.183575678] [bt_navigator]: [navigate_to_pose] [ActionServer] Client requested to cancel the goal. Cancelling.
[bt_navigator-16] [INFO] [1789538616.184728224] [bt_navigator]: Goal canceled
[controller_server-12] [INFO] [1789538616.261306226] [controller_server]: Goal was canceled. Stopping the robot.
[controller_server-12] [INFO] [1789538616.261636950] [controller_server]: [follow_path] [ActionServer] Client requested to cancel the goal. Cancelling.
[state_machine_node-28] [INFO] [1789538616.620440747] [state_machine_node]: 탐색 waypoint 도착. LiDAR+camera 재스캔을 계속합니다.
[state_machine_node-28] [INFO] [1789538616.621409294] [state_machine_node]: 색상 단서 없음. 다음 탐색 waypoint는 중앙 진행축을 유지합니다.
[state_machine_node-28] [INFO] [1789538616.622004054] [state_machine_node]: State: EXPLORING_NAVIGATING → EXPLORING
[state_machine_node-28] [INFO] [1789538617.459996184] [state_machine_node]: Explore waypoint reached; holding position for single-side camera/LiDAR side scan.
[state_machine_node-28] [INFO] [1789538621.685042263] [state_machine_node]: Explore waypoint side scan complete.
[state_machine_node-28] [INFO] [1789538621.685918077] [state_machine_node]: 파란 문 후보 없음. 2.0s 동안 정지 스캔 후 관측 기반 waypoint를 계획합니다.
[state_machine_node-28] [INFO] [1789538624.959525085] [state_machine_node]: Exit scan deferred: continuing observation-based forward exploration before leaving.
[state_machine_node-28] [WARN] [1789538624.965417928] [state_machine_node]: Nav2 시작점이 벽/장애물 costmap에 가까워 예외 미세 후진 후 전진 중앙 복귀를 시작합니다: lateral_error=1.01m, cmd=(-0.05, 0.00)
[state_machine_node-28] [WARN] [1789538625.879496563] [state_machine_node]: Nav2 시작 위치 복구 예외 후진 중: lateral_error=1.04m, cmd=(-0.05, 0.00)
[state_machine_node-28] [WARN] [1789538626.675477846] [state_machine_node]: Nav2 시작 위치가 벽/측면에 가까워 직접 중앙 복귀 중: lateral_error=1.06m, target_abs=0.75m, yaw_error=-6deg, cmd=(0.13, -0.08)
[state_machine_node-28] [WARN] [1789538628.359946002] [state_machine_node]: Nav2 시작 위치가 벽/측면에 가까워 직접 중앙 복귀 중: lateral_error=0.95m, target_abs=0.75m, yaw_error=-3deg, cmd=(0.13, -0.04)
[door_detection_node-24] [INFO] [1789538629.804839422] [door_detection_node]: HSV handle observed: color=red, pixel=(298,122), conf=0.02, door_bbox=(285,22,319,216)
[state_machine_node-28] [WARN] [1789538630.094556118] [state_machine_node]: Nav2 시작 위치가 벽/측면에 가까워 직접 중앙 복귀 중: lateral_error=0.82m, target_abs=0.75m, yaw_error=-1deg, cmd=(0.13, -0.01)
[door_detection_node-24] [INFO] [1789538631.259494063] [door_detection_node]: HSV handle observed: color=red, pixel=(287,122), conf=0.02, door_bbox=(274,18,319,220)
[state_machine_node-28] [INFO] [1789538631.781731451] [state_machine_node]: 탐색 waypoint 계획 요청: explore_waypoint_8.0_lat+4 progress=8.02, lateral=0.04, map=(5.02, 0.04) | 우측 차선 선택 | 전방 좌측 장애물 0.79m (lateral=0.56m) → 우측 차선 우선 | LiDAR lane scores: R:y=-0.65/clear=3.20/score=7.37, C:y=0.00/clear=3.20/score=2.18, L:y=0.65/clear=0.96/score=-0.39 | 좌우 이동량 제한 -1.34m→-0.65m
[state_machine_node-28] [INFO] [1789538631.782606116] [state_machine_node]: State: EXPLORING → EXPLORING_NAVIGATING
[navigation_node-25] [INFO] [1789538631.784961813] [navigation_node]: Navigation goal received: door explore_waypoint_8.0_lat+4 (color=explore, frame=map, x=5.02, y=0.04)
[bt_navigator-16] [INFO] [1789538631.915072462] [bt_navigator]: Begin navigating from current location (3.82, 0.69) to (5.02, 0.04)
[navigation_node-25] [INFO] [1789538631.918869234] [navigation_node]: Navigation goal accepted by Nav2
[controller_server-12] [INFO] [1789538632.116325279] [controller_server]: Received a goal, begin computing control effort.
[door_detection_node-24] [INFO] [1789538632.687102073] [door_detection_node]: HSV handle observed: color=red, pixel=(282,122), conf=0.02, door_bbox=(271,18,319,225)
[controller_server-12] [INFO] [1789538633.366973473] [controller_server]: Passing new path to controller.
[controller_server-12] [INFO] [1789538634.616972885] [controller_server]: Passing new path to controller.
[door_detection_node-24] [INFO] [1789538635.322995750] [door_detection_node]: HSV handle observed: color=red, pixel=(74,122), conf=0.01, door_bbox=(63,34,121,200)
[controller_server-12] [INFO] [1789538635.866996738] [controller_server]: Passing new path to controller.
[cmd_vel_safety_node-4] [WARN] [1789538636.705724793] [cmd_vel_safety_node]: LiDAR collision stop: front=0.36m
[controller_server-12] [INFO] [1789538637.117596428] [controller_server]: Passing new path to controller.
[controller_server-12] [INFO] [1789538638.491930813] [controller_server]: Passing new path to controller.
[cmd_vel_safety_node-4] [WARN] [1789538638.507221899] [cmd_vel_safety_node]: LiDAR collision stop: front=0.43m
[controller_server-12] [INFO] [1789538639.616928374] [controller_server]: Passing new path to controller.
[cmd_vel_safety_node-4] [WARN] [1789538640.505288914] [cmd_vel_safety_node]: LiDAR collision stop: front=0.47m
[controller_server-12] [INFO] [1789538640.992991581] [controller_server]: Passing new path to controller.
[controller_server-12] [INFO] [1789538642.241945560] [controller_server]: Passing new path to controller.
[door_detection_node-24] [INFO] [1789538643.190457802] [door_detection_node]: HSV handle observed: color=red, pixel=(26,122), conf=0.01, door_bbox=(15,21,86,211)
[controller_server-12] [INFO] [1789538643.616945568] [controller_server]: Passing new path to controller.
[controller_server-12] [INFO] [1789538644.866926332] [controller_server]: Passing new path to controller.
[controller_server-12] [INFO] [1789538646.120271110] [controller_server]: Passing new path to controller.
[controller_server-12] [INFO] [1789538647.491945807] [controller_server]: Passing new path to controller.
[controller_server-12] [INFO] [1789538648.741926183] [controller_server]: Passing new path to controller.
[navigation_node-25] [WARN] [1789538649.317330577] [navigation_node]: Robot is 0.34m from explore goal (threshold=0.35m). Treating navigation as succeeded.
[state_machine_node-28] [INFO] [1789538649.319161284] [state_machine_node]: Navigation succeeded.
[bt_navigator-16] [ERROR] [1789538649.437132021] [bt_navigator_navigate_to_pose_rclcpp_node]: Failed to get result for follow_path in node halt!
[bt_navigator-16] [INFO] [1789538649.437270864] [bt_navigator]: [navigate_to_pose] [ActionServer] Client requested to cancel the goal. Cancelling.
[bt_navigator-16] [INFO] [1789538649.437385763] [bt_navigator]: Goal canceled
[controller_server-12] [INFO] [1789538649.496265319] [controller_server]: Goal was canceled. Stopping the robot.
[controller_server-12] [INFO] [1789538649.496391701] [controller_server]: [follow_path] [ActionServer] Client requested to cancel the goal. Cancelling.
[state_machine_node-28] [INFO] [1789538650.142517055] [state_machine_node]: 탐색 waypoint 도착. LiDAR+camera 재스캔을 계속합니다.
[state_machine_node-28] [INFO] [1789538650.143100023] [state_machine_node]: 색상 단서 없음. 다음 탐색 waypoint는 중앙 진행축을 유지합니다.
[state_machine_node-28] [INFO] [1789538650.143537257] [state_machine_node]: State: EXPLORING_NAVIGATING → EXPLORING
[state_machine_node-28] [INFO] [1789538650.982614211] [state_machine_node]: Explore waypoint reached; holding position for single-side camera/LiDAR side scan.
[door_detection_node-24] [INFO] [1789538653.344633504] [door_detection_node]: HSV handle observed: color=red, pixel=(94,123), conf=0.01, door_bbox=(78,0,168,238)
[door_detection_node-24] [INFO] [1789538654.879573720] [door_detection_node]: HSV handle observed: color=red, pixel=(200,123), conf=0.01, door_bbox=(184,0,284,240)
[state_machine_node-28] [INFO] [1789538655.356840517] [state_machine_node]: Explore waypoint side scan complete.
[state_machine_node-28] [INFO] [1789538655.357845670] [state_machine_node]: 파란 문 후보 없음. 2.0s 동안 정지 스캔 후 관측 기반 waypoint를 계획합니다.
[door_detection_node-24] [INFO] [1789538656.494589390] [door_detection_node]: HSV handle observed: color=red, pixel=(256,124), conf=0.02, door_bbox=(238,0,318,240)
[door_detection_node-24] [INFO] [1789538658.175203544] [door_detection_node]: HSV handle observed: color=red, pixel=(256,124), conf=0.02, door_bbox=(238,0,318,240)
[state_machine_node-28] [INFO] [1789538658.780600403] [state_machine_node]: 탐색 waypoint 계획 요청: explore_waypoint_8.3_lat-65 progress=8.29, lateral=-0.65, map=(5.29, -0.65) | 우측 차선 선택 | 전방 좌측 장애물 1.39m (lateral=0.34m) → 우측 차선 우선 | LiDAR lane scores: R:y=-0.65/clear=3.20/score=6.85, C:y=0.00/clear=1.39/score=0.55, L:y=0.65/clear=1.39/score=0.81 | direct front obstacle: full lane change allowed | 큰 차선 변경은 probe waypoint 0.45m로 먼저 검증
[state_machine_node-28] [INFO] [1789538658.781143307] [state_machine_node]: State: EXPLORING → EXPLORING_NAVIGATING
[navigation_node-25] [INFO] [1789538658.783285871] [navigation_node]: Navigation goal received: door explore_waypoint_8.3_lat-65 (color=explore, frame=map, x=5.29, y=-0.65)
[bt_navigator-16] [INFO] [1789538658.932292017] [bt_navigator]: Begin navigating from current location (4.84, 0.16) to (5.29, -0.65)
[navigation_node-25] [INFO] [1789538658.934977457] [navigation_node]: Navigation goal accepted by Nav2
[controller_server-12] [INFO] [1789538659.133619079] [controller_server]: Received a goal, begin computing control effort.
[door_detection_node-24] [INFO] [1789538659.717918015] [door_detection_node]: HSV handle observed: color=red, pixel=(256,124), conf=0.02, door_bbox=(238,0,318,240)
[controller_server-12] [INFO] [1789538660.384310141] [controller_server]: Passing new path to controller.
[door_detection_node-24] [INFO] [1789538661.096107212] [door_detection_node]: HSV handle observed: color=red, pixel=(238,123), conf=0.01, door_bbox=(222,0,320,240)
[controller_server-12] [INFO] [1789538661.634336668] [controller_server]: Passing new path to controller.
[door_detection_node-24] [INFO] [1789538662.664861347] [door_detection_node]: HSV handle observed: color=red, pixel=(175,123), conf=0.01, door_bbox=(159,0,255,240)
[controller_server-12] [INFO] [1789538662.884304828] [controller_server]: Passing new path to controller.
[door_detection_node-24] [INFO] [1789538664.092029110] [door_detection_node]: HSV handle observed: color=red, pixel=(65,124), conf=0.01, door_bbox=(45,0,144,240)
[controller_server-12] [INFO] [1789538664.134280130] [controller_server]: Passing new path to controller.
[controller_server-12] [INFO] [1789538665.385354533] [controller_server]: Passing new path to controller.
[controller_server-12] [INFO] [1789538666.634333490] [controller_server]: Passing new path to controller.
[controller_server-12] [INFO] [1789538668.009326449] [controller_server]: Passing new path to controller.
[door_detection_node-24] [INFO] [1789538668.472010537] [door_detection_node]: HSV handle observed: color=red, pixel=(220,124), conf=0.01, door_bbox=(202,0,320,240)
[controller_server-12] [INFO] [1789538669.134335104] [controller_server]: Passing new path to controller.
[door_detection_node-24] [INFO] [1789538669.764849062] [door_detection_node]: HSV handle observed: color=red, pixel=(190,124), conf=0.01, door_bbox=(173,0,297,240)
[controller_server-12] [INFO] [1789538670.387024668] [controller_server]: Passing new path to controller.
[door_detection_node-24] [INFO] [1789538670.970856598] [door_detection_node]: HSV handle observed: color=red, pixel=(164,124), conf=0.01, door_bbox=(143,0,274,240)
[navigation_node-25] [WARN] [1789538671.280702097] [navigation_node]: Robot is 0.35m from explore goal (threshold=0.35m). Treating navigation as succeeded.
[state_machine_node-28] [INFO] [1789538671.283476236] [state_machine_node]: Navigation succeeded.
[bt_navigator-16] [ERROR] [1789538671.360102048] [bt_navigator_navigate_to_pose_rclcpp_node]: Failed to get result for follow_path in node halt!
[bt_navigator-16] [INFO] [1789538671.360480595] [bt_navigator]: [navigate_to_pose] [ActionServer] Client requested to cancel the goal. Cancelling.
[bt_navigator-16] [INFO] [1789538671.360674606] [bt_navigator]: Goal canceled
[controller_server-12] [INFO] [1789538671.384726324] [controller_server]: Goal was canceled. Stopping the robot.
[controller_server-12] [INFO] [1789538671.384809933] [controller_server]: [follow_path] [ActionServer] Client requested to cancel the goal. Cancelling.
[state_machine_node-28] [INFO] [1789538672.272959955] [state_machine_node]: 탐색 waypoint 도착. LiDAR+camera 재스캔을 계속합니다.
[state_machine_node-28] [INFO] [1789538672.273554947] [state_machine_node]: 색상 단서 없음. 다음 탐색 waypoint는 중앙 진행축을 유지합니다.
[state_machine_node-28] [INFO] [1789538672.274078531] [state_machine_node]: State: EXPLORING_NAVIGATING → EXPLORING
[door_detection_node-24] [INFO] [1789538672.886230975] [door_detection_node]: HSV handle observed: color=red, pixel=(117,125), conf=0.02, door_bbox=(95,0,235,240)
[state_machine_node-28] [INFO] [1789538673.258602206] [state_machine_node]: Explore waypoint reached; holding position for single-side camera/LiDAR side scan.
[door_detection_node-24] [INFO] [1789538673.986928626] [door_detection_node]: HSV handle observed: color=red, pixel=(100,125), conf=0.02, door_bbox=(78,0,216,240)
[door_detection_node-24] [INFO] [1789538676.738584640] [door_detection_node]: HSV handle observed: color=red, pixel=(216,126), conf=0.02, door_bbox=(190,0,318,240)
[state_machine_node-28] [INFO] [1789538677.781274187] [state_machine_node]: Explore waypoint side scan complete.
[state_machine_node-28] [INFO] [1789538677.781890501] [state_machine_node]: 파란 문 후보 없음. 2.0s 동안 정지 스캔 후 관측 기반 waypoint를 계획합니다.
[door_detection_node-24] [INFO] [1789538678.359239514] [door_detection_node]: HSV handle observed: color=red, pixel=(144,125), conf=0.02, door_bbox=(119,0,272,240)
[door_detection_node-24] [INFO] [1789538679.818228243] [door_detection_node]: HSV handle observed: color=red, pixel=(144,125), conf=0.02, door_bbox=(119,0,272,240)
[door_detection_node-24] [INFO] [1789538681.248601743] [door_detection_node]: HSV handle observed: color=red, pixel=(144,125), conf=0.02, door_bbox=(119,0,272,240)
[state_machine_node-28] [INFO] [1789538681.351862213] [state_machine_node]: 탐색 waypoint 계획 요청: explore_waypoint_9.7_lat-65 progress=9.70, lateral=-0.65, map=(6.70, -0.65) | 우측 차선 선택 | LiDAR 좌측 여유 공간 우선 (1.27m) | LiDAR lane scores: C:y=0.00/clear=1.07/score=-0.20, L:y=0.65/clear=1.07/score=-0.34, R:y=-0.65/clear=3.02/score=3.86
[state_machine_node-28] [INFO] [1789538681.352857714] [state_machine_node]: State: EXPLORING → EXPLORING_NAVIGATING
[navigation_node-25] [INFO] [1789538681.355530481] [navigation_node]: Navigation goal received: door explore_waypoint_9.7_lat-65 (color=explore, frame=map, x=6.70, y=-0.65)
[bt_navigator-16] [INFO] [1789538681.485422987] [bt_navigator]: Begin navigating from current location (5.50, -0.36) to (6.70, -0.65)
[navigation_node-25] [INFO] [1789538681.487941230] [navigation_node]: Navigation goal accepted by Nav2
[controller_server-12] [INFO] [1789538681.687936174] [controller_server]: Received a goal, begin computing control effort.
[door_detection_node-24] [INFO] [1789538682.652464479] [door_detection_node]: HSV handle observed: color=red, pixel=(144,125), conf=0.02, door_bbox=(119,0,272,240)
[controller_server-12] [INFO] [1789538683.063529632] [controller_server]: Passing new path to controller.
[door_detection_node-24] [INFO] [1789538684.185078035] [door_detection_node]: HSV handle observed: color=red, pixel=(174,126), conf=0.02, door_bbox=(149,0,313,240)
[controller_server-12] [INFO] [1789538684.188573138] [controller_server]: Passing new path to controller.
[controller_server-12] [INFO] [1789538685.439989607] [controller_server]: Passing new path to controller.
[door_detection_node-24] [INFO] [1789538685.603430012] [door_detection_node]: HSV handle observed: color=red, pixel=(220,126), conf=0.03, door_bbox=(192,0,319,240)
[controller_server-12] [INFO] [1789538686.688509713] [controller_server]: Passing new path to controller.
[door_detection_node-24] [INFO] [1789538687.073922586] [door_detection_node]: HSV handle observed: color=red, pixel=(290,126), conf=0.07, door_bbox=(256,0,319,240)
[controller_server-12] [INFO] [1789538688.063549775] [controller_server]: Passing new path to controller.
[controller_server-12] [INFO] [1789538689.314863139] [controller_server]: Passing new path to controller.
[door_detection_node-24] [INFO] [1789538689.336239020] [door_detection_node]: HSV handle observed: color=red, pixel=(102,125), conf=0.02, door_bbox=(79,0,216,240)
[door_detection_node-24] [INFO] [1789538690.394632328] [door_detection_node]: HSV handle observed: color=red, pixel=(154,125), conf=0.02, door_bbox=(133,0,276,240)
[controller_server-12] [INFO] [1789538690.563565289] [controller_server]: Passing new path to controller.
[controller_server-12] [INFO] [1789538691.813531542] [controller_server]: Passing new path to controller.
[door_detection_node-24] [INFO] [1789538692.526608674] [door_detection_node]: HSV handle observed: color=red, pixel=(232,125), conf=0.02, door_bbox=(208,0,320,240)
[controller_server-12] [INFO] [1789538693.189144107] [controller_server]: Passing new path to controller.
[door_detection_node-24] [INFO] [1789538693.716801280] [door_detection_node]: HSV handle observed: color=red, pixel=(282,126), conf=0.06, door_bbox=(249,0,319,240)
[controller_server-12] [INFO] [1789538694.439614233] [controller_server]: Passing new path to controller.
[controller_server-12] [INFO] [1789538695.688557549] [controller_server]: Passing new path to controller.
[controller_server-12] [INFO] [1789538696.938536114] [controller_server]: Passing new path to controller.
[door_detection_node-24] [INFO] [1789538697.002315172] [door_detection_node]: HSV handle observed: color=red, pixel=(96,128), conf=0.02, door_bbox=(56,0,257,240)
[controller_server-12] [INFO] [1789538698.188613892] [controller_server]: Passing new path to controller.
[door_detection_node-24] [INFO] [1789538698.856872637] [door_detection_node]: HSV handle observed: color=red, pixel=(204,128), conf=0.02, door_bbox=(157,0,318,240)
[controller_server-12] [INFO] [1789538699.563519840] [controller_server]: Passing new path to controller.
[door_detection_node-24] [INFO] [1789538700.121501297] [door_detection_node]: YOLO handle observed (primary): pixel=(286,128), conf=0.49, bbox=(268, 119, 304, 137)
[door_detection_node-24] [INFO] [1789538700.124134877] [door_detection_node]: Handle camera-ray projection: pixel=(286,128), range=1.124m, z=0.755m
[controller_server-12] [INFO] [1789538700.688889475] [controller_server]: Passing new path to controller.
[navigation_node-25] [WARN] [1789538701.687701423] [navigation_node]: Robot is 0.34m from explore goal (threshold=0.35m). Treating navigation as succeeded.
[state_machine_node-28] [INFO] [1789538701.688912872] [state_machine_node]: Navigation succeeded.
[bt_navigator-16] [ERROR] [1789538701.807114717] [bt_navigator_navigate_to_pose_rclcpp_node]: Failed to get result for follow_path in node halt!
[bt_navigator-16] [INFO] [1789538701.807391411] [bt_navigator]: [navigate_to_pose] [ActionServer] Client requested to cancel the goal. Cancelling.
[bt_navigator-16] [INFO] [1789538701.807570973] [bt_navigator]: Goal canceled
[controller_server-12] [INFO] [1789538701.813566218] [controller_server]: Goal was canceled. Stopping the robot.
[controller_server-12] [INFO] [1789538701.813707549] [controller_server]: [follow_path] [ActionServer] Client requested to cancel the goal. Cancelling.
[state_machine_node-28] [INFO] [1789538702.413251319] [state_machine_node]: 탐색 waypoint 도착. LiDAR+camera 재스캔을 계속합니다.
[state_machine_node-28] [INFO] [1789538702.413849102] [state_machine_node]: 색상 단서 없음. 다음 탐색 waypoint는 중앙 진행축을 유지합니다.
[state_machine_node-28] [INFO] [1789538702.414191275] [state_machine_node]: State: EXPLORING_NAVIGATING → EXPLORING
[state_machine_node-28] [INFO] [1789538703.377984469] [state_machine_node]: Explore waypoint reached; holding position for single-side camera/LiDAR side scan.
[state_machine_node-28] [INFO] [1789538707.743411614] [state_machine_node]: Explore waypoint side scan complete.
[state_machine_node-28] [INFO] [1789538707.744149511] [state_machine_node]: 파란 문 후보 없음. 2.0s 동안 정지 스캔 후 관측 기반 waypoint를 계획합니다.
[state_machine_node-28] [INFO] [1789538711.430780766] [state_machine_node]: 탐색 waypoint 계획 요청: explore_waypoint_10.6_lat-11 progress=10.62, lateral=-0.11, map=(7.62, -0.11) | 중앙 차선 선택 | 파란 문/전방 장애물/빨간 문 회피 이유 없음, 관측 기반 중앙 진행축 유지 | LiDAR lane clearances: C:y=0.00/clear=3.20, R:y=-0.65/clear=1.84, L:y=0.65/clear=3.20 | 좌우 이동량 제한 0.76m→0.65m
[state_machine_node-28] [INFO] [1789538711.431424348] [state_machine_node]: State: EXPLORING → EXPLORING_NAVIGATING
[navigation_node-25] [INFO] [1789538711.434572187] [navigation_node]: Navigation goal received: door explore_waypoint_10.6_lat-11 (color=explore, frame=map, x=7.62, y=-0.11)
[bt_navigator-16] [INFO] [1789538711.582140557] [bt_navigator]: Begin navigating from current location (6.42, -0.76) to (7.62, -0.11)
[navigation_node-25] [INFO] [1789538711.582573836] [navigation_node]: Navigation goal accepted by Nav2
[controller_server-12] [INFO] [1789538711.788329130] [controller_server]: Received a goal, begin computing control effort.
[controller_server-12] [INFO] [1789538713.038953751] [controller_server]: Passing new path to controller.
[controller_server-12] [INFO] [1789538714.288979010] [controller_server]: Passing new path to controller.
[controller_server-12] [INFO] [1789538715.664040266] [controller_server]: Passing new path to controller.
[controller_server-12] [INFO] [1789538716.788984685] [controller_server]: Passing new path to controller.
[controller_server-12] [INFO] [1789538718.163996591] [controller_server]: Passing new path to controller.
[controller_server-12] [INFO] [1789538719.414509881] [controller_server]: Passing new path to controller.
[controller_server-12] [INFO] [1789538720.789468025] [controller_server]: Passing new path to controller.
[controller_server-12] [INFO] [1789538722.039022937] [controller_server]: Passing new path to controller.
[navigation_node-25] [WARN] [1789538722.084043047] [navigation_node]: Robot is 0.34m from explore goal (threshold=0.35m). Treating navigation as succeeded.
[state_machine_node-28] [INFO] [1789538722.086169348] [state_machine_node]: Navigation succeeded.
[bt_navigator-16] [ERROR] [1789538722.203423150] [bt_navigator_navigate_to_pose_rclcpp_node]: Failed to get result for follow_path in node halt!
[bt_navigator-16] [INFO] [1789538722.203587166] [bt_navigator]: [navigate_to_pose] [ActionServer] Client requested to cancel the goal. Cancelling.
[bt_navigator-16] [INFO] [1789538722.204313940] [bt_navigator]: Goal canceled
[controller_server-12] [INFO] [1789538722.289459039] [controller_server]: Goal was canceled. Stopping the robot.
[controller_server-12] [INFO] [1789538722.289566992] [controller_server]: [follow_path] [ActionServer] Client requested to cancel the goal. Cancelling.
[door_detection_node-24] [INFO] [1789538722.402432217] [door_detection_node]: HSV handle observed: color=red, pixel=(306,123), conf=0.02, door_bbox=(246,11,317,219)
[state_machine_node-28] [INFO] [1789538722.706299868] [state_machine_node]: 탐색 waypoint 도착. LiDAR+camera 재스캔을 계속합니다.
[state_machine_node-28] [INFO] [1789538722.707146041] [state_machine_node]: 색상 단서 없음. 다음 탐색 waypoint는 중앙 진행축을 유지합니다.
[state_machine_node-28] [INFO] [1789538722.707832939] [state_machine_node]: State: EXPLORING_NAVIGATING → EXPLORING
[state_machine_node-28] [INFO] [1789538723.534737365] [state_machine_node]: Explore waypoint reached; holding position for single-side camera/LiDAR side scan.
[door_detection_node-24] [INFO] [1789538723.801790803] [door_detection_node]: HSV handle observed: color=red, pixel=(292,122), conf=0.01, door_bbox=(235,11,302,220)
[state_machine_node-28] [INFO] [1789538724.638783316] [state_machine_node]: 보조 비상구 관측 저장: door_green_faff8d (16.3, 0.0)
[state_machine_node-28] [INFO] [1789538724.639186689] [state_machine_node]: 비상구 탐지: door_green_faff8d (16.3, 0.0)
[door_detection_node-24] [INFO] [1789538725.308687662] [door_detection_node]: HSV handle observed: color=red, pixel=(182,122), conf=0.01, door_bbox=(132,18,190,219)
[door_detection_node-24] [INFO] [1789538726.768913243] [door_detection_node]: HSV handle observed: color=red, pixel=(102,122), conf=0.01, door_bbox=(46,10,111,227)
[state_machine_node-28] [INFO] [1789538727.928770243] [state_machine_node]: Explore waypoint side scan complete.
[state_machine_node-28] [INFO] [1789538727.929613906] [state_machine_node]: 파란 문 후보 없음. 2.0s 동안 정지 스캔 후 관측 기반 waypoint를 계획합니다.
[door_detection_node-24] [INFO] [1789538728.493209835] [door_detection_node]: HSV handle observed: color=red, pixel=(158,124), conf=0.02, door_bbox=(129,0,209,240)
[door_detection_node-24] [INFO] [1789538730.137821702] [door_detection_node]: HSV handle observed: color=red, pixel=(158,124), conf=0.02, door_bbox=(129,0,209,240)
[state_machine_node-28] [INFO] [1789538731.315349343] [state_machine_node]: Exit scan deferred in no-blue mode: progress=10.34m < 12.00m (observed_exit_progress=20.87m, distance=10.53m). Continuing observation-based blue-door search.
[state_machine_node-28] [INFO] [1789538731.329237924] [state_machine_node]: 탐색 waypoint 계획 요청: explore_waypoint_10.8_lat+65 progress=10.79, lateral=0.65, map=(7.79, 0.65) | 좌측 차선 선택 | 전방 우측 장애물 0.91m (lateral=-0.40m) → 좌측 차선 우선 | LiDAR lane scores: L:y=0.65/clear=3.20/score=7.40, C:y=0.00/clear=0.95/score=-0.59, R:y=-0.65/clear=0.95/score=-0.43 | direct front obstacle: full lane change allowed | 큰 차선 변경은 probe waypoint 0.45m로 먼저 검증
[state_machine_node-28] [INFO] [1789538731.329865503] [state_machine_node]: State: EXPLORING → EXPLORING_NAVIGATING
[navigation_node-25] [INFO] [1789538731.332908404] [navigation_node]: Navigation goal received: door explore_waypoint_10.8_lat+65 (color=explore, frame=map, x=7.79, y=0.65)
[bt_navigator-16] [INFO] [1789538731.484719289] [bt_navigator]: Begin navigating from current location (7.34, -0.13) to (7.79, 0.65)
[navigation_node-25] [INFO] [1789538731.487098122] [navigation_node]: Navigation goal accepted by Nav2
[door_detection_node-24] [INFO] [1789538731.624653693] [door_detection_node]: HSV handle observed: color=red, pixel=(158,124), conf=0.02, door_bbox=(129,0,209,240)
[controller_server-12] [INFO] [1789538731.685609810] [controller_server]: Received a goal, begin computing control effort.
[door_detection_node-24] [INFO] [1789538733.040694236] [door_detection_node]: HSV handle observed: color=red, pixel=(159,124), conf=0.02, door_bbox=(131,0,211,240)
[controller_server-12] [INFO] [1789538733.061746235] [controller_server]: Passing new path to controller.
[door_detection_node-24] [INFO] [1789538734.133148735] [door_detection_node]: HSV handle observed: color=red, pixel=(52,122), conf=0.01, door_bbox=(0,2,62,236)
[controller_server-12] [INFO] [1789538734.186411964] [controller_server]: Passing new path to controller.
[controller_server-12] [INFO] [1789538735.561686296] [controller_server]: Passing new path to controller.
[door_detection_node-24] [INFO] [1789538735.563294739] [door_detection_node]: HSV handle observed: color=red, pixel=(96,122), conf=0.01, door_bbox=(38,10,105,227)
[controller_server-12] [INFO] [1789538736.811376708] [controller_server]: Passing new path to controller.
[door_detection_node-24] [INFO] [1789538737.039548558] [door_detection_node]: HSV handle observed: color=red, pixel=(136,122), conf=0.01, door_bbox=(80,15,144,222)
[controller_server-12] [INFO] [1789538738.186338964] [controller_server]: Passing new path to controller.
[door_detection_node-24] [INFO] [1789538738.511521746] [door_detection_node]: HSV handle observed: color=red, pixel=(182,122), conf=0.01, door_bbox=(132,18,190,219)
[controller_server-12] [INFO] [1789538739.436315991] [controller_server]: Passing new path to controller.
[door_detection_node-24] [INFO] [1789538739.918861017] [door_detection_node]: HSV handle observed: color=red, pixel=(258,122), conf=0.01, door_bbox=(206,14,267,219)
[controller_server-12] [INFO] [1789538740.811370877] [controller_server]: Passing new path to controller.
[door_detection_node-24] [INFO] [1789538741.890443184] [door_detection_node]: HSV handle observed: color=red, pixel=(88,122), conf=0.01, door_bbox=(30,11,98,227)
[controller_server-12] [INFO] [1789538741.936409631] [controller_server]: Passing new path to controller.
[door_detection_node-24] [INFO] [1789538743.079512093] [door_detection_node]: HSV handle observed: color=red, pixel=(130,122), conf=0.01, door_bbox=(78,12,139,227)
[controller_server-12] [INFO] [1789538743.186372268] [controller_server]: Passing new path to controller.
[door_detection_node-24] [INFO] [1789538744.168139085] [door_detection_node]: HSV handle observed: color=red, pixel=(162,122), conf=0.01, door_bbox=(106,8,170,229)
[controller_server-12] [INFO] [1789538744.561352163] [controller_server]: Passing new path to controller.
[door_detection_node-24] [INFO] [1789538745.399584243] [door_detection_node]: HSV handle observed: color=red, pixel=(195,123), conf=0.01, door_bbox=(136,2,203,236)
[controller_server-12] [INFO] [1789538745.811328803] [controller_server]: Passing new path to controller.
[door_detection_node-24] [INFO] [1789538746.453229887] [door_detection_node]: HSV handle observed: color=red, pixel=(222,123), conf=0.02, door_bbox=(157,0,231,240)
[controller_server-12] [INFO] [1789538747.186366799] [controller_server]: Passing new path to controller.
[navigation_node-25] [WARN] [1789538747.687525214] [navigation_node]: Robot is 0.35m from explore goal (threshold=0.35m). Treating navigation as succeeded.
[state_machine_node-28] [INFO] [1789538747.693496333] [state_machine_node]: Navigation succeeded.
[state_machine_node-28] [INFO] [1789538747.724759474] [state_machine_node]: 탐색 waypoint 도착. LiDAR+camera 재스캔을 계속합니다.
[state_machine_node-28] [INFO] [1789538747.725341499] [state_machine_node]: 색상 단서 없음. 다음 탐색 waypoint는 중앙 진행축을 유지합니다.
[state_machine_node-28] [INFO] [1789538747.726124233] [state_machine_node]: State: EXPLORING_NAVIGATING → EXPLORING
[bt_navigator-16] [ERROR] [1789538747.805976224] [bt_navigator_navigate_to_pose_rclcpp_node]: Failed to get result for follow_path in node halt!
[bt_navigator-16] [INFO] [1789538747.806209043] [bt_navigator]: [navigate_to_pose] [ActionServer] Client requested to cancel the goal. Cancelling.
[bt_navigator-16] [INFO] [1789538747.806645593] [bt_navigator]: Goal canceled
[controller_server-12] [INFO] [1789538747.811365672] [controller_server]: Goal was canceled. Stopping the robot.
[controller_server-12] [INFO] [1789538747.811474587] [controller_server]: [follow_path] [ActionServer] Client requested to cancel the goal. Cancelling.
[door_detection_node-24] [INFO] [1789538748.469238741] [door_detection_node]: YOLO handle observed (primary): pixel=(306,124), conf=0.38, bbox=(291, 114, 320, 133)
[door_detection_node-24] [INFO] [1789538748.475328571] [door_detection_node]: Handle camera-ray projection: pixel=(306,124), range=2.395m, z=0.754m
[state_machine_node-28] [INFO] [1789538748.555690798] [state_machine_node]: Explore waypoint reached; holding position for single-side camera/LiDAR side scan.
[door_detection_node-24] [INFO] [1789538750.957460158] [door_detection_node]: HSV handle observed: color=red, pixel=(147,124), conf=0.02, door_bbox=(70,0,157,240)
[door_detection_node-24] [INFO] [1789538752.600988143] [door_detection_node]: HSV handle observed: color=red, pixel=(257,124), conf=0.02, door_bbox=(182,0,267,240)
[state_machine_node-28] [INFO] [1789538752.720499962] [state_machine_node]: Explore waypoint side scan complete.
[state_machine_node-28] [INFO] [1789538752.721209271] [state_machine_node]: 파란 문 후보 없음. 2.0s 동안 정지 스캔 후 관측 기반 waypoint를 계획합니다.
[door_detection_node-24] [INFO] [1789538753.988276905] [door_detection_node]: HSV handle observed: color=red, pixel=(280,124), conf=0.03, door_bbox=(203,0,290,240)
[door_detection_node-24] [INFO] [1789538755.041106397] [door_detection_node]: HSV handle observed: color=red, pixel=(22,123), conf=0.02, door_bbox=(0,7,69,233)
[state_machine_node-28] [INFO] [1789538755.986546778] [state_machine_node]: Exit scan deferred in no-blue mode: progress=11.05m < 12.00m (observed_exit_progress=20.87m, distance=9.82m). Continuing observation-based blue-door search.
[state_machine_node-28] [INFO] [1789538755.987838061] [state_machine_node]: Exit scan deferred: continuing observation-based forward exploration before leaving.
[state_machine_node-28] [INFO] [1789538756.000296313] [state_machine_node]: 탐색 waypoint 계획 요청: explore_waypoint_12.2_lat+0 progress=12.25, lateral=0.00, map=(9.25, -0.00) | 중앙 차선 선택 | 파란 문/전방 장애물/빨간 문 회피 이유 없음, 관측 기반 중앙 진행축 유지 | LiDAR lane clearances: C:y=0.00/clear=3.14, R:y=-0.65/clear=2.65, L:y=0.65/clear=3.14
[state_machine_node-28] [INFO] [1789538756.000730453] [state_machine_node]: State: EXPLORING → EXPLORING_NAVIGATING
[navigation_node-25] [INFO] [1789538756.002556005] [navigation_node]: Navigation goal received: door explore_waypoint_12.2_lat+0 (color=explore, frame=map, x=9.25, y=-0.00)
[navigation_node-25] [WARN] [1789538756.081612230] [navigation_node]: Adjusted unreachable/occupied navigation goal from (9.25, -0.00, cost=56) to connected free cell (9.33, 0.08, cost=0)
[bt_navigator-16] [INFO] [1789538756.140873976] [bt_navigator]: Begin navigating from current location (8.05, 0.35) to (9.33, 0.08)
[navigation_node-25] [INFO] [1789538756.143675829] [navigation_node]: Navigation goal accepted by Nav2
[controller_server-12] [INFO] [1789538756.341933936] [controller_server]: Received a goal, begin computing control effort.
[door_detection_node-24] [INFO] [1789538756.762000579] [door_detection_node]: HSV handle observed: color=red, pixel=(22,123), conf=0.02, door_bbox=(0,7,69,233)
[controller_server-12] [INFO] [1789538757.717546456] [controller_server]: Passing new path to controller.
[door_detection_node-24] [INFO] [1789538758.143463324] [door_detection_node]: HSV handle observed: color=red, pixel=(7,123), conf=0.02, door_bbox=(0,8,59,230)
[controller_server-12] [INFO] [1789538758.967534537] [controller_server]: Passing new path to controller.
[door_detection_node-24] [INFO] [1789538760.200214292] [door_detection_node]: HSV handle observed: color=red, pixel=(199,124), conf=0.02, door_bbox=(124,0,209,240)
[controller_server-12] [INFO] [1789538760.220264632] [controller_server]: Passing new path to controller.
[controller_server-12] [INFO] [1789538761.342498715] [controller_server]: Passing new path to controller.
[door_detection_node-24] [INFO] [1789538761.590702626] [door_detection_node]: HSV handle observed: color=red, pixel=(132,124), conf=0.02, door_bbox=(54,0,141,240)
[controller_server-12] [INFO] [1789538762.717534164] [controller_server]: Passing new path to controller.
[controller_server-12] [INFO] [1789538763.967499522] [controller_server]: Passing new path to controller.
[door_detection_node-24] [INFO] [1789538764.385029674] [door_detection_node]: HSV handle observed: color=red, pixel=(256,124), conf=0.02, door_bbox=(184,0,266,240)
[controller_server-12] [INFO] [1789538765.342698541] [controller_server]: Passing new path to controller.
[door_detection_node-24] [INFO] [1789538765.574618904] [door_detection_node]: HSV handle observed: color=red, pixel=(216,123), conf=0.02, door_bbox=(147,0,225,240)
[controller_server-12] [INFO] [1789538766.595380030] [controller_server]: Passing new path to controller.
[door_detection_node-24] [INFO] [1789538766.668393192] [door_detection_node]: HSV handle observed: color=red, pixel=(184,123), conf=0.01, door_bbox=(115,0,194,240)
[door_detection_node-24] [INFO] [1789538767.716257209] [door_detection_node]: HSV handle observed: color=red, pixel=(160,123), conf=0.02, door_bbox=(89,0,170,240)
[controller_server-12] [INFO] [1789538767.967474289] [controller_server]: Passing new path to controller.
[door_detection_node-24] [INFO] [1789538768.841964051] [door_detection_node]: HSV handle observed: color=red, pixel=(126,124), conf=0.02, door_bbox=(40,0,135,240)
[controller_server-12] [INFO] [1789538769.217692746] [controller_server]: Passing new path to controller.
[state_machine_node-28] [INFO] [1789538769.621207288] [state_machine_node]: 보조 비상구 관측 저장: door_green_c8cbfc (17.9, -0.1)
[controller_server-12] [INFO] [1789538770.467507221] [controller_server]: Passing new path to controller.
[door_detection_node-24] [INFO] [1789538770.697168890] [door_detection_node]: HSV handle observed: color=red, pixel=(38,124), conf=0.05, door_bbox=(0,0,53,240)
[controller_server-12] [INFO] [1789538771.842494830] [controller_server]: Passing new path to controller.
[door_detection_node-24] [INFO] [1789538772.030402176] [door_detection_node]: YOLO handle observed (primary): pixel=(238,124), conf=0.48, bbox=(226, 117, 251, 132)
[door_detection_node-24] [INFO] [1789538772.035388756] [door_detection_node]: Handle camera-ray projection: pixel=(238,124), range=1.855m, z=0.759m
[controller_server-12] [INFO] [1789538773.092535067] [controller_server]: Passing new path to controller.
[door_detection_node-24] [INFO] [1789538773.413120669] [door_detection_node]: YOLO handle observed (primary): pixel=(153,124), conf=0.53, bbox=(138, 117, 168, 132)
[door_detection_node-24] [INFO] [1789538773.416851502] [door_detection_node]: Handle camera-ray projection: pixel=(153,124), range=1.705m, z=0.760m
[controller_server-12] [INFO] [1789538774.342521247] [controller_server]: Passing new path to controller.
[door_detection_node-24] [INFO] [1789538774.797874431] [door_detection_node]: YOLO handle observed (primary): pixel=(84,125), conf=0.60, bbox=(69, 117, 99, 133)
[door_detection_node-24] [INFO] [1789538774.803480576] [door_detection_node]: Handle camera-ray projection: pixel=(84,125), range=1.564m, z=0.757m
[controller_server-12] [INFO] [1789538775.717523992] [controller_server]: Passing new path to controller.
[door_detection_node-24] [INFO] [1789538776.259111194] [door_detection_node]: YOLO handle observed (primary): pixel=(19,126), conf=0.51, bbox=(5, 117, 33, 134)
[door_detection_node-24] [INFO] [1789538776.266704512] [door_detection_node]: Handle camera-ray projection: pixel=(19,126), range=1.579m, z=0.754m
[controller_server-12] [INFO] [1789538776.972270905] [controller_server]: Passing new path to controller.
[state_machine_node-28] [INFO] [1789538777.119024221] [state_machine_node]: 보조 비상구 관측 저장: door_green_2bf954 (16.3, 0.2)
[navigation_node-25] [WARN] [1789538777.573201612] [navigation_node]: Robot is 0.35m from explore goal (threshold=0.35m). Treating navigation as succeeded.
[state_machine_node-28] [INFO] [1789538777.575195075] [state_machine_node]: Navigation succeeded.
[bt_navigator-16] [ERROR] [1789538777.662150919] [bt_navigator_navigate_to_pose_rclcpp_node]: Failed to get result for follow_path in node halt!
[bt_navigator-16] [INFO] [1789538777.662417414] [bt_navigator]: [navigate_to_pose] [ActionServer] Client requested to cancel the goal. Cancelling.
[bt_navigator-16] [INFO] [1789538777.662741683] [bt_navigator]: Goal canceled
[controller_server-12] [INFO] [1789538777.717521313] [controller_server]: Goal was canceled. Stopping the robot.
[controller_server-12] [INFO] [1789538777.717658952] [controller_server]: [follow_path] [ActionServer] Client requested to cancel the goal. Cancelling.
[state_machine_node-28] [INFO] [1789538778.594414850] [state_machine_node]: 탐색 waypoint 도착. LiDAR+camera 재스캔을 계속합니다.
[state_machine_node-28] [INFO] [1789538778.594945887] [state_machine_node]: 색상 단서 없음. 다음 탐색 waypoint는 중앙 진행축을 유지합니다.
[state_machine_node-28] [INFO] [1789538778.595273237] [state_machine_node]: State: EXPLORING_NAVIGATING → EXPLORING
[state_machine_node-28] [INFO] [1789538779.804569090] [state_machine_node]: Explore waypoint reached; holding position for single-side camera/LiDAR side scan.
[state_machine_node-28] [INFO] [1789538784.265475093] [state_machine_node]: Explore waypoint side scan complete.
[state_machine_node-28] [INFO] [1789538784.265976422] [state_machine_node]: 파란 문 후보 없음. 2.0s 동안 정지 스캔 후 관측 기반 waypoint를 계획합니다.
[state_machine_node-28] [INFO] [1789538788.037403164] [state_machine_node]: Exit scan allowed: no-blue validation mode has an observed exit candidate.
[state_machine_node-28] [INFO] [1789538788.038145333] [state_machine_node]: 비상구 이동 전 마지막 측면 문 스캔 시작
[state_machine_node-28] [INFO] [1789538791.547550853] [state_machine_node]: Exit scan allowed: no-blue validation mode has an observed exit candidate.
[state_machine_node-28] [INFO] [1789538791.548436729] [state_machine_node]: Final exit scan complete. opened=0, no remaining blue door selected; moving to exit.
[state_machine_node-28] [INFO] [1789538791.552188991] [state_machine_node]: State: EXPLORING → EXITING
[state_machine_node-28] [INFO] [1789538792.349442623] [state_machine_node]: 비상구 탐지 확인: door_green_edeb5e (12.8, -3.9); Nav2 정렬 목표 (17.1, 0.0), 통과 완료 목표 (18.8, 0.0)를 사용합니다.
[navigation_node-25] [INFO] [1789538792.353994243] [navigation_node]: Navigation goal received: door emergency_exit_pass_through (color=green, frame=map, x=17.07, y=0.02)
[bt_navigator-16] [INFO] [1789538792.482908468] [bt_navigator]: Begin navigating from current location (9.19, 0.38) to (17.07, 0.02)
[navigation_node-25] [INFO] [1789538792.483776171] [navigation_node]: Navigation goal accepted by Nav2
[controller_server-12] [INFO] [1789538792.585210430] [controller_server]: Received a goal, begin computing control effort.
[controller_server-12] [INFO] [1789538793.836726039] [controller_server]: Passing new path to controller.
[controller_server-12] [INFO] [1789538795.085839431] [controller_server]: Passing new path to controller.
[controller_server-12] [INFO] [1789538796.460846387] [controller_server]: Passing new path to controller.
[controller_server-12] [INFO] [1789538797.585822731] [controller_server]: Passing new path to controller.
[controller_server-12] [INFO] [1789538798.960803689] [controller_server]: Passing new path to controller.
[door_detection_node-24] [INFO] [1789538799.260559041] [door_detection_node]: HSV handle observed: color=red, pixel=(6,126), conf=0.04, door_bbox=(0,0,45,240)
[controller_server-12] [INFO] [1789538800.210897796] [controller_server]: Passing new path to controller.
[door_detection_node-24] [INFO] [1789538800.721768698] [door_detection_node]: HSV handle observed: color=red, pixel=(110,125), conf=0.01, door_bbox=(0,0,141,240)
[state_machine_node-28] [INFO] [1789538801.497788644] [state_machine_node]: 보조 비상구 관측 저장: door_green_544e4e (16.6, -0.0)
[controller_server-12] [INFO] [1789538801.585804872] [controller_server]: Passing new path to controller.
[door_detection_node-24] [INFO] [1789538802.220175118] [door_detection_node]: HSV handle observed: color=red, pixel=(152,125), conf=0.01, door_bbox=(57,0,181,240)
[controller_server-12] [INFO] [1789538802.836089978] [controller_server]: Passing new path to controller.
[door_detection_node-24] [INFO] [1789538803.633320791] [door_detection_node]: YOLO handle observed (primary): pixel=(168,124), conf=0.37, bbox=(154, 116, 181, 133)
[door_detection_node-24] [INFO] [1789538803.638313896] [door_detection_node]: Handle camera-ray projection: pixel=(168,124), range=1.612m, z=0.761m
[controller_server-12] [INFO] [1789538804.085805426] [controller_server]: Passing new path to controller.
[door_detection_node-24] [INFO] [1789538805.153311360] [door_detection_node]: YOLO handle observed (primary): pixel=(174,125), conf=0.61, bbox=(160, 116, 188, 134)
[door_detection_node-24] [INFO] [1789538805.158476321] [door_detection_node]: Handle camera-ray projection: pixel=(174,125), range=1.538m, z=0.756m
[controller_server-12] [INFO] [1789538805.335832620] [controller_server]: Passing new path to controller.
[door_detection_node-24] [INFO] [1789538806.609966923] [door_detection_node]: YOLO handle observed (primary): pixel=(135,124), conf=0.73, bbox=(119, 116, 151, 133)
[door_detection_node-24] [INFO] [1789538806.615409127] [door_detection_node]: Handle camera-ray projection: pixel=(135,124), range=1.493m, z=0.764m
[controller_server-12] [INFO] [1789538806.710802489] [controller_server]: Passing new path to controller.
[state_machine_node-28] [INFO] [1789538807.386039792] [state_machine_node]: 보조 비상구 관측 저장: door_green_9a4247 (17.9, -0.0)
[controller_server-12] [INFO] [1789538807.960814130] [controller_server]: Passing new path to controller.
[door_detection_node-24] [INFO] [1789538808.317582217] [door_detection_node]: YOLO handle observed (primary): pixel=(75,125), conf=0.76, bbox=(58, 116, 92, 134)
[door_detection_node-24] [INFO] [1789538808.321870255] [door_detection_node]: Handle camera-ray projection: pixel=(75,125), range=1.443m, z=0.760m
[controller_server-12] [INFO] [1789538809.211295017] [controller_server]: Passing new path to controller.
[controller_server-12] [INFO] [1789538810.585817357] [controller_server]: Passing new path to controller.
[controller_server-12] [INFO] [1789538811.835932192] [controller_server]: Passing new path to controller.
[controller_server-12] [INFO] [1789538813.085845742] [controller_server]: Passing new path to controller.
[controller_server-12] [INFO] [1789538814.461512103] [controller_server]: Passing new path to controller.
[controller_server-12] [INFO] [1789538815.587111610] [controller_server]: Passing new path to controller.
[state_machine_node-28] [INFO] [1789538815.897026999] [state_machine_node]: 보조 비상구 관측 저장: door_green_9101a0 (17.3, 0.1)
[controller_server-12] [INFO] [1789538816.960866704] [controller_server]: Passing new path to controller.
[door_detection_node-24] [INFO] [1789538818.065662296] [door_detection_node]: HSV handle observed: color=red, pixel=(69,122), conf=0.01, door_bbox=(57,35,122,197)
[controller_server-12] [INFO] [1789538818.085820280] [controller_server]: Passing new path to controller.
[state_machine_node-28] [INFO] [1789538818.907888950] [state_machine_node]: 보조 비상구 관측 저장: door_green_9101a0 (17.9, 0.0)
[controller_server-12] [INFO] [1789538819.335823135] [controller_server]: Passing new path to controller.
[door_detection_node-24] [INFO] [1789538819.522596851] [door_detection_node]: HSV handle observed: color=red, pixel=(93,122), conf=0.01, door_bbox=(79,33,147,200)
[controller_server-12] [INFO] [1789538820.586758852] [controller_server]: Passing new path to controller.
[door_detection_node-24] [INFO] [1789538821.100913562] [door_detection_node]: HSV handle observed: color=red, pixel=(94,122), conf=0.01, door_bbox=(79,32,150,201)
[controller_server-12] [INFO] [1789538821.960808728] [controller_server]: Passing new path to controller.
[door_detection_node-24] [INFO] [1789538822.538964070] [door_detection_node]: HSV handle observed: color=red, pixel=(102,122), conf=0.01, door_bbox=(88,30,159,201)
[state_machine_node-28] [INFO] [1789538822.831528915] [state_machine_node]: 보조 비상구 관측 저장: door_green_fa17a9 (17.9, 0.0)
[controller_server-12] [INFO] [1789538823.210819365] [controller_server]: Passing new path to controller.
[door_detection_node-24] [INFO] [1789538824.151865328] [door_detection_node]: HSV handle observed: color=red, pixel=(112,122), conf=0.01, door_bbox=(95,26,170,205)
[controller_server-12] [INFO] [1789538824.585825333] [controller_server]: Passing new path to controller.
[door_detection_node-24] [INFO] [1789538825.774418747] [door_detection_node]: HSV handle observed: color=red, pixel=(128,122), conf=0.01, door_bbox=(111,25,187,208)
[controller_server-12] [INFO] [1789538825.836269937] [controller_server]: Passing new path to controller.
[state_machine_node-28] [INFO] [1789538826.735095836] [state_machine_node]: 보조 비상구 관측 저장: door_green_fa17a9 (17.9, 0.0)
[controller_server-12] [INFO] [1789538827.085819140] [controller_server]: Passing new path to controller.
[door_detection_node-24] [INFO] [1789538827.390649977] [door_detection_node]: HSV handle observed: color=red, pixel=(150,122), conf=0.01, door_bbox=(134,21,212,212)
[controller_server-12] [INFO] [1789538828.335894307] [controller_server]: Passing new path to controller.
[door_detection_node-24] [INFO] [1789538828.893846527] [door_detection_node]: HSV handle observed: color=red, pixel=(163,123), conf=0.01, door_bbox=(144,16,227,215)
[controller_server-12] [INFO] [1789538829.586314605] [controller_server]: Passing new path to controller.
[door_detection_node-24] [INFO] [1789538830.332362517] [door_detection_node]: HSV handle observed: color=red, pixel=(193,123), conf=0.00, door_bbox=(174,13,261,219)
[state_machine_node-28] [INFO] [1789538830.828594920] [state_machine_node]: 보조 비상구 관측 저장: door_green_fa17a9 (17.8, 0.0)
[controller_server-12] [INFO] [1789538830.960841658] [controller_server]: Passing new path to controller.
[door_detection_node-24] [INFO] [1789538831.924448952] [door_detection_node]: HSV handle observed: color=red, pixel=(225,123), conf=0.00, door_bbox=(206,8,298,223)
[controller_server-12] [INFO] [1789538832.211039102] [controller_server]: Passing new path to controller.
[door_detection_node-24] [INFO] [1789538833.450412923] [door_detection_node]: HSV handle observed: color=red, pixel=(288,123), conf=0.02, door_bbox=(263,0,319,233)
[controller_server-12] [INFO] [1789538833.460830046] [controller_server]: Passing new path to controller.
[controller_server-12] [INFO] [1789538834.585814103] [controller_server]: Passing new path to controller.
[state_machine_node-28] [INFO] [1789538834.932114986] [state_machine_node]: 보조 비상구 관측 저장: door_green_a95066 (17.9, -0.0)
[controller_server-12] [INFO] [1789538835.960771051] [controller_server]: Passing new path to controller.
[controller_server-12] [INFO] [1789538837.085812753] [controller_server]: Passing new path to controller.
[state_machine_node-28] [INFO] [1789538838.080347966] [state_machine_node]: 보조 비상구 관측 저장: door_green_87a9fb (17.9, 0.1)
[controller_server-12] [INFO] [1789538838.460823203] [controller_server]: Passing new path to controller.
[controller_server-12] [INFO] [1789538839.710897975] [controller_server]: Passing new path to controller.
[controller_server-12] [INFO] [1789538841.086179544] [controller_server]: Passing new path to controller.
[state_machine_node-28] [INFO] [1789538841.983183730] [state_machine_node]: 보조 비상구 관측 저장: door_green_f7b700 (17.5, 0.2)
[controller_server-12] [INFO] [1789538842.335819837] [controller_server]: Passing new path to controller.
[door_detection_node-24] [INFO] [1789538842.645740595] [door_detection_node]: HSV handle observed: color=red, pixel=(296,123), conf=0.03, door_bbox=(270,14,320,218)
[controller_server-12] [INFO] [1789538843.585852823] [controller_server]: Passing new path to controller.
[navigation_node-25] [WARN] [1789538843.986904241] [navigation_node]: Green navigation watchdog timeout (28.0s). final_dist=2.03, threshold=0.18, success=False.
[state_machine_node-28] [WARN] [1789538843.990764625] [state_machine_node]: Navigation failed.
[controller_server-12] [INFO] [1789538844.086302849] [controller_server]: Goal was canceled. Stopping the robot.
[controller_server-12] [INFO] [1789538844.086457430] [controller_server]: [follow_path] [ActionServer] Client requested to cancel the goal. Cancelling.
[bt_navigator-16] [INFO] [1789538844.086851681] [bt_navigator]: [navigate_to_pose] [ActionServer] Client requested to cancel the goal. Cancelling.
[bt_navigator-16] [INFO] [1789538844.086990103] [bt_navigator]: Goal canceled
[door_detection_node-24] [INFO] [1789538844.102663047] [door_detection_node]: HSV handle observed: color=red, pixel=(261,123), conf=0.02, door_bbox=(238,20,307,213)
[state_machine_node-28] [WARN] [1789538844.831106534] [state_machine_node]: 비상구 직접 통과 보류: 목표까지 3.67m 남음 (limit=2.80m). Nav2 정렬을 재시도합니다.
[state_machine_node-28] [WARN] [1789538844.832019828] [state_machine_node]: Exit Nav2 alignment failed while still far from the pass-through goal; retrying Nav2 alignment.
[state_machine_node-28] [INFO] [1789538844.832663060] [state_machine_node]: 비상구 탐지 확인: door_green_edeb5e (12.8, -3.9); Nav2 정렬 목표 (17.1, 0.0), 통과 완료 목표 (18.8, 0.0)를 사용합니다.
[state_machine_node-28] [INFO] [1789538844.833537809] [state_machine_node]: EXITING 상태에서는 기존 관측 기반 출구 목표를 유지합니다: Nav2 정렬 목표 (17.1, 0.0), 통과 완료 목표 (18.8, 0.0).
[navigation_node-25] [INFO] [1789538844.836939268] [navigation_node]: Navigation goal received: door emergency_exit_pass_through (color=green, frame=map, x=17.07, y=0.02)
[bt_navigator-16] [INFO] [1789538844.966488152] [bt_navigator]: Begin navigating from current location (15.13, 0.46) to (17.07, 0.02)
[navigation_node-25] [INFO] [1789538844.968713676] [navigation_node]: Navigation goal accepted by Nav2
[controller_server-12] [INFO] [1789538845.172382886] [controller_server]: Received a goal, begin computing control effort.
[door_detection_node-24] [INFO] [1789538845.488236860] [door_detection_node]: HSV handle observed: color=red, pixel=(260,123), conf=0.02, door_bbox=(238,20,306,213)
[controller_server-12] [INFO] [1789538846.547968326] [controller_server]: Passing new path to controller.
[state_machine_node-28] [INFO] [1789538846.680751348] [state_machine_node]: 보조 비상구 관측 저장: door_green_108288 (17.9, 0.3)
[door_detection_node-24] [INFO] [1789538847.099914659] [door_detection_node]: HSV handle observed: color=red, pixel=(254,123), conf=0.02, door_bbox=(234,18,298,212)
[controller_server-12] [INFO] [1789538847.798047144] [controller_server]: Passing new path to controller.
[door_detection_node-24] [INFO] [1789538848.643128060] [door_detection_node]: HSV handle observed: color=red, pixel=(262,123), conf=0.02, door_bbox=(239,17,300,217)
[controller_server-12] [INFO] [1789538849.048012177] [controller_server]: Passing new path to controller.
[state_machine_node-28] [INFO] [1789538849.871366473] [state_machine_node]: 보조 비상구 관측 저장: door_green_108288 (17.9, 0.1)
[controller_server-12] [INFO] [1789538850.173428566] [controller_server]: Passing new path to controller.
[controller_server-12] [INFO] [1789538851.548407068] [controller_server]: Passing new path to controller.
[controller_server-12] [INFO] [1789538852.798003325] [controller_server]: Passing new path to controller.
[state_machine_node-28] [INFO] [1789538853.963281430] [state_machine_node]: 보조 비상구 관측 저장: door_green_962e08 (17.9, -0.0)
[controller_server-12] [INFO] [1789538854.173216510] [controller_server]: Passing new path to controller.
[controller_server-12] [INFO] [1789538855.298560567] [controller_server]: Passing new path to controller.
[controller_server-12] [INFO] [1789538856.673018167] [controller_server]: Passing new path to controller.
[state_machine_node-28] [INFO] [1789538857.362268898] [state_machine_node]: 보조 비상구 관측 저장: door_green_dc1984 (17.9, -0.1)
[controller_server-12] [INFO] [1789538857.922982054] [controller_server]: Passing new path to controller.
[controller_server-12] [INFO] [1789538859.172977703] [controller_server]: Passing new path to controller.
[state_machine_node-28] [INFO] [1789538860.372050254] [state_machine_node]: 보조 비상구 관측 저장: door_green_d8af65 (18.7, -0.5)
[controller_server-12] [INFO] [1789538860.548026822] [controller_server]: Passing new path to controller.
[controller_server-12] [INFO] [1789538861.673008748] [controller_server]: Passing new path to controller.
[controller_server-12] [INFO] [1789538862.797991826] [controller_server]: Passing new path to controller.
[controller_server-12] [INFO] [1789538864.173053710] [controller_server]: Passing new path to controller.
[controller_server-12] [INFO] [1789538864.306423565] [controller_server]: Reached the goal!
[bt_navigator-16] [INFO] [1789538864.767183807] [bt_navigator]: Goal succeeded
[navigation_node-25] [INFO] [1789538864.768737116] [navigation_node]: Navigation succeeded.
[state_machine_node-28] [INFO] [1789538864.770387407] [state_machine_node]: Navigation succeeded.
[state_machine_node-28] [WARN] [1789538865.382175887] [state_machine_node]: 비상구 완료 조건 미달: dist=1.78m, goal=(18.77, 0.02), robot=(16.99, -0.05), lateral_error=0.05m/0.85m, yaw_error=40deg
[state_machine_node-28] [INFO] [1789538865.383121813] [state_machine_node]: 비상구 앞 정렬 완료. 마지막 통과 구간은 목표점 방향으로 보정 주행합니다.
[state_machine_node-28] [WARN] [1789538866.235304362] [state_machine_node]: 비상구 완료 조건 미달: dist=1.78m, goal=(18.77, 0.02), robot=(16.99, -0.05), lateral_error=0.05m/0.85m, yaw_error=40deg
[state_machine_node-28] [WARN] [1789538867.097343211] [state_machine_node]: 비상구 완료 조건 미달: dist=1.70m, goal=(18.77, 0.02), robot=(17.06, 0.01), lateral_error=0.01m/0.85m, yaw_error=27deg
[state_machine_node-28] [INFO] [1789538867.740062887] [state_machine_node]: 보조 비상구 관측 저장: door_green_dc1984 (19.1, 0.2)
[state_machine_node-28] [WARN] [1789538867.956470590] [state_machine_node]: 비상구 완료 조건 미달: dist=1.58m, goal=(18.77, 0.02), robot=(17.18, 0.07), lateral_error=0.07m/0.85m, yaw_error=10deg
[state_machine_node-28] [WARN] [1789538868.817174557] [state_machine_node]: 비상구 완료 조건 미달: dist=1.47m, goal=(18.77, 0.02), robot=(17.30, 0.11), lateral_error=0.11m/0.85m, yaw_error=1deg
[state_machine_node-28] [WARN] [1789538869.736314902] [state_machine_node]: 비상구 완료 조건 미달: dist=1.34m, goal=(18.77, 0.02), robot=(17.43, 0.11), lateral_error=0.11m/0.85m, yaw_error=3deg
[state_machine_node-28] [WARN] [1789538870.577404961] [state_machine_node]: 비상구 완료 조건 미달: dist=1.21m, goal=(18.77, 0.02), robot=(17.56, 0.11), lateral_error=0.11m/0.85m, yaw_error=4deg
[state_machine_node-28] [INFO] [1789538870.948276750] [state_machine_node]: 보조 비상구 관측 저장: door_green_dc1984 (19.5, -0.0)
[state_machine_node-28] [WARN] [1789538871.589032585] [state_machine_node]: 비상구 완료 조건 미달: dist=1.09m, goal=(18.77, 0.02), robot=(17.68, 0.10), lateral_error=0.10m/0.85m, yaw_error=4deg
[state_machine_node-28] [WARN] [1789538872.434059765] [state_machine_node]: 비상구 완료 조건 미달: dist=0.97m, goal=(18.77, 0.02), robot=(17.80, 0.09), lateral_error=0.09m/0.85m, yaw_error=4deg
[state_machine_node-28] [WARN] [1789538873.327850057] [state_machine_node]: 비상구 완료 조건 미달: dist=0.84m, goal=(18.77, 0.02), robot=(17.93, 0.08), lateral_error=0.08m/0.85m, yaw_error=4deg
[state_machine_node-28] [WARN] [1789538874.313041690] [state_machine_node]: 비상구 완료 조건 미달: dist=0.71m, goal=(18.77, 0.02), robot=(18.06, 0.07), lateral_error=0.07m/0.85m, yaw_error=4deg
[state_machine_node-28] [WARN] [1789538875.208038892] [state_machine_node]: 비상구 완료 조건 미달: dist=0.59m, goal=(18.77, 0.02), robot=(18.18, 0.06), lateral_error=0.06m/0.85m, yaw_error=4deg
[state_machine_node-28] [WARN] [1789538876.068540321] [state_machine_node]: 비상구 완료 조건 미달: dist=0.47m, goal=(18.77, 0.02), robot=(18.30, 0.05), lateral_error=0.05m/0.85m, yaw_error=4deg
[state_machine_node-28] [INFO] [1789538876.951888116] [state_machine_node]: State: EXITING → MISSION_COMPLETE
[state_machine_node-28] [INFO] [1789538877.801668532] [state_machine_node]: 미션 완료! 개방한 문: 0개. 로봇이 비상구에 도착했습니다.
