[INFO] [launch]: All log files can be found below /home/junyoung/.ros/log/2026-09-29-11-55-35-776828-BOOK-9IO69NR1EM-7321
[INFO] [launch]: Default logging verbosity is set to INFO
[INFO] [motion_scan_filter-1]: process started with pid [7352]
[INFO] [slam_correction_tf-2]: process started with pid [7354]
[INFO] [ign-3]: process started with pid [7356]
[INFO] [robot_state_publisher-4]: process started with pid [7358]
[INFO] [static_transform_publisher-5]: process started with pid [7360]
[INFO] [cmd_vel_safety_node-6]: process started with pid [7362]
[INFO] [create-7]: process started with pid [7364]
[INFO] [parameter_bridge-8]: process started with pid [7366]
[INFO] [parameter_bridge-9]: process started with pid [7368]
[INFO] [parameter_bridge-10]: process started with pid [7370]
[INFO] [parameter_bridge-11]: process started with pid [7372]
[static_transform_publisher-5] [WARN] [1790650535.973310331] []: Old-style arguments are deprecated; see --help for new-style arguments
[static_transform_publisher-5] [INFO] [1790650536.005943655] [sim_lidar_sensor_tf]: Spinning until stopped - publishing transform
[static_transform_publisher-5] translation: ('0.200000', '0.000000', '0.070000')
[static_transform_publisher-5] rotation: ('0.000000', '0.000000', '0.000000', '1.000000')
[static_transform_publisher-5] from 'base_link' to 'fire_robot/base_footprint/lidar_sensor'
[create-7] [INFO] [1790650536.014926527] [spawn_fire_robot]: Requesting list of world names.
[robot_state_publisher-4] [INFO] [1790650536.032510772] [robot_state_publisher]: got segment arm_base_link
[robot_state_publisher-4] [INFO] [1790650536.032674304] [robot_state_publisher]: got segment arm_link1
[robot_state_publisher-4] [INFO] [1790650536.032687308] [robot_state_publisher]: got segment arm_link2
[robot_state_publisher-4] [INFO] [1790650536.032692146] [robot_state_publisher]: got segment arm_link3
[robot_state_publisher-4] [INFO] [1790650536.032695987] [robot_state_publisher]: got segment arm_link4
[robot_state_publisher-4] [INFO] [1790650536.032699816] [robot_state_publisher]: got segment arm_link5
[robot_state_publisher-4] [INFO] [1790650536.032703541] [robot_state_publisher]: got segment arm_link6
[robot_state_publisher-4] [INFO] [1790650536.032707082] [robot_state_publisher]: got segment base_footprint
[robot_state_publisher-4] [INFO] [1790650536.032710627] [robot_state_publisher]: got segment base_link
[robot_state_publisher-4] [INFO] [1790650536.032714315] [robot_state_publisher]: got segment camera_color_optical_frame
[robot_state_publisher-4] [INFO] [1790650536.032718194] [robot_state_publisher]: got segment camera_front_left_link
[robot_state_publisher-4] [INFO] [1790650536.032721791] [robot_state_publisher]: got segment camera_front_left_optical_frame
[robot_state_publisher-4] [INFO] [1790650536.032725522] [robot_state_publisher]: got segment camera_front_right_link
[robot_state_publisher-4] [INFO] [1790650536.032728708] [robot_state_publisher]: got segment camera_front_right_optical_frame
[robot_state_publisher-4] [INFO] [1790650536.032732066] [robot_state_publisher]: got segment camera_link
[robot_state_publisher-4] [INFO] [1790650536.032735647] [robot_state_publisher]: got segment depth_camera_link
[robot_state_publisher-4] [INFO] [1790650536.032738989] [robot_state_publisher]: got segment depth_optical_frame
[robot_state_publisher-4] [INFO] [1790650536.032748549] [robot_state_publisher]: got segment front_left_wheel
[robot_state_publisher-4] [INFO] [1790650536.032751770] [robot_state_publisher]: got segment front_right_wheel
[robot_state_publisher-4] [INFO] [1790650536.032754896] [robot_state_publisher]: got segment gripper_base_link
[robot_state_publisher-4] [INFO] [1790650536.032758271] [robot_state_publisher]: got segment gripper_finger_left
[robot_state_publisher-4] [INFO] [1790650536.032761302] [robot_state_publisher]: got segment gripper_finger_right
[robot_state_publisher-4] [INFO] [1790650536.032764775] [robot_state_publisher]: got segment lidar_link
[robot_state_publisher-4] [INFO] [1790650536.032768499] [robot_state_publisher]: got segment rear_left_wheel
[robot_state_publisher-4] [INFO] [1790650536.032772073] [robot_state_publisher]: got segment rear_right_wheel
[parameter_bridge-8] [INFO] [1790650536.041892117] [gz_clock_bridge]: Creating GZ->ROS Bridge: [/clock (gz.msgs.Clock) -> /clock (rosgraph_msgs/msg/Clock)] (Lazy 0)
[parameter_bridge-9] [INFO] [1790650536.045944757] [gz_motion_bridge]: Creating GZ->ROS Bridge: [/scan (gz.msgs.LaserScan) -> /scan (sensor_msgs/msg/LaserScan)] (Lazy 0)
[parameter_bridge-9] [INFO] [1790650536.050821454] [gz_motion_bridge]: Creating ROS->GZ Bridge: [/cmd_vel (geometry_msgs/msg/Twist) -> /cmd_vel (gz.msgs.Twist)] (Lazy 0)
[parameter_bridge-10] [INFO] [1790650536.051334128] [gz_selected_odometry_bridge]: Creating GZ->ROS Bridge: [/wheel_odom (gz.msgs.Odometry) -> /wheel_odom (nav_msgs/msg/Odometry)] (Lazy 0)
[parameter_bridge-11] [INFO] [1790650536.052278749] [gz_rgb_camera_bridge]: Creating GZ->ROS Bridge: [/camera_raw (gz.msgs.Image) -> /camera_raw (sensor_msgs/msg/Image)] (Lazy 0)
[parameter_bridge-9] [INFO] [1790650536.052671177] [gz_motion_bridge]: Creating GZ->ROS Bridge: [/joint_states (gz.msgs.Model) -> /joint_states (sensor_msgs/msg/JointState)] (Lazy 0)
[parameter_bridge-11] [INFO] [1790650536.054299369] [gz_rgb_camera_bridge]: Creating GZ->ROS Bridge: [/camera_raw/camera_info (gz.msgs.CameraInfo) -> /camera_raw/camera_info (sensor_msgs/msg/CameraInfo)] (Lazy 0)
[parameter_bridge-11] [INFO] [1790650536.055049997] [gz_rgb_camera_bridge]: Creating GZ->ROS Bridge: [/camera_front_left_raw (gz.msgs.Image) -> /camera_front_left_raw (sensor_msgs/msg/Image)] (Lazy 0)
[parameter_bridge-10] [INFO] [1790650536.055342325] [gz_selected_odometry_bridge]: Creating GZ->ROS Bridge: [/wheel_tf (gz.msgs.Pose_V) -> /wheel_tf (tf2_msgs/msg/TFMessage)] (Lazy 0)
[parameter_bridge-11] [INFO] [1790650536.055789127] [gz_rgb_camera_bridge]: Creating GZ->ROS Bridge: [/camera_front_left_raw/camera_info (gz.msgs.CameraInfo) -> /camera_front_left_raw/camera_info (sensor_msgs/msg/CameraInfo)] (Lazy 0)
[parameter_bridge-11] [INFO] [1790650536.057421020] [gz_rgb_camera_bridge]: Creating GZ->ROS Bridge: [/camera_front_right_raw (gz.msgs.Image) -> /camera_front_right_raw (sensor_msgs/msg/Image)] (Lazy 0)
[parameter_bridge-11] [INFO] [1790650536.058304170] [gz_rgb_camera_bridge]: Creating GZ->ROS Bridge: [/camera_front_right_raw/camera_info (gz.msgs.CameraInfo) -> /camera_front_right_raw/camera_info (sensor_msgs/msg/CameraInfo)] (Lazy 0)
[cmd_vel_safety_node-6] [INFO] [1790650536.247195178] [cmd_vel_safety_node]: CmdVelSafetyNode started | nav=/cmd_vel, manual=/cmd_vel_manual -> /cmd_vel_safe manual_hold=0.75s, allow_reverse=True, micro_reverse=0.050m/s, LiDAR stops(front/rear/turn)=0.48/0.40/0.32m, manual_lidar_stop=True
[create-7] [INFO] [1790650536.554953193] [spawn_fire_robot]: Waiting messages on topic [/robot_description].
[create-7] [INFO] [1790650536.566721342] [spawn_fire_robot]: Requested creation of entity.
[create-7] [INFO] [1790650536.566769707] [spawn_fire_robot]: OK creation of entity.
[INFO] [create-7]: process has finished cleanly [pid 7364]
[ign-3] [1;33mWarning [Utils.cc:129][0m [/sdf/model[@name="fire_robot"]/link[@name="base_footprint"]/sensor[@name="lidar_sensor"]/lidar/noise[@type="gaussian"]:<urdf-string>:L0]: XML Attribute[type] in element[noise] not defined in SDF.
[INFO] [async_slam_toolbox_node-12]: process started with pid [7653]
[async_slam_toolbox_node-12] [INFO] [1790650544.034497791] [slam_toolbox]: Node using stack size 40000000
[async_slam_toolbox_node-12] [INFO] [1790650544.104840606] [slam_toolbox]: Using solver plugin solver_plugins::CeresSolver
[async_slam_toolbox_node-12] [INFO] [1790650544.105258393] [slam_toolbox]: CeresSolver: Using SCHUR_JACOBI preconditioner.
[async_slam_toolbox_node-12] [INFO] [1790650544.377951322] [slam_toolbox]: Message Filter dropping message: frame 'lidar_link' at time 4.648 for reason 'the timestamp on the message is earlier than all the data in the transform cache'
[async_slam_toolbox_node-12] [WARN] [1790650544.396129536] [slam_toolbox]: minimum laser range setting (0.0 m) exceeds the capabilities of the used Lidar (0.2 m)
[async_slam_toolbox_node-12] Registering sensor: [Custom Described Lidar]
[INFO] [controller_server-13]: process started with pid [7685]
[INFO] [smoother_server-14]: process started with pid [7687]
[INFO] [planner_server-15]: process started with pid [7689]
[INFO] [behavior_server-16]: process started with pid [7691]
[INFO] [bt_navigator-17]: process started with pid [7693]
[INFO] [velocity_smoother-18]: process started with pid [7695]
[INFO] [lifecycle_manager-19]: process started with pid [7738]
[planner_server-15] [INFO] [1790650548.222174914] [planner_server]: 
[planner_server-15] 	planner_server lifecycle node launched. 
[planner_server-15] 	Waiting on external lifecycle transitions to activate
[planner_server-15] 	See https://design.ros2.org/articles/node_lifecycle.html for more information.
[planner_server-15] [INFO] [1790650548.224348437] [planner_server]: Creating
[smoother_server-14] [INFO] [1790650548.551764444] [smoother_server]: 
[smoother_server-14] 	smoother_server lifecycle node launched. 
[smoother_server-14] 	Waiting on external lifecycle transitions to activate
[smoother_server-14] 	See https://design.ros2.org/articles/node_lifecycle.html for more information.
[smoother_server-14] [INFO] [1790650548.553402629] [smoother_server]: Creating smoother server
[bt_navigator-17] [INFO] [1790650548.557101588] [bt_navigator]: 
[bt_navigator-17] 	bt_navigator lifecycle node launched. 
[bt_navigator-17] 	Waiting on external lifecycle transitions to activate
[bt_navigator-17] 	See https://design.ros2.org/articles/node_lifecycle.html for more information.
[bt_navigator-17] [INFO] [1790650548.557337417] [bt_navigator]: Creating
[behavior_server-16] [INFO] [1790650548.564043026] [behavior_server]: 
[behavior_server-16] 	behavior_server lifecycle node launched. 
[behavior_server-16] 	Waiting on external lifecycle transitions to activate
[behavior_server-16] 	See https://design.ros2.org/articles/node_lifecycle.html for more information.
[planner_server-15] [INFO] [1790650548.564630030] [global_costmap.global_costmap]: 
[planner_server-15] 	global_costmap lifecycle node launched. 
[planner_server-15] 	Waiting on external lifecycle transitions to activate
[planner_server-15] 	See https://design.ros2.org/articles/node_lifecycle.html for more information.
[planner_server-15] [INFO] [1790650548.565163509] [global_costmap.global_costmap]: Creating Costmap
[velocity_smoother-18] [INFO] [1790650548.567765209] [velocity_smoother]: 
[velocity_smoother-18] 	velocity_smoother lifecycle node launched. 
[velocity_smoother-18] 	Waiting on external lifecycle transitions to activate
[velocity_smoother-18] 	See https://design.ros2.org/articles/node_lifecycle.html for more information.
[lifecycle_manager-19] [INFO] [1790650548.581397086] [lifecycle_manager_navigation]: Creating
[lifecycle_manager-19] [INFO] [1790650548.586042281] [lifecycle_manager_navigation]: [34m[1mCreating and initializing lifecycle service clients[0m[0m
[controller_server-13] [INFO] [1790650548.589739416] [controller_server]: 
[controller_server-13] 	controller_server lifecycle node launched. 
[controller_server-13] 	Waiting on external lifecycle transitions to activate
[controller_server-13] 	See https://design.ros2.org/articles/node_lifecycle.html for more information.
[controller_server-13] [INFO] [1790650548.597754785] [controller_server]: Creating controller server
[controller_server-13] [INFO] [1790650548.636695689] [local_costmap.local_costmap]: 
[controller_server-13] 	local_costmap lifecycle node launched. 
[controller_server-13] 	Waiting on external lifecycle transitions to activate
[controller_server-13] 	See https://design.ros2.org/articles/node_lifecycle.html for more information.
[controller_server-13] [INFO] [1790650548.637584304] [local_costmap.local_costmap]: Creating Costmap
[lifecycle_manager-19] [INFO] [1790650549.215035593] [lifecycle_manager_navigation]: [34m[1mStarting managed nodes bringup...[0m[0m
[lifecycle_manager-19] [INFO] [1790650549.215098760] [lifecycle_manager_navigation]: [34m[1mConfiguring controller_server[0m[0m
[controller_server-13] [INFO] [1790650549.633578301] [controller_server]: Configuring controller interface
[controller_server-13] [INFO] [1790650549.634558394] [controller_server]: getting goal checker plugins..
[controller_server-13] [INFO] [1790650549.634918371] [controller_server]: Controller frequency set to 8.0000Hz
[controller_server-13] [INFO] [1790650549.634992556] [local_costmap.local_costmap]: Configuring
[controller_server-13] [INFO] [1790650549.645528312] [local_costmap.local_costmap]: Using plugin "obstacle_layer"
[controller_server-13] [INFO] [1790650549.650088417] [local_costmap.local_costmap]: Subscribed to Topics: scan
[controller_server-13] [INFO] [1790650549.656738726] [local_costmap.local_costmap]: Initialized plugin "obstacle_layer"
[controller_server-13] [INFO] [1790650549.656821749] [local_costmap.local_costmap]: Using plugin "inflation_layer"
[controller_server-13] [INFO] [1790650549.658089035] [local_costmap.local_costmap]: Initialized plugin "inflation_layer"
[controller_server-13] [INFO] [1790650549.675508066] [controller_server]: Created progress_checker : progress_checker of type nav2_controller::SimpleProgressChecker
[controller_server-13] [INFO] [1790650549.676531144] [controller_server]: Created goal checker : general_goal_checker of type nav2_controller::SimpleGoalChecker
[controller_server-13] [INFO] [1790650549.677033988] [controller_server]: Controller Server has general_goal_checker  goal checkers available.
[controller_server-13] [INFO] [1790650549.679049479] [controller_server]: Created controller : FollowPath of type nav2_rotation_shim_controller::RotationShimController
[controller_server-13] [INFO] [1790650549.685135544] [controller_server]: Created internal controller for rotation shimming: FollowPath of type dwb_core::DWBLocalPlanner
[controller_server-13] [INFO] [1790650549.685830504] [controller_server]: Setting transform_tolerance to 0.300000
[controller_server-13] [INFO] [1790650549.706975106] [controller_server]: Using critic "RotateToGoal" (dwb_critics::RotateToGoalCritic)
[controller_server-13] [INFO] [1790650549.707904067] [controller_server]: Critic plugin initialized
[controller_server-13] [INFO] [1790650549.708115596] [controller_server]: Using critic "Oscillation" (dwb_critics::OscillationCritic)
[controller_server-13] [INFO] [1790650549.709322507] [controller_server]: Critic plugin initialized
[controller_server-13] [INFO] [1790650549.709479050] [controller_server]: Using critic "BaseObstacle" (dwb_critics::BaseObstacleCritic)
[controller_server-13] [INFO] [1790650549.709828897] [controller_server]: Critic plugin initialized
[controller_server-13] [INFO] [1790650549.709941612] [controller_server]: Using critic "ObstacleFootprint" (dwb_critics::ObstacleFootprintCritic)
[controller_server-13] [INFO] [1790650549.710067656] [controller_server]: Critic plugin initialized
[controller_server-13] [INFO] [1790650549.710197847] [controller_server]: Using critic "GoalAlign" (dwb_critics::GoalAlignCritic)
[controller_server-13] [INFO] [1790650549.711140891] [controller_server]: Critic plugin initialized
[controller_server-13] [INFO] [1790650549.711486843] [controller_server]: Using critic "PathAlign" (dwb_critics::PathAlignCritic)
[controller_server-13] [INFO] [1790650549.712759726] [controller_server]: Critic plugin initialized
[controller_server-13] [INFO] [1790650549.712939782] [controller_server]: Using critic "PathDist" (dwb_critics::PathDistCritic)
[controller_server-13] [INFO] [1790650549.713606238] [controller_server]: Critic plugin initialized
[controller_server-13] [INFO] [1790650549.713951352] [controller_server]: Using critic "GoalDist" (dwb_critics::GoalDistCritic)
[controller_server-13] [INFO] [1790650549.714611194] [controller_server]: Critic plugin initialized
[controller_server-13] [INFO] [1790650549.714652872] [controller_server]: Controller Server has FollowPath  controllers available.
[lifecycle_manager-19] [INFO] [1790650549.730232252] [lifecycle_manager_navigation]: [34m[1mConfiguring smoother_server[0m[0m
[smoother_server-14] [INFO] [1790650549.730608196] [smoother_server]: Configuring smoother server
[smoother_server-14] [INFO] [1790650549.745934239] [smoother_server]: Created smoother : simple_smoother of type nav2_smoother::SimpleSmoother
[smoother_server-14] [INFO] [1790650549.746382486] [smoother_server]: Smoother Server has simple_smoother  smoothers available.
[lifecycle_manager-19] [INFO] [1790650549.756154704] [lifecycle_manager_navigation]: [34m[1mConfiguring planner_server[0m[0m
[planner_server-15] [INFO] [1790650549.756632059] [planner_server]: Configuring
[planner_server-15] [INFO] [1790650549.756752091] [global_costmap.global_costmap]: Configuring
[planner_server-15] [INFO] [1790650549.767307846] [global_costmap.global_costmap]: Using plugin "static_layer"
[planner_server-15] [INFO] [1790650549.772217342] [global_costmap.global_costmap]: Subscribing to the map topic (/map) with transient local durability
[planner_server-15] [INFO] [1790650549.775049844] [global_costmap.global_costmap]: Subscribing to updates
[planner_server-15] [INFO] [1790650549.776960260] [global_costmap.global_costmap]: Initialized plugin "static_layer"
[planner_server-15] [INFO] [1790650549.777004641] [global_costmap.global_costmap]: Using plugin "obstacle_layer"
[planner_server-15] [INFO] [1790650549.778212109] [global_costmap.global_costmap]: Subscribed to Topics: scan
[planner_server-15] [INFO] [1790650549.782378352] [global_costmap.global_costmap]: Initialized plugin "obstacle_layer"
[planner_server-15] [INFO] [1790650549.782474442] [global_costmap.global_costmap]: Using plugin "inflation_layer"
[planner_server-15] [INFO] [1790650549.784400371] [global_costmap.global_costmap]: Initialized plugin "inflation_layer"
[planner_server-15] [INFO] [1790650549.799222093] [global_costmap.global_costmap]: StaticLayer: Resizing static layer to 190 X 82 at 0.050000 m/pix
[planner_server-15] [INFO] [1790650549.804640442] [planner_server]: Created global planner plugin GridBased of type nav2_smac_planner/SmacPlanner2D
[planner_server-15] [INFO] [1790650549.804755307] [planner_server]: Configuring GridBased of type SmacPlanner2D
[planner_server-15] [INFO] [1790650549.809963992] [planner_server]: Configured plugin GridBased of type SmacPlanner2D with tolerance 0.55, maximum iterations 1000000, max on approach iterations 1000, and not allowing unknown traversal.
[planner_server-15] [INFO] [1790650549.810018459] [planner_server]: Planner Server has GridBased  planners available.
[lifecycle_manager-19] [INFO] [1790650549.829833274] [lifecycle_manager_navigation]: [34m[1mConfiguring behavior_server[0m[0m
[behavior_server-16] [INFO] [1790650549.830245839] [behavior_server]: Configuring
[behavior_server-16] [INFO] [1790650549.845607434] [behavior_server]: Creating behavior plugin spin of type nav2_behaviors/Spin
[behavior_server-16] [INFO] [1790650549.846402163] [behavior_server]: Configuring spin
[behavior_server-16] [INFO] [1790650549.858384666] [behavior_server]: Creating behavior plugin backup of type nav2_behaviors/BackUp
[behavior_server-16] [INFO] [1790650549.859314381] [behavior_server]: Configuring backup
[behavior_server-16] [INFO] [1790650549.872741399] [behavior_server]: Creating behavior plugin drive_on_heading of type nav2_behaviors/DriveOnHeading
[behavior_server-16] [INFO] [1790650549.873466807] [behavior_server]: Configuring drive_on_heading
[behavior_server-16] [INFO] [1790650549.885327599] [behavior_server]: Creating behavior plugin assisted_teleop of type nav2_behaviors/AssistedTeleop
[behavior_server-16] [INFO] [1790650549.886671914] [behavior_server]: Configuring assisted_teleop
[behavior_server-16] [INFO] [1790650549.900631834] [behavior_server]: Creating behavior plugin wait of type nav2_behaviors/Wait
[behavior_server-16] [INFO] [1790650549.901187825] [behavior_server]: Configuring wait
[lifecycle_manager-19] [INFO] [1790650549.913734497] [lifecycle_manager_navigation]: [34m[1mConfiguring bt_navigator[0m[0m
[bt_navigator-17] [INFO] [1790650549.914224311] [bt_navigator]: Configuring
[lifecycle_manager-19] [INFO] [1790650550.029266394] [lifecycle_manager_navigation]: [34m[1mConfiguring velocity_smoother[0m[0m
[velocity_smoother-18] [INFO] [1790650550.029853011] [velocity_smoother]: Configuring velocity smoother
[lifecycle_manager-19] [INFO] [1790650550.037672929] [lifecycle_manager_navigation]: [34m[1mActivating controller_server[0m[0m
[controller_server-13] [INFO] [1790650550.038211497] [controller_server]: Activating
[controller_server-13] [INFO] [1790650550.038253842] [local_costmap.local_costmap]: Activating
[controller_server-13] [INFO] [1790650550.038263337] [local_costmap.local_costmap]: Checking transform
[controller_server-13] [INFO] [1790650550.038538031] [local_costmap.local_costmap]: start
[controller_server-13] [INFO] [1790650550.289994562] [controller_server]: Activating controller: FollowPath of type nav2_rotation_shim_controller::RotationShimController
[controller_server-13] [INFO] [1790650550.290190854] [controller_server]: Creating bond (controller_server) to lifecycle manager.
[lifecycle_manager-19] [INFO] [1790650550.398197866] [lifecycle_manager_navigation]: Server controller_server connected with bond.
[lifecycle_manager-19] [INFO] [1790650550.398289920] [lifecycle_manager_navigation]: [34m[1mActivating smoother_server[0m[0m
[smoother_server-14] [INFO] [1790650550.398787699] [smoother_server]: Activating
[smoother_server-14] [INFO] [1790650550.398833474] [smoother_server]: Creating bond (smoother_server) to lifecycle manager.
[lifecycle_manager-19] [INFO] [1790650550.507035869] [lifecycle_manager_navigation]: Server smoother_server connected with bond.
[lifecycle_manager-19] [INFO] [1790650550.507111525] [lifecycle_manager_navigation]: [34m[1mActivating planner_server[0m[0m
[planner_server-15] [INFO] [1790650550.507529883] [planner_server]: Activating
[planner_server-15] [INFO] [1790650550.507587328] [global_costmap.global_costmap]: Activating
[planner_server-15] [INFO] [1790650550.507601768] [global_costmap.global_costmap]: Checking transform
[planner_server-15] [INFO] [1790650550.507758891] [global_costmap.global_costmap]: start
[planner_server-15] [INFO] [1790650551.059179289] [planner_server]: Activating plugin GridBased of type SmacPlanner2D
[planner_server-15] [INFO] [1790650551.060951241] [planner_server]: Creating bond (planner_server) to lifecycle manager.
[lifecycle_manager-19] [INFO] [1790650551.166430209] [lifecycle_manager_navigation]: Server planner_server connected with bond.
[lifecycle_manager-19] [INFO] [1790650551.166491273] [lifecycle_manager_navigation]: [34m[1mActivating behavior_server[0m[0m
[behavior_server-16] [INFO] [1790650551.166886416] [behavior_server]: Activating
[behavior_server-16] [INFO] [1790650551.166916103] [behavior_server]: Activating spin
[behavior_server-16] [INFO] [1790650551.166925281] [behavior_server]: Activating backup
[behavior_server-16] [INFO] [1790650551.166931827] [behavior_server]: Activating drive_on_heading
[behavior_server-16] [INFO] [1790650551.166938533] [behavior_server]: Activating assisted_teleop
[behavior_server-16] [INFO] [1790650551.166945399] [behavior_server]: Activating wait
[behavior_server-16] [INFO] [1790650551.166954895] [behavior_server]: Creating bond (behavior_server) to lifecycle manager.
[lifecycle_manager-19] [INFO] [1790650551.277566696] [lifecycle_manager_navigation]: Server behavior_server connected with bond.
[lifecycle_manager-19] [INFO] [1790650551.277624298] [lifecycle_manager_navigation]: [34m[1mActivating bt_navigator[0m[0m
[bt_navigator-17] [INFO] [1790650551.278125828] [bt_navigator]: Activating
[bt_navigator-17] [INFO] [1790650551.396357094] [bt_navigator]: Creating bond (bt_navigator) to lifecycle manager.
[lifecycle_manager-19] [INFO] [1790650551.505849972] [lifecycle_manager_navigation]: Server bt_navigator connected with bond.
[lifecycle_manager-19] [INFO] [1790650551.505951945] [lifecycle_manager_navigation]: [34m[1mActivating velocity_smoother[0m[0m
[velocity_smoother-18] [INFO] [1790650551.506454907] [velocity_smoother]: Activating
[velocity_smoother-18] [INFO] [1790650551.506552829] [velocity_smoother]: Creating bond (velocity_smoother) to lifecycle manager.
[lifecycle_manager-19] [INFO] [1790650551.617156734] [lifecycle_manager_navigation]: Server velocity_smoother connected with bond.
[lifecycle_manager-19] [INFO] [1790650551.617251147] [lifecycle_manager_navigation]: [34m[1mManaged nodes are active[0m[0m
[lifecycle_manager-19] [INFO] [1790650551.617272206] [lifecycle_manager_navigation]: [34m[1mCreating bond timer...[0m[0m
[INFO] [mission_axis_node-20]: process started with pid [7794]
[INFO] [door_detection_node-21]: process started with pid [7796]
[INFO] [navigation_node-22]: process started with pid [7798]
[INFO] [navigation_visit_node-23]: process started with pid [7800]
[navigation_visit_node-23] [WARN] [1790650554.457253423] [navigation_visit_node]: NAVIGATION ONLY: service success is a VISIT, NOT physical door opening.
[mission_axis_node-20] [INFO] [1790650554.524342352] [mission_axis_node]: MissionAxisNode started | map=/map, base=base_link, frame=map
[navigation_node-22] [INFO] [1790650554.547216581] [navigation_node]: NavigationNode started
[mission_axis_node-20] [INFO] [1790650555.756174403] [mission_axis_node]: Mission axis published: origin=(-0.00, -0.00), yaw=0.0deg
[navigation_node-22] [INFO] [1790650555.756814698] [navigation_node]: Mission axis received: origin=(-0.00, -0.00), yaw=0.0deg
[door_detection_node-21] [INFO] [1790650557.204711922] [door_detection_node]: YOLO inference torch threads limited to 1.
[door_detection_node-21] [INFO] [1790650557.205884318] [door_detection_node]: Loading custom YOLO model: /home/junyoung/fire_robot_ws_observed_nav_20260928/install/fire_robot_perception/share/fire_robot_perception/models/best.pt
[door_detection_node-21] [WARN] [1790650557.418145059] [door_detection_node]: Handle YOLO model has a single non-handle class "item". Treating it as handle. Rename the dataset class to handle/door_handle when retraining.
[door_detection_node-21] [INFO] [1790650557.418601911] [door_detection_node]: Loading primary handle YOLO model: /home/junyoung/fire_robot_ws_observed_nav_20260928/install/fire_robot_perception/share/fire_robot_perception/models/handle_best_v3_CANDIDATE.pt (classes=['item'])
[door_detection_node-21] [INFO] [1790650557.527686619] [door_detection_node]: Loading fallback handle YOLO model: /home/junyoung/fire_robot_ws_observed_nav_20260928/install/fire_robot_perception/share/fire_robot_perception/models/handle_best_v2.pt (classes=['lever_handle'])
[door_detection_node-21] [INFO] [1790650557.528528675] [door_detection_node]: DoorDetectionNode started | YOLO=OK | handle_yolo=OK | handle_yolo_fallback=OK | imgsz=320 | depth=OFF | yolo_interval=2.40s | image_interval=1.20s | debug_image=OFF | cameras=front,front_left,front_right
[door_detection_node-21] [INFO] [1790650563.234848956] [door_detection_node]: Front lateral LiDAR range looks too long for the visible door; using visual range (lidar=3.69m, visual=2.41m)
[door_detection_node-21] [INFO] [1790650563.235474126] [door_detection_node]: YOLO 후보 제외: source=front, edge-clipped bbox=(0,17,32,211)
[door_detection_node-21] [INFO] [1790650563.251930552] [door_detection_node]: YOLO 후보 제외: source=front, far small dist=5.71m, conf=0.43, bbox=(227,74,245,156)
[door_detection_node-21] [INFO] [1790650566.332747541] [door_detection_node]: Front lateral LiDAR range looks too long for the visible door; using visual range (lidar=3.66m, visual=2.40m)
[door_detection_node-21] [INFO] [1790650566.339120791] [door_detection_node]: YOLO 후보 제외: source=front, edge-clipped bbox=(0,17,32,212)
[door_detection_node-21] [INFO] [1790650566.347617514] [door_detection_node]: YOLO 후보 제외: source=front, far small dist=5.64m, conf=0.35, bbox=(227,74,245,157)
[door_detection_node-21] [INFO] [1790650568.463586831] [door_detection_node]: Front lateral LiDAR range looks too long for the visible door; using visual range (lidar=3.72m, visual=2.40m)
[door_detection_node-21] [INFO] [1790650568.475924685] [door_detection_node]: YOLO 후보 제외: source=front, edge-clipped bbox=(0,17,32,212)
[door_detection_node-21] [INFO] [1790650568.490479220] [door_detection_node]: YOLO 후보 제외: source=front, far small dist=5.64m, conf=0.35, bbox=(227,74,245,157)
[door_detection_node-21] [INFO] [1790650570.753401779] [door_detection_node]: Front lateral LiDAR range looks too long for the visible door; using visual range (lidar=3.74m, visual=2.40m)
[door_detection_node-21] [INFO] [1790650570.767603785] [door_detection_node]: YOLO 후보 제외: source=front, edge-clipped bbox=(0,17,32,212)
[door_detection_node-21] [INFO] [1790650570.795645135] [door_detection_node]: YOLO 후보 제외: source=front, far small dist=5.64m, conf=0.35, bbox=(227,74,245,157)
[door_detection_node-21] [INFO] [1790650573.243540556] [door_detection_node]: Front lateral LiDAR range looks too long for the visible door; using visual range (lidar=3.65m, visual=2.40m)
[door_detection_node-21] [INFO] [1790650573.253181755] [door_detection_node]: YOLO 후보 제외: source=front, edge-clipped bbox=(0,17,32,212)
[door_detection_node-21] [INFO] [1790650573.260444028] [door_detection_node]: YOLO 후보 제외: source=front, far small dist=5.64m, conf=0.35, bbox=(227,74,245,157)
[door_detection_node-21] [INFO] [1790650575.737686355] [door_detection_node]: Front lateral LiDAR range looks too long for the visible door; using visual range (lidar=3.67m, visual=2.40m)
[door_detection_node-21] [INFO] [1790650575.738725999] [door_detection_node]: YOLO 후보 제외: source=front, edge-clipped bbox=(0,17,32,212)
[door_detection_node-21] [INFO] [1790650575.757942156] [door_detection_node]: YOLO 후보 제외: source=front, far small dist=5.64m, conf=0.35, bbox=(227,74,245,157)
[door_detection_node-21] [INFO] [1790650578.212081625] [door_detection_node]: Front lateral LiDAR range looks too long for the visible door; using visual range (lidar=3.75m, visual=2.40m)
[door_detection_node-21] [INFO] [1790650578.212951150] [door_detection_node]: YOLO 후보 제외: source=front, edge-clipped bbox=(0,17,32,212)
[door_detection_node-21] [INFO] [1790650578.221899108] [door_detection_node]: YOLO 후보 제외: source=front, far small dist=5.64m, conf=0.35, bbox=(227,74,245,157)
[door_detection_node-21] [INFO] [1790650580.656492920] [door_detection_node]: Front lateral LiDAR range looks too long for the visible door; using visual range (lidar=3.67m, visual=2.40m)
[door_detection_node-21] [INFO] [1790650580.661818165] [door_detection_node]: YOLO 후보 제외: source=front, edge-clipped bbox=(0,17,32,212)
[door_detection_node-21] [INFO] [1790650580.678103419] [door_detection_node]: YOLO 후보 제외: source=front, far small dist=5.64m, conf=0.35, bbox=(227,74,245,157)
[door_detection_node-21] [INFO] [1790650582.864980856] [door_detection_node]: Front lateral LiDAR range looks too long for the visible door; using visual range (lidar=3.75m, visual=2.40m)
[door_detection_node-21] [INFO] [1790650582.865366023] [door_detection_node]: YOLO 후보 제외: source=front, edge-clipped bbox=(0,17,32,212)
[door_detection_node-21] [INFO] [1790650582.877670041] [door_detection_node]: YOLO 후보 제외: source=front, far small dist=5.64m, conf=0.35, bbox=(227,74,245,157)
[door_detection_node-21] [INFO] [1790650585.295668993] [door_detection_node]: Front lateral LiDAR range looks too long for the visible door; using visual range (lidar=3.77m, visual=2.40m)
[door_detection_node-21] [INFO] [1790650585.306047158] [door_detection_node]: YOLO 후보 제외: source=front, edge-clipped bbox=(0,17,32,212)
[door_detection_node-21] [INFO] [1790650585.313964858] [door_detection_node]: YOLO 후보 제외: source=front, far small dist=5.64m, conf=0.35, bbox=(227,74,245,157)
[INFO] [state_machine_node-24]: process started with pid [7853]
[state_machine_node-24] [INFO] [1790650586.839396579] [state_machine_node]: StateMachineNode started | nav_timeout=55.0s  max_retries=2  explore_timeout=60.0s  exit=observed green exit only
[state_machine_node-24] [INFO] [1790650586.904024319] [state_machine_node]: Mission axis updated from /map: origin=(-0.00, -0.00), yaw=0.0deg
[door_detection_node-21] [INFO] [1790650587.511323494] [door_detection_node]: Front lateral LiDAR range looks too long for the visible door; using visual range (lidar=3.72m, visual=2.40m)
[door_detection_node-21] [INFO] [1790650587.512250782] [door_detection_node]: YOLO 후보 제외: source=front, edge-clipped bbox=(0,17,32,212)
[state_machine_node-24] [INFO] [1790650587.521073847] [state_machine_node]: start_without_fire enabled. Starting corridor exploration.
[door_detection_node-21] [INFO] [1790650587.524658756] [door_detection_node]: YOLO 후보 제외: source=front, far small dist=5.64m, conf=0.35, bbox=(227,74,245,157)
[state_machine_node-24] [INFO] [1790650587.584710958] [state_machine_node]: State: IDLE → EXPLORING
[parameter_bridge-9] [INFO] [1790650587.590362991] [gz_motion_bridge]: Passing message from ROS geometry_msgs/msg/Twist to Gazebo gz.msgs.Twist (showing msg only once per type)
[state_machine_node-24] [INFO] [1790650588.282076898] [state_machine_node]: 파란 문 후보 없음. 2.0s 동안 정지 스캔 후 관측 기반 waypoint를 계획합니다.
[door_detection_node-21] [INFO] [1790650590.661230390] [door_detection_node]: Front lateral LiDAR range looks too long for the visible door; using visual range (lidar=3.70m, visual=2.40m)
[door_detection_node-21] [INFO] [1790650590.662116075] [door_detection_node]: YOLO 후보 제외: source=front, edge-clipped bbox=(0,17,32,212)
[door_detection_node-21] [INFO] [1790650590.684881968] [door_detection_node]: YOLO 후보 제외: source=front, far small dist=5.64m, conf=0.35, bbox=(227,74,245,157)
[state_machine_node-24] [INFO] [1790650591.655928359] [state_machine_node]: 탐색 waypoint 계획 요청: explore_waypoint_1.2_lat+0 progress=1.20, lateral=0.00, map=(1.20, -0.00) | 중앙 차선 선택 | 파란 문/전방 장애물/빨간 문 회피 이유 없음, 관측 기반 중앙 진행축 유지 | LiDAR lane clearances: C:y=0.00/clear=3.20, R:y=-0.65/clear=3.13, L:y=0.65/clear=3.20
[state_machine_node-24] [INFO] [1790650591.656719446] [state_machine_node]: State: EXPLORING → EXPLORING_NAVIGATING
[navigation_node-22] [INFO] [1790650591.660397430] [navigation_node]: Navigation goal received: door explore_waypoint_1.2_lat+0 (color=explore, frame=map, x=1.20, y=-0.00)
[bt_navigator-17] [INFO] [1790650591.726892141] [bt_navigator]: Begin navigating from current location (-0.00, -0.00) to (1.20, -0.00)
[navigation_node-22] [INFO] [1790650591.727620769] [navigation_node]: Navigation goal accepted by Nav2
[controller_server-13] [INFO] [1790650591.928770021] [controller_server]: Received a goal, begin computing control effort.
[controller_server-13] [WARN] [1790650591.928905148] [controller_server]: No goal checker was specified in parameter 'current_goal_checker'. Server will use only plugin loaded general_goal_checker . This warning will appear once.
[door_detection_node-21] [INFO] [1790650593.173103888] [door_detection_node]: Front lateral LiDAR range looks too long for the visible door; using visual range (lidar=3.78m, visual=2.40m)
[door_detection_node-21] [INFO] [1790650593.174020349] [door_detection_node]: YOLO 후보 제외: source=front, edge-clipped bbox=(0,17,32,212)
[door_detection_node-21] [INFO] [1790650593.178191594] [door_detection_node]: YOLO 후보 제외: source=front, far small dist=5.64m, conf=0.35, bbox=(227,74,245,157)
[controller_server-13] [INFO] [1790650593.305448735] [controller_server]: Passing new path to controller.
[controller_server-13] [INFO] [1790650594.430438051] [controller_server]: Passing new path to controller.
[planner_server-15] [INFO] [1790650595.508032617] [global_costmap.global_costmap]: StaticLayer: Resizing static layer to 194 X 82 at 0.050000 m/pix
[door_detection_node-21] [INFO] [1790650595.540373804] [door_detection_node]: 문 후보 발행: id=door_blue_b560b3, source=front, color=blue, dist=2.53m, conf=0.46, bbox=(0,27,24,212), rep_x=12, center_x=12, angle=32.3deg, center_angle=32.3deg, lidar=3.67m, visual=2.53m, goal=(3.49,0.79), handle=(3.49,2.04,0.86), handle_obs=True, handle_method=hsv, handle_conf=0.46
[door_detection_node-21] [INFO] [1790650595.555951672] [door_detection_node]: YOLO 후보 제외: source=front, far small dist=6.02m, conf=0.35, bbox=(228,73,247,161)
[controller_server-13] [INFO] [1790650595.680447503] [controller_server]: Passing new path to controller.
[state_machine_node-24] [INFO] [1790650596.078858680] [state_machine_node]: Blue candidate door_blue_b560b3 is waiting for stronger direct evidence before interrupting exploration (conf=0.46/0.55).
[planner_server-15] [INFO] [1790650596.508240575] [global_costmap.global_costmap]: StaticLayer: Resizing static layer to 198 X 82 at 0.050000 m/pix
[controller_server-13] [INFO] [1790650596.930429258] [controller_server]: Passing new path to controller.
[planner_server-15] [INFO] [1790650597.508048196] [global_costmap.global_costmap]: StaticLayer: Resizing static layer to 199 X 82 at 0.050000 m/pix
[door_detection_node-21] [INFO] [1790650598.082260954] [door_detection_node]: 문 후보 발행: id=door_blue_a871a2, source=front, color=blue, dist=5.62m, conf=0.45, bbox=(234,69,255,165), rep_x=244, center_x=244, angle=-19.7deg, center_angle=-19.7deg, lidar=5.63m, visual=4.88m, goal=(5.85,-0.65), handle=(5.85,-1.90,1.00), handle_obs=True, handle_method=estimated, handle_conf=0.00
[controller_server-13] [INFO] [1790650598.305589213] [controller_server]: Passing new path to controller.
[planner_server-15] [INFO] [1790650598.508174015] [global_costmap.global_costmap]: StaticLayer: Resizing static layer to 203 X 82 at 0.050000 m/pix
[door_detection_node-21] [INFO] [1790650598.557532884] [door_detection_node]: YOLO 후보 제외: source=front_left, edge-clipped bbox=(270,1,320,230)
[state_machine_node-24] [INFO] [1790650598.835599141] [state_machine_node]: door_blue_a871a2 waiting for closer confirmation: ahead=5.1m > 5.0m.
[planner_server-15] [INFO] [1790650599.508128182] [global_costmap.global_costmap]: StaticLayer: Resizing static layer to 208 X 83 at 0.050000 m/pix
[controller_server-13] [INFO] [1790650599.555461822] [controller_server]: Passing new path to controller.
[door_detection_node-21] [INFO] [1790650599.607180646] [door_detection_node]: 문 후보 발행: id=door_blue_a871a2, source=front, color=blue, dist=5.47m, conf=0.47, bbox=(235,68,257,167), rep_x=246, center_x=246, angle=-20.2deg, center_angle=-20.2deg, lidar=5.49m, visual=4.73m, goal=(5.89,-0.64), handle=(5.89,-1.89,1.00), handle_obs=False, handle_method=estimated, handle_conf=0.00
[navigation_node-22] [WARN] [1790650599.729126108] [navigation_node]: Robot is 0.34m from explore goal (threshold=0.35m). Treating navigation as succeeded.
[state_machine_node-24] [INFO] [1790650599.730746344] [state_machine_node]: Navigation succeeded.
[state_machine_node-24] [INFO] [1790650599.761194447] [state_machine_node]: Blue candidate door_blue_b560b3 is waiting for stronger direct evidence before interrupting exploration (conf=0.46/0.55).
[state_machine_node-24] [INFO] [1790650599.762984645] [state_machine_node]: 탐색 waypoint 도착. LiDAR+camera 재스캔을 계속합니다.
[state_machine_node-24] [INFO] [1790650599.767698256] [state_machine_node]: 색상 단서 없음. 다음 탐색 waypoint는 중앙 진행축을 유지합니다.
[state_machine_node-24] [INFO] [1790650599.768448505] [state_machine_node]: State: EXPLORING_NAVIGATING → EXPLORING
[bt_navigator-17] [ERROR] [1790650599.848544853] [bt_navigator_navigate_to_pose_rclcpp_node]: Failed to get result for follow_path in node halt!
[bt_navigator-17] [INFO] [1790650599.848929045] [bt_navigator]: [navigate_to_pose] [ActionServer] Client requested to cancel the goal. Cancelling.
[bt_navigator-17] [INFO] [1790650599.849621104] [bt_navigator]: Goal canceled
[controller_server-13] [INFO] [1790650599.930430859] [controller_server]: Goal was canceled. Stopping the robot.
[controller_server-13] [INFO] [1790650599.930538716] [controller_server]: [follow_path] [ActionServer] Client requested to cancel the goal. Cancelling.
[planner_server-15] [INFO] [1790650600.508440159] [global_costmap.global_costmap]: StaticLayer: Resizing static layer to 210 X 83 at 0.050000 m/pix
[state_machine_node-24] [INFO] [1790650600.622145008] [state_machine_node]: Explore waypoint reached; holding position for single-side camera/LiDAR side scan.
[door_detection_node-21] [INFO] [1790650601.359761018] [door_detection_node]: 문 후보 발행: id=door_blue_a871a2, source=front, color=blue, dist=4.63m, conf=0.53, bbox=(238,68,260,169), rep_x=249, center_x=249, angle=-20.8deg, center_angle=-20.8deg, lidar=2.86m, visual=4.63m, goal=(5.19,-0.38), handle=(5.20,-1.63,1.00), handle_obs=True, handle_method=estimated, handle_conf=0.00
[planner_server-15] [INFO] [1790650601.509231628] [global_costmap.global_costmap]: StaticLayer: Resizing static layer to 210 X 83 at 0.050000 m/pix
[door_detection_node-21] [INFO] [1790650601.842894833] [door_detection_node]: Side camera LiDAR range looks too long for the visible door; using visual range (source=front_left, lidar=3.12m, visual=2.11m)
[door_detection_node-21] [INFO] [1790650603.409204313] [door_detection_node]: 문 후보 발행: id=door_blue_46e0f7, source=front, color=blue, dist=4.88m, conf=0.54, bbox=(107,70,128,166), rep_x=117, center_x=117, angle=10.4deg, center_angle=10.4deg, lidar=2.84m, visual=4.88m, goal=(4.64,-2.97), handle=(5.34,-1.94,1.00), handle_obs=False, handle_method=estimated, handle_conf=0.00
[door_detection_node-21] [INFO] [1790650603.877072419] [door_detection_node]: Side camera LiDAR range looks too long for the visible door; using visual range (source=front_left, lidar=2.90m, visual=2.06m)
[state_machine_node-24] [INFO] [1790650605.074835492] [state_machine_node]: Explore waypoint side scan complete.
[state_machine_node-24] [INFO] [1790650605.083639932] [state_machine_node]: observed blue candidate waiting for closer confirmation: ahead=5.0m > 5.0m.
[state_machine_node-24] [INFO] [1790650605.085156470] [state_machine_node]: 문 접근 목표 보정: observed_blue_2p3_1p4 handle_axis=(2.33, 1.35) goal_axis=(2.33, 0.25) wall_axis=(2.33, 1.35) yaw=90deg
[state_machine_node-24] [INFO] [1790650605.088584928] [state_machine_node]: 문 접근 목표 보정: observed_blue_5p9_m1p9 handle_axis=(5.86, -1.89) goal_axis=(5.86, -0.79) wall_axis=(5.86, -1.89) yaw=-90deg
[state_machine_node-24] [INFO] [1790650605.091135562] [state_machine_node]: 문 접근 목표 보정: observed_blue_2p3_1p4 handle_axis=(2.33, 1.35) goal_axis=(2.33, 0.25) wall_axis=(2.33, 1.35) yaw=90deg
[state_machine_node-24] [INFO] [1790650605.093884800] [state_machine_node]: 문 접근 목표 보정: observed_blue_2p3_1p4 handle_axis=(2.33, 1.35) goal_axis=(2.33, 0.25) wall_axis=(2.33, 1.35) yaw=90deg
[state_machine_node-24] [INFO] [1790650605.094829112] [state_machine_node]: 문 접근 목표 보정: observed_blue_2p3_1p4 handle_axis=(2.33, 1.35) goal_axis=(2.33, 0.25) wall_axis=(2.33, 1.35) yaw=90deg
[state_machine_node-24] [INFO] [1790650605.096025925] [state_machine_node]: LiDAR+camera segment map 사전 스캔 시작: observed_blue_2p3_1p4
[door_detection_node-21] [INFO] [1790650605.152715005] [door_detection_node]: 문 후보 발행: id=door_blue_efa1fb, source=front, color=blue, dist=4.25m, conf=0.23, bbox=(0,63,28,173), rep_x=14, center_x=14, angle=32.0deg, center_angle=32.0deg, lidar=2.79m, visual=4.25m, goal=(3.66,-2.42), handle=(4.70,-1.73,1.00), handle_obs=True, handle_method=estimated, handle_conf=0.00
[state_machine_node-24] [INFO] [1790650605.961137569] [state_machine_node]: 문 접근 목표 보정: observed_blue_2p3_1p4 handle_axis=(2.33, 1.35) goal_axis=(2.33, 0.25) wall_axis=(2.33, 1.35) yaw=90deg
[door_detection_node-21] [INFO] [1790650606.046415007] [door_detection_node]: Side camera LiDAR range looks occluded; using visual range instead (source=front_left, lidar=2.87m, visual=3.84m)
[door_detection_node-21] [INFO] [1790650606.047919396] [door_detection_node]: YOLO 후보 제외: source=front_left, edge-clipped bbox=(294,58,320,180)
[state_machine_node-24] [INFO] [1790650606.829321969] [state_machine_node]: 문 접근 목표 보정: observed_blue_2p3_1p4 handle_axis=(2.33, 1.35) goal_axis=(2.33, 0.25) wall_axis=(2.33, 1.35) yaw=90deg
[door_detection_node-21] [INFO] [1790650607.408585544] [door_detection_node]: Side camera LiDAR range looks too long for the visible door; using visual range (source=front_left, lidar=2.91m, visual=2.01m)
[state_machine_node-24] [INFO] [1790650607.694817586] [state_machine_node]: 문 접근 목표 보정: observed_blue_2p3_1p4 handle_axis=(2.33, 1.35) goal_axis=(2.33, 0.25) wall_axis=(2.33, 1.35) yaw=90deg
[state_machine_node-24] [INFO] [1790650607.696511337] [state_machine_node]: 사전 스캔 완료. Nav2가 segment map 기반 경로를 계획합니다: observed_blue_2p3_1p4
[state_machine_node-24] [INFO] [1790650607.700205445] [state_machine_node]: Locked blue target after pre-scan: observed_blue_2p3_1p4 opened=0 retry=0/2
[state_machine_node-24] [INFO] [1790650607.700937062] [state_machine_node]: State: EXPLORING → NAVIGATING
[navigation_node-22] [INFO] [1790650607.703128008] [navigation_node]: Navigation goal received: door observed_blue_2p3_1p4 (color=blue, frame=map, x=2.33, y=0.25)
[door_detection_node-21] [INFO] [1790650607.756455100] [door_detection_node]: 문 후보 발행: id=door_blue_50cef4, source=front_left, color=blue, dist=2.01m, conf=0.47, bbox=(0,3,41,236), rep_x=20, center_x=20, angle=100.9deg, center_angle=100.9deg, lidar=2.95m, visual=2.01m, goal=(1.28,0.73), handle=(2.36,1.36,1.00), handle_obs=True, handle_method=estimated, handle_conf=0.00
[state_machine_node-24] [INFO] [1790650607.759871943] [state_machine_node]: 문 접근 목표 보정: door_blue_50cef4 handle_axis=(2.36, 1.36) goal_axis=(2.36, 0.26) wall_axis=(2.36, 1.36) yaw=90deg
[state_machine_node-24] [INFO] [1790650607.761201233] [state_machine_node]: 문 접근 목표 보정: door_blue_50cef4 handle_axis=(2.36, 1.36) goal_axis=(2.36, 0.26) wall_axis=(2.36, 1.36) yaw=90deg
[bt_navigator-17] [INFO] [1790650607.771325198] [bt_navigator]: Begin navigating from current location (0.85, 0.04) to (2.33, 0.25)
[navigation_node-22] [INFO] [1790650607.772362518] [navigation_node]: Navigation goal accepted by Nav2
[controller_server-13] [INFO] [1790650607.972866984] [controller_server]: Received a goal, begin computing control effort.
[controller_server-13] [INFO] [1790650609.348657921] [controller_server]: Passing new path to controller.
[door_detection_node-21] [INFO] [1790650609.482722239] [door_detection_node]: 문 후보 발행: id=door_blue_50cef4, source=front_left, color=blue, dist=2.01m, conf=0.47, bbox=(0,3,41,236), rep_x=20, center_x=20, angle=100.9deg, center_angle=100.9deg, lidar=2.89m, visual=2.01m, goal=(1.28,0.73), handle=(2.36,1.36,1.00), handle_obs=True, handle_method=estimated, handle_conf=0.00
[state_machine_node-24] [INFO] [1790650609.486644450] [state_machine_node]: 문 접근 목표 보정: door_blue_50cef4 handle_axis=(2.36, 1.36) goal_axis=(2.36, 0.26) wall_axis=(2.36, 1.36) yaw=90deg
[state_machine_node-24] [INFO] [1790650609.487963685] [state_machine_node]: 문 접근 목표 보정: door_blue_50cef4 handle_axis=(2.36, 1.36) goal_axis=(2.36, 0.26) wall_axis=(2.36, 1.36) yaw=90deg
[door_detection_node-21] [INFO] [1790650609.496553411] [door_detection_node]: Side camera LiDAR range looks occluded; using visual range instead (source=front_left, lidar=2.90m, visual=3.84m)
[door_detection_node-21] [INFO] [1790650609.498303772] [door_detection_node]: YOLO 후보 제외: source=front_left, edge-clipped bbox=(294,58,320,180)
[door_detection_node-21] [INFO] [1790650610.371385813] [door_detection_node]: Front lateral LiDAR range looks too long for the visible door; using visual range (lidar=5.74m, visual=4.29m)
[controller_server-13] [INFO] [1790650610.598636314] [controller_server]: Passing new path to controller.
[door_detection_node-21] [INFO] [1790650611.559104091] [door_detection_node]: 문 후보 발행: id=door_blue_2ae92f, source=front_left, color=blue, dist=2.71m, conf=0.74, bbox=(63,4,132,230), rep_x=97, center_x=97, angle=85.1deg, center_angle=85.1deg, lidar=2.56m, visual=2.07m, goal=(1.83,1.12), handle=(2.50,2.18,1.00), handle_obs=True, handle_method=estimated, handle_conf=0.00
[state_machine_node-24] [INFO] [1790650611.563219667] [state_machine_node]: 문 접근 목표 보정: door_blue_2ae92f handle_axis=(2.50, 2.18) goal_axis=(2.50, 1.08) wall_axis=(2.50, 2.18) yaw=90deg
[state_machine_node-24] [INFO] [1790650611.564624017] [state_machine_node]: 문 접근 목표 보정: door_blue_2ae92f handle_axis=(2.50, 2.18) goal_axis=(2.50, 1.08) wall_axis=(2.50, 2.18) yaw=90deg
[state_machine_node-24] [WARN] [1790650611.566057268] [state_machine_node]: Locked blue target refined from newer observation: observed_blue_2p3_1p4 -> observed_blue_2p3_1p4, goal shift=0.85m, identity=(2.33,1.35) -> (2.50,2.18)
[navigation_node-22] [INFO] [1790650611.567566099] [navigation_node]: Navigation goal received: door observed_blue_2p3_1p4 (color=blue, frame=map, x=2.50, y=1.08)
[navigation_node-22] [WARN] [1790650611.568116606] [navigation_node]: Already navigating. Preempting current goal without an explicit stop before retargeting to: observed_blue_2p3_1p4
[navigation_node-22] [INFO] [1790650611.644114842] [navigation_node]: Navigation goal accepted by Nav2
[bt_navigator-17] [INFO] [1790650611.672363810] [bt_navigator]: Received goal preemption request
[bt_navigator-17] [INFO] [1790650611.674549093] [bt_navigator]: Begin navigating from current location (0.95, -0.01) to (2.50, 1.08)
[controller_server-13] [INFO] [1790650611.973616946] [controller_server]: Passing new path to controller.
[door_detection_node-21] [INFO] [1790650613.092791734] [door_detection_node]: 문 후보 발행: id=door_blue_69cd8c, source=front_left, color=blue, dist=2.69m, conf=0.68, bbox=(135,8,201,225), rep_x=168, center_x=168, angle=68.0deg, center_angle=68.0deg, lidar=2.57m, visual=2.16m, goal=(2.36,0.83), handle=(2.72,2.03,1.00), handle_obs=True, handle_method=estimated, handle_conf=0.00
[state_machine_node-24] [INFO] [1790650613.097315428] [state_machine_node]: 문 접근 목표 보정: door_blue_69cd8c handle_axis=(2.72, 2.03) goal_axis=(2.72, 0.93) wall_axis=(2.72, 2.03) yaw=90deg
[state_machine_node-24] [INFO] [1790650613.098907082] [state_machine_node]: 문 접근 목표 보정: door_blue_69cd8c handle_axis=(2.72, 2.03) goal_axis=(2.72, 0.93) wall_axis=(2.72, 2.03) yaw=90deg
[controller_server-13] [INFO] [1790650613.223609565] [controller_server]: Passing new path to controller.
[planner_server-15] [INFO] [1790650613.508122834] [global_costmap.global_costmap]: StaticLayer: Resizing static layer to 211 X 83 at 0.050000 m/pix
[door_detection_node-21] [INFO] [1790650613.969866572] [door_detection_node]: Front lateral LiDAR range looks too long for the visible door; using visual range (lidar=6.08m, visual=4.29m)
[controller_server-13] [INFO] [1790650614.473617253] [controller_server]: Passing new path to controller.
[door_detection_node-21] [INFO] [1790650615.149272517] [door_detection_node]: 문 후보 발행: id=door_blue_10483e, source=front_left, color=blue, dist=2.60m, conf=1.00, bbox=(274,0,320,240), rep_x=297, center_x=297, angle=39.7deg, center_angle=39.7deg, lidar=2.50m, visual=1.95m, goal=(3.05,0.72), handle=(2.75,1.94,1.00), handle_obs=False, handle_method=estimated, handle_conf=0.00
[state_machine_node-24] [INFO] [1790650615.153546923] [state_machine_node]: 문 접근 목표 보정: door_blue_10483e handle_axis=(2.75, 1.94) goal_axis=(2.75, 0.84) wall_axis=(2.75, 1.94) yaw=90deg
[state_machine_node-24] [INFO] [1790650615.155128214] [state_machine_node]: 문 접근 목표 보정: door_blue_10483e handle_axis=(2.75, 1.94) goal_axis=(2.75, 0.84) wall_axis=(2.75, 1.94) yaw=90deg
[state_machine_node-24] [WARN] [1790650615.156584734] [state_machine_node]: Locked blue target refined from newer observation: observed_blue_2p3_1p4 -> observed_blue_2p3_1p4, goal shift=0.34m, identity=(2.50,2.18) -> (2.75,1.94)
[navigation_node-22] [INFO] [1790650615.158708681] [navigation_node]: Navigation goal received: door observed_blue_2p3_1p4 (color=blue, frame=map, x=2.75, y=0.84)
[navigation_node-22] [WARN] [1790650615.159367461] [navigation_node]: Already navigating. Preempting current goal without an explicit stop before retargeting to: observed_blue_2p3_1p4
[navigation_node-22] [INFO] [1790650615.238967752] [navigation_node]: Navigation goal accepted by Nav2
[bt_navigator-17] [INFO] [1790650615.271591928] [bt_navigator]: Received goal preemption request
[bt_navigator-17] [INFO] [1790650615.271884576] [bt_navigator]: Begin navigating from current location (1.22, -0.17) to (2.75, 0.84)
[door_detection_node-21] [INFO] [1790650615.441285998] [door_detection_node]: Side camera LiDAR range looks too long for the visible door; using visual range (source=front_right, lidar=5.95m, visual=3.84m)
[planner_server-15] [INFO] [1790650615.508247221] [global_costmap.global_costmap]: StaticLayer: Resizing static layer to 214 X 83 at 0.050000 m/pix
[controller_server-13] [INFO] [1790650615.848615494] [controller_server]: Passing new path to controller.
[door_detection_node-21] [INFO] [1790650616.061251723] [door_detection_node]: YOLO 후보 제외: source=front, edge-clipped bbox=(0,0,82,238)
[planner_server-15] [INFO] [1790650616.508569930] [global_costmap.global_costmap]: StaticLayer: Resizing static layer to 216 X 83 at 0.050000 m/pix
[controller_server-13] [INFO] [1790650616.973628177] [controller_server]: Passing new path to controller.
[door_detection_node-21] [INFO] [1790650617.367888211] [door_detection_node]: 문 후보 발행: id=door_blue_53fd86, source=front_right, color=blue, dist=4.07m, conf=0.58, bbox=(61,62,86,177), rep_x=73, center_x=73, angle=-49.6deg, center_angle=-49.6deg, lidar=6.11m, visual=4.07m, goal=(4.60,-0.39), handle=(5.22,-1.47,1.00), handle_obs=True, handle_method=estimated, handle_conf=0.00
[state_machine_node-24] [INFO] [1790650618.110259572] [state_machine_node]: 문 접근 목표 보정: door_blue_b560b3 handle_axis=(3.18, 1.86) goal_axis=(3.18, 0.76) wall_axis=(3.18, 1.86) yaw=90deg
[state_machine_node-24] [INFO] [1790650618.111767525] [state_machine_node]: 문 접근 목표 보정: door_blue_b560b3 handle_axis=(3.18, 1.86) goal_axis=(3.18, 0.76) wall_axis=(3.18, 1.86) yaw=90deg
[state_machine_node-24] [WARN] [1790650618.112798662] [state_machine_node]: Locked blue target refined from newer observation: observed_blue_2p3_1p4 -> observed_blue_2p3_1p4, goal shift=0.44m, identity=(2.75,1.94) -> (2.81,1.93)
[navigation_node-22] [INFO] [1790650618.114344284] [navigation_node]: Navigation goal received: door observed_blue_2p3_1p4 (color=blue, frame=map, x=3.18, y=0.76)
[navigation_node-22] [WARN] [1790650618.114989893] [navigation_node]: Already navigating. Preempting current goal without an explicit stop before retargeting to: observed_blue_2p3_1p4
[navigation_node-22] [WARN] [1790650618.175049130] [navigation_node]: Adjusted unreachable/occupied navigation goal from (3.18, 0.76, cost=45) to connected free cell (3.18, 0.68, cost=0)
[navigation_node-22] [INFO] [1790650618.220404418] [navigation_node]: Navigation goal accepted by Nav2
[bt_navigator-17] [INFO] [1790650618.272787918] [bt_navigator]: Received goal preemption request
[bt_navigator-17] [INFO] [1790650618.273332003] [bt_navigator]: Begin navigating from current location (1.58, 0.02) to (3.18, 0.68)
[controller_server-13] [INFO] [1790650618.348605221] [controller_server]: Passing new path to controller.
[planner_server-15] [INFO] [1790650618.508144282] [global_costmap.global_costmap]: StaticLayer: Resizing static layer to 217 X 83 at 0.050000 m/pix
[door_detection_node-21] [INFO] [1790650619.179433593] [door_detection_node]: 문 후보 발행: id=door_blue_fed083, source=front_right, color=blue, dist=4.96m, conf=0.52, bbox=(89,61,115,176), rep_x=102, center_x=102, angle=-56.1deg, center_angle=-56.1deg, lidar=5.31m, visual=4.07m, goal=(5.49,-0.85), handle=(6.18,-1.89,1.00), handle_obs=True, handle_method=estimated, handle_conf=0.00
[planner_server-15] [INFO] [1790650619.508024436] [global_costmap.global_costmap]: StaticLayer: Resizing static layer to 219 X 83 at 0.050000 m/pix
[controller_server-13] [INFO] [1790650619.598607208] [controller_server]: Passing new path to controller.
[door_detection_node-21] [INFO] [1790650619.693867486] [door_detection_node]: YOLO 후보 제외: source=front, edge-clipped bbox=(0,0,107,240)
[planner_server-15] [INFO] [1790650620.508035501] [global_costmap.global_costmap]: StaticLayer: Resizing static layer to 222 X 83 at 0.050000 m/pix
[door_detection_node-21] [INFO] [1790650620.969779526] [door_detection_node]: 문 후보 발행: id=door_blue_fed083, source=front_right, color=blue, dist=4.60m, conf=0.34, bbox=(96,61,124,174), rep_x=110, center_x=110, angle=-57.9deg, center_angle=-57.9deg, lidar=4.46m, visual=4.14m, goal=(5.25,-0.89), handle=(5.89,-1.97,1.00), handle_obs=True, handle_method=estimated, handle_conf=0.00
[controller_server-13] [INFO] [1790650620.973764048] [controller_server]: Passing new path to controller.
[planner_server-15] [INFO] [1790650621.508173564] [global_costmap.global_costmap]: StaticLayer: Resizing static layer to 224 X 83 at 0.050000 m/pix
[controller_server-13] [INFO] [1790650622.223604574] [controller_server]: Passing new path to controller.
[planner_server-15] [INFO] [1790650622.508147896] [global_costmap.global_costmap]: StaticLayer: Resizing static layer to 227 X 83 at 0.050000 m/pix
[controller_server-13] [INFO] [1790650623.473822442] [controller_server]: Passing new path to controller.
[door_detection_node-21] [INFO] [1790650623.950960143] [door_detection_node]: 문 후보 발행: id=door_blue_94754e, source=front_left, color=blue, dist=1.69m, conf=0.23, bbox=(214,0,320,240), rep_x=267, center_x=267, angle=45.4deg, center_angle=45.4deg, lidar=1.68m, visual=1.95m, goal=(3.30,0.75), handle=(2.85,1.91,1.00), handle_obs=False, handle_method=estimated, handle_conf=0.00
[controller_server-13] [INFO] [1790650624.723645227] [controller_server]: Passing new path to controller.
[planner_server-15] [INFO] [1790650625.508175397] [global_costmap.global_costmap]: StaticLayer: Resizing static layer to 227 X 84 at 0.050000 m/pix
[door_detection_node-21] [INFO] [1790650625.810447661] [door_detection_node]: 문 후보 발행: id=door_blue_94754e, source=front_left, color=blue, dist=1.55m, conf=1.00, bbox=(166,0,320,240), rep_x=243, center_x=243, angle=50.5deg, center_angle=50.5deg, lidar=1.53m, visual=1.95m, goal=(3.36,0.72), handle=(2.94,1.90,1.00), handle_obs=True, handle_method=estimated, handle_conf=0.00
[controller_server-13] [INFO] [1790650625.973614750] [controller_server]: Passing new path to controller.
[controller_server-13] [INFO] [1790650627.348594992] [controller_server]: Passing new path to controller.
[door_detection_node-21] [INFO] [1790650627.434543923] [door_detection_node]: 문 후보 발행: id=door_blue_f5cbce, source=front_left, color=blue, dist=1.43m, conf=1.00, bbox=(118,0,303,240), rep_x=210, center_x=210, angle=57.9deg, center_angle=57.9deg, lidar=1.39m, visual=1.95m, goal=(3.79,0.79), handle=(3.37,1.97,0.82), handle_obs=True, handle_method=yolo:primary:item, handle_conf=0.57
[state_machine_node-24] [INFO] [1790650627.438326128] [state_machine_node]: 문 접근 목표 보정: door_blue_f5cbce handle_axis=(3.37, 1.97) goal_axis=(3.37, 0.87) wall_axis=(3.37, 1.97) yaw=90deg
[state_machine_node-24] [INFO] [1790650627.439790643] [state_machine_node]: 문 접근 목표 보정: door_blue_f5cbce handle_axis=(3.37, 1.97) goal_axis=(3.37, 0.87) wall_axis=(3.37, 1.97) yaw=90deg
[state_machine_node-24] [WARN] [1790650627.440880415] [state_machine_node]: Locked blue target refined from newer observation: observed_blue_2p3_1p4 -> observed_blue_2p3_1p4, goal shift=0.21m, identity=(2.81,1.93) -> (2.94,1.92)
[navigation_node-22] [INFO] [1790650627.443456344] [navigation_node]: Navigation goal received: door observed_blue_2p3_1p4 (color=blue, frame=map, x=3.37, y=0.87)
[navigation_node-22] [INFO] [1790650627.444447971] [navigation_node]: Ignoring duplicate navigation target for active door: observed_blue_2p3_1p4
[state_machine_node-24] [WARN] [1790650627.593247769] [state_machine_node]: Fine alignment blocked by costmap: occupied, inscribed, unknown or out-of-map approach segment; retaining Nav2/reobservation.
[controller_server-13] [INFO] [1790650628.473610782] [controller_server]: Passing new path to controller.
[state_machine_node-24] [INFO] [1790650628.931600905] [state_machine_node]: 문 접근 목표 보정: door_blue_f5cbce handle_axis=(3.34, 1.94) goal_axis=(3.34, 0.84) wall_axis=(3.34, 1.94) yaw=90deg
[state_machine_node-24] [INFO] [1790650628.932441603] [state_machine_node]: 문 접근 목표 보정: door_blue_f5cbce handle_axis=(3.34, 1.94) goal_axis=(3.34, 0.84) wall_axis=(3.34, 1.94) yaw=90deg
[door_detection_node-21] [INFO] [1790650629.711032687] [door_detection_node]: 문 후보 발행: id=door_blue_fed083, source=front_right, color=blue, dist=4.14m, conf=0.34, bbox=(88,49,128,188), rep_x=108, center_x=108, angle=-57.5deg, center_angle=-57.5deg, lidar=4.06m, visual=3.37m, goal=(5.63,-0.78), handle=(6.05,-1.95,1.00), handle_obs=True, handle_method=estimated, handle_conf=0.00
[controller_server-13] [INFO] [1790650629.848618850] [controller_server]: Passing new path to controller.
[state_machine_node-24] [WARN] [1790650630.318458564] [state_machine_node]: Fine alignment blocked by costmap: occupied, inscribed, unknown or out-of-map approach segment; retaining Nav2/reobservation.
[state_machine_node-24] [INFO] [1790650630.446792262] [state_machine_node]: 문 접근 목표 보정: door_blue_f5cbce handle_axis=(3.35, 2.00) goal_axis=(3.35, 0.90) wall_axis=(3.35, 2.00) yaw=90deg
[state_machine_node-24] [INFO] [1790650630.447814785] [state_machine_node]: 문 접근 목표 보정: door_blue_f5cbce handle_axis=(3.35, 2.00) goal_axis=(3.35, 0.90) wall_axis=(3.35, 2.00) yaw=90deg
[controller_server-13] [INFO] [1790650631.098597157] [controller_server]: Passing new path to controller.
[door_detection_node-21] [INFO] [1790650631.237337196] [door_detection_node]: 문 후보 발행: id=door_blue_fed083, source=front_right, color=blue, dist=4.12m, conf=0.46, bbox=(91,50,130,189), rep_x=110, center_x=110, angle=-57.9deg, center_angle=-57.9deg, lidar=4.17m, visual=3.37m, goal=(5.64,-0.79), handle=(6.06,-1.96,1.00), handle_obs=True, handle_method=estimated, handle_conf=0.00
[state_machine_node-24] [INFO] [1790650631.939117989] [state_machine_node]: 문 접근 목표 보정: door_blue_f5cbce handle_axis=(3.36, 2.06) goal_axis=(3.36, 0.96) wall_axis=(3.36, 2.06) yaw=90deg
[state_machine_node-24] [INFO] [1790650631.940720074] [state_machine_node]: 문 접근 목표 보정: door_blue_f5cbce handle_axis=(3.36, 2.06) goal_axis=(3.36, 0.96) wall_axis=(3.36, 2.06) yaw=90deg
[controller_server-13] [INFO] [1790650632.348632454] [controller_server]: Passing new path to controller.
[door_detection_node-21] [INFO] [1790650632.780438478] [door_detection_node]: 문 후보 발행: id=door_blue_fed083, source=front_right, color=blue, dist=4.12m, conf=0.60, bbox=(102,49,139,188), rep_x=120, center_x=120, angle=-60.3deg, center_angle=-60.3deg, lidar=4.06m, visual=3.37m, goal=(5.61,-0.80), handle=(6.07,-1.96,1.00), handle_obs=True, handle_method=estimated, handle_conf=0.00
[state_machine_node-24] [WARN] [1790650633.013408897] [state_machine_node]: Fine alignment blocked by costmap: occupied, inscribed, unknown or out-of-map approach segment; retaining Nav2/reobservation.
[state_machine_node-24] [INFO] [1790650633.398039902] [state_machine_node]: 문 접근 목표 보정: door_blue_f5cbce handle_axis=(3.32, 2.00) goal_axis=(3.32, 0.90) wall_axis=(3.32, 2.00) yaw=90deg
[state_machine_node-24] [INFO] [1790650633.399465862] [state_machine_node]: 문 접근 목표 보정: door_blue_f5cbce handle_axis=(3.32, 2.00) goal_axis=(3.32, 0.90) wall_axis=(3.32, 2.00) yaw=90deg
[controller_server-13] [INFO] [1790650633.598616430] [controller_server]: Passing new path to controller.
[planner_server-15] [INFO] [1790650634.508075155] [global_costmap.global_costmap]: StaticLayer: Resizing static layer to 227 X 86 at 0.050000 m/pix
[controller_server-13] [INFO] [1790650634.848637219] [controller_server]: Passing new path to controller.
[door_detection_node-21] [INFO] [1790650634.975056261] [door_detection_node]: 문 후보 발행: id=door_blue_f5cbce, source=front_left, color=blue, dist=1.26m, conf=1.00, bbox=(69,0,271,240), rep_x=170, center_x=170, angle=67.6deg, center_angle=67.6deg, lidar=1.25m, visual=1.95m, goal=(3.83,0.92), handle=(3.36,2.08,0.84), handle_obs=True, handle_method=yolo:primary:item, handle_conf=0.79
[state_machine_node-24] [INFO] [1790650634.979177098] [state_machine_node]: 문 접근 목표 보정: door_blue_f5cbce handle_axis=(3.36, 2.08) goal_axis=(3.36, 0.98) wall_axis=(3.36, 2.08) yaw=90deg
[state_machine_node-24] [INFO] [1790650634.980737541] [state_machine_node]: 문 접근 목표 보정: door_blue_f5cbce handle_axis=(3.36, 2.08) goal_axis=(3.36, 0.98) wall_axis=(3.36, 2.08) yaw=90deg
[state_machine_node-24] [WARN] [1790650635.764293456] [state_machine_node]: Fine alignment blocked by costmap: occupied, inscribed, unknown or out-of-map approach segment; retaining Nav2/reobservation.
[controller_server-13] [INFO] [1790650636.098634035] [controller_server]: Passing new path to controller.
[state_machine_node-24] [INFO] [1790650636.463981117] [state_machine_node]: 문 접근 목표 보정: door_blue_f5cbce handle_axis=(3.35, 2.07) goal_axis=(3.35, 0.97) wall_axis=(3.35, 2.07) yaw=90deg
[state_machine_node-24] [INFO] [1790650636.465553291] [state_machine_node]: 문 접근 목표 보정: door_blue_f5cbce handle_axis=(3.35, 2.07) goal_axis=(3.35, 0.97) wall_axis=(3.35, 2.07) yaw=90deg
[door_detection_node-21] [INFO] [1790650637.293502620] [door_detection_node]: 문 후보 발행: id=door_blue_fed083, source=front_right, color=blue, dist=4.07m, conf=0.30, bbox=(122,50,160,189), rep_x=141, center_x=141, angle=-65.4deg, center_angle=-65.4deg, lidar=4.61m, visual=3.37m, goal=(5.48,-0.82), handle=(6.04,-1.94,1.00), handle_obs=True, handle_method=estimated, handle_conf=0.00
[controller_server-13] [INFO] [1790650637.473638478] [controller_server]: Passing new path to controller.
[door_detection_node-21] [INFO] [1790650637.710810192] [door_detection_node]: HSV candidate rejected: color=blue, edge-clipped bbox=(127,0,320,240), width_ratio=0.60
[state_machine_node-24] [WARN] [1790650638.442636833] [state_machine_node]: Fine alignment blocked by costmap: occupied, inscribed, unknown or out-of-map approach segment; retaining Nav2/reobservation.
[planner_server-15] [INFO] [1790650638.508133554] [global_costmap.global_costmap]: StaticLayer: Resizing static layer to 230 X 86 at 0.050000 m/pix
[controller_server-13] [INFO] [1790650638.598638658] [controller_server]: Passing new path to controller.
[door_detection_node-21] [INFO] [1790650638.932681483] [door_detection_node]: 문 후보 발행: id=door_blue_f8e8ad, source=front_right, color=blue, dist=3.99m, conf=0.64, bbox=(158,51,198,189), rep_x=178, center_x=178, angle=-74.4deg, center_angle=-74.4deg, lidar=3.96m, visual=3.39m, goal=(5.22,-0.94), handle=(5.92,-1.98,1.00), handle_obs=True, handle_method=estimated, handle_conf=0.00
[controller_server-13] [INFO] [1790650639.973684263] [controller_server]: Passing new path to controller.
[door_detection_node-21] [INFO] [1790650640.466522186] [door_detection_node]: 문 후보 발행: id=door_blue_b327a7, source=front_right, color=blue, dist=4.01m, conf=0.27, bbox=(168,48,209,190), rep_x=188, center_x=188, angle=-76.8deg, center_angle=-76.8deg, lidar=4.12m, visual=3.30m, goal=(5.24,-0.94), handle=(6.00,-1.93,1.00), handle_obs=True, handle_method=estimated, handle_conf=0.00
[state_machine_node-24] [WARN] [1790650641.174439536] [state_machine_node]: Fine alignment blocked by costmap: occupied, inscribed, unknown or out-of-map approach segment; retaining Nav2/reobservation.
[controller_server-13] [INFO] [1790650641.223636201] [controller_server]: Passing new path to controller.
[cmd_vel_safety_node-6] [WARN] [1790650641.558910587] [cmd_vel_safety_node]: LiDAR collision stop: front=0.47m
[state_machine_node-24] [INFO] [1790650641.785431513] [state_machine_node]: 문 접근 목표 보정: door_blue_f5cbce handle_axis=(3.21, 1.88) goal_axis=(3.21, 0.78) wall_axis=(3.21, 1.88) yaw=90deg
[state_machine_node-24] [INFO] [1790650641.787043678] [state_machine_node]: 문 접근 목표 보정: door_blue_f5cbce handle_axis=(3.21, 1.88) goal_axis=(3.21, 0.78) wall_axis=(3.21, 1.88) yaw=90deg
[state_machine_node-24] [WARN] [1790650641.787952913] [state_machine_node]: Locked blue target refined from newer observation: observed_blue_2p3_1p4 -> observed_blue_2p3_1p4, goal shift=0.18m, identity=(2.94,1.92) -> (2.89,1.89)
[navigation_node-22] [INFO] [1790650641.791852420] [navigation_node]: Navigation goal received: door observed_blue_2p3_1p4 (color=blue, frame=map, x=3.21, y=0.78)
[navigation_node-22] [INFO] [1790650641.792823930] [navigation_node]: Ignoring duplicate navigation target for active door: observed_blue_2p3_1p4
[state_machine_node-24] [INFO] [1790650642.083233974] [state_machine_node]: Nav2 door goal position is near, but yaw is not ready yet: observed_blue_2p3_1p4, dist=0.36m/0.38m, lateral=-0.05m/0.24m, yaw_error=55deg.
[controller_server-13] [INFO] [1790650642.473601861] [controller_server]: Passing new path to controller.
[door_detection_node-21] [INFO] [1790650642.647070373] [door_detection_node]: 문 후보 발행: id=door_blue_f8e8ad, source=front_right, color=blue, dist=3.87m, conf=0.54, bbox=(175,50,215,190), rep_x=195, center_x=195, angle=-78.5deg, center_angle=-78.5deg, lidar=3.82m, visual=3.34m, goal=(5.04,-0.96), handle=(5.79,-1.96,1.00), handle_obs=True, handle_method=estimated, handle_conf=0.00
[state_machine_node-24] [INFO] [1790650642.982510194] [state_machine_node]: Nav2 door goal position is near, but yaw is not ready yet: observed_blue_2p3_1p4, dist=0.35m/0.38m, lateral=-0.06m/0.24m, yaw_error=54deg.
[door_detection_node-21] [INFO] [1790650643.112514723] [door_detection_node]: HSV candidate rejected: color=blue, edge-clipped bbox=(140,0,320,240), width_ratio=0.56
[door_detection_node-21] [INFO] [1790650643.470314334] [door_detection_node]: YOLO 후보 제외: source=front, far small dist=5.20m, conf=0.34, bbox=(260,74,278,164)
[controller_server-13] [INFO] [1790650643.848622251] [controller_server]: Passing new path to controller.
[state_machine_node-24] [INFO] [1790650643.893842188] [state_machine_node]: Nav2 door goal position is near, but yaw is not ready yet: observed_blue_2p3_1p4, dist=0.34m/0.38m, lateral=-0.04m/0.24m, yaw_error=60deg.
[door_detection_node-21] [INFO] [1790650644.438510383] [door_detection_node]: 문 후보 발행: id=door_blue_f8e8ad, source=front_right, color=blue, dist=3.91m, conf=0.35, bbox=(165,48,206,189), rep_x=185, center_x=185, angle=-76.1deg, center_angle=-76.1deg, lidar=3.82m, visual=3.32m, goal=(5.13,-0.94), handle=(5.84,-1.97,1.00), handle_obs=True, handle_method=estimated, handle_conf=0.00
[state_machine_node-24] [INFO] [1790650644.805032944] [state_machine_node]: Nav2 door goal position is near, but yaw is not ready yet: observed_blue_2p3_1p4, dist=0.33m/0.38m, lateral=-0.02m/0.24m, yaw_error=56deg.
[controller_server-13] [INFO] [1790650645.098611224] [controller_server]: Passing new path to controller.
[state_machine_node-24] [INFO] [1790650645.718898876] [state_machine_node]: Nav2 door goal position is near, but yaw is not ready yet: observed_blue_2p3_1p4, dist=0.33m/0.38m, lateral=-0.03m/0.24m, yaw_error=59deg.
[door_detection_node-21] [INFO] [1790650646.236057949] [door_detection_node]: 문 후보 발행: id=door_blue_f8e8ad, source=front_right, color=blue, dist=3.97m, conf=0.29, bbox=(164,49,203,189), rep_x=183, center_x=183, angle=-75.6deg, center_angle=-75.6deg, lidar=3.86m, visual=3.34m, goal=(5.22,-0.93), handle=(5.94,-1.96,1.00), handle_obs=True, handle_method=estimated, handle_conf=0.00
[controller_server-13] [INFO] [1790650646.348625869] [controller_server]: Passing new path to controller.
[state_machine_node-24] [INFO] [1790650646.628676280] [state_machine_node]: Nav2 door goal position is near, but yaw is not ready yet: observed_blue_2p3_1p4, dist=0.33m/0.38m, lateral=0.00m/0.24m, yaw_error=64deg.
[state_machine_node-24] [INFO] [1790650646.975588462] [state_machine_node]: 문 접근 목표 보정: door_blue_f5cbce handle_axis=(3.41, 1.98) goal_axis=(3.41, 0.88) wall_axis=(3.41, 1.98) yaw=90deg
[state_machine_node-24] [INFO] [1790650646.976752913] [state_machine_node]: 문 접근 목표 보정: door_blue_f5cbce handle_axis=(3.41, 1.98) goal_axis=(3.41, 0.88) wall_axis=(3.41, 1.98) yaw=90deg
[state_machine_node-24] [WARN] [1790650646.977358442] [state_machine_node]: Locked blue target refined from newer observation: observed_blue_2p3_1p4 -> observed_blue_2p3_1p4, goal shift=0.23m, identity=(2.89,1.89) -> (3.01,1.86)
[navigation_node-22] [INFO] [1790650646.978945631] [navigation_node]: Navigation goal received: door observed_blue_2p3_1p4 (color=blue, frame=map, x=3.41, y=0.88)
[navigation_node-22] [INFO] [1790650646.979406419] [navigation_node]: Ignoring duplicate navigation target for active door: observed_blue_2p3_1p4
[cmd_vel_safety_node-6] [WARN] [1790650647.459003065] [cmd_vel_safety_node]: LiDAR collision stop: front=0.46m
[controller_server-13] [INFO] [1790650647.473655724] [controller_server]: Passing new path to controller.
[state_machine_node-24] [WARN] [1790650647.527429675] [state_machine_node]: Fine alignment blocked by costmap: occupied, inscribed, unknown or out-of-map approach segment; retaining Nav2/reobservation.
[door_detection_node-21] [INFO] [1790650647.762247154] [door_detection_node]: 문 후보 발행: id=door_blue_8a61bc, source=front_right, color=blue, dist=3.95m, conf=0.33, bbox=(118,48,158,189), rep_x=138, center_x=138, angle=-64.6deg, center_angle=-64.6deg, lidar=3.91m, visual=3.32m, goal=(5.37,-0.87), handle=(5.84,-2.03,1.00), handle_obs=True, handle_method=estimated, handle_conf=0.00
[state_machine_node-24] [INFO] [1790650648.588540897] [state_machine_node]: 문 접근 목표 보정: door_blue_a809f7 handle_axis=(3.36, 2.08) goal_axis=(3.36, 0.98) wall_axis=(3.36, 2.08) yaw=90deg
[state_machine_node-24] [INFO] [1790650648.590282340] [state_machine_node]: 문 접근 목표 보정: door_blue_a809f7 handle_axis=(3.36, 2.08) goal_axis=(3.36, 0.98) wall_axis=(3.36, 2.08) yaw=90deg
[controller_server-13] [INFO] [1790650648.848635950] [controller_server]: Passing new path to controller.
[door_detection_node-21] [INFO] [1790650649.359477563] [door_detection_node]: 문 후보 발행: id=door_blue_fed083, source=front_right, color=blue, dist=4.17m, conf=0.24, bbox=(117,48,159,189), rep_x=138, center_x=138, angle=-64.6deg, center_angle=-64.6deg, lidar=4.51m, visual=3.32m, goal=(5.61,-0.89), handle=(6.14,-2.03,1.00), handle_obs=True, handle_method=estimated, handle_conf=0.00
[door_detection_node-21] [INFO] [1790650649.908272979] [door_detection_node]: HSV candidate rejected: color=blue, edge-clipped bbox=(105,0,320,240), width_ratio=0.67
[controller_server-13] [INFO] [1790650649.973594932] [controller_server]: Passing new path to controller.
[state_machine_node-24] [WARN] [1790650650.391550610] [state_machine_node]: Fine alignment blocked by costmap: occupied, inscribed, unknown or out-of-map approach segment; retaining Nav2/reobservation.
[planner_server-15] [INFO] [1790650650.508723217] [global_costmap.global_costmap]: StaticLayer: Resizing static layer to 232 X 86 at 0.050000 m/pix
[door_detection_node-21] [INFO] [1790650651.230912063] [door_detection_node]: 문 후보 발행: id=door_blue_f8e8ad, source=front_right, color=blue, dist=3.94m, conf=0.60, bbox=(150,49,187,188), rep_x=168, center_x=168, angle=-72.0deg, center_angle=-72.0deg, lidar=3.87m, visual=3.37m, goal=(5.27,-0.87), handle=(5.92,-1.94,1.00), handle_obs=True, handle_method=estimated, handle_conf=0.00
[controller_server-13] [INFO] [1790650651.348614578] [controller_server]: Passing new path to controller.
[controller_server-13] [INFO] [1790650652.598599992] [controller_server]: Passing new path to controller.
[door_detection_node-21] [INFO] [1790650652.769653648] [door_detection_node]: 문 후보 발행: id=door_blue_b327a7, source=front_right, color=blue, dist=4.02m, conf=0.48, bbox=(143,50,185,190), rep_x=164, center_x=164, angle=-71.0deg, center_angle=-71.0deg, lidar=4.05m, visual=3.34m, goal=(5.37,-0.89), handle=(6.00,-1.96,1.00), handle_obs=True, handle_method=estimated, handle_conf=0.00
[state_machine_node-24] [WARN] [1790650653.117097421] [state_machine_node]: Fine alignment blocked by costmap: occupied, inscribed, unknown or out-of-map approach segment; retaining Nav2/reobservation.
[door_detection_node-21] [INFO] [1790650653.223763589] [door_detection_node]: HSV candidate rejected: color=blue, edge-clipped bbox=(105,0,320,240), width_ratio=0.67
[planner_server-15] [INFO] [1790650653.508127347] [global_costmap.global_costmap]: StaticLayer: Resizing static layer to 233 X 86 at 0.050000 m/pix
[controller_server-13] [INFO] [1790650653.973682867] [controller_server]: Passing new path to controller.
[controller_server-13] [INFO] [1790650655.223660718] [controller_server]: Passing new path to controller.
[state_machine_node-24] [WARN] [1790650655.912739442] [state_machine_node]: Fine alignment blocked by costmap: occupied, inscribed, unknown or out-of-map approach segment; retaining Nav2/reobservation.
[door_detection_node-21] [INFO] [1790650656.096011156] [door_detection_node]: 문 후보 발행: id=door_blue_f8e8ad, source=front_right, color=blue, dist=3.91m, conf=0.47, bbox=(145,50,187,190), rep_x=166, center_x=166, angle=-71.5deg, center_angle=-71.5deg, lidar=3.81m, visual=3.34m, goal=(5.23,-0.87), handle=(5.86,-1.95,1.00), handle_obs=True, handle_method=estimated, handle_conf=0.00
[controller_server-13] [INFO] [1790650656.473612578] [controller_server]: Passing new path to controller.
[door_detection_node-21] [INFO] [1790650656.620598292] [door_detection_node]: HSV candidate rejected: color=blue, edge-clipped bbox=(103,0,320,240), width_ratio=0.68
[controller_server-13] [INFO] [1790650657.848662134] [controller_server]: Passing new path to controller.
[door_detection_node-21] [INFO] [1790650657.937482715] [door_detection_node]: 문 후보 발행: id=door_blue_f8e8ad, source=front_right, color=blue, dist=3.87m, conf=0.30, bbox=(148,49,188,189), rep_x=168, center_x=168, angle=-72.0deg, center_angle=-72.0deg, lidar=3.97m, visual=3.34m, goal=(5.22,-0.82), handle=(5.87,-1.89,1.00), handle_obs=True, handle_method=estimated, handle_conf=0.00
[state_machine_node-24] [WARN] [1790650658.657199696] [state_machine_node]: Fine alignment blocked by costmap: occupied, inscribed, unknown or out-of-map approach segment; retaining Nav2/reobservation.
[door_detection_node-21] [INFO] [1790650658.796855357] [door_detection_node]: YOLO 후보 제외: source=front, far small dist=5.51m, conf=0.27, bbox=(236,78,252,163)
[controller_server-13] [INFO] [1790650659.098611768] [controller_server]: Passing new path to controller.
[door_detection_node-21] [INFO] [1790650659.754356882] [door_detection_node]: 문 후보 발행: id=door_blue_f8e8ad, source=front_right, color=blue, dist=3.98m, conf=0.27, bbox=(149,48,191,189), rep_x=170, center_x=170, angle=-72.4deg, center_angle=-72.4deg, lidar=3.92m, visual=3.32m, goal=(5.27,-0.92), handle=(5.92,-1.99,1.00), handle_obs=True, handle_method=estimated, handle_conf=0.00
[controller_server-13] [INFO] [1790650660.348612317] [controller_server]: Passing new path to controller.
[door_detection_node-21] [INFO] [1790650661.288627240] [door_detection_node]: 문 후보 발행: id=door_blue_f8e8ad, source=front_right, color=blue, dist=3.90m, conf=0.49, bbox=(143,50,185,190), rep_x=164, center_x=164, angle=-71.0deg, center_angle=-71.0deg, lidar=3.96m, visual=3.34m, goal=(5.25,-0.86), handle=(5.87,-1.94,1.00), handle_obs=True, handle_method=estimated, handle_conf=0.00
[state_machine_node-24] [WARN] [1790650661.450417061] [state_machine_node]: Fine alignment blocked by costmap: occupied, inscribed, unknown or out-of-map approach segment; retaining Nav2/reobservation.
[controller_server-13] [INFO] [1790650661.598837281] [controller_server]: Passing new path to controller.
[door_detection_node-21] [INFO] [1790650661.827234735] [door_detection_node]: HSV candidate rejected: color=blue, edge-clipped bbox=(102,0,320,240), width_ratio=0.68
[door_detection_node-21] [INFO] [1790650662.834736885] [door_detection_node]: 문 후보 발행: id=door_blue_f8e8ad, source=front_right, color=blue, dist=3.90m, conf=0.49, bbox=(143,50,185,190), rep_x=164, center_x=164, angle=-71.0deg, center_angle=-71.0deg, lidar=3.94m, visual=3.34m, goal=(5.25,-0.86), handle=(5.87,-1.94,1.00), handle_obs=True, handle_method=estimated, handle_conf=0.00
[controller_server-13] [INFO] [1790650662.973687812] [controller_server]: Passing new path to controller.
[controller_server-13] [INFO] [1790650664.223681468] [controller_server]: Passing new path to controller.
[state_machine_node-24] [WARN] [1790650664.244033905] [state_machine_node]: Fine alignment blocked by costmap: occupied, inscribed, unknown or out-of-map approach segment; retaining Nav2/reobservation.
[door_detection_node-21] [INFO] [1790650664.399183433] [door_detection_node]: 문 후보 발행: id=door_blue_f8e8ad, source=front_right, color=blue, dist=3.95m, conf=0.47, bbox=(145,50,187,190), rep_x=166, center_x=166, angle=-71.5deg, center_angle=-71.5deg, lidar=3.96m, visual=3.34m, goal=(5.27,-0.90), handle=(5.89,-1.98,1.00), handle_obs=True, handle_method=estimated, handle_conf=0.00
[door_detection_node-21] [INFO] [1790650664.944634778] [door_detection_node]: HSV candidate rejected: color=blue, edge-clipped bbox=(104,0,320,240), width_ratio=0.68
[controller_server-13] [INFO] [1790650665.473620521] [controller_server]: Passing new path to controller.
[door_detection_node-21] [INFO] [1790650666.214521101] [door_detection_node]: 문 후보 발행: id=door_blue_b327a7, source=front_right, color=blue, dist=4.01m, conf=0.49, bbox=(143,51,179,190), rep_x=161, center_x=161, angle=-70.2deg, center_angle=-70.2deg, lidar=4.04m, visual=3.37m, goal=(5.34,-0.92), handle=(5.95,-2.01,1.00), handle_obs=True, handle_method=estimated, handle_conf=0.00
[controller_server-13] [INFO] [1790650666.848611880] [controller_server]: Passing new path to controller.
[state_machine_node-24] [WARN] [1790650666.997158907] [state_machine_node]: Fine alignment blocked by costmap: occupied, inscribed, unknown or out-of-map approach segment; retaining Nav2/reobservation.
[door_detection_node-21] [INFO] [1790650667.818965856] [door_detection_node]: 문 후보 발행: id=door_blue_8a61bc, source=front_right, color=blue, dist=3.91m, conf=0.50, bbox=(127,50,169,190), rep_x=148, center_x=148, angle=-67.1deg, center_angle=-67.1deg, lidar=3.94m, visual=3.34m, goal=(5.32,-0.85), handle=(5.85,-1.98,1.00), handle_obs=True, handle_method=estimated, handle_conf=0.00
[controller_server-13] [INFO] [1790650668.098700399] [controller_server]: Passing new path to controller.
[state_machine_node-24] [INFO] [1790650668.505525237] [state_machine_node]: 문 접근 목표 보정: door_blue_f5cbce handle_axis=(3.37, 1.98) goal_axis=(3.37, 0.88) wall_axis=(3.37, 1.98) yaw=90deg
[state_machine_node-24] [INFO] [1790650668.507480509] [state_machine_node]: 문 접근 목표 보정: door_blue_f5cbce handle_axis=(3.37, 1.98) goal_axis=(3.37, 0.88) wall_axis=(3.37, 1.98) yaw=90deg
[door_detection_node-21] [INFO] [1790650669.361780495] [door_detection_node]: 문 후보 발행: id=door_blue_8a61bc, source=front_right, color=blue, dist=3.99m, conf=0.25, bbox=(132,50,171,190), rep_x=151, center_x=151, angle=-67.8deg, center_angle=-67.8deg, lidar=3.91m, visual=3.34m, goal=(5.39,-0.89), handle=(5.94,-2.01,1.00), handle_obs=True, handle_method=estimated, handle_conf=0.00
[controller_server-13] [INFO] [1790650669.473623959] [controller_server]: Passing new path to controller.
[state_machine_node-24] [WARN] [1790650669.796387034] [state_machine_node]: Fine alignment blocked by costmap: occupied, inscribed, unknown or out-of-map approach segment; retaining Nav2/reobservation.
[state_machine_node-24] [INFO] [1790650670.064135497] [state_machine_node]: 문 접근 목표 보정: door_blue_f5cbce handle_axis=(3.39, 2.03) goal_axis=(3.39, 0.93) wall_axis=(3.39, 2.03) yaw=90deg
[state_machine_node-24] [INFO] [1790650670.065683124] [state_machine_node]: 문 접근 목표 보정: door_blue_f5cbce handle_axis=(3.39, 2.03) goal_axis=(3.39, 0.93) wall_axis=(3.39, 2.03) yaw=90deg
[controller_server-13] [INFO] [1790650670.598709511] [controller_server]: Passing new path to controller.
[door_detection_node-21] [INFO] [1790650670.917661714] [door_detection_node]: 문 후보 발행: id=door_blue_8a61bc, source=front_right, color=blue, dist=3.89m, conf=0.50, bbox=(127,50,169,190), rep_x=148, center_x=148, angle=-67.1deg, center_angle=-67.1deg, lidar=3.92m, visual=3.34m, goal=(5.33,-0.81), handle=(5.87,-1.94,1.00), handle_obs=True, handle_method=estimated, handle_conf=0.00
[state_machine_node-24] [INFO] [1790650671.623646171] [state_machine_node]: 문 접근 목표 보정: door_blue_f5cbce handle_axis=(3.37, 2.00) goal_axis=(3.37, 0.90) wall_axis=(3.37, 2.00) yaw=90deg
[state_machine_node-24] [INFO] [1790650671.625426539] [state_machine_node]: 문 접근 목표 보정: door_blue_f5cbce handle_axis=(3.37, 2.00) goal_axis=(3.37, 0.90) wall_axis=(3.37, 2.00) yaw=90deg
[controller_server-13] [INFO] [1790650671.973676191] [controller_server]: Passing new path to controller.
[door_detection_node-21] [INFO] [1790650672.463654032] [door_detection_node]: 문 후보 발행: id=door_blue_8a61bc, source=front_right, color=blue, dist=3.97m, conf=0.36, bbox=(131,50,172,190), rep_x=151, center_x=151, angle=-67.8deg, center_angle=-67.8deg, lidar=3.99m, visual=3.34m, goal=(5.38,-0.86), handle=(5.94,-1.98,1.00), handle_obs=True, handle_method=estimated, handle_conf=0.00
[state_machine_node-24] [WARN] [1790650672.575743633] [state_machine_node]: Fine alignment blocked by costmap: occupied, inscribed, unknown or out-of-map approach segment; retaining Nav2/reobservation.
[state_machine_node-24] [INFO] [1790650673.122367111] [state_machine_node]: 문 접근 목표 보정: door_blue_f5cbce handle_axis=(3.36, 2.00) goal_axis=(3.36, 0.90) wall_axis=(3.36, 2.00) yaw=90deg
[state_machine_node-24] [INFO] [1790650673.124060239] [state_machine_node]: 문 접근 목표 보정: door_blue_f5cbce handle_axis=(3.36, 2.00) goal_axis=(3.36, 0.90) wall_axis=(3.36, 2.00) yaw=90deg
[controller_server-13] [INFO] [1790650673.223625583] [controller_server]: Passing new path to controller.
[door_detection_node-21] [INFO] [1790650674.029199503] [door_detection_node]: 문 후보 발행: id=door_blue_8a61bc, source=front_right, color=blue, dist=3.91m, conf=0.27, bbox=(136,48,177,189), rep_x=156, center_x=156, angle=-69.0deg, center_angle=-69.0deg, lidar=3.88m, visual=3.32m, goal=(5.32,-0.81), handle=(5.92,-1.91,1.00), handle_obs=True, handle_method=estimated, handle_conf=0.00
[controller_server-13] [INFO] [1790650674.473596115] [controller_server]: Passing new path to controller.
[state_machine_node-24] [INFO] [1790650674.721224508] [state_machine_node]: 문 접근 목표 보정: door_blue_f5cbce handle_axis=(3.35, 1.98) goal_axis=(3.35, 0.88) wall_axis=(3.35, 1.98) yaw=90deg
[state_machine_node-24] [INFO] [1790650674.722833280] [state_machine_node]: 문 접근 목표 보정: door_blue_f5cbce handle_axis=(3.35, 1.98) goal_axis=(3.35, 0.88) wall_axis=(3.35, 1.98) yaw=90deg
[state_machine_node-24] [WARN] [1790650675.385979370] [state_machine_node]: Fine alignment blocked by costmap: occupied, inscribed, unknown or out-of-map approach segment; retaining Nav2/reobservation.
[controller_server-13] [INFO] [1790650675.848635926] [controller_server]: Passing new path to controller.
[door_detection_node-21] [INFO] [1790650676.282212687] [door_detection_node]: 문 후보 발행: id=door_blue_f5cbce, source=front_left, color=blue, dist=1.21m, conf=1.00, bbox=(74,0,285,240), rep_x=179, center_x=179, angle=65.4deg, center_angle=65.4deg, lidar=1.18m, visual=1.95m, goal=(3.90,0.87), handle=(3.35,1.99,0.83), handle_obs=True, handle_method=yolo:primary:item, handle_conf=0.73
[state_machine_node-24] [INFO] [1790650676.285375110] [state_machine_node]: 문 접근 목표 보정: door_blue_f5cbce handle_axis=(3.35, 1.99) goal_axis=(3.35, 0.89) wall_axis=(3.35, 1.99) yaw=90deg
[state_machine_node-24] [INFO] [1790650676.286400155] [state_machine_node]: 문 접근 목표 보정: door_blue_f5cbce handle_axis=(3.35, 1.99) goal_axis=(3.35, 0.89) wall_axis=(3.35, 1.99) yaw=90deg
[controller_server-13] [INFO] [1790650676.973603172] [controller_server]: Passing new path to controller.
[state_machine_node-24] [INFO] [1790650677.758810882] [state_machine_node]: 문 접근 목표 보정: door_blue_f5cbce handle_axis=(3.37, 2.04) goal_axis=(3.37, 0.94) wall_axis=(3.37, 2.04) yaw=90deg
[state_machine_node-24] [INFO] [1790650677.760336386] [state_machine_node]: 문 접근 목표 보정: door_blue_f5cbce handle_axis=(3.37, 2.04) goal_axis=(3.37, 0.94) wall_axis=(3.37, 2.04) yaw=90deg
[state_machine_node-24] [WARN] [1790650678.145930711] [state_machine_node]: Fine alignment blocked by costmap: occupied, inscribed, unknown or out-of-map approach segment; retaining Nav2/reobservation.
[controller_server-13] [INFO] [1790650678.348622027] [controller_server]: Passing new path to controller.
[door_detection_node-21] [INFO] [1790650678.510435262] [door_detection_node]: 문 후보 발행: id=door_blue_8a61bc, source=front_right, color=blue, dist=3.99m, conf=0.59, bbox=(125,51,166,189), rep_x=145, center_x=145, angle=-66.3deg, center_angle=-66.3deg, lidar=4.00m, visual=3.39m, goal=(5.43,-0.84), handle=(5.96,-1.97,1.00), handle_obs=True, handle_method=estimated, handle_conf=0.00
[door_detection_node-21] [INFO] [1790650678.861960251] [door_detection_node]: YOLO 후보 제외: source=front, far small dist=5.32m, conf=0.28, bbox=(212,75,230,163)
[controller_server-13] [INFO] [1790650679.598632855] [controller_server]: Passing new path to controller.
[state_machine_node-24] [INFO] [1790650679.602552895] [state_machine_node]: 문 접근 목표 보정: door_blue_f5cbce handle_axis=(3.37, 2.05) goal_axis=(3.37, 0.95) wall_axis=(3.37, 2.05) yaw=90deg
[state_machine_node-24] [INFO] [1790650679.604345049] [state_machine_node]: 문 접근 목표 보정: door_blue_f5cbce handle_axis=(3.37, 2.05) goal_axis=(3.37, 0.95) wall_axis=(3.37, 2.05) yaw=90deg
[door_detection_node-21] [INFO] [1790650680.387757922] [door_detection_node]: 문 후보 발행: id=door_blue_8a61bc, source=front_right, color=blue, dist=3.90m, conf=0.44, bbox=(129,51,171,190), rep_x=150, center_x=150, angle=-67.6deg, center_angle=-67.6deg, lidar=3.88m, visual=3.37m, goal=(5.35,-0.79), handle=(5.91,-1.90,1.00), handle_obs=True, handle_method=estimated, handle_conf=0.00
[controller_server-13] [INFO] [1790650680.848607284] [controller_server]: Passing new path to controller.
[state_machine_node-24] [WARN] [1790650680.962064559] [state_machine_node]: Fine alignment blocked by costmap: occupied, inscribed, unknown or out-of-map approach segment; retaining Nav2/reobservation.
[state_machine_node-24] [INFO] [1790650681.496382068] [state_machine_node]: 문 접근 목표 보정: door_blue_f5cbce handle_axis=(3.35, 2.01) goal_axis=(3.35, 0.91) wall_axis=(3.35, 2.01) yaw=90deg
[state_machine_node-24] [INFO] [1790650681.497983348] [state_machine_node]: 문 접근 목표 보정: door_blue_f5cbce handle_axis=(3.35, 2.01) goal_axis=(3.35, 0.91) wall_axis=(3.35, 2.01) yaw=90deg
[controller_server-13] [INFO] [1790650682.098635308] [controller_server]: Passing new path to controller.
[door_detection_node-21] [INFO] [1790650682.357582882] [door_detection_node]: 문 후보 발행: id=door_blue_fed083, source=front_right, color=blue, dist=4.03m, conf=0.57, bbox=(124,51,165,189), rep_x=144, center_x=144, angle=-66.1deg, center_angle=-66.1deg, lidar=4.07m, visual=3.39m, goal=(5.50,-0.83), handle=(6.05,-1.95,1.00), handle_obs=True, handle_method=estimated, handle_conf=0.00
[state_machine_node-24] [INFO] [1790650683.102062422] [state_machine_node]: 문 접근 목표 보정: door_blue_f5cbce handle_axis=(3.35, 2.03) goal_axis=(3.35, 0.93) wall_axis=(3.35, 2.03) yaw=90deg
[state_machine_node-24] [INFO] [1790650683.103416838] [state_machine_node]: 문 접근 목표 보정: door_blue_f5cbce handle_axis=(3.35, 2.03) goal_axis=(3.35, 0.93) wall_axis=(3.35, 2.03) yaw=90deg
[controller_server-13] [INFO] [1790650683.473635341] [controller_server]: Passing new path to controller.
[planner_server-15] [INFO] [1790650683.508213843] [global_costmap.global_costmap]: StaticLayer: Resizing static layer to 234 X 86 at 0.050000 m/pix
[state_machine_node-24] [WARN] [1790650683.814227722] [state_machine_node]: Fine alignment blocked by costmap: occupied, inscribed, unknown or out-of-map approach segment; retaining Nav2/reobservation.
[door_detection_node-21] [INFO] [1790650683.919313224] [door_detection_node]: 문 후보 발행: id=door_blue_fed083, source=front_right, color=blue, dist=4.04m, conf=0.60, bbox=(126,51,165,189), rep_x=145, center_x=145, angle=-66.3deg, center_angle=-66.3deg, lidar=4.00m, visual=3.39m, goal=(5.47,-0.87), handle=(6.01,-1.99,1.00), handle_obs=True, handle_method=estimated, handle_conf=0.00
[state_machine_node-24] [INFO] [1790650684.620239238] [state_machine_node]: 문 접근 목표 보정: door_blue_f5cbce handle_axis=(3.34, 1.98) goal_axis=(3.34, 0.88) wall_axis=(3.34, 1.98) yaw=90deg
[state_machine_node-24] [INFO] [1790650684.621767281] [state_machine_node]: 문 접근 목표 보정: door_blue_f5cbce handle_axis=(3.34, 1.98) goal_axis=(3.34, 0.88) wall_axis=(3.34, 1.98) yaw=90deg
[controller_server-13] [INFO] [1790650684.723678087] [controller_server]: Passing new path to controller.
[door_detection_node-21] [INFO] [1790650685.443963171] [door_detection_node]: 문 후보 발행: id=door_blue_8a61bc, source=front_right, color=blue, dist=3.94m, conf=0.23, bbox=(117,48,159,189), rep_x=138, center_x=138, angle=-64.6deg, center_angle=-64.6deg, lidar=3.93m, visual=3.32m, goal=(5.42,-0.82), handle=(5.90,-1.98,1.00), handle_obs=True, handle_method=estimated, handle_conf=0.00
[controller_server-13] [INFO] [1790650685.973634417] [controller_server]: Passing new path to controller.
[state_machine_node-24] [INFO] [1790650686.196428943] [state_machine_node]: 문 접근 목표 보정: door_blue_f5cbce handle_axis=(3.37, 2.04) goal_axis=(3.37, 0.94) wall_axis=(3.37, 2.04) yaw=90deg
[state_machine_node-24] [INFO] [1790650686.197822837] [state_machine_node]: 문 접근 목표 보정: door_blue_f5cbce handle_axis=(3.37, 2.04) goal_axis=(3.37, 0.94) wall_axis=(3.37, 2.04) yaw=90deg
[state_machine_node-24] [WARN] [1790650686.602914547] [state_machine_node]: Fine alignment blocked by costmap: occupied, inscribed, unknown or out-of-map approach segment; retaining Nav2/reobservation.
[door_detection_node-21] [INFO] [1790650687.030297070] [door_detection_node]: 문 후보 발행: id=door_blue_8a61bc, source=front_right, color=blue, dist=3.97m, conf=0.42, bbox=(120,49,162,189), rep_x=141, center_x=141, angle=-65.4deg, center_angle=-65.4deg, lidar=4.00m, visual=3.34m, goal=(5.46,-0.81), handle=(5.98,-1.95,1.00), handle_obs=True, handle_method=estimated, handle_conf=0.00
[controller_server-13] [INFO] [1790650687.348602529] [controller_server]: Passing new path to controller.
[state_machine_node-24] [INFO] [1790650687.755963744] [state_machine_node]: 문 접근 목표 보정: door_blue_f5cbce handle_axis=(3.36, 2.04) goal_axis=(3.36, 0.94) wall_axis=(3.36, 2.04) yaw=90deg
[state_machine_node-24] [INFO] [1790650687.757599293] [state_machine_node]: 문 접근 목표 보정: door_blue_f5cbce handle_axis=(3.36, 2.04) goal_axis=(3.36, 0.94) wall_axis=(3.36, 2.04) yaw=90deg
[controller_server-13] [INFO] [1790650688.476286151] [controller_server]: Passing new path to controller.
[door_detection_node-21] [INFO] [1790650688.583584612] [door_detection_node]: 문 후보 발행: id=door_blue_8a61bc, source=front_right, color=blue, dist=3.97m, conf=0.41, bbox=(123,49,160,189), rep_x=141, center_x=141, angle=-65.4deg, center_angle=-65.4deg, lidar=4.01m, visual=3.34m, goal=(5.46,-0.79), handle=(5.99,-1.92,1.00), handle_obs=True, handle_method=estimated, handle_conf=0.00
[state_machine_node-24] [INFO] [1790650689.342185676] [state_machine_node]: 문 접근 목표 보정: door_blue_f5cbce handle_axis=(3.33, 1.93) goal_axis=(3.33, 0.83) wall_axis=(3.33, 1.93) yaw=90deg
[state_machine_node-24] [INFO] [1790650689.343719787] [state_machine_node]: 문 접근 목표 보정: door_blue_f5cbce handle_axis=(3.33, 1.93) goal_axis=(3.33, 0.83) wall_axis=(3.33, 1.93) yaw=90deg
[state_machine_node-24] [WARN] [1790650689.451935127] [state_machine_node]: Fine alignment blocked by costmap: occupied, inscribed, unknown or out-of-map approach segment; retaining Nav2/reobservation.
[controller_server-13] [INFO] [1790650689.848622519] [controller_server]: Passing new path to controller.
[door_detection_node-21] [INFO] [1790650690.149129045] [door_detection_node]: 문 후보 발행: id=door_blue_8a61bc, source=front_right, color=blue, dist=3.91m, conf=0.46, bbox=(110,51,153,190), rep_x=131, center_x=131, angle=-62.9deg, center_angle=-62.9deg, lidar=3.73m, visual=3.37m, goal=(5.45,-0.76), handle=(5.92,-1.92,1.00), handle_obs=True, handle_method=estimated, handle_conf=0.00
[state_machine_node-24] [INFO] [1790650690.877274434] [state_machine_node]: 문 접근 목표 보정: door_blue_a809f7 handle_axis=(3.37, 2.07) goal_axis=(3.37, 0.97) wall_axis=(3.37, 2.07) yaw=90deg
[state_machine_node-24] [INFO] [1790650690.878705423] [state_machine_node]: 문 접근 목표 보정: door_blue_a809f7 handle_axis=(3.37, 2.07) goal_axis=(3.37, 0.97) wall_axis=(3.37, 2.07) yaw=90deg
[controller_server-13] [INFO] [1790650691.098647117] [controller_server]: Passing new path to controller.
[door_detection_node-21] [INFO] [1790650691.657575451] [door_detection_node]: 문 후보 발행: id=door_blue_fed083, source=front_right, color=blue, dist=4.02m, conf=0.65, bbox=(84,48,123,189), rep_x=103, center_x=103, angle=-56.3deg, center_angle=-56.3deg, lidar=4.06m, visual=3.32m, goal=(5.64,-0.83), handle=(5.95,-2.04,1.00), handle_obs=True, handle_method=estimated, handle_conf=0.00
[state_machine_node-24] [WARN] [1790650692.227360463] [state_machine_node]: Fine alignment blocked by costmap: occupied, inscribed, unknown or out-of-map approach segment; retaining Nav2/reobservation.
[state_machine_node-24] [INFO] [1790650692.469956530] [state_machine_node]: 문 접근 목표 보정: door_blue_a809f7 handle_axis=(3.28, 1.85) goal_axis=(3.28, 0.75) wall_axis=(3.28, 1.85) yaw=90deg
[state_machine_node-24] [INFO] [1790650692.471396160] [state_machine_node]: 문 접근 목표 보정: door_blue_a809f7 handle_axis=(3.28, 1.85) goal_axis=(3.28, 0.75) wall_axis=(3.28, 1.85) yaw=90deg
[state_machine_node-24] [WARN] [1790650692.472899474] [state_machine_node]: Locked blue target refined from newer observation: observed_blue_2p3_1p4 -> observed_blue_2p3_1p4, goal shift=0.18m, identity=(3.01,1.86) -> (2.88,1.85)
[controller_server-13] [INFO] [1790650692.473626135] [controller_server]: Passing new path to controller.
[navigation_node-22] [INFO] [1790650692.474862721] [navigation_node]: Navigation goal received: door observed_blue_2p3_1p4 (color=blue, frame=map, x=3.28, y=0.75)
[navigation_node-22] [INFO] [1790650692.475949972] [navigation_node]: Ignoring duplicate navigation target for active door: observed_blue_2p3_1p4
[state_machine_node-24] [INFO] [1790650693.186467377] [state_machine_node]: Nav2 door goal position is near, but yaw is not ready yet: observed_blue_2p3_1p4, dist=0.34m/0.38m, lateral=-0.01m/0.24m, yaw_error=73deg.
[door_detection_node-21] [INFO] [1790650693.221710476] [door_detection_node]: 문 후보 발행: id=door_blue_fed083, source=front_right, color=blue, dist=4.04m, conf=0.43, bbox=(92,48,130,190), rep_x=111, center_x=111, angle=-58.2deg, center_angle=-58.2deg, lidar=4.11m, visual=3.30m, goal=(5.63,-0.84), handle=(5.99,-2.03,1.00), handle_obs=True, handle_method=estimated, handle_conf=0.00
[controller_server-13] [INFO] [1790650693.723640473] [controller_server]: Passing new path to controller.
[state_machine_node-24] [INFO] [1790650693.969369590] [state_machine_node]: 문 접근 목표 보정: door_blue_a809f7 handle_axis=(3.28, 1.96) goal_axis=(3.28, 0.86) wall_axis=(3.28, 1.96) yaw=90deg
[state_machine_node-24] [INFO] [1790650693.971005383] [state_machine_node]: 문 접근 목표 보정: door_blue_a809f7 handle_axis=(3.28, 1.96) goal_axis=(3.28, 0.86) wall_axis=(3.28, 1.96) yaw=90deg
[state_machine_node-24] [INFO] [1790650694.134109603] [state_machine_node]: Nav2 door goal position is near, but yaw is not ready yet: observed_blue_2p3_1p4, dist=0.34m/0.38m, lateral=-0.00m/0.24m, yaw_error=78deg.
[door_detection_node-21] [INFO] [1790650694.803232813] [door_detection_node]: 문 후보 발행: id=door_blue_fed083, source=front_right, color=blue, dist=4.06m, conf=0.43, bbox=(92,48,130,189), rep_x=111, center_x=111, angle=-58.2deg, center_angle=-58.2deg, lidar=4.12m, visual=3.32m, goal=(5.67,-0.78), handle=(6.06,-1.97,1.00), handle_obs=True, handle_method=estimated, handle_conf=0.00
[cmd_vel_safety_node-6] [WARN] [1790650694.908557358] [cmd_vel_safety_node]: LiDAR collision stop: front=0.47m
[controller_server-13] [INFO] [1790650694.973645870] [controller_server]: Passing new path to controller.
[state_machine_node-24] [INFO] [1790650695.070995159] [state_machine_node]: Nav2 door goal position is near, but yaw is not ready yet: observed_blue_2p3_1p4, dist=0.33m/0.38m, lateral=-0.01m/0.24m, yaw_error=75deg.
[state_machine_node-24] [INFO] [1790650695.577234610] [state_machine_node]: 문 접근 목표 보정: door_blue_a809f7 handle_axis=(3.30, 2.12) goal_axis=(3.30, 1.02) wall_axis=(3.30, 2.12) yaw=90deg
[state_machine_node-24] [INFO] [1790650695.578345273] [state_machine_node]: 문 접근 목표 보정: door_blue_a809f7 handle_axis=(3.30, 2.12) goal_axis=(3.30, 1.02) wall_axis=(3.30, 2.12) yaw=90deg
[state_machine_node-24] [WARN] [1790650695.579392815] [state_machine_node]: Locked blue target refined from newer observation: observed_blue_2p3_1p4 -> observed_blue_2p3_1p4, goal shift=0.27m, identity=(2.88,1.85) -> (2.84,1.87)
[navigation_node-22] [INFO] [1790650695.581166430] [navigation_node]: Navigation goal received: door observed_blue_2p3_1p4 (color=blue, frame=map, x=3.30, y=1.02)
[navigation_node-22] [INFO] [1790650695.581948705] [navigation_node]: Ignoring duplicate navigation target for active door: observed_blue_2p3_1p4
[state_machine_node-24] [WARN] [1790650695.988325875] [state_machine_node]: Fine alignment blocked by costmap: occupied, inscribed, unknown or out-of-map approach segment; retaining Nav2/reobservation.
[controller_server-13] [INFO] [1790650696.348623561] [controller_server]: Passing new path to controller.
[door_detection_node-21] [INFO] [1790650696.396209511] [door_detection_node]: 문 후보 발행: id=door_blue_8a61bc, source=front_right, color=blue, dist=3.98m, conf=0.45, bbox=(91,49,133,190), rep_x=112, center_x=112, angle=-58.4deg, center_angle=-58.4deg, lidar=4.00m, visual=3.32m, goal=(5.62,-0.73), handle=(6.00,-1.92,1.00), handle_obs=True, handle_method=estimated, handle_conf=0.00
[cmd_vel_safety_node-6] [WARN] [1790650697.057608989] [cmd_vel_safety_node]: LiDAR collision stop: front=0.47m
[state_machine_node-24] [INFO] [1790650697.062819837] [state_machine_node]: 문 접근 목표 보정: door_blue_a809f7 handle_axis=(3.29, 2.11) goal_axis=(3.29, 1.01) wall_axis=(3.29, 2.11) yaw=90deg
[state_machine_node-24] [INFO] [1790650697.064579954] [state_machine_node]: 문 접근 목표 보정: door_blue_a809f7 handle_axis=(3.29, 2.11) goal_axis=(3.29, 1.01) wall_axis=(3.29, 2.11) yaw=90deg
[controller_server-13] [INFO] [1790650697.598616117] [controller_server]: Passing new path to controller.
[door_detection_node-21] [INFO] [1790650698.620347266] [door_detection_node]: 문 후보 발행: id=door_blue_a809f7, source=front_left, color=blue, dist=1.17m, conf=1.00, bbox=(17,0,230,240), rep_x=123, center_x=123, angle=79.0deg, center_angle=79.0deg, lidar=1.18m, visual=1.95m, goal=(3.66,0.82), handle=(3.27,2.01,0.82), handle_obs=True, handle_method=yolo:primary:item, handle_conf=0.72
[state_machine_node-24] [INFO] [1790650698.624420162] [state_machine_node]: 문 접근 목표 보정: door_blue_a809f7 handle_axis=(3.27, 2.01) goal_axis=(3.27, 0.91) wall_axis=(3.27, 2.01) yaw=90deg
[state_machine_node-24] [INFO] [1790650698.625966303] [state_machine_node]: 문 접근 목표 보정: door_blue_a809f7 handle_axis=(3.27, 2.01) goal_axis=(3.27, 0.91) wall_axis=(3.27, 2.01) yaw=90deg
[state_machine_node-24] [WARN] [1790650698.774305786] [state_machine_node]: Fine alignment blocked by costmap: occupied, inscribed, unknown or out-of-map approach segment; retaining Nav2/reobservation.
[controller_server-13] [INFO] [1790650698.848585194] [controller_server]: Passing new path to controller.
[controller_server-13] [INFO] [1790650700.098629313] [controller_server]: Passing new path to controller.
[door_detection_node-21] [INFO] [1790650700.173814371] [door_detection_node]: 문 후보 발행: id=door_blue_a809f7, source=front_left, color=blue, dist=1.19m, conf=1.00, bbox=(13,0,228,240), rep_x=120, center_x=120, angle=79.7deg, center_angle=79.7deg, lidar=1.21m, visual=1.95m, goal=(3.64,0.73), handle=(3.25,1.92,0.84), handle_obs=True, handle_method=yolo:primary:item, handle_conf=0.78
[state_machine_node-24] [INFO] [1790650700.177271836] [state_machine_node]: 문 접근 목표 보정: door_blue_a809f7 handle_axis=(3.25, 1.92) goal_axis=(3.25, 0.82) wall_axis=(3.25, 1.92) yaw=90deg
[state_machine_node-24] [INFO] [1790650700.178802004] [state_machine_node]: 문 접근 목표 보정: door_blue_a809f7 handle_axis=(3.25, 1.92) goal_axis=(3.25, 0.82) wall_axis=(3.25, 1.92) yaw=90deg
[state_machine_node-24] [WARN] [1790650700.179848846] [state_machine_node]: Locked blue target refined from newer observation: observed_blue_2p3_1p4 -> observed_blue_2p3_1p4, goal shift=0.21m, identity=(2.84,1.87) -> (2.83,1.85)
[navigation_node-22] [INFO] [1790650700.181548658] [navigation_node]: Navigation goal received: door observed_blue_2p3_1p4 (color=blue, frame=map, x=3.25, y=0.82)
[navigation_node-22] [INFO] [1790650700.182055774] [navigation_node]: Ignoring duplicate navigation target for active door: observed_blue_2p3_1p4
[state_machine_node-24] [INFO] [1790650700.681398561] [state_machine_node]: Nav2 door goal position is near, but yaw is not ready yet: observed_blue_2p3_1p4, dist=0.30m/0.38m, lateral=0.06m/0.24m, yaw_error=75deg.
[controller_server-13] [INFO] [1790650701.473687133] [controller_server]: Passing new path to controller.
[door_detection_node-21] [INFO] [1790650701.524268455] [door_detection_node]: HSV candidate rejected: color=blue, edge-clipped bbox=(0,0,206,240), width_ratio=0.64
[state_machine_node-24] [INFO] [1790650701.603063610] [state_machine_node]: Nav2 door goal position is near, but yaw is not ready yet: observed_blue_2p3_1p4, dist=0.29m/0.38m, lateral=0.08m/0.24m, yaw_error=81deg.
[door_detection_node-21] [INFO] [1790650701.857264487] [door_detection_node]: YOLO 후보 제외: source=front, far small dist=5.57m, conf=0.28, bbox=(160,76,175,160)
[state_machine_node-24] [INFO] [1790650702.562171023] [state_machine_node]: Nav2 door goal position is near, but yaw is not ready yet: observed_blue_2p3_1p4, dist=0.29m/0.38m, lateral=0.09m/0.24m, yaw_error=79deg.
[controller_server-13] [INFO] [1790650702.723634730] [controller_server]: Passing new path to controller.
[door_detection_node-21] [INFO] [1790650702.891242702] [door_detection_node]: 문 후보 발행: id=door_blue_fed083, source=front_right, color=blue, dist=4.03m, conf=0.53, bbox=(66,46,113,192), rep_x=89, center_x=89, angle=-53.1deg, center_angle=-53.1deg, lidar=4.02m, visual=3.21m, goal=(5.79,-0.72), handle=(6.07,-1.94,1.00), handle_obs=True, handle_method=estimated, handle_conf=0.00
[state_machine_node-24] [INFO] [1790650703.512519498] [state_machine_node]: Nav2 door goal position is near, but yaw is not ready yet: observed_blue_2p3_1p4, dist=0.29m/0.38m, lateral=0.09m/0.24m, yaw_error=82deg.
[controller_server-13] [INFO] [1790650703.973625723] [controller_server]: Passing new path to controller.
[navigation_node-22] [WARN] [1790650704.274044109] [navigation_node]: Robot is 0.18m from blue goal (threshold=0.18m). Treating navigation as succeeded.
[state_machine_node-24] [INFO] [1790650704.275724637] [state_machine_node]: Navigation succeeded.
[bt_navigator-17] [ERROR] [1790650704.393344816] [bt_navigator_navigate_to_pose_rclcpp_node]: Failed to get result for follow_path in node halt!
[bt_navigator-17] [INFO] [1790650704.393551686] [bt_navigator]: [navigate_to_pose] [ActionServer] Client requested to cancel the goal. Cancelling.
[bt_navigator-17] [INFO] [1790650704.393733585] [bt_navigator]: Goal canceled
[door_detection_node-21] [INFO] [1790650704.454813214] [door_detection_node]: 문 후보 발행: id=door_blue_fed083, source=front_right, color=blue, dist=4.05m, conf=0.52, bbox=(63,47,108,192), rep_x=85, center_x=85, angle=-52.2deg, center_angle=-52.2deg, lidar=3.96m, visual=3.23m, goal=(5.81,-0.75), handle=(6.06,-1.98,1.00), handle_obs=True, handle_method=estimated, handle_conf=0.00
[controller_server-13] [INFO] [1790650704.473628853] [controller_server]: Goal was canceled. Stopping the robot.
[controller_server-13] [INFO] [1790650704.473806941] [controller_server]: [follow_path] [ActionServer] Client requested to cancel the goal. Cancelling.
[state_machine_node-24] [INFO] [1790650704.531586266] [state_machine_node]: Fine door approach started: observed_blue_2p3_1p4, dist=0.29m, lateral=0.09m, forward=0.27m, yaw_error=82deg
[state_machine_node-24] [INFO] [1790650704.532575158] [state_machine_node]: Fine door parking translation: observed_blue_2p3_1p4, dist=0.29m/0.17m, heading_error=19deg, cmd=(0.07, 0.14)
[state_machine_node-24] [INFO] [1790650705.212034615] [state_machine_node]: 문 접근 목표 보정: door_blue_a809f7 handle_axis=(3.21, 1.85) goal_axis=(3.21, 0.75) wall_axis=(3.21, 1.85) yaw=90deg
[state_machine_node-24] [INFO] [1790650705.213547152] [state_machine_node]: 문 접근 목표 보정: door_blue_a809f7 handle_axis=(3.21, 1.85) goal_axis=(3.21, 0.75) wall_axis=(3.21, 1.85) yaw=90deg
[state_machine_node-24] [INFO] [1790650705.234524343] [state_machine_node]: 문 접근 목표 보정: door_blue_a809f7 handle_axis=(3.21, 1.85) goal_axis=(3.21, 0.75) wall_axis=(3.21, 1.85) yaw=90deg
[state_machine_node-24] [INFO] [1790650705.432219605] [state_machine_node]: Fine door parking translation: observed_blue_2p3_1p4, dist=0.26m/0.17m, heading_error=19deg, cmd=(0.07, 0.14)
[cmd_vel_safety_node-6] [WARN] [1790650705.433849058] [cmd_vel_safety_node]: LiDAR collision stop: front=0.47m
[door_detection_node-21] [INFO] [1790650706.033218114] [door_detection_node]: 문 후보 발행: id=door_blue_8a61bc, source=front_right, color=blue, dist=3.98m, conf=0.51, bbox=(61,47,107,192), rep_x=84, center_x=84, angle=-52.0deg, center_angle=-52.0deg, lidar=4.15m, visual=3.23m, goal=(5.81,-0.66), handle=(6.07,-1.88,1.00), handle_obs=True, handle_method=estimated, handle_conf=0.00
[state_machine_node-24] [INFO] [1790650706.350028642] [state_machine_node]: Fine door parking translation: observed_blue_2p3_1p4, dist=0.25m/0.17m, heading_error=16deg, cmd=(0.07, 0.14)
[door_detection_node-21] [INFO] [1790650706.563499664] [door_detection_node]: HSV candidate rejected: color=blue, edge-clipped bbox=(0,0,198,240), width_ratio=0.62
[state_machine_node-24] [INFO] [1790650707.297519001] [state_machine_node]: Fine door parking translation: observed_blue_2p3_1p4, dist=0.23m/0.17m, heading_error=16deg, cmd=(0.07, 0.14)
[door_detection_node-21] [INFO] [1790650707.873685782] [door_detection_node]: 문 후보 발행: id=door_blue_8a61bc, source=front_right, color=blue, dist=3.97m, conf=0.52, bbox=(93,48,136,191), rep_x=114, center_x=114, angle=-58.9deg, center_angle=-58.9deg, lidar=4.03m, visual=3.27m, goal=(5.68,-0.72), handle=(6.07,-1.91,1.00), handle_obs=True, handle_method=estimated, handle_conf=0.00
[state_machine_node-24] [INFO] [1790650708.258134650] [state_machine_node]: Fine door parking translation: observed_blue_2p3_1p4, dist=0.22m/0.17m, heading_error=16deg, cmd=(0.07, 0.14)
[cmd_vel_safety_node-6] [WARN] [1790650708.259918169] [cmd_vel_safety_node]: LiDAR collision stop: front=0.43m
[state_machine_node-24] [INFO] [1790650708.707328596] [state_machine_node]: 문 접근 목표 보정: door_blue_a809f7 handle_axis=(3.22, 1.90) goal_axis=(3.22, 0.80) wall_axis=(3.22, 1.90) yaw=90deg
[state_machine_node-24] [INFO] [1790650708.708941947] [state_machine_node]: 문 접근 목표 보정: door_blue_a809f7 handle_axis=(3.22, 1.90) goal_axis=(3.22, 0.80) wall_axis=(3.22, 1.90) yaw=90deg
[state_machine_node-24] [INFO] [1790650708.731427368] [state_machine_node]: 문 접근 목표 보정: door_blue_a809f7 handle_axis=(3.22, 1.90) goal_axis=(3.22, 0.80) wall_axis=(3.22, 1.90) yaw=90deg
[state_machine_node-24] [INFO] [1790650709.249656357] [state_machine_node]: Fine door parking translation: observed_blue_2p3_1p4, dist=0.22m/0.17m, heading_error=16deg, cmd=(0.07, 0.14)
[door_detection_node-21] [INFO] [1790650709.575574080] [door_detection_node]: 문 후보 발행: id=door_blue_8a61bc, source=front_right, color=blue, dist=3.97m, conf=0.32, bbox=(116,47,158,190), rep_x=137, center_x=137, angle=-64.4deg, center_angle=-64.4deg, lidar=4.00m, visual=3.27m, goal=(5.57,-0.79), handle=(6.06,-1.94,1.00), handle_obs=True, handle_method=estimated, handle_conf=0.00
[state_machine_node-24] [INFO] [1790650710.247207279] [state_machine_node]: Fine door parking translation: observed_blue_2p3_1p4, dist=0.22m/0.17m, heading_error=16deg, cmd=(0.07, 0.14)
[state_machine_node-24] [INFO] [1790650710.347582520] [state_machine_node]: 문 접근 목표 보정: door_blue_a809f7 handle_axis=(3.23, 1.86) goal_axis=(3.23, 0.76) wall_axis=(3.23, 1.86) yaw=90deg
[state_machine_node-24] [INFO] [1790650710.348976694] [state_machine_node]: 문 접근 목표 보정: door_blue_a809f7 handle_axis=(3.23, 1.86) goal_axis=(3.23, 0.76) wall_axis=(3.23, 1.86) yaw=90deg
[state_machine_node-24] [INFO] [1790650710.371448001] [state_machine_node]: 문 접근 목표 보정: door_blue_a809f7 handle_axis=(3.23, 1.86) goal_axis=(3.23, 0.76) wall_axis=(3.23, 1.86) yaw=90deg
[door_detection_node-21] [INFO] [1790650711.161379333] [door_detection_node]: 문 후보 발행: id=door_blue_8a61bc, source=front_right, color=blue, dist=3.88m, conf=0.36, bbox=(136,48,178,190), rep_x=157, center_x=157, angle=-69.3deg, center_angle=-69.3deg, lidar=4.07m, visual=3.30m, goal=(5.41,-0.79), handle=(6.00,-1.90,1.00), handle_obs=True, handle_method=estimated, handle_conf=0.00
[state_machine_node-24] [INFO] [1790650711.232494512] [state_machine_node]: Fine door parking translation: observed_blue_2p3_1p4, dist=0.22m/0.17m, heading_error=10deg, cmd=(0.07, 0.13)
[cmd_vel_safety_node-6] [WARN] [1790650711.233715553] [cmd_vel_safety_node]: LiDAR collision stop: front=0.46m
[state_machine_node-24] [INFO] [1790650711.908592267] [state_machine_node]: 문 접근 목표 보정: door_blue_f5cbce handle_axis=(3.31, 1.97) goal_axis=(3.31, 0.87) wall_axis=(3.31, 1.97) yaw=90deg
[state_machine_node-24] [INFO] [1790650711.910338628] [state_machine_node]: 문 접근 목표 보정: door_blue_f5cbce handle_axis=(3.31, 1.97) goal_axis=(3.31, 0.87) wall_axis=(3.31, 1.97) yaw=90deg
[state_machine_node-24] [INFO] [1790650711.931456272] [state_machine_node]: 문 접근 목표 보정: door_blue_f5cbce handle_axis=(3.31, 1.97) goal_axis=(3.31, 0.87) wall_axis=(3.31, 1.97) yaw=90deg
[state_machine_node-24] [INFO] [1790650712.192386138] [state_machine_node]: Fine door parking translation: observed_blue_2p3_1p4, dist=0.24m/0.17m, heading_error=7deg, cmd=(0.07, 0.09)
[door_detection_node-21] [INFO] [1790650712.785421031] [door_detection_node]: 문 후보 발행: id=door_blue_f8e8ad, source=front_right, color=blue, dist=3.93m, conf=0.46, bbox=(155,48,198,190), rep_x=176, center_x=176, angle=-73.9deg, center_angle=-73.9deg, lidar=3.90m, visual=3.30m, goal=(5.34,-0.89), handle=(6.01,-1.95,1.00), handle_obs=True, handle_method=estimated, handle_conf=0.00
[state_machine_node-24] [INFO] [1790650713.288937556] [state_machine_node]: Fine door parking translation: observed_blue_2p3_1p4, dist=0.23m/0.17m, heading_error=6deg, cmd=(0.07, 0.07)
[state_machine_node-24] [INFO] [1790650713.356986460] [state_machine_node]: 문 접근 목표 보정: door_blue_f5cbce handle_axis=(3.33, 2.05) goal_axis=(3.33, 0.95) wall_axis=(3.33, 2.05) yaw=90deg
[state_machine_node-24] [INFO] [1790650713.358602150] [state_machine_node]: 문 접근 목표 보정: door_blue_f5cbce handle_axis=(3.33, 2.05) goal_axis=(3.33, 0.95) wall_axis=(3.33, 2.05) yaw=90deg
[state_machine_node-24] [INFO] [1790650713.382807189] [state_machine_node]: 문 접근 목표 보정: door_blue_f5cbce handle_axis=(3.33, 2.05) goal_axis=(3.33, 0.95) wall_axis=(3.33, 2.05) yaw=90deg
[state_machine_node-24] [INFO] [1790650714.331859421] [state_machine_node]: Fine door parking translation: observed_blue_2p3_1p4, dist=0.23m/0.17m, heading_error=5deg, cmd=(0.07, 0.07)
[cmd_vel_safety_node-6] [WARN] [1790650714.333248971] [cmd_vel_safety_node]: LiDAR collision stop: front=0.44m
[door_detection_node-21] [INFO] [1790650715.080921413] [door_detection_node]: 문 후보 발행: id=door_blue_f5cbce, source=front_left, color=blue, dist=1.22m, conf=1.00, bbox=(94,0,315,240), rep_x=204, center_x=204, angle=59.4deg, center_angle=59.4deg, lidar=1.17m, visual=1.95m, goal=(4.02,0.94), handle=(3.29,1.96,0.86), handle_obs=True, handle_method=yolo:primary:item, handle_conf=0.35
[state_machine_node-24] [INFO] [1790650715.409907173] [state_machine_node]: Fine door parking translation: observed_blue_2p3_1p4, dist=0.24m/0.17m, heading_error=2deg, cmd=(0.07, 0.03)
[state_machine_node-24] [INFO] [1790650716.441816014] [state_machine_node]: Fine door parking translation: observed_blue_2p3_1p4, dist=0.23m/0.17m, heading_error=6deg, cmd=(0.07, 0.08)
[cmd_vel_safety_node-6] [WARN] [1790650716.443401235] [cmd_vel_safety_node]: LiDAR collision stop: front=0.40m
[door_detection_node-21] [INFO] [1790650716.610187724] [door_detection_node]: HSV candidate rejected: color=blue, edge-clipped bbox=(102,0,320,240), width_ratio=0.68
[door_detection_node-21] [INFO] [1790650716.985244458] [door_detection_node]: YOLO 후보 제외: source=front, far small dist=5.63m, conf=0.32, bbox=(264,72,279,165)
[state_machine_node-24] [INFO] [1790650717.426915089] [state_machine_node]: Fine door parking translation: observed_blue_2p3_1p4, dist=0.23m/0.17m, heading_error=4deg, cmd=(0.07, 0.05)
[door_detection_node-21] [INFO] [1790650718.007747920] [door_detection_node]: 문 후보 발행: id=door_blue_f8e8ad, source=front_right, color=blue, dist=3.80m, conf=0.37, bbox=(183,46,226,193), rep_x=204, center_x=204, angle=-80.6deg, center_angle=-80.6deg, lidar=3.86m, visual=3.18m, goal=(5.13,-0.91), handle=(5.91,-1.89,1.00), handle_obs=True, handle_method=estimated, handle_conf=0.00
[state_machine_node-24] [INFO] [1790650718.366659110] [state_machine_node]: Fine door parking translation: observed_blue_2p3_1p4, dist=0.23m/0.17m, heading_error=2deg, cmd=(0.07, 0.03)
[state_machine_node-24] [INFO] [1790650719.322622659] [state_machine_node]: Fine door parking translation: observed_blue_2p3_1p4, dist=0.23m/0.17m, heading_error=2deg, cmd=(0.07, 0.02)
[cmd_vel_safety_node-6] [WARN] [1790650719.323808141] [cmd_vel_safety_node]: LiDAR collision stop: front=0.42m
[door_detection_node-21] [INFO] [1790650719.874113965] [door_detection_node]: 문 후보 발행: id=door_blue_f8e8ad, source=front_right, color=blue, dist=3.84m, conf=0.59, bbox=(189,48,234,193), rep_x=211, center_x=211, angle=-82.3deg, center_angle=-82.3deg, lidar=3.90m, visual=3.23m, goal=(5.10,-0.99), handle=(5.89,-1.95,1.00), handle_obs=True, handle_method=estimated, handle_conf=0.00
[state_machine_node-24] [INFO] [1790650720.272483631] [state_machine_node]: Fine door parking translation: observed_blue_2p3_1p4, dist=0.23m/0.17m, heading_error=1deg, cmd=(0.07, 0.01)
[door_detection_node-21] [INFO] [1790650720.389764171] [door_detection_node]: HSV candidate rejected: color=blue, edge-clipped bbox=(119,0,320,240), width_ratio=0.63
[state_machine_node-24] [INFO] [1790650721.212380626] [state_machine_node]: Fine door parking translation: observed_blue_2p3_1p4, dist=0.23m/0.17m, heading_error=1deg, cmd=(0.07, 0.01)
[door_detection_node-21] [INFO] [1790650721.735630240] [door_detection_node]: 문 후보 발행: id=door_blue_f8e8ad, source=front_right, color=blue, dist=3.84m, conf=0.54, bbox=(190,45,239,194), rep_x=214, center_x=214, angle=-83.0deg, center_angle=-83.0deg, lidar=3.78m, visual=3.14m, goal=(5.10,-0.98), handle=(5.91,-1.93,1.00), handle_obs=True, handle_method=estimated, handle_conf=0.00
[state_machine_node-24] [INFO] [1790650722.203356422] [state_machine_node]: Fine door parking translation: observed_blue_2p3_1p4, dist=0.23m/0.17m, heading_error=4deg, cmd=(0.07, 0.05)
[cmd_vel_safety_node-6] [WARN] [1790650722.204588924] [cmd_vel_safety_node]: LiDAR collision stop: front=0.42m
[state_machine_node-24] [INFO] [1790650723.163716546] [state_machine_node]: Fine door parking translation: observed_blue_2p3_1p4, dist=0.23m/0.17m, heading_error=3deg, cmd=(0.07, 0.03)
[door_detection_node-21] [INFO] [1790650723.410349659] [door_detection_node]: 문 후보 발행: id=door_blue_f8e8ad, source=front_right, color=blue, dist=3.86m, conf=0.46, bbox=(195,45,240,194), rep_x=217, center_x=217, angle=-83.7deg, center_angle=-83.7deg, lidar=3.85m, visual=3.14m, goal=(5.09,-1.03), handle=(5.91,-1.98,1.00), handle_obs=True, handle_method=estimated, handle_conf=0.00
[door_detection_node-21] [INFO] [1790650723.907110892] [door_detection_node]: HSV candidate rejected: color=blue, edge-clipped bbox=(126,0,320,240), width_ratio=0.61
[state_machine_node-24] [INFO] [1790650724.134349777] [state_machine_node]: Fine door parking translation: observed_blue_2p3_1p4, dist=0.23m/0.17m, heading_error=2deg, cmd=(0.07, 0.02)
[state_machine_node-24] [INFO] [1790650725.110675615] [state_machine_node]: Fine door parking translation: observed_blue_2p3_1p4, dist=0.23m/0.17m, heading_error=1deg, cmd=(0.07, 0.01)
[cmd_vel_safety_node-6] [WARN] [1790650725.112710211] [cmd_vel_safety_node]: LiDAR collision stop: front=0.43m
[door_detection_node-21] [INFO] [1790650725.311955400] [door_detection_node]: 문 후보 발행: id=door_blue_f8e8ad, source=front_right, color=blue, dist=3.82m, conf=0.39, bbox=(200,45,246,193), rep_x=223, center_x=223, angle=-85.1deg, center_angle=-85.1deg, lidar=3.81m, visual=3.16m, goal=(5.04,-1.02), handle=(5.87,-1.95,1.00), handle_obs=True, handle_method=estimated, handle_conf=0.00
[state_machine_node-24] [INFO] [1790650726.120834311] [state_machine_node]: Fine door parking translation: observed_blue_2p3_1p4, dist=0.23m/0.17m, heading_error=1deg, cmd=(0.07, 0.01)
[state_machine_node-24] [INFO] [1790650727.166306847] [state_machine_node]: Fine door parking translation: observed_blue_2p3_1p4, dist=0.23m/0.17m, heading_error=0deg, cmd=(0.07, 0.00)
[cmd_vel_safety_node-6] [WARN] [1790650727.167727202] [cmd_vel_safety_node]: LiDAR collision stop: front=0.43m
[door_detection_node-21] [INFO] [1790650727.314232113] [door_detection_node]: 문 후보 발행: id=door_blue_f8e8ad, source=front_right, color=blue, dist=3.82m, conf=0.34, bbox=(204,46,247,193), rep_x=225, center_x=225, angle=-85.5deg, center_angle=-85.5deg, lidar=3.84m, visual=3.18m, goal=(5.04,-1.02), handle=(5.89,-1.93,1.00), handle_obs=True, handle_method=estimated, handle_conf=0.00
[door_detection_node-21] [INFO] [1790650727.699180734] [door_detection_node]: YOLO 후보 제외: source=front, far small dist=4.93m, conf=0.20, bbox=(293,71,310,166)
[state_machine_node-24] [WARN] [1790650728.197045422] [state_machine_node]: Waiting for a fresh door-wall normal before alignment.
[door_detection_node-21] [INFO] [1790650728.254195220] [door_detection_node]: HSV candidate rejected: color=blue, edge-clipped bbox=(132,0,320,240), width_ratio=0.59
[door_detection_node-21] [INFO] [1790650729.152996007] [door_detection_node]: 문 후보 발행: id=door_blue_f8e8ad, source=front_right, color=blue, dist=3.76m, conf=0.31, bbox=(204,46,248,193), rep_x=226, center_x=226, angle=-85.8deg, center_angle=-85.8deg, lidar=3.84m, visual=3.18m, goal=(4.99,-0.98), handle=(5.85,-1.89,1.00), handle_obs=True, handle_method=estimated, handle_conf=0.00
[state_machine_node-24] [INFO] [1790650729.203775396] [state_machine_node]: Fine door parking translation: observed_blue_2p3_1p4, dist=0.23m/0.17m, heading_error=0deg, cmd=(0.07, 0.00)
[door_detection_node-21] [INFO] [1790650730.267965614] [door_detection_node]: HSV candidate rejected: color=blue, edge-clipped bbox=(132,0,320,240), width_ratio=0.59
[door_detection_node-21] [INFO] [1790650731.052794849] [door_detection_node]: 문 후보 발행: id=door_blue_f8e8ad, source=front_right, color=blue, dist=3.85m, conf=0.31, bbox=(203,46,249,193), rep_x=226, center_x=226, angle=-85.8deg, center_angle=-85.8deg, lidar=3.85m, visual=3.18m, goal=(5.06,-1.03), handle=(5.92,-1.95,1.00), handle_obs=True, handle_method=estimated, handle_conf=0.00
[state_machine_node-24] [WARN] [1790650731.108076903] [state_machine_node]: Waiting for a fresh door-wall normal before alignment.
[door_detection_node-21] [INFO] [1790650731.558904542] [door_detection_node]: YOLO 후보 제외: source=front, far small dist=5.70m, conf=0.27, bbox=(292,68,311,166)
[door_detection_node-21] [INFO] [1790650732.871074891] [door_detection_node]: 문 후보 발행: id=door_blue_f8e8ad, source=front_right, color=blue, dist=3.82m, conf=0.32, bbox=(203,46,249,193), rep_x=226, center_x=226, angle=-85.8deg, center_angle=-85.8deg, lidar=3.84m, visual=3.18m, goal=(5.04,-1.02), handle=(5.90,-1.93,1.00), handle_obs=True, handle_method=estimated, handle_conf=0.00
[state_machine_node-24] [WARN] [1790650733.918669294] [state_machine_node]: Waiting for a fresh door-wall normal before alignment.
[door_detection_node-21] [INFO] [1790650733.987827904] [door_detection_node]: HSV candidate rejected: color=blue, edge-clipped bbox=(132,0,320,240), width_ratio=0.59
[door_detection_node-21] [INFO] [1790650734.762046521] [door_detection_node]: 문 후보 발행: id=door_blue_f8e8ad, source=front_right, color=blue, dist=3.87m, conf=0.32, bbox=(203,46,249,193), rep_x=226, center_x=226, angle=-85.8deg, center_angle=-85.8deg, lidar=3.80m, visual=3.18m, goal=(5.08,-1.05), handle=(5.93,-1.96,1.00), handle_obs=True, handle_method=estimated, handle_conf=0.00
[door_detection_node-21] [INFO] [1790650735.320707448] [door_detection_node]: YOLO 후보 제외: source=front, far small dist=5.67m, conf=0.27, bbox=(292,68,311,166)
[door_detection_node-21] [INFO] [1790650736.626643002] [door_detection_node]: 문 후보 발행: id=door_blue_f8e8ad, source=front_right, color=blue, dist=3.82m, conf=0.31, bbox=(203,46,249,193), rep_x=226, center_x=226, angle=-85.8deg, center_angle=-85.8deg, lidar=3.80m, visual=3.18m, goal=(5.04,-1.01), handle=(5.89,-1.92,1.00), handle_obs=True, handle_method=estimated, handle_conf=0.00
[state_machine_node-24] [WARN] [1790650736.756748075] [state_machine_node]: Waiting for a fresh door-wall normal before alignment.
[door_detection_node-21] [INFO] [1790650737.733369568] [door_detection_node]: HSV candidate rejected: color=blue, edge-clipped bbox=(132,0,320,240), width_ratio=0.59
[door_detection_node-21] [INFO] [1790650738.485029929] [door_detection_node]: 문 후보 발행: id=door_blue_f8e8ad, source=front_right, color=blue, dist=3.81m, conf=0.32, bbox=(203,46,249,193), rep_x=226, center_x=226, angle=-85.8deg, center_angle=-85.8deg, lidar=3.82m, visual=3.18m, goal=(5.03,-1.01), handle=(5.88,-1.92,1.00), handle_obs=True, handle_method=estimated, handle_conf=0.00
[door_detection_node-21] [INFO] [1790650739.033307066] [door_detection_node]: YOLO 후보 제외: source=front, far small dist=5.68m, conf=0.27, bbox=(292,68,311,166)
[state_machine_node-24] [WARN] [1790650739.537318245] [state_machine_node]: Waiting for a fresh door-wall normal before alignment.
[door_detection_node-21] [INFO] [1790650740.323045538] [door_detection_node]: 문 후보 발행: id=door_blue_f8e8ad, source=front_right, color=blue, dist=3.85m, conf=0.32, bbox=(203,46,249,193), rep_x=226, center_x=226, angle=-85.8deg, center_angle=-85.8deg, lidar=3.82m, visual=3.18m, goal=(5.06,-1.03), handle=(5.91,-1.94,1.00), handle_obs=True, handle_method=estimated, handle_conf=0.00
[state_machine_node-24] [INFO] [1790650740.505932127] [state_machine_node]: Fine door parking translation: observed_blue_2p3_1p4, dist=0.23m/0.17m, heading_error=0deg, cmd=(0.07, 0.00)
[cmd_vel_safety_node-6] [WARN] [1790650740.507204981] [cmd_vel_safety_node]: LiDAR collision stop: front=0.43m
[state_machine_node-24] [INFO] [1790650741.469454502] [state_machine_node]: Fine door parking translation: observed_blue_2p3_1p4, dist=0.23m/0.17m, heading_error=0deg, cmd=(0.07, 0.00)
[door_detection_node-21] [INFO] [1790650741.507266985] [door_detection_node]: HSV candidate rejected: color=blue, edge-clipped bbox=(132,0,320,240), width_ratio=0.59
[door_detection_node-21] [INFO] [1790650742.310643449] [door_detection_node]: 문 후보 발행: id=door_blue_f8e8ad, source=front_right, color=blue, dist=3.86m, conf=0.33, bbox=(204,45,249,193), rep_x=226, center_x=226, angle=-85.8deg, center_angle=-85.8deg, lidar=3.82m, visual=3.16m, goal=(5.07,-1.04), handle=(5.92,-1.95,1.00), handle_obs=True, handle_method=estimated, handle_conf=0.00
[state_machine_node-24] [INFO] [1790650742.439485918] [state_machine_node]: Fine door parking translation: observed_blue_2p3_1p4, dist=0.23m/0.17m, heading_error=0deg, cmd=(0.07, 0.00)
[cmd_vel_safety_node-6] [WARN] [1790650742.440803457] [cmd_vel_safety_node]: LiDAR collision stop: front=0.38m
[door_detection_node-21] [INFO] [1790650742.844650813] [door_detection_node]: YOLO 후보 제외: source=front, far small dist=5.68m, conf=0.27, bbox=(292,67,311,166)
[state_machine_node-24] [INFO] [1790650743.408105591] [state_machine_node]: Fine door parking translation: observed_blue_2p3_1p4, dist=0.23m/0.17m, heading_error=0deg, cmd=(0.07, 0.00)
[door_detection_node-21] [INFO] [1790650744.202097812] [door_detection_node]: 문 후보 발행: id=door_blue_f8e8ad, source=front_right, color=blue, dist=3.79m, conf=0.33, bbox=(204,45,251,194), rep_x=227, center_x=227, angle=-86.0deg, center_angle=-86.0deg, lidar=3.81m, visual=3.14m, goal=(5.01,-1.00), handle=(5.86,-1.91,1.00), handle_obs=True, handle_method=estimated, handle_conf=0.00
[state_machine_node-24] [INFO] [1790650744.387945949] [state_machine_node]: Fine door parking translation: observed_blue_2p3_1p4, dist=0.24m/0.17m, heading_error=2deg, cmd=(0.07, -0.02)
[cmd_vel_safety_node-6] [WARN] [1790650744.389183401] [cmd_vel_safety_node]: LiDAR collision stop: front=0.38m
[state_machine_node-24] [INFO] [1790650745.346573261] [state_machine_node]: Fine door parking translation: observed_blue_2p3_1p4, dist=0.24m/0.17m, heading_error=1deg, cmd=(0.07, -0.01)
[door_detection_node-21] [INFO] [1790650745.363145628] [door_detection_node]: HSV candidate rejected: color=blue, edge-clipped bbox=(131,0,320,240), width_ratio=0.59
[door_detection_node-21] [INFO] [1790650746.130743963] [door_detection_node]: 문 후보 발행: id=door_blue_f8e8ad, source=front_right, color=blue, dist=3.82m, conf=0.35, bbox=(202,48,247,194), rep_x=224, center_x=224, angle=-85.3deg, center_angle=-85.3deg, lidar=3.81m, visual=3.21m, goal=(5.01,-1.03), handle=(5.85,-1.96,1.00), handle_obs=True, handle_method=estimated, handle_conf=0.00
[state_machine_node-24] [INFO] [1790650746.327899758] [state_machine_node]: Fine door parking translation: observed_blue_2p3_1p4, dist=0.24m/0.17m, heading_error=1deg, cmd=(0.07, -0.01)
[state_machine_node-24] [INFO] [1790650747.306991601] [state_machine_node]: Fine door parking translation: observed_blue_2p3_1p4, dist=0.24m/0.17m, heading_error=0deg, cmd=(0.07, -0.00)
[cmd_vel_safety_node-6] [WARN] [1790650747.309005950] [cmd_vel_safety_node]: LiDAR collision stop: front=0.36m
[door_detection_node-21] [INFO] [1790650748.031025728] [door_detection_node]: 문 후보 발행: id=door_blue_f8e8ad, source=front_right, color=blue, dist=3.80m, conf=0.39, bbox=(200,45,246,193), rep_x=223, center_x=223, angle=-85.1deg, center_angle=-85.1deg, lidar=3.82m, visual=3.16m, goal=(4.99,-1.02), handle=(5.81,-1.96,1.00), handle_obs=True, handle_method=estimated, handle_conf=0.00
[state_machine_node-24] [INFO] [1790650748.304511604] [state_machine_node]: Fine door parking translation: observed_blue_2p3_1p4, dist=0.24m/0.17m, heading_error=0deg, cmd=(0.07, -0.00)
[door_detection_node-21] [INFO] [1790650748.376625809] [door_detection_node]: YOLO 후보 제외: source=front, far small dist=5.66m, conf=0.23, bbox=(288,68,307,167)
[door_detection_node-21] [INFO] [1790650748.951807357] [door_detection_node]: HSV candidate rejected: color=blue, edge-clipped bbox=(128,0,320,240), width_ratio=0.60
[state_machine_node-24] [INFO] [1790650749.291771009] [state_machine_node]: Fine door parking translation: observed_blue_2p3_1p4, dist=0.24m/0.17m, heading_error=0deg, cmd=(0.07, -0.00)
[cmd_vel_safety_node-6] [WARN] [1790650749.295407527] [cmd_vel_safety_node]: LiDAR collision stop: front=0.45m
[door_detection_node-21] [INFO] [1790650749.682730972] [door_detection_node]: 문 후보 발행: id=door_blue_f8e8ad, source=front_right, color=blue, dist=3.85m, conf=0.36, bbox=(199,45,244,193), rep_x=221, center_x=221, angle=-84.6deg, center_angle=-84.6deg, lidar=3.87m, visual=3.16m, goal=(5.04,-1.05), handle=(5.87,-1.99,1.00), handle_obs=True, handle_method=estimated, handle_conf=0.00
[state_machine_node-24] [INFO] [1790650750.258535110] [state_machine_node]: Fine door parking translation: observed_blue_2p3_1p4, dist=0.24m/0.17m, heading_error=0deg, cmd=(0.07, -0.00)
[state_machine_node-24] [INFO] [1790650751.237417564] [state_machine_node]: Fine door parking translation: observed_blue_2p3_1p4, dist=0.24m/0.17m, heading_error=0deg, cmd=(0.07, -0.00)
[door_detection_node-21] [INFO] [1790650751.625323121] [door_detection_node]: 문 후보 발행: id=door_blue_f8e8ad, source=front_right, color=blue, dist=3.86m, conf=0.38, bbox=(199,45,244,193), rep_x=221, center_x=221, angle=-84.6deg, center_angle=-84.6deg, lidar=3.78m, visual=3.16m, goal=(5.04,-1.06), handle=(5.86,-2.00,1.00), handle_obs=True, handle_method=estimated, handle_conf=0.00
[state_machine_node-24] [INFO] [1790650752.197185023] [state_machine_node]: Fine door parking translation: observed_blue_2p3_1p4, dist=0.24m/0.17m, heading_error=0deg, cmd=(0.07, -0.00)
[cmd_vel_safety_node-6] [WARN] [1790650752.199285566] [cmd_vel_safety_node]: LiDAR collision stop: front=0.44m
[door_detection_node-21] [INFO] [1790650752.284615200] [door_detection_node]: YOLO 후보 제외: source=front, far small dist=5.58m, conf=0.22, bbox=(290,72,307,165)
[door_detection_node-21] [INFO] [1790650752.826737454] [door_detection_node]: HSV candidate rejected: color=blue, edge-clipped bbox=(128,0,320,240), width_ratio=0.60
[state_machine_node-24] [INFO] [1790650753.172534641] [state_machine_node]: Fine door parking translation: observed_blue_2p3_1p4, dist=0.24m/0.17m, heading_error=0deg, cmd=(0.07, -0.00)
[door_detection_node-21] [INFO] [1790650753.643803303] [door_detection_node]: 문 후보 발행: id=door_blue_f8e8ad, source=front_right, color=blue, dist=3.81m, conf=0.39, bbox=(199,45,244,193), rep_x=221, center_x=221, angle=-84.6deg, center_angle=-84.6deg, lidar=3.81m, visual=3.16m, goal=(5.01,-1.03), handle=(5.83,-1.97,1.00), handle_obs=True, handle_method=estimated, handle_conf=0.00
[state_machine_node-24] [INFO] [1790650754.135539197] [state_machine_node]: Fine door parking translation: observed_blue_2p3_1p4, dist=0.24m/0.17m, heading_error=0deg, cmd=(0.07, -0.00)
[cmd_vel_safety_node-6] [WARN] [1790650754.137296475] [cmd_vel_safety_node]: LiDAR collision stop: front=0.39m
[state_machine_node-24] [INFO] [1790650755.075734128] [state_machine_node]: Fine door parking translation: observed_blue_2p3_1p4, dist=0.24m/0.17m, heading_error=0deg, cmd=(0.07, -0.00)
[door_detection_node-21] [INFO] [1790650755.528600839] [door_detection_node]: 문 후보 발행: id=door_blue_f8e8ad, source=front_right, color=blue, dist=3.83m, conf=0.43, bbox=(199,45,246,193), rep_x=222, center_x=222, angle=-84.8deg, center_angle=-84.8deg, lidar=3.83m, visual=3.16m, goal=(5.01,-1.05), handle=(5.83,-1.99,1.00), handle_obs=True, handle_method=estimated, handle_conf=0.00
[state_machine_node-24] [INFO] [1790650756.065686841] [state_machine_node]: Fine door parking translation: observed_blue_2p3_1p4, dist=0.24m/0.17m, heading_error=0deg, cmd=(0.07, -0.00)
[cmd_vel_safety_node-6] [WARN] [1790650756.066712674] [cmd_vel_safety_node]: LiDAR collision stop: front=0.45m
[door_detection_node-21] [INFO] [1790650756.111063478] [door_detection_node]: YOLO 후보 제외: source=front, far small dist=5.59m, conf=0.23, bbox=(290,72,307,165)
[door_detection_node-21] [INFO] [1790650756.685324588] [door_detection_node]: HSV candidate rejected: color=blue, edge-clipped bbox=(128,0,320,240), width_ratio=0.60
[state_machine_node-24] [INFO] [1790650757.018756664] [state_machine_node]: Fine door parking translation: observed_blue_2p3_1p4, dist=0.24m/0.17m, heading_error=0deg, cmd=(0.07, -0.00)
[door_detection_node-21] [INFO] [1790650757.492319502] [door_detection_node]: 문 후보 발행: id=door_blue_f8e8ad, source=front_right, color=blue, dist=3.83m, conf=0.43, bbox=(199,45,246,193), rep_x=222, center_x=222, angle=-84.8deg, center_angle=-84.8deg, lidar=3.88m, visual=3.16m, goal=(5.01,-1.05), handle=(5.83,-1.99,1.00), handle_obs=True, handle_method=estimated, handle_conf=0.00
[state_machine_node-24] [INFO] [1790650757.963352771] [state_machine_node]: Fine door parking translation: observed_blue_2p3_1p4, dist=0.24m/0.17m, heading_error=0deg, cmd=(0.07, -0.00)
[cmd_vel_safety_node-6] [WARN] [1790650757.966196673] [cmd_vel_safety_node]: LiDAR collision stop: front=0.43m
[state_machine_node-24] [INFO] [1790650758.917097010] [state_machine_node]: Fine door parking translation: observed_blue_2p3_1p4, dist=0.24m/0.17m, heading_error=0deg, cmd=(0.07, -0.00)
[door_detection_node-21] [INFO] [1790650759.355078535] [door_detection_node]: 문 후보 발행: id=door_blue_f8e8ad, source=front_right, color=blue, dist=3.84m, conf=0.43, bbox=(199,45,246,193), rep_x=222, center_x=222, angle=-84.8deg, center_angle=-84.8deg, lidar=3.83m, visual=3.16m, goal=(5.02,-1.06), handle=(5.84,-2.00,1.00), handle_obs=True, handle_method=estimated, handle_conf=0.00
[state_machine_node-24] [INFO] [1790650759.867729890] [state_machine_node]: Fine door parking translation: observed_blue_2p3_1p4, dist=0.24m/0.17m, heading_error=0deg, cmd=(0.07, -0.00)
[door_detection_node-21] [INFO] [1790650759.929742814] [door_detection_node]: YOLO 후보 제외: source=front, far small dist=5.61m, conf=0.23, bbox=(290,72,307,165)
[door_detection_node-21] [INFO] [1790650760.485358004] [door_detection_node]: HSV candidate rejected: color=blue, edge-clipped bbox=(128,0,320,240), width_ratio=0.60
[state_machine_node-24] [INFO] [1790650760.830588904] [state_machine_node]: Fine door parking translation: observed_blue_2p3_1p4, dist=0.24m/0.17m, heading_error=0deg, cmd=(0.07, -0.00)
[cmd_vel_safety_node-6] [WARN] [1790650760.830978922] [cmd_vel_safety_node]: LiDAR collision stop: front=0.44m
[door_detection_node-21] [INFO] [1790650761.267083409] [door_detection_node]: 문 후보 발행: id=door_blue_f8e8ad, source=front_right, color=blue, dist=3.79m, conf=0.43, bbox=(199,45,246,193), rep_x=222, center_x=222, angle=-84.8deg, center_angle=-84.8deg, lidar=3.79m, visual=3.16m, goal=(4.98,-1.02), handle=(5.80,-1.97,1.00), handle_obs=True, handle_method=estimated, handle_conf=0.00
[state_machine_node-24] [INFO] [1790650761.779820265] [state_machine_node]: Fine door parking translation: observed_blue_2p3_1p4, dist=0.24m/0.17m, heading_error=0deg, cmd=(0.07, -0.00)
[state_machine_node-24] [INFO] [1790650762.756868793] [state_machine_node]: Fine door parking translation: observed_blue_2p3_1p4, dist=0.24m/0.17m, heading_error=0deg, cmd=(0.07, -0.00)
[cmd_vel_safety_node-6] [WARN] [1790650762.758644808] [cmd_vel_safety_node]: LiDAR collision stop: front=0.45m
[door_detection_node-21] [INFO] [1790650762.812702333] [door_detection_node]: YOLO 후보 제외: source=front, far small dist=5.62m, conf=0.23, bbox=(290,72,307,165)
[state_machine_node-24] [INFO] [1790650763.721360107] [state_machine_node]: Fine door parking translation: observed_blue_2p3_1p4, dist=0.24m/0.17m, heading_error=0deg, cmd=(0.07, -0.00)
[door_detection_node-21] [INFO] [1790650763.767985192] [door_detection_node]: 문 후보 발행: id=door_blue_f8e8ad, source=front_right, color=blue, dist=3.87m, conf=0.43, bbox=(199,45,246,193), rep_x=222, center_x=222, angle=-84.8deg, center_angle=-84.8deg, lidar=3.86m, visual=3.16m, goal=(5.04,-1.07), handle=(5.86,-2.02,1.00), handle_obs=True, handle_method=estimated, handle_conf=0.00
[door_detection_node-21] [INFO] [1790650764.338261277] [door_detection_node]: HSV candidate rejected: color=blue, edge-clipped bbox=(128,0,320,240), width_ratio=0.60
[state_machine_node-24] [INFO] [1790650764.688992448] [state_machine_node]: Fine door parking translation: observed_blue_2p3_1p4, dist=0.24m/0.17m, heading_error=0deg, cmd=(0.07, -0.00)
[state_machine_node-24] [INFO] [1790650765.699938241] [state_machine_node]: Fine door parking translation: observed_blue_2p3_1p4, dist=0.24m/0.17m, heading_error=0deg, cmd=(0.07, -0.00)
[cmd_vel_safety_node-6] [WARN] [1790650765.701985817] [cmd_vel_safety_node]: LiDAR collision stop: front=0.38m
[door_detection_node-21] [INFO] [1790650765.820141242] [door_detection_node]: 문 후보 발행: id=door_blue_f8e8ad, source=front_right, color=blue, dist=3.85m, conf=0.43, bbox=(199,45,246,193), rep_x=222, center_x=222, angle=-84.8deg, center_angle=-84.8deg, lidar=3.90m, visual=3.16m, goal=(5.03,-1.06), handle=(5.85,-2.01,1.00), handle_obs=True, handle_method=estimated, handle_conf=0.00
[state_machine_node-24] [INFO] [1790650766.740656344] [state_machine_node]: Fine door parking translation: observed_blue_2p3_1p4, dist=0.24m/0.17m, heading_error=0deg, cmd=(0.07, -0.00)
[door_detection_node-21] [INFO] [1790650766.794891300] [door_detection_node]: YOLO 후보 제외: source=front, far small dist=5.66m, conf=0.23, bbox=(290,72,307,165)
[state_machine_node-24] [INFO] [1790650767.762836399] [state_machine_node]: Fine door parking translation: observed_blue_2p3_1p4, dist=0.24m/0.17m, heading_error=0deg, cmd=(0.07, -0.00)
[cmd_vel_safety_node-6] [WARN] [1790650767.764333816] [cmd_vel_safety_node]: LiDAR collision stop: front=0.42m
[door_detection_node-21] [INFO] [1790650767.886915698] [door_detection_node]: 문 후보 발행: id=door_blue_f8e8ad, source=front_right, color=blue, dist=3.83m, conf=0.43, bbox=(199,45,246,193), rep_x=222, center_x=222, angle=-84.8deg, center_angle=-84.8deg, lidar=3.85m, visual=3.16m, goal=(5.01,-1.05), handle=(5.83,-1.99,1.00), handle_obs=True, handle_method=estimated, handle_conf=0.00
[door_detection_node-21] [INFO] [1790650768.416807481] [door_detection_node]: HSV candidate rejected: color=blue, edge-clipped bbox=(128,0,320,240), width_ratio=0.60
[state_machine_node-24] [INFO] [1790650768.850915232] [state_machine_node]: Fine door parking translation: observed_blue_2p3_1p4, dist=0.24m/0.17m, heading_error=0deg, cmd=(0.07, -0.00)
[state_machine_node-24] [INFO] [1790650769.908546543] [state_machine_node]: Fine door parking translation: observed_blue_2p3_1p4, dist=0.24m/0.17m, heading_error=0deg, cmd=(0.07, -0.00)
[door_detection_node-21] [INFO] [1790650770.643224374] [door_detection_node]: 문 후보 발행: id=door_blue_f8e8ad, source=front_right, color=blue, dist=3.79m, conf=0.43, bbox=(199,45,246,193), rep_x=222, center_x=222, angle=-84.8deg, center_angle=-84.8deg, lidar=3.73m, visual=3.16m, goal=(4.98,-1.02), handle=(5.80,-1.96,1.00), handle_obs=True, handle_method=estimated, handle_conf=0.00
[state_machine_node-24] [INFO] [1790650770.911546370] [state_machine_node]: Fine door parking translation: observed_blue_2p3_1p4, dist=0.24m/0.17m, heading_error=0deg, cmd=(0.07, -0.00)
[cmd_vel_safety_node-6] [WARN] [1790650770.913610716] [cmd_vel_safety_node]: LiDAR collision stop: front=0.45m
[door_detection_node-21] [INFO] [1790650771.234780893] [door_detection_node]: YOLO 후보 제외: source=front, far small dist=5.53m, conf=0.23, bbox=(290,72,307,165)
[door_detection_node-21] [INFO] [1790650771.825421341] [door_detection_node]: HSV candidate rejected: color=blue, edge-clipped bbox=(128,0,320,240), width_ratio=0.60
[state_machine_node-24] [INFO] [1790650771.889204560] [state_machine_node]: Fine door parking translation: observed_blue_2p3_1p4, dist=0.24m/0.17m, heading_error=0deg, cmd=(0.07, -0.00)
[door_detection_node-21] [INFO] [1790650772.642411992] [door_detection_node]: 문 후보 발행: id=door_blue_f8e8ad, source=front_right, color=blue, dist=3.82m, conf=0.43, bbox=(199,45,246,193), rep_x=222, center_x=222, angle=-84.8deg, center_angle=-84.8deg, lidar=3.84m, visual=3.16m, goal=(5.00,-1.04), handle=(5.82,-1.98,1.00), handle_obs=True, handle_method=estimated, handle_conf=0.00
[state_machine_node-24] [INFO] [1790650772.852612446] [state_machine_node]: Fine door parking translation: observed_blue_2p3_1p4, dist=0.24m/0.17m, heading_error=0deg, cmd=(0.07, -0.00)
[state_machine_node-24] [INFO] [1790650773.825446887] [state_machine_node]: Fine door parking translation: observed_blue_2p3_1p4, dist=0.24m/0.17m, heading_error=0deg, cmd=(0.07, -0.00)
[cmd_vel_safety_node-6] [WARN] [1790650773.827392030] [cmd_vel_safety_node]: LiDAR collision stop: front=0.40m
[door_detection_node-21] [INFO] [1790650774.494800336] [door_detection_node]: 문 후보 발행: id=door_blue_f8e8ad, source=front_right, color=blue, dist=3.89m, conf=0.43, bbox=(199,45,246,193), rep_x=222, center_x=222, angle=-84.8deg, center_angle=-84.8deg, lidar=3.87m, visual=3.16m, goal=(5.05,-1.09), handle=(5.87,-2.03,1.00), handle_obs=True, handle_method=estimated, handle_conf=0.00
[state_machine_node-24] [INFO] [1790650774.784505103] [state_machine_node]: Fine door parking translation: observed_blue_2p3_1p4, dist=0.24m/0.17m, heading_error=0deg, cmd=(0.07, -0.00)
[door_detection_node-21] [INFO] [1790650775.135463240] [door_detection_node]: YOLO 후보 제외: source=front, far small dist=5.59m, conf=0.23, bbox=(290,72,307,165)
[door_detection_node-21] [INFO] [1790650775.675509599] [door_detection_node]: HSV candidate rejected: color=blue, edge-clipped bbox=(128,0,320,240), width_ratio=0.60
[state_machine_node-24] [WARN] [1790650775.773258392] [state_machine_node]: Fine door approach timeout: observed_blue_2p3_1p4, dist=0.24m, lateral=-0.00m, forward=0.24m, yaw_error=54deg
[state_machine_node-24] [INFO] [1790650775.773947828] [state_machine_node]: 문 앞 정렬 재접근: observed_blue_2p3_1p4 (1/2)
[state_machine_node-24] [INFO] [1790650775.775479974] [state_machine_node]: 문 접근 목표 보정: observed_blue_2p3_1p4 handle_axis=(3.25, 1.92) goal_axis=(3.25, 0.82) wall_axis=(3.25, 1.92) yaw=90deg
[navigation_node-22] [INFO] [1790650775.778171927] [navigation_node]: Navigation goal received: door observed_blue_2p3_1p4 (color=blue, frame=map, x=3.25, y=0.82)
[navigation_node-22] [WARN] [1790650775.869590005] [navigation_node]: Navigation goal is not reachable/free (cost=68) and no nearby connected free cell was found. Rejecting this goal instead of waiting for a Nav2 timeout.
[state_machine_node-24] [WARN] [1790650775.871194510] [state_machine_node]: Navigation failed.
[door_detection_node-21] [INFO] [1790650776.475500526] [door_detection_node]: 문 후보 발행: id=door_blue_f8e8ad, source=front_right, color=blue, dist=3.84m, conf=0.43, bbox=(199,45,246,193), rep_x=222, center_x=222, angle=-84.8deg, center_angle=-84.8deg, lidar=3.85m, visual=3.16m, goal=(5.02,-1.05), handle=(5.84,-2.00,1.00), handle_obs=True, handle_method=estimated, handle_conf=0.00
[state_machine_node-24] [WARN] [1790650776.753309056] [state_machine_node]: Nav result [nav2_failure] is close enough for door fine alignment: observed_blue_2p3_1p4, dist=0.24/1.10m, lateral=0.00/0.75m, forward=0.24m, yaw_error=50deg.
[state_machine_node-24] [INFO] [1790650777.776137811] [state_machine_node]: Fine door approach started: observed_blue_2p3_1p4, dist=0.24m, lateral=-0.00m, forward=0.24m, yaw_error=53deg
[state_machine_node-24] [INFO] [1790650777.777445033] [state_machine_node]: Fine door parking translation: observed_blue_2p3_1p4, dist=0.24m/0.17m, heading_error=0deg, cmd=(0.07, -0.00)
[cmd_vel_safety_node-6] [WARN] [1790650777.779383964] [cmd_vel_safety_node]: LiDAR collision stop: front=0.40m
[door_detection_node-21] [INFO] [1790650778.451518676] [door_detection_node]: 문 후보 발행: id=door_blue_f8e8ad, source=front_right, color=blue, dist=3.82m, conf=0.43, bbox=(199,45,246,193), rep_x=222, center_x=222, angle=-84.8deg, center_angle=-84.8deg, lidar=3.80m, visual=3.16m, goal=(5.00,-1.04), handle=(5.82,-1.98,1.00), handle_obs=True, handle_method=estimated, handle_conf=0.00
[state_machine_node-24] [INFO] [1790650778.736336976] [state_machine_node]: Fine door parking translation: observed_blue_2p3_1p4, dist=0.24m/0.17m, heading_error=0deg, cmd=(0.07, -0.00)
[door_detection_node-21] [INFO] [1790650779.062434214] [door_detection_node]: YOLO 후보 제외: source=front, far small dist=5.66m, conf=0.23, bbox=(290,72,307,165)
[door_detection_node-21] [INFO] [1790650779.624120167] [door_detection_node]: HSV candidate rejected: color=blue, edge-clipped bbox=(128,0,320,240), width_ratio=0.60
[state_machine_node-24] [INFO] [1790650779.727252113] [state_machine_node]: Fine door parking translation: observed_blue_2p3_1p4, dist=0.24m/0.17m, heading_error=0deg, cmd=(0.07, -0.00)
[door_detection_node-21] [INFO] [1790650780.420236848] [door_detection_node]: 문 후보 발행: id=door_blue_f8e8ad, source=front_right, color=blue, dist=3.85m, conf=0.43, bbox=(199,45,246,193), rep_x=222, center_x=222, angle=-84.8deg, center_angle=-84.8deg, lidar=3.80m, visual=3.16m, goal=(5.03,-1.07), handle=(5.85,-2.01,1.00), handle_obs=True, handle_method=estimated, handle_conf=0.00
[state_machine_node-24] [INFO] [1790650780.696153686] [state_machine_node]: Fine door parking translation: observed_blue_2p3_1p4, dist=0.24m/0.17m, heading_error=0deg, cmd=(0.07, -0.00)
[cmd_vel_safety_node-6] [WARN] [1790650780.698043141] [cmd_vel_safety_node]: LiDAR collision stop: front=0.43m
[state_machine_node-24] [INFO] [1790650781.682031766] [state_machine_node]: Fine door parking translation: observed_blue_2p3_1p4, dist=0.24m/0.17m, heading_error=0deg, cmd=(0.07, -0.00)
[door_detection_node-21] [INFO] [1790650781.963202808] [door_detection_node]: YOLO 후보 제외: source=front, far small dist=5.68m, conf=0.23, bbox=(290,72,307,165)
[state_machine_node-24] [INFO] [1790650782.665705811] [state_machine_node]: Fine door parking translation: observed_blue_2p3_1p4, dist=0.24m/0.17m, heading_error=0deg, cmd=(0.07, -0.00)
[cmd_vel_safety_node-6] [WARN] [1790650782.667429552] [cmd_vel_safety_node]: LiDAR collision stop: front=0.41m
[door_detection_node-21] [INFO] [1790650783.072437802] [door_detection_node]: 문 후보 발행: id=door_blue_f8e8ad, source=front_right, color=blue, dist=3.85m, conf=0.43, bbox=(199,45,246,193), rep_x=222, center_x=222, angle=-84.8deg, center_angle=-84.8deg, lidar=3.84m, visual=3.16m, goal=(5.02,-1.06), handle=(5.84,-2.01,1.00), handle_obs=True, handle_method=estimated, handle_conf=0.00
[door_detection_node-21] [INFO] [1790650783.531917837] [door_detection_node]: HSV candidate rejected: color=blue, edge-clipped bbox=(128,0,320,240), width_ratio=0.60
[state_machine_node-24] [INFO] [1790650783.662657402] [state_machine_node]: Fine door parking translation: observed_blue_2p3_1p4, dist=0.24m/0.17m, heading_error=0deg, cmd=(0.07, -0.00)
[state_machine_node-24] [INFO] [1790650784.651118884] [state_machine_node]: Fine door parking translation: observed_blue_2p3_1p4, dist=0.24m/0.17m, heading_error=0deg, cmd=(0.07, -0.00)
[cmd_vel_safety_node-6] [WARN] [1790650784.652763428] [cmd_vel_safety_node]: LiDAR collision stop: front=0.44m
[door_detection_node-21] [INFO] [1790650785.003576569] [door_detection_node]: 문 후보 발행: id=door_blue_f8e8ad, source=front_right, color=blue, dist=3.83m, conf=0.43, bbox=(199,45,246,193), rep_x=222, center_x=222, angle=-84.8deg, center_angle=-84.8deg, lidar=3.86m, visual=3.16m, goal=(5.01,-1.05), handle=(5.83,-1.99,1.00), handle_obs=True, handle_method=estimated, handle_conf=0.00
[state_machine_node-24] [INFO] [1790650785.628463587] [state_machine_node]: Fine door parking translation: observed_blue_2p3_1p4, dist=0.24m/0.17m, heading_error=0deg, cmd=(0.07, -0.00)
[door_detection_node-21] [INFO] [1790650785.939690261] [door_detection_node]: YOLO 후보 제외: source=front, far small dist=5.58m, conf=0.23, bbox=(290,72,307,165)
[state_machine_node-24] [INFO] [1790650786.611275667] [state_machine_node]: Fine door parking translation: observed_blue_2p3_1p4, dist=0.24m/0.17m, heading_error=0deg, cmd=(0.07, -0.00)
[cmd_vel_safety_node-6] [WARN] [1790650786.613357111] [cmd_vel_safety_node]: LiDAR collision stop: front=0.42m
[door_detection_node-21] [INFO] [1790650786.966699684] [door_detection_node]: 문 후보 발행: id=door_blue_f8e8ad, source=front_right, color=blue, dist=3.82m, conf=0.43, bbox=(199,45,246,193), rep_x=222, center_x=222, angle=-84.8deg, center_angle=-84.8deg, lidar=3.84m, visual=3.16m, goal=(5.01,-1.04), handle=(5.83,-1.99,1.00), handle_obs=True, handle_method=estimated, handle_conf=0.00
[door_detection_node-21] [INFO] [1790650787.455957256] [door_detection_node]: HSV candidate rejected: color=blue, edge-clipped bbox=(128,0,320,240), width_ratio=0.60
[state_machine_node-24] [INFO] [1790650787.590663492] [state_machine_node]: Fine door parking translation: observed_blue_2p3_1p4, dist=0.24m/0.17m, heading_error=0deg, cmd=(0.07, -0.00)
[door_detection_node-21] [INFO] [1790650788.570165351] [door_detection_node]: 문 후보 발행: id=door_blue_f8e8ad, source=front_right, color=blue, dist=3.78m, conf=0.43, bbox=(199,45,246,193), rep_x=222, center_x=222, angle=-84.8deg, center_angle=-84.8deg, lidar=3.80m, visual=3.16m, goal=(4.97,-1.01), handle=(5.79,-1.96,1.00), handle_obs=True, handle_method=estimated, handle_conf=0.00
[state_machine_node-24] [INFO] [1790650788.585427036] [state_machine_node]: Fine door parking translation: observed_blue_2p3_1p4, dist=0.24m/0.17m, heading_error=0deg, cmd=(0.07, -0.00)
[cmd_vel_safety_node-6] [WARN] [1790650788.587732489] [cmd_vel_safety_node]: LiDAR collision stop: front=0.42m
[door_detection_node-21] [INFO] [1790650789.493670062] [door_detection_node]: YOLO 후보 제외: source=front, far small dist=5.66m, conf=0.23, bbox=(290,72,307,165)
[state_machine_node-24] [INFO] [1790650789.587383405] [state_machine_node]: Fine door parking translation: observed_blue_2p3_1p4, dist=0.24m/0.17m, heading_error=0deg, cmd=(0.07, -0.00)
[door_detection_node-21] [INFO] [1790650790.557509237] [door_detection_node]: 문 후보 발행: id=door_blue_f8e8ad, source=front_right, color=blue, dist=3.80m, conf=0.43, bbox=(199,45,246,193), rep_x=222, center_x=222, angle=-84.8deg, center_angle=-84.8deg, lidar=3.84m, visual=3.16m, goal=(4.99,-1.03), handle=(5.81,-1.97,1.00), handle_obs=True, handle_method=estimated, handle_conf=0.00
[state_machine_node-24] [INFO] [1790650790.581841766] [state_machine_node]: Fine door parking translation: observed_blue_2p3_1p4, dist=0.24m/0.17m, heading_error=0deg, cmd=(0.07, -0.00)
[door_detection_node-21] [INFO] [1790650791.093141894] [door_detection_node]: HSV candidate rejected: color=blue, edge-clipped bbox=(128,0,320,240), width_ratio=0.60
[door_detection_node-21] [INFO] [1790650791.496905602] [door_detection_node]: YOLO 후보 제외: source=front, far small dist=5.55m, conf=0.22, bbox=(290,72,307,165)
[state_machine_node-24] [INFO] [1790650791.592477993] [state_machine_node]: Fine door parking translation: observed_blue_2p3_1p4, dist=0.24m/0.17m, heading_error=0deg, cmd=(0.07, -0.00)
[cmd_vel_safety_node-6] [WARN] [1790650791.593364586] [cmd_vel_safety_node]: LiDAR collision stop: front=0.47m
[state_machine_node-24] [INFO] [1790650792.565453139] [state_machine_node]: Fine door parking translation: observed_blue_2p3_1p4, dist=0.24m/0.17m, heading_error=0deg, cmd=(0.07, -0.00)
[door_detection_node-21] [INFO] [1790650792.594330081] [door_detection_node]: 문 후보 발행: id=door_blue_f8e8ad, source=front_right, color=blue, dist=3.82m, conf=0.43, bbox=(199,45,246,193), rep_x=222, center_x=222, angle=-84.8deg, center_angle=-84.8deg, lidar=3.81m, visual=3.16m, goal=(5.00,-1.04), handle=(5.82,-1.98,1.00), handle_obs=True, handle_method=estimated, handle_conf=0.00
[state_machine_node-24] [INFO] [1790650793.542377029] [state_machine_node]: Fine door parking translation: observed_blue_2p3_1p4, dist=0.24m/0.17m, heading_error=0deg, cmd=(0.07, -0.00)
[state_machine_node-24] [INFO] [1790650794.511275546] [state_machine_node]: Fine door parking translation: observed_blue_2p3_1p4, dist=0.24m/0.17m, heading_error=0deg, cmd=(0.07, -0.00)
[cmd_vel_safety_node-6] [WARN] [1790650794.514182767] [cmd_vel_safety_node]: LiDAR collision stop: front=0.43m
[door_detection_node-21] [INFO] [1790650794.528468682] [door_detection_node]: 문 후보 발행: id=door_blue_f8e8ad, source=front_right, color=blue, dist=3.77m, conf=0.43, bbox=(199,45,246,193), rep_x=222, center_x=222, angle=-84.8deg, center_angle=-84.8deg, lidar=3.86m, visual=3.16m, goal=(4.97,-1.01), handle=(5.79,-1.95,1.00), handle_obs=True, handle_method=estimated, handle_conf=0.00
[door_detection_node-21] [INFO] [1790650795.027700348] [door_detection_node]: HSV candidate rejected: color=blue, edge-clipped bbox=(128,0,320,240), width_ratio=0.60
[door_detection_node-21] [INFO] [1790650795.418479684] [door_detection_node]: YOLO 후보 제외: source=front, far small dist=5.66m, conf=0.23, bbox=(290,72,307,165)
[state_machine_node-24] [INFO] [1790650795.501006234] [state_machine_node]: Fine door parking translation: observed_blue_2p3_1p4, dist=0.24m/0.17m, heading_error=0deg, cmd=(0.07, -0.00)
[door_detection_node-21] [INFO] [1790650796.436851347] [door_detection_node]: 문 후보 발행: id=door_blue_f8e8ad, source=front_right, color=blue, dist=3.80m, conf=0.43, bbox=(199,45,246,193), rep_x=222, center_x=222, angle=-84.8deg, center_angle=-84.8deg, lidar=3.85m, visual=3.16m, goal=(4.99,-1.03), handle=(5.81,-1.97,1.00), handle_obs=True, handle_method=estimated, handle_conf=0.00
[state_machine_node-24] [INFO] [1790650796.533323373] [state_machine_node]: Fine door parking translation: observed_blue_2p3_1p4, dist=0.24m/0.17m, heading_error=0deg, cmd=(0.07, -0.00)
[cmd_vel_safety_node-6] [WARN] [1790650796.534804821] [cmd_vel_safety_node]: LiDAR collision stop: front=0.43m
[door_detection_node-21] [INFO] [1790650797.436860744] [door_detection_node]: YOLO 후보 제외: source=front, far small dist=5.64m, conf=0.22, bbox=(290,72,307,165)
[state_machine_node-24] [INFO] [1790650797.522272635] [state_machine_node]: Fine door parking translation: observed_blue_2p3_1p4, dist=0.24m/0.17m, heading_error=0deg, cmd=(0.07, -0.00)
[door_detection_node-21] [INFO] [1790650798.448422568] [door_detection_node]: 문 후보 발행: id=door_blue_f8e8ad, source=front_right, color=blue, dist=3.82m, conf=0.43, bbox=(199,45,246,193), rep_x=222, center_x=222, angle=-84.8deg, center_angle=-84.8deg, lidar=3.81m, visual=3.16m, goal=(5.00,-1.04), handle=(5.82,-1.99,1.00), handle_obs=True, handle_method=estimated, handle_conf=0.00
[state_machine_node-24] [INFO] [1790650798.507918039] [state_machine_node]: Fine door parking translation: observed_blue_2p3_1p4, dist=0.24m/0.17m, heading_error=0deg, cmd=(0.07, -0.00)
[cmd_vel_safety_node-6] [WARN] [1790650798.509634787] [cmd_vel_safety_node]: LiDAR collision stop: front=0.39m
[door_detection_node-21] [INFO] [1790650798.979524461] [door_detection_node]: HSV candidate rejected: color=blue, edge-clipped bbox=(128,0,320,240), width_ratio=0.60
[state_machine_node-24] [INFO] [1790650799.486646460] [state_machine_node]: Fine door parking translation: observed_blue_2p3_1p4, dist=0.24m/0.17m, heading_error=0deg, cmd=(0.07, -0.00)
[door_detection_node-21] [INFO] [1790650800.429142714] [door_detection_node]: 문 후보 발행: id=door_blue_f8e8ad, source=front_right, color=blue, dist=3.84m, conf=0.43, bbox=(199,45,246,193), rep_x=222, center_x=222, angle=-84.8deg, center_angle=-84.8deg, lidar=3.79m, visual=3.16m, goal=(5.02,-1.05), handle=(5.84,-2.00,1.00), handle_obs=True, handle_method=estimated, handle_conf=0.00
[state_machine_node-24] [INFO] [1790650800.496153466] [state_machine_node]: Fine door parking translation: observed_blue_2p3_1p4, dist=0.24m/0.17m, heading_error=0deg, cmd=(0.07, -0.00)
[cmd_vel_safety_node-6] [WARN] [1790650800.497089135] [cmd_vel_safety_node]: LiDAR collision stop: front=0.44m
[door_detection_node-21] [INFO] [1790650801.401612720] [door_detection_node]: YOLO 후보 제외: source=front, far small dist=5.63m, conf=0.23, bbox=(290,72,307,165)
[state_machine_node-24] [INFO] [1790650801.498844546] [state_machine_node]: Fine door parking translation: observed_blue_2p3_1p4, dist=0.24m/0.17m, heading_error=0deg, cmd=(0.07, -0.00)
[door_detection_node-21] [INFO] [1790650802.447427236] [door_detection_node]: 문 후보 발행: id=door_blue_f8e8ad, source=front_right, color=blue, dist=3.82m, conf=0.43, bbox=(199,45,246,193), rep_x=222, center_x=222, angle=-84.8deg, center_angle=-84.8deg, lidar=3.81m, visual=3.16m, goal=(5.00,-1.04), handle=(5.82,-1.98,1.00), handle_obs=True, handle_method=estimated, handle_conf=0.00
[state_machine_node-24] [INFO] [1790650802.516889652] [state_machine_node]: Fine door parking translation: observed_blue_2p3_1p4, dist=0.24m/0.17m, heading_error=0deg, cmd=(0.07, -0.00)
[cmd_vel_safety_node-6] [WARN] [1790650802.517587356] [cmd_vel_safety_node]: LiDAR collision stop: front=0.41m
[door_detection_node-21] [INFO] [1790650802.967799929] [door_detection_node]: HSV candidate rejected: color=blue, edge-clipped bbox=(128,0,320,240), width_ratio=0.60
[door_detection_node-21] [INFO] [1790650803.441346221] [door_detection_node]: YOLO 후보 제외: source=front, far small dist=5.66m, conf=0.22, bbox=(290,72,307,165)
[state_machine_node-24] [INFO] [1790650803.519837159] [state_machine_node]: Fine door parking translation: observed_blue_2p3_1p4, dist=0.24m/0.17m, heading_error=0deg, cmd=(0.07, -0.00)
[door_detection_node-21] [INFO] [1790650804.468052421] [door_detection_node]: 문 후보 발행: id=door_blue_f8e8ad, source=front_right, color=blue, dist=3.87m, conf=0.43, bbox=(199,45,246,193), rep_x=222, center_x=222, angle=-84.8deg, center_angle=-84.8deg, lidar=3.80m, visual=3.16m, goal=(5.04,-1.08), handle=(5.86,-2.02,1.00), handle_obs=True, handle_method=estimated, handle_conf=0.00
[state_machine_node-24] [INFO] [1790650804.528508650] [state_machine_node]: Fine door parking translation: observed_blue_2p3_1p4, dist=0.24m/0.17m, heading_error=0deg, cmd=(0.07, -0.00)
[cmd_vel_safety_node-6] [WARN] [1790650804.529640794] [cmd_vel_safety_node]: LiDAR collision stop: front=0.40m
[state_machine_node-24] [INFO] [1790650805.511437021] [state_machine_node]: Fine door parking translation: observed_blue_2p3_1p4, dist=0.24m/0.17m, heading_error=0deg, cmd=(0.07, -0.00)
[door_detection_node-21] [INFO] [1790650806.454156166] [door_detection_node]: 문 후보 발행: id=door_blue_f8e8ad, source=front_right, color=blue, dist=3.85m, conf=0.43, bbox=(199,45,246,193), rep_x=222, center_x=222, angle=-84.8deg, center_angle=-84.8deg, lidar=3.79m, visual=3.16m, goal=(5.03,-1.06), handle=(5.85,-2.01,1.00), handle_obs=True, handle_method=estimated, handle_conf=0.00
[state_machine_node-24] [INFO] [1790650806.472434588] [state_machine_node]: Fine door parking translation: observed_blue_2p3_1p4, dist=0.24m/0.17m, heading_error=0deg, cmd=(0.07, -0.00)
[door_detection_node-21] [INFO] [1790650806.946872551] [door_detection_node]: HSV candidate rejected: color=blue, edge-clipped bbox=(128,0,320,240), width_ratio=0.60
[door_detection_node-21] [INFO] [1790650807.376812289] [door_detection_node]: YOLO 후보 제외: source=front, far small dist=5.57m, conf=0.23, bbox=(290,72,307,165)
[state_machine_node-24] [INFO] [1790650807.463328466] [state_machine_node]: Fine door parking translation: observed_blue_2p3_1p4, dist=0.24m/0.17m, heading_error=0deg, cmd=(0.07, -0.00)
[cmd_vel_safety_node-6] [WARN] [1790650807.464325867] [cmd_vel_safety_node]: LiDAR collision stop: front=0.44m
[door_detection_node-21] [INFO] [1790650808.409290644] [door_detection_node]: 문 후보 발행: id=door_blue_f8e8ad, source=front_right, color=blue, dist=3.83m, conf=0.43, bbox=(199,45,246,193), rep_x=222, center_x=222, angle=-84.8deg, center_angle=-84.8deg, lidar=3.88m, visual=3.16m, goal=(5.01,-1.05), handle=(5.83,-1.99,1.00), handle_obs=True, handle_method=estimated, handle_conf=0.00
[state_machine_node-24] [WARN] [1790650808.460993200] [state_machine_node]: Waiting for a fresh door-wall normal before alignment.
[door_detection_node-21] [INFO] [1790650810.409692356] [door_detection_node]: 문 후보 발행: id=door_blue_f8e8ad, source=front_right, color=blue, dist=3.83m, conf=0.43, bbox=(199,45,246,193), rep_x=222, center_x=222, angle=-84.8deg, center_angle=-84.8deg, lidar=3.92m, visual=3.16m, goal=(5.01,-1.05), handle=(5.83,-1.99,1.00), handle_obs=True, handle_method=estimated, handle_conf=0.00
[state_machine_node-24] [WARN] [1790650810.509952820] [state_machine_node]: Waiting for a fresh door-wall normal before alignment.
[door_detection_node-21] [INFO] [1790650810.977871804] [door_detection_node]: HSV candidate rejected: color=blue, edge-clipped bbox=(128,0,320,240), width_ratio=0.60
[door_detection_node-21] [INFO] [1790650811.339050877] [door_detection_node]: YOLO 후보 제외: source=front, far small dist=5.62m, conf=0.23, bbox=(290,72,307,165)
[door_detection_node-21] [INFO] [1790650812.493840693] [door_detection_node]: 문 후보 발행: id=door_blue_f8e8ad, source=front_right, color=blue, dist=3.82m, conf=0.43, bbox=(199,45,246,193), rep_x=222, center_x=222, angle=-84.8deg, center_angle=-84.8deg, lidar=3.84m, visual=3.16m, goal=(5.00,-1.04), handle=(5.82,-1.99,1.00), handle_obs=True, handle_method=estimated, handle_conf=0.00
[door_detection_node-21] [INFO] [1790650813.346075794] [door_detection_node]: YOLO 후보 제외: source=front, far small dist=5.50m, conf=0.23, bbox=(290,72,307,165)
[state_machine_node-24] [WARN] [1790650813.512644390] [state_machine_node]: Waiting for a fresh door-wall normal before alignment.
[door_detection_node-21] [INFO] [1790650814.437426344] [door_detection_node]: 문 후보 발행: id=door_blue_f8e8ad, source=front_right, color=blue, dist=3.85m, conf=0.43, bbox=(199,45,246,193), rep_x=222, center_x=222, angle=-84.8deg, center_angle=-84.8deg, lidar=3.85m, visual=3.16m, goal=(5.03,-1.06), handle=(5.85,-2.01,1.00), handle_obs=True, handle_method=estimated, handle_conf=0.00
[door_detection_node-21] [INFO] [1790650814.988485347] [door_detection_node]: HSV candidate rejected: color=blue, edge-clipped bbox=(128,0,320,240), width_ratio=0.60
[door_detection_node-21] [INFO] [1790650816.042163668] [door_detection_node]: 문 후보 발행: id=door_blue_f8e8ad, source=front_right, color=blue, dist=3.84m, conf=0.43, bbox=(199,45,246,193), rep_x=222, center_x=222, angle=-84.8deg, center_angle=-84.8deg, lidar=3.87m, visual=3.16m, goal=(5.02,-1.06), handle=(5.84,-2.00,1.00), handle_obs=True, handle_method=estimated, handle_conf=0.00
[state_machine_node-24] [WARN] [1790650816.504671081] [state_machine_node]: Waiting for a fresh door-wall normal before alignment.
[door_detection_node-21] [INFO] [1790650817.030793142] [door_detection_node]: YOLO 후보 제외: source=front, far small dist=5.61m, conf=0.22, bbox=(290,72,307,165)
[door_detection_node-21] [INFO] [1790650818.254750411] [door_detection_node]: 문 후보 발행: id=door_blue_f8e8ad, source=front_right, color=blue, dist=3.82m, conf=0.43, bbox=(199,45,246,193), rep_x=222, center_x=222, angle=-84.8deg, center_angle=-84.8deg, lidar=3.93m, visual=3.16m, goal=(5.00,-1.04), handle=(5.82,-1.99,1.00), handle_obs=True, handle_method=estimated, handle_conf=0.00
[state_machine_node-24] [WARN] [1790650818.722694413] [state_machine_node]: Waiting for a fresh door-wall normal before alignment.
[door_detection_node-21] [INFO] [1790650818.856507434] [door_detection_node]: HSV candidate rejected: color=blue, edge-clipped bbox=(128,0,320,240), width_ratio=0.60
[door_detection_node-21] [INFO] [1790650819.280836029] [door_detection_node]: YOLO 후보 제외: source=front, far small dist=5.63m, conf=0.22, bbox=(290,72,307,165)
[state_machine_node-24] [INFO] [1790650819.748750843] [state_machine_node]: 문 앞 정렬 재접근: observed_blue_2p3_1p4 (2/2)
[state_machine_node-24] [INFO] [1790650819.751544926] [state_machine_node]: 문 접근 목표 보정: observed_blue_2p3_1p4 handle_axis=(3.25, 1.92) goal_axis=(3.25, 0.82) wall_axis=(3.25, 1.92) yaw=90deg
[navigation_node-22] [INFO] [1790650819.755608225] [navigation_node]: Navigation goal received: door observed_blue_2p3_1p4 (color=blue, frame=map, x=3.25, y=0.82)
[navigation_node-22] [WARN] [1790650819.851716054] [navigation_node]: Navigation goal is not reachable/free (cost=64) and no nearby connected free cell was found. Rejecting this goal instead of waiting for a Nav2 timeout.
[state_machine_node-24] [WARN] [1790650819.856621184] [state_machine_node]: Navigation failed.
[door_detection_node-21] [INFO] [1790650820.306732878] [door_detection_node]: 문 후보 발행: id=door_blue_f8e8ad, source=front_right, color=blue, dist=3.84m, conf=0.43, bbox=(199,45,246,193), rep_x=222, center_x=222, angle=-84.8deg, center_angle=-84.8deg, lidar=3.83m, visual=3.16m, goal=(5.02,-1.06), handle=(5.84,-2.00,1.00), handle_obs=True, handle_method=estimated, handle_conf=0.00
[state_machine_node-24] [WARN] [1790650820.753424272] [state_machine_node]: Nav result [nav2_failure] is close enough for door fine alignment: observed_blue_2p3_1p4, dist=0.24/1.10m, lateral=0.00/0.75m, forward=0.24m, yaw_error=49deg.
[state_machine_node-24] [WARN] [1790650821.749319935] [state_machine_node]: Waiting for a fresh door-wall normal before alignment.
[door_detection_node-21] [INFO] [1790650822.234686919] [door_detection_node]: 문 후보 발행: id=door_blue_f8e8ad, source=front_right, color=blue, dist=3.83m, conf=0.43, bbox=(199,45,246,193), rep_x=222, center_x=222, angle=-84.8deg, center_angle=-84.8deg, lidar=3.78m, visual=3.16m, goal=(5.01,-1.05), handle=(5.83,-2.00,1.00), handle_obs=True, handle_method=estimated, handle_conf=0.00
[state_machine_node-24] [INFO] [1790650822.745355487] [state_machine_node]: Fine door parking translation: observed_blue_2p3_1p4, dist=0.24m/0.17m, heading_error=0deg, cmd=(0.07, -0.00)
[cmd_vel_safety_node-6] [WARN] [1790650822.747448251] [cmd_vel_safety_node]: LiDAR collision stop: front=0.42m
[door_detection_node-21] [INFO] [1790650822.827011351] [door_detection_node]: HSV candidate rejected: color=blue, edge-clipped bbox=(128,0,320,240), width_ratio=0.60
[door_detection_node-21] [INFO] [1790650823.203947214] [door_detection_node]: YOLO 후보 제외: source=front, far small dist=5.63m, conf=0.22, bbox=(290,72,307,165)
[state_machine_node-24] [INFO] [1790650823.749605959] [state_machine_node]: Fine door parking translation: observed_blue_2p3_1p4, dist=0.24m/0.17m, heading_error=0deg, cmd=(0.07, -0.00)
[door_detection_node-21] [INFO] [1790650824.371606924] [door_detection_node]: 문 후보 발행: id=door_blue_f8e8ad, source=front_right, color=blue, dist=3.82m, conf=0.43, bbox=(199,45,246,193), rep_x=222, center_x=222, angle=-84.8deg, center_angle=-84.8deg, lidar=3.87m, visual=3.16m, goal=(5.00,-1.04), handle=(5.82,-1.98,1.00), handle_obs=True, handle_method=estimated, handle_conf=0.00
[state_machine_node-24] [INFO] [1790650824.763046869] [state_machine_node]: Fine door parking translation: observed_blue_2p3_1p4, dist=0.24m/0.17m, heading_error=0deg, cmd=(0.07, -0.00)
[door_detection_node-21] [INFO] [1790650824.838367224] [door_detection_node]: HSV candidate rejected: color=blue, edge-clipped bbox=(128,0,320,240), width_ratio=0.60
[door_detection_node-21] [INFO] [1790650825.204361284] [door_detection_node]: YOLO 후보 제외: source=front, far small dist=5.60m, conf=0.22, bbox=(290,72,307,165)
[state_machine_node-24] [INFO] [1790650825.782135189] [state_machine_node]: Fine door parking translation: observed_blue_2p3_1p4, dist=0.24m/0.17m, heading_error=0deg, cmd=(0.07, -0.00)
[cmd_vel_safety_node-6] [WARN] [1790650825.783801610] [cmd_vel_safety_node]: LiDAR collision stop: front=0.45m
[door_detection_node-21] [INFO] [1790650826.315191622] [door_detection_node]: 문 후보 발행: id=door_blue_f8e8ad, source=front_right, color=blue, dist=3.84m, conf=0.43, bbox=(199,45,246,193), rep_x=222, center_x=222, angle=-84.8deg, center_angle=-84.8deg, lidar=3.89m, visual=3.16m, goal=(5.02,-1.06), handle=(5.84,-2.00,1.00), handle_obs=True, handle_method=estimated, handle_conf=0.00
[state_machine_node-24] [INFO] [1790650826.775613038] [state_machine_node]: Fine door parking translation: observed_blue_2p3_1p4, dist=0.24m/0.17m, heading_error=0deg, cmd=(0.07, -0.00)
[door_detection_node-21] [INFO] [1790650826.845475327] [door_detection_node]: HSV candidate rejected: color=blue, edge-clipped bbox=(128,0,320,240), width_ratio=0.60
[door_detection_node-21] [INFO] [1790650827.293049899] [door_detection_node]: YOLO 후보 제외: source=front, far small dist=5.64m, conf=0.23, bbox=(290,72,307,165)
[state_machine_node-24] [INFO] [1790650827.791384611] [state_machine_node]: Fine door parking translation: observed_blue_2p3_1p4, dist=0.24m/0.17m, heading_error=0deg, cmd=(0.07, -0.00)
[door_detection_node-21] [INFO] [1790650828.264602279] [door_detection_node]: 문 후보 발행: id=door_blue_f8e8ad, source=front_right, color=blue, dist=3.83m, conf=0.43, bbox=(199,45,246,193), rep_x=222, center_x=222, angle=-84.8deg, center_angle=-84.8deg, lidar=3.84m, visual=3.16m, goal=(5.01,-1.05), handle=(5.83,-1.99,1.00), handle_obs=True, handle_method=estimated, handle_conf=0.00
[state_machine_node-24] [INFO] [1790650828.792627274] [state_machine_node]: Fine door parking translation: observed_blue_2p3_1p4, dist=0.24m/0.17m, heading_error=0deg, cmd=(0.07, -0.00)
[cmd_vel_safety_node-6] [WARN] [1790650828.794106959] [cmd_vel_safety_node]: LiDAR collision stop: front=0.43m
[door_detection_node-21] [INFO] [1790650828.896091506] [door_detection_node]: HSV candidate rejected: color=blue, edge-clipped bbox=(128,0,320,240), width_ratio=0.60
[state_machine_node-24] [INFO] [1790650829.815174715] [state_machine_node]: Fine door parking translation: observed_blue_2p3_1p4, dist=0.24m/0.17m, heading_error=0deg, cmd=(0.07, -0.00)
[door_detection_node-21] [INFO] [1790650830.032263589] [door_detection_node]: 문 후보 발행: id=door_blue_f8e8ad, source=front_right, color=blue, dist=3.79m, conf=0.43, bbox=(199,45,246,193), rep_x=222, center_x=222, angle=-84.8deg, center_angle=-84.8deg, lidar=3.88m, visual=3.16m, goal=(4.98,-1.02), handle=(5.80,-1.96,1.00), handle_obs=True, handle_method=estimated, handle_conf=0.00
[state_machine_node-24] [INFO] [1790650830.858179501] [state_machine_node]: Fine door parking translation: observed_blue_2p3_1p4, dist=0.24m/0.17m, heading_error=0deg, cmd=(0.07, -0.00)
[cmd_vel_safety_node-6] [WARN] [1790650830.860168112] [cmd_vel_safety_node]: LiDAR collision stop: front=0.43m
[door_detection_node-21] [INFO] [1790650830.962725802] [door_detection_node]: YOLO 후보 제외: source=front, far small dist=5.61m, conf=0.22, bbox=(290,72,307,165)
[state_machine_node-24] [INFO] [1790650831.859267117] [state_machine_node]: Fine door parking translation: observed_blue_2p3_1p4, dist=0.24m/0.17m, heading_error=0deg, cmd=(0.07, -0.00)
[door_detection_node-21] [INFO] [1790650832.087646731] [door_detection_node]: 문 후보 발행: id=door_blue_f8e8ad, source=front_right, color=blue, dist=3.84m, conf=0.43, bbox=(199,45,246,193), rep_x=222, center_x=222, angle=-84.8deg, center_angle=-84.8deg, lidar=3.85m, visual=3.16m, goal=(5.02,-1.06), handle=(5.84,-2.00,1.00), handle_obs=True, handle_method=estimated, handle_conf=0.00
[door_detection_node-21] [INFO] [1790650832.556340789] [door_detection_node]: HSV candidate rejected: color=blue, edge-clipped bbox=(128,0,320,240), width_ratio=0.60
[state_machine_node-24] [INFO] [1790650832.877814127] [state_machine_node]: Fine door parking translation: observed_blue_2p3_1p4, dist=0.24m/0.17m, heading_error=0deg, cmd=(0.07, -0.00)
[door_detection_node-21] [INFO] [1790650832.965602184] [door_detection_node]: YOLO 후보 제외: source=front, far small dist=5.64m, conf=0.22, bbox=(290,72,307,165)
[state_machine_node-24] [INFO] [1790650833.901001346] [state_machine_node]: Fine door parking translation: observed_blue_2p3_1p4, dist=0.24m/0.17m, heading_error=0deg, cmd=(0.07, -0.00)
[cmd_vel_safety_node-6] [WARN] [1790650833.902018337] [cmd_vel_safety_node]: LiDAR collision stop: front=0.43m
[door_detection_node-21] [INFO] [1790650834.118953823] [door_detection_node]: 문 후보 발행: id=door_blue_f8e8ad, source=front_right, color=blue, dist=3.84m, conf=0.43, bbox=(199,45,246,193), rep_x=222, center_x=222, angle=-84.8deg, center_angle=-84.8deg, lidar=3.84m, visual=3.16m, goal=(5.02,-1.06), handle=(5.84,-2.00,1.00), handle_obs=True, handle_method=estimated, handle_conf=0.00
[door_detection_node-21] [INFO] [1790650834.608444642] [door_detection_node]: HSV candidate rejected: color=blue, edge-clipped bbox=(128,0,320,240), width_ratio=0.60
[state_machine_node-24] [INFO] [1790650834.930240576] [state_machine_node]: Fine door parking translation: observed_blue_2p3_1p4, dist=0.24m/0.17m, heading_error=0deg, cmd=(0.07, -0.00)
[door_detection_node-21] [INFO] [1790650835.026350170] [door_detection_node]: YOLO 후보 제외: source=front, far small dist=5.65m, conf=0.22, bbox=(290,72,307,165)
[state_machine_node-24] [INFO] [1790650835.962168688] [state_machine_node]: Fine door parking translation: observed_blue_2p3_1p4, dist=0.24m/0.17m, heading_error=0deg, cmd=(0.07, -0.00)
[cmd_vel_safety_node-6] [WARN] [1790650835.963648851] [cmd_vel_safety_node]: LiDAR collision stop: front=0.41m
[door_detection_node-21] [INFO] [1790650836.109098073] [door_detection_node]: 문 후보 발행: id=door_blue_f8e8ad, source=front_right, color=blue, dist=3.77m, conf=0.43, bbox=(199,45,246,193), rep_x=222, center_x=222, angle=-84.8deg, center_angle=-84.8deg, lidar=3.89m, visual=3.16m, goal=(4.97,-1.01), handle=(5.79,-1.95,1.00), handle_obs=True, handle_method=estimated, handle_conf=0.00
[door_detection_node-21] [INFO] [1790650836.675713935] [door_detection_node]: HSV candidate rejected: color=blue, edge-clipped bbox=(128,0,320,240), width_ratio=0.60
[state_machine_node-24] [INFO] [1790650837.003007800] [state_machine_node]: Fine door parking translation: observed_blue_2p3_1p4, dist=0.24m/0.17m, heading_error=0deg, cmd=(0.07, -0.00)
[door_detection_node-21] [INFO] [1790650837.062208571] [door_detection_node]: YOLO 후보 제외: source=front, far small dist=5.67m, conf=0.23, bbox=(290,72,307,165)
[state_machine_node-24] [INFO] [1790650838.025083909] [state_machine_node]: Fine door parking translation: observed_blue_2p3_1p4, dist=0.24m/0.17m, heading_error=0deg, cmd=(0.07, -0.00)
[door_detection_node-21] [INFO] [1790650838.192898440] [door_detection_node]: 문 후보 발행: id=door_blue_f8e8ad, source=front_right, color=blue, dist=3.84m, conf=0.43, bbox=(199,45,246,193), rep_x=222, center_x=222, angle=-84.8deg, center_angle=-84.8deg, lidar=3.84m, visual=3.16m, goal=(5.02,-1.06), handle=(5.84,-2.00,1.00), handle_obs=True, handle_method=estimated, handle_conf=0.00
[door_detection_node-21] [INFO] [1790650838.693593938] [door_detection_node]: HSV candidate rejected: color=blue, edge-clipped bbox=(128,0,320,240), width_ratio=0.60
[state_machine_node-24] [INFO] [1790650839.028145378] [state_machine_node]: Fine door parking translation: observed_blue_2p3_1p4, dist=0.24m/0.17m, heading_error=0deg, cmd=(0.07, -0.00)
[cmd_vel_safety_node-6] [WARN] [1790650839.029927004] [cmd_vel_safety_node]: LiDAR collision stop: front=0.44m
[door_detection_node-21] [INFO] [1790650839.113881700] [door_detection_node]: YOLO 후보 제외: source=front, far small dist=5.62m, conf=0.22, bbox=(290,72,307,165)
[state_machine_node-24] [INFO] [1790650840.034936709] [state_machine_node]: Fine door parking translation: observed_blue_2p3_1p4, dist=0.24m/0.17m, heading_error=0deg, cmd=(0.07, -0.00)
[door_detection_node-21] [INFO] [1790650840.171320267] [door_detection_node]: 문 후보 발행: id=door_blue_f8e8ad, source=front_right, color=blue, dist=3.87m, conf=0.43, bbox=(199,45,246,193), rep_x=222, center_x=222, angle=-84.8deg, center_angle=-84.8deg, lidar=3.82m, visual=3.16m, goal=(5.04,-1.08), handle=(5.86,-2.02,1.00), handle_obs=True, handle_method=estimated, handle_conf=0.00
[door_detection_node-21] [INFO] [1790650840.703098305] [door_detection_node]: HSV candidate rejected: color=blue, edge-clipped bbox=(128,0,320,240), width_ratio=0.60
[state_machine_node-24] [INFO] [1790650841.053309454] [state_machine_node]: Fine door parking translation: observed_blue_2p3_1p4, dist=0.24m/0.17m, heading_error=0deg, cmd=(0.07, -0.00)
[door_detection_node-21] [INFO] [1790650841.130274177] [door_detection_node]: YOLO 후보 제외: source=front, far small dist=5.64m, conf=0.23, bbox=(290,72,307,165)
[state_machine_node-24] [INFO] [1790650842.036326653] [state_machine_node]: Fine door parking translation: observed_blue_2p3_1p4, dist=0.24m/0.17m, heading_error=0deg, cmd=(0.07, -0.00)
[cmd_vel_safety_node-6] [WARN] [1790650842.039040617] [cmd_vel_safety_node]: LiDAR collision stop: front=0.39m
[door_detection_node-21] [INFO] [1790650842.250504295] [door_detection_node]: 문 후보 발행: id=door_blue_f8e8ad, source=front_right, color=blue, dist=3.88m, conf=0.43, bbox=(199,45,246,193), rep_x=222, center_x=222, angle=-84.8deg, center_angle=-84.8deg, lidar=3.85m, visual=3.16m, goal=(5.04,-1.08), handle=(5.86,-2.02,1.00), handle_obs=True, handle_method=estimated, handle_conf=0.00
[state_machine_node-24] [INFO] [1790650843.034039099] [state_machine_node]: Fine door parking translation: observed_blue_2p3_1p4, dist=0.24m/0.17m, heading_error=0deg, cmd=(0.07, -0.00)
[state_machine_node-24] [INFO] [1790650844.053621897] [state_machine_node]: Fine door parking translation: observed_blue_2p3_1p4, dist=0.24m/0.17m, heading_error=0deg, cmd=(0.07, -0.00)
[cmd_vel_safety_node-6] [WARN] [1790650844.055541783] [cmd_vel_safety_node]: LiDAR collision stop: front=0.45m
[door_detection_node-21] [INFO] [1790650844.173477662] [door_detection_node]: 문 후보 발행: id=door_blue_f8e8ad, source=front_right, color=blue, dist=3.87m, conf=0.43, bbox=(199,45,246,193), rep_x=222, center_x=222, angle=-84.8deg, center_angle=-84.8deg, lidar=3.77m, visual=3.16m, goal=(5.04,-1.08), handle=(5.86,-2.02,1.00), handle_obs=True, handle_method=estimated, handle_conf=0.00
[door_detection_node-21] [INFO] [1790650844.711358711] [door_detection_node]: HSV candidate rejected: color=blue, edge-clipped bbox=(128,0,320,240), width_ratio=0.60
[state_machine_node-24] [INFO] [1790650845.072081699] [state_machine_node]: Fine door parking translation: observed_blue_2p3_1p4, dist=0.24m/0.17m, heading_error=0deg, cmd=(0.07, -0.00)
[door_detection_node-21] [INFO] [1790650845.103260130] [door_detection_node]: YOLO 후보 제외: source=front, far small dist=5.56m, conf=0.22, bbox=(290,72,307,165)
[state_machine_node-24] [INFO] [1790650846.079110355] [state_machine_node]: Fine door parking translation: observed_blue_2p3_1p4, dist=0.24m/0.17m, heading_error=0deg, cmd=(0.07, -0.00)
[cmd_vel_safety_node-6] [WARN] [1790650846.079972415] [cmd_vel_safety_node]: LiDAR collision stop: front=0.47m
[door_detection_node-21] [INFO] [1790650846.173050117] [door_detection_node]: 문 후보 발행: id=door_blue_f8e8ad, source=front_right, color=blue, dist=3.85m, conf=0.43, bbox=(199,45,246,193), rep_x=222, center_x=222, angle=-84.8deg, center_angle=-84.8deg, lidar=3.86m, visual=3.16m, goal=(5.03,-1.07), handle=(5.85,-2.01,1.00), handle_obs=True, handle_method=estimated, handle_conf=0.00
[state_machine_node-24] [INFO] [1790650847.059588615] [state_machine_node]: Fine door parking translation: observed_blue_2p3_1p4, dist=0.24m/0.17m, heading_error=0deg, cmd=(0.07, -0.00)
[state_machine_node-24] [INFO] [1790650848.038686434] [state_machine_node]: Fine door parking translation: observed_blue_2p3_1p4, dist=0.24m/0.17m, heading_error=0deg, cmd=(0.07, -0.00)
[door_detection_node-21] [INFO] [1790650848.120782742] [door_detection_node]: 문 후보 발행: id=door_blue_f8e8ad, source=front_right, color=blue, dist=3.82m, conf=0.43, bbox=(199,45,246,193), rep_x=222, center_x=222, angle=-84.8deg, center_angle=-84.8deg, lidar=3.79m, visual=3.16m, goal=(5.01,-1.05), handle=(5.83,-1.99,1.00), handle_obs=True, handle_method=estimated, handle_conf=0.00
[door_detection_node-21] [INFO] [1790650848.630507950] [door_detection_node]: HSV candidate rejected: color=blue, edge-clipped bbox=(128,0,320,240), width_ratio=0.60
[state_machine_node-24] [INFO] [1790650849.024607662] [state_machine_node]: Fine door parking translation: observed_blue_2p3_1p4, dist=0.24m/0.17m, heading_error=0deg, cmd=(0.07, -0.00)
[cmd_vel_safety_node-6] [WARN] [1790650849.025809374] [cmd_vel_safety_node]: LiDAR collision stop: front=0.39m
[door_detection_node-21] [INFO] [1790650849.043121250] [door_detection_node]: YOLO 후보 제외: source=front, far small dist=5.63m, conf=0.23, bbox=(290,72,307,165)
[state_machine_node-24] [INFO] [1790650849.996765324] [state_machine_node]: Fine door parking translation: observed_blue_2p3_1p4, dist=0.24m/0.17m, heading_error=0deg, cmd=(0.07, -0.00)
[door_detection_node-21] [INFO] [1790650850.131011852] [door_detection_node]: 문 후보 발행: id=door_blue_f8e8ad, source=front_right, color=blue, dist=3.83m, conf=0.43, bbox=(199,45,246,193), rep_x=222, center_x=222, angle=-84.8deg, center_angle=-84.8deg, lidar=3.80m, visual=3.16m, goal=(5.01,-1.05), handle=(5.83,-1.99,1.00), handle_obs=True, handle_method=estimated, handle_conf=0.00
[state_machine_node-24] [WARN] [1790650850.995861441] [state_machine_node]: Fine door approach timeout: observed_blue_2p3_1p4, dist=0.24m, lateral=-0.00m, forward=0.24m, yaw_error=51deg
[state_machine_node-24] [WARN] [1790650850.997222318] [state_machine_node]: Nav failure [door_not_aligned] → observed_blue_2p3_1p4. 재시도 4/2
[state_machine_node-24] [WARN] [1790650850.998378051] [state_machine_node]: 파란 문 후보 (2.9, 1.8) 문 앞 접근 실패 1/4. 아직 포기하지 않고 다음 탐색에서 재시도합니다.
[state_machine_node-24] [WARN] [1790650850.999252620] [state_machine_node]: 접근 재스캔: observed_blue_2p3_1p4. 이번 Nav2 접근 묶음은 실패했지만 물리 문 후보는 아직 포기하지 않고, 새 관측으로 다시 시도합니다.
[state_machine_node-24] [INFO] [1790650851.000094619] [state_machine_node]: State: NAVIGATING → EXPLORING
[state_machine_node-24] [INFO] [1790650851.959209500] [state_machine_node]: Observed blue cluster at (2.8, 1.9) selected from map memory without a current camera hit; opening will still require live blue confirmation.
[state_machine_node-24] [INFO] [1790650851.963932263] [state_machine_node]: Observed blue cluster waiting for stronger evidence before target: count=2/4, conf=0.29/0.34.
[state_machine_node-24] [INFO] [1790650851.965842813] [state_machine_node]: 문 접근 목표 보정: observed_blue_2p8_1p9 handle_axis=(2.82, 1.86) goal_axis=(2.82, 0.76) wall_axis=(2.82, 1.86) yaw=90deg
[state_machine_node-24] [INFO] [1790650851.967664328] [state_machine_node]: 문 접근 목표 보정: observed_blue_6p7_m1p7 handle_axis=(6.65, -1.66) goal_axis=(6.65, -0.56) wall_axis=(6.65, -1.66) yaw=-90deg
[state_machine_node-24] [INFO] [1790650851.970856829] [state_machine_node]: 문 접근 목표 보정: observed_blue_2p8_1p9 handle_axis=(2.82, 1.86) goal_axis=(2.82, 0.76) wall_axis=(2.82, 1.86) yaw=90deg
[state_machine_node-24] [INFO] [1790650851.973902205] [state_machine_node]: 문 접근 목표 보정: observed_blue_6p7_m1p7 handle_axis=(6.65, -1.66) goal_axis=(6.65, -0.56) wall_axis=(6.65, -1.66) yaw=-90deg
[state_machine_node-24] [INFO] [1790650851.977042107] [state_machine_node]: 문 접근 목표 보정: observed_blue_2p8_1p9 handle_axis=(2.82, 1.86) goal_axis=(2.82, 0.76) wall_axis=(2.82, 1.86) yaw=90deg
[state_machine_node-24] [INFO] [1790650851.978974533] [state_machine_node]: 문 접근 목표 보정: observed_blue_6p7_m1p7 handle_axis=(6.65, -1.66) goal_axis=(6.65, -0.56) wall_axis=(6.65, -1.66) yaw=-90deg
[state_machine_node-24] [WARN] [1790650851.980926838] [state_machine_node]: 접근/개방 실패 예산이 남은 파란 문 1개를 새 후보보다 우선 재시도합니다.
[state_machine_node-24] [INFO] [1790650851.983699972] [state_machine_node]: 문 접근 목표 보정: observed_blue_2p8_1p9 handle_axis=(2.82, 1.86) goal_axis=(2.82, 0.76) wall_axis=(2.82, 1.86) yaw=90deg
[state_machine_node-24] [INFO] [1790650851.985168833] [state_machine_node]: 문 접근 목표 보정: observed_blue_2p8_1p9 handle_axis=(2.82, 1.86) goal_axis=(2.82, 0.76) wall_axis=(2.82, 1.86) yaw=90deg
[state_machine_node-24] [INFO] [1790650851.986631720] [state_machine_node]: LiDAR+camera segment map 사전 스캔 시작: observed_blue_2p8_1p9
[door_detection_node-21] [INFO] [1790650852.095319897] [door_detection_node]: 문 후보 발행: id=door_blue_f8e8ad, source=front_right, color=blue, dist=3.87m, conf=0.43, bbox=(199,45,246,193), rep_x=222, center_x=222, angle=-84.8deg, center_angle=-84.8deg, lidar=3.85m, visual=3.16m, goal=(5.04,-1.08), handle=(5.86,-2.02,1.00), handle_obs=True, handle_method=estimated, handle_conf=0.00
[door_detection_node-21] [INFO] [1790650852.613859960] [door_detection_node]: HSV candidate rejected: color=blue, edge-clipped bbox=(128,0,320,240), width_ratio=0.60
[state_machine_node-24] [INFO] [1790650852.952758655] [state_machine_node]: 문 접근 목표 보정: observed_blue_2p8_1p9 handle_axis=(2.82, 1.86) goal_axis=(2.82, 0.76) wall_axis=(2.82, 1.86) yaw=90deg
[state_machine_node-24] [INFO] [1790650852.954435605] [state_machine_node]: 문 접근 목표 보정: observed_blue_6p7_m1p7 handle_axis=(6.65, -1.66) goal_axis=(6.65, -0.56) wall_axis=(6.65, -1.66) yaw=-90deg
[door_detection_node-21] [INFO] [1790650852.964397195] [door_detection_node]: YOLO 후보 제외: source=front, far small dist=5.62m, conf=0.22, bbox=(290,72,307,165)
[state_machine_node-24] [INFO] [1790650853.946172301] [state_machine_node]: 문 접근 목표 보정: observed_blue_2p8_1p9 handle_axis=(2.82, 1.86) goal_axis=(2.82, 0.76) wall_axis=(2.82, 1.86) yaw=90deg
[state_machine_node-24] [INFO] [1790650853.947910002] [state_machine_node]: 문 접근 목표 보정: observed_blue_6p7_m1p7 handle_axis=(6.65, -1.66) goal_axis=(6.65, -0.56) wall_axis=(6.65, -1.66) yaw=-90deg
[door_detection_node-21] [INFO] [1790650854.030849433] [door_detection_node]: 문 후보 발행: id=door_blue_f8e8ad, source=front_right, color=blue, dist=3.86m, conf=0.43, bbox=(199,45,246,193), rep_x=222, center_x=222, angle=-84.8deg, center_angle=-84.8deg, lidar=3.82m, visual=3.16m, goal=(5.04,-1.07), handle=(5.85,-2.02,1.00), handle_obs=True, handle_method=estimated, handle_conf=0.00
[state_machine_node-24] [INFO] [1790650854.920593226] [state_machine_node]: 문 접근 목표 보정: observed_blue_2p8_1p9 handle_axis=(2.82, 1.86) goal_axis=(2.82, 0.76) wall_axis=(2.82, 1.86) yaw=90deg
[state_machine_node-24] [INFO] [1790650854.922078852] [state_machine_node]: 문 접근 목표 보정: observed_blue_6p7_m1p7 handle_axis=(6.65, -1.66) goal_axis=(6.65, -0.56) wall_axis=(6.65, -1.66) yaw=-90deg
[state_machine_node-24] [INFO] [1790650854.923663251] [state_machine_node]: 사전 스캔 완료. Nav2가 segment map 기반 경로를 계획합니다: observed_blue_2p8_1p9
[state_machine_node-24] [INFO] [1790650854.928535402] [state_machine_node]: Locked blue target after pre-scan: observed_blue_2p8_1p9 opened=0 retry=0/2
[state_machine_node-24] [INFO] [1790650854.929397940] [state_machine_node]: State: EXPLORING → NAVIGATING
[navigation_node-22] [INFO] [1790650854.933131939] [navigation_node]: Navigation goal received: door observed_blue_2p8_1p9 (color=blue, frame=map, x=2.82, y=0.76)
[bt_navigator-17] [INFO] [1790650855.040977357] [bt_navigator]: Begin navigating from current location (3.07, 0.66) to (2.82, 0.76)
[navigation_node-22] [INFO] [1790650855.042650891] [navigation_node]: Navigation goal accepted by Nav2
[controller_server-13] [INFO] [1790650855.244552920] [controller_server]: Received a goal, begin computing control effort.
[state_machine_node-24] [INFO] [1790650855.908740634] [state_machine_node]: Nav2 goal is close enough for fine door alignment: observed_blue_2p8_1p9, dist=0.27m/0.38m, lateral=0.23m/0.24m, yaw_error=47deg.
[state_machine_node-24] [INFO] [1790650855.910150738] [state_machine_node]: Nav2 goal cancellation requested before door fine alignment.
[navigation_node-22] [INFO] [1790650855.910399903] [navigation_node]: Navigation cancellation requested for manual control handoff.
[bt_navigator-17] [ERROR] [1790650855.962168994] [bt_navigator_navigate_to_pose_rclcpp_node]: Failed to get result for follow_path in node halt!
[bt_navigator-17] [INFO] [1790650855.962411638] [bt_navigator]: [navigate_to_pose] [ActionServer] Client requested to cancel the goal. Cancelling.
[bt_navigator-17] [INFO] [1790650855.962873269] [bt_navigator]: Goal canceled
[state_machine_node-24] [INFO] [1790650855.975283759] [state_machine_node]: Fine door approach started: observed_blue_2p8_1p9, dist=0.27m, lateral=0.23m, forward=-0.12m, yaw_error=47deg
[state_machine_node-24] [INFO] [1790650855.976533361] [state_machine_node]: Fine door parking translation: observed_blue_2p8_1p9, dist=0.27m/0.17m, heading_error=118deg, cmd=(0.00, 0.25)
[controller_server-13] [INFO] [1790650855.997426682] [controller_server]: Goal was canceled. Stopping the robot.
[controller_server-13] [INFO] [1790650855.997564161] [controller_server]: [follow_path] [ActionServer] Client requested to cancel the goal. Cancelling.
[door_detection_node-21] [INFO] [1790650856.008202320] [door_detection_node]: 문 후보 발행: id=door_blue_f8e8ad, source=front_right, color=blue, dist=3.84m, conf=0.43, bbox=(199,45,246,193), rep_x=222, center_x=222, angle=-84.8deg, center_angle=-84.8deg, lidar=3.81m, visual=3.16m, goal=(5.02,-1.06), handle=(5.84,-2.00,1.00), handle_obs=True, handle_method=estimated, handle_conf=0.00
[state_machine_node-24] [INFO] [1790650856.012111291] [state_machine_node]: 문 접근 목표 보정: door_blue_f8e8ad handle_axis=(5.84, -2.00) goal_axis=(5.84, -0.90) wall_axis=(5.84, -2.00) yaw=-90deg
[door_detection_node-21] [INFO] [1790650856.477450212] [door_detection_node]: HSV candidate rejected: color=blue, edge-clipped bbox=(131,0,320,240), width_ratio=0.59
[door_detection_node-21] [INFO] [1790650856.892995594] [door_detection_node]: Front lateral LiDAR range looks too long for the visible door; using visual range (lidar=5.72m, visual=4.54m)
[door_detection_node-21] [INFO] [1790650856.901237751] [door_detection_node]: YOLO 후보 제외: source=front, far small dist=4.54m, conf=0.20, bbox=(301,64,319,167)
[state_machine_node-24] [INFO] [1790650856.952306500] [state_machine_node]: Fine door parking translation: observed_blue_2p8_1p9, dist=0.27m/0.17m, heading_error=112deg, cmd=(0.00, 0.25)
[door_detection_node-21] [INFO] [1790650857.868583985] [door_detection_node]: 문 후보 발행: id=door_blue_5a1262, source=front_right, color=blue, dist=3.83m, conf=0.40, bbox=(223,42,272,195), rep_x=247, center_x=247, angle=-90.4deg, center_angle=-90.4deg, lidar=3.96m, visual=3.06m, goal=(4.99,-1.07), handle=(5.93,-1.89,1.00), handle_obs=True, handle_method=estimated, handle_conf=0.00
[state_machine_node-24] [INFO] [1790650857.876847870] [state_machine_node]: 문 접근 목표 보정: door_blue_5a1262 handle_axis=(5.93, -1.89) goal_axis=(5.93, -0.79) wall_axis=(5.93, -1.89) yaw=-90deg
[state_machine_node-24] [INFO] [1790650857.945691931] [state_machine_node]: Fine door parking translation: observed_blue_2p8_1p9, dist=0.27m/0.17m, heading_error=107deg, cmd=(0.00, 0.25)
[state_machine_node-24] [INFO] [1790650858.670569842] [state_machine_node]: 문 접근 목표 보정: door_blue_94754e handle_axis=(2.83, 1.84) goal_axis=(2.83, 0.74) wall_axis=(2.83, 1.84) yaw=90deg
[state_machine_node-24] [INFO] [1790650858.672414891] [state_machine_node]: 문 접근 목표 보정: door_blue_94754e handle_axis=(2.83, 1.84) goal_axis=(2.83, 0.74) wall_axis=(2.83, 1.84) yaw=90deg
[state_machine_node-24] [INFO] [1790650858.674030279] [state_machine_node]: 문 접근 목표 보정: door_blue_94754e handle_axis=(2.83, 1.84) goal_axis=(2.83, 0.74) wall_axis=(2.83, 1.84) yaw=90deg
[state_machine_node-24] [INFO] [1790650858.946214861] [state_machine_node]: Fine door parking translation: observed_blue_2p8_1p9, dist=0.27m/0.17m, heading_error=103deg, cmd=(0.00, 0.25)
[door_detection_node-21] [INFO] [1790650859.601809259] [door_detection_node]: 문 후보 발행: id=door_blue_5a1262, source=front_right, color=blue, dist=3.81m, conf=0.39, bbox=(255,36,309,202), rep_x=282, center_x=282, angle=-97.5deg, center_angle=-97.5deg, lidar=3.95m, visual=2.82m, goal=(4.90,-1.15), handle=(5.94,-1.84,1.00), handle_obs=True, handle_method=estimated, handle_conf=0.00
[state_machine_node-24] [INFO] [1790650859.605119074] [state_machine_node]: 문 접근 목표 보정: door_blue_5a1262 handle_axis=(5.94, -1.84) goal_axis=(5.94, -0.74) wall_axis=(5.94, -1.84) yaw=-90deg
[door_detection_node-21] [INFO] [1790650859.631749512] [door_detection_node]: YOLO 후보 제외: source=front_right, far small dist=4.82m, conf=0.38, bbox=(26,72,44,167)
[state_machine_node-24] [INFO] [1790650859.969659416] [state_machine_node]: Fine door parking translation: observed_blue_2p8_1p9, dist=0.28m/0.17m, heading_error=100deg, cmd=(0.00, 0.25)
[door_detection_node-21] [INFO] [1790650860.207479098] [door_detection_node]: YOLO 후보 제외: source=front_left, edge-clipped bbox=(211,0,320,240)
[planner_server-15] [INFO] [1790650860.508009814] [global_costmap.global_costmap]: StaticLayer: Resizing static layer to 240 X 86 at 0.050000 m/pix
[state_machine_node-24] [INFO] [1790650860.814847279] [state_machine_node]: 문 접근 목표 보정: door_blue_5bc10a handle_axis=(3.20, 1.82) goal_axis=(3.20, 0.72) wall_axis=(3.20, 1.82) yaw=90deg
[state_machine_node-24] [INFO] [1790650860.816918823] [state_machine_node]: 문 접근 목표 보정: door_blue_5bc10a handle_axis=(3.20, 1.82) goal_axis=(3.20, 0.72) wall_axis=(3.20, 1.82) yaw=90deg
[state_machine_node-24] [INFO] [1790650860.839960047] [state_machine_node]: 문 접근 목표 보정: door_blue_5bc10a handle_axis=(3.20, 1.82) goal_axis=(3.20, 0.72) wall_axis=(3.20, 1.82) yaw=90deg
[state_machine_node-24] [INFO] [1790650860.841609231] [state_machine_node]: Nav2 goal cancellation requested before close-range door station correction backoff.
[state_machine_node-24] [WARN] [1790650860.842632045] [state_machine_node]: Close door-front observation moved observed_blue_2p8_1p9 by 0.38m; returning to Nav2 before final alignment.
[state_machine_node-24] [WARN] [1790650860.843493886] [state_machine_node]: Locked blue target refined from newer observation: observed_blue_2p8_1p9 -> observed_blue_2p8_1p9, goal shift=0.38m, identity=(2.82,1.86) -> (3.12,1.86)
[state_machine_node-24] [INFO] [1790650860.971894709] [state_machine_node]: Close-station correction backoff: observed_blue_2p8_1p9, cmd_x=-0.08
[planner_server-15] [INFO] [1790650861.508117737] [global_costmap.global_costmap]: StaticLayer: Resizing static layer to 244 X 86 at 0.050000 m/pix
[door_detection_node-21] [INFO] [1790650861.889092906] [door_detection_node]: 문 후보 발행: id=door_blue_5bc10a, source=front, color=blue, dist=1.23m, conf=1.00, bbox=(0,0,108,240), rep_x=54, center_x=54, angle=24.4deg, center_angle=24.4deg, lidar=1.28m, visual=1.95m, goal=(4.34,1.36), handle=(3.21,1.89,0.85), handle_obs=True, handle_method=yolo:primary:item, handle_conf=0.74
[state_machine_node-24] [INFO] [1790650861.957874366] [state_machine_node]: Close-station correction backoff: observed_blue_2p8_1p9, cmd_x=-0.08
[state_machine_node-24] [INFO] [1790650862.989057791] [state_machine_node]: Close-station correction backoff: observed_blue_2p8_1p9, cmd_x=-0.08
[door_detection_node-21] [INFO] [1790650863.638448514] [door_detection_node]: Side camera visual fallback rejected (source=front_right, lidar=3.82m, visual=5.26m > 4.50m)
[state_machine_node-24] [INFO] [1790650864.036132725] [state_machine_node]: Close-station correction backoff: observed_blue_2p8_1p9, cmd_x=-0.08
[door_detection_node-21] [INFO] [1790650864.219122112] [door_detection_node]: 문 후보 발행: id=door_blue_5bc10a, source=front, color=blue, dist=1.25m, conf=1.00, bbox=(0,0,112,240), rep_x=56, center_x=56, angle=24.0deg, center_angle=24.0deg, lidar=1.25m, visual=1.95m, goal=(4.34,1.31), handle=(3.22,1.87,0.84), handle_obs=True, handle_method=yolo:primary:item, handle_conf=0.77
[state_machine_node-24] [INFO] [1790650865.044582182] [state_machine_node]: Door navigation backoff complete; replanning to observed_blue_2p8_1p9.
[navigation_node-22] [INFO] [1790650865.046755677] [navigation_node]: Navigation goal received: door observed_blue_2p8_1p9 (color=blue, frame=map, x=3.20, y=0.72)
[navigation_node-22] [WARN] [1790650865.118171713] [navigation_node]: Adjusted unreachable/occupied navigation goal from (3.20, 0.72, cost=62) to connected free cell (3.63, 0.38, cost=0)
[bt_navigator-17] [INFO] [1790650865.170742878] [bt_navigator]: Begin navigating from current location (2.99, 0.51) to (3.63, 0.38)
[navigation_node-22] [INFO] [1790650865.174424188] [navigation_node]: Navigation goal accepted by Nav2
[controller_server-13] [INFO] [1790650865.272482989] [controller_server]: Received a goal, begin computing control effort.
[state_machine_node-24] [INFO] [1790650865.564598126] [state_machine_node]: 문 접근 목표 보정: door_blue_5bc10a handle_axis=(3.22, 1.85) goal_axis=(3.22, 0.75) wall_axis=(3.22, 1.85) yaw=90deg
[state_machine_node-24] [INFO] [1790650865.566246098] [state_machine_node]: 문 접근 목표 보정: door_blue_5bc10a handle_axis=(3.22, 1.85) goal_axis=(3.22, 0.75) wall_axis=(3.22, 1.85) yaw=90deg
[door_detection_node-21] [INFO] [1790650866.008651476] [door_detection_node]: Side camera visual fallback rejected (source=front_right, lidar=3.74m, visual=5.20m > 4.50m)
[state_machine_node-24] [INFO] [1790650866.066372930] [state_machine_node]: Nav2 goal is close enough for fine door alignment: observed_blue_2p8_1p9, dist=0.30m/0.38m, lateral=-0.10m/0.24m, yaw_error=29deg.
[navigation_node-22] [INFO] [1790650866.067380847] [navigation_node]: Navigation cancellation requested for manual control handoff.
[state_machine_node-24] [INFO] [1790650866.067404321] [state_machine_node]: Nav2 goal cancellation requested before door fine alignment.
[bt_navigator-17] [ERROR] [1790650866.092028265] [bt_navigator_navigate_to_pose_rclcpp_node]: Failed to get result for follow_path in node halt!
[bt_navigator-17] [INFO] [1790650866.092283935] [bt_navigator]: [navigate_to_pose] [ActionServer] Client requested to cancel the goal. Cancelling.
[bt_navigator-17] [INFO] [1790650866.092463165] [bt_navigator]: Goal canceled
[state_machine_node-24] [INFO] [1790650866.138582864] [state_machine_node]: Fine door approach started: observed_blue_2p8_1p9, dist=0.30m, lateral=-0.10m, forward=0.28m, yaw_error=29deg
[state_machine_node-24] [INFO] [1790650866.139919555] [state_machine_node]: Fine door parking translation: observed_blue_2p8_1p9, dist=0.30m/0.17m, heading_error=19deg, cmd=(0.07, -0.14)
[controller_server-13] [INFO] [1790650866.148385247] [controller_server]: Goal was canceled. Stopping the robot.
[controller_server-13] [INFO] [1790650866.148591045] [controller_server]: [follow_path] [ActionServer] Client requested to cancel the goal. Cancelling.
[door_detection_node-21] [INFO] [1790650866.583280304] [door_detection_node]: 문 후보 발행: id=door_blue_5bc10a, source=front, color=blue, dist=1.33m, conf=1.00, bbox=(0,0,115,240), rep_x=57, center_x=57, angle=23.8deg, center_angle=23.8deg, lidar=1.35m, visual=1.95m, goal=(4.35,1.32), handle=(3.23,1.88,0.84), handle_obs=True, handle_method=yolo:primary:item, handle_conf=0.76
[state_machine_node-24] [INFO] [1790650866.587149065] [state_machine_node]: 문 접근 목표 보정: door_blue_5bc10a handle_axis=(3.23, 1.88) goal_axis=(3.23, 0.78) wall_axis=(3.23, 1.88) yaw=90deg
[state_machine_node-24] [INFO] [1790650866.588945893] [state_machine_node]: 문 접근 목표 보정: door_blue_5bc10a handle_axis=(3.23, 1.88) goal_axis=(3.23, 0.78) wall_axis=(3.23, 1.88) yaw=90deg
[state_machine_node-24] [INFO] [1790650866.613871683] [state_machine_node]: 문 접근 목표 보정: door_blue_5bc10a handle_axis=(3.23, 1.88) goal_axis=(3.23, 0.78) wall_axis=(3.23, 1.88) yaw=90deg
[state_machine_node-24] [INFO] [1790650867.084008342] [state_machine_node]: Fine door parking translation: observed_blue_2p8_1p9, dist=0.27m/0.17m, heading_error=18deg, cmd=(0.07, -0.14)
[state_machine_node-24] [INFO] [1790650867.881847735] [state_machine_node]: 문 접근 목표 보정: door_blue_5bc10a handle_axis=(3.28, 1.86) goal_axis=(3.28, 0.76) wall_axis=(3.28, 1.86) yaw=90deg
[state_machine_node-24] [INFO] [1790650867.883595741] [state_machine_node]: 문 접근 목표 보정: door_blue_5bc10a handle_axis=(3.28, 1.86) goal_axis=(3.28, 0.76) wall_axis=(3.28, 1.86) yaw=90deg
[state_machine_node-24] [INFO] [1790650867.910990971] [state_machine_node]: 문 접근 목표 보정: door_blue_5bc10a handle_axis=(3.28, 1.86) goal_axis=(3.28, 0.76) wall_axis=(3.28, 1.86) yaw=90deg
[state_machine_node-24] [INFO] [1790650868.082429771] [state_machine_node]: Fine door parking translation: observed_blue_2p8_1p9, dist=0.21m/0.17m, heading_error=15deg, cmd=(0.07, -0.14)
[door_detection_node-21] [INFO] [1790650868.321139073] [door_detection_node]: Side camera LiDAR range looks too long for the visible door; using visual range (source=front_right, lidar=3.81m, visual=2.74m)
[door_detection_node-21] [INFO] [1790650868.673175050] [door_detection_node]: 문 후보 발행: id=door_blue_5a1262, source=front_right, color=blue, dist=2.74m, conf=0.39, bbox=(274,35,319,206), rep_x=296, center_x=296, angle=-100.2deg, center_angle=-100.2deg, lidar=3.77m, visual=2.74m, goal=(4.02,-0.60), handle=(5.08,-1.26,1.00), handle_obs=True, handle_method=estimated, handle_conf=0.00
[door_detection_node-21] [INFO] [1790650868.683459793] [door_detection_node]: Side camera visual fallback rejected (source=front_right, lidar=2.07m, visual=5.14m > 4.50m)
[state_machine_node-24] [INFO] [1790650869.089833443] [state_machine_node]: Fine door parking translation: observed_blue_2p8_1p9, dist=0.18m/0.17m, heading_error=16deg, cmd=(0.07, -0.14)
[door_detection_node-21] [INFO] [1790650869.290803406] [door_detection_node]: YOLO 후보 제외: source=front_left, edge-clipped bbox=(211,0,320,240)
[state_machine_node-24] [INFO] [1790650870.103795338] [state_machine_node]: Fine door final yaw alignment: observed_blue_2p8_1p9, dist=0.16m/0.17m, yaw_error=42deg, cmd=(0.00, 0.25)
[door_detection_node-21] [INFO] [1790650870.613990338] [door_detection_node]: 문 후보 발행: id=door_blue_5bc10a, source=front, color=blue, dist=1.22m, conf=0.99, bbox=(0,0,67,121), rep_x=33, center_x=33, angle=28.5deg, center_angle=28.5deg, lidar=1.25m, visual=3.87m, goal=(4.23,1.10), handle=(3.21,1.82,1.00), handle_obs=False, handle_method=estimated, handle_conf=0.00
[state_machine_node-24] [INFO] [1790650871.126159712] [state_machine_node]: Fine door final yaw alignment: observed_blue_2p8_1p9, dist=0.15m/0.17m, yaw_error=37deg, cmd=(0.00, 0.25)
[door_detection_node-21] [INFO] [1790650871.384962656] [door_detection_node]: Side camera LiDAR range looks too long for the visible door; using visual range (source=front_right, lidar=3.83m, visual=2.72m)
[door_detection_node-21] [INFO] [1790650871.757399804] [door_detection_node]: YOLO 후보 제외: source=front_right, far small dist=4.42m, conf=0.34, bbox=(40,70,58,166)
[state_machine_node-24] [INFO] [1790650872.098776161] [state_machine_node]: Fine door final yaw alignment: observed_blue_2p8_1p9, dist=0.15m/0.17m, yaw_error=31deg, cmd=(0.00, 0.25)
[door_detection_node-21] [INFO] [1790650872.582838513] [door_detection_node]: 문 후보 발행: id=door_blue_5bc10a, source=front, color=blue, dist=1.24m, conf=1.00, bbox=(0,0,96,240), rep_x=48, center_x=48, angle=25.6deg, center_angle=25.6deg, lidar=1.18m, visual=1.95m, goal=(4.32,1.30), handle=(3.21,1.87,0.84), handle_obs=True, handle_method=yolo:primary:item, handle_conf=0.62
[state_machine_node-24] [INFO] [1790650872.586171925] [state_machine_node]: 문 접근 목표 보정: door_blue_5bc10a handle_axis=(3.21, 1.87) goal_axis=(3.21, 0.77) wall_axis=(3.21, 1.87) yaw=90deg
[state_machine_node-24] [INFO] [1790650872.587999849] [state_machine_node]: 문 접근 목표 보정: door_blue_5bc10a handle_axis=(3.21, 1.87) goal_axis=(3.21, 0.77) wall_axis=(3.21, 1.87) yaw=90deg
[state_machine_node-24] [INFO] [1790650872.614366432] [state_machine_node]: 문 접근 목표 보정: door_blue_5bc10a handle_axis=(3.21, 1.87) goal_axis=(3.21, 0.77) wall_axis=(3.21, 1.87) yaw=90deg
[state_machine_node-24] [INFO] [1790650873.082247626] [state_machine_node]: Fine door final yaw alignment: observed_blue_2p8_1p9, dist=0.14m/0.17m, yaw_error=26deg, cmd=(0.00, 0.25)
[state_machine_node-24] [INFO] [1790650874.004477459] [state_machine_node]: 문 접근 목표 보정: door_blue_5bc10a handle_axis=(3.25, 1.87) goal_axis=(3.25, 0.77) wall_axis=(3.25, 1.87) yaw=90deg
[state_machine_node-24] [INFO] [1790650874.006692316] [state_machine_node]: 문 접근 목표 보정: door_blue_5bc10a handle_axis=(3.25, 1.87) goal_axis=(3.25, 0.77) wall_axis=(3.25, 1.87) yaw=90deg
[state_machine_node-24] [INFO] [1790650874.032518872] [state_machine_node]: 문 접근 목표 보정: door_blue_5bc10a handle_axis=(3.25, 1.87) goal_axis=(3.25, 0.77) wall_axis=(3.25, 1.87) yaw=90deg
[state_machine_node-24] [INFO] [1790650874.214194155] [state_machine_node]: Fine door final yaw alignment: observed_blue_2p8_1p9, dist=0.14m/0.17m, yaw_error=22deg, cmd=(0.00, 0.25)
[state_machine_node-24] [INFO] [1790650875.300452442] [state_machine_node]: Fine door final yaw alignment: observed_blue_2p8_1p9, dist=0.13m/0.17m, yaw_error=17deg, cmd=(0.00, 0.23)
[door_detection_node-21] [INFO] [1790650875.437052521] [door_detection_node]: 문 후보 발행: id=door_blue_f28c00, source=front, color=blue, dist=1.18m, conf=1.00, bbox=(0,0,160,240), rep_x=80, center_x=80, angle=18.9deg, center_angle=18.9deg, lidar=1.22m, visual=1.95m, goal=(3.08,0.93), handle=(3.26,1.82,0.85), handle_obs=True, handle_method=yolo:primary:item, handle_conf=0.79
[state_machine_node-24] [INFO] [1790650875.440664402] [state_machine_node]: 문 접근 목표 보정: door_blue_f28c00 handle_axis=(3.26, 1.82) goal_axis=(3.26, 0.72) wall_axis=(3.26, 1.82) yaw=90deg
[state_machine_node-24] [INFO] [1790650875.442825601] [state_machine_node]: 문 접근 목표 보정: door_blue_f28c00 handle_axis=(3.26, 1.82) goal_axis=(3.26, 0.72) wall_axis=(3.26, 1.82) yaw=90deg
[state_machine_node-24] [INFO] [1790650875.471548736] [state_machine_node]: 문 접근 목표 보정: door_blue_f28c00 handle_axis=(3.26, 1.82) goal_axis=(3.26, 0.72) wall_axis=(3.26, 1.82) yaw=90deg
[door_detection_node-21] [INFO] [1790650876.235303245] [door_detection_node]: YOLO 후보 제외: source=front_right, far small dist=5.09m, conf=0.29, bbox=(149,76,166,162)
[state_machine_node-24] [INFO] [1790650876.428682294] [state_machine_node]: Fine door final yaw alignment: observed_blue_2p8_1p9, dist=0.12m/0.17m, yaw_error=12deg, cmd=(0.00, 0.16)
[planner_server-15] [INFO] [1790650876.508056368] [global_costmap.global_costmap]: StaticLayer: Resizing static layer to 245 X 86 at 0.050000 m/pix
[door_detection_node-21] [INFO] [1790650876.648884526] [door_detection_node]: HSV candidate rejected: color=blue, edge-clipped bbox=(0,0,192,240), width_ratio=0.60
[state_machine_node-24] [INFO] [1790650877.561276343] [state_machine_node]: Fine door final yaw alignment: observed_blue_2p8_1p9, dist=0.12m/0.17m, yaw_error=7deg, cmd=(0.00, 0.09)
[door_detection_node-21] [INFO] [1790650878.431061945] [door_detection_node]: 문 후보 발행: id=door_blue_f28c00, source=front, color=blue, dist=1.19m, conf=1.00, bbox=(16,0,216,240), rep_x=116, center_x=116, angle=10.6deg, center_angle=10.6deg, lidar=1.26m, visual=1.95m, goal=(3.07,0.93), handle=(3.29,1.81,0.84), handle_obs=True, handle_method=yolo:primary:item, handle_conf=0.75
[state_machine_node-24] [INFO] [1790650878.434499685] [state_machine_node]: 문 접근 목표 보정: door_blue_f28c00 handle_axis=(3.29, 1.81) goal_axis=(3.29, 0.71) wall_axis=(3.29, 1.81) yaw=90deg
[state_machine_node-24] [INFO] [1790650878.436153332] [state_machine_node]: 문 접근 목표 보정: door_blue_f28c00 handle_axis=(3.29, 1.81) goal_axis=(3.29, 0.71) wall_axis=(3.29, 1.81) yaw=90deg
[state_machine_node-24] [INFO] [1790650878.463266734] [state_machine_node]: 문 접근 목표 보정: door_blue_f28c00 handle_axis=(3.29, 1.81) goal_axis=(3.29, 0.71) wall_axis=(3.29, 1.81) yaw=90deg
[state_machine_node-24] [INFO] [1790650878.667551091] [state_machine_node]: Fine door final yaw alignment: observed_blue_2p8_1p9, dist=0.11m/0.17m, yaw_error=6deg, cmd=(0.00, 0.08)
[state_machine_node-24] [INFO] [1790650879.756774077] [state_machine_node]: Fine door final yaw alignment: observed_blue_2p8_1p9, dist=0.11m/0.17m, yaw_error=5deg, cmd=(0.00, 0.08)
[state_machine_node-24] [INFO] [1790650879.875805408] [state_machine_node]: 문 접근 목표 보정: door_blue_f28c00 handle_axis=(3.33, 1.87) goal_axis=(3.33, 0.77) wall_axis=(3.33, 1.87) yaw=90deg
[state_machine_node-24] [INFO] [1790650879.877359635] [state_machine_node]: 문 접근 목표 보정: door_blue_f28c00 handle_axis=(3.33, 1.87) goal_axis=(3.33, 0.77) wall_axis=(3.33, 1.87) yaw=90deg
[state_machine_node-24] [INFO] [1790650879.906634307] [state_machine_node]: 문 접근 목표 보정: door_blue_f28c00 handle_axis=(3.33, 1.87) goal_axis=(3.33, 0.77) wall_axis=(3.33, 1.87) yaw=90deg
[door_detection_node-21] [INFO] [1790650880.673256354] [door_detection_node]: YOLO 후보 제외: source=front_right, far small dist=5.55m, conf=0.21, bbox=(201,75,217,163)
[state_machine_node-24] [INFO] [1790650880.855805604] [state_machine_node]: 문 앞 정렬 완료. 2.8s 정지 후 개방합니다.
[door_detection_node-21] [INFO] [1790650881.272304751] [door_detection_node]: 문 후보 발행: id=door_blue_f28c00, source=front, color=blue, dist=1.24m, conf=1.00, bbox=(47,0,243,240), rep_x=145, center_x=145, angle=3.7deg, center_angle=3.7deg, lidar=1.24m, visual=1.95m, goal=(3.09,0.93), handle=(3.33,1.85,0.85), handle_obs=True, handle_method=yolo:primary:item, handle_conf=0.77
[state_machine_node-24] [INFO] [1790650881.275676762] [state_machine_node]: 문 접근 목표 보정: door_blue_f28c00 handle_axis=(3.33, 1.85) goal_axis=(3.33, 0.75) wall_axis=(3.33, 1.85) yaw=90deg
[state_machine_node-24] [INFO] [1790650881.277117685] [state_machine_node]: 문 접근 목표 보정: door_blue_f28c00 handle_axis=(3.33, 1.85) goal_axis=(3.33, 0.75) wall_axis=(3.33, 1.85) yaw=90deg
[state_machine_node-24] [INFO] [1790650881.302546821] [state_machine_node]: 문 접근 목표 보정: door_blue_f28c00 handle_axis=(3.33, 1.85) goal_axis=(3.33, 0.75) wall_axis=(3.33, 1.85) yaw=90deg
[planner_server-15] [INFO] [1790650881.508154885] [global_costmap.global_costmap]: StaticLayer: Resizing static layer to 246 X 86 at 0.050000 m/pix
[state_machine_node-24] [INFO] [1790650882.710780082] [state_machine_node]: 문 접근 목표 보정: door_blue_f28c00 handle_axis=(3.33, 1.83) goal_axis=(3.33, 0.73) wall_axis=(3.33, 1.83) yaw=90deg
[state_machine_node-24] [INFO] [1790650882.713092663] [state_machine_node]: 문 접근 목표 보정: door_blue_f28c00 handle_axis=(3.33, 1.83) goal_axis=(3.33, 0.73) wall_axis=(3.33, 1.83) yaw=90deg
[state_machine_node-24] [INFO] [1790650882.740044675] [state_machine_node]: 문 접근 목표 보정: door_blue_f28c00 handle_axis=(3.33, 1.83) goal_axis=(3.33, 0.73) wall_axis=(3.33, 1.83) yaw=90deg
[door_detection_node-21] [INFO] [1790650884.275819609] [door_detection_node]: 문 후보 발행: id=door_blue_f28c00, source=front, color=blue, dist=1.22m, conf=1.00, bbox=(50,0,245,240), rep_x=147, center_x=147, angle=3.2deg, center_angle=3.2deg, lidar=1.20m, visual=1.95m, goal=(3.09,0.93), handle=(3.33,1.83,0.84), handle_obs=True, handle_method=yolo:primary:item, handle_conf=0.66
[state_machine_node-24] [INFO] [1790650884.279290017] [state_machine_node]: 문 접근 목표 보정: door_blue_f28c00 handle_axis=(3.33, 1.83) goal_axis=(3.33, 0.73) wall_axis=(3.33, 1.83) yaw=90deg
[state_machine_node-24] [INFO] [1790650884.282013696] [state_machine_node]: 문 접근 목표 보정: door_blue_f28c00 handle_axis=(3.33, 1.83) goal_axis=(3.33, 0.73) wall_axis=(3.33, 1.83) yaw=90deg
[state_machine_node-24] [INFO] [1790650884.307269906] [state_machine_node]: 문 접근 목표 보정: door_blue_f28c00 handle_axis=(3.33, 1.83) goal_axis=(3.33, 0.73) wall_axis=(3.33, 1.83) yaw=90deg
[state_machine_node-24] [INFO] [1790650885.540009290] [state_machine_node]: 문 접근 목표 보정: door_blue_f28c00 handle_axis=(3.34, 1.87) goal_axis=(3.34, 0.77) wall_axis=(3.34, 1.87) yaw=90deg
[state_machine_node-24] [INFO] [1790650885.541858221] [state_machine_node]: 문 접근 목표 보정: door_blue_f28c00 handle_axis=(3.34, 1.87) goal_axis=(3.34, 0.77) wall_axis=(3.34, 1.87) yaw=90deg
[state_machine_node-24] [INFO] [1790650885.567829647] [state_machine_node]: 문 접근 목표 보정: door_blue_f28c00 handle_axis=(3.34, 1.87) goal_axis=(3.34, 0.77) wall_axis=(3.34, 1.87) yaw=90deg
[door_detection_node-21] [INFO] [1790650886.472920947] [door_detection_node]: 문 후보 발행: id=door_blue_f28c00, source=front, color=blue, dist=1.19m, conf=1.00, bbox=(50,0,245,240), rep_x=147, center_x=147, angle=3.2deg, center_angle=3.2deg, lidar=1.21m, visual=1.95m, goal=(3.09,0.93), handle=(3.34,1.87,0.83), handle_obs=True, handle_method=yolo:primary:item, handle_conf=0.67
[state_machine_node-24] [INFO] [1790650886.477225695] [state_machine_node]: 문 접근 목표 보정: door_blue_f28c00 handle_axis=(3.34, 1.87) goal_axis=(3.34, 0.77) wall_axis=(3.34, 1.87) yaw=90deg
[state_machine_node-24] [INFO] [1790650886.479004102] [state_machine_node]: 문 접근 목표 보정: door_blue_f28c00 handle_axis=(3.34, 1.87) goal_axis=(3.34, 0.77) wall_axis=(3.34, 1.87) yaw=90deg
[state_machine_node-24] [INFO] [1790650886.504354540] [state_machine_node]: 문 접근 목표 보정: door_blue_f28c00 handle_axis=(3.34, 1.87) goal_axis=(3.34, 0.77) wall_axis=(3.34, 1.87) yaw=90deg
[state_machine_node-24] [INFO] [1790650886.589682553] [state_machine_node]: Final handle refreshed from current observation: observed_blue_2p8_1p9, method=yolo:primary:item, point=(3.339,1.872,0.835)
[state_machine_node-24] [INFO] [1790650886.638010837] [state_machine_node]: Observed blue target observed_blue_2p8_1p9 accepted for opening from recheckable mapped wall memory after close alignment (count=77, conf=1.00, progress_gap=0.26m, lateral_gap=0.04m).
[state_machine_node-24] [INFO] [1790650886.683714366] [state_machine_node]: Observed blue target observed_blue_2p8_1p9 confirmed by current same-wall live blue evidence before opening (candidate=door_blue_b560b3, progress_gap=0.00/0.90, lateral_gap=0.00/0.48, conf=1.00/0.45).
[state_machine_node-24] [INFO] [1790650886.803035495] [state_machine_node]: State: NAVIGATING → OPENING_DOOR
[state_machine_node-24] [INFO] [1790650887.517308518] [state_machine_node]: 문 개방 요청 손잡이: id=observed_blue_2p8_1p9__axis_p3p34_p1p87, method=yolo:primary:item, conf=0.67, frame=map, pos=(3.339,1.872,0.835)
[navigation_visit_node-23] [INFO] [1790650887.520564465] [navigation_visit_node]: NAVIGATION_VISIT {"scope": "navigation_only", "physical_opening": false, "door_id": "observed_blue_2p8_1p9__axis_p3p34_p1p87", "sim_time": 190.003, "robot": [3.129221655980408, 0.6279955181046363, 1.6389583376633952], "observed_handle": [3.3385095886114993, 1.8715447400997611, 0.8345894403510825], "distance_m": 1.261037710090256, "bearing_error_rad": -0.23489835940781645}
[state_machine_node-24] [INFO] [1790650887.524356656] [state_machine_node]: Selected observation memory completed: observed_blue_2p8_1p9; original candidate excluded after position refinement.
[state_machine_node-24] [INFO] [1790650887.527190760] [state_machine_node]: 열린 파란 문 재관측 후보 2개 정리. 다음 목표 선택에서 제외합니다.
[state_machine_node-24] [INFO] [1790650887.528138157] [state_machine_node]: 문 개방 성공: observed_blue_2p8_1p9  누적 개방: 1개
[state_machine_node-24] [INFO] [1790650887.528802190] [state_machine_node]: State: OPENING_DOOR → DOOR_OPENED
[state_machine_node-24] [INFO] [1790650887.975487987] [state_machine_node]: Blue candidate door_blue_f28c00 ignored: physical/opened door station already handled nearby at (2.98, 1.80).
[state_machine_node-24] [INFO] [1790650888.419201181] [state_machine_node]: 다음 파란 문 탐색 시작 (개방 완료: 1개)
[state_machine_node-24] [INFO] [1790650888.420443111] [state_machine_node]: State: DOOR_OPENED → EXPLORING
[state_machine_node-24] [INFO] [1790650889.328097768] [state_machine_node]: Post-open side retreat started: lateral=0.63m, target_abs=0.48m.
[state_machine_node-24] [INFO] [1790650889.329252200] [state_machine_node]: Post-open side retreat: lateral=0.63m, moved=0.00/1.10m, yaw_error=176deg, cmd=(0.00, 0.50)
[door_detection_node-21] [INFO] [1790650889.510406863] [door_detection_node]: 문 후보 발행: id=door_blue_f28c00, source=front, color=blue, dist=1.24m, conf=1.00, bbox=(50,0,245,240), rep_x=147, center_x=147, angle=3.2deg, center_angle=3.2deg, lidar=1.21m, visual=1.95m, goal=(3.09,0.93), handle=(3.33,1.83,0.84), handle_obs=True, handle_method=yolo:primary:item, handle_conf=0.67
[door_detection_node-21] [INFO] [1790650891.114876818] [door_detection_node]: HSV candidate rejected: color=blue, edge-clipped bbox=(130,0,320,240), width_ratio=0.59
[state_machine_node-24] [INFO] [1790650891.251724125] [state_machine_node]: Post-open side retreat: lateral=0.63m, moved=0.00/1.10m, yaw_error=153deg, cmd=(0.00, 0.50)
[door_detection_node-21] [INFO] [1790650892.368782113] [door_detection_node]: YOLO 후보 제외: source=front, edge-clipped bbox=(192,0,319,240)
[state_machine_node-24] [INFO] [1790650893.173904217] [state_machine_node]: Post-open side retreat: lateral=0.64m, moved=0.00/1.10m, yaw_error=133deg, cmd=(0.00, 0.50)
[door_detection_node-21] [INFO] [1790650893.956120359] [door_detection_node]: 문 후보 발행: id=door_blue_39bac3, source=front_right, color=blue, dist=1.24m, conf=1.00, bbox=(0,0,111,240), rep_x=55, center_x=55, angle=-45.8deg, center_angle=-45.8deg, lidar=1.25m, visual=1.95m, goal=(2.43,0.87), handle=(3.24,1.83,0.85), handle_obs=True, handle_method=yolo:primary:item, handle_conf=0.39
[state_machine_node-24] [INFO] [1790650893.958826754] [state_machine_node]: Blue candidate door_blue_39bac3 ignored: physical/opened door station already handled nearby at (3.09, 1.87).
[state_machine_node-24] [INFO] [1790650894.210865631] [state_machine_node]: Post-open side retreat: lateral=0.65m, moved=0.00/1.10m, yaw_error=123deg, cmd=(0.00, 0.50)
[door_detection_node-21] [INFO] [1790650894.414023973] [door_detection_node]: YOLO 후보 제외: source=front, edge-clipped bbox=(278,0,319,240)
[door_detection_node-21] [INFO] [1790650895.329662161] [door_detection_node]: HSV candidate rejected: color=blue, edge-clipped bbox=(0,0,188,240), width_ratio=0.59
[state_machine_node-24] [INFO] [1790650896.111105561] [state_machine_node]: Post-open side retreat: lateral=0.63m, moved=0.00/1.10m, yaw_error=106deg, cmd=(0.00, 0.50)
[door_detection_node-21] [INFO] [1790650897.161537995] [door_detection_node]: 문 후보 발행: id=door_blue_4efad4, source=front_right, color=blue, dist=1.24m, conf=1.00, bbox=(73,0,284,240), rep_x=178, center_x=178, angle=-74.4deg, center_angle=-74.4deg, lidar=1.18m, visual=1.95m, goal=(3.22,0.57), handle=(3.45,1.80,0.84), handle_obs=True, handle_method=yolo:primary:item, handle_conf=0.72
[state_machine_node-24] [INFO] [1790650897.164273551] [state_machine_node]: Blue candidate door_blue_4efad4 ignored: physical/opened door station already handled nearby at (3.07, 1.88).
[state_machine_node-24] [INFO] [1790650897.998491094] [state_machine_node]: Post-open side retreat: lateral=0.69m, moved=0.00/1.10m, yaw_error=85deg, cmd=(0.00, 0.50)
[door_detection_node-21] [INFO] [1790650898.852431789] [door_detection_node]: 문 후보 발행: id=door_blue_6c019f, source=front_right, color=blue, dist=1.20m, conf=0.32, bbox=(175,0,318,240), rep_x=246, center_x=246, angle=-90.2deg, center_angle=-90.2deg, lidar=1.22m, visual=1.95m, goal=(3.20,0.65), handle=(3.03,1.88,1.00), handle_obs=False, handle_method=estimated, handle_conf=0.00
[state_machine_node-24] [INFO] [1790650899.869684221] [state_machine_node]: Post-open side retreat: lateral=0.74m, moved=0.00/1.10m, yaw_error=62deg, cmd=(0.00, 0.50)
[door_detection_node-21] [INFO] [1790650900.327475348] [door_detection_node]: YOLO 후보 제외: source=front_right, edge-clipped bbox=(287,0,319,240)
[state_machine_node-24] [INFO] [1790650901.736043888] [state_machine_node]: Post-open side retreat: lateral=0.74m, moved=0.00/1.10m, yaw_error=44deg, cmd=(0.00, 0.50)
[door_detection_node-21] [INFO] [1790650903.462051523] [door_detection_node]: 문 후보 발행: id=door_blue_2ae92f, source=front_left, color=blue, dist=3.85m, conf=0.45, bbox=(76,47,120,191), rep_x=98, center_x=98, angle=84.8deg, center_angle=84.8deg, lidar=4.11m, visual=3.25m, goal=(5.22,-0.89), handle=(6.29,-1.55,1.00), handle_obs=True, handle_method=estimated, handle_conf=0.00
[state_machine_node-24] [INFO] [1790650903.593192586] [state_machine_node]: Post-open side retreat: lateral=0.76m, moved=0.00/1.10m, yaw_error=26deg, cmd=(0.00, 0.50)
[door_detection_node-21] [INFO] [1790650905.316873425] [door_detection_node]: 문 후보 발행: id=door_blue_69cd8c, source=front_left, color=blue, dist=3.77m, conf=0.31, bbox=(165,45,207,193), rep_x=186, center_x=186, angle=63.7deg, center_angle=63.7deg, lidar=4.09m, visual=3.16m, goal=(4.87,-1.36), handle=(6.08,-1.65,1.00), handle_obs=True, handle_method=estimated, handle_conf=0.00
[state_machine_node-24] [INFO] [1790650905.485159368] [state_machine_node]: Post-open side retreat: lateral=0.75m, moved=0.00/1.10m, yaw_error=5deg, cmd=(0.18, 0.07)
[state_machine_node-24] [INFO] [1790650907.297701847] [state_machine_node]: Post-open side retreat: lateral=0.60m, moved=0.03/1.10m, yaw_error=2deg, cmd=(0.18, 0.02)
[door_detection_node-21] [INFO] [1790650907.472910184] [door_detection_node]: 문 후보 발행: id=door_blue_69cd8c, source=front_left, color=blue, dist=3.55m, conf=0.32, bbox=(214,42,262,196), rep_x=238, center_x=238, angle=51.6deg, center_angle=51.6deg, lidar=3.53m, visual=3.04m, goal=(4.57,-1.62), handle=(5.82,-1.67,1.00), handle_obs=True, handle_method=estimated, handle_conf=0.00
[planner_server-15] [INFO] [1790650908.508032303] [global_costmap.global_costmap]: StaticLayer: Resizing static layer to 247 X 86 at 0.050000 m/pix
[state_machine_node-24] [INFO] [1790650909.141597112] [state_machine_node]: Post-open side retreat complete: lateral=0.41m <= target=0.48m
[state_machine_node-24] [INFO] [1790650909.199300693] [state_machine_node]: 문 접근 목표 보정: observed_blue_6p7_m1p7 handle_axis=(6.65, -1.66) goal_axis=(6.65, -0.56) wall_axis=(6.65, -1.66) yaw=-90deg
[state_machine_node-24] [INFO] [1790650909.201699346] [state_machine_node]: 문 접근 목표 보정: observed_blue_4p9_m1p4 handle_axis=(4.92, -1.41) goal_axis=(4.92, -0.31) wall_axis=(4.92, -1.41) yaw=-90deg
[state_machine_node-24] [INFO] [1790650909.215592667] [state_machine_node]: 문 접근 목표 보정: observed_blue_6p7_m1p7 handle_axis=(6.65, -1.66) goal_axis=(6.65, -0.56) wall_axis=(6.65, -1.66) yaw=-90deg
[state_machine_node-24] [INFO] [1790650909.231317237] [state_machine_node]: 문 접근 목표 보정: observed_blue_4p9_m1p4 handle_axis=(4.92, -1.41) goal_axis=(4.92, -0.31) wall_axis=(4.92, -1.41) yaw=-90deg
[state_machine_node-24] [INFO] [1790650909.234120361] [state_machine_node]: 문 접근 목표 보정: observed_blue_6p7_m1p7 handle_axis=(6.65, -1.66) goal_axis=(6.65, -0.56) wall_axis=(6.65, -1.66) yaw=-90deg
[state_machine_node-24] [INFO] [1790650909.236991223] [state_machine_node]: 문 접근 목표 보정: observed_blue_4p9_m1p4 handle_axis=(4.92, -1.41) goal_axis=(4.92, -0.31) wall_axis=(4.92, -1.41) yaw=-90deg
[state_machine_node-24] [WARN] [1790650909.242459651] [state_machine_node]: Blue target observed_blue_6p7_m1p7 retained for revisit: stable unopened blue memory must be checked before exit even when it is behind the farthest opened station.
[state_machine_node-24] [INFO] [1790650909.252433610] [state_machine_node]: 문 접근 목표 보정: observed_blue_4p9_m1p4 handle_axis=(4.92, -1.41) goal_axis=(4.92, -0.31) wall_axis=(4.92, -1.41) yaw=-90deg
[state_machine_node-24] [INFO] [1790650909.253398058] [state_machine_node]: 문 접근 목표 보정: observed_blue_4p9_m1p4 handle_axis=(4.92, -1.41) goal_axis=(4.92, -0.31) wall_axis=(4.92, -1.41) yaw=-90deg
[state_machine_node-24] [INFO] [1790650909.254637093] [state_machine_node]: LiDAR+camera segment map 사전 스캔 시작: observed_blue_4p9_m1p4
[door_detection_node-21] [INFO] [1790650909.258012033] [door_detection_node]: 문 후보 발행: id=door_blue_69cd8c, source=front_left, color=blue, dist=3.39m, conf=0.52, bbox=(212,38,259,202), rep_x=235, center_x=235, angle=52.2deg, center_angle=52.2deg, lidar=3.42m, visual=2.85m, goal=(4.52,-1.64), handle=(5.77,-1.66,1.00), handle_obs=True, handle_method=estimated, handle_conf=0.00
[planner_server-15] [INFO] [1790650909.512366882] [global_costmap.global_costmap]: StaticLayer: Resizing static layer to 249 X 86 at 0.050000 m/pix
[state_machine_node-24] [INFO] [1790650910.106152732] [state_machine_node]: 문 접근 목표 보정: observed_blue_6p7_m1p7 handle_axis=(6.65, -1.66) goal_axis=(6.65, -0.56) wall_axis=(6.65, -1.66) yaw=-90deg
[state_machine_node-24] [INFO] [1790650910.108755556] [state_machine_node]: 문 접근 목표 보정: observed_blue_4p9_m1p4 handle_axis=(4.92, -1.41) goal_axis=(4.92, -0.31) wall_axis=(4.92, -1.41) yaw=-90deg
[state_machine_node-24] [INFO] [1790650911.018812316] [state_machine_node]: 문 접근 목표 보정: observed_blue_6p7_m1p7 handle_axis=(6.65, -1.66) goal_axis=(6.65, -0.56) wall_axis=(6.65, -1.66) yaw=-90deg
[state_machine_node-24] [INFO] [1790650911.021794803] [state_machine_node]: 문 접근 목표 보정: observed_blue_4p9_m1p4 handle_axis=(4.92, -1.41) goal_axis=(4.92, -0.31) wall_axis=(4.92, -1.41) yaw=-90deg
[door_detection_node-21] [INFO] [1790650911.400959481] [door_detection_node]: 문 후보 발행: id=door_blue_69cd8c, source=front_left, color=blue, dist=3.36m, conf=0.33, bbox=(211,37,257,202), rep_x=234, center_x=234, angle=52.5deg, center_angle=52.5deg, lidar=3.46m, visual=2.84m, goal=(4.50,-1.67), handle=(5.75,-1.69,1.00), handle_obs=True, handle_method=estimated, handle_conf=0.00
[state_machine_node-24] [INFO] [1790650911.909242100] [state_machine_node]: 문 접근 목표 보정: observed_blue_6p7_m1p7 handle_axis=(6.65, -1.66) goal_axis=(6.65, -0.56) wall_axis=(6.65, -1.66) yaw=-90deg
[state_machine_node-24] [INFO] [1790650911.911761958] [state_machine_node]: 문 접근 목표 보정: observed_blue_4p9_m1p4 handle_axis=(4.92, -1.41) goal_axis=(4.92, -0.31) wall_axis=(4.92, -1.41) yaw=-90deg
[state_machine_node-24] [INFO] [1790650911.914379487] [state_machine_node]: 사전 스캔 완료. Nav2가 segment map 기반 경로를 계획합니다: observed_blue_4p9_m1p4
[state_machine_node-24] [INFO] [1790650911.935048239] [state_machine_node]: Locked blue target after pre-scan: observed_blue_4p9_m1p4 opened=1 retry=0/2
[state_machine_node-24] [INFO] [1790650911.936433956] [state_machine_node]: State: EXPLORING → NAVIGATING
[navigation_node-22] [INFO] [1790650911.939277484] [navigation_node]: Navigation goal received: door observed_blue_4p9_m1p4 (color=blue, frame=map, x=4.92, y=-0.31)
[bt_navigator-17] [INFO] [1790650912.036402856] [bt_navigator]: Begin navigating from current location (3.12, 0.41) to (4.92, -0.31)
[navigation_node-22] [INFO] [1790650912.038737076] [navigation_node]: Navigation goal accepted by Nav2
[controller_server-13] [INFO] [1790650912.237553151] [controller_server]: Received a goal, begin computing control effort.
[door_detection_node-21] [INFO] [1790650913.154959557] [door_detection_node]: 문 후보 발행: id=door_blue_69cd8c, source=front_left, color=blue, dist=3.36m, conf=0.33, bbox=(211,37,257,202), rep_x=234, center_x=234, angle=52.5deg, center_angle=52.5deg, lidar=3.38m, visual=2.84m, goal=(4.50,-1.67), handle=(5.75,-1.69,1.00), handle_obs=True, handle_method=estimated, handle_conf=0.00
[state_machine_node-24] [INFO] [1790650913.163325677] [state_machine_node]: 문 접근 목표 보정: door_blue_69cd8c handle_axis=(5.75, -1.69) goal_axis=(5.75, -0.59) wall_axis=(5.75, -1.69) yaw=-90deg
[state_machine_node-24] [INFO] [1790650913.164670928] [state_machine_node]: 문 접근 목표 보정: door_blue_69cd8c handle_axis=(5.75, -1.69) goal_axis=(5.75, -0.59) wall_axis=(5.75, -1.69) yaw=-90deg
[state_machine_node-24] [WARN] [1790650913.166286496] [state_machine_node]: Locked blue target refined from newer observation: observed_blue_4p9_m1p4 -> observed_blue_4p9_m1p4, goal shift=0.88m, identity=(4.92,-1.41) -> (5.75,-1.69)
[navigation_node-22] [INFO] [1790650913.168599224] [navigation_node]: Navigation goal received: door observed_blue_4p9_m1p4 (color=blue, frame=map, x=5.75, y=-0.59)
[navigation_node-22] [WARN] [1790650913.169550834] [navigation_node]: Already navigating. Preempting current goal without an explicit stop before retargeting to: observed_blue_4p9_m1p4
[navigation_node-22] [INFO] [1790650913.272735088] [navigation_node]: Navigation goal accepted by Nav2
[bt_navigator-17] [INFO] [1790650913.337613693] [bt_navigator]: Received goal preemption request
[bt_navigator-17] [INFO] [1790650913.338132698] [bt_navigator]: Begin navigating from current location (3.12, 0.41) to (5.75, -0.59)
[controller_server-13] [INFO] [1790650913.613168961] [controller_server]: Passing new path to controller.
[controller_server-13] [INFO] [1790650914.863171744] [controller_server]: Passing new path to controller.
[door_detection_node-21] [INFO] [1790650914.931468169] [door_detection_node]: Side camera visual fallback rejected (source=front_left, lidar=1.30m, visual=5.20m > 4.50m)
[door_detection_node-21] [INFO] [1790650914.954908890] [door_detection_node]: Side camera LiDAR range looks too long for the visible door; using visual range (source=front_left, lidar=3.77m, visual=2.64m)
[door_detection_node-21] [INFO] [1790650915.305527465] [door_detection_node]: 문 후보 발행: id=door_blue_10483e, source=front_left, color=blue, dist=2.64m, conf=0.25, bbox=(284,32,319,209), rep_x=301, center_x=301, angle=38.9deg, center_angle=38.9deg, lidar=4.34m, visual=2.64m, goal=(4.08,-1.45), handle=(5.28,-1.10,1.00), handle_obs=True, handle_method=estimated, handle_conf=0.00
[state_machine_node-24] [INFO] [1790650915.324912019] [state_machine_node]: Direct blue target door_blue_10483e will use stable wall-memory handle at (4.9, -1.4); progress_gap=0.36m, dist=0.48m, count=5, conf=0.48.
[state_machine_node-24] [INFO] [1790650915.325741022] [state_machine_node]: 문 접근 목표 보정: door_blue_10483e handle_axis=(4.92, -1.41) goal_axis=(4.92, -0.31) wall_axis=(4.92, -1.41) yaw=-90deg
[state_machine_node-24] [INFO] [1790650915.339866009] [state_machine_node]: 문 접근 목표 보정: door_blue_10483e handle_axis=(4.92, -1.41) goal_axis=(4.92, -0.31) wall_axis=(4.92, -1.41) yaw=-90deg
[door_detection_node-21] [INFO] [1790650916.222485747] [door_detection_node]: Front lateral LiDAR range looks too long for the visible door; using visual range (lidar=3.70m, visual=2.92m)
[controller_server-13] [INFO] [1790650916.238176467] [controller_server]: Passing new path to controller.
[state_machine_node-24] [INFO] [1790650916.606641915] [state_machine_node]: 문 접근 목표 보정: door_blue_b560b3 handle_axis=(5.55, -1.26) goal_axis=(5.55, -0.16) wall_axis=(5.55, -1.26) yaw=-90deg
[state_machine_node-24] [INFO] [1790650916.607848369] [state_machine_node]: 문 접근 목표 보정: door_blue_b560b3 handle_axis=(5.55, -1.26) goal_axis=(5.55, -0.16) wall_axis=(5.55, -1.26) yaw=-90deg
[state_machine_node-24] [WARN] [1790650916.608750622] [state_machine_node]: Locked blue target refined from newer observation: observed_blue_4p9_m1p4 -> observed_blue_4p9_m1p4, goal shift=0.47m, identity=(5.75,-1.69) -> (5.55,-1.26)
[navigation_node-22] [INFO] [1790650916.612152312] [navigation_node]: Navigation goal received: door observed_blue_4p9_m1p4 (color=blue, frame=map, x=5.55, y=-0.16)
[navigation_node-22] [WARN] [1790650916.613172563] [navigation_node]: Already navigating. Preempting current goal without an explicit stop before retargeting to: observed_blue_4p9_m1p4
[navigation_node-22] [INFO] [1790650916.706458243] [navigation_node]: Navigation goal accepted by Nav2
[bt_navigator-17] [INFO] [1790650916.736907271] [bt_navigator]: Received goal preemption request
[bt_navigator-17] [INFO] [1790650916.737565507] [bt_navigator]: Begin navigating from current location (3.17, 0.27) to (5.55, -0.16)
[door_detection_node-21] [INFO] [1790650917.066954649] [door_detection_node]: Side camera visual fallback rejected (source=front_left, lidar=1.26m, visual=5.26m > 4.50m)
[controller_server-13] [INFO] [1790650917.489462591] [controller_server]: Passing new path to controller.
[door_detection_node-21] [INFO] [1790650918.132094731] [door_detection_node]: 문 후보 발행: id=door_blue_04851a, source=front, color=blue, dist=3.49m, conf=0.20, bbox=(104,39,146,197), rep_x=125, center_x=125, angle=8.5deg, center_angle=8.5deg, lidar=3.70m, visual=2.96m, goal=(5.29,-2.65), handle=(6.13,-1.72,1.00), handle_obs=True, handle_method=estimated, handle_conf=0.00
[state_machine_node-24] [INFO] [1790650918.140539035] [state_machine_node]: 문 접근 목표 보정: door_blue_04851a handle_axis=(6.13, -1.72) goal_axis=(6.13, -0.62) wall_axis=(6.13, -1.72) yaw=-90deg
[state_machine_node-24] [INFO] [1790650918.141661579] [state_machine_node]: Locked blue target refine skipped: door_blue_04851a total drift progress=1.21m, xy=1.25m > 1.05m from locked anchor
[planner_server-15] [INFO] [1790650918.508036737] [global_costmap.global_costmap]: StaticLayer: Resizing static layer to 253 X 86 at 0.050000 m/pix
[door_detection_node-21] [INFO] [1790650918.638673591] [door_detection_node]: YOLO 후보 제외: source=front_left, far small dist=6.11m, conf=0.31, bbox=(219,75,238,165)
[controller_server-13] [INFO] [1790650918.738188104] [controller_server]: Passing new path to controller.
[planner_server-15] [INFO] [1790650919.508100007] [global_costmap.global_costmap]: StaticLayer: Resizing static layer to 260 X 86 at 0.050000 m/pix
[door_detection_node-21] [INFO] [1790650919.694683576] [door_detection_node]: 문 후보 발행: id=door_blue_db2b67, source=front, color=blue, dist=3.25m, conf=0.41, bbox=(147,31,193,204), rep_x=170, center_x=170, angle=-2.4deg, center_angle=-2.4deg, lidar=3.40m, visual=2.71m, goal=(4.77,-0.94), handle=(5.98,-1.82,1.00), handle_obs=True, handle_method=estimated, handle_conf=0.00
[state_machine_node-24] [INFO] [1790650919.702845515] [state_machine_node]: 문 접근 목표 보정: door_blue_db2b67 handle_axis=(5.98, -1.82) goal_axis=(5.98, -0.72) wall_axis=(5.98, -1.82) yaw=-90deg
[controller_server-13] [INFO] [1790650920.113172226] [controller_server]: Passing new path to controller.
[planner_server-15] [INFO] [1790650920.508058607] [global_costmap.global_costmap]: StaticLayer: Resizing static layer to 261 X 86 at 0.050000 m/pix
[controller_server-13] [INFO] [1790650921.363159370] [controller_server]: Passing new path to controller.
[door_detection_node-21] [INFO] [1790650921.868601670] [door_detection_node]: 문 후보 발행: id=door_blue_db2b67, source=front, color=blue, dist=3.01m, conf=1.00, bbox=(197,21,245,215), rep_x=221, center_x=221, angle=-14.6deg, center_angle=-14.6deg, lidar=2.91m, visual=2.41m, goal=(6.43,-0.60), handle=(5.98,-1.77,1.00), handle_obs=True, handle_method=estimated, handle_conf=0.00
[state_machine_node-24] [INFO] [1790650921.875325550] [state_machine_node]: 문 접근 목표 보정: door_blue_db2b67 handle_axis=(5.98, -1.77) goal_axis=(5.98, -0.67) wall_axis=(5.98, -1.77) yaw=-90deg
[state_machine_node-24] [INFO] [1790650921.877690462] [state_machine_node]: Locked blue target refine skipped: door_blue_db2b67 total drift progress=1.06m, xy=1.12m > 1.05m from locked anchor
[door_detection_node-21] [INFO] [1790650922.341824589] [door_detection_node]: Side camera LiDAR range looks too long for the visible door; using visual range (source=front_left, lidar=6.49m, visual=4.68m)
[planner_server-15] [INFO] [1790650922.508711553] [global_costmap.global_costmap]: StaticLayer: Resizing static layer to 262 X 86 at 0.050000 m/pix
[controller_server-13] [INFO] [1790650922.738167453] [controller_server]: Passing new path to controller.
[door_detection_node-21] [INFO] [1790650923.672787742] [door_detection_node]: 문 후보 발행: id=door_blue_db2b67, source=front, color=blue, dist=2.74m, conf=1.00, bbox=(199,11,252,224), rep_x=225, center_x=225, angle=-15.5deg, center_angle=-15.5deg, lidar=2.82m, visual=2.20m, goal=(6.36,-0.67), handle=(5.87,-1.82,1.00), handle_obs=True, handle_method=estimated, handle_conf=0.00
[state_machine_node-24] [INFO] [1790650923.679505415] [state_machine_node]: 문 접근 목표 보정: door_blue_db2b67 handle_axis=(5.87, -1.82) goal_axis=(5.87, -0.72) wall_axis=(5.87, -1.82) yaw=-90deg
[state_machine_node-24] [INFO] [1790650923.682649223] [state_machine_node]: 문 접근 목표 보정: door_blue_db2b67 handle_axis=(5.87, -1.82) goal_axis=(5.87, -0.72) wall_axis=(5.87, -1.82) yaw=-90deg
[state_machine_node-24] [WARN] [1790650923.684550088] [state_machine_node]: Locked blue target refined from newer observation: observed_blue_4p9_m1p4 -> observed_blue_4p9_m1p4, goal shift=0.64m, identity=(5.55,-1.26) -> (5.87,-1.82)
[navigation_node-22] [INFO] [1790650923.686159661] [navigation_node]: Navigation goal received: door observed_blue_4p9_m1p4 (color=blue, frame=map, x=5.87, y=-0.72)
[navigation_node-22] [WARN] [1790650923.686630747] [navigation_node]: Already navigating. Preempting current goal without an explicit stop before retargeting to: observed_blue_4p9_m1p4
[navigation_node-22] [INFO] [1790650923.791005417] [navigation_node]: Navigation goal accepted by Nav2
[bt_navigator-17] [INFO] [1790650923.837101916] [bt_navigator]: Received goal preemption request
[bt_navigator-17] [INFO] [1790650923.837460935] [bt_navigator]: Begin navigating from current location (3.86, -0.15) to (5.87, -0.72)
[controller_server-13] [INFO] [1790650923.988225207] [controller_server]: Passing new path to controller.
[planner_server-15] [INFO] [1790650924.508084544] [global_costmap.global_costmap]: StaticLayer: Resizing static layer to 266 X 86 at 0.050000 m/pix
[state_machine_node-24] [INFO] [1790650924.635607510] [state_machine_node]: Observed blue cluster id mapping for observed_blue_4p9_m1p4 ignored: mapped cluster drifted away from the current wall/handle target.
[controller_server-13] [INFO] [1790650925.238160980] [controller_server]: Passing new path to controller.
[door_detection_node-21] [INFO] [1790650925.943760749] [door_detection_node]: 문 후보 발행: id=door_blue_801db8, source=front, color=blue, dist=2.53m, conf=1.00, bbox=(229,0,298,240), rep_x=263, center_x=263, angle=-23.8deg, center_angle=-23.8deg, lidar=2.58m, visual=1.95m, goal=(6.29,-0.71), handle=(5.91,-1.90,1.00), handle_obs=True, handle_method=estimated, handle_conf=0.00
[state_machine_node-24] [INFO] [1790650925.951897475] [state_machine_node]: 문 접근 목표 보정: door_blue_801db8 handle_axis=(5.91, -1.90) goal_axis=(5.91, -0.80) wall_axis=(5.91, -1.90) yaw=-90deg
[state_machine_node-24] [INFO] [1790650925.954509059] [state_machine_node]: Locked blue target refine skipped: door_blue_801db8 total drift progress=0.99m, xy=1.10m > 1.05m from locked anchor
[door_detection_node-21] [INFO] [1790650926.444513572] [door_detection_node]: Side camera LiDAR range looks too long for the visible door; using visual range (source=front_left, lidar=5.69m, visual=4.03m)
[planner_server-15] [INFO] [1790650926.508130996] [global_costmap.global_costmap]: StaticLayer: Resizing static layer to 274 X 86 at 0.050000 m/pix
[controller_server-13] [INFO] [1790650926.613207425] [controller_server]: Passing new path to controller.
[planner_server-15] [INFO] [1790650927.508122040] [global_costmap.global_costmap]: StaticLayer: Resizing static layer to 275 X 86 at 0.050000 m/pix
[door_detection_node-21] [INFO] [1790650927.684340754] [door_detection_node]: YOLO 후보 제외: source=front, edge-clipped bbox=(232,0,320,240)
[controller_server-13] [INFO] [1790650927.863194214] [controller_server]: Passing new path to controller.
[planner_server-15] [INFO] [1790650928.508109290] [global_costmap.global_costmap]: StaticLayer: Resizing static layer to 277 X 86 at 0.050000 m/pix
[door_detection_node-21] [INFO] [1790650928.600411389] [door_detection_node]: 문 후보 발행: id=door_blue_f301b8, source=front_left, color=blue, dist=5.26m, conf=0.60, bbox=(261,61,291,177), rep_x=276, center_x=276, angle=43.6deg, center_angle=43.6deg, lidar=4.95m, visual=4.03m, goal=(8.72,0.77), handle=(9.10,1.96,1.00), handle_obs=True, handle_method=estimated, handle_conf=0.00
[state_machine_node-24] [INFO] [1790650928.606948769] [state_machine_node]: Observed blue cluster id mapping for observed_blue_4p9_m1p4 ignored: mapped cluster drifted away from the current wall/handle target.
[controller_server-13] [INFO] [1790650929.238189389] [controller_server]: Passing new path to controller.
[controller_server-13] [INFO] [1790650930.363193348] [controller_server]: Passing new path to controller.
[planner_server-15] [INFO] [1790650930.508109806] [global_costmap.global_costmap]: StaticLayer: Resizing static layer to 284 X 86 at 0.050000 m/pix
[door_detection_node-21] [INFO] [1790650931.117418716] [door_detection_node]: 문 후보 발행: id=door_blue_39bac3, source=front_right, color=blue, dist=1.98m, conf=1.00, bbox=(0,0,67,240), rep_x=33, center_x=33, angle=-41.5deg, center_angle=-41.5deg, lidar=1.88m, visual=1.95m, goal=(6.17,-0.74), handle=(5.97,-1.97,1.00), handle_obs=False, handle_method=estimated, handle_conf=0.00
[state_machine_node-24] [INFO] [1790650931.128480627] [state_machine_node]: 문 접근 목표 보정: door_blue_39bac3 handle_axis=(5.97, -1.97) goal_axis=(5.97, -0.87) wall_axis=(5.97, -1.97) yaw=-90deg
[state_machine_node-24] [INFO] [1790650931.131410322] [state_machine_node]: Locked blue target refine skipped: door_blue_39bac3 total drift progress=1.04m, xy=1.19m > 1.05m from locked anchor
[planner_server-15] [INFO] [1790650931.508331133] [global_costmap.global_costmap]: StaticLayer: Resizing static layer to 286 X 86 at 0.050000 m/pix
[controller_server-13] [INFO] [1790650931.738189916] [controller_server]: Passing new path to controller.
[door_detection_node-21] [INFO] [1790650932.024428572] [door_detection_node]: Side camera LiDAR range looks too long for the visible door; using visual range (source=front_left, lidar=4.89m, visual=3.47m)
[door_detection_node-21] [INFO] [1790650932.026773312] [door_detection_node]: YOLO 후보 제외: source=front_left, edge-clipped bbox=(287,49,320,184)
[planner_server-15] [INFO] [1790650932.508043635] [global_costmap.global_costmap]: StaticLayer: Resizing static layer to 288 X 86 at 0.050000 m/pix
[door_detection_node-21] [INFO] [1790650932.772984960] [door_detection_node]: 문 후보 발행: id=door_blue_39bac3, source=front_right, color=blue, dist=1.82m, conf=1.00, bbox=(0,0,102,240), rep_x=51, center_x=51, angle=-45.0deg, center_angle=-45.0deg, lidar=1.78m, visual=1.95m, goal=(6.22,-0.70), handle=(6.02,-1.94,1.00), handle_obs=True, handle_method=estimated, handle_conf=0.00
[state_machine_node-24] [INFO] [1790650932.776534448] [state_machine_node]: Observed blue cluster id mapping for observed_blue_4p9_m1p4 ignored: mapped cluster drifted away from the current wall/handle target.
[state_machine_node-24] [INFO] [1790650932.782131175] [state_machine_node]: 문 접근 목표 보정: door_blue_39bac3 handle_axis=(6.02, -1.94) goal_axis=(6.02, -0.84) wall_axis=(6.02, -1.94) yaw=-90deg
[controller_server-13] [INFO] [1790650932.988243647] [controller_server]: Passing new path to controller.
[planner_server-15] [INFO] [1790650933.508124266] [global_costmap.global_costmap]: StaticLayer: Resizing static layer to 290 X 86 at 0.050000 m/pix
[controller_server-13] [INFO] [1790650934.238176085] [controller_server]: Passing new path to controller.
[planner_server-15] [INFO] [1790650934.508121648] [global_costmap.global_costmap]: StaticLayer: Resizing static layer to 292 X 86 at 0.050000 m/pix
[door_detection_node-21] [INFO] [1790650935.411358339] [door_detection_node]: 문 후보 발행: id=door_blue_39bac3, source=front_right, color=blue, dist=1.56m, conf=1.00, bbox=(0,0,149,240), rep_x=74, center_x=74, angle=-49.8deg, center_angle=-49.8deg, lidar=1.48m, visual=1.95m, goal=(6.72,-0.74), handle=(6.43,-1.95,0.81), handle_obs=True, handle_method=yolo:primary:item, handle_conf=0.39
[state_machine_node-24] [INFO] [1790650935.422161259] [state_machine_node]: 문 접근 목표 보정: door_blue_39bac3 handle_axis=(6.43, -1.95) goal_axis=(6.43, -0.85) wall_axis=(6.43, -1.95) yaw=-90deg
[state_machine_node-24] [INFO] [1790650935.424811625] [state_machine_node]: Locked blue target refine skipped: door_blue_39bac3 total drift progress=1.11m, xy=1.22m > 1.05m from locked anchor
[controller_server-13] [INFO] [1790650935.613224603] [controller_server]: Passing new path to controller.
[state_machine_node-24] [INFO] [1790650936.136453516] [state_machine_node]: Observed blue cluster id mapping for observed_blue_4p9_m1p4 ignored: mapped cluster drifted away from the current wall/handle target.
[planner_server-15] [INFO] [1790650936.508123226] [global_costmap.global_costmap]: StaticLayer: Resizing static layer to 301 X 88 at 0.050000 m/pix
[controller_server-13] [INFO] [1790650936.863211721] [controller_server]: Passing new path to controller.
[door_detection_node-21] [INFO] [1790650936.923131311] [door_detection_node]: 문 후보 발행: id=door_blue_b07aa8, source=front_right, color=blue, dist=1.44m, conf=1.00, bbox=(0,0,169,240), rep_x=84, center_x=84, angle=-52.0deg, center_angle=-52.0deg, lidar=1.44m, visual=1.95m, goal=(6.80,-0.77), handle=(6.43,-1.96,0.81), handle_obs=True, handle_method=yolo:primary:item, handle_conf=0.49
[state_machine_node-24] [INFO] [1790650936.934365422] [state_machine_node]: 문 접근 목표 보정: door_blue_b07aa8 handle_axis=(6.43, -1.96) goal_axis=(6.43, -0.86) wall_axis=(6.43, -1.96) yaw=-90deg
[state_machine_node-24] [INFO] [1790650936.937787839] [state_machine_node]: 문 접근 목표 보정: door_blue_b07aa8 handle_axis=(6.43, -1.96) goal_axis=(6.43, -0.86) wall_axis=(6.43, -1.96) yaw=-90deg
[state_machine_node-24] [WARN] [1790650936.938659171] [state_machine_node]: Locked blue target refined from newer observation: observed_blue_4p9_m1p4 -> observed_blue_4p9_m1p4, goal shift=0.58m, identity=(5.87,-1.82) -> (6.03,-1.92)
[navigation_node-22] [INFO] [1790650936.940507119] [navigation_node]: Navigation goal received: door observed_blue_4p9_m1p4 (color=blue, frame=map, x=6.43, y=-0.86)
[navigation_node-22] [WARN] [1790650936.941293934] [navigation_node]: Already navigating. Preempting current goal without an explicit stop before retargeting to: observed_blue_4p9_m1p4
[navigation_node-22] [INFO] [1790650937.051269704] [navigation_node]: Navigation goal accepted by Nav2
[bt_navigator-17] [INFO] [1790650937.136840103] [bt_navigator]: Received goal preemption request
[bt_navigator-17] [INFO] [1790650937.137187379] [bt_navigator]: Begin navigating from current location (5.60, -0.59) to (6.43, -0.86)
[planner_server-15] [INFO] [1790650937.508177172] [global_costmap.global_costmap]: StaticLayer: Resizing static layer to 304 X 88 at 0.050000 m/pix
[controller_server-13] [INFO] [1790650938.238141061] [controller_server]: Passing new path to controller.
[door_detection_node-21] [INFO] [1790650938.291929668] [door_detection_node]: HSV candidate rejected: color=blue, edge-clipped bbox=(0,0,186,240), width_ratio=0.58
[controller_server-13] [INFO] [1790650939.488217046] [controller_server]: Passing new path to controller.
[door_detection_node-21] [INFO] [1790650939.577951228] [door_detection_node]: 문 후보 발행: id=door_blue_81575e, source=front_left, color=blue, dist=4.21m, conf=0.56, bbox=(185,51,224,186), rep_x=204, center_x=204, angle=59.4deg, center_angle=59.4deg, lidar=4.24m, visual=3.47m, goal=(8.64,0.74), handle=(9.11,1.89,1.00), handle_obs=True, handle_method=estimated, handle_conf=0.00
[state_machine_node-24] [INFO] [1790650940.417996027] [state_machine_node]: Observed blue cluster id mapping for observed_blue_4p9_m1p4 ignored: mapped cluster drifted away from the current wall/handle target.
[state_machine_node-24] [INFO] [1790650940.424037041] [state_machine_node]: 문 접근 목표 보정: door_blue_b07aa8 handle_axis=(6.48, -1.91) goal_axis=(6.48, -0.81) wall_axis=(6.48, -1.91) yaw=-90deg
[state_machine_node-24] [INFO] [1790650940.427239789] [state_machine_node]: 문 접근 목표 보정: door_blue_b07aa8 handle_axis=(6.48, -1.91) goal_axis=(6.48, -0.81) wall_axis=(6.48, -1.91) yaw=-90deg
[planner_server-15] [INFO] [1790650940.508024118] [global_costmap.global_costmap]: StaticLayer: Resizing static layer to 307 X 88 at 0.050000 m/pix
[controller_server-13] [INFO] [1790650940.738204793] [controller_server]: Passing new path to controller.
[door_detection_node-21] [INFO] [1790650941.189358407] [door_detection_node]: 문 후보 발행: id=door_blue_81575e, source=front_left, color=blue, dist=4.12m, conf=0.71, bbox=(175,49,215,187), rep_x=195, center_x=195, angle=61.5deg, center_angle=61.5deg, lidar=4.22m, visual=3.39m, goal=(8.67,0.79), handle=(9.12,1.96,1.00), handle_obs=True, handle_method=estimated, handle_conf=0.00
[planner_server-15] [INFO] [1790650941.508225975] [global_costmap.global_costmap]: StaticLayer: Resizing static layer to 308 X 88 at 0.050000 m/pix
[state_machine_node-24] [INFO] [1790650941.757911571] [state_machine_node]: Nav2 door goal position is near, but yaw is not ready yet: observed_blue_4p9_m1p4, dist=0.30m/0.38m, lateral=0.02m/0.24m, yaw_error=74deg.
[state_machine_node-24] [INFO] [1790650941.916601602] [state_machine_node]: 문 접근 목표 보정: door_blue_4efad4 handle_axis=(6.49, -1.97) goal_axis=(6.49, -0.87) wall_axis=(6.49, -1.97) yaw=-90deg
[state_machine_node-24] [INFO] [1790650941.920071117] [state_machine_node]: 문 접근 목표 보정: door_blue_4efad4 handle_axis=(6.49, -1.97) goal_axis=(6.49, -0.87) wall_axis=(6.49, -1.97) yaw=-90deg
[controller_server-13] [INFO] [1790650942.113223031] [controller_server]: Passing new path to controller.
[planner_server-15] [INFO] [1790650942.508209372] [global_costmap.global_costmap]: StaticLayer: Resizing static layer to 317 X 88 at 0.050000 m/pix
[state_machine_node-24] [INFO] [1790650942.683957985] [state_machine_node]: Nav2 goal is close enough for fine door alignment: observed_blue_4p9_m1p4, dist=0.25m/0.38m, lateral=0.02m/0.24m, yaw_error=72deg.
[state_machine_node-24] [INFO] [1790650942.685126480] [state_machine_node]: Nav2 goal cancellation requested before door fine alignment.
[navigation_node-22] [INFO] [1790650942.686554455] [navigation_node]: Navigation cancellation requested for manual control handoff.
[controller_server-13] [INFO] [1790650942.738245982] [controller_server]: Goal was canceled. Stopping the robot.
[controller_server-13] [INFO] [1790650942.738378009] [controller_server]: [follow_path] [ActionServer] Client requested to cancel the goal. Cancelling.
[bt_navigator-17] [INFO] [1790650942.738696985] [bt_navigator]: [navigate_to_pose] [ActionServer] Client requested to cancel the goal. Cancelling.
[bt_navigator-17] [INFO] [1790650942.739227910] [bt_navigator]: Goal canceled
[state_machine_node-24] [INFO] [1790650942.744144684] [state_machine_node]: Fine door approach started: observed_blue_4p9_m1p4, dist=0.25m, lateral=0.02m, forward=0.25m, yaw_error=72deg
[state_machine_node-24] [INFO] [1790650942.745230628] [state_machine_node]: Fine door parking translation: observed_blue_4p9_m1p4, dist=0.25m/0.17m, heading_error=4deg, cmd=(0.07, 0.06)
[door_detection_node-21] [INFO] [1790650943.209012914] [door_detection_node]: HSV candidate rejected: color=blue, edge-clipped bbox=(82,0,320,240), width_ratio=0.74
[state_machine_node-24] [INFO] [1790650943.635962773] [state_machine_node]: Fine door parking translation: observed_blue_4p9_m1p4, dist=0.22m/0.17m, heading_error=4deg, cmd=(0.07, 0.05)
[door_detection_node-21] [INFO] [1790650944.521577654] [door_detection_node]: 문 후보 발행: id=door_blue_69cd8c, source=front_left, color=blue, dist=3.97m, conf=0.61, bbox=(160,46,207,188), rep_x=183, center_x=183, angle=64.4deg, center_angle=64.4deg, lidar=3.95m, visual=3.30m, goal=(8.63,0.81), handle=(9.06,1.99,1.00), handle_obs=True, handle_method=estimated, handle_conf=0.00
[state_machine_node-24] [INFO] [1790650944.599874260] [state_machine_node]: Fine door final yaw alignment: observed_blue_4p9_m1p4, dist=0.16m/0.17m, yaw_error=73deg, cmd=(0.00, -0.25)
[planner_server-15] [INFO] [1790650945.508225046] [global_costmap.global_costmap]: StaticLayer: Resizing static layer to 320 X 88 at 0.050000 m/pix
[state_machine_node-24] [INFO] [1790650945.546573163] [state_machine_node]: Fine door final yaw alignment: observed_blue_4p9_m1p4, dist=0.14m/0.17m, yaw_error=70deg, cmd=(0.00, -0.25)
[door_detection_node-21] [INFO] [1790650946.399430599] [door_detection_node]: 문 후보 발행: id=door_blue_69cd8c, source=front_left, color=blue, dist=3.98m, conf=0.73, bbox=(137,48,184,190), rep_x=160, center_x=160, angle=70.0deg, center_angle=70.0deg, lidar=4.21m, visual=3.30m, goal=(8.59,0.82), handle=(9.13,1.94,1.00), handle_obs=True, handle_method=estimated, handle_conf=0.00
[state_machine_node-24] [INFO] [1790650946.501699586] [state_machine_node]: Fine door final yaw alignment: observed_blue_4p9_m1p4, dist=0.17m/0.17m, yaw_error=65deg, cmd=(0.00, -0.25)
[state_machine_node-24] [INFO] [1790650947.446930377] [state_machine_node]: Fine door final yaw alignment: observed_blue_4p9_m1p4, dist=0.15m/0.17m, yaw_error=61deg, cmd=(0.00, -0.25)
[door_detection_node-21] [INFO] [1790650948.386523795] [door_detection_node]: 문 후보 발행: id=door_blue_2ae92f, source=front_left, color=blue, dist=3.95m, conf=0.64, bbox=(94,43,141,192), rep_x=117, center_x=117, angle=80.4deg, center_angle=80.4deg, lidar=4.05m, visual=3.14m, goal=(8.36,0.95), handle=(9.10,1.96,1.00), handle_obs=True, handle_method=estimated, handle_conf=0.00
[state_machine_node-24] [INFO] [1790650948.400439218] [state_machine_node]: Fine door final yaw alignment: observed_blue_4p9_m1p4, dist=0.16m/0.17m, yaw_error=54deg, cmd=(0.00, -0.25)
[planner_server-15] [INFO] [1790650948.508063828] [global_costmap.global_costmap]: StaticLayer: Resizing static layer to 320 X 88 at 0.050000 m/pix
[door_detection_node-21] [INFO] [1790650948.924439210] [door_detection_node]: HSV candidate rejected: color=blue, edge-clipped bbox=(0,0,240,240), width_ratio=0.75
[state_machine_node-24] [INFO] [1790650949.354125528] [state_machine_node]: Fine door final yaw alignment: observed_blue_4p9_m1p4, dist=0.16m/0.17m, yaw_error=49deg, cmd=(0.00, -0.25)
[door_detection_node-21] [INFO] [1790650950.165567828] [door_detection_node]: 문 후보 발행: id=door_blue_50cef4, source=front_left, color=blue, dist=3.96m, conf=0.70, bbox=(53,41,103,195), rep_x=78, center_x=78, angle=89.3deg, center_angle=89.3deg, lidar=4.02m, visual=3.04m, goal=(8.21,1.10), handle=(9.08,1.99,1.00), handle_obs=True, handle_method=estimated, handle_conf=0.00
[state_machine_node-24] [INFO] [1790650950.298969932] [state_machine_node]: Fine door final yaw alignment: observed_blue_4p9_m1p4, dist=0.15m/0.17m, yaw_error=44deg, cmd=(0.00, -0.25)
[state_machine_node-24] [INFO] [1790650951.249708354] [state_machine_node]: Fine door final yaw alignment: observed_blue_4p9_m1p4, dist=0.16m/0.17m, yaw_error=42deg, cmd=(0.00, -0.25)
[door_detection_node-21] [INFO] [1790650951.443726914] [door_detection_node]: Side camera LiDAR range looks too long for the visible door; using visual range (source=front_left, lidar=3.94m, visual=2.77m)
[door_detection_node-21] [INFO] [1790650951.817910286] [door_detection_node]: 문 후보 발행: id=door_blue_50cef4, source=front_left, color=blue, dist=2.77m, conf=0.73, bbox=(13,33,71,202), rep_x=42, center_x=42, angle=96.8deg, center_angle=96.8deg, lidar=4.01m, visual=2.77m, goal=(7.29,0.36), handle=(8.29,1.11,1.00), handle_obs=True, handle_method=estimated, handle_conf=0.00
[state_machine_node-24] [INFO] [1790650952.201567702] [state_machine_node]: Fine door final yaw alignment: observed_blue_4p9_m1p4, dist=0.17m/0.17m, yaw_error=39deg, cmd=(0.00, -0.25)
[state_machine_node-24] [INFO] [1790650953.157681318] [state_machine_node]: Fine door final yaw alignment: observed_blue_4p9_m1p4, dist=0.18m/0.17m, yaw_error=31deg, cmd=(0.00, -0.25)
[door_detection_node-21] [INFO] [1790650953.696930938] [door_detection_node]: 문 후보 발행: id=door_blue_50cef4, source=front_left, color=blue, dist=2.82m, conf=0.43, bbox=(0,37,22,203), rep_x=11, center_x=11, angle=102.5deg, center_angle=102.5deg, lidar=4.42m, visual=2.82m, goal=(8.57,1.50), handle=(9.67,2.09,0.85), handle_obs=True, handle_method=hsv, handle_conf=0.50
[state_machine_node-24] [INFO] [1790650953.701149221] [state_machine_node]: Observed blue cluster id mapping for observed_blue_4p9_m1p4 ignored: mapped cluster drifted away from the current wall/handle target.
[state_machine_node-24] [INFO] [1790650953.702288091] [state_machine_node]: 문 접근 목표 보정: door_blue_50cef4 handle_axis=(9.67, 2.09) goal_axis=(9.67, 0.99) wall_axis=(9.67, 2.09) yaw=90deg
[state_machine_node-24] [INFO] [1790650954.130648107] [state_machine_node]: Fine door final yaw alignment: observed_blue_4p9_m1p4, dist=0.18m/0.17m, yaw_error=27deg, cmd=(0.00, -0.25)
[state_machine_node-24] [INFO] [1790650955.086568613] [state_machine_node]: Fine door final yaw alignment: observed_blue_4p9_m1p4, dist=0.15m/0.17m, yaw_error=24deg, cmd=(0.00, -0.25)
[door_detection_node-21] [INFO] [1790650956.010297553] [door_detection_node]: 문 후보 발행: id=door_blue_39bac3, source=front_right, color=blue, dist=1.04m, conf=1.00, bbox=(0,0,72,240), rep_x=36, center_x=36, angle=-42.1deg, center_angle=-42.1deg, lidar=1.10m, visual=1.95m, goal=(7.05,-1.37), handle=(5.85,-1.75,1.00), handle_obs=False, handle_method=estimated, handle_conf=0.00
[state_machine_node-24] [INFO] [1790650956.050301222] [state_machine_node]: Fine door final yaw alignment: observed_blue_4p9_m1p4, dist=0.16m/0.17m, yaw_error=17deg, cmd=(0.00, -0.22)
[state_machine_node-24] [INFO] [1790650956.991793154] [state_machine_node]: Fine door final yaw alignment: observed_blue_4p9_m1p4, dist=0.16m/0.17m, yaw_error=14deg, cmd=(0.00, -0.18)
[door_detection_node-21] [INFO] [1790650957.471717948] [door_detection_node]: Side camera visual fallback rejected (source=front_left, lidar=1.27m, visual=7.67m > 4.50m)
[state_machine_node-24] [INFO] [1790650957.950623037] [state_machine_node]: Fine door final yaw alignment: observed_blue_4p9_m1p4, dist=0.15m/0.17m, yaw_error=9deg, cmd=(0.00, -0.12)
[door_detection_node-21] [INFO] [1790650958.138432439] [door_detection_node]: HSV candidate rejected: color=blue, edge-clipped bbox=(123,0,320,240), width_ratio=0.62
[state_machine_node-24] [INFO] [1790650958.916452877] [state_machine_node]: Fine door final yaw alignment: observed_blue_4p9_m1p4, dist=0.13m/0.17m, yaw_error=6deg, cmd=(0.00, -0.08)
[state_machine_node-24] [INFO] [1790650959.878194296] [state_machine_node]: 문 앞 정렬 완료. 2.8s 정지 후 개방합니다.
[door_detection_node-21] [INFO] [1790650961.308815678] [door_detection_node]: HSV candidate rejected: color=blue, edge-clipped bbox=(95,0,320,240), width_ratio=0.70
[door_detection_node-21] [INFO] [1790650964.667935570] [door_detection_node]: HSV candidate rejected: color=blue, edge-clipped bbox=(95,0,320,240), width_ratio=0.70
[state_machine_node-24] [INFO] [1790650965.421559015] [state_machine_node]: Observed blue target observed_blue_4p9_m1p4 confirmed by current same-wall live blue evidence before opening (candidate=door_blue_a871a2, progress_gap=0.27/0.90, lateral_gap=0.14/0.48, conf=1.00/0.58).
[state_machine_node-24] [INFO] [1790650965.423959388] [state_machine_node]: Observed blue target observed_blue_4p9_m1p4 accepted for opening from recheckable mapped wall memory after close alignment (count=165, conf=1.00, progress_gap=0.22m, lateral_gap=0.30m).
[state_machine_node-24] [INFO] [1790650965.712959637] [state_machine_node]: State: NAVIGATING → OPENING_DOOR
[state_machine_node-24] [INFO] [1790650966.281759078] [state_machine_node]: 문 개방 요청 손잡이: id=observed_blue_4p9_m1p4__axis_p6p43_m1p96, method=yolo:primary:item, conf=0.49, frame=map, pos=(6.430,-1.962,0.814)
[navigation_visit_node-23] [INFO] [1790650966.284219498] [navigation_visit_node]: NAVIGATION_VISIT {"scope": "navigation_only", "physical_opening": false, "door_id": "observed_blue_4p9_m1p4__axis_p6p43_m1p96", "sim_time": 232.001, "robot": [6.308329632555202, -0.8017807358665059, -1.5843496412077656], "observed_handle": [6.429696360557182, -1.961908479002407, 0.8135808384715147], "distance_m": 1.1664588561366005, "bearing_error_rad": 0.11778912461149171}
[state_machine_node-24] [INFO] [1790650966.288327971] [state_machine_node]: Selected observation memory completed: observed_blue_4p9_m1p4; original candidate excluded after position refinement.
[state_machine_node-24] [INFO] [1790650966.294362989] [state_machine_node]: 열린 파란 문 재관측 후보 2개 정리. 다음 목표 선택에서 제외합니다.
[state_machine_node-24] [INFO] [1790650966.295398619] [state_machine_node]: 문 개방 성공: observed_blue_4p9_m1p4  누적 개방: 2개
[state_machine_node-24] [INFO] [1790650966.297812512] [state_machine_node]: State: OPENING_DOOR → DOOR_OPENED
[state_machine_node-24] [INFO] [1790650967.207897016] [state_machine_node]: 다음 파란 문 탐색 시작 (개방 완료: 2개)
[state_machine_node-24] [INFO] [1790650967.208735466] [state_machine_node]: State: DOOR_OPENED → EXPLORING
[door_detection_node-21] [INFO] [1790650967.424756253] [door_detection_node]: HSV candidate rejected: color=blue, edge-clipped bbox=(95,0,320,240), width_ratio=0.70
[state_machine_node-24] [INFO] [1790650968.101541284] [state_machine_node]: Post-open side retreat started: lateral=-0.80m, target_abs=0.48m.
[state_machine_node-24] [INFO] [1790650968.104085870] [state_machine_node]: Post-open side retreat: lateral=-0.80m, moved=0.00/1.10m, yaw_error=-179deg, cmd=(0.00, -0.50)
[state_machine_node-24] [INFO] [1790650969.115398406] [state_machine_node]: Post-open side retreat: lateral=-0.80m, moved=0.00/1.10m, yaw_error=-166deg, cmd=(0.00, -0.50)
[door_detection_node-21] [INFO] [1790650969.199107600] [door_detection_node]: 문 후보 발행: id=door_blue_3c91b6, source=front, color=blue, dist=1.08m, conf=1.00, bbox=(68,0,302,240), rep_x=185, center_x=185, angle=-6.1deg, center_angle=-6.1deg, lidar=1.07m, visual=1.95m, goal=(6.25,-1.09), handle=(6.46,-1.83,0.84), handle_obs=True, handle_method=yolo:primary:item, handle_conf=0.33
[state_machine_node-24] [INFO] [1790650969.207211406] [state_machine_node]: Blue candidate door_blue_3c91b6 ignored: physical/opened door station already handled nearby at (6.07, -1.86).
[planner_server-15] [INFO] [1790650970.508147833] [global_costmap.global_costmap]: StaticLayer: Resizing static layer to 320 X 88 at 0.050000 m/pix
[door_detection_node-21] [INFO] [1790650970.584402561] [door_detection_node]: HSV candidate rejected: color=blue, edge-clipped bbox=(0,0,205,240), width_ratio=0.64
[state_machine_node-24] [INFO] [1790650971.035509231] [state_machine_node]: Post-open side retreat: lateral=-0.81m, moved=0.00/1.10m, yaw_error=-144deg, cmd=(0.00, -0.50)
[door_detection_node-21] [INFO] [1790650971.859753440] [door_detection_node]: 문 후보 발행: id=door_blue_94754e, source=front_left, color=blue, dist=1.03m, conf=0.43, bbox=(285,141,320,240), rep_x=302, center_x=302, angle=38.7deg, center_angle=38.7deg, lidar=1.03m, visual=4.73m, goal=(5.39,-1.05), handle=(6.37,-1.83,1.00), handle_obs=False, handle_method=estimated, handle_conf=0.00
[state_machine_node-24] [INFO] [1790650972.923199191] [state_machine_node]: Blue candidate door_blue_5bc10a ignored: physical/opened door station already handled nearby at (5.91, -1.84).
[state_machine_node-24] [INFO] [1790650972.959139333] [state_machine_node]: Post-open side retreat: lateral=-0.80m, moved=0.00/1.10m, yaw_error=-126deg, cmd=(0.00, -0.50)
[door_detection_node-21] [INFO] [1790650973.811196672] [door_detection_node]: 문 후보 발행: id=door_blue_94754e, source=front_left, color=blue, dist=1.06m, conf=1.00, bbox=(180,0,320,240), rep_x=250, center_x=250, angle=49.0deg, center_angle=49.0deg, lidar=1.05m, visual=1.95m, goal=(5.53,-0.83), handle=(6.26,-1.85,1.00), handle_obs=False, handle_method=estimated, handle_conf=0.00
[door_detection_node-21] [INFO] [1790650974.368586514] [door_detection_node]: Side camera LiDAR range looks occluded; using visual range instead (source=front_right, lidar=2.07m, visual=4.07m)
[state_machine_node-24] [INFO] [1790650974.875714249] [state_machine_node]: Post-open side retreat: lateral=-0.81m, moved=0.00/1.10m, yaw_error=-109deg, cmd=(0.00, -0.50)
[door_detection_node-21] [INFO] [1790650975.299907818] [door_detection_node]: HSV candidate rejected: color=blue, edge-clipped bbox=(76,0,320,240), width_ratio=0.76
[door_detection_node-21] [INFO] [1790650976.457027499] [door_detection_node]: 문 후보 발행: id=door_blue_8a61bc, source=front_right, color=blue, dist=3.90m, conf=0.46, bbox=(70,53,112,173), rep_x=91, center_x=91, angle=-53.6deg, center_angle=-53.6deg, lidar=2.11m, visual=3.90m, goal=(3.73,0.59), handle=(3.49,1.82,1.00), handle_obs=True, handle_method=estimated, handle_conf=0.00
[state_machine_node-24] [INFO] [1790650976.462624771] [state_machine_node]: Blue candidate door_blue_8a61bc ignored: physical/opened door station already handled nearby at (3.49, 1.82).
[state_machine_node-24] [INFO] [1790650976.824807050] [state_machine_node]: Post-open side retreat: lateral=-0.86m, moved=0.00/1.10m, yaw_error=-88deg, cmd=(0.00, -0.50)
[planner_server-15] [INFO] [1790650978.508055097] [global_costmap.global_costmap]: StaticLayer: Resizing static layer to 320 X 88 at 0.050000 m/pix
[door_detection_node-21] [INFO] [1790650978.663451638] [door_detection_node]: 문 후보 발행: id=door_blue_801db8, source=front, color=blue, dist=3.66m, conf=0.57, bbox=(255,47,303,175), rep_x=279, center_x=279, angle=-27.0deg, center_angle=-27.0deg, lidar=2.10m, visual=3.66m, goal=(3.39,0.51), handle=(3.77,1.70,1.00), handle_obs=True, handle_method=estimated, handle_conf=0.00
[state_machine_node-24] [INFO] [1790650978.788916717] [state_machine_node]: Post-open side retreat: lateral=-0.90m, moved=0.00/1.10m, yaw_error=-65deg, cmd=(0.00, -0.50)
[state_machine_node-24] [INFO] [1790650979.613900343] [state_machine_node]: Blue candidate door_blue_fc1a76 ignored: physical/opened door station already handled nearby at (6.00, -1.90).
[door_detection_node-21] [INFO] [1790650980.225774197] [door_detection_node]: YOLO 후보 제외: source=front_right, edge-clipped bbox=(285,41,320,196)
[state_machine_node-24] [INFO] [1790650980.754433926] [state_machine_node]: Post-open side retreat: lateral=-0.91m, moved=0.00/1.10m, yaw_error=-46deg, cmd=(0.00, -0.50)
[door_detection_node-21] [INFO] [1790650980.919246558] [door_detection_node]: 문 후보 발행: id=door_blue_7bb12e, source=front, color=blue, dist=4.03m, conf=0.42, bbox=(153,54,194,170), rep_x=173, center_x=173, angle=-3.2deg, center_angle=-3.2deg, lidar=2.16m, visual=4.03m, goal=(4.55,0.84), handle=(3.47,1.88,1.00), handle_obs=True, handle_method=estimated, handle_conf=0.00
[state_machine_node-24] [INFO] [1790650982.699131129] [state_machine_node]: Post-open side retreat: lateral=-0.92m, moved=0.00/1.10m, yaw_error=-28deg, cmd=(0.00, -0.50)
[door_detection_node-21] [INFO] [1790650983.248543049] [door_detection_node]: 문 후보 발행: id=door_blue_04851a, source=front, color=blue, dist=3.97m, conf=0.54, bbox=(63,53,105,171), rep_x=84, center_x=84, angle=18.0deg, center_angle=18.0deg, lidar=2.24m, visual=3.97m, goal=(4.68,2.46), handle=(3.57,1.89,1.00), handle_obs=True, handle_method=estimated, handle_conf=0.00
[state_machine_node-24] [INFO] [1790650983.254995107] [state_machine_node]: Blue candidate door_blue_04851a ignored: physical/opened door station already handled nearby at (3.57, 1.89).
[state_machine_node-24] [INFO] [1790650984.660083617] [state_machine_node]: Post-open side retreat: lateral=-0.92m, moved=0.00/1.10m, yaw_error=-8deg, cmd=(0.18, -0.11)
[door_detection_node-21] [INFO] [1790650985.726563169] [door_detection_node]: Side camera LiDAR range looks occluded; using visual range instead (source=front_left, lidar=2.11m, visual=3.49m)
[door_detection_node-21] [INFO] [1790650986.074176381] [door_detection_node]: 문 후보 발행: id=door_blue_10483e, source=front_left, color=blue, dist=3.49m, conf=0.37, bbox=(258,45,306,179), rep_x=282, center_x=282, angle=42.5deg, center_angle=42.5deg, lidar=2.15m, visual=3.49m, goal=(4.98,1.60), handle=(3.74,1.48,1.00), handle_obs=True, handle_method=estimated, handle_conf=0.00
[state_machine_node-24] [INFO] [1790650986.643908161] [state_machine_node]: Post-open side retreat: lateral=-0.75m, moved=0.05/1.10m, yaw_error=-4deg, cmd=(0.18, -0.05)
[door_detection_node-21] [INFO] [1790650987.742878569] [door_detection_node]: Side camera LiDAR range looks occluded; using visual range instead (source=front_left, lidar=2.01m, visual=3.49m)
[door_detection_node-21] [INFO] [1790650988.182341825] [door_detection_node]: 문 후보 발행: id=door_blue_10483e, source=front_left, color=blue, dist=3.49m, conf=0.40, bbox=(232,46,277,180), rep_x=254, center_x=254, angle=48.1deg, center_angle=48.1deg, lidar=2.02m, visual=3.49m, goal=(4.88,1.59), handle=(3.63,1.54,1.00), handle_obs=True, handle_method=estimated, handle_conf=0.00
[state_machine_node-24] [INFO] [1790650988.188316726] [state_machine_node]: Blue candidate door_blue_10483e ignored: physical/opened door station already handled nearby at (3.63, 1.54).
[planner_server-15] [INFO] [1790650988.508116064] [global_costmap.global_costmap]: StaticLayer: Resizing static layer to 320 X 88 at 0.050000 m/pix
[state_machine_node-24] [INFO] [1790650988.615655025] [state_machine_node]: Post-open side retreat: lateral=-0.58m, moved=0.22/1.10m, yaw_error=-1deg, cmd=(0.18, -0.02)
[door_detection_node-21] [INFO] [1790650990.057968485] [door_detection_node]: 문 후보 발행: id=door_blue_69cd8c, source=front_left, color=blue, dist=3.30m, conf=0.35, bbox=(216,47,259,189), rep_x=237, center_x=237, angle=51.8deg, center_angle=51.8deg, lidar=1.98m, visual=3.30m, goal=(4.93,1.51), handle=(3.68,1.49,1.00), handle_obs=True, handle_method=estimated, handle_conf=0.00
[state_machine_node-24] [INFO] [1790650990.557417818] [state_machine_node]: Post-open side retreat complete: lateral=0.40m <= target=0.48m
[state_machine_node-24] [INFO] [1790650990.632124853] [state_machine_node]: 문 접근 목표 보정: observed_blue_9p1_2p0 handle_axis=(9.15, 1.98) goal_axis=(9.15, 0.88) wall_axis=(9.15, 1.98) yaw=90deg
[state_machine_node-24] [INFO] [1790650990.634726428] [state_machine_node]: 문 접근 목표 보정: observed_blue_8p2_1p3 handle_axis=(8.18, 1.26) goal_axis=(8.18, 0.16) wall_axis=(8.18, 1.26) yaw=90deg
[state_machine_node-24] [INFO] [1790650990.651942035] [state_machine_node]: 문 접근 목표 보정: observed_blue_9p1_2p0 handle_axis=(9.15, 1.98) goal_axis=(9.15, 0.88) wall_axis=(9.15, 1.98) yaw=90deg
[state_machine_node-24] [INFO] [1790650990.669124751] [state_machine_node]: 문 접근 목표 보정: observed_blue_8p2_1p3 handle_axis=(8.18, 1.26) goal_axis=(8.18, 0.16) wall_axis=(8.18, 1.26) yaw=90deg
[state_machine_node-24] [INFO] [1790650990.672989960] [state_machine_node]: 문 접근 목표 보정: observed_blue_9p1_2p0 handle_axis=(9.15, 1.98) goal_axis=(9.15, 0.88) wall_axis=(9.15, 1.98) yaw=90deg
[state_machine_node-24] [INFO] [1790650990.675572814] [state_machine_node]: 문 접근 목표 보정: observed_blue_8p2_1p3 handle_axis=(8.18, 1.26) goal_axis=(8.18, 0.16) wall_axis=(8.18, 1.26) yaw=90deg
[state_machine_node-24] [WARN] [1790650990.681436888] [state_machine_node]: Blue target observed_blue_9p1_2p0 retained for revisit: stable unopened blue memory must be checked before exit even when it is behind the farthest opened station.
[state_machine_node-24] [INFO] [1790650990.690502538] [state_machine_node]: 문 접근 목표 보정: observed_blue_8p2_1p3 handle_axis=(8.18, 1.26) goal_axis=(8.18, 0.16) wall_axis=(8.18, 1.26) yaw=90deg
[state_machine_node-24] [INFO] [1790650990.692282746] [state_machine_node]: 문 접근 목표 보정: observed_blue_8p2_1p3 handle_axis=(8.18, 1.26) goal_axis=(8.18, 0.16) wall_axis=(8.18, 1.26) yaw=90deg
[state_machine_node-24] [INFO] [1790650990.694257337] [state_machine_node]: LiDAR+camera segment map 사전 스캔 시작: observed_blue_8p2_1p3
[state_machine_node-24] [INFO] [1790650991.550978271] [state_machine_node]: 문 접근 목표 보정: observed_blue_9p1_2p0 handle_axis=(9.15, 1.98) goal_axis=(9.15, 0.88) wall_axis=(9.15, 1.98) yaw=90deg
[state_machine_node-24] [INFO] [1790650991.553682630] [state_machine_node]: 문 접근 목표 보정: observed_blue_8p2_1p3 handle_axis=(8.18, 1.26) goal_axis=(8.18, 0.16) wall_axis=(8.18, 1.26) yaw=90deg
[door_detection_node-21] [INFO] [1790650991.574979638] [door_detection_node]: Side camera LiDAR range looks occluded; using visual range instead (source=front_left, lidar=1.93m, visual=3.16m)
[door_detection_node-21] [INFO] [1790650992.013750188] [door_detection_node]: 문 후보 발행: id=door_blue_69cd8c, source=front_left, color=blue, dist=3.16m, conf=0.32, bbox=(207,46,248,194), rep_x=227, center_x=227, angle=54.0deg, center_angle=54.0deg, lidar=1.89m, visual=3.16m, goal=(4.98,1.45), handle=(3.73,1.43,1.00), handle_obs=True, handle_method=estimated, handle_conf=0.00
[state_machine_node-24] [INFO] [1790650992.020615565] [state_machine_node]: Blue candidate door_blue_69cd8c ignored: physical/opened door station already handled nearby at (3.73, 1.43).
[state_machine_node-24] [INFO] [1790650992.522785212] [state_machine_node]: 문 접근 목표 보정: observed_blue_9p1_2p0 handle_axis=(9.15, 1.98) goal_axis=(9.15, 0.88) wall_axis=(9.15, 1.98) yaw=90deg
[state_machine_node-24] [INFO] [1790650992.525154270] [state_machine_node]: 문 접근 목표 보정: observed_blue_8p2_1p3 handle_axis=(8.18, 1.26) goal_axis=(8.18, 0.16) wall_axis=(8.18, 1.26) yaw=90deg
[state_machine_node-24] [INFO] [1790650993.483199380] [state_machine_node]: 문 접근 목표 보정: observed_blue_9p1_2p0 handle_axis=(9.15, 1.98) goal_axis=(9.15, 0.88) wall_axis=(9.15, 1.98) yaw=90deg
[state_machine_node-24] [INFO] [1790650993.486484905] [state_machine_node]: 문 접근 목표 보정: observed_blue_8p2_1p3 handle_axis=(8.18, 1.26) goal_axis=(8.18, 0.16) wall_axis=(8.18, 1.26) yaw=90deg
[state_machine_node-24] [INFO] [1790650993.488862849] [state_machine_node]: 사전 스캔 완료. Nav2가 segment map 기반 경로를 계획합니다: observed_blue_8p2_1p3
[state_machine_node-24] [INFO] [1790650993.512577706] [state_machine_node]: Locked blue target after pre-scan: observed_blue_8p2_1p3 opened=2 retry=0/2
[state_machine_node-24] [INFO] [1790650993.513470403] [state_machine_node]: State: EXPLORING → NAVIGATING
[navigation_node-22] [INFO] [1790650993.515483887] [navigation_node]: Navigation goal received: door observed_blue_8p2_1p3 (color=blue, frame=map, x=8.18, y=0.16)
[bt_navigator-17] [INFO] [1790650993.642262813] [bt_navigator]: Begin navigating from current location (6.32, -0.39) to (8.18, 0.16)
[navigation_node-22] [INFO] [1790650993.645199397] [navigation_node]: Navigation goal accepted by Nav2
[controller_server-13] [INFO] [1790650993.843991290] [controller_server]: Received a goal, begin computing control effort.
[door_detection_node-21] [INFO] [1790650993.911744801] [door_detection_node]: 문 후보 발행: id=door_blue_69cd8c, source=front_left, color=blue, dist=3.16m, conf=0.32, bbox=(207,46,248,194), rep_x=227, center_x=227, angle=54.0deg, center_angle=54.0deg, lidar=1.90m, visual=3.16m, goal=(4.98,1.45), handle=(3.73,1.43,1.00), handle_obs=True, handle_method=estimated, handle_conf=0.00
[state_machine_node-24] [INFO] [1790650994.910824811] [state_machine_node]: 문 접근 목표 보정: door_blue_8a61bc handle_axis=(8.94, 1.72) goal_axis=(8.94, 0.62) wall_axis=(8.94, 1.72) yaw=90deg
[state_machine_node-24] [INFO] [1790650994.913981395] [state_machine_node]: 문 접근 목표 보정: door_blue_8a61bc handle_axis=(8.94, 1.72) goal_axis=(8.94, 0.62) wall_axis=(8.94, 1.72) yaw=90deg
[state_machine_node-24] [INFO] [1790650994.918479819] [state_machine_node]: Live blue confirmation (5.3, -1.1) rejected: same-wall blue observation is inside the opened-door remnant window (opened_progress=6.4m, gap=-1.1m, window=2.4m).
[state_machine_node-24] [WARN] [1790650994.920940388] [state_machine_node]: Locked blue target refined from newer observation: observed_blue_8p2_1p3 -> observed_blue_8p2_1p3, goal shift=0.89m, identity=(8.18,1.26) -> (8.94,1.72)
[navigation_node-22] [INFO] [1790650994.922526861] [navigation_node]: Navigation goal received: door observed_blue_8p2_1p3 (color=blue, frame=map, x=8.94, y=0.62)
[navigation_node-22] [WARN] [1790650994.923484707] [navigation_node]: Already navigating. Preempting current goal without an explicit stop before retargeting to: observed_blue_8p2_1p3
[navigation_node-22] [INFO] [1790650995.049410477] [navigation_node]: Navigation goal accepted by Nav2
[bt_navigator-17] [INFO] [1790650995.143983057] [bt_navigator]: Received goal preemption request
[bt_navigator-17] [INFO] [1790650995.144384727] [bt_navigator]: Begin navigating from current location (6.32, -0.39) to (8.94, 0.62)
[controller_server-13] [INFO] [1790650995.219732683] [controller_server]: Passing new path to controller.
[door_detection_node-21] [INFO] [1790650995.378442466] [door_detection_node]: Side camera LiDAR range looks occluded; using visual range instead (source=front_left, lidar=1.92m, visual=3.16m)
[door_detection_node-21] [INFO] [1790650995.761499781] [door_detection_node]: 문 후보 발행: id=door_blue_69cd8c, source=front_left, color=blue, dist=3.16m, conf=0.30, bbox=(206,46,248,194), rep_x=227, center_x=227, angle=54.0deg, center_angle=54.0deg, lidar=3.44m, visual=3.16m, goal=(4.99,1.45), handle=(3.74,1.43,1.00), handle_obs=True, handle_method=estimated, handle_conf=0.00
[state_machine_node-24] [INFO] [1790650995.767158247] [state_machine_node]: Blue candidate door_blue_69cd8c ignored: physical/opened door station already handled nearby at (3.74, 1.43).
[controller_server-13] [INFO] [1790650996.471785001] [controller_server]: Passing new path to controller.
[door_detection_node-21] [INFO] [1790650996.745364594] [door_detection_node]: Side camera LiDAR range looks too long for the visible door; using visual range (source=front_right, lidar=3.78m, visual=2.50m)
[door_detection_node-21] [INFO] [1790650997.131062793] [door_detection_node]: Side camera visual fallback rejected (source=front_right, lidar=1.44m, visual=5.03m > 4.50m)
[state_machine_node-24] [INFO] [1790650997.131445190] [state_machine_node]: Direct blue target door_blue_409186 will use stable wall-memory handle at (8.2, 1.3); progress_gap=0.20m, dist=0.30m, count=6, conf=0.74.
[state_machine_node-24] [INFO] [1790650997.131943494] [state_machine_node]: 문 접근 목표 보정: door_blue_409186 handle_axis=(8.18, 1.26) goal_axis=(8.18, 0.16) wall_axis=(8.18, 1.26) yaw=90deg
[state_machine_node-24] [INFO] [1790650997.145497718] [state_machine_node]: 문 접근 목표 보정: door_blue_409186 handle_axis=(8.18, 1.26) goal_axis=(8.18, 0.16) wall_axis=(8.18, 1.26) yaw=90deg
[controller_server-13] [INFO] [1790650997.844696330] [controller_server]: Passing new path to controller.
[door_detection_node-21] [INFO] [1790650998.145637760] [door_detection_node]: 문 후보 발행: id=door_blue_2ae92f, source=front_left, color=blue, dist=3.54m, conf=0.37, bbox=(74,49,114,191), rep_x=94, center_x=94, angle=85.8deg, center_angle=85.8deg, lidar=1.40m, visual=3.30m, goal=(4.52,1.09), handle=(3.46,1.75,1.00), handle_obs=True, handle_method=estimated, handle_conf=0.00
[controller_server-13] [INFO] [1790650999.094715669] [controller_server]: Passing new path to controller.
[door_detection_node-21] [INFO] [1790650999.318158162] [door_detection_node]: Side camera LiDAR range looks occluded; using visual range instead (source=front_left, lidar=1.49m, visual=2.92m)
[door_detection_node-21] [INFO] [1790650999.326576088] [door_detection_node]: YOLO 후보 제외: source=front_left, edge-clipped bbox=(0,36,30,196)
[door_detection_node-21] [INFO] [1790651000.058204718] [door_detection_node]: 문 후보 발행: id=door_blue_db2b67, source=front, color=blue, dist=3.39m, conf=0.55, bbox=(175,31,219,204), rep_x=197, center_x=197, angle=-9.0deg, center_angle=-9.0deg, lidar=3.40m, visual=2.71m, goal=(8.42,2.65), handle=(9.27,1.74,1.00), handle_obs=True, handle_method=estimated, handle_conf=0.00
[state_machine_node-24] [INFO] [1790651000.067780127] [state_machine_node]: 문 접근 목표 보정: door_blue_db2b67 handle_axis=(9.27, 1.74) goal_axis=(9.27, 0.64) wall_axis=(9.27, 1.74) yaw=90deg
[state_machine_node-24] [INFO] [1790651000.070548671] [state_machine_node]: Locked blue target refine skipped: door_blue_db2b67 total drift progress=1.09m, xy=1.19m > 1.05m from locked anchor
[controller_server-13] [INFO] [1790651000.344719487] [controller_server]: Passing new path to controller.
[door_detection_node-21] [INFO] [1790651000.699202004] [door_detection_node]: YOLO 후보 제외: source=front_right, far small dist=6.06m, conf=0.40, bbox=(109,74,128,164)
[controller_server-13] [INFO] [1790651001.719699222] [controller_server]: Passing new path to controller.
[door_detection_node-21] [INFO] [1790651002.067812476] [door_detection_node]: 문 후보 발행: id=door_blue_db2b67, source=front, color=blue, dist=3.10m, conf=0.65, bbox=(143,24,192,211), rep_x=167, center_x=167, angle=-1.7deg, center_angle=-1.7deg, lidar=3.06m, visual=2.50m, goal=(7.93,0.94), handle=(9.15,1.82,1.00), handle_obs=True, handle_method=estimated, handle_conf=0.00
[state_machine_node-24] [INFO] [1790651002.076708290] [state_machine_node]: 문 접근 목표 보정: door_blue_db2b67 handle_axis=(9.15, 1.82) goal_axis=(9.15, 0.72) wall_axis=(9.15, 1.82) yaw=90deg
[state_machine_node-24] [INFO] [1790651002.079299582] [state_machine_node]: Locked blue target refine skipped: door_blue_db2b67 total drift progress=0.97m, xy=1.11m > 1.05m from locked anchor
[planner_server-15] [INFO] [1790651002.508022604] [global_costmap.global_costmap]: StaticLayer: Resizing static layer to 322 X 88 at 0.050000 m/pix
[controller_server-13] [INFO] [1790651002.969704577] [controller_server]: Passing new path to controller.
[state_machine_node-24] [INFO] [1790651003.431573406] [state_machine_node]: 문 접근 목표 보정: door_blue_04851a handle_axis=(9.10, 1.79) goal_axis=(9.10, 0.69) wall_axis=(9.10, 1.79) yaw=90deg
[planner_server-15] [INFO] [1790651003.508109508] [global_costmap.global_costmap]: StaticLayer: Resizing static layer to 330 X 88 at 0.050000 m/pix
[controller_server-13] [INFO] [1790651004.219717162] [controller_server]: Passing new path to controller.
[door_detection_node-21] [INFO] [1790651004.716035814] [door_detection_node]: 문 후보 발행: id=door_blue_fed083, source=front_right, color=blue, dist=5.72m, conf=0.53, bbox=(73,68,95,166), rep_x=84, center_x=84, angle=-52.0deg, center_angle=-52.0deg, lidar=5.47m, visual=4.78m, goal=(11.57,-0.94), handle=(12.18,-2.03,1.00), handle_obs=False, handle_method=estimated, handle_conf=0.00
[controller_server-13] [INFO] [1790651005.469771997] [controller_server]: Passing new path to controller.
[state_machine_node-24] [INFO] [1790651005.864877405] [state_machine_node]: 문 접근 목표 보정: door_blue_04851a handle_axis=(9.12, 1.86) goal_axis=(9.12, 0.76) wall_axis=(9.12, 1.86) yaw=90deg
[state_machine_node-24] [INFO] [1790651005.867384673] [state_machine_node]: Locked blue target refine skipped: door_blue_04851a total drift progress=0.93m, xy=1.11m > 1.05m from locked anchor
[planner_server-15] [INFO] [1790651006.508045367] [global_costmap.global_costmap]: StaticLayer: Resizing static layer to 332 X 88 at 0.050000 m/pix
[controller_server-13] [INFO] [1790651006.719719877] [controller_server]: Passing new path to controller.
[door_detection_node-21] [INFO] [1790651007.121812994] [door_detection_node]: 문 후보 발행: id=door_blue_53fd86, source=front_right, color=blue, dist=5.72m, conf=0.57, bbox=(49,65,74,170), rep_x=61, center_x=61, angle=-47.1deg, center_angle=-47.1deg, lidar=5.51m, visual=4.46m, goal=(11.93,-0.87), handle=(12.41,-2.02,1.00), handle_obs=True, handle_method=estimated, handle_conf=0.00
[planner_server-15] [INFO] [1790651007.508047793] [global_costmap.global_costmap]: StaticLayer: Resizing static layer to 338 X 88 at 0.050000 m/pix
[controller_server-13] [INFO] [1790651007.969701748] [controller_server]: Passing new path to controller.
[state_machine_node-24] [INFO] [1790651008.168786415] [state_machine_node]: 문 접근 목표 보정: door_blue_b560b3 handle_axis=(9.09, 1.88) goal_axis=(9.09, 0.78) wall_axis=(9.09, 1.88) yaw=90deg
[state_machine_node-24] [INFO] [1790651008.169840432] [state_machine_node]: Locked blue target refine skipped: door_blue_b560b3 total drift progress=0.91m, xy=1.10m > 1.05m from locked anchor
[controller_server-13] [INFO] [1790651009.346576034] [controller_server]: Passing new path to controller.
[door_detection_node-21] [INFO] [1790651009.408566233] [door_detection_node]: 문 후보 발행: id=door_blue_53fd86, source=front_right, color=blue, dist=5.48m, conf=0.59, bbox=(26,62,53,174), rep_x=39, center_x=39, angle=-42.7deg, center_angle=-42.7deg, lidar=5.25m, visual=4.18m, goal=(12.02,-0.80), handle=(12.36,-2.00,1.00), handle_obs=True, handle_method=estimated, handle_conf=0.00
[planner_server-15] [INFO] [1790651009.508064938] [global_costmap.global_costmap]: StaticLayer: Resizing static layer to 339 X 88 at 0.050000 m/pix
[door_detection_node-21] [INFO] [1790651010.062620796] [door_detection_node]: YOLO 후보 제외: source=front, edge-clipped bbox=(0,0,76,240)
[controller_server-13] [INFO] [1790651010.469761759] [controller_server]: Passing new path to controller.
[planner_server-15] [INFO] [1790651010.508169572] [global_costmap.global_costmap]: StaticLayer: Resizing static layer to 344 X 88 at 0.050000 m/pix
[door_detection_node-21] [INFO] [1790651011.485349469] [door_detection_node]: 문 후보 발행: id=door_blue_53fd86, source=front_right, color=blue, dist=5.27m, conf=0.55, bbox=(16,58,46,177), rep_x=31, center_x=31, angle=-41.1deg, center_angle=-41.1deg, lidar=5.21m, visual=3.93m, goal=(12.10,-0.71), handle=(12.39,-1.92,1.00), handle_obs=True, handle_method=estimated, handle_conf=0.00
[controller_server-13] [INFO] [1790651011.719702979] [controller_server]: Passing new path to controller.
[door_detection_node-21] [INFO] [1790651012.104327399] [door_detection_node]: YOLO 후보 제외: source=front, edge-clipped bbox=(0,0,49,240)
[controller_server-13] [INFO] [1790651012.846572804] [controller_server]: Passing new path to controller.
[door_detection_node-21] [INFO] [1790651013.121187696] [door_detection_node]: 문 후보 발행: id=door_blue_94754e, source=front_left, color=blue, dist=1.84m, conf=0.55, bbox=(269,0,319,240), rep_x=294, center_x=294, angle=40.2deg, center_angle=40.2deg, lidar=1.71m, visual=1.95m, goal=(9.32,0.76), handle=(9.10,1.99,1.00), handle_obs=False, handle_method=estimated, handle_conf=0.00
[state_machine_node-24] [INFO] [1790651013.129580232] [state_machine_node]: 문 접근 목표 보정: door_blue_94754e handle_axis=(9.10, 1.99) goal_axis=(9.10, 0.89) wall_axis=(9.10, 1.99) yaw=90deg
[state_machine_node-24] [INFO] [1790651013.132559145] [state_machine_node]: Locked blue target refine skipped: door_blue_94754e total drift progress=0.91m, xy=1.17m > 1.05m from locked anchor
[planner_server-15] [INFO] [1790651013.508164069] [global_costmap.global_costmap]: StaticLayer: Resizing static layer to 345 X 88 at 0.050000 m/pix
[controller_server-13] [INFO] [1790651014.219705618] [controller_server]: Passing new path to controller.
[planner_server-15] [INFO] [1790651014.508158594] [global_costmap.global_costmap]: StaticLayer: Resizing static layer to 348 X 88 at 0.050000 m/pix
[door_detection_node-21] [INFO] [1790651014.881049351] [door_detection_node]: 문 후보 발행: id=door_blue_94754e, source=front_left, color=blue, dist=1.78m, conf=1.00, bbox=(213,0,320,240), rep_x=266, center_x=266, angle=45.6deg, center_angle=45.6deg, lidar=1.77m, visual=1.95m, goal=(9.40,0.76), handle=(9.26,2.00,1.00), handle_obs=True, handle_method=estimated, handle_conf=0.00
[state_machine_node-24] [INFO] [1790651014.890507435] [state_machine_node]: 문 접근 목표 보정: door_blue_94754e handle_axis=(9.26, 2.00) goal_axis=(9.26, 0.90) wall_axis=(9.26, 2.00) yaw=90deg
[controller_server-13] [INFO] [1790651015.469694981] [controller_server]: Passing new path to controller.
[planner_server-15] [INFO] [1790651015.508228552] [global_costmap.global_costmap]: StaticLayer: Resizing static layer to 352 X 88 at 0.050000 m/pix
[door_detection_node-21] [INFO] [1790651016.743853879] [door_detection_node]: 문 후보 발행: id=door_blue_f5cbce, source=front_left, color=blue, dist=1.60m, conf=1.00, bbox=(145,0,296,240), rep_x=220, center_x=220, angle=55.6deg, center_angle=55.6deg, lidar=1.56m, visual=1.95m, goal=(9.85,0.78), handle=(9.79,2.03,0.82), handle_obs=True, handle_method=yolo:primary:item, handle_conf=0.59
[state_machine_node-24] [INFO] [1790651016.752433732] [state_machine_node]: 문 접근 목표 보정: door_blue_f5cbce handle_axis=(9.79, 2.03) goal_axis=(9.79, 0.93) wall_axis=(9.79, 2.03) yaw=90deg
[state_machine_node-24] [INFO] [1790651016.755192981] [state_machine_node]: Locked blue target refine skipped: door_blue_f5cbce total drift progress=1.07m, xy=1.30m > 1.05m from locked anchor
[controller_server-13] [INFO] [1790651016.845055122] [controller_server]: Passing new path to controller.
[planner_server-15] [INFO] [1790651017.508012864] [global_costmap.global_costmap]: StaticLayer: Resizing static layer to 356 X 88 at 0.050000 m/pix
[state_machine_node-24] [INFO] [1790651017.570106531] [state_machine_node]: Nav2 door goal position is near, but yaw is not ready yet: observed_blue_8p2_1p3, dist=0.38m/0.38m, lateral=-0.02m/0.24m, yaw_error=88deg.
[controller_server-13] [INFO] [1790651018.094719484] [controller_server]: Passing new path to controller.
[door_detection_node-21] [INFO] [1790651018.448913139] [door_detection_node]: 문 후보 발행: id=door_blue_f5cbce, source=front_left, color=blue, dist=1.40m, conf=1.00, bbox=(92,0,257,240), rep_x=174, center_x=174, angle=66.6deg, center_angle=66.6deg, lidar=1.44m, visual=1.95m, goal=(9.72,0.80), handle=(9.70,2.05,0.83), handle_obs=True, handle_method=yolo:primary:item, handle_conf=0.69
[state_machine_node-24] [INFO] [1790651018.458714840] [state_machine_node]: 문 접근 목표 보정: door_blue_f5cbce handle_axis=(9.70, 2.05) goal_axis=(9.70, 0.95) wall_axis=(9.70, 2.05) yaw=90deg
[state_machine_node-24] [INFO] [1790651018.462698089] [state_machine_node]: 문 접근 목표 보정: door_blue_f5cbce handle_axis=(9.70, 2.05) goal_axis=(9.70, 0.95) wall_axis=(9.70, 2.05) yaw=90deg
[state_machine_node-24] [INFO] [1790651018.467610265] [state_machine_node]: Live blue confirmation (5.3, -1.1) rejected: same-wall blue observation is inside the opened-door remnant window (opened_progress=6.4m, gap=-1.1m, window=2.4m).
[state_machine_node-24] [WARN] [1790651018.470636426] [state_machine_node]: Locked blue target refined from newer observation: observed_blue_8p2_1p3 -> observed_blue_8p2_1p3, goal shift=0.83m, identity=(8.94,1.72) -> (9.13,1.93)
[navigation_node-22] [INFO] [1790651018.472560736] [navigation_node]: Navigation goal received: door observed_blue_8p2_1p3 (color=blue, frame=map, x=9.70, y=0.95)
[navigation_node-22] [WARN] [1790651018.473563509] [navigation_node]: Already navigating. Preempting current goal without an explicit stop before retargeting to: observed_blue_8p2_1p3
[planner_server-15] [INFO] [1790651018.508048692] [global_costmap.global_costmap]: StaticLayer: Resizing static layer to 358 X 88 at 0.050000 m/pix
[navigation_node-22] [INFO] [1790651018.613106837] [navigation_node]: Navigation goal accepted by Nav2
[bt_navigator-17] [INFO] [1790651018.642742038] [bt_navigator]: Received goal preemption request
[bt_navigator-17] [INFO] [1790651018.643487878] [bt_navigator]: Begin navigating from current location (8.68, 0.64) to (9.70, 0.95)
[controller_server-13] [INFO] [1790651019.344725598] [controller_server]: Passing new path to controller.
[planner_server-15] [INFO] [1790651019.508075721] [global_costmap.global_costmap]: StaticLayer: Resizing static layer to 360 X 88 at 0.050000 m/pix
[door_detection_node-21] [INFO] [1790651020.173046915] [door_detection_node]: 문 후보 발행: id=door_blue_a809f7, source=front_left, color=blue, dist=1.31m, conf=1.00, bbox=(47,0,226,240), rep_x=136, center_x=136, angle=75.9deg, center_angle=75.9deg, lidar=1.30m, visual=1.95m, goal=(9.62,0.82), handle=(9.65,2.07,0.83), handle_obs=True, handle_method=yolo:primary:item, handle_conf=0.69
[state_machine_node-24] [INFO] [1790651020.178150072] [state_machine_node]: Observed blue cluster id mapping for observed_blue_8p2_1p3 ignored: mapped cluster drifted away from the current wall/handle target.
[state_machine_node-24] [INFO] [1790651020.185112926] [state_machine_node]: 문 접근 목표 보정: door_blue_a809f7 handle_axis=(9.65, 2.07) goal_axis=(9.65, 0.97) wall_axis=(9.65, 2.07) yaw=90deg
[state_machine_node-24] [INFO] [1790651020.188549167] [state_machine_node]: 문 접근 목표 보정: door_blue_a809f7 handle_axis=(9.65, 2.07) goal_axis=(9.65, 0.97) wall_axis=(9.65, 2.07) yaw=90deg
[door_detection_node-21] [INFO] [1790651020.606387391] [door_detection_node]: Side camera LiDAR range looks too long for the visible door; using visual range (source=front_right, lidar=4.39m, visual=3.18m)
[door_detection_node-21] [INFO] [1790651020.613367197] [door_detection_node]: YOLO 후보 제외: source=front_right, edge-clipped bbox=(0,45,33,192)
[controller_server-13] [INFO] [1790651020.719941964] [controller_server]: Passing new path to controller.
[planner_server-15] [INFO] [1790651021.508101484] [global_costmap.global_costmap]: StaticLayer: Resizing static layer to 364 X 88 at 0.050000 m/pix
[door_detection_node-21] [INFO] [1790651021.839095932] [door_detection_node]: 문 후보 발행: id=door_blue_a809f7, source=front_left, color=blue, dist=1.29m, conf=1.00, bbox=(47,0,242,240), rep_x=144, center_x=144, angle=73.9deg, center_angle=73.9deg, lidar=1.26m, visual=1.95m, goal=(9.79,0.76), handle=(9.60,2.00,0.82), handle_obs=True, handle_method=yolo:primary:item, handle_conf=0.73
[state_machine_node-24] [INFO] [1790651021.851029997] [state_machine_node]: 문 접근 목표 보정: door_blue_a809f7 handle_axis=(9.60, 2.00) goal_axis=(9.60, 0.90) wall_axis=(9.60, 2.00) yaw=90deg
[state_machine_node-24] [INFO] [1790651021.854727856] [state_machine_node]: 문 접근 목표 보정: door_blue_a809f7 handle_axis=(9.60, 2.00) goal_axis=(9.60, 0.90) wall_axis=(9.60, 2.00) yaw=90deg
[controller_server-13] [INFO] [1790651021.969716563] [controller_server]: Passing new path to controller.
[planner_server-15] [INFO] [1790651022.508135880] [global_costmap.global_costmap]: StaticLayer: Resizing static layer to 365 X 88 at 0.050000 m/pix
[controller_server-13] [INFO] [1790651023.344803292] [controller_server]: Passing new path to controller.
[planner_server-15] [INFO] [1790651023.508126859] [global_costmap.global_costmap]: StaticLayer: Resizing static layer to 367 X 88 at 0.050000 m/pix
[door_detection_node-21] [INFO] [1790651023.513175721] [door_detection_node]: 문 후보 발행: id=door_blue_a809f7, source=front_left, color=blue, dist=1.19m, conf=1.00, bbox=(34,0,245,240), rep_x=139, center_x=139, angle=75.1deg, center_angle=75.1deg, lidar=1.20m, visual=1.95m, goal=(9.98,0.83), handle=(9.63,2.03,0.83), handle_obs=True, handle_method=yolo:primary:item, handle_conf=0.75
[state_machine_node-24] [INFO] [1790651023.518909237] [state_machine_node]: Observed blue cluster id mapping for observed_blue_8p2_1p3 ignored: mapped cluster drifted away from the current wall/handle target.
[state_machine_node-24] [INFO] [1790651023.525734876] [state_machine_node]: 문 접근 목표 보정: door_blue_a809f7 handle_axis=(9.63, 2.03) goal_axis=(9.63, 0.93) wall_axis=(9.63, 2.03) yaw=90deg
[state_machine_node-24] [INFO] [1790651023.529318932] [state_machine_node]: 문 접근 목표 보정: door_blue_a809f7 handle_axis=(9.63, 2.03) goal_axis=(9.63, 0.93) wall_axis=(9.63, 2.03) yaw=90deg
[planner_server-15] [INFO] [1790651024.508100281] [global_costmap.global_costmap]: StaticLayer: Resizing static layer to 369 X 88 at 0.050000 m/pix
[controller_server-13] [INFO] [1790651024.594704710] [controller_server]: Passing new path to controller.
[door_detection_node-21] [INFO] [1790651025.227182127] [door_detection_node]: 문 후보 발행: id=door_blue_a809f7, source=front_left, color=blue, dist=1.16m, conf=1.00, bbox=(34,0,254,240), rep_x=144, center_x=144, angle=73.9deg, center_angle=73.9deg, lidar=1.16m, visual=1.95m, goal=(10.05,0.75), handle=(9.55,1.90,0.83), handle_obs=True, handle_method=yolo:primary:item, handle_conf=0.67
[state_machine_node-24] [INFO] [1790651025.239809454] [state_machine_node]: 문 접근 목표 보정: door_blue_a809f7 handle_axis=(9.55, 1.90) goal_axis=(9.55, 0.80) wall_axis=(9.55, 1.90) yaw=90deg
[state_machine_node-24] [INFO] [1790651025.243648546] [state_machine_node]: 문 접근 목표 보정: door_blue_a809f7 handle_axis=(9.55, 1.90) goal_axis=(9.55, 0.80) wall_axis=(9.55, 1.90) yaw=90deg
[state_machine_node-24] [WARN] [1790651025.244994302] [state_machine_node]: Locked blue target refined from newer observation: observed_blue_8p2_1p3 -> observed_blue_8p2_1p3, goal shift=0.22m, identity=(9.13,1.93) -> (9.15,1.87)
[navigation_node-22] [INFO] [1790651025.246811220] [navigation_node]: Navigation goal received: door observed_blue_8p2_1p3 (color=blue, frame=map, x=9.55, y=0.80)
[navigation_node-22] [INFO] [1790651025.247634317] [navigation_node]: Ignoring duplicate navigation target for active door: observed_blue_8p2_1p3
[planner_server-15] [INFO] [1790651025.508085767] [global_costmap.global_costmap]: StaticLayer: Resizing static layer to 370 X 88 at 0.050000 m/pix
[state_machine_node-24] [INFO] [1790651025.768813654] [state_machine_node]: Nav2 goal is close enough for fine door alignment: observed_blue_8p2_1p3, dist=0.16m/0.38m, lateral=-0.03m/0.24m, yaw_error=65deg.
[state_machine_node-24] [INFO] [1790651025.770417333] [state_machine_node]: Nav2 goal cancellation requested before door fine alignment.
[navigation_node-22] [INFO] [1790651025.771540174] [navigation_node]: Navigation cancellation requested for manual control handoff.
[state_machine_node-24] [INFO] [1790651025.843251799] [state_machine_node]: Fine door approach started: observed_blue_8p2_1p3, dist=0.16m, lateral=-0.03m, forward=0.16m, yaw_error=65deg
[state_machine_node-24] [INFO] [1790651025.844343256] [state_machine_node]: Fine door final yaw alignment: observed_blue_8p2_1p3, dist=0.16m/0.17m, yaw_error=65deg, cmd=(0.00, 0.25)
[controller_server-13] [INFO] [1790651025.844752376] [controller_server]: Goal was canceled. Stopping the robot.
[controller_server-13] [INFO] [1790651025.844816535] [controller_server]: [follow_path] [ActionServer] Client requested to cancel the goal. Cancelling.
[bt_navigator-17] [INFO] [1790651025.845357105] [bt_navigator]: [navigate_to_pose] [ActionServer] Client requested to cancel the goal. Cancelling.
[bt_navigator-17] [INFO] [1790651025.845650585] [bt_navigator]: Goal canceled
[door_detection_node-21] [INFO] [1790651026.147880920] [door_detection_node]: Side camera visual fallback rejected (source=front_right, lidar=1.13m, visual=7.80m > 4.50m)
[state_machine_node-24] [INFO] [1790651026.836404563] [state_machine_node]: Fine door final yaw alignment: observed_blue_8p2_1p3, dist=0.20m/0.17m, yaw_error=59deg, cmd=(0.00, 0.25)
[door_detection_node-21] [INFO] [1790651027.003651646] [door_detection_node]: 문 후보 발행: id=door_blue_f5cbce, source=front_left, color=blue, dist=1.12m, conf=1.00, bbox=(60,0,287,240), rep_x=173, center_x=173, angle=66.8deg, center_angle=66.8deg, lidar=1.13m, visual=1.95m, goal=(10.33,1.11), handle=(9.66,2.17,0.81), handle_obs=True, handle_method=yolo:primary:item, handle_conf=0.38
[state_machine_node-24] [INFO] [1790651027.860091540] [state_machine_node]: Fine door final yaw alignment: observed_blue_8p2_1p3, dist=0.19m/0.17m, yaw_error=55deg, cmd=(0.00, 0.25)
[door_detection_node-21] [INFO] [1790651028.411598934] [door_detection_node]: HSV candidate rejected: color=blue, edge-clipped bbox=(102,0,320,240), width_ratio=0.68
[door_detection_node-21] [INFO] [1790651028.796618842] [door_detection_node]: YOLO 후보 제외: source=front, far small dist=5.75m, conf=0.34, bbox=(283,71,300,165)
[state_machine_node-24] [INFO] [1790651028.871094622] [state_machine_node]: Fine door final yaw alignment: observed_blue_8p2_1p3, dist=0.19m/0.17m, yaw_error=50deg, cmd=(0.00, 0.25)
[door_detection_node-21] [INFO] [1790651029.860096049] [door_detection_node]: 문 후보 발행: id=door_blue_f8e8ad, source=front_right, color=blue, dist=3.86m, conf=0.57, bbox=(206,47,256,194), rep_x=231, center_x=231, angle=-86.9deg, center_angle=-86.9deg, lidar=3.97m, visual=3.18m, goal=(11.36,-0.97), handle=(12.24,-1.86,1.00), handle_obs=True, handle_method=estimated, handle_conf=0.00
[state_machine_node-24] [INFO] [1790651029.902060330] [state_machine_node]: Fine door final yaw alignment: observed_blue_8p2_1p3, dist=0.18m/0.17m, yaw_error=48deg, cmd=(0.00, 0.25)
[door_detection_node-21] [INFO] [1790651030.439662312] [door_detection_node]: YOLO 후보 제외: source=front_left, edge-clipped bbox=(142,0,318,240)
[state_machine_node-24] [INFO] [1790651030.924629205] [state_machine_node]: Fine door final yaw alignment: observed_blue_8p2_1p3, dist=0.21m/0.17m, yaw_error=41deg, cmd=(0.00, 0.25)
[door_detection_node-21] [INFO] [1790651031.468237734] [door_detection_node]: YOLO 후보 제외: source=front_right, far small dist=5.05m, conf=0.30, bbox=(14,67,31,167)
[door_detection_node-21] [INFO] [1790651031.843131714] [door_detection_node]: 문 후보 발행: id=door_blue_5a1262, source=front_right, color=blue, dist=3.83m, conf=0.91, bbox=(249,39,299,198), rep_x=274, center_x=274, angle=-96.0deg, center_angle=-96.0deg, lidar=3.96m, visual=2.94m, goal=(11.18,-1.12), handle=(12.18,-1.86,1.00), handle_obs=True, handle_method=estimated, handle_conf=0.00
[state_machine_node-24] [INFO] [1790651031.959646314] [state_machine_node]: Fine door final yaw alignment: observed_blue_8p2_1p3, dist=0.21m/0.17m, yaw_error=39deg, cmd=(0.00, 0.25)
[planner_server-15] [INFO] [1790651032.508250421] [global_costmap.global_costmap]: StaticLayer: Resizing static layer to 372 X 88 at 0.050000 m/pix
[state_machine_node-24] [INFO] [1790651033.014428963] [state_machine_node]: Fine door final yaw alignment: observed_blue_8p2_1p3, dist=0.21m/0.17m, yaw_error=34deg, cmd=(0.00, 0.25)
[planner_server-15] [INFO] [1790651033.508169753] [global_costmap.global_costmap]: StaticLayer: Resizing static layer to 377 X 88 at 0.050000 m/pix
[door_detection_node-21] [INFO] [1790651033.936039163] [door_detection_node]: 문 후보 발행: id=door_blue_94754e, source=front_left, color=blue, dist=1.09m, conf=0.27, bbox=(212,0,320,240), rep_x=266, center_x=266, angle=45.6deg, center_angle=45.6deg, lidar=1.15m, visual=1.95m, goal=(10.12,1.19), handle=(9.02,1.77,1.00), handle_obs=False, handle_method=estimated, handle_conf=0.00
[state_machine_node-24] [INFO] [1790651034.054268644] [state_machine_node]: Fine door final yaw alignment: observed_blue_8p2_1p3, dist=0.20m/0.17m, yaw_error=31deg, cmd=(0.00, 0.25)
[state_machine_node-24] [INFO] [1790651035.099205870] [state_machine_node]: Fine door final yaw alignment: observed_blue_8p2_1p3, dist=0.21m/0.17m, yaw_error=24deg, cmd=(0.00, 0.25)
[door_detection_node-21] [INFO] [1790651035.605339919] [door_detection_node]: 문 후보 발행: id=door_blue_5bc10a, source=front, color=blue, dist=1.18m, conf=1.00, bbox=(0,0,131,240), rep_x=65, center_x=65, angle=22.1deg, center_angle=22.1deg, lidar=1.16m, visual=1.95m, goal=(9.35,1.04), handle=(9.51,1.87,0.84), handle_obs=True, handle_method=yolo:primary:item, handle_conf=0.32
[state_machine_node-24] [INFO] [1790651036.156007753] [state_machine_node]: Fine door final yaw alignment: observed_blue_8p2_1p3, dist=0.19m/0.17m, yaw_error=19deg, cmd=(0.00, 0.24)
[door_detection_node-21] [INFO] [1790651036.373271797] [door_detection_node]: Side camera LiDAR range looks too long for the visible door; using visual range (source=front_left, lidar=9.38m, visual=5.14m)
[door_detection_node-21] [INFO] [1790651036.376117089] [door_detection_node]: YOLO 후보 제외: source=front_left, far small dist=5.14m, conf=0.21, bbox=(20,73,36,164)
[state_machine_node-24] [INFO] [1790651037.169321347] [state_machine_node]: Fine door final yaw alignment: observed_blue_8p2_1p3, dist=0.19m/0.17m, yaw_error=14deg, cmd=(0.00, 0.18)
[door_detection_node-21] [INFO] [1790651037.373397934] [door_detection_node]: Side camera visual fallback rejected (source=front_right, lidar=1.05m, visual=7.80m > 4.50m)
[door_detection_node-21] [INFO] [1790651037.734085690] [door_detection_node]: HSV candidate rejected: color=blue, edge-clipped bbox=(0,0,188,240), width_ratio=0.59
[state_machine_node-24] [INFO] [1790651038.163900774] [state_machine_node]: Fine door final yaw alignment: observed_blue_8p2_1p3, dist=0.17m/0.17m, yaw_error=8deg, cmd=(0.00, 0.10)
[state_machine_node-24] [INFO] [1790651039.176457026] [state_machine_node]: Fine door final yaw alignment: observed_blue_8p2_1p3, dist=0.15m/0.17m, yaw_error=8deg, cmd=(0.00, 0.11)
[state_machine_node-24] [INFO] [1790651040.227813342] [state_machine_node]: 문 앞 정렬 완료. 2.8s 정지 후 개방합니다.
[door_detection_node-21] [INFO] [1790651041.092359656] [door_detection_node]: 문 후보 발행: id=door_blue_f28c00, source=front, color=blue, dist=1.14m, conf=1.00, bbox=(13,0,229,240), rep_x=121, center_x=121, angle=9.5deg, center_angle=9.5deg, lidar=1.15m, visual=1.95m, goal=(9.37,1.03), handle=(9.62,1.90,0.83), handle_obs=True, handle_method=yolo:primary:item, handle_conf=0.68
[state_machine_node-24] [INFO] [1790651041.100059693] [state_machine_node]: Observed blue cluster id mapping for observed_blue_8p2_1p3 ignored: mapped cluster drifted away from the current wall/handle target.
[state_machine_node-24] [INFO] [1790651041.102289413] [state_machine_node]: 문 접근 목표 보정: door_blue_f28c00 handle_axis=(9.62, 1.90) goal_axis=(9.62, 0.80) wall_axis=(9.62, 1.90) yaw=90deg
[state_machine_node-24] [INFO] [1790651041.108850962] [state_machine_node]: 문 접근 목표 보정: door_blue_f28c00 handle_axis=(9.62, 1.90) goal_axis=(9.62, 0.80) wall_axis=(9.62, 1.90) yaw=90deg
[state_machine_node-24] [INFO] [1790651041.135798967] [state_machine_node]: 문 접근 목표 보정: door_blue_f28c00 handle_axis=(9.62, 1.90) goal_axis=(9.62, 0.80) wall_axis=(9.62, 1.90) yaw=90deg
[state_machine_node-24] [INFO] [1790651042.098712236] [state_machine_node]: 문 접근 목표 보정: door_blue_f28c00 handle_axis=(9.61, 1.83) goal_axis=(9.61, 0.73) wall_axis=(9.61, 1.83) yaw=90deg
[state_machine_node-24] [INFO] [1790651042.105650607] [state_machine_node]: 문 접근 목표 보정: door_blue_f28c00 handle_axis=(9.61, 1.83) goal_axis=(9.61, 0.73) wall_axis=(9.61, 1.83) yaw=90deg
[state_machine_node-24] [INFO] [1790651042.132097785] [state_machine_node]: 문 접근 목표 보정: door_blue_f28c00 handle_axis=(9.61, 1.83) goal_axis=(9.61, 0.73) wall_axis=(9.61, 1.83) yaw=90deg
[door_detection_node-21] [INFO] [1790651044.039590422] [door_detection_node]: 문 후보 발행: id=door_blue_f28c00, source=front, color=blue, dist=1.10m, conf=1.00, bbox=(13,0,229,240), rep_x=121, center_x=121, angle=9.5deg, center_angle=9.5deg, lidar=1.14m, visual=1.95m, goal=(9.36,1.03), handle=(9.63,1.89,0.83), handle_obs=True, handle_method=yolo:primary:item, handle_conf=0.68
[state_machine_node-24] [INFO] [1790651044.046847039] [state_machine_node]: 문 접근 목표 보정: door_blue_f28c00 handle_axis=(9.63, 1.89) goal_axis=(9.63, 0.79) wall_axis=(9.63, 1.89) yaw=90deg
[state_machine_node-24] [INFO] [1790651044.054185687] [state_machine_node]: 문 접근 목표 보정: door_blue_f28c00 handle_axis=(9.63, 1.89) goal_axis=(9.63, 0.79) wall_axis=(9.63, 1.89) yaw=90deg
[state_machine_node-24] [INFO] [1790651044.080656725] [state_machine_node]: 문 접근 목표 보정: door_blue_f28c00 handle_axis=(9.63, 1.89) goal_axis=(9.63, 0.79) wall_axis=(9.63, 1.89) yaw=90deg
[state_machine_node-24] [INFO] [1790651045.387741480] [state_machine_node]: Observed blue cluster id mapping for observed_blue_8p2_1p3 ignored: mapped cluster drifted away from the current wall/handle target.
[state_machine_node-24] [INFO] [1790651045.389479141] [state_machine_node]: 문 접근 목표 보정: door_blue_f28c00 handle_axis=(9.62, 1.86) goal_axis=(9.62, 0.76) wall_axis=(9.62, 1.86) yaw=90deg
[state_machine_node-24] [INFO] [1790651045.397454134] [state_machine_node]: 문 접근 목표 보정: door_blue_f28c00 handle_axis=(9.62, 1.86) goal_axis=(9.62, 0.76) wall_axis=(9.62, 1.86) yaw=90deg
[state_machine_node-24] [INFO] [1790651045.426708721] [state_machine_node]: 문 접근 목표 보정: door_blue_f28c00 handle_axis=(9.62, 1.86) goal_axis=(9.62, 0.76) wall_axis=(9.62, 1.86) yaw=90deg
[state_machine_node-24] [INFO] [1790651046.182738876] [state_machine_node]: Final handle refreshed from current observation: observed_blue_8p2_1p3, method=yolo:primary:item, point=(9.620,1.859,0.834)
[state_machine_node-24] [INFO] [1790651046.293460218] [state_machine_node]: Observed blue target observed_blue_8p2_1p3 confirmed by current same-wall live blue evidence before opening (candidate=door_blue_f301b8, progress_gap=0.00/0.90, lateral_gap=0.00/0.48, conf=1.00/0.58).
[state_machine_node-24] [INFO] [1790651046.296639816] [state_machine_node]: Observed blue target observed_blue_8p2_1p3 accepted for opening from recheckable mapped wall memory after close alignment (count=44, conf=1.00, progress_gap=0.34m, lateral_gap=0.01m).
[state_machine_node-24] [INFO] [1790651046.606359321] [state_machine_node]: Live blue confirmation (5.3, -1.1) rejected: same-wall blue observation is inside the opened-door remnant window (opened_progress=6.4m, gap=-1.1m, window=2.4m).
[state_machine_node-24] [INFO] [1790651046.633627004] [state_machine_node]: State: NAVIGATING → OPENING_DOOR
[door_detection_node-21] [INFO] [1790651047.045884251] [door_detection_node]: 문 후보 발행: id=door_blue_f28c00, source=front, color=blue, dist=1.13m, conf=1.00, bbox=(13,0,229,240), rep_x=121, center_x=121, angle=9.5deg, center_angle=9.5deg, lidar=1.15m, visual=1.95m, goal=(9.36,1.03), handle=(9.62,1.88,0.83), handle_obs=True, handle_method=yolo:primary:item, handle_conf=0.68
[state_machine_node-24] [INFO] [1790651047.178452748] [state_machine_node]: 문 개방 요청 손잡이: id=observed_blue_8p2_1p3__axis_p9p62_p1p86, method=yolo:primary:item, conf=0.68, frame=map, pos=(9.620,1.859,0.834)
[navigation_visit_node-23] [INFO] [1790651047.181043509] [navigation_visit_node]: NAVIGATION_VISIT {"scope": "navigation_only", "physical_opening": false, "door_id": "observed_blue_8p2_1p3__axis_p9p62_p1p86", "sim_time": 272.502, "robot": [9.410339930429979, 0.7315928596296115, 1.564913895653938], "observed_handle": [9.61962470318885, 1.859413788451031, 0.8339258220830866], "distance_m": 1.1470746111724124, "bearing_error_rad": -0.17759616728348807}
[state_machine_node-24] [INFO] [1790651047.186559552] [state_machine_node]: Selected observation memory completed: observed_blue_8p2_1p3; original candidate excluded after position refinement.
[state_machine_node-24] [INFO] [1790651047.201643100] [state_machine_node]: 열린 파란 문 재관측 후보 1개 정리. 다음 목표 선택에서 제외합니다.
[state_machine_node-24] [INFO] [1790651047.203662913] [state_machine_node]: 문 개방 성공: observed_blue_8p2_1p3  누적 개방: 3개
[state_machine_node-24] [INFO] [1790651047.204494376] [state_machine_node]: State: OPENING_DOOR → DOOR_OPENED
[state_machine_node-24] [INFO] [1790651048.187167750] [state_machine_node]: 다음 파란 문 탐색 시작 (개방 완료: 3개)
[state_machine_node-24] [INFO] [1790651048.187973992] [state_machine_node]: State: DOOR_OPENED → EXPLORING
[door_detection_node-21] [INFO] [1790651048.669290641] [door_detection_node]: 문 후보 발행: id=door_blue_f28c00, source=front, color=blue, dist=1.15m, conf=1.00, bbox=(13,0,229,240), rep_x=121, center_x=121, angle=9.5deg, center_angle=9.5deg, lidar=1.15m, visual=1.95m, goal=(9.36,1.03), handle=(9.62,1.85,0.83), handle_obs=True, handle_method=yolo:primary:item, handle_conf=0.68
[state_machine_node-24] [INFO] [1790651048.677310984] [state_machine_node]: Blue candidate door_blue_f28c00 ignored: physical/opened door station already handled nearby at (9.23, 1.86).
[state_machine_node-24] [INFO] [1790651049.176767996] [state_machine_node]: Post-open side retreat started: lateral=0.73m, target_abs=0.48m.
[state_machine_node-24] [INFO] [1790651049.177597260] [state_machine_node]: Post-open side retreat: lateral=0.73m, moved=0.00/1.10m, yaw_error=-180deg, cmd=(0.00, -0.50)
[state_machine_node-24] [INFO] [1790651050.196102569] [state_machine_node]: Post-open side retreat: lateral=0.73m, moved=0.00/1.10m, yaw_error=-168deg, cmd=(0.00, -0.50)
[door_detection_node-21] [INFO] [1790651050.997816900] [door_detection_node]: 문 후보 발행: id=door_blue_f28c00, source=front, color=blue, dist=1.13m, conf=1.00, bbox=(0,0,168,240), rep_x=84, center_x=84, angle=18.0deg, center_angle=18.0deg, lidar=1.16m, visual=1.95m, goal=(9.41,1.03), handle=(9.72,2.10,0.83), handle_obs=True, handle_method=yolo:primary:item, handle_conf=0.27
[state_machine_node-24] [INFO] [1790651051.233627494] [state_machine_node]: Post-open side retreat: lateral=0.73m, moved=0.00/1.10m, yaw_error=-155deg, cmd=(0.00, -0.50)
[state_machine_node-24] [INFO] [1790651051.827936083] [state_machine_node]: Blue candidate door_blue_94754e ignored: physical/opened door station already handled nearby at (9.04, 1.82).
[state_machine_node-24] [INFO] [1790651052.275293015] [state_machine_node]: Post-open side retreat: lateral=0.73m, moved=0.00/1.10m, yaw_error=-145deg, cmd=(0.00, -0.50)
[door_detection_node-21] [INFO] [1790651052.475660075] [door_detection_node]: Side camera LiDAR range looks too long for the visible door; using visual range (source=front_right, lidar=3.92m, visual=2.85m)
[door_detection_node-21] [INFO] [1790651052.487502890] [door_detection_node]: YOLO 후보 제외: source=front_right, edge-clipped bbox=(289,38,320,202)
[door_detection_node-21] [INFO] [1790651052.508750470] [door_detection_node]: YOLO 후보 제외: source=front_right, far small dist=6.28m, conf=0.27, bbox=(60,71,77,164)
[state_machine_node-24] [INFO] [1790651053.323919103] [state_machine_node]: Post-open side retreat: lateral=0.74m, moved=0.00/1.10m, yaw_error=-134deg, cmd=(0.00, -0.50)
[door_detection_node-21] [INFO] [1790651053.587625562] [door_detection_node]: 문 후보 발행: id=door_blue_94754e, source=front_left, color=blue, dist=1.11m, conf=0.30, bbox=(177,0,318,240), rep_x=247, center_x=247, angle=49.6deg, center_angle=49.6deg, lidar=1.12m, visual=1.95m, goal=(10.14,1.03), handle=(9.18,1.82,1.00), handle_obs=False, handle_method=estimated, handle_conf=0.00
[state_machine_node-24] [INFO] [1790651054.361448593] [state_machine_node]: Post-open side retreat: lateral=0.74m, moved=0.00/1.10m, yaw_error=-128deg, cmd=(0.00, -0.50)
[door_detection_node-21] [INFO] [1790651055.158762102] [door_detection_node]: HSV candidate rejected: color=blue, edge-clipped bbox=(90,0,320,240), width_ratio=0.72
[state_machine_node-24] [INFO] [1790651055.385355611] [state_machine_node]: Post-open side retreat: lateral=0.74m, moved=0.00/1.10m, yaw_error=-117deg, cmd=(0.00, -0.50)
[door_detection_node-21] [INFO] [1790651056.359446597] [door_detection_node]: 문 후보 발행: id=door_blue_f8e8ad, source=front_right, color=blue, dist=3.76m, conf=0.49, bbox=(153,49,197,190), rep_x=175, center_x=175, angle=-73.7deg, center_angle=-73.7deg, lidar=3.62m, visual=3.32m, goal=(11.40,-0.88), handle=(11.97,-1.99,1.00), handle_obs=True, handle_method=estimated, handle_conf=0.00
[state_machine_node-24] [INFO] [1790651056.420310183] [state_machine_node]: Post-open side retreat: lateral=0.75m, moved=0.00/1.10m, yaw_error=-109deg, cmd=(0.00, -0.50)
[state_machine_node-24] [INFO] [1790651057.466852109] [state_machine_node]: Post-open side retreat: lateral=0.74m, moved=0.00/1.10m, yaw_error=-99deg, cmd=(0.00, -0.50)
[state_machine_node-24] [INFO] [1790651058.496619540] [state_machine_node]: Post-open side retreat: lateral=0.78m, moved=0.00/1.10m, yaw_error=-88deg, cmd=(0.00, -0.50)
[door_detection_node-21] [INFO] [1790651059.378346826] [door_detection_node]: 문 후보 발행: id=door_blue_fc1a76, source=front_left, color=blue, dist=1.10m, conf=1.00, bbox=(0,0,99,240), rep_x=49, center_x=49, angle=95.4deg, center_angle=95.4deg, lidar=1.06m, visual=1.95m, goal=(9.26,0.63), handle=(9.36,1.88,1.00), handle_obs=False, handle_method=estimated, handle_conf=0.00
[state_machine_node-24] [INFO] [1790651059.386421532] [state_machine_node]: Blue candidate door_blue_fc1a76 ignored: physical/opened door station already handled nearby at (9.36, 1.88).
[state_machine_node-24] [INFO] [1790651059.557188800] [state_machine_node]: Post-open side retreat: lateral=0.79m, moved=0.00/1.10m, yaw_error=-75deg, cmd=(0.00, -0.50)
[door_detection_node-21] [INFO] [1790651060.181605440] [door_detection_node]: YOLO 후보 제외: source=front, edge-clipped bbox=(283,37,319,200)
[state_machine_node-24] [INFO] [1790651060.608032085] [state_machine_node]: Post-open side retreat: lateral=0.83m, moved=0.00/1.10m, yaw_error=-64deg, cmd=(0.00, -0.50)
[state_machine_node-24] [INFO] [1790651061.647431861] [state_machine_node]: Post-open side retreat: lateral=0.85m, moved=0.00/1.10m, yaw_error=-55deg, cmd=(0.00, -0.50)
[door_detection_node-21] [INFO] [1790651061.956935996] [door_detection_node]: 문 후보 발행: id=door_blue_db2b67, source=front, color=blue, dist=3.83m, conf=0.41, bbox=(200,47,244,191), rep_x=222, center_x=222, angle=-14.8deg, center_angle=-14.8deg, lidar=3.56m, visual=3.25m, goal=(12.63,-0.93), handle=(11.96,-1.98,1.00), handle_obs=True, handle_method=estimated, handle_conf=0.00
[state_machine_node-24] [INFO] [1790651062.687585048] [state_machine_node]: Post-open side retreat: lateral=0.85m, moved=0.00/1.10m, yaw_error=-44deg, cmd=(0.00, -0.50)
[door_detection_node-21] [INFO] [1790651062.841387128] [door_detection_node]: Side camera LiDAR range looks occluded; using visual range instead (source=front_right, lidar=1.81m, visual=3.30m)
[door_detection_node-21] [INFO] [1790651062.856266123] [door_detection_node]: YOLO 후보 제외: source=front_right, edge-clipped bbox=(276,43,319,185)
[door_detection_node-21] [INFO] [1790651063.654518532] [door_detection_node]: 문 후보 발행: id=door_blue_04851a, source=front, color=blue, dist=3.80m, conf=0.43, bbox=(136,50,178,187), rep_x=157, center_x=157, angle=0.7deg, center_angle=0.7deg, lidar=3.57m, visual=3.42m, goal=(10.92,-0.86), handle=(11.93,-1.97,1.00), handle_obs=True, handle_method=estimated, handle_conf=0.00
[state_machine_node-24] [INFO] [1790651063.725446200] [state_machine_node]: Post-open side retreat: lateral=0.85m, moved=0.00/1.10m, yaw_error=-37deg, cmd=(0.00, -0.50)
[state_machine_node-24] [INFO] [1790651064.767679296] [state_machine_node]: Post-open side retreat: lateral=0.85m, moved=0.00/1.10m, yaw_error=-28deg, cmd=(0.00, -0.50)
[state_machine_node-24] [INFO] [1790651064.997520921] [state_machine_node]: Blue candidate door_blue_f8e8ad ignored: physical/opened door station already handled nearby at (6.22, -1.31).
[state_machine_node-24] [INFO] [1790651065.797228035] [state_machine_node]: Post-open side retreat: lateral=0.85m, moved=0.00/1.10m, yaw_error=-19deg, cmd=(0.00, -0.50)
[door_detection_node-21] [INFO] [1790651066.083849976] [door_detection_node]: 문 후보 발행: id=door_blue_b560b3, source=front, color=blue, dist=3.79m, conf=0.41, bbox=(39,46,86,190), rep_x=62, center_x=62, angle=22.7deg, center_angle=22.7deg, lidar=3.52m, visual=3.25m, goal=(10.95,-2.28), handle=(12.10,-1.79,1.00), handle_obs=True, handle_method=estimated, handle_conf=0.00
[state_machine_node-24] [INFO] [1790651066.930973740] [state_machine_node]: Post-open side retreat: lateral=0.85m, moved=0.00/1.10m, yaw_error=-8deg, cmd=(0.18, -0.11)
[door_detection_node-21] [INFO] [1790651067.061013167] [door_detection_node]: Side camera LiDAR range looks occluded; using visual range instead (source=front_right, lidar=1.81m, visual=3.80m)
[state_machine_node-24] [INFO] [1790651067.986915407] [state_machine_node]: Post-open side retreat: lateral=0.78m, moved=0.00/1.10m, yaw_error=-6deg, cmd=(0.18, -0.08)
[door_detection_node-21] [INFO] [1790651068.092111836] [door_detection_node]: YOLO 후보 제외: source=front_left, edge-clipped bbox=(266,32,320,205)
[door_detection_node-21] [INFO] [1790651068.818267727] [door_detection_node]: 문 후보 발행: id=door_blue_8a61bc, source=front_right, color=blue, dist=3.71m, conf=0.55, bbox=(79,46,121,172), rep_x=100, center_x=100, angle=-55.6deg, center_angle=-55.6deg, lidar=1.81m, visual=3.71m, goal=(7.77,-1.48), handle=(6.53,-1.59,1.00), handle_obs=True, handle_method=estimated, handle_conf=0.00
[state_machine_node-24] [INFO] [1790651068.830359660] [state_machine_node]: Blue candidate door_blue_8a61bc ignored: physical/opened door station already handled nearby at (6.53, -1.59).
[state_machine_node-24] [INFO] [1790651069.050506651] [state_machine_node]: Post-open side retreat: lateral=0.69m, moved=0.04/1.10m, yaw_error=-3deg, cmd=(0.18, -0.05)
[state_machine_node-24] [INFO] [1790651070.051485808] [state_machine_node]: Post-open side retreat: lateral=0.60m, moved=0.13/1.10m, yaw_error=-2deg, cmd=(0.18, -0.03)
[state_machine_node-24] [INFO] [1790651071.059466495] [state_machine_node]: Post-open side retreat: lateral=0.50m, moved=0.23/1.10m, yaw_error=-1deg, cmd=(0.18, -0.02)
[door_detection_node-21] [INFO] [1790651071.188285541] [door_detection_node]: Side camera LiDAR range looks occluded; using visual range instead (source=front_right, lidar=1.78m, visual=3.52m)
[door_detection_node-21] [INFO] [1790651071.622144314] [door_detection_node]: 문 후보 발행: id=door_blue_8a61bc, source=front_right, color=blue, dist=3.52m, conf=0.64, bbox=(77,44,119,177), rep_x=98, center_x=98, angle=-55.2deg, center_angle=-55.2deg, lidar=1.77m, visual=3.52m, goal=(7.86,-1.52), handle=(6.61,-1.55,1.00), handle_obs=True, handle_method=estimated, handle_conf=0.00
[state_machine_node-24] [INFO] [1790651072.071542877] [state_machine_node]: Post-open side retreat complete: lateral=0.42m <= target=0.48m
[state_machine_node-24] [INFO] [1790651072.165767408] [state_machine_node]: 문 접근 목표 보정: observed_blue_12p3_m1p9 handle_axis=(12.29, -1.91) goal_axis=(12.29, -0.81) wall_axis=(12.29, -1.91) yaw=-90deg
[state_machine_node-24] [INFO] [1790651072.181778762] [state_machine_node]: 문 접근 목표 보정: observed_blue_12p3_m1p9 handle_axis=(12.29, -1.91) goal_axis=(12.29, -0.81) wall_axis=(12.29, -1.91) yaw=-90deg
[state_machine_node-24] [INFO] [1790651072.185489700] [state_machine_node]: 문 접근 목표 보정: observed_blue_12p3_m1p9 handle_axis=(12.29, -1.91) goal_axis=(12.29, -0.81) wall_axis=(12.29, -1.91) yaw=-90deg
[state_machine_node-24] [WARN] [1790651072.190567920] [state_machine_node]: Blue target observed_blue_12p3_m1p9 retained for revisit: stable unopened blue memory must be checked before exit even when it is behind the farthest opened station.
[state_machine_node-24] [INFO] [1790651072.196527518] [state_machine_node]: 문 접근 목표 보정: observed_blue_12p3_m1p9 handle_axis=(12.29, -1.91) goal_axis=(12.29, -0.81) wall_axis=(12.29, -1.91) yaw=-90deg
[state_machine_node-24] [INFO] [1790651072.197920144] [state_machine_node]: 문 접근 목표 보정: observed_blue_12p3_m1p9 handle_axis=(12.29, -1.91) goal_axis=(12.29, -0.81) wall_axis=(12.29, -1.91) yaw=-90deg
[state_machine_node-24] [INFO] [1790651072.199811619] [state_machine_node]: LiDAR+camera segment map 사전 스캔 시작: observed_blue_12p3_m1p9
[state_machine_node-24] [INFO] [1790651073.153941004] [state_machine_node]: 문 접근 목표 보정: observed_blue_12p3_m1p9 handle_axis=(12.29, -1.91) goal_axis=(12.29, -0.81) wall_axis=(12.29, -1.91) yaw=-90deg
[door_detection_node-21] [INFO] [1790651073.612221364] [door_detection_node]: 문 후보 발행: id=door_blue_8a61bc, source=front_right, color=blue, dist=3.47m, conf=0.49, bbox=(81,45,122,180), rep_x=101, center_x=101, angle=-55.8deg, center_angle=-55.8deg, lidar=1.73m, visual=3.47m, goal=(7.85,-1.56), handle=(6.60,-1.58,1.00), handle_obs=True, handle_method=estimated, handle_conf=0.00
[state_machine_node-24] [INFO] [1790651073.622562362] [state_machine_node]: Blue candidate door_blue_8a61bc ignored: physical/opened door station already handled nearby at (6.60, -1.58).
[state_machine_node-24] [INFO] [1790651074.143195036] [state_machine_node]: 문 접근 목표 보정: observed_blue_12p3_m1p9 handle_axis=(12.29, -1.91) goal_axis=(12.29, -0.81) wall_axis=(12.29, -1.91) yaw=-90deg
[state_machine_node-24] [INFO] [1790651075.174803483] [state_machine_node]: 문 접근 목표 보정: observed_blue_12p3_m1p9 handle_axis=(12.29, -1.91) goal_axis=(12.29, -0.81) wall_axis=(12.29, -1.91) yaw=-90deg
[state_machine_node-24] [INFO] [1790651075.177987260] [state_machine_node]: 사전 스캔 완료. Nav2가 segment map 기반 경로를 계획합니다: observed_blue_12p3_m1p9
[state_machine_node-24] [INFO] [1790651075.212688667] [state_machine_node]: Locked blue target after pre-scan: observed_blue_12p3_m1p9 opened=3 retry=0/2
[state_machine_node-24] [INFO] [1790651075.213605129] [state_machine_node]: State: EXPLORING → NAVIGATING
[navigation_node-22] [INFO] [1790651075.219220387] [navigation_node]: Navigation goal received: door observed_blue_12p3_m1p9 (color=blue, frame=map, x=12.29, y=-0.81)
[door_detection_node-21] [INFO] [1790651075.236470395] [door_detection_node]: Side camera LiDAR range looks occluded; using visual range instead (source=front_right, lidar=1.71m, visual=3.47m)
[bt_navigator-17] [INFO] [1790651075.363782558] [bt_navigator]: Begin navigating from current location (9.44, 0.41) to (12.29, -0.81)
[navigation_node-22] [INFO] [1790651075.366076605] [navigation_node]: Navigation goal accepted by Nav2
[controller_server-13] [INFO] [1790651075.566838380] [controller_server]: Received a goal, begin computing control effort.
[door_detection_node-21] [INFO] [1790651075.684374471] [door_detection_node]: 문 후보 발행: id=door_blue_8a61bc, source=front_right, color=blue, dist=3.47m, conf=0.50, bbox=(81,45,122,180), rep_x=101, center_x=101, angle=-55.8deg, center_angle=-55.8deg, lidar=1.75m, visual=3.47m, goal=(7.85,-1.56), handle=(6.60,-1.58,1.00), handle_obs=True, handle_method=estimated, handle_conf=0.00
[state_machine_node-24] [INFO] [1790651076.507170955] [state_machine_node]: 문 접근 목표 보정: door_blue_10483e handle_axis=(12.04, -1.67) goal_axis=(12.04, -0.57) wall_axis=(12.04, -1.67) yaw=-90deg
[state_machine_node-24] [INFO] [1790651076.510216739] [state_machine_node]: 문 접근 목표 보정: door_blue_10483e handle_axis=(12.04, -1.67) goal_axis=(12.04, -0.57) wall_axis=(12.04, -1.67) yaw=-90deg
[state_machine_node-24] [WARN] [1790651076.511442697] [state_machine_node]: Locked blue target refined from newer observation: observed_blue_12p3_m1p9 -> observed_blue_12p3_m1p9, goal shift=0.34m, identity=(12.29,-1.91) -> (12.04,-1.67)
[navigation_node-22] [INFO] [1790651076.513401769] [navigation_node]: Navigation goal received: door observed_blue_12p3_m1p9 (color=blue, frame=map, x=12.04, y=-0.57)
[navigation_node-22] [WARN] [1790651076.514145499] [navigation_node]: Already navigating. Preempting current goal without an explicit stop before retargeting to: observed_blue_12p3_m1p9
[bt_navigator-17] [INFO] [1790651076.665280436] [bt_navigator]: Received goal preemption request
[bt_navigator-17] [INFO] [1790651076.665669409] [bt_navigator]: Begin navigating from current location (9.44, 0.41) to (12.04, -0.57)
[navigation_node-22] [INFO] [1790651076.667413170] [navigation_node]: Navigation goal accepted by Nav2
[controller_server-13] [INFO] [1790651076.944022858] [controller_server]: Passing new path to controller.
[door_detection_node-21] [INFO] [1790651077.492824432] [door_detection_node]: Side camera LiDAR range looks occluded; using visual range instead (source=front_right, lidar=1.71m, visual=3.47m)
[door_detection_node-21] [INFO] [1790651077.938822811] [door_detection_node]: 문 후보 발행: id=door_blue_8a61bc, source=front_right, color=blue, dist=3.47m, conf=0.56, bbox=(90,45,130,180), rep_x=110, center_x=110, angle=-57.9deg, center_angle=-57.9deg, lidar=3.21m, visual=3.47m, goal=(7.85,-1.52), handle=(6.60,-1.58,1.00), handle_obs=True, handle_method=estimated, handle_conf=0.00
[state_machine_node-24] [INFO] [1790651077.949769191] [state_machine_node]: Blue candidate door_blue_8a61bc ignored: physical/opened door station already handled nearby at (6.60, -1.58).
[controller_server-13] [INFO] [1790651078.194015413] [controller_server]: Passing new path to controller.
[door_detection_node-21] [INFO] [1790651078.498940584] [door_detection_node]: Side camera visual fallback rejected (source=front_left, lidar=1.10m, visual=4.98m > 4.50m)
[planner_server-15] [INFO] [1790651078.508165247] [global_costmap.global_costmap]: StaticLayer: Resizing static layer to 378 X 88 at 0.050000 m/pix
[door_detection_node-21] [INFO] [1790651078.510955939] [door_detection_node]: Side camera LiDAR range looks too long for the visible door; using visual range (source=front_left, lidar=3.50m, visual=2.46m)
[door_detection_node-21] [INFO] [1790651078.519972377] [door_detection_node]: YOLO 후보 제외: source=front_left, edge-clipped bbox=(278,24,319,214)
[controller_server-13] [INFO] [1790651079.569006151] [controller_server]: Passing new path to controller.
[door_detection_node-21] [INFO] [1790651079.676903642] [door_detection_node]: 문 후보 발행: id=door_blue_f8e8ad, source=front_right, color=blue, dist=2.59m, conf=0.46, bbox=(178,46,214,184), rep_x=196, center_x=196, angle=-78.7deg, center_angle=-78.7deg, lidar=3.16m, visual=3.39m, goal=(8.48,-0.71), handle=(7.34,-1.21,1.00), handle_obs=True, handle_method=estimated, handle_conf=0.00
[door_detection_node-21] [INFO] [1790651080.221763478] [door_detection_node]: YOLO 후보 제외: source=front_left, far small dist=5.72m, conf=0.31, bbox=(117,76,133,162)
[door_detection_node-21] [INFO] [1790651080.591299625] [door_detection_node]: Front lateral LiDAR range looks too long for the visible door; using visual range (lidar=3.53m, visual=2.75m)
[controller_server-13] [INFO] [1790651080.819008564] [controller_server]: Passing new path to controller.
[state_machine_node-24] [INFO] [1790651081.013236513] [state_machine_node]: 문 접근 목표 보정: door_blue_b560b3 handle_axis=(11.88, -1.25) goal_axis=(11.88, -0.15) wall_axis=(11.88, -1.25) yaw=-90deg
[state_machine_node-24] [INFO] [1790651081.015859394] [state_machine_node]: Locked blue target refine skipped: door_blue_b560b3 moved inward 1.91m -> 1.25m from mission axis.
[planner_server-15] [INFO] [1790651081.508254488] [global_costmap.global_costmap]: StaticLayer: Resizing static layer to 379 X 88 at 0.050000 m/pix
[door_detection_node-21] [INFO] [1790651081.610839512] [door_detection_node]: YOLO 후보 제외: source=front_right, edge-clipped bbox=(290,28,320,201)
[controller_server-13] [INFO] [1790651082.069020186] [controller_server]: Passing new path to controller.
[door_detection_node-21] [INFO] [1790651082.321352387] [door_detection_node]: 문 후보 발행: id=door_blue_04851a, source=front, color=blue, dist=3.34m, conf=0.35, bbox=(80,30,127,204), rep_x=103, center_x=103, angle=13.7deg, center_angle=13.7deg, lidar=3.35m, visual=2.69m, goal=(11.54,-2.56), handle=(12.42,-1.67,1.00), handle_obs=True, handle_method=estimated, handle_conf=0.00
[state_machine_node-24] [INFO] [1790651082.329874765] [state_machine_node]: 문 접근 목표 보정: door_blue_04851a handle_axis=(12.42, -1.67) goal_axis=(12.42, -0.57) wall_axis=(12.42, -1.67) yaw=-90deg
[state_machine_node-24] [INFO] [1790651082.331373991] [state_machine_node]: 문 접근 목표 보정: door_blue_04851a handle_axis=(12.42, -1.67) goal_axis=(12.42, -0.57) wall_axis=(12.42, -1.67) yaw=-90deg
[state_machine_node-24] [WARN] [1790651082.333003646] [state_machine_node]: Locked blue target refined from newer observation: observed_blue_12p3_m1p9 -> observed_blue_12p3_m1p9, goal shift=0.38m, identity=(12.04,-1.67) -> (12.42,-1.67)
[navigation_node-22] [INFO] [1790651082.335248930] [navigation_node]: Navigation goal received: door observed_blue_12p3_m1p9 (color=blue, frame=map, x=12.42, y=-0.57)
[navigation_node-22] [WARN] [1790651082.336123329] [navigation_node]: Already navigating. Preempting current goal without an explicit stop before retargeting to: observed_blue_12p3_m1p9
[navigation_node-22] [INFO] [1790651082.476879443] [navigation_node]: Navigation goal accepted by Nav2
[planner_server-15] [INFO] [1790651082.508136856] [global_costmap.global_costmap]: StaticLayer: Resizing static layer to 382 X 88 at 0.050000 m/pix
[bt_navigator-17] [INFO] [1790651082.564328503] [bt_navigator]: Received goal preemption request
[bt_navigator-17] [INFO] [1790651082.564730183] [bt_navigator]: Begin navigating from current location (9.67, -0.02) to (12.42, -0.57)
[controller_server-13] [INFO] [1790651083.319062983] [controller_server]: Passing new path to controller.
[planner_server-15] [INFO] [1790651083.508107022] [global_costmap.global_costmap]: StaticLayer: Resizing static layer to 383 X 88 at 0.050000 m/pix
[planner_server-15] [INFO] [1790651084.508021926] [global_costmap.global_costmap]: StaticLayer: Resizing static layer to 389 X 88 at 0.050000 m/pix
[controller_server-13] [INFO] [1790651084.569011102] [controller_server]: Passing new path to controller.
[door_detection_node-21] [INFO] [1790651084.741807766] [door_detection_node]: 문 후보 발행: id=door_blue_04851a, source=front, color=blue, dist=3.00m, conf=0.58, bbox=(127,27,175,211), rep_x=151, center_x=151, angle=2.2deg, center_angle=2.2deg, lidar=2.97m, visual=2.54m, goal=(11.07,-0.94), handle=(12.33,-1.75,1.00), handle_obs=True, handle_method=estimated, handle_conf=0.00
[state_machine_node-24] [INFO] [1790651084.750407667] [state_machine_node]: 문 접근 목표 보정: door_blue_04851a handle_axis=(12.33, -1.75) goal_axis=(12.33, -0.65) wall_axis=(12.33, -1.75) yaw=-90deg
[state_machine_node-24] [INFO] [1790651084.753699311] [state_machine_node]: 문 접근 목표 보정: door_blue_04851a handle_axis=(12.33, -1.75) goal_axis=(12.33, -0.65) wall_axis=(12.33, -1.75) yaw=-90deg
[planner_server-15] [INFO] [1790651085.508077621] [global_costmap.global_costmap]: StaticLayer: Resizing static layer to 390 X 88 at 0.050000 m/pix
[controller_server-13] [INFO] [1790651085.944020396] [controller_server]: Passing new path to controller.
[planner_server-15] [INFO] [1790651086.508310488] [global_costmap.global_costmap]: StaticLayer: Resizing static layer to 393 X 88 at 0.050000 m/pix
[door_detection_node-21] [INFO] [1790651087.009788001] [door_detection_node]: 문 후보 발행: id=door_blue_db2b67, source=front, color=blue, dist=2.70m, conf=1.00, bbox=(170,10,220,226), rep_x=195, center_x=195, angle=-8.5deg, center_angle=-8.5deg, lidar=2.75m, visual=2.17m, goal=(12.85,-0.69), handle=(12.29,-1.81,1.00), handle_obs=True, handle_method=estimated, handle_conf=0.00
[state_machine_node-24] [INFO] [1790651087.016841144] [state_machine_node]: 문 접근 목표 보정: door_blue_db2b67 handle_axis=(12.29, -1.81) goal_axis=(12.29, -0.71) wall_axis=(12.29, -1.81) yaw=-90deg
[state_machine_node-24] [INFO] [1790651087.020312564] [state_machine_node]: 문 접근 목표 보정: door_blue_db2b67 handle_axis=(12.29, -1.81) goal_axis=(12.29, -0.71) wall_axis=(12.29, -1.81) yaw=-90deg
[state_machine_node-24] [WARN] [1790651087.022082081] [state_machine_node]: Locked blue target refined from newer observation: observed_blue_12p3_m1p9 -> observed_blue_12p3_m1p9, goal shift=0.19m, identity=(12.42,-1.67) -> (12.29,-1.81)
[navigation_node-22] [INFO] [1790651087.024003003] [navigation_node]: Navigation goal received: door observed_blue_12p3_m1p9 (color=blue, frame=map, x=12.29, y=-0.71)
[navigation_node-22] [INFO] [1790651087.024942497] [navigation_node]: Ignoring duplicate navigation target for active door: observed_blue_12p3_m1p9
[controller_server-13] [INFO] [1790651087.194041182] [controller_server]: Passing new path to controller.
[planner_server-15] [INFO] [1790651088.508214487] [global_costmap.global_costmap]: StaticLayer: Resizing static layer to 396 X 88 at 0.050000 m/pix
[controller_server-13] [INFO] [1790651088.569017207] [controller_server]: Passing new path to controller.
[door_detection_node-21] [INFO] [1790651089.393371681] [door_detection_node]: 문 후보 발행: id=door_blue_801db8, source=front, color=blue, dist=2.38m, conf=1.00, bbox=(214,0,279,240), rep_x=246, center_x=246, angle=-20.2deg, center_angle=-20.2deg, lidar=2.40m, visual=1.95m, goal=(12.59,-0.67), handle=(12.21,-1.86,1.00), handle_obs=True, handle_method=estimated, handle_conf=0.00
[state_machine_node-24] [INFO] [1790651089.402477282] [state_machine_node]: 문 접근 목표 보정: door_blue_801db8 handle_axis=(12.21, -1.86) goal_axis=(12.21, -0.76) wall_axis=(12.21, -1.86) yaw=-90deg
[state_machine_node-24] [INFO] [1790651089.406129913] [state_machine_node]: 문 접근 목표 보정: door_blue_801db8 handle_axis=(12.21, -1.86) goal_axis=(12.21, -0.76) wall_axis=(12.21, -1.86) yaw=-90deg
[planner_server-15] [INFO] [1790651089.508171123] [global_costmap.global_costmap]: StaticLayer: Resizing static layer to 400 X 88 at 0.050000 m/pix
[controller_server-13] [INFO] [1790651089.818997777] [controller_server]: Passing new path to controller.
[controller_server-13] [INFO] [1790651091.069045285] [controller_server]: Passing new path to controller.
[door_detection_node-21] [INFO] [1790651091.249719387] [door_detection_node]: YOLO 후보 제외: source=front, edge-clipped bbox=(247,0,319,240)
[planner_server-15] [INFO] [1790651091.508059744] [global_costmap.global_costmap]: StaticLayer: Resizing static layer to 402 X 88 at 0.050000 m/pix
[door_detection_node-21] [INFO] [1790651091.847389349] [door_detection_node]: Side camera LiDAR range looks too long for the visible door; using visual range (source=front_left, lidar=5.37m, visual=3.77m)
[controller_server-13] [INFO] [1790651092.443999762] [controller_server]: Passing new path to controller.
[planner_server-15] [INFO] [1790651092.508150450] [global_costmap.global_costmap]: StaticLayer: Resizing static layer to 404 X 88 at 0.050000 m/pix
[door_detection_node-21] [INFO] [1790651093.255525152] [door_detection_node]: YOLO 후보 제외: source=front, far small dist=7.97m, conf=0.20, bbox=(157,83,170,152)
[door_detection_node-21] [INFO] [1790651093.265776803] [door_detection_node]: YOLO 후보 제외: source=front, edge-clipped bbox=(280,0,320,240)
[planner_server-15] [INFO] [1790651093.508135856] [global_costmap.global_costmap]: StaticLayer: Resizing static layer to 410 X 88 at 0.050000 m/pix
[controller_server-13] [INFO] [1790651093.694064439] [controller_server]: Passing new path to controller.
[door_detection_node-21] [INFO] [1790651094.573841303] [door_detection_node]: 문 후보 발행: id=door_blue_39bac3, source=front_right, color=blue, dist=1.78m, conf=1.00, bbox=(0,0,61,240), rep_x=30, center_x=30, angle=-40.9deg, center_angle=-40.9deg, lidar=1.80m, visual=1.95m, goal=(12.34,-0.66), handle=(12.18,-1.90,1.00), handle_obs=False, handle_method=estimated, handle_conf=0.00
[state_machine_node-24] [INFO] [1790651094.582794488] [state_machine_node]: 문 접근 목표 보정: door_blue_39bac3 handle_axis=(12.18, -1.90) goal_axis=(12.18, -0.80) wall_axis=(12.18, -1.90) yaw=-90deg
[state_machine_node-24] [INFO] [1790651094.586626481] [state_machine_node]: 문 접근 목표 보정: door_blue_39bac3 handle_axis=(12.18, -1.90) goal_axis=(12.18, -0.80) wall_axis=(12.18, -1.90) yaw=-90deg
[controller_server-13] [INFO] [1790651095.068975904] [controller_server]: Passing new path to controller.
[planner_server-15] [INFO] [1790651095.508177818] [global_costmap.global_costmap]: StaticLayer: Resizing static layer to 416 X 88 at 0.050000 m/pix
[door_detection_node-21] [INFO] [1790651095.807185893] [door_detection_node]: Side camera LiDAR range looks too long for the visible door; using visual range (source=front_left, lidar=4.81m, visual=3.44m)
[door_detection_node-21] [INFO] [1790651096.144289769] [door_detection_node]: 문 후보 발행: id=door_blue_10483e, source=front_left, color=blue, dist=3.44m, conf=0.27, bbox=(302,50,320,186), rep_x=311, center_x=311, angle=37.2deg, center_angle=37.2deg, lidar=4.76m, visual=3.44m, goal=(14.03,-0.01), handle=(14.14,1.24,1.00), handle_obs=False, handle_method=estimated, handle_conf=0.00
[controller_server-13] [INFO] [1790651096.193982362] [controller_server]: Passing new path to controller.
[planner_server-15] [INFO] [1790651096.508135437] [global_costmap.global_costmap]: StaticLayer: Resizing static layer to 418 X 88 at 0.050000 m/pix
[state_machine_node-24] [INFO] [1790651097.017101428] [state_machine_node]: 문 접근 목표 보정: door_blue_39bac3 handle_axis=(12.36, -1.93) goal_axis=(12.36, -0.83) wall_axis=(12.36, -1.93) yaw=-90deg
[state_machine_node-24] [INFO] [1790651097.020242386] [state_machine_node]: 문 접근 목표 보정: door_blue_39bac3 handle_axis=(12.36, -1.93) goal_axis=(12.36, -0.83) wall_axis=(12.36, -1.93) yaw=-90deg
[controller_server-13] [INFO] [1790651097.569005776] [controller_server]: Passing new path to controller.
[door_detection_node-21] [INFO] [1790651097.816167721] [door_detection_node]: Front lateral LiDAR range looks too long for the visible door; using visual range (lidar=4.76m, visual=3.52m)
[door_detection_node-21] [INFO] [1790651098.147132307] [door_detection_node]: 문 후보 발행: id=door_blue_b560b3, source=front, color=blue, dist=3.52m, conf=0.50, bbox=(0,54,18,187), rep_x=9, center_x=9, angle=32.8deg, center_angle=32.8deg, lidar=4.69m, visual=3.52m, goal=(14.44,-0.02), handle=(14.46,1.23,1.00), handle_obs=True, handle_method=estimated, handle_conf=0.00
[planner_server-15] [INFO] [1790651098.508096018] [global_costmap.global_costmap]: StaticLayer: Resizing static layer to 422 X 88 at 0.050000 m/pix
[controller_server-13] [INFO] [1790651098.694024418] [controller_server]: Passing new path to controller.
[state_machine_node-24] [INFO] [1790651098.954757763] [state_machine_node]: 문 접근 목표 보정: door_blue_b07aa8 handle_axis=(12.90, -2.02) goal_axis=(12.90, -0.92) wall_axis=(12.90, -2.02) yaw=-90deg
[state_machine_node-24] [INFO] [1790651098.957807046] [state_machine_node]: 문 접근 목표 보정: door_blue_b07aa8 handle_axis=(12.90, -2.02) goal_axis=(12.90, -0.92) wall_axis=(12.90, -2.02) yaw=-90deg
[state_machine_node-24] [INFO] [1790651098.961539040] [state_machine_node]: Live blue confirmation (5.3, -1.1) rejected: same-wall blue observation is inside the opened-door remnant window (opened_progress=6.4m, gap=-1.1m, window=2.4m).
[state_machine_node-24] [WARN] [1790651098.970468033] [state_machine_node]: Locked blue target refined from newer observation: observed_blue_12p3_m1p9 -> observed_blue_12p3_m1p9, goal shift=0.64m, identity=(12.29,-1.81) -> (12.32,-1.97)
[navigation_node-22] [INFO] [1790651098.971901807] [navigation_node]: Navigation goal received: door observed_blue_12p3_m1p9 (color=blue, frame=map, x=12.90, y=-0.92)
[navigation_node-22] [WARN] [1790651098.972825081] [navigation_node]: Already navigating. Preempting current goal without an explicit stop before retargeting to: observed_blue_12p3_m1p9
[navigation_node-22] [INFO] [1790651099.124228496] [navigation_node]: Navigation goal accepted by Nav2
[bt_navigator-17] [INFO] [1790651099.164310682] [bt_navigator]: Received goal preemption request
[bt_navigator-17] [INFO] [1790651099.164919732] [bt_navigator]: Begin navigating from current location (11.70, -0.63) to (12.90, -0.92)
[planner_server-15] [INFO] [1790651099.508153164] [global_costmap.global_costmap]: StaticLayer: Resizing static layer to 425 X 88 at 0.050000 m/pix
[door_detection_node-21] [INFO] [1790651099.763779786] [door_detection_node]: YOLO 후보 제외: source=front, edge-clipped bbox=(0,46,29,195)
[controller_server-13] [INFO] [1790651100.069929645] [controller_server]: Passing new path to controller.
[controller_server-13] [WARN] [1790651100.194243777] [controller_server]: Control loop missed its desired rate of 8.0000Hz
[planner_server-15] [INFO] [1790651100.508164050] [global_costmap.global_costmap]: StaticLayer: Resizing static layer to 428 X 88 at 0.050000 m/pix
[door_detection_node-21] [INFO] [1790651100.672992270] [door_detection_node]: 문 후보 발행: id=door_blue_4efad4, source=front_right, color=blue, dist=1.32m, conf=1.00, bbox=(98,0,273,240), rep_x=185, center_x=185, angle=-76.1deg, center_angle=-76.1deg, lidar=1.32m, visual=1.95m, goal=(12.70,-0.75), handle=(12.77,-2.00,0.83), handle_obs=True, handle_method=yolo:primary:item, handle_conf=0.77
[state_machine_node-24] [INFO] [1790651100.681915673] [state_machine_node]: 문 접근 목표 보정: door_blue_4efad4 handle_axis=(12.77, -2.00) goal_axis=(12.77, -0.90) wall_axis=(12.77, -2.00) yaw=-90deg
[state_machine_node-24] [INFO] [1790651100.686808257] [state_machine_node]: 문 접근 목표 보정: door_blue_4efad4 handle_axis=(12.77, -2.00) goal_axis=(12.77, -0.90) wall_axis=(12.77, -2.00) yaw=-90deg
[controller_server-13] [INFO] [1790651101.319143951] [controller_server]: Passing new path to controller.
[planner_server-15] [INFO] [1790651101.508381403] [global_costmap.global_costmap]: StaticLayer: Resizing static layer to 429 X 88 at 0.050000 m/pix
[door_detection_node-21] [INFO] [1790651102.203214795] [door_detection_node]: 문 후보 발행: id=door_blue_4efad4, source=front_right, color=blue, dist=1.27m, conf=1.00, bbox=(87,0,278,240), rep_x=182, center_x=182, angle=-75.4deg, center_angle=-75.4deg, lidar=1.26m, visual=1.95m, goal=(12.90,-0.77), handle=(12.77,-2.01,0.83), handle_obs=True, handle_method=yolo:primary:item, handle_conf=0.77
[state_machine_node-24] [INFO] [1790651102.214325286] [state_machine_node]: 문 접근 목표 보정: door_blue_4efad4 handle_axis=(12.77, -2.01) goal_axis=(12.77, -0.91) wall_axis=(12.77, -2.01) yaw=-90deg
[state_machine_node-24] [INFO] [1790651102.217775512] [state_machine_node]: 문 접근 목표 보정: door_blue_4efad4 handle_axis=(12.77, -2.01) goal_axis=(12.77, -0.91) wall_axis=(12.77, -2.01) yaw=-90deg
[planner_server-15] [INFO] [1790651102.511177287] [global_costmap.global_costmap]: StaticLayer: Resizing static layer to 434 X 88 at 0.050000 m/pix
[controller_server-13] [INFO] [1790651102.568987480] [controller_server]: Passing new path to controller.
[door_detection_node-21] [INFO] [1790651102.634039561] [door_detection_node]: Side camera LiDAR range looks too long for the visible door; using visual range (source=front_left, lidar=4.37m, visual=3.21m)
[door_detection_node-21] [INFO] [1790651103.752680647] [door_detection_node]: 문 후보 발행: id=door_blue_4efad4, source=front_right, color=blue, dist=1.17m, conf=1.00, bbox=(81,0,287,240), rep_x=184, center_x=184, angle=-75.9deg, center_angle=-75.9deg, lidar=1.16m, visual=1.95m, goal=(13.05,-0.85), handle=(12.73,-2.06,0.82), handle_obs=True, handle_method=yolo:primary:item, handle_conf=0.74
[state_machine_node-24] [INFO] [1790651103.766101215] [state_machine_node]: 문 접근 목표 보정: door_blue_4efad4 handle_axis=(12.73, -2.06) goal_axis=(12.73, -0.96) wall_axis=(12.73, -2.06) yaw=-90deg
[state_machine_node-24] [INFO] [1790651103.770033928] [state_machine_node]: 문 접근 목표 보정: door_blue_4efad4 handle_axis=(12.73, -2.06) goal_axis=(12.73, -0.96) wall_axis=(12.73, -2.06) yaw=-90deg
[controller_server-13] [INFO] [1790651103.944007510] [controller_server]: Passing new path to controller.
[planner_server-15] [INFO] [1790651104.508009930] [global_costmap.global_costmap]: StaticLayer: Resizing static layer to 437 X 88 at 0.050000 m/pix
[door_detection_node-21] [INFO] [1790651104.865178020] [door_detection_node]: YOLO 후보 제외: source=front, far small dist=7.43m, conf=0.23, bbox=(35,86,81,149)
[controller_server-13] [INFO] [1790651105.193997695] [controller_server]: Passing new path to controller.
[planner_server-15] [INFO] [1790651105.508135098] [global_costmap.global_costmap]: StaticLayer: Resizing static layer to 441 X 88 at 0.050000 m/pix
[door_detection_node-21] [INFO] [1790651105.688412676] [door_detection_node]: 문 후보 발행: id=door_blue_4efad4, source=front_right, color=blue, dist=1.09m, conf=1.00, bbox=(90,0,311,240), rep_x=200, center_x=200, angle=-79.7deg, center_angle=-79.7deg, lidar=1.13m, visual=1.95m, goal=(13.14,-0.94), handle=(12.67,-2.10,0.83), handle_obs=True, handle_method=yolo:primary:item, handle_conf=0.64
[state_machine_node-24] [INFO] [1790651105.697455705] [state_machine_node]: 문 접근 목표 보정: door_blue_4efad4 handle_axis=(12.67, -2.10) goal_axis=(12.67, -1.00) wall_axis=(12.67, -2.10) yaw=-90deg
[state_machine_node-24] [INFO] [1790651105.701256749] [state_machine_node]: 문 접근 목표 보정: door_blue_4efad4 handle_axis=(12.67, -2.10) goal_axis=(12.67, -1.00) wall_axis=(12.67, -2.10) yaw=-90deg
[state_machine_node-24] [WARN] [1790651105.702609666] [state_machine_node]: Locked blue target refined from newer observation: observed_blue_12p3_m1p9 -> observed_blue_12p3_m1p9, goal shift=0.24m, identity=(12.32,-1.97) -> (12.25,-1.76)
[navigation_node-22] [INFO] [1790651105.704731041] [navigation_node]: Navigation goal received: door observed_blue_12p3_m1p9 (color=blue, frame=map, x=12.67, y=-1.00)
[navigation_node-22] [INFO] [1790651105.705532948] [navigation_node]: Ignoring duplicate navigation target for active door: observed_blue_12p3_m1p9
[state_machine_node-24] [INFO] [1790651105.868790894] [state_machine_node]: Nav2 door goal position is near, but yaw is not ready yet: observed_blue_12p3_m1p9, dist=0.30m/0.38m, lateral=-0.19m/0.24m, yaw_error=71deg.
[door_detection_node-21] [INFO] [1790651106.106938515] [door_detection_node]: Side camera LiDAR range looks occluded; using visual range instead (source=front_left, lidar=1.57m, visual=3.27m)
[controller_server-13] [INFO] [1790651106.444001865] [controller_server]: Passing new path to controller.
[planner_server-15] [INFO] [1790651106.508049003] [global_costmap.global_costmap]: StaticLayer: Resizing static layer to 441 X 89 at 0.050000 m/pix
[state_machine_node-24] [INFO] [1790651106.854883630] [state_machine_node]: Nav2 goal is close enough for fine door alignment: observed_blue_12p3_m1p9, dist=0.25m/0.38m, lateral=-0.20m/0.24m, yaw_error=66deg.
[state_machine_node-24] [INFO] [1790651106.856134788] [state_machine_node]: Nav2 goal cancellation requested before door fine alignment.
[navigation_node-22] [INFO] [1790651106.856519817] [navigation_node]: Navigation cancellation requested for manual control handoff.
[bt_navigator-17] [ERROR] [1790651106.887579214] [bt_navigator_navigate_to_pose_rclcpp_node]: Failed to get result for follow_path in node halt!
[bt_navigator-17] [INFO] [1790651106.887844817] [bt_navigator]: [navigate_to_pose] [ActionServer] Client requested to cancel the goal. Cancelling.
[bt_navigator-17] [INFO] [1790651106.888177717] [bt_navigator]: Goal canceled
[state_machine_node-24] [INFO] [1790651106.918681673] [state_machine_node]: Fine door approach started: observed_blue_12p3_m1p9, dist=0.25m, lateral=-0.20m, forward=0.15m, yaw_error=66deg
[state_machine_node-24] [INFO] [1790651106.919901509] [state_machine_node]: Fine door parking translation: observed_blue_12p3_m1p9, dist=0.25m/0.17m, heading_error=53deg, cmd=(0.00, -0.25)
[controller_server-13] [INFO] [1790651106.944005991] [controller_server]: Goal was canceled. Stopping the robot.
[controller_server-13] [INFO] [1790651106.944099674] [controller_server]: [follow_path] [ActionServer] Client requested to cancel the goal. Cancelling.
[door_detection_node-21] [INFO] [1790651107.106463589] [door_detection_node]: HSV candidate rejected: color=blue, edge-clipped bbox=(112,0,320,240), width_ratio=0.65
[planner_server-15] [INFO] [1790651107.508014759] [global_costmap.global_costmap]: StaticLayer: Resizing static layer to 444 X 89 at 0.050000 m/pix
[state_machine_node-24] [INFO] [1790651107.827197379] [state_machine_node]: Fine door parking translation: observed_blue_12p3_m1p9, dist=0.24m/0.17m, heading_error=50deg, cmd=(0.00, -0.25)
[door_detection_node-21] [INFO] [1790651108.083467677] [door_detection_node]: 문 후보 발행: id=door_blue_2ae92f, source=front_left, color=blue, dist=3.08m, conf=0.64, bbox=(125,41,172,193), rep_x=148, center_x=148, angle=72.9deg, center_angle=72.9deg, lidar=1.53m, visual=3.08m, goal=(14.25,0.28), handle=(14.86,1.37,1.00), handle_obs=True, handle_method=estimated, handle_conf=0.00
[state_machine_node-24] [INFO] [1790651108.794874079] [state_machine_node]: Fine door parking translation: observed_blue_12p3_m1p9, dist=0.24m/0.17m, heading_error=46deg, cmd=(0.00, -0.25)
[state_machine_node-24] [INFO] [1790651109.272164331] [state_machine_node]: 문 접근 목표 보정: door_blue_4efad4 handle_axis=(12.61, -1.85) goal_axis=(12.61, -0.75) wall_axis=(12.61, -1.85) yaw=-90deg
[state_machine_node-24] [INFO] [1790651109.277831547] [state_machine_node]: 문 접근 목표 보정: door_blue_4efad4 handle_axis=(12.61, -1.85) goal_axis=(12.61, -0.75) wall_axis=(12.61, -1.85) yaw=-90deg
[state_machine_node-24] [INFO] [1790651109.298268292] [state_machine_node]: 문 접근 목표 보정: door_blue_4efad4 handle_axis=(12.61, -1.85) goal_axis=(12.61, -0.75) wall_axis=(12.61, -1.85) yaw=-90deg
[door_detection_node-21] [INFO] [1790651109.646149166] [door_detection_node]: Side camera LiDAR range looks occluded; using visual range instead (source=front_left, lidar=1.57m, visual=3.02m)
[state_machine_node-24] [INFO] [1790651109.763555322] [state_machine_node]: Fine door parking translation: observed_blue_12p3_m1p9, dist=0.24m/0.17m, heading_error=45deg, cmd=(0.00, -0.25)
[door_detection_node-21] [INFO] [1790651110.062133473] [door_detection_node]: 문 후보 발행: id=door_blue_2ae92f, source=front_left, color=blue, dist=3.02m, conf=0.68, bbox=(81,39,130,194), rep_x=105, center_x=105, angle=83.2deg, center_angle=83.2deg, lidar=1.52m, visual=3.02m, goal=(14.03,0.38), handle=(14.82,1.35,1.00), handle_obs=True, handle_method=estimated, handle_conf=0.00
[door_detection_node-21] [INFO] [1790651110.080895062] [door_detection_node]: YOLO 후보 제외: source=front_left, far small dist=8.67m, conf=0.26, bbox=(263,82,315,153)
[planner_server-15] [INFO] [1790651110.508013958] [global_costmap.global_costmap]: StaticLayer: Resizing static layer to 447 X 89 at 0.050000 m/pix
[state_machine_node-24] [INFO] [1790651110.731834602] [state_machine_node]: Fine door parking translation: observed_blue_12p3_m1p9, dist=0.23m/0.17m, heading_error=39deg, cmd=(0.00, -0.25)
[state_machine_node-24] [INFO] [1790651111.148246783] [state_machine_node]: 문 접근 목표 보정: door_blue_b07aa8 handle_axis=(12.67, -1.83) goal_axis=(12.67, -0.73) wall_axis=(12.67, -1.83) yaw=-90deg
[state_machine_node-24] [INFO] [1790651111.153347538] [state_machine_node]: 문 접근 목표 보정: door_blue_b07aa8 handle_axis=(12.67, -1.83) goal_axis=(12.67, -0.73) wall_axis=(12.67, -1.83) yaw=-90deg
[state_machine_node-24] [INFO] [1790651111.174175238] [state_machine_node]: 문 접근 목표 보정: door_blue_b07aa8 handle_axis=(12.67, -1.83) goal_axis=(12.67, -0.73) wall_axis=(12.67, -1.83) yaw=-90deg
[state_machine_node-24] [INFO] [1790651111.681175522] [state_machine_node]: Fine door parking translation: observed_blue_12p3_m1p9, dist=0.24m/0.17m, heading_error=36deg, cmd=(0.00, -0.25)
[door_detection_node-21] [INFO] [1790651111.823627114] [door_detection_node]: 문 후보 발행: id=door_blue_50cef4, source=front_left, color=blue, dist=2.82m, conf=0.47, bbox=(42,34,94,200), rep_x=68, center_x=68, angle=91.5deg, center_angle=91.5deg, lidar=1.52m, visual=2.82m, goal=(13.76,0.35), handle=(14.68,1.20,1.00), handle_obs=True, handle_method=estimated, handle_conf=0.00
[door_detection_node-21] [INFO] [1790651112.221286824] [door_detection_node]: HSV candidate rejected: color=blue, edge-clipped bbox=(0,0,203,240), width_ratio=0.63
[state_machine_node-24] [INFO] [1790651112.620345468] [state_machine_node]: Fine door parking translation: observed_blue_12p3_m1p9, dist=0.24m/0.17m, heading_error=24deg, cmd=(0.07, -0.14)
[door_detection_node-21] [INFO] [1790651113.103079678] [door_detection_node]: Side camera LiDAR range looks occluded; using visual range instead (source=front_left, lidar=1.55m, visual=2.60m)
[door_detection_node-21] [INFO] [1790651113.448345760] [door_detection_node]: 문 후보 발행: id=door_blue_50cef4, source=front_left, color=blue, dist=2.60m, conf=0.43, bbox=(0,29,60,209), rep_x=30, center_x=30, angle=99.1deg, center_angle=99.1deg, lidar=1.52m, visual=2.60m, goal=(13.44,0.35), handle=(14.45,1.09,1.00), handle_obs=True, handle_method=estimated, handle_conf=0.00
[door_detection_node-21] [INFO] [1790651113.463518823] [door_detection_node]: YOLO 후보 제외: source=front_left, far small dist=4.58m, conf=0.42, bbox=(283,65,301,167)
[state_machine_node-24] [INFO] [1790651113.587831632] [state_machine_node]: Fine door parking translation: observed_blue_12p3_m1p9, dist=0.21m/0.17m, heading_error=26deg, cmd=(0.07, -0.14)
[state_machine_node-24] [INFO] [1790651114.528902533] [state_machine_node]: Fine door parking translation: observed_blue_12p3_m1p9, dist=0.18m/0.17m, heading_error=31deg, cmd=(0.00, -0.25)
[door_detection_node-21] [INFO] [1790651115.088868157] [door_detection_node]: 문 후보 발행: id=door_blue_50cef4, source=front_left, color=blue, dist=2.71m, conf=0.51, bbox=(0,32,33,205), rep_x=16, center_x=16, angle=101.6deg, center_angle=101.6deg, lidar=1.48m, visual=2.71m, goal=(13.55,0.40), handle=(14.60,1.08,1.00), handle_obs=True, handle_method=estimated, handle_conf=0.00
[state_machine_node-24] [INFO] [1790651115.469740515] [state_machine_node]: Fine door parking translation: observed_blue_12p3_m1p9, dist=0.18m/0.17m, heading_error=28deg, cmd=(0.00, -0.25)
[state_machine_node-24] [INFO] [1790651116.414239398] [state_machine_node]: Fine door final yaw alignment: observed_blue_12p3_m1p9, dist=0.17m/0.17m, yaw_error=28deg, cmd=(0.00, -0.25)
[state_machine_node-24] [INFO] [1790651117.367800576] [state_machine_node]: Fine door final yaw alignment: observed_blue_12p3_m1p9, dist=0.17m/0.17m, yaw_error=23deg, cmd=(0.00, -0.25)
[door_detection_node-21] [INFO] [1790651117.388848258] [door_detection_node]: 문 후보 발행: id=door_blue_4b0283, source=front, color=blue, dist=1.05m, conf=0.95, bbox=(246,138,320,240), rep_x=283, center_x=283, angle=-27.7deg, center_angle=-27.7deg, lidar=1.03m, visual=4.59m, goal=(13.73,-1.40), handle=(12.56,-1.85,1.00), handle_obs=False, handle_method=estimated, handle_conf=0.00
[state_machine_node-24] [INFO] [1790651118.298318813] [state_machine_node]: Fine door final yaw alignment: observed_blue_12p3_m1p9, dist=0.17m/0.17m, yaw_error=18deg, cmd=(0.00, -0.23)
[state_machine_node-24] [INFO] [1790651119.234823514] [state_machine_node]: Fine door final yaw alignment: observed_blue_12p3_m1p9, dist=0.17m/0.17m, yaw_error=10deg, cmd=(0.00, -0.13)
[planner_server-15] [INFO] [1790651119.508157405] [global_costmap.global_costmap]: StaticLayer: Resizing static layer to 447 X 89 at 0.050000 m/pix
[door_detection_node-21] [INFO] [1790651119.800036015] [door_detection_node]: 문 후보 발행: id=door_blue_4b0283, source=front, color=blue, dist=1.04m, conf=1.00, bbox=(177,0,320,240), rep_x=248, center_x=248, angle=-20.6deg, center_angle=-20.6deg, lidar=1.04m, visual=1.95m, goal=(13.67,-1.68), handle=(12.43,-1.84,1.00), handle_obs=False, handle_method=estimated, handle_conf=0.00
[state_machine_node-24] [INFO] [1790651120.167445661] [state_machine_node]: Fine door final yaw alignment: observed_blue_12p3_m1p9, dist=0.17m/0.17m, yaw_error=7deg, cmd=(0.00, -0.09)
[state_machine_node-24] [INFO] [1790651121.129089623] [state_machine_node]: Fine door final yaw alignment: observed_blue_12p3_m1p9, dist=0.17m/0.17m, yaw_error=6deg, cmd=(0.00, -0.08)
[door_detection_node-21] [INFO] [1790651121.439632206] [door_detection_node]: 문 후보 발행: id=door_blue_3c91b6, source=front, color=blue, dist=1.02m, conf=1.00, bbox=(153,0,320,240), rep_x=236, center_x=236, angle=-18.0deg, center_angle=-18.0deg, lidar=1.05m, visual=1.95m, goal=(12.60,-1.11), handle=(12.59,-1.84,0.85), handle_obs=True, handle_method=hsv, handle_conf=0.98
[state_machine_node-24] [INFO] [1790651121.445974581] [state_machine_node]: 문 접근 목표 보정: door_blue_3c91b6 handle_axis=(12.59, -1.84) goal_axis=(12.59, -0.74) wall_axis=(12.59, -1.84) yaw=-90deg
[state_machine_node-24] [INFO] [1790651121.450743312] [state_machine_node]: 문 접근 목표 보정: door_blue_3c91b6 handle_axis=(12.59, -1.84) goal_axis=(12.59, -0.74) wall_axis=(12.59, -1.84) yaw=-90deg
[state_machine_node-24] [INFO] [1790651121.472335881] [state_machine_node]: 문 접근 목표 보정: door_blue_3c91b6 handle_axis=(12.59, -1.84) goal_axis=(12.59, -0.74) wall_axis=(12.59, -1.84) yaw=-90deg
[state_machine_node-24] [INFO] [1790651122.046950772] [state_machine_node]: 문 앞 정렬 완료. 2.8s 정지 후 개방합니다.
[door_detection_node-21] [INFO] [1790651122.580809922] [door_detection_node]: HSV candidate rejected: color=blue, edge-clipped bbox=(138,0,320,240), width_ratio=0.57
[door_detection_node-21] [INFO] [1790651125.193291552] [door_detection_node]: HSV candidate rejected: color=blue, edge-clipped bbox=(138,0,320,240), width_ratio=0.57
[state_machine_node-24] [INFO] [1790651127.345043621] [state_machine_node]: Final handle refreshed from current observation: observed_blue_12p3_m1p9, method=hsv, point=(12.589,-1.843,0.852)
[state_machine_node-24] [INFO] [1790651127.443041415] [state_machine_node]: Observed blue target observed_blue_12p3_m1p9 confirmed by current same-wall live blue evidence before opening (candidate=door_blue_fed083, progress_gap=0.00/0.90, lateral_gap=0.00/0.48, conf=1.00/0.58).
[state_machine_node-24] [INFO] [1790651127.444689166] [state_machine_node]: Observed blue target observed_blue_12p3_m1p9 accepted for opening from recheckable mapped wall memory after close alignment (count=40, conf=1.00, progress_gap=0.24m, lateral_gap=0.01m).
[door_detection_node-21] [INFO] [1790651127.572824082] [door_detection_node]: HSV candidate rejected: color=blue, edge-clipped bbox=(138,0,320,240), width_ratio=0.57
[state_machine_node-24] [INFO] [1790651127.728077116] [state_machine_node]: Live blue confirmation (5.3, -1.1) rejected: same-wall blue observation is inside the opened-door remnant window (opened_progress=6.4m, gap=-1.1m, window=2.4m).
[state_machine_node-24] [INFO] [1790651127.757895484] [state_machine_node]: State: NAVIGATING → OPENING_DOOR
[state_machine_node-24] [INFO] [1790651128.240590322] [state_machine_node]: 문 개방 요청 손잡이: id=observed_blue_12p3_m1p9__axis_p12p59_m1p84, method=hsv, conf=0.98, frame=map, pos=(12.589,-1.843,0.852)
[navigation_visit_node-23] [INFO] [1790651128.242465308] [navigation_visit_node]: NAVIGATION_VISIT {"scope": "navigation_only", "physical_opening": false, "door_id": "observed_blue_12p3_m1p9__axis_p12p59_m1p84", "sim_time": 313.5, "robot": [12.716069929867693, -0.8155400484267368, -1.5795050824291514], "observed_handle": [12.589115622689974, -1.843066384842735, 0.8523785805038657], "distance_m": 1.035339445853126, "bearing_error_rad": -0.11422157904884057}
[state_machine_node-24] [INFO] [1790651128.244660281] [state_machine_node]: Selected observation memory completed: observed_blue_12p3_m1p9; original candidate excluded after position refinement.
[state_machine_node-24] [INFO] [1790651128.262421357] [state_machine_node]: 열린 파란 문 재관측 후보 1개 정리. 다음 목표 선택에서 제외합니다.
[state_machine_node-24] [INFO] [1790651128.263431648] [state_machine_node]: 문 개방 성공: observed_blue_12p3_m1p9  누적 개방: 4개
[state_machine_node-24] [INFO] [1790651128.264117726] [state_machine_node]: State: OPENING_DOOR → DOOR_OPENED
[state_machine_node-24] [INFO] [1790651129.139164576] [state_machine_node]: 다음 파란 문 탐색 시작 (개방 완료: 4개)
[state_machine_node-24] [INFO] [1790651129.139947922] [state_machine_node]: State: DOOR_OPENED → EXPLORING
[state_machine_node-24] [INFO] [1790651130.013747068] [state_machine_node]: Post-open side retreat started: lateral=-0.82m, target_abs=0.48m.
[state_machine_node-24] [INFO] [1790651130.015128183] [state_machine_node]: Post-open side retreat: lateral=-0.82m, moved=0.00/1.10m, yaw_error=-180deg, cmd=(0.00, -0.50)
[door_detection_node-21] [INFO] [1790651130.543857068] [door_detection_node]: HSV candidate rejected: color=blue, edge-clipped bbox=(131,0,320,240), width_ratio=0.59
[door_detection_node-21] [INFO] [1790651131.102315840] [door_detection_node]: YOLO 후보 제외: source=front_left, far small dist=4.54m, conf=0.26, bbox=(66,68,80,166)
[door_detection_node-21] [INFO] [1790651131.688488667] [door_detection_node]: 문 후보 발행: id=door_blue_3c91b6, source=front, color=blue, dist=1.11m, conf=1.00, bbox=(74,0,289,240), rep_x=181, center_x=181, angle=-5.1deg, center_angle=-5.1deg, lidar=1.12m, visual=1.95m, goal=(12.60,-1.10), handle=(12.64,-1.85,0.83), handle_obs=True, handle_method=yolo:primary:item, handle_conf=0.31
[state_machine_node-24] [INFO] [1790651131.698713980] [state_machine_node]: Blue candidate door_blue_3c91b6 ignored: physical/opened door station already handled nearby at (12.31, -1.86).
[state_machine_node-24] [INFO] [1790651131.886703224] [state_machine_node]: Post-open side retreat: lateral=-0.83m, moved=0.00/1.10m, yaw_error=-155deg, cmd=(0.00, -0.50)
[planner_server-15] [INFO] [1790651133.508139661] [global_costmap.global_costmap]: StaticLayer: Resizing static layer to 447 X 89 at 0.050000 m/pix
[door_detection_node-21] [INFO] [1790651133.674196692] [door_detection_node]: Side camera LiDAR range looks occluded; using visual range instead (source=front_right, lidar=2.36m, visual=3.93m)
[state_machine_node-24] [INFO] [1790651133.868865846] [state_machine_node]: Post-open side retreat: lateral=-0.83m, moved=0.00/1.10m, yaw_error=-135deg, cmd=(0.00, -0.50)
[door_detection_node-21] [INFO] [1790651133.898176475] [door_detection_node]: 문 후보 발행: id=door_blue_5a1262, source=front_right, color=blue, dist=3.93m, conf=0.44, bbox=(246,51,290,170), rep_x=268, center_x=268, angle=-94.8deg, center_angle=-94.8deg, lidar=2.43m, visual=3.93m, goal=(12.01,0.15), handle=(11.07,0.97,0.86), handle_obs=True, handle_method=yolo:primary:item, handle_conf=0.27
[state_machine_node-24] [INFO] [1790651134.853928712] [state_machine_node]: Blue candidate door_blue_5bc10a ignored: physical/opened door station already handled nearby at (12.22, -1.82).
[door_detection_node-21] [INFO] [1790651135.710699080] [door_detection_node]: 문 후보 발행: id=door_blue_94754e, source=front_left, color=blue, dist=1.09m, conf=1.00, bbox=(226,140,320,240), rep_x=273, center_x=273, angle=44.2deg, center_angle=44.2deg, lidar=1.11m, visual=4.68m, goal=(11.83,-0.82), handle=(12.51,-1.88,1.00), handle_obs=False, handle_method=estimated, handle_conf=0.00
[state_machine_node-24] [INFO] [1790651135.762199214] [state_machine_node]: Post-open side retreat: lateral=-0.83m, moved=0.00/1.10m, yaw_error=-118deg, cmd=(0.00, -0.50)
[door_detection_node-21] [INFO] [1790651136.567749210] [door_detection_node]: Side camera LiDAR range looks occluded; using visual range instead (source=front_right, lidar=2.34m, visual=4.25m)
[door_detection_node-21] [INFO] [1790651137.436391374] [door_detection_node]: HSV candidate rejected: color=blue, edge-clipped bbox=(101,0,320,240), width_ratio=0.68
[state_machine_node-24] [INFO] [1790651137.629229440] [state_machine_node]: Post-open side retreat: lateral=-0.85m, moved=0.00/1.10m, yaw_error=-99deg, cmd=(0.00, -0.50)
[door_detection_node-21] [INFO] [1790651137.789143380] [door_detection_node]: YOLO 후보 제외: source=front, far small dist=8.79m, conf=0.23, bbox=(286,91,300,146)
[door_detection_node-21] [INFO] [1790651138.746473121] [door_detection_node]: 문 후보 발행: id=door_blue_409186, source=front_right, color=blue, dist=3.87m, conf=0.43, bbox=(24,49,66,170), rep_x=45, center_x=45, angle=-43.8deg, center_angle=-43.8deg, lidar=2.52m, visual=3.87m, goal=(9.88,0.46), handle=(9.83,1.71,1.00), handle_obs=True, handle_method=estimated, handle_conf=0.00
[state_machine_node-24] [INFO] [1790651138.755928243] [state_machine_node]: Blue candidate door_blue_409186 ignored: physical/opened door station already handled nearby at (9.83, 1.71).
[state_machine_node-24] [INFO] [1790651139.469812163] [state_machine_node]: Post-open side retreat: lateral=-0.91m, moved=0.00/1.10m, yaw_error=-75deg, cmd=(0.00, -0.50)
[planner_server-15] [INFO] [1790651139.508122701] [global_costmap.global_costmap]: StaticLayer: Resizing static layer to 447 X 89 at 0.050000 m/pix
[door_detection_node-21] [INFO] [1790651141.031880254] [door_detection_node]: 문 후보 발행: id=door_blue_7bb12e, source=front, color=blue, dist=4.18m, conf=0.33, bbox=(218,55,257,167), rep_x=237, center_x=237, angle=-18.2deg, center_angle=-18.2deg, lidar=3.90m, visual=4.18m, goal=(9.15,0.84), handle=(9.68,1.97,1.00), handle_obs=True, handle_method=estimated, handle_conf=0.00
[state_machine_node-24] [INFO] [1790651141.354409828] [state_machine_node]: Post-open side retreat: lateral=-0.93m, moved=0.00/1.10m, yaw_error=-53deg, cmd=(0.00, -0.50)
[planner_server-15] [INFO] [1790651141.508167127] [global_costmap.global_costmap]: StaticLayer: Resizing static layer to 447 X 90 at 0.050000 m/pix
[state_machine_node-24] [INFO] [1790651141.802836542] [state_machine_node]: Blue candidate door_blue_fc1a76 ignored: physical/opened door station already handled nearby at (12.15, -1.95).
[door_detection_node-21] [INFO] [1790651142.551438245] [door_detection_node]: 문 후보 발행: id=door_blue_7bb12e, source=front, color=blue, dist=4.37m, conf=0.31, bbox=(150,57,187,164), rep_x=168, center_x=168, angle=-2.0deg, center_angle=-2.0deg, lidar=3.96m, visual=4.37m, goal=(10.69,1.13), handle=(9.65,2.20,1.00), handle_obs=True, handle_method=estimated, handle_conf=0.00
[state_machine_node-24] [INFO] [1790651143.207584036] [state_machine_node]: Post-open side retreat: lateral=-0.94m, moved=0.00/1.10m, yaw_error=-35deg, cmd=(0.00, -0.50)
[door_detection_node-21] [INFO] [1790651144.692742030] [door_detection_node]: 문 후보 발행: id=door_blue_efa1fb, source=front, color=blue, dist=4.11m, conf=0.37, bbox=(57,54,99,168), rep_x=78, center_x=78, angle=19.3deg, center_angle=19.3deg, lidar=3.96m, visual=4.11m, goal=(10.81,2.44), handle=(9.70,1.86,1.00), handle_obs=True, handle_method=estimated, handle_conf=0.00
[state_machine_node-24] [INFO] [1790651145.069710966] [state_machine_node]: Post-open side retreat: lateral=-0.94m, moved=0.00/1.10m, yaw_error=-17deg, cmd=(0.00, -0.50)
[state_machine_node-24] [INFO] [1790651146.923199951] [state_machine_node]: Post-open side retreat: lateral=-0.89m, moved=0.00/1.10m, yaw_error=-5deg, cmd=(0.18, -0.06)
[door_detection_node-21] [INFO] [1790651147.216956916] [door_detection_node]: 문 후보 발행: id=door_blue_10483e, source=front_left, color=blue, dist=3.94m, conf=0.31, bbox=(252,49,298,174), rep_x=275, center_x=275, angle=43.8deg, center_angle=43.8deg, lidar=3.97m, visual=3.74m, goal=(11.04,1.87), handle=(9.79,1.76,0.86), handle_obs=True, handle_method=yolo:primary:item, handle_conf=0.25
[state_machine_node-24] [INFO] [1790651147.226701625] [state_machine_node]: Blue candidate door_blue_10483e ignored: physical/opened door station already handled nearby at (9.67, 1.69).
[door_detection_node-21] [INFO] [1790651148.557585456] [door_detection_node]: Side camera visual fallback rejected (source=front_left, lidar=3.98m, visual=5.51m > 4.50m)
[state_machine_node-24] [INFO] [1790651148.810374611] [state_machine_node]: Post-open side retreat: lateral=-0.71m, moved=0.11/1.10m, yaw_error=-2deg, cmd=(0.18, -0.03)
[door_detection_node-21] [INFO] [1790651148.915159563] [door_detection_node]: 문 후보 발행: id=door_blue_10483e, source=front_left, color=blue, dist=3.87m, conf=0.24, bbox=(233,49,273,176), rep_x=253, center_x=253, angle=48.3deg, center_angle=48.3deg, lidar=3.86m, visual=3.69m, goal=(10.86,1.75), handle=(9.61,1.69,1.00), handle_obs=True, handle_method=estimated, handle_conf=0.00
[state_machine_node-24] [INFO] [1790651149.855479332] [state_machine_node]: Post-open side retreat: lateral=-0.61m, moved=0.21/1.10m, yaw_error=-1deg, cmd=(0.18, -0.02)
[door_detection_node-21] [INFO] [1790651150.985559306] [door_detection_node]: 문 후보 발행: id=door_blue_69cd8c, source=front_left, color=blue, dist=3.86m, conf=0.39, bbox=(216,50,255,186), rep_x=235, center_x=235, angle=52.2deg, center_angle=52.2deg, lidar=3.70m, visual=3.44m, goal=(10.77,1.77), handle=(9.52,1.74,1.00), handle_obs=True, handle_method=estimated, handle_conf=0.00
[state_machine_node-24] [INFO] [1790651150.994544853] [state_machine_node]: Blue candidate door_blue_69cd8c ignored: physical/opened door station already handled nearby at (9.52, 1.74).
[door_detection_node-21] [INFO] [1790651151.007541786] [door_detection_node]: Side camera LiDAR range looks too long for the visible door; using visual range (source=front_left, lidar=6.90m, visual=4.18m)
[door_detection_node-21] [INFO] [1790651151.008424211] [door_detection_node]: YOLO 후보 제외: source=front_left, far small dist=4.18m, conf=0.31, bbox=(8,73,25,185)
[state_machine_node-24] [INFO] [1790651151.757394716] [state_machine_node]: Post-open side retreat complete: lateral=0.43m <= target=0.48m
[state_machine_node-24] [INFO] [1790651151.848415173] [state_machine_node]: 문 접근 목표 보정: observed_blue_15p4_2p0 handle_axis=(15.37, 2.01) goal_axis=(15.37, 0.91) wall_axis=(15.37, 2.01) yaw=90deg
[state_machine_node-24] [INFO] [1790651151.864613753] [state_machine_node]: 문 접근 목표 보정: observed_blue_15p4_2p0 handle_axis=(15.37, 2.01) goal_axis=(15.37, 0.91) wall_axis=(15.37, 2.01) yaw=90deg
[state_machine_node-24] [INFO] [1790651151.867921652] [state_machine_node]: 문 접근 목표 보정: observed_blue_15p4_2p0 handle_axis=(15.37, 2.01) goal_axis=(15.37, 0.91) wall_axis=(15.37, 2.01) yaw=90deg
[state_machine_node-24] [WARN] [1790651151.872481030] [state_machine_node]: Blue target observed_blue_15p4_2p0 retained for revisit: stable unopened blue memory must be checked before exit even when it is behind the farthest opened station.
[state_machine_node-24] [INFO] [1790651151.877597217] [state_machine_node]: 문 접근 목표 보정: observed_blue_15p4_2p0 handle_axis=(15.37, 2.01) goal_axis=(15.37, 0.91) wall_axis=(15.37, 2.01) yaw=90deg
[state_machine_node-24] [INFO] [1790651151.879162997] [state_machine_node]: 문 접근 목표 보정: observed_blue_15p4_2p0 handle_axis=(15.37, 2.01) goal_axis=(15.37, 0.91) wall_axis=(15.37, 2.01) yaw=90deg
[state_machine_node-24] [INFO] [1790651151.881166843] [state_machine_node]: LiDAR+camera segment map 사전 스캔 시작: observed_blue_15p4_2p0
[door_detection_node-21] [INFO] [1790651151.911901202] [door_detection_node]: Side camera visual fallback rejected (source=front_right, lidar=1.89m, visual=7.20m > 4.50m)
[door_detection_node-21] [INFO] [1790651152.426645655] [door_detection_node]: Side camera LiDAR range looks occluded; using visual range instead (source=front_left, lidar=1.93m, visual=3.27m)
[state_machine_node-24] [INFO] [1790651152.745041180] [state_machine_node]: 문 접근 목표 보정: observed_blue_15p4_2p0 handle_axis=(15.37, 2.01) goal_axis=(15.37, 0.91) wall_axis=(15.37, 2.01) yaw=90deg
[door_detection_node-21] [INFO] [1790651152.802198351] [door_detection_node]: 문 후보 발행: id=door_blue_69cd8c, source=front_left, color=blue, dist=3.27m, conf=0.42, bbox=(206,49,246,192), rep_x=226, center_x=226, angle=54.2deg, center_angle=54.2deg, lidar=1.81m, visual=3.27m, goal=(11.20,1.48), handle=(9.95,1.46,1.00), handle_obs=True, handle_method=estimated, handle_conf=0.00
[state_machine_node-24] [INFO] [1790651153.691704849] [state_machine_node]: 문 접근 목표 보정: observed_blue_15p4_2p0 handle_axis=(15.37, 2.01) goal_axis=(15.37, 0.91) wall_axis=(15.37, 2.01) yaw=90deg
[state_machine_node-24] [INFO] [1790651154.606142441] [state_machine_node]: 문 접근 목표 보정: observed_blue_15p4_2p0 handle_axis=(15.37, 2.01) goal_axis=(15.37, 0.91) wall_axis=(15.37, 2.01) yaw=90deg
[state_machine_node-24] [INFO] [1790651154.609085485] [state_machine_node]: 사전 스캔 완료. Nav2가 segment map 기반 경로를 계획합니다: observed_blue_15p4_2p0
[door_detection_node-21] [INFO] [1790651154.616102262] [door_detection_node]: Side camera LiDAR range looks occluded; using visual range instead (source=front_left, lidar=1.82m, visual=3.27m)
[state_machine_node-24] [INFO] [1790651154.643380992] [state_machine_node]: Locked blue target after pre-scan: observed_blue_15p4_2p0 opened=4 retry=0/2
[state_machine_node-24] [INFO] [1790651154.644168371] [state_machine_node]: State: EXPLORING → NAVIGATING
[navigation_node-22] [INFO] [1790651154.646799102] [navigation_node]: Navigation goal received: door observed_blue_15p4_2p0 (color=blue, frame=map, x=15.37, y=0.91)
[bt_navigator-17] [INFO] [1790651154.788738739] [bt_navigator]: Begin navigating from current location (12.63, -0.42) to (15.37, 0.91)
[navigation_node-22] [INFO] [1790651154.790173772] [navigation_node]: Navigation goal accepted by Nav2
[door_detection_node-21] [INFO] [1790651154.967204620] [door_detection_node]: 문 후보 발행: id=door_blue_69cd8c, source=front_left, color=blue, dist=3.27m, conf=0.42, bbox=(206,49,246,192), rep_x=226, center_x=226, angle=54.2deg, center_angle=54.2deg, lidar=1.79m, visual=3.27m, goal=(11.20,1.48), handle=(9.95,1.46,1.00), handle_obs=True, handle_method=estimated, handle_conf=0.00
[state_machine_node-24] [INFO] [1790651154.975067615] [state_machine_node]: Blue candidate door_blue_69cd8c ignored: physical/opened door station already handled nearby at (9.95, 1.46).
[controller_server-13] [INFO] [1790651154.989882383] [controller_server]: Received a goal, begin computing control effort.
[state_machine_node-24] [WARN] [1790651155.431306019] [state_machine_node]: Fine alignment blocked by costmap: occupied, inscribed, unknown or out-of-map approach segment; retaining Nav2/reobservation.
[state_machine_node-24] [INFO] [1790651155.904588118] [state_machine_node]: 문 접근 목표 보정: door_blue_8a61bc handle_axis=(15.22, 1.71) goal_axis=(15.22, 0.61) wall_axis=(15.22, 1.71) yaw=90deg
[state_machine_node-24] [INFO] [1790651155.907583337] [state_machine_node]: 문 접근 목표 보정: door_blue_8a61bc handle_axis=(15.22, 1.71) goal_axis=(15.22, 0.61) wall_axis=(15.22, 1.71) yaw=90deg
[state_machine_node-24] [WARN] [1790651155.908738320] [state_machine_node]: Locked blue target refined from newer observation: observed_blue_15p4_2p0 -> observed_blue_15p4_2p0, goal shift=0.33m, identity=(15.37,2.01) -> (15.22,1.71)
[navigation_node-22] [INFO] [1790651155.910500111] [navigation_node]: Navigation goal received: door observed_blue_15p4_2p0 (color=blue, frame=map, x=15.22, y=0.61)
[navigation_node-22] [WARN] [1790651155.911329732] [navigation_node]: Already navigating. Preempting current goal without an explicit stop before retargeting to: observed_blue_15p4_2p0
[door_detection_node-21] [INFO] [1790651155.921237478] [door_detection_node]: Side camera visual fallback rejected (source=front_right, lidar=1.94m, visual=7.20m > 4.50m)
[navigation_node-22] [INFO] [1790651156.065092715] [navigation_node]: Navigation goal accepted by Nav2
[bt_navigator-17] [INFO] [1790651156.089635088] [bt_navigator]: Received goal preemption request
[bt_navigator-17] [INFO] [1790651156.090042907] [bt_navigator]: Begin navigating from current location (12.63, -0.42) to (15.22, 0.61)
[controller_server-13] [INFO] [1790651156.365727607] [controller_server]: Passing new path to controller.
[door_detection_node-21] [INFO] [1790651156.856121018] [door_detection_node]: 문 후보 발행: id=door_blue_69cd8c, source=front_left, color=blue, dist=3.27m, conf=0.42, bbox=(206,49,246,192), rep_x=226, center_x=226, angle=54.2deg, center_angle=54.2deg, lidar=1.65m, visual=3.27m, goal=(11.20,1.48), handle=(9.95,1.47,1.00), handle_obs=True, handle_method=estimated, handle_conf=0.00
[door_detection_node-21] [INFO] [1790651157.395366502] [door_detection_node]: Side camera LiDAR range looks too long for the visible door; using visual range (source=front_right, lidar=3.40m, visual=2.42m)
[controller_server-13] [INFO] [1790651157.615922561] [controller_server]: Passing new path to controller.
[state_machine_node-24] [INFO] [1790651157.772004238] [state_machine_node]: 문 접근 목표 보정: door_blue_409186 handle_axis=(14.53, 1.13) goal_axis=(14.53, 0.03) wall_axis=(14.53, 1.13) yaw=90deg
[state_machine_node-24] [INFO] [1790651157.774541407] [state_machine_node]: Locked blue target refine skipped: door_blue_409186 total drift progress=0.83m, xy=1.21m > 1.05m from locked anchor
[state_machine_node-24] [WARN] [1790651158.250133912] [state_machine_node]: Fine alignment blocked by costmap: occupied, inscribed, unknown or out-of-map approach segment; retaining Nav2/reobservation.
[door_detection_node-21] [INFO] [1790651158.597020626] [door_detection_node]: Side camera LiDAR range looks occluded; using visual range instead (source=front_left, lidar=1.53m, visual=3.39m)
[door_detection_node-21] [INFO] [1790651158.971166763] [door_detection_node]: 문 후보 발행: id=door_blue_2ae92f, source=front_left, color=blue, dist=3.39m, conf=0.39, bbox=(121,51,155,189), rep_x=138, center_x=138, angle=75.4deg, center_angle=75.4deg, lidar=1.46m, visual=3.39m, goal=(10.95,1.20), handle=(9.76,1.56,1.00), handle_obs=True, handle_method=estimated, handle_conf=0.00
[state_machine_node-24] [INFO] [1790651158.984640617] [state_machine_node]: Blue candidate door_blue_2ae92f ignored: physical/opened door station already handled nearby at (9.76, 1.56).
[controller_server-13] [INFO] [1790651158.990713433] [controller_server]: Passing new path to controller.
[controller_server-13] [INFO] [1790651160.240723666] [controller_server]: Passing new path to controller.
[door_detection_node-21] [INFO] [1790651160.869703322] [door_detection_node]: Side camera LiDAR range looks occluded; using visual range instead (source=front_left, lidar=1.40m, visual=3.14m)
[state_machine_node-24] [WARN] [1790651161.152365253] [state_machine_node]: Fine alignment blocked by costmap: occupied, inscribed, unknown or out-of-map approach segment; retaining Nav2/reobservation.
[door_detection_node-21] [INFO] [1790651161.212813545] [door_detection_node]: 문 후보 발행: id=door_blue_50cef4, source=front_left, color=blue, dist=3.14m, conf=0.29, bbox=(37,48,72,197), rep_x=54, center_x=54, angle=94.4deg, center_angle=94.4deg, lidar=1.49m, visual=3.14m, goal=(11.00,0.83), handle=(9.96,1.53,1.00), handle_obs=True, handle_method=estimated, handle_conf=0.00
[controller_server-13] [INFO] [1790651161.490727444] [controller_server]: Passing new path to controller.
[door_detection_node-21] [INFO] [1790651161.561917868] [door_detection_node]: Front lateral LiDAR range looks too long for the visible door; using visual range (lidar=3.27m, visual=2.44m)
[state_machine_node-24] [INFO] [1790651161.937524281] [state_machine_node]: 문 접근 목표 보정: door_blue_801db8 handle_axis=(14.81, 1.25) goal_axis=(14.81, 0.15) wall_axis=(14.81, 1.25) yaw=90deg
[state_machine_node-24] [INFO] [1790651161.940095070] [state_machine_node]: Locked blue target refine skipped: door_blue_801db8 moved inward 2.01m -> 1.25m from mission axis.
[controller_server-13] [INFO] [1790651162.865748763] [controller_server]: Passing new path to controller.
[door_detection_node-21] [INFO] [1790651163.235199777] [door_detection_node]: 문 후보 발행: id=door_blue_fed083, source=front_right, color=blue, dist=5.52m, conf=0.65, bbox=(125,74,145,164), rep_x=135, center_x=135, angle=-63.9deg, center_angle=-63.9deg, lidar=5.47m, visual=5.20m, goal=(16.98,-1.29), handle=(17.77,-2.26,1.00), handle_obs=False, handle_method=estimated, handle_conf=0.00
[door_detection_node-21] [INFO] [1790651163.254712033] [door_detection_node]: Side camera visual fallback rejected (source=front_right, lidar=1.05m, visual=6.69m > 4.50m)
[state_machine_node-24] [WARN] [1790651164.034570869] [state_machine_node]: Fine alignment blocked by costmap: occupied, inscribed, unknown or out-of-map approach segment; retaining Nav2/reobservation.
[controller_server-13] [INFO] [1790651164.115855412] [controller_server]: Passing new path to controller.
[state_machine_node-24] [INFO] [1790651164.148080747] [state_machine_node]: 문 접근 목표 보정: door_blue_db2b67 handle_axis=(15.43, 1.73) goal_axis=(15.43, 0.63) wall_axis=(15.43, 1.73) yaw=90deg
[state_machine_node-24] [INFO] [1790651164.151485740] [state_machine_node]: 문 접근 목표 보정: door_blue_db2b67 handle_axis=(15.43, 1.73) goal_axis=(15.43, 0.63) wall_axis=(15.43, 1.73) yaw=90deg
[state_machine_node-24] [WARN] [1790651164.152800076] [state_machine_node]: Locked blue target refined from newer observation: observed_blue_15p4_2p0 -> observed_blue_15p4_2p0, goal shift=0.21m, identity=(15.22,1.71) -> (15.43,1.73)
[navigation_node-22] [INFO] [1790651164.154351526] [navigation_node]: Navigation goal received: door observed_blue_15p4_2p0 (color=blue, frame=map, x=15.43, y=0.63)
[navigation_node-22] [INFO] [1790651164.155251388] [navigation_node]: Ignoring duplicate navigation target for active door: observed_blue_15p4_2p0
[controller_server-13] [INFO] [1790651165.490732836] [controller_server]: Passing new path to controller.
[door_detection_node-21] [INFO] [1790651165.709888528] [door_detection_node]: 문 후보 발행: id=door_blue_04851a, source=front, color=blue, dist=3.08m, conf=0.71, bbox=(123,20,171,214), rep_x=147, center_x=147, angle=3.2deg, center_angle=3.2deg, lidar=3.25m, visual=2.41m, goal=(14.17,0.97), handle=(15.44,1.78,1.00), handle_obs=True, handle_method=estimated, handle_conf=0.00
[state_machine_node-24] [INFO] [1790651165.718306407] [state_machine_node]: 문 접근 목표 보정: door_blue_04851a handle_axis=(15.44, 1.78) goal_axis=(15.44, 0.68) wall_axis=(15.44, 1.78) yaw=90deg
[state_machine_node-24] [INFO] [1790651165.721401047] [state_machine_node]: 문 접근 목표 보정: door_blue_04851a handle_axis=(15.44, 1.78) goal_axis=(15.44, 0.68) wall_axis=(15.44, 1.78) yaw=90deg
[door_detection_node-21] [INFO] [1790651166.610387164] [door_detection_node]: Side camera visual fallback rejected (source=front_right, lidar=0.98m, visual=4.78m > 4.50m)
[controller_server-13] [INFO] [1790651166.740717670] [controller_server]: Passing new path to controller.
[state_machine_node-24] [WARN] [1790651166.901960271] [state_machine_node]: Fine alignment blocked by costmap: occupied, inscribed, unknown or out-of-map approach segment; retaining Nav2/reobservation.
[door_detection_node-21] [INFO] [1790651167.378898242] [door_detection_node]: 문 후보 발행: id=door_blue_04851a, source=front, color=blue, dist=2.92m, conf=0.64, bbox=(88,17,139,217), rep_x=113, center_x=113, angle=11.4deg, center_angle=11.4deg, lidar=2.90m, visual=2.34m, goal=(15.75,0.58), handle=(15.29,1.74,1.00), handle_obs=True, handle_method=estimated, handle_conf=0.00
[state_machine_node-24] [INFO] [1790651167.391824873] [state_machine_node]: 문 접근 목표 보정: door_blue_04851a handle_axis=(15.29, 1.74) goal_axis=(15.29, 0.64) wall_axis=(15.29, 1.74) yaw=90deg
[state_machine_node-24] [INFO] [1790651167.395131663] [state_machine_node]: 문 접근 목표 보정: door_blue_04851a handle_axis=(15.29, 1.74) goal_axis=(15.29, 0.64) wall_axis=(15.29, 1.74) yaw=90deg
[door_detection_node-21] [INFO] [1790651167.399449260] [door_detection_node]: YOLO 후보 제외: source=front, far small dist=6.59m, conf=0.26, bbox=(251,82,302,153)
[planner_server-15] [INFO] [1790651167.508012183] [global_costmap.global_costmap]: StaticLayer: Resizing static layer to 450 X 90 at 0.050000 m/pix
[controller_server-13] [INFO] [1790651167.990730031] [controller_server]: Passing new path to controller.
[door_detection_node-21] [INFO] [1790651168.895749420] [door_detection_node]: 문 후보 발행: id=door_blue_04851a, source=front, color=blue, dist=2.95m, conf=0.74, bbox=(77,16,129,220), rep_x=103, center_x=103, angle=13.7deg, center_angle=13.7deg, lidar=2.83m, visual=2.29m, goal=(15.76,0.66), handle=(15.32,1.83,1.00), handle_obs=True, handle_method=estimated, handle_conf=0.00
[state_machine_node-24] [INFO] [1790651168.904134792] [state_machine_node]: 문 접근 목표 보정: door_blue_04851a handle_axis=(15.32, 1.83) goal_axis=(15.32, 0.73) wall_axis=(15.32, 1.83) yaw=90deg
[state_machine_node-24] [INFO] [1790651168.907267694] [state_machine_node]: 문 접근 목표 보정: door_blue_04851a handle_axis=(15.32, 1.83) goal_axis=(15.32, 0.73) wall_axis=(15.32, 1.83) yaw=90deg
[controller_server-13] [INFO] [1790651169.365737268] [controller_server]: Passing new path to controller.
[state_machine_node-24] [WARN] [1790651169.808331937] [state_machine_node]: Fine alignment blocked by costmap: occupied, inscribed, unknown or out-of-map approach segment; retaining Nav2/reobservation.
[door_detection_node-21] [INFO] [1790651169.865603602] [door_detection_node]: Side camera visual fallback rejected (source=front_right, lidar=0.87m, visual=4.88m > 4.50m)
[controller_server-13] [INFO] [1790651170.615728266] [controller_server]: Passing new path to controller.
[door_detection_node-21] [INFO] [1790651170.850622772] [door_detection_node]: 문 후보 발행: id=door_blue_db2b67, source=front, color=blue, dist=2.80m, conf=0.68, bbox=(142,19,187,217), rep_x=164, center_x=164, angle=-1.0deg, center_angle=-1.0deg, lidar=2.66m, visual=2.36m, goal=(13.98,0.93), handle=(15.19,1.82,1.00), handle_obs=True, handle_method=estimated, handle_conf=0.00
[state_machine_node-24] [INFO] [1790651170.859225252] [state_machine_node]: 문 접근 목표 보정: door_blue_db2b67 handle_axis=(15.19, 1.82) goal_axis=(15.19, 0.72) wall_axis=(15.19, 1.82) yaw=90deg
[state_machine_node-24] [INFO] [1790651170.862222211] [state_machine_node]: 문 접근 목표 보정: door_blue_db2b67 handle_axis=(15.19, 1.82) goal_axis=(15.19, 0.72) wall_axis=(15.19, 1.82) yaw=90deg
[state_machine_node-24] [WARN] [1790651170.863364669] [state_machine_node]: Locked blue target refined from newer observation: observed_blue_15p4_2p0 -> observed_blue_15p4_2p0, goal shift=0.26m, identity=(15.43,1.73) -> (15.19,1.82)
[navigation_node-22] [INFO] [1790651170.865950294] [navigation_node]: Navigation goal received: door observed_blue_15p4_2p0 (color=blue, frame=map, x=15.19, y=0.72)
[navigation_node-22] [INFO] [1790651170.866847036] [navigation_node]: Ignoring duplicate navigation target for active door: observed_blue_15p4_2p0
[controller_server-13] [INFO] [1790651171.990814343] [controller_server]: Passing new path to controller.
[state_machine_node-24] [WARN] [1790651172.626759600] [state_machine_node]: Fine alignment blocked by costmap: occupied, inscribed, unknown or out-of-map approach segment; retaining Nav2/reobservation.
[door_detection_node-21] [INFO] [1790651172.691954734] [door_detection_node]: 문 후보 발행: id=door_blue_db2b67, source=front, color=blue, dist=2.94m, conf=0.68, bbox=(161,19,211,218), rep_x=186, center_x=186, angle=-6.3deg, center_angle=-6.3deg, lidar=3.04m, visual=2.35m, goal=(14.11,0.95), handle=(15.38,1.75,1.00), handle_obs=True, handle_method=estimated, handle_conf=0.00
[state_machine_node-24] [INFO] [1790651172.701146247] [state_machine_node]: 문 접근 목표 보정: door_blue_db2b67 handle_axis=(15.38, 1.75) goal_axis=(15.38, 0.65) wall_axis=(15.38, 1.75) yaw=90deg
[state_machine_node-24] [INFO] [1790651172.705470056] [state_machine_node]: 문 접근 목표 보정: door_blue_db2b67 handle_axis=(15.38, 1.75) goal_axis=(15.38, 0.65) wall_axis=(15.38, 1.75) yaw=90deg
[controller_server-13] [INFO] [1790651173.240735275] [controller_server]: Passing new path to controller.
[door_detection_node-21] [INFO] [1790651173.580459816] [door_detection_node]: Side camera visual fallback rejected (source=front_right, lidar=0.92m, visual=5.09m > 4.50m)
[controller_server-13] [INFO] [1790651174.490778767] [controller_server]: Passing new path to controller.
[door_detection_node-21] [INFO] [1790651174.615466801] [door_detection_node]: 문 후보 발행: id=door_blue_db2b67, source=front, color=blue, dist=2.91m, conf=0.77, bbox=(147,18,200,218), rep_x=173, center_x=173, angle=-3.2deg, center_angle=-3.2deg, lidar=2.78m, visual=2.34m, goal=(14.11,0.91), handle=(15.38,1.71,1.00), handle_obs=True, handle_method=estimated, handle_conf=0.00
[state_machine_node-24] [INFO] [1790651174.624720926] [state_machine_node]: 문 접근 목표 보정: door_blue_db2b67 handle_axis=(15.38, 1.71) goal_axis=(15.38, 0.61) wall_axis=(15.38, 1.71) yaw=90deg
[state_machine_node-24] [INFO] [1790651174.628397626] [state_machine_node]: 문 접근 목표 보정: door_blue_db2b67 handle_axis=(15.38, 1.71) goal_axis=(15.38, 0.61) wall_axis=(15.38, 1.71) yaw=90deg
[state_machine_node-24] [WARN] [1790651174.629567929] [state_machine_node]: Locked blue target refined from newer observation: observed_blue_15p4_2p0 -> observed_blue_15p4_2p0, goal shift=0.22m, identity=(15.19,1.82) -> (15.38,1.71)
[navigation_node-22] [INFO] [1790651174.632898414] [navigation_node]: Navigation goal received: door observed_blue_15p4_2p0 (color=blue, frame=map, x=15.38, y=0.61)
[navigation_node-22] [INFO] [1790651174.633882803] [navigation_node]: Ignoring duplicate navigation target for active door: observed_blue_15p4_2p0
[state_machine_node-24] [WARN] [1790651175.491984496] [state_machine_node]: Fine alignment blocked by costmap: occupied, inscribed, unknown or out-of-map approach segment; retaining Nav2/reobservation.
[controller_server-13] [INFO] [1790651175.865836858] [controller_server]: Passing new path to controller.
[door_detection_node-21] [INFO] [1790651176.195406723] [door_detection_node]: 문 후보 발행: id=door_blue_db2b67, source=front, color=blue, dist=2.90m, conf=0.73, bbox=(174,16,225,219), rep_x=199, center_x=199, angle=-9.5deg, center_angle=-9.5deg, lidar=3.00m, visual=2.31m, goal=(14.33,2.77), handle=(15.23,1.91,1.00), handle_obs=True, handle_method=estimated, handle_conf=0.00
[state_machine_node-24] [INFO] [1790651176.205107328] [state_machine_node]: 문 접근 목표 보정: door_blue_db2b67 handle_axis=(15.23, 1.91) goal_axis=(15.23, 0.81) wall_axis=(15.23, 1.91) yaw=90deg
[state_machine_node-24] [INFO] [1790651176.210911100] [state_machine_node]: 문 접근 목표 보정: door_blue_db2b67 handle_axis=(15.23, 1.91) goal_axis=(15.23, 0.81) wall_axis=(15.23, 1.91) yaw=90deg
[door_detection_node-21] [INFO] [1790651177.095922243] [door_detection_node]: Side camera visual fallback rejected (source=front_right, lidar=0.88m, visual=5.14m > 4.50m)
[controller_server-13] [INFO] [1790651177.115796682] [controller_server]: Passing new path to controller.
[door_detection_node-21] [INFO] [1790651177.759677777] [door_detection_node]: 문 후보 발행: id=door_blue_db2b67, source=front, color=blue, dist=2.80m, conf=0.72, bbox=(175,17,226,218), rep_x=200, center_x=200, angle=-9.7deg, center_angle=-9.7deg, lidar=2.72m, visual=2.33m, goal=(14.34,2.67), handle=(15.22,1.79,1.00), handle_obs=True, handle_method=estimated, handle_conf=0.00
[state_machine_node-24] [INFO] [1790651177.768823185] [state_machine_node]: 문 접근 목표 보정: door_blue_db2b67 handle_axis=(15.22, 1.79) goal_axis=(15.22, 0.69) wall_axis=(15.22, 1.79) yaw=90deg
[state_machine_node-24] [INFO] [1790651177.772209317] [state_machine_node]: 문 접근 목표 보정: door_blue_db2b67 handle_axis=(15.22, 1.79) goal_axis=(15.22, 0.69) wall_axis=(15.22, 1.79) yaw=90deg
[state_machine_node-24] [WARN] [1790651178.373067197] [state_machine_node]: Fine alignment blocked by costmap: occupied, inscribed, unknown or out-of-map approach segment; retaining Nav2/reobservation.
[controller_server-13] [INFO] [1790651178.490732771] [controller_server]: Passing new path to controller.
[door_detection_node-21] [INFO] [1790651179.408464090] [door_detection_node]: 문 후보 발행: id=door_blue_db2b67, source=front, color=blue, dist=2.72m, conf=0.68, bbox=(194,16,247,221), rep_x=220, center_x=220, angle=-14.4deg, center_angle=-14.4deg, lidar=2.63m, visual=2.28m, goal=(14.32,2.56), handle=(15.25,1.73,1.00), handle_obs=True, handle_method=estimated, handle_conf=0.00
[state_machine_node-24] [INFO] [1790651179.417666413] [state_machine_node]: 문 접근 목표 보정: door_blue_db2b67 handle_axis=(15.25, 1.73) goal_axis=(15.25, 0.63) wall_axis=(15.25, 1.73) yaw=90deg
[state_machine_node-24] [INFO] [1790651179.420591984] [state_machine_node]: 문 접근 목표 보정: door_blue_db2b67 handle_axis=(15.25, 1.73) goal_axis=(15.25, 0.63) wall_axis=(15.25, 1.73) yaw=90deg
[controller_server-13] [INFO] [1790651179.740698187] [controller_server]: Passing new path to controller.
[door_detection_node-21] [INFO] [1790651180.331864730] [door_detection_node]: Side camera visual fallback rejected (source=front_right, lidar=0.79m, visual=5.09m > 4.50m)
[planner_server-15] [INFO] [1790651180.508468013] [global_costmap.global_costmap]: StaticLayer: Resizing static layer to 452 X 90 at 0.050000 m/pix
[controller_server-13] [INFO] [1790651180.990699953] [controller_server]: Passing new path to controller.
[door_detection_node-21] [INFO] [1790651181.076685980] [door_detection_node]: 문 후보 발행: id=door_blue_db2b67, source=front, color=blue, dist=2.59m, conf=0.76, bbox=(205,10,260,226), rep_x=232, center_x=232, angle=-17.1deg, center_angle=-17.1deg, lidar=2.62m, visual=2.17m, goal=(14.30,2.51), handle=(15.25,1.70,1.00), handle_obs=True, handle_method=estimated, handle_conf=0.00
[state_machine_node-24] [INFO] [1790651181.086152480] [state_machine_node]: 문 접근 목표 보정: door_blue_db2b67 handle_axis=(15.25, 1.70) goal_axis=(15.25, 0.60) wall_axis=(15.25, 1.70) yaw=90deg
[state_machine_node-24] [INFO] [1790651181.088653929] [state_machine_node]: 문 접근 목표 보정: door_blue_db2b67 handle_axis=(15.25, 1.70) goal_axis=(15.25, 0.60) wall_axis=(15.25, 1.70) yaw=90deg
[state_machine_node-24] [WARN] [1790651181.314568602] [state_machine_node]: Fine alignment blocked by costmap: occupied, inscribed, unknown or out-of-map approach segment; retaining Nav2/reobservation.
[planner_server-15] [INFO] [1790651181.508095777] [global_costmap.global_costmap]: StaticLayer: Resizing static layer to 453 X 90 at 0.050000 m/pix
[controller_server-13] [INFO] [1790651182.365749699] [controller_server]: Passing new path to controller.
[planner_server-15] [INFO] [1790651182.508233437] [global_costmap.global_costmap]: StaticLayer: Resizing static layer to 456 X 90 at 0.050000 m/pix
[door_detection_node-21] [INFO] [1790651182.981180218] [door_detection_node]: 문 후보 발행: id=door_blue_db2b67, source=front, color=blue, dist=2.42m, conf=0.39, bbox=(196,1,252,239), rep_x=224, center_x=224, angle=-15.3deg, center_angle=-15.3deg, lidar=2.47m, visual=1.97m, goal=(14.45,2.58), handle=(15.34,1.70,1.00), handle_obs=True, handle_method=estimated, handle_conf=0.00
[state_machine_node-24] [INFO] [1790651182.991042191] [state_machine_node]: 문 접근 목표 보정: door_blue_db2b67 handle_axis=(15.34, 1.70) goal_axis=(15.34, 0.60) wall_axis=(15.34, 1.70) yaw=90deg
[state_machine_node-24] [INFO] [1790651182.992506316] [state_machine_node]: 문 접근 목표 보정: door_blue_db2b67 handle_axis=(15.34, 1.70) goal_axis=(15.34, 0.60) wall_axis=(15.34, 1.70) yaw=90deg
[controller_server-13] [INFO] [1790651183.490722261] [controller_server]: Passing new path to controller.
[door_detection_node-21] [INFO] [1790651183.906956398] [door_detection_node]: Side camera visual fallback rejected (source=front_right, lidar=1.38m, visual=4.88m > 4.50m)
[planner_server-15] [INFO] [1790651184.508046514] [global_costmap.global_costmap]: StaticLayer: Resizing static layer to 458 X 90 at 0.050000 m/pix
[controller_server-13] [INFO] [1790651184.865720178] [controller_server]: Passing new path to controller.
[door_detection_node-21] [INFO] [1790651184.962732053] [door_detection_node]: 문 후보 발행: id=door_blue_db2b67, source=front, color=blue, dist=2.11m, conf=0.75, bbox=(173,0,231,240), rep_x=202, center_x=202, angle=-10.2deg, center_angle=-10.2deg, lidar=2.24m, visual=1.95m, goal=(14.53,2.62), handle=(15.28,1.63,1.00), handle_obs=True, handle_method=estimated, handle_conf=0.00
[state_machine_node-24] [INFO] [1790651184.972428577] [state_machine_node]: 문 접근 목표 보정: door_blue_db2b67 handle_axis=(15.28, 1.63) goal_axis=(15.28, 0.53) wall_axis=(15.28, 1.63) yaw=90deg
[state_machine_node-24] [INFO] [1790651184.975348296] [state_machine_node]: 문 접근 목표 보정: door_blue_db2b67 handle_axis=(15.28, 1.63) goal_axis=(15.28, 0.53) wall_axis=(15.28, 1.63) yaw=90deg
[planner_server-15] [INFO] [1790651185.508049988] [global_costmap.global_costmap]: StaticLayer: Resizing static layer to 460 X 90 at 0.050000 m/pix
[controller_server-13] [INFO] [1790651186.116447856] [controller_server]: Passing new path to controller.
[door_detection_node-21] [INFO] [1790651186.205414305] [door_detection_node]: Side camera visual fallback rejected (source=front_right, lidar=3.14m, visual=5.85m > 4.50m)
[planner_server-15] [INFO] [1790651186.508084124] [global_costmap.global_costmap]: StaticLayer: Resizing static layer to 466 X 90 at 0.050000 m/pix
[door_detection_node-21] [INFO] [1790651187.248326388] [door_detection_node]: 문 후보 발행: id=door_blue_f28c00, source=front, color=blue, dist=1.89m, conf=0.22, bbox=(124,0,188,240), rep_x=156, center_x=156, angle=1.0deg, center_angle=1.0deg, lidar=2.03m, visual=1.95m, goal=(14.00,1.02), handle=(15.32,1.72,1.00), handle_obs=True, handle_method=estimated, handle_conf=0.00
[state_machine_node-24] [INFO] [1790651187.257844651] [state_machine_node]: 문 접근 목표 보정: door_blue_f28c00 handle_axis=(15.32, 1.72) goal_axis=(15.32, 0.62) wall_axis=(15.32, 1.72) yaw=90deg
[state_machine_node-24] [INFO] [1790651187.259205819] [state_machine_node]: 문 접근 목표 보정: door_blue_f28c00 handle_axis=(15.32, 1.72) goal_axis=(15.32, 0.62) wall_axis=(15.32, 1.72) yaw=90deg
[controller_server-13] [INFO] [1790651187.490714383] [controller_server]: Passing new path to controller.
[planner_server-15] [INFO] [1790651187.508035667] [global_costmap.global_costmap]: StaticLayer: Resizing static layer to 469 X 90 at 0.050000 m/pix
[controller_server-13] [INFO] [1790651188.740716234] [controller_server]: Passing new path to controller.
[door_detection_node-21] [INFO] [1790651189.087553406] [door_detection_node]: 문 후보 발행: id=door_green_76569d, source=front, color=green, dist=5.51m, conf=0.22, bbox=(243,75,299,160), rep_x=271, center_x=271, angle=-25.4deg, center_angle=-25.4deg, lidar=2.84m, visual=5.51m, goal=(17.86,0.19), handle=(19.33,-0.10,1.00), handle_obs=False, handle_method=estimated, handle_conf=0.00
[state_machine_node-24] [INFO] [1790651189.490523630] [state_machine_node]: 문 접근 목표 보정: door_blue_f28c00 handle_axis=(15.24, 1.79) goal_axis=(15.24, 0.69) wall_axis=(15.24, 1.79) yaw=90deg
[state_machine_node-24] [INFO] [1790651189.493618389] [state_machine_node]: 문 접근 목표 보정: door_blue_f28c00 handle_axis=(15.24, 1.79) goal_axis=(15.24, 0.69) wall_axis=(15.24, 1.79) yaw=90deg
[planner_server-15] [INFO] [1790651189.508134579] [global_costmap.global_costmap]: StaticLayer: Resizing static layer to 470 X 90 at 0.050000 m/pix
[controller_server-13] [INFO] [1790651189.990718136] [controller_server]: Passing new path to controller.
[door_detection_node-21] [INFO] [1790651190.705026790] [door_detection_node]: 문 후보 발행: id=door_blue_53fd86, source=front_right, color=blue, dist=5.21m, conf=0.40, bbox=(20,62,56,176), rep_x=38, center_x=38, angle=-42.5deg, center_angle=-42.5deg, lidar=5.10m, visual=4.11m, goal=(18.17,-0.81), handle=(18.31,-2.05,1.00), handle_obs=True, handle_method=estimated, handle_conf=0.00
[controller_server-13] [INFO] [1790651191.365724956] [controller_server]: Passing new path to controller.
[planner_server-15] [INFO] [1790651191.508123178] [global_costmap.global_costmap]: StaticLayer: Resizing static layer to 473 X 90 at 0.050000 m/pix
[state_machine_node-24] [INFO] [1790651191.541199571] [state_machine_node]: 문 접근 목표 보정: door_blue_5bc10a handle_axis=(16.07, 1.98) goal_axis=(16.07, 0.88) wall_axis=(16.07, 1.98) yaw=90deg
[state_machine_node-24] [INFO] [1790651191.544786293] [state_machine_node]: 문 접근 목표 보정: door_blue_5bc10a handle_axis=(16.07, 1.98) goal_axis=(16.07, 0.88) wall_axis=(16.07, 1.98) yaw=90deg
[state_machine_node-24] [INFO] [1790651191.549279176] [state_machine_node]: Live blue confirmation (5.3, -1.1) rejected: same-wall blue observation is inside the opened-door remnant window (opened_progress=6.4m, gap=-1.1m, window=2.4m).
[door_detection_node-21] [INFO] [1790651191.552561107] [door_detection_node]: YOLO 후보 제외: source=front, far small dist=6.41m, conf=0.28, bbox=(182,81,232,154)
[state_machine_node-24] [WARN] [1790651191.558973678] [state_machine_node]: Locked blue target refined from newer observation: observed_blue_15p4_2p0 -> observed_blue_15p4_2p0, goal shift=0.74m, identity=(15.38,1.71) -> (15.60,1.85)
[navigation_node-22] [INFO] [1790651191.561112706] [navigation_node]: Navigation goal received: door observed_blue_15p4_2p0 (color=blue, frame=map, x=16.07, y=0.88)
[navigation_node-22] [WARN] [1790651191.562008748] [navigation_node]: Already navigating. Preempting current goal without an explicit stop before retargeting to: observed_blue_15p4_2p0
[navigation_node-22] [INFO] [1790651191.703004370] [navigation_node]: Navigation goal accepted by Nav2
[bt_navigator-17] [INFO] [1790651191.789121355] [bt_navigator]: Received goal preemption request
[bt_navigator-17] [INFO] [1790651191.789617682] [bt_navigator]: Begin navigating from current location (14.32, 1.06) to (16.07, 0.88)
[door_detection_node-21] [INFO] [1790651192.279012434] [door_detection_node]: 문 후보 발행: id=door_blue_94754e, source=front_left, color=blue, dist=1.29m, conf=1.00, bbox=(225,0,320,240), rep_x=272, center_x=272, angle=44.4deg, center_angle=44.4deg, lidar=1.35m, visual=1.95m, goal=(15.20,0.63), handle=(15.29,1.88,1.00), handle_obs=False, handle_method=estimated, handle_conf=0.00
[controller_server-13] [INFO] [1790651192.490693987] [controller_server]: Passing new path to controller.
[door_detection_node-21] [INFO] [1790651193.003464869] [door_detection_node]: Front lateral LiDAR range looks too long for the visible door; using visual range (lidar=4.74m, visual=3.74m)
[controller_server-13] [INFO] [1790651193.865735094] [controller_server]: Passing new path to controller.
[door_detection_node-21] [INFO] [1790651193.895480840] [door_detection_node]: HSV candidate rejected: color=blue, edge-clipped bbox=(121,0,320,240), width_ratio=0.62
[door_detection_node-21] [INFO] [1790651194.674145877] [door_detection_node]: YOLO 후보 제외: source=front, edge-clipped bbox=(294,50,320,189)
[door_detection_node-21] [INFO] [1790651194.697084978] [door_detection_node]: YOLO 후보 제외: source=front, far small dist=6.08m, conf=0.37, bbox=(149,79,201,156)
[controller_server-13] [INFO] [1790651195.115744840] [controller_server]: Passing new path to controller.
[door_detection_node-21] [INFO] [1790651195.981153471] [door_detection_node]: 문 후보 발행: id=door_blue_f5cbce, source=front_left, color=blue, dist=1.00m, conf=1.00, bbox=(59,0,302,240), rep_x=180, center_x=180, angle=65.1deg, center_angle=65.1deg, lidar=0.98m, visual=1.95m, goal=(15.93,0.74), handle=(16.02,1.98,0.83), handle_obs=True, handle_method=hsv, handle_conf=0.55
[state_machine_node-24] [INFO] [1790651195.991941401] [state_machine_node]: 문 접근 목표 보정: door_blue_f5cbce handle_axis=(16.02, 1.98) goal_axis=(16.02, 0.88) wall_axis=(16.02, 1.98) yaw=90deg
[state_machine_node-24] [INFO] [1790651195.995170354] [state_machine_node]: 문 접근 목표 보정: door_blue_f5cbce handle_axis=(16.02, 1.98) goal_axis=(16.02, 0.88) wall_axis=(16.02, 1.98) yaw=90deg
[controller_server-13] [INFO] [1790651196.490739748] [controller_server]: Passing new path to controller.
[door_detection_node-21] [INFO] [1790651196.967061844] [door_detection_node]: Front lateral LiDAR range looks too long for the visible door; using visual range (lidar=4.58m, visual=3.25m)
[door_detection_node-21] [INFO] [1790651196.969251986] [door_detection_node]: YOLO 후보 제외: source=front, edge-clipped bbox=(287,47,319,191)
[door_detection_node-21] [INFO] [1790651197.559864032] [door_detection_node]: HSV candidate rejected: color=blue, edge-clipped bbox=(0,0,214,240), width_ratio=0.67
[controller_server-13] [INFO] [1790651197.740728643] [controller_server]: Passing new path to controller.
[door_detection_node-21] [INFO] [1790651197.988331385] [door_detection_node]: 문 후보 발행: id=door_green_302f2b, source=front, color=green, dist=5.64m, conf=0.40, bbox=(128,75,183,158), rep_x=155, center_x=155, angle=1.2deg, center_angle=1.2deg, lidar=1.69m, visual=5.64m, goal=(19.12,0.24), handle=(20.60,-0.03,1.00), handle_obs=False, handle_method=estimated, handle_conf=0.00
[state_machine_node-24] [INFO] [1790651198.973636697] [state_machine_node]: 보조 비상구 관측 저장: door_green_afdd62 (20.7, -0.0)
[controller_server-13] [INFO] [1790651198.990713788] [controller_server]: Passing new path to controller.
[door_detection_node-21] [INFO] [1790651199.784964787] [door_detection_node]: 문 후보 발행: id=door_blue_fc1a76, source=front_left, color=blue, dist=0.91m, conf=1.00, bbox=(0,0,157,240), rep_x=78, center_x=78, angle=89.3deg, center_angle=89.3deg, lidar=0.94m, visual=1.95m, goal=(15.23,0.62), handle=(15.42,1.86,1.04), handle_obs=True, handle_method=yolo:primary:item, handle_conf=0.31
[controller_server-13] [INFO] [1790651200.365717824] [controller_server]: Passing new path to controller.
[controller_server-13] [INFO] [1790651201.615898918] [controller_server]: Passing new path to controller.
[door_detection_node-21] [INFO] [1790651201.637279781] [door_detection_node]: 문 후보 발행: id=door_blue_fc1a76, source=front_left, color=blue, dist=0.89m, conf=1.00, bbox=(0,141,101,240), rep_x=50, center_x=50, angle=95.2deg, center_angle=95.2deg, lidar=0.92m, visual=4.73m, goal=(15.33,0.55), handle=(15.46,1.80,1.00), handle_obs=False, handle_method=estimated, handle_conf=0.00
[door_detection_node-21] [INFO] [1790651202.571149833] [door_detection_node]: YOLO 후보 제외: source=front_right, edge-clipped bbox=(0,42,54,194)
[controller_server-13] [INFO] [1790651202.990731058] [controller_server]: Passing new path to controller.
[door_detection_node-21] [INFO] [1790651203.909059128] [door_detection_node]: 문 후보 발행: id=door_blue_fc1a76, source=front_left, color=blue, dist=0.87m, conf=0.48, bbox=(0,143,40,240), rep_x=20, center_x=20, angle=100.9deg, center_angle=100.9deg, lidar=0.93m, visual=4.82m, goal=(15.49,0.48), handle=(15.56,1.72,1.00), handle_obs=False, handle_method=estimated, handle_conf=0.00
[state_machine_node-24] [INFO] [1790651204.001527106] [state_machine_node]: Nav2 door goal position is near, but yaw is not ready yet: observed_blue_15p4_2p0, dist=0.36m/0.38m, lateral=0.04m/0.24m, yaw_error=95deg.
[controller_server-13] [INFO] [1790651204.240720732] [controller_server]: Passing new path to controller.
[state_machine_node-24] [INFO] [1790651204.983526914] [state_machine_node]: Nav2 door goal position is near, but yaw is not ready yet: observed_blue_15p4_2p0, dist=0.33m/0.38m, lateral=0.03m/0.24m, yaw_error=96deg.
[controller_server-13] [INFO] [1790651205.490748886] [controller_server]: Passing new path to controller.
[state_machine_node-24] [INFO] [1790651205.989721910] [state_machine_node]: Nav2 door goal position is near, but yaw is not ready yet: observed_blue_15p4_2p0, dist=0.32m/0.38m, lateral=0.03m/0.24m, yaw_error=95deg.
[door_detection_node-21] [INFO] [1790651206.240161552] [door_detection_node]: 문 후보 발행: id=door_green_afdd62, source=front, color=green, dist=5.03m, conf=0.47, bbox=(163,70,226,163), rep_x=194, center_x=194, angle=-8.3deg, center_angle=-8.3deg, lidar=1.00m, visual=5.03m, goal=(19.23,0.25), handle=(20.71,-0.00,1.00), handle_obs=False, handle_method=estimated, handle_conf=0.00
[state_machine_node-24] [INFO] [1790651206.242563331] [state_machine_node]: 보조 비상구 관측 저장: door_green_afdd62 (20.7, -0.0)
[controller_server-13] [INFO] [1790651206.865827030] [controller_server]: Passing new path to controller.
[state_machine_node-24] [INFO] [1790651206.957581598] [state_machine_node]: Nav2 goal is close enough for fine door alignment: observed_blue_15p4_2p0, dist=0.27m/0.38m, lateral=0.03m/0.24m, yaw_error=94deg.
[state_machine_node-24] [INFO] [1790651206.958826334] [state_machine_node]: Nav2 goal cancellation requested before door fine alignment.
[navigation_node-22] [INFO] [1790651206.959114979] [navigation_node]: Navigation cancellation requested for manual control handoff.
[controller_server-13] [INFO] [1790651206.991410179] [controller_server]: Goal was canceled. Stopping the robot.
[controller_server-13] [INFO] [1790651206.991533517] [controller_server]: [follow_path] [ActionServer] Client requested to cancel the goal. Cancelling.
[bt_navigator-17] [INFO] [1790651206.991949931] [bt_navigator]: [navigate_to_pose] [ActionServer] Client requested to cancel the goal. Cancelling.
[bt_navigator-17] [INFO] [1790651206.992171281] [bt_navigator]: Goal canceled
[state_machine_node-24] [INFO] [1790651207.023324066] [state_machine_node]: Fine door approach started: observed_blue_15p4_2p0, dist=0.27m, lateral=0.03m, forward=0.27m, yaw_error=94deg
[state_machine_node-24] [INFO] [1790651207.024583091] [state_machine_node]: Fine door parking translation: observed_blue_15p4_2p0, dist=0.27m/0.17m, heading_error=7deg, cmd=(0.07, 0.10)
[state_machine_node-24] [INFO] [1790651207.972422843] [state_machine_node]: Fine door parking translation: observed_blue_15p4_2p0, dist=0.22m/0.17m, heading_error=9deg, cmd=(0.07, 0.11)
[door_detection_node-21] [INFO] [1790651208.173170633] [door_detection_node]: 문 후보 발행: id=door_green_afdd62, source=front, color=green, dist=4.50m, conf=0.32, bbox=(170,62,237,166), rep_x=203, center_x=203, angle=-10.4deg, center_angle=-10.4deg, lidar=0.87m, visual=4.50m, goal=(18.78,0.34), handle=(20.26,0.08,1.00), handle_obs=False, handle_method=estimated, handle_conf=0.00
[state_machine_node-24] [INFO] [1790651208.950175341] [state_machine_node]: Fine door parking translation: observed_blue_15p4_2p0, dist=0.21m/0.17m, heading_error=9deg, cmd=(0.07, 0.11)
[state_machine_node-24] [INFO] [1790651209.953272738] [state_machine_node]: Fine door final yaw alignment: observed_blue_15p4_2p0, dist=0.17m/0.17m, yaw_error=86deg, cmd=(0.00, 0.25)
[door_detection_node-21] [INFO] [1790651210.851884974] [door_detection_node]: 문 후보 발행: id=door_blue_8a61bc, source=front_right, color=blue, dist=3.81m, conf=0.55, bbox=(77,44,130,193), rep_x=103, center_x=103, angle=-56.3deg, center_angle=-56.3deg, lidar=3.93m, visual=3.14m, goal=(18.25,-0.78), handle=(18.41,-2.02,1.00), handle_obs=True, handle_method=estimated, handle_conf=0.00
[state_machine_node-24] [INFO] [1790651210.943716784] [state_machine_node]: Fine door final yaw alignment: observed_blue_15p4_2p0, dist=0.18m/0.17m, yaw_error=83deg, cmd=(0.00, 0.25)
[state_machine_node-24] [INFO] [1790651211.428078960] [state_machine_node]: 보조 비상구 관측 저장: door_green_76569d (20.2, 0.1)
[state_machine_node-24] [INFO] [1790651211.943510664] [state_machine_node]: Fine door final yaw alignment: observed_blue_15p4_2p0, dist=0.17m/0.17m, yaw_error=75deg, cmd=(0.00, 0.25)
[door_detection_node-21] [INFO] [1790651212.493654512] [door_detection_node]: 문 후보 발행: id=door_blue_fc1a76, source=front_left, color=blue, dist=0.96m, conf=0.95, bbox=(0,141,76,240), rep_x=38, center_x=38, angle=97.5deg, center_angle=97.5deg, lidar=1.05m, visual=4.73m, goal=(15.88,0.51), handle=(15.49,1.70,1.00), handle_obs=False, handle_method=estimated, handle_conf=0.00
[state_machine_node-24] [INFO] [1790651212.935177259] [state_machine_node]: Fine door final yaw alignment: observed_blue_15p4_2p0, dist=0.19m/0.17m, yaw_error=72deg, cmd=(0.00, 0.25)
[door_detection_node-21] [INFO] [1790651213.825177448] [door_detection_node]: Side camera LiDAR range looks occluded; using visual range instead (source=front_right, lidar=0.82m, visual=4.14m)
[state_machine_node-24] [INFO] [1790651213.930958281] [state_machine_node]: Fine door final yaw alignment: observed_blue_15p4_2p0, dist=0.18m/0.17m, yaw_error=66deg, cmd=(0.00, 0.25)
[door_detection_node-21] [INFO] [1790651214.879776074] [door_detection_node]: 문 후보 발행: id=door_blue_fc1a76, source=front_left, color=blue, dist=1.05m, conf=1.00, bbox=(0,0,143,240), rep_x=71, center_x=71, angle=90.8deg, center_angle=90.8deg, lidar=1.04m, visual=1.95m, goal=(15.99,0.62), handle=(15.38,1.71,1.00), handle_obs=False, handle_method=estimated, handle_conf=0.00
[state_machine_node-24] [INFO] [1790651215.074294849] [state_machine_node]: Fine door final yaw alignment: observed_blue_15p4_2p0, dist=0.18m/0.17m, yaw_error=60deg, cmd=(0.00, 0.25)
[state_machine_node-24] [INFO] [1790651216.186292039] [state_machine_node]: Fine door final yaw alignment: observed_blue_15p4_2p0, dist=0.18m/0.17m, yaw_error=55deg, cmd=(0.00, 0.25)
[state_machine_node-24] [WARN] [1790651217.205280083] [state_machine_node]: Waiting for a fresh door-wall normal before alignment.
[door_detection_node-21] [INFO] [1790651217.383517973] [door_detection_node]: 문 후보 발행: id=door_blue_5a1262, source=front_right, color=blue, dist=3.64m, conf=0.49, bbox=(219,37,275,202), rep_x=247, center_x=247, angle=-90.4deg, center_angle=-90.4deg, lidar=3.76m, visual=2.84m, goal=(17.45,-1.03), handle=(18.27,-1.97,1.00), handle_obs=True, handle_method=estimated, handle_conf=0.00
[door_detection_node-21] [INFO] [1790651217.395471498] [door_detection_node]: Side camera LiDAR range looks occluded; using visual range instead (source=front_right, lidar=1.52m, visual=4.18m)
[state_machine_node-24] [INFO] [1790651217.414076584] [state_machine_node]: 보조 비상구 관측 저장: door_green_03b251 (20.1, 0.3)
[state_machine_node-24] [INFO] [1790651218.528006063] [state_machine_node]: 문 접근 목표 보정: door_blue_a809f7 handle_axis=(15.59, 1.68) goal_axis=(15.59, 0.58) wall_axis=(15.59, 1.68) yaw=90deg
[state_machine_node-24] [INFO] [1790651218.534522647] [state_machine_node]: 문 접근 목표 보정: door_blue_a809f7 handle_axis=(15.59, 1.68) goal_axis=(15.59, 0.58) wall_axis=(15.59, 1.68) yaw=90deg
[state_machine_node-24] [INFO] [1790651218.561013329] [state_machine_node]: 문 접근 목표 보정: door_blue_a809f7 handle_axis=(15.59, 1.68) goal_axis=(15.59, 0.58) wall_axis=(15.59, 1.68) yaw=90deg
[state_machine_node-24] [WARN] [1790651219.206312320] [state_machine_node]: Waiting for a fresh door-wall normal before alignment.
[door_detection_node-21] [INFO] [1790651219.443974206] [door_detection_node]: 문 후보 발행: id=door_blue_5a1262, source=front_right, color=blue, dist=3.61m, conf=0.40, bbox=(230,36,289,204), rep_x=259, center_x=259, angle=-92.9deg, center_angle=-92.9deg, lidar=3.60m, visual=2.79m, goal=(17.34,-1.09), handle=(18.16,-2.03,1.00), handle_obs=True, handle_method=estimated, handle_conf=0.00
[door_detection_node-21] [INFO] [1790651219.456990252] [door_detection_node]: Side camera LiDAR range looks occluded; using visual range instead (source=front_right, lidar=1.13m, visual=4.29m)
[state_machine_node-24] [INFO] [1790651220.458612996] [state_machine_node]: 문 접근 목표 보정: door_blue_a809f7 handle_axis=(15.62, 1.66) goal_axis=(15.62, 0.56) wall_axis=(15.62, 1.66) yaw=90deg
[state_machine_node-24] [INFO] [1790651220.464159858] [state_machine_node]: 문 접근 목표 보정: door_blue_a809f7 handle_axis=(15.62, 1.66) goal_axis=(15.62, 0.56) wall_axis=(15.62, 1.66) yaw=90deg
[state_machine_node-24] [INFO] [1790651220.488833289] [state_machine_node]: 문 접근 목표 보정: door_blue_a809f7 handle_axis=(15.62, 1.66) goal_axis=(15.62, 0.56) wall_axis=(15.62, 1.66) yaw=90deg
[door_detection_node-21] [INFO] [1790651221.372749935] [door_detection_node]: 문 후보 발행: id=door_blue_5a1262, source=front_right, color=blue, dist=3.62m, conf=0.40, bbox=(230,36,289,204), rep_x=259, center_x=259, angle=-92.9deg, center_angle=-92.9deg, lidar=3.66m, visual=2.79m, goal=(17.35,-1.10), handle=(18.18,-2.04,1.00), handle_obs=True, handle_method=estimated, handle_conf=0.00
[state_machine_node-24] [INFO] [1790651221.392919597] [state_machine_node]: 보조 비상구 관측 저장: door_green_03b251 (20.2, 0.1)
[state_machine_node-24] [WARN] [1790651222.124205035] [state_machine_node]: Waiting for a fresh door-wall normal before alignment.
[state_machine_node-24] [INFO] [1790651222.379336591] [state_machine_node]: 문 접근 목표 보정: door_blue_a809f7 handle_axis=(15.59, 1.74) goal_axis=(15.59, 0.64) wall_axis=(15.59, 1.74) yaw=90deg
[state_machine_node-24] [INFO] [1790651222.385427293] [state_machine_node]: 문 접근 목표 보정: door_blue_a809f7 handle_axis=(15.59, 1.74) goal_axis=(15.59, 0.64) wall_axis=(15.59, 1.74) yaw=90deg
[state_machine_node-24] [INFO] [1790651222.411684232] [state_machine_node]: 문 접근 목표 보정: door_blue_a809f7 handle_axis=(15.59, 1.74) goal_axis=(15.59, 0.64) wall_axis=(15.59, 1.74) yaw=90deg
[door_detection_node-21] [INFO] [1790651223.322547225] [door_detection_node]: 문 후보 발행: id=door_blue_5a1262, source=front_right, color=blue, dist=3.58m, conf=0.41, bbox=(230,36,289,204), rep_x=259, center_x=259, angle=-92.9deg, center_angle=-92.9deg, lidar=3.63m, visual=2.79m, goal=(17.32,-1.07), handle=(18.15,-2.00,1.00), handle_obs=True, handle_method=estimated, handle_conf=0.00
[door_detection_node-21] [INFO] [1790651223.352371619] [door_detection_node]: Side camera LiDAR range looks occluded; using visual range instead (source=front_right, lidar=1.06m, visual=4.29m)
[state_machine_node-24] [WARN] [1790651224.196144026] [state_machine_node]: Waiting for a fresh door-wall normal before alignment.
[state_machine_node-24] [INFO] [1790651224.479830714] [state_machine_node]: 문 접근 목표 보정: door_blue_a809f7 handle_axis=(15.62, 1.67) goal_axis=(15.62, 0.57) wall_axis=(15.62, 1.67) yaw=90deg
[state_machine_node-24] [INFO] [1790651224.496137387] [state_machine_node]: 문 접근 목표 보정: door_blue_a809f7 handle_axis=(15.62, 1.67) goal_axis=(15.62, 0.57) wall_axis=(15.62, 1.67) yaw=90deg
[state_machine_node-24] [INFO] [1790651224.545575091] [state_machine_node]: 문 접근 목표 보정: door_blue_a809f7 handle_axis=(15.62, 1.67) goal_axis=(15.62, 0.57) wall_axis=(15.62, 1.67) yaw=90deg
[door_detection_node-21] [INFO] [1790651225.556042655] [door_detection_node]: 문 후보 발행: id=door_blue_5a1262, source=front_right, color=blue, dist=3.61m, conf=0.40, bbox=(230,36,289,204), rep_x=259, center_x=259, angle=-92.9deg, center_angle=-92.9deg, lidar=3.61m, visual=2.79m, goal=(17.34,-1.09), handle=(18.17,-2.03,1.00), handle_obs=True, handle_method=estimated, handle_conf=0.00
[door_detection_node-21] [INFO] [1790651225.581953228] [door_detection_node]: Side camera LiDAR range looks occluded; using visual range instead (source=front_right, lidar=1.08m, visual=4.29m)
[state_machine_node-24] [INFO] [1790651225.618987816] [state_machine_node]: 보조 비상구 관측 저장: door_green_03b251 (20.2, 0.1)
[state_machine_node-24] [INFO] [1790651226.296474853] [state_machine_node]: Fine door final yaw alignment: observed_blue_15p4_2p0, dist=0.17m/0.17m, yaw_error=52deg, cmd=(0.00, 0.25)
[state_machine_node-24] [INFO] [1790651226.541859751] [state_machine_node]: 문 접근 목표 보정: door_blue_a809f7 handle_axis=(15.61, 1.70) goal_axis=(15.61, 0.60) wall_axis=(15.61, 1.70) yaw=90deg
[state_machine_node-24] [INFO] [1790651226.547794219] [state_machine_node]: 문 접근 목표 보정: door_blue_a809f7 handle_axis=(15.61, 1.70) goal_axis=(15.61, 0.60) wall_axis=(15.61, 1.70) yaw=90deg
[state_machine_node-24] [INFO] [1790651226.574424996] [state_machine_node]: 문 접근 목표 보정: door_blue_a809f7 handle_axis=(15.61, 1.70) goal_axis=(15.61, 0.60) wall_axis=(15.61, 1.70) yaw=90deg
[state_machine_node-24] [WARN] [1790651227.311164220] [state_machine_node]: Waiting for a fresh door-wall normal before alignment.
[door_detection_node-21] [INFO] [1790651227.460296416] [door_detection_node]: 문 후보 발행: id=door_blue_5a1262, source=front_right, color=blue, dist=3.65m, conf=0.26, bbox=(238,36,296,203), rep_x=267, center_x=267, angle=-94.6deg, center_angle=-94.6deg, lidar=3.77m, visual=2.80m, goal=(17.37,-1.12), handle=(18.23,-2.02,1.00), handle_obs=True, handle_method=estimated, handle_conf=0.00
[state_machine_node-24] [INFO] [1790651228.554822609] [state_machine_node]: 문 접근 목표 보정: door_blue_a809f7 handle_axis=(15.64, 1.73) goal_axis=(15.64, 0.63) wall_axis=(15.64, 1.73) yaw=90deg
[state_machine_node-24] [INFO] [1790651228.560166370] [state_machine_node]: 문 접근 목표 보정: door_blue_a809f7 handle_axis=(15.64, 1.73) goal_axis=(15.64, 0.63) wall_axis=(15.64, 1.73) yaw=90deg
[state_machine_node-24] [INFO] [1790651228.585704936] [state_machine_node]: 문 접근 목표 보정: door_blue_a809f7 handle_axis=(15.64, 1.73) goal_axis=(15.64, 0.63) wall_axis=(15.64, 1.73) yaw=90deg
[state_machine_node-24] [INFO] [1790651229.281360132] [state_machine_node]: Fine door final yaw alignment: observed_blue_15p4_2p0, dist=0.16m/0.17m, yaw_error=48deg, cmd=(0.00, 0.25)
[door_detection_node-21] [INFO] [1790651229.457730987] [door_detection_node]: 문 후보 발행: id=door_blue_5a1262, source=front_right, color=blue, dist=3.59m, conf=0.23, bbox=(252,35,312,201), rep_x=282, center_x=282, angle=-97.5deg, center_angle=-97.5deg, lidar=3.64m, visual=2.82m, goal=(17.27,-1.15), handle=(18.17,-2.02,1.00), handle_obs=True, handle_method=estimated, handle_conf=0.00
[door_detection_node-21] [INFO] [1790651229.473668201] [door_detection_node]: Side camera LiDAR range looks occluded; using visual range instead (source=front_right, lidar=1.15m, visual=4.42m)
[state_machine_node-24] [INFO] [1790651229.492840759] [state_machine_node]: 보조 비상구 관측 저장: door_green_630150 (20.3, 0.1)
[state_machine_node-24] [INFO] [1790651230.297180737] [state_machine_node]: Fine door final yaw alignment: observed_blue_15p4_2p0, dist=0.18m/0.17m, yaw_error=43deg, cmd=(0.00, 0.25)
[state_machine_node-24] [INFO] [1790651230.424141277] [state_machine_node]: 문 접근 목표 보정: door_blue_a809f7 handle_axis=(15.66, 1.68) goal_axis=(15.66, 0.58) wall_axis=(15.66, 1.68) yaw=90deg
[state_machine_node-24] [INFO] [1790651230.429896176] [state_machine_node]: 문 접근 목표 보정: door_blue_a809f7 handle_axis=(15.66, 1.68) goal_axis=(15.66, 0.58) wall_axis=(15.66, 1.68) yaw=90deg
[state_machine_node-24] [INFO] [1790651230.454141160] [state_machine_node]: 문 접근 목표 보정: door_blue_a809f7 handle_axis=(15.66, 1.68) goal_axis=(15.66, 0.58) wall_axis=(15.66, 1.68) yaw=90deg
[door_detection_node-21] [INFO] [1790651231.046516046] [door_detection_node]: Side camera LiDAR range looks too long for the visible door; using visual range (source=front_right, lidar=3.80m, visual=2.77m)
[state_machine_node-24] [INFO] [1790651231.305498498] [state_machine_node]: Fine door final yaw alignment: observed_blue_15p4_2p0, dist=0.17m/0.17m, yaw_error=40deg, cmd=(0.00, 0.25)
[door_detection_node-21] [INFO] [1790651231.371198349] [door_detection_node]: 문 후보 발행: id=door_blue_5a1262, source=front_right, color=blue, dist=2.77m, conf=0.26, bbox=(283,37,319,206), rep_x=301, center_x=301, angle=-101.1deg, center_angle=-101.1deg, lidar=3.86m, visual=2.77m, goal=(16.79,-0.51), handle=(17.79,-1.26,1.00), handle_obs=True, handle_method=estimated, handle_conf=0.00
[door_detection_node-21] [INFO] [1790651231.401050783] [door_detection_node]: Side camera visual fallback rejected (source=front_right, lidar=1.56m, visual=4.59m > 4.50m)
[state_machine_node-24] [INFO] [1790651232.311204977] [state_machine_node]: Fine door final yaw alignment: observed_blue_15p4_2p0, dist=0.16m/0.17m, yaw_error=35deg, cmd=(0.00, 0.25)
[door_detection_node-21] [INFO] [1790651232.396129575] [door_detection_node]: HSV candidate rejected: color=blue, edge-clipped bbox=(102,0,320,240), width_ratio=0.68
[state_machine_node-24] [INFO] [1790651233.325550777] [state_machine_node]: Fine door final yaw alignment: observed_blue_15p4_2p0, dist=0.15m/0.17m, yaw_error=29deg, cmd=(0.00, 0.25)
[state_machine_node-24] [INFO] [1790651234.354637509] [state_machine_node]: Fine door final yaw alignment: observed_blue_15p4_2p0, dist=0.14m/0.17m, yaw_error=26deg, cmd=(0.00, 0.25)
[door_detection_node-21] [INFO] [1790651234.876707027] [door_detection_node]: 문 후보 발행: id=door_blue_f5cbce, source=front_left, color=blue, dist=1.05m, conf=1.00, bbox=(150,0,320,240), rep_x=235, center_x=235, angle=52.2deg, center_angle=52.2deg, lidar=1.02m, visual=1.95m, goal=(16.59,1.24), handle=(15.43,1.70,1.00), handle_obs=False, handle_method=estimated, handle_conf=0.00
[state_machine_node-24] [INFO] [1790651235.397141415] [state_machine_node]: Fine door final yaw alignment: observed_blue_15p4_2p0, dist=0.14m/0.17m, yaw_error=21deg, cmd=(0.00, 0.25)
[door_detection_node-21] [INFO] [1790651235.484822072] [door_detection_node]: Side camera LiDAR range looks occluded; using visual range instead (source=front_right, lidar=1.11m, visual=4.37m)
[door_detection_node-21] [INFO] [1790651236.131470841] [door_detection_node]: YOLO 후보 제외: source=front_left, edge-clipped bbox=(187,0,318,240)
[state_machine_node-24] [INFO] [1790651236.418493005] [state_machine_node]: Fine door final yaw alignment: observed_blue_15p4_2p0, dist=0.15m/0.17m, yaw_error=13deg, cmd=(0.00, 0.17)
[door_detection_node-21] [INFO] [1790651236.924850886] [door_detection_node]: 문 후보 발행: id=door_blue_5bc10a, source=front, color=blue, dist=0.98m, conf=0.72, bbox=(0,140,57,240), rep_x=28, center_x=28, angle=29.4deg, center_angle=29.4deg, lidar=0.98m, visual=4.68m, goal=(16.87,1.48), handle=(15.65,1.71,1.00), handle_obs=False, handle_method=estimated, handle_conf=0.00
[state_machine_node-24] [INFO] [1790651237.430485889] [state_machine_node]: Fine door final yaw alignment: observed_blue_15p4_2p0, dist=0.12m/0.17m, yaw_error=10deg, cmd=(0.00, 0.13)
[state_machine_node-24] [INFO] [1790651238.460997129] [state_machine_node]: Fine door final yaw alignment: observed_blue_15p4_2p0, dist=0.12m/0.17m, yaw_error=7deg, cmd=(0.00, 0.09)
[door_detection_node-21] [INFO] [1790651238.928128886] [door_detection_node]: 문 후보 발행: id=door_blue_5bc10a, source=front, color=blue, dist=1.00m, conf=1.00, bbox=(0,139,98,240), rep_x=49, center_x=49, angle=25.4deg, center_angle=25.4deg, lidar=1.02m, visual=4.63m, goal=(16.87,1.64), handle=(15.62,1.71,1.00), handle_obs=False, handle_method=estimated, handle_conf=0.00
[state_machine_node-24] [INFO] [1790651239.498765909] [state_machine_node]: 문 앞 정렬 완료. 2.8s 정지 후 개방합니다.
[door_detection_node-21] [INFO] [1790651240.875968613] [door_detection_node]: Side camera LiDAR range looks occluded; using visual range instead (source=front_right, lidar=1.45m, visual=4.25m)
[door_detection_node-21] [INFO] [1790651240.887832624] [door_detection_node]: 문 후보 발행: id=door_green_6bb049, source=front_right, color=green, dist=4.25m, conf=0.42, bbox=(261,59,320,169), rep_x=290, center_x=290, angle=-99.1deg, center_angle=-99.1deg, lidar=1.45m, visual=4.25m, goal=(18.72,0.33), handle=(20.20,0.08,1.00), handle_obs=False, handle_method=estimated, handle_conf=0.00
[state_machine_node-24] [INFO] [1790651240.890090777] [state_machine_node]: 보조 비상구 관측 저장: door_green_6bb049 (20.2, 0.1)
[door_detection_node-21] [INFO] [1790651242.540836491] [door_detection_node]: 문 후보 발행: id=door_blue_94754e, source=front_left, color=blue, dist=1.13m, conf=1.00, bbox=(262,0,320,240), rep_x=291, center_x=291, angle=40.8deg, center_angle=40.8deg, lidar=1.14m, visual=1.95m, goal=(16.52,1.64), handle=(15.27,1.65,1.00), handle_obs=False, handle_method=estimated, handle_conf=0.00
[door_detection_node-21] [INFO] [1790651244.175352004] [door_detection_node]: 문 후보 발행: id=door_blue_94754e, source=front_left, color=blue, dist=1.10m, conf=1.00, bbox=(262,0,320,240), rep_x=291, center_x=291, angle=40.8deg, center_angle=40.8deg, lidar=1.17m, visual=1.95m, goal=(16.54,1.62), handle=(15.29,1.63,1.00), handle_obs=False, handle_method=estimated, handle_conf=0.00
[door_detection_node-21] [INFO] [1790651244.778788729] [door_detection_node]: Side camera LiDAR range looks occluded; using visual range instead (source=front_right, lidar=1.49m, visual=4.25m)
[state_machine_node-24] [INFO] [1790651244.798256348] [state_machine_node]: 보조 비상구 관측 저장: door_green_6bb049 (20.2, 0.1)
[state_machine_node-24] [INFO] [1790651245.481033699] [state_machine_node]: Blue candidate door_blue_efa1fb_1 cannot confirm opening: current camera ray is outside the frontal manipulation workspace.
[state_machine_node-24] [INFO] [1790651245.535686913] [state_machine_node]: Observed blue target observed_blue_15p4_2p0 kept for mapping but not opened yet: after at least one opened door, mapped wall memory needs a close live blue frame at the same station.
[state_machine_node-24] [WARN] [1790651245.598483403] [state_machine_node]: Fresh blue evidence missing near target observed_blue_15p4_2p0: p=16.07, lat=1.98, radius=0.81m, max_age=10.0s, min_conf=0.34.
[state_machine_node-24] [INFO] [1790651245.972746434] [state_machine_node]: Observed blue target observed_blue_15p4_2p0 uses stable mapped door memory at an aligned opening pose; manipulation will verify the physical door match (count=69, conf=1.00, progress_gap=0.61m, lateral_gap=0.29m).
[state_machine_node-24] [INFO] [1790651246.140883185] [state_machine_node]: Live blue confirmation (5.3, -1.1) rejected: same-wall blue observation is inside the opened-door remnant window (opened_progress=6.4m, gap=-1.1m, window=2.4m).
[state_machine_node-24] [INFO] [1790651246.180966528] [state_machine_node]: State: NAVIGATING → OPENING_DOOR
[state_machine_node-24] [INFO] [1790651246.380929946] [state_machine_node]: 문 개방 요청 손잡이: id=observed_blue_15p4_2p0__axis_p16p07_p1p98, method=yolo:primary:item, conf=0.48, frame=map, pos=(16.067,1.985,0.808)
[navigation_visit_node-23] [INFO] [1790651246.384824862] [navigation_visit_node]: NAVIGATION_VISIT {"scope": "navigation_only", "physical_opening": false, "door_id": "observed_blue_15p4_2p0__axis_p16p07_p1p98", "sim_time": 374.002, "robot": [16.004485186395016, 0.7897850457567772, 1.5612939213385646], "observed_handle": [16.066610369917438, 1.984728231938691, 0.8082991983451702], "distance_m": 1.1965570427816128, "bearing_error_rad": -0.04244090090473662}
[state_machine_node-24] [INFO] [1790651246.387479502] [state_machine_node]: Selected observation memory completed: observed_blue_15p4_2p0; original candidate excluded after position refinement.
[state_machine_node-24] [INFO] [1790651246.405239206] [state_machine_node]: 열린 파란 문 재관측 후보 2개 정리. 다음 목표 선택에서 제외합니다.
[state_machine_node-24] [INFO] [1790651246.406233287] [state_machine_node]: 문 개방 성공: observed_blue_15p4_2p0  누적 개방: 5개
[state_machine_node-24] [INFO] [1790651246.406871124] [state_machine_node]: State: OPENING_DOOR → DOOR_OPENED
[door_detection_node-21] [INFO] [1790651246.477862228] [door_detection_node]: 문 후보 발행: id=door_blue_94754e, source=front_left, color=blue, dist=1.14m, conf=1.00, bbox=(262,0,320,240), rep_x=291, center_x=291, angle=40.8deg, center_angle=40.8deg, lidar=1.06m, visual=1.95m, goal=(16.52,1.65), handle=(15.27,1.66,1.00), handle_obs=False, handle_method=estimated, handle_conf=0.00
[state_machine_node-24] [INFO] [1790651246.486628520] [state_machine_node]: Blue candidate door_blue_94754e ignored: physical/opened door station already handled nearby at (15.27, 1.66).
[door_detection_node-21] [INFO] [1790651247.124624177] [door_detection_node]: Side camera LiDAR range looks occluded; using visual range instead (source=front_right, lidar=1.50m, visual=4.25m)
[state_machine_node-24] [INFO] [1790651247.366435298] [state_machine_node]: 다음 파란 문 탐색 시작 (개방 완료: 5개)
[state_machine_node-24] [INFO] [1790651247.367084985] [state_machine_node]: State: DOOR_OPENED → EXPLORING
[door_detection_node-21] [INFO] [1790651248.102097845] [door_detection_node]: 문 후보 발행: id=door_blue_94754e, source=front_left, color=blue, dist=1.15m, conf=1.00, bbox=(262,0,320,240), rep_x=291, center_x=291, angle=40.8deg, center_angle=40.8deg, lidar=1.12m, visual=1.95m, goal=(16.51,1.66), handle=(15.26,1.67,1.00), handle_obs=False, handle_method=estimated, handle_conf=0.00
[state_machine_node-24] [INFO] [1790651248.402456712] [state_machine_node]: Post-open side retreat started: lateral=0.79m, target_abs=0.48m.
[state_machine_node-24] [INFO] [1790651248.403298901] [state_machine_node]: Post-open side retreat: lateral=0.79m, moved=0.00/1.10m, yaw_error=-179deg, cmd=(0.00, -0.50)
[state_machine_node-24] [INFO] [1790651249.404460647] [state_machine_node]: Post-open side retreat: lateral=0.79m, moved=0.00/1.10m, yaw_error=-167deg, cmd=(0.00, -0.50)
[door_detection_node-21] [INFO] [1790651249.437701610] [door_detection_node]: YOLO 후보 제외: source=front_left, edge-clipped bbox=(216,0,320,240)
[door_detection_node-21] [INFO] [1790651249.772431545] [door_detection_node]: Side camera LiDAR range looks occluded; using visual range instead (source=front_right, lidar=0.93m, visual=4.50m)
[door_detection_node-21] [INFO] [1790651249.787341734] [door_detection_node]: 문 후보 발행: id=door_green_6bb049, source=front_right, color=green, dist=4.50m, conf=0.68, bbox=(207,64,279,168), rep_x=243, center_x=243, angle=-89.5deg, center_angle=-89.5deg, lidar=0.93m, visual=4.50m, goal=(18.94,0.09), handle=(20.39,-0.25,1.00), handle_obs=False, handle_method=estimated, handle_conf=0.00
[state_machine_node-24] [INFO] [1790651249.789937863] [state_machine_node]: 보조 비상구 관측 저장: door_green_6bb049 (20.4, -0.3)
[state_machine_node-24] [INFO] [1790651250.436291486] [state_machine_node]: Post-open side retreat: lateral=0.79m, moved=0.00/1.10m, yaw_error=-157deg, cmd=(0.00, -0.50)
[state_machine_node-24] [INFO] [1790651250.544954127] [state_machine_node]: Blue candidate door_blue_5bc10a ignored: physical/opened door station already handled nearby at (15.79, 1.75).
[door_detection_node-21] [INFO] [1790651251.092866384] [door_detection_node]: HSV candidate rejected: color=blue, edge-clipped bbox=(133,0,320,240), width_ratio=0.58
[state_machine_node-24] [INFO] [1790651251.455175821] [state_machine_node]: Post-open side retreat: lateral=0.78m, moved=0.01/1.10m, yaw_error=-146deg, cmd=(0.00, -0.50)
[door_detection_node-21] [INFO] [1790651251.517107127] [door_detection_node]: Side camera visual fallback rejected (source=front_right, lidar=1.03m, visual=4.78m > 4.50m)
[door_detection_node-21] [INFO] [1790651253.277641876] [door_detection_node]: 문 후보 발행: id=door_blue_a809f7, source=front_left, color=blue, dist=1.03m, conf=1.00, bbox=(55,0,261,240), rep_x=158, center_x=158, angle=70.5deg, center_angle=70.5deg, lidar=0.95m, visual=1.95m, goal=(16.66,0.92), handle=(15.76,1.79,0.84), handle_obs=True, handle_method=hsv, handle_conf=0.98
[state_machine_node-24] [INFO] [1790651253.470634819] [state_machine_node]: Post-open side retreat: lateral=0.79m, moved=0.00/1.10m, yaw_error=-127deg, cmd=(0.00, -0.50)
[door_detection_node-21] [INFO] [1790651254.300063222] [door_detection_node]: Side camera LiDAR range looks occluded; using visual range instead (source=front_right, lidar=0.84m, visual=4.22m)
[state_machine_node-24] [INFO] [1790651254.324102853] [state_machine_node]: 보조 비상구 관측 저장: door_green_03b251 (20.1, -0.2)
[state_machine_node-24] [INFO] [1790651254.489936823] [state_machine_node]: Post-open side retreat: lateral=0.79m, moved=0.00/1.10m, yaw_error=-120deg, cmd=(0.00, -0.50)
[door_detection_node-21] [INFO] [1790651255.283382860] [door_detection_node]: 문 후보 발행: id=door_blue_fc1a76, source=front_left, color=blue, dist=0.99m, conf=1.00, bbox=(0,0,158,240), rep_x=79, center_x=79, angle=89.1deg, center_angle=89.1deg, lidar=1.01m, visual=1.95m, goal=(16.11,0.56), handle=(15.51,1.66,1.00), handle_obs=False, handle_method=estimated, handle_conf=0.00
[state_machine_node-24] [INFO] [1790651255.291739029] [state_machine_node]: Blue candidate door_blue_fc1a76 ignored: physical/opened door station already handled nearby at (15.51, 1.66).
[state_machine_node-24] [INFO] [1790651255.535797863] [state_machine_node]: Post-open side retreat: lateral=0.79m, moved=0.00/1.10m, yaw_error=-110deg, cmd=(0.00, -0.50)
[door_detection_node-21] [INFO] [1790651256.327292895] [door_detection_node]: Side camera LiDAR range looks occluded; using visual range instead (source=front_right, lidar=0.87m, visual=4.14m)
[door_detection_node-21] [INFO] [1790651256.340761456] [door_detection_node]: YOLO 후보 제외: source=front_right, far small dist=4.14m, conf=0.40, bbox=(0,59,14,172)
[state_machine_node-24] [INFO] [1790651256.560125753] [state_machine_node]: Post-open side retreat: lateral=0.81m, moved=0.00/1.10m, yaw_error=-100deg, cmd=(0.00, -0.50)
[door_detection_node-21] [INFO] [1790651257.308751674] [door_detection_node]: 문 후보 발행: id=door_blue_fc1a76, source=front_left, color=blue, dist=0.95m, conf=0.46, bbox=(0,142,38,240), rep_x=19, center_x=19, angle=101.1deg, center_angle=101.1deg, lidar=nonem, visual=4.78m, goal=(15.84,0.46), handle=(15.64,1.69,1.00), handle_obs=False, handle_method=estimated, handle_conf=0.00
[state_machine_node-24] [INFO] [1790651257.592084193] [state_machine_node]: Post-open side retreat: lateral=0.83m, moved=0.00/1.10m, yaw_error=-88deg, cmd=(0.00, -0.50)
[state_machine_node-24] [INFO] [1790651258.659295371] [state_machine_node]: Post-open side retreat: lateral=0.86m, moved=0.00/1.10m, yaw_error=-76deg, cmd=(0.00, -0.50)
[door_detection_node-21] [INFO] [1790651259.065275602] [door_detection_node]: 문 후보 발행: id=door_green_302f2b, source=front, color=green, dist=4.78m, conf=0.57, bbox=(113,67,177,165), rep_x=145, center_x=145, angle=3.7deg, center_angle=3.7deg, lidar=0.87m, visual=4.78m, goal=(19.19,0.22), handle=(20.66,-0.08,1.00), handle_obs=False, handle_method=estimated, handle_conf=0.00
[state_machine_node-24] [INFO] [1790651259.067982859] [state_machine_node]: 보조 비상구 관측 저장: door_green_302f2b (20.7, -0.1)
[state_machine_node-24] [INFO] [1790651259.720943254] [state_machine_node]: Post-open side retreat: lateral=0.88m, moved=0.00/1.10m, yaw_error=-63deg, cmd=(0.00, -0.50)
[door_detection_node-21] [INFO] [1790651260.476698653] [door_detection_node]: Front lateral LiDAR range looks too long for the visible door; using visual range (lidar=3.61m, visual=2.85m)
[state_machine_node-24] [INFO] [1790651260.758487999] [state_machine_node]: Post-open side retreat: lateral=0.89m, moved=0.00/1.10m, yaw_error=-51deg, cmd=(0.00, -0.50)
[door_detection_node-21] [INFO] [1790651260.904875787] [door_detection_node]: 문 후보 발행: id=door_blue_801db8, source=front, color=blue, dist=2.85m, conf=0.38, bbox=(232,37,290,201), rep_x=261, center_x=261, angle=-23.3deg, center_angle=-23.3deg, lidar=3.45m, visual=2.85m, goal=(18.29,-0.31), handle=(17.67,-1.40,1.00), handle_obs=True, handle_method=estimated, handle_conf=0.00
[state_machine_node-24] [INFO] [1790651260.907943411] [state_machine_node]: Blue candidate door_blue_801db8 ignored: center-biased opposite-wall projection near opened blue station 16.1m (candidate 17.7m).
[state_machine_node-24] [INFO] [1790651260.918386937] [state_machine_node]: Blue candidate door_blue_801db8 ignored: physical/opened door station already handled nearby at (17.67, -1.40).
[state_machine_node-24] [INFO] [1790651261.830493190] [state_machine_node]: Post-open side retreat: lateral=0.90m, moved=0.00/1.10m, yaw_error=-43deg, cmd=(0.00, -0.50)
[door_detection_node-21] [INFO] [1790651262.598369657] [door_detection_node]: 문 후보 발행: id=door_blue_db2b67, source=front, color=blue, dist=3.63m, conf=0.44, bbox=(166,46,214,194), rep_x=190, center_x=190, angle=-7.3deg, center_angle=-7.3deg, lidar=3.46m, visual=3.16m, goal=(19.01,-1.21), handle=(18.09,-2.06,1.00), handle_obs=True, handle_method=estimated, handle_conf=0.00
[state_machine_node-24] [INFO] [1790651262.644733317] [state_machine_node]: 보조 비상구 관측 저장: door_green_5ecaf2 (20.1, -0.4)
[state_machine_node-24] [INFO] [1790651262.846938241] [state_machine_node]: Post-open side retreat: lateral=0.90m, moved=0.00/1.10m, yaw_error=-33deg, cmd=(0.00, -0.50)
[door_detection_node-21] [INFO] [1790651263.176019199] [door_detection_node]: Side camera LiDAR range looks occluded; using visual range instead (source=front_right, lidar=1.36m, visual=3.74m)
[state_machine_node-24] [INFO] [1790651263.885561605] [state_machine_node]: Post-open side retreat: lateral=0.89m, moved=0.00/1.10m, yaw_error=-26deg, cmd=(0.00, -0.50)
[door_detection_node-21] [INFO] [1790651264.216361861] [door_detection_node]: 문 후보 발행: id=door_green_6282e8, source=front_left, color=green, dist=4.50m, conf=0.68, bbox=(211,64,284,168), rep_x=247, center_x=247, angle=49.6deg, center_angle=49.6deg, lidar=0.94m, visual=4.50m, goal=(18.87,0.11), handle=(20.32,-0.28,1.00), handle_obs=False, handle_method=estimated, handle_conf=0.00
[state_machine_node-24] [INFO] [1790651264.919484476] [state_machine_node]: Post-open side retreat: lateral=0.89m, moved=0.00/1.10m, yaw_error=-15deg, cmd=(0.00, -0.50)
[door_detection_node-21] [INFO] [1790651265.610396207] [door_detection_node]: Side camera LiDAR range looks occluded; using visual range instead (source=front_right, lidar=1.45m, visual=3.97m)
[state_machine_node-24] [INFO] [1790651265.962807606] [state_machine_node]: Post-open side retreat: lateral=0.90m, moved=0.00/1.10m, yaw_error=-5deg, cmd=(0.18, -0.07)
[door_detection_node-21] [INFO] [1790651266.036914815] [door_detection_node]: 문 후보 발행: id=door_blue_8a61bc, source=front_right, color=blue, dist=3.97m, conf=0.66, bbox=(137,59,172,177), rep_x=154, center_x=154, angle=-68.5deg, center_angle=-68.5deg, lidar=1.38m, visual=3.97m, goal=(13.97,-1.10), handle=(12.76,-1.40,1.00), handle_obs=True, handle_method=estimated, handle_conf=0.00
[state_machine_node-24] [INFO] [1790651266.046006986] [state_machine_node]: Blue candidate door_blue_8a61bc ignored: physical/opened door station already handled nearby at (12.76, -1.40).
[door_detection_node-21] [INFO] [1790651266.598246816] [door_detection_node]: Side camera visual fallback rejected (source=front_left, lidar=0.85m, visual=4.73m > 4.50m)
[state_machine_node-24] [INFO] [1790651266.996964334] [state_machine_node]: Post-open side retreat: lateral=0.84m, moved=0.00/1.10m, yaw_error=-5deg, cmd=(0.18, -0.07)
[door_detection_node-21] [INFO] [1790651267.748289340] [door_detection_node]: 문 후보 발행: id=door_blue_8a61bc, source=front_right, color=blue, dist=3.69m, conf=0.65, bbox=(94,55,133,182), rep_x=113, center_x=113, angle=-58.6deg, center_angle=-58.6deg, lidar=1.46m, visual=3.69m, goal=(14.32,-1.25), handle=(13.07,-1.36,1.00), handle_obs=True, handle_method=estimated, handle_conf=0.00
[state_machine_node-24] [INFO] [1790651268.029160078] [state_machine_node]: Post-open side retreat: lateral=0.74m, moved=0.05/1.10m, yaw_error=-4deg, cmd=(0.18, -0.06)
[door_detection_node-21] [INFO] [1790651268.304421342] [door_detection_node]: Side camera LiDAR range looks too long for the visible door; using visual range (source=front_left, lidar=3.56m, visual=2.63m)
[door_detection_node-21] [INFO] [1790651268.695483789] [door_detection_node]: Side camera visual fallback rejected (source=front_left, lidar=0.85m, visual=4.59m > 4.50m)
[state_machine_node-24] [INFO] [1790651269.101411275] [state_machine_node]: Post-open side retreat: lateral=0.65m, moved=0.14/1.10m, yaw_error=-2deg, cmd=(0.18, -0.03)
[door_detection_node-21] [INFO] [1790651269.520356432] [door_detection_node]: 문 후보 발행: id=door_blue_fed083, source=front_right, color=blue, dist=4.18m, conf=0.71, bbox=(91,54,127,182), rep_x=109, center_x=109, angle=-57.7deg, center_angle=-57.7deg, lidar=4.15m, visual=3.66m, goal=(13.88,-1.67), handle=(12.63,-1.73,1.00), handle_obs=True, handle_method=estimated, handle_conf=0.00
[state_machine_node-24] [INFO] [1790651269.528759062] [state_machine_node]: Blue candidate door_blue_fed083 ignored: physical/opened door station already handled nearby at (12.63, -1.73).
[state_machine_node-24] [INFO] [1790651270.150943160] [state_machine_node]: Post-open side retreat: lateral=0.57m, moved=0.22/1.10m, yaw_error=-2deg, cmd=(0.18, -0.02)
[state_machine_node-24] [INFO] [1790651271.158250707] [state_machine_node]: Post-open side retreat: lateral=0.48m, moved=0.31/1.10m, yaw_error=-1deg, cmd=(0.18, -0.01)
[door_detection_node-21] [INFO] [1790651271.531895721] [door_detection_node]: 문 후보 발행: id=door_blue_fed083, source=front_right, color=blue, dist=4.17m, conf=0.77, bbox=(92,53,128,183), rep_x=110, center_x=110, angle=-57.9deg, center_angle=-57.9deg, lidar=4.15m, visual=3.60m, goal=(13.85,-1.75), handle=(12.60,-1.78,1.00), handle_obs=True, handle_method=estimated, handle_conf=0.00
[state_machine_node-24] [INFO] [1790651272.176327994] [state_machine_node]: Post-open side retreat complete: lateral=0.38m <= target=0.48m
[state_machine_node-24] [INFO] [1790651272.237329327] [state_machine_node]: Blue candidate door_blue_b327a7 waiting for observed map promotion before navigation: exit-side direct detections with only estimated handle geometry are not used as immediate goals.
[state_machine_node-24] [INFO] [1790651272.264927027] [state_machine_node]: 문 접근 목표 보정: observed_blue_18p2_m2p1 handle_axis=(18.22, -2.06) goal_axis=(18.22, -0.96) wall_axis=(18.22, -2.06) yaw=-90deg
[state_machine_node-24] [INFO] [1790651272.281673254] [state_machine_node]: 문 접근 목표 보정: observed_blue_18p2_m2p1 handle_axis=(18.22, -2.06) goal_axis=(18.22, -0.96) wall_axis=(18.22, -2.06) yaw=-90deg
[state_machine_node-24] [INFO] [1790651272.285901366] [state_machine_node]: 문 접근 목표 보정: observed_blue_18p2_m2p1 handle_axis=(18.22, -2.06) goal_axis=(18.22, -0.96) wall_axis=(18.22, -2.06) yaw=-90deg
[state_machine_node-24] [WARN] [1790651272.290902916] [state_machine_node]: Blue target observed_blue_18p2_m2p1 retained for revisit: stable unopened blue memory must be checked before exit even when it is behind the farthest opened station.
[state_machine_node-24] [INFO] [1790651272.296605630] [state_machine_node]: 문 접근 목표 보정: observed_blue_18p2_m2p1 handle_axis=(18.22, -2.06) goal_axis=(18.22, -0.96) wall_axis=(18.22, -2.06) yaw=-90deg
[state_machine_node-24] [INFO] [1790651272.298401774] [state_machine_node]: 문 접근 목표 보정: observed_blue_18p2_m2p1 handle_axis=(18.22, -2.06) goal_axis=(18.22, -0.96) wall_axis=(18.22, -2.06) yaw=-90deg
[state_machine_node-24] [INFO] [1790651272.300724162] [state_machine_node]: LiDAR+camera segment map 사전 스캔 시작: observed_blue_18p2_m2p1
[state_machine_node-24] [INFO] [1790651273.250424563] [state_machine_node]: 문 접근 목표 보정: observed_blue_18p2_m2p1 handle_axis=(18.22, -2.06) goal_axis=(18.22, -0.96) wall_axis=(18.22, -2.06) yaw=-90deg
[door_detection_node-21] [INFO] [1790651273.257550845] [door_detection_node]: 문 후보 발행: id=door_blue_fed083, source=front_right, color=blue, dist=4.05m, conf=0.66, bbox=(97,53,132,185), rep_x=114, center_x=114, angle=-58.9deg, center_angle=-58.9deg, lidar=4.15m, visual=3.55m, goal=(13.89,-1.75), handle=(12.64,-1.77,1.00), handle_obs=True, handle_method=estimated, handle_conf=0.00
[state_machine_node-24] [INFO] [1790651273.266272603] [state_machine_node]: Blue candidate door_blue_fed083 ignored: physical/opened door station already handled nearby at (12.64, -1.77).
[state_machine_node-24] [INFO] [1790651274.216862360] [state_machine_node]: 문 접근 목표 보정: observed_blue_18p2_m2p1 handle_axis=(18.22, -2.06) goal_axis=(18.22, -0.96) wall_axis=(18.22, -2.06) yaw=-90deg
[state_machine_node-24] [INFO] [1790651275.204168902] [state_machine_node]: 문 접근 목표 보정: observed_blue_18p2_m2p1 handle_axis=(18.22, -2.06) goal_axis=(18.22, -0.96) wall_axis=(18.22, -2.06) yaw=-90deg
[state_machine_node-24] [INFO] [1790651275.207145651] [state_machine_node]: 사전 스캔 완료. Nav2가 segment map 기반 경로를 계획합니다: observed_blue_18p2_m2p1
[door_detection_node-21] [INFO] [1790651275.237903553] [door_detection_node]: 문 후보 발행: id=door_blue_fed083, source=front_right, color=blue, dist=4.07m, conf=0.67, bbox=(97,53,132,185), rep_x=114, center_x=114, angle=-58.9deg, center_angle=-58.9deg, lidar=4.11m, visual=3.55m, goal=(13.86,-1.77), handle=(12.61,-1.79,1.00), handle_obs=True, handle_method=estimated, handle_conf=0.00
[state_machine_node-24] [INFO] [1790651275.243269467] [state_machine_node]: Locked blue target after pre-scan: observed_blue_18p2_m2p1 opened=5 retry=0/2
[state_machine_node-24] [INFO] [1790651275.244030929] [state_machine_node]: State: EXPLORING → NAVIGATING
[navigation_node-22] [INFO] [1790651275.249198812] [navigation_node]: Navigation goal received: door observed_blue_18p2_m2p1 (color=blue, frame=map, x=18.22, y=-0.96)
[bt_navigator-17] [INFO] [1790651275.394119522] [bt_navigator]: Begin navigating from current location (16.07, 0.37) to (18.22, -0.96)
[navigation_node-22] [INFO] [1790651275.399468090] [navigation_node]: Navigation goal accepted by Nav2
[controller_server-13] [INFO] [1790651275.596085809] [controller_server]: Received a goal, begin computing control effort.
[state_machine_node-24] [INFO] [1790651276.155650654] [state_machine_node]: 문 접근 목표 보정: door_blue_10483e handle_axis=(18.23, -1.83) goal_axis=(18.23, -0.73) wall_axis=(18.23, -1.83) yaw=-90deg
[state_machine_node-24] [INFO] [1790651276.158624638] [state_machine_node]: 문 접근 목표 보정: door_blue_10483e handle_axis=(18.23, -1.83) goal_axis=(18.23, -0.73) wall_axis=(18.23, -1.83) yaw=-90deg
[state_machine_node-24] [WARN] [1790651276.160168248] [state_machine_node]: Locked blue target refined from newer observation: observed_blue_18p2_m2p1 -> observed_blue_18p2_m2p1, goal shift=0.23m, identity=(18.22,-2.06) -> (18.23,-1.83)
[navigation_node-22] [INFO] [1790651276.162140737] [navigation_node]: Navigation goal received: door observed_blue_18p2_m2p1 (color=blue, frame=map, x=18.23, y=-0.73)
[navigation_node-22] [INFO] [1790651276.162932229] [navigation_node]: Ignoring duplicate navigation target for active door: observed_blue_18p2_m2p1
[controller_server-13] [INFO] [1790651276.972494296] [controller_server]: Passing new path to controller.
[door_detection_node-21] [INFO] [1790651277.223589799] [door_detection_node]: 문 후보 발행: id=door_blue_fed083, source=front_right, color=blue, dist=4.07m, conf=0.67, bbox=(97,53,132,185), rep_x=114, center_x=114, angle=-58.9deg, center_angle=-58.9deg, lidar=3.97m, visual=3.55m, goal=(13.87,-1.76), handle=(12.62,-1.78,1.00), handle_obs=True, handle_method=estimated, handle_conf=0.00
[state_machine_node-24] [INFO] [1790651277.232753541] [state_machine_node]: Blue candidate door_blue_fed083 ignored: physical/opened door station already handled nearby at (12.62, -1.78).
[door_detection_node-21] [INFO] [1790651277.753148613] [door_detection_node]: Side camera LiDAR range looks too long for the visible door; using visual range (source=front_left, lidar=3.23m, visual=2.29m)
[state_machine_node-24] [INFO] [1790651277.992879114] [state_machine_node]: 문 접근 목표 보정: door_blue_10483e handle_axis=(18.96, -2.05) goal_axis=(18.96, -0.95) wall_axis=(18.96, -2.05) yaw=-90deg
[state_machine_node-24] [INFO] [1790651277.995654597] [state_machine_node]: Locked blue target refine skipped: door_blue_10483e moved inward 2.06m -> 1.24m from mission axis.
[controller_server-13] [INFO] [1790651278.222503474] [controller_server]: Passing new path to controller.
[door_detection_node-21] [INFO] [1790651278.857471863] [door_detection_node]: 문 후보 발행: id=door_blue_f8e8ad, source=front_right, color=blue, dist=3.86m, conf=0.62, bbox=(145,54,178,184), rep_x=161, center_x=161, angle=-70.2deg, center_angle=-70.2deg, lidar=3.62m, visual=3.60m, goal=(14.05,-1.48), handle=(12.83,-1.75,1.00), handle_obs=True, handle_method=estimated, handle_conf=0.00
[planner_server-15] [INFO] [1790651279.508139245] [global_costmap.global_costmap]: StaticLayer: Resizing static layer to 475 X 90 at 0.050000 m/pix
[controller_server-13] [INFO] [1790651279.597544278] [controller_server]: Passing new path to controller.
[door_detection_node-21] [INFO] [1790651279.867809967] [door_detection_node]: YOLO 후보 제외: source=front, edge-clipped bbox=(0,22,61,214)
[controller_server-13] [INFO] [1790651280.847456189] [controller_server]: Passing new path to controller.
[door_detection_node-21] [INFO] [1790651280.887597955] [door_detection_node]: 문 후보 발행: id=door_blue_f8e8ad, source=front_right, color=blue, dist=3.94m, conf=0.70, bbox=(217,52,252,186), rep_x=234, center_x=234, angle=-87.5deg, center_angle=-87.5deg, lidar=3.79m, visual=3.49m, goal=(13.79,-1.24), handle=(12.66,-1.79,1.00), handle_obs=True, handle_method=estimated, handle_conf=0.00
[state_machine_node-24] [INFO] [1790651280.897343504] [state_machine_node]: Blue candidate door_blue_f8e8ad ignored: physical/opened door station already handled nearby at (12.66, -1.79).
[controller_server-13] [INFO] [1790651282.097485400] [controller_server]: Passing new path to controller.
[state_machine_node-24] [INFO] [1790651282.225810917] [state_machine_node]: 문 접근 목표 보정: door_blue_b560b3 handle_axis=(18.46, -1.76) goal_axis=(18.46, -0.66) wall_axis=(18.46, -1.76) yaw=-90deg
[state_machine_node-24] [INFO] [1790651282.228913520] [state_machine_node]: 문 접근 목표 보정: door_blue_b560b3 handle_axis=(18.46, -1.76) goal_axis=(18.46, -0.66) wall_axis=(18.46, -1.76) yaw=-90deg
[state_machine_node-24] [WARN] [1790651282.230193560] [state_machine_node]: Locked blue target refined from newer observation: observed_blue_18p2_m2p1 -> observed_blue_18p2_m2p1, goal shift=0.24m, identity=(18.23,-1.83) -> (18.46,-1.76)
[navigation_node-22] [INFO] [1790651282.232057747] [navigation_node]: Navigation goal received: door observed_blue_18p2_m2p1 (color=blue, frame=map, x=18.46, y=-0.66)
[navigation_node-22] [WARN] [1790651282.233101000] [navigation_node]: Already navigating. Preempting current goal without an explicit stop before retargeting to: observed_blue_18p2_m2p1
[navigation_node-22] [INFO] [1790651282.383560105] [navigation_node]: Navigation goal accepted by Nav2
[bt_navigator-17] [INFO] [1790651282.394666167] [bt_navigator]: Received goal preemption request
[bt_navigator-17] [INFO] [1790651282.395482022] [bt_navigator]: Begin navigating from current location (16.25, -0.15) to (18.46, -0.66)
[door_detection_node-21] [INFO] [1790651282.983522856] [door_detection_node]: 문 후보 발행: id=door_blue_056a41, source=front_right, color=blue, dist=4.00m, conf=0.34, bbox=(277,43,312,193), rep_x=294, center_x=294, angle=-99.8deg, center_angle=-99.8deg, lidar=3.83m, visual=3.12m, goal=(13.62,-1.05), handle=(12.58,-1.74,1.00), handle_obs=True, handle_method=estimated, handle_conf=0.00
[controller_server-13] [INFO] [1790651283.472498567] [controller_server]: Passing new path to controller.
[state_machine_node-24] [INFO] [1790651284.416537164] [state_machine_node]: 문 접근 목표 보정: door_blue_04851a handle_axis=(18.53, -1.83) goal_axis=(18.53, -0.73) wall_axis=(18.53, -1.83) yaw=-90deg
[state_machine_node-24] [INFO] [1790651284.417962178] [state_machine_node]: 문 접근 목표 보정: door_blue_04851a handle_axis=(18.53, -1.83) goal_axis=(18.53, -0.73) wall_axis=(18.53, -1.83) yaw=-90deg
[controller_server-13] [INFO] [1790651284.722491070] [controller_server]: Passing new path to controller.
[door_detection_node-21] [INFO] [1790651285.806318569] [door_detection_node]: 문 후보 발행: id=door_blue_04851a, source=front, color=blue, dist=2.52m, conf=0.66, bbox=(121,6,179,235), rep_x=150, center_x=150, angle=2.4deg, center_angle=2.4deg, lidar=2.76m, visual=2.04m, goal=(17.28,-0.97), handle=(18.50,-1.84,1.00), handle_obs=True, handle_method=estimated, handle_conf=0.00
[state_machine_node-24] [INFO] [1790651285.815729960] [state_machine_node]: 문 접근 목표 보정: door_blue_04851a handle_axis=(18.50, -1.84) goal_axis=(18.50, -0.74) wall_axis=(18.50, -1.84) yaw=-90deg
[state_machine_node-24] [INFO] [1790651285.818704390] [state_machine_node]: 문 접근 목표 보정: door_blue_04851a handle_axis=(18.50, -1.84) goal_axis=(18.50, -0.74) wall_axis=(18.50, -1.84) yaw=-90deg
[controller_server-13] [INFO] [1790651285.972529314] [controller_server]: Passing new path to controller.
[controller_server-13] [INFO] [1790651287.222465061] [controller_server]: Passing new path to controller.
[door_detection_node-21] [INFO] [1790651287.418996196] [door_detection_node]: 문 후보 발행: id=door_blue_db2b67, source=front, color=blue, dist=2.35m, conf=0.58, bbox=(174,0,242,240), rep_x=208, center_x=208, angle=-11.6deg, center_angle=-11.6deg, lidar=2.56m, visual=1.95m, goal=(19.04,-0.80), handle=(18.49,-1.93,1.00), handle_obs=True, handle_method=estimated, handle_conf=0.00
[state_machine_node-24] [INFO] [1790651287.428422149] [state_machine_node]: 문 접근 목표 보정: door_blue_db2b67 handle_axis=(18.49, -1.93) goal_axis=(18.49, -0.83) wall_axis=(18.49, -1.93) yaw=-90deg
[state_machine_node-24] [INFO] [1790651287.431268448] [state_machine_node]: 문 접근 목표 보정: door_blue_db2b67 handle_axis=(18.49, -1.93) goal_axis=(18.49, -0.83) wall_axis=(18.49, -1.93) yaw=-90deg
[door_detection_node-21] [INFO] [1790651287.451257164] [door_detection_node]: YOLO 후보 제외: source=front, edge-clipped bbox=(0,50,50,176)
[controller_server-13] [INFO] [1790651288.597463548] [controller_server]: Passing new path to controller.
[state_machine_node-24] [INFO] [1790651288.829758723] [state_machine_node]: 보조 비상구 관측 저장: door_green_960972 (20.5, -0.0)
[controller_server-13] [INFO] [1790651289.847530505] [controller_server]: Passing new path to controller.
[door_detection_node-21] [INFO] [1790651290.387849106] [door_detection_node]: 문 후보 발행: id=door_green_971b28, source=front, color=green, dist=3.80m, conf=0.96, bbox=(57,54,141,177), rep_x=99, center_x=99, angle=14.6deg, center_angle=14.6deg, lidar=nonem, visual=3.80m, goal=(19.31,-0.33), handle=(20.80,-0.12,1.00), handle_obs=False, handle_method=estimated, handle_conf=0.00
[controller_server-13] [INFO] [1790651291.097493151] [controller_server]: Passing new path to controller.
[state_machine_node-24] [INFO] [1790651291.897421601] [state_machine_node]: 문 접근 목표 보정: door_blue_39bac3 handle_axis=(18.50, -2.07) goal_axis=(18.50, -0.97) wall_axis=(18.50, -2.07) yaw=-90deg
[state_machine_node-24] [INFO] [1790651291.901075090] [state_machine_node]: 문 접근 목표 보정: door_blue_39bac3 handle_axis=(18.50, -2.07) goal_axis=(18.50, -0.97) wall_axis=(18.50, -2.07) yaw=-90deg
[state_machine_node-24] [INFO] [1790651291.905748369] [state_machine_node]: Live blue confirmation (5.3, -1.1) rejected: same-wall blue observation is inside the opened-door remnant window (opened_progress=6.4m, gap=-1.1m, window=2.4m).
[state_machine_node-24] [WARN] [1790651291.913171005] [state_machine_node]: Locked blue target refined from newer observation: observed_blue_18p2_m2p1 -> observed_blue_18p2_m2p1, goal shift=0.32m, identity=(18.46,-1.76) -> (18.50,-2.07)
[navigation_node-22] [INFO] [1790651291.915445647] [navigation_node]: Navigation goal received: door observed_blue_18p2_m2p1 (color=blue, frame=map, x=18.50, y=-0.97)
[navigation_node-22] [WARN] [1790651291.916562965] [navigation_node]: Already navigating. Preempting current goal without an explicit stop before retargeting to: observed_blue_18p2_m2p1
[navigation_node-22] [INFO] [1790651292.077160228] [navigation_node]: Navigation goal accepted by Nav2
[bt_navigator-17] [INFO] [1790651292.094588034] [bt_navigator]: Received goal preemption request
[bt_navigator-17] [INFO] [1790651292.095082492] [bt_navigator]: Begin navigating from current location (17.26, -0.68) to (18.50, -0.97)
[controller_server-13] [INFO] [1790651292.472504697] [controller_server]: Passing new path to controller.
[door_detection_node-21] [INFO] [1790651293.181819872] [door_detection_node]: 문 후보 발행: id=door_blue_39bac3, source=front_right, color=blue, dist=1.87m, conf=1.00, bbox=(0,0,117,240), rep_x=58, center_x=58, angle=-46.4deg, center_angle=-46.4deg, lidar=1.85m, visual=1.95m, goal=(19.06,-0.89), handle=(19.02,-2.14,0.83), handle_obs=True, handle_method=yolo:primary:item, handle_conf=0.42
[state_machine_node-24] [INFO] [1790651293.192591677] [state_machine_node]: 문 접근 목표 보정: door_blue_39bac3 handle_axis=(19.02, -2.14) goal_axis=(19.02, -1.04) wall_axis=(19.02, -2.14) yaw=-90deg
[state_machine_node-24] [INFO] [1790651293.195765627] [state_machine_node]: 문 접근 목표 보정: door_blue_39bac3 handle_axis=(19.02, -2.14) goal_axis=(19.02, -1.04) wall_axis=(19.02, -2.14) yaw=-90deg
[controller_server-13] [INFO] [1790651293.597490191] [controller_server]: Passing new path to controller.
[state_machine_node-24] [INFO] [1790651293.727918642] [state_machine_node]: 보조 비상구 관측 저장: door_green_971b28 (21.0, -0.2)
[door_detection_node-21] [INFO] [1790651294.945510582] [door_detection_node]: 문 후보 발행: id=door_blue_39bac3, source=front_right, color=blue, dist=1.72m, conf=1.00, bbox=(8,0,144,240), rep_x=76, center_x=76, angle=-50.3deg, center_angle=-50.3deg, lidar=1.67m, visual=1.95m, goal=(19.13,-0.90), handle=(19.04,-2.14,0.83), handle_obs=True, handle_method=yolo:primary:item, handle_conf=0.61
[state_machine_node-24] [INFO] [1790651294.956318211] [state_machine_node]: 문 접근 목표 보정: door_blue_39bac3 handle_axis=(19.04, -2.14) goal_axis=(19.04, -1.04) wall_axis=(19.04, -2.14) yaw=-90deg
[state_machine_node-24] [INFO] [1790651294.959604323] [state_machine_node]: 문 접근 목표 보정: door_blue_39bac3 handle_axis=(19.04, -2.14) goal_axis=(19.04, -1.04) wall_axis=(19.04, -2.14) yaw=-90deg
[controller_server-13] [INFO] [1790651294.972492999] [controller_server]: Passing new path to controller.
[controller_server-13] [INFO] [1790651296.222492733] [controller_server]: Passing new path to controller.
[planner_server-15] [INFO] [1790651296.508041774] [global_costmap.global_costmap]: StaticLayer: Resizing static layer to 476 X 90 at 0.050000 m/pix
[door_detection_node-21] [INFO] [1790651296.785090905] [door_detection_node]: 문 후보 발행: id=door_blue_b07aa8, source=front_right, color=blue, dist=1.55m, conf=1.00, bbox=(4,0,161,240), rep_x=82, center_x=82, angle=-51.6deg, center_angle=-51.6deg, lidar=1.57m, visual=1.95m, goal=(19.13,-0.86), handle=(18.93,-2.10,0.82), handle_obs=True, handle_method=yolo:primary:item, handle_conf=0.69
[state_machine_node-24] [INFO] [1790651296.794871757] [state_machine_node]: 문 접근 목표 보정: door_blue_b07aa8 handle_axis=(18.93, -2.10) goal_axis=(18.93, -1.00) wall_axis=(18.93, -2.10) yaw=-90deg
[state_machine_node-24] [INFO] [1790651296.798763681] [state_machine_node]: 문 접근 목표 보정: door_blue_b07aa8 handle_axis=(18.93, -2.10) goal_axis=(18.93, -1.00) wall_axis=(18.93, -2.10) yaw=-90deg
[state_machine_node-24] [WARN] [1790651296.800272219] [state_machine_node]: Locked blue target refined from newer observation: observed_blue_18p2_m2p1 -> observed_blue_18p2_m2p1, goal shift=0.43m, identity=(18.50,-2.07) -> (18.51,-2.06)
[navigation_node-22] [INFO] [1790651296.802414616] [navigation_node]: Navigation goal received: door observed_blue_18p2_m2p1 (color=blue, frame=map, x=18.93, y=-1.00)
[navigation_node-22] [WARN] [1790651296.803318441] [navigation_node]: Already navigating. Preempting current goal without an explicit stop before retargeting to: observed_blue_18p2_m2p1
[navigation_node-22] [INFO] [1790651296.968705687] [navigation_node]: Navigation goal accepted by Nav2
[bt_navigator-17] [INFO] [1790651296.994639418] [bt_navigator]: Received goal preemption request
[bt_navigator-17] [INFO] [1790651296.995602005] [bt_navigator]: Begin navigating from current location (17.87, -0.71) to (18.93, -1.00)
[state_machine_node-24] [INFO] [1790651297.309549295] [state_machine_node]: 보조 비상구 관측 저장: door_green_960972 (20.8, -0.2)
[controller_server-13] [INFO] [1790651297.598118122] [controller_server]: Passing new path to controller.
[door_detection_node-21] [INFO] [1790651298.534049611] [door_detection_node]: 문 후보 발행: id=door_blue_b07aa8, source=front_right, color=blue, dist=1.44m, conf=1.00, bbox=(0,0,175,240), rep_x=87, center_x=87, angle=-52.7deg, center_angle=-52.7deg, lidar=1.40m, visual=1.95m, goal=(19.28,-0.93), handle=(18.95,-2.14,0.82), handle_obs=True, handle_method=yolo:primary:item, handle_conf=0.67
[state_machine_node-24] [INFO] [1790651298.544080504] [state_machine_node]: 문 접근 목표 보정: door_blue_b07aa8 handle_axis=(18.95, -2.14) goal_axis=(18.95, -1.04) wall_axis=(18.95, -2.14) yaw=-90deg
[state_machine_node-24] [INFO] [1790651298.547687419] [state_machine_node]: 문 접근 목표 보정: door_blue_b07aa8 handle_axis=(18.95, -2.14) goal_axis=(18.95, -1.04) wall_axis=(18.95, -2.14) yaw=-90deg
[controller_server-13] [INFO] [1790651298.847527237] [controller_server]: Passing new path to controller.
[door_detection_node-21] [INFO] [1790651299.025539111] [door_detection_node]: YOLO 후보 제외: source=front, edge-clipped bbox=(0,27,116,200)
[controller_server-13] [INFO] [1790651300.097524709] [controller_server]: Passing new path to controller.
[door_detection_node-21] [INFO] [1790651300.274991941] [door_detection_node]: 문 후보 발행: id=door_blue_b07aa8, source=front_right, color=blue, dist=1.28m, conf=1.00, bbox=(43,0,238,240), rep_x=140, center_x=140, angle=-65.1deg, center_angle=-65.1deg, lidar=1.30m, visual=1.95m, goal=(19.25,-0.87), handle=(18.99,-2.10,0.84), handle_obs=True, handle_method=yolo:primary:item, handle_conf=0.73
[state_machine_node-24] [INFO] [1790651300.285542103] [state_machine_node]: 문 접근 목표 보정: door_blue_b07aa8 handle_axis=(18.99, -2.10) goal_axis=(18.99, -1.00) wall_axis=(18.99, -2.10) yaw=-90deg
[state_machine_node-24] [INFO] [1790651300.289382642] [state_machine_node]: 문 접근 목표 보정: door_blue_b07aa8 handle_axis=(18.99, -2.10) goal_axis=(18.99, -1.00) wall_axis=(18.99, -2.10) yaw=-90deg
[controller_server-13] [INFO] [1790651301.472497039] [controller_server]: Passing new path to controller.
[planner_server-15] [INFO] [1790651301.508169923] [global_costmap.global_costmap]: StaticLayer: Resizing static layer to 477 X 90 at 0.050000 m/pix
[door_detection_node-21] [INFO] [1790651302.048663304] [door_detection_node]: 문 후보 발행: id=door_blue_4efad4, source=front_right, color=blue, dist=1.17m, conf=1.00, bbox=(74,0,291,240), rep_x=182, center_x=182, angle=-75.4deg, center_angle=-75.4deg, lidar=1.16m, visual=1.95m, goal=(19.20,-0.86), handle=(18.91,-2.07,0.83), handle_obs=True, handle_method=yolo:primary:item, handle_conf=0.75
[state_machine_node-24] [INFO] [1790651302.060094983] [state_machine_node]: 문 접근 목표 보정: door_blue_4efad4 handle_axis=(18.91, -2.07) goal_axis=(18.91, -0.97) wall_axis=(18.91, -2.07) yaw=-90deg
[state_machine_node-24] [INFO] [1790651302.064697048] [state_machine_node]: 문 접근 목표 보정: door_blue_4efad4 handle_axis=(18.91, -2.07) goal_axis=(18.91, -0.97) wall_axis=(18.91, -2.07) yaw=-90deg
[door_detection_node-21] [INFO] [1790651302.568527408] [door_detection_node]: YOLO 후보 제외: source=front, edge-clipped bbox=(0,12,104,205)
[controller_server-13] [INFO] [1790651302.597491738] [controller_server]: Passing new path to controller.
[door_detection_node-21] [INFO] [1790651303.576305283] [door_detection_node]: HSV candidate rejected: color=blue, edge-clipped bbox=(106,0,320,240), width_ratio=0.67
[state_machine_node-24] [INFO] [1790651303.834936533] [state_machine_node]: Nav2 door goal position is near, but yaw is not ready yet: observed_blue_18p2_m2p1, dist=0.31m/0.38m, lateral=-0.05m/0.24m, yaw_error=79deg.
[controller_server-13] [INFO] [1790651303.972989547] [controller_server]: Passing new path to controller.
[state_machine_node-24] [INFO] [1790651304.931139693] [state_machine_node]: Nav2 goal is close enough for fine door alignment: observed_blue_18p2_m2p1, dist=0.22m/0.38m, lateral=-0.05m/0.24m, yaw_error=71deg.
[state_machine_node-24] [INFO] [1790651304.932547919] [state_machine_node]: Nav2 goal cancellation requested before door fine alignment.
[navigation_node-22] [INFO] [1790651304.932999279] [navigation_node]: Navigation cancellation requested for manual control handoff.
[bt_navigator-17] [ERROR] [1790651305.016483536] [bt_navigator_navigate_to_pose_rclcpp_node]: Failed to get result for follow_path in node halt!
[bt_navigator-17] [INFO] [1790651305.016703371] [bt_navigator]: [navigate_to_pose] [ActionServer] Client requested to cancel the goal. Cancelling.
[bt_navigator-17] [INFO] [1790651305.016953247] [bt_navigator]: Goal canceled
[state_machine_node-24] [WARN] [1790651305.017110713] [state_machine_node]: Waiting for a fresh door-wall normal before alignment.
[controller_server-13] [INFO] [1790651305.097476303] [controller_server]: Goal was canceled. Stopping the robot.
[controller_server-13] [INFO] [1790651305.097572640] [controller_server]: [follow_path] [ActionServer] Client requested to cancel the goal. Cancelling.
[planner_server-15] [INFO] [1790651305.508127207] [global_costmap.global_costmap]: StaticLayer: Resizing static layer to 477 X 90 at 0.050000 m/pix
[door_detection_node-21] [INFO] [1790651306.675603680] [door_detection_node]: HSV candidate rejected: color=blue, edge-clipped bbox=(117,0,320,240), width_ratio=0.63
[state_machine_node-24] [WARN] [1790651307.888046650] [state_machine_node]: Waiting for a fresh door-wall normal before alignment.
[door_detection_node-21] [INFO] [1790651308.890219451] [door_detection_node]: HSV candidate rejected: color=blue, edge-clipped bbox=(117,0,320,240), width_ratio=0.63
[state_machine_node-24] [WARN] [1790651310.792742812] [state_machine_node]: Waiting for a fresh door-wall normal before alignment.
[door_detection_node-21] [INFO] [1790651310.893631443] [door_detection_node]: HSV candidate rejected: color=blue, edge-clipped bbox=(117,0,320,240), width_ratio=0.63
[state_machine_node-24] [WARN] [1790651313.566565815] [state_machine_node]: Waiting for a fresh door-wall normal before alignment.
[door_detection_node-21] [INFO] [1790651313.949088140] [door_detection_node]: HSV candidate rejected: color=blue, edge-clipped bbox=(117,0,320,240), width_ratio=0.63
[state_machine_node-24] [INFO] [1790651314.467805598] [state_machine_node]: Fine door approach started: observed_blue_18p2_m2p1, dist=0.22m, lateral=-0.05m, forward=0.21m, yaw_error=76deg
[state_machine_node-24] [INFO] [1790651314.468897997] [state_machine_node]: Fine door parking translation: observed_blue_18p2_m2p1, dist=0.22m/0.17m, heading_error=12deg, cmd=(0.07, -0.14)
[state_machine_node-24] [INFO] [1790651315.397592090] [state_machine_node]: Fine door parking translation: observed_blue_18p2_m2p1, dist=0.20m/0.17m, heading_error=8deg, cmd=(0.07, -0.10)
[state_machine_node-24] [INFO] [1790651316.391344312] [state_machine_node]: Fine door final yaw alignment: observed_blue_18p2_m2p1, dist=0.17m/0.17m, yaw_error=70deg, cmd=(0.00, -0.25)
[door_detection_node-21] [INFO] [1790651316.783515330] [door_detection_node]: YOLO 후보 제외: source=front, edge-clipped bbox=(0,0,46,225)
[state_machine_node-24] [INFO] [1790651317.354302257] [state_machine_node]: Fine door final yaw alignment: observed_blue_18p2_m2p1, dist=0.16m/0.17m, yaw_error=67deg, cmd=(0.00, -0.25)
[door_detection_node-21] [INFO] [1790651317.400915379] [door_detection_node]: HSV candidate rejected: color=blue, edge-clipped bbox=(87,0,320,240), width_ratio=0.73
[door_detection_node-21] [INFO] [1790651317.780809340] [door_detection_node]: 문 후보 발행: id=door_green_960972, source=front, color=green, dist=2.63m, conf=1.00, bbox=(0,0,18,230), rep_x=9, center_x=9, angle=32.8deg, center_angle=32.8deg, lidar=2.63m, visual=2.03m, goal=(19.92,-0.87), handle=(21.42,-0.82,1.00), handle_obs=False, handle_method=estimated, handle_conf=0.00
[state_machine_node-24] [INFO] [1790651317.783258245] [state_machine_node]: 보조 비상구 관측 저장: door_green_960972 (21.4, -0.8)
[state_machine_node-24] [INFO] [1790651318.320243058] [state_machine_node]: Fine door final yaw alignment: observed_blue_18p2_m2p1, dist=0.17m/0.17m, yaw_error=62deg, cmd=(0.00, -0.25)
[planner_server-15] [INFO] [1790651318.508063248] [global_costmap.global_costmap]: StaticLayer: Resizing static layer to 478 X 90 at 0.050000 m/pix
[door_detection_node-21] [INFO] [1790651319.317056254] [door_detection_node]: 문 후보 발행: id=door_blue_b07aa8, source=front_right, color=blue, dist=1.09m, conf=1.00, bbox=(38,0,269,240), rep_x=153, center_x=153, angle=-68.3deg, center_angle=-68.3deg, lidar=1.12m, visual=1.95m, goal=(19.64,-0.99), handle=(18.87,-1.98,0.84), handle_obs=True, handle_method=yolo:primary:item, handle_conf=0.77
[state_machine_node-24] [INFO] [1790651319.324541007] [state_machine_node]: 문 접근 목표 보정: door_blue_b07aa8 handle_axis=(18.87, -1.98) goal_axis=(18.87, -0.88) wall_axis=(18.87, -1.98) yaw=-90deg
[state_machine_node-24] [INFO] [1790651319.329577941] [state_machine_node]: 문 접근 목표 보정: door_blue_b07aa8 handle_axis=(18.87, -1.98) goal_axis=(18.87, -0.88) wall_axis=(18.87, -1.98) yaw=-90deg
[state_machine_node-24] [INFO] [1790651319.356275169] [state_machine_node]: 문 접근 목표 보정: door_blue_b07aa8 handle_axis=(18.87, -1.98) goal_axis=(18.87, -0.88) wall_axis=(18.87, -1.98) yaw=-90deg
[state_machine_node-24] [INFO] [1790651319.411033543] [state_machine_node]: Fine door final yaw alignment: observed_blue_18p2_m2p1, dist=0.19m/0.17m, yaw_error=57deg, cmd=(0.00, -0.25)
[state_machine_node-24] [INFO] [1790651320.409591642] [state_machine_node]: Fine door final yaw alignment: observed_blue_18p2_m2p1, dist=0.17m/0.17m, yaw_error=50deg, cmd=(0.00, -0.25)
[state_machine_node-24] [INFO] [1790651321.380490437] [state_machine_node]: Fine door final yaw alignment: observed_blue_18p2_m2p1, dist=0.18m/0.17m, yaw_error=48deg, cmd=(0.00, -0.25)
[door_detection_node-21] [INFO] [1790651321.414088456] [door_detection_node]: HSV candidate rejected: color=blue, edge-clipped bbox=(0,0,214,240), width_ratio=0.67
[state_machine_node-24] [INFO] [1790651322.371530242] [state_machine_node]: Fine door final yaw alignment: observed_blue_18p2_m2p1, dist=0.17m/0.17m, yaw_error=41deg, cmd=(0.00, -0.25)
[state_machine_node-24] [INFO] [1790651323.363233146] [state_machine_node]: Fine door final yaw alignment: observed_blue_18p2_m2p1, dist=0.19m/0.17m, yaw_error=40deg, cmd=(0.00, -0.25)
[door_detection_node-21] [INFO] [1790651323.875395423] [door_detection_node]: 문 후보 발행: id=door_blue_b07aa8, source=front_right, color=blue, dist=1.07m, conf=1.00, bbox=(0,0,169,240), rep_x=84, center_x=84, angle=-52.0deg, center_angle=-52.0deg, lidar=1.08m, visual=1.95m, goal=(19.51,-1.18), handle=(18.47,-1.88,1.00), handle_obs=True, handle_method=estimated, handle_conf=0.00
[state_machine_node-24] [INFO] [1790651324.337014896] [state_machine_node]: Fine door final yaw alignment: observed_blue_18p2_m2p1, dist=0.18m/0.17m, yaw_error=36deg, cmd=(0.00, -0.25)
[state_machine_node-24] [INFO] [1790651325.304291358] [state_machine_node]: Fine door final yaw alignment: observed_blue_18p2_m2p1, dist=0.19m/0.17m, yaw_error=29deg, cmd=(0.00, -0.25)
[door_detection_node-21] [INFO] [1790651325.538358146] [door_detection_node]: 문 후보 발행: id=door_blue_4b0283, source=front, color=blue, dist=1.06m, conf=0.92, bbox=(260,0,320,121), rep_x=290, center_x=290, angle=-29.1deg, center_angle=-29.1deg, lidar=1.12m, visual=3.87m, goal=(19.89,-1.34), handle=(18.79,-1.93,1.00), handle_obs=False, handle_method=estimated, handle_conf=0.00
[state_machine_node-24] [INFO] [1790651326.272787435] [state_machine_node]: Fine door final yaw alignment: observed_blue_18p2_m2p1, dist=0.18m/0.17m, yaw_error=23deg, cmd=(0.00, -0.25)
[state_machine_node-24] [INFO] [1790651327.214463476] [state_machine_node]: Fine door final yaw alignment: observed_blue_18p2_m2p1, dist=0.17m/0.17m, yaw_error=20deg, cmd=(0.00, -0.25)
[door_detection_node-21] [INFO] [1790651327.443410305] [door_detection_node]: 문 후보 발행: id=door_blue_4b0283, source=front, color=blue, dist=1.09m, conf=1.00, bbox=(192,0,320,240), rep_x=256, center_x=256, angle=-22.3deg, center_angle=-22.3deg, lidar=1.06m, visual=1.95m, goal=(18.76,-1.18), handle=(18.83,-1.99,0.84), handle_obs=True, handle_method=yolo:primary:item, handle_conf=0.71
[state_machine_node-24] [INFO] [1790651327.449239763] [state_machine_node]: 문 접근 목표 보정: door_blue_4b0283 handle_axis=(18.83, -1.99) goal_axis=(18.83, -0.89) wall_axis=(18.83, -1.99) yaw=-90deg
[state_machine_node-24] [INFO] [1790651327.453440398] [state_machine_node]: 문 접근 목표 보정: door_blue_4b0283 handle_axis=(18.83, -1.99) goal_axis=(18.83, -0.89) wall_axis=(18.83, -1.99) yaw=-90deg
[state_machine_node-24] [INFO] [1790651327.477016528] [state_machine_node]: 문 접근 목표 보정: door_blue_4b0283 handle_axis=(18.83, -1.99) goal_axis=(18.83, -0.89) wall_axis=(18.83, -1.99) yaw=-90deg
[state_machine_node-24] [INFO] [1790651328.179044990] [state_machine_node]: Fine door final yaw alignment: observed_blue_18p2_m2p1, dist=0.15m/0.17m, yaw_error=13deg, cmd=(0.00, -0.17)
[door_detection_node-21] [INFO] [1790651329.087348586] [door_detection_node]: 문 후보 발행: id=door_blue_3c91b6, source=front, color=blue, dist=1.10m, conf=1.00, bbox=(152,0,320,240), rep_x=236, center_x=236, angle=-18.0deg, center_angle=-18.0deg, lidar=1.05m, visual=1.95m, goal=(18.77,-1.18), handle=(18.88,-2.03,0.84), handle_obs=True, handle_method=yolo:primary:item, handle_conf=0.71
[state_machine_node-24] [INFO] [1790651329.094442884] [state_machine_node]: 문 접근 목표 보정: door_blue_3c91b6 handle_axis=(18.88, -2.03) goal_axis=(18.88, -0.93) wall_axis=(18.88, -2.03) yaw=-90deg
[state_machine_node-24] [INFO] [1790651329.099932754] [state_machine_node]: 문 접근 목표 보정: door_blue_3c91b6 handle_axis=(18.88, -2.03) goal_axis=(18.88, -0.93) wall_axis=(18.88, -2.03) yaw=-90deg
[state_machine_node-24] [INFO] [1790651329.122531722] [state_machine_node]: 문 접근 목표 보정: door_blue_3c91b6 handle_axis=(18.88, -2.03) goal_axis=(18.88, -0.93) wall_axis=(18.88, -2.03) yaw=-90deg
[state_machine_node-24] [INFO] [1790651329.162157491] [state_machine_node]: Fine door final yaw alignment: observed_blue_18p2_m2p1, dist=0.16m/0.17m, yaw_error=12deg, cmd=(0.00, -0.15)
[state_machine_node-24] [INFO] [1790651330.108016525] [state_machine_node]: Fine door final yaw alignment: observed_blue_18p2_m2p1, dist=0.15m/0.17m, yaw_error=5deg, cmd=(0.00, -0.08)
[door_detection_node-21] [INFO] [1790651330.169246509] [door_detection_node]: HSV candidate rejected: color=blue, edge-clipped bbox=(128,0,320,240), width_ratio=0.60
[state_machine_node-24] [INFO] [1790651331.038819491] [state_machine_node]: 문 앞 정렬 완료. 2.8s 정지 후 개방합니다.
[door_detection_node-21] [INFO] [1790651333.190607228] [door_detection_node]: HSV candidate rejected: color=blue, edge-clipped bbox=(113,0,320,240), width_ratio=0.65
[door_detection_node-21] [INFO] [1790651336.172552768] [door_detection_node]: HSV candidate rejected: color=blue, edge-clipped bbox=(113,0,320,240), width_ratio=0.65
[state_machine_node-24] [INFO] [1790651336.510817099] [state_machine_node]: Observed blue target observed_blue_18p2_m2p1 confirmed by current same-wall live blue evidence before opening (candidate=door_blue_056a41, progress_gap=0.04/0.90, lateral_gap=0.07/0.48, conf=1.00/0.58).
[state_machine_node-24] [INFO] [1790651336.514743466] [state_machine_node]: Observed blue target observed_blue_18p2_m2p1 accepted for opening from recheckable mapped wall memory after close alignment (count=50, conf=1.00, progress_gap=0.71m, lateral_gap=0.03m).
[state_machine_node-24] [INFO] [1790651336.794207667] [state_machine_node]: Live blue confirmation (5.3, -1.1) rejected: same-wall blue observation is inside the opened-door remnant window (opened_progress=6.4m, gap=-1.1m, window=2.4m).
[state_machine_node-24] [INFO] [1790651336.821510934] [state_machine_node]: State: NAVIGATING → OPENING_DOOR
[state_machine_node-24] [INFO] [1790651337.346865772] [state_machine_node]: 문 개방 요청 손잡이: id=observed_blue_18p2_m2p1__axis_p18p93_m2p10, method=yolo:primary:item, conf=0.69, frame=map, pos=(18.929,-2.098,0.819)
[navigation_visit_node-23] [INFO] [1790651337.349847120] [navigation_visit_node]: NAVIGATION_VISIT {"scope": "navigation_only", "physical_opening": false, "door_id": "observed_blue_18p2_m2p1__axis_p18p93_m2p10", "sim_time": 419.001, "robot": [18.860838390495815, -0.8725478387358456, -1.582773257528195], "observed_handle": [18.9286753261935, -2.0983183347244934, 0.8190107749354], "distance_m": 1.2276461862772625, "bearing_error_rad": 0.0672628155245214}
[state_machine_node-24] [INFO] [1790651337.353523342] [state_machine_node]: Selected observation memory completed: observed_blue_18p2_m2p1; original candidate excluded after position refinement.
[state_machine_node-24] [INFO] [1790651337.366983272] [state_machine_node]: 열린 파란 문 재관측 후보 2개 정리. 다음 목표 선택에서 제외합니다.
[state_machine_node-24] [INFO] [1790651337.367815593] [state_machine_node]: 문 개방 성공: observed_blue_18p2_m2p1  누적 개방: 6개
[state_machine_node-24] [INFO] [1790651337.368561791] [state_machine_node]: State: OPENING_DOOR → DOOR_OPENED
[state_machine_node-24] [INFO] [1790651338.255233148] [state_machine_node]: 다음 파란 문 탐색 시작 (개방 완료: 6개)
[state_machine_node-24] [INFO] [1790651338.255836851] [state_machine_node]: State: DOOR_OPENED → EXPLORING
[state_machine_node-24] [INFO] [1790651339.193520195] [state_machine_node]: Post-open side retreat started: lateral=-0.87m, target_abs=0.48m.
[state_machine_node-24] [INFO] [1790651339.194546973] [state_machine_node]: Post-open side retreat: lateral=-0.87m, moved=0.00/1.10m, yaw_error=-179deg, cmd=(0.00, -0.50)
[door_detection_node-21] [INFO] [1790651339.207105555] [door_detection_node]: HSV candidate rejected: color=blue, edge-clipped bbox=(113,0,320,240), width_ratio=0.65
[planner_server-15] [INFO] [1790651340.508051467] [global_costmap.global_costmap]: StaticLayer: Resizing static layer to 478 X 91 at 0.050000 m/pix
[door_detection_node-21] [INFO] [1790651341.066157307] [door_detection_node]: 문 후보 발행: id=door_blue_f28c00, source=front, color=blue, dist=1.12m, conf=1.00, bbox=(36,0,252,240), rep_x=144, center_x=144, angle=3.9deg, center_angle=3.9deg, lidar=1.12m, visual=1.95m, goal=(17.78,-1.57), handle=(18.97,-1.95,0.84), handle_obs=True, handle_method=yolo:primary:item, handle_conf=0.76
[state_machine_node-24] [INFO] [1790651341.074425912] [state_machine_node]: Blue candidate door_blue_f28c00 ignored: physical/opened door station already handled nearby at (18.61, -1.97).
[state_machine_node-24] [INFO] [1790651341.112903484] [state_machine_node]: Post-open side retreat: lateral=-0.88m, moved=0.00/1.10m, yaw_error=-156deg, cmd=(0.00, -0.50)
[door_detection_node-21] [INFO] [1790651342.072177858] [door_detection_node]: Side camera LiDAR range looks occluded; using visual range instead (source=front_right, lidar=2.00m, visual=3.55m)
[door_detection_node-21] [INFO] [1790651342.077240650] [door_detection_node]: YOLO 후보 제외: source=front_right, edge-clipped bbox=(288,46,320,178)
[door_detection_node-21] [INFO] [1790651342.875654047] [door_detection_node]: 문 후보 발행: id=door_blue_f28c00, source=front, color=blue, dist=1.16m, conf=1.00, bbox=(0,0,170,240), rep_x=85, center_x=85, angle=17.8deg, center_angle=17.8deg, lidar=1.21m, visual=1.95m, goal=(17.79,-1.22), handle=(18.80,-1.96,0.85), handle_obs=True, handle_method=hsv, handle_conf=0.77
[state_machine_node-24] [INFO] [1790651343.055859597] [state_machine_node]: Post-open side retreat: lateral=-0.88m, moved=0.00/1.10m, yaw_error=-133deg, cmd=(0.00, -0.50)
[state_machine_node-24] [INFO] [1790651344.174864490] [state_machine_node]: Blue candidate door_blue_94754e ignored: physical/opened door station already handled nearby at (18.81, -1.97).
[door_detection_node-21] [INFO] [1790651344.665430197] [door_detection_node]: Side camera LiDAR range looks occluded; using visual range instead (source=front_right, lidar=2.07m, visual=3.93m)
[state_machine_node-24] [INFO] [1790651344.991013376] [state_machine_node]: Post-open side retreat: lateral=-0.87m, moved=0.00/1.10m, yaw_error=-115deg, cmd=(0.00, -0.50)
[door_detection_node-21] [INFO] [1790651345.039885925] [door_detection_node]: 문 후보 발행: id=door_blue_f8e8ad, source=front_right, color=blue, dist=3.93m, conf=0.48, bbox=(173,53,215,172), rep_x=194, center_x=194, angle=-78.3deg, center_angle=-78.3deg, lidar=2.01m, visual=3.93m, goal=(16.80,0.84), handle=(16.10,1.87,1.00), handle_obs=True, handle_method=estimated, handle_conf=0.00
[door_detection_node-21] [INFO] [1790651346.585987546] [door_detection_node]: 문 후보 발행: id=door_blue_8a61bc, source=front_right, color=blue, dist=3.93m, conf=0.35, bbox=(106,54,145,173), rep_x=125, center_x=125, angle=-61.5deg, center_angle=-61.5deg, lidar=2.11m, visual=3.93m, goal=(16.46,0.65), handle=(16.08,1.85,1.00), handle_obs=True, handle_method=estimated, handle_conf=0.00
[state_machine_node-24] [INFO] [1790651346.916462335] [state_machine_node]: Post-open side retreat: lateral=-0.90m, moved=0.00/1.10m, yaw_error=-97deg, cmd=(0.00, -0.50)
[state_machine_node-24] [INFO] [1790651347.739824826] [state_machine_node]: Blue candidate door_blue_a809f7 ignored: physical/opened door station already handled nearby at (18.71, -2.02).
[door_detection_node-21] [INFO] [1790651348.159951864] [door_detection_node]: Side camera LiDAR range looks occluded; using visual range instead (source=front_right, lidar=2.06m, visual=3.52m)
[door_detection_node-21] [INFO] [1790651348.185534824] [door_detection_node]: YOLO 후보 제외: source=front_right, edge-clipped bbox=(0,46,35,179)
[state_machine_node-24] [INFO] [1790651348.870988945] [state_machine_node]: Post-open side retreat: lateral=-0.96m, moved=0.00/1.10m, yaw_error=-74deg, cmd=(0.00, -0.50)
[door_detection_node-21] [INFO] [1790651349.539039499] [door_detection_node]: 문 후보 발행: id=door_blue_fc1a76, source=front_left, color=blue, dist=1.10m, conf=1.00, bbox=(0,0,152,240), rep_x=76, center_x=76, angle=89.7deg, center_angle=89.7deg, lidar=1.14m, visual=1.95m, goal=(18.93,-0.81), handle=(18.58,-2.01,1.00), handle_obs=False, handle_method=estimated, handle_conf=0.00
[state_machine_node-24] [INFO] [1790651350.861567426] [state_machine_node]: Post-open side retreat: lateral=-0.99m, moved=0.00/1.10m, yaw_error=-54deg, cmd=(0.00, -0.50)
[state_machine_node-24] [INFO] [1790651350.902181007] [state_machine_node]: Blue candidate door_blue_7bb12e ignored: physical/opened door station already handled nearby at (15.83, 1.93).
[door_detection_node-21] [INFO] [1790651351.466423795] [door_detection_node]: Side camera LiDAR range looks too long for the visible door; using visual range (source=front_left, lidar=9.21m, visual=5.26m)
[door_detection_node-21] [INFO] [1790651351.470873818] [door_detection_node]: YOLO 후보 제외: source=front_left, far small dist=5.26m, conf=0.23, bbox=(262,75,276,164)
[door_detection_node-21] [INFO] [1790651352.531930887] [door_detection_node]: 문 후보 발행: id=door_blue_46e0f7, source=front, color=blue, dist=4.11m, conf=0.26, bbox=(132,54,172,168), rep_x=152, center_x=152, angle=2.0deg, center_angle=2.0deg, lidar=2.20m, visual=4.11m, goal=(17.08,0.86), handle=(16.03,1.93,1.00), handle_obs=True, handle_method=estimated, handle_conf=0.00
[state_machine_node-24] [INFO] [1790651352.822721717] [state_machine_node]: Post-open side retreat: lateral=-1.00m, moved=0.00/1.10m, yaw_error=-36deg, cmd=(0.00, -0.50)
[door_detection_node-21] [INFO] [1790651354.196381426] [door_detection_node]: 문 후보 발행: id=door_blue_04851a, source=front, color=blue, dist=3.97m, conf=0.33, bbox=(64,54,108,172), rep_x=86, center_x=86, angle=17.5deg, center_angle=17.5deg, lidar=2.29m, visual=3.97m, goal=(17.08,2.32), handle=(15.99,1.70,1.00), handle_obs=True, handle_method=estimated, handle_conf=0.00
[state_machine_node-24] [INFO] [1790651354.203704329] [state_machine_node]: Blue candidate door_blue_04851a ignored: physical/opened door station already handled nearby at (15.99, 1.70).
[door_detection_node-21] [INFO] [1790651354.725284873] [door_detection_node]: Side camera LiDAR range looks too long for the visible door; using visual range (source=front_left, lidar=8.74m, visual=5.85m)
[door_detection_node-21] [INFO] [1790651354.726020608] [door_detection_node]: YOLO 후보 제외: source=front_left, far small dist=5.85m, conf=0.26, bbox=(128,78,141,158)
[state_machine_node-24] [INFO] [1790651354.767863732] [state_machine_node]: Post-open side retreat: lateral=-0.99m, moved=0.00/1.10m, yaw_error=-18deg, cmd=(0.00, -0.50)
[door_detection_node-21] [INFO] [1790651355.066153051] [door_detection_node]: YOLO 후보 제외: source=front, edge-clipped bbox=(0,49,42,177)
[door_detection_node-21] [INFO] [1790651356.610768008] [door_detection_node]: Side camera LiDAR range looks occluded; using visual range instead (source=front_left, lidar=2.14m, visual=3.49m)
[state_machine_node-24] [INFO] [1790651356.714609445] [state_machine_node]: Post-open side retreat: lateral=-0.93m, moved=0.00/1.10m, yaw_error=-5deg, cmd=(0.18, -0.07)
[door_detection_node-21] [INFO] [1790651357.018940109] [door_detection_node]: 문 후보 발행: id=door_blue_10483e, source=front_left, color=blue, dist=3.49m, conf=0.39, bbox=(257,44,305,178), rep_x=281, center_x=281, angle=42.7deg, center_angle=42.7deg, lidar=2.16m, visual=3.49m, goal=(17.51,1.48), handle=(16.27,1.35,1.00), handle_obs=True, handle_method=estimated, handle_conf=0.00
[door_detection_node-21] [INFO] [1790651357.027239022] [door_detection_node]: Side camera LiDAR range looks too long for the visible door; using visual range (source=front_left, lidar=7.64m, visual=5.38m)
[door_detection_node-21] [INFO] [1790651357.029723307] [door_detection_node]: YOLO 후보 제외: source=front_left, far small dist=5.38m, conf=0.31, bbox=(49,76,64,163)
[state_machine_node-24] [INFO] [1790651358.636818321] [state_machine_node]: Post-open side retreat: lateral=-0.74m, moved=0.13/1.10m, yaw_error=-3deg, cmd=(0.18, -0.04)
[door_detection_node-21] [INFO] [1790651358.856246219] [door_detection_node]: 문 후보 발행: id=door_blue_7fbf02, source=front_left, color=blue, dist=6.21m, conf=0.59, bbox=(21,75,40,166), rep_x=30, center_x=30, angle=99.1deg, center_angle=99.1deg, lidar=6.57m, visual=5.14m, goal=(14.02,-1.97), handle=(12.77,-2.02,1.00), handle_obs=True, handle_method=estimated, handle_conf=0.00
[state_machine_node-24] [INFO] [1790651358.863463377] [state_machine_node]: Blue candidate door_blue_7fbf02 ignored: physical/opened door station already handled nearby at (12.77, -2.02).
[door_detection_node-21] [INFO] [1790651358.877657830] [door_detection_node]: Side camera LiDAR range looks occluded; using visual range instead (source=front_left, lidar=2.07m, visual=3.57m)
[state_machine_node-24] [INFO] [1790651360.572776667] [state_machine_node]: Post-open side retreat: lateral=-0.55m, moved=0.32/1.10m, yaw_error=-1deg, cmd=(0.18, -0.02)
[door_detection_node-21] [INFO] [1790651360.798659067] [door_detection_node]: Side camera LiDAR range looks too long for the visible door; using visual range (source=front_left, lidar=6.43m, visual=4.46m)
[door_detection_node-21] [INFO] [1790651360.805258777] [door_detection_node]: YOLO 후보 제외: source=front_left, far small dist=4.46m, conf=0.52, bbox=(0,69,19,174)
[door_detection_node-21] [INFO] [1790651361.217604438] [door_detection_node]: 문 후보 발행: id=door_blue_69cd8c, source=front_left, color=blue, dist=3.37m, conf=0.51, bbox=(213,46,255,185), rep_x=234, center_x=234, angle=52.5deg, center_angle=52.5deg, lidar=2.82m, visual=3.37m, goal=(17.40,1.47), handle=(16.15,1.44,1.00), handle_obs=True, handle_method=estimated, handle_conf=0.00
[state_machine_node-24] [INFO] [1790651361.538702150] [state_machine_node]: Post-open side retreat complete: lateral=0.46m <= target=0.48m
[state_machine_node-24] [INFO] [1790651361.545363257] [state_machine_node]: 파란 문 후보 없음. 2.0s 동안 정지 스캔 후 관측 기반 waypoint를 계획합니다.
[door_detection_node-21] [INFO] [1790651363.090797429] [door_detection_node]: 문 후보 발행: id=door_blue_69cd8c, source=front_left, color=blue, dist=3.61m, conf=0.45, bbox=(206,47,246,187), rep_x=226, center_x=226, angle=54.2deg, center_angle=54.2deg, lidar=3.61m, visual=3.34m, goal=(17.18,1.63), handle=(15.93,1.62,1.00), handle_obs=True, handle_method=estimated, handle_conf=0.00
[state_machine_node-24] [INFO] [1790651363.098499400] [state_machine_node]: Blue candidate door_blue_69cd8c ignored: physical/opened door station already handled nearby at (15.93, 1.62).
[door_detection_node-21] [INFO] [1790651365.011535300] [door_detection_node]: 문 후보 발행: id=door_blue_69cd8c, source=front_left, color=blue, dist=3.55m, conf=0.45, bbox=(206,47,246,187), rep_x=226, center_x=226, angle=54.2deg, center_angle=54.2deg, lidar=3.57m, visual=3.34m, goal=(17.22,1.60), handle=(15.97,1.58,1.00), handle_obs=True, handle_method=estimated, handle_conf=0.00
[state_machine_node-24] [INFO] [1790651365.333001011] [state_machine_node]: 비상구 이동 전 마지막 측면 문 스캔 시작
[door_detection_node-21] [INFO] [1790651366.857192479] [door_detection_node]: 문 후보 발행: id=door_blue_a2e52b, source=front_left, color=blue, dist=5.89m, conf=0.61, bbox=(42,76,60,163), rep_x=51, center_x=51, angle=95.0deg, center_angle=95.0deg, lidar=5.00m, visual=5.38m, goal=(14.42,-1.85), handle=(13.19,-2.08,1.00), handle_obs=True, handle_method=estimated, handle_conf=0.00
[state_machine_node-24] [INFO] [1790651366.863961056] [state_machine_node]: Blue candidate door_blue_a2e52b ignored: physical/opened door station already handled nearby at (13.19, -2.08).
[door_detection_node-21] [INFO] [1790651366.869883994] [door_detection_node]: Side camera LiDAR range looks occluded; using visual range instead (source=front_left, lidar=1.88m, visual=3.12m)
[door_detection_node-21] [INFO] [1790651367.799165833] [door_detection_node]: YOLO 후보 제외: source=front_right, edge-clipped bbox=(269,0,320,219)
[door_detection_node-21] [INFO] [1790651368.844088907] [door_detection_node]: 문 후보 발행: id=door_blue_b560b3, source=front, color=blue, dist=3.10m, conf=0.67, bbox=(18,43,57,194), rep_x=37, center_x=37, angle=27.7deg, center_angle=27.7deg, lidar=1.83m, visual=3.10m, goal=(17.28,1.76), handle=(16.22,1.10,1.00), handle_obs=True, handle_method=estimated, handle_conf=0.00
[state_machine_node-24] [INFO] [1790651369.267347135] [state_machine_node]: Final exit scan complete. opened=6, no remaining blue door selected; moving to exit.
[state_machine_node-24] [INFO] [1790651369.268292094] [state_machine_node]: State: EXPLORING → EXITING
[state_machine_node-24] [INFO] [1790651370.220076039] [state_machine_node]: Blue candidate door_blue_04851a ignored: physical/opened door station already handled nearby at (15.95, 1.36).
[state_machine_node-24] [INFO] [1790651370.232927453] [state_machine_node]: 비상구 탐지 확인: door_green_960972 (19.9, -0.9); Nav2 정렬 목표 (20.6, -0.8), 통과 완료 목표 (22.3, -0.8)를 사용합니다.
[state_machine_node-24] [INFO] [1790651370.234083206] [state_machine_node]: Observed exit aperture: approach=(20.699543558928386, -0.15151277048517742, 0.027765035940333416), crossing=(22.398888338384666, -0.10431827361642258, 0.027765035940333416)
[navigation_node-22] [INFO] [1790651370.236777276] [navigation_node]: Navigation goal received: door emergency_exit_pass_through (color=green, frame=map, x=20.70, y=-0.15)
[bt_navigator-17] [INFO] [1790651370.398075192] [bt_navigator]: Begin navigating from current location (18.91, -0.46) to (20.70, -0.15)
[navigation_node-22] [INFO] [1790651370.402434744] [navigation_node]: Navigation goal accepted by Nav2
[controller_server-13] [INFO] [1790651370.599533973] [controller_server]: Received a goal, begin computing control effort.
[door_detection_node-21] [INFO] [1790651370.758079528] [door_detection_node]: YOLO 후보 제외: source=front_left, far small dist=6.77m, conf=0.36, bbox=(172,81,185,160)
[door_detection_node-21] [INFO] [1790651371.843869597] [door_detection_node]: 문 후보 발행: id=door_blue_04851a, source=front, color=blue, dist=3.47m, conf=0.46, bbox=(62,48,100,183), rep_x=81, center_x=81, angle=18.7deg, center_angle=18.7deg, lidar=3.56m, visual=3.47m, goal=(17.04,2.25), handle=(16.04,1.49,1.00), handle_obs=True, handle_method=estimated, handle_conf=0.00
[controller_server-13] [INFO] [1790651371.975156211] [controller_server]: Passing new path to controller.
[door_detection_node-21] [INFO] [1790651372.405283950] [door_detection_node]: Side camera LiDAR range looks too long for the visible door; using visual range (source=front_left, lidar=8.16m, visual=5.78m)
[door_detection_node-21] [INFO] [1790651372.777849768] [door_detection_node]: YOLO 후보 제외: source=front, edge-clipped bbox=(0,40,32,197)
[controller_server-13] [INFO] [1790651373.225146296] [controller_server]: Passing new path to controller.
[controller_server-13] [INFO] [1790651374.600172122] [controller_server]: Passing new path to controller.
[door_detection_node-21] [INFO] [1790651374.666458044] [door_detection_node]: 문 후보 발행: id=door_blue_69cd8c, source=front_left, color=blue, dist=3.52m, conf=0.55, bbox=(197,47,239,187), rep_x=218, center_x=218, angle=56.1deg, center_angle=56.1deg, lidar=1.47m, visual=3.34m, goal=(17.34,1.59), handle=(16.09,1.66,1.00), handle_obs=True, handle_method=estimated, handle_conf=0.00
[state_machine_node-24] [INFO] [1790651374.670432570] [state_machine_node]: Blue candidate door_blue_69cd8c ignored: physical/opened door station already handled nearby at (16.09, 1.66).
[controller_server-13] [INFO] [1790651375.850185550] [controller_server]: Passing new path to controller.
[door_detection_node-21] [INFO] [1790651376.331400401] [door_detection_node]: 문 후보 발행: id=door_blue_2ae92f, source=front_left, color=blue, dist=3.51m, conf=0.53, bbox=(93,49,130,188), rep_x=111, center_x=111, angle=81.8deg, center_angle=81.8deg, lidar=1.56m, visual=3.37m, goal=(17.17,1.09), handle=(16.09,1.72,1.00), handle_obs=True, handle_method=estimated, handle_conf=0.00
[controller_server-13] [INFO] [1790651377.100229712] [controller_server]: Passing new path to controller.
[door_detection_node-21] [INFO] [1790651377.647116571] [door_detection_node]: YOLO 후보 제외: source=front_left, edge-clipped bbox=(0,38,35,198)
[controller_server-13] [INFO] [1790651378.475228251] [controller_server]: Passing new path to controller.
[controller_server-13] [INFO] [1790651379.725143085] [controller_server]: Passing new path to controller.
[controller_server-13] [INFO] [1790651381.100164487] [controller_server]: Passing new path to controller.
[controller_server-13] [INFO] [1790651382.350166779] [controller_server]: Passing new path to controller.
[door_detection_node-21] [INFO] [1790651383.367474114] [door_detection_node]: 문 후보 발행: id=door_green_ddcd79, source=front, color=green, dist=2.11m, conf=1.00, bbox=(236,0,255,240), rep_x=245, center_x=245, angle=-20.0deg, center_angle=-20.0deg, lidar=2.11m, visual=1.95m, goal=(19.99,-0.38), handle=(21.42,-0.84,1.00), handle_obs=False, handle_method=estimated, handle_conf=0.00
[state_machine_node-24] [INFO] [1790651383.370935117] [state_machine_node]: 보조 비상구 관측 저장: door_green_ddcd79 (21.4, -0.8)
[controller_server-13] [INFO] [1790651383.600165600] [controller_server]: Passing new path to controller.
[controller_server-13] [INFO] [1790651384.850191798] [controller_server]: Passing new path to controller.
[door_detection_node-21] [INFO] [1790651385.429126709] [door_detection_node]: 문 후보 발행: id=door_green_f1b5bc, source=front, color=green, dist=1.92m, conf=1.00, bbox=(231,0,253,240), rep_x=242, center_x=242, angle=-19.3deg, center_angle=-19.3deg, lidar=1.92m, visual=1.95m, goal=(20.05,-0.32), handle=(21.46,-0.84,1.00), handle_obs=False, handle_method=estimated, handle_conf=0.00
[controller_server-13] [INFO] [1790651386.100336712] [controller_server]: Passing new path to controller.
[state_machine_node-24] [INFO] [1790651386.460307529] [state_machine_node]: 보조 비상구 관측 저장: door_green_e21ea2 (21.5, 0.6)
[planner_server-15] [INFO] [1790651386.508169497] [global_costmap.global_costmap]: StaticLayer: Resizing static layer to 479 X 91 at 0.050000 m/pix
[controller_server-13] [INFO] [1790651387.350143987] [controller_server]: Passing new path to controller.
[door_detection_node-21] [INFO] [1790651387.400040834] [door_detection_node]: 문 후보 발행: id=door_green_f1b5bc, source=front, color=green, dist=1.71m, conf=1.00, bbox=(240,0,267,240), rep_x=253, center_x=253, angle=-21.7deg, center_angle=-21.7deg, lidar=1.71m, visual=1.95m, goal=(20.20,-0.29), handle=(21.51,-0.83,1.00), handle_obs=False, handle_method=estimated, handle_conf=0.00
[controller_server-13] [INFO] [1790651388.600136140] [controller_server]: Passing new path to controller.
[door_detection_node-21] [INFO] [1790651389.389434486] [door_detection_node]: 문 후보 발행: id=door_green_f1b5bc, source=front, color=green, dist=1.48m, conf=1.00, bbox=(256,0,290,240), rep_x=273, center_x=273, angle=-25.8deg, center_angle=-25.8deg, lidar=1.48m, visual=1.95m, goal=(20.44,-0.32), handle=(21.49,-0.85,1.00), handle_obs=False, handle_method=estimated, handle_conf=0.00
[controller_server-13] [INFO] [1790651389.976234742] [controller_server]: Passing new path to controller.
[state_machine_node-24] [INFO] [1790651390.369778784] [state_machine_node]: 보조 비상구 관측 저장: door_green_f1b5bc (21.5, -0.8)
[controller_server-13] [INFO] [1790651391.225173286] [controller_server]: Passing new path to controller.
[door_detection_node-21] [INFO] [1790651391.396615951] [door_detection_node]: 문 후보 발행: id=door_green_f1b5bc, source=front, color=green, dist=1.23m, conf=1.00, bbox=(276,0,320,240), rep_x=298, center_x=298, angle=-30.5deg, center_angle=-30.5deg, lidar=1.23m, visual=1.95m, goal=(20.65,-0.33), handle=(21.45,-0.82,1.00), handle_obs=False, handle_method=estimated, handle_conf=0.00
[controller_server-13] [INFO] [1790651392.600173997] [controller_server]: Passing new path to controller.
[navigation_node-22] [WARN] [1790651393.002801610] [navigation_node]: Robot is 0.18m from green goal (threshold=0.18m). Treating navigation as succeeded.
[state_machine_node-24] [INFO] [1790651393.006486182] [state_machine_node]: Navigation succeeded.
[controller_server-13] [INFO] [1790651393.100176390] [controller_server]: Goal was canceled. Stopping the robot.
[controller_server-13] [INFO] [1790651393.100297669] [controller_server]: [follow_path] [ActionServer] Client requested to cancel the goal. Cancelling.
[bt_navigator-17] [INFO] [1790651393.100692967] [bt_navigator]: [navigate_to_pose] [ActionServer] Client requested to cancel the goal. Cancelling.
[bt_navigator-17] [INFO] [1790651393.101123861] [bt_navigator]: Goal canceled
[state_machine_node-24] [INFO] [1790651393.213638060] [state_machine_node]: 비상구 탐지 확인: door_green_f1b5bc (20.7, -0.3); Nav2 정렬 목표 (20.7, -0.8), 통과 완료 목표 (22.4, -0.8)를 사용합니다.
[state_machine_node-24] [INFO] [1790651393.275782779] [state_machine_node]: EXITING 상태에서는 기존 관측 기반 출구 목표를 유지합니다: Nav2 정렬 목표 (20.7, -0.2), 통과 완료 목표 (22.4, -0.1).
[navigation_node-22] [INFO] [1790651393.278181198] [navigation_node]: Navigation goal received: door emergency_exit_pass_through (color=green, frame=map, x=22.40, y=-0.10)
[door_detection_node-21] [INFO] [1790651393.436257022] [door_detection_node]: 문 후보 발행: id=door_green_f1b5bc, source=front, color=green, dist=1.17m, conf=1.00, bbox=(294,0,320,240), rep_x=307, center_x=307, angle=-32.1deg, center_angle=-32.1deg, lidar=1.21m, visual=1.95m, goal=(20.78,-0.34), handle=(21.51,-0.81,1.00), handle_obs=False, handle_method=estimated, handle_conf=0.00
[state_machine_node-24] [INFO] [1790651393.438561702] [state_machine_node]: 보조 비상구 관측 저장: door_green_f1b5bc (21.5, -0.8)
[bt_navigator-17] [INFO] [1790651393.490409554] [bt_navigator]: Begin navigating from current location (20.54, -0.18) to (22.40, -0.10)
[navigation_node-22] [INFO] [1790651393.493145183] [navigation_node]: Navigation goal accepted by Nav2
[controller_server-13] [INFO] [1790651393.691783172] [controller_server]: Received a goal, begin computing control effort.
[controller_server-13] [INFO] [1790651395.067445350] [controller_server]: Passing new path to controller.
[controller_server-13] [INFO] [1790651396.317378499] [controller_server]: Passing new path to controller.
[controller_server-13] [WARN] [1790651396.446541083] [controller_server]: Control loop missed its desired rate of 8.0000Hz
[controller_server-13] [INFO] [1790651397.692420766] [controller_server]: Passing new path to controller.
[controller_server-13] [INFO] [1790651398.942437956] [controller_server]: Passing new path to controller.
[controller_server-13] [INFO] [1790651400.193062194] [controller_server]: Passing new path to controller.
[controller_server-13] [WARN] [1790651400.325380183] [controller_server]: Control loop missed its desired rate of 8.0000Hz
[door_detection_node-21] [INFO] [1790651400.450190985] [door_detection_node]: 문 후보 발행: id=door_green_f1b5bc, source=front, color=green, dist=1.00m, conf=1.00, bbox=(307,0,320,240), rep_x=313, center_x=313, angle=-33.2deg, center_angle=-33.2deg, lidar=1.00m, visual=1.95m, goal=(21.04,-0.35), handle=(21.57,-0.81,1.00), handle_obs=False, handle_method=estimated, handle_conf=0.00
[state_machine_node-24] [INFO] [1790651400.452642758] [state_machine_node]: 보조 비상구 관측 저장: door_green_f1b5bc (21.6, -0.8)
[controller_server-13] [INFO] [1790651401.567431782] [controller_server]: Passing new path to controller.
[controller_server-13] [INFO] [1790651402.817409928] [controller_server]: Passing new path to controller.
[door_detection_node-21] [INFO] [1790651403.820608099] [door_detection_node]: 문 후보 발행: id=door_green_f1b5bc, source=front, color=green, dist=0.90m, conf=1.00, bbox=(276,0,320,240), rep_x=298, center_x=298, angle=-30.5deg, center_angle=-30.5deg, lidar=0.90m, visual=1.95m, goal=(21.07,-0.38), handle=(21.49,-0.81,1.00), handle_obs=False, handle_method=estimated, handle_conf=0.00
[state_machine_node-24] [INFO] [1790651403.824466071] [state_machine_node]: 보조 비상구 관측 저장: door_green_f1b5bc (21.5, -0.8)
[controller_server-13] [INFO] [1790651404.067386773] [controller_server]: Passing new path to controller.
[controller_server-13] [INFO] [1790651405.317414896] [controller_server]: Passing new path to controller.
[controller_server-13] [INFO] [1790651406.692421151] [controller_server]: Passing new path to controller.
[controller_server-13] [INFO] [1790651407.942393347] [controller_server]: Passing new path to controller.
[controller_server-13] [INFO] [1790651409.192420312] [controller_server]: Passing new path to controller.
[controller_server-13] [INFO] [1790651410.567422434] [controller_server]: Passing new path to controller.
[controller_server-13] [INFO] [1790651411.817448693] [controller_server]: Passing new path to controller.
[door_detection_node-21] [INFO] [1790651411.864971635] [door_detection_node]: 문 후보 발행: id=door_green_ac4854, source=front_right, color=green, dist=0.96m, conf=1.00, bbox=(137,0,217,240), rep_x=177, center_x=177, angle=-74.2deg, center_angle=-74.2deg, lidar=0.96m, visual=1.95m, goal=(21.36,-0.42), handle=(21.60,-1.04,1.00), handle_obs=False, handle_method=estimated, handle_conf=0.00
[state_machine_node-24] [INFO] [1790651411.867295441] [state_machine_node]: 보조 비상구 관측 저장: door_green_ac4854 (21.6, -1.0)
[controller_server-13] [INFO] [1790651413.192440323] [controller_server]: Passing new path to controller.
[door_detection_node-21] [INFO] [1790651413.874671944] [door_detection_node]: 문 후보 발행: id=door_green_4e35ae, source=front_right, color=green, dist=0.60m, conf=0.46, bbox=(267,0,319,240), rep_x=293, center_x=293, angle=-99.6deg, center_angle=-99.6deg, lidar=0.60m, visual=1.95m, goal=(21.47,-0.42), handle=(21.44,-0.72,1.00), handle_obs=False, handle_method=estimated, handle_conf=0.00
[controller_server-13] [INFO] [1790651414.442425805] [controller_server]: Passing new path to controller.
[controller_server-13] [INFO] [1790651415.692421273] [controller_server]: Passing new path to controller.
[planner_server-15] [INFO] [1790651416.508515234] [global_costmap.global_costmap]: StaticLayer: Resizing static layer to 482 X 91 at 0.050000 m/pix
[controller_server-13] [INFO] [1790651416.942444162] [controller_server]: Passing new path to controller.
[planner_server-15] [INFO] [1790651417.508037970] [global_costmap.global_costmap]: StaticLayer: Resizing static layer to 484 X 91 at 0.050000 m/pix
[controller_server-13] [INFO] [1790651418.192624037] [controller_server]: Passing new path to controller.
[planner_server-15] [INFO] [1790651418.508247791] [global_costmap.global_costmap]: StaticLayer: Resizing static layer to 487 X 91 at 0.050000 m/pix
[controller_server-13] [INFO] [1790651419.442396620] [controller_server]: Passing new path to controller.
[planner_server-15] [INFO] [1790651419.508239297] [global_costmap.global_costmap]: StaticLayer: Resizing static layer to 489 X 91 at 0.050000 m/pix
[planner_server-15] [INFO] [1790651420.508140446] [global_costmap.global_costmap]: StaticLayer: Resizing static layer to 490 X 91 at 0.050000 m/pix
[controller_server-13] [INFO] [1790651420.692419752] [controller_server]: Passing new path to controller.
[planner_server-15] [INFO] [1790651421.508209921] [global_costmap.global_costmap]: StaticLayer: Resizing static layer to 491 X 91 at 0.050000 m/pix
[controller_server-13] [INFO] [1790651421.576271801] [controller_server]: Reached the goal!
[bt_navigator-17] [INFO] [1790651421.990989965] [bt_navigator]: Goal succeeded
[navigation_node-22] [INFO] [1790651421.993824212] [navigation_node]: Navigation succeeded.
[state_machine_node-24] [INFO] [1790651421.994967102] [state_machine_node]: Navigation succeeded.
[planner_server-15] [INFO] [1790651422.508038126] [global_costmap.global_costmap]: StaticLayer: Resizing static layer to 492 X 91 at 0.050000 m/pix
[state_machine_node-24] [INFO] [1790651422.557170754] [state_machine_node]: State: EXITING → MISSION_COMPLETE
[WARNING] [launch]: user interrupted with ctrl-c (SIGINT)
[navigation_node-22] Exception ignored in: <function Future.__del__ at 0x7568bebea8c0>
[navigation_node-22] Traceback (most recent call last):
[navigation_node-22]   File "/opt/ros/humble/local/lib/python3.10/dist-packages/rclpy/task.py", line 55, in __del__
[navigation_node-22]     def __del__(self):
[navigation_node-22] KeyboardInterrupt: 
[state_machine_node-24] Traceback (most recent call last):
[state_machine_node-24]   File "/home/junyoung/fire_robot_ws_observed_nav_20260928/install/fire_robot_fsm/lib/fire_robot_fsm/state_machine_node", line 33, in <module>
[state_machine_node-24]     sys.exit(load_entry_point('fire-robot-fsm', 'console_scripts', 'state_machine_node')())
[state_machine_node-24]   File "/home/junyoung/fire_robot_ws_observed_nav_20260928/build/fire_robot_fsm/fire_robot_fsm/state_machine_node.py", line 19180, in main
[bt_navigator-17] [INFO] [1790651422.599472047] [rclcpp]: signal_handler(SIGINT/SIGTERM)
[bt_navigator-17] [INFO] [1790651422.599569256] [bt_navigator]: Running Nav2 LifecycleNode rcl preshutdown (bt_navigator)
[bt_navigator-17] [INFO] [1790651422.599653405] [bt_navigator]: Deactivating
[bt_navigator-17] [INFO] [1790651422.599693448] [bt_navigator]: Destroying bond (bt_navigator) to lifecycle manager.
[planner_server-15] [INFO] [1790651422.599492667] [rclcpp]: signal_handler(SIGINT/SIGTERM)
[planner_server-15] [INFO] [1790651422.599568451] [planner_server]: Running Nav2 LifecycleNode rcl preshutdown (planner_server)
[planner_server-15] [INFO] [1790651422.599652901] [planner_server]: Deactivating
[planner_server-15] [INFO] [1790651422.599700949] [global_costmap.global_costmap]: Deactivating
[lifecycle_manager-19] [INFO] [1790651422.599489357] [rclcpp]: signal_handler(SIGINT/SIGTERM)
[lifecycle_manager-19] [INFO] [1790651422.599777167] [lifecycle_manager_navigation]: Running Nav2 LifecycleManager rcl preshutdown (lifecycle_manager_navigation)
[lifecycle_manager-19] [INFO] [1790651422.599858497] [lifecycle_manager_navigation]: [34m[1mTerminating bond timer...[0m[0m
[velocity_smoother-18] [INFO] [1790651422.599597391] [rclcpp]: signal_handler(SIGINT/SIGTERM)
[velocity_smoother-18] [INFO] [1790651422.599760938] [velocity_smoother]: Running Nav2 LifecycleNode rcl preshutdown (velocity_smoother)
[velocity_smoother-18] [INFO] [1790651422.599852209] [velocity_smoother]: Deactivating
[velocity_smoother-18] [INFO] [1790651422.599883823] [velocity_smoother]: Destroying bond (velocity_smoother) to lifecycle manager.
[behavior_server-16] [INFO] [1790651422.599668154] [rclcpp]: signal_handler(SIGINT/SIGTERM)
[behavior_server-16] [INFO] [1790651422.599787266] [behavior_server]: Running Nav2 LifecycleNode rcl preshutdown (behavior_server)
[behavior_server-16] [INFO] [1790651422.600135752] [behavior_server]: Deactivating
[behavior_server-16] [INFO] [1790651422.600260788] [behavior_server]: Destroying bond (behavior_server) to lifecycle manager.
[static_transform_publisher-5] [INFO] [1790651422.599648112] [rclcpp]: signal_handler(SIGINT/SIGTERM)
[controller_server-13] [INFO] [1790651422.599821499] [rclcpp]: signal_handler(SIGINT/SIGTERM)
[controller_server-13] [INFO] [1790651422.600682625] [controller_server]: Running Nav2 LifecycleNode rcl preshutdown (controller_server)
[controller_server-13] [INFO] [1790651422.600885320] [controller_server]: Deactivating
[controller_server-13] [INFO] [1790651422.600942945] [controller_server]: Deactivating controller: FollowPath of type nav2_rotation_shim_controller::RotationShimController
[controller_server-13] [INFO] [1790651422.601104346] [local_costmap.local_costmap]: Deactivating
[async_slam_toolbox_node-12] [INFO] [1790651422.601523806] [rclcpp]: signal_handler(SIGINT/SIGTERM)
[parameter_bridge-8] [INFO] [1790651422.602034167] [rclcpp]: signal_handler(SIGINT/SIGTERM)
[parameter_bridge-10] [INFO] [1790651422.602031894] [rclcpp]: signal_handler(SIGINT/SIGTERM)
[mission_axis_node-20] Traceback (most recent call last):
[mission_axis_node-20]   File "/home/junyoung/fire_robot_ws_observed_nav_20260928/install/fire_robot_navigation/lib/fire_robot_navigation/mission_axis_node", line 33, in <module>
[mission_axis_node-20]     sys.exit(load_entry_point('fire-robot-navigation', 'console_scripts', 'mission_axis_node')())
[mission_axis_node-20]   File "/home/junyoung/fire_robot_ws_observed_nav_20260928/build/fire_robot_navigation/fire_robot_navigation/mission_axis_node.py", line 272, in main
[mission_axis_node-20]     rclpy.spin(node)
[mission_axis_node-20]   File "/opt/ros/humble/local/lib/python3.10/dist-packages/rclpy/__init__.py", line 229, in spin
[mission_axis_node-20]     executor.spin_once()
[mission_axis_node-20]   File "/opt/ros/humble/local/lib/python3.10/dist-packages/rclpy/executors.py", line 808, in spin_once
[mission_axis_node-20]     self._spin_once_impl(timeout_sec)
[mission_axis_node-20]   File "/opt/ros/humble/local/lib/python3.10/dist-packages/rclpy/executors.py", line 797, in _spin_once_impl
[mission_axis_node-20]     handler, entity, node = self.wait_for_ready_callbacks(timeout_sec=timeout_sec)
[mission_axis_node-20]   File "/opt/ros/humble/local/lib/python3.10/dist-packages/rclpy/executors.py", line 780, in wait_for_ready_callbacks
[mission_axis_node-20]     return next(self._cb_iter)
[mission_axis_node-20]   File "/opt/ros/humble/local/lib/python3.10/dist-packages/rclpy/executors.py", line 677, in _wait_for_ready_callbacks
[mission_axis_node-20]     wait_set.wait(timeout_nsec)
[mission_axis_node-20] KeyboardInterrupt
[robot_state_publisher-4] [INFO] [1790651422.603129504] [rclcpp]: signal_handler(SIGINT/SIGTERM)
[smoother_server-14] [INFO] [1790651422.604279352] [rclcpp]: signal_handler(SIGINT/SIGTERM)
[smoother_server-14] [INFO] [1790651422.604481306] [smoother_server]: Running Nav2 LifecycleNode rcl preshutdown (smoother_server)
[smoother_server-14] [INFO] [1790651422.604871184] [smoother_server]: Deactivating
[smoother_server-14] [INFO] [1790651422.604960108] [smoother_server]: Destroying bond (smoother_server) to lifecycle manager.
[INFO] [state_machine_node-24]: sending signal 'SIGINT' to process[state_machine_node-24]
[INFO] [navigation_visit_node-23]: sending signal 'SIGINT' to process[navigation_visit_node-23]
[INFO] [navigation_node-22]: sending signal 'SIGINT' to process[navigation_node-22]
[INFO] [door_detection_node-21]: sending signal 'SIGINT' to process[door_detection_node-21]
[ERROR] [state_machine_node-24]: process has died [pid 7853, exit code -2, cmd '/home/junyoung/fire_robot_ws_observed_nav_20260928/install/fire_robot_fsm/lib/fire_robot_fsm/state_machine_node --ros-args -r __node:=state_machine_node --params-file /tmp/launch_params_jmdwqgfq --params-file /home/junyoung/fire_robot_ws_observed_nav_20260928/install/fire_robot_bringup/share/fire_robot_bringup/config/observed_navigation.yaml -r /cmd_vel:=/cmd_vel_manual'].
[INFO] [mission_axis_node-20]: sending signal 'SIGINT' to process[mission_axis_node-20]
[INFO] [parameter_bridge-8]: process has finished cleanly [pid 7366]
[INFO] [lifecycle_manager-19]: sending signal 'SIGINT' to process[lifecycle_manager-19]
[INFO] [velocity_smoother-18]: sending signal 'SIGINT' to process[velocity_smoother-18]
[INFO] [parameter_bridge-11]: process has finished cleanly [pid 7372]
[INFO] [parameter_bridge-10]: process has finished cleanly [pid 7370]
[INFO] [bt_navigator-17]: sending signal 'SIGINT' to process[bt_navigator-17]
[INFO] [static_transform_publisher-5]: process has finished cleanly [pid 7360]
[ERROR] [mission_axis_node-20]: process has died [pid 7794, exit code -2, cmd '/home/junyoung/fire_robot_ws_observed_nav_20260928/install/fire_robot_navigation/lib/fire_robot_navigation/mission_axis_node --ros-args -r __node:=mission_axis_node --params-file /tmp/launch_params_xxe_d_1w --params-file /home/junyoung/fire_robot_ws_observed_nav_20260928/install/fire_robot_bringup/share/fire_robot_bringup/config/observed_navigation.yaml'].
[ERROR] [lifecycle_manager-19]: process has died [pid 7738, exit code -2, cmd '/opt/ros/humble/lib/nav2_lifecycle_manager/lifecycle_manager --ros-args --log-level info --ros-args -r __node:=lifecycle_manager_navigation --params-file /tmp/launch_params_9mh6lu42 --params-file /tmp/launch_params_1abdml39 --params-file /tmp/launch_params_q5w9hgyc'].
[ERROR] [velocity_smoother-18]: process has died [pid 7695, exit code -2, cmd '/opt/ros/humble/lib/nav2_velocity_smoother/velocity_smoother --ros-args --log-level info --ros-args -r __node:=velocity_smoother --params-file /tmp/launch_params_487879tr -r /tf:=tf -r /tf_static:=tf_static -r cmd_vel:=cmd_vel_nav -r cmd_vel_smoothed:=cmd_vel'].
[INFO] [parameter_bridge-9]: process has finished cleanly [pid 7368]
[INFO] [behavior_server-16]: sending signal 'SIGINT' to process[behavior_server-16]
[INFO] [planner_server-15]: sending signal 'SIGINT' to process[planner_server-15]
[INFO] [smoother_server-14]: sending signal 'SIGINT' to process[smoother_server-14]
[ERROR] [behavior_server-16]: process has died [pid 7691, exit code -2, cmd '/opt/ros/humble/lib/nav2_behaviors/behavior_server --ros-args --log-level info --ros-args -r __node:=behavior_server --params-file /tmp/launch_params_487879tr -r /tf:=tf -r /tf_static:=tf_static'].
[INFO] [robot_state_publisher-4]: process has finished cleanly [pid 7358]
[INFO] [controller_server-13]: sending signal 'SIGINT' to process[controller_server-13]
[INFO] [async_slam_toolbox_node-12]: sending signal 'SIGINT' to process[async_slam_toolbox_node-12]
[ERROR] [smoother_server-14]: process has died [pid 7687, exit code -2, cmd '/opt/ros/humble/lib/nav2_smoother/smoother_server --ros-args --log-level info --ros-args -r __node:=smoother_server --params-file /tmp/launch_params_487879tr -r /tf:=tf -r /tf_static:=tf_static'].
[INFO] [async_slam_toolbox_node-12]: process has finished cleanly [pid 7653]
[ERROR] [controller_server-13]: process has died [pid 7685, exit code -2, cmd '/opt/ros/humble/lib/nav2_controller/controller_server --ros-args --log-level info --ros-args --params-file /tmp/launch_params_487879tr -r /tf:=tf -r /tf_static:=tf_static -r cmd_vel:=cmd_vel_nav'].
[ERROR] [door_detection_node-21]: process has died [pid 7796, exit code -2, cmd '/home/junyoung/fire_robot_ws_observed_nav_20260928/install/fire_robot_perception/lib/fire_robot_perception/door_detection_node --ros-args -r __node:=door_detection_node --params-file /tmp/launch_params_10zjxmxn --params-file /home/junyoung/fire_robot_ws_observed_nav_20260928/install/fire_robot_bringup/share/fire_robot_bringup/config/observed_navigation.yaml'].
[INFO] [cmd_vel_safety_node-6]: sending signal 'SIGINT' to process[cmd_vel_safety_node-6]
[INFO] [ign-3]: sending signal 'SIGINT' to process[ign-3]
[ERROR] [cmd_vel_safety_node-6]: process has died [pid 7362, exit code -2, cmd '/home/junyoung/fire_robot_ws_observed_nav_20260928/install/fire_robot_navigation/lib/fire_robot_navigation/cmd_vel_safety_node --ros-args -r __node:=cmd_vel_safety_node --params-file /tmp/launch_params_vkt0y_uc --params-file /home/junyoung/fire_robot_ws_observed_nav_20260928/install/fire_robot_bringup/share/fire_robot_bringup/config/observed_navigation.yaml'].
[INFO] [slam_correction_tf-2]: sending signal 'SIGINT' to process[slam_correction_tf-2]
[INFO] [motion_scan_filter-1]: sending signal 'SIGINT' to process[motion_scan_filter-1]
[state_machine_node-24]     rclpy.spin(node)
[state_machine_node-24]   File "/opt/ros/humble/local/lib/python3.10/dist-packages/rclpy/__init__.py", line 229, in spin
[state_machine_node-24]     executor.spin_once()
[state_machine_node-24]   File "/opt/ros/humble/local/lib/python3.10/dist-packages/rclpy/executors.py", line 808, in spin_once
[state_machine_node-24]     self._spin_once_impl(timeout_sec)
[state_machine_node-24]   File "/opt/ros/humble/local/lib/python3.10/dist-packages/rclpy/executors.py", line 797, in _spin_once_impl
[state_machine_node-24]     handler, entity, node = self.wait_for_ready_callbacks(timeout_sec=timeout_sec)
[state_machine_node-24]   File "/opt/ros/humble/local/lib/python3.10/dist-packages/rclpy/executors.py", line 780, in wait_for_ready_callbacks
[state_machine_node-24]     return next(self._cb_iter)
[state_machine_node-24]   File "/opt/ros/humble/local/lib/python3.10/dist-packages/rclpy/executors.py", line 600, in _wait_for_ready_callbacks
[state_machine_node-24]     with ExitStack() as context_stack:
[state_machine_node-24]   File "/usr/lib/python3.10/contextlib.py", line 558, in __exit__
[state_machine_node-24]     is_sync, cb = self._exit_callbacks.pop()
[state_machine_node-24] KeyboardInterrupt
[parameter_bridge-9] [INFO] [1790651422.609474756] [rclcpp]: signal_handler(SIGINT/SIGTERM)
[parameter_bridge-11] [INFO] [1790651422.609894815] [rclcpp]: signal_handler(SIGINT/SIGTERM)
[ERROR] [slam_correction_tf-2]: process has died [pid 7354, exit code -2, cmd '/home/junyoung/fire_robot_ws_observed_nav_20260928/install/fire_robot_navigation/lib/fire_robot_navigation/slam_correction_tf --ros-args --params-file /tmp/launch_params_6qw0qoyd'].
[velocity_smoother-18] [INFO] [1790651422.614612640] [velocity_smoother]: Cleaning up
[velocity_smoother-18] [INFO] [1790651422.614733700] [velocity_smoother]: Destroying bond (velocity_smoother) to lifecycle manager.
[velocity_smoother-18] [INFO] [1790651422.647335524] [velocity_smoother]: Destroying
[bt_navigator-17] [INFO] [1790651422.620981725] [bt_navigator]: Cleaning up
[behavior_server-16] [INFO] [1790651422.621154486] [behavior_server]: Cleaning up
[behavior_server-16] [INFO] [1790651422.637779895] [behavior_server]: Destroying bond (behavior_server) to lifecycle manager.
[smoother_server-14] [INFO] [1790651422.625591957] [smoother_server]: Cleaning up
[controller_server-13] [INFO] [1790651422.639224301] [controller_server]: Destroying bond (controller_server) to lifecycle manager.
[controller_server-13] [INFO] [1790651422.649899905] [controller_server]: Cleaning up
[controller_server-13] [INFO] [1790651422.649965142] [controller_server]: Cleaning up controller: FollowPath of type nav2_rotation_shim_controller::RotationShimController
[controller_server-13] [INFO] [1790651422.650770806] [local_costmap.local_costmap]: Cleaning up
[smoother_server-14] [INFO] [1790651422.689046602] [smoother_server]: Destroying bond (smoother_server) to lifecycle manager.
[smoother_server-14] [INFO] [1790651422.693745040] [smoother_server]: Destroying
[navigation_visit_node-23] Traceback (most recent call last):
[navigation_visit_node-23]   File "/home/junyoung/fire_robot_ws_observed_nav_20260928/build/fire_robot_navigation/fire_robot_navigation/navigation_visit_node.py", line 73, in main
[navigation_visit_node-23]     rclpy.spin(node)
[navigation_visit_node-23]   File "/opt/ros/humble/local/lib/python3.10/dist-packages/rclpy/__init__.py", line 229, in spin
[navigation_visit_node-23]     executor.spin_once()
[navigation_visit_node-23]   File "/opt/ros/humble/local/lib/python3.10/dist-packages/rclpy/executors.py", line 808, in spin_once
[navigation_visit_node-23]     self._spin_once_impl(timeout_sec)
[navigation_visit_node-23]   File "/opt/ros/humble/local/lib/python3.10/dist-packages/rclpy/executors.py", line 797, in _spin_once_impl
[navigation_visit_node-23]     handler, entity, node = self.wait_for_ready_callbacks(timeout_sec=timeout_sec)
[navigation_visit_node-23]   File "/opt/ros/humble/local/lib/python3.10/dist-packages/rclpy/executors.py", line 780, in wait_for_ready_callbacks
[navigation_visit_node-23]     return next(self._cb_iter)
[navigation_visit_node-23]   File "/opt/ros/humble/local/lib/python3.10/dist-packages/rclpy/executors.py", line 645, in _wait_for_ready_callbacks
[navigation_visit_node-23]     entity_count += waitable.get_num_entities()
[navigation_visit_node-23]   File "/opt/ros/humble/local/lib/python3.10/dist-packages/rclpy/waitable.py", line 41, in __add__
[navigation_visit_node-23]     right = getattr(other, attr)
[navigation_visit_node-23] KeyboardInterrupt
[navigation_visit_node-23] 
[navigation_visit_node-23] During handling of the above exception, another exception occurred:
[navigation_visit_node-23] 
[navigation_visit_node-23] Traceback (most recent call last):
[navigation_visit_node-23]   File "/home/junyoung/fire_robot_ws_observed_nav_20260928/install/fire_robot_navigation/lib/fire_robot_navigation/navigation_visit_node", line 33, in <module>
[navigation_visit_node-23]     sys.exit(load_entry_point('fire-robot-navigation', 'console_scripts', 'navigation_visit_node')())
[navigation_visit_node-23]   File "/home/junyoung/fire_robot_ws_observed_nav_20260928/build/fire_robot_navigation/fire_robot_navigation/navigation_visit_node.py", line 76, in main
[navigation_visit_node-23]     rclpy.shutdown()
[navigation_visit_node-23]   File "/opt/ros/humble/local/lib/python3.10/dist-packages/rclpy/__init__.py", line 130, in shutdown
[navigation_visit_node-23]     _shutdown(context=context)
[navigation_visit_node-23]   File "/opt/ros/humble/local/lib/python3.10/dist-packages/rclpy/utilities.py", line 58, in shutdown
[navigation_visit_node-23]     return context.shutdown()
[navigation_visit_node-23]   File "/opt/ros/humble/local/lib/python3.10/dist-packages/rclpy/context.py", line 102, in shutdown
[navigation_visit_node-23]     self.__context.shutdown()
[navigation_visit_node-23] rclpy._rclpy_pybind11.RCLError: failed to shutdown: rcl_shutdown already called on the given context, at ./src/rcl/init.c:241
[navigation_visit_node-23] Error in sys.excepthook:
[navigation_visit_node-23] Traceback (most recent call last):
[navigation_visit_node-23]   File "/usr/lib/python3/dist-packages/apport_python_hook.py", line 72, in apport_excepthook
[navigation_visit_node-23]     from apport.fileutils import likely_packaged, get_recent_crashes
[navigation_visit_node-23]   File "/usr/lib/python3/dist-packages/apport/__init__.py", line 5, in <module>
[navigation_visit_node-23]     from apport.report import Report
[navigation_visit_node-23]   File "/usr/lib/python3/dist-packages/apport/report.py", line 20, in <module>
[navigation_visit_node-23]     from urllib.error import URLError
[navigation_visit_node-23]   File "/usr/lib/python3.10/urllib/error.py", line 14, in <module>
[navigation_visit_node-23]     import urllib.response
[navigation_visit_node-23]   File "<frozen importlib._bootstrap>", line 1027, in _find_and_load
[navigation_visit_node-23]   File "<frozen importlib._bootstrap>", line 1006, in _find_and_load_unlocked
[navigation_visit_node-23]   File "<frozen importlib._bootstrap>", line 688, in _load_unlocked
[navigation_visit_node-23]   File "<frozen importlib._bootstrap_external>", line 879, in exec_module
[navigation_visit_node-23]   File "<frozen importlib._bootstrap_external>", line 1000, in get_code
[navigation_visit_node-23]   File "<frozen importlib._bootstrap_external>", line 642, in _validate_timestamp_pyc
[navigation_visit_node-23]   File "<frozen importlib._bootstrap_external>", line 84, in _unpack_uint32
[navigation_visit_node-23] KeyboardInterrupt
[navigation_visit_node-23] 
[navigation_visit_node-23] Original exception was:
[navigation_visit_node-23] Traceback (most recent call last):
[navigation_visit_node-23]   File "/home/junyoung/fire_robot_ws_observed_nav_20260928/build/fire_robot_navigation/fire_robot_navigation/navigation_visit_node.py", line 73, in main
[navigation_visit_node-23]     rclpy.spin(node)
[navigation_visit_node-23]   File "/opt/ros/humble/local/lib/python3.10/dist-packages/rclpy/__init__.py", line 229, in spin
[navigation_visit_node-23]     executor.spin_once()
[navigation_visit_node-23]   File "/opt/ros/humble/local/lib/python3.10/dist-packages/rclpy/executors.py", line 808, in spin_once
[navigation_visit_node-23]     self._spin_once_impl(timeout_sec)
[navigation_visit_node-23]   File "/opt/ros/humble/local/lib/python3.10/dist-packages/rclpy/executors.py", line 797, in _spin_once_impl
[navigation_visit_node-23]     handler, entity, node = self.wait_for_ready_callbacks(timeout_sec=timeout_sec)
[navigation_visit_node-23]   File "/opt/ros/humble/local/lib/python3.10/dist-packages/rclpy/executors.py", line 780, in wait_for_ready_callbacks
[navigation_visit_node-23]     return next(self._cb_iter)
[navigation_visit_node-23]   File "/opt/ros/humble/local/lib/python3.10/dist-packages/rclpy/executors.py", line 645, in _wait_for_ready_callbacks
[navigation_visit_node-23]     entity_count += waitable.get_num_entities()
[navigation_visit_node-23]   File "/opt/ros/humble/local/lib/python3.10/dist-packages/rclpy/waitable.py", line 41, in __add__
[navigation_visit_node-23]     right = getattr(other, attr)
[navigation_visit_node-23] KeyboardInterrupt
[navigation_visit_node-23] 
[navigation_visit_node-23] During handling of the above exception, another exception occurred:
[navigation_visit_node-23] 
[navigation_visit_node-23] Traceback (most recent call last):
[navigation_visit_node-23]   File "/home/junyoung/fire_robot_ws_observed_nav_20260928/install/fire_robot_navigation/lib/fire_robot_navigation/navigation_visit_node", line 33, in <module>
[navigation_visit_node-23]     sys.exit(load_entry_point('fire-robot-navigation', 'console_scripts', 'navigation_visit_node')())
[navigation_visit_node-23]   File "/home/junyoung/fire_robot_ws_observed_nav_20260928/build/fire_robot_navigation/fire_robot_navigation/navigation_visit_node.py", line 76, in main
[navigation_visit_node-23]     rclpy.shutdown()
[navigation_visit_node-23]   File "/opt/ros/humble/local/lib/python3.10/dist-packages/rclpy/__init__.py", line 130, in shutdown
[navigation_visit_node-23]     _shutdown(context=context)
[navigation_visit_node-23]   File "/opt/ros/humble/local/lib/python3.10/dist-packages/rclpy/utilities.py", line 58, in shutdown
[navigation_visit_node-23]     return context.shutdown()
[navigation_visit_node-23]   File "/opt/ros/humble/local/lib/python3.10/dist-packages/rclpy/context.py", line 102, in shutdown
[navigation_visit_node-23]     self.__context.shutdown()
[navigation_visit_node-23] rclpy._rclpy_pybind11.RCLError: failed to shutdown: rcl_shutdown already called on the given context, at ./src/rcl/init.c:241
[ERROR] [motion_scan_filter-1]: process has died [pid 7352, exit code -2, cmd '/home/junyoung/fire_robot_ws_observed_nav_20260928/install/fire_robot_navigation/lib/fire_robot_navigation/motion_scan_filter --ros-args --params-file /tmp/launch_params__cvz__tj'].
[behavior_server-16] [INFO] [1790651422.716361139] [behavior_server]: Destroying
[controller_server-13] [INFO] [1790651422.727236167] [controller_server]: Destroying bond (controller_server) to lifecycle manager.
[controller_server-13] [INFO] [1790651422.734361861] [local_costmap.local_costmap]: Destroying
[navigation_node-22] Traceback (most recent call last):
[navigation_node-22]   File "/home/junyoung/fire_robot_ws_observed_nav_20260928/install/fire_robot_navigation/lib/fire_robot_navigation/navigation_node", line 33, in <module>
[navigation_node-22]     sys.exit(load_entry_point('fire-robot-navigation', 'console_scripts', 'navigation_node')())
[navigation_node-22]   File "/home/junyoung/fire_robot_ws_observed_nav_20260928/build/fire_robot_navigation/fire_robot_navigation/navigation_node.py", line 1169, in main
[navigation_node-22]     rclpy.spin(node)
[navigation_node-22]   File "/opt/ros/humble/local/lib/python3.10/dist-packages/rclpy/__init__.py", line 229, in spin
[navigation_node-22]     executor.spin_once()
[navigation_node-22]   File "/opt/ros/humble/local/lib/python3.10/dist-packages/rclpy/executors.py", line 808, in spin_once
[navigation_node-22]     self._spin_once_impl(timeout_sec)
[navigation_node-22]   File "/opt/ros/humble/local/lib/python3.10/dist-packages/rclpy/executors.py", line 797, in _spin_once_impl
[navigation_node-22]     handler, entity, node = self.wait_for_ready_callbacks(timeout_sec=timeout_sec)
[navigation_node-22]   File "/opt/ros/humble/local/lib/python3.10/dist-packages/rclpy/executors.py", line 780, in wait_for_ready_callbacks
[navigation_node-22]     return next(self._cb_iter)
[navigation_node-22]   File "/opt/ros/humble/local/lib/python3.10/dist-packages/rclpy/executors.py", line 653, in _wait_for_ready_callbacks
[navigation_node-22]     wait_set = _rclpy.WaitSet(
[navigation_node-22] rclpy._rclpy_pybind11.RCLError: failed to initialize wait set: the given context is not valid, either rcl_init() was not called or rcl_shutdown() was called., at ./src/rcl/wait.c:130
[navigation_node-22] Error in sys.excepthook:
[navigation_node-22] Traceback (most recent call last):
[navigation_node-22]   File "/usr/lib/python3/dist-packages/apport_python_hook.py", line 72, in apport_excepthook
[navigation_node-22]     from apport.fileutils import likely_packaged, get_recent_crashes
[navigation_node-22]   File "/usr/lib/python3/dist-packages/apport/__init__.py", line 5, in <module>
[navigation_node-22]     from apport.report import Report
[navigation_node-22]   File "/usr/lib/python3/dist-packages/apport/report.py", line 21, in <module>
[navigation_node-22]     from urllib.request import urlopen
[navigation_node-22]   File "/usr/lib/python3.10/urllib/request.py", line 88, in <module>
[navigation_node-22]     import http.client
[navigation_node-22]   File "/usr/lib/python3.10/http/client.py", line 1424, in <module>
[navigation_node-22]     import ssl
[navigation_node-22]   File "/usr/lib/python3.10/ssl.py", line 99, in <module>
[navigation_node-22]     import _ssl             # if we can't import it, let the error propagate
[navigation_node-22] KeyboardInterrupt
[navigation_node-22] 
[navigation_node-22] Original exception was:
[navigation_node-22] Traceback (most recent call last):
[navigation_node-22]   File "/home/junyoung/fire_robot_ws_observed_nav_20260928/install/fire_robot_navigation/lib/fire_robot_navigation/navigation_node", line 33, in <module>
[navigation_node-22]     sys.exit(load_entry_point('fire-robot-navigation', 'console_scripts', 'navigation_node')())
[navigation_node-22]   File "/home/junyoung/fire_robot_ws_observed_nav_20260928/build/fire_robot_navigation/fire_robot_navigation/navigation_node.py", line 1169, in main
[navigation_node-22]     rclpy.spin(node)
[navigation_node-22]   File "/opt/ros/humble/local/lib/python3.10/dist-packages/rclpy/__init__.py", line 229, in spin
[navigation_node-22]     executor.spin_once()
[navigation_node-22]   File "/opt/ros/humble/local/lib/python3.10/dist-packages/rclpy/executors.py", line 808, in spin_once
[navigation_node-22]     self._spin_once_impl(timeout_sec)
[navigation_node-22]   File "/opt/ros/humble/local/lib/python3.10/dist-packages/rclpy/executors.py", line 797, in _spin_once_impl
[navigation_node-22]     handler, entity, node = self.wait_for_ready_callbacks(timeout_sec=timeout_sec)
[navigation_node-22]   File "/opt/ros/humble/local/lib/python3.10/dist-packages/rclpy/executors.py", line 780, in wait_for_ready_callbacks
[navigation_node-22]     return next(self._cb_iter)
[navigation_node-22]   File "/opt/ros/humble/local/lib/python3.10/dist-packages/rclpy/executors.py", line 653, in _wait_for_ready_callbacks
[navigation_node-22]     wait_set = _rclpy.WaitSet(
[navigation_node-22] rclpy._rclpy_pybind11.RCLError: failed to initialize wait set: the given context is not valid, either rcl_init() was not called or rcl_shutdown() was called., at ./src/rcl/wait.c:130
[cmd_vel_safety_node-6] Traceback (most recent call last):
[cmd_vel_safety_node-6]   File "/home/junyoung/fire_robot_ws_observed_nav_20260928/build/fire_robot_navigation/fire_robot_navigation/cmd_vel_safety_node.py", line 191, in main
[cmd_vel_safety_node-6]     rclpy.spin(node)
[cmd_vel_safety_node-6]   File "/opt/ros/humble/local/lib/python3.10/dist-packages/rclpy/__init__.py", line 229, in spin
[cmd_vel_safety_node-6]     executor.spin_once()
[cmd_vel_safety_node-6]   File "/opt/ros/humble/local/lib/python3.10/dist-packages/rclpy/executors.py", line 808, in spin_once
[cmd_vel_safety_node-6]     self._spin_once_impl(timeout_sec)
[cmd_vel_safety_node-6]   File "/opt/ros/humble/local/lib/python3.10/dist-packages/rclpy/executors.py", line 797, in _spin_once_impl
[cmd_vel_safety_node-6]     handler, entity, node = self.wait_for_ready_callbacks(timeout_sec=timeout_sec)
[cmd_vel_safety_node-6]   File "/opt/ros/humble/local/lib/python3.10/dist-packages/rclpy/executors.py", line 780, in wait_for_ready_callbacks
[cmd_vel_safety_node-6]     return next(self._cb_iter)
[cmd_vel_safety_node-6]   File "/opt/ros/humble/local/lib/python3.10/dist-packages/rclpy/executors.py", line 621, in _wait_for_ready_callbacks
[cmd_vel_safety_node-6]     service_handles.append(srv.handle)
[cmd_vel_safety_node-6] KeyboardInterrupt
[cmd_vel_safety_node-6] 
[cmd_vel_safety_node-6] During handling of the above exception, another exception occurred:
[cmd_vel_safety_node-6] 
[cmd_vel_safety_node-6] Traceback (most recent call last):
[cmd_vel_safety_node-6]   File "/home/junyoung/fire_robot_ws_observed_nav_20260928/install/fire_robot_navigation/lib/fire_robot_navigation/cmd_vel_safety_node", line 33, in <module>
[cmd_vel_safety_node-6]     sys.exit(load_entry_point('fire-robot-navigation', 'console_scripts', 'cmd_vel_safety_node')())
[cmd_vel_safety_node-6]   File "/home/junyoung/fire_robot_ws_observed_nav_20260928/build/fire_robot_navigation/fire_robot_navigation/cmd_vel_safety_node.py", line 194, in main
[cmd_vel_safety_node-6]     rclpy.shutdown()
[cmd_vel_safety_node-6]   File "/opt/ros/humble/local/lib/python3.10/dist-packages/rclpy/__init__.py", line 130, in shutdown
[cmd_vel_safety_node-6]     _shutdown(context=context)
[cmd_vel_safety_node-6]   File "/opt/ros/humble/local/lib/python3.10/dist-packages/rclpy/utilities.py", line 58, in shutdown
[cmd_vel_safety_node-6]     return context.shutdown()
[cmd_vel_safety_node-6]   File "/opt/ros/humble/local/lib/python3.10/dist-packages/rclpy/context.py", line 102, in shutdown
[cmd_vel_safety_node-6]     self.__context.shutdown()
[cmd_vel_safety_node-6] rclpy._rclpy_pybind11.RCLError: failed to shutdown: rcl_shutdown already called on the given context, at ./src/rcl/init.c:241
[controller_server-13] [INFO] [1790651422.754001786] [controller_server]: Destroying
[lifecycle_manager-19] [INFO] [1790651422.755237263] [lifecycle_manager_navigation]: Destroying lifecycle_manager_navigation
[bt_navigator-17] [INFO] [1790651422.832861440] [bt_navigator]: Completed Cleaning up
[bt_navigator-17] [INFO] [1790651422.832942103] [bt_navigator]: Destroying bond (bt_navigator) to lifecycle manager.
[bt_navigator-17] [INFO] [1790651422.835115248] [rclcpp]: signal_handler(SIGINT/SIGTERM)
[bt_navigator-17] [INFO] [1790651422.846980144] [bt_navigator]: Destroying
[INFO] [ign-3]: process has finished cleanly [pid 7356]
[ERROR] [navigation_visit_node-23]: process has died [pid 7800, exit code 1, cmd '/home/junyoung/fire_robot_ws_observed_nav_20260928/install/fire_robot_navigation/lib/fire_robot_navigation/navigation_visit_node --ros-args -r __node:=navigation_visit_node --params-file /tmp/launch_params_0antrd9l'].
[ERROR] [navigation_node-22]: process has died [pid 7798, exit code 1, cmd '/home/junyoung/fire_robot_ws_observed_nav_20260928/install/fire_robot_navigation/lib/fire_robot_navigation/navigation_node --ros-args -r __node:=navigation_node --params-file /tmp/launch_params_egxy3x2k --params-file /home/junyoung/fire_robot_ws_observed_nav_20260928/install/fire_robot_bringup/share/fire_robot_bringup/config/observed_navigation.yaml'].
[INFO] [bt_navigator-17]: process has finished cleanly [pid 7693]
[planner_server-15] [INFO] [1790651423.008141419] [planner_server]: Deactivating plugin GridBased of type SmacPlanner2D
[planner_server-15] [INFO] [1790651423.008287067] [planner_server]: Destroying bond (planner_server) to lifecycle manager.
[planner_server-15] [INFO] [1790651423.018542616] [planner_server]: Cleaning up
[planner_server-15] [INFO] [1790651423.025470423] [global_costmap.global_costmap]: Cleaning up
[planner_server-15] [INFO] [1790651423.029031171] [planner_server]: Cleaning up plugin GridBased of type SmacPlanner2D
[planner_server-15] [INFO] [1790651423.029521852] [planner_server]: Destroying plugin GridBased of type SmacPlanner2D
[planner_server-15] [INFO] [1790651423.037617317] [planner_server]: Destroying bond (planner_server) to lifecycle manager.
[planner_server-15] [INFO] [1790651423.039762669] [rclcpp]: signal_handler(SIGINT/SIGTERM)
[planner_server-15] [INFO] [1790651423.041326493] [global_costmap.global_costmap]: Destroying
[planner_server-15] [INFO] [1790651423.052494019] [planner_server]: Destroying
[INFO] [planner_server-15]: process has finished cleanly [pid 7689]
