sim_time,wall_elapsed,x,y,yaw
6.5,9.994634111999858,-2.1827910021893637e-12,-6.429545746737662e-33,-4.558926427402604e-19
7.0,10.537971088000177,-2.1827909692954575e-12,-6.429561725994066e-33,-5.023774922932492e-19
7.5,11.076118092999877,-2.1827908964047034e-12,-6.429601744692461e-33,-6.013676085249112e-19
8.0,11.620491480000055,-2.1827908054094804e-12,-6.42965693021048e-33,-6.184302694905643e-19
8.5,12.163223958999879,-2.1827907905091218e-12,-6.429666796158834e-33,-6.905750057054339e-19
9.0,12.781669849000082,-2.182790819555975e-12,-6.429646132937632e-33,-7.237020361771397e-19
9.5,13.33692315899998,-2.1827908113033535e-12,-6.429652422283097e-33,-7.788446394871515e-19
10.0,13.91133776100014,-2.1827908673000862e-12,-6.42960756407799e-33,-8.118702672295673e-19
10.5,14.499953058999836,-2.1827909289372104e-12,-6.429553588198747e-33,-9.388191158927635e-19
11.0,15.049779728999965,-2.182790944962851e-12,-6.429537934649943e-33,-9.574908300674001e-19
11.5,15.629206061999867,-2.1827910276563177e-12,-6.429452298222947e-33,-1.0639572758867941e-18
12.0,16.191909071999817,-2.182791064098021e-12,-6.429412534505322e-33,-1.095224171277025e-18
12.5,16.75187224499996,-2.182791057686896e-12,-6.429419488220787e-33,-1.1195087441720317e-18
13.0,17.328401310000118,-2.1827910558845443e-12,-6.429421474240285e-33,-1.1217044773801676e-18
13.5,17.89107867499979,-2.18279108180472e-12,-6.429392871510105e-33,-1.1215709835733394e-18
14.0,18.53454012500015,-2.182791098365801e-12,-6.42937338669582e-33,-1.1780558643258145e-18
14.5,19.20381205800004,-2.182791132325705e-12,-6.429332194918664e-33,-1.244122913713728e-18
15.0,19.880850254000052,-2.182791233280173e-12,-6.429206065834073e-33,-1.2221374091891778e-18
15.5,20.513557543999923,-2.18279132740418e-12,-6.429088487867523e-33,-1.2934967721465836e-18
16.002,21.13902127700021,-2.1827913533534316e-12,-6.429052653281755e-33,-1.3877818570129666e-18
16.5,21.784932102999846,-2.1827913741565603e-12,-6.429023446092479e-33,-1.4236192984740267e-18
17.0,22.455912113000068,-2.1827913712369803e-12,-6.42902825644239e-33,-1.4861058914328545e-18
17.5,23.10696015099984,-2.182791359738364e-12,-6.429044702183526e-33,-1.5367186039658275e-18
18.0,23.743501539000135,-2.1827913791440677e-12,-6.429013722469778e-33,-1.6218332843592181e-18
18.5,24.36954198300009,-2.1827913950018502e-12,-6.428989579238528e-33,-1.702567319746202e-18
19.0,25.002774116000182,-2.1827913704543055e-12,-6.429032052698513e-33,-1.768284147102774e-18
19.5,25.641457075999824,-2.182791413430647e-12,-6.428956106219052e-33,-1.784096933615695e-18
20.0,26.269543596999938,-2.1827914939768463e-12,-6.428812124711355e-33,-1.8226430052597197e-18
20.5,26.90873409699998,-2.182791633169915e-12,-6.428553649217899e-33,-1.8794951644265148e-18
21.0,27.600412463999874,-2.1827917444798013e-12,-6.428348007249927e-33,-1.835707555853279e-18
21.5,28.245709478000208,-2.182791836733004e-12,-6.428176470043409e-33,-1.8870992227829877e-18
22.0,28.936179833000097,-2.182779077023972e-12,-6.452400801506092e-33,-1.9200912281264297e-18
22.5,29.655928554000184,-2.182791502098145e-12,-6.428520304506138e-33,-1.991933731601098e-18
23.0,30.280078006000167,-2.182791050826019e-12,-6.429408836166736e-33,-1.945553087181662e-18
23.5,30.90490230200021,-2.1827911829609345e-12,-6.429153431469076e-33,-1.969991196558355e-18
24.0,31.540792685999804,-2.182791121912431e-12,-6.429272385106351e-33,-1.9198188626065008e-18
24.5,32.20241381400001,-2.1827911185762253e-12,-6.429278802644135e-33,-1.887222364039599e-18
25.0,32.94526688399992,-2.1827911304046047e-12,-6.429256348684563e-33,-1.9201965914293535e-18
25.5,33.697115867999855,-2.1827911337044128e-12,-6.429250306210211e-33,-1.9616078504416297e-18
26.0,34.458350638999946,-2.182791171937705e-12,-6.429170413005529e-33,-2.0963185739003748e-18
26.5,35.1969850659998,-2.182791184779482e-12,-6.429143503940547e-33,-2.0904455142023122e-18
27.0,35.97185014600018,-2.182791144316992e-12,-6.429224873985566e-33,-1.9016038768803823e-18
27.5,36.72616546500012,-2.182791158783123e-12,-6.429195711798864e-33,-2.063930064057046e-18
28.0,37.47486050899988,-2.182791132500909e-12,-6.429250740854757e-33,-2.0163879779226775e-18
28.5,38.24209552499997,-2.182791132646525e-12,-6.429250043284971e-33,-2.0047506404185614e-18
29.0,38.97079295899994,-2.1827911312338e-12,-6.429253636782129e-33,-2.1606578227689e-18
29.5,39.71687666400021,-2.1827911103322093e-12,-6.429298686405533e-33,-2.0721278793974993e-18
30.0,40.46491667300006,-2.1827911174149982e-12,-6.42928393682667e-33,-2.0513735196729214e-18
30.5,41.19169633499996,-2.182791159935973e-12,-6.429192472785691e-33,-2.2828005061790674e-18
31.0,41.94298204000006,-2.182791122464879e-12,-6.429274809098144e-33,-2.124328160398545e-18
31.5,42.68678197200006,-2.1827911061381306e-12,-6.429309591362973e-33,-2.1904924024571563e-18
32.0,43.42368547900014,-2.182791111305258e-12,-6.429298090315445e-33,-2.361940687582652e-18
32.5,44.158328967000216,-2.1827910688142105e-12,-6.429395472809176e-33,-2.226381167919886e-18
33.0,44.88878479899995,-2.1827910594932563e-12,-6.429414801533461e-33,-2.3028444209354875e-18
33.5,45.61016961999985,-2.1827910558658597e-12,-6.42942542129173e-33,-2.448016829219349e-18
34.0,46.34254375399996,-2.1827910185280387e-12,-6.429514051540057e-33,-2.2513151888625923e-18
34.5,47.066159653999875,-2.1827910401194205e-12,-6.429464291827715e-33,-2.3557141216849306e-18
35.0,47.80085335900003,-2.1827910386839136e-12,-6.429467395321406e-33,-2.3614442071479247e-18
35.5,48.53643560799992,-2.1827910058729197e-12,-6.429543214588216e-33,-2.2807203759106217e-18
36.0,49.28038296400018,-2.1827910125919237e-12,-6.429527451666756e-33,-2.3529761942257646e-18
36.5,50.02369623200002,-2.1827910343329533e-12,-6.429475404704055e-33,-2.3926985293567825e-18
37.0,50.82090798299987,-2.1827909975762926e-12,-6.429558951558309e-33,-2.258527040741334e-18
37.5,51.58233871499988,-2.1827910085627483e-12,-6.429534284991203e-33,-2.2178401817241297e-18
38.0,52.36043569699996,-2.1827909976959357e-12,-6.429560764351733e-33,-2.3229982714518343e-18
38.5,53.12019053899985,-2.1827909644913e-12,-6.429633818389867e-33,-2.17500647026849e-18
39.0,53.87065871899995,-2.182790951044619e-12,-6.429663488792477e-33,-2.1099329377143404e-18
39.5,54.63103216799982,-2.182790983507285e-12,-6.429594111277281e-33,-2.333227192191959e-18
40.0,55.40394533100016,-2.18279094002861e-12,-6.429692084429241e-33,-2.1489409544082164e-18
40.5,56.15886833700006,-2.182790935849441e-12,-6.429700657429287e-33,-2.1764299055965357e-18
41.0,56.902321993999976,-2.182790958280924e-12,-6.429650082649425e-33,-2.320084225896566e-18
41.5,57.67593309799986,-2.1827909252396953e-12,-6.429725902011183e-33,-2.1842442625631344e-18
42.0,58.45501808200015,0.010573499990558484,-8.150334068388329e-21,-6.791872993901058e-22
42.5,59.236024432999784,0.1276190226884245,-0.0003987495846356449,0.002500000000000121
43.0,60.05295480399991,0.24261973362334754,-0.010379997768231959,0.0050000000000002855
43.5,60.84976659599988,0.36761489301449674,-0.008755007781231339,6.245004513516506e-16
44.0,61.66485013400006,0.492615257076822,-0.009046257477845935,0.002500000000000787
44.5,62.46471269799986,0.6176180258085593,-0.019313748652353788,0.007500000000001123
45.0,63.306604783999774,0.7626170367296561,-0.01866499631255847,0.01000000000000129
45.5,64.109864861,0.8447389426693481,-0.017312204468943222,0.0050000000000016195
46.0,64.88519652900004,0.8533292353108914,-0.01726925264780305,0.0050000000000016195
46.5,65.68080257700012,0.8731305829312145,0.00011329200292061435,-0.25069999920390806
47.001,66.4833770780001,0.8687683213081838,0.025033958162068486,-0.5056999982274791
47.5,67.2669519330002,0.8797027853613528,0.02027585946437266,-0.693199997453519
48.0,68.08560749400021,0.8517218280536492,0.03981738349014419,-0.8631999966417385
48.5,68.8875302309998,0.859876753513467,0.05025739822419362,-1.0906999958139987
49.0,69.6570733489998,0.8651778585771688,0.031096180686536745,-1.041199995731302
49.502,70.42751504599983,0.8651778585771688,0.031096180686536745,-1.041199995731302
50.0,71.18285652799977,0.8651778585771688,0.031096180686536745,-1.041199995731302
50.5,71.96832202299993,0.8651778585771688,0.031096180686536745,-1.041199995731302
51.0,72.757238916,0.8651778585771688,0.031096180686536745,-1.041199995731302
51.5,73.5456412489998,0.8651778585885248,0.031096180667749218,-1.007355551776093
52.0,74.34245227200017,0.8647439929252603,0.03080057038914491,-0.7354610122633468
52.5,75.13845584899991,0.8776442412598022,0.03526985217736506,-0.5704610130739297
53.0,75.94106877000013,0.866744595994721,0.030006505891239876,-0.327961013934133
53.5,76.7845816869999,0.8835192648453621,0.026525757670556184,-0.12410890983564606
54.0,77.60332528900017,0.9752986358588462,0.0008977173983903027,0.1859756505881446
54.5,78.41822950200003,1.0932607824421814,-0.013816410837046099,0.3643769141075761
55.0,79.250296402,1.2045410906625433,0.023956500823265676,0.507245334271094
55.5,80.06060607500012,1.3192974604914194,0.08316024788922352,0.5968505965545309
56.0,80.8696665120001,1.425846308795001,0.1341962948238951,0.6418505956982208
56.5,81.67566040400015,1.5330937850855821,0.20296457831557596,0.6547716476731317
57.0,82.4998557949998,1.6312530140111097,0.2804121257976948,0.6444502440087168
57.5,83.34318698200013,1.7194436992877355,0.33775403626268696,0.6524656824920895
58.0,84.14620509999986,1.8398358346587138,0.4066886798412463,0.6676235769667354
58.5,84.9441403689998,1.826305077377744,0.4137246172195149,0.6685972610875575
59.0,85.73702975600008,1.8432182562479815,0.4173017974590387,0.9118972603667697
59.5,86.52094452399979,1.84027488768768,0.43557991098115306,1.071897259539142
60.0,87.3254289219999,1.8528645024042576,0.43417875633191905,1.2793972586632678
60.5,88.12878176000004,1.8438792458452977,0.44011194493128936,1.484397257773268
61.0,88.95613726200008,1.8749785877083007,0.4207614990554428,1.7418972569111921
61.5,89.74421435500017,1.900274480561406,0.4303187134373787,1.7505972568349615
62.0,90.53663943699985,1.900274480561406,0.4303187134373787,1.7505972568349615
62.5,91.31586605299981,1.900274480561406,0.4303187134373787,1.7505972568349615
63.0,92.08502046100011,1.900274480561406,0.4303187134373787,1.7505972568349615
63.5,92.87256952799999,1.900274480561406,0.4303187134373787,1.7505972568349615
64.0,93.66936470500013,1.9002744805600695,0.43031871344540673,1.7190105906497617
64.5,94.49111564099985,1.8987128570781304,0.41011390749060483,1.4419871471538273
65.0,95.2787227079998,1.871114502052526,0.4181996641892697,1.1769871480380258
65.5,96.0777823530002,1.8403164568844432,0.42435181471217476,0.8994871489137551
66.0,96.91152142500005,1.8462289607309286,0.42756212068315363,0.7179634655247037
66.5,97.7259962889998,1.9203826458952227,0.48811399424576735,0.5292445190486723
67.0,98.55461382800013,2.007125637640016,0.5439619803349001,0.4544247153319356
67.5,99.37304867800003,2.146171056691818,0.6142083606090277,0.33817688025513704
68.0,100.18376776100013,2.2491686914212705,0.6610898918589456,0.23865056535779858
68.5,100.99420164799994,2.372875142505486,0.7005980150496647,0.12957161887506255
69.0,101.80566657100007,2.498247199627631,0.7258554338962265,0.03667688289494482
69.5,102.62586314800001,2.6332977079741027,0.7331198380315768,-0.04661258994169057
70.0,103.46705095800007,2.7456502884138976,0.7384749901667366,-0.13687574696917554
70.5,104.2776092879999,2.8262794376597067,0.7334240201838736,-0.1689967989596539
71.0,105.0652728529999,2.827293559107566,0.7327307956494364,-0.16649679896032402
71.5,105.87656450699978,2.8362042152811417,0.7481331861418253,-0.41219679815156346
72.0,106.68942691599977,2.8559346859608303,0.7686529210743125,-0.6071967972769292
72.5,107.50609697499976,2.8263901018240056,0.7767954330194554,-0.8346967964506673
73.0,108.33332559300015,2.8615750124653827,0.7757768821757625,-0.9796967956371475
73.5,109.12563260300021,2.8343850205690275,0.7867455015639302,-1.1871967947746436
74.0,109.91833118900013,2.8452129288935746,0.7728270002542437,-1.1708967946951667
74.5,110.72043145099997,2.8452129288935746,0.7728270002542437,-1.1708967946951667
75.0,111.5035378980001,2.8452129288935746,0.7728270002542437,-1.1708967946951667
75.5,112.29847482700006,2.8452129288935746,0.7728270002542437,-1.1708967946951667
76.0,113.08553164099976,2.8452129288935746,0.7728270002542437,-1.1708967946951667
76.5,113.87912387999995,2.8452129288981904,0.7728270002437094,-1.1385812396206771
77.0,114.71394645400005,2.835083303325955,0.7888090490670772,-0.922392427925962
77.5,115.5341821259999,2.846551372746176,0.7608330116319499,-0.6772003234670179
78.0,116.37049734899983,2.9408950096181066,0.7052518812354409,-0.5174931313466431
78.5,117.20445274399981,3.018299678375439,0.6408902812840293,-0.4246592996439546
79.0,118.00936120999995,3.1410844244518756,0.587280055597942,-0.2719487742084391
79.5,118.81595919599977,3.2329149603322977,0.5477507885479111,-0.16796717696854394
80.0,119.61751069699994,3.2880614317089716,0.5177925025363835,-0.07340427596903833
80.5,120.44573811800001,3.3369664944972044,0.4986162911133163,0.013569407388062645
81.0,121.27847147200009,3.384801302919541,0.5021820617935423,0.10164835390373675
81.5,122.09281430200008,3.4187154953791747,0.4962123002730557,0.12719217639156818
82.0,122.89852741000004,3.3985259275031603,0.4877758466882959,0.11969217639156834
82.5,123.72088543400014,3.3980962123891962,0.480365418119591,0.3753921755841384
83.0,124.54306803500003,3.3995381904353583,0.44951184405579314,0.5753921747036225
83.5,125.34411900899977,3.40128004223377,0.45102954061904665,0.807892173866646
84.0,126.14732911600004,3.378287885558448,0.4425179481286172,0.9578921730581043
84.5,127.03286947400011,3.3737638826693823,0.4419539832648053,1.1753921722053864
85.0,127.91074052900012,3.3878810252675966,0.44886196848864346,1.1246921721247045
85.5,128.7432711370002,3.3878810252675966,0.44886196848864346,1.1246921721247045
86.0,129.5561647049999,3.3878810252675966,0.44886196848864346,1.1246921721247045
86.5,130.35791562099985,3.3878810252675966,0.44886196848864346,1.1246921721247045
87.0,131.17298783800015,3.3878810252675966,0.44886196848864346,1.1246921721247045
87.5,131.97412107299988,3.387881025273653,0.448861968500887,1.0933721725879106
88.0,132.80535303299985,3.3968116855466164,0.44335750189282364,0.8723373542196673
88.5,133.63563004299976,3.402977553223634,0.43761568651784205,0.6548373550302901
89.0,134.46348227999988,3.4003151427244385,0.443973689807778,0.46983735586579684
89.5,135.27761408900005,3.3986200719581103,0.44412555976429885,0.24733735674946852
90.0,136.09615100100018,3.390975632150942,0.4566115931578836,-0.04016264236782474
90.502,136.9385766700002,3.391776369403222,0.4998579482457458,-0.2851626415001466
91.0,137.79580005900016,3.383210625507023,0.5202410763593246,-0.561062640460014
91.5,138.62254765999978,3.434434693638364,0.5238157164401569,-0.6748147248353674
92.0,139.45996396500004,3.4683686896629387,0.49781670978855674,-0.8665192057087605
92.5,140.30034592399988,3.474117848763938,0.48712203181088465,-0.9192641033758997
93.0,141.15164388799985,3.493366716908058,0.47392023829429175,-1.0823956815129272
93.5,142.01424682100014,3.5021360893767284,0.4725060023175309,-1.127240027248352
94.0,142.834147864,3.545912681152069,0.42570647271333084,-1.167337570021762
94.5,143.67007636400012,3.591851016791788,0.34130537482865053,-1.1944740600714636
95.002,144.52596578300017,3.622462664694506,0.22302656105792806,-1.2455087960042694
95.5,145.35773717099983,3.690264674656203,0.1038255879509602,-1.2600035323322496
96.0,146.19840493399988,3.7034809338552916,-0.016734776448745103,-1.3014466892310517
96.5,147.02982643199994,3.7661277977121355,-0.13740287071435353,-1.301156162621375
97.0,147.88468720599985,3.7956316513320685,-0.25885934158708923,-1.3637172142962923
97.5,148.7046029170001,3.834367779128395,-0.3579406348508356,-1.3592065704049614
98.0,149.5198145119998,3.835250816069532,-0.36205151212001185,-1.3592065704029441
98.501,150.34042586799978,3.8226577254462137,-0.3524594536660224,-1.6449065695254803
99.0,151.17148074399984,3.8422247321101457,-0.36170391857202233,-1.8649065687380368
99.5,151.995010266,3.8609107718689604,-0.3574896854696745,-2.1074065678513474
100.0,152.8445335020001,3.873082297696591,-0.3565014942495637,-2.307406566997431
100.5,153.67935475100012,3.8684841167507305,-0.3621562254147652,-2.5099065661891715
101.0,154.51456174299983,3.8705083038730534,-0.35309245876502304,-2.4836065661156805
101.5,155.31653215899996,3.8705083038730534,-0.35309245876502304,-2.4836065661156805
102.0,156.12964124600012,3.8705083038730534,-0.35309245876502304,-2.4836065661156805
102.5,156.9429663269998,3.8705083038730534,-0.35309245876502304,-2.4836065661156805
103.0,157.779227687,3.8705083038730534,-0.35309245876502304,-2.4836065661156805
103.5,158.58669259399994,3.8705083038545394,-0.3530924587796327,-2.4516198998850633
104.0,159.43141699699981,3.8801535359576964,-0.36270546446514906,-2.1777360003444524
104.5,160.27827497499993,3.897951236995852,-0.36131303813002713,-2.0127360011918554
105.0,161.1216661809999,3.878877231314893,-0.35644997350667706,-1.7452360020803677
105.5,161.95743876100005,3.840429663996353,-0.35044408352296097,-1.5252360029537553
106.0,162.81353662499987,3.8251452175185046,-0.3601470345139659,-1.2227360038298576
106.5,163.66189752899982,3.7929197395945784,-0.3539321226737242,-0.9877360047129279
107.001,164.53197296999997,3.8018228991436844,-0.3626151999653333,-0.7054517950966193
107.5,165.38454670300007,3.8181987901706043,-0.40652107687768424,-0.6036296906116279
108.0,166.25724227299997,3.929646505682286,-0.4659754645461136,-0.45338323323552365
108.5,167.12029209699995,4.044119195436477,-0.5250949562628696,-0.37292915556033185
109.0,167.9937697229998,4.143094072172102,-0.566869490631601,-0.3073791565557534
109.5,168.867629028,4.275637106481336,-0.622830331484737,-0.21795810481671948
110.0,169.7390436830001,4.419334705037864,-0.6511755735107541,-0.12245810569483032
110.5,170.606824985,4.5643638539103755,-0.6688354561420047,-0.07351073814349153
111.0,171.4937965549998,4.669342016004238,-0.6914811455712249,0.0129892610061996
111.5,172.36731249900004,4.789024616646887,-0.6841197053966417,0.07693662858408729
112.0,173.1843881650002,4.796864150071478,-0.6834899173592137,0.08222294426703518
112.5,174.0343306220002,4.775483346583894,-0.7162859783363235,0.31542294346286526
113.0,174.87537544299994,4.761591245805592,-0.7271026526978438,0.5679229425784015
113.5,175.7328177610002,4.764594552560554,-0.7431496115275146,0.7279229417326667
114.0,176.58085669899992,4.792968249257873,-0.7417666353259418,0.9504229409257583
114.5,177.4433415970002,4.746690571357655,-0.7444497484758723,1.100422940081181
115.0,178.30133134300013,4.746690571355687,-0.7444497484798833,1.1316229400025677
115.5,179.121935356,4.746690571355687,-0.7444497484798833,1.1316229400025677
116.0,179.9592663630001,4.746690571355687,-0.7444497484798833,1.1316229400025677
116.5,180.88526542499994,4.746690571355687,-0.7444497484798833,1.1316229400025677
117.0,181.73846718200002,4.719045440759004,-0.7407421072513958,1.090372940002568
117.5,182.60014667799987,4.723830255842073,-0.7319269397729014,1.0594973848647709
118.0,183.45260419199985,4.797373286477254,-0.6789792908873165,0.8805927500167662
118.5,184.34195459600005,4.882772821799137,-0.5874482077803613,0.7777243297754233
119.0,185.22907505700005,4.975988941163998,-0.5050571735323892,0.6878822253225618
119.5,186.0892488479999,5.100441313756875,-0.41577252494387307,0.6020138050966244
120.0,186.94322802199986,5.1903253856655684,-0.34510573717024673,0.5520138059469901
120.5,187.8481769529999,5.295145969752141,-0.2847099453838543,0.48257246236342666
121.0,188.7241412389999,5.411445993171254,-0.21770236858918213,0.4174672000861775
121.5,189.59322139999995,5.524705818136925,-0.17053652632267174,0.35280930622460027
122.0,190.48185870899988,5.601184793099288,-0.13738769772738074,0.29339990368073754
122.5,191.32872318699992,5.596099502706441,-0.13070698269192887,0.3158577984654521
123.0,192.21030752800016,5.576796398479068,-0.13323776746587118,0.06015779926745695
123.5,193.0946222739999,5.59711516718774,-0.08581782156155385,-0.17984219987057715
124.0,193.95868774600012,5.615213612127004,-0.07345931658855742,-0.44234219898329535
124.5,194.80852407300017,5.604886838912578,-0.05390202225164287,-0.633273570659378
125.0,195.68976797200003,5.594962325073389,-0.04575755343293042,-0.8598421972870455
125.5,196.5505800609999,5.598978402309983,-0.040160134066032915,-0.7891421972131919
126.0,197.4569399930001,5.598978402309983,-0.040160134066032915,-0.7891421972131919
126.5,198.3294395150001,5.598978402309983,-0.040160134066032915,-0.7891421972131919
127.0,199.16967674299985,5.598978402309983,-0.040160134066032915,-0.7891421972131919
127.5,200.03550529299991,5.598978402309983,-0.040160134066032915,-0.7891421972131919
128.001,200.88905196099995,5.605874700546053,-0.04731316843476163,-0.812614196939736
128.5,201.77915056599977,5.67571440538949,-0.1288261142175895,-0.8554826172083957
129.0,202.66826512599982,5.760481162638846,-0.22411644435053613,-0.8838720898870897
129.5,203.57257982700003,5.843391577560244,-0.3039097975128122,-0.9506268258561602
130.0,204.45564566199982,5.903053512203064,-0.38544253676466744,-1.0083436671431971
130.5,205.3422264400001,5.942971037072125,-0.3935605486764451,-0.9945278775821499
131.0,206.22775929299996,5.956736971366049,-0.39070705571778097,-0.7488278783246638
131.5,207.08788373400012,5.945501304209696,-0.39240332604265604,-0.5063278791370812
132.0,207.98199747599983,5.934974397235161,-0.395058463005739,-0.36632787999657285
132.5,208.88370017499983,5.940976016499243,-0.39221965807914866,-0.1338278808870125
133.0,209.76714244599998,5.9456326970107085,-0.42176914973695906,0.06617211824221576
133.5,210.61379606699984,5.945562252898498,-0.45494481367363654,0.0642721181708872
134.0,211.47956898699977,5.945562252898498,-0.45494481367363654,0.0642721181708872
134.5,212.3677202240001,5.945562252898498,-0.45494481367363654,0.0642721181708872
135.0,213.21549658899994,5.945562252898498,-0.45494481367363654,0.0642721181708872
135.5,214.05770570899995,5.945562252898498,-0.45494481367363654,0.0642721181708872
136.0,214.9045831039998,5.9493520429288935,-0.4547629010306253,0.031721007563537074
136.5,215.78068552100012,5.967530722215291,-0.45642122118323614,-0.23707657320336348
137.0,216.6718726260001,6.025426732128986,-0.4240469111606442,-0.4321026212721645
137.5,217.54212394900014,6.036177892321721,-0.44117264313240434,-0.49882619901183395
138.0,218.40747341299993,6.036177892321775,-0.4411726431324394,-0.49882619901220865
138.501,219.3004131859998,6.033898502493528,-0.43531137062287567,-0.7727261981587624
139.0,220.22707913800014,6.013108904443932,-0.42893727883663557,-0.8927261974319913
139.5,221.12243820799995,6.039573150655474,-0.4297432396130145,-1.1102261966019484
140.0,222.0182570920001,6.052746889062978,-0.42400625678169956,-1.2652261957238984
140.5,222.90632009699993,6.100014065408748,-0.4271819075938299,-1.5027261948346293
141.0,223.7732856040002,6.122221504505637,-0.4283152003433668,-1.4964261947590085
141.5,224.63365078100014,6.122221504505637,-0.4283152003433668,-1.4964261947590085
142.0,225.48877104599978,6.122221504505637,-0.4283152003433668,-1.4964261947590085
142.5,226.35113800499994,6.122221504505637,-0.4283152003433668,-1.4964261947590085
143.0,227.2249203870001,6.122221504505637,-0.4283152003433668,-1.4964261947590085
143.5,228.12247600599994,6.122221504504548,-0.4283152003310926,-1.4632884174739578
144.0,229.03251785500015,6.103777336945425,-0.428070253831601,-1.200027025332994
144.5,229.92497367299984,6.092753470925325,-0.42934350466441495,-0.9750270262126046
145.0,230.81577443100014,6.072703555771218,-0.4325052835042744,-0.7075270270429361
145.5,231.71271681000007,6.073276289489734,-0.4237712962906106,-0.56627702785745
146.0,232.63666432399987,6.0808945915809725,-0.43182073902869705,-0.30877702872360907
146.5,233.526769865,6.079790877637014,-0.4530318131609358,-0.12752702961465132
147.0,234.44577907099983,6.080566375516305,-0.476251317008304,0.16497296952147322
147.5,235.35605948800003,6.067159505358017,-0.5199101279168048,0.40997296863564997
148.0,236.25570381599982,6.063552953586877,-0.5317470145204924,0.6924729677631962
148.5,237.16170397299993,6.042851037331284,-0.5222637774716641,0.8586650722244403
149.0,238.09113472799982,6.051131663074461,-0.49811991836024583,1.0312224397612697
149.5,239.00457703199982,6.077755911411023,-0.49037864738172976,1.1520473897439258
150.0,239.9073516630001,6.111203327347564,-0.4235290777834053,1.2757179148825564
150.5,240.82759023000017,6.1621266125294065,-0.3053605061082765,1.320923761640828
151.0,241.74269405699988,6.208330615018314,-0.18309670354525265,1.3685965880734552
151.5,242.65110330700008,6.2209734269692625,-0.06013089157870777,1.371064260406946
152.0,243.57891311599997,6.22910664692767,0.0716083928843636,1.3069589980808356
152.5,244.48748411299994,6.240248921737148,0.19981846282472882,1.2473400517085658
153.0,245.42656068899987,6.269378820932973,0.30479979114687117,1.1231284737229887
153.5,246.3426920349998,6.329660486552334,0.42369520536609473,1.142525385295241
154.0,247.24930879600015,6.333973364289026,0.43312359227408503,1.1408048210905644
154.5,248.1711093089998,6.309558781374626,0.43480767684748134,1.3859048202925757
155.0,249.08077918900017,6.352912240058778,0.43690144716113366,1.6059048194203673
155.5,249.98835376299985,6.378227613289198,0.4362858538025809,1.883404818545303
156.0,250.89531941799987,6.388763756916427,0.43847665019640836,2.0834048176594973
156.5,251.81611510099992,6.4147173843259075,0.4383432975348467,2.3009048168089925
157.0,252.72687840800018,6.415521866925063,0.4405197486810062,2.275204816733156
157.5,253.61353359399982,6.415521866925063,0.4405197486810062,2.275204816733156
158.0,254.49597154100002,6.415521866925063,0.4405197486810062,2.275204816733156
158.5,255.35427243799995,6.415521866925063,0.4405197486810062,2.275204816733156
159.0,256.24220552999986,6.415521866925063,0.4405197486810062,2.275204816733156
159.5,257.2187628920001,6.415521866942463,0.4405197486600092,2.2453310393725228
160.0,258.2926951290001,6.397548732159498,0.4741394584603391,1.983231749360645
160.5,259.39612257199997,6.370444727480775,0.5415432514722909,1.6882552487292852
161.0,260.4854392430002,6.3250593862107145,0.5362189499371759,1.4832552496006997
161.5,261.5794315049998,6.302514593808704,0.5530588848134332,1.1723447242232687
162.0,262.6683287149999,6.303856242452441,0.6374764768210335,0.9404663392743187
162.5,263.7242166709998,6.38255953169516,0.7224428542824435,0.79187366969483
163.0,264.7223044970001,6.461090673028985,0.8180214761293839,0.6718192462796289
163.5,265.67902973499986,6.536596141585244,0.8736056632022575,0.48554727777183854
164.0,266.6155097259998,6.595378997540908,0.906407865873902,0.45138805070374655
164.5,267.541225596,6.65559594085518,0.9314647572513228,0.4010820867290811
165.0,268.4791949979999,6.678298891533959,0.9585973527291967,0.32189787709060963
165.5,269.40891680999994,6.689375220538063,0.9670895403678235,0.2517073518130558
166.0,270.3567980309999,6.73156839233972,0.9791752007566987,0.19704945794045517
166.5,271.30174674399996,6.739453585736578,0.9898676158295108,0.14738874176706063
167.0,272.2545152839998,6.75039483695098,1.0018251903970197,0.1026963799191618
167.5,273.20456072199977,6.757030813096549,1.0010702251753605,0.12267006389522934
168.0,274.18452798499993,6.777132381546337,1.0036482340758286,0.11816269550745259
168.5,275.163905421,6.775449787837782,1.0059664426946757,0.07406690706057234
169.0,276.109049359,6.782495642015868,1.0137329239510313,0.050691469367129934
169.5,277.04753175199994,6.794544334340824,1.0132879894762155,-0.0582166969869123
170.0,278.0511736079998,6.804759593471559,1.0451663855870672,-0.30350340317693697
170.5,279.11776253900007,6.842192032911555,1.0542495011577633,-0.5399197966366828
171.0,280.11339788299983,6.847872744182981,1.0455243377968326,-0.632307339340685
171.5,281.05415360000006,6.845117614839161,1.051685855616016,-0.6124394989291886
172.0,282.0564922839999,6.851477074959005,1.0472031117396008,-0.8519394981912506
172.5,283.0016900290002,6.8484676696735285,1.0573613183148756,-1.00693949737658
173.0,283.9943813499999,6.8453753298960525,1.0595966709720352,-1.2344394965115615
173.5,284.939159219,6.831406783738727,1.0635486276886885,-1.461939495620438
174.0,285.8791098319998,6.841822994140459,1.0598887186422083,-1.6669394947536953
174.5,286.8248099809998,6.847103199595237,1.0601083150989794,-1.6756394946791957
175.0,287.75704733400016,6.847103199595237,1.0601083150989794,-1.6756394946791957
175.5,288.682589342,6.847103199595237,1.0601083150989794,-1.6756394946791957
176.0,289.5920139619998,6.847103199595237,1.0601083150989794,-1.6756394946791957
176.5,290.531849814,6.847103199595237,1.0601083150989794,-1.6756394946791957
177.0,291.47980423599984,6.8471031995938745,1.0601083150837876,-1.6411950507416453
177.5,292.44766038499984,6.882701558363687,1.0031950500892468,-1.3607392912938931
178.0,293.41761591700015,6.861753011414368,0.9180333032280088,-1.1140985082871504
178.5,294.37779197500004,6.877450016860052,0.9199894701085327,-0.9033036948081217
179.0,295.37674331000017,6.886153743050322,0.9010039845787532,-0.7906916335204676
179.5,296.35815741099987,6.949984011032605,0.8380832674597896,-0.6904590028953451
180.0,297.3019058529999,7.030535308042661,0.8103914932526153,-0.6296932333072051
180.5,298.2540535779999,7.043776091333514,0.7869637165555688,-0.6106004732118616
181.0,299.2170809959998,7.062240513968803,0.7699089379908883,-0.5148376083346416
181.5,300.15828317900014,7.078490639688777,0.7538487981059472,-0.4469591602773036
182.0,301.1061748819998,7.136359413880419,0.7404492065634672,-0.4094923775435202
182.5,302.03026057199986,7.151113335596383,0.737511697043758,-0.35167494139347144
183.0,303.08841224299977,7.154209123263275,0.7362405155849655,-0.4179361242733522
183.5,304.026019549,7.144563184056542,0.7360672013043145,-0.4835670005225332
184.0,304.9690640409999,7.153921372011107,0.7312457951839778,-0.4656008720781841
184.5,305.94204631599996,7.167306439682797,0.7244660480848247,-0.4779924505377621
185.0,306.92992177099995,7.205969337557618,0.70685989755944,-0.4742292923658023
185.5,307.9100934510002,7.260521906434629,0.6789369176446906,-0.462020130563599
186.0,308.84186562900004,7.391958066199869,0.6223355047488298,-0.4938622351808125
186.5,309.82726680299993,7.510097566704598,0.5713146475745143,-0.5000246908533158
187.0,310.788767303,7.541260794325302,0.5547332834652143,-0.49752469085426143
187.5,311.7509373990001,7.542419029275834,0.5570889207617276,-0.24242469164573927
188.0,312.7026305720001,7.535716787884442,0.556502034300451,0.010075307468723184
188.5,313.6555467029998,7.547561187251907,0.5231780470924203,0.23007530660498218
189.0,314.5967026190001,7.522690012104668,0.4791775427405394,0.450075305716635
189.5,315.5459627229998,7.5287759215532155,0.45719773794742313,0.7075753048504193
190.001,316.452318954,7.538433482186132,0.45109087895378,0.6562753047740714
190.5,317.3622210499998,7.538433482186132,0.45109087895378,0.6562753047740714
191.0,318.25580619599987,7.538433482186132,0.45109087895378,0.6562753047740714
191.5,319.17301488500016,7.538433482186132,0.45109087895378,0.6562753047740714
192.0,320.1004216629999,7.538433482186132,0.45109087895378,0.6562753047740714
192.5,321.00412400999994,7.5384334821726915,0.4510908789435979,0.6384353050252792
193.0,321.91680816300004,7.548733045822948,0.4506597334086584,0.41647437284240046
193.5,322.8359486139998,7.553777252190837,0.47425469116287144,0.20951674360797265
194.0,323.74713424799984,7.655821106152015,0.49480740125988587,-0.08728951915951379
194.5,324.6817628929998,7.730073845395744,0.512756552001804,-0.32549057090362193
195.0,325.612538374,7.847742569604808,0.49471963860277374,-0.48481909330513584
195.5,326.57094929100003,7.932613408313525,0.45247918145343324,-0.5510742382239961
196.0,327.5266170730001,8.03185928238471,0.37996920566847403,-0.5508505534039617
196.5,328.463978281,8.124299317305809,0.31845448848396385,-0.5516137110283206
197.0,329.38631759400005,8.213605943073363,0.25619244521191353,-0.5496400266358182
197.5,330.31294167999977,8.340494484905156,0.19139318244896775,-0.5247351148920083
198.0,331.2224081049999,8.445452444991538,0.1338992935425083,-0.49285862454702
198.5,332.10202811199997,8.451016867123629,0.13091113985594283,-0.4928052912821132
199.0,333.01065867299985,8.458542570136476,0.13688590227191066,-0.7379052905160963
199.5,333.91258797599994,8.465986098236428,0.13351345427661676,-0.8829052897072441
200.0,334.8224401379998,8.459800671713923,0.13278528456271665,-1.0904052888726676
200.5,335.726355064,8.458003519572197,0.13253715928604715,-1.2754052879914923
201.0,336.630401289,8.475093239388572,0.14018466659595274,-1.5129052871039623
201.5,337.49848555100016,8.479334759890182,0.13975057313179295,-1.5166052870292925
202.0,338.3371550349998,8.479334759890182,0.13975057313179295,-1.5166052870292925
202.5,339.18509460999985,8.479334759890182,0.13975057313179295,-1.5166052870292925
203.0,340.054090053,8.479334759890182,0.13975057313179295,-1.5166052870292925
203.5,340.92153559400003,8.479334759890182,0.13975057313179295,-1.5166052870292925
204.0,341.78387258500015,8.479334759889252,0.13975057314548334,-1.485496398550477
204.5,342.73017867399994,8.491755787443568,0.13420781137097704,-1.219387367166222
205.0,343.62042570699987,8.518506687832398,0.05533175080009611,-0.965234561052851
205.5,344.5136677720002,8.569296249984594,-0.04294902443702808,-0.8391271935768001
206.0,345.38508949200013,8.670483821567016,-0.13593422996601268,-0.7597442708108296
206.5,346.27821994399983,8.771708170490019,-0.20866436278494183,-0.6052737455683509
207.0,347.1902467330001,8.864098871760964,-0.28606605788712036,-0.5196158516730655
207.5,348.0753809789999,8.9692984227517,-0.3571741277175593,-0.4754579578053861
208.0,348.9656335919999,9.094801218703372,-0.415508524481742,-0.3723790113192941
208.5,349.8570199679998,9.226156845865418,-0.4683917699978687,-0.3041158543155954
209.0,350.756234298,9.3426255643388,-0.5044020768630995,-0.22030006571949884
209.5,351.61813826299976,9.364854829349646,-0.5131042140873052,-0.23427375001642683
210.0,352.5116334549998,9.345366356816573,-0.510529553925459,0.022026249187477878
210.5,353.4041872439998,9.384782196988438,-0.5590359161957048,0.2670262483186914
211.0,354.28519090300006,9.370521431380013,-0.5777393975551139,0.5095262474311281
211.5,355.155577344,9.368494856606405,-0.5880876605051464,0.6995262465727266
212.0,356.07218500199997,9.374931650290998,-0.5941915786284566,0.9070262457629134
212.5,356.92716059199984,9.365874937751903,-0.5962077565533748,0.8813262456875771
213.0,357.789578293,9.365874937751903,-0.5962077565533748,0.8813262456875771
213.5,358.63223280400007,9.365874937751903,-0.5962077565533748,0.8813262456875771
214.0,359.46599668499994,9.365874937751903,-0.5962077565533748,0.8813262456875771
214.5,360.34668786500015,9.365874937751903,-0.5962077565533748,0.8813262456875771
215.0,361.1969647709998,9.372922929124114,-0.5879599288955073,0.8490729127764567
215.5,362.0588032740002,9.436070297789557,-0.5334018776500371,0.6055618797536728
216.0,362.93239753499984,9.526672688102826,-0.4718685691848292,0.4161514714853797
216.5,363.79292788600014,9.598438694458622,-0.4284529608073748,0.3461300283660527
217.0,364.6451441170002,9.732150883140314,-0.3624573517653473,0.28869700800224396
217.5,365.5021981509999,9.833446080357653,-0.3220387000121048,0.25184050956283266
218.0,366.3710946739998,9.97330700492366,-0.2868674339319388,0.28770822011288427
218.5,367.2750172020001,10.102542244810323,-0.24941095761001553,0.32935020785442204
219.0,368.12231505,10.218898015778624,-0.21345236234597698,0.3797346905074014
219.5,368.97942365400013,10.32509350650346,-0.17380220388598677,0.46130416333439067
220.0,369.79275727999993,10.330463061103327,-0.16648752489847563,0.44005188248433486
220.5,370.6522121060002,10.342228348961193,-0.17087026855220688,0.19375188328548035
221.0,371.5114767690002,10.325004491908684,-0.13634902980856436,-0.03124811583885095
221.5,372.3516429639999,10.3346834550861,-0.12106301098086697,-0.30874811496717824
222.0,373.19951207099984,10.328927886302198,-0.077931301150304,-0.5237481140803569
222.5,374.06041555499996,10.342714356856554,-0.07828299226377722,-0.7662481132259662
223.0,374.87395599599995,10.343204778103901,-0.07016857265391185,-0.7249481131515383
223.5,375.69845659500015,10.343204778103901,-0.07016857265391185,-0.7249481131515383
224.0,376.5206636859998,10.343204778103901,-0.07016857265391185,-0.7249481131515383
224.5,377.336581948,10.343204778103901,-0.07016857265391185,-0.7249481131515383
225.0,378.1370018759999,10.343204778103901,-0.07016857265391185,-0.7249481131515383
225.5,378.953171911,10.343204778080533,-0.07016857263376819,-0.6921081136040867
226.0,379.7976508329998,10.312893097925826,-0.060591041971486126,-0.4180393323977561
226.5,380.652303072,10.333871095289211,-0.07683595421236056,-0.21803933328500968
227.0,381.4766071419999,10.35601240170995,-0.0970621249935508,0.05997382373527987
227.5,382.31226402899983,10.388778833195802,-0.13319747730403297,0.2982411912815989
228.0,383.1339144839999,10.514421818032686,-0.09126792985088683,0.5322832956644392
228.5,383.971504396,10.59648068061743,-0.06354687831618522,0.677433294803273
229.0,384.8213166129999,10.713553921735468,0.016344751788394563,0.9118180307714925
229.5,385.64434450399995,10.794883913906911,0.11828417452500606,1.0633032695569637
230.0,386.4923954589999,10.867116116281725,0.2133070007737934,1.1464190580519724
230.5,387.3458697410001,10.92454235729887,0.3080582252352624,1.2216695833744071
231.0,388.190326465,10.966611654116711,0.38924218510479713,1.2329676330964683
231.5,388.9998357469999,10.96537264800045,0.3904099975820512,1.225467633095276
232.0,389.84424122300015,10.970816138342098,0.39166015873173965,1.469367632296667
232.5,390.665406481,10.976937360723472,0.38756068293048784,1.7268676314343105
233.0,391.5095438049998,10.975610160927245,0.39541486908858925,1.9718676305485179
233.5,392.344717298,11.006409985266167,0.39156276756838615,2.2243676296715766
234.0,393.1727864899999,11.0240723909501,0.39591811690989864,2.394367628842799
234.5,393.9898629969998,11.011994457147882,0.39350405495700347,2.3424676287715984
235.0,394.80493746799993,11.011994457147882,0.39350405495700347,2.3424676287715984
235.5,395.6135501929998,11.011994457147882,0.39350405495700347,2.3424676287715984
236.0,396.40747836399987,11.011994457147882,0.39350405495700347,2.3424676287715984
236.5,397.2152109660001,11.011994457147882,0.39350405495700347,2.3424676287715984
237.0,398.04131786300013,11.011994457151928,0.39350405495273844,2.31036540698231
237.5,398.9622235490001,11.045391705090822,0.38361134542759245,2.1197944186875466
238.0,399.8048040049998,11.03897491588321,0.3904812430859783,1.8672944195615944
238.5,400.7509320690001,11.033391862504924,0.3965763406862477,1.6622944204511323
239.0,401.5665207860002,10.999166438690654,0.3965234908231059,1.364794421314324
239.5,402.44006198399984,10.966209928245014,0.3814501194999034,1.124794422201926
240.0,403.265658367,10.950793110553176,0.38210580503117075,0.8822944230672218
240.5,404.10293447799995,10.939151722203189,0.3984735444447156,0.7132128449726869
241.0,404.9486011539998,11.03041810717097,0.46315804923623505,0.5597647757020578
241.5,405.7952065469999,11.17707977280849,0.5307197113321288,0.4784454785027537
242.0,406.65251041500005,11.287708330368712,0.5918501729495517,0.3625630233738309
242.5,407.52908839300017,11.388919953627969,0.6341859148234796,0.24764197163292495
243.0,408.3735653230001,11.543271853289225,0.6817879819852923,0.14969460410217844
243.501,409.2218419740002,11.67847421508798,0.7065053513141946,0.04932618390929854
244.0,410.0949736309999,11.803430738188958,0.7265863403872789,-0.05122644682157704
244.5,410.961517578,11.92007735184228,0.7257903546246001,-0.09638283412155496
245.0,411.79366028899994,11.92523627050495,0.725282840600117,-0.09633381451565085
245.5,412.64129157900015,11.924850010669438,0.7326864318082321,-0.35143381371223303
246.0,413.47111345099984,11.901742022636581,0.7532089675522213,-0.6339338127418392
246.5,414.34623476199977,11.918512542464471,0.7717952592807418,-0.7839338119843051
247.0,415.2104526359999,11.928310919000293,0.7704980920325797,-1.0114338111774286
247.5,416.0627329580002,11.912343869777738,0.7809205412670996,-1.156433810331325
248.0,416.91380769499983,11.906567432454818,0.7837728532148063,-1.105733810250918
248.5,417.74482556700013,11.906567432454818,0.7837728532148063,-1.105733810250918
249.0,418.565579997,11.906567432454818,0.7837728532148063,-1.105733810250918
249.504,419.3945306129999,11.906567432454818,0.7837728532148063,-1.105733810250918
250.0,420.215212821,11.906567432454818,0.7837728532148063,-1.105733810250918
250.5,421.059708153,11.911079467194078,0.7751338780692754,-1.0761738106588603
251.0,421.9225667400001,11.942658147373626,0.710670981606015,-0.8686752418175636
251.5,422.7923826450001,12.007151520790575,0.6264305137971182,-0.688288225222136
252.0,423.678123401,12.13389091033276,0.5418426491591619,-0.5616367491923703
252.5,424.55117983499986,12.214865774322442,0.4783387760925246,-0.436355433954979
253.0,425.42172458799996,12.337911113063512,0.4076985068984116,-0.3771348571451609
253.5,426.29004551900016,12.456278705538493,0.367155011708892,-0.3471240295543689
254.0,427.17566321999993,12.57376960746845,0.31449155912783167,-0.35701876623074835
254.5,428.07267044399987,12.680833671193998,0.270662538506355,-0.3499398190180503
255.0,428.92567588600014,12.804546507349425,0.21950682840648117,-0.3463082403462759
255.5,429.777492747,12.814879605043936,0.21579368624168382,-0.34393981937275786
256.0,430.6287424689999,12.826153493655065,0.22034361931518454,-0.09823982017425271
256.5,431.48761603599996,12.807176669239073,0.20709118456179715,0.16926017896324894
257.0,432.3521249820001,12.815847941646048,0.16854301652185666,0.4142601780775095
257.501,433.2223996590001,12.815085042216968,0.1300388645223951,0.6292601771150046
258.0,434.0765230850002,12.807967123133578,0.12979082252869234,0.841760176371754
258.5,434.9347385780002,12.836038582672089,0.12234850310869883,0.7910601762973486
259.0,435.784930153,12.836038582672089,0.12234850310869883,0.7910601762973486
259.5,436.6107309600002,12.836038582672089,0.12234850310869883,0.7910601762973486
260.0,437.44142750699984,12.836038582672089,0.12234850310869883,0.7910601762973486
260.5,438.26128678899977,12.836038582672089,0.12234850310869883,0.7910601762973486
261.0,439.11251856499985,12.844591794675445,0.13072687343410072,0.761957018681552
261.501,439.9826666590002,12.926572614580044,0.2009359660075476,0.6545622826309366
262.0,440.8667675460001,12.992026510820061,0.2790439922476202,0.6203517571473242
262.5,441.76165875000015,13.137419455025604,0.3565007891960148,0.582009652724603
263.0,442.6425008030001,13.226670135756498,0.4277266663095889,0.5489352940050103
263.5,443.50128154000004,13.280289572423534,0.4825182659181386,0.5297199728046453
264.0,444.37207614499994,13.344214296954355,0.513555630448731,0.4204369359894199
264.5,445.25740069999983,13.440329653955116,0.548595631440403,0.3822343641377981
265.0,446.12995233599986,13.484818663364495,0.5652538497844977,0.33258038774688864
265.5,446.9876529439998,13.47032313811642,0.5724814905617013,0.34429142361268905
266.0,447.87370586999987,13.481707436254798,0.5779639246428884,0.09859142441557099
266.5,448.75693886399995,13.473158060892835,0.6144383978549595,-0.1364085747213926
267.0,449.6324163180002,13.471553069958226,0.6367291591124553,-0.398908573836759
267.5,450.4966930290002,13.464536044763463,0.6603765053794384,-0.6139085729581215
268.0,451.37146066700006,13.452740348548698,0.6649517458017398,-0.8214085721260528
268.5,452.2085081639998,13.464708291288426,0.675937783681893,-0.7975085720470568
269.0,453.05093160900014,13.464708291288426,0.675937783681893,-0.7975085720470568
269.5,453.892016065,13.464708291288426,0.675937783681893,-0.7975085720470568
270.0,454.74271267799986,13.464708291288426,0.675937783681893,-0.7975085720470568
270.5,455.5663435390002,13.464708291288426,0.675937783681893,-0.7975085720470568
271.0,456.41810785300004,13.464708291288426,0.675937783681893,-0.7975085720470568
271.5,457.270907478,13.469808829773214,0.6705848303906077,-0.8186419051029122
272.0,458.15436955199993,13.531906746546083,0.5815061298472552,-1.0609057853848343
272.5,459.046120597,13.607494840845048,0.47233060168918506,-1.2730636792400398
273.0,459.93317036100007,13.629260262412043,0.3459077069800047,-1.494146913947773
273.5,460.8178364659998,13.686859148321904,0.22983055100909233,-1.6662114744163887
274.0,461.71948026300015,13.68161890670406,0.09733990552133331,-1.840682701603093
274.501,462.6009647860001,13.674478602870384,-0.011372409732151034,-1.9855055358320464
275.0,463.4953742439998,13.628495010886354,-0.09758058544410009,-2.1066512735702876
275.5,464.3640163519999,13.609986606427231,-0.15208330279211602,-2.1628393941348554
276.0,465.24131702900013,13.573851719001091,-0.22725597240100992,-2.193210333531911
276.5,466.1343128819999,13.506520963049457,-0.2993221957800394,-2.1604696027947874
277.001,467.0291014889999,13.453264225503922,-0.374491216300723,-2.133127498157713
277.5,467.9053109380002,13.444479312416693,-0.365499256975502,-2.1406274981584796
278.0,468.796183679,13.41862425859556,-0.3677673187730903,-1.8943274989471872
278.5,469.68580780599996,13.405146108697842,-0.37296480743010285,-1.676827499838236
279.0,470.562725583,13.358635224399407,-0.3747136763300505,-1.441827500701188
279.5,471.45460979400013,13.321905143640091,-0.3716196440035855,-1.2068275015856116
280.0,472.3445226650001,13.310899152650443,-0.37730806422576446,-0.9543275024646501
280.5,473.203850244,13.30336485355312,-0.36857276741949985,-0.9956275025428193
281.0,474.07767146100014,13.30336485355312,-0.36857276741949985,-0.9956275025428193
281.5,474.95707204400014,13.30336485355312,-0.36857276741949985,-0.9956275025428193
282.0,475.82199720000017,13.30336485355312,-0.36857276741949985,-0.9956275025428193
282.5,476.67479090300003,13.30336485355312,-0.36857276741949985,-0.9956275025428193
283.0,477.5284013370001,13.303364853566077,-0.36857276743888967,-0.9610230585938158
283.5,478.41940656999986,13.296276969238624,-0.3678507232177335,-0.7699202642560283
284.0,479.2904798909999,13.309829170882857,-0.3711412106558516,-0.5316069319558997
284.5,480.2049124559999,13.315828167773443,-0.3841774955593138,-0.38910034942245597
285.0,481.12828125099986,13.318183413758783,-0.387772080551145,-0.28959076217558455
285.5,482.04140395800005,13.329005645274481,-0.39532686066624323,-0.11810909191802463
286.0,482.94643237599985,13.40826521731537,-0.4226787136751545,-0.026996473010774787
286.5,483.8634533149998,13.541160855384941,-0.4470678380289932,0.029965631337003105
287.0,484.7511479220002,13.6331373418753,-0.43880363793643307,0.14645681879150926
287.5,485.63724151999986,13.688599765463835,-0.443162922547586,0.22523131999086488
288.0,486.5171069570001,13.75758959333826,-0.437199740138452,0.31110783641354
288.5,487.4285809889998,13.805096563413514,-0.4290717922100564,0.4147969449744566
289.0,488.3524140190002,13.824364502568606,-0.4319504832629125,0.49471764580714134
289.5,489.2341946060001,13.82945298130381,-0.43487545550754425,0.6015635476669537
290.0,490.141807858,13.84532482604137,-0.43115199775929547,0.6877715071412692
290.5,491.04364677600006,13.8610464871811,-0.41583482353845946,0.742210138488629
291.0,491.95167417599987,13.857747991140004,-0.4224300284145661,0.90802256597764
291.5,492.83219039000005,13.856309254850553,-0.4240628510030846,0.9067240796741577
292.0,493.73007666500007,13.858333573971288,-0.42573397858040307,0.6899828661784679
292.5,494.63227260099984,13.855669033363206,-0.426809264614306,0.637901550984256
293.0,495.53884997700015,13.85566903339658,-0.4268092645881736,0.6984555920816999
293.5,496.4383435049999,13.856002669584113,-0.4172146184467058,0.656631286157392
294.0,497.3534260000001,13.847584353810657,-0.41930956719521495,0.46903950313021386
294.5,498.27726300099994,13.876187250182776,-0.4137350276465459,0.5067645600566518
295.0,499.1891952249998,13.876187250206788,-0.4137350276322287,0.5799300267267854
295.5,500.1076451949998,13.858206431026263,-0.4226719049011505,0.6812466051341611
296.0,500.99730126199984,13.858206431067876,-0.42267190486613226,0.7308631348604224
296.5,501.9172745159999,13.87380719689765,-0.42745431310392323,0.6749894485514315
297.0,502.81960738099997,13.873807196915365,-0.4274543130890667,0.7122238888612313
297.5,503.71542700300006,13.860621027973828,-0.4139653289069223,0.8709929724467171
298.0,504.6298233870002,13.861538832845852,-0.4160105071874076,0.7341355261321815
298.5,505.5469989359999,13.854833347126473,-0.4193973728049638,0.5157215478131987
299.001,506.4769871379999,13.867952693671613,-0.4184021573287662,0.5955669005127958
299.5,507.37745405099986,13.876365468755376,-0.4163114033155919,0.6965114619280257
300.0,508.286809964,13.876365468730308,-0.41631140333571404,0.6427616182956928
300.5,509.21220292,13.87543278216739,-0.41504226616174433,0.42795410097472925
301.0,510.1145703689999,13.861230195064211,-0.4156326136851336,0.4984369788932185
301.5,511.17272115700007,13.871496354023204,-0.41608514463922486,0.5855809785406081
302.0,512.2243154409998,13.867599111125353,-0.4104826431550137,0.6502743835749065
302.5,513.4183252879998,13.883436590586612,-0.4150743210635994,0.6674069164513055
303.0,514.3815795229998,13.86178580080871,-0.41303338294878467,0.6934527759452254
303.5,515.3384507400001,13.861785800794069,-0.41303338296093717,0.6694882956834519
304.0,516.2787005989999,13.861785800799446,-0.4130333829570141,0.6890337345544933
304.5,517.2427668229998,13.861785800792546,-0.41303338296270375,0.6861916293792689
305.0,518.1413166369998,13.861785800792546,-0.41303338296270375,0.6861916293792689
305.5,519.0402847249998,13.861785800792546,-0.41303338296270375,0.6861916293792689
306.0,519.928885503,13.861785800792546,-0.41303338296270375,0.6861916293792689
306.5,520.8216684559998,13.861785800792546,-0.41303338296270375,0.6861916293792689
307.0,521.7179203830001,13.861785800792546,-0.41303338296270375,0.6861916293792689
307.5,522.6389826499999,13.861785800814355,-0.41303338294429537,0.7199249622492395
308.0,523.5877535750001,13.852476336236393,-0.413062677241538,0.93480779233161
308.5,524.5338549789999,13.849706698756373,-0.4201523493526116,1.2103991178134625
309.0,525.4641965430001,13.855754892096485,-0.38372278915593494,1.3633630732757314
309.5,526.3991598409998,13.893931576159908,-0.29663812502844245,1.5724584394757315
310.0,527.345714258,13.894733552159309,-0.1747018918456238,1.9105868948495253
310.5,528.2706430090002,13.876176030409964,-0.06331111479121887,2.0407017849314486
311.0,529.237773933,13.848782040353658,0.047685029421285385,1.9179393701509562
311.5,530.1868213449998,13.819736159740017,0.16952239138121428,1.7505618652871395
312.0,531.1623010819999,13.76260407167132,0.2940702435596094,1.6887799828004968
312.5,532.141703493,13.750197946016689,0.40932625831692704,1.508926124693523
313.0,533.0747097369999,13.732961087258843,0.4066834370349488,1.506413493341279
313.5,534.02098647,13.735572284050555,0.396414761419952,1.2501134941453171
314.0,534.995103152,13.690400644699809,0.4112529583409339,1.025113495031659
314.5,535.9647976729998,13.710750255457047,0.4050359643498016,0.7826134958831563
315.0,536.8901407610001,13.713924684796506,0.4037442582013009,0.632613496690847
315.5,537.8304209339999,13.704437748789324,0.4099797783934327,0.41511349752923665
316.0,538.7427265759998,13.703599750406568,0.4128590487503666,0.47641349760751134
316.5,539.7153950809998,13.703599750406568,0.4128590487503666,0.47641349760751134
317.0,540.6835523750001,13.703599750406568,0.4128590487503666,0.47641349760751134
317.5,541.597870827,13.703599750406568,0.4128590487503666,0.47641349760751134
318.0,542.5454783199998,13.703599750406568,0.4128590487503666,0.47641349760751134
318.5,543.5997481320001,13.70359975039132,0.4128590487427548,0.44309794253935714
319.0,544.57564744,13.717748865011382,0.41378894587292414,0.21769022673010424
319.5,545.603010718,13.71188028573421,0.43649296380453695,-0.02230977238913551
320.0,546.5641745100002,13.711340831975333,0.4686369248857499,-0.30980977151965766
320.5,547.5067534780001,13.706680428536046,0.5047515428666479,-0.5648097706337388
321.0,548.4235522240001,13.698847411460001,0.5201195774606431,-0.7508781908396834
321.5,549.3626876449998,13.718441307889915,0.5030023801756469,-0.9591306867174628
322.0,550.3627276319999,13.743267097010513,0.4932316192712296,-1.074019132856555
322.5,551.3004745389999,13.74534314771859,0.4822187099265314,-1.1120285912452532
323.0,552.2198349949999,13.748303204172924,0.4768426250377793,-1.0082250831459152
323.5,553.1333324460002,13.765110455919736,0.46815268804567545,-0.9714685080481582
324.0,554.0462281790001,13.796205928569123,0.3995911953934712,-1.1192346830012472
324.5,554.9263107000002,13.8352523581069,0.29426459676280636,-1.231662849769389
325.0,555.841204847,13.88603122979389,0.18296307572430592,-1.3120344277107423
325.5,556.736509282,13.918653874813335,0.059002998609163804,-1.417850216297303
326.0,557.6516135940001,13.938908353012362,-0.03735428631516857,-1.4263236655559137
326.5,558.5698918419998,13.974058965368066,-0.10988361056166962,-1.5121044831169739
327.0,559.4587600770001,13.97437077478352,-0.1368068599272858,-1.4501227787753304
327.5,560.3729044890001,13.961020223559956,-0.16421817757217205,-1.4118911600884043
328.0,561.2643843400001,13.96271702101054,-0.1748098440849457,-1.4601969260815613
328.5,562.1688848180002,13.972515881515125,-0.17806209259003847,-1.4426308446772511
329.0,563.0721136460002,13.9657113200223,-0.18088499354399,-1.3351226389030812
329.5,563.9814426439998,13.971116090891833,-0.20560268633619128,-1.4260151756580388
330.0,564.8780225750002,13.990597999754211,-0.19568757702903117,-1.3693587330824863
330.5,565.7536724920001,13.971113122668623,-0.1955862200394014,-1.3415610512471856
331.0,566.6416192870001,13.95266127946608,-0.1952966964606384,-1.3980406838421242
331.5,567.5329836330002,13.975216457866026,-0.2046953657496564,-1.3103938074055237
332.0,568.415172984,13.957718635344225,-0.20390186518491138,-1.2298975548870519
332.5,569.290721289,13.957718635342381,-0.20390186517952014,-1.3119867684995992
333.0,570.171255102,13.964710114557608,-0.20505539462483569,-1.494416433091939
333.5,571.0775725929998,13.986331952857487,-0.20563734062056938,-1.5814883301707126
334.0,571.986644261,13.985807747596578,-0.20566621449758227,-1.4087659308242568
334.5,572.8721411229999,13.972459634836131,-0.19414013414889286,-1.2352515052174124
335.0,573.740146736,13.956946965694804,-0.20266076099789654,-1.206039331988922
335.5,574.619374809,13.948448856604061,-0.202186485689829,-1.3440152862317816
336.0,575.4945135160001,13.980672262853153,-0.21342460827461363,-1.5128820734127588
336.5,576.3920680619999,13.968059222936017,-0.20367472358853433,-1.499325887576189
337.0,577.2924763020001,13.957537612998124,-0.2137342880961226,-1.303517666027584
337.5,578.1616669280002,13.964165180791344,-0.2021058317024087,-1.3438220423234108
338.0,579.0586021439999,13.951580456553884,-0.21256380102092276,-1.4574207890184623
338.5,579.9409528739998,13.976864600171833,-0.20285600255455716,-1.5306573179477603
339.0,580.835183018,13.976864600167973,-0.20285600251664082,-1.341464588271273
339.5,581.7345267559999,13.96404398835256,-0.20132848664882452,-1.2938034129433413
340.0,582.6094435770001,13.96353396751454,-0.20145300010735134,-1.386414929001627
340.5,583.4895107910002,13.983020083644819,-0.21156046279531449,-1.5383567540713554
341.0,584.3395585039998,13.966739045466317,-0.2120449123312449,-1.4202395686544118
341.5,585.1947203230002,13.96830312037864,-0.2118597555427968,-1.2134973445866253
342.0,586.0497142660001,13.976830448261344,-0.20922758627065363,-1.2177083625955756
342.5,586.9142459710001,13.96161037232907,-0.21867166234579116,-1.3149056252290787
343.0,587.768389414,13.959103831302608,-0.20944896799642088,-1.3818833639418728
343.5,588.6132306109998,13.961927510656881,-0.21102086460241587,-1.4871635982683558
344.0,589.617126571,13.967223468347715,-0.21146433851260316,-1.4393014122357555
344.5,590.540451288,13.96981503475692,-0.2110468234579823,-1.3102758150177038
345.0,591.4538357649999,13.971826017112516,-0.21042572991042885,-1.3725815144436995
345.5,592.3071327030002,13.971826017112818,-0.2104257299119645,-1.377842362236695
346.0,593.119976339,13.971826017112818,-0.2104257299119645,-1.377842362236695
346.5,593.95333218,13.971826017112818,-0.2104257299119645,-1.377842362236695
347.002,594.7769937070002,13.971826017112818,-0.2104257299119645,-1.377842362236695
347.5,595.6044602769998,13.971826017112818,-0.2104257299119645,-1.377842362236695
348.001,596.4402687699999,13.971826017112818,-0.2104257299119645,-1.377842362236695
348.5,597.2531577929999,13.971826017113786,-0.2104257299175103,-1.410189028418473
349.0,598.0914538880002,13.976595742342063,-0.21085476333950925,-1.6806780695208352
349.5,598.9370906429999,13.990893094785486,-0.2099446347022722,-2.1400979833793055
350.0,599.7903840700001,13.966779226515934,-0.24682632766531754,-2.557597982569924
350.5,600.6284248970001,13.921248339674333,-0.29610091349325707,-2.7212946476696906
351.0,601.4789954050002,13.924844264480035,-0.3047389035100121,-2.8762946467894364
351.5,602.3218825660001,13.931485242960196,-0.3120532213932705,-3.1387946459026996
352.0,603.1701641959999,13.93173391919849,-0.3637637674641354,2.903655368023831
352.5,604.046933526,13.930364533632918,-0.37837780001387955,2.5993590840694436
353.0,604.8979060219999,13.831075330673544,-0.3481398569535905,2.3941043482112563
353.5,605.738771373,13.760506959703012,-0.26696960636092015,2.1622254016703057
354.0,606.6091644940002,13.684642548391743,-0.1639972801208316,2.0743622843708787
354.5,607.4790765809998,13.621669873032232,-0.06708469625203684,1.9849836182682066
355.0,608.326581153,13.565530637845619,0.041706613380968705,1.8634151982165998
355.5,609.183730582,13.534235799614063,0.16431695486451225,1.7023446731605565
356.0,610.0555230529999,13.486496898703003,0.2650453803867592,1.568951926023403
356.5,610.974022505,13.494389313748504,0.3343619278665457,1.4307761375726114
357.0,611.8450659290002,13.460824889788721,0.43971478001787645,1.2620278347756773
357.5,612.7440687819999,13.477667748940506,0.4738262752269673,1.030838566383018
358.0,613.6353097159999,13.495104055671415,0.4735703963342619,0.8945197370257506
358.5,614.507070486,13.51865083291403,0.5061844452208835,0.8460739437446622
359.0,615.412294625,13.523918334553688,0.5293579814235061,0.7443463148193254
359.5,616.3109252959998,13.523494882535937,0.5422168645175969,0.6131546100327295
360.0,617.2152717449999,13.56000724897849,0.5587917404705172,0.7178431703592204
360.5,618.0887038649998,13.57980014735171,0.5684935875684518,0.6116879829624584
361.0,618.9595241870002,13.5646780312485,0.5718279626118221,0.4784243743981989
361.5,619.8235501029999,13.590149456103955,0.5810655759349181,0.43830015261000027
362.0,620.6703203309999,13.590149456103955,0.5810655759349181,0.43830015261000027
362.5,621.5524013300001,13.568870634293058,0.5733579873445969,0.694600151829152
363.0,622.413880609,13.567569258851172,0.5765235292178925,0.8446001510155413
363.5,623.2910388079999,13.574708832847485,0.5764911025779913,1.0671001501907769
364.0,624.1527252679998,13.587741096231545,0.5704852096870763,1.222100149316444
364.5,625.0125432340001,13.575972203249378,0.5831793913692245,1.4646001484259707
365.0,625.845243449,13.58919662025217,0.573996704116567,1.4633001483497245
365.5,626.6841864439998,13.58919662025217,0.573996704116567,1.4633001483497245
366.0,627.520877251,13.58919662025217,0.573996704116567,1.4633001483497245
366.5,628.3669057389998,13.58919662025217,0.573996704116567,1.4633001483497245
367.001,629.1970193960001,13.58919662025217,0.573996704116567,1.4633001483497245
367.5,630.0357917289998,13.589196620250926,0.573996704106472,1.4324868154784989
368.0,630.9324581000001,13.601772956208027,0.5734936849057846,1.1752107290777758
368.5,631.7996308420002,13.591088769459377,0.5799303238785338,0.8977107299546269
369.0,632.67166365,13.585199336896315,0.5731712676331888,0.7127107307807483
369.5,633.546132041,13.587169885471182,0.5706536246604426,0.4702107315979836
370.002,634.4203539350001,13.575587170545322,0.5813480753660896,0.31021073246818603
370.5,635.2758650300002,13.570923160101652,0.5970923282860587,0.05771073335868708
371.0,636.152793709,13.593142009740832,0.6194082223316144,-0.1822892657779972
371.5,637.0672468779999,13.572254833447778,0.653701958974322,-0.4797892648911481
372.0,637.9312792149999,13.583065741311001,0.6836971403640435,-0.6997892640221746
372.5,638.8182827139999,13.57504199120655,0.6835635552655388,-0.9298971579481804
373.0,639.692184862,13.593315612332905,0.6540549152552653,-1.0931137534182283
373.5,640.5539433180002,13.635662761250762,0.6011850882179761,-1.3028179825854456
374.0,641.443074882,13.679227384518377,0.47611064084407884,-1.6070990343085128
374.5,642.3343577420001,13.698699157511227,0.3534835463577436,-1.7944099105052294
375.0,643.2284867960002,13.700043836159253,0.23453076892528057,-1.8968853481975176
375.5,644.1152621370002,13.652459971432513,0.11873143866094615,-1.9648063999376437
376.0,644.9981798389999,13.604396600508345,0.007677047326956066,-2.0353853464187948
376.5,645.8991759969999,13.570635083359823,-0.09930942299459611,-2.100990608718457
377.0,646.806662602,13.536704288826465,-0.16401595603014263,-2.179314935176557
377.5,647.684655133,13.500547234021546,-0.20655560844047205,-2.2326967118413057
378.0,648.5572748559998,13.447211343213272,-0.26427105599432243,-2.225014605838394
378.5,649.462957189,13.441504665413095,-0.3016568198142684,-2.2976963793482814
379.0,650.3647524479998,13.417196247690294,-0.2894985396345069,-2.281414968242268
379.5,651.2502943119998,13.403688538404293,-0.28633299723212957,-2.5265149675172514
380.0,652.1402767720001,13.424811545761214,-0.28989959225699913,-2.671514966677501
380.5,653.0545819499998,13.439263260321315,-0.29800732229278815,-2.9090149657938102
381.0,653.9386395339998,13.445726180787219,-0.3164637298959736,3.1316703422710623
381.5,654.8227475519998,13.424460546619656,-0.33973383504111965,2.9116703431344724
382.0,655.7010891539999,13.41530770933476,-0.3750855021692878,2.9029703432122322
382.5,656.5717850729998,13.41530770933476,-0.3750855021692878,2.9029703432122322
383.0,657.4524672120001,13.41530770933476,-0.3750855021692878,2.9029703432122322
383.5,658.3163225550002,13.41530770933476,-0.3750855021692878,2.9029703432122322
384.0,659.191397523,13.41530770933476,-0.3750855021692878,2.9029703432122322
384.5,660.0737222520002,13.415307709337984,-0.37508550217015646,2.852967380997238
385.0,660.961110444,13.416956778504225,-0.38955114636547883,2.625191619062261
385.5,661.8714696269999,13.409826334282041,-0.407928012135792,2.4201916199218654
386.0,662.7605874609999,13.421454460109855,-0.41509165327539854,2.1776916207319763
386.5,663.673617383,13.409365641183074,-0.4046227114369394,2.0176916215702967
387.0,664.6000503509999,13.377925592623697,-0.3825174644308973,1.7835074119552763
387.5,665.4934392929999,13.343800340917907,-0.305452178914706,1.5974764659516139
388.0,666.3857809649999,13.345663167084982,-0.19512337434952975,1.457428338843984
388.5,667.2976184839999,13.31809444907165,-0.09459018344612957,1.3743991002936642
389.0,668.1817152879999,13.358673958054048,0.006427119593336528,1.2874374052184705
389.5,669.0770383640001,13.377891314640827,0.1251927321434163,1.248212774599478
390.0,669.985394675,13.451504949489983,0.2524380852963173,1.2075285649623244
390.5,670.9188037859999,13.457776529293223,0.3722922919446656,1.1777654077879873
391.0,671.826507109,13.508431198832916,0.45033254111674736,1.1249338296399083
391.5,672.7266393690002,13.524503280071961,0.5083370848270583,1.103964871384553
392.0,673.6277094940001,13.528418964221508,0.5495602092623013,1.0738101352824758
392.5,674.4954368499998,13.548984827806844,0.5740554113924912,1.0719417146662893
393.0,675.36070083,13.548984827806844,0.5740554113924912,1.0719417146662893
393.5,676.2521947109999,13.554650214678045,0.5759357869344655,1.3170417138705857
394.0,677.1890131649998,13.582952521407849,0.5689240019829,1.5595417129856113
394.5,678.0975600940001,13.597290131886535,0.5690738078933268,1.7845417121220934
395.0,679.0161256440001,13.612692357488235,0.5679851602229551,2.062041711233996
395.5,679.9167158790001,13.659006151970129,0.5546382530049403,2.23204171036734
396.0,680.7869311519999,13.651157982029062,0.5684829181811022,2.2151417102925146
396.5,681.6553655980001,13.651157982029062,0.5684829181811022,2.2151417102925146
397.0,682.5087858440002,13.651157982029062,0.5684829181811022,2.2151417102925146
397.5,683.3772217760002,13.651157982029062,0.5684829181811022,2.2151417102925146
398.0,684.2516242649999,13.651157982029062,0.5684829181811022,2.2151417102925146
398.5,685.1201315049998,13.651157982012982,0.5684829182018838,2.248163932052049
399.0,686.017393957,13.637474635918732,0.5655235864002748,2.4975042877679092
399.5,686.925511934,13.637432803055317,0.5712699231748326,2.672504286937339
400.0,687.8208795099999,13.649268712562282,0.575994680281811,2.915004286056614
400.5,688.7258379189998,13.65227014788302,0.5907311686036518,3.115004285171055
401.0,689.6060943950001,13.642093146179722,0.6139087646712662,-2.875681022873967
401.5,690.520132867,13.646424507146278,0.6577427701112821,-2.630681023761366
402.0,691.444010529,13.63376879948149,0.6756218907709632,-2.3731810246177645
402.5,692.352317291,13.65475786781152,0.6822439521439643,-2.198181025426639
403.0,693.2582806219998,13.612763573213561,0.6592631003082374,-2.1042010267263556
403.5,694.15735378,13.591093471383255,0.5958137747250438,-2.01976909797673
404.0,695.0559661140001,13.536931494240998,0.4970285981005347,-1.905680482742822
404.5,695.9514434009998,13.492814923929362,0.3915074210650893,-1.7536903998990838
405.0,696.8475172489998,13.462680305286128,0.27150006984315356,-1.627251615647103
405.5,697.7758115510001,13.468640911847269,0.16454728365333104,-1.4947846932476452
406.0,698.6843272619999,13.442118349179845,0.08589112156360024,-1.3973194312369959
406.5,699.6002275790001,13.446001038863217,0.020636992870804338,-1.3425836425450133
407.0,700.5282982889998,13.463461415926309,-0.01784912248152426,-1.300846801282037
407.5,701.4345659199998,13.473442365845981,-0.04971944075951984,-1.2008819918193225
408.0,702.342439174,13.46577270069023,-0.05756688038400115,-1.1236679111865024
408.5,703.2517822899999,13.461495913827276,-0.09087449100716838,-1.1402074257381811
409.0,704.1898638009998,13.485705149079557,-0.1083581893590082,-1.119722837621019
409.5,705.1082343849998,13.494276903154965,-0.1260034500228131,-1.1090308298863933
410.0,706.0306480479999,13.496702047310412,-0.14222679635882274,-1.150213728908194
410.5,706.953960281,13.509514741466564,-0.14463616399291435,-1.153592118229708
411.0,707.8478697750002,13.512489974916681,-0.1513406209056437,-1.1459942234274947
411.5,708.760311217,13.516121558446333,-0.15899522920838938,-1.1118384349380528
412.0,709.6926099839998,13.500486143753196,-0.1618784782203906,-1.0781236197225097
412.5,710.5966954579999,13.504189906375165,-0.163155382879825,-1.0534512751748066
413.0,711.5389156719998,13.519832616330294,-0.16801027520406075,-1.0694312747735284
413.5,712.4533155909999,13.520037780637798,-0.16838437691703245,-1.0324754863049181
414.0,713.3836323619998,13.513636871265462,-0.17931019877040044,-0.9706607926314655
414.5,714.3049350910001,13.522092665094895,-0.18542873696171036,-0.8740325952216703
415.0,715.2482290190001,13.530414515210598,-0.19132833047244535,-0.8242990624166487
415.5,716.1741211409999,13.518353907884944,-0.18961169041373638,-0.7153528139456466
416.0,717.094404812,13.518353907898854,-0.18961169042604853,-0.7509957326708038
416.5,718.047175705,13.521185888181073,-0.19022149230959617,-0.7926571740129034
417.0,718.9869984490001,13.561946603087621,-0.19479250409869153,-0.8311018177358624
417.5,719.9317388069999,13.56287978605036,-0.19580643239944062,-0.7609629512668037
418.0,720.8824173120001,13.527634183694921,-0.19654150895198264,-0.6564745869883307
418.5,721.8317227849998,13.535349068817464,-0.20409894596195133,-0.7643750145476585
419.0,722.7781908540001,13.5353450705489,-0.20764869887792425,-0.6699286305167185
419.5,723.6847576240002,13.553896851786133,-0.22000726911697344,-0.5361140124317625
420.0,724.6473903420001,13.560860354579964,-0.21762168019286143,-0.38375773784725026
420.5,725.5447074620001,13.5982911428829,-0.2339041084373128,-0.3278172006398655
421.0,726.4617127450001,13.618837729881673,-0.25565620655048615,-0.1934985863503932
421.5,727.35762755,13.63177450086819,-0.2717445765033517,-0.1055654644866598
422.0,728.2667383100002,13.667114206348073,-0.28011044920201655,0.007819290692723593
422.5,729.1785987059998,13.668679472290563,-0.2947817924608769,0.05881928988635622
423.0,730.0870180709999,13.686812663530292,-0.302603230209761,0.10510876273174417
423.5,731.0050007169998,13.708917359346747,-0.30852705375545675,0.11340455154711183
424.0,731.9053164799998,13.717341626663602,-0.3075371822715285,0.12489552802841866
424.5,732.7970592279999,13.717565871259149,-0.30750906910669595,0.16446268389029298
425.0,733.715413726,13.740007291465473,-0.305474545521224,0.18841040239353757
425.5,734.595833673,13.722596678300167,-0.3123512789411498,0.17280513932627942
426.0,735.4819093820001,13.727389928266533,-0.31148444808818265,0.17759040230304526
426.5,736.3535870430001,13.731871226186009,-0.31071233169859624,0.21070853063328243
427.001,737.2673750399999,13.722847612205907,-0.3188951342058539,0.20544938814998193
427.5,738.1717373440001,13.724744198481554,-0.31851661525452446,0.19038740020767497
428.0,739.0627203139998,13.727880440876582,-0.31791905653704955,0.21207722440641508
428.5,739.9376246400002,13.736678802535874,-0.3161604761374486,0.18266068725750326
429.0,740.8103338169999,13.738205144385221,-0.3158703715639293,0.17958494032457095
429.5,741.6990674970002,13.741766271295926,-0.31522388188555883,0.1795849403250009
430.0,742.5968359439998,13.745767191091312,-0.31447185580206405,0.18714189931921574
430.5,743.4539036609999,13.745767191091312,-0.31447185580206405,0.18714189931921574
431.0,744.3367524340001,13.745767191091312,-0.31447185580206405,0.18714189931921574
431.5,745.224616259,13.745767191091312,-0.31447185580206405,0.18714189931921574
432.0,746.0927266990002,13.745767191091312,-0.31447185580206405,0.18714189931921574
432.5,746.9327133729998,13.745767191091312,-0.31447185580206405,0.18714189931921574
433.0,747.7830344220001,13.745767191091312,-0.31447185580206405,0.18714189931921574
433.5,748.6577152639998,13.745767191087483,-0.3144718558028625,0.2185063432917295
434.0,749.525501137,13.775077477454417,-0.32193910425766514,0.4762064123199503
434.5,750.4299284899998,13.75157853958186,-0.3395599737455761,0.6762064114564382
435.0,751.3480178499999,13.74228229272942,-0.3303939454041114,0.9727500947383378
435.5,752.278919936,13.75761474296241,-0.3128944676707093,1.1046006200965097
436.0,753.170502644,13.786929968808492,-0.23961096410068272,1.2977136013014916
436.5,754.0950460680001,13.851043761671733,-0.12616927788897314,1.424162723155108
437.0,755.0615149280002,13.871636142264888,-0.006356787077951509,1.5722509625125982
437.5,756.1389310479999,13.866580885139939,0.11864087912034194,1.5741442954950957
438.0,757.1187769540002,13.887558841884674,0.2436388888393317,1.5578021908381852
438.5,758.107742706,13.890033173760031,0.36818078015963884,1.571249816608619
439.0,759.0268604620001,13.890029503150895,0.37627491762392395,1.5712498166093343
439.5,759.9370751400002,13.882645253340472,0.3760549489453222,1.3155498174054872
440.0,760.8646040079998,13.87025896813312,0.3740450472129577,1.0530498182940522
440.5,761.7717425320002,13.830533403175838,0.3630343749843723,0.8630498191560946
441.0,762.6678869319999,13.852266300860762,0.373337044360734,0.6355498199678788
441.5,763.560430297,13.86296175011319,0.36825185910136504,0.49054982079568593
442.0,764.425948044,13.851492493920158,0.37317831176835536,0.5418498208732682
442.5,765.3184199130001,13.851492493920158,0.37317831176835536,0.5418498208732682
443.0,766.1860994970002,13.851492493920158,0.37317831176835536,0.5418498208732682
443.5,767.0412420739999,13.851492493920158,0.37317831176835536,0.5418498208732682
444.0,767.91599408,13.851492493920158,0.37317831176835536,0.5418498208732682
444.5,768.7991433809998,13.851492493906807,0.37317831176048877,0.5211164878403839
445.0,769.6809674390001,13.862749749138699,0.370874001764661,0.43041895846638834
445.5,770.5643588570001,13.868555441618224,0.3862500749776441,0.25331857239017563
446.0,771.4466701880001,13.868555441619112,0.38625007497785546,0.2195185724680889
446.5,772.3383324729998,13.868555441619936,0.38625007497800734,0.20167857273204892
447.0,773.2137543210001,13.868555441619844,0.38625007497799224,0.1983185727816794
447.5,774.0799912440002,13.868555441619844,0.38625007497799224,0.1983185727816794
448.0,774.954874179,13.870226440956335,0.4085548739343503,0.23257857282967753
448.5,775.8302114160001,13.870226440956335,0.4085548739343503,0.23257857282967753
449.0,776.6871239450002,13.870226440956335,0.4085548739343503,0.23257857282967753
449.5,777.5347317300002,13.870226440956335,0.4085548739343503,0.23257857282967753
450.0,778.4064839729999,13.87022644095635,0.4085548739343494,0.22885857288488362
450.5,779.2526513070002,13.87022644095635,0.4085548739343494,0.22885857288488362
451.0,780.0994138169999,13.87022644095633,0.4085548739343503,0.22549857293467612
451.5,780.95151261,13.87022644095633,0.4085548739343503,0.22549857293467612
452.0,781.7981109560001,13.87022644095633,0.4085548739343503,0.22549857293467612
452.5,782.6407042750002,13.870226440957111,0.40855487393454215,0.2140985731035666
453.0,783.4739166439999,13.870226440957111,0.40855487393454215,0.2140985731035666
453.5,784.3369377039999,13.860738717036714,0.40598036262228465,0.19539412912025148
454.0,785.2011100099999,13.860738717036714,0.40598036262228465,0.19539412912025148
454.5,786.1159377129998,13.860738717036714,0.40598036262228465,0.19539412912025148
455.0,787.0057312849999,13.86073871703704,0.40598036262235215,0.19227412916649267
455.5,787.866753493,13.860738717037105,0.4059803626223708,0.18763412923860012
456.002,788.7667687200001,13.86073871703924,0.4059803626227687,0.17851412937043667
456.5,789.6912923320001,13.86073871704448,0.40598036262365333,0.1567950185912544
457.0,790.611609042,13.860823651305338,0.4054622786268194,0.15929501859125428
457.5,791.540857729,13.860823651305338,0.4054622786268194,0.15929501859125428
458.0,792.4823223809999,13.860823651311822,0.40546227862780615,0.13864168556165982
458.5,793.3994639140001,13.860823651313565,0.40546227862804063,0.13228168565895906
459.0,794.3558133679999,13.86082365131943,0.40546227862877426,0.11701501922138316
459.5,795.3271236280002,13.871146401121095,0.41285721282451693,0.1070883528881324
460.0,796.3352001919998,13.871146401124415,0.4128572128248553,0.1009683529781837
460.5,797.4075119479999,13.871146401124415,0.4128572128248553,0.1009683529781837
461.0,798.5603982470002,13.881190109269317,0.412334035556186,0.08082835330825172
461.5,799.646156197,13.881190109269317,0.41233403555618686,0.08082835330825172
462.0,800.5784165219998,13.878230802638338,0.4120943174027234,0.08082835330976866
462.5,801.4936737940002,13.845034538818116,0.40940525943832284,0.0808283533142844
463.0,802.3776841620002,13.780720018916709,0.4060025736370134,0.0833283533178531
463.5,803.2834490730002,13.760912578596674,0.4020391076527803,0.085828353321404
464.0,804.1727179949999,13.700972070749737,0.40966454141910447,0.08082835332499924
464.5,805.0384051219999,13.681150856462477,0.39584910567720666,0.08332835332859406
465.0,805.9275786889998,13.611340724418458,0.40191738898459217,0.0858283533321893
465.5,806.774355264,13.60445237797486,0.39989793598447676,0.0682083536301243
466.0,807.6310043939998,13.60447416608787,0.4093733884353439,-0.18009945504605016
466.5,808.4990357329998,13.603892829004792,0.42468438743769177,-0.4825994541596344
467.0,809.3598121139999,13.617707788691943,0.45263028059717136,-0.7031638391174989
467.502,810.2468111100002,13.609507155114606,0.45616352736295473,-0.8586106419991703
468.0,811.1076478629998,13.628813025448494,0.4261056886275356,-1.0185120445208935
468.5,811.9785704750002,13.702419064723841,0.3184953391084422,-1.106974499785324
469.0,812.87618643,13.751730504856484,0.20369733663066014,-1.2184123936029005
469.5,813.7541909649999,13.82830450311359,0.10313127633905794,-1.2384051412786474
470.0,814.6038952660001,13.891576041010792,-0.03484808926645644,-1.2591753546621471
470.501,815.4718798419999,13.931806310959933,-0.10848556893947481,-1.3406947296982308
471.0,816.3339071300002,13.947658011653527,-0.15853888700162067,-1.3451780704966922
471.5,817.2124822619999,13.953588957976173,-0.18445778955863146,-1.361764243149106
472.0,818.087359058,13.964776350452366,-0.19282677072147392,-1.3597214761773961
472.5,818.9689732840002,13.965733044182645,-0.1972494457333429,-1.3627916518732284
473.0,819.825060655,13.967112559953184,-0.20401371026980186,-1.3194051127614745
473.5,820.7045933019999,13.95966018977206,-0.2133811617857313,-1.3407299462837232
474.0,821.5742010580002,13.960888970402744,-0.21853468522926356,-1.3446204726388182
474.5,822.4278351540001,13.960888970400864,-0.2185346852215735,-1.3033981265973609
475.0,823.2937023129998,13.960888970401655,-0.21853468522469943,-1.3225278141766315
475.5,824.1607087080001,13.960888970404762,-0.21853468523850128,-1.3674046289933643
476.0,825.0159462000001,13.958319804429996,-0.2090731288044838,-1.3291117162718074
476.5,825.8769896150002,13.958319804430065,-0.20907312880473738,-1.3332185244477903
477.0,826.7177667750002,13.958319804430065,-0.20907312880473738,-1.3332185244477903
477.5,827.5721332049998,13.958319804430065,-0.20907312880473738,-1.3332185244477903
478.0,828.4084524609998,13.958319804430065,-0.20907312880473738,-1.3332185244477903
478.5,829.2514377369998,13.958319804430065,-0.20907312880473738,-1.3332185244477903
479.0,830.0880509200001,13.958319804430065,-0.20907312880473738,-1.3332185244477903
479.5,830.947626483,13.95831980443086,-0.20907312880830609,-1.36469852397453
480.0,831.8402842750002,13.967801583039762,-0.20915722070749343,-1.6336061498257202
480.5,832.7484058740001,13.997361897073723,-0.2082958325906401,-1.919690592923112
481.0,833.6243012959999,13.998205138809077,-0.22670323209399745,-2.3552193180900525
481.501,834.5252503769998,14.022436117984089,-0.23110757052183128,-2.5348163534365478
482.0,835.4206471829998,13.997432261117662,-0.24128229847398774,-2.8191456111884077
482.5,836.3258701509999,13.86652487299022,-0.2930976481076968,-3.124945610254951
483.0,837.2102090829999,13.83457453769475,-0.33030104011630446,2.8674685874125196
483.5,838.083788337,13.838940648993947,-0.3752012757453915,2.6174685882952144
484.0,838.9795136839998,13.830997479522392,-0.38004811857475396,2.374341922752844
484.5,839.870462893,13.763205183914692,-0.3290123808999539,2.261985623002378
485.0,840.7504728459999,13.683223802534462,-0.2503246156855621,2.1610345130841653
485.5,841.626366468,13.592757222349029,-0.1579683945467032,1.9953460930582056
486.001,842.5149354280002,13.54474114597443,-0.05674598578917944,1.867498374935404
486.5,843.3880625289999,13.515120688423714,0.022289151852966427,1.710091865446826
487.0,844.2935378279999,13.505201687595887,0.12776042601911897,1.5489677965534208
487.5,845.217943954,13.49824226399924,0.2500878231739012,1.4194025343147558
488.0,846.1089223069998,13.500083294991072,0.3618057017171612,1.2979740756673996
488.5,847.0254216799999,13.517784721751756,0.4613960649479072,1.2035267081354089
489.0,847.9331696429999,13.534419353288975,0.5406301470052899,1.1461056563711043
489.5,848.824225066,13.554581736697692,0.5813097884014677,1.0815793414179444
490.0,849.7022704000001,13.591485848333337,0.6029184408663308,1.0281677636772506
490.5,850.5721993249999,13.57550719700875,0.6007149612688067,1.0506677636772506
491.001,851.4716108080002,13.579277250334663,0.6035014087422574,1.2863677628821586
491.5,852.3954442579998,13.61091688846404,0.6077362615903201,1.4963677619947768
492.0,853.3266969480001,13.624102329828064,0.5973643534802946,1.763867761132563
492.5,854.217618226,13.629451267501057,0.6065323063702124,2.041367760244763
493.0,855.0951898190001,13.68130797769662,0.5983018273718415,2.246367759374332
493.5,855.966139956,13.659895071064703,0.6098994522346874,2.2112677592939476
494.0,856.8417914510001,13.659895071064703,0.6098994522346874,2.2112677592939476
494.5,857.7390221330002,13.659895071064703,0.6098994522346874,2.2112677592939476
495.0,858.5712072800002,13.659895071064703,0.6098994522346874,2.2112677592939476
495.5,859.4643583229999,13.659895071064703,0.6098994522346874,2.2112677592939476
496.0,860.3563073969999,13.653615780021097,0.6186467154601587,2.1788010930929467
496.5,861.2858243830001,13.63189933756145,0.6940949053487628,1.8964877842053849
497.0,862.1620328059998,13.573057154053707,0.8084470384961424,1.5818535215263372
497.5,863.0686057419998,13.56674847357094,0.8773497643055563,1.13229829183151
498.0,863.9899181800001,13.567117541874042,0.9389066621048254,0.843814082361288
498.5,864.9310064669999,13.60471126642981,0.9787553021229929,0.5474065359977016
499.0,865.837706371,13.653229909267747,1.0091957278974064,0.3217512565198725
499.5,866.7574631480002,13.702258584336747,1.0386795370145485,0.1606769074488184
500.0,867.65048321,13.747682070917566,1.0936734715309715,-0.16208670639977935
500.5,868.5276677830002,13.747682070913331,1.0936734715317407,-0.19530296314450202
501.0,869.417695653,13.745091407877219,1.1240417332018104,-0.4154029623366879
501.501,870.3140817849999,13.746222544363867,1.1462350688027882,-0.6504029613768211
502.0,871.2205309579999,13.755059962886143,1.1429918745551326,-0.8379029606361401
502.5,872.1317671880001,13.752234805968747,1.1529384032943755,-0.9929029598222534
503.0,873.0368620899999,13.755243828704003,1.1435379592255313,-1.2004029589594172
503.5,873.928956617,13.766158484287578,1.149422326217869,-1.1841029588799907
504.0,874.7828614949999,13.766158484287578,1.149422326217869,-1.1841029588799907
504.5,875.6465675750001,13.766158484287578,1.149422326217869,-1.1841029588799907
505.0,876.508152373,13.766158484287578,1.149422326217869,-1.1841029588799907
505.5,877.3906137109998,13.766158484287578,1.149422326217869,-1.1841029588799907
506.001,878.284122169,13.77291493826215,1.1314650044316528,-1.2345696247657403
506.5,879.1904870079998,13.781749072300956,1.049349470275522,-1.4129811589872665
507.0,880.1170126709999,13.818971791504481,0.9640435132603455,-1.5432246667885385
507.5,881.0269936119998,13.833756125169154,0.9244490854775256,-1.6506215079233373
508.0,881.967589764,13.861891236426636,0.8898521325967419,-1.7856092232596907
508.5,882.9184927329998,13.847120677080284,0.8403801140117197,-1.8953153100315339
509.0,883.8379389870001,13.848961896543898,0.7624970982030166,-2.0087493845132602
509.5,884.7047578430002,13.832999680314526,0.7628953430968322,-1.985737512512416
510.0,885.608235699,13.84546462425688,0.7519927985585126,-1.730037513316044
510.5,886.548407407,13.8199886935482,0.7698742254150979,-1.5000375141844189
511.0,887.4645094020002,13.804685084320692,0.7603924887212283,-1.2225375150630964
511.5,888.3777075070002,13.762374245334339,0.7569744158835858,-1.0125375159474446
512.0,889.2902688640002,13.74428670174876,0.7646521582655126,-0.7800375167933018
512.5,890.1902914970001,13.73861443469068,0.7577585584524069,-0.8413375168668161
513.0,891.0557765789999,13.73861443469068,0.7577585584524069,-0.8413375168668161
513.5,891.9315977159999,13.73861443469068,0.7577585584524069,-0.8413375168668161
514.0,892.8127007789999,13.73861443469068,0.7577585584524069,-0.8413375168668161
514.5,893.7077063229999,13.73861443469068,0.7577585584524069,-0.8413375168668161
515.0,894.6116717740001,13.746574646941248,0.7485204420851668,-0.8749464053038639
515.5,895.5161979200002,13.76868775571145,0.7456090450052208,-1.0959985002312977
516.0,896.431537509,13.804955381351936,0.716310342314638,-1.1915879725576044
516.5,897.3560003120001,13.835657232901305,0.6079891200007035,-1.3345443717561483
517.0,898.2705198630001,13.868996063622529,0.4900462107000383,-1.5031595871720955
517.5,899.1753244920001,13.902307469942741,0.36900703917714495,-1.534164335380618
518.0,900.1433051559998,13.934489161801032,0.24401606507766171,-1.542774206140372
518.5,901.0924570839998,13.963808570709094,0.11935565447412344,-1.4646742069938974
519.0,902.0233895840001,13.970736056250779,0.0071067285395827184,-1.4030359625821416
519.5,902.949884053,13.978152756389711,-0.07562125700430133,-1.3851472089025494
520.0,903.8869184559999,13.986380377301998,-0.12211754519764906,-1.4168285451287175
520.5,904.819758654,13.99041654794399,-0.15754749659224832,-1.493955672562718
521.0,905.7382220449999,13.979306455210912,-0.17927825273400977,-1.4516110091550891
521.5,906.6589845459998,13.9821452489624,-0.1837001195212027,-1.224769166065783
522.0,907.5982431769999,13.964441950443796,-0.19844966092775262,-1.207369952176044
522.5,908.555172974,13.962568385420163,-0.20440952001077317,-1.1369500720653616
523.0,909.630745558,13.980707170842171,-0.20568713599320354,-1.023412844505688
523.5,910.709591713,13.978311509081909,-0.20101619648881108,-0.9347462713487193
524.0,911.6683994159998,13.96543734850406,-0.22444666581595918,-0.8883800731309017
524.501,912.6111837389999,13.984886063939706,-0.21809163567800827,-0.8538624605164039
525.0,913.5592513309998,13.992515392315168,-0.22657154900543475,-0.809755812516479
525.5,914.508111007,13.989821237335551,-0.23840751229261947,-0.8160769177557343
526.0,915.4326119299999,13.991636306290474,-0.25324103293481226,-0.7318969873006567
526.5,916.3586740219998,14.02946324168039,-0.2627218481182867,-0.6971580642071744
527.0,917.3058445800002,14.027208456656853,-0.26306189019237625,-0.6859369733625303
527.5,918.2581852779999,14.038357207802786,-0.27238731154054374,-0.703882002199624
528.0,919.1937339729998,14.060995117533192,-0.2794113332011685,-0.6689634755698329
528.5,920.134036336,14.06841113919282,-0.2892144428607901,-0.6790725498450206
529.0,921.069237526,14.072510439040137,-0.2986985261383239,-0.6678433746732829
529.5,921.9964964010001,14.081424533934928,-0.29932179706818296,-0.5954552093803394
530.0,922.9388755680002,14.08142453387889,-0.29932179703124806,-0.5691394207538775
530.5,923.8932838239998,14.070714190442121,-0.3066362325096126,-0.5800619476641516
531.0,924.825971498,14.07352724098781,-0.3085688491047538,-0.6022968261282058
531.5,925.8956744960001,14.09861367948272,-0.324177544285174,-0.5177129620059724
532.0,926.9422125450001,14.17000260430137,-0.3520617121814631,-0.541031402515416
532.5,927.9562385290001,14.261126954170255,-0.3975059160119754,-0.48371228248980686
533.0,928.9101978099998,14.365203233684563,-0.45905100491469675,-0.44291888798498
533.5,929.8564094779999,14.436256931729243,-0.5069309948905012,-0.42831836219494174
534.0,930.7749843850002,14.452428672548335,-0.5435904688042061,-0.42845432715159704
534.5,931.6708157859998,14.452694256755029,-0.543711774807047,-0.4284543271516039
535.0,932.5889462270002,14.444835719617164,-0.5374097853972941,-0.6824876595069252
535.5,933.6447024059999,14.432040081007523,-0.5339591992455457,-0.9116543186034368
536.0,934.5904582779999,14.416898363582806,-0.5348192365949416,-1.054987656133053
536.5,935.502373581,14.418404752664191,-0.5299255280310344,-1.0086376560524628
537.0,936.398233716,14.43491277986788,-0.5294421121284429,-1.2436876552658647
537.5,937.2892791029999,14.442241741297476,-0.5301012191317165,-1.2111376551862332
538.0,938.1785079000001,14.442241741297476,-0.5301012191317165,-1.2111376551862332
538.5,939.0432046380001,14.442241741297476,-0.5301012191317165,-1.2111376551862332
539.0,939.9077520310002,14.442241741297476,-0.5301012191317165,-1.2111376551862332
539.5,940.787307218,14.442241741297476,-0.5301012191317165,-1.2111376551862332
540.0,941.7129580209998,14.442241741297476,-0.5301012191317165,-1.2111376551862332
540.5,942.563262359,14.442241741297476,-0.5301012191317165,-1.2111376551862332
541.0,943.4380728330002,14.442241741297476,-0.5301012191317165,-1.2111376551862332
541.5,944.3045830460001,14.442428828045639,-0.530594962300281,-1.2026576553042376
542.0,945.2068587150002,14.442428828045639,-0.530594962300281,-1.2026576553042376
542.5,946.1184582840001,14.442428828045639,-0.530594962300281,-1.2026576553042376
543.002,946.987158676,14.442428828045639,-0.530594962300281,-1.2026576553042376
543.5,947.850183478,14.442428828045639,-0.530594962300281,-1.2026576553042376
544.0,948.6998213450001,14.444358764667093,-0.5354511351348865,-1.185377655527178
544.5,949.5785939520001,14.444358764667093,-0.5354511351348865,-1.185377655527178
545.0,950.5812559149999,14.444358764667093,-0.5354511351348865,-1.185377655527178
545.5,951.5944178569998,14.444358764667093,-0.5354511351348865,-1.185377655527178
546.0,952.4974624189999,14.444358764667093,-0.5354511351348865,-1.185377655527178
546.5,953.3805923109999,14.444358764667093,-0.5354511351348865,-1.185377655527178
547.0,954.2596076059999,14.444358764667093,-0.5354511351348865,-1.185377655527178
547.5,955.1366525090002,14.444358764667093,-0.5354511351348865,-1.185377655527178
548.0,955.9812204509999,14.444358764667093,-0.5354511351348865,-1.185377655527178
548.5,956.8378510309999,14.444358764667093,-0.5354511351348865,-1.185377655527178
549.0,957.685912074,14.444358764667093,-0.5354511351348865,-1.185377655527178
549.5,958.5157728949998,14.444358764667093,-0.5354511351348865,-1.185377655527178
550.0,959.3577241060002,14.444358764667093,-0.5354511351348865,-1.185377655527178
550.5,960.193966458,14.444358764667093,-0.5354511351348865,-1.185377655527178
551.0,961.0591200620001,14.444358764667093,-0.5354511351348865,-1.185377655527178
551.5,961.9193375589998,14.444358764667093,-0.5354511351348865,-1.185377655527178
552.0,962.7907475510001,14.444358764667093,-0.5354511351348865,-1.185377655527178
552.5,963.6243181089999,14.444358764667093,-0.5354511351348865,-1.185377655527178
553.0,964.4783887389999,14.444358764667093,-0.5354511351348865,-1.185377655527178
553.5,965.3009844210001,14.444358764667093,-0.5354511351348865,-1.185377655527178
554.0,966.1471108380001,14.444358764667093,-0.5354511351348865,-1.185377655527178
554.5,966.98011627,14.444358764667093,-0.5354511351348865,-1.185377655527178
555.0,967.8338609020002,14.444358764667093,-0.5354511351348865,-1.185377655527178
555.5,968.664161183,14.444358764667093,-0.5354511351348865,-1.185377655527178
556.0,969.4863714429998,14.444358764667093,-0.5354511351348865,-1.185377655527178
556.5,970.3223639329999,14.444358764667093,-0.5354511351348865,-1.185377655527178
557.0,971.154528133,14.444358764667093,-0.5354511351348865,-1.185377655527178
557.5,971.9607826010001,14.444358764667093,-0.5354511351348865,-1.185377655527178
558.0,972.786391349,14.444358764667093,-0.5354511351348865,-1.185377655527178
558.5,973.5860956360002,14.444358764667093,-0.5354511351348865,-1.185377655527178
559.0,974.4158274619999,14.444358764667093,-0.5354511351348865,-1.185377655527178
559.5,975.2183487510001,14.444358764667093,-0.5354511351348865,-1.185377655527178
560.0,976.0575927159998,14.444534605034907,-0.5358816058157689,-1.1817776555729669
560.5,976.877799465,14.444534605034907,-0.5358816058157689,-1.1817776555729669
561.0,977.7051538000001,14.444534605034907,-0.5358816058157689,-1.1817776555729669
561.5,978.5369341539999,14.444534605034907,-0.5358816058157689,-1.1817776555729669
562.0,979.37031088,14.444534605034907,-0.5358816058157689,-1.1817776555729669
562.5,980.1894826289999,14.444534605034907,-0.5358816058157689,-1.1817776555729669
563.0,981.0201218789998,14.444534605034907,-0.5358816058157689,-1.1817776555729669
563.5,981.8360674629998,14.444534605034907,-0.5358816058157689,-1.1817776555729669
564.0,982.6742400570001,14.444534605034907,-0.5358816058157689,-1.1817776555729669
564.502,983.498145987,14.444534605036836,-0.5358816058203644,-1.1700976557451293
565.0,984.3100781809999,14.444534605036836,-0.5358816058203644,-1.1700976557451293
565.5,985.146751927,14.444534605036836,-0.5358816058203644,-1.1700976557451293
566.0,985.9713138460002,14.444534605036836,-0.5358816058203644,-1.1700976557451293
566.5,986.79259275,14.444534605036836,-0.5358816058203644,-1.1700976557451293
567.0,987.6380910399998,14.444534605036836,-0.5358816058203644,-1.1700976557451293
567.5,988.4694969010002,14.444534605036836,-0.5358816058203644,-1.1700976557451293
568.0,989.284456072,14.444534605036836,-0.5358816058203644,-1.1700976557451293
568.5,990.101591135,14.444534605036836,-0.5358816058203644,-1.1700976557451293
569.0,990.932333325,14.444534605036836,-0.5358816058203644,-1.1700976557451293
569.5,991.759188859,14.444534605036836,-0.5358816058203644,-1.1700976557451293
570.0,992.5681283230001,14.444534605036836,-0.5358816058203644,-1.1700976557451293
570.5,993.3753807970002,14.444534605036836,-0.5358816058203644,-1.1700976557451293
571.0,994.2751419179999,14.444534605036836,-0.5358816058203644,-1.1700976557451293
571.5,995.1577304749999,14.444534605036836,-0.5358816058203644,-1.1700976557451293
572.0,996.020154202,14.444534605036836,-0.5358816058203644,-1.1700976557451293
572.5,996.858686178,14.444534605036836,-0.5358816058203644,-1.1700976557451293
573.0,997.7037655479999,14.444534605036836,-0.5358816058203644,-1.1700976557451293
573.5,998.5580314049998,14.444534605036836,-0.5358816058203644,-1.1700976557451293
574.0,999.3897559719999,14.444534605036836,-0.5358816058203644,-1.1700976557451293
574.5,1000.2304751279999,14.444534605036836,-0.5358816058203644,-1.1700976557451293
575.0,1001.0766587829999,14.444534605036836,-0.5358816058203644,-1.1700976557451293
575.5,1001.922303538,14.444534605036836,-0.5358816058203644,-1.1700976557451293
576.0,1002.7602694329998,14.444534605036836,-0.5358816058203644,-1.1700976557451293
576.5,1003.5884194179998,14.444534605036836,-0.5358816058203644,-1.1700976557451293
577.0,1004.4149816109998,14.444534605036836,-0.5358816058203644,-1.1700976557451293
577.5,1005.2317208109998,14.444534605036836,-0.5358816058203644,-1.1700976557451293
578.0,1006.0852264099999,14.444534605036836,-0.5358816058203644,-1.1700976557451293
578.5,1006.941015113,14.444534605036836,-0.5358816058203644,-1.1700976557451293
579.0,1007.7963872159999,14.444534605036836,-0.5358816058203644,-1.1700976557451293
579.5,1008.6477147330002,14.444534605036836,-0.5358816058203644,-1.1700976557451293
580.0,1009.4922029260001,14.444534605036836,-0.5358816058203644,-1.1700976557451293
580.5,1010.3355715439998,14.444534605036836,-0.5358816058203644,-1.1700976557451293
581.0,1011.2249841160001,14.448935666640367,-0.545844670833759,-1.142737656109377
581.5,1012.0958139559998,14.447232590646582,-0.542702358162825,-1.148570989249809
582.0,1012.946237787,14.447232590646582,-0.542702358162825,-1.148570989249809
582.5,1013.8142750430002,14.44723259064752,-0.5427023581649086,-1.1448509893039935
583.0,1014.701779728,14.45010446680035,-0.5488313440765031,-1.1235923229242533
583.5,1015.580471493,14.450104466800425,-0.5488313440766603,-1.1235923229242712
584.0,1016.46111574,14.450104466800425,-0.5488313440766603,-1.1235923229242712
584.5,1017.331462608,14.450104466800425,-0.5488313440766603,-1.1235923229242712
585.0,1018.1966790299998,14.450104466800425,-0.5488313440766603,-1.1235923229242712
585.5,1019.0589130359999,14.450104466800425,-0.5488313440766603,-1.1235923229242712
586.0,1019.907828592,14.450104466800425,-0.5488313440766603,-1.1235923229242712
586.5,1020.754047507,14.450104466800425,-0.5488313440766603,-1.1235923229242712
587.0,1021.6379178739999,14.450104466800425,-0.5488313440766603,-1.1235923229242712
587.5,1022.5086362379998,14.450104466800425,-0.5488313440766603,-1.1235923229242712
588.0,1023.3943806679999,14.450104466800425,-0.5488313440766603,-1.1235923229242712
588.5,1024.258394391,14.450104466800425,-0.5488313440766603,-1.1235923229242712
589.0,1025.1750885440001,14.44123411899222,-0.5532246911056138,-1.1200782878209339
589.5,1026.0542493110001,14.44123411899222,-0.5532246911056138,-1.1200782878209339
590.0,1026.9424882170001,14.441387669281225,-0.5535403226025188,-1.1169582878605864
590.5,1027.836066117,14.441387669285911,-0.5535403226119353,-1.0977102881471257
591.0,1028.710114602,14.441644588213963,-0.5540390343355561,-1.093750288200847
591.5,1029.6053866510001,14.443477603278701,-0.5633895259793578,-1.091893621701299
592.0,1030.493419256,14.445880300916109,-0.5679061630816822,-1.0747576219284802
592.5,1031.360628725,14.445880300922834,-0.5679061630937605,-1.0494776223010867
593.0,1032.2468694670001,14.442999790450095,-0.5674644509146756,-1.0636442822161634
593.5,1033.11133793,14.442999790450095,-0.5674644509146756,-1.0636442822161634
594.0,1033.960890808,14.442999790451875,-0.5674644509178615,-1.0595642822765292
594.5,1034.850700547,14.442999790454671,-0.5674644509227971,-1.0517109490544845
595.0,1035.702349874,14.442999790454671,-0.5674644509227971,-1.0517109490544845
595.5,1036.5798508060002,14.442999790454671,-0.5674644509227971,-1.0517109490544845
596.0,1037.489146121,14.442999790454671,-0.5674644509227971,-1.0517109490544845
596.5,1038.446154364,14.442999790454671,-0.5674644509227971,-1.0517109490544845
597.0,1039.4001741389998,14.442999790454671,-0.5674644509227971,-1.0517109490544845
597.5,1040.279260748,14.442999790454671,-0.5674644509227971,-1.0517109490544845
598.0,1041.1535263300002,14.44299979045937,-0.5674644509309221,-1.0401509492235803
598.5,1042.098962775,14.440236236216013,-0.5664109809652427,-1.0157531652449245
599.0,1042.97277751,14.440236236218471,-0.5664109809691844,-1.0111931653116788
599.5,1043.87289578,14.445691338115578,-0.5744957848705701,-0.9595746474924712
600.0,1044.7639042609999,14.445739697518388,-0.5768751044837206,-0.9675813194377338
600.5,1045.6358855610001,14.445739697529614,-0.5768751044996403,-0.9430213197821115
601.0,1046.519110747,14.43968675837204,-0.5765364426973205,-0.931939992055507
601.5,1047.424954857,14.445004521098046,-0.5821968916398674,-0.9184533189913145
602.0,1048.3181587479999,14.44884440950911,-0.587136479912937,-0.8996266525663112
602.5,1049.2467611030002,14.453935798686611,-0.599395843934265,-0.826511344832528
603.0,1050.1682679310002,14.483668219472897,-0.6258049685906775,-0.7408677084605652
603.5,1051.0770394239998,14.571306355494364,-0.6947179906667289,-0.49372317008577954
604.0,1052.0017458490001,14.680103870258604,-0.7631522711625394,-0.3322411387447147
604.5,1052.9096313139999,14.82601026157409,-0.8048031287285919,-0.20901505403951645
605.0,1053.819330796,14.951736903098904,-0.8523832888188618,-0.08382076006421658
605.5,1054.7507813490001,15.062702456831454,-0.8773728464455246,0.058528712568949766
606.0,1055.6742645489999,15.181269489072118,-0.8783997707952427,0.24108298036373704
606.5,1056.587692014,15.31846996157028,-0.8734482676335364,0.3790805361812387
607.0,1057.506864565,15.424333449325243,-0.8252619708407654,0.5366710615215621
607.5,1058.4396141020002,15.528362044389208,-0.7806829707423582,0.6328457971703392
608.0,1059.367667695,15.63733461436783,-0.7044681697151205,0.7501895389306519
608.5,1060.287489681,15.720024281937878,-0.637988357983371,0.877506730555627
609.0,1061.2050103400002,15.765924880170997,-0.5905623908670812,1.0067199614378408
609.5,1062.1376685260002,15.787722306103326,-0.5356875459941399,1.0850607498783653
610.0,1063.056620796,15.8004295019643,-0.4853871300255381,1.1933330051900595
610.5,1063.985594657,15.869130054960776,-0.40621713604872767,1.1895833713186919
611.0,1064.8978959639999,15.887030101950383,-0.37809993735498537,1.242199158884149
611.5,1065.8366204059998,15.906618608737014,-0.37146981192793227,1.2317195750139651
612.0,1066.7441305319999,15.9118609470211,-0.35655473376678337,1.2276405109208213
612.5,1067.647849722,15.91543310677729,-0.345981412199464,1.2592987221221061
613.0,1068.5718153960001,15.916446496434792,-0.29497483598096075,1.3134950780469379
613.5,1069.5006896250002,15.926761508961118,-0.2795569075036539,1.3253148580987284
614.0,1070.438687725,15.929173810435886,-0.2698763349796103,1.3635667874237218
614.5,1071.377243376,15.936594722929101,-0.2612665154690763,1.4194096101649307
615.0,1072.285840297,15.936594722929655,-0.261266515465449,1.4221672543182753
615.5,1073.2384338699999,15.959270322151394,-0.2608650151520493,1.6535672535353934
616.0,1074.168000104,15.962599738930347,-0.2523071817804663,1.9210672526532548
616.5,1075.0919688590002,16.00546110415115,-0.250146036746127,2.131067251771664
617.0,1076.0362908399998,16.005461104107095,-0.25014603669565005,2.4310672509326983
617.5,1076.9683297800002,16.021211786573733,-0.26014503722340265,2.581067250124445
618.0,1077.902683545,16.009239232166365,-0.25543292779529914,2.5197672500491795
618.5,1078.8246909220002,16.009239232166365,-0.25543292779529914,2.5197672500491795
619.001,1079.7197654299998,16.009239232166365,-0.25543292779529914,2.5197672500491795
619.5,1080.6089539680002,16.009239232166365,-0.25543292779529914,2.5197672500491795
620.0,1081.5410770499998,16.002335429410834,-0.25533762185419917,2.6634172492852306
620.5,1082.489874881,16.00745043750933,-0.24403352734385564,2.840917248405049
621.0,1083.4154373400002,16.000908989767584,-0.23175272475932207,2.975917247514067
621.5,1084.3304554259998,16.009270777115127,-0.20317785918669173,-3.1372680605363197
622.0,1085.2127902940001,16.009270777119717,-0.20317785918659492,-3.112968060615179
622.5,1086.1089721029998,16.00927077713733,-0.20317785918583908,-3.079799172211512
623.0,1087.014948734,16.010379510270127,-0.18254982390871444,-2.853715783380217
623.5,1087.951513608,16.013798909146146,-0.16191943593868086,-2.5762157842651465
624.0,1088.8986743710002,16.032911283836185,-0.14664866018397849,-2.333715785110365
624.5,1089.845306618,16.02251619074589,-0.1384473675530078,-2.1487157859186534
625.0,1090.785684048,16.02025102159552,-0.1406291527397059,-1.9262157867723941
625.5,1091.7090048969999,16.00890315941236,-0.1333416327767063,-1.751215787662526
626.0,1092.6066521849998,15.99446991187261,-0.14528507606977037,-1.501215788531736
626.5,1093.602361141,15.961178619895367,-0.14403217473530372,-1.2087157894117697
627.0,1094.643103197,15.930412914741053,-0.1357866484949617,-0.9837157902919831
627.5,1095.6362320970002,15.935638882370151,-0.14373544245907222,-0.7512157911236393
628.0,1096.587790356,15.94472110730756,-0.15081747188717287,-0.5276980282687244
628.5,1097.5018731649998,16.070828405674714,-0.2135055522179381,-0.23974598248203083
629.0,1098.416365523,16.17302956203466,-0.26250543144057126,-0.05888879046805777
629.5,1099.3521324449998,16.303163126406535,-0.27922160886759606,0.19184857693747742
630.0,1100.2654219669998,16.422831397200493,-0.27162589337400167,0.3626645992192959
630.5,1101.182659058,16.543147426735636,-0.24319788187854563,0.49019652806055025
631.0,1102.1035854309998,16.600426971801426,-0.21806626060592027,0.5790435444868884
631.5,1103.038268275,16.67675680399335,-0.17839922552732634,0.679221438424088
632.0,1103.940802558,16.68132426235068,-0.1495425450565584,0.7034809089615528
632.5,1104.8681164270001,16.694557290575084,-0.13903206823201053,0.6388795207894847
633.0,1105.7873718239998,16.735370784458226,-0.12462479956296946,0.6419601447546057
633.5,1106.7185104999999,16.734273354095976,-0.12441697848226951,0.5529159720681772
634.0,1107.6035883200002,16.764546480407276,-0.10979813301741537,0.6530523599982491
634.5,1108.5010614449998,16.79216467124206,-0.07886030075399297,0.7695093698449824
635.0,1109.4239045489999,16.781049001752947,-0.09025431252719596,0.782119427159143
635.5,1110.3108397729998,16.79285921768198,-0.07841459568400477,0.8175971968839857
636.0,1111.2094970070002,16.80735471139682,-0.05344934676225499,0.8270364293086179
636.5,1112.1089844869998,16.907542895307007,0.012184912852952756,0.7838732721531144
637.0,1113.000802512,17.01908105247677,0.10601309156184335,0.7186340450920681
637.5,1113.9032221870002,17.09749055304676,0.1832880222102764,0.6370287827457234
638.0,1114.804352016,17.19262058366348,0.25202765333253296,0.5823445730493896
638.5,1115.6906314970001,17.304420496949476,0.329972729908965,0.5167656265333296
639.0,1116.5683158379998,17.4209089435746,0.3974069603014021,0.42630410707809935
639.5,1117.603379104,17.538865938832373,0.4496329042096674,0.34842468470104276
640.0,1118.5252939769998,17.679114386168955,0.49495827240595514,0.30843338892160144
640.5,1119.4469731600002,17.808554326241296,0.5383499410550607,0.30796235763225366
641.0,1120.344291595,17.90227642588932,0.5847738900579458,0.31373714810719544
641.5,1121.2274673460001,18.022188204590307,0.6139787314324421,0.18309523910364311
642.0,1122.1124985440001,18.129989210695452,0.641225684829724,0.012079801847716764
642.5,1123.0243474959998,18.238136532601935,0.6528250565251179,-0.09791467376815616
643.0,1123.8936171189998,18.31194504696253,0.6608406793307644,-0.22414125063369297
643.5,1124.768078398,18.384059448501446,0.6708766293796415,-0.3257349337291127
644.0,1125.654309939,18.451078328912025,0.6480595322938232,-0.4981609335748914
644.5,1126.5328400459998,18.5611934874006,0.5916964273265868,-0.6767661958586736
645.0,1127.422909553,18.663062021924723,0.5155612980332935,-0.742187247656209
645.5,1128.366293866,18.746629853802226,0.4419375664707563,-0.8530030363185119
646.0,1129.2706464940002,18.860102705701557,0.34960652021266103,-0.8851523685451561
646.5,1130.173563073,18.935230151530476,0.2495259376305401,-0.8980310759996716
647.0,1131.0487578920001,19.032756184761013,0.1614525964054765,-0.8760226553079683
647.5,1131.9234433279998,19.10225322684081,0.06498864994317977,-0.8767908103843789
648.0,1132.7861407750001,19.178482899007168,-0.023751260615111125,-0.9427427903020973
648.5,1133.667551999,19.256271060348396,-0.1082807541369406,-1.097493919944046
649.0,1134.548464049,19.32045550051879,-0.22402124661830936,-1.13520863214166
649.5,1135.4050906030002,19.34125251578954,-0.24806304912584365,-1.005837193526796
650.0,1136.289675042,19.327021715442488,-0.22441711158657485,-0.6209555423071402
650.5,1137.139174077,19.337704118656244,-0.23751213100094093,-0.41764739591593053
651.0,1138.0001888709999,19.34755258063123,-0.24002362434981483,-0.22712418043057236
651.5,1138.8638497719999,19.451097351053168,-0.27374873115964826,-0.19928207607332193
652.0,1139.7106481320002,19.58691625378545,-0.32568809874909066,-0.11493611215029123
652.5,1140.562293088,19.712362618230365,-0.36711258102054245,0.00774809751625747
653.0,1141.4171210069999,19.82655209923446,-0.3723474093437744,0.14559020192308075
653.5,1142.2780272250002,19.95739087474415,-0.3600750672670312,0.3073007273528996
654.0,1143.142019414,20.080607157395782,-0.3162677460456438,0.4403007264608638
654.5,1143.996022533,20.184137434864592,-0.2853328983359953,0.5670112518963781
655.0,1144.8632175940002,20.30211104405865,-0.19723267590688565,0.7161954615706697
655.5,1145.704787868,20.388019469286697,-0.14631825526381537,0.7463370845217471
656.0,1146.553154194,20.48840648343343,-0.07253065025952576,0.8351791889799772
656.5,1147.408345405,20.529165652009546,0.009619066217461558,0.9482862056945928
657.0,1148.2635475430002,20.573246855349886,0.06613746723518599,1.0288467895514763
657.5,1149.104755167,20.58575299657246,0.08650141531939948,1.071138367540575
658.0,1149.9657592590002,20.603988513391645,0.11637979069691529,1.1319040193510657
658.5,1150.8137677949999,20.624650879435222,0.1203167806490546,1.176798572849878
659.0,1151.6587083499999,20.64951142822833,0.146223547974075,1.238661965836418
659.5,1152.495969512,20.65126688097776,0.1513460858046196,1.3000784390595044
660.0,1153.3581954229999,20.66174357411841,0.1708677826881937,1.445693880782117
660.5,1154.199269701,20.67492293481145,0.17110316424651018,1.735071564600371
661.0,1155.05146944,20.68966516649971,0.16231517183666533,1.971097879505952
661.5,1155.9054867300001,20.715050030067133,0.18449017373142773,2.0902557733939817
662.0,1156.792796568,20.70779297493981,0.20808822338077348,2.239332614457615
662.5,1157.671008506,20.705271263838547,0.21710416606811034,2.2925796311407547
663.0,1158.528384325,20.703635890937992,0.22274957089088243,2.3324432557921044
663.5,1159.454139376,20.687400068628243,0.21923829601503453,2.4023643076205006
664.0,1160.321798764,20.686384899965507,0.21560974246874487,2.489854482023035
664.5,1161.2043858379998,20.688019161325364,0.2091010572634664,2.595070270469924
665.0,1162.0783331030002,20.68189280160091,0.22241922870776687,2.5938860589349653
665.5,1162.9945897809998,20.690532987766947,0.22017391322785063,2.7091292158102895
666.0,1163.865087538,20.685932314054927,0.2246958387755118,2.762566056896251
666.5,1164.7317553429998,20.683194001537245,0.2307657389405069,2.721802665740494
667.0,1165.59266355,20.683194001557812,0.23076573893210384,2.7992882789589877
667.5,1166.4612586919998,20.691506259372566,0.23635255306808833,2.7767882789589873
668.0,1167.3101844839998,20.691506259367223,0.23635255307018443,2.7569082792569515
668.5,1168.201076536,20.683530950445345,0.24062166412622954,2.530546090133381
669.0,1169.074284545,20.70001686083546,0.23228417340461593,2.3355460909635135
669.5,1169.9835334109998,20.70001686085833,0.23228417336579543,2.010546091778135
670.0,1170.8668475109998,20.678341166800386,0.23395296480104033,1.8555460926442366
670.5,1171.720045355,20.658619962706126,0.22546432362793567,1.6855460935353284
671.001,1172.6010083279998,20.666379384021724,0.22680586702368988,1.398046094399238
671.5,1173.469263591,20.61887682770608,0.2154247398029714,1.1330460952851142
672.0,1174.3454201250001,20.598162509200396,0.22178358098007145,0.855546096157499
672.5,1175.2127271109998,20.582132051428747,0.21482343729915332,0.6705460969772862
673.0,1176.0893620789998,20.595485644888598,0.21292545641303473,0.4212060978954589
673.5,1176.984737716,20.648158421225514,0.24165797870263095,0.2441876777391691
674.0,1177.8452771359998,20.75406247605117,0.2860267981646514,0.010040310217144108
674.5,1178.718098102,20.87996438382244,0.3063285841843566,-0.18723618005715198
675.0,1179.588105275,21.00846276574412,0.3236968431291123,-0.3296593369638094
675.5,1180.463040009,21.107126634683436,0.28928537255574494,-0.49960401426332246
676.0,1181.3524678919998,21.214675598241264,0.24519046751522922,-0.4320794065471911
676.5,1182.24004375,21.361745050140787,0.18115783195967605,-0.3368597583663095
677.0,1183.1284589900001,21.46461256113802,0.14525213060357167,-0.21217554873166183
677.5,1184.0142172289998,21.579142389169085,0.11226273918527596,-0.0588860759253327
678.0,1184.8926125500002,21.714454993453298,0.09546385595425644,0.0636258528877832
678.5,1185.781485979,21.838403437242967,0.12401882204980197,0.19273184395988593
679.0,1186.6874256410001,21.960159032119236,0.10288990397555509,0.24602897305894753
679.5,1187.5701481770002,22.082014462431996,0.14635788713705722,0.39415598929374995
680.0,1188.631221187,22.15504018578606,0.18190609434066385,0.5003201988186484
680.5,1189.5272966520001,22.21747959428859,0.21975651191426948,0.6182379522606698
681.0,1190.4178399450002,22.22729028767156,0.15219104329975064,0.7372105827430592
681.5,1191.288856395,22.22908751669894,0.18104993743577324,0.7190915557384082
682.0,1192.1093813759999,22.22908751669894,0.18104993743577324,0.7190915557384082
682.5,1192.936050143,22.22908751669894,0.18104993743577324,0.7190915557384082
