t,id,color,x,y,handle_x,handle_y,confidence
1789539881.1584427,door_red_5d3986,red,-0.8342357134788534,1.3271983737300643,-0.834235715946106,1.32719837376087,0.31209784746170044
1789539882.0531836,door_red_5d3986,red,-0.5902466604481269,1.4233689139097816,-0.5902466599314207,1.4233689139517287,0.4160110354423523
1789539883.2231655,door_blue_5e0bb5,blue,2.314487569062562,-1.7001984809460373,2.3144875699039646,-1.7001984809646018,0.40258240699768066
1789539884.7607765,door_blue_5e0bb5,blue,2.1904588549001476,-1.6680663281636012,2.190458855787756,-1.6680663281836323,0.3764260709285736
1789539885.1307924,door_red_b70777,red,-0.8302705431441495,1.3506574508593712,-0.8302705422600265,1.3506574508394327,0.29557445645332336
1789539885.6595812,door_blue_5e0bb5,blue,2.154423604508749,-1.6507143088287084,2.154423605392872,-1.650714308848647,0.3954990804195404
1789539886.573592,door_red_b70777,red,-0.6919795124058563,1.3387415874392337,-0.6919795115189931,1.3387415874192579,0.3205542266368866
1789539886.850108,door_blue_5e0bb5,blue,2.829691350158056,-1.854825075811579,2.829691351044919,-1.8548250758315548,0.3743368685245514
1789539888.2895198,door_red_b70777,red,-0.5900115487971307,1.3539853570707583,-0.5899657717550337,1.3539843270075105,0.39953652024269104
1789539888.6319861,door_blue_f2b145,blue,2.989710868023144,-1.9268858306500856,2.9897510436027166,-1.926886734670657,0.2827014923095703
1789539889.4424522,door_red_b70777,red,-0.5883948943673012,1.3433794498379719,-0.5883941847474201,1.343379433063153,0.5104941129684448
1789539889.908477,door_blue_f2b145,blue,2.954218252234068,-1.9126916296410366,2.954218961853949,-1.9126916464158554,0.3944268822669983
1789539891.3904474,door_red_615eda,red,-0.26596852996044396,1.9541315668861805,-0.2659685280340134,1.9541315663988024,0.6284157633781433
1789539892.7539003,door_red_2f923c,red,-0.21506744397389066,1.9244213299941362,-0.21506744327981142,1.924421329601454,0.7315459847450256
1789539893.0632386,door_blue_8b6125,blue,3.407542860197662,-1.9509577688367663,3.4075428608917413,-1.9509577692294484,0.4428039789199829
1789539894.245169,door_red_404375,red,-0.31705382261344095,1.9127980215812395,-0.3170538220108601,1.9127980209203153,0.8588516116142273
1789539894.8066554,door_blue_1b0ddf,blue,2.002108777764881,-1.407464168432498,2.002108778361951,-1.4074641690879255,0.3748207688331604
1789539895.4448643,door_red_404375,red,-0.6125254262162791,1.3910326353959979,-0.6125254258849966,1.391032634680446,0.5355421304702759
1789539895.5899475,door_blue_df7a1e,blue,1.7215476376829306,-1.407056608944676,1.7215476380142132,-1.407056609660228,0.3220919370651245
1789539897.0709076,door_red_404375,red,-0.6132036604904207,1.3919363083382834,-0.6132036599034048,1.391936307471616,0.556288480758667
1789539897.3099868,door_blue_df7a1e,blue,1.651865105256416,-1.3915905794942445,1.6518651058434317,-1.3915905803609119,0.2866918742656708
1789539898.5671816,door_red_404375,red,-0.6132036604904207,1.3919363083382834,-0.6132036599034048,1.391936307471616,0.5573145747184753
1789539898.663409,door_blue_df7a1e,blue,1.651865105256416,-1.3915905794942445,1.6518651058434317,-1.3915905803609119,0.28691565990448
1789539900.0972211,door_red_404375,red,-0.6122981650558346,1.390798867849165,-0.6122981645486971,1.3907988670430507,0.5395814776420593
1789539900.3279417,door_blue_df7a1e,blue,1.6879371070833589,-1.3950728242856425,1.6879371075904963,-1.3950728250917568,0.2686977684497833
1789539901.947303,door_red_fa8e43,red,-0.7766287355562966,1.4464160150393806,-0.7766287350320542,1.4464160143647955,0.7479126453399658
1789539903.3511434,door_red_2f923c,red,-0.6705608238836733,1.498788138438557,-0.6705608255822797,1.4987881398927985,0.7704132795333862
1789539903.6591377,door_blue_1b0ddf,blue,2.1894152891899856,-1.5028055438502077,2.189415287491379,-1.5028055423959663,0.2861079275608063
1789539904.610484,door_blue_8b6125,blue,2.379121978391226,-1.5985638213623685,2.379121666708189,-1.598563599768374,0.378702849149704
1789539904.9227092,door_red_2f923c,red,-0.5934306888408927,1.471536737786748,-0.5934308807012956,1.471536871453036,0.7623095512390137
1789539905.6489642,door_blue_8b6125,blue,2.3918861792559203,-1.599548750340686,2.391886225021176,-1.5995488042369557,0.4908878803253174
1789539906.230129,door_red_2f923c,red,-0.1259631137490933,2.0264015928335017,-0.1259865215926137,2.0264110652236034,0.6895657777786255
1789539906.6169162,door_blue_8b6125,blue,2.4483602492156633,-1.6664740895171044,2.448355787264606,-1.6664723672873127,0.432019978761673
1789539907.6172192,door_blue_8b6125,blue,2.4882173917434622,-1.6752216635474386,2.4882173620422625,-1.6752216537276432,0.5031421780586243
1789539908.0050995,door_red_2f923c,red,-0.18478277744078553,1.9197938371492198,-0.18478278292724326,1.9197938387359483,0.5145678520202637
1789539908.5980866,door_blue_5e0bb5,blue,2.4892951585447474,-1.6891188468570701,2.4892951591400454,-1.6891188471415512,0.46087589859962463
1789539909.476815,door_red_2f923c,red,-0.15567579125314435,1.9601747909115605,-0.15567579042141255,1.96017479070319,0.6572383642196655
1789539909.6771955,door_blue_5e0bb5,blue,2.4660209132917688,-1.6763933780692881,2.4660209141235008,-1.6763933782776588,0.45654135942459106
1789539911.0702085,door_red_2f923c,red,-0.13784844698556142,1.9454993485594243,-0.13784844611159697,1.945499348374541,0.795041024684906
1789539911.8935056,door_blue_5e0bb5,blue,2.798246699872686,-1.8530485605710456,2.7982467007485896,-1.8530485606399085,0.38976529240608215
1789539912.4693215,door_red_2f923c,red,-0.1450278418233164,1.9098504753037464,-0.14502784092553966,1.9098504750982823,0.6851276159286499
1789539912.9167132,door_blue_f2b145,blue,2.9342344371391507,-1.928775952549732,2.934234438033187,-1.9287759527208217,0.4219193160533905
1789539913.7489154,door_blue_f2b145,blue,2.915230056721526,-1.894334234685873,2.9152300576072308,-1.8943342347230925,0.4424944818019867
1789539914.041944,door_red_2f923c,red,-0.17443444552113962,1.889255176556327,-0.1744344446360847,1.8892551765211703,0.591288685798645
1789539914.764727,door_blue_928f7f,blue,2.8281060224600685,-1.8795372464037152,2.8281060233440476,-1.8795372464387614,0.5214620232582092
1789539915.755775,door_red_2f923c,red,-0.17796589104249938,1.9164100803398432,-0.1779661697500135,1.91641008680234,0.3013206720352173
1789539916.9485373,door_blue_928f7f,blue,2.062769795361443,-1.5545744654701097,2.062755212421203,-1.5545755303238176,0.3485349416732788
1789539917.2611997,door_red_2f923c,red,-0.16539335049117176,1.897856471210419,-0.16540716816909518,1.8978551467918867,0.5303654670715332
1789539918.7655435,door_red_2f923c,red,-0.15906382013330353,1.835630017602771,-0.015210070939990883,1.9094002872488147,0.22992871701717377
1789539920.200314,door_red_2f923c,red,-0.1944291085558943,1.8437248797110408,-0.19442749286411914,1.8437250523745181,0.21624408662319183
1789539921.5238285,door_blue_928f7f,blue,2.0965243486624727,-1.5316974860638402,2.0965239981237724,-1.5316974933595207,0.34034696221351624
1789539921.763912,door_red_404375,red,-0.2454795572990337,1.9055120676820165,-0.24547962445157562,1.9055120685801483,0.22911418974399567
1789539922.7133033,door_blue_928f7f,blue,2.0692706069514544,-1.512203497753094,2.0692683781671115,-1.5122035195317831,0.6046524047851562
1789539922.7969813,door_red_33f977,red,5.963964231556609,1.9149866125310462,5.963962002772266,1.914986590752357,0.21379640698432922
1789539923.3891308,door_red_404375,red,-0.24689106720338994,1.8338103345229595,0.2855990133306705,1.9706863034280027,1.0
1789539923.581879,door_blue_928f7f,blue,2.1103820262142308,-1.520199165500056,2.110374335541254,-1.520199316391092,0.30293646454811096
1789539924.7131531,door_red_33f977,red,5.919221372726999,1.9108884537075361,5.919221364107013,1.9108884534949133,0.4476679563522339
1789539925.0189188,door_red_404375,red,-0.1686187994386456,1.8134527819191963,-0.1686188051191188,1.8134527817520771,1.0
1789539925.7927763,door_red_f5b20a,red,5.698973163180393,1.8501481699374858,5.698973164051027,1.8501481698911553,0.31427425146102905
1789539926.4361267,door_red_404375,red,0.0373275791755861,1.824206032451923,0.03732758006934456,1.8242060324564593,1.0
1789539926.82498,door_red_f5b20a,red,5.929805146862751,1.9253509201287078,5.929805147739936,1.9253509202454517,0.3408561050891876
1789539927.715205,door_blue_be9d66,blue,2.1511919664807824,-1.4447881491561456,2.151191967367363,-1.4447881491898313,0.7227081060409546
1789539927.7950866,door_red_f5b20a,red,4.683867816904796,1.4230590334212847,4.683867817791375,1.423059033387599,0.39280030131340027
1789539928.9377375,door_red_f5b20a,red,4.636051436273726,1.3758341613922704,4.636051437167332,1.3758341612540208,0.2512070834636688
1789539929.8910382,door_red_f5b20a,red,4.4366124681626955,1.2719048309715402,4.436612469037715,1.2719048309398746,0.21873879432678223
1789539932.1695006,door_blue_928f7f,blue,2.9154566435002405,-1.9494708622386536,3.3446520561192337,-1.9179703144366897,0.6736454963684082
1789539932.8488984,door_red_d7e6e2,red,6.151794188066704,1.9455017827971364,6.1517941889221035,1.9455017826549892,0.6141069531440735
1789539933.059371,door_blue_928f7f,blue,2.8847066928515046,-1.9235186793563595,3.2841575763465207,-1.904784269117577,0.7542605400085449
1789539934.0384302,door_blue_928f7f,blue,2.872563961856473,-1.904652615641377,3.302427306599012,-1.8950899054943495,0.46670839190483093
1789539934.3852696,door_red_d7e6e2,red,6.148042845693118,1.975600296740848,6.148042846517343,1.9756002965108341,0.27795374393463135
1789539935.7928813,door_red_d7e6e2,red,6.190387189727347,2.0152721155945894,6.190387190587668,2.0152721152022535,0.5991191267967224
1789539936.1589887,door_blue_be9d66,blue,2.9212998006355377,-1.8652786415160687,3.252521765419173,-1.8854497802559709,1.0
1789539937.1102283,door_blue_be9d66,blue,3.0544622441690388,-1.9313970061560728,3.2461247428912547,-1.8983239300930916,1.0
1789539937.4465609,door_red_d7e6e2,red,6.159182808469356,1.9959820554212495,6.159182809324137,1.995982055156499,0.6701656579971313
1789539938.3397582,door_blue_be9d66,blue,3.1228772991669596,-1.890575689888919,3.2212866928820554,-1.8709451854726518,1.0
1789539938.6606808,door_blue_11b878,blue,2.8135139796717397,-1.955868415282484,2.8135139805116056,-1.955868415534758,0.24825844168663025
1789539939.0632792,door_red_d7e6e2,red,6.22529909498732,2.0191955414695295,6.225299095838326,2.019195541223955,0.6598023176193237
1789539939.2923038,door_blue_f2b145,blue,5.04921672030423,-3.6408690566021247,5.0492167211563945,-3.6408690568458653,0.41914063692092896
1789539940.439748,door_blue_11b878,blue,2.9229232846527724,-1.974656040980991,2.9229232855293374,-1.9746560411427212,1.0
1789539940.9902573,door_red_d7e6e2,red,6.1762087288197804,1.9868731599233165,6.176208729695386,1.9868731597644635,0.4660439193248749
1789539941.9023979,door_blue_58019a,blue,3.217887697042893,-2.4872205075266,3.3727683269027016,-1.9587611589868281,1.0
1789539942.509019,door_red_d7e6e2,red,6.062022831107928,1.949683633594132,6.062022831984427,1.949683633458685,0.2505015730857849
1789539944.1522858,door_red_d7e6e2,red,6.038686129173061,1.9364555805901178,6.038676808899286,1.9364574814488935,0.48575669527053833
1789539944.980882,door_blue_d2c48d,blue,3.016462724413964,-2.758928488537001,3.417719293105297,-1.9690350945067707,1.0
1789539945.7455933,door_red_d7e6e2,red,6.123457919412287,1.9924108797938032,6.123457917998655,1.99241087989336,0.537579357624054
1789539947.3885188,door_red_d7e6e2,red,6.096392424442403,1.998445808476197,6.096392425335619,1.9984458084003345,0.6550977826118469
1789539948.493777,door_blue_292b52,blue,3.009103847026916,-2.8371361919266187,3.0091029414376176,-2.83713620388246,1.0
1789539949.1009712,door_red_d7e6e2,red,6.040827499062992,1.9412766175099474,6.040826782593454,1.9412766080515058,0.6499382853507996
1789539949.741083,door_blue_292b52,blue,2.981361799004528,-2.827753099124497,2.981356128802143,-2.8277530343404047,1.0
1789539950.4355712,door_red_d7e6e2,red,6.065286802647963,1.9594588396454196,6.065286600654937,1.95945885032542,0.47760486602783203
1789539951.2890851,door_blue_292b52,blue,2.889889433356126,-2.801258163418954,2.889889432909929,-2.8012581633435114,1.0
1789539952.0613883,door_red_615eda,red,5.995451059841349,1.9665603887926921,5.995451060670041,1.9665603886902163,0.4933341145515442
1789539952.8815234,door_blue_292b52,blue,2.781275224474517,-2.763547937014439,2.781274510826368,-2.763547762740964,1.0
1789539953.543754,door_red_615eda,red,5.946953503043299,1.9594404641791856,5.94695347485842,1.959440472938462,0.6887959837913513
1789539954.9856637,door_red_2f923c,red,5.8913148701890465,1.9649764361926123,5.891314870971949,1.9649764358272632,0.5615772008895874
1789539955.9773538,door_blue_d2c48d,blue,2.615964374398274,-2.692398278575122,3.2887372216333723,-2.7877505770518027,1.0
1789539956.6814623,door_red_2f923c,red,5.82917134571155,1.9471344836515092,5.82917134644218,1.9471344831791804,0.6160072684288025
1789539957.549192,door_blue_58019a,blue,2.7699431112680766,-2.731408841619276,3.319650520825367,-2.0945127884956873,1.0
1789539958.109557,door_red_2f923c,red,5.76832412730501,1.9280265039716697,5.768324127958401,1.9280265034059823,0.5520511269569397
1789539959.815955,door_red_404375,red,5.768272317616393,1.9583824427134502,5.76827231820498,1.9583824420586962,0.7317343354225159
1789539961.3849266,door_blue_f2b145,blue,3.452192829409248,-5.461690455957525,3.4521928298902242,-5.461690456681739,0.3990885317325592
1789539962.2657425,door_blue_11b878,blue,2.5537816407652816,-2.663370832858287,2.55378164118617,-2.6633708336204855,1.0
1789539962.4528878,door_blue_f2b145,blue,3.2889956146749753,-5.466896184538137,3.2889956150958635,-5.466896185300335,0.7486979365348816
1789539963.558302,door_blue_f2b145,blue,3.035658749097575,-5.417495395682768,3.0356587494295386,-5.417495396491839,1.0
1789539963.8527963,door_blue_11b878,blue,2.4434631826891673,-2.614202794494477,2.4434631829973394,-2.6142027953143674,1.0
1789539964.4626412,door_blue_be9d66,blue,3.0719644251750275,-2.776012290958131,3.071964425441131,-2.776012291800734,1.0
1789539965.3077328,door_blue_11b878,blue,2.333466050206202,-2.552681057947421,2.333466050482981,-2.552681058837328,1.0
1789539965.4930277,door_blue_be9d66,blue,2.9882431115396475,-2.765438863270238,2.9882431118164265,-2.765438864160145,1.0
1789539966.6047413,door_blue_ca1398,blue,2.9318891081553056,-2.7555148083676313,2.93188910842106,-2.7555148092708266,1.0
1789539966.8821547,door_blue_11b878,blue,2.286400482688878,-2.5221278991829514,2.2864004829546327,-2.5221279000861463,1.0
1789539967.5996552,door_blue_ca1398,blue,2.9318891081553056,-2.7555148083676313,2.93188910842106,-2.7555148092708266,1.0
1789539968.6168447,door_blue_11b878,blue,2.286400482688878,-2.5221278991829514,2.2864004829546327,-2.5221279000861463,1.0
1789539968.8132846,door_blue_ca1398,blue,2.9318891081553056,-2.7555148083676313,2.93188910842106,-2.7555148092708266,1.0
1789539970.0756748,door_blue_11b878,blue,2.286400482688878,-2.522127899182951,2.2864004829546327,-2.5221279000861463,1.0
1789539970.3592515,door_blue_ca1398,blue,2.9318891081553056,-2.7555148083676313,2.93188910842106,-2.7555148092708266,1.0
1789539971.4353092,door_blue_ca1398,blue,2.9318891081553056,-2.7555148083676313,2.93188910842106,-2.7555148092708266,1.0
1789539971.6355708,door_blue_11b878,blue,2.286400482688878,-2.522127899182951,2.2864004829546327,-2.5221279000861463,1.0
1789539972.371211,door_blue_ca1398,blue,2.9318891081553056,-2.7555148083676313,2.93188910842106,-2.7555148092708266,1.0
1789539973.4459538,door_blue_11b878,blue,2.286400482688878,-2.5221278991829514,2.2864004829546327,-2.5221279000861463,1.0
1789539973.766012,door_blue_ca1398,blue,2.9318891081553056,-2.7555148083676313,2.93188910842106,-2.7555148092708266,1.0
1789539975.2955074,door_blue_ca1398,blue,2.9318891081553056,-2.7555148083676313,2.93188910842106,-2.7555148092708266,1.0
1789539975.7981892,door_blue_11b878,blue,2.286400482688878,-2.5221278991829514,2.2864004829546327,-2.5221279000861463,1.0
1789539976.5003135,door_blue_ca1398,blue,2.9318891081553056,-2.7555148083676313,2.93188910842106,-2.7555148092708266,1.0
1789539977.506442,door_blue_ca1398,blue,2.9318891081553056,-2.7555148083676313,2.93188910842106,-2.7555148092708266,1.0
1789539977.7435703,door_blue_11b878,blue,2.286400482688878,-2.5221278991829514,2.2864004829546327,-2.5221279000861463,1.0
1789539978.9498107,door_blue_be9d66,blue,2.950021503510376,-2.063574608640008,3.1308358252131776,-2.1467041230501347,1.0
1789539979.8627594,door_blue_11b878,blue,2.2916889787312518,-2.5251720243558085,2.2916889789970063,-2.5251720252590037,1.0
1789539980.3254678,door_blue_be9d66,blue,2.797358047406013,-2.1676529636878037,2.912878963987893,-2.1895248479494933,1.0
1789539981.1831088,door_blue_11b878,blue,2.3527583486319585,-2.3959117092739914,2.352758348897713,-2.3959117101771863,1.0
1789539995.5071297,door_red_404375,red,5.055831613712204,1.1864520107941186,5.055831614175075,1.186452010123023,0.6202161312103271
1789539997.0452414,door_red_2f923c,red,5.966311098520732,2.0955991382117696,5.966311099193825,2.0955991377433776,0.6465775370597839
1789539997.760351,door_blue_292b52,blue,1.9809137600659168,-2.3114175138177413,1.9809137607908416,-2.3114175141989093,1.0
1789539998.6690624,door_red_af84ed,red,6.0872480635289,2.1225677003352432,6.0872480643363485,2.1225677000783505,0.7325869202613831
1789540000.376427,door_red_d7e6e2,red,6.192640248884517,2.0656563325568835,6.192640249780464,2.0656563325630874,0.42700329422950745
1789540002.724943,door_red_5d3986,red,5.3022194562470935,1.2788994913224525,5.302219457046731,1.2788994916140028,0.6212910413742065
1789540003.6762683,door_red_f9c2b9,red,5.992977681778553,1.9478025699713326,5.992977682496738,1.9478025703828372,0.7134547829627991
1789540004.6096487,door_red_70063d,red,6.0419242038411545,1.9270233414837967,6.041924204424419,1.9270233420228065,0.6205406188964844
1789540005.4390848,door_red_404375,red,0.16706644683213678,1.4591438448827896,0.16706644745033872,1.4591438455711252,0.2671271562576294
1789540005.6568244,door_red_3b9977,red,6.032412516911997,1.9135713526166862,6.032412517530199,1.9135713533050218,0.6956197619438171
1789540006.8220868,door_red_23b6b7,red,0.10645513125898676,1.5888400934464135,0.10645513162489006,1.5888400941820175,0.5377857089042664
1789540007.1953497,door_red_bb783a,red,6.0771846749783,1.8969790192970577,6.0771846753433225,1.8969790200334424,0.6316232681274414
1789540008.19482,door_red_af84ed,red,0.09267172546170999,1.6586515967629158,0.09267172564841131,1.6586515975998721,0.3674728274345398
1789540009.891029,door_red_b70777,red,0.3404072185749478,1.6008007024610549,0.3404072204140416,1.6008007009110015,0.5160374045372009
1789540010.4186175,door_red_41d384,red,5.850336249830605,1.7625471682955023,5.850336249871565,1.7625471685810512,0.6006180047988892
1789540011.474613,door_red_b70777,red,0.3267736901727005,1.5867730433976672,0.32677369015960833,1.5867730443291035,0.5442683696746826
1789540012.1093202,door_red_41d384,red,5.818587969532177,1.7582130821598203,5.818587969524009,1.7582130830143883,0.7310382127761841
1789540013.0625346,door_red_615eda,red,0.3725804811937863,1.558296452781233,0.3725804811882636,1.5582964536750958,0.4975060224533081
1789540013.761046,door_red_41d384,red,5.856054263258652,1.7529430559577803,5.856054263253581,1.7529430568422657,0.5730170011520386
1789540014.8170435,door_red_615eda,red,0.49487685539769455,1.472421376822101,0.49487685539426396,1.472421377708478,0.49619975686073303
1789540015.1326718,door_red_41d384,red,5.841634301748984,1.7404643764461947,5.84163430174565,1.740464377332559,0.797739565372467
1789540016.3825998,door_red_615eda,red,0.416062707557769,1.5240106611903108,0.41606270747485263,1.5240107315104081,0.3315415680408478
1789540016.5981774,door_red_41d384,red,5.874129577788849,1.808461120661574,5.874129577705933,1.8084611909816712,0.764816164970398
1789540018.1464298,door_red_615eda,red,0.4160627075577694,1.5240106611903108,0.4160627074748531,1.5240107315104081,0.33430856466293335
1789540018.4426844,door_red_41d384,red,5.777693371505581,1.7268201978339475,5.777693371422665,1.7268202681540448,0.76503986120224
1789540019.6519766,door_red_615eda,red,0.4160627075577694,1.5240106611903108,0.4160627074748531,1.5240107315104081,0.3333415687084198
1789540019.9855027,door_red_41d384,red,5.766181604184187,1.717074570711962,5.76618160410127,1.7170746410320592,0.7648676037788391
1789540021.4932652,door_red_615eda,red,0.3772821323256057,1.561948096183074,0.37728213261285726,1.5619480970724364,0.5363072156906128
1789540021.889053,door_red_41d384,red,5.7501055348292205,1.6867990419421028,5.7501055351164725,1.6867990428314652,0.7850273847579956
1789540023.2656407,door_red_2f923c,red,0.2695651096593146,1.534125515906963,0.2695651230830314,1.5341252905509692,0.2707277238368988
1789540024.6283808,door_red_404375,red,0.9003296404734566,1.1397377964162643,0.9003279391517895,1.1397348550961537,0.48900294303894043
1789540024.7970543,door_red_8ab259,red,5.929028175624563,1.741804438548608,5.929026474302895,1.7418014972284974,0.7226022481918335
1789540026.1576571,door_red_3b9977,red,5.96157289513261,1.7806869099925555,5.9615699357917435,1.7806818136637481,0.6245005130767822
1789540026.6969123,door_red_404375,red,0.8223685706663066,1.3023093656084648,0.8223679080923478,1.3023082939009591,0.31029996275901794
1789540026.8829043,door_red_3b9977,red,5.87438161805937,1.770508359303854,5.8743810324295005,1.770507416684719,0.7395814657211304
1789540027.0703003,door_blue_1503d1,blue,9.232911697338695,-2.0612708912237703,9.232911111708827,-2.0612718338429055,0.5017998814582825
1789540028.1141665,door_red_3b9977,red,5.935853285176567,1.8336251461098507,5.935853266465618,1.8336251144929054,0.7373326420783997
1789540028.8195124,door_blue_1503d1,blue,9.58000083998255,-2.114722794300337,9.580000172739437,-2.1147233676695256,0.6030785441398621
1789540029.1023045,door_red_3b9977,red,5.8924846511815225,1.8279328891731264,5.892483983938412,1.8279323158039378,0.6259635090827942
1789540030.3807275,door_blue_1503d1,blue,9.30054966510915,-2.033867336566181,9.300549844553858,-2.0338671215092323,0.5471242666244507
1789540030.686345,door_red_f9c2b9,red,5.89402512662077,1.8382049951162593,5.894025306065479,1.8382052101732078,0.6565126180648804
1789540031.9324708,door_blue_1ffb88,blue,7.985128488456188,-1.4467749811777242,7.9851038239935095,-1.4467826757946858,0.5796257257461548
1789540032.1399064,door_red_f9c2b9,red,5.80568732951035,1.8171412019016242,5.805662665047672,1.8171335072846626,0.7422872185707092
1789540033.5842593,door_blue_1ffb88,blue,7.819343140030392,-1.3318008905186716,7.8193386197181525,-1.331802106382812,0.665497362613678
1789540033.903894,door_red_5d3986,red,5.776293415158624,1.8408344011249738,5.7762888948463855,1.8408331852608333,0.7653848528862
1789540034.7449389,door_blue_1ffb88,blue,7.756635132471403,-1.3031560101020152,7.75663511289956,-1.3031560154747972,0.4877084493637085
1789540035.0569987,door_red_5d3986,red,5.82393399032428,1.8593143805606034,5.823933970752437,1.8593143751878214,0.8330181241035461
1789540036.0408947,door_red_5d3986,red,5.843206755233258,1.9068289289557399,5.843206755771713,1.9068289290147946,0.7914730906486511
1789540036.3353894,door_blue_1ffb88,blue,7.705354432040579,-1.2681514054608631,7.705354432579035,-1.2681514054018084,0.4633046090602875
1789540038.238136,door_blue_f2b145,blue,7.956886565701031,-1.3636766254156958,7.95688656658219,-1.363676625133069,0.39348480105400085
1789540038.844948,door_red_b70777,red,5.849363383638946,1.939505082207348,5.84936338452628,1.9395050823421887,0.24062684178352356
1789540040.0304701,door_blue_928f7f,blue,7.909241751357365,-1.3775495656041512,7.9092417522441245,-1.3775495655268035,0.5841745138168335
1789540040.4373422,door_red_b70777,red,6.030240657901114,1.94424518628376,6.0302406587898965,1.944245186348303,0.4670754671096802
1789540041.0675108,door_blue_f2b145,blue,8.073448183161,-1.4389988310562574,8.07344818406019,-1.4389988310591857,0.5866732001304626
1789540042.0334728,door_red_072e78,red,5.9480324538204865,1.9571831764095777,5.948032454709636,1.9571831762650822,0.6041391491889954
1789540042.2727551,door_blue_f2b145,blue,8.934722110546645,-1.9145786810457235,8.934722111435793,-1.914578681190219,0.6827682256698608
1789540043.4849584,door_blue_5e0bb5,blue,8.99671093867982,-1.9187304272288992,8.996710939581437,-1.9187304273791386,0.6250734329223633
1789540043.8507464,door_red_acf9b2,red,5.71994775886483,1.9111168079598424,5.719947759761683,1.9111168078235683,0.4468502998352051
1789540044.5312433,door_blue_5e0bb5,blue,9.05314850770983,-1.9368925748301637,9.053166323418544,-1.9368985989840435,0.5626250505447388
1789540045.2702813,door_red_acf9b2,red,5.719543959316518,1.8934109049110657,5.71954315928789,1.8934112281673379,0.2901567816734314
1789540045.5149362,door_blue_5e0bb5,blue,8.963795310894682,-1.8724771384094552,8.963794606993101,-1.8724768520093973,0.5492589473724365
1789540046.6231508,door_blue_5e0bb5,blue,9.055874807679587,-1.8900854279839603,9.055874807679785,-1.8900854278792187,0.6336492896080017
1789540046.9184432,door_red_fa8e43,red,5.938740631693534,1.9320463627651066,5.938740632361506,1.932046362511913,0.390697717666626
1789540047.6248927,door_blue_8b6125,blue,9.077398740110777,-1.8854928333010557,9.077398740886592,-1.8854928336759136,0.6661595106124878
1789540048.6776898,door_blue_8b6125,blue,8.98557043585775,-1.8119430288138958,8.985570436548313,-1.8119430293169148,0.49211350083351135
1789540049.6780915,door_blue_8b6125,blue,8.993398066706122,-1.8347725259467962,8.993398067413176,-1.8347725264790946,0.5864063501358032
1789540050.7890615,door_blue_40052f,blue,8.913675664536585,-1.8143309816716882,8.91367566524902,-1.8143309822122158,0.45756107568740845
1789540051.994406,door_blue_40052f,blue,8.880154953317707,-1.787917912558368,8.880154954015287,-1.7879179131016563,0.30682703852653503
1789540053.230732,door_blue_40052f,blue,8.916799366549984,-1.8167218819851783,8.916799076808056,-1.8167217760887717,0.4989379048347473
1789540054.3092873,door_blue_26713c,blue,8.903964947120935,-1.8354681188345456,8.903964945894085,-1.8354681186866082,0.5623080134391785
1789540055.4356103,door_blue_26713c,blue,8.839815857119515,-1.7998269449620836,8.839815857817259,-1.799826945389178,0.45195886492729187
1789540056.1249487,door_blue_df7a1e,blue,10.773859497607525,1.4290954509366343,10.773859498456885,1.4290954504543012,0.5648242235183716
1789540056.389142,door_blue_26713c,blue,8.85705665513084,-1.8504996261355513,8.8570566559802,-1.8504996266178844,0.6740666031837463
1789540057.327644,door_blue_26713c,blue,8.861713866269872,-1.8340777451466364,8.86171386705419,-1.8340777453784283,0.36387068033218384
1789540057.656194,door_blue_df7a1e,blue,10.802233345677681,1.4042339432220894,10.802233346458495,1.4042339430097734,0.5554954409599304
1789540058.453561,door_blue_26713c,blue,8.878362168494863,-1.8771066489342467,8.87836216933392,-1.8771066492503463,0.5890811085700989
1789540059.2023153,door_blue_df7a1e,blue,10.78664318236182,1.392818269341252,10.786643183162075,1.392818269123596,0.31590718030929565
1789540059.36114,door_blue_26713c,blue,8.836870044572194,-1.8522949304578749,8.83687004537245,-1.852294930675531,0.6468956470489502
1789540060.7313054,door_blue_26713c,blue,8.853567781901301,-1.8672546031375474,8.853567782770744,-1.8672546034792972,0.7315834164619446
1789540060.998506,door_blue_df7a1e,blue,10.685065963733704,1.2768424242413168,10.68506596459826,1.276842423925814,0.3849848806858063
1789540061.5497124,door_blue_26713c,blue,8.860569254792109,-1.886282743711574,8.860569255629915,-1.8862827439238243,0.7228370308876038
1789540062.5011153,door_blue_df7a1e,blue,10.74976091612665,1.297160286023121,10.749760916993605,1.2971602857810147,0.32878604531288147
1789540062.6594913,door_blue_928f7f,blue,8.837198098065292,-1.8778859798408762,8.837198098932248,-1.8778859800829826,0.5436843633651733
1789540063.848637,door_blue_928f7f,blue,8.879691132734559,-1.9187777457998765,9.278969492617076,-1.893390266048264,0.6064420342445374
1789540064.32519,door_blue_df7a1e,blue,10.829666778478824,1.319038130895757,10.829666779330498,1.3190381307224075,0.6142643094062805
1789540064.8211327,door_blue_928f7f,blue,8.847619488203227,-1.8934552308740877,9.287927189893171,-1.8956627052533448,0.5118106603622437
1789540065.8409781,door_blue_df7a1e,blue,12.061867040789485,1.9343518109243791,12.061867041652672,1.9343518107008935,0.6361223459243774
1789540065.9788332,door_blue_928f7f,blue,8.847709383466954,-1.888078968658554,9.30259421730225,-1.9131032953377423,0.22007489204406738
1789540067.1507504,door_blue_be9d66,blue,8.851229916745257,-1.9213069905766171,9.229667983317768,-1.8623658526127973,0.25427985191345215
1789540067.5175893,door_blue_df7a1e,blue,12.15007151206556,1.9933016863932311,12.150071512923489,1.993301686130961,0.6438620686531067
1789540068.2191548,door_blue_be9d66,blue,8.843856973320099,-1.9339222496488522,9.286935701645488,-1.903160472279607,1.0
1789540069.1897924,door_blue_df7a1e,blue,12.092457026541734,1.9901447052566459,12.092457027387404,1.990144704991184,0.6926194429397583
1789540069.3203173,door_blue_be9d66,blue,8.846088963063726,-1.9096604767305836,9.289500047909963,-1.8905340978151859,1.0
1789540070.453439,door_blue_be9d66,blue,8.813206684472934,-1.8956890605656365,9.303546882473348,-1.8950184536796915,0.35400301218032837
1789540070.4611185,door_green_bfde52,green,17.89330999989827,0.11196105527222944,17.893308599487522,0.11196176697585891,0.5811631679534912
1789540070.8490293,door_blue_1f329e,blue,12.007848133306245,1.9830477615474882,12.00784787225948,1.9830479039654714,0.5273473858833313
1789540071.4800622,door_blue_ca1398,blue,8.832419031016045,-1.8759569455109828,9.262608715910368,-1.835153080173396,1.0
1789540072.4790463,door_blue_1f329e,blue,11.871124647673343,1.9350126127677676,11.871124648333511,1.9350126123527822,0.4866100251674652
1789540072.666685,door_blue_ca1398,blue,8.876457719758513,-1.8773464241631848,9.392043840921843,-1.8791695533815238,0.2982773184776306
1789540073.777085,door_blue_ca1398,blue,8.922320453420747,-1.8890317969460697,9.376409612118671,-1.844135743365833,1.0
1789540074.1409278,door_blue_84d4f2,blue,11.956711125269202,2.0357189200742454,11.956711125634921,2.0357189197917434,0.6123590469360352
1789540074.153034,door_green_f5568a,green,17.886619541354047,0.007971643012272711,17.88661954171977,0.00797164272977069,0.5768229365348816
1789540074.7957008,door_blue_ca1398,blue,8.90347582963177,-1.8403553107820465,9.381197610872594,-1.822022656510169,0.33276301622390747
1789540075.8558402,door_blue_84d4f2,blue,11.840504501530376,1.9927795464453746,11.840504623486922,1.9927796644887616,0.42805394530296326
1789540076.0681918,door_blue_a030e7,blue,8.940561547626883,-1.8622552319779864,9.35652794814814,-1.7919144920966756,1.0
1789540077.078729,door_blue_a030e7,blue,8.944138433556105,-1.8280094014937318,9.453778526648062,-1.8222318499684338,0.5043545961380005
1789540077.5481248,door_blue_84d4f2,blue,11.911460216739123,2.0232836555477354,11.911460217349429,2.023283654925362,0.671008825302124
1789540078.1206949,door_blue_a030e7,blue,8.993051470517104,-1.8359183376847632,9.407116028676956,-1.7840125895106296,0.27187228202819824
1789540079.0445755,door_blue_b6ef4e,blue,11.808881101009018,1.9915733020084943,11.80888109679709,1.9915733081841036,0.4460238218307495
1789540079.171626,door_blue_a030e7,blue,8.922200133374751,-1.7833087533806633,9.421387465807856,-1.7747502159304496,0.39030492305755615
1789540080.3718371,door_blue_e0a033,blue,8.970077078295,-1.7902820285746321,9.383611294845455,-1.759306772000918,1.0
1789540080.8699932,door_blue_b6ef4e,blue,11.690634097598611,1.9578201876540453,11.69063409361727,1.9578201982830399,0.6313361525535583
1789540081.4364989,door_blue_e0a033,blue,8.885784886286128,-1.7580051595366233,8.885784886518856,-1.758005159982246,1.0
1789540082.5183957,door_blue_e0a033,blue,8.812191030410593,-1.7755002571064602,8.812191030678465,-1.775500257935012,1.0
1789540083.426667,door_blue_e0a033,blue,8.71895482530975,-1.769656934390131,8.718954825502552,-1.769656935253099,1.0
1789540084.2102687,door_blue_e1ab7c,blue,8.926720802384473,-1.7038639048895008,9.152748270679922,-1.7163842564979825,1.0
1789540085.9680974,door_blue_e1ab7c,blue,8.898435490636448,-1.7056399820861876,9.15023710939941,-1.7100126741434745,1.0
1789540087.5381951,door_blue_e1ab7c,blue,8.911703735285416,-1.716353595698694,9.16245207577699,-1.7181022715563592,1.0
1789540089.00915,door_blue_e1ab7c,blue,8.920077652215078,-1.7231152218806933,9.145940569691623,-1.7071672077352946,1.0
1789540090.623594,door_blue_e1ab7c,blue,8.953879226409079,-1.7504087346994504,9.117021235416102,-1.6880148200408862,1.0
1789540091.9653165,door_blue_e1ab7c,blue,8.93545874939889,-1.7355348852591943,9.162576165843355,-1.7181844525995804,1.0
1789540093.4602985,door_blue_e1ab7c,blue,8.933489255926336,-1.7339445925991226,9.121449299038952,-1.690947390702172,1.0
1789540094.8531003,door_blue_e1ab7c,blue,8.84874556928734,-1.6655172204206794,9.127488902664643,-1.6949472348568735,1.0
1789540096.3890786,door_blue_e1ab7c,blue,8.960960892858607,-1.7561269167257965,9.152832427083025,-1.711731473407427,1.0
1789540098.167978,door_blue_e0a033,blue,8.76266217502489,-1.7551926634246333,8.762662175285174,-1.7551926642865485,1.0
1789540099.2526994,door_blue_e0a033,blue,8.914700846267133,-1.7436020364815616,9.278362222170081,-1.7000387398016517,1.0
1789540099.5653815,door_blue_b6ef4e,blue,12.000190329764685,2.1286210492801008,12.000190330176542,2.1286210485458907,0.6492851376533508
1789540100.2874775,door_blue_a030e7,blue,8.910581657257268,-1.7845314216220614,9.332734905951268,-1.7285005019481274,1.0
1789540101.2325323,door_blue_84d4f2,blue,12.009389435125893,2.1107840161636497,12.009389435688057,2.1107840155222983,0.43198367953300476
1789540101.504029,door_blue_a030e7,blue,8.88863930758985,-1.8051118700819042,9.33636724931257,-1.757862069759812,1.0
1789540102.4549315,door_blue_ca1398,blue,8.877086256015062,-1.8394539618734198,9.264713399698405,-1.7612151977441401,1.0
1789540102.7458348,door_blue_84d4f2,blue,12.039934718389677,2.0826183112324737,12.039934272821508,2.0826187301409647,0.5520644783973694
1789540102.7499082,door_green_f5568a,green,17.874760966345278,-0.005868498658739174,17.87476052077711,-0.005868079750248167,0.5583767294883728
1789540103.5049534,door_blue_ca1398,blue,8.853087018815934,-1.8706384446402877,9.32499216426351,-1.7954104813259746,1.0
1789540104.4250896,door_blue_1f329e,blue,12.10624113190375,2.08606038496036,12.106231534879909,2.0860658486691386,0.5853623151779175
1789540104.6296988,door_blue_ca1398,blue,8.829203427712477,-1.9184231142065242,9.30129974005888,-1.8145984140694869,1.0
1789540105.5939794,door_blue_be9d66,blue,9.328867690019608,-2.41964856983947,9.34232876846475,-1.8687998767198046,1.0
1789540105.891606,door_blue_1f329e,blue,12.033356835220246,2.01538951976635,12.03335655646082,2.015389735332102,0.5863892436027527
1789540106.5719888,door_blue_be9d66,blue,9.306407263768401,-2.408900538536704,9.32347643558468,-1.8523461602648799,1.0
1789540106.577289,door_green_cb1dfc,green,17.89213512176626,0.09288616196481903,17.89213511194153,0.09288616978742537,0.6931423544883728
1789540107.4330842,door_blue_1f329e,blue,12.111086451017023,2.06876035309109,12.111086451653833,2.068760352936452,0.6118929982185364
1789540107.5512426,door_blue_be9d66,blue,9.386044913444833,-2.3308844606025207,9.277415700495567,-1.8547861819504552,1.0
1789540107.5529454,door_green_cb1dfc,green,17.907142544875096,0.09515438232063422,17.907142545511906,0.09515438216599637,0.5833333134651184
1789540108.7113445,door_blue_be9d66,blue,9.111318281344818,-1.8762506943711945,9.11131828221951,-1.8762506944402997,1.0
1789540109.1330688,door_blue_11b878,blue,9.294093959118529,-2.452631699359774,9.294093960003618,-2.4526316993816737,1.0
1789540109.6977427,door_blue_ea69b9,blue,10.964384964827012,1.1040672762727002,10.964384965730083,1.1040672763037007,0.5007570385932922
1789540110.6787484,door_blue_ea69b9,blue,10.967258919757782,1.230080524523161,10.967258920627618,1.2300805246791673,0.6615247130393982
1789540110.8077407,door_blue_58019a,blue,9.407702681323048,-2.373340436073677,9.64859587360983,-1.9678114518120609,1.0
1789540111.5878172,door_blue_8b6125,blue,11.246434292097874,1.3944590614726915,11.24643429291932,1.3944590617503374,0.6757427453994751
1789540112.251105,door_blue_d2c48d,blue,9.307119985437902,-2.4986670478238375,9.581529664607247,-2.0210993159762554,1.0
1789540112.5660877,door_blue_8b6125,blue,12.00549331678177,1.9542487962021242,12.005493317542491,1.9542487965847644,0.5257851481437683
1789540112.5684228,door_green_d43b57,green,17.89404626169776,-0.07132770134813904,17.89404626245848,-0.07132770096549867,0.5520833134651184
1789540113.583417,door_blue_5e0bb5,blue,12.009348337622036,1.901284904248194,12.009348338316794,1.9012849047209177,0.6257169842720032
1789540113.7849128,door_red_2f923c,red,5.983704305717269,1.623800442692646,5.983704306389416,1.623800443192607,0.7376703023910522
1789540113.9343662,door_blue_d2c48d,blue,9.224501342907752,-2.5815264914366796,9.341299430237378,-1.972045125038862,1.0
1789540114.4966958,door_blue_5e0bb5,blue,12.064593810379549,1.944392644354398,12.064593811001128,1.9443926449453173,0.6074565052986145
1789540115.468974,door_red_2f923c,red,5.998938908141829,1.6262577377240968,5.998938908680633,1.626257738380469,0.6656089425086975
1789540115.9273596,door_blue_5e0bb5,blue,12.059509055283431,1.8969227794620749,12.059509055822236,1.8969227801184472,0.4553197920322418
1789540116.1236613,door_blue_292b52,blue,9.363589882738209,-2.4533795953695208,9.284798708244995,-1.998919909700911,1.0
1789540116.8936982,door_blue_f2b145,blue,12.119215571895399,1.8866329560266093,12.119215572322151,1.88663295675425,0.5070348381996155
1789540117.2844846,door_red_615eda,red,6.3798870090529585,1.3403150036183038,6.379887009465354,1.3403150043582603,0.7415791749954224
1789540117.9466987,door_blue_928f7f,blue,11.127776554170897,1.1556993499438781,12.600847837830448,1.8873365470563828,0.4551297426223755
1789540118.8558168,door_red_615eda,red,6.472117880744461,1.171601896870168,6.47211788114681,1.1716018977129707,0.7512774467468262
1789540120.4081955,door_red_b70777,red,6.54277295215509,1.1691898267464578,6.542772952336326,1.1691898276113757,0.7247088551521301
1789540121.0096965,door_blue_1ffb88,blue,11.857199582832743,1.8057619937533684,11.857199582987512,1.8057619946386012,0.689577579498291
1789540121.8973546,door_red_b70777,red,6.694832492499285,1.0104588416635791,6.69483249260246,1.0104588425465466,0.7499067783355713
1789540122.5316298,door_blue_e405c5,blue,11.78890871907908,1.7316241115775188,11.788908719183329,1.7316241124642668,0.6674398183822632
1789540123.5412643,door_red_b70777,red,6.687913270325571,1.019970902070447,6.68791327037208,1.0199709029555426,0.7089435458183289
1789540124.011657,door_blue_e405c5,blue,11.826110763024538,1.7250309009909663,11.826110439088136,1.7250194339595193,0.4971863627433777
1789540124.9199362,door_red_b70777,red,6.610750367335957,1.1405461335939073,6.610750361568721,1.140546068316918,0.647422194480896
1789540125.5712914,door_blue_1ffb88,blue,11.523060488799064,1.6057669525022955,11.523060488435885,1.6057669510889687,0.47240951657295227
1789540126.620202,door_red_615eda,red,6.342385300764099,1.3621520381312329,6.342385301023025,1.3621520388883406,0.7079250812530518
1789540127.1855202,door_blue_f2b145,blue,11.87295558859776,1.7040020822535626,11.87295558896924,1.704002082992456,0.6384226679801941
1789540128.1724317,door_red_2f923c,red,6.241005692583334,1.4085183954351859,6.241005693066564,1.4085183961324366,0.475157231092453
1789540128.378904,door_blue_f2b145,blue,11.869892731576353,1.720192740699871,11.869892732061654,1.720192741395919,0.40962135791778564
1789540129.3746629,door_blue_5e0bb5,blue,11.883463522079955,1.7797943785926695,11.883463522686611,1.7797943792344642,0.4466148018836975
1789540129.6971674,door_red_2f923c,red,6.222328429182241,1.350968886303002,6.222328429582875,1.3509688867163638,0.6086013317108154
1789540130.0469317,door_blue_292b52,blue,8.970659359455812,-1.9597140125707257,9.193652573965112,-1.9943080695288269,1.0
1789540130.4050837,door_blue_5e0bb5,blue,11.900798779956382,1.8006517272002274,11.90079877819547,1.8006517257635446,0.5464052557945251
1789540131.337468,door_red_404375,red,6.287439927795028,1.295364868409583,6.287439790486397,1.2953647698491755,0.28154417872428894
1789540131.557022,door_blue_5e0bb5,blue,11.859709889904252,1.7914369847113523,11.8597097595427,1.791436891344132,0.5706332921981812
1789540131.5598197,door_green_d43b57,green,17.95520204907557,0.014862947907855362,17.955201918714017,0.014862854540635295,0.5659722089767456
1789540131.6939905,door_blue_292b52,blue,8.936245183598334,-1.941984790458203,9.168111452378273,-1.9707315740150835,1.0
1789540132.5493493,door_blue_8b6125,blue,11.845143512966299,1.825969467250315,11.845142376823173,1.8259688775623748,0.4007461965084076
1789540133.432055,door_blue_292b52,blue,8.847791857903593,-1.8934723716285227,9.180598196994488,-1.9424365983169278,1.0
1789540133.7864752,door_blue_8b6125,blue,11.768508552550468,1.8062609232192175,11.76850656195486,1.8062606151824072,0.6357994079589844
1789540134.644889,door_blue_ea69b9,blue,11.075604469404933,1.3541545433244282,11.075596887687977,1.354153356703138,0.7056217789649963
1789540134.9467804,door_blue_d2c48d,blue,8.78729845223838,-1.8657082777397365,9.291153518773944,-2.033673619668596,1.0
1789540135.9780846,door_blue_df7a1e,blue,12.003299159117889,1.9105239014778488,12.003299154067232,1.910523903223826,0.43258166313171387
1789540136.5375483,door_blue_58019a,blue,8.946145131376568,-1.863759350489146,9.401070478047659,-1.9695850480515074,1.0
1789540137.4784229,door_blue_cdc158,blue,11.92782612753721,1.9409586387317967,11.927826125649466,1.9409586399846288,0.660111665725708
1789540137.5698442,door_green_cb1dfc,green,17.90313744505719,0.06054339394045677,17.903137443169445,0.06054339519328883,0.7615017294883728
1789540138.1533716,door_blue_58019a,blue,8.960751920840895,-1.8626827418051675,9.305863882970966,-1.9297551575309062,1.0
1789540139.1593359,door_blue_557d0b,blue,11.795594021854397,1.947475308355259,11.795588509533554,1.9474797811536684,0.5762299299240112
1789540139.6970394,door_blue_58019a,blue,8.875148408683705,-2.5028556583210717,9.238478597327449,-1.9172392107462495,1.0
1789540140.7567925,door_blue_be53e4,blue,11.803544520682847,1.981389635639408,11.80352936319763,1.9813968171559593,0.6944189667701721
1789540140.7580361,door_green_f86603,green,17.9021004958811,0.04377329876934466,17.90208533839588,0.04378048028589576,0.6393229365348816
1789540141.4008875,door_blue_11b878,blue,8.780966381656155,-2.5488847819812874,8.780965850637863,-2.5488845119858903,1.0
1789540142.435712,door_blue_be53e4,blue,11.097239242294416,1.2896373450594303,11.097239239370566,1.2896373463407076,0.6236676573753357
1789540142.997716,door_blue_11b878,blue,8.717577138757017,-2.577986224443208,8.717577139181513,-2.577986225055241,1.0
1789540143.1650941,door_blue_f2b145,blue,9.643821936611257,-5.093804226348149,9.643821937035753,-5.093804226960182,0.49531251192092896
1789540143.9527206,door_blue_be53e4,blue,11.011122938772212,1.1719861323557796,11.01112254394419,1.1719858361861624,0.6148982644081116
1789540144.1788275,door_blue_f2b145,blue,9.514429103954017,-5.118182800586686,9.514428762387602,-5.118183055735542,0.7764322757720947
1789540144.3620925,door_blue_11b878,blue,8.657177511907044,-2.5719943329486026,8.657177170340631,-2.5719945880974584,1.0
1789540145.218886,door_blue_f2b145,blue,9.34685819835347,-5.160202314290595,9.34685819834744,-5.160202315316958,0.9575520753860474
1789540145.4718337,door_blue_be53e4,blue,11.141976071305685,1.1382163864984967,10.358059131157745,0.3992148723501937,0.24355243146419525
1789540146.098432,door_blue_11b878,blue,8.543591473858093,-2.58904211921191,8.543591474261824,-2.5890421199801446,1.0
1789540146.297914,door_blue_f2b145,blue,9.250679720935334,-5.239652582557797,9.250679721339065,-5.2396525833260315,1.0
1789540147.3599465,door_blue_be9d66,blue,9.13477435550988,-2.7240166111313586,9.134777246105234,-2.724017842257606,1.0
1789540147.756446,door_blue_11b878,blue,8.449873283620114,-2.579052235790787,8.4498738283995,-2.5790524878958436,1.0
1789540148.322899,door_blue_be9d66,blue,9.057025453667823,-2.7198068971967775,9.057025472459776,-2.7198069079745895,1.0
1789540149.2679574,door_blue_11b878,blue,8.343609226451516,-2.532211016265966,8.343609226561444,-2.5322110161217215,1.0
1789540149.5400739,door_blue_be9d66,blue,8.97953098432404,-2.720110813970935,8.979530984433968,-2.7201108138266905,1.0
1789540150.520213,door_blue_ca1398,blue,8.923859620214358,-2.7359152968062435,9.277485885006666,-1.8310795098643489,1.0
1789540151.4439826,door_blue_ca1398,blue,8.907897074237612,-2.732972703210609,9.286116148485792,-1.8611262779923459,1.0
1789540152.4874275,door_blue_ca1398,blue,8.907897074237612,-2.732972703210609,9.28540362038539,-1.8493350103113726,1.0
1789540153.601369,door_blue_ca1398,blue,8.907897074237612,-2.732972703210609,9.284575060878428,-1.8356235974833208,1.0
1789540154.4831161,door_blue_ca1398,blue,8.907897074237612,-2.732972703210609,9.283284907856995,-1.8142735067057858,1.0
1789540155.6042926,door_blue_ca1398,blue,8.907897074237612,-2.732972703210609,9.284195248080149,-1.829338267303844,1.0
1789540156.4997694,door_blue_ca1398,blue,8.907897074237612,-2.732972703210609,9.285552852700768,-1.851804580530794,1.0
1789540157.7748754,door_blue_ca1398,blue,8.907897074237612,-2.732972703210609,9.28562058101383,-1.8529253821784144,1.0
1789540158.939179,door_blue_ca1398,blue,8.907897954477983,-2.732979489648095,9.28703943692433,-1.8763668044542992,1.0
1789540160.0208774,door_blue_5e0bb5,blue,9.612403509494147,-5.335450056274581,9.194536552937661,-1.8003147371484958,0.4856770932674408
1789540160.1678107,door_blue_ca1398,blue,8.907897133666786,-2.732973141153669,9.284153173197357,-1.8286393835359038,1.0
1789540161.0695925,door_blue_ca1398,blue,8.907897733965184,-2.7329777857132034,9.284332020145786,-1.8315727586169477,1.0
1789540162.1084354,door_blue_ca1398,blue,8.892845059121349,-2.7304501815973277,9.302045381800909,-1.834239666468619,1.0
1789540163.1290512,door_blue_be9d66,blue,8.862991879587215,-2.064245532801665,9.077395233654757,-2.2818910830561943,1.0
1789540176.946016,door_blue_be53e4,blue,11.135930880656906,1.1394459218798945,11.135930881052039,1.139445921178579,0.5997095108032227
1789540177.053687,door_green_5a62a6,green,17.86101950395328,0.025491463691463823,17.861019504348413,0.025491462990148372,0.5887587070465088
1789540178.451862,door_blue_557d0b,blue,11.196360553672923,1.340552846927492,11.196360554342066,1.3405528463264813,0.6382908821105957
1789540178.454203,door_green_f86603,green,17.893300022710207,0.013818874738438902,17.893300023379346,0.013818874137427994,0.7152777910232544
1789540180.1771133,door_blue_557d0b,blue,11.432788596709429,1.4623524001057082,11.43278859745266,1.462352399788172,0.5215996503829956
1789540181.611084,door_blue_cdc158,blue,11.456550465630311,1.4077067730432928,10.337227587527957,0.18589448500840078,0.5774455070495605
1789540183.882881,door_blue_ea69b9,blue,11.108563490063569,1.1114327479832036,11.108563490880028,1.1114327481944533,0.6258347034454346
1789540184.907944,door_blue_40052f,blue,11.368775510192027,1.3333540125648247,11.368775510931716,1.3333540129036074,0.61452317237854
1789540185.9034455,door_blue_40052f,blue,11.479176699331266,1.4004949573019279,11.479176699987224,1.4004949577458528,0.6257869601249695
1789540185.9093845,door_green_d43b57,green,17.864650968255056,-0.002799270810127208,17.864650968911015,-0.002799270366202533,0.7118055820465088
1789540186.503048,door_red_404375,red,6.5305103833771145,1.1892371983940384,6.530510383976102,1.1892371989590678,0.6334635615348816
1789540186.899869,door_blue_26713c,blue,11.544118382150883,1.4331811644196342,11.544118382797125,1.4331811651173179,0.48073771595954895
1789540187.7692027,door_blue_26713c,blue,12.02565276145758,1.8978915337559523,12.025652761866251,1.8978915344272682,0.6490834355354309
1789540188.1914043,door_red_23b6b7,red,5.994885775715565,1.696433777705907,5.994885776091971,1.6964337784034318,0.21092842519283295
1789540188.677725,door_blue_928f7f,blue,12.067585410177582,1.8570662833411378,10.449059733946966,0.17040406940445585,0.5656743049621582
1789540188.9661243,door_green_41b70e,green,17.922098615082355,-0.06672820513818456,17.922098615337735,-0.06672820435430038,0.5625
1789540189.6448338,door_red_af84ed,red,6.016769880777867,1.7514510358259487,6.016769880937781,1.7514510366523814,0.5316246747970581
1789540190.6650667,door_blue_85d913,blue,11.123686163200329,1.03648522361646,11.123686163196677,1.0364852244897937,0.521416962146759
1789540191.4008205,door_red_b70777,red,6.302954128058429,1.6055978150918229,6.302954128525474,1.6055978134383166,0.45433279871940613
1789540192.261236,door_blue_85d913,blue,11.829429952016994,1.7294295799290222,11.829429952034989,1.7294295809361988,0.6969858407974243
1789540192.8713589,door_red_615eda,red,6.295583952750762,1.5990404396065392,6.2955839527592214,1.5990404404457692,0.5290639400482178
1789540193.898199,door_blue_85d913,blue,11.858457015820651,1.762269424129485,11.858457015825906,1.7622694250038624,0.6758752465248108
1789540194.530249,door_red_615eda,red,6.190343581551614,1.7079463636185896,6.190343581554341,1.707946364482162,0.47389671206474304
1789540195.470576,door_blue_85d913,blue,11.850319290164464,1.7555767943952414,11.850319290166293,1.7555767952602321,0.6750047206878662
1789540196.2115016,door_red_615eda,red,6.169376926120382,1.7014613515902726,6.169376918171498,1.7014542894277285,0.5212273597717285
1789540197.161183,door_blue_85d913,blue,11.815349026381002,1.7478466081061776,11.815349025338321,1.7478456816328076,0.7362920045852661
1789540197.7688522,door_red_615eda,red,6.167495169945208,1.7027867827835579,6.167495168902526,1.7027858563101879,0.5201343297958374
1789540198.7313082,door_blue_85d913,blue,11.840983464042788,1.7697756043287531,11.840983463000107,1.7697746778553831,0.7362951040267944
1789540199.4617085,door_red_615eda,red,6.1752085883142325,1.6973590859205976,6.175208587271552,1.6973581594472276,0.5198773741722107
1789540200.4318275,door_blue_85d913,blue,11.829177911870918,1.7596765371130807,11.829177910828237,1.7596756106397107,0.7361363172531128
1789540200.8249545,door_red_615eda,red,6.097492162149331,1.6705068366319344,6.097492162367093,1.670506837497184,0.5587239861488342
1789540202.466971,door_red_2f923c,red,5.975860901091288,1.7167592258724529,5.975860900725684,1.7167592255412276,0.5347487330436707
1789540203.8669965,door_blue_928f7f,blue,11.369590017405391,1.3144718419607968,11.369590017645384,1.3144718427158706,0.3542802333831787
1789540204.168945,door_red_2f923c,red,5.893283199659255,1.6664090633244495,5.89328319990639,1.6664090640581009,0.33869051933288574
1789540205.057351,door_blue_928f7f,blue,11.357945720200426,1.3239303280490573,12.272149295782668,1.7217517120842178,0.36774396896362305
1789540205.720743,door_red_404375,red,6.511181714268883,1.4084434977404534,6.511181714626273,1.4084434984878935,0.46193814277648926
1789540207.538522,door_red_404375,red,6.501168063770312,1.419264838244088,6.501168064192521,1.419264839023836,0.4235030710697174
1789540209.0764723,door_red_404375,red,6.656826152338459,1.413274846877233,6.6568261527433314,1.413274847667351,0.44864383339881897
1789540213.8663597,door_blue_928f7f,blue,11.929185879528664,1.7384894648227447,11.9291437848801,1.7384352079334637,0.6849695444107056
1789540215.0851777,door_blue_928f7f,blue,11.93630997474322,1.758646404309336,11.936309783805626,1.7586462002092915,0.5106101632118225
1789540216.2044969,door_blue_26713c,blue,11.940600553787219,1.7892429897098059,11.940600756944498,1.7892431742529706,0.4335205554962158
1789540217.10481,door_red_c15240,red,15.15155673996128,-2.054738052856679,15.151556976488525,-2.0547386691713903,0.6424599289894104
1789540217.2662354,door_blue_26713c,blue,11.873169506495362,1.7977486286788438,11.873169743022608,1.7977480123641325,0.40723541378974915
1789540218.5244722,door_blue_ca1398,blue,11.885150804016433,1.8179351042224714,11.885150746288883,1.8179350705102961,0.3364577293395996
1789540218.7570426,door_red_c15240,red,15.186341084552033,-2.065236044534121,15.18634107393446,-2.0652360501028033,0.40382081270217896
1789540219.5275526,door_blue_a030e7,blue,11.822624002361415,1.8259609493130649,11.822625211495067,1.8259616109551327,0.5156232714653015
1789540220.5049686,door_red_7fbd31,red,15.438291508242216,-2.1241380023306347,15.43829151776226,-2.1241379989689397,0.5805776715278625
1789540220.7171223,door_blue_a030e7,blue,11.753734214154864,1.8572672670095662,11.753734223674908,1.8572672703712616,1.0
1789540221.8773212,door_blue_e0a033,blue,11.967012496384031,1.9161161967485738,12.244019202120462,1.8775171931263597,1.0
1789540222.617407,door_blue_e1ab7c,blue,11.852867987736456,1.935576348969366,11.852867988604862,1.935576349102688,1.0
1789540223.0025456,door_red_c58d13,red,13.897377497446017,-1.1716143488020667,13.897377498314425,-1.171614348668745,0.6000171303749084
1789540223.1141958,door_green_18f53c,green,17.7057082947183,0.0552733292830736,17.705708295586707,0.05527332941639562,0.7766926884651184
1789540224.2668126,door_red_c58d13,red,14.951564797563972,-1.920547817114434,14.95156479838466,-1.9205478171828152,0.4319998621940613
1789540224.5536075,door_blue_e1ab7c,blue,11.972227407287912,1.9587352693816604,11.972227408099606,1.9587352693071538,1.0
1789540225.1240013,door_red_c58d13,red,14.925635650077187,-1.8731163190122275,14.925635650894685,-1.8731163191885576,0.6331050395965576
1789540226.025343,door_blue_bff994,blue,12.422978171858919,2.4531863357430392,12.773020376314328,2.044369514339482,1.0
1789540226.2328997,door_red_c58d13,red,14.917578460069695,-1.9067140406209426,14.917578460880812,-1.9067140408527807,0.4520636200904846
1789540226.2435596,door_green_18f53c,green,17.513788923818904,0.1034896644705754,17.51378892463002,0.10348966423873729,0.8908420205116272
1789540227.1599262,door_red_c58d13,red,14.913769372181253,-1.9010807527203186,14.913769373023714,-1.9010807529779437,0.5270610451698303
1789540227.8382034,door_blue_8a4757,blue,12.26654179747586,2.690859376629752,12.26654179831316,2.6908593763659607,1.0
1789540228.418828,door_red_c58d13,red,14.870915361191024,-1.8774570219842468,14.870915362022565,-1.8774570222346194,0.3031400144100189
1789540229.4071608,door_red_c58d13,red,15.003162030232573,-1.9363749123611684,15.003162031082823,-1.936374912637649,0.6000866889953613
1789540230.4576418,door_red_c58d13,red,14.88360530719766,-1.8744818508958658,14.883597871839418,-1.8744789790904826,0.6309306621551514
1789540230.460497,door_green_6a1d9c,green,17.2330647138956,0.1881450961844926,17.23305727853736,0.18814796798987576,0.5470293760299683
1789540230.7676766,door_blue_876952,blue,12.25617700100612,2.7595778582936235,12.229811391179156,1.9281382254645503,1.0
1789540231.4372225,door_red_c58d13,red,14.899350460184728,-1.8988879499015463,14.899349233503955,-1.898887463932035,0.6698082089424133
1789540231.4385312,door_green_6a1d9c,green,17.312942612740372,0.15555888943483653,17.3129413860596,0.15555937540434783,0.4217912554740906
1789540232.3756795,door_blue_876952,blue,12.259650426860475,2.7548009999121676,12.25963708648588,2.7548055432581613,1.0
1789540232.5688798,door_red_c58d13,red,14.81889006356144,-1.8183151846936776,14.818876723186845,-1.818310641347684,0.6328830718994141
1789540232.5695417,door_green_6a1d9c,green,17.288734360166753,0.18055244758629208,17.28872101979216,0.18055699093228572,0.3074127435684204
1789540233.8161736,door_red_8ab259,red,14.119428861641385,-1.260691434298825,14.119428845051129,-1.2606914309185666,0.6723354458808899
1789540233.8177695,door_green_6a1d9c,green,17.42480618488738,0.1084236192983683,17.424806168297124,0.10842362267862671,0.5513536334037781
1789540234.1686585,door_blue_8a4757,blue,12.121121125524445,2.780117950503961,12.332633179230507,2.0873512027377283,1.0
1789540235.7635283,door_green_86c58c,green,17.38559971221608,0.07680019905352586,17.385596297165655,0.07680045379624956,0.47079941630363464
1789540236.6525452,door_green_7e7316,green,17.62594724527258,0.0339773703281675,17.62594722289464,0.03397737016169999,1.0
1789540237.0299907,door_red_1f5489,red,15.047306472013608,-1.895451341712148,15.047316444076467,-1.8954510570466407,0.4597896337509155
1789540237.5990417,door_green_86c58c,green,17.281799478911292,0.06667778155201609,17.281797961164436,0.06667763670342763,0.4962228238582611
1789540238.5858185,door_red_c15240,red,15.003275068546209,-1.9119369316255712,15.003275059282622,-1.9119369335059258,0.6560573577880859
1789540238.7093365,door_green_b8ec7b,green,17.022773955528642,0.074092691903475,17.022773946265055,0.07409269002312047,0.22059360146522522
1789540239.0869,door_blue_bff994,blue,12.077428012712907,2.749686421872955,12.457159969150833,1.9962875756974214,1.0
1789540239.8028657,door_green_b8ec7b,green,16.95864272067386,0.044252827935858385,16.958642721476267,0.04425282819150422,1.0
1789540240.19851,door_red_c15240,red,14.970761285655893,-1.9546494676501327,14.970761286460938,-1.954649467366234,0.36223170161247253
1789540240.7924523,door_green_b8ec7b,green,16.743010562318727,0.16450132598360845,16.74301056311106,0.164501326317675,1.0
1789540241.8090363,door_red_c15240,red,14.90028464000652,-1.9450075819200063,14.900284640763461,-1.9450075815207675,0.5546308755874634
1789540242.2096407,door_blue_bff994,blue,11.96837493244137,2.740955007608042,11.968374933194237,2.7409550080146117,1.0
1789540243.067331,door_blue_1b0ddf,blue,13.618633165564123,4.780777478692315,13.618633166271204,4.780777479170245,0.7436848878860474
1789540243.5134203,door_red_c977f3,red,14.856333075610342,-1.9501358697741,14.85633307630412,-1.950135869278293,0.5767895579338074
1789540243.7688153,door_blue_e1ab7c,blue,11.826207796141997,2.7498688124724495,11.826207796822203,2.7498688129855933,1.0
1789540244.1034925,door_blue_e0a033,blue,12.482123403814319,2.589187015551701,12.27218084977179,1.858238565836097,1.0
1789540245.0366793,door_red_c977f3,red,14.838352205371429,-1.9714833739761382,14.83835220600587,-1.9714833733768224,0.6193994283676147
1789540245.1657038,door_blue_e0a033,blue,12.41717064884608,2.6164067591489677,12.284679481879884,1.8483374576453309,1.0
1789540245.4373012,door_blue_e1ab7c,blue,11.753411568073078,2.7529199545711918,11.753411568714261,2.7529199551809542,0.24984624981880188
1789540246.3494844,door_blue_e0a033,blue,12.324115203849004,2.6500753138431934,12.313935900552632,1.891897195067799,1.0
1789540246.6884959,door_red_2c04be,red,14.75945111363007,-1.9444734828060306,14.759451114157795,-1.9444734821468947,0.6348877549171448
1789540247.075869,door_blue_e1ab7c,blue,11.638648483563035,2.7522042321366165,11.63864848407366,2.7522042328121477,1.0
1789540247.3267174,door_blue_e0a033,blue,12.280930795109583,2.664278804622538,12.30206596507461,1.890571228262504,1.0
1789540248.3225698,door_blue_a030e7,blue,12.18919200834769,2.691399221772523,12.337665764910122,1.8284279511978583,1.0
1789540251.4350033,door_blue_a030e7,blue,12.106660830395688,2.7156362807896164,12.39221725666477,1.8150262538321646,1.0
1789540252.5999153,door_blue_ca1398,blue,12.183065680613632,2.701480046955698,12.375300025895797,1.7833263711910765,1.0
1789540253.623202,door_blue_ca1398,blue,12.21672044588508,2.6946179244440835,12.383075960671878,1.7770080184478094,1.0
1789540254.5912657,door_blue_ca1398,blue,12.21672044588508,2.6946179244440835,12.397897521267993,1.799545111962844,1.0
1789540255.704651,door_blue_ca1398,blue,12.21672044588508,2.6946179244440835,12.408527239653347,1.8157082518519072,1.0
1789540256.6841843,door_blue_ca1398,blue,12.21672044588508,2.6946179244440835,12.431209129186534,1.8501974584501064,1.0
1789540257.6408381,door_blue_ca1398,blue,12.21672044588508,2.6946179244440835,12.373987234763838,1.7631880522982446,1.0
1789540258.826313,door_blue_ca1398,blue,12.21672044588508,2.6946179244440835,12.37352382198376,1.7624834046943052,1.0
1789540259.9006023,door_blue_ca1398,blue,12.21672044588508,2.6946179244440835,12.390669360095544,1.7885542488058326,1.0
1789540260.858811,door_blue_ca1398,blue,12.153581931355445,2.7073274519172568,12.39338517516281,1.7836794891583225,1.0
1789540263.2289634,door_blue_a030e7,blue,12.23269919491538,2.679084678965163,12.299189875022302,1.8074269740730022,1.0
1789540263.7655292,door_red_2c04be,red,14.892401211457095,-2.0365622411045297,14.89240121193503,-2.0365622404236094,0.607796847820282
1789540264.009791,door_blue_e1ab7c,blue,11.59251677366532,2.750206533844902,11.592516774149006,2.750206534522615,0.37164753675460815
1789540264.326599,door_blue_e0a033,blue,12.257024039395317,2.671640852248648,12.253243660599368,1.8563843466621122,1.0
1789540265.1804647,door_red_c977f3,red,14.8627485519981,-1.9916444042505361,14.862748551432857,-1.9916444047883073,0.6101077795028687
1789540265.325221,door_blue_e0a033,blue,12.403229315641438,2.623864813559896,12.29200180176406,1.8695561849706608,1.0
1789540265.612781,door_blue_e1ab7c,blue,11.719930963169624,2.7602821643753344,11.719930961996468,2.760282163275966,1.0
1789540266.5256574,door_blue_1b0ddf,blue,13.600178356312531,5.070832639684918,13.60026120568609,5.070896219156549,0.759570300579071
1789540266.848021,door_red_c977f3,red,14.923283123783873,-2.020962427789549,14.923277702518472,-2.020966300987797,0.6249393224716187
1789540268.495816,door_red_c15240,red,15.003101842081897,-2.0477275036940066,15.003101735456088,-2.0477275525563714,0.4756793975830078
1789540268.5821342,door_green_b8ec7b,green,16.698514015118644,0.2926841082669793,16.698513908492835,0.2926840594046146,0.9253472089767456
1789540269.5932333,door_green_b8ec7b,green,16.955475399564236,0.08512063464181197,16.95547413491513,0.08512033637983152,1.0
1789540269.9494917,door_red_c15240,red,14.988811151140364,-1.991203713009129,14.988810912493378,-1.9912037692564353,0.505784809589386
1789540270.504909,door_green_b8ec7b,green,16.931652500325196,0.07787729455039849,16.93165249106769,0.07787729240935826,1.0
1789540271.406844,door_red_c15240,red,15.062137716944115,-2.023808512018805,15.062137717298457,-2.0238085120729106,0.5371793508529663
1789540271.4935756,door_green_b8ec7b,green,16.975386051806876,0.08533398264297831,16.975386052161216,0.0853339825888727,0.21552039682865143
1789540272.6177318,door_green_86c58c,green,17.27626599270068,0.0979115628282562,17.2762659935929,0.0979115627980146,0.5292015671730042
1789540273.25512,door_blue_876952,blue,12.15189095211476,2.9618741948055063,12.151890952979343,2.9618741947383507,1.0
1789540273.7968016,door_green_6a1d9c,green,17.608036658211304,0.07280465431325078,17.608036659065558,0.07280465415730464,1.0
1789540274.965527,door_red_8ab259,red,14.250322190067415,-1.3005483681692296,14.250322190871207,-1.3005483684435555,0.7054323554039001
1789540274.9689567,door_green_6a1d9c,green,17.21901561484707,0.17758084812390662,17.21901561565086,0.17758084784958084,0.5335303544998169
1789540275.9556649,door_red_bb783a,red,14.92513287554806,-1.9146123513940545,14.925132876294937,-1.9146123517724771,0.6457608342170715
1789540275.957248,door_green_2beddd,green,17.04480080874038,0.2335569155443623,17.044800809487256,0.2335569151659398,0.4368053376674652
1789540276.871513,door_red_bb783a,red,14.940320781934542,-1.8789377307797304,14.940320782616823,-1.8789377312472044,0.5402477383613586
1789540276.878636,door_green_2beddd,green,16.829616571613663,0.2945063902432731,16.82961657229594,0.294506389775799,0.30369943380355835
1789540277.744722,door_blue_b747a4,blue,9.086904590961295,-1.3400733368226643,9.086904591581629,-1.3400733374111837,0.6160407662391663
1789540277.9224555,door_red_bb783a,red,15.037420501832909,-1.8994507543489698,15.03742050245324,-1.8994507549374893,0.6532788872718811
1789540277.9328744,door_green_2beddd,green,16.644443518664875,0.1312077314199278,16.64444351928521,0.13120773083140824,0.2566803991794586
1789540279.0740066,door_red_70063d,red,15.059360009601193,-1.8943044678907373,15.059360010072364,-1.8943044685575479,0.486964613199234
1789540279.3206737,door_blue_8bb15d,blue,8.824268767954948,-1.6314624257585515,8.824268768395449,-1.6314624264486355,0.5222947001457214
1789540279.3961382,door_blue_7444d3,blue,9.05774103753136,-1.4890614696251223,9.05774103797186,-1.4890614703152063,0.3488907814025879
1789540279.999603,door_red_70063d,red,15.039891103672282,-1.8558230907704134,15.039891104056444,-1.8558230915080758,0.3958924412727356
1789540280.8707871,door_blue_8bb15d,blue,8.705033770803482,-1.7750143690368918,8.705033770516058,-1.7750143682956612,0.6181616187095642
1789540280.9529939,door_blue_8bb15d,blue,8.911317723799785,-1.617237990529337,8.91131772351236,-1.6172379897881064,0.21923385560512543
1789540281.1076581,door_red_f5b20a,red,15.093594768612158,-1.848971136052075,15.093594768324733,-1.8489711353108444,0.6456860303878784
1789540282.4133842,door_blue_e405c5,blue,8.808401071037615,-1.764579146246759,8.808401071334668,-1.7645791470885288,0.5115888118743896
1789540283.9427211,door_blue_e405c5,blue,8.916302679164504,-1.7415314914494529,8.916302679283854,-1.741531492313419,0.5613692402839661
1789540284.364834,door_red_b70777,red,14.798165258643689,-1.731766910114639,14.798165258799038,-1.7317669109833818,0.7070777416229248
1789540285.5349758,door_blue_0cdcdf,blue,8.934718168506325,-1.744978607888609,8.934718168573616,-1.7449786087589834,0.5432620644569397
1789540285.8431563,door_red_b70777,red,14.822081119330981,-1.7458227424716535,14.822081119382306,-1.745822743341848,0.8021040558815002
1789540285.844981,door_green_ba6126,green,17.892811764022852,0.1636971390869818,17.892811764074175,0.16369713821678733,0.5977508425712585
1789540287.1059074,door_blue_0cdcdf,blue,8.906869421732377,-1.7822902628591213,8.906869267783133,-1.782284411047744,0.5107820630073547
1789540287.4848363,door_red_b70777,red,14.733254992782875,-1.7248383555309499,14.733254890109272,-1.724834452808744,0.6659871935844421
1789540287.5936553,door_green_ba6126,green,17.955707591572256,0.11053508326796746,17.955707488898653,0.1105389859901732,0.49433594942092896
1789540288.641207,door_blue_7444d3,blue,8.864520552845796,-1.694051626209681,8.864520486270727,-1.694051410631468,0.588487982749939
1789540288.8568392,door_green_cdb2a0,green,17.910178006342882,0.1034853048082216,17.910177990996196,0.1034853441021254,0.5562458038330078
1789540289.3568232,door_red_5d3986,red,14.904263606978866,-1.6861047192164116,14.904263603834234,-1.6861047129712188,0.5430334210395813
1789540290.2355275,door_blue_b747a4,blue,9.002287474236187,-1.602344205612195,9.002287474551132,-1.6023442064276614,0.6933646202087402
1789540290.4294412,door_red_5d3986,red,14.937982634457796,-1.744721454994001,14.937982634772741,-1.7447214558094675,0.6524984240531921
1789540290.6486325,door_green_cdb2a0,green,17.94103428625181,-0.07047348342399484,17.941034286570787,-0.07047348420739252,0.4565107226371765
1789540291.4848397,door_red_f9c2b9,red,14.944746690936286,-1.7943941235746315,14.944744927635583,-1.7943920207075341,0.5876748561859131
1789540292.1494436,door_green_52e0b6,green,17.988140758528765,-0.0361417871773404,17.9881405344028,-0.03614154888400806,0.3805775046348572
1789540292.516671,door_red_f9c2b9,red,14.861701884798965,-1.746679763824602,14.861704932309777,-1.7466827944733285,0.6041501760482788
1789540293.4927132,door_red_f9c2b9,red,14.89936969128348,-1.8145653662010635,14.899369683184872,-1.8145653595117361,0.5960686206817627
1789540293.628585,door_green_52e0b6,green,17.89647025865141,0.23859532037582026,17.896470257563184,0.23859532123770477,0.9661458134651184
1789540294.7081096,door_red_3b9977,red,14.841924395228975,-1.7966064548065692,14.841924395955166,-1.7966064552371066,0.7140219211578369
1789540294.7205875,door_green_2beddd,green,17.91143663687261,0.05862671062232849,17.9114366375988,0.058626710191791304,1.0
1789540295.6571577,door_red_3b9977,red,14.839852684110133,-1.8080564484070598,14.839852684876146,-1.8080564487358395,0.7000331282615662
1789540295.6617591,door_green_2beddd,green,17.926330731503676,0.09284805205510294,17.92633073226969,0.09284805172632307,1.0
1789540296.786164,door_red_8ab259,red,14.740659258183612,-1.8276003627294806,14.74065925899599,-1.827600362921951,0.7847296595573425
1789540296.7926085,door_green_6a1d9c,green,17.859615401586723,0.08404447761438716,17.8596154023991,0.08404447742191676,0.26545754075050354
1789540297.8064673,door_green_86c58c,green,17.887590546517984,0.010162982689755518,17.887590547393604,0.010162982834934886,1.0
1789540298.4703126,door_blue_876952,blue,11.875827749939146,1.744570731885746,12.124500792910958,1.848677530298595,1.0
1789540298.833273,door_green_86c58c,green,17.946495426121064,-0.03943927790965657,17.946495426972028,-0.03943927780410114,0.40726470947265625
1789540299.7769969,door_red_f094db,red,14.85503658531856,-1.9083033550629191,14.855036586066873,-1.9083033547922192,0.6846874356269836
1789540299.8576078,door_green_b8ec7b,green,17.911964669070976,-0.10179254971086021,17.91196466981929,-0.10179254944016039,1.0
1789540300.2350042,door_blue_8a4757,blue,11.898293201585666,1.850778093079404,12.243920963925499,1.8792280351682027,1.0
1789540301.4150052,door_red_990853,red,14.856757130507262,-1.952582869118343,14.856798677552979,-1.9526060401149896,0.6618465185165405
1789540301.4368868,door_green_5dd5a3,green,17.918381373224456,-0.04309782028336656,17.918422920270174,-0.04312099128001334,1.0
1789540301.6874142,door_blue_bff994,blue,11.980972348239915,1.8302760975451657,12.308385863528008,1.909222685548687,1.0
1789540302.9590378,door_red_41acc9,red,14.760677136461508,-1.9507926222061425,14.760676187492827,-1.9507937134064495,0.8657569885253906
1789540302.9629927,door_green_5dd5a3,green,17.89701664981849,0.010241280212258508,17.897015700849806,0.01024018901195159,0.2640194296836853
1789540303.3718586,door_blue_bff994,blue,12.02249543013862,1.785618514390884,12.30188739476774,1.8216878815914006,0.23453836143016815
1789540304.6029446,door_red_41acc9,red,14.204429905644204,-1.25886464277401,14.204429751584676,-1.2588648866330516,0.41705411672592163
1789540304.9683068,door_blue_e1ab7c,blue,12.001891862295196,1.8062276786171698,12.241710755710901,1.8449331437836198,1.0
1789540306.642349,door_blue_e1ab7c,blue,11.645440629094033,2.307287696657039,11.645440382728914,2.3072869126539404,1.0
1789540307.5849285,door_blue_1b0ddf,blue,11.012551245570954,4.850022491706088,11.012551458701928,4.850021594914787,0.994335949420929
1789540307.7556677,door_green_172e9e,green,16.91262931778269,0.0032298228931990636,16.912628529293926,0.003228628962277491,1.0
1789540308.5316072,door_blue_a030e7,blue,11.63468998318823,2.441133215373091,12.265900929167957,1.8081549093652378,1.0
1789540309.4737108,door_blue_a030e7,blue,11.656121108874956,2.508680632992255,12.327031966870262,1.8308333637084155,1.0
1789540309.7501965,door_blue_b6ef4e,blue,9.453257608986533,-1.6643096886889972,9.45325909137223,-1.6643143102859925,0.44148802757263184
1789540310.422576,door_blue_ca1398,blue,11.706021196704484,2.534609039470113,12.352268351831189,1.8494866317709262,1.0
1789540311.5467134,door_blue_b6ef4e,blue,9.271721138355913,-1.7868767631831104,9.271721138408378,-1.7868767635921992,0.45930084586143494
1789540311.7967913,door_blue_ca1398,blue,11.746809495104598,2.555165979374788,12.36801010050991,1.8347499293464198,1.0
1789540312.8053882,door_blue_ca1398,blue,11.8097498209646,2.5866938016127916,12.372925972533977,1.8765158137694458,1.0
1789540314.0276809,door_blue_ca1398,blue,11.750346262425996,2.59262723087003,12.332255713650362,1.8728227319687742,1.0
1789540314.9629726,door_blue_ca1398,blue,11.68941352310829,2.600387630768895,12.299788593619402,1.861097466490952,1.0
1789540315.9478722,door_blue_be9d66,blue,11.628499042649175,2.5681559145056676,12.276031812555813,1.8404126885247125,1.0
1789540316.32984,door_blue_84d4f2,blue,9.40179125990949,-1.7174689138152142,9.401791299814517,-1.7174689450147602,0.3029748201370239
1789540317.0095565,door_blue_be9d66,blue,11.566094927674216,2.566727143787803,11.566094928232829,2.5667271433924412,1.0
1789540317.8900027,door_blue_84d4f2,blue,9.382669628780073,-1.6604547801980025,9.382669628083404,-1.660454779720448,0.24640341103076935
1789540318.0753329,door_blue_be9d66,blue,11.505506168708333,2.5705153039892736,11.505506168011665,2.570515304466828,1.0
1789540318.9888866,door_blue_be9d66,blue,11.438305568132414,2.5318165364982814,11.438305541474547,2.5318164241506045,1.0
1789540319.9460912,door_blue_be9d66,blue,11.374696002216462,2.524732197268234,11.374696001360373,2.52473219688046,1.0
1789540320.8905418,door_blue_be9d66,blue,11.434402584914423,2.5657247665005274,11.434402641069186,2.565724733370014,1.0
1789540321.869111,door_blue_be9d66,blue,11.500970116794704,2.605695320372569,11.500970116440316,2.6056953206050135,1.0
1789540323.0437582,door_blue_be9d66,blue,11.560253451411038,2.6397039656545274,12.216169646766792,1.8998035191076128,1.0
1789540324.0049767,door_blue_ca1398,blue,11.62222448167189,2.6739991756556614,11.622224481033395,2.673999176260108,1.0
1789540324.2917504,door_blue_84d4f2,blue,9.107720407415233,-1.9720499134587177,9.107720406773067,-1.972049912847904,0.5700644850730896
1789540325.902811,door_blue_b6ef4e,blue,9.18644488563864,-1.8077335579573546,9.186444885129363,-1.807733557276484,0.49305564165115356
1789540327.2170866,door_blue_b6ef4e,blue,9.311669881133216,-1.7205826399858246,9.311669880696655,-1.7205826392501304,0.4690164029598236
1789540327.4496205,door_blue_ca1398,blue,11.76265923362616,2.7421575690562756,11.762659233189597,2.7421575697919693,1.0
1789540328.4414847,door_blue_ca1398,blue,11.694766747297484,2.713995364420473,11.694766746922507,2.7139953651938344,1.0
1789540329.6844504,door_blue_a030e7,blue,11.632086882189048,2.6867531046091857,12.342367718979656,1.8062761693735059,1.0
1789540345.8305275,door_blue_a030e7,blue,11.507980700211196,2.627648608765633,12.151748415746955,2.2441688713487338,1.0
1789540347.285225,door_blue_e0a033,blue,11.46992771425898,2.1625084089015956,11.469928136368134,2.1625065130804373,1.0
1789540348.4071503,door_blue_e0a033,blue,11.270283183098872,2.205738441042904,11.159056805002464,2.4771972848172434,0.8841145634651184
1789540349.5887887,door_blue_e0a033,blue,11.21464310050066,2.262689362921762,11.156959823571487,2.4795903509464083,0.8841145634651184
1789540350.709092,door_blue_e0a033,blue,11.266111773885221,2.2100081255789066,11.117713737139386,2.524377814848302,0.8841145634651184
1789540351.789541,door_blue_e0a033,blue,11.225779623003907,2.2512904721676907,11.096994691901243,2.548022299561206,0.8841145634651184
1789540353.0671284,door_blue_e0a033,blue,11.254151790715323,2.2222504957698415,11.115909152563933,2.526440117673349,0.8841145634651184
1789540353.9934595,door_blue_e0a033,blue,11.228162605543266,2.248851967078912,11.060548311054516,2.589617665698327,0.8841145634651184
1789540355.1596856,door_blue_e0a033,blue,11.25789599988206,2.212744825076258,11.206315260385516,2.417793089504901,0.8854166865348816
1789540356.1582334,door_blue_e0a033,blue,11.270794690363209,2.188890716700449,11.164376984139734,2.468323317446486,0.9476562738418579
1789540357.1766346,door_blue_e0a033,blue,11.284500824132955,2.1744137453310404,11.160786593550899,2.4721279995342997,0.9476562738418579
1789540358.114251,door_blue_e0a033,blue,11.232809893376434,2.2055254351695597,11.232809892601068,2.2055254361407557,1.0
1789540359.1325788,door_blue_e0a033,blue,11.268844645329686,2.155071251432739,11.268844645050434,2.155071252190029,1.0
1789540360.1188922,door_blue_a030e7,blue,11.300277405572118,2.191479483015911,11.30027740518021,2.1914794836975555,1.0
1789540360.5274632,door_blue_b6ef4e,blue,9.116837733234554,-1.8765622552137406,9.116837732810719,-1.8765622545596115,0.4191720187664032
1789540361.194412,door_blue_a030e7,blue,11.394185575435419,2.1401069988988537,11.39418557491975,2.140106999440806,1.0
1789540362.2756739,door_blue_ca1398,blue,11.374532377926826,2.220130597220587,11.37453237729747,2.220130597698975,0.939453125
1789540363.2248793,door_blue_be9d66,blue,11.361642953687008,2.290077780330784,11.361642952981676,2.290077780672368,0.9889323115348816
1789540363.6540506,door_blue_1f329e,blue,9.264380025445163,-1.671363463792088,9.264380024710997,-1.6713634634864138,0.23684236407279968
1789540364.3334432,door_blue_be9d66,blue,11.311992014468487,2.41360908168307,11.3119920136865,2.4136090819012326,1.0
1789540365.2090464,door_blue_df7a1e,blue,9.234051085096509,-1.6018124854536628,9.234051084255709,-1.6018124853843032,0.6521649956703186
1789540365.314625,door_blue_64da7b,blue,9.402028924768135,-1.471709322159382,9.402028923927336,-1.4717093220900224,0.29963219165802
1789540365.6389241,door_blue_11b878,blue,11.205336177847824,2.3807975346882437,11.432396957316913,2.2744951548197876,0.8522135615348816
1789540366.5748165,door_blue_ea69b9,blue,9.458235008771075,-1.452991400558473,9.458235007915022,-1.4529914006229072,0.400594562292099
1789540367.2735333,door_blue_58019a,blue,11.215910027879987,2.4422300571385698,11.215910027061401,2.4422300569742883,1.0
1789540367.4848013,door_blue_1b0ddf,blue,9.156325718692564,-1.7016078477131993,9.156325717873978,-1.7016078478774808,0.4927772879600525
1789540368.5509977,door_blue_8b6125,blue,8.981095626702661,-1.79900353461793,8.981095625980656,-1.799003534952394,0.5398181080818176
1789540368.6420639,door_blue_8b6125,blue,9.39465041923556,-1.5564095963507685,9.394650418513553,-1.5564095966852325,0.27219700813293457
1789540368.8841674,door_blue_d2c48d,blue,11.270702131234264,2.511139745315209,11.270702130512257,2.5111397449807447,0.9429687261581421
1789540369.5718648,door_blue_8b6125,blue,8.903950200986607,-1.8404211240181894,8.903950200345264,-1.8404211244562088,0.5047774910926819
1789540369.938671,door_red_404375,red,15.006112948759588,-1.6087578479652704,15.0061129481569,-1.608757848440945,0.5774097442626953
1789540370.322597,door_blue_292b52,blue,11.54352878349183,2.2876105911018527,11.634456457772385,2.3546546988388255,0.9094401001930237
1789540370.5598311,door_blue_5e0bb5,blue,8.931032781086413,-1.8016609944471975,8.931032780480061,-1.801660995015455,0.47037893533706665
1789540370.6588926,door_blue_5e0bb5,blue,9.297287072876651,-1.6036838085501501,9.297287072270299,-1.6036838091184076,0.22538921236991882
1789540371.5535781,door_red_2f923c,red,14.99432601845241,-1.6610224793447705,14.994326017998,-1.661022479984438,0.7056642174720764
1789540371.8433566,door_blue_5e0bb5,blue,8.9481219228988,-1.7513850115396306,8.948121922451014,-1.7513850121811028,0.5547042489051819
1789540372.9306974,door_red_615eda,red,14.898472749318298,-1.6299778191650658,14.898472749031102,-1.6299778199134525,0.6225143671035767
1789540372.9317906,door_green_48e442,green,16.84508690012629,0.11980144798003844,16.845086899839096,0.11980144723165154,0.5789930820465088
1789540373.093102,door_blue_f2b145,blue,9.26932830173939,-1.4636175580873818,9.269328301452195,-1.4636175588357685,0.6483314037322998
1789540374.3089137,door_red_615eda,red,14.804017694238134,-1.644447071184225,14.8040176941391,-1.644447072013474,0.7657257914543152
1789540375.3569593,door_blue_1ffb88,blue,9.205900749448357,-1.6023714714428632,9.20590074936102,-1.6023714712762414,0.5788628458976746
1789540375.4736416,door_blue_85d913,blue,9.474692441880801,-1.3900950322127321,9.474692441793461,-1.3900950320461103,0.30850741267204285
1789540375.8777552,door_red_b70777,red,14.811956033216493,-1.75976480207608,14.811956033130123,-1.7597648021024395,0.8558875918388367
1789540376.9724321,door_blue_1ffb88,blue,9.105984766911982,-1.6725486104789118,9.10598476681347,-1.6725486113189545,0.5571891069412231
1789540377.1172647,door_blue_85d913,blue,9.401644973322021,-1.485678936549454,9.401644973223508,-1.4856789373894967,0.32718199491500854
1789540377.4924827,door_red_b70777,red,14.844424543124118,-1.7394216579885506,14.844424543038055,-1.7394216588122517,0.8435604572296143
1789540378.4092996,door_blue_e405c5,blue,9.052821174231086,-1.7311049423572866,9.05282117418733,-1.7311049432136225,0.611154317855835
1789540379.1969912,door_red_b70777,red,14.886260026172947,-1.773997483162471,14.886260026127637,-1.7739974840071424,0.8448445200920105
1789540379.1987863,door_green_ba6126,green,17.924447587593342,0.1834666067540417,17.92444758754803,0.18346660590937014,0.40695494413375854
1789540380.1751199,door_blue_e405c5,blue,8.180406083674944,-2.3433413431779924,8.180406083654063,-2.343341344026931,0.5674063563346863
1789540380.6364017,door_red_b70777,red,14.804369764656284,-1.7314925295399228,14.804369764636307,-1.731492530389454,0.855357825756073
1789540380.7435546,door_green_ba6126,green,17.92109477884373,0.21468397405700984,17.921094778823754,0.21468397320747884,0.4938979744911194
1789540381.5614383,door_blue_e405c5,blue,8.258064879094512,-2.2827451388876945,8.258064879076393,-2.282745139738572,0.6018922924995422
1789540381.6822608,door_blue_e405c5,blue,8.228292266306978,-2.351722588838986,8.22829226628886,-2.3517225896898637,0.23047439754009247
1789540382.066888,door_red_b70777,red,14.809119194777704,-1.7070757706996602,14.809119194761253,-1.7070757715504143,0.7644559741020203
1789540382.1747139,door_green_ba6126,green,17.932162022733024,0.22250594958681263,17.93216202271657,0.2225059487360585,0.2636871039867401
1789540383.063107,door_blue_e405c5,blue,8.239117810669356,-2.2817969505663793,8.239117885619503,-2.2817838935208536,0.6802773475646973
1789540383.7514703,door_red_b70777,red,14.803784772237346,-1.7261829413219472,14.80378482704424,-1.7261733934342565,0.7646035552024841
1789540383.858642,door_green_ba6126,green,17.88083754362129,0.1995446113167528,17.880837598428183,0.19955415920444364,0.3772897720336914
1789540384.4451947,door_blue_e405c5,blue,8.229996804016036,-2.287647186316917,8.229996814878556,-2.2876452940353915,0.6817921996116638
1789540385.347417,door_red_b70777,red,14.826984251023458,-1.7473873420478416,14.826984261885977,-1.747385449766316,0.7668340802192688
1789540385.3518589,door_green_ba6126,green,17.93236934448898,0.19744098575018704,17.932369355351497,0.19744287803171276,0.37691017985343933
1789540386.037093,door_blue_e405c5,blue,8.201586817499784,-2.3058621033918096,8.201586828362306,-2.305860211110284,0.6816367506980896
1789540387.0646772,door_red_b70777,red,14.795765554943234,-1.7188555369083278,14.795765565805755,-1.7188536446268021,0.7666543126106262
1789540387.1715517,door_green_ba6126,green,17.920431363400112,0.19792794213954382,17.920431374262634,0.19792983442106954,0.37676259875297546
1789540387.6277156,door_blue_e405c5,blue,8.219674479089957,-2.294265291976385,8.219674489952478,-2.2942633996948594,0.6821430921554565
1789540388.6321833,door_red_b70777,red,14.759715186501072,-1.6865383396799853,14.759715186787776,-1.6865383405314944,0.7983646988868713
1789540388.635949,door_green_ba6126,green,17.868432758054304,0.1847478733990487,17.868432758341008,0.18474787254753944,1.0
1789540389.035273,door_blue_e405c5,blue,8.453683792081758,-2.1210180366877918,8.45368379221693,-2.121018036671156,0.6259819865226746
1789540389.126908,door_blue_e405c5,blue,8.364951770814812,-2.201802834734815,8.364951770949983,-2.2018028347181793,0.266042023897171
1789540390.429728,door_green_ba6126,green,17.858546735424543,0.12052662463347114,17.85854657736973,0.12052675705031243,0.6218127012252808
1789540390.9457839,door_blue_8bb15d,blue,8.304997818987752,-2.1284352424789548,8.304997660932937,-2.1284351100621133,0.6432012915611267
1789540392.076616,door_green_cdb2a0,green,17.863161508100255,0.1017655594629894,17.863161486340424,0.10176560028230508,0.211563840508461
1789540392.3657782,door_red_5d3986,red,14.971732495010016,-1.7391178290244542,14.971732473250183,-1.7391177882051385,0.571580708026886
1789540392.555684,door_blue_b1e0e5,blue,8.450242825323414,-1.9831830328434132,8.45024280356358,-1.9831829920240978,0.6302735209465027
1789540393.353317,door_red_f9c2b9,red,14.903388002642146,-1.7319788578846613,14.90338778559337,-1.7319785435324098,0.5910806059837341
1789540393.6798909,door_green_cdb2a0,green,17.898484123912397,0.04169427698754122,17.89849148898778,0.041698543691583295,0.4647274911403656
1789540394.2078555,door_blue_b1e0e5,blue,8.347239790885348,-2.1367815881932093,8.34724109391897,-2.136780764656555,0.4537757337093353
1789540394.4758434,door_red_f9c2b9,red,14.940353918806428,-1.7943297314612852,14.940355199372357,-1.7943289215030718,0.7108962535858154
1789540395.2219808,door_green_52e0b6,green,17.962623283944808,0.005066423539025727,17.96262063923445,0.00506931137137645,0.44164004921913147
1789540395.4599183,door_red_f9c2b9,red,14.886284520448061,-1.7540500984947607,14.886281875737705,-1.7540472106624097,0.8180935978889465
1789540396.7304652,door_green_52e0b6,green,17.92522593969253,-0.038753555114398264,17.925225863853957,-0.038753437512318134,0.268769770860672
1789540396.9698603,door_red_f9c2b9,red,14.860670619253323,-1.7933571678275975,14.860670548468004,-1.7933570583554277,0.8198187947273254
1789540398.0415769,door_green_52e0b6,green,17.89666759978797,0.25765039468843465,17.896664282686338,0.2576523958809873,1.0
1789540398.348819,door_red_3b9977,red,14.821495124356973,-1.800078249979121,14.82149180725534,-1.8000762487865685,0.8500164747238159
1789540398.3519435,door_green_2beddd,green,17.862039186014933,-0.18382716770583518,17.8620358689133,-0.18382516651328254,0.9908854365348816
1789540399.3699145,door_red_3b9977,red,14.835609566680391,-1.837123622316141,14.835609861020057,-1.837123465479539,0.8452770709991455
1789540400.3982062,door_red_3b9977,red,14.895388047613284,-1.8983294466910534,14.89538964144751,-1.8983300501416869,0.8260548114776611
1789540400.402855,door_green_2beddd,green,17.891222759117074,0.11129264671714706,17.8912243529513,0.11129204326651371,0.4498927891254425
1789540401.3668406,door_red_8ab259,red,14.76412742233217,-1.8407915498385035,14.764127426496142,-1.8407915506500965,0.8788641691207886
1789540401.3714993,door_green_6a1d9c,green,17.919494548314713,0.08532937395495549,17.919494552478685,0.08532937314336236,0.5152640342712402
1789540402.4463503,door_green_6a1d9c,green,17.898505966334156,0.02914006628183996,17.898505967242997,0.02914006633070676,0.47665783762931824
1789540402.6369972,door_red_41d384,red,14.83353429689529,-1.8629670498945652,14.833534297804134,-1.8629670498456985,1.0
1789540403.4311922,door_green_86c58c,green,17.852324726140942,-0.02128324424924788,17.852324726966174,-0.021283244103823096,0.3551022708415985
1789540404.2255528,door_red_f094db,red,14.877595149046279,-1.9018170408419082,14.877595149810663,-1.9018170405943156,0.8461574912071228
1789540404.3327174,door_green_b8ec7b,green,17.866454317015993,-0.07401033730748979,17.86645431778038,-0.07401033705989718,0.34345492720603943
1789540405.5755215,door_green_a28ef1,green,16.89575394717048,0.022025214843721108,16.895753947795974,0.022025215256356756,1.0
1789540405.7714586,door_red_990853,red,14.851945251453818,-1.9584847439277244,14.851945252079314,-1.9584847435150887,0.7933361530303955
1789540407.322287,door_red_f094db,red,15.074758495701348,-2.0778754564370576,15.074758496394281,-2.07787545612874,0.787402331829071
1789540407.4982479,door_green_b8ec7b,green,17.946418732213278,-0.08128199967401695,17.94641873294207,-0.081281999413507,0.37073907256126404
1789540408.5066686,door_green_86c58c,green,17.892933003726238,-0.03810609302301815,17.89293300454771,-0.03810609292112571,0.4087904393672943
1789540408.9696877,door_red_bab850,red,14.555789682311943,-1.5547463505810433,14.555789683156611,-1.5547463505407824,0.858609139919281
1789540409.4793313,door_green_6a1d9c,green,17.92873842938408,0.025365087634545702,17.928738430261504,0.025365087588309854,0.36935028433799744
1789540410.6329205,door_red_8ab259,red,14.996139179294538,-2.0030743051838935,14.996139180120704,-2.0030743053271363,0.8248991966247559
1789540410.6334953,door_green_2beddd,green,17.92107238025141,0.08497876081931804,17.921072381077575,0.0849787606760754,0.6173732280731201
1789540411.6772654,door_red_3b9977,red,14.925629228648148,-1.906775722971002,14.925629229378286,-1.9067757232629494,0.8861051797866821
1789540411.6803598,door_green_2beddd,green,17.905504672343348,-0.06483716345653878,17.905504673073484,-0.06483716374848614,1.0
1789540412.6176877,door_red_f9c2b9,red,14.964727674689527,-1.862532487916287,14.964727675316944,-1.862532488328579,0.8418956398963928
1789540413.5965164,door_red_f9c2b9,red,14.955911670877716,-1.8170992353517452,14.955911671441685,-1.8170992359753926,0.8806032538414001
1789540413.9929986,door_green_cdb2a0,green,17.859253028765472,0.07422716931017942,17.85925302920172,0.07422716867074253,0.42272651195526123
1789540414.6529112,door_red_5d3986,red,15.067464942052485,-1.8203434519500648,15.067464942363195,-1.8203434526400284,0.8338248133659363
1789540415.6129177,door_green_ba6126,green,17.867970669322403,0.15813855776569063,17.867970669490266,0.1581385569740661,0.32846635580062866
1789540415.9411082,door_blue_7444d3,blue,9.473831033920094,-1.5784834383530768,9.473831034087958,-1.5784834391447014,0.34621912240982056
1789540417.2575557,door_green_cdb2a0,green,17.855403163288592,0.09239847111294547,17.85540316357283,0.09239847039668198,0.5724499225616455
1789540417.9357538,door_red_5d3986,red,14.899565200800048,-1.7384433462249869,14.899565201169876,-1.7384433468974843,0.8741398453712463
1789540418.7210965,door_green_52e0b6,green,17.844409866398102,0.02048818414144743,17.84440986702713,0.020488183483200806,0.2451298087835312
1789540418.9256275,door_red_f9c2b9,red,14.864936291110348,-1.760368298459966,14.864936291739378,-1.7603682991182126,0.7850598692893982
1789540420.1300488,door_red_3b9977,red,14.846995516271667,-1.8044520832419448,14.846995516955321,-1.804452083556852,0.8705556392669678
1789540420.1316648,door_green_e3c292,green,16.89205020232808,-0.2197078210039938,16.892050203011735,-0.21970782131890104,1.0
1789540421.0660038,door_red_3b9977,red,14.864724643496526,-1.8667070022542314,14.864724644544008,-1.866707003068242,0.833063006401062
1789540421.0694711,door_green_2beddd,green,17.834499874084322,0.12564807552707058,17.834499875131804,0.12564807471306,0.500029981136322
1789540422.0058737,door_red_3b9977,red,14.92841839537229,-1.9171352194667604,14.928418396419772,-1.917135220280771,0.8325629830360413
1789540422.0089927,door_green_2beddd,green,17.914880916548483,0.1336548900727082,17.914880917595966,0.13365488925869762,0.5004907846450806
1789540422.9961314,door_red_3b9977,red,14.875355406120772,-1.8751236897779306,14.875355407168254,-1.8751236905919413,0.8332505226135254
1789540423.0028312,door_green_2beddd,green,17.887313433127126,0.13090887284677855,17.887313434174608,0.13090887203276796,0.5005924105644226
1789540423.9701216,door_red_3b9977,red,14.887694911735325,-1.8848932393978004,14.887694912782807,-1.884893240211811,0.8329508304595947
1789540423.9730997,door_green_2beddd,green,17.90690621797708,0.13286052450389835,17.906906219024563,0.13286052368988777,0.5003124475479126
1789540424.8851166,door_red_3b9977,red,14.906734406538876,-1.89996736757042,14.906734407586358,-1.8999673683844307,0.8326066732406616
1789540424.8905842,door_green_2beddd,green,17.89759133957287,0.13193266263981568,17.89759134062035,0.1319326618258051,0.5016781687736511
1789540425.8503509,door_red_3b9977,red,14.858893717317708,-1.8620904864542345,14.85889371836519,-1.862090487268245,0.8333402276039124
1789540425.8513777,door_green_2beddd,green,17.880075495643823,0.13018789658987623,17.880075496691305,0.13018789577586565,0.5001248121261597
1789540426.8048315,door_red_8ab259,red,14.786011685304956,-1.8364146547661844,14.786011686056161,-1.8364146549151092,0.7787741422653198
1789540426.8092082,door_green_2beddd,green,17.892466215051954,0.10818229766270054,17.89246621580316,0.10818229751377562,0.43408745527267456
1789540427.664444,door_green_6a1d9c,green,17.87920735075007,0.07516234039544362,17.87920735158232,0.07516234038777447,0.4468509554862976
1789540428.5107367,door_red_41d384,red,14.812574990302423,-1.8509800216667984,14.812574991173129,-1.850980021568712,1.0
1789540428.6707804,door_green_86c58c,green,17.88395056698002,0.007523519312947535,17.883950567856306,0.007523519353974606,0.4575137495994568
1789540429.8852332,door_green_b8ec7b,green,17.88581748330105,-0.081592238580318,17.885817484045045,-0.08159223835190071,0.4454396069049835
1789540430.127902,door_red_f094db,red,14.907335945812688,-1.9166821739054736,14.907335946556685,-1.9166821736770563,0.8338510394096375
1789540430.880842,door_green_a28ef1,green,16.81992532558971,-0.19107056732393835,16.819925326291024,-0.19107056692702162,0.2653636336326599
1789540431.5876348,door_red_990853,red,14.86982037528043,-1.963208873033913,14.869820375951386,-1.963208872568989,0.803627610206604
1789540431.7961915,door_green_a28ef1,green,16.900485816954465,0.0008108593534312258,16.900485817609976,0.0008108598453231419,1.0
1789540433.1888819,door_red_990853,red,14.789256760456086,-1.9476948049651388,14.789256761090968,-1.947694804342945,0.75919508934021
1789540434.8111486,door_red_41acc9,red,14.759621893147923,-1.9669143965609814,14.759621893618213,-1.9669143958828308,0.7773926258087158
1789540434.8158214,door_green_5dd5a3,green,17.910010296222303,-0.006458116270196768,17.910010296692594,-0.006458115592046065,0.5381679534912109
1789540436.2987313,door_red_41acc9,red,15.006677013636658,-1.9388260746119732,15.006674413442866,-1.938835599104967,0.41262295842170715
1789540436.3003893,door_green_31066d,green,17.85880949294406,-0.04310202486692832,17.85880689275027,-0.04311154935992206,0.23944279551506042
1789540437.9095204,door_green_0ad794,green,17.905117501194376,-0.11087750219085135,17.905117446110502,-0.11087789149652155,0.32515835762023926
1789540439.5187519,door_blue_b6ef4e,blue,8.685156113472125,-2.3354303972473502,8.68515611369007,-2.33543039662397,0.4366946816444397
1789540440.9528472,door_blue_b6ef4e,blue,8.598548322338013,-2.3602858833837845,8.59854832207828,-2.360285882583886,0.5324621200561523
1789540442.520892,door_blue_b6ef4e,blue,8.491145144362518,-2.4050484617842662,8.491131331757767,-2.405021503733238,0.6279441714286804
1789540444.1389763,door_blue_b6ef4e,blue,8.302780465317573,-2.5341640160059797,8.302780464591173,-2.534164013847272,0.5872367024421692
1789540446.0559595,door_green_0ad794,green,17.850442399683377,-0.13381247103840238,17.850442399768344,-0.13381247017706,0.40505483746528625
1789540447.6935575,door_red_41acc9,red,14.465003328706706,-1.4461147651947732,14.465003329043885,-1.4461147644924401,0.5200424790382385
1789540447.6976247,door_green_31066d,green,17.903946746010057,-0.03850925988505423,17.903946746347234,-0.038509259182721245,0.4263540804386139
1789540449.14078,door_green_31066d,green,17.86322136546857,-0.06363568498953354,17.86322136573441,-0.06363568424739699,0.3103499114513397
1789540450.6221476,door_green_172e9e,green,17.919851067477772,-0.18385943716972253,17.919851067451567,-0.18385943630076879,0.5346454381942749
1789540453.0722125,door_blue_84d4f2,blue,8.646398356290906,-2.3079802054832887,8.646398355953146,-2.3079802047838385,0.607426106929779
1789540454.6560845,door_blue_1f329e,blue,8.701491160683915,-2.1943773918419938,8.701491160062389,-2.1943773912716495,0.5159401893615723
1789540456.1474977,door_blue_df7a1e,blue,8.505926658754412,-2.2036775836278566,8.505926657987377,-2.203677583407018,0.6332502365112305
1789540459.3373017,door_blue_1f329e,blue,8.33980245892235,-2.3710250199546623,8.339802458206803,-2.371025019628695,0.6169970631599426
1789540460.8596177,door_blue_84d4f2,blue,8.413518385658676,-2.377476734799346,8.41351838506585,-2.3774767341448464,0.5006015300750732
1789540462.489958,door_blue_b6ef4e,blue,8.5897572642823,-2.321076540166918,8.58975726340336,-2.3210765391246033,0.5718295574188232
1789540463.9973505,door_blue_b6ef4e,blue,8.592573144437246,-2.319532358372456,8.592573143558305,-2.319532357330141,0.5722108483314514
1789540465.4852724,door_blue_b6ef4e,blue,8.530246661704185,-2.3537111638092574,8.530246660825245,-2.3537111627669427,0.572062611579895
1789540467.270467,door_blue_b6ef4e,blue,8.538455551288806,-2.34920954543354,8.538455550409868,-2.3492095443912255,0.5721407532691956
1789540468.7902343,door_blue_b6ef4e,blue,8.328989712329413,-2.5396746556826066,8.3289897121318,-2.5396746548880285,0.45678389072418213
1789540469.321036,door_green_172e9e,green,17.9113647818873,0.015726773601325815,17.911364781813393,0.015726774423508887,1.0
1789540470.8458817,door_green_0ad794,green,17.890035988280815,-0.13272755941737419,17.89003598837543,-0.13272755856711996,0.4002358913421631
1789540472.4804654,door_green_31066d,green,17.883649093143745,-0.04488467236761219,17.883649093511313,-0.04488467165170748,0.6258347630500793
1789540472.5469155,door_red_41acc9,red,14.533110250579078,-1.466803842067154,14.533110250946645,-1.4668038413512494,0.24329067766666412
1789540474.1256425,door_red_41acc9,red,14.236448287442826,-1.409910843125607,14.23644828796714,-1.4099108424859217,0.8742777705192566
1789540474.1288629,door_green_5dd5a3,green,17.920461804429742,0.003892527725708181,17.92046180495405,0.0038925283653934994,0.4756046235561371
1789540475.8665237,door_red_990853,red,14.8668085183161,-2.0371339738571397,14.866808518941284,-2.037133973304285,0.8214707374572754
1789540477.52711,door_red_990853,red,14.9253905134677,-2.022260167038214,14.925390514183862,-2.0222601666237607,0.8529908657073975
1789540478.7389855,door_green_b8ec7b,green,17.894906429181493,-0.05343302647582193,17.894906429958077,-0.053433026202020895,0.358873188495636
1789540479.1266663,door_red_f094db,red,15.043004570676395,-2.042459474250594,15.043004571467808,-2.04245947402328,0.8421815037727356
1789540479.7247396,door_green_86c58c,green,17.86401684675488,-0.026771828500049666,17.864016847575225,-0.026771828388833657,0.4115036725997925
1789540480.7375052,door_red_41d384,red,14.44346524969949,-1.340766850562277,14.443465250573029,-1.3407668506866746,0.6958709955215454
1789540480.8933887,door_green_86c58c,green,17.88412768012665,0.004489736888375284,17.884127681000187,0.004489736763977736,0.5734043717384338
1789540482.2008486,door_red_8ab259,red,14.325177721487012,-1.335450059012588,14.325167079756948,-1.335449212132336,0.8656022548675537
1789540482.208925,door_green_2beddd,green,17.9232211527298,0.07998508133591455,17.923210510999734,0.07998592821616644,0.4470355212688446
1789540483.6490045,door_red_3b9977,red,14.881122872680494,-1.8982946068175057,14.881116880036815,-1.898291255821755,0.8081541657447815
1789540484.5211742,door_red_3b9977,red,14.914981536255329,-1.8965596337359196,14.91498149982775,-1.8965596072434765,0.8467203378677368
1789540484.5257657,door_green_e3c292,green,16.883740532934706,-0.14885736631387803,16.883740496507126,-0.14885733982143481,0.4008108079433441
1789540486.1228855,door_red_3b9977,red,14.975691359406637,-1.8918389709429195,14.975691359862557,-1.8918389712129502,0.8356234431266785
1789540486.4583526,door_green_52e0b6,green,17.926809110993812,0.11579329198436741,17.926809111515578,0.11579329164331174,0.2802049517631531
1789540487.1966236,door_red_f9c2b9,red,14.942640536222365,-1.8349941442450617,14.942640536873402,-1.8349941448421099,0.8846096396446228
1789540487.8820436,door_green_52e0b6,green,17.90650825741279,0.0018355755437865495,17.906508257988946,0.0018355749208700534,0.469747394323349
1789540488.2989244,door_red_f9c2b9,red,14.929093851621012,-1.8278919334917374,14.929093852197171,-1.8278919341146538,0.7955612540245056
1789540489.262677,door_red_3b9977,red,14.91517717079515,-1.8222423330914383,14.91517717135802,-1.8222423337510887,0.8497394323348999
1789540489.5137737,door_green_52e0b6,green,17.88857121753679,0.0008563715950871686,17.888571218104403,0.0008563709335790981,0.34258803725242615
1789540490.2659366,door_red_3b9977,red,14.914069552572212,-1.832447280624934,14.914065880113181,-1.832443711170739,0.828163743019104
1789540491.0043397,door_green_52e0b6,green,17.911749607271123,-0.006557140939128625,17.91165745983861,-0.006470854627577016,1.0
1789540491.283808,door_red_3b9977,red,14.928262773488768,-1.8749070510056596,14.928203069616295,-1.8748511466715607,0.6835429668426514
1789540492.3358974,door_red_3b9977,red,14.913044975604826,-1.8580980067491137,14.91304342961573,-1.8580965591758578,0.767615795135498
1789540492.580167,door_green_52e0b6,green,17.91170400740796,-0.2020022894201327,17.911702461418862,-0.2020008418468769,0.5868613719940186
1789540493.5062695,door_red_48696f,red,14.821810819371875,-1.8342850813320468,14.821810819004769,-1.8342850810336957,0.7549840807914734
1789540493.5114698,door_green_e3c292,green,16.986198484648554,-0.22981786279878177,16.98619848428145,-0.22981786250043068,1.0
1789540494.4484572,door_red_df9ac5,red,14.897942807213125,-1.7947265671268147,14.897942807995449,-1.7947265672891204,0.5911908745765686
1789540494.4520636,door_green_2beddd,green,17.863529527565824,0.11052496379005977,17.86352952834815,0.11052496362775394,0.40594249963760376
1789540495.440133,door_red_bab850,red,14.856247189582573,-1.845003751587543,14.856247190452681,-1.8450037515702895,1.0
1789540495.5410793,door_green_6a1d9c,green,17.844819600566982,0.015292556785230005,17.844819601437088,0.015292556802483481,0.5772033929824829
1789540496.6996942,door_green_86c58c,green,17.87947369335015,-0.03360623261854295,17.87947369418825,-0.03360623247707617,0.5928764939308167
1789540497.1610427,door_red_41c183,red,14.870163106609652,-1.9020155509626235,14.870163107417145,-1.9020155507676715,0.5759935975074768
1789540497.7533786,door_green_86c58c,green,17.933266994061007,-0.023896963260371218,17.93326699475176,-0.023896963310638286,0.27299198508262634
1789540498.7098312,door_red_41d384,red,15.105145443737452,-2.0117722479879694,15.67459452012863,-2.0959490890363193,0.37296149134635925
1789540498.8170807,door_green_6a1d9c,green,17.9066009968971,0.019697024867564916,17.90660099779921,0.01969702480155583,0.2585352957248688
1789540500.0530827,door_green_2beddd,green,17.873761843545626,0.1019392139701456,17.87376184435425,0.10193921377953286,1.0
1789540500.7049868,door_green_52e0b6,green,17.919506630720605,0.3347731850222486,17.919506631463236,0.3347731847336375,0.6356337070465088
1789540501.1924262,door_red_3b9977,red,14.877317427516283,-1.912733280873906,14.877317428224405,-1.9127332812057716,0.8095449209213257
1789540502.287204,door_red_3b9977,red,14.923887468103983,-1.8602914059906452,14.923887468667473,-1.8602914064626694,0.70270836353302
1789540502.4959614,door_green_52e0b6,green,17.84008934014378,0.17089096206400878,17.840089340665756,0.17089096156282602,0.3526371121406555
1789540503.545694,door_red_f9c2b9,red,15.019897382980888,-1.8710116780662969,15.019897383349099,-1.8710116787289484,0.8317290544509888
1789540504.0643106,door_green_cdb2a0,green,17.876873430435534,0.10912886887144285,17.876873430715108,0.10912886814275474,1.0
1789540504.5326765,door_red_5d3986,red,15.044321881597606,-1.8109814655333805,15.044321881829223,-1.8109814662986063,0.8514253497123718
1789540505.5285308,door_blue_8bb15d,blue,9.572537453183399,-1.5912527798519966,9.572537453243351,-1.5912527806955024,0.22251427173614502
1789540505.721756,door_red_e7f7b0,red,14.78236527816772,-1.7961466795492755,14.782365278227674,-1.7961466803927812,1.0
1789540506.0160048,door_red_b70777,red,15.15124799976467,-1.7409577722560632,15.151247999802543,-1.740957773107213,0.5843607187271118
1789540506.1220458,door_green_48e442,green,17.909991695095613,0.4626973592100895,17.909991695133485,0.46269735835893977,1.0
1789540507.6342325,door_red_072e78,red,15.041313457388597,-1.7337756729364713,15.041313457305538,-1.7337756737986545,0.6894024610519409
1789540509.1453788,door_red_e2b0d4,red,14.974551031503283,-1.7132965962087787,14.974551031545165,-1.7132965971096914,0.5287988781929016
1789540509.251915,door_green_48e442,green,17.799134473284322,0.18325759117197032,17.799134473326202,0.18325759027105765,1.0
1789540510.549422,door_red_e7f7b0,red,14.943542317920372,-1.7138918282996811,14.943542318160947,-1.713891829078557,0.7652760744094849
1789540510.7900772,door_green_cdb2a0,green,17.861074450420915,0.06751579569082206,17.861074450705633,0.06751579494028359,0.24705059826374054
1789540511.808401,door_red_8fe067,red,14.902752015567534,-1.757418311231775,14.90275201594235,-1.7574183119081201,0.8704880475997925
1789540512.339769,door_green_cdb2a0,green,17.87130890151927,0.016580459878108245,17.871308901992773,0.01658045931308938,0.30398550629615784
1789540512.7736597,door_red_48696f,red,14.887199326221593,-1.8045762549334403,14.887199326848002,-1.8045762555998892,0.8454969525337219
1789540513.8064368,door_green_52e0b6,green,17.90585226835062,-0.008364294858819399,17.90585226909802,-0.008364295403900823,1.0
1789540514.0690072,door_red_3b9977,red,14.914576391207397,-1.8554312367737982,14.914576391954798,-1.8554312373188795,0.7701752185821533
1789540515.086708,door_red_3b9977,red,14.91820529496949,-1.859284097992664,14.91820529571689,-1.8592840985377452,0.7689566016197205
1789540515.3384578,door_green_52e0b6,green,17.886646542628853,-0.009996247868009511,17.88664654337625,-0.009996248413090936,1.0
1789540516.1318643,door_red_48696f,red,14.8945678984577,-1.8341879217626618,14.8945678992051,-1.834187922307743,0.7684504985809326
1789540516.9360204,door_green_52e0b6,green,17.85002785457408,-0.013107818814576178,17.85002785532148,-0.013107819359657602,1.0
1789540517.2010703,door_red_3b9977,red,14.903008854603332,-1.8431498107285136,14.903008855350732,-1.843149811273595,0.7688189148902893
1789540518.1731622,door_red_48696f,red,14.873568228057065,-1.843930567436804,14.873568228720572,-1.8439305678877773,0.8074419498443604
1789540519.3452775,door_red_df9ac5,red,14.81046279583221,-1.8528005717626685,14.810462796589059,-1.8528005720758678,0.6283277869224548
1789540520.2181132,door_green_2beddd,green,17.84136040745385,0.10340120591846225,17.841360408270262,0.1034012057283602,0.2762500047683716
1789540521.3372319,door_red_bab850,red,14.831431227066345,-1.8864579706397455,14.831431227663876,-1.8864579754075517,1.0
1789540521.4826972,door_green_6a1d9c,green,17.867510362773277,0.060218452204874984,17.86751036337081,0.06021844743706872,0.6429669260978699
1789540522.6014512,door_green_6a1d9c,green,17.83641589916689,0.05675164371010849,17.83641589976442,0.05675163894230223,0.6429122090339661
1789540523.0589094,door_red_bab850,red,14.850971388506716,-1.8901316223463465,14.850971387184432,-1.890131622095915,1.0
1789540523.691428,door_green_6a1d9c,green,17.844318893375082,0.048618963411676874,17.844318892914856,0.04861896332908283,0.435334712266922
1789540524.6899486,door_red_41c183,red,15.026900161978116,-1.9525914559509006,15.482413449364476,-1.9858436910931767,0.6475958824157715
1789540524.8017426,door_green_6a1d9c,green,17.93998209143252,0.005870340837202226,17.939982092388014,0.005870340644239247,0.26649895310401917
1789540526.0770538,door_green_6a1d9c,green,17.898958532866523,0.009370378157422254,17.898958533714648,0.009370378029655846,0.384623646736145
1789540526.4733517,door_red_41c183,red,14.892350961291504,-1.9435167340251707,15.376828392472177,-1.994294237804036,0.4684365391731262
1789540527.1472359,door_green_712afe,green,17.91566903718905,-0.01044165867934238,17.915669038056468,-0.010441658528667075,0.3313789963722229
1789540528.144113,door_red_e40c8b,red,14.841711067063242,-1.9555038043318804,15.247842073734384,-1.928635830569707,0.5165706276893616
1789540528.2586453,door_green_712afe,green,17.93633915122426,-0.010661711750837022,17.936339152078588,-0.010661711695879983,0.4491919279098511
1789540529.5947437,door_red_e40c8b,red,14.783826200569218,-1.8979767079544037,15.20397217111906,-1.93705113533165,1.0
1789540529.7102034,door_green_712afe,green,17.904877109238956,-0.032077338210710404,17.904877110094763,-0.032077338051229976,0.39325612783432007
1789540530.9217155,door_green_712afe,green,17.845154499512745,-0.030263691741006293,17.8451545003704,-0.030263691531940085,0.35892075300216675
1789540531.353031,door_red_9a7f4c,red,14.786905972375878,-1.886316844397142,14.786905973245421,-1.8863168441337415,0.4382432699203491
1789540532.06531,door_green_712afe,green,17.903311502163838,-0.02181317433465313,17.90331150298645,-0.021813174281561154,0.3439207673072815
1789540532.7692294,door_red_9a7f4c,red,14.891876646064967,-1.9081436014051012,15.07413963405267,-1.8444806165430474,0.5498768091201782
1789540533.2026827,door_green_712afe,green,17.87921880067165,-0.03768903088035491,17.879218801535746,-0.037689030619813435,1.0
1789540534.3165936,door_red_9a7f4c,red,14.98563437660892,-1.8653707608009888,14.985634377453154,-1.8653707606457062,0.639195442199707
1789540534.4183242,door_green_712afe,green,17.92505710529516,-0.014803053743682182,17.925057106139395,-0.01480305358839945,0.6466982960700989
1789540535.6611698,door_red_9a7f4c,red,15.074370310355695,-1.8868386624652242,15.07437031118266,-1.8868386623280315,0.6099971532821655
1789540535.7864852,door_green_712afe,green,17.917556085590615,-0.0054506864031784175,17.91755608641758,-0.005450686265985771,0.44429585337638855
1789540537.1788034,door_green_712afe,green,17.93186509629244,-0.0476693509015618,17.93186509714822,-0.04766935069248396,1.0
1789540538.104349,door_green_712afe,green,17.903740474139045,-0.04426490888820639,17.903740474976445,-0.044264908712825984,1.0
1789540539.4579747,door_green_712afe,green,17.94854986676029,-0.06509675577565655,17.948549867600665,-0.06509675557595199,0.2190106213092804
1789540540.4435396,door_green_712afe,green,17.95477165503351,-0.056913428062049146,17.954771655886756,-0.05691342784182951,1.0
1789540541.4762623,door_green_712afe,green,17.89839395875312,-0.06016155553242582,17.898393959584414,-0.060161555331090674,1.0
1789540542.745625,door_green_712afe,green,17.90358163977783,-0.058019245228032416,17.903581640618818,-0.05801924502520839,1.0
1789540543.738204,door_green_712afe,green,17.930142918539584,-0.07154907950730063,17.930142919368976,-0.07154907931581861,0.336588978767395
1789540544.9155264,door_green_5fde30,green,17.936031396455892,-0.04618184809850221,17.936031397310888,-0.04618184794892955,1.0
1789540545.7814722,door_green_5fde30,green,17.90304606650814,-0.036690489979646024,17.903046067362286,-0.03669048985519428,1.0
1789540546.8413274,door_green_5fde30,green,17.895888166920024,-0.021795599643767666,17.895888167775734,-0.021795599537992365,0.39134615659713745
1789540547.9337385,door_green_5fde30,green,17.92206833396889,-0.030090334139196526,17.922068334829653,-0.030090334052384766,1.0
1789540549.021072,door_green_5fde30,green,17.915497931921486,-0.025288244618115394,17.915497932780784,-0.025288244550527826,1.0
1789540549.8265045,door_green_5fde30,green,17.913089900786787,-0.016699975444074748,17.913073631791125,-0.016700401418542433,1.0
1789540550.8531497,door_green_5fde30,green,18.636745682283124,-0.03414716151628183,18.6367148686017,-0.034147531311262594,1.0
1789540551.892059,door_green_5fde30,green,18.703731059716606,-0.03299682446160984,18.703731275946076,-0.03299682373632687,1.0
1789540552.979307,door_green_5fde30,green,18.76702758498822,-0.022270562248551364,18.7670286362149,-0.022270571816253814,1.0
1789540553.939921,door_green_5fde30,green,18.800951093104473,-0.017460784278597423,18.800947571519547,-0.017460730211754635,1.0
1789540554.9320326,door_green_7a1ed3,green,18.82722538512561,-0.007802074062247765,18.827217561094027,-0.007801855263170291,1.0
1789540556.1185791,door_green_7a1ed3,green,18.84855828075055,-0.011681444466907106,18.848556312210125,-0.011681393795957912,1.0
1789540557.178024,door_green_7a1ed3,green,18.857960639543965,-0.0024452100921991786,18.8579424948194,-0.002444593523865394,1.0
1789540558.1208253,door_green_7a1ed3,green,18.86184100834072,-0.006753316041297641,18.861839467360998,-0.006753267164775964,1.0
1789540559.3466904,door_green_5fde30,green,18.9120411342581,-0.01677219025332417,18.912041131395675,-0.01677219019743879,1.0
1789540560.324761,door_green_5fde30,green,19.036808297621818,-0.004714753408965492,19.036808298645518,-0.004714753430679116,1.0
1789540561.4729984,door_green_5fde30,green,19.202858796050915,-0.0024517568076332305,19.202858796916473,-0.0024517568199203116,1.0
1789540562.4211273,door_green_5fde30,green,19.327350862235747,-0.003871731358274094,19.32735086309604,-0.0038717313689226075,1.0
1789540562.6873825,door_green_be992c,green,18.965879175452525,1.2069865304297498,18.96587917631198,1.206986530419083,1.0
1789540563.536841,door_green_14f08f,green,18.901320680309823,-1.3394038299054472,18.901320681175072,-1.3394038299161126,1.0
1789540563.6658893,door_green_5fde30,green,19.451841224900466,-0.005420103902002524,19.451841225765715,-0.005420103912667978,1.0
