t,x,y,yaw,roll,pitch,state,target_id
1789539829.4635556,-2.9999999919690863,-1.0553377920987233e-13,-7.317036772033026e-18,5.554415768603528e-13,4.227902688743684e-08,,
1789539829.813543,-2.9999999913951734,-1.1307354804413131e-13,-7.709685825097602e-18,5.951244402805309e-13,4.529959189186643e-08,,
1789539830.1635125,-2.9999999907574924,-1.214511121069489e-13,-8.47410347750323e-18,6.392165452848831e-13,4.865577544330063e-08,,
1789539830.5135431,-2.999999990183579,-1.289908549078254e-13,-9.263925988001603e-18,6.788994678692625e-13,5.167634083019202e-08,,
1789539830.8637314,-2.999999989545898,-1.3736843440534972e-13,-9.724521127087504e-18,7.229916332104469e-13,5.503252480617242e-08,,
1789539831.2139735,-2.9999999889719846,-1.4490824982852147e-13,-1.0152614100866461e-17,7.626745010221478e-13,5.805309057463112e-08,,
1789539831.5637476,-2.9999999883980712,-1.5244789673250864e-13,-1.1111831507324951e-17,8.023572893140315e-13,6.107365652408736e-08,,
1789539831.9135706,-2.9999999877603902,-1.6082532623108538e-13,-1.2068932543116417e-17,8.464489726720468e-13,6.442984112451394e-08,,
1789539832.2634556,-2.999999987186477,-1.6836504776831133e-13,-1.2707088299679512e-17,8.861317530128564e-13,6.745040745662323e-08,,
1789539832.6138918,-2.9999999866125635,-1.7590483046541737e-13,-1.3417933141794313e-17,9.258145603517088e-13,7.047097396897171e-08,,
1789539832.9635544,-2.9999999859748825,-1.8428229940813214e-13,-1.3926048194860636e-17,9.699062256739572e-13,7.382715919544079e-08,,
1789539833.3137348,-2.999999985400969,-1.9182212420188754e-13,-1.4643399148875875e-17,1.0095892005385132e-12,7.684772609015689e-08,,
1789539833.6635225,-2.9999999848270558,-1.993618432988884e-13,-1.5252891661568584e-17,1.0492717210790034e-12,7.986829316628928e-08,,
1789539834.0135083,-2.9999999842531424,-2.0690150377572832e-13,-1.6015715273355246e-17,1.0889542528734374e-12,8.288886042337766e-08,,
1789539834.3637295,-2.999999983679229,-2.1444118928932805e-13,-1.706702971261074e-17,1.1286368177327174e-12,8.590942786098151e-08,,
1789539834.7137136,-2.9999999831053157,-2.2198103562415351e-13,-1.7605939775342677e-17,1.16831921505362e-12,8.892999548006088e-08,,
1789539835.063553,-2.9999999825314023,-2.295209340083984e-13,-1.7966728586552762e-17,1.2080021887880844e-12,9.195056328003763e-08,,
1789539835.4137666,-2.999999982021257,-2.362229862598892e-13,-1.8614840172048033e-17,1.2432758789904008e-12,9.463551258748453e-08,,
1789539835.7635212,-2.9999999814473437,-2.4376280145224836e-13,-1.9382045875852938e-17,1.2829585132746065e-12,9.7656080728968e-08,,
1789539836.1136966,-2.9999999808096622,-2.5214034911564e-13,-1.9930168364071423e-17,1.3270501642394198e-12,1.0101226776464222e-07,,
1789539836.46368,-2.999999980235749,-2.596800544294525e-13,-2.078808682505769e-17,1.3667325550288763e-12,1.0403283628734222e-07,,
1789539836.8136044,-2.9999999796618355,-2.672199139737015e-13,-2.1244272593329862e-17,1.406414878340885e-12,1.0705340499093206e-07,,
1789539837.163706,-2.999999979087922,-2.747596313234344e-13,-2.190274126761027e-17,1.4460973706775842e-12,1.1007397387496496e-07,,
1789539837.5133874,-2.999999978577777,-2.814616800776311e-13,-2.2065709454060743e-17,1.4813707107852853e-12,1.127589241466637e-07,,
1789539837.8634253,-2.999999977940095,-2.898391296122037e-13,-2.2752538247570775e-17,1.5254619245715196e-12,1.1611511218585214e-07,,
1789539838.2135215,-2.9999999773661816,-2.9737881866939767e-13,-2.3331948003226425e-17,1.5651440945079146e-12,1.191356816121369e-07,,
1789539838.5635636,-2.999999976792268,-3.049186194460315e-13,-2.3818747647620594e-17,1.6048264022901851e-12,1.2215625121865116e-07,,
1789539838.913485,-2.9999999762183545,-3.1245834098341893e-13,-2.422248421268443e-17,1.6445086597367875e-12,1.2517682100617222e-07,,
1789539839.2635481,-2.999999975644441,-3.1999804931651494e-13,-2.4948446327728717e-17,1.6841908159676423e-12,1.2819739097398982e-07,,
1789539839.6149218,-2.9999999751980635,-3.258622846745755e-13,-2.5315250707115313e-17,1.7150549332136986e-12,1.3054672329624454e-07,,
1789539839.9637587,-2.9999999747516863,-3.3172650587643036e-13,-2.5953336415219883e-17,1.7459187563006503e-12,1.3289605572821862e-07,,
1789539840.3152077,-2.999999974496614,-3.3507752988993944e-13,-2.6283606252761574e-17,1.7635555713814288e-12,1.342385314522391e-07,,
1789539840.6687932,-2.999999974114005,-3.4010399879571007e-13,-2.6600675008190452e-17,1.7900103101027136e-12,1.3625224510542935e-07,,
1789539841.013809,-2.9999999736676273,-3.4596821536923243e-13,-2.7307448556538455e-17,1.8208745195963868e-12,1.386015778026127e-07,,
1789539841.363671,-2.999999973157482,-3.52670236054959e-13,-2.806929740042188e-17,1.856147868884693e-12,1.4128652958963287e-07,,
1789539841.7137828,-2.999999972711105,-3.5853447155072293e-13,-2.8384695312308545e-17,1.8870124371538466e-12,1.436358625209194e-07,,
1789539842.0638056,-2.9999999722647273,-3.6439872250972835e-13,-2.8840108691987967e-17,1.917876679378753e-12,1.4598519556121408e-07,,
1789539842.413785,-2.99999997181835,-3.7026304672507384e-13,-2.9573393670956283e-17,1.9487412710480343e-12,1.4833452871095202e-07,,
1789539842.76387,-2.999999971435741,-3.7528953180553987e-13,-2.9844535978574913e-17,1.9751966834748527e-12,1.5034824292589452e-07,,
1789539843.1147194,-2.999999971053132,-3.8031596308446013e-13,-3.0189170326196516e-17,2.001651473735067e-12,1.5236195722100037e-07,,
1789539843.4638715,-2.9999999706705225,-3.8534251697223204e-13,-3.068892911087206e-17,2.02810716501927e-12,1.5437567159572497e-07,,
1789539843.8159313,-2.99999997041545,-3.886934905646456e-13,-3.114556718003938e-17,2.0457437657260087e-12,1.5571814789011103e-07,,
1789539844.1637828,-2.9999999701603772,-3.920445229105223e-13,-3.135422540668298e-17,2.063380601363565e-12,1.5706062422029113e-07,,
1789539844.514132,-2.9999999698415363,-3.962332180537997e-13,-3.15489498832954e-17,2.085426639446139e-12,1.587387196833205e-07,,
1789539844.8644202,-2.9999999695226953,-4.004219716787561e-13,-3.1772423308817784e-17,2.1074727776814216e-12,1.6041681520156143e-07,,
1789539845.2140117,-2.9999999692038544,-4.0461074181254697e-13,-3.221904678833042e-17,2.1295188721524483e-12,1.6209491077576594e-07,,
1789539845.5719342,-2.9999999689487815,-4.0796167890094224e-13,-3.2691445201197815e-17,2.147155362919622e-12,1.6343738727494648e-07,,
1789539845.9137752,-2.9999999686937087,-4.1131271114227627e-13,-3.291515494934034e-17,2.1647922525728526e-12,1.6477986381001483e-07,,
1789539846.263998,-2.9999999683748677,-4.155014777211361e-13,-3.328873128854263e-17,2.186838397532104e-12,1.6645795952867588e-07,,
1789539846.6140292,-2.9999999680560268,-4.196901800242918e-13,-3.3570333377606134e-17,2.2088841241849283e-12,1.6813605530300217e-07,,
1789539846.9638891,-2.999999967737186,-4.238789821053472e-13,-3.377957865724526e-17,2.2309306562835103e-12,1.6981415113340412e-07,,
1789539847.3139563,-2.999999967482113,-4.272299393384643e-13,-3.422137312166629e-17,2.2485672642599956e-12,1.7115662783737486e-07,,
1789539847.664369,-2.99999996722704,-4.3058090153185225e-13,-3.453894567691287e-17,2.266203657858345e-12,1.7249910457739263e-07,,
1789539848.0168796,-2.9999999669719672,-4.3393196615467713e-13,-3.4868063757800186e-17,2.283840805552164e-12,1.738415813528242e-07,,
1789539848.3641026,-2.9999999667806625,-4.364452272260242e-13,-3.507165543640853e-17,2.2970683815802108e-12,1.7484843895751053e-07,,
1789539848.7143521,-2.9999999665893577,-4.3895844530219825e-13,-3.531878593026272e-17,2.3102958520847775e-12,1.7585529658241744e-07,,
1789539849.0649743,-2.9999999663342853,-4.423094063597444e-13,-3.551288757664431e-17,2.3279324884721917e-12,1.7719777344711923e-07,,
1789539849.416685,-2.9999999660792125,-4.456604209382693e-13,-3.565688325616691e-17,2.345569536024274e-12,1.7854025034719363e-07,,
1789539849.7647376,-2.9999999658879077,-4.481736787368915e-13,-3.5976169270836076e-17,2.358797270967119e-12,1.7954710804558864e-07,,
1789539850.1145148,-2.999999965569067,-4.523624012160991e-13,-3.636816977986659e-17,2.3808429998945768e-12,1.8122520425367732e-07,,
1789539850.4641168,-2.999999965313994,-4.557134413191762e-13,-3.660178749767121e-17,2.398479980808331e-12,1.8256768126022396e-07,,
1789539850.8137147,-2.9999999649951525,-4.599022148437469e-13,-3.713164394036126e-17,2.4205260282659107e-12,1.842457775686964e-07,,
1789539851.1637604,-2.9999999646125435,-4.649287217716866e-13,-3.79108569908827e-17,2.446981069930201e-12,1.8625949321225006e-07,,
1789539851.5140533,-2.9999999642937025,-4.691175185659087e-13,-3.82757797931409e-17,2.469027359770021e-12,1.879375896427116e-07,,
1789539851.8639457,-2.9999999640386297,-4.724684934965419e-13,-3.83760055892439e-17,2.4866640931995052e-12,1.892800668273968e-07,,
1789539852.2157488,-2.99999996365602,-4.774949258118366e-13,-3.890198478544253e-17,2.513119275159698e-12,1.912937826711249e-07,,
1789539852.563912,-2.999999963273411,-4.825214873870098e-13,-3.927246683443862e-17,2.5395749352904825e-12,1.933074985954309e-07,,
1789539852.913898,-2.9999999629545697,-4.867102765012417e-13,-3.969065337484465e-17,2.5616210676763177e-12,1.94985595260541e-07,,
1789539853.263938,-2.9999999625081926,-4.925744823372484e-13,-4.0451204645962e-17,2.5924850978953936e-12,1.973349306849742e-07,,
1789539853.6139956,-2.999999962189351,-4.967632739492943e-13,-4.086448542519497e-17,2.6145312907670723e-12,1.9901302748330205e-07,,
1789539853.9636574,-2.999999961806742,-5.017898301176823e-13,-4.145730594583192e-17,2.6409866280702405e-12,2.0102674371476413e-07,,
1789539854.3139708,-2.9999999613603645,-5.076540415803229e-13,-4.199608995344734e-17,2.671850941487101e-12,2.033760794195838e-07,,
1789539854.663777,-2.999999960977755,-5.126805210005661e-13,-4.207495803499492e-17,2.6983065621924246e-12,2.0538979582436607e-07,,
1789539855.0135872,-2.999999960658914,-5.168692788070124e-13,-4.232578021600222e-17,2.7203526957888394e-12,2.0706789288916086e-07,,
1789539855.3636525,-2.9999999602763046,-5.218957683294496e-13,-4.296417928546513e-17,2.7468076422320643e-12,2.0908160944040814e-07,,
1789539855.7139523,-2.999999959893695,-5.269222776861448e-13,-4.32358958270333e-17,2.773263124265598e-12,2.1109532607160291e-07,,
1789539856.064037,-2.999999959511086,-5.319487671353052e-13,-4.3625054646490575e-17,2.7997184108994996e-12,2.1310904278290046e-07,,
1789539856.4138727,-2.9999999591284765,-5.369752630736486e-13,-4.431661830216216e-17,2.8261732808764907e-12,2.1512275957415815e-07,,
1789539856.7640858,-2.9999999843896976,-2.0587299259140168e-13,-4.4679933585446024e-17,1.0835295570306524e-12,8.2168725116027e-08,,
1789539857.1137567,-2.9999999982545793,-2.3405070694041373e-14,-4.4463977015831484e-17,1.2317186694743288e-13,9.195836143089743e-09,,
1789539857.4636402,-2.9999999994987276,-7.780231662015147e-15,-4.464278977148725e-17,4.0935935711635115e-14,2.6477189086815187e-09,,
1789539857.814446,-2.9999999994987276,-7.780231662015147e-15,-4.464278977148725e-17,4.0935935711635115e-14,2.6477189086815187e-09,,
1789539858.1636415,-2.9999999994987276,-7.780231662015147e-15,-4.464278977148725e-17,4.0935935711635115e-14,2.6477189086815187e-09,,
1789539858.5137029,-2.9999999994987276,-7.780231662015147e-15,-4.464278977148725e-17,4.0935935711635115e-14,2.6477189086815187e-09,,
1789539858.863549,-2.9999999994987276,-7.780231662015147e-15,-4.464278977148725e-17,4.0935935711635115e-14,2.6477189086815187e-09,,
1789539859.2138526,-2.9999999994987276,-7.780231662015147e-15,-4.464278977148725e-17,4.0935935711635115e-14,2.6477189086815187e-09,,
1789539859.5636146,-2.9999999994987276,-7.780231662015147e-15,-4.464278977148725e-17,4.0935935711635115e-14,2.6477189086815187e-09,,
1789539859.9143283,-2.9999999994987276,-7.780231662015147e-15,-4.464278977148725e-17,4.0935935711635115e-14,2.6477189086815187e-09,,
1789539860.263516,-2.9999999994987276,-7.780231662015147e-15,-4.464278977148725e-17,4.0935935711635115e-14,2.6477189086815187e-09,,
1789539860.613733,-2.9999999994987276,-7.780231662015147e-15,-4.464278977148725e-17,4.0935935711635115e-14,2.6477189086815187e-09,,
1789539860.9638717,-2.9999999994987276,-7.780231662015147e-15,-4.464278977148725e-17,4.0935935711635115e-14,2.6477189086815187e-09,,
1789539861.313852,-2.9999999994987276,-7.780231662015147e-15,-4.464278977148725e-17,4.0935935711635115e-14,2.6477189086815187e-09,,
1789539861.6688087,-2.9999999994987276,-7.780231662015147e-15,-4.464278977148725e-17,4.0935935711635115e-14,2.6477189086815187e-09,,
1789539862.0138693,-2.9999999994987276,-7.780231662015147e-15,-4.464278977148725e-17,4.0935935711635115e-14,2.6477189086815187e-09,,
1789539862.3638337,-2.9999999994987276,-7.780231662015147e-15,-4.464278977148725e-17,4.0935935711635115e-14,2.6477189086815187e-09,,
1789539862.7138102,-2.9999999994987276,-7.780231662015147e-15,-4.464278977148725e-17,4.0935935711635115e-14,2.6477189086815187e-09,,
1789539863.0637927,-2.9999999994987276,-7.780231662015147e-15,-4.464278977148725e-17,4.0935935711635115e-14,2.6477189086815187e-09,,
1789539863.4137251,-2.9999999994987276,-7.780231662015147e-15,-4.464278977148725e-17,4.0935935711635115e-14,2.6477189086815187e-09,,
1789539863.7637851,-2.9999999994987276,-7.780231662015147e-15,-4.464278977148725e-17,4.0935935711635115e-14,2.6477189086815187e-09,,
1789539864.1160064,-2.9999999994987276,-7.780231662015147e-15,-4.464278977148725e-17,4.0935935711635115e-14,2.6477189086815187e-09,,
1789539864.463822,-2.9999999994987276,-7.780231662015147e-15,-4.464278977148725e-17,4.0935935711635115e-14,2.6477189086815187e-09,,
1789539864.81377,-2.9999999994987276,-7.780231662015147e-15,-4.464278977148725e-17,4.0935935711635115e-14,2.6477189086815187e-09,,
1789539865.1638412,-2.9999999994987276,-7.780231662015147e-15,-4.464278977148725e-17,4.0935935711635115e-14,2.6477189086815187e-09,,
1789539865.5140817,-2.9999999994987276,-7.780231662015147e-15,-4.464278977148725e-17,4.0935935711635115e-14,2.6477189086815187e-09,,
1789539865.8637285,-2.9999999994987276,-7.780231662015147e-15,-4.464278977148725e-17,4.0935935711635115e-14,2.6477189086815187e-09,,
1789539866.21383,-2.9999999994987276,-7.780231662015147e-15,-4.464278977148725e-17,4.0935935711635115e-14,2.6477189086815187e-09,,
1789539866.5637589,-2.9999999994987276,-7.780231662015147e-15,-4.464278977148725e-17,4.0935935711635115e-14,2.6477189086815187e-09,,
1789539866.9136515,-2.9999999994987276,-7.780231662015147e-15,-4.464278977148725e-17,4.0935935711635115e-14,2.6477189086815187e-09,,
1789539867.2649956,-2.9999999994987276,-7.780231662015147e-15,-4.464278977148725e-17,4.0935935711635115e-14,2.6477189086815187e-09,,
1789539867.6137135,-2.9999999994987276,-7.780231662015147e-15,-4.464278977148725e-17,4.0935935711635115e-14,2.6477189086815187e-09,,
1789539867.9684143,-2.9999999994987276,-7.780231662015147e-15,-4.464278977148725e-17,4.0935935711635115e-14,2.6477189086815187e-09,,
1789539868.3138072,-2.9999999994987276,-7.780231662015147e-15,-4.464278977148725e-17,4.0935935711635115e-14,2.6477189086815187e-09,,
1789539868.6638055,-2.9999999994987276,-7.780231662015147e-15,-4.464278977148725e-17,4.0935935711635115e-14,2.6477189086815187e-09,,
1789539869.013838,-2.9999999994987276,-7.780231662015147e-15,-4.464278977148725e-17,4.0935935711635115e-14,2.6477189086815187e-09,,
1789539869.3637016,-2.9999999994987276,-7.780231662015147e-15,-4.464278977148725e-17,4.0935935711635115e-14,2.6477189086815187e-09,,
1789539869.7136886,-2.9999999994987276,-7.780231662015147e-15,-4.464278977148725e-17,4.0935935711635115e-14,2.6477189086815187e-09,,
1789539870.06387,-2.9999999994987276,-7.780231662015147e-15,-4.464278977148725e-17,4.0935935711635115e-14,2.6477189086815187e-09,,
1789539870.4136379,-2.9999999994987276,-7.780231662015147e-15,-4.464278977148725e-17,4.0935935711635115e-14,2.6477189086815187e-09,,
1789539870.763915,-2.9999999994987276,-7.780231662015147e-15,-4.464278977148725e-17,4.0935935711635115e-14,2.6477189086815187e-09,,
1789539871.114247,-2.9999999994987276,-7.780231662015147e-15,-4.464278977148725e-17,4.0935935711635115e-14,2.6477189086815187e-09,,
1789539871.4659286,-2.9999999994987276,-7.780231662015147e-15,-4.464278977148725e-17,4.0935935711635115e-14,2.6477189086815187e-09,,
1789539871.8139215,-2.9999999994987276,-7.780231662015147e-15,-4.464278977148725e-17,4.0935935711635115e-14,2.6477189086815187e-09,,
1789539872.1648984,-2.9999999994987276,-7.780231662015147e-15,-4.464278977148725e-17,4.0935935711635115e-14,2.6477189086815187e-09,,
1789539872.5145314,-2.9999999994987276,-7.780231662015147e-15,-4.464278977148725e-17,4.0935935711635115e-14,2.6477189086815187e-09,,
1789539872.8636966,-2.9999999994987276,-7.780231662015147e-15,-4.464278977148725e-17,4.0935935711635115e-14,2.6477189086815187e-09,,
1789539873.2138891,-2.9999999994987276,-7.780231662015147e-15,-4.464278977148725e-17,4.0935935711635115e-14,2.6477189086815187e-09,IDLE,
1789539873.5642889,-2.9999999994987276,-7.780231662015147e-15,-4.464278977148725e-17,4.0935935711635115e-14,2.6477189086815187e-09,IDLE,
1789539873.9137585,-2.9999999994987276,-7.780231662015147e-15,-4.464278977148725e-17,4.0935935711635115e-14,2.6477189086815187e-09,IDLE,
1789539874.2638583,-2.9999999994987276,-7.780231662015147e-15,-4.464278977148725e-17,4.0935935711635115e-14,2.6477189086815187e-09,IDLE,
1789539874.613596,-2.9999999994987276,-7.780231662015147e-15,-4.464278977148725e-17,4.0935935711635115e-14,2.6477189086815187e-09,EXPLORING,
1789539874.9636629,-2.9999999994987276,-7.780231662015147e-15,-4.464278977148725e-17,4.0935935711635115e-14,2.6477189086815187e-09,EXPLORING,
1789539875.3138323,-2.9999999994987276,-7.780231662015147e-15,-4.464278977148725e-17,4.0935935711635115e-14,2.6477189086815187e-09,EXPLORING,
1789539875.6638448,-2.9999999994987276,-7.780231662015147e-15,-4.464278977148725e-17,4.0935935711635115e-14,2.6477189086815187e-09,EXPLORING,
1789539876.0137842,-2.9999999994987276,-7.780231662015147e-15,-4.464278977148725e-17,4.0935935711635115e-14,2.6477189086815187e-09,EXPLORING,
1789539876.3638816,-2.9999999994987276,-7.780231662015147e-15,-4.464278977148725e-17,4.0935935711635115e-14,2.6477189086815187e-09,EXPLORING,
1789539876.7138715,-2.9999999994987276,-7.780231662015147e-15,-4.464278977148725e-17,4.0935935711635115e-14,2.6477189086815187e-09,EXPLORING,
1789539877.0637841,-2.9999999994987276,-7.780231662015147e-15,-4.464278977148725e-17,4.0935935711635115e-14,2.6477189086815187e-09,EXPLORING,
1789539877.4138489,-2.9999999994987276,-7.780231662015147e-15,-4.464278977148725e-17,4.0935935711635115e-14,2.6477189086815187e-09,EXPLORING,
1789539877.7641807,-2.9999999994987276,-7.780231662015147e-15,-4.464278977148725e-17,4.0935935711635115e-14,2.6477189086815187e-09,EXPLORING,
1789539878.115281,-2.9999999994987276,-7.780231662015147e-15,-4.464278977148725e-17,4.0935935711635115e-14,2.6477189086815187e-09,EXPLORING,
1789539878.4640121,-2.9999999994987276,-7.780231662015147e-15,-4.464278977148725e-17,4.0935935711635115e-14,2.6477189086815187e-09,EXPLORING,
1789539878.813821,-2.9999999994987276,-7.780231662015147e-15,-4.464278977148725e-17,4.0935935711635115e-14,2.6477189086815187e-09,EXPLORING_NAVIGATING,explore_waypoint_1.2_lat+0
1789539879.1636925,-2.9999999994987276,-7.780231662015147e-15,-4.464278977148725e-17,4.0935935711635115e-14,2.6477189086815187e-09,EXPLORING_NAVIGATING,explore_waypoint_1.2_lat+0
1789539879.5166426,-2.9999999994987276,-7.780231662015147e-15,-4.464278977148725e-17,4.0935935711635115e-14,2.6477189086815187e-09,EXPLORING_NAVIGATING,explore_waypoint_1.2_lat+0
1789539879.8639247,-2.9999999994987276,-7.780231662015147e-15,-4.464278977148725e-17,4.0935935711635115e-14,2.6477189086815187e-09,EXPLORING_NAVIGATING,explore_waypoint_1.2_lat+0
1789539880.2143905,-2.9999999994987276,-7.780231662015147e-15,-4.464278977148725e-17,4.0935935711635115e-14,2.6477189086815187e-09,EXPLORING_NAVIGATING,explore_waypoint_1.2_lat+0
1789539880.5638537,-2.9872370171503926,0.000967960874933429,-0.008033399604870562,1.9897682482482157e-11,-1.7665235949568644e-09,EXPLORING_NAVIGATING,explore_waypoint_1.2_lat+0
1789539880.916915,-2.9529124386815244,0.0015887854518508296,-0.016059196835040968,-1.7325367737389227e-11,-2.2551217432196453e-09,EXPLORING_NAVIGATING,explore_waypoint_1.2_lat+0
1789539881.264908,-2.927416787577285,0.0017431693857869238,-0.02085545609397378,-2.719721019675429e-11,-5.401970252038771e-10,EXPLORING_NAVIGATING,explore_waypoint_1.2_lat+0
1789539881.6146348,-2.884927376575869,0.0010080674027681624,-0.022497946479261476,-4.437790909209991e-11,7.447639725685285e-10,EXPLORING_NAVIGATING,explore_waypoint_1.2_lat+0
1789539881.964841,-2.8509359804769683,0.00024320174165450888,-0.02249794647954031,-9.816019842999541e-12,1.1193779487444917e-09,EXPLORING_NAVIGATING,explore_waypoint_1.2_lat+0
1789539882.3137517,-2.7999488867199265,-0.0009040967394934453,-0.022497946480104895,9.38628817940926e-14,1.0891428790947282e-09,EXPLORING_NAVIGATING,explore_waypoint_1.2_lat+0
1789539882.6651874,-2.748961793322081,-0.0020513952176745894,-0.022497946479806435,-9.600809381304096e-13,9.481480737506807e-10,EXPLORING_NAVIGATING,explore_waypoint_1.2_lat+0
1789539883.0138528,-2.706472548794794,-0.003007477283809291,-0.022497946479873288,2.767915240617023e-13,9.432094641001324e-10,EXPLORING_NAVIGATING,explore_waypoint_1.2_lat+0
1789539883.364005,-2.6639833041806114,-0.003963559349878415,-0.02249794647989342,9.421290657399885e-14,9.815134717847092e-10,EXPLORING_NAVIGATING,explore_waypoint_1.2_lat+0
1789539883.7136786,-2.62149405954458,-0.004919641415851231,-0.022497946479866276,-9.003656026445829e-14,9.987326900860556e-10,EXPLORING_NAVIGATING,explore_waypoint_1.2_lat+0
1789539884.064417,-2.5705069660099475,-0.00606693989496365,-0.022497946479879093,5.843551764170676e-14,9.888176285601289e-10,EXPLORING_NAVIGATING,explore_waypoint_1.2_lat+0
1789539884.4141893,-2.536515570332553,-0.006831805547671114,-0.02249794647987958,3.8147775171337985e-14,9.81277607229165e-10,EXPLORING_NAVIGATING,explore_waypoint_1.2_lat+0
1789539884.7649326,-2.494026325734173,-0.00778788761358663,-0.022497946479874135,4.871056206378907e-15,9.799123813016636e-10,EXPLORING_NAVIGATING,explore_waypoint_1.2_lat+0
1789539885.1136105,-2.451537081129374,-0.008743969679538454,-0.022497946479874763,1.9075231714970248e-14,9.839727860110407e-10,EXPLORING_NAVIGATING,explore_waypoint_1.2_lat+0
1789539885.4640012,-2.409047836522116,-0.009700051745485997,-0.022497946479874794,2.2204849522904214e-14,9.873375968442558e-10,EXPLORING_NAVIGATING,explore_waypoint_1.2_lat+0
1789539885.8138237,-2.366558591916211,-0.010656133811420648,-0.022497946479873042,2.4653277906399827e-14,9.878579449643208e-10,EXPLORING_NAVIGATING,explore_waypoint_1.2_lat+0
1789539886.1647472,-2.3155714983912374,-0.011803432290528519,-0.02249794647987259,2.2101323514426467e-14,9.856535783007217e-10,EXPLORING_NAVIGATING,explore_waypoint_1.2_lat+0
1789539886.514021,-2.2900779516289114,-0.012377081530081059,-0.022497946479872286,1.8232052336934658e-14,9.84365372415977e-10,EXPLORING_NAVIGATING,explore_waypoint_1.2_lat+0
1789539886.8648632,-2.2475887070246263,-0.013333163596006014,-0.0224979464798715,1.7803710795521957e-14,9.828819807466394e-10,EXPLORING_NAVIGATING,explore_waypoint_1.2_lat+0
1789539887.2136955,-2.1990984220097896,-0.014424111763638243,-0.02249794703311032,-4.1124180513844327e-14,-8.219009651948571e-06,EXPLORING_NAVIGATING,explore_waypoint_1.2_lat+0
1789539887.5640025,-2.1628396544299453,-0.01523999725108048,-0.022497947032444565,1.0194092285945339e-14,-1.4877637795285305e-06,EXPLORING_NAVIGATING,explore_waypoint_1.2_lat+0
1789539887.9136317,-2.1360663249223006,-0.015842293358215253,-0.02249794770528852,-1.7116674843297855e-14,-1.02933573035009e-06,EXPLORING_NAVIGATING,explore_waypoint_1.2_lat+0
1789539888.2637894,-2.12638374012915,-0.016040798078164272,-0.022498128264544365,-5.3842313223151025e-12,2.431740363662323e-05,EXPLORING,explore_waypoint_1.2_lat+0
1789539888.6137733,-2.1263872715245626,-0.016040718593860706,-0.022498128258662275,-1.5084300309932578e-12,5.721195404811531e-06,EXPLORING,explore_waypoint_1.2_lat+0
1789539888.9638553,-2.126388032604415,-0.016040701464623094,-0.022498128258350326,-5.157161076364945e-13,1.713624204632999e-06,EXPLORING,explore_waypoint_1.2_lat+0
1789539889.3136718,-2.126390896630023,-0.013499260317267588,-0.05993566864455663,7.725279283747884e-10,1.4391212133797937e-07,EXPLORING,explore_waypoint_1.2_lat+0
1789539889.6647546,-2.126390899898962,-0.0027556773825980546,-0.1464783099455694,1.649019595596469e-10,2.6828857994226335e-08,EXPLORING,explore_waypoint_1.2_lat+0
1789539890.013774,-2.1263908785875683,0.006837517435415126,-0.22881276345783463,-7.579627085663395e-11,5.702138650432699e-09,EXPLORING,explore_waypoint_1.2_lat+0
1789539890.3641496,-2.126390856027813,0.015176446047648135,-0.30739157820791835,-9.316957797290325e-11,1.8518030935441106e-09,EXPLORING,explore_waypoint_1.2_lat+0
1789539890.7175682,-2.1263908436554098,0.019561934531543295,-0.3528796691767846,-8.379181951036299e-11,1.2746488586235765e-09,EXPLORING,explore_waypoint_1.2_lat+0
1789539891.0637043,-2.1263908276233505,0.02467793729192874,-0.41171626226008345,-8.916283019665176e-11,1.0035740108823438e-09,EXPLORING,explore_waypoint_1.2_lat+0
1789539891.4140408,-2.1263908121594883,0.028952609399523873,-0.4685821747245054,-9.534927255167496e-11,9.18704285196262e-10,EXPLORING,explore_waypoint_1.2_lat+0
1789539891.764363,-2.1263907975547727,0.032384647831596974,-0.5235696719150854,-9.229028661337588e-11,8.940304742934595e-10,EXPLORING,explore_waypoint_1.2_lat+0
1789539892.1142917,-2.1263907838049794,0.03497713934386685,-0.5767540136618202,-8.761901804329127e-11,8.863893615760764e-10,EXPLORING,explore_waypoint_1.2_lat+0
1789539892.4663548,-2.1263907677866807,0.03704794235976563,-0.6407913900211415,-8.411765028355466e-11,8.771247944286038e-10,EXPLORING,explore_waypoint_1.2_lat+0
1789539892.8140807,-2.126390756002298,0.037781570201349486,-0.6901267145989508,-8.007872332065557e-11,8.674632266284331e-10,EXPLORING,explore_waypoint_1.2_lat+0
1789539893.1635993,-2.126227355149035,0.03784857912287271,-0.7384912142825563,1.659177251512027e-12,8.3612244127343e-10,EXPLORING,explore_waypoint_1.2_lat+0
1789539893.5140984,-2.1258347524350714,0.03789590145093865,-0.801482453151175,-3.3815719667648088e-12,1.0785201268957104e-09,EXPLORING,explore_waypoint_1.2_lat+0
1789539893.8638566,-2.125834272003274,0.038404414487379405,-0.8629343624760474,-2.8466192214443503e-11,9.566163310701438e-10,EXPLORING,explore_waypoint_1.2_lat+0
1789539894.2137241,-2.1254048822104794,0.038404425809422,-0.9116494589244198,4.68782923907056e-11,8.971805472819577e-10,EXPLORING,explore_waypoint_1.2_lat+0
1789539894.5635896,-2.1245490459318566,0.03840443493939835,-0.9492756498141279,7.10466582632128e-11,8.734221059886231e-10,EXPLORING,explore_waypoint_1.2_lat+0
1789539894.9138188,-2.123229804579486,0.03840444455053685,-0.9878559880149863,8.183324327630563e-11,8.650768383648948e-10,EXPLORING,explore_waypoint_1.2_lat+0
1789539895.2641554,-2.1206900865070346,0.03840188716641736,-1.0417451381348781,-7.704808152477298e-11,1.1605083347873818e-09,EXPLORING,observed_blue_5p8_m1p8
1789539895.6138258,-2.1206900865070346,0.03840188716641736,-1.0417451381348781,-7.704808152477298e-11,1.1605083347873818e-09,EXPLORING,observed_blue_5p8_m1p8
1789539895.965919,-2.1206900865070346,0.03840188716641736,-1.0417451381348781,-7.704808152477298e-11,1.1605083347873818e-09,EXPLORING,observed_blue_5p8_m1p8
1789539896.3148518,-2.1206900865070346,0.03840188716641736,-1.0417451381348781,-7.704808152477298e-11,1.1605083347873818e-09,EXPLORING,observed_blue_5p8_m1p8
1789539896.6660233,-2.1206900865070346,0.03840188716641736,-1.0417451381348781,-7.704808152477298e-11,1.1605083347873818e-09,EXPLORING,observed_blue_5p8_m1p8
1789539897.01359,-2.1206900865070346,0.03840188716641736,-1.0417451381348781,-7.704808152477298e-11,1.1605083347873818e-09,EXPLORING,observed_blue_5p8_m1p8
1789539897.3638597,-2.1206900865070346,0.03840188716641736,-1.0417451381348781,-7.704808152477298e-11,1.1605083347873818e-09,EXPLORING,observed_blue_5p8_m1p8
1789539897.7164853,-2.1206900865070346,0.03840188716641736,-1.0417451381348781,-7.704808152477298e-11,1.1605083347873818e-09,EXPLORING,observed_blue_5p8_m1p8
1789539898.0670726,-2.1206900865070346,0.03840188716641736,-1.0417451381348781,-7.704808152477298e-11,1.1605083347873818e-09,EXPLORING,observed_blue_5p8_m1p8
1789539898.4136982,-2.1206900865070346,0.03840188716641736,-1.0417451381348781,-7.704808152477298e-11,1.1605083347873818e-09,NAVIGATING,observed_blue_5p8_m1p8
1789539898.7636456,-2.1206900865070346,0.03840188716641736,-1.0417451381348781,-7.704808152477298e-11,1.1605083347873818e-09,NAVIGATING,observed_blue_5p8_m1p8
1789539899.1140113,-2.1206900865070346,0.03840188716641736,-1.0417451381348781,-7.704808152477298e-11,1.1605083347873818e-09,NAVIGATING,observed_blue_5p8_m1p8
1789539899.464213,-2.1206900865070346,0.03840188716641736,-1.0417451381348781,-7.704808152477298e-11,1.1605083347873818e-09,NAVIGATING,observed_blue_5p8_m1p8
1789539899.8145037,-2.1208045542271474,0.038401282909465984,-1.039393429997536,-3.189856469844131e-11,1.0577078983039975e-09,NAVIGATING,observed_blue_5p8_m1p8
1789539900.1654923,-2.1221910909419486,0.038401085897899784,-1.0116726695262512,-7.849648300205074e-12,1.039431039270107e-09,NAVIGATING,observed_blue_5p8_m1p8
1789539900.5136435,-2.1235502660034187,0.03840106915137047,-0.9792523535711452,1.4040827984706694e-11,9.923242954241161e-10,NAVIGATING,observed_blue_5p8_m1p8
1789539900.8639483,-2.1249939228900065,0.038401047247642685,-0.9318109147477737,2.1954190383208183e-11,9.5326746418931e-10,NAVIGATING,observed_blue_5p8_m1p8
1789539901.2137854,-2.1254961142595485,0.03840103540205846,-0.9056058860168837,2.1351805749949664e-11,9.484603281260698e-10,NAVIGATING,observed_blue_5p8_m1p8
1789539901.572919,-2.125803946877166,0.03840102119375924,-0.8742382968298665,1.9192086098372754e-11,9.506722830577581e-10,NAVIGATING,observed_blue_5p8_m1p8
1789539901.913785,-2.1258340455675246,0.03829687754406215,-0.8382189640623866,-8.400302860059153e-12,9.465435070176434e-10,NAVIGATING,observed_blue_5p8_m1p8
1789539902.263868,-2.1258340817055,0.037937197241302206,-0.8074294937872553,6.021919491554275e-12,9.896133343296645e-10,NAVIGATING,observed_blue_5p8_m1p8
1789539902.6138353,-2.1180998590105076,0.03021775204591081,-0.7682834256004948,2.0491717602461154e-11,-2.0188834069259405e-09,NAVIGATING,observed_blue_5p8_m1p8
1789539902.964066,-2.0954690648916574,0.00877598301411533,-0.7357513893472146,6.882463140510971e-11,-2.483586679124107e-09,NAVIGATING,observed_blue_5p8_m1p8
1789539903.3137686,-2.068302407738542,-0.015831994066853927,-0.7032093159384913,-2.6128614425171815e-07,-1.1481079815226643e-06,NAVIGATING,observed_blue_5p8_m1p8
1789539903.6639357,-2.0580099541424772,-0.025077578303326405,-0.6698014600962959,-4.9383510456952626e-08,-1.1034489533055224e-05,NAVIGATING,observed_blue_5p8_m1p8
1789539904.0137703,-2.050754202198613,-0.03118535876325422,-0.6348629436121538,-6.1102101825002304e-09,-1.4215343351933012e-06,NAVIGATING,observed_blue_5p8_m1p8
1789539904.3648107,-2.019439260646962,-0.05362184280186689,-0.5984313910946443,-6.931580681271455e-10,-1.8523611594032018e-07,NAVIGATING,observed_blue_5p8_m1p8
1789539904.7141328,-1.985841393941526,-0.07724839917166176,-0.5632351443104325,1.3209980675783996e-06,3.3386050126793412e-06,NAVIGATING,observed_blue_5p8_m1p8
1789539905.0638392,-1.951893086108727,-0.10011442290893015,-0.539278363378179,2.2412499114678334e-07,5.835559239317104e-07,NAVIGATING,observed_blue_5p8_m1p8
1789539905.413648,-1.9078244158977467,-0.12758260415709408,-0.5039488506311862,2.8911843294691184e-08,7.598381351609836e-08,NAVIGATING,observed_blue_5p8_m1p8
1789539905.7639098,-1.8627300651290493,-0.15375870194913513,-0.4675502848091318,3.7979686460784826e-09,1.0614317375504924e-08,NAVIGATING,observed_blue_5p8_m1p8
1789539906.113984,-1.8301652848571677,-0.17207994729433657,-0.4356845139005449,1.0732073215862566e-06,-1.899520312667448e-05,NAVIGATING,observed_blue_5p8_m1p8
1789539906.4652095,-1.7916151572580457,-0.19092653198645504,-0.4188716153256994,1.9468991560633434e-07,-3.4399925255029262e-06,NAVIGATING,observed_blue_5p8_m1p8
1789539906.8138497,-1.7448516947848527,-0.2126146574478657,-0.4020484682824352,2.5107437665435295e-08,-4.4198005652293356e-07,NAVIGATING,observed_blue_5p8_m1p8
1789539907.1639297,-1.6977357011821665,-0.23360210568292078,-0.38412009917492546,3.232070705468811e-09,-5.6063266256846604e-08,NAVIGATING,observed_blue_5p8_m1p8
1789539907.5142965,-1.6661137873800247,-0.24748378146719474,-0.3683368104185922,8.753902050242137e-10,-1.3532579670015276e-08,NAVIGATING,observed_blue_5p8_m1p8
1789539907.8641586,-1.6262793173699641,-0.26475120753551995,-0.3412155623517483,1.7950427477768256e-10,-1.6959778392103511e-09,NAVIGATING,observed_blue_5p8_m1p8
1789539908.213662,-1.5778931216450824,-0.2847828926920438,-0.3011128609363589,1.1295835912076715e-10,6.199524184814988e-10,NAVIGATING,observed_blue_5p8_m1p8
1789539908.564613,-1.5371266272055006,-0.2995276782156658,-0.27458123370671234,1.4492655918098634e-10,9.583580680842198e-10,NAVIGATING,observed_blue_5p8_m1p8
1789539908.9138637,-1.4879482815315184,-0.31440349408007257,-0.26131754044706695,1.012139821346866e-10,1.0293692366740952e-09,NAVIGATING,observed_blue_5p8_m1p8
1789539909.2664967,-1.4468250562888605,-0.3267867923847304,-0.24562545102332675,4.851730723458398e-12,9.548080080886527e-10,NAVIGATING,observed_blue_5p8_m1p8
1789539909.6137094,-1.3972052047385415,-0.34137664105775206,-0.22030367433595902,6.342258922381352e-11,9.693390891857625e-10,NAVIGATING,observed_blue_5p8_m1p8
1789539909.9638636,-1.3556240543285925,-0.3533403687317696,-0.19223958649830447,7.571480331822657e-12,9.339878675556577e-10,NAVIGATING,observed_blue_5p8_m1p8
1789539910.3137481,-1.3054401122856814,-0.3655456167281572,-0.16558858842782626,9.385755286062718e-11,9.938051950000353e-10,NAVIGATING,observed_blue_5p8_m1p8
1789539910.6646917,-1.255032867322678,-0.3764827149913002,-0.1390475326138475,7.417088239753646e-11,9.90579220249059e-10,NAVIGATING,observed_blue_5p8_m1p8
1789539911.0137784,-1.2128810175835192,-0.38465704883115986,-0.11660775448273131,7.402905652389936e-11,9.869449539052717e-10,NAVIGATING,observed_blue_5p8_m1p8
1789539911.3638992,-1.1621531612410205,-0.3933134085319512,-0.08927807751912795,7.644359480010062e-11,9.846541642353048e-10,NAVIGATING,observed_blue_5p8_m1p8
1789539911.713732,-1.1113113699999415,-0.4000754621386645,-0.0670688010821441,2.3427313353726526e-10,1.0149234244860362e-09,NAVIGATING,observed_blue_5p8_m1p8
1789539912.0636315,-1.0603956939916577,-0.4059596811836677,-0.04339734550889001,4.076316966234852e-11,9.810535329721013e-10,NAVIGATING,observed_blue_5p8_m1p8
1789539912.416873,-1.0179243064209467,-0.4088902594196233,-0.03274336753038277,2.0499074399444993e-10,1.0017214407933185e-09,NAVIGATING,observed_blue_5p8_m1p8
1789539912.764137,-0.96695811926101,-0.40990213908744605,-0.039370055236714,-4.1561311483429085e-11,9.852507443471587e-10,NAVIGATING,observed_blue_5p8_m1p8
1789539913.1137223,-0.9244910525332123,-0.4115749342213617,-0.039370055234081096,-1.7696420346312727e-11,9.860498960637563e-10,NAVIGATING,observed_blue_5p8_m1p8
1789539913.4634724,-0.8735305724629632,-0.4135822883818478,-0.03937005523522579,2.5883684112577788e-12,9.84981390752256e-10,NAVIGATING,observed_blue_5p8_m1p8
1789539913.8140633,-0.8310635057353527,-0.415255083511459,-0.03937005523514163,-5.984856734090333e-13,9.839488471676583e-10,NAVIGATING,observed_blue_5p8_m1p8
1789539914.1638682,-0.7885964390071537,-0.41692787864150227,-0.03937005523488664,-1.1462356138366044e-12,9.83053195289762e-10,NAVIGATING,observed_blue_5p8_m1p8
1789539914.5137923,-0.7376359589338234,-0.41893523279812184,-0.03937005523505617,3.08332900563162e-13,9.832907339769812e-10,NAVIGATING,observed_blue_5p8_m1p8
1789539914.8644273,-0.7036591841056954,-0.42066381112822415,-0.03558359931823447,4.409203054361136e-11,9.8688268586445e-10,NAVIGATING,observed_blue_5p8_m1p8
1789539915.2139158,-0.6541603754356554,-0.42269464634438486,-0.032647588992729806,4.853542691663751e-11,-8.646926967535107e-07,NAVIGATING,observed_blue_5p8_m1p8
1789539915.5636325,-0.6123049531311222,-0.4261962908688286,-0.013309083635988195,-1.304833729655002e-10,-2.6993241129890634e-06,NAVIGATING,observed_blue_5p8_m1p8
1789539915.9139175,-0.56607824737123,-0.42989441040096205,0.015614541918562128,-3.7107810547604173e-10,-6.573234301873615e-06,NAVIGATING,observed_blue_5p8_m1p8
1789539916.2634182,-0.5254495266394098,-0.4323572805249779,0.044323388025464414,5.038352135271452e-10,-8.260641296049985e-07,NAVIGATING,observed_blue_5p8_m1p8
1789539916.6136842,-0.4866014146476323,-0.433427659639646,0.07362655144667413,-1.4198271006989661e-09,-1.550337758745744e-05,NAVIGATING,observed_blue_5p8_m1p8
1789539916.9638474,-0.45627233821782476,-0.43322381494696366,0.0920691173045958,6.593039010273622e-11,-3.952598060406095e-06,NAVIGATING,observed_blue_5p8_m1p8
1789539917.3139787,-0.4116551935038751,-0.43156010905116693,0.11929561893900034,-9.883569271575306e-10,-3.433241765038821e-06,NAVIGATING,observed_blue_5p8_m1p8
1789539917.6638327,-0.3621479792675973,-0.42823384235782347,0.14610259038217635,5.623216424975576e-12,-1.1273520056266217e-07,NAVIGATING,observed_blue_5p8_m1p8
1789539918.015167,-0.32966137581141475,-0.42623087681292565,0.1724985696846063,-2.3024385051795015e-09,-1.1119348087888828e-05,NAVIGATING,observed_blue_5p8_m1p8
1789539918.3636165,-0.2962474029514468,-0.42245186234367904,0.19250588869633323,8.247075102453294e-09,0.00041088003252640705,NAVIGATING,observed_blue_5p8_m1p8
1789539918.7138996,-0.27633592147402325,-0.41735137740705336,0.18074232664626214,7.404772748469793e-10,4.809587997401676e-07,NAVIGATING,observed_blue_5p8_m1p8
1789539919.0637765,-0.2685114468720459,-0.4119238609895607,0.14502554770560197,9.213499462241314e-10,-7.934638894782337e-07,NAVIGATING,observed_blue_5p8_m1p8
1789539919.4138496,-0.2477708701174512,-0.4087409973865672,0.14304239519480721,-1.851513441461215e-10,-1.042394597534843e-07,NAVIGATING,observed_blue_5p8_m1p8
1789539919.7638993,-0.23497279027074125,-0.40585078602228275,0.13308838441484866,4.540735899024371e-09,6.0651691492869855e-06,NAVIGATING,observed_blue_5p8_m1p8
1789539920.116813,-0.22016135009123156,-0.40021109820916784,0.1005242494381586,4.5054676069481326e-10,7.790845350964904e-07,NAVIGATING,observed_blue_5p8_m1p8
1789539920.4640627,-0.2059933525395121,-0.3971978832189197,0.08616615610329935,6.540449628127895e-09,-5.469738041250233e-06,NAVIGATING,observed_blue_5p8_m1p8
1789539920.813704,-0.1976626417086368,-0.39296824029666383,0.05582008729946034,4.887076136651033e-09,-5.741680184585356e-06,NAVIGATING,observed_blue_5p8_m1p8
1789539921.1638927,-0.1909147908333823,-0.3880667058191626,0.017918178392140934,1.5088666250351731e-09,-4.0333741557474463e-07,NAVIGATING,observed_blue_5p8_m1p8
1789539921.5158067,-0.18313652194215255,-0.3841038383719491,-0.013028521242939824,-2.5757683261444834e-11,-7.462060409737709e-08,NAVIGATING,observed_blue_5p8_m1p8
1789539921.864023,-0.15616455096978274,-0.38460286813146066,-0.011455316422221083,-3.437815773161151e-11,-1.5383427475547527e-08,NAVIGATING,observed_blue_5p8_m1p8
1789539922.2139463,-0.12602233335302998,-0.3871566631800639,0.00919978388387713,-4.077315330322899e-09,-8.488635497114258e-06,NAVIGATING,observed_blue_5p8_m1p8
1789539922.5653162,-0.09299493255258168,-0.38702848696030123,0.012673102319833316,-2.9025416811679735e-08,-7.423852337115437e-05,NAVIGATING,observed_blue_5p8_m1p8
1789539922.9136622,-0.0789201045258743,-0.3875265700332098,0.01984195906108389,-6.0696294846352336e-09,-2.7044045882615487e-05,NAVIGATING,observed_blue_5p8_m1p8
1789539923.2637343,-0.04362873569068342,-0.3868262286701361,0.01984195905087919,-7.795640653593182e-10,-3.482290886419426e-06,NAVIGATING,observed_blue_5p8_m1p8
1789539923.6138294,-0.0012399868176948372,-0.38598504249866,0.019841959050185355,-1.4094169198909135e-10,-6.305056889179836e-07,NAVIGATING,observed_blue_5p8_m1p8
1789539923.9635656,0.04975007854631024,-0.384973166935407,0.019841959050325663,-1.88648057682948e-11,-8.027364660917247e-08,NAVIGATING,observed_blue_5p8_m1p8
1789539924.3137672,0.10074006061268335,-0.3839521274835063,0.019679096166986525,5.080136680668731e-11,-9.33022370102649e-09,NAVIGATING,observed_blue_5p8_m1p8
1789539924.6638103,0.14323468587270966,-0.382244294594083,0.01167159469305801,1.661543706616444e-12,-8.564355142633765e-10,NAVIGATING,observed_blue_5p8_m1p8
1789539925.0137138,0.18573366104806346,-0.3797472758408979,-0.00705647952896969,-2.605205832478878e-10,6.153282041558658e-10,NAVIGATING,observed_blue_5p8_m1p8
1789539925.3639584,0.23673233479598058,-0.37998229972481856,-0.00821280653220262,3.50975341692032e-11,9.168370612595876e-10,NAVIGATING,observed_blue_5p8_m1p8
1789539925.7138414,0.28772521704735704,-0.37887263448032665,-0.023373065101800625,-6.899327848216647e-11,9.839614763711028e-10,NAVIGATING,observed_blue_5p8_m1p8
1789539926.0637004,0.3302092602709916,-0.3790023636214235,-0.03132283544512216,-4.5650005026202815e-11,9.94364950467331e-10,NAVIGATING,observed_blue_5p8_m1p8
1789539926.414348,0.37268019766666377,-0.37861674649629257,-0.047078502582563915,-1.760367386292702e-10,9.71813124554529e-10,NAVIGATING,observed_blue_5p8_m1p8
1789539926.764122,0.42362019435129666,-0.38088802428018836,-0.04864846547821815,-5.7431841994809234e-11,9.748111886682905e-10,NAVIGATING,observed_blue_5p8_m1p8
1789539927.113787,0.47454920131196476,-0.3824657006838036,-0.05741665437970601,-6.585131476440094e-12,9.834985820539087e-10,NAVIGATING,observed_blue_5p8_m1p8
1789539927.4639502,0.5169693186298426,-0.3840737951776661,-0.0652021844101371,-2.7138736673521025e-11,9.855251776652178e-10,NAVIGATING,observed_blue_5p8_m1p8
1789539927.8449073,0.5593679380807696,-0.3860199296532603,-0.07295102101879983,-2.9879260680261856e-11,9.866375671521432e-10,NAVIGATING,observed_blue_5p8_m1p8
1789539928.1636567,0.601742620412718,-0.3883024471244123,-0.08066363951037085,-2.74562930631038e-11,9.869158596414876e-10,NAVIGATING,observed_blue_5p8_m1p8
1789539928.5136127,0.652557577621079,-0.3916939937288959,-0.08803510982190228,-1.9225022418011988e-10,9.50730363493797e-10,NAVIGATING,observed_blue_5p8_m1p8
1789539928.8653233,0.7033419815229599,-0.3951723292368947,-0.09816404494018656,-3.9384407114262195e-11,9.819663415165936e-10,NAVIGATING,observed_blue_5p8_m1p8
1789539929.2136557,0.7456095224119785,-0.39762803823809934,-0.11446268731901303,-1.7282471327839943e-10,9.537697849839811e-10,NAVIGATING,observed_blue_5p8_m1p8
1789539929.563906,0.7878104368159273,-0.4012960218930927,-0.12591553327703134,5.183574800772013e-11,1.0147476202107571e-09,NAVIGATING,observed_blue_5p8_m1p8
1789539929.9137442,0.829943991957817,-0.40511043466080077,-0.14064348405753463,1.400547121122627e-11,1.0077956496773981e-09,NAVIGATING,observed_blue_5p8_m1p8
1789539930.264019,0.8803734609535538,-0.41155406182292653,-0.150149246547045,-1.650331549472846e-10,9.303626914418829e-10,NAVIGATING,observed_blue_5p8_m1p8
1789539930.6139147,0.9307991318044557,-0.4184962307496322,-0.15623428207909043,1.6308749017279543e-10,1.0507466576614582e-09,NAVIGATING,observed_blue_5p8_m1p8
1789539930.9636552,0.964328804653461,-0.4214577657531872,-0.1792527612012203,-9.286013546560687e-11,9.862020685703698e-10,NAVIGATING,observed_blue_5p8_m1p8
1789539931.313875,1.0060383581035004,-0.4264959864619545,-0.20651194402430395,-1.5589616354655567e-10,9.67612968593538e-10,NAVIGATING,observed_blue_5p8_m1p8
1789539931.663963,1.055784854288485,-0.43444927238732706,-0.23607517432071318,-1.1629733388399805e-10,9.657291837832503e-10,NAVIGATING,observed_blue_5p8_m1p8
1789539932.015123,1.0969795222324568,-0.44194849724671226,-0.263439636229616,-1.7394225495503217e-10,9.354668763952762e-10,NAVIGATING,observed_blue_5p8_m1p8
1789539932.3806272,1.1378968840266501,-0.4512640799633788,-0.28407758414657996,-1.1172102534850041e-10,9.71369051890987e-10,NAVIGATING,observed_blue_5p8_m1p8
1789539932.7140641,1.194723960885484,-0.4662884483958289,-0.3098590718444474,-1.209179553047365e-10,9.271090033844546e-10,NAVIGATING,observed_blue_5p8_m1p8
1789539933.0639083,1.2351485796180706,-0.478849179102069,-0.3159123743215553,-2.027984908116179e-11,9.773603044277786e-10,NAVIGATING,observed_blue_5p8_m1p8
1789539933.416802,1.2835531011630144,-0.493765339615388,-0.3280225659286657,3.8322390973535824e-11,1.0530295944424747e-09,NAVIGATING,observed_blue_5p8_m1p8
1789539933.7637596,1.3316342884489094,-0.5085129107812384,-0.351826733869835,-6.434222757414616e-11,1.00229557298743e-09,NAVIGATING,observed_blue_5p8_m1p8
1789539934.1138089,1.371458526796023,-0.5226878902653184,-0.35906275517580627,-1.0005562692721232e-10,9.14955364421125e-10,NAVIGATING,observed_blue_5p8_m1p8
1789539934.4640074,1.4113171989215807,-0.5386363812700257,-0.34579619309237475,-3.544420706205425e-11,8.923317164892056e-10,NAVIGATING,observed_blue_5p8_m1p8
1789539934.8136644,1.4593419388469073,-0.5564306931748507,-0.33869260111053356,4.349263482551713e-11,9.916166422531515e-10,NAVIGATING,observed_blue_5p8_m1p8
1789539935.1647668,1.4995014745626922,-0.5716790923605295,-0.32432171429759976,6.732392024113785e-13,9.447976005436346e-10,NAVIGATING,observed_blue_5p8_m1p8
1789539935.5137439,1.547976216554682,-0.589322033494504,-0.3054771582739469,2.5802413223778536e-11,9.543373451637783e-10,NAVIGATING,observed_blue_5p8_m1p8
1789539935.863558,1.5885890986843991,-0.6033004944779485,-0.29063442313612464,-2.4979417780984404e-11,9.220082937538464e-10,NAVIGATING,observed_blue_5p8_m1p8
1789539936.2137747,1.6375673743044445,-0.6186385628185624,-0.27948449658258895,6.882557648490234e-11,9.970591931687395e-10,NAVIGATING,observed_blue_5p8_m1p8
1789539936.5638964,1.6866438632075542,-0.6327304043469538,-0.27719565119003203,6.331351076271973e-11,1.041061673284879e-09,NAVIGATING,observed_blue_5p8_m1p8
1789539936.9138741,1.7356854992361612,-0.6466451912280745,-0.2778688641244371,-6.4149521101214654e-12,9.840450018245937e-10,NAVIGATING,observed_blue_5p8_m1p8
1789539937.2636752,1.7765735822588793,-0.6584586842044603,-0.27570871411288556,1.4793676661879744e-11,9.877454013169931e-10,NAVIGATING,observed_blue_5p8_m1p8
1789539937.6139166,1.817499039094167,-0.6704735139318053,-0.27039041741936776,5.890764890212575e-11,1.0106263165318397e-09,NAVIGATING,observed_blue_5p8_m1p8
1789539937.9637513,1.8667040280225824,-0.6853738590623194,-0.25591797812501077,-2.5883911745030186e-11,9.326058027106922e-10,NAVIGATING,observed_blue_5p8_m1p8
1789539938.3137608,1.9161991187913154,-0.7004258596850939,-0.23074776180242415,5.902631271349792e-11,9.704712206529045e-10,NAVIGATING,observed_blue_5p8_m1p8
1789539938.6637466,1.9576720779435233,-0.7121045595715875,-0.20948849492946536,7.025646616838918e-11,9.81634496231111e-10,NAVIGATING,observed_blue_5p8_m1p8
1789539939.0139203,2.0076876851228445,-0.7250575963330337,-0.18362567872597546,7.026130367848139e-11,9.856804039444893e-10,NAVIGATING,observed_blue_5p8_m1p8
1789539939.3637905,2.057927571811164,-0.7358975711448679,-0.16604752260440103,1.1796814640125845e-10,1.017733398036292e-09,NAVIGATING,observed_blue_5p8_m1p8
1789539939.7138631,2.099868195930808,-0.7436442380031438,-0.1587179951500015,4.1855549531909336e-11,9.961943059305177e-10,NAVIGATING,observed_blue_5p8_m1p8
1789539940.0636756,2.1418581635445433,-0.7510919626926349,-0.1513567748852056,2.5735254257600102e-11,9.87080554240771e-10,NAVIGATING,observed_blue_5p8_m1p8
1789539940.4136462,2.1670749225332266,-0.7553214526275588,-0.14783571830631745,1.9428846904669302e-10,1.0428949348691145e-09,NAVIGATING,observed_blue_5p8_m1p8
1789539940.7639713,2.209097523565563,-0.7610802519541765,-0.152851908573818,4.5223510649152666e-11,1.0054618349689654e-09,NAVIGATING,observed_blue_5p8_m1p8
1789539941.1138942,2.2510779841601387,-0.7668226398926955,-0.16020686298141856,-1.6997813771270858e-11,9.898363247106547e-10,NAVIGATING,observed_blue_5p8_m1p8
1789539941.4636776,2.293008696307419,-0.7728822641514261,-0.16753018818923182,-2.6530547340151722e-11,9.842038589693871e-10,NAVIGATING,observed_blue_5p8_m1p8
1789539941.8136773,2.326516081385491,-0.7779572659537956,-0.17336629720979663,-2.5745474041120427e-11,9.83526358909362e-10,NAVIGATING,observed_blue_5p8_m1p8
1789539942.1636462,2.368352148459617,-0.7845837620312439,-0.180633514839794,-2.6913027007550837e-11,9.850793255554219e-10,NAVIGATING,observed_blue_5p8_m1p8
1789539942.5136383,2.410141585338478,-0.7919481086813415,-0.18382985498309573,-4.91940666050675e-11,9.688098609258474e-10,NAVIGATING,observed_blue_5p8_m1p8
1789539942.8639627,2.4590141989600585,-0.801034868959176,-0.18382985502606797,-5.243134997994717e-12,-1.168741991282448e-05,NAVIGATING,observed_blue_5p8_m1p8
1789539943.213769,2.4886913125522314,-0.8061791683845185,-0.18726980565861906,2.9582149269860343e-10,-9.333810403992031e-06,NAVIGATING,observed_blue_5p8_m1p8
1789539943.563777,2.5218929435644353,-0.8117544891683259,-0.1944518869070209,1.3503898458261056e-10,-7.010552095336366e-06,NAVIGATING,observed_blue_5p8_m1p8
1789539943.9165697,2.5580544316728435,-0.8180405020527087,-0.203038571639292,1.4585932525478372e-10,-6.852641277186222e-06,NAVIGATING,observed_blue_5p8_m1p8
1789539944.2637703,2.5813605713031453,-0.8230108198223894,-0.20098964453409762,-1.2142503655514758e-10,-1.7473741565408787e-06,NAVIGATING,observed_blue_5p8_m1p8
1789539944.613762,2.6388427812313053,-0.8373215989252545,-0.17105451841294284,6.568284897665538e-11,-1.5946316487492263e-07,NAVIGATING,observed_blue_5p8_m1p8
1789539944.9639432,2.6807981861698416,-0.8467306708980895,-0.14903717614220696,8.331738325743356e-11,-2.810271290184845e-08,NAVIGATING,observed_blue_5p8_m1p8
1789539945.3138638,2.731327549283174,-0.8569005596623623,-0.12223365565621432,7.549534758328923e-11,-2.6545605516286195e-09,NAVIGATING,observed_blue_5p8_m1p8
1789539945.663651,2.773565105403854,-0.8644218158848702,-0.09956688001450441,7.45309965091736e-11,3.624078644609478e-10,NAVIGATING,observed_blue_5p8_m1p8
1789539946.0138872,2.824375567349842,-0.8722777711136163,-0.07195384578198259,7.695362241868797e-11,8.808290399579438e-10,NAVIGATING,observed_blue_5p8_m1p8
1789539946.363489,2.8667971673623995,-0.8778297507133197,-0.04858478574265964,7.878024487128976e-11,9.481366043475266e-10,NAVIGATING,observed_blue_5p8_m1p8
1789539946.7138402,2.900770517660702,-0.8816078306196999,-0.029645590511135935,8.029672084801282e-11,9.750318940112695e-10,NAVIGATING,observed_blue_5p8_m1p8
1789539947.0645983,2.9517627214472766,-0.886148008104146,-0.0008127468924435836,8.156769056745291e-11,9.93221745805436e-10,NAVIGATING,observed_blue_5p8_m1p8
1789539947.4136472,2.985327491768622,-0.8875482013186288,0.011689960411652031,6.634204854960362e-11,-2.1483645298053073e-06,NAVIGATING,observed_blue_5p8_m1p8
1789539947.7636943,3.0234538207612713,-0.8872431828145082,0.01315317431460537,5.45378597144643e-11,-1.1209260481588034e-06,NAVIGATING,observed_blue_5p8_m1p8
1789539948.1167588,3.0444933849548255,-0.8869665177334497,0.013153174632738249,1.4079312433877268e-11,-9.396945833838511e-07,NAVIGATING,observed_blue_5p8_m1p8
1789539948.4636397,3.0704177189682222,-0.8866255987773182,0.013153174944043996,-4.841304589352308e-13,-1.5248572934712504e-06,NAVIGATING,observed_blue_5p8_m1p8
1789539948.8135624,3.0936265940465266,-0.8863203107801012,0.013153174943683723,1.762119620032377e-12,-3.878757829736677e-07,NAVIGATING,observed_blue_5p8_m1p8
1789539949.163693,3.1155004977188674,-0.8852222725652926,0.004712861018825442,1.2040054810413683e-08,-2.3590459789287498e-05,NAVIGATING,observed_blue_5p8_m1p8
1789539949.5138893,3.128253714977416,-0.8824990016451549,-0.01670256544529018,1.7036399577633216e-09,-4.271803729300209e-06,NAVIGATING,observed_blue_5p8_m1p8
1789539949.867807,3.1409994367047,-0.880102237723249,-0.03784949387471816,2.0138793105944067e-10,-7.729457336944016e-07,NAVIGATING,observed_blue_5p8_m1p8
1789539950.2169685,3.1562798181684726,-0.8776576102984152,-0.06286725640986471,-8.082381304925112e-12,-9.871996275088004e-08,NAVIGATING,observed_blue_5p8_m1p8
1789539950.5639188,3.1689955740132194,-0.8759772319752074,-0.08342795803510011,-2.6481607203727866e-11,-1.7097463452269738e-08,NAVIGATING,observed_blue_5p8_m1p8
1789539950.9136474,3.1816896394935776,-0.8746186182895233,-0.10373679315436694,-2.835580112220675e-11,-2.2678521411909823e-09,NAVIGATING,observed_blue_5p8_m1p8
1789539951.2637463,3.194357081796127,-0.8735792361501026,-0.12380187945465537,-2.674148234851314e-11,4.1260086513149145e-10,NAVIGATING,observed_blue_5p8_m1p8
1789539951.6136549,3.2095161911168426,-0.8727496814521903,-0.14756876621251708,-2.638490634920015e-11,9.077330632191736e-10,NAVIGATING,observed_blue_5p8_m1p8
1789539951.9639142,3.219593265911149,-0.8724476491150212,-0.16323028566405917,-2.6398170431375727e-11,9.585621123161406e-10,NAVIGATING,observed_blue_5p8_m1p8
1789539952.3137076,3.2218036045039993,-0.8682839856585838,-0.2014903741126755,1.890887716110368e-09,-5.669977518657371e-06,NAVIGATING,observed_blue_5p8_m1p8
1789539952.6639454,3.2218045524160583,-0.8637439557492572,-0.2418496675387335,8.090293478100385e-11,-7.288091489060922e-07,NAVIGATING,observed_blue_5p8_m1p8
1789539953.0138545,3.221804682611309,-0.8602013986164927,-0.2747764595672375,-1.671698330299407e-11,-1.3128724224482151e-07,NAVIGATING,observed_blue_5p8_m1p8
1789539953.3637593,3.2218047280655147,-0.8562435526755259,-0.31347885048416657,-2.1249001564461787e-11,-1.6088661360906055e-08,NAVIGATING,observed_blue_5p8_m1p8
1789539953.713721,3.221804756026577,-0.8526091118861786,-0.35133345368565616,-1.8850561972124006e-11,-1.202104366439206e-09,NAVIGATING,observed_blue_5p8_m1p8
1789539954.063663,3.2218047769206977,-0.8498294710255065,-0.3822552925363613,-1.6751723048140684e-11,5.971695158223782e-10,NAVIGATING,observed_blue_5p8_m1p8
1789539954.4137561,3.2218048006755615,-0.8467944259360054,-0.4186383768918318,-1.633423372470267e-11,9.234679599084579e-10,NAVIGATING,observed_blue_5p8_m1p8
1789539954.7638159,3.221804823542081,-0.8440882714285893,-0.4542569157442785,-1.6262104883184026e-11,9.60109730739748e-10,NAVIGATING,observed_blue_5p8_m1p8
1789539955.113869,3.2218048384194318,-0.8424671024375111,-0.47758921139229427,-1.6201874463117244e-11,9.66587104678533e-10,NAVIGATING,observed_blue_5p8_m1p8
1789539955.4637892,3.2218048601464,-0.840309599376782,-0.511982699406096,-1.5859691424384335e-11,9.703922709332045e-10,NAVIGATING,observed_blue_5p8_m1p8
1789539955.81382,3.2218048810833726,-0.8384804914313446,-0.545666419165267,-1.5521127678110672e-11,9.693880049211802e-10,NAVIGATING,observed_blue_5p8_m1p8
1789539956.1636953,3.2218048978979277,-0.8372061448429214,-0.5732057652498458,-1.5253968624802645e-11,9.673731316934228e-10,NAVIGATING,observed_blue_5p8_m1p8
1789539956.5150647,3.22180491415376,-0.8361578679371614,-0.6002718801076041,-1.4981424307938796e-11,9.662727364953896e-10,NAVIGATING,observed_blue_5p8_m1p8
1789539956.8637557,3.221804932918845,-0.8351964906577258,-0.6321371050137071,-1.451980660637175e-11,9.655008687153924e-10,NAVIGATING,observed_blue_5p8_m1p8
1789539957.2139065,3.221804950871347,-0.8345560740090708,-0.6633432892362215,-1.4105218762213365e-11,9.64758153453042e-10,NAVIGATING,observed_blue_5p8_m1p8
1789539957.5636172,3.2218049652112555,-0.8342653382199968,-0.688852424056436,-1.375128186886978e-11,9.639235065140149e-10,NAVIGATING,observed_blue_5p8_m1p8
1789539957.9137168,3.2218221004732985,-0.834190218042311,-0.7189466520892817,-2.14482116406276e-12,9.597494647636595e-10,NAVIGATING,observed_blue_5p8_m1p8
1789539958.2636945,3.2220427357737678,-0.8341901831911445,-0.7443868234616398,1.0804511162176078e-11,9.555879272967612e-10,NAVIGATING,observed_blue_5p8_m1p8
1789539958.6138332,3.2223184243033254,-0.8341901462901711,-0.7704369568476224,-9.969109716483931e-12,1.001339624113207e-09,NAVIGATING,observed_blue_5p8_m1p8
1789539958.9648707,3.222360729337781,-0.8341654092673979,-0.7969894746298293,-5.649887656040014e-13,1.0189794820228759e-09,NAVIGATING,observed_blue_5p8_m1p8
1789539959.3137002,3.222360773887268,-0.8338495413941274,-0.8282745579874846,8.164389260174328e-12,1.008721548724892e-09,NAVIGATING,observed_blue_5p8_m1p8
1789539959.6640463,3.2223608086848925,-0.8336459353388723,-0.8536743666558038,-9.703807491627724e-12,9.665226539978203e-10,NAVIGATING,observed_blue_5p8_m1p8
1789539960.0138938,3.222448496416082,-0.8336344531139155,-0.88378076942701,7.102581614765352e-12,9.579652383440639e-10,NAVIGATING,observed_blue_5p8_m1p8
1789539960.3648655,3.2227538837016523,-0.8336344387324035,-0.9093197635422684,1.3162700879687522e-11,9.61019529455995e-10,NAVIGATING,observed_blue_5p8_m1p8
1789539960.7138371,3.223412019354006,-0.8336344207637137,-0.9405622106855253,1.327917642840906e-11,9.65043089006871e-10,NAVIGATING,observed_blue_5p8_m1p8
1789539961.0637574,3.224391243086077,-0.8336344019743492,-0.9724642358712006,1.4176733331798058e-11,9.658698247280762e-10,NAVIGATING,observed_blue_5p8_m1p8
1789539961.413858,3.225454471206133,-0.83363438570156,-0.9995614848092472,1.4560560616853566e-11,9.658187042014409e-10,NAVIGATING,observed_blue_5p8_m1p8
1789539961.7637382,3.226743824192528,-0.8336343688674638,-1.0271324438201446,1.4862087722824137e-11,9.664847526011797e-10,NAVIGATING,observed_blue_5p8_m1p8
1789539962.1137962,3.2282603491832726,-0.8336343514800821,-1.0551855324754023,1.529211379808472e-11,9.674990279889182e-10,NAVIGATING,observed_blue_5p8_m1p8
1789539962.4640985,3.230004829737901,-0.8336343335500561,-1.083730098497665,1.5670151987596575e-11,9.687086414349485e-10,NAVIGATING,observed_blue_5p8_m1p8
1789539962.813891,3.2323997895911325,-0.8336343113307647,-1.1186470238058361,1.5949605200114667e-11,9.700754557892529e-10,NAVIGATING,observed_blue_5p8_m1p8
1789539963.1638708,3.2351239843314272,-0.8336342883586148,-1.1543068426681564,1.6341078788702116e-11,9.71283582147879e-10,NAVIGATING,observed_blue_5p8_m1p8
1789539963.516953,3.2376453642387717,-0.8336342686699382,-1.1846072778285055,1.6453418138758075e-11,9.726775231091216e-10,NAVIGATING,observed_blue_5p8_m1p8
1789539963.8636215,3.240971512904208,-0.8336342444110145,-1.2216908210911155,1.6636217276102588e-11,9.742590265925173e-10,NAVIGATING,observed_blue_5p8_m1p8
1789539964.216752,3.2446036295315266,-0.8336342195186628,-1.2593894363684472,1.0596004927628968e-11,9.810878418856683e-10,NAVIGATING,observed_blue_5p8_m1p8
1789539964.5637267,3.2477969056622418,-0.8336341983249277,-1.290699199257626,1.4583708176555612e-11,9.793542611997096e-10,NAVIGATING,observed_blue_5p8_m1p8
1789539964.9137168,3.2519058667666187,-0.8336341723837655,-1.3290344483503034,1.5594960852741335e-11,9.798562792546831e-10,NAVIGATING,observed_blue_5p8_m1p8
1789539965.264818,3.255038404240049,-0.8336323034462286,-1.357048039404992,-4.112298483384797e-11,1.0117945843473193e-09,NAVIGATING,observed_blue_5p8_m1p8
1789539965.6138055,3.257721053799833,-0.8336322813684741,-1.3803951368903438,-2.897586858393756e-12,9.927802486171821e-10,NAVIGATING,observed_blue_5p8_m1p8
1789539965.9638333,3.261073126502749,-0.8336322543976916,-1.4088379163252385,7.824303745289151e-12,9.84830297661507e-10,NAVIGATING,observed_blue_5p8_m1p8
1789539966.313728,3.261840241127958,-0.8336323328114221,-1.4152282639624283,-1.3622546168091578e-10,1.0371824878281404e-09,NAVIGATING,observed_blue_5p8_m1p8
1789539966.6637444,3.261840241127958,-0.8336323328114221,-1.4152282639624283,-1.3622546168091578e-10,1.0371824878281404e-09,NAVIGATING,observed_blue_5p8_m1p8
1789539967.0169697,3.261840241127958,-0.8336323328114221,-1.4152282639624283,-1.3622546168091578e-10,1.0371824878281404e-09,NAVIGATING,observed_blue_5p8_m1p8
1789539967.3640063,3.261840241127958,-0.8336323328114221,-1.4152282639624283,-1.3622546168091578e-10,1.0371824878281404e-09,NAVIGATING,observed_blue_5p8_m1p8
1789539967.7138863,3.261840241127958,-0.8336323328114221,-1.4152282639624283,-1.3622546168091578e-10,1.0371824878281404e-09,NAVIGATING,observed_blue_5p8_m1p8
1789539968.0639188,3.261840241127958,-0.8336323328114221,-1.4152282639624283,-1.3622546168091578e-10,1.0371824878281404e-09,NAVIGATING,observed_blue_5p8_m1p8
1789539968.414046,3.261840241127958,-0.8336323328114221,-1.4152282639624283,-1.3622546168091578e-10,1.0371824878281404e-09,NAVIGATING,observed_blue_5p8_m1p8
1789539968.7637866,3.261840241127958,-0.8336323328114221,-1.4152282639624283,-1.3622546168091578e-10,1.0371824878281404e-09,NAVIGATING,observed_blue_5p8_m1p8
1789539969.1137424,3.261840241127958,-0.8336323328114221,-1.4152282639624283,-1.3622546168091578e-10,1.0371824878281404e-09,NAVIGATING,observed_blue_5p8_m1p8
1789539969.464029,3.261840241127958,-0.8336323328114221,-1.4152282639624283,-1.3622546168091578e-10,1.0371824878281404e-09,NAVIGATING,observed_blue_5p8_m1p8
1789539969.8146389,3.261840241127958,-0.8336323328114221,-1.4152282639624283,-1.3622546168091578e-10,1.0371824878281404e-09,NAVIGATING,observed_blue_5p8_m1p8
1789539970.1653502,3.261840241127958,-0.8336323328114221,-1.4152282639624283,-1.3622546168091578e-10,1.0371824878281404e-09,NAVIGATING,observed_blue_5p8_m1p8
1789539970.514538,3.261840241127958,-0.8336323328114221,-1.4152282639624283,-1.3622546168091578e-10,1.0371824878281404e-09,NAVIGATING,observed_blue_5p8_m1p8
1789539970.8638453,3.261840241127958,-0.8336323328114221,-1.4152282639624283,-1.3622546168091578e-10,1.0371824878281404e-09,NAVIGATING,observed_blue_5p8_m1p8
1789539971.2137854,3.261840241127958,-0.8336323328114221,-1.4152282639624283,-1.3622546168091578e-10,1.0371824878281404e-09,NAVIGATING,observed_blue_5p8_m1p8
1789539971.5639117,3.261840241127958,-0.8336323328114221,-1.4152282639624283,-1.3622546168091578e-10,1.0371824878281404e-09,NAVIGATING,observed_blue_5p8_m1p8
1789539971.9139569,3.261840241127958,-0.8336323328114221,-1.4152282639624283,-1.3622546168091578e-10,1.0371824878281404e-09,OPENING_DOOR,observed_blue_5p8_m1p8
1789539972.2637744,3.261840241127958,-0.8336323328114221,-1.4152282639624283,-1.3622546168091578e-10,1.0371824878281404e-09,OPENING_DOOR,observed_blue_5p8_m1p8
1789539972.613865,3.261840241127958,-0.8336323328114221,-1.4152282639624283,-1.3622546168091578e-10,1.0371824878281404e-09,OPENING_DOOR,observed_blue_5p8_m1p8
1789539972.9639409,3.261840241127958,-0.8336323328114221,-1.4152282639624283,-1.3622546168091578e-10,1.0371824878281404e-09,OPENING_DOOR,observed_blue_5p8_m1p8
1789539973.3138056,3.261840241127958,-0.8336323328114221,-1.4152282639624283,-1.3622546168091578e-10,1.0371824878281404e-09,OPENING_DOOR,observed_blue_5p8_m1p8
1789539973.6657667,3.261840241127958,-0.8336323328114221,-1.4152282639624283,-1.3622546168091578e-10,1.0371824878281404e-09,OPENING_DOOR,observed_blue_5p8_m1p8
1789539974.0221753,3.261840241127958,-0.8336323328114221,-1.4152282639624283,-1.3622546168091578e-10,1.0371824878281404e-09,OPENING_DOOR,observed_blue_5p8_m1p8
1789539974.3640456,3.261840241127958,-0.8336323328114221,-1.4152282639624283,-1.3622546168091578e-10,1.0371824878281404e-09,OPENING_DOOR,observed_blue_5p8_m1p8
1789539974.713848,3.261840241127958,-0.8336323328114221,-1.4152282639624283,-1.3622546168091578e-10,1.0371824878281404e-09,OPENING_DOOR,observed_blue_5p8_m1p8
1789539975.0658753,3.261840241127958,-0.8336323328114221,-1.4152282639624283,-1.3622546168091578e-10,1.0371824878281404e-09,OPENING_DOOR,observed_blue_5p8_m1p8
1789539975.4152021,3.261840241127958,-0.8336323328114221,-1.4152282639624283,-1.3622546168091578e-10,1.0371824878281404e-09,OPENING_DOOR,observed_blue_5p8_m1p8
1789539975.763602,3.261840241127958,-0.8336323328114221,-1.4152282639624283,-1.3622546168091578e-10,1.0371824878281404e-09,OPENING_DOOR,observed_blue_5p8_m1p8
1789539976.1156535,3.261840241127958,-0.8336323328114221,-1.4152282639624283,-1.3622546168091578e-10,1.0371824878281404e-09,OPENING_DOOR,observed_blue_5p8_m1p8
1789539976.4637089,3.261840241127958,-0.8336323328114221,-1.4152282639624283,-1.3622546168091578e-10,1.0371824878281404e-09,OPENING_DOOR,observed_blue_5p8_m1p8
1789539976.813813,3.261840241127958,-0.8336323328114221,-1.4152282639624283,-1.3622546168091578e-10,1.0371824878281404e-09,OPENING_DOOR,observed_blue_5p8_m1p8
1789539977.1643865,3.261840241127958,-0.8336323328114221,-1.4152282639624283,-1.3622546168091578e-10,1.0371824878281404e-09,OPENING_DOOR,observed_blue_5p8_m1p8
1789539977.5145776,3.261840241127958,-0.8336323328114221,-1.4152282639624283,-1.3622546168091578e-10,1.0371824878281404e-09,OPENING_DOOR,observed_blue_5p8_m1p8
1789539977.8640866,3.261840241127958,-0.8336323328114221,-1.4152282639624283,-1.3622546168091578e-10,1.0371824878281404e-09,OPENING_DOOR,observed_blue_5p8_m1p8
1789539978.2151945,3.261840241127958,-0.8336323328114221,-1.4152282639624283,-1.3622546168091578e-10,1.0371824878281404e-09,OPENING_DOOR,observed_blue_5p8_m1p8
1789539978.5647273,3.261840241127958,-0.8336323328114221,-1.4152282639624283,-1.3622546168091578e-10,1.0371824878281404e-09,OPENING_DOOR,observed_blue_5p8_m1p8
1789539978.9137866,3.261840241127958,-0.8336323328114221,-1.4152282639624283,-1.3622546168091578e-10,1.0371824878281404e-09,OPENING_DOOR,observed_blue_5p8_m1p8
1789539979.264736,3.261840241127958,-0.8336323328114221,-1.4152282639624283,-1.3622546168091578e-10,1.0371824878281404e-09,OPENING_DOOR,observed_blue_5p8_m1p8
1789539979.6137564,3.261840241127958,-0.8336323328114221,-1.4152282639624283,-1.3622546168091578e-10,1.0371824878281404e-09,OPENING_DOOR,observed_blue_5p8_m1p8
1789539979.9636536,3.261840241127958,-0.8336323328114221,-1.4152282639624283,-1.3622546168091578e-10,1.0371824878281404e-09,OPENING_DOOR,observed_blue_5p8_m1p8
1789539980.3136473,3.261840241127958,-0.8336323328114221,-1.4152282639624283,-1.3622546168091578e-10,1.0371824878281404e-09,OPENING_DOOR,observed_blue_5p8_m1p8
1789539980.6654177,3.261840241127958,-0.8336323328114221,-1.4152282639624283,-1.3622546168091578e-10,1.0371824878281404e-09,OPENING_DOOR,observed_blue_5p8_m1p8
1789539981.013909,3.261840241127958,-0.8336323328114221,-1.4152282639624283,-1.3622546168091578e-10,1.0371824878281404e-09,OPENING_DOOR,observed_blue_5p8_m1p8
1789539981.3638902,3.261840241127958,-0.8336323328114221,-1.4152282639624283,-1.3622546168091578e-10,1.0371824878281404e-09,OPENING_DOOR,observed_blue_5p8_m1p8
1789539981.7138836,3.261840241127958,-0.8336323328114221,-1.4152282639624283,-1.3622546168091578e-10,1.0371824878281404e-09,OPENING_DOOR,observed_blue_5p8_m1p8
1789539982.0649586,3.261840241127958,-0.8336323328114221,-1.4152282639624283,-1.3622546168091578e-10,1.0371824878281404e-09,OPENING_DOOR,observed_blue_5p8_m1p8
1789539982.4167671,3.261840241127958,-0.8336323328114221,-1.4152282639624283,-1.3622546168091578e-10,1.0371824878281404e-09,OPENING_DOOR,observed_blue_5p8_m1p8
1789539982.7638743,3.261840241127958,-0.8336323328114221,-1.4152282639624283,-1.3622546168091578e-10,1.0371824878281404e-09,OPENING_DOOR,observed_blue_5p8_m1p8
1789539983.1137152,3.261840241127958,-0.8336323328114221,-1.4152282639624283,-1.3622546168091578e-10,1.0371824878281404e-09,OPENING_DOOR,observed_blue_5p8_m1p8
1789539983.463719,3.261840241127958,-0.8336323328114221,-1.4152282639624283,-1.3622546168091578e-10,1.0371824878281404e-09,OPENING_DOOR,observed_blue_5p8_m1p8
1789539983.8139927,3.261840241127958,-0.8336323328114221,-1.4152282639624283,-1.3622546168091578e-10,1.0371824878281404e-09,OPENING_DOOR,observed_blue_5p8_m1p8
1789539984.16384,3.261840241127958,-0.8336323328114221,-1.4152282639624283,-1.3622546168091578e-10,1.0371824878281404e-09,OPENING_DOOR,observed_blue_5p8_m1p8
1789539984.5141943,3.261840241127958,-0.8336323328114221,-1.4152282639624283,-1.3622546168091578e-10,1.0371824878281404e-09,OPENING_DOOR,observed_blue_5p8_m1p8
1789539984.8681405,3.261840241127958,-0.8336323328114221,-1.4152282639624283,-1.3622546168091578e-10,1.0371824878281404e-09,OPENING_DOOR,observed_blue_5p8_m1p8
1789539985.213774,3.261840241127958,-0.8336323328114221,-1.4152282639624283,-1.3622546168091578e-10,1.0371824878281404e-09,OPENING_DOOR,observed_blue_5p8_m1p8
1789539985.5639837,3.261840241127958,-0.8336323328114221,-1.4152282639624283,-1.3622546168091578e-10,1.0371824878281404e-09,OPENING_DOOR,observed_blue_5p8_m1p8
1789539985.913705,3.261840241127958,-0.8336323328114221,-1.4152282639624283,-1.3622546168091578e-10,1.0371824878281404e-09,OPENING_DOOR,observed_blue_5p8_m1p8
1789539986.2649055,3.261840241127958,-0.8336323328114221,-1.4152282639624283,-1.3622546168091578e-10,1.0371824878281404e-09,OPENING_DOOR,observed_blue_5p8_m1p8
1789539986.6141512,3.261840241127958,-0.8336323328114221,-1.4152282639624283,-1.3622546168091578e-10,1.0371824878281404e-09,OPENING_DOOR,observed_blue_5p8_m1p8
1789539986.9648247,3.261840241127958,-0.8336323328114221,-1.4152282639624283,-1.3622546168091578e-10,1.0371824878281404e-09,OPENING_DOOR,observed_blue_5p8_m1p8
1789539987.3175545,3.261840241127958,-0.8336323328114221,-1.4152282639624283,-1.3622546168091578e-10,1.0371824878281404e-09,OPENING_DOOR,observed_blue_5p8_m1p8
1789539987.6637201,3.261840241127958,-0.8336323328114221,-1.4152282639624283,-1.3622546168091578e-10,1.0371824878281404e-09,OPENING_DOOR,observed_blue_5p8_m1p8
1789539988.0145009,3.261840241127958,-0.8336323328114221,-1.4152282639624283,-1.3622546168091578e-10,1.0371824878281404e-09,OPENING_DOOR,observed_blue_5p8_m1p8
1789539988.3638895,3.261840241127958,-0.8336323328114221,-1.4152282639624283,-1.3622546168091578e-10,1.0371824878281404e-09,OPENING_DOOR,observed_blue_5p8_m1p8
1789539988.713653,3.261840241127958,-0.8336323328114221,-1.4152282639624283,-1.3622546168091578e-10,1.0371824878281404e-09,OPENING_DOOR,observed_blue_5p8_m1p8
1789539989.06372,3.261840241127958,-0.8336323328114221,-1.4152282639624283,-1.3622546168091578e-10,1.0371824878281404e-09,OPENING_DOOR,observed_blue_5p8_m1p8
1789539989.4137526,3.261840241127958,-0.8336323328114221,-1.4152282639624283,-1.3622546168091578e-10,1.0371824878281404e-09,OPENING_DOOR,observed_blue_5p8_m1p8
1789539989.7641811,3.261840241127958,-0.8336323328114221,-1.4152282639624283,-1.3622546168091578e-10,1.0371824878281404e-09,OPENING_DOOR,observed_blue_5p8_m1p8
1789539990.1139252,3.2604377313498634,-0.824790497013144,-1.4152282561197669,1.3277453063096028e-12,-9.846575262925088e-06,OPENING_DOOR,observed_blue_5p8_m1p8
1789539990.4655843,3.2591209674003596,-0.816394659604706,-1.415228256125756,-8.469412559391058e-16,-1.7825963377809373e-06,OPENING_DOOR,observed_blue_5p8_m1p8
1789539990.8138304,3.2575406115346897,-0.8063181298302377,-1.4152282561260323,9.32168514788823e-14,-2.2857425591400654e-07,OPENING_DOOR,observed_blue_5p8_m1p8
1789539991.1637735,3.256377007537989,-0.7988988491506913,-1.4152282561327416,-4.245344378231608e-15,-4.214562616128786e-08,DOOR_OPENED,observed_blue_5p8_m1p8
1789539991.5137331,3.256374838398605,-0.7988850176941744,-1.4152282561333536,-6.155371857614975e-15,-4.0620934345691234e-08,EXPLORING,observed_blue_5p8_m1p8
1789539991.8637197,3.256374838398605,-0.7988850176941744,-1.4152282561333536,-6.155371857614975e-15,-4.0620934345691234e-08,EXPLORING,observed_blue_5p8_m1p8
1789539992.213941,3.256374838398605,-0.7988850176941744,-1.4152282561333536,-6.155371857614975e-15,-4.0620934345691234e-08,EXPLORING,observed_blue_5p8_m1p8
1789539992.563689,3.2516713985715313,-0.798889585307202,-1.3658060739748004,-3.3254159456856094e-10,1.14066957569608e-09,EXPLORING,observed_blue_5p8_m1p8
1789539992.9139469,3.245722615679925,-0.7988896025649712,-1.312304967648341,-5.359157119360113e-11,1.0296914198450632e-09,EXPLORING,observed_blue_5p8_m1p8
1789539993.2646713,3.2378615765852103,-0.7988896290892914,-1.2350353941087284,6.532888507771436e-11,9.486756432539102e-10,EXPLORING,observed_blue_5p8_m1p8
1789539993.613899,3.232302697316011,-0.7988896493276021,-1.1731880026004642,6.159640383690045e-11,9.341137625952759e-10,EXPLORING,observed_blue_5p8_m1p8
1789539993.963699,3.2276555196466483,-0.7988896688288051,-1.1135066038194121,6.383717949014129e-11,9.344263931234322e-10,EXPLORING,observed_blue_5p8_m1p8
1789539994.3144488,3.22328574899179,-0.798889691029617,-1.0445958037127998,6.449658770976714e-11,9.272036712335772e-10,EXPLORING,observed_blue_5p8_m1p8
1789539994.6638951,3.2206463205754217,-0.7988897081036695,-0.9893243773085774,6.001269382770474e-11,9.168450524914952e-10,EXPLORING,observed_blue_5p8_m1p8
1789539995.0144095,3.2189094890722028,-0.7988897240180889,-0.9359373560871049,5.7820157564119207e-11,9.078589369542971e-10,EXPLORING,observed_blue_5p8_m1p8
1789539995.3637316,3.2180633885826833,-0.7988897387877548,-0.884379108521052,5.4973967416791225e-11,9.020929173402833e-10,EXPLORING,observed_blue_5p8_m1p8
1789539995.7141185,3.2179691991796933,-0.799034778881662,-0.8340093968990939,-6.58808614769136e-12,8.81294080318098e-10,EXPLORING,observed_blue_5p8_m1p8
1789539996.0637326,3.217931618805782,-0.7994457075035559,-0.7710690692528268,3.02656273813411e-12,1.0666839236776144e-09,EXPLORING,observed_blue_5p8_m1p8
1789539996.4137087,3.217433673981655,-0.799445744077667,-0.719538781737319,1.5226873087102073e-11,9.887353404227101e-10,EXPLORING,observed_blue_5p8_m1p8
1789539996.7638094,3.217413353748705,-0.7998819201572245,-0.6588014476476132,-3.830969951339188e-11,9.131949581483069e-10,EXPLORING,observed_blue_5p8_m1p8
1789539997.1138406,3.2174133383995644,-0.8012019592526881,-0.6062729144884109,-5.5813072774099116e-11,8.983255640011488e-10,EXPLORING,observed_blue_5p8_m1p8
1789539997.4639158,3.217413321984672,-0.8034193220990598,-0.5518877444124614,-5.858947961590022e-11,9.07274896143259e-10,EXPLORING,observed_blue_5p8_m1p8
1789539997.8139515,3.217413304434196,-0.8065439052454013,-0.4955837422080687,-6.122024790037368e-11,9.215808766310163e-10,EXPLORING,observed_blue_5p8_m1p8
1789539998.163933,3.2174132857615745,-0.8105814703388317,-0.4372842302070795,-6.400136742088393e-11,9.318194383682628e-10,EXPLORING,observed_blue_5p8_m1p8
1789539998.5159822,3.2174132660739834,-0.8155329713013388,-0.3768945433919124,-6.547486938561941e-11,9.39286285778817e-10,EXPLORING,observed_blue_5p8_m1p8
1789539998.863964,3.2174132412120335,-0.8226741652815666,-0.30150078029774074,-6.631946245595339e-11,9.500244819507697e-10,EXPLORING,observed_blue_5p8_m1p8
1789539999.213976,3.2174132195833267,-0.8296105978134636,-0.23605846212970946,-6.611205498186843e-11,9.613660589486044e-10,EXPLORING,observed_blue_5p8_m1p8
1789539999.5636299,3.217413197274769,-0.837421171399872,-0.16803601805848867,-6.47559387793177e-11,9.737131405263432e-10,EXPLORING,observed_blue_5p8_m1p8
1789539999.9148908,3.217413169853033,-0.847903922985611,-0.08265118530482475,-6.140673814748314e-11,9.88682780207383e-10,EXPLORING,observed_blue_5p8_m1p8
1789540000.2648225,3.2174131464612796,-0.8595183204139142,0.007348814748724004,-4.1843645802915946e-11,1.0035515805249922e-09,EXPLORING,observed_blue_5p8_m1p8
1789540000.613879,3.2174131701434177,-0.8691380059313656,0.08207011766372044,3.984675496448426e-11,1.002864750238223e-09,EXPLORING,observed_blue_5p8_m1p8
1789540000.9638898,3.2174131936387607,-0.8779674275686671,0.1535620325611877,5.949929119308195e-11,9.92076642301322e-10,EXPLORING,observed_blue_5p8_m1p8
1789540001.3137617,3.2174132209130133,-0.8874563612322539,0.23556309530897712,6.333551672728047e-11,9.766196763536316e-10,EXPLORING,observed_blue_5p8_m1p8
1789540001.6639743,3.217413238552782,-0.8930859139559338,0.28813987625249105,6.557758244274352e-11,9.665017720202471e-10,EXPLORING,observed_blue_5p8_m1p8
1789540002.0138547,3.217413259839569,-0.8993193940102892,0.3516895610702641,6.65234104765415e-11,9.5494936636932e-10,EXPLORING,observed_blue_5p8_m1p8
1789540002.363828,3.217413284094318,-0.9056033012947111,0.4249719455206373,6.579185105271679e-11,9.424697087185712e-10,EXPLORING,observed_blue_5p8_m1p8
1789540002.7165914,3.2174132994303166,-0.9090620235235406,0.47212414015303317,6.49483136970918e-11,9.347137123718233e-10,EXPLORING,observed_blue_5p8_m1p8
1789540003.063874,3.217413321100859,-0.9131533704670295,0.540427976818195,6.272184330197906e-11,9.241830669281255e-10,EXPLORING,observed_blue_5p8_m1p8
1789540003.416563,3.2174133378989316,-0.9155625108402958,0.5952146057400132,6.023732910507468e-11,9.1646739383154e-10,EXPLORING,observed_blue_5p8_m1p8
1789540003.7634614,3.2174133535382294,-0.9170717305210653,0.6481320913294618,5.745488917890318e-11,9.096592945414408e-10,EXPLORING,observed_blue_5p8_m1p8
1789540004.1167717,3.217413368025292,-0.9176937767540692,0.6992331705959217,5.442397466013649e-11,9.036308014287332e-10,EXPLORING,observed_blue_5p8_m1p8
1789540004.468727,3.217727555579106,-0.9177131541576469,0.7498567697586138,-1.5303372771233783e-11,8.927470554336088e-10,EXPLORING,observed_blue_5p8_m1p8
1789540004.81392,3.2179693323626313,-0.9177674626357373,0.8025786478901086,-1.6498646551441198e-12,1.071891057095771e-09,EXPLORING,observed_blue_5p8_m1p8
1789540005.1637356,3.217970617742188,-0.9182689784831891,0.8639719253055719,1.912113833577159e-11,9.577825553306134e-10,EXPLORING,observed_blue_5p8_m1p8
1789540005.5138028,3.218287208090277,-0.918268989751765,0.904483828977361,-3.278030913575503e-11,9.166330421563802e-10,EXPLORING,observed_blue_5p8_m1p8
1789540005.863891,3.219168105683828,-0.9182690018043966,0.9461473704315767,-5.2098798113279694e-11,8.977324415077554e-10,EXPLORING,observed_blue_5p8_m1p8
1789540006.2136722,3.221563138587641,-0.9182690211843579,1.0108567208509216,-5.801658522383498e-11,9.024371690275591e-10,EXPLORING,observed_blue_5p8_m1p8
1789540006.5652165,3.2245549082634173,-0.918269038570878,1.0668763972429147,-6.054235515221057e-11,9.165680460438699e-10,EXPLORING,observed_blue_5p8_m1p8
1789540006.9136097,3.2276051138007213,-0.9182690533092353,1.11311598948946,-6.319691241904895e-11,9.256772984030905e-10,EXPLORING,observed_blue_5p8_m1p8
1789540007.264694,3.231240506834981,-0.9182690687242634,1.1606704709834461,-6.490083126333333e-11,9.324446323193823e-10,EXPLORING,observed_blue_5p8_m1p8
1789540007.6137207,3.2366058743385433,-0.918269088878826,1.2220464982891417,-6.618520696699357e-11,9.407103573155143e-10,EXPLORING,observed_blue_5p8_m1p8
1789540007.963736,3.244237852439754,-0.9182691142568513,1.2987075128779497,-6.683779783241733e-11,9.536829185231963e-10,EXPLORING,observed_blue_5p8_m1p8
1789540008.3142126,3.250037192612892,-0.9182691318003922,1.3517702032640917,-6.643194958053852e-11,9.639166379839423e-10,EXPLORING,observed_blue_5p8_m1p8
1789540008.6662464,3.2580654661166935,-0.9182691542948749,1.4204850769103075,-6.487139147187406e-11,9.773098930714905e-10,EXPLORING,observed_blue_5p8_m1p8
1789540009.0139916,3.2687965297236636,-0.9182691818637825,1.5067996993069293,-6.106693616669376e-11,9.933644993686438e-10,EXPLORING,observed_blue_5p8_m1p8
1789540009.3643515,3.278581800283753,-0.9182691981964173,1.582278324065108,-3.4570619442473016e-11,1.0062049361190656e-09,EXPLORING,observed_blue_5p8_m1p8
1789540009.713815,3.27887808970639,-0.9052475119668266,1.5860899338755103,1.0475551122851693e-09,-2.8019321368987267e-09,EXPLORING,observed_blue_5p8_m1p8
1789540010.063883,3.2781309262781266,-0.868702373080302,1.584411174620817,1.1235360849795886e-10,-1.1421345997155077e-10,EXPLORING,observed_blue_5p8_m1p8
1789540010.418139,3.2775485720865944,-0.8381049498658131,1.5829764491740825,1.6330684367919795e-11,8.322484890919187e-10,EXPLORING,observed_blue_5p8_m1p8
1789540010.7637477,3.2769960402181533,-0.8075069672863601,1.5814169219988614,5.987855366592546e-12,1.1405219852873524e-09,EXPLORING,observed_blue_5p8_m1p8
1789540011.1139097,3.2763956239311143,-0.7707887241269797,1.5795434972186364,-5.587944534371787e-12,1.0472390740642977e-09,EXPLORING,observed_blue_5p8_m1p8
1789540011.4636612,3.275978273421081,-0.7401897343309631,1.5782284193062472,-7.186718288150469e-12,9.504130757171515e-10,EXPLORING,observed_blue_5p8_m1p8
1789540011.813823,3.2756359856851485,-0.7095904949144448,1.5772339062020975,-3.0315667756596946e-12,9.480451774459147e-10,EXPLORING,observed_blue_5p8_m1p8
1789540012.1638296,3.275324014787289,-0.6789910595604122,1.576238764885689,-2.901859961491717e-12,9.82426757809247e-10,EXPLORING,observed_blue_5p8_m1p8
1789540012.5137613,3.2750669062934894,-0.6483914659294042,1.5754427093778884,-4.460006622927043e-12,9.983221673134244e-10,EXPLORING,observed_blue_5p8_m1p8
1789540012.868883,3.2748531822090188,-0.6177917775232709,1.574823848237401,-2.0920420291684745e-12,9.929799026461272e-10,EXPLORING,observed_blue_5p8_m1p8
1789540013.213867,3.274658351490116,-0.5871920127675385,1.574204746864981,-1.6016994715736556e-12,9.848241901994103e-10,EXPLORING,observed_blue_5p8_m1p8
1789540013.5682766,3.274498076771767,-0.5565921731137962,1.573713846302573,-2.5623056101526873e-12,9.827822417183745e-10,EXPLORING,observed_blue_5p8_m1p8
1789540013.9138565,3.274362162550181,-0.5259922862764482,1.5733106449011836,-1.3030670556787463e-12,9.84180066145213e-10,EXPLORING,observed_blue_5p8_m1p8
1789540014.264082,3.2742153427914307,-0.48927238153809577,1.572826802858892,-1.0802153527954126e-12,9.850507620559037e-10,EXPLORING,observed_blue_5p8_m1p8
1789540014.6247582,3.2741219723703656,-0.45867243598459284,1.572554167025914,-1.449934399915259e-12,9.847482960157529e-10,EXPLORING,observed_blue_5p8_m1p8
1789540014.9639685,3.274055276466776,-0.4341924697124617,1.5723549181936,-8.123676087889022e-13,9.845952436948934e-10,EXPLORING,observed_blue_5p8_m1p8
1789540015.3137317,3.2739787634447755,-0.40359250129090735,1.5721058570713873,-6.431940602194006e-13,9.851011016404923e-10,EXPLORING,observed_blue_5p8_m1p8
1789540015.6638224,3.2739585060832535,-0.392790523345094,1.5720369834199697,3.2585746516757423e-11,5.293762148479902e-07,EXPLORING,observed_blue_5p8_m1p8
1789540016.0139616,3.273958506184326,-0.3927906080921261,1.5720369834199646,4.807569119743604e-12,7.813349566733496e-08,EXPLORING,observed_blue_5p8_m1p8
1789540016.3649774,3.273958506184326,-0.3927906080921261,1.5720369834199646,4.807569119743604e-12,7.813349566733496e-08,EXPLORING,observed_blue_5p8_m1p8
1789540016.7140129,3.273958506184326,-0.3927906080921261,1.5720369834199646,4.807569119743604e-12,7.813349566733496e-08,EXPLORING,observed_blue_5p8_m1p8
1789540017.064558,3.273958506184326,-0.3927906080921261,1.5720369834199646,4.807569119743604e-12,7.813349566733496e-08,EXPLORING,observed_blue_5p8_m1p8
1789540017.4140015,3.273958506184326,-0.3927906080921261,1.5720369834199646,4.807569119743604e-12,7.813349566733496e-08,EXPLORING,observed_blue_5p8_m1p8
1789540017.7647483,3.273958506184326,-0.3927906080921261,1.5720369834199646,4.807569119743604e-12,7.813349566733496e-08,EXPLORING,observed_blue_5p8_m1p8
1789540018.1138532,3.273958506184326,-0.3927906080921261,1.5720369834199646,4.807569119743604e-12,7.813349566733496e-08,EXPLORING,observed_blue_5p8_m1p8
1789540018.463755,3.273958506184326,-0.3927906080921261,1.5720369834199646,4.807569119743604e-12,7.813349566733496e-08,EXPLORING,observed_blue_5p8_m1p8
1789540018.8137453,3.273958506184326,-0.3927906080921261,1.5720369834199646,4.807569119743604e-12,7.813349566733496e-08,EXPLORING,observed_blue_5p8_m1p8
1789540019.165939,3.273958506184326,-0.3927906080921261,1.5720369834199646,4.807569119743604e-12,7.813349566733496e-08,EXPLORING,observed_blue_5p8_m1p8
1789540019.5149124,3.273958506184326,-0.3927906080921261,1.5720369834199646,4.807569119743604e-12,7.813349566733496e-08,EXPLORING_NAVIGATING,explore_waypoint_7.2_lat+26
1789540019.8644168,3.273958506184326,-0.3927906080921261,1.5720369834199646,4.807569119743604e-12,7.813349566733496e-08,EXPLORING_NAVIGATING,explore_waypoint_7.2_lat+26
1789540020.2158992,3.273958506184326,-0.3927906080921261,1.5720369834199646,4.807569119743604e-12,7.813349566733496e-08,EXPLORING_NAVIGATING,explore_waypoint_7.2_lat+26
1789540020.563863,3.273958506184326,-0.3927906080921261,1.5720369834199646,4.807569119743604e-12,7.813349566733496e-08,EXPLORING_NAVIGATING,explore_waypoint_7.2_lat+26
1789540020.9139135,3.2730983848202713,-0.39279062737428827,1.5647347721066527,2.235302223429608e-10,9.869302517861602e-10,EXPLORING_NAVIGATING,explore_waypoint_7.2_lat+26
1789540021.2652793,3.2691066626404712,-0.39279066700504056,1.5336278071409688,2.8618981448618324e-10,1.0024102856668895e-09,EXPLORING_NAVIGATING,explore_waypoint_7.2_lat+26
1789540021.613847,3.2646834329503673,-0.38902080713982823,1.4971101094273356,2.1073543172876607e-10,-1.2430502563365164e-09,EXPLORING_NAVIGATING,explore_waypoint_7.2_lat+26
1789540021.9639032,3.257427733166544,-0.3866901969982459,1.4373249092532328,3.1296739891859113e-06,-8.214337048671604e-06,EXPLORING_NAVIGATING,explore_waypoint_7.2_lat+26
1789540022.3145783,3.2507270872999627,-0.37086263750266646,1.3559962750103993,5.660515877736084e-07,-1.490051926942245e-06,EXPLORING_NAVIGATING,explore_waypoint_7.2_lat+26
1789540022.6639314,3.2498340284685243,-0.3529693042324595,1.3081784312183378,2.0271420316792872e-07,-5.364358653473014e-07,EXPLORING_NAVIGATING,explore_waypoint_7.2_lat+26
1789540023.0166829,3.252766736995745,-0.3183026383357095,1.234256159278949,3.991569329085749e-08,-1.8224873839147656e-07,EXPLORING_NAVIGATING,explore_waypoint_7.2_lat+26
1789540023.3644123,3.2563520964810313,-0.29891807565400014,1.1943293686839398,1.4085763574030672e-08,-6.652673048175049e-08,EXPLORING_NAVIGATING,explore_waypoint_7.2_lat+26
1789540023.7139518,3.2655021657560424,-0.2678709085981576,1.1462021641471272,3.3515219879440645e-09,-1.6526719914000923e-08,EXPLORING_NAVIGATING,explore_waypoint_7.2_lat+26
1789540024.063906,3.2834816091801313,-0.2221069270193004,1.0832505177054996,2.1937936116289452e-10,-1.3284936187105746e-09,EXPLORING_NAVIGATING,explore_waypoint_7.2_lat+26
1789540024.4145522,3.2965468525961454,-0.19355184591301636,1.037330154181766,8.599566721206377e-10,-2.683370785969405e-06,EXPLORING_NAVIGATING,explore_waypoint_7.2_lat+26
1789540024.7638154,3.3125725644544244,-0.16480719362336646,1.0045909645788913,-2.5054364662604608e-11,-6.836698685860583e-07,EXPLORING_NAVIGATING,explore_waypoint_7.2_lat+26
1789540025.1138742,3.334563658437537,-0.12938499375330428,0.9665649478708217,-1.5766282296697418e-10,-1.2322092514836887e-07,EXPLORING_NAVIGATING,explore_waypoint_7.2_lat+26
1789540025.4638116,3.358138116493357,-0.09496043209070858,0.9310419192860366,-1.4771759092539474e-08,0.0001493083654080231,EXPLORING_NAVIGATING,explore_waypoint_7.2_lat+26
1789540025.8145843,3.3794216788450875,-0.06621375434245609,0.8970571548731059,7.901061784448812e-07,-5.4374672162492264e-06,EXPLORING_NAVIGATING,explore_waypoint_7.2_lat+26
1789540026.1638765,3.4007647520144664,-0.03990788264142742,0.8728947294972551,2.0114699173265172e-07,-1.385457333053724e-06,EXPLORING_NAVIGATING,explore_waypoint_7.2_lat+26
1789540026.5138974,3.422880761460607,-0.014081925820958689,0.8502900123781899,5.116519015125848e-08,-3.525535275763391e-07,EXPLORING_NAVIGATING,explore_waypoint_7.2_lat+26
1789540026.8637705,3.4454887559850738,0.01165161378147535,0.8189805356567842,4.865334182792836e-07,-1.6723857159799867e-06,EXPLORING_NAVIGATING,explore_waypoint_7.2_lat+26
1789540027.21364,3.4676969085121163,0.0347231630832978,0.7928673908392989,1.2389253533484013e-07,-4.2656277612736023e-07,EXPLORING_NAVIGATING,explore_waypoint_7.2_lat+26
1789540027.5638726,3.504004818844867,0.07038062651956363,0.7560051509616077,1.58647741352656e-08,-5.416688941126168e-08,EXPLORING_NAVIGATING,explore_waypoint_7.2_lat+26
1789540027.9174356,3.528362442109972,0.09329556109339314,0.732475105953463,-4.152856711338485e-09,0.0001116931671118712,EXPLORING_NAVIGATING,explore_waypoint_7.2_lat+26
1789540028.263978,3.5504248874005224,0.11295791184751822,0.7074945293860162,4.510049592815394e-08,-2.434198625355306e-06,EXPLORING_NAVIGATING,explore_waypoint_7.2_lat+26
1789540028.6170464,3.5765244005395744,0.13485847123030117,0.6840748562997653,1.1363009256231318e-08,-6.19824129528041e-07,EXPLORING_NAVIGATING,explore_waypoint_7.2_lat+26
1789540028.9639354,3.6098235073858937,0.161637283306306,0.6561168496982501,1.976932806148026e-09,-1.1154009482613823e-07,EXPLORING_NAVIGATING,explore_waypoint_7.2_lat+26
1789540029.3138592,3.6320095768640637,0.17897193367232941,0.631850831683405,-2.539743756275482e-06,1.4529349339071757e-05,EXPLORING_NAVIGATING,explore_waypoint_7.2_lat+26
1789540029.663742,3.664518739045916,0.20536569900610974,0.6027538995574592,-2.710846620359282e-07,1.7898606059437765e-06,EXPLORING_NAVIGATING,explore_waypoint_7.2_lat+26
1789540030.0139368,3.689332540249134,0.22322613349286627,0.5808163441458858,-6.789456050235295e-08,2.2718453484058807e-07,EXPLORING_NAVIGATING,explore_waypoint_7.2_lat+26
1789540030.363908,3.7179786713035536,0.24262688956523965,0.555960487144629,-1.7372783798104132e-08,5.841007735562744e-08,EXPLORING_NAVIGATING,explore_waypoint_7.2_lat+26
1789540030.714001,3.7380602795130335,0.25653482005450656,0.5267860009912877,-1.0058021942948559e-06,6.796052923630439e-07,EXPLORING_NAVIGATING,explore_waypoint_7.2_lat+26
1789540031.0636992,3.761698541853273,0.2725082134379862,0.48642052334893904,-5.114573136735704e-06,-6.258671106905817e-05,EXPLORING_NAVIGATING,explore_waypoint_7.2_lat+26
1789540031.4138439,3.7824089476422316,0.2864551079136722,0.44081381281089765,-4.820003475906354e-06,-3.6551688751984194e-05,EXPLORING_NAVIGATING,explore_waypoint_7.2_lat+26
1789540031.763731,3.7974327996330257,0.29627979018317774,0.403306824281338,-1.230523470442187e-06,1.5141423437026272e-06,EXPLORING_NAVIGATING,explore_waypoint_7.2_lat+26
1789540032.113789,3.8123092411465778,0.3035343603595338,0.3796565626736402,-3.017447548221338e-07,1.213045933943382e-06,EXPLORING_NAVIGATING,explore_waypoint_7.2_lat+26
1789540032.464353,3.8383001265032806,0.31531049920917364,0.36294602625741207,-2.5667052894346978e-08,-5.7996233210301295e-06,EXPLORING_NAVIGATING,explore_waypoint_7.2_lat+26
1789540032.813768,3.8554666935145243,0.32518780108368545,0.3249466232477505,-4.394655615489738e-07,2.718101978160928e-06,EXPLORING_NAVIGATING,explore_waypoint_7.2_lat+26
1789540033.1653047,3.8604902020229797,0.3295482249276955,0.29731597351895694,-1.1482682761054272e-07,-8.794418273437458e-06,NAVIGATING,door_blue_1ffb88
1789540033.5139544,3.8604903037144416,0.32980327070434173,0.2948267853060747,-3.087084924615779e-08,-2.3561770306447474e-06,NAVIGATING,door_blue_1ffb88
1789540033.864874,3.8604903037144416,0.32980327070434173,0.2948267853060747,-3.087084924615779e-08,-2.3561770306447474e-06,NAVIGATING,door_blue_1ffb88
1789540034.2139366,3.860926834019528,0.3300928444526918,0.2922039353702254,-8.290827579937246e-10,-7.39067028785518e-08,NAVIGATING,door_blue_1ffb88
1789540034.567702,3.8776018075964074,0.33689256311085836,0.27294140385158017,-2.8472393591668086e-10,-1.59975978883972e-08,NAVIGATING,door_blue_1ffb88
1789540034.9141374,3.9087625238073893,0.3465523255169751,0.26144798269168473,-1.2151247011767148e-10,-4.729984700775192e-09,NAVIGATING,door_blue_1ffb88
1789540035.2639391,3.9415953182594805,0.3558369158706008,0.25590373469662975,-5.377171952949346e-11,-7.636213046884616e-10,NAVIGATING,door_blue_1ffb88
1789540035.6168728,3.9827525667033643,0.3675412192935292,0.24534731485225078,6.2381838155547e-11,6.933501967643638e-10,NAVIGATING,door_blue_1ffb88
1789540035.9644754,4.015801732524145,0.37738530963642725,0.2285047274992842,-3.1418375212764145e-11,1.049538287739235e-09,NAVIGATING,door_blue_1ffb88
1789540036.3168595,4.048981256596742,0.386724588406471,0.21149611162896473,-6.31538288116687e-11,1.0659337523318354e-09,NAVIGATING,door_blue_1ffb88
1789540036.6638663,4.090626223582162,0.3976763582697503,0.18999621726635216,-6.849720444074803e-11,9.7756262722182e-10,NAVIGATING,door_blue_1ffb88
1789540037.01697,4.132400931150324,0.4062723843346263,0.18275742821866803,7.007429215526381e-11,9.131320976892003e-10,NAVIGATING,door_blue_1ffb88
1789540037.3637323,4.165884521326513,0.4142145941123553,0.16520487662601768,8.355230822706771e-11,9.047693709754806e-10,NAVIGATING,door_blue_1ffb88
1789540037.7142828,4.20792294259799,0.42487926641561014,0.1284801944862089,-5.428850724165682e-11,9.59377915686804e-10,NAVIGATING,door_blue_1ffb88
1789540038.0636327,4.24168131628145,0.4312436869830203,0.10956469698171563,-1.4396385370709144e-10,1.0038541572291827e-09,NAVIGATING,door_blue_1ffb88
1789540038.4138322,4.283975462382521,0.43827096931428355,0.08672440769298936,-8.665010412528695e-11,9.98166022592039e-10,NAVIGATING,door_blue_1ffb88
1789540038.7649496,4.32635425101106,0.44440383560225866,0.0635655414743134,-7.45958331440143e-11,9.907323519144196e-10,NAVIGATING,door_blue_1ffb88
1789540039.1152308,4.351813167723521,0.44764710150142795,0.04951213990158235,-7.854941308683628e-11,9.873221178338218e-10,NAVIGATING,door_blue_1ffb88
1789540039.4638872,4.402779492376681,0.45313408775996494,0.021035979272032202,-8.034643375664594e-11,9.85371237004215e-10,NAVIGATING,door_blue_1ffb88
1789540039.8142629,4.4367767031804775,0.45603945094188114,0.0017680214678276764,-8.050869793313045e-11,9.85886534481811e-10,NAVIGATING,door_blue_1ffb88
1789540040.168832,4.47927346583084,0.4587508490340156,-0.02233383199925559,-9.01566923151589e-11,9.861331518554252e-10,NAVIGATING,door_blue_1ffb88
1789540040.5195582,4.52174767175689,0.4604849096364462,-0.047379243402012904,9.228233152288066e-11,1.0061162558555128e-09,NAVIGATING,door_blue_1ffb88
1789540040.8638244,4.564150503549548,0.4625924543683515,-0.08614659627727897,-9.888027325218587e-11,9.94997142467254e-10,NAVIGATING,door_blue_1ffb88
1789540041.2136798,4.606423806100731,0.4617187535029904,-0.11415553992042861,-3.410504310884308e-10,9.264461049904662e-10,NAVIGATING,door_blue_1ffb88
1789540041.564181,4.648637806045352,0.4574292692964511,-0.11937378740342328,-7.390601965850997e-11,9.70617521615386e-10,NAVIGATING,door_blue_1ffb88
1789540041.9143798,4.6908102729971075,0.4537467630937641,-0.1326368436533832,6.193435890287452e-11,1.0162008882239724e-09,NAVIGATING,door_blue_1ffb88
1789540042.2697027,4.732862062172315,0.45058398945117545,-0.15769014343126783,-8.462772637410395e-11,9.913780472621432e-10,NAVIGATING,door_blue_1ffb88
1789540042.6136985,4.774752831721792,0.4465364539894491,-0.18427626748090833,-4.28218119763287e-12,1.0323279070222185e-09,NAVIGATING,door_blue_1ffb88
1789540042.9636207,4.816385328641517,0.44211861133850006,-0.220082552768204,-1.1382248176952857e-10,9.947780276637484e-10,NAVIGATING,door_blue_1ffb88
1789540043.3160534,4.857723319739415,0.4356339403475941,-0.2510580816719532,-1.0789590877981514e-10,9.965771365151143e-10,NAVIGATING,door_blue_1ffb88
1789540043.663745,4.898746222110394,0.42744912407682184,-0.2788387263179333,-6.343244919154274e-11,1.0161993290881928e-09,NAVIGATING,door_blue_1ffb88
1789540044.0133667,4.939399073527562,0.41852253571471576,-0.31275572799410617,-1.2180377828961956e-10,9.892369499325174e-10,NAVIGATING,door_blue_1ffb88
1789540044.3643248,4.974426349072856,0.40969265432311475,-0.34376941165515595,2.672012631230345e-09,-1.0491919365284535e-05,NAVIGATING,door_blue_1ffb88
1789540044.713815,5.01415127805341,0.39740805576107446,-0.371019610373525,1.694551305774913e-10,-1.8997492043653973e-06,NAVIGATING,door_blue_1ffb88
1789540045.0646646,5.053512426132002,0.38395117948557156,-0.4008302519059564,-1.813779495877743e-10,-3.4345829218706006e-07,NAVIGATING,door_blue_1ffb88
1789540045.416942,5.0924636214008485,0.3689069368755373,-0.4251535025083283,-8.770531787681173e-11,-6.13649384126828e-08,NAVIGATING,door_blue_1ffb88
1789540045.7638433,5.123259336057294,0.35639145496147534,-0.4501317012064085,-1.1913532308459282e-10,-1.4887282005293198e-08,NAVIGATING,door_blue_1ffb88
1789540046.1142898,5.161245745179872,0.339261077234206,-0.4776458735238255,-1.4955056666256562e-10,-1.9421703475466227e-09,NAVIGATING,door_blue_1ffb88
1789540046.4643679,5.206110585852295,0.31734329172720827,-0.5152910643297394,-1.1661013454526406e-10,6.243304001486832e-10,NAVIGATING,door_blue_1ffb88
1789540046.8167076,5.235451088651309,0.3017034334239014,-0.5436564099308139,-1.5748024638606257e-10,8.354885802398836e-10,NAVIGATING,door_blue_1ffb88
1789540047.1649635,5.2714999372368245,0.2805652040634679,-0.5730715973704208,-1.2680781319849284e-10,9.492055110897833e-10,NAVIGATING,door_blue_1ffb88
1789540047.5138745,5.306842857877236,0.2581360669682924,-0.6036774151640625,-1.265123179468384e-10,9.5268772442396e-10,NAVIGATING,door_blue_1ffb88
1789540047.8639324,5.341490729168114,0.23435668862317535,-0.6316034309934453,-1.1729702976436023e-10,9.64146142235792e-10,NAVIGATING,door_blue_1ffb88
1789540048.2138538,5.37548049839415,0.20927740149959068,-0.650646418832886,-5.36775571320266e-11,9.192296028180419e-10,NAVIGATING,door_blue_1ffb88
1789540048.5661082,5.4093150297857875,0.1835433992849155,-0.6498538633000436,-1.959031122288083e-12,9.668487841169782e-10,NAVIGATING,door_blue_1ffb88
1789540048.9144464,5.4364120867745624,0.16295561752158852,-0.6472820731280972,5.4905235074083785e-12,9.842070632165776e-10,NAVIGATING,door_blue_1ffb88
1789540049.2640288,5.470302506150734,0.13735761438412405,-0.64966082217469,-1.403567972215016e-11,9.949339874812063e-10,NAVIGATING,door_blue_1ffb88
1789540049.6144276,5.504143520957013,0.11164313959476223,-0.6493775451887337,5.925066575759357e-12,9.696506765136604e-10,NAVIGATING,door_blue_1ffb88
1789540049.963832,5.538053975557432,0.08595213063396007,-0.64586702330027,7.588610997594122e-12,9.904653137483904e-10,NAVIGATING,door_blue_1ffb88
1789540050.3152852,5.565218179199722,0.06545485077489355,-0.6435146285484384,1.2715101161795253e-11,9.780626813210757e-10,NAVIGATING,door_blue_1ffb88
1789540050.6637707,5.60605483201246,0.0348454996264661,-0.6408324535212665,1.494282545851823e-11,9.548729790677942e-10,NAVIGATING,door_blue_1ffb88
1789540051.0139031,5.633432440560795,0.014372473534768098,-0.6281420310796522,4.761596083644874e-11,9.64197480801393e-10,NAVIGATING,door_blue_1ffb88
1789540051.36554,5.668025682341506,-0.010806905646080727,-0.6111910536347752,5.2120518763106244e-11,9.44337926321333e-10,NAVIGATING,door_blue_1ffb88
1789540051.7152448,5.703078833532442,-0.03549829542167751,-0.5920406948807251,5.908062577620613e-11,9.7852322510905e-10,NAVIGATING,door_blue_1ffb88
1789540052.0640047,5.728340199477545,-0.05316698118043989,-0.5729607753730361,1.2894351652427457e-06,-6.822223226546266e-06,NAVIGATING,door_blue_1ffb88
1789540052.4139595,5.764277658720896,-0.07674348581572155,-0.5533070868341626,2.3371943023769627e-07,-1.2349448700915636e-06,NAVIGATING,door_blue_1ffb88
1789540052.7644851,5.800665907561542,-0.09968808177402988,-0.5337883525107426,4.240830212080648e-08,-2.229143470804216e-07,NAVIGATING,door_blue_1ffb88
1789540053.1145504,5.822658016807821,-0.11290241429425228,-0.5277006200535824,1.5219777190584658e-08,-7.9378696559562e-08,NAVIGATING,door_blue_1ffb88
1789540053.4639547,5.844756579976677,-0.1262235550279097,-0.5170216879217246,5.498386764315985e-09,-2.783893578677877e-08,NAVIGATING,door_blue_1ffb88
1789540053.813675,5.881915572430286,-0.14805338130656928,-0.4967989807625666,1.0547324932341838e-09,-4.217347898013627e-09,NAVIGATING,door_blue_1ffb88
1789540054.1637049,5.919458498492897,-0.16914209116965945,-0.47862034339756865,2.4007023089143215e-10,4.223805846466108e-11,NAVIGATING,door_blue_1ffb88
1789540054.513901,5.949750852678122,-0.1855829229382833,-0.4639325118711874,1.0580779309074637e-10,7.370617965807926e-10,NAVIGATING,door_blue_1ffb88
1789540054.8656204,5.987962969123186,-0.20567310865474112,-0.4432259220954598,7.777678631429928e-11,9.367166156639073e-10,NAVIGATING,door_blue_1ffb88
1789540055.2138226,6.018821292388932,-0.2214942407236153,-0.42289772071191123,1.087560932439594e-10,9.974523026491789e-10,NAVIGATING,door_blue_1ffb88
1789540055.5638528,6.04995258688782,-0.23683749531406115,-0.4018973808567223,5.013270126211344e-11,9.287718019568677e-10,NAVIGATING,door_blue_1ffb88
1789540055.914831,6.097153946890915,-0.25804740105423024,-0.37922756876356084,3.972621088563545e-11,9.698378060536381e-10,NAVIGATING,door_blue_1ffb88
1789540056.2638392,6.128818027820538,-0.27135314322628384,-0.36883008440073556,9.045454180016969e-11,1.042670193853513e-09,NAVIGATING,door_blue_1ffb88
1789540056.6138613,6.160597862465618,-0.2845695548034207,-0.3559672503759694,1.2641391917011205e-10,1.0547499081978079e-09,NAVIGATING,door_blue_1ffb88
1789540056.9637954,6.208450998391951,-0.30288802617107047,-0.34808419661352485,-4.879721890616496e-11,9.079434507757476e-10,NAVIGATING,door_blue_1ffb88
1789540057.3143256,6.240447468924035,-0.3149910608570646,-0.3412500564598575,-6.804216539598982e-11,8.964937168584023e-10,NAVIGATING,door_blue_1ffb88
1789540057.664002,6.280610134279311,-0.33001491511075104,-0.32948474903121644,1.041023751210954e-10,1.0449493745333504e-09,NAVIGATING,door_blue_1ffb88
1789540058.0139065,6.320871628957889,-0.34434496778611506,-0.32159090278651176,3.97023934549983e-11,9.958870313887194e-10,NAVIGATING,door_blue_1ffb88
1789540058.36373,6.353159113216427,-0.35559174101945384,-0.3151794973658523,3.702719231317077e-11,9.945338222487973e-10,NAVIGATING,door_blue_1ffb88
1789540058.713871,6.393602499054793,-0.3694147949379436,-0.3068933999750551,-6.800278895530547e-11,9.0286138285282e-10,NAVIGATING,door_blue_1ffb88
1789540059.0637925,6.43422372755629,-0.3832264308436076,-0.29280783510574276,-2.4043644841768626e-11,9.224712758101435e-10,NAVIGATING,door_blue_1ffb88
1789540059.4138927,6.474998882816844,-0.3960230282280761,-0.28490720368804373,1.3740848319489844e-10,1.0714313993511394e-09,NAVIGATING,door_blue_1ffb88
1789540059.7637737,6.5157773214260235,-0.4079533337810768,-0.2852153356553668,1.2355137583479194e-11,1.0010905089524336e-09,NAVIGATING,door_blue_1ffb88
1789540060.1138337,6.556610274419606,-0.42067970449421027,-0.27569966711336047,1.0240390206319259e-10,1.032934386803206e-09,NAVIGATING,door_blue_1ffb88
1789540060.4701216,6.597539943812587,-0.43322406789392043,-0.26458182797467455,-3.5532577629036076e-11,9.216519735563006e-10,NAVIGATING,door_blue_1ffb88
1789540060.8160453,6.6221726019413705,-0.4401262274666344,-0.26175388485387446,1.6401909653053357e-10,1.0711627175325882e-09,NAVIGATING,door_blue_1ffb88
1789540061.1636012,6.663225356079335,-0.45132998025504767,-0.2597071939634627,5.260454797725348e-11,1.0148661933754077e-09,NAVIGATING,door_blue_1ffb88
1789540061.5137875,6.704328940589847,-0.46286116926284404,-0.25232113738194234,2.2662240892493763e-11,9.841140883594395e-10,NAVIGATING,door_blue_1ffb88
1789540061.8637712,6.753785548286634,-0.47652422331497757,-0.24043237536991863,1.26346992980622e-10,1.0345559572815877e-09,NAVIGATING,door_blue_1ffb88
1789540062.2139692,6.795057308220828,-0.486738771811625,-0.23974553151467753,-2.280648967195856e-11,9.654568639589157e-10,NAVIGATING,door_blue_1ffb88
1789540062.5643172,6.83633837846353,-0.49674744132199067,-0.24058339987739638,-7.545248519034146e-11,9.45327643155127e-10,NAVIGATING,door_blue_1ffb88
1789540062.914075,6.877611326490968,-0.5065887300407124,-0.24336354354597384,2.776094876121577e-11,1.0105175647866376e-09,NAVIGATING,door_blue_1ffb88
1789540063.2636888,6.918844125063997,-0.5167093703102009,-0.24500798491901832,-2.0777303873158056e-11,9.753070713786406e-10,NAVIGATING,door_blue_1ffb88
1789540063.6150198,6.960090364976784,-0.527302274394114,-0.2417777092275215,3.040887680147698e-11,9.941394104740226e-10,NAVIGATING,door_blue_1ffb88
1789540063.9701438,7.009568310565773,-0.5391023222977308,-0.2470203702190723,-3.297226506084412e-11,9.707340932505409e-10,NAVIGATING,door_blue_1ffb88
1789540064.3138015,7.050746740118244,-0.5489197540636658,-0.2535152627778288,-1.1319369544340998e-11,9.948820425459833e-10,NAVIGATING,door_blue_1ffb88
1789540064.6674726,7.091851710510569,-0.559058848020831,-0.25963786455483356,-7.909899072914659e-11,9.479705499914814e-10,NAVIGATING,door_blue_1ffb88
1789540065.0138216,7.132919906583033,-0.5696751518675339,-0.2627131131816206,8.234965210632286e-12,9.985346084766434e-10,NAVIGATING,door_blue_1ffb88
1789540065.3638828,7.173943430668907,-0.5802781585589203,-0.2674873083684774,-3.4952796663526707e-12,9.953245344731474e-10,NAVIGATING,door_blue_1ffb88
1789540065.7169793,7.223073836787504,-0.5930875852971016,-0.2757419653752543,-2.3545348997502065e-11,9.885913380502242e-10,NAVIGATING,door_blue_1ffb88
1789540066.0645678,7.255769862461784,-0.60211304011477,-0.2786056973029805,-5.232970788333998e-11,9.577392641987085e-10,NAVIGATING,door_blue_1ffb88
1789540066.4136355,7.304763037535944,-0.6155708213283863,-0.28546524483127966,-1.0850735166526125e-11,9.902600218824568e-10,NAVIGATING,door_blue_1ffb88
1789540066.7639358,7.345502340462034,-0.627007486333531,-0.2919559684864269,-8.369554771506802e-11,9.419194076288171e-10,NAVIGATING,door_blue_1ffb88
1789540067.114139,7.386200987694701,-0.6390692500715834,-0.29377652616035166,1.7982894481076097e-11,1.0064697274788693e-09,NAVIGATING,door_blue_1ffb88
1789540067.4645758,7.418717668736379,-0.648449407947347,-0.2992010861318622,-9.927922958580748e-12,9.925141722525148e-10,NAVIGATING,door_blue_1ffb88
1789540067.8138063,7.459287105067204,-0.6604308897873362,-0.305957950355134,-2.3477883354854904e-11,9.880429841862218e-10,NAVIGATING,door_blue_1ffb88
1789540068.1636658,7.499770219805274,-0.6726956108528762,-0.3126885145880967,-2.4964911486308253e-11,9.851952352907697e-10,NAVIGATING,door_blue_1ffb88
1789540068.5139508,7.548233909608166,-0.6877848585514728,-0.32073074776932536,-2.426322720759776e-11,9.840943284452234e-10,NAVIGATING,door_blue_1ffb88
1789540068.8638968,7.588521886542382,-0.7006669742324052,-0.32740412664839164,-2.473059238830242e-11,9.844394496966214e-10,NAVIGATING,door_blue_1ffb88
1789540069.2137365,7.627440212010259,-0.7136816307336401,-0.33057474697561207,-6.001424845069144e-11,-4.719909460431093e-06,NAVIGATING,door_blue_1ffb88
1789540069.5637367,7.644167868650716,-0.717816095463759,-0.3500245042118568,-3.866248794444037e-06,-7.305817364211153e-05,NAVIGATING,door_blue_1ffb88
1789540069.9136808,7.644179036324147,-0.7145011401072258,-0.3870924237063546,-4.993593822316877e-07,-9.401068009131586e-06,NAVIGATING,door_blue_1ffb88
1789540070.2646687,7.644180377449661,-0.7119858024453581,-0.4173800685536624,-9.070375750164496e-08,-1.702150321738712e-06,NAVIGATING,door_blue_1ffb88
1789540070.6139383,7.6441806284700675,-0.7096983558546824,-0.4471362245437361,-1.6487708118431374e-08,-3.077620328316554e-07,NAVIGATING,door_blue_1ffb88
1789540070.9652457,7.644180688505108,-0.707639463013995,-0.4763742963877376,-3.0129510651633803e-09,-5.4994431325069644e-08,NAVIGATING,door_blue_1ffb88
1789540071.3149433,7.644180719549876,-0.7054704684483735,-0.5107929160933594,-4.032595025402162e-10,-6.1556929935977374e-09,NAVIGATING,door_blue_1ffb88
1789540071.6637456,7.644180738591147,-0.7039139045596171,-0.5389317334793056,-8.50217812566122e-11,-2.8664246255175474e-10,NAVIGATING,door_blue_1ffb88
1789540072.0140557,7.644180758850421,-0.7023460519743756,-0.5720605235316815,-2.3275807895965113e-11,7.90888975187543e-10,NAVIGATING,door_blue_1ffb88
1789540072.363952,7.6441807749453,-0.7012883206902609,-0.5991463237534435,-1.6107463647069426e-11,9.200434411181132e-10,NAVIGATING,door_blue_1ffb88
1789540072.714984,7.64418078755608,-0.7006040767869636,-0.6204791086979646,-1.495360388995791e-11,9.522074089910725e-10,NAVIGATING,door_blue_1ffb88
1789540073.0637627,7.644180805898308,-0.6998457974014234,-0.6519267443575709,-1.4039820737945929e-11,9.687029909340485e-10,NAVIGATING,door_blue_1ffb88
1789540073.4144802,7.6467668414279935,-0.7015671320692478,-0.6722991188366859,-2.7098726208566034e-12,-1.2514765280389712e-09,NAVIGATING,door_blue_1ffb88
1789540073.7639816,7.656685669194598,-0.7094314828486904,-0.686551465576077,-1.362876411909159e-11,3.032848120950963e-10,NAVIGATING,door_blue_1ffb88
1789540074.113825,7.6664898880378,-0.7175043431848338,-0.7006640646067369,-2.164842580762698e-11,8.162334493063963e-10,NAVIGATING,door_blue_1ffb88
1789540074.463612,7.671414327629761,-0.7210727836055743,-0.7216562421169195,-4.46814312872874e-05,3.669802063085337e-07,NAVIGATING,door_blue_1ffb88
1789540074.8138793,7.671196213426279,-0.7210501968231826,-0.7472971590637361,-8.092919763602208e-06,6.855218002461211e-08,NAVIGATING,door_blue_1ffb88
1789540075.1638896,7.6712242295768425,-0.7210510797410146,-0.7734168649203242,-1.4657429829353108e-06,1.3364607257598275e-08,NAVIGATING,door_blue_1ffb88
1789540075.5140204,7.6765222276842735,-0.7263649674704313,-0.7958872447224579,-1.8858363199279078e-07,1.096497088177746e-09,NAVIGATING,door_blue_1ffb88
1789540075.8639395,7.685375654046017,-0.7354408404021899,-0.8106110620676414,-3.416776048845256e-08,7.997379730923223e-10,NAVIGATING,door_blue_1ffb88
1789540076.213959,7.694093956919917,-0.7445646711383955,-0.8251417209321705,-6.2012889479651695e-09,1.0066952764227846e-09,NAVIGATING,door_blue_1ffb88
1789540076.5637782,7.704377463050765,-0.7557075802804399,-0.8423261119416464,-8.149312458774106e-10,1.075327835741169e-09,NAVIGATING,door_blue_1ffb88
1789540076.9177198,7.712798378479554,-0.7652143166478294,-0.8564377611451384,-1.6263788553802568e-10,1.002522712541899e-09,NAVIGATING,door_blue_1ffb88
1789540077.2638335,7.720623535923475,-0.7737206664516718,-0.8724817550998472,1.491218250892471e-08,-3.2133552923954735e-05,NAVIGATING,door_blue_1ffb88
1789540077.6140494,7.720829336194236,-0.773705415671698,-0.8978087291575574,2.01053850574629e-09,-3.924048049722513e-06,NAVIGATING,door_blue_1ffb88
1789540077.963906,7.7212566570013825,-0.7737058785502146,-0.9235956759054885,2.8599703202018966e-10,-7.098822921268161e-07,NAVIGATING,door_blue_1ffb88
1789540078.3139198,7.722137000999581,-0.7741080238459558,-0.9477293719712548,5.0900461217221805e-11,-1.2894849623589902e-07,NAVIGATING,door_blue_1ffb88
1789540078.6638126,7.730940393856533,-0.7858426673935472,-0.9655970657423538,-2.8876541415649623e-12,-1.6385098558372036e-08,NAVIGATING,door_blue_1ffb88
1789540079.0138922,7.737116016682575,-0.794265420358817,-0.9776252735835356,-1.2434264510012122e-11,-3.527233650760041e-09,NAVIGATING,door_blue_1ffb88
1789540079.3648858,7.743651662665313,-0.8025558940804896,-0.9959020705187874,-5.113810401082414e-07,-4.461897280741628e-06,NAVIGATING,door_blue_1ffb88
1789540079.713901,7.744910971904006,-0.8025565032150395,-1.023409117559487,-9.273206350591492e-08,-8.070128063974131e-07,NAVIGATING,door_blue_1ffb88
1789540080.0638418,7.746721583953658,-0.8025566041808636,-1.057053169661424,-1.1931894490323431e-08,-1.0300361535082473e-07,NAVIGATING,door_blue_1ffb88
1789540080.4138985,7.748481122526606,-0.8025566015041773,-1.0856304924586964,-2.1478135404515913e-09,-1.7969233158646417e-08,NAVIGATING,door_blue_1ffb88
1789540080.764993,7.750469135997665,-0.8025565861094387,-1.1147104043847682,-3.7842008899853265e-10,-2.5038277954543763e-09,NAVIGATING,door_blue_1ffb88
1789540081.1137044,7.752685801440154,-0.8025565675949357,-1.1443045240842296,-5.5993419650247114e-11,3.623151402714764e-10,NAVIGATING,door_blue_1ffb88
1789540081.463869,7.75513095606584,-0.8025565480248266,-1.1744257604691137,3.647782147325889e-12,8.8737221028464e-10,NAVIGATING,door_blue_1ffb88
1789540081.8137627,7.757804078661934,-0.8025565279602447,-1.205088490528341,1.4718100141143628e-11,9.628334144698633e-10,NAVIGATING,door_blue_1ffb88
1789540082.1639376,7.761311435152972,-0.802556503342416,-1.242621247854419,1.6800033471079717e-11,9.675227703808204e-10,NAVIGATING,door_blue_1ffb88
1789540082.5170822,7.763800122196595,-0.802556486601021,-1.2678065531156273,1.469485081710992e-11,9.735118255906661e-10,NAVIGATING,door_blue_1ffb88
1789540082.863768,7.7677791386781525,-0.8025564609739424,-1.306133404080621,1.5959814628006557e-11,9.801959912709658e-10,NAVIGATING,door_blue_1ffb88
1789540083.2152112,7.771331010408952,-0.8025564391990242,-1.3387341487304172,1.6180035836082307e-11,9.824504914063092e-10,NAVIGATING,door_blue_1ffb88
1789540083.5638525,7.774125714275289,-0.8025544985635963,-1.3634929746904145,-2.0277383665163953e-11,1.0026111297311497e-09,NAVIGATING,door_blue_1ffb88
1789540083.914383,7.776875915298674,-0.8025544762752153,-1.387265690382623,3.987306612370635e-12,9.893818341787554e-10,NAVIGATING,door_blue_1ffb88
1789540084.2674825,7.779729385949515,-0.8025544537786821,-1.411373043540175,8.052349549508663e-12,9.839564850937933e-10,NAVIGATING,door_blue_1ffb88
1789540084.6158955,7.780011861432085,-0.802554537447115,-1.4137130263837898,-1.3422879168328302e-10,1.0365061368407387e-09,NAVIGATING,door_blue_1ffb88
1789540084.9652956,7.780011861432085,-0.802554537447115,-1.4137130263837898,-1.3422879168328302e-10,1.0365061368407387e-09,NAVIGATING,door_blue_1ffb88
1789540085.313856,7.780011861432085,-0.802554537447115,-1.4137130263837898,-1.3422879168328302e-10,1.0365061368407387e-09,NAVIGATING,door_blue_1ffb88
1789540085.6635118,7.780011861432085,-0.802554537447115,-1.4137130263837898,-1.3422879168328302e-10,1.0365061368407387e-09,NAVIGATING,door_blue_1ffb88
1789540086.0155454,7.780011861432085,-0.802554537447115,-1.4137130263837898,-1.3422879168328302e-10,1.0365061368407387e-09,NAVIGATING,door_blue_1ffb88
1789540086.3638773,7.780011861432085,-0.802554537447115,-1.4137130263837898,-1.3422879168328302e-10,1.0365061368407387e-09,NAVIGATING,door_blue_1ffb88
1789540086.713971,7.780011861432085,-0.802554537447115,-1.4137130263837898,-1.3422879168328302e-10,1.0365061368407387e-09,NAVIGATING,door_blue_1ffb88
1789540087.063743,7.780011861432085,-0.802554537447115,-1.4137130263837898,-1.3422879168328302e-10,1.0365061368407387e-09,NAVIGATING,door_blue_1ffb88
1789540087.4141474,7.780011861432085,-0.802554537447115,-1.4137130263837898,-1.3422879168328302e-10,1.0365061368407387e-09,NAVIGATING,door_blue_1ffb88
1789540087.7676845,7.780011861432085,-0.802554537447115,-1.4137130263837898,-1.3422879168328302e-10,1.0365061368407387e-09,NAVIGATING,door_blue_1ffb88
1789540088.11381,7.780011861432085,-0.802554537447115,-1.4137130263837898,-1.3422879168328302e-10,1.0365061368407387e-09,NAVIGATING,door_blue_1ffb88
1789540088.465868,7.780011861432085,-0.802554537447115,-1.4137130263837898,-1.3422879168328302e-10,1.0365061368407387e-09,NAVIGATING,door_blue_1ffb88
1789540088.8139067,7.780011861432085,-0.802554537447115,-1.4137130263837898,-1.3422879168328302e-10,1.0365061368407387e-09,NAVIGATING,door_blue_1ffb88
1789540089.1645212,7.780011861432085,-0.802554537447115,-1.4137130263837898,-1.3422879168328302e-10,1.0365061368407387e-09,NAVIGATING,door_blue_1ffb88
1789540089.5142155,7.780011861432085,-0.802554537447115,-1.4137130263837898,-1.3422879168328302e-10,1.0365061368407387e-09,NAVIGATING,door_blue_1ffb88
1789540089.8637855,7.780011861432085,-0.802554537447115,-1.4137130263837898,-1.3422879168328302e-10,1.0365061368407387e-09,NAVIGATING,door_blue_1ffb88
1789540090.2382967,7.780011861432085,-0.802554537447115,-1.4137130263837898,-1.3422879168328302e-10,1.0365061368407387e-09,NAVIGATING,door_blue_1ffb88
1789540090.5645611,7.780011861432085,-0.802554537447115,-1.4137130263837898,-1.3422879168328302e-10,1.0365061368407387e-09,NAVIGATING,door_blue_1ffb88
1789540090.915327,7.780011861432085,-0.802554537447115,-1.4137130263837898,-1.3422879168328302e-10,1.0365061368407387e-09,NAVIGATING,door_blue_1ffb88
1789540091.263863,7.780011861432085,-0.802554537447115,-1.4137130263837898,-1.3422879168328302e-10,1.0365061368407387e-09,NAVIGATING,door_blue_1ffb88
1789540091.6141036,7.780011861432085,-0.802554537447115,-1.4137130263837898,-1.3422879168328302e-10,1.0365061368407387e-09,EXPLORING,door_blue_1ffb88
1789540091.9641054,7.780011861432085,-0.802554537447115,-1.4137130263837898,-1.3422879168328302e-10,1.0365061368407387e-09,EXPLORING,door_blue_1ffb88
1789540092.3137288,7.780011861432085,-0.802554537447115,-1.4137130263837898,-1.3422879168328302e-10,1.0365061368407387e-09,EXPLORING,door_blue_1ffb88
1789540092.6638167,7.780011861432085,-0.802554537447115,-1.4137130263837898,-1.3422879168328302e-10,1.0365061368407387e-09,EXPLORING,door_blue_1503d1
1789540093.01392,7.780011861432085,-0.802554537447115,-1.4137130263837898,-1.3422879168328302e-10,1.0365061368407387e-09,EXPLORING,door_blue_1503d1
1789540093.3651106,7.780011861432085,-0.802554537447115,-1.4137130263837898,-1.3422879168328302e-10,1.0365061368407387e-09,EXPLORING,door_blue_1503d1
1789540093.7136216,7.780011861432085,-0.802554537447115,-1.4137130263837898,-1.3422879168328302e-10,1.0365061368407387e-09,EXPLORING,door_blue_1503d1
1789540094.0643733,7.780011861432085,-0.802554537447115,-1.4137130263837898,-1.3422879168328302e-10,1.0365061368407387e-09,EXPLORING,door_blue_1503d1
1789540094.41388,7.780011861432085,-0.802554537447115,-1.4137130263837898,-1.3422879168328302e-10,1.0365061368407387e-09,EXPLORING,door_blue_1503d1
1789540094.7648835,7.780011861432085,-0.802554537447115,-1.4137130263837898,-1.3422879168328302e-10,1.0365061368407387e-09,EXPLORING,door_blue_1503d1
1789540095.114389,7.780011861432085,-0.802554537447115,-1.4137130263837898,-1.3422879168328302e-10,1.0365061368407387e-09,EXPLORING,door_blue_1503d1
1789540095.4637852,7.780011861432085,-0.802554537447115,-1.4137130263837898,-1.3422879168328302e-10,1.0365061368407387e-09,NAVIGATING,door_blue_1503d1
1789540095.8144352,7.780011861432085,-0.802554537447115,-1.4137130263837898,-1.3422879168328302e-10,1.0365061368407387e-09,NAVIGATING,door_blue_1503d1
1789540096.1637952,7.780011861432085,-0.802554537447115,-1.4137130263837898,-1.3422879168328302e-10,1.0365061368407387e-09,NAVIGATING,door_blue_1503d1
1789540096.5137796,7.780011861432085,-0.802554537447115,-1.4137130263837898,-1.3422879168328302e-10,1.0365061368407387e-09,NAVIGATING,door_blue_1503d1
1789540096.8644433,7.779260215305105,-0.8025548767335041,-1.4068389819313245,-1.7279927368179137e-10,1.0511017246373017e-09,NAVIGATING,door_blue_1503d1
1789540097.2139537,7.77514135153281,-0.8025550178925639,-1.37148442815894,-1.5737997914549564e-10,1.0674415932662238e-09,NAVIGATING,door_blue_1503d1
1789540097.56424,7.767928589159937,-0.8025550447702161,-1.3065527532642076,-4.111386627439884e-11,1.033494766544452e-09,NAVIGATING,door_blue_1503d1
1789540097.9139237,7.761768351647652,-0.8025550664666654,-1.2462773347333855,2.9448068966595425e-11,9.850163202274926e-10,NAVIGATING,door_blue_1503d1
1789540098.263889,7.7563392240746385,-0.8025550870792147,-1.187398008227537,5.950079755248429e-11,9.473992655176713e-10,NAVIGATING,door_blue_1503d1
1789540098.614305,7.7511298903680705,-0.8025551105944051,-1.1224967022814882,6.484312673627637e-11,9.274057656228793e-10,NAVIGATING,door_blue_1503d1
1789540098.9637492,7.747280154058328,-0.8025551327337203,-1.0649372912440658,5.354932591204172e-11,9.274381994207594e-10,NAVIGATING,door_blue_1503d1
1789540099.313663,7.744926041437154,-0.8025551502083433,-1.0218737946407048,4.3126374134564525e-11,9.332793522955938e-10,NAVIGATING,door_blue_1503d1
1789540099.6638103,7.742919452287265,-0.8025551700828641,-0.9748972257510656,3.3460969168172427e-11,9.397001864193405e-10,NAVIGATING,door_blue_1503d1
1789540100.0147445,7.741808129102681,-0.8025551857723082,-0.9388802837697197,2.7511356072279118e-11,9.440019763366075e-10,NAVIGATING,door_blue_1503d1
1789540100.3639216,7.7410391065327815,-0.8025552036097127,-0.8987953508308505,2.225335174917477e-11,9.480907340216826e-10,NAVIGATING,door_blue_1503d1
1789540100.7138546,7.740795756031128,-0.8025552204285944,-0.8616038012083183,1.84642383405216e-11,9.5154811070525e-10,NAVIGATING,door_blue_1503d1
1789540101.0638528,7.740795672388414,-0.8027280146644469,-0.8315666627395412,-1.142259600100939e-11,9.443987698483109e-10,NAVIGATING,door_blue_1503d1
1789540101.4142206,7.743857039113819,-0.8059764703450751,-0.8003848069468555,4.805409311984287e-12,-1.4104737427837317e-09,NAVIGATING,door_blue_1503d1
1789540101.7653732,7.7486703320758075,-0.8119475749193483,-0.7632617871680878,-2.4209247122111296e-06,-3.5762209638277834e-05,NAVIGATING,door_blue_1503d1
1789540102.1138911,7.767526259626496,-0.8295070608452728,-0.7219673926229162,-3.1054513000874673e-07,-4.604850011059456e-06,NAVIGATING,door_blue_1503d1
1789540102.4640403,7.798643171951836,-0.8561270009106715,-0.6911971731897756,-5.604544078959427e-08,-8.343643995857052e-07,NAVIGATING,door_blue_1503d1
1789540102.8138883,7.831211671227256,-0.8829459509586272,-0.6599196140029634,-2.0606883057236954e-08,-2.887995560335804e-05,NAVIGATING,door_blue_1503d1
1789540103.1650136,7.857136180768855,-0.9031713863194938,-0.6255671427010436,-6.902705451246103e-10,-1.8579726188499715e-07,NAVIGATING,door_blue_1503d1
1789540103.5140688,7.891966064257191,-0.9285516874484003,-0.5912446878149714,-4.66116417683434e-11,-3.299932370273764e-08,NAVIGATING,door_blue_1503d1
1789540103.8639731,7.934895966742879,-0.9579345740666656,-0.5484091622551026,8.322552984862633e-11,-3.554488459452774e-09,NAVIGATING,door_blue_1503d1
1789540104.2143784,7.966281335076929,-0.9787772900373056,-0.5089610400759349,-1.9512732515952962e-09,-4.362787333083224e-06,NAVIGATING,door_blue_1503d1
1789540104.5650647,8.005269757384596,-1.0024701196284693,-0.4581732218968978,-1.6565087203662224e-11,-5.618387284994723e-07,NAVIGATING,door_blue_1503d1
1789540104.9145958,8.006211469386086,-1.0031824767030146,-0.4463294524765048,-5.756175635474817e-06,-2.6802136496483324e-05,NAVIGATING,door_blue_1503d1
1789540105.263886,7.997014278087311,-0.998782345479894,-0.44632945248243855,-7.408265768816832e-07,-3.4481270015632355e-06,NAVIGATING,door_blue_1503d1
1789540105.61366,7.9878139562014665,-0.9943797962281055,-0.4463294524857814,-9.534210373397199e-08,-4.4323364679174994e-07,NAVIGATING,door_blue_1503d1
1789540105.9636865,7.98014669224835,-0.9907107508306375,-0.44632945248501255,-1.7269559153552598e-08,-7.967334205611433e-08,NAVIGATING,door_blue_1503d1
1789540106.3140142,7.972479382888069,-0.9870416701174908,-0.4463294524845602,-3.12818563783979e-09,-1.3598846281646757e-08,NAVIGATING,door_blue_1503d1
1789540106.663755,7.966816578550288,-0.9851260952985592,-0.427408106856947,-8.083263640846559e-10,-3.313491701977709e-09,NAVIGATING,door_blue_1503d1
1789540107.0137675,7.966816555606719,-0.9900079153010019,-0.36913137247513095,-1.5610987767856018e-10,2.2584222399941452e-10,NAVIGATING,door_blue_1503d1
1789540107.3638973,7.9668165356448855,-0.9947159312436868,-0.31900690018846234,-5.46494408172606e-11,8.062016881269967e-10,NAVIGATING,door_blue_1503d1
1789540107.7137601,7.96681651441758,-0.9999995511444906,-0.26738429935120694,-4.09248946899447e-11,9.900393757637578e-10,NAVIGATING,door_blue_1503d1
1789540108.063975,7.966816487738847,-1.0070868119546978,-0.20333137630514356,-4.4619420714071695e-11,1.0031438506712028e-09,NAVIGATING,door_blue_1503d1
1789540108.413818,7.9668164607150675,-1.0149673117287958,-0.13679747376412707,-4.14426564658931e-11,9.753458556479508e-10,NAVIGATING,door_blue_1503d1
1789540108.763887,7.966816437881308,-1.0221178155972395,-0.07928200200871545,-3.9308961036232054e-11,9.790432821094918e-10,NAVIGATING,door_blue_1503d1
1789540109.115146,7.9668164148354705,-1.0297731651605242,-0.019694136544400494,-3.64534059457087e-11,9.95276850813787e-10,NAVIGATING,door_blue_1503d1
1789540109.4638052,7.9668164279410645,-1.0392282257826295,0.05304667164558966,1.9163648138312018e-11,1.0038551611473765e-09,NAVIGATING,door_blue_1503d1
1789540109.814194,7.966816451371153,-1.0466095599167458,0.11147112632253761,3.639688531106171e-11,9.971074996978153e-10,NAVIGATING,door_blue_1503d1
1789540110.1645172,7.966816478892458,-1.0547801326720874,0.17899616381770936,3.962854477793699e-11,9.865804052006667e-10,NAVIGATING,door_blue_1503d1
1789540110.5138721,7.966816501357684,-1.0609922631514648,0.23329687313122788,4.1664269193148783e-11,9.793300840774713e-10,NAVIGATING,door_blue_1503d1
1789540110.8637185,7.966816523282756,-1.0666454016374258,0.2859404594207579,4.2701878019295516e-11,9.731924527543125e-10,NAVIGATING,door_blue_1503d1
1789540111.2138882,7.966816548712321,-1.0726756816651373,0.3470677628938028,4.2877349370247e-11,9.65486107239604e-10,NAVIGATING,door_blue_1503d1
1789540111.564476,7.966816569094038,-1.0770642036928226,0.3964005398941964,4.274951785532128e-11,9.590743716383107e-10,NAVIGATING,door_blue_1503d1
1789540111.914506,7.9668165924845065,-1.0815599796094033,0.45377396352988647,4.202622166550159e-11,9.518543504610725e-10,NAVIGATING,door_blue_1503d1
1789540112.2639408,7.96681661103746,-1.0846626856867347,0.5001296109709327,4.107223040602101e-11,9.462906364937071e-10,NAVIGATING,door_blue_1503d1
1789540112.6139638,7.966816628704352,-1.087181055599312,0.545212231009407,4.001087930454391e-11,9.415648944174853e-10,NAVIGATING,door_blue_1503d1
1789540112.9644961,7.966816648706245,-1.0894359943067733,0.5976860261144722,3.840139951098077e-11,9.365102431582334e-10,NAVIGATING,door_blue_1503d1
1789540113.3141243,7.966816664362629,-1.0906814752557679,0.6400982128976151,3.6918303369588766e-11,9.327324705883938e-10,NAVIGATING,door_blue_1503d1
1789540113.6661305,7.966816679103218,-1.0913577213459267,0.6813433880394582,3.516244983966465e-11,9.298396795630017e-10,NAVIGATING,door_blue_1503d1
1789540114.0144224,7.966844673843417,-1.091496527991327,0.7215597463422797,9.851995791729065e-12,9.200727603443183e-10,NAVIGATING,door_blue_1503d1
1789540114.3641436,7.967333489879672,-1.0914965711879194,0.7710630188069025,1.4747310665119425e-11,9.987303686189406e-10,NAVIGATING,door_blue_1503d1
1789540114.7139246,7.967372607459307,-1.0916428374953375,0.8133623602554048,-1.4663124383299467e-11,1.0614093150722802e-09,NAVIGATING,door_blue_1503d1
1789540115.0635598,7.967372822019887,-1.092052353231588,0.8622699096504274,1.638387469489758e-11,9.568208214791672e-10,NAVIGATING,door_blue_1503d1
1789540115.4137266,7.967665935291866,-1.0920523672496483,0.9027340516869983,-2.34983983711489e-11,9.293216566716799e-10,NAVIGATING,door_blue_1503d1
1789540115.7652276,7.968112017439466,-1.092052376139107,0.9275634246828971,-3.2448107226899986e-11,9.243073137789732e-10,NAVIGATING,door_blue_1503d1
1789540116.1138418,7.969025487174164,-1.0920523884875901,0.9613223753324336,-3.616448183255424e-11,9.277895331865217e-10,NAVIGATING,door_blue_1503d1
1789540116.4637206,7.971085358041198,-1.0920524080675018,1.0133885108895468,-3.734465939004531e-11,9.389899366028118e-10,NAVIGATING,door_blue_1503d1
1789540116.8140495,7.972428131289799,-1.092052418358737,1.0400785466274893,-3.857987199789308e-11,9.430070472068577e-10,NAVIGATING,door_blue_1503d1
1789540117.1651351,7.974544832801224,-1.0920524325783985,1.0763638887510314,-3.9965561412626e-11,9.462062453596365e-10,NAVIGATING,door_blue_1503d1
1789540117.513921,7.977731309059924,-1.0919839484644318,1.1225966184770007,-1.9721252343622752e-11,5.087095812853436e-10,NAVIGATING,door_blue_1503d1
1789540117.8656983,7.987355415078703,-1.078116270868138,1.1662890268558732,1.2007528646490776e-11,-1.2937832765767029e-09,NAVIGATING,door_blue_1503d1
1789540118.2138736,8.00187442489169,-1.0534695512075052,1.220244148089959,4.833625726878119e-11,4.247863699146607e-10,NAVIGATING,door_blue_1503d1
1789540118.5636468,8.013053786379064,-1.0325553767160276,1.2621875744995843,1.3722638520643262e-10,1.034178554256179e-09,NAVIGATING,door_blue_1503d1
1789540118.9138024,8.020920251735802,-1.0156417929148933,1.288829462797376,7.317771830355216e-11,1.1200862509421133e-09,NAVIGATING,door_blue_1503d1
1789540119.2638104,8.032146541046282,-0.9900270558522374,1.3295775673440546,4.4355368550818747e-11,1.0207982539041948e-09,NAVIGATING,door_blue_1503d1
1789540119.613792,8.042001285520127,-0.9641612537766171,1.3653279107502347,9.130583256671213e-11,9.739182841686756e-10,NAVIGATING,door_blue_1503d1
1789540119.9641953,8.050502562475083,-0.9381226713263718,1.395233388193625,4.497959197878029e-11,9.728749647353533e-10,NAVIGATING,door_blue_1503d1
1789540120.314662,8.05710967177778,-0.9163162338402654,1.4205604109248353,3.913030998985079e-11,9.898400527408596e-10,NAVIGATING,door_blue_1503d1
1789540120.6643405,8.064422530598932,-0.8856678384129322,1.4459140200462055,4.8112729918406815e-11,9.97351758607243e-10,NAVIGATING,door_blue_1503d1
1789540121.0139358,8.069115328099945,-0.8637175458260237,1.4631128960394233,2.950158025752651e-11,9.860564943657365e-10,NAVIGATING,door_blue_1503d1
1789540121.3641768,8.073246116526285,-0.84172702644019,1.4786177221956913,7.700411106706707e-11,9.939916236805252e-10,NAVIGATING,door_blue_1503d1
1789540121.714936,8.077225915453782,-0.8153039390016946,1.492231392878873,2.863143018066813e-11,9.86667155917768e-10,NAVIGATING,door_blue_1503d1
1789540122.0644982,8.080287536475433,-0.7932627636795351,1.503662289582003,1.9866539812378426e-11,9.85622357804379e-10,NAVIGATING,door_blue_1503d1
1789540122.4159412,8.082831848213365,-0.7712054173327275,1.512849005085308,4.092034249654748e-11,9.882676498623342e-10,NAVIGATING,door_blue_1503d1
1789540122.7639365,8.08539513682894,-0.7447234934836511,1.5217724068030956,1.6519241460632306e-11,9.851598681404833e-10,NAVIGATING,door_blue_1503d1
1789540123.1137493,8.087358669666628,-0.7226462515520448,1.5292460401929493,1.3362482336203131e-11,9.847106692784804e-10,NAVIGATING,door_blue_1503d1
1789540123.4644046,8.08950655149631,-0.6961445879856556,1.5382600310216232,1.4004687454032124e-11,9.849541415562541e-10,NAVIGATING,door_blue_1503d1
1789540123.8139744,8.090574145693326,-0.6786032908046631,1.5425007189186704,6.541901926574184e-10,-1.0411134649366897e-05,NAVIGATING,door_blue_1503d1
1789540124.1647859,8.090575143729252,-0.678568023661306,1.5425007189197275,1.3508668241686747e-10,-2.1477036666924077e-06,NAVIGATING,door_blue_1503d1
1789540124.513708,8.087280883468269,-0.6785675211080736,1.5160574613960547,2.586143463518378e-10,-2.4166689481661803e-07,NAVIGATING,door_blue_1503d1
1789540124.863967,8.078669265988715,-0.6785674614546229,1.447338325192113,1.5739113657540878e-10,-3.033148898466921e-08,NAVIGATING,door_blue_1503d1
1789540125.2139585,8.069860721634836,-0.6785674338999507,1.3735835817177457,1.7349987441979425e-11,-4.687985112615261e-09,NAVIGATING,door_blue_1503d1
1789540125.5638232,8.059950693441476,-0.6785674050767609,1.2832386539517415,-8.102923920180222e-11,2.655346367030476e-10,NAVIGATING,door_blue_1503d1
1789540125.9137487,8.052048988862586,-0.6785673792978048,1.2014521084409502,-9.950925291347862e-11,8.425569409514091e-10,NAVIGATING,door_blue_1503d1
1789540126.264166,8.047100000016718,-0.6785673595567213,1.1423277253724875,-8.702291445183292e-11,8.849761184401043e-10,NAVIGATING,door_blue_1503d1
1789540126.6153193,8.043361942972247,-0.6785673408338682,1.090442180081561,-6.87573458371885e-11,8.990714272368652e-10,NAVIGATING,door_blue_1503d1
1789540126.9641755,8.040098598614962,-0.6785673194173991,1.0356520080659115,-4.95731686402004e-11,9.222529672556847e-10,NAVIGATING,door_blue_1503d1
1789540127.3138638,8.038167388342101,-0.6785673024763278,0.9948318118041333,-3.825144905018536e-11,9.345758496281604e-10,NAVIGATING,door_blue_1503d1
1789540127.6640005,8.036585469864718,-0.6785672832534453,0.950155131572082,-2.92306451722815e-11,9.409240252285702e-10,NAVIGATING,door_blue_1503d1
1789540128.0136957,8.035774428150866,-0.6785672680972855,0.9158189498017665,-2.4103733326966507e-11,9.443227542602816e-10,NAVIGATING,door_blue_1503d1
1789540128.3647828,8.03535484553558,-0.6785672536639985,0.8836767349978301,-2.0379401377971542e-11,9.482808867325915e-10,NAVIGATING,door_blue_1503d1
1789540128.7139149,8.035266672808605,-0.6785292319149732,0.8473030417481457,1.1865180101634043e-12,9.471062171158356e-10,NAVIGATING,door_blue_1503d1
1789540129.0647693,8.035266637394718,-0.6782002857558956,0.8169013003301057,4.543707565957252e-12,9.665627990977311e-10,NAVIGATING,door_blue_1503d1
1789540129.414177,8.035266566276126,-0.6780114128712523,0.7848675723617154,-2.139241173278658e-11,1.0217594088445985e-09,NAVIGATING,door_blue_1503d1
1789540129.7715406,8.041842393208842,-0.6715294537081208,0.751905935997992,-6.0101072578292025e-12,-1.617220087507903e-09,NAVIGATING,door_blue_1503d1
1789540130.11412,8.070483320447767,-0.6455658723051176,0.7140707165122079,-8.915076020639792e-11,-2.206184970462999e-09,NAVIGATING,door_blue_1503d1
1789540130.464058,8.103007137428536,-0.6181037079616638,0.6840804683962829,-9.976886872347922e-11,1.06817260943736e-10,NAVIGATING,door_blue_1503d1
1789540130.813944,8.13364162318727,-0.5929656117052223,0.6450118796674835,-1.2789798527481043e-09,-5.23313022486247e-07,NAVIGATING,door_blue_1503d1
1789540131.1652482,8.167314401899164,-0.5676251220140853,0.6121958455760588,-3.1997040908803896e-10,-9.44237938828976e-08,NAVIGATING,door_blue_1503d1
1789540131.5213208,8.202500702168338,-0.5425535349424289,0.5780489361540329,-1.3561690161143124e-10,-1.651344771292444e-08,NAVIGATING,door_blue_1503d1
1789540131.8639784,8.243014852878098,-0.5149137291046014,0.5335329145711755,3.371682909975974e-09,-9.979970530759858e-06,NAVIGATING,door_blue_1503d1
1789540132.2138715,8.273356336514778,-0.49506402349761114,0.4842463049702117,2.577217389836873e-10,-1.7873498041167877e-06,NAVIGATING,door_blue_1503d1
1789540132.563863,8.311322079105954,-0.4731027773318635,0.44141331939315337,-1.0112897698228213e-10,-3.233774499668147e-07,NAVIGATING,door_blue_1503d1
1789540132.9136674,8.358001181548603,-0.4481155261257925,0.38612471289537176,-1.3408571013851692e-10,-4.0934913795457784e-08,NAVIGATING,door_blue_1503d1
1789540133.2640116,8.396721004468223,-0.42870006180713405,0.3350679566327482,-1.1671178377772372e-06,-6.215133830672903e-06,NAVIGATING,door_blue_1503d1
1789540133.6160643,8.42747727929405,-0.4159690891916364,0.284192842645704,-1.4129497724104638e-07,-2.3729911361422207e-06,NAVIGATING,door_blue_1503d1
1789540133.9636774,8.436852508573004,-0.40821723387496367,0.23410034375897176,-1.8026509372063962e-08,-4.821399710817785e-07,NAVIGATING,door_blue_1503d1
1789540134.3140926,8.462509552870939,-0.39493413075948564,0.16300424245435988,2.9570710727133452e-08,-3.889810690681565e-05,NAVIGATING,door_blue_1503d1
1789540134.6638007,8.479620446646056,-0.38335830535482346,0.08471034728708529,3.105129729379397e-09,-1.1427095418996884e-06,NAVIGATING,door_blue_1503d1
1789540135.0151157,8.516367838545046,-0.36967089257225155,-0.01158275048288007,3.684808655019272e-10,-2.0799695744557126e-07,NAVIGATING,door_blue_1503d1
1789540135.3639283,8.567180045750776,-0.3569293775897181,-0.14334023974507348,-4.085325348760536e-10,-2.602799944393861e-08,NAVIGATING,door_blue_1503d1
1789540135.714194,8.608870663905334,-0.3542944776380173,-0.23527504271394295,2.6960766843677715e-09,-1.1855091035152131e-05,NAVIGATING,door_blue_1503d1
1789540136.0643563,8.640034637842204,-0.35511603628721117,-0.309671726286433,-6.389067756845337e-10,-2.1473575784181535e-06,NAVIGATING,door_blue_1503d1
1789540136.416863,8.679714629923847,-0.3632335166988247,-0.3736109766788084,-4.817538603507979e-10,-3.885457250395303e-07,NAVIGATING,door_blue_1503d1
1789540136.763759,8.726585591868535,-0.3782207762472568,-0.43543037618380925,-2.9223058760362615e-10,-4.93408737778768e-08,NAVIGATING,door_blue_1503d1
1789540137.115788,8.772236912620457,-0.39722342226207263,-0.4883044158891778,-2.1774390413414274e-10,-5.496626947699529e-09,NAVIGATING,door_blue_1503d1
1789540137.4638264,8.8019883307639,-0.41164441077952846,-0.5220686295968763,-1.9533764331011005e-10,-6.449186681536034e-10,NAVIGATING,door_blue_1503d1
1789540137.8139503,8.845561446520401,-0.43574051235798406,-0.5702015579156943,-1.7811999250599891e-10,7.517407812377476e-10,NAVIGATING,door_blue_1503d1
1789540138.164415,8.880898145951143,-0.45792337108533004,-0.6076065116136067,-1.638931841294014e-10,8.959258065892542e-10,NAVIGATING,door_blue_1503d1
1789540138.5152426,8.922144777943755,-0.4868073105460924,-0.6493562189710214,-1.489969276382019e-10,9.331913167054908e-10,NAVIGATING,door_blue_1503d1
1789540138.8676784,8.95991936019847,-0.516062655779579,-0.6880310734207571,4.710944935387692e-10,-5.604107849307125e-06,NAVIGATING,door_blue_1503d1
1789540139.2138727,8.987600669886959,-0.5394238855015469,-0.7168088845736102,-1.3084639505500323e-10,-1.014165508524867e-06,NAVIGATING,door_blue_1503d1
1789540139.5638945,9.012855899399032,-0.561794285180487,-0.7443918038384267,-2.766908583911292e-11,-2.032856497408052e-06,NAVIGATING,door_blue_1503d1
1789540139.9138334,9.034410461694643,-0.5819176888436838,-0.7727432358192994,-9.906866648691223e-11,-1.2839641795051722e-06,NAVIGATING,door_blue_1503d1
1789540140.2654395,9.049343507104728,-0.5962191702582841,-0.8004625532444783,2.3112031167710572e-05,-0.0006961851434486653,NAVIGATING,door_blue_1503d1
1789540140.61415,9.059562122216853,-0.6069930771363647,-0.8185858124750562,2.967994516041199e-06,-7.671860237383425e-06,NAVIGATING,door_blue_1503d1
1789540140.9640176,9.068207600295958,-0.6162637954756572,-0.8330116713311755,5.374634447312855e-07,-1.3889889886212695e-06,NAVIGATING,door_blue_1503d1
1789540141.3145251,9.0767169393094,-0.6256525469287207,-0.8472469078929451,9.731714427081817e-08,-2.50896338339203e-07,NAVIGATING,door_blue_1503d1
1789540141.6639128,9.08509099566998,-0.6352279899772566,-0.8612930974837407,1.760740095890076e-08,-4.4662570287905985e-08,NAVIGATING,door_blue_1503d1
1789540142.014106,9.095010326255755,-0.6469186952593033,-0.8781385523333749,2.2559194163713383e-09,-4.865958271607576e-09,NAVIGATING,door_blue_1503d1
1789540142.36407,9.103199554188684,-0.6567874736318884,-0.8923296878673622,4.0000825114398805e-10,-6.830696356498553e-11,NAVIGATING,door_blue_1503d1
1789540142.7152655,9.11131607959134,-0.6667703637556822,-0.9066610895254384,6.353795441403958e-11,7.824049986693018e-10,NAVIGATING,door_blue_1503d1
1789540143.0637496,9.12079048562923,-0.6785106856968034,-0.9245511800524608,-2.1921329073869727e-08,0.00037652008759805834,NAVIGATING,door_blue_1503d1
1789540143.4138637,9.121640146409693,-0.6783011350649569,-0.9517112454119628,2.1491109610151388e-06,9.522822554281682e-08,NAVIGATING,door_blue_1503d1
1789540143.7657132,9.122537249220558,-0.6783109439635544,-0.9784867791195676,3.892636511687652e-07,1.8181826814291393e-08,NAVIGATING,door_blue_1503d1
1789540144.11374,9.124498743747502,-0.6795180755932532,-1.007434146836023,5.0096814345319466e-08,1.3722391075648007e-09,NAVIGATING,door_blue_1503d1
1789540144.463973,9.13183211599024,-0.6901541442307889,-1.0228920840606819,9.064934795111471e-09,5.261306110147018e-10,NAVIGATING,door_blue_1503d1
1789540144.8143215,9.140650681529712,-0.703287920410796,-1.041640838895437,1.1534408646348599e-09,8.880961550847139e-10,NAVIGATING,door_blue_1503d1
1789540145.163922,9.149322996236988,-0.7165673385863525,-1.0606094796288241,1.372885960681664e-10,1.068930778780764e-09,NAVIGATING,door_blue_1503d1
1789540145.5139632,9.156434255614249,-0.7277425468664028,-1.0765867351035472,1.5696362194339482e-11,1.0280964149011073e-09,NAVIGATING,door_blue_1503d1
1789540145.8641543,9.164824151965849,-0.7412807895034841,-1.0959662229298988,-8.146328897339195e-12,9.621188973365418e-10,NAVIGATING,door_blue_1503d1
1789540146.2138314,9.17169221884331,-0.7526669648369458,-1.1122903966864697,-1.1655431263750565e-11,9.61133418792859e-10,NAVIGATING,door_blue_1503d1
1789540146.5640879,9.179780708291819,-0.7664523755076637,-1.1320920239505614,-1.2455319873104252e-11,9.826421575853282e-10,NAVIGATING,door_blue_1503d1
1789540146.9139066,9.185242008416353,-0.7747115160606989,-1.15297218648672,-7.134760838332923e-06,7.363152324976794e-06,NAVIGATING,door_blue_1503d1
1789540147.2658541,9.188281298340693,-0.7747108604313742,-1.189369034546701,-9.180584071429033e-07,9.488994305859074e-07,NAVIGATING,door_blue_1503d1
1789540147.6209376,9.190490511165127,-0.7747107687274586,-1.2140711811279528,-2.3397543726054082e-07,2.426556522956175e-07,NAVIGATING,door_blue_1503d1
1789540147.9653823,9.194076390026385,-0.7747107203329284,-1.2518022208992785,-3.008946581382404e-08,3.20012787546907e-08,NAVIGATING,door_blue_1503d1
1789540148.3143253,9.197986164163186,-0.7747106919364102,-1.2903757568364738,-3.858466567413013e-09,4.948596872515832e-09,NAVIGATING,door_blue_1503d1
1789540148.6644032,9.201489137544488,-0.7747106698917751,-1.3231905588732278,-6.85389575712909e-10,1.7183934317011847e-09,NAVIGATING,door_blue_1503d1
1789540149.0140426,9.206610614364468,-0.7846326149499663,-1.3483763880049757,-1.3038432193889032e-10,5.496047786954451e-12,NAVIGATING,door_blue_1503d1
1789540149.3642676,9.211456230526837,-0.7970941948340262,-1.3673049026799304,-3.4246579535385653e-11,6.591295633251979e-10,NAVIGATING,door_blue_1503d1
1789540149.7156098,9.216012434600636,-0.8089869457898629,-1.3866715681834962,1.3730488868211853e-05,0.00041756389494673,NAVIGATING,door_blue_1503d1
1789540150.0640702,9.218488979542467,-0.8085193156751616,-1.408969907102567,6.984279858127511e-08,-1.9041380728786766e-06,NAVIGATING,door_blue_1503d1
1789540150.416895,9.221354019277445,-0.8085195972964672,-1.432729226298858,8.968517079488726e-09,-2.442069459029343e-07,NAVIGATING,door_blue_1503d1
1789540150.7640803,9.222508765068266,-0.8085196681919218,-1.4421714568532735,3.800820213838318e-09,-1.0765588608587496e-07,NAVIGATING,door_blue_1503d1
1789540151.1141047,9.222508765068266,-0.8085196681919218,-1.4421714568532735,3.800820213838318e-09,-1.0765588608587496e-07,NAVIGATING,door_blue_1503d1
1789540151.4642572,9.222508765068266,-0.8085196681919218,-1.4421714568532735,3.800820213838318e-09,-1.0765588608587496e-07,NAVIGATING,door_blue_1503d1
1789540151.8142712,9.222508765068266,-0.8085196681919218,-1.4421714568532735,3.800820213838318e-09,-1.0765588608587496e-07,NAVIGATING,door_blue_1503d1
1789540152.1649854,9.222508765068266,-0.8085196681919218,-1.4421714568532735,3.800820213838318e-09,-1.0765588608587496e-07,NAVIGATING,door_blue_1503d1
1789540152.5141265,9.222508765068266,-0.8085196681919218,-1.4421714568532735,3.800820213838318e-09,-1.0765588608587496e-07,NAVIGATING,door_blue_1503d1
1789540152.8639634,9.222508765068266,-0.8085196681919218,-1.4421714568532735,3.800820213838318e-09,-1.0765588608587496e-07,NAVIGATING,door_blue_1503d1
1789540153.2140386,9.222508765068266,-0.8085196681919218,-1.4421714568532735,3.800820213838318e-09,-1.0765588608587496e-07,NAVIGATING,door_blue_1503d1
1789540153.564489,9.222508765068266,-0.8085196681919218,-1.4421714568532735,3.800820213838318e-09,-1.0765588608587496e-07,NAVIGATING,door_blue_1503d1
1789540153.9139605,9.222508765068266,-0.8085196681919218,-1.4421714568532735,3.800820213838318e-09,-1.0765588608587496e-07,NAVIGATING,door_blue_1503d1
1789540154.2638695,9.222508765068266,-0.8085196681919218,-1.4421714568532735,3.800820213838318e-09,-1.0765588608587496e-07,NAVIGATING,door_blue_1503d1
1789540154.6169772,9.222508765068266,-0.8085196681919218,-1.4421714568532735,3.800820213838318e-09,-1.0765588608587496e-07,NAVIGATING,door_blue_1503d1
1789540154.963853,9.222508765068266,-0.8085196681919218,-1.4421714568532735,3.800820213838318e-09,-1.0765588608587496e-07,NAVIGATING,door_blue_1503d1
1789540155.3138785,9.222508765068266,-0.8085196681919218,-1.4421714568532735,3.800820213838318e-09,-1.0765588608587496e-07,NAVIGATING,door_blue_1503d1
1789540155.6640453,9.222508765068266,-0.8085196681919218,-1.4421714568532735,3.800820213838318e-09,-1.0765588608587496e-07,NAVIGATING,door_blue_1503d1
1789540156.014201,9.222508765068266,-0.8085196681919218,-1.4421714568532735,3.800820213838318e-09,-1.0765588608587496e-07,NAVIGATING,door_blue_1503d1
1789540156.3668401,9.222508765068266,-0.8085196681919218,-1.4421714568532735,3.800820213838318e-09,-1.0765588608587496e-07,OPENING_DOOR,door_blue_1503d1
1789540156.7138715,9.222508765068266,-0.8085196681919218,-1.4421714568532735,3.800820213838318e-09,-1.0765588608587496e-07,OPENING_DOOR,door_blue_1503d1
1789540157.0643754,9.222508765068266,-0.8085196681919218,-1.4421714568532735,3.800820213838318e-09,-1.0765588608587496e-07,OPENING_DOOR,door_blue_1503d1
1789540157.4169858,9.222508765068266,-0.8085196681919218,-1.4421714568532735,3.800820213838318e-09,-1.0765588608587496e-07,OPENING_DOOR,door_blue_1503d1
1789540157.764137,9.222508765068266,-0.8085196681919218,-1.4421714568532735,3.800820213838318e-09,-1.0765588608587496e-07,OPENING_DOOR,door_blue_1503d1
1789540158.1140685,9.222508765068266,-0.8085196681919218,-1.4421714568532735,3.800820213838318e-09,-1.0765588608587496e-07,OPENING_DOOR,door_blue_1503d1
1789540158.4639156,9.222509624365035,-0.8085262971653986,-1.4421714565460855,-2.1019552596696153e-10,3.5102185254937317e-05,OPENING_DOOR,door_blue_1503d1
1789540158.8157494,9.22250895453933,-0.8085211149276632,-1.4421714565498733,-1.198653415654554e-10,7.618768884016556e-06,OPENING_DOOR,door_blue_1503d1
1789540159.1640227,9.222508823927484,-0.8085201060464301,-1.44217145655679,9.175982594171505e-11,2.261129310992592e-06,OPENING_DOOR,door_blue_1503d1
1789540159.5170279,9.222508823927484,-0.8085201060464301,-1.44217145655679,9.175982594171505e-11,2.261129310992592e-06,OPENING_DOOR,door_blue_1503d1
1789540159.864134,9.222508823927484,-0.8085201060464301,-1.44217145655679,9.175982594171505e-11,2.261129310992592e-06,OPENING_DOOR,door_blue_1503d1
1789540160.2144563,9.222508823927484,-0.8085201060464301,-1.44217145655679,9.175982594171505e-11,2.261129310992592e-06,OPENING_DOOR,door_blue_1503d1
1789540160.5645046,9.222508823927484,-0.8085201060464301,-1.44217145655679,9.175982594171505e-11,2.261129310992592e-06,OPENING_DOOR,door_blue_1503d1
1789540160.9143767,9.22250900158751,-0.8085214862195879,-1.442171456300656,2.5322420199456223e-10,9.550232372012923e-06,OPENING_DOOR,door_blue_1503d1
1789540161.2640755,9.222508871012764,-0.8085204763985024,-1.4421714562871772,2.526917516895791e-10,4.192510407245477e-06,OPENING_DOOR,door_blue_1503d1
1789540161.61378,9.222508946195145,-0.8085210583847374,-1.4421714561550694,3.5035389813380944e-10,7.278729058565308e-06,OPENING_DOOR,door_blue_1503d1
1789540161.9652674,9.222508669046752,-0.8085189173036117,-1.4421714561565242,3.523839835350356e-10,-4.093292137915283e-06,OPENING_DOOR,door_blue_1503d1
1789540162.31431,9.222508734198254,-0.8085194210187849,-1.4421714561645953,3.131740767554307e-10,-1.4203091151065202e-06,OPENING_DOOR,door_blue_1503d1
1789540162.664059,9.222508734198254,-0.8085194210187849,-1.4421714561645953,3.131740767554307e-10,-1.4203091151065202e-06,OPENING_DOOR,door_blue_1503d1
1789540163.0148458,9.222508734198254,-0.8085194210187849,-1.4421714561645953,3.131740767554307e-10,-1.4203091151065202e-06,OPENING_DOOR,door_blue_1503d1
1789540163.3640764,9.222508734198254,-0.8085194210187849,-1.4421714561645953,3.131740767554307e-10,-1.4203091151065202e-06,OPENING_DOOR,door_blue_1503d1
1789540163.714299,9.222508734198254,-0.8085194210187849,-1.4421714561645953,3.131740767554307e-10,-1.4203091151065202e-06,OPENING_DOOR,door_blue_1503d1
1789540164.063936,9.222508734198254,-0.8085194210187849,-1.4421714561645953,3.131740767554307e-10,-1.4203091151065202e-06,OPENING_DOOR,door_blue_1503d1
1789540164.4140575,9.222508734198254,-0.8085194210187849,-1.4421714561645953,3.131740767554307e-10,-1.4203091151065202e-06,OPENING_DOOR,door_blue_1503d1
1789540164.7643998,9.222508734198254,-0.8085194210187849,-1.4421714561645953,3.131740767554307e-10,-1.4203091151065202e-06,OPENING_DOOR,door_blue_1503d1
1789540165.1165247,9.222508734198254,-0.8085194210187849,-1.4421714561645953,3.131740767554307e-10,-1.4203091151065202e-06,OPENING_DOOR,door_blue_1503d1
1789540165.4636064,9.222508734198254,-0.8085194210187849,-1.4421714561645953,3.131740767554307e-10,-1.4203091151065202e-06,OPENING_DOOR,door_blue_1503d1
1789540165.814772,9.222508734198254,-0.8085194210187849,-1.4421714561645953,3.131740767554307e-10,-1.4203091151065202e-06,OPENING_DOOR,door_blue_1503d1
1789540166.1648052,9.222508734198254,-0.8085194210187849,-1.4421714561645953,3.131740767554307e-10,-1.4203091151065202e-06,OPENING_DOOR,door_blue_1503d1
1789540166.5150833,9.222508734198254,-0.8085194210187849,-1.4421714561645953,3.131740767554307e-10,-1.4203091151065202e-06,OPENING_DOOR,door_blue_1503d1
1789540166.864085,9.222508734198254,-0.8085194210187849,-1.4421714561645953,3.131740767554307e-10,-1.4203091151065202e-06,OPENING_DOOR,door_blue_1503d1
1789540167.2145855,9.222508734198254,-0.8085194210187849,-1.4421714561645953,3.131740767554307e-10,-1.4203091151065202e-06,OPENING_DOOR,door_blue_1503d1
1789540167.564045,9.222508734198254,-0.8085194210187849,-1.4421714561645953,3.131740767554307e-10,-1.4203091151065202e-06,OPENING_DOOR,door_blue_1503d1
1789540167.9140196,9.222508734198254,-0.8085194210187849,-1.4421714561645953,3.131740767554307e-10,-1.4203091151065202e-06,OPENING_DOOR,door_blue_1503d1
1789540168.2642875,9.222508734198254,-0.8085194210187849,-1.4421714561645953,3.131740767554307e-10,-1.4203091151065202e-06,OPENING_DOOR,door_blue_1503d1
1789540168.6169758,9.222508842551376,-0.8085202648285773,-1.4421714562804455,9.54024467543453e-10,3.0358748006309304e-06,OPENING_DOOR,door_blue_1503d1
1789540168.9639401,9.22250880836675,-0.8085200017139088,-1.4421714568022252,8.135846789906321e-10,1.6326710881839938e-06,OPENING_DOOR,door_blue_1503d1
1789540169.31398,9.222508774271299,-0.8085197400816745,-1.4421714572440165,1.7336202756346305e-10,2.28965794963476e-07,OPENING_DOOR,door_blue_1503d1
1789540169.6639516,9.222508774271299,-0.8085197400816745,-1.4421714572440165,1.7336202756346305e-10,2.28965794963476e-07,OPENING_DOOR,door_blue_1503d1
1789540170.013819,9.222508774271299,-0.8085197400816745,-1.4421714572440165,1.7336202756346305e-10,2.28965794963476e-07,OPENING_DOOR,door_blue_1503d1
1789540170.363847,9.222508774271299,-0.8085197400816745,-1.4421714572440165,1.7336202756346305e-10,2.28965794963476e-07,OPENING_DOOR,door_blue_1503d1
1789540170.7140996,9.222508774271299,-0.8085197400816745,-1.4421714572440165,1.7336202756346305e-10,2.28965794963476e-07,OPENING_DOOR,door_blue_1503d1
1789540171.0641549,9.222508774271299,-0.8085197400816745,-1.4421714572440165,1.7336202756346305e-10,2.28965794963476e-07,OPENING_DOOR,door_blue_1503d1
1789540171.4169328,9.222449091324224,-0.808158798062954,-1.442171442668497,5.030292022398143e-12,0.00018296685445491796,OPENING_DOOR,door_blue_1503d1
1789540171.7641304,9.221354305135808,-0.7996943220623702,-1.4421714425222065,-1.3028598731001372e-11,-1.1241680677639971e-06,OPENING_DOOR,door_blue_1503d1
1789540172.1167028,9.220045969835411,-0.7895787664685805,-1.4421714425254335,6.535278616680209e-12,-1.4397977528217743e-07,OPENING_DOOR,door_blue_1503d1
1789540172.4639704,9.218737613729672,-0.7794630500578614,-1.4421714425248988,-1.5999827228494358e-12,-1.7760889468427216e-08,OPENING_DOOR,door_blue_1503d1
1789540172.8140926,9.2180418747437,-0.7740838490883309,-1.4421714425308936,-7.182588589689449e-13,-5.633302388579815e-09,DOOR_OPENED,door_blue_1503d1
1789540173.1641574,9.2180418747437,-0.7740838490883309,-1.4421714425308936,-7.182588589689449e-13,-5.633302388579815e-09,DOOR_OPENED,door_blue_1503d1
1789540173.5140903,9.2180418747437,-0.7740838490883309,-1.4421714425308936,-7.182588589689449e-13,-5.633302388579815e-09,EXPLORING,door_blue_1503d1
1789540173.864414,9.2180418747437,-0.7740838490883309,-1.4421714425308936,-7.182588589689449e-13,-5.633302388579815e-09,EXPLORING,door_blue_1503d1
1789540174.2140257,9.2180418747437,-0.7740838490883309,-1.4421714425308936,-7.182588589689449e-13,-5.633302388579815e-09,EXPLORING,door_blue_1503d1
1789540174.5643034,9.211873951563874,-0.7740870712000562,-1.3800307438767578,-2.716262790345794e-10,1.057118646190513e-09,EXPLORING,door_blue_1503d1
1789540174.9138563,9.204343748325238,-0.7740870933412176,-1.3128682599180397,6.827509178170562e-12,9.754142802198552e-10,EXPLORING,door_blue_1503d1
1789540175.2643473,9.196473533736963,-0.7740871196451218,-1.2355740672453865,6.858841643990828e-11,9.307122915912012e-10,EXPLORING,door_blue_1503d1
1789540175.614035,9.190906886541038,-0.7740871395625055,-1.1737076101794994,6.06269550392184e-11,9.178638282138315e-10,EXPLORING,door_blue_1503d1
1789540175.9640143,9.185430632161792,-0.7740871626972584,-1.1023183176035298,6.729843166993326e-11,9.093073503638476e-10,EXPLORING,door_blue_1503d1
1789540176.3140707,9.181872748017167,-0.7740871807508053,-1.0450768472475145,6.42155385232755e-11,9.012243612496682e-10,EXPLORING,door_blue_1503d1
1789540176.6645565,9.178804772303979,-0.774087200842045,-0.9789596137133849,6.032381573278353e-11,8.905725086314523e-10,EXPLORING,door_blue_1503d1
1789540177.014586,9.177239496219094,-0.7740872163535935,-0.9259266590758696,5.8027368526771554e-11,8.824891649617582e-10,EXPLORING,door_blue_1503d1
1789540177.3641415,9.176562290172326,-0.7740872307078265,-0.8747130990901472,5.456409881041231e-11,8.760250667161251e-10,EXPLORING,door_blue_1503d1
1789540177.7148001,9.176529698683956,-0.7744890918490693,-0.8138105619977174,-1.4634303998149476e-12,9.05270328138259e-10,EXPLORING,door_blue_1503d1
1789540178.063998,9.176419178228077,-0.774643200756762,-0.7610141660852885,-1.3161432501832521e-11,1.0552396242212132e-09,EXPLORING,door_blue_1503d1
1789540178.414395,9.175973916681514,-0.774643236070508,-0.709950118166337,2.4322297007652042e-11,9.33933683815787e-10,EXPLORING,door_blue_1503d1
1789540178.7641013,9.175973867514184,-0.775071943969,-0.659242915562457,-3.772683889198166e-11,8.832509662855719e-10,EXPLORING,door_blue_1503d1
1789540179.1139965,9.175973849211465,-0.7767541368104715,-0.5960065214627724,-5.659403833177886e-11,8.681659585582241e-10,EXPLORING,door_blue_1503d1
1789540179.464044,9.175973832799324,-0.779144534583329,-0.5412592192710624,-5.857910585006481e-11,8.793648650616129e-10,EXPLORING,door_blue_1503d1
1789540179.8140056,9.175973815251986,-0.7824435949478344,-0.48457962147444544,-6.152870019205143e-11,8.935083660325254e-10,EXPLORING,door_blue_1503d1
1789540180.1639285,9.175973792771789,-0.7876084568888746,-0.4138998150624977,-6.430774472841098e-11,9.053708772058298e-10,EXPLORING,door_blue_1503d1
1789540180.5138988,9.17597376889252,-0.794087482164391,-0.34014705396174794,-6.562197850816978e-11,9.160280799463112e-10,EXPLORING,door_blue_1503d1
1789540180.868749,9.1759737522637,-0.7991308439635821,-0.2891621970657118,-6.602843514608918e-11,9.249205493201782e-10,EXPLORING,door_blue_1503d1
1789540181.2140996,9.175973726403615,-0.8077628186620837,-0.20975093991952784,-6.539049193101745e-11,9.405694117115664e-10,EXPLORING,door_blue_1503d1
1789540181.5645335,9.175973704174886,-0.8159078622635492,-0.14065490943434666,-6.363991302988772e-11,9.542141198680842e-10,EXPLORING,door_blue_1503d1
1789540181.914102,9.17597367696319,-0.82677160954738,-0.05382659127557262,-5.963017878514199e-11,9.702809256749643e-10,EXPLORING,door_blue_1503d1
1789540182.2639217,9.175973667099024,-0.836615982209983,0.021923127421522897,-1.664967396480065e-11,9.820894669091933e-10,EXPLORING,door_blue_1503d1
1789540182.6156917,9.175973690526035,-0.8460885980398214,0.09599506309155154,4.7106134266496084e-11,9.78430190637978e-10,EXPLORING,door_blue_1503d1
1789540182.963834,9.175973718127489,-0.8563955810003535,0.1807445884396741,6.169235798299657e-11,9.639287973247718e-10,EXPLORING,door_blue_1503d1
1789540183.3141034,9.175973740375849,-0.8640524341507618,0.24829135445409894,6.435941204447101e-11,9.50276412089349e-10,EXPLORING,door_blue_1503d1
1789540183.6639028,9.175973766127315,-0.8720789368644986,0.3260079191080734,6.67947272837693e-11,9.343665775305873e-10,EXPLORING,door_blue_1503d1
1789540184.0139492,9.175973786585562,-0.8777779934790247,0.38820117035194557,6.653246465574714e-11,9.22286100866204e-10,EXPLORING,door_blue_1503d1
1789540184.3643339,9.17597380605027,-0.8825662930220516,0.44820935508837717,6.565547201206444e-11,9.110891330029375e-10,EXPLORING,door_blue_1503d1
1789540184.7151155,9.175973827999075,-0.8871054006530434,0.5174922725653691,6.380600563373088e-11,8.988159742889136e-10,EXPLORING,door_blue_1503d1
1789540185.0643773,9.175973845059133,-0.8898850454615593,0.573060473945954,6.15161451352224e-11,8.900156141163279e-10,EXPLORING,door_blue_1503d1
1789540185.414024,9.175973860981266,-0.8917605865823681,0.6267345905996838,5.892969548458306e-11,8.823372504035375e-10,EXPLORING,door_blue_1503d1
1789540185.7638643,9.17597387857551,-0.8928339901711652,0.6887234563154901,5.53231225745398e-11,8.750017050952306e-10,EXPLORING,door_blue_1503d1
1789540186.114097,9.176144759765688,-0.8929106111238422,0.7391186507061853,-9.208994369143915e-12,8.523633987915508e-10,EXPLORING,door_blue_1503d1
1789540186.464466,9.176529842720047,-0.8929173196193297,0.7915497395428013,2.106697928660625e-11,1.021511950175018e-09,EXPLORING,door_blue_1503d1
1789540186.814018,9.176529879483367,-0.8934026611240643,0.8434581281632854,6.939013282548712e-12,9.851463627027626e-10,EXPLORING,door_blue_1503d1
1789540187.1638796,9.176841366034035,-0.8934664516242538,0.9040445205075711,-3.2024425758897756e-11,8.908249348549118e-10,EXPLORING,door_blue_1503d1
1789540187.5140579,9.178023938189234,-0.8934664665984353,0.9562910710118533,-5.3965358491428924e-11,8.716123053122848e-10,EXPLORING,door_blue_1503d1
1789540187.8639905,9.180101975139028,-0.8934664826319723,1.0103857619476775,-5.7697812560566674e-11,8.787800297390899e-10,EXPLORING,door_blue_1503d1
1789540188.214714,9.18379211372975,-0.8934665033490129,1.0778246731840406,-6.10372752668424e-11,8.965596241398353e-10,EXPLORING,door_blue_1503d1
1789540188.5643156,9.187871335036823,-0.8934665218404254,1.136217199444912,-6.400848897863803e-11,9.072393415209536e-10,EXPLORING,door_blue_1503d1
1789540188.9169252,9.193972361721256,-0.8934665453545961,1.2090635696850969,-6.588469045046208e-11,9.169894922958114e-10,EXPLORING,door_blue_1503d1
1789540189.263888,9.200054986583298,-0.8934665659664519,1.2722238807560704,-6.673407950704266e-11,9.266589860929991e-10,EXPLORING,door_blue_1503d1
1789540189.6157973,9.207031762469615,-0.893466587390392,1.337779202012518,-6.659713612148089e-11,9.38245926101551e-10,EXPLORING,door_blue_1503d1
1789540189.9640148,9.214881515409285,-0.8934666094833805,1.4059245924645358,-6.530397413271726e-11,9.504746134796142e-10,EXPLORING,door_blue_1503d1
1789540190.314093,9.225409042596521,-0.893466636625421,1.4914741995642733,-6.194938182647317e-11,9.651016629124017e-10,EXPLORING,door_blue_1503d1
1789540190.6639967,9.23382525309049,-0.8931820508993424,1.556844679206036,3.8935465370740566e-09,8.933948568570637e-11,EXPLORING,door_blue_1503d1
1789540191.0142007,9.234369685738232,-0.8746736352630767,1.5592517161977535,7.537445865454033e-10,-2.621259190533006e-09,EXPLORING,door_blue_1503d1
1789540191.3640265,9.235001035123,-0.8440753009148981,1.5616624036392441,1.2158852042065517e-10,-1.39165622831806e-10,EXPLORING,door_blue_1503d1
1789540191.714051,9.23558859931129,-0.8073564544942592,1.5639700970883574,3.3615590086242144e-11,9.11643982500247e-10,EXPLORING,door_blue_1503d1
1789540192.0640602,9.235906244972485,-0.7767570974078086,1.5649115687102555,1.2685531192649921e-11,1.1202103662776992e-09,EXPLORING,door_blue_1503d1
1789540192.4144008,9.236195181323522,-0.7461575707313493,1.56585357774593,1.0017281118348823e-12,1.0241777021669549e-09,EXPLORING,door_blue_1503d1
1789540192.7640297,9.236473530605391,-0.709437962337356,1.5667326963893367,4.868266720127905e-12,9.203694317572399e-10,EXPLORING,door_blue_1503d1
1789540193.1139302,9.236662677104693,-0.6788382045157212,1.567293102472773,2.3855058746408894e-12,9.304489412668822e-10,EXPLORING,door_blue_1503d1
1789540193.4641097,9.23683470857221,-0.6482383813200767,1.5678536859407257,1.431040052178496e-12,9.624509498331337e-10,EXPLORING,door_blue_1503d1
1789540193.8174667,9.236971376525526,-0.6176384958408175,1.5682625477810372,2.5357942227124995e-12,9.721033744647705e-10,EXPLORING,door_blue_1503d1
1789540194.1639104,9.237111366288413,-0.5809185954583637,1.5686794177335384,1.2530289647769752e-12,9.626282099349448e-10,EXPLORING,door_blue_1503d1
1789540194.5147495,9.23721633658506,-0.5503186534588487,1.5690268089967145,1.150097339398036e-12,9.57034234516225e-10,EXPLORING,door_blue_1503d1
1789540194.863982,9.237311080274887,-0.5135987026700082,1.5692917935229165,1.2840456356369605e-12,9.583402924669788e-10,EXPLORING,door_blue_1503d1
1789540195.2141185,9.23738222716111,-0.48299873257125103,1.5695087784707675,8.447375131242852e-13,9.608967871801328e-10,EXPLORING,door_blue_1503d1
1789540195.563913,9.237432374414743,-0.45721227119108476,1.569672945746427,-7.633287853722177e-11,0.0011657533603085305,EXPLORING,door_blue_1503d1
1789540195.9136684,9.23743212430699,-0.45743493069499513,1.5696729457541756,-1.2091370129789132e-11,-5.5751278807175925e-06,EXPLORING,door_blue_df7a1e_1
1789540196.2639787,9.237432125279133,-0.45743406675131326,1.5696729457542054,-2.1089863407748975e-12,-1.0294155076064437e-06,EXPLORING,door_blue_df7a1e_1
1789540196.6140397,9.237432125279133,-0.45743406675131326,1.5696729457542054,-2.1089863407748975e-12,-1.0294155076064437e-06,EXPLORING,door_blue_df7a1e_1
1789540196.9640098,9.237432125279133,-0.45743406675131326,1.5696729457542054,-2.1089863407748975e-12,-1.0294155076064437e-06,EXPLORING,door_blue_df7a1e_1
1789540197.313934,9.237432125279133,-0.45743406675131326,1.5696729457542054,-2.1089863407748975e-12,-1.0294155076064437e-06,EXPLORING,door_blue_df7a1e_1
1789540197.6640897,9.237432125279133,-0.45743406675131326,1.5696729457542054,-2.1089863407748975e-12,-1.0294155076064437e-06,EXPLORING,door_blue_df7a1e_1
1789540198.0139098,9.237432125279133,-0.45743406675131326,1.5696729457542054,-2.1089863407748975e-12,-1.0294155076064437e-06,EXPLORING,door_blue_df7a1e_1
1789540198.364107,9.237432125279133,-0.45743406675131326,1.5696729457542054,-2.1089863407748975e-12,-1.0294155076064437e-06,EXPLORING,door_blue_df7a1e_1
1789540198.716786,9.237432125279133,-0.45743406675131326,1.5696729457542054,-2.1089863407748975e-12,-1.0294155076064437e-06,EXPLORING_NAVIGATING,explore_waypoint_13.0_lat-65
1789540199.0639613,9.237432125279133,-0.45743406675131326,1.5696729457542054,-2.1089863407748975e-12,-1.0294155076064437e-06,EXPLORING_NAVIGATING,explore_waypoint_13.0_lat-65
1789540199.414177,9.237432125279133,-0.45743406675131326,1.5696729457542054,-2.1089863407748975e-12,-1.0294155076064437e-06,EXPLORING_NAVIGATING,explore_waypoint_13.0_lat-65
1789540199.7638936,9.237432125279133,-0.45743406675131326,1.5696729457542054,-2.1089863407748975e-12,-1.0294155076064437e-06,NAVIGATING,door_blue_df7a1e
1789540200.1141965,9.237432125279133,-0.45743406675131326,1.5696729457542054,-2.1089863407748975e-12,-1.0294155076064437e-06,NAVIGATING,door_blue_df7a1e
1789540200.464108,9.234978032430426,-0.45743391480487866,1.5498617947292064,2.947019585032405e-10,9.696070632661632e-10,NAVIGATING,door_blue_df7a1e
1789540200.814042,9.227906424189495,-0.45743391098772573,1.494521931396685,2.3785242423615574e-10,9.97097620021108e-10,NAVIGATING,door_blue_df7a1e
1789540201.1639547,9.216886509548596,-0.45733029436152683,1.404839857316843,4.414068551908144e-11,4.546805710985438e-10,NAVIGATING,door_blue_df7a1e
1789540201.5140817,9.210660208898288,-0.44463324162401213,1.3262167851501236,-1.2618724907724354e-10,-1.8416297899682212e-09,NAVIGATING,door_blue_df7a1e
1789540201.8639653,9.212315924311762,-0.4149296408450666,1.2599518795935771,-2.3648881430703386e-10,-2.5636313712744077e-09,NAVIGATING,door_blue_df7a1e
1789540202.2145696,9.22162602813818,-0.37497677914333666,1.212215613123023,-2.460110801701543e-10,-1.3782341124248338e-10,NAVIGATING,door_blue_df7a1e
1789540202.5678685,9.23149674054681,-0.34332412233706827,1.183548283555376,-3.2383890531503895e-10,5.820019638312609e-10,NAVIGATING,door_blue_df7a1e
1789540202.9138744,9.248944677672176,-0.2963548696550931,1.1542617876342038,-9.291514767076158e-11,1.1308927073805263e-09,NAVIGATING,door_blue_df7a1e
1789540203.264314,9.264929323929746,-0.2576871575162419,1.133077841021646,-1.0137411567443294e-10,9.995538018800425e-10,NAVIGATING,door_blue_df7a1e
1789540203.6151073,9.282129060528417,-0.21935584635672767,1.1174811855378817,-1.1013982576834614e-10,8.530947614865415e-10,NAVIGATING,door_blue_df7a1e
1789540203.9668193,9.300416859637162,-0.1812057261301946,1.1113060761857536,-3.8306031741532404e-11,9.016815272295462e-10,NAVIGATING,door_blue_df7a1e
1789540204.3142545,9.31917616037966,-0.14314844550129122,1.1090596370721306,-2.2085141112067235e-11,9.313068809724655e-10,NAVIGATING,door_blue_df7a1e
1789540204.663985,9.341696224809164,-0.09750696728806998,1.1056347165031586,-2.134613152692181e-12,9.903408487057084e-10,NAVIGATING,door_blue_df7a1e
1789540205.0141406,9.360713966554728,-0.05954474692603627,1.1043343873260494,-1.1906102134138606e-11,9.571247390184358e-10,NAVIGATING,door_blue_df7a1e
1789540205.3643627,9.379637334237179,-0.021622104842078,1.1005449409803483,-5.6554529585339366e-11,8.915418067183003e-10,NAVIGATING,door_blue_df7a1e
1789540205.7165072,9.395243046415576,0.008723285760197375,1.104476116380808,1.9277721527527902e-11,9.730231376660184e-10,NAVIGATING,door_blue_df7a1e
1789540206.0639877,9.4181727709991,0.05427795325199165,1.104476116378491,3.8893996483072974e-12,9.658216159427962e-10,NAVIGATING,door_blue_df7a1e
1789540206.4140224,9.437280874819848,0.09224017616802282,1.1044761163792622,2.81855278272414e-13,9.652957599767623e-10,NAVIGATING,door_blue_df7a1e
1789540206.7641592,9.45634216388338,0.13018568276053413,1.103321079832963,-3.561532174501093e-11,9.126479810281087e-10,NAVIGATING,door_blue_df7a1e
1789540207.1145313,9.475807168802264,0.16818402099473523,1.1094665658585627,1.051144031057432e-11,9.445412541313955e-10,NAVIGATING,door_blue_df7a1e
1789540207.4637651,9.498614911752188,0.2138574534827612,1.111130467885391,-6.384771107126535e-12,9.35608190326976e-10,NAVIGATING,door_blue_df7a1e
1789540207.8138826,9.517386385230457,0.25194766926297435,1.1099460535707206,2.1719310786083158e-11,1.0042574474855796e-09,NAVIGATING,door_blue_df7a1e
1789540208.1644776,9.536152224780635,0.28996928326164606,1.1067610491775008,-1.701052137011086e-11,9.524596123289036e-10,NAVIGATING,door_blue_df7a1e
1789540208.5147183,9.555173537670091,0.3279750677652106,1.106761049178274,-3.1082761314810978e-12,9.585127604237344e-10,NAVIGATING,door_blue_df7a1e
1789540208.8663223,9.574030743305535,0.3659695063938895,1.1040265914252752,5.104326538507907e-12,9.850536923475548e-10,NAVIGATING,door_blue_df7a1e
1789540209.2139082,9.59285132575526,0.40386465136480376,1.0979009637837542,-1.8176920455487897e-11,9.683951613426221e-10,NAVIGATING,door_blue_df7a1e
1789540209.56412,9.6120615887085,0.4416457991120396,1.0942229062054731,-5.3604606594837195e-11,8.924716118103959e-10,NAVIGATING,door_blue_df7a1e
1789540209.9139304,9.63088019575369,0.47874968351204017,1.0921769192577724,1.4392751810098278e-08,-7.687662554937455e-05,NAVIGATING,door_blue_df7a1e
1789540210.2656944,9.645750487477809,0.5091645321195463,1.0699408170700133,1.1507940548241415e-09,-1.056295746520616e-05,NAVIGATING,door_blue_df7a1e
1789540210.6139207,9.66174229340771,0.5395130506218294,1.0533076848184186,-2.557357592824793e-09,2.0477230226601073e-05,NAVIGATING,door_blue_df7a1e
1789540210.96397,9.677666935998944,0.5687807796452428,1.034573219283346,9.004150562084176e-09,-3.7889741037152576e-05,NAVIGATING,door_blue_df7a1e
1789540211.3138764,9.694088044496599,0.5988507988547148,1.0013876542023474,2.4530608714245548e-08,-2.03005567284088e-06,NAVIGATING,door_blue_df7a1e
1789540211.663854,9.708285951102926,0.6214386836560399,0.9912262382750304,4.3968046293698006e-09,-3.691262882305652e-07,NAVIGATING,door_blue_df7a1e
1789540212.0139697,9.724466475221758,0.6461838449261852,0.9869875237076768,-1.1007104561857032e-08,-1.3549193127645271e-05,NAVIGATING,door_blue_df7a1e
1789540212.3640087,9.741535721746946,0.672984311757482,0.9700409029761814,3.027622089172092e-06,-0.0001034918903295482,NAVIGATING,door_blue_df7a1e
1789540212.7137818,9.756607078093198,0.6953923864576155,0.9435274729271832,5.458338067627791e-07,-1.874635568686899e-05,NAVIGATING,door_blue_df7a1e
1789540213.0657003,9.768071138500225,0.7116487743351724,0.9339643235851813,9.588375311129999e-08,1.2404937882534945e-06,NAVIGATING,door_blue_df7a1e
1789540213.4139721,9.787108775561029,0.7375505345388914,0.9110524171603988,3.836497972126019e-09,-8.581966408752229e-05,NAVIGATING,door_blue_df7a1e
1789540213.7637384,9.793548516355887,0.7466552724175373,0.8963258312972915,2.4722642926114608e-08,-6.564472112472758e-05,NAVIGATING,door_blue_df7a1e
1789540214.1140025,9.799719995290616,0.75440841251461,0.8788648760342893,3.3855863361225122e-09,-1.189141913130823e-05,NAVIGATING,door_blue_df7a1e
1789540214.4638162,9.818739428416324,0.7767445170332538,0.8522098165819733,2.5625187470011027e-10,-2.156070216545434e-06,NAVIGATING,door_blue_df7a1e
1789540214.8150184,9.852879419069053,0.8147587481123031,0.8169962386004922,-1.0271397909656007e-10,-2.772465135831924e-07,NAVIGATING,door_blue_df7a1e
1789540215.1638005,9.8718383790448,0.8352660972074339,0.7936493942867017,4.257246558844584e-08,7.349652473982492e-06,NAVIGATING,door_blue_df7a1e
1789540215.5186121,9.896882746892544,0.8601262017355985,0.768974209713594,7.809603375692602e-09,1.3303331637353789e-06,NAVIGATING,door_blue_df7a1e
1789540215.86479,9.921335311494197,0.8834807855317185,0.7451239347549447,1.971557478738153e-09,3.395843621692652e-07,NAVIGATING,door_blue_df7a1e
1789540216.2138202,9.952759242170938,0.9118217682011803,0.7147990356753259,2.613289605553012e-10,6.209135518970974e-08,NAVIGATING,door_blue_df7a1e
1789540216.5640616,9.979677284748218,0.9350158432821278,0.6818175397900463,2.7556327320061093e-06,-8.218703848226499e-07,NAVIGATING,door_blue_df7a1e
1789540216.9139292,10.008082204117342,0.9577792038455607,0.652679654381272,4.989809720234328e-07,-1.503457012890302e-07,NAVIGATING,door_blue_df7a1e
1789540217.2650688,10.035628777627153,0.9788902685770154,0.6257125911758191,1.2709753431958587e-07,-3.817325147539913e-08,NAVIGATING,door_blue_df7a1e
1789540217.6141717,10.068214623420557,1.0031071991378764,0.5901990398631372,2.600659476157064e-08,-1.5784012533847217e-05,NAVIGATING,door_blue_df7a1e
1789540217.9637868,10.105277902122214,1.0286413871713407,0.5444155573684881,2.9715142952796855e-09,-2.463257654240268e-07,NAVIGATING,door_blue_df7a1e
1789540218.3165631,10.142047146415742,1.0520978584237513,0.5055199489636318,4.480949890490992e-10,-4.396796430840433e-08,NAVIGATING,door_blue_df7a1e
1789540218.6639488,10.18725078539315,1.0789674841112897,0.45600899725941946,-4.407230260768434e-11,-4.893928462346037e-09,NAVIGATING,door_blue_df7a1e
1789540219.0171149,10.211092108100903,1.093185068884455,0.4183845157216795,-5.083433628645542e-07,4.471044162735976e-06,NAVIGATING,door_blue_df7a1e
1789540219.3646479,10.249053626402969,1.1131229286889406,0.36900212217271977,-9.197195037898663e-08,8.099969025727221e-07,NAVIGATING,door_blue_df7a1e
1789540219.7138536,10.289071764386419,1.1323965706263,0.3161479359594623,-1.6719243306467595e-08,1.4732990358142406e-07,NAVIGATING,door_blue_df7a1e
1789540220.0639832,10.329816677637995,1.150434061405035,0.2583188921120227,-3.132550312207821e-09,2.7414210586735137e-08,NAVIGATING,door_blue_df7a1e
1789540220.4160638,10.379568576979409,1.1702618880858078,0.18128548939400108,-5.598498598447614e-10,4.400676591176685e-09,NAVIGATING,door_blue_df7a1e
1789540220.7690897,10.413162094947847,1.1822847371808487,0.12459823648419303,-2.297337782892572e-10,1.8425461453866787e-09,NAVIGATING,door_blue_df7a1e
1789540221.1141677,10.455475790879518,1.1951051436731621,0.05296421215752559,-1.388994373455408e-10,1.1207365539063951e-09,NAVIGATING,door_blue_df7a1e
1789540221.4640493,10.497960766415389,1.2063354889877322,-0.029973321757766274,-3.9008726377662165e-10,9.940749010479838e-10,NAVIGATING,door_blue_df7a1e
1789540221.8144727,10.540367054436999,1.212441359800714,-0.09945356530130549,-5.075719644983206e-10,8.886229309694857e-10,NAVIGATING,door_blue_df7a1e
1789540222.1639564,10.590932476699694,1.213033953239457,-0.15837378081753808,-3.650255637061747e-10,9.155024066715297e-10,NAVIGATING,door_blue_df7a1e
1789540222.5137691,10.632776408036086,1.2093537181905407,-0.19073962856900212,-1.0204798619890567e-10,9.780298476975626e-10,NAVIGATING,door_blue_df7a1e
1789540222.8654654,10.674353492931974,1.204626981314558,-0.2264129556580357,-1.2964305331483668e-10,9.656000403945904e-10,NAVIGATING,door_blue_df7a1e
1789540223.21385,10.715664565392894,1.1970126731947244,-0.24787987542360782,-1.3117009778791933e-10,9.411725914904104e-10,NAVIGATING,door_blue_df7a1e
1789540223.5639317,10.7567546134695,1.188397023481169,-0.2686760339644669,-8.760800624489563e-11,9.556617711252634e-10,NAVIGATING,door_blue_df7a1e
1789540223.9207938,10.78949139194161,1.1800391172883442,-0.276466491774711,-1.005207394221366e-10,9.211532127112892e-10,NAVIGATING,door_blue_df7a1e
1789540224.2662246,10.822184515266857,1.1711246713095003,-0.28055910138398027,-3.3089725303987145e-11,9.526983562365346e-10,NAVIGATING,door_blue_df7a1e
1789540224.614107,10.863005647177006,1.1596863618638382,-0.2843609392361079,2.006288671312725e-12,9.7370532609255e-10,NAVIGATING,door_blue_df7a1e
1789540224.9707756,10.903770637689217,1.1481564555284496,-0.2891561481591163,4.628439569589537e-13,9.791216195352097e-10,NAVIGATING,door_blue_df7a1e
1789540225.316148,10.94446498921735,1.1365969946183352,-0.2959522826239324,-1.9691715521836635e-11,9.690128477188849e-10,NAVIGATING,door_blue_df7a1e
1789540225.6648788,10.98512129099034,1.1239415371113015,-0.2932151941735197,-4.1532976389155245e-11,9.235227919827898e-10,NAVIGATING,door_blue_df7a1e
1789540226.0139034,11.025835962490088,1.111599561270818,-0.2918293520585346,6.563270380626377e-11,1.0062216836138982e-09,NAVIGATING,door_blue_df7a1e
1789540226.3644059,11.066538044987276,1.0996351709584034,-0.2944268646307784,-4.3696082167574683e-11,9.441717547120962e-10,NAVIGATING,door_blue_df7a1e
1789540226.7139475,11.107201734319737,1.0875665415626583,-0.29732159774455086,1.0351225427157126e-11,9.87307237079515e-10,NAVIGATING,door_blue_df7a1e
1789540227.0651455,11.147808149690878,1.0751838063486208,-0.2985244979035124,-1.3396447818266648e-10,8.603610843128876e-10,NAVIGATING,door_blue_df7a1e
1789540227.4150126,11.188414250566707,1.0630603865386412,-0.3029451862918155,8.890899498180784e-12,9.786970925119662e-10,NAVIGATING,door_blue_df7a1e
1789540227.7636867,11.237030037908776,1.0484602599443666,-0.31103276921299977,-2.1257073964279462e-11,9.683982609962462e-10,NAVIGATING,door_blue_df7a1e
1789540228.1137867,11.277447108416936,1.035983155736529,-0.3177436382428182,-2.4575826511299195e-11,9.646625365334085e-10,NAVIGATING,door_blue_df7a1e
1789540228.4640143,11.31777525066865,1.0232256678862466,-0.3244285432996088,-2.366452861460758e-11,9.626624404284407e-10,NAVIGATING,door_blue_df7a1e
1789540228.813839,11.366047112272398,1.0077358645661014,-0.3348435799544843,5.649240253011116e-11,1.0435868959941957e-09,NAVIGATING,door_blue_df7a1e
1789540229.165501,11.406046569035304,0.9952320597791706,-0.35462516109927983,-4.966881173035575e-11,9.850742667641728e-10,NAVIGATING,door_blue_df7a1e
1789540229.5140653,11.437873269743609,0.983992438197506,-0.3625020358060049,-8.358243302529193e-11,9.260667259727817e-10,NAVIGATING,door_blue_df7a1e
1789540229.8637993,11.482656522653222,0.9672557651291831,-0.3664298774443896,-1.9356988794539618e-11,-1.6012384687390765e-06,NAVIGATING,door_blue_df7a1e
1789540230.2150779,11.516685888177133,0.9545453604610195,-0.3706480308557121,6.061911900598629e-10,-8.50600672287014e-06,NAVIGATING,door_blue_df7a1e
1789540230.564019,11.537442243018937,0.9467937336298551,-0.37409948370551105,-1.0296611710912241e-08,-5.358316089639661e-06,NAVIGATING,door_blue_df7a1e
1789540230.9138744,11.565420322174083,0.9358579903956665,-0.3745443641675432,-1.0201403142735022e-09,-1.0883064368740453e-05,NAVIGATING,door_blue_df7a1e
1789540231.2654908,11.596136359143362,0.9239522415922801,-0.37731019172956193,-1.1763916477890012e-10,-7.524719650349447e-07,NAVIGATING,door_blue_df7a1e
1789540231.613751,11.61567755619638,0.9161942331905895,-0.37680341036667897,-1.4344331741683536e-10,-1.2258346875088256e-05,NAVIGATING,door_blue_df7a1e
1789540231.963913,11.628203049719522,0.9113682386538756,-0.37571829361449577,1.2039722985305939e-06,-3.89617336741109e-05,NAVIGATING,door_blue_df7a1e
1789540232.314021,11.628208742000247,0.9085428598136827,-0.3446807698333331,2.1914585736914334e-07,-7.055864364319079e-06,NAVIGATING,door_blue_df7a1e
1789540232.6638212,11.628209766944265,0.905489687364438,-0.31307388133711894,3.9880223425386516e-08,-1.277224847032326e-06,NAVIGATING,door_blue_df7a1e
1789540233.0139024,11.62820993767017,0.9022122297480628,-0.28087828043006763,7.244991330804841e-09,-2.3068371550458364e-07,NAVIGATING,door_blue_df7a1e
1789540233.3639553,11.628209949646498,0.8979859233427795,-0.2414357101353938,9.25846752448177e-10,-2.8892420465885578e-08,NAVIGATING,door_blue_df7a1e
1789540233.7157893,11.628209936410261,0.8949927110635381,-0.21463143863097023,2.2676292189941165e-10,-6.625527308014127e-09,NAVIGATING,door_blue_df7a1e
1789540234.0640492,11.631440955306564,0.8912584029760182,-0.18763999451893698,1.271476798019459e-10,-2.5537116402594044e-09,NAVIGATING,door_blue_df7a1e
1789540234.4137437,11.643989160769001,0.8867271442382613,-0.16832189258919894,3.671199003293585e-11,6.79514398620202e-11,NAVIGATING,door_blue_df7a1e
1789540234.763895,11.659101400050305,0.8815249296461128,-0.14484763555465338,1.989373580263616e-11,8.282325299427668e-10,NAVIGATING,door_blue_df7a1e
1789540235.1141672,11.662848545915157,0.8764674643450827,-0.10702375914773844,-3.3846699385769427e-09,-1.763255764381987e-05,NAVIGATING,door_blue_df7a1e
1789540235.4641488,11.66285125071645,0.8718899127891583,-0.07065862792080825,-4.0394052030692493e-11,-3.19279733798331e-06,NAVIGATING,door_blue_df7a1e
1789540235.813794,11.662851683414077,0.8680867983889731,-0.04097832882693935,9.72098144586743e-11,-8.132119167598783e-07,NAVIGATING,door_blue_df7a1e
1789540236.164087,11.670122932312216,0.8647192833237002,-0.016287673540004714,1.1470878577722842e-10,-1.4805583403491705e-07,NAVIGATING,door_blue_df7a1e
1789540236.5136657,11.685422433708101,0.8613062602436822,0.009412267814817018,3.746769713701416e-11,-1.839973242503624e-08,NAVIGATING,door_blue_df7a1e
1789540236.8636959,11.697997377022181,0.8579245614424627,0.037745346785362725,-8.986491705747507e-09,-2.4338646537255946e-05,NAVIGATING,door_blue_df7a1e
1789540237.2138925,11.698001191149986,0.8531724864973667,0.07483994756296171,-7.933950494787203e-10,-4.40723781407349e-06,NAVIGATING,door_blue_df7a1e
1789540237.592978,11.698001899262996,0.848616825569204,0.11111936599765374,1.2852057672525968e-11,-7.974322852701433e-07,NAVIGATING,door_blue_df7a1e
1789540237.913801,11.698002042996983,0.8442639304485561,0.1466301060610271,3.6936388716807014e-11,-1.4375594585798772e-07,NAVIGATING,door_blue_df7a1e
1789540238.2638977,11.6980020920857,0.8393156686548625,0.18828494031231202,2.4762198435960804e-11,-1.7715559864940097e-08,NAVIGATING,door_blue_df7a1e
1789540238.6146789,11.698002122093877,0.8346749584262678,0.22895126151663117,1.9835937038565648e-11,-1.4191169059896096e-09,NAVIGATING,door_blue_df7a1e
1789540238.9639513,11.698002140161163,0.83175520765453,0.255538834449663,1.7559163976172556e-11,3.7404902711071673e-10,NAVIGATING,door_blue_df7a1e
1789540239.3139808,11.69800216593028,0.8276405678707905,0.29466909764143207,1.6918795270901367e-11,8.830201150694442e-10,NAVIGATING,door_blue_df7a1e
1789540239.6639488,11.698002186706303,0.8244573034531307,0.32661481769035644,1.701315753066196e-11,9.35562525547917e-10,NAVIGATING,door_blue_df7a1e
1789540240.0151198,11.69800221115898,0.8209349723953893,0.3641851979327938,1.7309743968781477e-11,9.502106833424895e-10,NAVIGATING,door_blue_df7a1e
1789540240.3638742,11.698002231108699,0.8182493278937129,0.3948781763548639,1.735996310051399e-11,9.550583191506797e-10,NAVIGATING,door_blue_df7a1e
1789540240.7142334,11.698002250568557,0.8157916366079434,0.4250287643722894,1.703734448594053e-11,9.549457212789737e-10,NAVIGATING,door_blue_df7a1e
1789540241.0645506,11.698002273221551,0.8131440404315959,0.4605137839600361,1.679746279989984e-11,9.523917248013031e-10,NAVIGATING,door_blue_df7a1e
1789540241.4143083,11.698002291518042,0.8111892419641142,0.4895199863555966,1.6577074909244154e-11,9.510221382408363e-10,NAVIGATING,door_blue_df7a1e
1789540241.7640748,11.698002309284893,0.8094628930819899,0.5180251436823206,1.6300791832995598e-11,9.504690953216243e-10,NAVIGATING,door_blue_df7a1e
1789540242.1137936,11.69800232651053,0.8079644708207786,0.5460395528610749,1.6031660906556474e-11,9.50003538737922e-10,NAVIGATING,door_blue_df7a1e
1789540242.4639404,11.698002346451533,0.8064660745237854,0.5790220455985219,1.561679590124847e-11,9.4910926887078e-10,NAVIGATING,door_blue_df7a1e
1789540242.814053,11.698002365585964,0.8052928326278527,0.6113254540104164,1.51558128210719e-11,9.481436511088814e-10,NAVIGATING,door_blue_df7a1e
1789540243.163983,11.698002380917348,0.8045618075748209,0.6377353548066599,1.4853483019831326e-11,9.47320655443772e-10,NAVIGATING,door_blue_df7a1e
1789540243.5141191,11.698002392776495,0.8041372962538328,0.6585344404018348,1.4489107807113574e-11,9.467068096614941e-10,NAVIGATING,door_blue_df7a1e
1789540243.8647254,11.698002407098294,0.803805526836551,0.6841272135404594,1.409772799198996e-11,9.45979993804e-10,NAVIGATING,door_blue_df7a1e
1789540244.213931,11.698006578815384,0.8036928318853189,0.7142671752428731,7.35529683856126e-12,9.431654939760723e-10,NAVIGATING,door_blue_df7a1e
1789540244.563854,11.698244887160351,0.803692790610055,0.7447327067018977,-1.0654836381034529e-11,9.371624109955026e-10,NAVIGATING,door_blue_df7a1e
1789540244.9148057,11.698517847921527,0.8036927539894015,0.7707910976568423,1.0328062985424953e-11,9.830916681586024e-10,NAVIGATING,door_blue_df7a1e
1789540245.2650685,11.698558167137627,0.803684720660522,0.792045609711597,6.1863259348028314e-12,9.980896189414838e-10,NAVIGATING,door_blue_df7a1e
1789540245.614421,11.698558211778554,0.80341847792124,0.8234686042727235,-1.4227065268713258e-11,1.0039490454431806e-09,NAVIGATING,door_blue_df7a1e
1789540245.963747,11.698558253399442,0.8031475425820799,0.8540114640805221,1.0011298768579841e-11,9.465958921729016e-10,NAVIGATING,door_blue_df7a1e
1789540246.313566,11.69861325123471,0.8031370642086908,0.8790655146658124,-4.48498040720579e-12,9.381049779309596e-10,NAVIGATING,door_blue_df7a1e
1789540246.6637123,11.69887765182535,0.8031370500571217,0.9045209930887257,-1.2658776154070922e-11,9.399981150351569e-10,NAVIGATING,door_blue_df7a1e
1789540247.0139787,11.699247827252933,0.8031370383505824,0.925208989960063,-1.3123774762978702e-11,9.4300884298566e-10,NAVIGATING,door_blue_df7a1e
1789540247.3641565,11.700069740344052,0.8031370201243354,0.9567872373738754,-1.35916728741658e-11,9.448858292828903e-10,NAVIGATING,door_blue_df7a1e
1789540247.714077,11.701214157315615,0.8031370010829262,0.989030851316983,-1.439480237272113e-11,9.44614520216599e-10,NAVIGATING,door_blue_df7a1e
1789540248.063684,11.70268350287543,0.8031369812523115,1.0219522925330429,-1.4671903784426263e-11,9.448124260431115e-10,NAVIGATING,door_blue_df7a1e
1789540248.4169586,11.70415757657482,0.803136964121348,1.0499147492540482,-1.501637891201334e-11,9.456689426249552e-10,NAVIGATING,door_blue_df7a1e
1789540248.7639217,11.705859480579939,0.8031369464469756,1.0783668641851003,-1.533212288994864e-11,9.467263237652174e-10,NAVIGATING,door_blue_df7a1e
1789540249.1138089,11.708203260486755,0.8031369245384453,1.1131701617622747,-1.5677574469529842e-11,9.479317803015153e-10,NAVIGATING,door_blue_df7a1e
1789540249.464243,11.710407914362706,0.803136905710254,1.1427369566600258,-1.581647130180485e-11,9.488544940054993e-10,NAVIGATING,door_blue_df7a1e
1789540249.8141263,11.712841074146647,0.8031368863873681,1.172830152713135,-1.6082204505546492e-11,9.501243422799667e-10,NAVIGATING,door_blue_df7a1e
1789540250.1638844,11.716061762404266,0.8031368625655964,1.20965708600686,-1.6098921756871054e-11,9.51885668879896e-10,NAVIGATING,door_blue_df7a1e
1789540250.5138738,11.718995326627173,0.8031368422134005,1.2409610315434807,-1.624273195514824e-11,9.534034169648503e-10,NAVIGATING,door_blue_df7a1e
1789540250.863875,11.722813102277152,0.8031368172275158,1.2792908238812732,-1.628432524685846e-11,9.556569439843108e-10,NAVIGATING,door_blue_df7a1e
1789540251.2158027,11.726952262814915,0.8031367916789377,1.318489105381702,-1.6233950062963202e-11,9.576754203378305e-10,NAVIGATING,door_blue_df7a1e
1789540251.5638814,11.72980261598531,0.8031344472967568,1.3443231496865762,1.193553978960635e-11,9.766341979629441e-10,NAVIGATING,door_blue_df7a1e
1789540251.9140246,11.7327049254069,0.8031344253805003,1.3698964850050084,-6.27462697453373e-12,9.670718901399182e-10,NAVIGATING,door_blue_df7a1e
1789540252.265138,11.736195489004832,0.8031331003515321,1.3997743086506886,6.169983548413107e-11,9.917153556720671e-10,NAVIGATING,door_blue_df7a1e
1789540252.6139634,11.738900264536966,0.8031330738134029,1.4223892202809416,6.958964767677728e-12,9.704515262668134e-10,NAVIGATING,door_blue_df7a1e
1789540252.9637618,11.741692744176643,0.8031330467811646,1.4453094842362513,-4.4504287654713714e-12,9.660944253758182e-10,NAVIGATING,door_blue_df7a1e
1789540253.3139195,11.742605342376482,0.8031330927245608,1.4527083726300993,1.7337125206182148e-10,1.0283941640270849e-09,NAVIGATING,door_blue_df7a1e
1789540253.6639383,11.742605342376482,0.8031330927245608,1.4527083726300993,1.7337125206182148e-10,1.0283941640270849e-09,NAVIGATING,door_blue_df7a1e
1789540254.015875,11.742605342376482,0.8031330927245608,1.4527083726300993,1.7337125206182148e-10,1.0283941640270849e-09,NAVIGATING,door_blue_df7a1e
1789540254.3637462,11.742605342376482,0.8031330927245608,1.4527083726300993,1.7337125206182148e-10,1.0283941640270849e-09,NAVIGATING,door_blue_df7a1e
1789540254.7138267,11.742605342376482,0.8031330927245608,1.4527083726300993,1.7337125206182148e-10,1.0283941640270849e-09,NAVIGATING,door_blue_df7a1e
1789540255.0639622,11.742605342376482,0.8031330927245608,1.4527083726300993,1.7337125206182148e-10,1.0283941640270849e-09,NAVIGATING,door_blue_df7a1e
1789540255.4138494,11.742605342376482,0.8031330927245608,1.4527083726300993,1.7337125206182148e-10,1.0283941640270849e-09,NAVIGATING,door_blue_df7a1e
1789540255.7639353,11.742605342376482,0.8031330927245608,1.4527083726300993,1.7337125206182148e-10,1.0283941640270849e-09,NAVIGATING,door_blue_df7a1e
1789540256.1139197,11.742605342376482,0.8031330927245608,1.4527083726300993,1.7337125206182148e-10,1.0283941640270849e-09,NAVIGATING,door_blue_df7a1e
1789540256.463989,11.742605342376482,0.8031330927245608,1.4527083726300993,1.7337125206182148e-10,1.0283941640270849e-09,NAVIGATING,door_blue_df7a1e
1789540256.8136332,11.742605342376482,0.8031330927245608,1.4527083726300993,1.7337125206182148e-10,1.0283941640270849e-09,NAVIGATING,door_blue_df7a1e
1789540257.1638503,11.742605342376482,0.8031330927245608,1.4527083726300993,1.7337125206182148e-10,1.0283941640270849e-09,NAVIGATING,door_blue_df7a1e
1789540257.5151103,11.742605342376482,0.8031330927245608,1.4527083726300993,1.7337125206182148e-10,1.0283941640270849e-09,NAVIGATING,door_blue_df7a1e
1789540257.864303,11.742605342376482,0.8031330927245608,1.4527083726300993,1.7337125206182148e-10,1.0283941640270849e-09,NAVIGATING,door_blue_df7a1e
1789540258.2143843,11.742605342376482,0.8031330927245608,1.4527083726300993,1.7337125206182148e-10,1.0283941640270849e-09,NAVIGATING,door_blue_df7a1e
1789540258.5654695,11.742605342376482,0.8031330927245608,1.4527083726300993,1.7337125206182148e-10,1.0283941640270849e-09,NAVIGATING,door_blue_df7a1e
1789540258.915176,11.742605342376482,0.8031330927245608,1.4527083726300993,1.7337125206182148e-10,1.0283941640270849e-09,NAVIGATING,door_blue_df7a1e
1789540259.264121,11.742605342376482,0.8031330927245608,1.4527083726300993,1.7337125206182148e-10,1.0283941640270849e-09,NAVIGATING,door_blue_df7a1e
1789540259.6138368,11.742605342376482,0.8031330927245608,1.4527083726300993,1.7337125206182148e-10,1.0283941640270849e-09,NAVIGATING,door_blue_df7a1e
1789540259.963582,11.74242050752086,0.8031333054963071,1.4506637960800464,1.9611472525790413e-10,1.0195597780604823e-09,NAVIGATING,door_blue_df7a1e
1789540260.3143764,11.738617788322054,0.803133400466373,1.4191811870529292,2.2145115342199263e-10,1.044268556869963e-09,NAVIGATING,door_blue_df7a1e
1789540260.6654837,11.73080455654379,0.8031334679679867,1.3521992627946915,7.438459548851219e-11,1.0209785722926894e-09,NAVIGATING,door_blue_df7a1e
1789540261.0137725,11.723815971155153,0.8031334901687208,1.2878480954236329,-1.846877989465724e-11,9.764275240611866e-10,NAVIGATING,door_blue_df7a1e
1789540261.363926,11.716369441526401,0.8031335153195258,1.2117702703073803,-6.729933076469056e-11,9.253468175581854e-10,NAVIGATING,door_blue_df7a1e
1789540261.7140326,11.710528635069487,0.8031335391106157,1.1428538760450828,-7.412162896833969e-11,9.008082460268596e-10,NAVIGATING,door_blue_df7a1e
1789540262.0639257,11.706844295986567,0.8031335578323442,1.0918679846524555,-6.296417764809087e-11,8.98923860366492e-10,NAVIGATING,door_blue_df7a1e
1789540262.4139168,11.704052376551202,0.8031335756327843,1.0461225210917957,-4.947275630795893e-11,9.058211893815861e-10,NAVIGATING,door_blue_df7a1e
1789540262.7645922,11.701626874067607,0.8031335958804193,0.9965386519318034,-3.776556933794974e-11,9.141744325408693e-10,NAVIGATING,door_blue_df7a1e
1789540263.1153889,11.700236846141975,0.8031336118539072,0.9588898162965411,-3.036300126408729e-11,9.19985382639903e-10,NAVIGATING,door_blue_df7a1e
1789540263.4653473,11.699320779461585,0.8031336270574161,0.9239311107130395,-2.497777280878508e-11,9.247893892028345e-10,NAVIGATING,door_blue_df7a1e
1789540263.8173885,11.698810606181748,0.8031336415341297,0.8912208771118407,-2.0979569103046818e-11,9.288396946228065e-10,NAVIGATING,door_blue_df7a1e
1789540264.163695,11.698654465992888,0.8031337242009666,0.8604607627405156,-1.6849665263047163e-11,9.322000771886686e-10,NAVIGATING,door_blue_df7a1e
1789540264.5139358,11.698654424807202,0.8034005895929656,0.8243045655548226,1.4652948868281684e-11,9.251683724986167e-10,NAVIGATING,door_blue_df7a1e
1789540264.8638585,11.698693205217177,0.8037255825495521,0.7862379369321039,-2.305051813289139e-11,6.122506009176568e-10,NAVIGATING,door_blue_df7a1e
1789540265.2139292,11.708491542580957,0.8133312868899235,0.7532850950390376,-1.508721107965431e-11,-1.6860012004053292e-09,NAVIGATING,door_blue_df7a1e
1789540265.5636895,11.727604250030547,0.8310306099435586,0.7277223894345097,-7.23283684966446e-11,-2.850175150422969e-09,NAVIGATING,door_blue_df7a1e
1789540265.9140062,11.766223053441522,0.8643021533878693,0.691310196317823,-1.0499017893418072e-10,1.0963176999334205e-10,NAVIGATING,door_blue_df7a1e
1789540266.2637706,11.805782971596628,0.8964754877569796,0.6544569861395079,-1.0906008536034037e-08,0.00011603728575224716,NAVIGATING,door_blue_df7a1e
1789540266.614269,11.824984052910501,0.9120846636088208,0.6198091323084483,9.905098826850152e-10,-8.344754150494545e-06,NAVIGATING,door_blue_df7a1e
1789540266.9649773,11.828077008673139,0.91566499095539,0.583496870665158,1.2423471120703e-10,-1.6702701096082916e-06,NAVIGATING,door_blue_df7a1e
1789540267.3139124,11.828077208130047,0.9173075011183833,0.5467315691408754,3.2349691753021215e-12,-3.016819910453908e-07,NAVIGATING,door_blue_df7a1e
1789540267.663792,11.82929860498921,0.9203438526760215,0.5078120240272236,1.2824048476773653e-09,-3.0214309104118237e-06,NAVIGATING,door_blue_df7a1e
1789540268.0140667,11.846283243676456,0.9323226141194855,0.4585557776148717,3.7921324780514066e-11,-3.9176866425135845e-07,NAVIGATING,door_blue_df7a1e
1789540268.3638842,11.888284450844354,0.9557178271522242,0.40524221679914574,-1.0054051788435418e-10,-5.0979567981068534e-08,NAVIGATING,door_blue_df7a1e
1789540268.7137365,11.927724539600112,0.975757329130886,0.35685900057976044,-1.3427926509858546e-10,-8.483675026345832e-09,NAVIGATING,door_blue_df7a1e
1789540269.0638905,11.959995047413408,0.9924382114745897,0.2951670690485322,-6.646267045371031e-07,0.005553769427731115,NAVIGATING,door_blue_df7a1e
1789540269.413746,11.949224373062552,0.9891632824931711,0.295167072497508,-8.554170898637362e-08,-1.3440547594445444e-06,NAVIGATING,door_blue_df7a1e
1789540269.763671,11.941092171877864,0.9866906831631372,0.2951670724872883,-1.5485833080345767e-08,-2.427190891694002e-07,NAVIGATING,door_blue_df7a1e
1789540270.1139877,11.93295980293462,0.9842180443858188,0.2951670724892044,-2.8088469156413023e-09,-4.3534544338531507e-08,NAVIGATING,door_blue_df7a1e
1789540270.4638827,11.921574442896022,0.9807563396993005,0.29516707248862323,-2.553319987085658e-10,-3.1547586840247257e-09,NAVIGATING,door_blue_df7a1e
1789540270.8137362,11.912023740750717,0.9780130222621289,0.2890413149558181,3.7455057779024615e-11,-4.937260912029965e-10,NAVIGATING,door_blue_df7a1e
1789540271.1642127,11.911711953090315,0.9841819302791676,0.2258011419542483,1.4926271189875322e-10,3.56516791063886e-10,NAVIGATING,door_blue_df7a1e
1789540271.5139356,11.911711936062837,0.9891668079873498,0.18231543819677354,6.485161622615817e-11,7.224580471535831e-10,NAVIGATING,door_blue_df7a1e
1789540271.8641865,11.911711909761475,0.9972950131986705,0.11493848944511208,3.4065897122235266e-11,9.769831022636828e-10,NAVIGATING,door_blue_df7a1e
1789540272.2137973,11.911711881904678,1.006172381815388,0.044741700417411705,4.1573390301983715e-11,1.0137489787984653e-09,NAVIGATING,door_blue_df7a1e
1789540272.563905,11.911711870757628,1.0140778347157053,-0.015998800138574586,1.3852424162254782e-11,9.82841449849752e-10,NAVIGATING,door_blue_df7a1e
1789540272.9139233,11.911711902918215,1.024701611434165,-0.09903015383527891,-3.416450969657033e-11,9.62362081327722e-10,NAVIGATING,door_blue_df7a1e
1789540273.2641041,11.911711925787836,1.0316779696069813,-0.15589609434101034,-3.903760037813968e-11,9.65562527783141e-10,NAVIGATING,door_blue_df7a1e
1789540273.6138682,11.911711952797432,1.039340498969608,-0.2217175479497812,-4.146835680494885e-11,9.641894959930447e-10,NAVIGATING,door_blue_df7a1e
1789540273.9640388,11.911711974688407,1.0451154049226108,-0.2747095879537863,-4.247297407948386e-11,9.564216597086443e-10,NAVIGATING,door_blue_df7a1e
1789540274.3138616,11.91171199589944,1.0503221737591555,-0.32612613189931594,-4.274534143572738e-11,9.483722629249514e-10,NAVIGATING,door_blue_df7a1e
1789540274.663691,11.911712016404362,1.0549522871851618,-0.3760552047693563,-4.284768682484213e-11,9.425332986786163e-10,NAVIGATING,door_blue_df7a1e
1789540275.0137138,11.91171203226424,1.0582374435492288,-0.41497720968564017,-4.257679124109369e-11,9.38878927007463e-10,NAVIGATING,door_blue_df7a1e
1789540275.363751,11.911712055063978,1.062463526116968,-0.4717325731183893,-4.1669183722006637e-11,9.334763611057774e-10,NAVIGATING,door_blue_df7a1e
1789540275.7137544,11.911712073116094,1.0653415622062097,-0.5175941544332148,-4.064003644555688e-11,9.28963433008257e-10,NAVIGATING,door_blue_df7a1e
1789540276.0637827,11.91171209027351,1.0676361618206953,-0.5621986315266988,-3.9263123791258926e-11,9.248472374103552e-10,NAVIGATING,door_blue_df7a1e
1789540276.4139252,11.911712109666341,1.0696247252039712,-0.6141162421763966,-3.7523447629900695e-11,9.202772530853948e-10,NAVIGATING,door_blue_df7a1e
1789540276.7637122,11.91171212481916,1.0706507238013563,-0.6560771999093561,-3.586325672645869e-11,9.170327490281922e-10,NAVIGATING,door_blue_df7a1e
1789540277.1138084,11.911712141806294,1.071134978808929,-0.7049041379206615,-3.381533861607386e-11,9.135405770908843e-10,NAVIGATING,door_blue_df7a1e
1789540277.4639661,11.912075821934108,1.071139120204698,-0.7536507651920207,8.392545857178704e-12,9.25736150982424e-10,NAVIGATING,door_blue_df7a1e
1789540277.8145337,11.912268037833067,1.0711397861538599,-0.7873846927611297,-2.2636286003418195e-11,1.0153227086629745e-09,NAVIGATING,door_blue_df7a1e
1789540278.163764,11.91226808237238,1.07158170327687,-0.8374468606802522,2.4688209650553965e-12,9.974636331052865e-10,NAVIGATING,door_blue_df7a1e
1789540278.5140114,11.912371442651985,1.071694924522832,-0.8857665126822697,1.3236203822969239e-11,9.204024468910092e-10,NAVIGATING,door_blue_df7a1e
1789540278.863835,11.91299301339227,1.0716949390184305,-0.9269000754331344,3.3029544389326446e-11,9.059598459242936e-10,NAVIGATING,door_blue_df7a1e
1789540279.2137902,11.914489849718791,1.0716949575952792,-0.9777996585038112,3.7097380180337593e-11,9.120363337527025e-10,NAVIGATING,door_blue_df7a1e
1789540279.564124,11.916370557137608,1.0716949740534576,-1.0215307385927135,3.833035128191149e-11,9.202255824249454e-10,NAVIGATING,door_blue_df7a1e
1789540279.9140947,11.918832219967367,1.0716949914225335,-1.0664917472022133,4.0186894663030054e-11,9.248266808535359e-10,NAVIGATING,door_blue_df7a1e
1789540280.26397,11.922557285945686,1.0716950133862728,-1.1221235175792061,4.137892154979408e-11,9.282462198839636e-10,NAVIGATING,door_blue_df7a1e
1789540280.6137877,11.933377252573168,1.0564094487760545,-1.1740032236360993,-1.6030052009469873e-11,-1.1378833730709119e-09,NAVIGATING,door_blue_df7a1e
1789540280.9647136,11.945373743003257,1.0358463176505088,-1.2181885258951486,-4.517878723614533e-11,2.958036396876004e-10,NAVIGATING,door_blue_df7a1e
1789540281.3144753,11.956680794630927,1.0149470423584814,-1.261125708505731,-1.4728901574068768e-10,9.743697396512556e-10,NAVIGATING,door_blue_df7a1e
1789540281.6639793,11.968416110245053,0.9895334237943455,-1.3015475314959957,-6.037727302641583e-11,1.0913173606291996e-09,NAVIGATING,door_blue_df7a1e
1789540282.01662,11.979452159211585,0.9638314703001533,-1.3429364860901598,-4.403545580278561e-11,9.768949404975955e-10,NAVIGATING,door_blue_df7a1e
1789540282.3638422,11.988682835612098,0.9378997641161786,-1.3753600544597862,-7.5755160193461e-11,9.505431646983812e-10,NAVIGATING,door_blue_df7a1e
1789540282.713713,11.99555831829406,0.9161708885477082,-1.3996653592710997,-4.2469495693950285e-11,9.583426326941613e-10,NAVIGATING,door_blue_df7a1e
1789540283.0638711,12.002006409671777,0.8943498990212854,-1.4243215764820483,-3.797084023720939e-11,9.73476000518608e-10,NAVIGATING,door_blue_df7a1e
1789540283.4138916,12.008113615436368,0.8680758878632034,-1.4449357058034134,-5.041616566868179e-11,9.811745414277938e-10,NAVIGATING,door_blue_df7a1e
1789540283.7636602,12.013669877706384,0.8417341757960715,-1.465063503722418,-2.7991679800897277e-11,9.677771846922817e-10,NAVIGATING,door_blue_df7a1e
1789540284.1145308,12.017689622794494,0.8197400723827232,-1.479953481274617,-6.645358722194636e-11,9.740761177969154e-10,NAVIGATING,door_blue_df7a1e
1789540284.4639232,12.02102485580966,0.7977202147582231,-1.491497463004823,-3.001620103567179e-11,9.691596030840907e-10,NAVIGATING,door_blue_df7a1e
1789540284.8139553,12.024124688348008,0.7756800740789725,-1.5031225308595642,-2.0038539198855388e-11,9.686531296884313e-10,NAVIGATING,door_blue_df7a1e
1789540285.1653607,12.027201956396896,0.7492102139756568,-1.5144710857747317,-3.91037210912428e-11,9.714145719515138e-10,NAVIGATING,door_blue_df7a1e
1789540285.5147965,12.029325958308245,0.7271408570203194,-1.5219662640616018,-1.7597820605913758e-11,9.689631994203432e-10,NAVIGATING,door_blue_df7a1e
1789540285.8637784,12.031666073975275,0.7006470358150382,-1.5310061967437354,-1.3073255232824315e-11,9.681224626077294e-10,NAVIGATING,door_blue_df7a1e
1789540286.213726,12.033777081316417,0.6741436490639107,-1.5400967584157939,-1.3712495972320407e-11,9.67965949917896e-10,NAVIGATING,door_blue_df7a1e
1789540286.5637457,12.034839683089805,0.656200736569521,-1.5444657422037609,-6.847826058981275e-10,-3.38935790431781e-05,NAVIGATING,door_blue_df7a1e
1789540286.9146087,12.034842341071762,0.6560998065194965,-1.5444657422183539,-1.2341158759184986e-10,-4.3378583883242356e-06,NAVIGATING,door_blue_df7a1e
1789540287.263738,12.032498058123453,0.6560989984836021,-1.5254733893827312,-2.3266128659945363e-10,-7.848546751844242e-07,NAVIGATING,door_blue_df7a1e
1789540287.6139286,12.024258312869568,0.6542531143677033,-1.4590060648033503,-5.1562259131966766e-09,-1.8466873653386844e-05,NAVIGATING,door_blue_df7a1e
1789540287.9641461,12.016678753792165,0.647370408608959,-1.3867377009195192,3.301058701497565e-10,-3.3465885329649956e-06,NAVIGATING,door_blue_df7a1e
1789540288.3139029,12.01383456768565,0.6171481120673548,-1.2962424842889255,4.627481678523882e-10,-4.3271083583831833e-07,NAVIGATING,door_blue_df7a1e
1789540288.663452,12.019529619360716,0.5776601585653467,-1.22628331233443,4.0612283784870555e-10,-7.838193710180812e-08,NAVIGATING,door_blue_df7a1e
1789540289.0137382,12.032091875711824,0.53035468550825,-1.1520136335141986,3.4479938402657627e-10,-9.23184623144487e-09,NAVIGATING,door_blue_df7a1e
1789540289.364274,12.045479176993279,0.49404579620788674,-1.0984724558675838,2.692309779152117e-10,-7.005792273036446e-10,NAVIGATING,door_blue_df7a1e
1789540289.715681,12.062196174946408,0.4577099673679254,-1.0513319561446566,2.1729197873742787e-10,8.632774918657325e-10,NAVIGATING,door_blue_df7a1e
1789540290.0649574,12.08485738598422,0.41616512155425506,-1.0012302372381137,1.822030646798004e-10,9.3506582362883e-10,NAVIGATING,door_blue_df7a1e
1789540290.414683,12.105557378727493,0.38298833598706583,-0.9633102031039037,1.627379293592771e-10,9.15697064058141e-10,NAVIGATING,door_blue_df7a1e
1789540290.7639556,12.13083765392983,0.3467196045652647,-0.9218484992965331,1.3615774693943456e-10,5.019508289033886e-10,NAVIGATING,door_blue_df7a1e
1789540291.113724,12.157293250895775,0.3123659392957025,-0.883122731771195,-9.045225391178808e-11,-3.0926850887043055e-06,NAVIGATING,door_blue_df7a1e
1789540291.464112,12.177430382357262,0.2884621141161502,-0.8527577396798388,5.823533002415184e-11,-4.824534462955478e-07,NAVIGATING,door_blue_df7a1e
1789540291.813904,12.198624311036102,0.26459345021873165,-0.8224158173677325,-4.744401746306552e-10,-5.559730295881014e-06,NAVIGATING,door_blue_df7a1e
1789540292.1638436,12.21230152272368,0.24966074416056155,-0.7897727261595162,-6.727091795506179e-10,-1.78762111814056e-06,NAVIGATING,door_blue_df7a1e
1789540292.5137448,12.213766629173074,0.2479588523567484,-0.756579464376979,-1.8315236393526462e-10,-5.084775655924052e-07,NAVIGATING,door_blue_df7a1e
1789540292.863775,12.213382540962694,0.24795874903033197,-0.7184182166703544,-1.2061874693737889e-11,-6.45665259152435e-08,NAVIGATING,door_blue_df7a1e
1789540293.2153692,12.213366729385523,0.2478308698923365,-0.6822838182512594,-1.5296253567082577e-11,-7.675498282170611e-09,NAVIGATING,door_blue_df7a1e
1789540293.5647237,12.2133667192102,0.24750604763112102,-0.65789274873795,-1.57281433868161e-11,-1.3306048183898223e-09,NAVIGATING,door_blue_df7a1e
1789540293.914159,12.213366701479917,0.24662073738273316,-0.619790161393704,-1.8026263692178516e-11,6.790338646855095e-10,NAVIGATING,door_blue_df7a1e
1789540294.2637715,12.213366682294774,0.24520470695342533,-0.5793235263247866,-2.323628161139528e-11,9.339775758266706e-10,NAVIGATING,door_blue_df7a1e
1789540294.6142726,12.213366665596887,0.24356693906369825,-0.5434727281155071,-2.7502204053023868e-11,9.297957571601577e-10,NAVIGATING,door_blue_df7a1e
1789540294.9645352,12.21336664824076,0.2414587443966042,-0.5053941098679307,-3.1432014743194665e-11,9.182307169988828e-10,NAVIGATING,door_blue_df7a1e
1789540295.3138554,12.213366630125597,0.23881369228612823,-0.46469435595563763,-3.604827781453103e-11,9.225005201028997e-10,NAVIGATING,door_blue_df7a1e
1789540295.663659,12.213366611209445,0.2355616369393351,-0.4210604566540507,-4.199955482253426e-11,9.289995288812618e-10,NAVIGATING,door_blue_df7a1e
1789540296.014332,12.213366587465664,0.2307164649278652,-0.36399459918965804,-5.284758841603697e-11,9.280606434380121e-10,NAVIGATING,door_blue_df7a1e
1789540296.3640754,12.213366566835974,0.22574490122009078,-0.31166855471832916,-6.433181188160573e-11,9.253352673702667e-10,NAVIGATING,door_blue_df7a1e
1789540296.7139513,12.21336654108138,0.21835564614356462,-0.24119938628936288,-8.368972201249249e-11,9.253707138022425e-10,NAVIGATING,door_blue_df7a1e
1789540297.0637891,12.213366518836471,0.21071779523444714,-0.17427975341558669,-1.0891151200643677e-10,9.301762851618236e-10,NAVIGATING,door_blue_df7a1e
1789540297.4137354,12.213366491306346,0.199116271046961,-0.07961906021883959,-1.5716486996708797e-10,9.476818196715423e-10,NAVIGATING,door_blue_df7a1e
1789540297.76378,12.213366475306414,0.18677043446516084,0.015928715271858577,-1.0359498994984395e-10,9.856225719180718e-10,NAVIGATING,door_blue_df7a1e
1789540298.1140249,12.213366499313615,0.17452896792343192,0.11193332669004719,6.732397613576859e-11,9.913897883212522e-10,NAVIGATING,door_blue_df7a1e
1789540298.463809,12.213366522966146,0.16365630765554856,0.20272712015821445,1.0530097162955728e-10,9.697832075678435e-10,NAVIGATING,door_blue_df7a1e
1789540298.8149893,12.213366548718158,0.15445305076479957,0.28686275057323146,1.3467735157048584e-10,9.228961025391755e-10,NAVIGATING,door_blue_df7a1e
1789540299.1639214,12.21336673849545,0.14606805534712455,0.37396321412003025,1.3158324597530095e-10,8.808828366364363e-10,NAVIGATING,door_blue_df7a1e
1789540299.5140579,12.213366761920016,0.1402082240388662,0.4458965036267165,9.566994106915103e-11,8.778626359594107e-10,NAVIGATING,door_blue_df7a1e
1789540299.8637583,12.213366780305122,0.13674290567813802,0.4966819695903949,6.878423954927904e-11,8.920000984763183e-10,NAVIGATING,door_blue_df7a1e
1789540300.21373,12.21336679781421,0.13420399675240496,0.5414006243321963,4.981457032506905e-11,9.075148418916793e-10,NAVIGATING,door_blue_df7a1e
1789540300.5650647,12.213366817699946,0.1320556097119616,0.589554594014508,3.578625877665594e-11,9.194287316925357e-10,NAVIGATING,door_blue_df7a1e
1789540300.9137626,12.218061725262782,0.1341985088046099,0.6260773729501942,4.449465589188167e-11,-1.5694908150631696e-09,NAVIGATING,door_blue_df7a1e
1789540301.2638218,12.227821979621865,0.13712803227437723,0.6759747925176304,2.379682707304985e-05,1.0040713992346183e-05,NAVIGATING,door_blue_df7a1e
1789540301.6167605,12.244036661058542,0.1444682782259222,0.7199009534568827,4.210188199791739e-06,1.6756096157573139e-06,NAVIGATING,door_blue_df7a1e
1789540301.9639118,12.269791542581222,0.16210612102591923,0.7608431097886945,6.57953380772868e-07,1.5068854005697112e-07,NAVIGATING,door_blue_df7a1e
1789540302.3139124,12.305972309402215,0.19799490669165123,0.8045827616927567,8.476948874803517e-08,2.0207177003749693e-08,NAVIGATING,door_blue_df7a1e
1789540302.663873,12.333910693602403,0.2274448641760691,0.846779688865122,1.1041129676952956e-08,-1.789609971312331e-06,NAVIGATING,door_blue_df7a1e
1789540303.0138824,12.356051707346598,0.25306499358427065,0.8717584770717498,2.950448188772048e-09,-4.556173963913243e-07,NAVIGATING,door_blue_df7a1e
1789540303.3638394,12.383170756211651,0.28600548613790167,0.9021859244121857,6.167663082976574e-10,-8.188908377785235e-08,NAVIGATING,door_blue_df7a1e
1789540303.7139606,12.405188556859772,0.313432113068533,0.9345899169342434,-6.534749186255455e-09,-1.25763782455049e-05,NAVIGATING,door_blue_df7a1e
1789540304.0638504,12.435636470847799,0.3547165136831717,0.9742446837944282,-4.333859033709547e-10,-1.6180599146445996e-06,NAVIGATING,door_blue_df7a1e
1789540304.4139638,12.460327880431972,0.39027919438904124,1.0091290151991779,5.336195185970211e-11,-2.9238839915163685e-07,NAVIGATING,door_blue_df7a1e
1789540304.7647388,12.484172386472435,0.42665353707707515,1.0460999668638058,1.093214681568481e-10,-5.218968999165401e-08,NAVIGATING,door_blue_df7a1e
1789540305.1157904,12.506378827562617,0.46247132514222744,1.0855647041488847,1.0425083490830646e-10,-4.112535492587149e-06,NAVIGATING,door_blue_df7a1e
1789540305.46373,12.532537346912362,0.5079454968957672,1.1365820510023392,2.459039345091245e-10,-5.279524785628483e-07,NAVIGATING,door_blue_df7a1e
1789540305.8136632,12.552723294389336,0.5455677313767888,1.1828067152913346,8.050848259225382e-09,5.5889747081826774e-05,NAVIGATING,door_blue_df7a1e
1789540306.1638076,12.568663245766071,0.5752005862553758,1.233718714804696,-1.7831230941526487e-10,-2.545599762697208e-06,NAVIGATING,door_blue_df7a1e
1789540306.5171108,12.584928182823424,0.6088421734053701,1.2889060601746885,1.6806946174919368e-10,-4.6060559999975973e-07,NAVIGATING,door_blue_df7a1e
1789540306.86383,12.60394851068847,0.652115900748321,1.3636718438258966,1.2690642623648346e-10,-5.843215206809407e-08,NAVIGATING,door_blue_df7a1e
1789540307.2141538,12.62182332553416,0.6900838145261198,1.4565263165843643,2.232628473002746e-06,-3.8070509471091224e-06,NAVIGATING,door_blue_df7a1e
1789540307.5644915,12.638055291044212,0.7220093851140839,1.5664403076020093,-1.0702841945405792e-06,-1.5893698608673028e-06,NAVIGATING,door_blue_df7a1e
1789540307.9136317,12.652149697654545,0.750959441836397,1.689607509864709,-1.9329664649312347e-07,-2.874709482640197e-07,NAVIGATING,door_blue_df7a1e
1789540308.263912,12.661225111649717,0.7865235118706827,1.8242557765088145,-2.453096511787056e-08,-3.18975150109034e-06,NAVIGATING,door_blue_df7a1e
1789540308.6141584,12.662561167207803,0.8125748515916124,1.9159224948588756,-3.820272408475469e-09,-5.765135421888009e-07,NAVIGATING,door_blue_df7a1e
1789540308.9636807,12.660025666981642,0.8373988234621251,1.9948068213856986,7.005075539444248e-05,-0.0008133169589667669,NAVIGATING,door_blue_df7a1e
1789540309.3167489,12.661797975038862,0.8375018952929155,2.025949157520022,-2.307622592658483e-06,-1.4160012916808985e-05,NAVIGATING,door_blue_df7a1e
1789540309.6647196,12.663412980626369,0.8375038530757629,2.049269023249139,-5.878116957889274e-07,-3.6087467899712983e-06,NAVIGATING,door_blue_df7a1e
1789540310.0138364,12.665561923039295,0.8375044455222195,2.0836442227289655,-7.556254891392133e-08,-4.6379834759785036e-07,NAVIGATING,door_blue_df7a1e
1789540310.3654845,12.667101955117921,0.8375045299744847,2.111747664475345,-1.3658592443887273e-08,-8.332848282939581e-08,NAVIGATING,door_blue_df7a1e
1789540310.713847,12.668650090529527,0.8375045634480467,2.14483488581399,-1.7419768270597306e-09,-9.868908073393786e-09,NAVIGATING,door_blue_df7a1e
1789540311.0638697,12.669501232799727,0.8375045782986374,2.166513794568715,-4.325526817767626e-10,-1.7692560389131979e-09,NAVIGATING,door_blue_df7a1e
1789540311.4139245,12.67050816911695,0.8375045976519688,2.1984730037628775,-4.36083630232937e-11,6.075682916841342e-10,NAVIGATING,door_blue_df7a1e
1789540311.763894,12.671101668558642,0.8375046125656285,2.2246005982979957,3.1362882925683327e-12,8.763877720843113e-10,NAVIGATING,door_blue_df7a1e
1789540312.1152542,12.671521747452653,0.8375046297566413,2.255356726233491,1.2249382209767835e-11,9.340243628162502e-10,NAVIGATING,door_blue_df7a1e
1789540312.4637313,12.671630679496015,0.8375046435599351,2.2804957008242366,1.2927089351957797e-11,9.479408664363215e-10,NAVIGATING,door_blue_df7a1e
1789540312.8139496,12.671630713479132,0.8376311007625344,2.3057127185160335,-8.275748775214332e-12,9.44621261364935e-10,NAVIGATING,door_blue_df7a1e
1789540313.163855,12.665330481981021,0.8445045055723424,2.3207093103077443,-1.0452335389297056e-11,-2.530760450262012e-10,NAVIGATING,door_blue_df7a1e
1789540313.5138955,12.654805582580785,0.8557876426703318,2.338235936815845,1.9047375214951508e-11,6.872427772525845e-10,NAVIGATING,door_blue_df7a1e
1789540313.8657815,12.645886243800655,0.8649571284197473,2.3530547214217052,2.3236091086487382e-11,9.915833496149495e-10,NAVIGATING,door_blue_df7a1e
1789540314.2137825,12.635045693987287,0.8757151209730181,2.370904807396225,1.2024261086775665e-11,1.0454993169600176e-09,NAVIGATING,door_blue_df7a1e
1789540314.563888,12.62595615332711,0.8845300200680363,2.385573318906129,1.0144609524901825e-11,9.895292053264792e-10,NAVIGATING,door_blue_df7a1e
1789540314.9149601,12.621266395882142,0.8896823747404979,2.4059972643156042,-1.1793045660290056e-08,-1.3163601905579868e-05,NAVIGATING,door_blue_df7a1e
1789540315.2639406,12.621399609792627,0.8896869408715474,2.4362238256881077,-1.247652481564418e-09,-1.6931354044723192e-06,NAVIGATING,door_blue_df7a1e
1789540315.613879,12.621399412721987,0.8898879829834255,2.466533356261311,-1.4613006377279825e-10,-2.1713051919486516e-07,NAVIGATING,door_blue_df7a1e
1789540315.964626,12.61627174232123,0.8940262797702949,2.4788256575463388,-4.532938771190172e-11,-5.628214979077903e-08,NAVIGATING,door_blue_df7a1e
1789540316.314,12.60616497040563,0.9020601045932377,2.4933116929338572,3.011017803772988e-12,-9.643833350040379e-09,NAVIGATING,door_blue_df7a1e
1789540316.6638455,12.59594613919635,0.9100155621166425,2.5079400713130306,1.2962094310605034e-11,-9.31429563955431e-10,NAVIGATING,door_blue_df7a1e
1789540317.0140302,12.585616341251805,0.9178898606645776,2.5227118370235986,1.197180184851966e-11,7.163388507434862e-10,NAVIGATING,door_blue_df7a1e
1789540317.3637722,12.575176753454437,0.9256801609718103,2.537628100513301,1.0939570507767676e-11,9.4873215648966e-10,NAVIGATING,door_blue_df7a1e
1789540317.714169,12.562668856968752,0.9348290928763674,2.5558586168727,1.4055937014048139e-08,0.00026517659478267103,NAVIGATING,door_blue_df7a1e
1789540318.0645218,12.562884203337763,0.9359612456922617,2.5783291892267783,-3.221009426996268e-06,-9.384927778191563e-07,NAVIGATING,door_blue_df7a1e
1789540318.4138052,12.56288436739924,0.9373170973557061,2.6060395183693315,-5.833989396926576e-07,-1.6914949061321949e-07,NAVIGATING,door_blue_df7a1e
1789540318.7648208,12.56273741971026,0.9392509988845237,2.6386316966513466,-7.50547926674908e-08,-2.162440368736689e-08,NAVIGATING,door_blue_df7a1e
1789540319.1138716,12.555169302489015,0.9441427116744169,2.651457460066888,-1.9124966247925683e-08,-5.94078367668661e-09,NAVIGATING,door_blue_df7a1e
1789540319.4653282,12.541601964770548,0.9524988549830162,2.670884946072306,-2.448621902705331e-09,-7.050414217880785e-11,NAVIGATING,door_blue_df7a1e
1789540319.814704,12.531533741490327,0.9582245036563504,2.6815308936017366,6.932487611343875e-09,-5.949289082276594e-06,NAVIGATING,door_blue_df7a1e
1789540320.1639564,12.531532830466496,0.9559023526764461,2.646774487229117,7.414315968261907e-10,-7.644565631866444e-07,NAVIGATING,door_blue_df7a1e
1789540320.5139,12.531532707295884,0.9542181704711001,2.6183606342881633,1.0469943680436348e-10,-1.3766122875164212e-07,NAVIGATING,door_blue_df7a1e
1789540320.8654966,12.531532673360145,0.9527617495378143,2.590435767003904,7.1805434677234166e-12,-2.4272797203886736e-08,NAVIGATING,door_blue_df7a1e
1789540321.2139306,12.5315326543099,0.9515322611556707,2.5629907624786976,-1.3654961438009053e-11,-3.675930904443872e-09,NAVIGATING,door_blue_df7a1e
1789540321.5639048,12.531532634169423,0.9503548478547096,2.530678695212676,-1.5950132424278687e-11,3.7707093215982817e-10,NAVIGATING,door_blue_df7a1e
1789540321.9137108,12.531532618400515,0.9496203710696531,2.5042616944642706,-1.4379181230867368e-11,8.684274538008812e-10,NAVIGATING,door_blue_df7a1e
1789540322.26366,12.531532603543925,0.949108455310879,2.478301104933565,-1.3813552224878366e-11,9.33959924199752e-10,NAVIGATING,door_blue_df7a1e
1789540322.6222005,12.531532589386618,0.9488172788728745,2.4527910721380852,-1.3494050651981764e-11,9.35634007554681e-10,NAVIGATING,door_blue_df7a1e
1789540322.9677846,12.53153257843212,0.948741925286366,2.432703890384085,-1.3306235243486929e-11,9.382711400325725e-10,NAVIGATING,door_blue_df7a1e
1789540323.3139148,12.531360010949312,0.948741768228482,2.4023939014403144,9.342519978119261e-12,9.37934760159677e-10,NAVIGATING,door_blue_df7a1e
1789540323.6658185,12.531054574575919,0.9487417319521959,2.3764677352029633,-6.734931271674931e-12,9.783386656452732e-10,NAVIGATING,door_blue_df7a1e
1789540324.0143113,12.53097683444792,0.9487346629942672,2.349957277014788,-6.39466039835663e-12,9.991255837208966e-10,NAVIGATING,door_blue_df7a1e
1789540324.3639715,12.5309767896864,0.9484732489633039,2.3185228453130797,1.4366983281442046e-11,1.0044553928460615e-09,NAVIGATING,door_blue_df7a1e
1789540324.713924,12.530976754698697,0.9482180915719268,2.293000627477019,-7.572233989107934e-12,9.534771648638916e-10,NAVIGATING,door_blue_df7a1e
1789540325.0639722,12.530950038612659,0.9481860381831758,2.2679529950916035,1.0502751853215406e-12,9.405960327554347e-10,NAVIGATING,door_blue_df7a1e
1789540325.4156554,12.530663103568614,0.9481860212372429,2.2374682112313327,1.2836616690901149e-11,9.42902603134678e-10,NAVIGATING,door_blue_df7a1e
1789540325.7643363,12.530181641513304,0.9481860065166151,2.2115698853275756,1.3331770079215438e-11,9.469892441562842e-10,NAVIGATING,door_blue_df7a1e
1789540326.1143548,12.529636499065495,0.948185994340476,2.1905235482771324,1.3636914519314205e-11,9.48736390492185e-10,NAVIGATING,door_blue_df7a1e
1789540326.4636395,12.528550175368089,0.948185975393368,2.1584002643053113,1.456721476103107e-11,9.49427930226426e-10,NAVIGATING,door_blue_df7a1e
1789540326.814806,12.527645801476998,0.9481859623223106,2.136610295615988,1.4768305453697905e-11,9.498596017077617e-10,NAVIGATING,door_blue_df7a1e
1789540327.1656318,12.526311546731064,0.9481859454878737,2.108944578634816,1.5066893841395313e-11,9.510461092895852e-10,NAVIGATING,door_blue_df7a1e
1789540327.5142443,12.525080490871,0.9481859316245607,2.086464038134813,1.5342293099392957e-11,9.522709686177345e-10,NAVIGATING,door_blue_df7a1e
1789540327.8638163,12.523336470056694,0.948185913810116,2.0579204725434677,1.56458421477933e-11,9.538715785045333e-10,NAVIGATING,door_blue_df7a1e
1789540328.2136858,12.52136399497095,0.9481858954658163,2.028875070763937,1.5908565770194556e-11,9.553496266105503e-10,NAVIGATING,door_blue_df7a1e
1789540328.569134,12.519621386819576,0.9481858804179077,2.0052697199510123,1.6098706126384245e-11,9.565003877049241e-10,NAVIGATING,door_blue_df7a1e
1789540328.913868,12.517237427531246,0.9481858611559086,1.97529108933725,1.629346890335812e-11,9.57966269555045e-10,NAVIGATING,door_blue_df7a1e
1789540329.2641199,12.514625323139631,0.9481858414080819,1.9447749699491133,1.643953722696309e-11,9.595961267460874e-10,NAVIGATING,door_blue_df7a1e
1789540329.614111,12.512371900168004,0.9481858252744809,1.9199646768745935,1.6569444998036464e-11,9.608293285829658e-10,NAVIGATING,door_blue_df7a1e
1789540329.9645364,12.50872029778608,0.9481858005447943,1.8820661615662582,1.665189672373273e-11,9.62818210915309e-10,NAVIGATING,door_blue_df7a1e
1789540330.3138094,12.505641471748968,0.9481854942015638,1.8518607176618327,9.962219560335254e-12,9.695824761159043e-10,NAVIGATING,door_blue_df7a1e
1789540330.6665452,12.501706091720864,0.9481854684616781,1.8150606861760774,1.4080884479414895e-11,9.67684295727428e-10,NAVIGATING,door_blue_df7a1e
1789540331.0137746,12.498891011983993,0.9481858281677303,1.7898037909096547,-1.4716393351258743e-09,1.2098602118587266e-09,NAVIGATING,door_blue_df7a1e
1789540331.3641694,12.498891011983993,0.9481858281677303,1.7898037909096547,-1.4716393351258743e-09,1.2098602118587266e-09,NAVIGATING,door_blue_df7a1e
1789540331.7139337,12.498891011983993,0.9481858281677303,1.7898037909096547,-1.4716393351258743e-09,1.2098602118587266e-09,NAVIGATING,door_blue_df7a1e
1789540332.0638783,12.498891011983993,0.9481858281677303,1.7898037909096547,-1.4716393351258743e-09,1.2098602118587266e-09,NAVIGATING,door_blue_df7a1e
1789540332.4139335,12.498891011983993,0.9481858281677303,1.7898037909096547,-1.4716393351258743e-09,1.2098602118587266e-09,NAVIGATING,door_blue_df7a1e
1789540332.763771,12.498891011983993,0.9481858281677303,1.7898037909096547,-1.4716393351258743e-09,1.2098602118587266e-09,NAVIGATING,door_blue_df7a1e
1789540333.1168907,12.498891011983993,0.9481858281677303,1.7898037909096547,-1.4716393351258743e-09,1.2098602118587266e-09,NAVIGATING,door_blue_df7a1e
1789540333.4640193,12.498891011983993,0.9481858281677303,1.7898037909096547,-1.4716393351258743e-09,1.2098602118587266e-09,NAVIGATING,door_blue_df7a1e
1789540333.8164365,12.498891011983993,0.9481858281677303,1.7898037909096547,-1.4716393351258743e-09,1.2098602118587266e-09,NAVIGATING,door_blue_df7a1e
1789540334.1649165,12.498891011983993,0.9481858281677303,1.7898037909096547,-1.4716393351258743e-09,1.2098602118587266e-09,NAVIGATING,door_blue_df7a1e
1789540334.513892,12.498891011983993,0.9481858281677303,1.7898037909096547,-1.4716393351258743e-09,1.2098602118587266e-09,NAVIGATING,door_blue_df7a1e
1789540334.863873,12.498891011983993,0.9481858281677303,1.7898037909096547,-1.4716393351258743e-09,1.2098602118587266e-09,NAVIGATING,door_blue_df7a1e
1789540335.2140467,12.498891011983993,0.9481858281677303,1.7898037909096547,-1.4716393351258743e-09,1.2098602118587266e-09,NAVIGATING,door_blue_df7a1e
1789540335.5637817,12.498891011983993,0.9481858281677303,1.7898037909096547,-1.4716393351258743e-09,1.2098602118587266e-09,NAVIGATING,door_blue_df7a1e
1789540335.9138424,12.498891011983993,0.9481858281677303,1.7898037909096547,-1.4716393351258743e-09,1.2098602118587266e-09,NAVIGATING,door_blue_df7a1e
1789540336.263937,12.498891011983993,0.9481858281677303,1.7898037909096547,-1.4716393351258743e-09,1.2098602118587266e-09,NAVIGATING,door_blue_df7a1e
1789540336.613334,12.498891011983993,0.9481858281677303,1.7898037909096547,-1.4716393351258743e-09,1.2098602118587266e-09,NAVIGATING,door_blue_df7a1e
1789540336.9638233,12.498891011983993,0.9481858281677303,1.7898037909096547,-1.4716393351258743e-09,1.2098602118587266e-09,OPENING_DOOR,door_blue_df7a1e
1789540337.313837,12.498891011983993,0.9481858281677303,1.7898037909096547,-1.4716393351258743e-09,1.2098602118587266e-09,OPENING_DOOR,door_blue_df7a1e
1789540337.6638608,12.498891011983993,0.9481858281677303,1.7898037909096547,-1.4716393351258743e-09,1.2098602118587266e-09,OPENING_DOOR,door_blue_df7a1e
1789540338.0175543,12.498891011983993,0.9481858281677303,1.7898037909096547,-1.4716393351258743e-09,1.2098602118587266e-09,OPENING_DOOR,door_blue_df7a1e
1789540338.363781,12.498891011983993,0.9481858281677303,1.7898037909096547,-1.4716393351258743e-09,1.2098602118587266e-09,OPENING_DOOR,door_blue_df7a1e
1789540338.7139103,12.498891011983993,0.9481858281677303,1.7898037909096547,-1.4716393351258743e-09,1.2098602118587266e-09,OPENING_DOOR,door_blue_df7a1e
1789540339.0696464,12.498892207078612,0.9481804527285255,1.7898037917456413,-1.354594424817701e-10,-2.895308386129537e-05,OPENING_DOOR,door_blue_df7a1e
1789540339.4138808,12.498891319731635,0.9481844359816504,1.7898037917153993,-8.39291299429538e-11,-7.45579565637284e-06,OPENING_DOOR,door_blue_df7a1e
1789540339.7639966,12.498891107812378,0.9481853879751564,1.7898037917181353,1.0777759458899263e-11,-2.321565217221569e-06,OPENING_DOOR,door_blue_df7a1e
1789540340.1138325,12.498891107812378,0.9481853879751564,1.7898037917181353,1.0777759458899263e-11,-2.321565217221569e-06,OPENING_DOOR,door_blue_df7a1e
1789540340.4639015,12.498891107812378,0.9481853879751564,1.7898037917181353,1.0777759458899263e-11,-2.321565217221569e-06,OPENING_DOOR,door_blue_df7a1e
1789540340.8137662,12.498891107812378,0.9481853879751564,1.7898037917181353,1.0777759458899263e-11,-2.321565217221569e-06,OPENING_DOOR,door_blue_df7a1e
1789540341.1650345,12.498890394908111,0.9481885982290165,1.789803791839887,1.7393494082158264e-10,1.49472643562713e-05,OPENING_DOOR,door_blue_df7a1e
1789540341.5168316,12.49889082513371,0.9481866651799835,1.7898037918253829,1.4676798491122684e-10,4.52492546340062e-06,OPENING_DOOR,door_blue_df7a1e
1789540341.864419,12.498890931459158,0.9481861873917761,1.7898037918268728,1.409798194974488e-10,1.949181427958754e-06,OPENING_DOOR,door_blue_df7a1e
1789540342.214044,12.498891313212752,0.9481844736874632,1.7898037918752339,1.6752954131597255e-10,-7.2990222832331725e-06,OPENING_DOOR,door_blue_df7a1e
1789540342.5643435,12.498891100989777,0.9481854273851034,1.789803791877908,1.5406120435777638e-10,-2.1580495258552914e-06,OPENING_DOOR,door_blue_df7a1e
1789540342.914496,12.498891100989777,0.9481854273851034,1.789803791877908,1.5406120435777638e-10,-2.1580495258552914e-06,OPENING_DOOR,door_blue_df7a1e
1789540343.2636964,12.498891100989777,0.9481854273851034,1.789803791877908,1.5406120435777638e-10,-2.1580495258552914e-06,OPENING_DOOR,door_blue_df7a1e
1789540343.6136754,12.498891100989777,0.9481854273851034,1.789803791877908,1.5406120435777638e-10,-2.1580495258552914e-06,OPENING_DOOR,door_blue_df7a1e
1789540343.9638643,12.498891100989777,0.9481854273851034,1.789803791877908,1.5406120435777638e-10,-2.1580495258552914e-06,OPENING_DOOR,door_blue_df7a1e
1789540344.3136725,12.498891100989777,0.9481854273851034,1.789803791877908,1.5406120435777638e-10,-2.1580495258552914e-06,OPENING_DOOR,door_blue_df7a1e
1789540344.6650586,12.498891100989777,0.9481854273851034,1.789803791877908,1.5406120435777638e-10,-2.1580495258552914e-06,OPENING_DOOR,door_blue_df7a1e
1789540345.0138054,12.498891100989777,0.9481854273851034,1.789803791877908,1.5406120435777638e-10,-2.1580495258552914e-06,OPENING_DOOR,door_blue_df7a1e
1789540345.3637404,12.498891100989777,0.9481854273851034,1.789803791877908,1.5406120435777638e-10,-2.1580495258552914e-06,OPENING_DOOR,door_blue_df7a1e
1789540345.7137616,12.498891100989777,0.9481854273851034,1.789803791877908,1.5406120435777638e-10,-2.1580495258552914e-06,OPENING_DOOR,door_blue_df7a1e
1789540346.0639906,12.498891100989777,0.9481854273851034,1.789803791877908,1.5406120435777638e-10,-2.1580495258552914e-06,OPENING_DOOR,door_blue_df7a1e
1789540346.4137075,12.498891100989777,0.9481854273851034,1.789803791877908,1.5406120435777638e-10,-2.1580495258552914e-06,OPENING_DOOR,door_blue_df7a1e
1789540346.7677083,12.498891100989777,0.9481854273851034,1.789803791877908,1.5406120435777638e-10,-2.1580495258552914e-06,OPENING_DOOR,door_blue_df7a1e
1789540347.1169283,12.498891100989777,0.9481854273851034,1.789803791877908,1.5406120435777638e-10,-2.1580495258552914e-06,OPENING_DOOR,door_blue_df7a1e
1789540347.4639916,12.498891100989777,0.9481854273851034,1.789803791877908,1.5406120435777638e-10,-2.1580495258552914e-06,OPENING_DOOR,door_blue_df7a1e
1789540347.8140042,12.498891100989777,0.9481854273851034,1.789803791877908,1.5406120435777638e-10,-2.1580495258552914e-06,OPENING_DOOR,door_blue_df7a1e
1789540348.1656969,12.498891100989777,0.9481854273851034,1.789803791877908,1.5406120435777638e-10,-2.1580495258552914e-06,OPENING_DOOR,door_blue_df7a1e
1789540348.513946,12.498891100989777,0.9481854273851034,1.789803791877908,1.5406120435777638e-10,-2.1580495258552914e-06,OPENING_DOOR,door_blue_df7a1e
1789540348.8645825,12.498891100989777,0.9481854273851034,1.789803791877908,1.5406120435777638e-10,-2.1580495258552914e-06,OPENING_DOOR,door_blue_df7a1e
1789540349.2138033,12.498891100989777,0.9481854273851034,1.789803791877908,1.5406120435777638e-10,-2.1580495258552914e-06,OPENING_DOOR,door_blue_df7a1e
1789540349.5636759,12.498891100989777,0.9481854273851034,1.789803791877908,1.5406120435777638e-10,-2.1580495258552914e-06,OPENING_DOOR,door_blue_df7a1e
1789540349.9139411,12.498891100989777,0.9481854273851034,1.789803791877908,1.5406120435777638e-10,-2.1580495258552914e-06,OPENING_DOOR,door_blue_df7a1e
1789540350.2652805,12.498891100989777,0.9481854273851034,1.789803791877908,1.5406120435777638e-10,-2.1580495258552914e-06,OPENING_DOOR,door_blue_df7a1e
1789540350.613592,12.498891100989777,0.9481854273851034,1.789803791877908,1.5406120435777638e-10,-2.1580495258552914e-06,OPENING_DOOR,door_blue_df7a1e
1789540350.9636922,12.498891100989777,0.9481854273851034,1.789803791877908,1.5406120435777638e-10,-2.1580495258552914e-06,OPENING_DOOR,door_blue_df7a1e
1789540351.31688,12.498890433150562,0.9481884306218579,1.789803788440745,4.930617934738869e-10,1.4015142541629525e-05,OPENING_DOOR,door_blue_df7a1e
1789540351.6668901,12.498890863857392,0.9481864987681338,1.7898037876622974,3.290095152294949e-10,3.580049645375447e-06,OPENING_DOOR,door_blue_df7a1e
1789540352.0138016,12.498890969763456,0.948186023535655,1.7898037877026791,7.269856515319774e-11,1.0129437280207064e-06,OPENING_DOOR,door_blue_df7a1e
1789540352.3637836,12.498890818575381,0.9481866989014947,1.7898037892721643,-3.9869269517143345e-10,4.6712743490339555e-06,OPENING_DOOR,door_blue_df7a1e
1789540352.7136889,12.498890925023566,0.9481862205966539,1.7898037897024706,-3.8165314873756557e-10,2.0917917945101676e-06,OPENING_DOOR,door_blue_df7a1e
1789540353.0638354,12.498890925023566,0.9481862205966539,1.7898037897024706,-3.8165314873756557e-10,2.0917917945101676e-06,OPENING_DOOR,door_blue_df7a1e
1789540353.414946,12.498890925023566,0.9481862205966539,1.7898037897024706,-3.8165314873756557e-10,2.0917917945101676e-06,OPENING_DOOR,door_blue_df7a1e
1789540353.7660103,12.498890925023566,0.9481862205966539,1.7898037897024706,-3.8165314873756557e-10,2.0917917945101676e-06,OPENING_DOOR,door_blue_df7a1e
1789540354.113686,12.498890925023566,0.9481862205966539,1.7898037897024706,-3.8165314873756557e-10,2.0917917945101676e-06,OPENING_DOOR,door_blue_df7a1e
1789540354.4638307,12.498890925023566,0.9481862205966539,1.7898037897024706,-3.8165314873756557e-10,2.0917917945101676e-06,OPENING_DOOR,door_blue_df7a1e
1789540354.8142571,12.500509379845557,0.9410071668209984,1.7898037927988604,-5.769325856270845e-12,5.463667337646489e-06,OPENING_DOOR,door_blue_df7a1e
1789540355.1636972,12.501986922016119,0.9343688396363145,1.7898037927947195,2.2599655850989907e-12,1.3934190317800305e-06,OPENING_DOOR,door_blue_df7a1e
1789540355.513935,12.504203033332926,0.9244122559189889,1.7898037927937416,1.6285818223550225e-13,1.8002474210803536e-07,OPENING_DOOR,door_blue_df7a1e
1789540355.8639462,12.505948730888875,0.916569150118271,1.7898037927883144,-8.265974010006231e-13,3.224916462543345e-08,DOOR_OPENED,door_blue_df7a1e
1789540356.213982,12.505989793497333,0.916384660048302,1.7898037927847485,-6.614875083112364e-13,2.6344087071623788e-08,DOOR_OPENED,door_blue_df7a1e
1789540356.5640223,12.505989793497333,0.916384660048302,1.7898037927847485,-6.614875083112364e-13,2.6344087071623788e-08,DOOR_OPENED,door_blue_df7a1e
1789540356.9139006,12.505989793497333,0.916384660048302,1.7898037927847485,-6.614875083112364e-13,2.6344087071623788e-08,EXPLORING,door_blue_df7a1e
1789540357.2640052,12.505989793497333,0.916384660048302,1.7898037927847485,-6.614875083112364e-13,2.6344087071623788e-08,EXPLORING,door_blue_df7a1e
1789540357.613875,12.505989793497333,0.916384660048302,1.7898037927847485,-6.614875083112364e-13,2.6344087071623788e-08,EXPLORING,door_blue_df7a1e
1789540357.9689386,12.50871577795215,0.9163899633878351,1.8238229683488807,-4.1951927432175485e-10,1.1752218934324459e-09,EXPLORING,door_blue_df7a1e
1789540358.3137438,12.515430193119421,0.9163899838218394,1.888652458638705,-4.203339399440179e-11,9.940179307541459e-10,EXPLORING,door_blue_df7a1e
1789540358.6647627,12.521245628809451,0.916390005093931,1.9511358288021792,6.228775762952479e-11,9.228531627428367e-10,EXPLORING,door_blue_df7a1e
1789540359.013819,12.526151208072672,0.9163900242766514,2.0114177728901765,6.163267123529863e-11,8.887101266581699e-10,EXPLORING,door_blue_df7a1e
1789540359.3647637,12.530142583745068,0.916390042382104,2.069614378159636,6.108352729245972e-11,8.791688398803761e-10,EXPLORING,door_blue_df7a1e
1789540359.7139642,12.533727544084513,0.916390063082946,2.136828292316606,6.32109925074511e-11,8.743415223577146e-10,EXPLORING,door_blue_df7a1e
1789540360.0649674,12.53571862923294,0.9163900789881507,2.1907421673160417,5.847909182805268e-11,8.675220624596408e-10,EXPLORING,door_blue_df7a1e
1789540360.4139504,12.536815272324436,0.9163900937525178,2.2428127000051146,5.575080420216487e-11,8.590913294387777e-10,EXPLORING,door_blue_df7a1e
1789540360.763875,12.537059255294812,0.9164221792937474,2.2932196721208236,2.0160288556336628e-11,8.423496907948628e-10,EXPLORING,door_blue_df7a1e
1789540361.1142917,12.537059290641677,0.9169214856656033,2.344875147974905,2.3133086819650464e-11,9.54855492141796e-10,EXPLORING,door_blue_df7a1e
1789540361.4638655,12.537496641294796,0.9169460924006978,2.407725381976149,-3.1566961065874154e-12,9.89431694274596e-10,EXPLORING,door_blue_df7a1e
1789540361.8139431,12.537615100151465,0.9170622682545104,2.458076849047058,-1.7213279418619174e-11,8.838331553142267e-10,EXPLORING,door_blue_df7a1e
1789540362.1637995,12.537615111632464,0.9177045047882932,2.499252552862305,-4.654849535869338e-11,8.564925516468828e-10,EXPLORING,door_blue_df7a1e
1789540362.513748,12.537615126978155,0.9193078239413119,2.5523639300023393,-5.7216412191886625e-11,8.515871400358458e-10,EXPLORING,door_blue_df7a1e
1789540362.8638966,12.537615143370875,0.9218120165594464,2.607350277769761,-5.903126151804127e-11,8.646930395307718e-10,EXPLORING,door_blue_df7a1e
1789540363.214062,12.537615160899028,0.9252257343795622,2.6642780588610817,-6.225302799148007e-11,8.790220969472074e-10,EXPLORING,door_blue_df7a1e
1789540363.5639384,12.537615175693723,0.9286146296836733,2.71127257813812,-6.432224283438138e-11,8.873428548331335e-10,EXPLORING,door_blue_df7a1e
1789540363.9137623,12.537615199058003,0.9347939601275973,2.784305064589728,-6.601065775988233e-11,8.97836688083629e-10,EXPLORING,door_blue_df7a1e
1789540364.2657804,12.53761521952493,0.9409411123644376,2.847631262541907,-6.679582177776991e-11,9.083325324076471e-10,EXPLORING,door_blue_df7a1e
1789540364.6139743,12.537615240782667,0.9479811882161272,2.9133649528137484,-6.655343922384262e-11,9.20718930796675e-10,EXPLORING,door_blue_df7a1e
1789540364.963885,12.537615267135418,0.9575765411455411,2.9957063615731707,-6.47754271374079e-11,9.36197589577723e-10,EXPLORING,door_blue_df7a1e
1789540365.313855,12.537615289589715,0.9664900268830318,3.067514740867139,-6.176534098608363e-11,9.487908706008941e-10,EXPLORING,door_blue_df7a1e
1789540365.663782,12.53761530771861,0.9741884382862296,3.1272950373054544,-5.811176118579936e-11,9.586180620255444e-10,EXPLORING,door_blue_df7a1e
1789540366.0139441,12.537615288605263,0.9858705888583822,-3.0655856357169773,3.627158932920346e-11,9.610847855057139e-10,EXPLORING,door_blue_df7a1e
1789540366.3639364,12.537615265570082,0.9947674149043081,-2.9938403930940707,5.905170706175897e-11,9.498460779366835e-10,EXPLORING,door_blue_df7a1e
1789540366.7146606,12.537615243214649,1.002831671450354,-2.925008799687385,6.263713287788576e-11,9.36088288036989e-10,EXPLORING,door_blue_df7a1e
1789540367.0638313,12.537615221501735,1.010029525245653,-2.8588246438872926,6.562523580929356e-11,9.223938037887939e-10,EXPLORING,door_blue_df7a1e
1789540367.4140263,12.537615200581326,1.016337511716988,-2.7950806391434044,6.68209390048426e-11,9.097766642793018e-10,EXPLORING,door_blue_df7a1e
1789540367.7637832,12.537615176726995,1.022711965191959,-2.721580654721902,6.617872723215146e-11,8.963141853310587e-10,EXPLORING,door_blue_df7a1e
1789540368.1141412,12.537615154342575,1.027771469359856,-2.65113861092385,6.47826162316505e-11,8.843581605541235e-10,EXPLORING,door_blue_df7a1e
1789540368.468794,12.537615140291091,1.0304134075917377,-2.605789943451209,6.327275222278165e-11,8.772815685474029e-10,EXPLORING,door_blue_df7a1e
1789540368.813784,12.53761512695945,1.0324731420758286,-2.5616827180423107,6.143953327815908e-11,8.709613334750725e-10,EXPLORING,door_blue_df7a1e
1789540369.1639342,12.537615108324296,1.03448091767991,-2.497775519295057,5.8108261351824385e-11,8.633029680255246e-10,EXPLORING,door_blue_df7a1e
1789540369.516123,12.537615094044376,1.0351759065882746,-2.4465256879556025,5.494483238199355e-11,8.581041354647917e-10,EXPLORING,door_blue_df7a1e
1789540369.8639746,12.537361860804095,1.0352134793627477,-2.39601478816893,-1.7900272619949496e-11,8.342441572859028e-10,EXPLORING,door_blue_df7a1e
1789540370.213804,12.537059142513515,1.0352142716959614,-2.3539983635370363,3.0902061355035624e-11,9.974274724191305e-10,EXPLORING,door_blue_df7a1e
1789540370.5637705,12.53705910577071,1.0356759417854566,-2.3019074204044148,1.2656414951258062e-12,9.838446551920148e-10,EXPLORING,door_blue_df7a1e
1789540370.913675,12.536999334701436,1.0357693059956763,-2.2616970655469038,-8.164476667091773e-12,8.966345848111636e-10,EXPLORING,door_blue_df7a1e
1789540371.2659273,12.536236798180152,1.0357693202961198,-2.2103094150781457,-4.7825850233895244e-11,8.608529918620804e-10,EXPLORING,door_blue_df7a1e
1789540371.613663,12.534585015092409,1.035769335712062,-2.1570980572332474,-5.765938600218053e-11,8.570052754780582e-10,EXPLORING,door_blue_df7a1e
1789540371.9639666,12.532615013847227,1.0357693488021509,-2.113179672677106,-5.913797335025014e-11,8.668525090646266e-10,EXPLORING,door_blue_df7a1e
1789540372.3139403,12.529334362439004,1.0357693661925802,-2.056539819670966,-6.232446925828618e-11,8.805425495580961e-10,EXPLORING,door_blue_df7a1e
1789540372.6638827,12.525140204125798,1.035769384672993,-1.9978896336277945,-6.500564121027999e-11,8.899043279320084e-10,EXPLORING,door_blue_df7a1e
1789540373.0139003,12.522184974289868,1.0357693962388297,-1.961694635270679,-6.596195162292428e-11,8.941992580009642e-10,EXPLORING,door_blue_df7a1e
1789540373.363913,12.5152921604898,1.0357694203764936,-1.8869249953764742,-6.715154656775105e-11,9.041558594934726e-10,EXPLORING,door_blue_df7a1e
1789540373.7139213,12.50855891711179,1.0357694414166825,-1.822044126383338,-6.71674316811803e-11,9.146704632281181e-10,EXPLORING,door_blue_df7a1e
1789540374.066373,12.500945989285404,1.0357694631535939,-1.7546314199203095,-6.605378326396689e-11,9.267252064475265e-10,EXPLORING,door_blue_df7a1e
1789540374.4146612,12.494168500810002,1.0346163474253927,-1.6995271731881936,2.0026504220249e-09,-4.799855400031449e-10,EXPLORING,door_blue_df7a1e
1789540374.7638693,12.489558706689547,1.0128182854881036,-1.6833042128895872,4.0767443787722896e-10,-2.007837502748244e-09,EXPLORING,door_blue_df7a1e
1789540375.1146672,12.484328006790742,0.9823851869138178,-1.6669227641549083,9.271292802241153e-11,3.836355059368365e-11,EXPLORING,door_blue_df7a1e
1789540375.4718986,12.480592273591936,0.9580037789464644,-1.6546525945148645,1.2458233984636235e-10,7.658264810190407e-10,EXPLORING,door_blue_df7a1e
1789540375.813916,12.476903872019102,0.9274989913322784,-1.6445575684455964,5.252421665532251e-11,1.0931280095462112e-09,EXPLORING,door_blue_df7a1e
1789540376.1636622,12.47350952555422,0.8969713659804176,-1.6344004471113873,2.4752107228023503e-11,1.0419343774168241e-09,EXPLORING,door_blue_df7a1e
1789540376.5140564,12.470499202164792,0.866424035267924,-1.6248806464367886,5.6705416081060385e-11,9.328559278670479e-10,EXPLORING,door_blue_df7a1e
1789540376.865248,12.469016991925216,0.8480889291776915,-1.6207762506537329,3.508915541019224e-11,9.044806592794035e-10,EXPLORING,door_blue_df7a1e
1789540377.2168791,12.46760780127016,0.8297500524796606,-1.6166615039115222,2.402475625028967e-11,9.081927181778465e-10,EXPLORING,door_blue_df7a1e
1789540377.563942,12.465009341158794,0.7930621948465104,-1.6084006569038987,1.705729466308891e-11,9.4423407322724e-10,EXPLORING,door_blue_df7a1e
1789540377.9139876,12.463270627315646,0.7624806909113786,-1.6031708122365118,2.751557435689407e-11,9.554002693060046e-10,EXPLORING,door_blue_df7a1e
1789540378.2651947,12.461780193421417,0.7318946942172205,-1.5988012682357673,1.383195381910927e-11,9.469568651518257e-10,EXPLORING,door_blue_df7a1e
1789540378.6139557,12.460682377655473,0.7074231689538778,-1.5952970897749161,1.1171778101074806e-11,9.402433080973151e-10,EXPLORING,door_blue_df7a1e
1789540378.9663148,12.459532079004408,0.6768310225893291,-1.5917524055025447,1.9884234263840774e-11,9.391853527762362e-10,EXPLORING,door_blue_df7a1e
1789540379.3137574,12.458758449483524,0.652355873000376,-1.5895430779771238,1.084162635492762e-11,9.411558966175888e-10,EXPLORING,door_blue_df7a1e
1789540379.663804,12.457866633169301,0.6217605227111793,-1.586777130398644,7.109886118024754e-12,9.441575026140065e-10,EXPLORING,door_blue_df7a1e
1789540380.014179,12.457371719960168,0.6034026475967966,-1.5851152655973821,7.102771236534038e-12,9.452551877317434e-10,EXPLORING,door_blue_df7a1e
1789540380.3641243,12.45697906727695,0.5850444043078793,-1.5840439054652709,1.1909776377009369e-11,9.459986081434213e-10,EXPLORING,door_blue_df7a1e
1789540380.7139244,12.456372347238576,0.5544467754428016,-1.5822970403270589,5.679227714698602e-12,9.46061636391991e-10,EXPLORING,door_blue_df7a1e
1789540381.0640225,12.455818721209868,0.5238485312727374,-1.5805482613472266,4.372344465776423e-12,9.457048896887239e-10,EXPLORING,door_blue_df7a1e
1789540381.4156435,12.455446970348701,0.4993695706852484,-1.5794130576700458,8.205094148084085e-12,9.451883442181742e-10,EXPLORING,door_blue_df7a1e
1789540381.7638485,12.455126984426196,0.4748904045981137,-1.5784928680877386,4.534071806606835e-12,9.442599965577243e-10,EXPLORING,door_blue_df7a1e
1789540382.1138382,12.454758540305994,0.44429120546707335,-1.5773418825931553,2.97695857556358e-12,9.42941233608635e-10,EXPLORING,door_blue_df7a1e
1789540382.4641047,12.454521646205723,0.4208923353611483,-1.57653653865639,1.6177866113734458e-12,-3.9583540470114766e-05,EXPLORING,door_blue_df7a1e
1789540382.8159368,12.454521611507316,0.42088628946560214,-1.5765365386523633,3.4979397597410957e-13,-7.76855394404816e-06,EXPLORING,door_blue_df7a1e
1789540383.1642609,12.45452160532793,0.42088521276408536,-1.57653653865213,-3.3772754884419035e-13,-2.102569670299638e-06,EXPLORING,door_blue_df7a1e
1789540383.5142024,12.45452160532793,0.42088521276408536,-1.57653653865213,-3.3772754884419035e-13,-2.102569670299638e-06,EXPLORING,door_blue_df7a1e
1789540383.863745,12.45452160532793,0.42088521276408536,-1.57653653865213,-3.3772754884419035e-13,-2.102569670299638e-06,EXPLORING,door_blue_df7a1e
1789540384.2144952,12.45452160532793,0.42088521276408536,-1.57653653865213,-3.3772754884419035e-13,-2.102569670299638e-06,EXPLORING,door_blue_df7a1e
1789540384.563667,12.45452160532793,0.42088521276408536,-1.57653653865213,-3.3772754884419035e-13,-2.102569670299638e-06,EXPLORING,door_blue_df7a1e
1789540384.9137752,12.45452160532793,0.42088521276408536,-1.57653653865213,-3.3772754884419035e-13,-2.102569670299638e-06,EXPLORING,door_blue_df7a1e
1789540385.2641797,12.45452160532793,0.42088521276408536,-1.57653653865213,-3.3772754884419035e-13,-2.102569670299638e-06,EXPLORING,door_blue_df7a1e
1789540385.6140475,12.45452160532793,0.42088521276408536,-1.57653653865213,-3.3772754884419035e-13,-2.102569670299638e-06,EXPLORING,door_blue_df7a1e
1789540385.9637861,12.45452160532793,0.42088521276408536,-1.57653653865213,-3.3772754884419035e-13,-2.102569670299638e-06,EXPLORING,door_blue_df7a1e
1789540386.316957,12.45452160532793,0.42088521276408536,-1.57653653865213,-3.3772754884419035e-13,-2.102569670299638e-06,EXPLORING,door_blue_df7a1e
1789540386.6639924,12.45452160532793,0.42088521276408536,-1.57653653865213,-3.3772754884419035e-13,-2.102569670299638e-06,EXPLORING_NAVIGATING,explore_waypoint_16.3_lat-23
1789540387.0138838,12.45452160532793,0.42088521276408536,-1.57653653865213,-3.3772754884419035e-13,-2.102569670299638e-06,EXPLORING_NAVIGATING,explore_waypoint_16.3_lat-23
1789540387.363877,12.45452160532793,0.42088521276408536,-1.57653653865213,-3.3772754884419035e-13,-2.102569670299638e-06,EXPLORING_NAVIGATING,explore_waypoint_16.3_lat-23
1789540387.7140641,12.45452160532793,0.42088521276408536,-1.57653653865213,-3.3772754884419035e-13,-2.102569670299638e-06,EXPLORING_NAVIGATING,explore_waypoint_16.3_lat-23
1789540388.0640087,12.453943147100565,0.42088484924719494,-1.571382588946964,-2.489205665184924e-10,9.400218852364341e-10,EXPLORING_NAVIGATING,explore_waypoint_16.3_lat-23
1789540388.413852,12.448657937725063,0.4208849140007497,-1.5302896452037638,-2.7868130331722536e-10,9.585199096591651e-10,EXPLORING_NAVIGATING,explore_waypoint_16.3_lat-23
1789540388.7641609,12.440232089121228,0.42015759416282955,-1.4629977899807225,-1.6155638079299728e-10,-3.635316688538205e-10,EXPLORING_NAVIGATING,explore_waypoint_16.3_lat-23
1789540389.1142821,12.434092649788907,0.40902113049661126,-1.3991493917174251,4.8836285741684365e-11,-1.929993787602161e-09,EXPLORING_NAVIGATING,explore_waypoint_16.3_lat-23
1789540389.463983,12.43220154662867,0.3803771302053262,-1.3316696035624005,2.3371922069700446e-05,-3.260022148807438e-05,EXPLORING_NAVIGATING,explore_waypoint_16.3_lat-23
1789540389.8142025,12.439128573857463,0.34295119753556197,-1.2981853154045042,1.4480677853241454e-06,-2.0199760558160233e-06,EXPLORING_NAVIGATING,explore_waypoint_16.3_lat-23
1789540390.165564,12.450773226063475,0.29843207164492597,-1.2886197114596782,2.8711185838782258e-08,-4.6060172803801384e-08,EXPLORING_NAVIGATING,explore_waypoint_16.3_lat-23
1789540390.51501,12.460296677392906,0.25748972361085787,-1.2600913456066165,2.759583253535856e-09,-3.7060665994390487e-09,EXPLORING_NAVIGATING,explore_waypoint_16.3_lat-23
1789540390.865087,12.467189097802992,0.22458339700485558,-1.2162764828997887,-2.769517239313571e-09,-5.44780921063512e-06,EXPLORING_NAVIGATING,explore_waypoint_16.3_lat-23
1789540391.2139277,12.47546124566526,0.19474864376945605,-1.1772916590494833,-2.9201588746387343e-10,-1.3888736419826621e-06,EXPLORING_NAVIGATING,explore_waypoint_16.3_lat-23
1789540391.5672345,12.49175232586666,0.14824931951199322,-1.1184208047050856,1.9777305588651895e-10,-1.7817226241227064e-07,EXPLORING_NAVIGATING,explore_waypoint_16.3_lat-23
1789540391.9162018,12.504692574073525,0.1179506877854327,-1.0821429749481533,2.2636553919783346e-10,-4.482701614182024e-08,EXPLORING_NAVIGATING,explore_waypoint_16.3_lat-23
1789540392.2649448,12.51686083770871,0.09170970041252703,-1.0473757208024945,-8.507335561356071e-10,-1.4169314482933834e-05,EXPLORING_NAVIGATING,explore_waypoint_16.3_lat-23
1789540392.613844,12.532658080544055,0.06254176309335274,-1.0148685818975607,5.09873697817401e-10,-3.611225465540862e-06,EXPLORING_NAVIGATING,explore_waypoint_16.3_lat-23
1789540392.9644368,12.558689361547744,0.01985757541548293,-0.9691113557601523,3.1427572020668864e-10,-4.6402629211137245e-07,EXPLORING_NAVIGATING,explore_waypoint_16.3_lat-23
1789540393.3144724,12.576934613408799,-0.007603692562572085,-0.9399370723756064,-5.664452538317924e-09,2.7374305620544503e-05,EXPLORING_NAVIGATING,explore_waypoint_16.3_lat-23
1789540393.6639824,12.590236011690388,-0.026907983827488866,-0.9096043125174053,-3.3710885001889493e-06,3.818230243997421e-07,EXPLORING_NAVIGATING,explore_waypoint_16.3_lat-23
1789540394.0146883,12.615602284019374,-0.05948598250806572,-0.8765573931227065,-6.104472051466811e-07,6.955244455882303e-08,EXPLORING_NAVIGATING,explore_waypoint_16.3_lat-23
1789540394.3638697,12.637481935331024,-0.08552843780676624,-0.8534830265262068,-1.5548087557925045e-07,1.8380663970953688e-08,EXPLORING_NAVIGATING,explore_waypoint_16.3_lat-23
1789540394.713922,12.655934222663705,-0.10688389900045159,-0.828139271686383,-3.9147535293251677e-07,-1.5236192025375467e-05,EXPLORING_NAVIGATING,explore_waypoint_16.3_lat-23
1789540395.0639665,12.6839686407473,-0.13636288219335266,-0.7949365076101048,-7.035486916418733e-08,-2.75959141085034e-06,EXPLORING_NAVIGATING,explore_waypoint_16.3_lat-23
1789540395.4139533,12.708044829023516,-0.16033086544323089,-0.7681367766482182,-1.776461622694075e-08,-7.02793472502775e-07,EXPLORING_NAVIGATING,explore_waypoint_16.3_lat-23
1789540395.7640898,12.738722438120403,-0.1893537672886529,-0.7354425650722185,-3.10225759744532e-09,-1.2655332793646446e-07,EXPLORING_NAVIGATING,explore_waypoint_16.3_lat-23
1789540396.1141305,12.76279905589209,-0.2110581318791699,-0.7018692814605324,-1.92833824245733e-07,-5.795461946665329e-07,EXPLORING_NAVIGATING,explore_waypoint_16.3_lat-23
1789540396.463875,12.795224384931453,-0.23785963754898523,-0.6707513912118178,-3.484222512426782e-08,-1.0463824034068343e-07,EXPLORING_NAVIGATING,explore_waypoint_16.3_lat-23
1789540396.8150477,12.820730867429837,-0.2580312478046943,-0.6457293454822582,-8.84082444713102e-09,-2.167784889457073e-06,EXPLORING_NAVIGATING,explore_waypoint_16.3_lat-23
1789540397.1636627,12.851581923976038,-0.2814633157475416,-0.6131013207741611,-1.6836751570655082e-09,-1.7690587237966718e-06,EXPLORING_NAVIGATING,explore_waypoint_16.3_lat-23
1789540397.5138586,12.876423408851442,-0.2999884351813168,-0.5778062606100381,1.3727846968659909e-09,-2.168563799985162e-05,EXPLORING_NAVIGATING,explore_waypoint_16.3_lat-23
1789540397.8668165,12.90522830969296,-0.319694871089517,-0.541083441020604,1.0408131307390933e-09,-3.927901909768289e-06,EXPLORING_NAVIGATING,explore_waypoint_16.3_lat-23
1789540398.2156355,12.925596802703495,-0.33347561912436163,-0.5095257012074984,-6.871396653994661e-10,-1.4585724030607575e-06,EXPLORING_NAVIGATING,explore_waypoint_16.3_lat-23
1789540398.5677624,12.939795673244356,-0.343862182619702,-0.4741137029636705,-2.5749886830884684e-06,-9.850379040580929e-06,EXPLORING_NAVIGATING,explore_waypoint_16.3_lat-23
1789540398.9138987,12.948346466133936,-0.3513149205930594,-0.42891714512089246,-4.658808577786438e-07,3.6466476360078374e-07,EXPLORING_NAVIGATING,explore_waypoint_16.3_lat-23
1789540399.263952,12.956269651023145,-0.3586070439067121,-0.3814472397717311,-8.442151356533048e-08,6.635027742547348e-08,EXPLORING_NAVIGATING,explore_waypoint_16.3_lat-23
1789540399.613649,12.959220532540137,-0.3612963631180892,-0.3646937703873722,-1.6625030009899874e-08,6.012715032108695e-06,EXPLORING,explore_waypoint_16.3_lat-23
1789540399.9637163,12.959219800711072,-0.3612960860191146,-0.3646937703953556,-5.2205979949892485e-09,1.8936013535426092e-06,EXPLORING,explore_waypoint_16.3_lat-23
1789540400.313997,12.959219800711072,-0.3612960860191146,-0.3646937703953556,-5.2205979949892485e-09,1.8936013535426092e-06,EXPLORING,explore_waypoint_16.3_lat-23
1789540400.66395,12.959207848982672,-0.3635417450523783,-0.3302377506688222,-5.575469247971417e-10,3.8462588537905037e-08,EXPLORING,explore_waypoint_16.3_lat-23
1789540401.0137868,12.959207821483776,-0.3714895583447305,-0.2527346271218686,-2.0652808765793703e-10,7.64936061672217e-09,EXPLORING,explore_waypoint_16.3_lat-23
1789540401.3645055,12.959207799155246,-0.38070436678052166,-0.17158995594987214,-1.0229482880203203e-10,2.1444343983683006e-09,EXPLORING,explore_waypoint_16.3_lat-23
1789540401.713866,12.959207781196886,-0.3889555081031592,-0.10378010993254322,-8.92611987704194e-11,1.2732290710842592e-09,EXPLORING,explore_waypoint_16.3_lat-23
1789540402.063682,12.959207758089326,-0.40030800480715534,-0.014942371859263953,-8.838461346795683e-11,1.0408540774233479e-09,EXPLORING,explore_waypoint_16.3_lat-23
1789540402.413935,12.959207773806343,-0.411995743966835,0.0753873321258454,3.9371541267899457e-11,9.869365866329438e-10,EXPLORING,explore_waypoint_16.3_lat-23
1789540402.7639287,12.959207797133391,-0.4225821004390644,0.16115531383704113,8.445249280858352e-11,9.551120195598513e-10,EXPLORING,explore_waypoint_16.3_lat-23
1789540403.1139696,12.959207819553495,-0.4319595685701793,0.24280467786973522,9.127448868781652e-11,9.339830734561266e-10,EXPLORING,explore_waypoint_16.3_lat-23
1789540403.463919,12.959207841154752,-0.4400750699668856,0.320764336068703,9.546002625469574e-11,9.147690864664316e-10,EXPLORING,explore_waypoint_16.3_lat-23
1789540403.8139546,12.959207857694384,-0.445636039130185,0.3806931337678836,9.669628775509603e-11,8.986557534652362e-10,EXPLORING,explore_waypoint_16.3_lat-23
1789540404.1706796,12.959207877223044,-0.45140738308608086,0.4527646642822275,9.486145743796456e-11,8.789575781494555e-10,EXPLORING,explore_waypoint_16.3_lat-23
1789540404.513841,12.959207895433982,-0.45586228150470626,0.5218622051214862,9.198215101235682e-11,8.612777350833761e-10,EXPLORING,explore_waypoint_16.3_lat-23
1789540404.8639748,12.959207912285718,-0.4590054186671721,0.5881379469083216,8.805348826880784e-11,8.462039692873462e-10,EXPLORING,explore_waypoint_16.3_lat-23
1789540405.2140312,12.959207930661835,-0.461065946847048,0.6641086702056159,8.192039582051128e-11,8.314404033586971e-10,EXPLORING,explore_waypoint_16.3_lat-23
1789540405.5644474,12.959252624636612,-0.4614216597463781,0.7247398437723257,2.983531734336518e-11,8.078680497119578e-10,EXPLORING,explore_waypoint_16.3_lat-23
1789540405.9139364,12.959332432249091,-0.4613955313347079,0.7282792085880712,-1.715775575319767e-10,1.0059389756571909e-09,EXPLORING,explore_waypoint_16.3_lat-23
1789540406.2639854,12.959261549227321,-0.4608992363288581,0.6553394079639857,1.9310868353051302e-11,8.616437512775218e-10,EXPLORING,explore_waypoint_16.3_lat-23
1789540406.6137846,12.959261533373065,-0.45913673902216373,0.5919378694859835,8.915996682043648e-11,8.397343718776551e-10,EXPLORING,explore_waypoint_16.3_lat-23
1789540406.963885,12.95926151692126,-0.45607799292306633,0.5258401288546745,8.240398197378523e-11,8.373985573283191e-10,EXPLORING,explore_waypoint_16.3_lat-23
1789540407.3138547,12.95926149910571,-0.45170844894785744,0.456929874489205,8.907047956049375e-11,8.526261174687837e-10,EXPLORING,explore_waypoint_16.3_lat-23
1789540407.664136,12.959261479843786,-0.4460227707356164,0.3850574781177912,9.594812766091087e-11,8.74793959421164e-10,EXPLORING,explore_waypoint_16.3_lat-23
1789540408.0137017,12.959261455369717,-0.43747163459612093,0.2946245953942613,9.556890104208164e-11,8.985327766141392e-10,EXPLORING,explore_waypoint_16.3_lat-23
1789540408.3639753,12.959261433893582,-0.4289296685208155,0.21547163779805412,9.575088709492029e-11,9.177724039309929e-10,EXPLORING,explore_waypoint_16.3_lat-23
1789540408.7138848,12.959261411686876,-0.4191413559738974,0.13250091040109727,9.282141487428345e-11,9.387238741268212e-10,EXPLORING,explore_waypoint_16.3_lat-23
1789540409.0637805,12.959261389048452,-0.40816760639403776,0.04523711487531443,8.636331918441271e-11,9.60853988022579e-10,EXPLORING,explore_waypoint_16.3_lat-23
1789540409.4167652,12.959261389313486,-0.39635706885867705,-0.04564388886903922,-6.566843843127685e-12,9.76885517981939e-10,EXPLORING,explore_waypoint_16.3_lat-23
1789540409.7638876,12.959261412925782,-0.38538195316810214,-0.1329131967811401,-7.7357994140433e-11,9.65327637319382e-10,EXPLORING,explore_waypoint_16.3_lat-23
1789540410.1140802,12.959261440248204,-0.37378273004302237,-0.23201139403759338,-9.172842245449021e-11,9.38740660051641e-10,EXPLORING,explore_waypoint_16.3_lat-23
1789540410.463922,12.959261457697119,-0.36704979698556695,-0.29504280070558514,-9.44856272714937e-11,9.201935358486414e-10,EXPLORING,explore_waypoint_16.3_lat-23
1789540410.8139362,12.95926147861846,-0.35979298553585987,-0.3707308610049741,-9.680532252925716e-11,8.985072717167176e-10,EXPLORING,explore_waypoint_16.3_lat-23
1789540411.1638467,12.959261498319565,-0.3538442426773189,-0.4432175880344031,-9.537335538511885e-11,8.794915411067504e-10,EXPLORING,explore_waypoint_16.3_lat-23
1789540411.5139236,12.959261520221297,-0.3484431119866919,-0.5262592969103662,-9.173636402609422e-11,8.597834518530777e-10,EXPLORING,explore_waypoint_16.3_lat-23
1789540411.8639371,12.95926153696539,-0.34538493969323625,-0.5923558361065763,-8.765581146945964e-11,8.456950413860501e-10,EXPLORING,explore_waypoint_16.3_lat-23
1789540412.21689,12.959261549350144,-0.3438728899899803,-0.6432866983709519,-8.371176097680445e-11,8.360427647809801e-10,EXPLORING,explore_waypoint_16.3_lat-23
1789540412.5646038,12.959261563584164,-0.3431328213880124,-0.7045951516794122,-7.824638389622432e-11,8.263371540226281e-10,EXPLORING,explore_waypoint_16.3_lat-23
1789540412.9138935,12.95980828788083,-0.3431280292231635,-0.7785264196947296,-3.7908299477896524e-11,9.70202160432754e-10,EXPLORING,explore_waypoint_16.3_lat-23
1789540413.2637653,12.95981759017676,-0.34265325117245027,-0.8412024440510556,-3.0696856919893293e-12,9.971640871170083e-10,EXPLORING,explore_waypoint_16.3_lat-23
1789540413.6138113,12.960096685250846,-0.34257219703987574,-0.9017637479227326,3.786508005383839e-11,8.699420862567782e-10,EXPLORING,explore_waypoint_16.3_lat-23
1789540413.963875,12.961574724068612,-0.3425721820054736,-0.964580887009859,7.749425881552892e-11,8.315201348613164e-10,EXPLORING,explore_waypoint_16.3_lat-23
1789540414.3139362,12.964344698943565,-0.3425721657267694,-1.0300721781492408,8.555478568998236e-11,8.325597837784533e-10,EXPLORING,explore_waypoint_16.3_lat-23
1789540414.6638813,12.968422985100693,-0.34257214817679393,-1.0983476362148161,8.877305985238774e-11,8.53334952336305e-10,EXPLORING,explore_waypoint_16.3_lat-23
1789540415.015593,12.975053768048307,-0.34257212536743625,-1.1841552375711597,9.381602850046288e-11,8.783965819835825e-10,EXPLORING,explore_waypoint_16.3_lat-23
1789540415.363708,12.982021722396803,-0.34257210509736113,-1.2591125079528402,9.544574246502833e-11,8.94813490802258e-10,EXPLORING,explore_waypoint_16.3_lat-23
1789540415.715701,12.990281545588488,-0.3425720838450676,-1.3374706035792348,9.53215192170938e-11,9.117954033868152e-10,EXPLORING,explore_waypoint_16.3_lat-23
1789540416.063769,12.988517128129297,-0.34259149890301,-1.3013876128823711,-7.038461103108802e-10,1.37299487273282e-09,EXPLORING,explore_waypoint_16.3_lat-23
1789540416.4137955,12.979453316005138,-0.3425915243293948,-1.2096348508017798,-7.840241386298334e-12,1.0169197058113824e-09,EXPLORING,explore_waypoint_16.3_lat-23
1789540416.764213,12.9733352737475,-0.34259154504533623,-1.136748128178898,9.503205305413545e-11,8.839585717046084e-10,EXPLORING,explore_waypoint_16.3_lat-23
1789540417.113718,12.968533132434217,-0.34259156260985696,-1.0668824354308095,7.941442529059191e-11,8.450385192825644e-10,EXPLORING,explore_waypoint_16.3_lat-23
1789540417.4640856,12.965044962497117,-0.3425915797554352,-0.9998750241719614,8.883673520924682e-11,8.468823545029265e-10,EXPLORING,explore_waypoint_16.3_lat-23
1789540417.8139958,12.962576521673892,-0.3425915988202738,-0.9230631677248754,8.529187473385634e-11,8.449224427459962e-10,EXPLORING,explore_waypoint_16.3_lat-23
1789540418.1639166,12.961926473077439,-0.34259161295753043,-0.8619382275399364,7.669242989894871e-11,8.32747628530825e-10,EXPLORING,explore_waypoint_16.3_lat-23
1789540418.513691,12.961926271609908,-0.343146430860967,-0.7877291861276152,4.423462307942526e-11,9.877300236735924e-10,EXPLORING,explore_waypoint_16.3_lat-23
1789540418.8635442,12.961420550126471,-0.3431476391560905,-0.7252669530120043,1.0685976423229953e-11,9.771803993651716e-10,EXPLORING,explore_waypoint_16.3_lat-23
1789540419.2138884,12.961370447898265,-0.34348964977391694,-0.6646508730073581,-4.2263287666505776e-11,8.643461100787394e-10,EXPLORING,explore_waypoint_16.3_lat-23
1789540419.5638158,12.961370432775086,-0.34505887721181067,-0.6016466051581821,-7.849121026053927e-11,8.289286782457353e-10,EXPLORING,explore_waypoint_16.3_lat-23
1789540419.9139042,12.961370412981,-0.34865072385224466,-0.5224930913591886,-8.623086497042204e-11,8.34947373829918e-10,EXPLORING,explore_waypoint_16.3_lat-23
1789540420.2642949,12.96137039503758,-0.3530854370065356,-0.45343990405549234,-9.035539677325566e-11,8.569871122580187e-10,EXPLORING,explore_waypoint_16.3_lat-23
1789540420.6138892,12.961373172281272,-0.3597676464216285,-0.37117858896358613,4.2071156014200355e-10,1.4126691274558312e-09,EXPLORING,explore_waypoint_16.3_lat-23
1789540420.964081,12.961373172281272,-0.3597676464216285,-0.37117858896358613,4.2071156014200355e-10,1.4126691274558312e-09,EXPLORING,explore_waypoint_16.3_lat-23
1789540421.313891,12.961373172281272,-0.3597676464216285,-0.37117858896358613,4.2071156014200355e-10,1.4126691274558312e-09,EXPLORING,explore_waypoint_16.3_lat-23
1789540421.6637216,12.961373172281272,-0.3597676464216285,-0.37117858896358613,4.2071156014200355e-10,1.4126691274558312e-09,EXPLORING,explore_waypoint_16.3_lat-23
1789540422.0137212,12.961373172281272,-0.3597676464216285,-0.37117858896358613,4.2071156014200355e-10,1.4126691274558312e-09,EXPLORING,explore_waypoint_16.3_lat-23
1789540422.3638902,12.961373172281272,-0.3597676464216285,-0.37117858896358613,4.2071156014200355e-10,1.4126691274558312e-09,EXPLORING,explore_waypoint_16.3_lat-23
1789540422.713962,12.961373172281272,-0.3597676464216285,-0.37117858896358613,4.2071156014200355e-10,1.4126691274558312e-09,EXPLORING,explore_waypoint_16.3_lat-23
1789540423.0638003,12.961373172281272,-0.3597676464216285,-0.37117858896358613,4.2071156014200355e-10,1.4126691274558312e-09,EXPLORING,explore_waypoint_16.3_lat-23
1789540423.4141867,12.961373172281272,-0.3597676464216285,-0.37117858896358613,4.2071156014200355e-10,1.4126691274558312e-09,EXPLORING,explore_waypoint_16.3_lat-23
1789540423.7638476,12.961373172281272,-0.3597676464216285,-0.37117858896358613,4.2071156014200355e-10,1.4126691274558312e-09,EXPLORING,explore_waypoint_16.3_lat-23
1789540424.1136873,12.961373172281272,-0.3597676464216285,-0.37117858896358613,4.2071156014200355e-10,1.4126691274558312e-09,EXPLORING,explore_waypoint_16.3_lat-23
1789540424.4638965,12.961373172281272,-0.3597676464216285,-0.37117858896358613,4.2071156014200355e-10,1.4126691274558312e-09,EXPLORING,explore_waypoint_16.3_lat-23
1789540424.8142781,12.961373172281272,-0.3597676464216285,-0.37117858896358613,4.2071156014200355e-10,1.4126691274558312e-09,EXPLORING_NAVIGATING,explore_waypoint_16.5_lat+29
1789540425.1669345,12.961373172281272,-0.3597676464216285,-0.37117858896358613,4.2071156014200355e-10,1.4126691274558312e-09,EXPLORING_NAVIGATING,explore_waypoint_16.5_lat+29
1789540425.5138063,12.961373172281272,-0.3597676464216285,-0.37117858896358613,4.2071156014200355e-10,1.4126691274558312e-09,EXPLORING_NAVIGATING,explore_waypoint_16.5_lat+29
1789540425.8639174,12.961373172281272,-0.3597676464216285,-0.37117858896358613,4.2071156014200355e-10,1.4126691274558312e-09,EXPLORING_NAVIGATING,explore_waypoint_16.5_lat+29
1789540426.2135499,12.961372447177618,-0.3612884910802577,-0.3539299756442121,-1.1650528171523408e-10,8.286216933040426e-10,EXPLORING_NAVIGATING,explore_waypoint_16.5_lat+29
1789540426.5646555,12.961372422314593,-0.3658306176879465,-0.30672364117250367,-1.0094771968224294e-10,8.519273205709036e-10,EXPLORING_NAVIGATING,explore_waypoint_16.5_lat+29
1789540426.9138196,12.961372405444019,-0.3700958374841183,-0.26548701316548806,-9.547278636470791e-11,8.76633649487509e-10,EXPLORING_NAVIGATING,explore_waypoint_16.5_lat+29
1789540427.263523,12.961372379241103,-0.3782662583253545,-0.1921852188856766,-1.0789793027493999e-10,9.061951755969367e-10,EXPLORING_NAVIGATING,explore_waypoint_16.5_lat+29
1789540427.6138496,12.961372356681533,-0.386934430950937,-0.1198622742035371,-1.358976097135226e-10,9.214560926996061e-10,EXPLORING_NAVIGATING,explore_waypoint_16.5_lat+29
1789540427.9636564,12.961372328911487,-0.40043636869472204,-0.013695373592009123,-1.8829903834720887e-10,9.5365173117645e-10,EXPLORING_NAVIGATING,explore_waypoint_16.5_lat+29
1789540428.3138855,12.96137234575422,-0.41303942613712674,0.08390162933774473,3.247945620206041e-11,9.75834049409099e-10,EXPLORING_NAVIGATING,explore_waypoint_16.5_lat+29
1789540428.6638854,12.961372369482083,-0.4243304910378481,0.17617025338079953,9.960447306864676e-11,9.60001638373336e-10,EXPLORING_NAVIGATING,explore_waypoint_16.5_lat+29
1789540429.0139275,12.961372396272319,-0.43581818931085264,0.27910372375286974,1.3223952657430258e-10,9.107875316181493e-10,EXPLORING_NAVIGATING,explore_waypoint_16.5_lat+29
1789540429.3635948,12.961372658116657,-0.44442278185747797,0.3673773312767221,1.3337497497474073e-10,8.653783921305786e-10,EXPLORING_NAVIGATING,explore_waypoint_16.5_lat+29
1789540429.7138402,12.961372677680151,-0.4495911624850316,0.42902232836717874,1.0416079503247827e-10,8.585922262929573e-10,EXPLORING_NAVIGATING,explore_waypoint_16.5_lat+29
1789540430.0638893,12.96137269617084,-0.45338202265295685,0.48180487483317297,7.492915661668863e-11,8.70143630470912e-10,EXPLORING_NAVIGATING,explore_waypoint_16.5_lat+29
1789540430.413907,12.961372713793683,-0.4561855696635278,0.5283506872560613,5.4653631533618345e-11,8.850872629442232e-10,EXPLORING_NAVIGATING,explore_waypoint_16.5_lat+29
1789540430.768792,12.961372733803199,-0.45856203625770303,0.5779209038464457,3.869834299973609e-11,8.976182463516917e-10,EXPLORING_NAVIGATING,explore_waypoint_16.5_lat+29
1789540431.114042,12.961372749583576,-0.459906904080015,0.6153865325912855,3.035843893462944e-11,9.040014518934127e-10,EXPLORING_NAVIGATING,explore_waypoint_16.5_lat+29
1789540431.4647443,12.961372764605404,-0.46078203006782115,0.6501544045860312,2.486097635622259e-11,9.083672366323255e-10,EXPLORING_NAVIGATING,explore_waypoint_16.5_lat+29
1789540431.8138878,12.96137277890566,-0.461255637561749,0.6826754756418768,2.075181914746723e-11,9.118738947959953e-10,EXPLORING_NAVIGATING,explore_waypoint_16.5_lat+29
1789540432.1638525,12.961391204791683,-0.4613815525436872,0.71930019688004,3.143522018096184e-12,9.111719666001135e-10,EXPLORING_NAVIGATING,explore_waypoint_16.5_lat+29
1789540432.513736,12.961761994501781,-0.46138159425387365,0.7557952720543162,-2.4251469153277584e-12,9.34659397024252e-10,EXPLORING_NAVIGATING,explore_waypoint_16.5_lat+29
1789540432.863804,12.961928617327514,-0.46138273514815764,0.7879438371585391,1.7338195300094754e-11,9.859519280455503e-10,EXPLORING_NAVIGATING,explore_waypoint_16.5_lat+29
1789540433.2138114,12.961928654648544,-0.4616189596678568,0.8208689563299993,-1.6975241207578146e-11,1.0050222499428075e-09,EXPLORING_NAVIGATING,explore_waypoint_16.5_lat+29
1789540433.5636938,12.961928689321052,-0.4619219984590857,0.8525148940674638,8.292684752077579e-12,9.327313420727022e-10,EXPLORING_NAVIGATING,explore_waypoint_16.5_lat+29
1789540433.915472,12.962057522783274,-0.46193733566703465,0.8886143461837156,-1.1694503361749148e-11,9.131379719251112e-10,EXPLORING_NAVIGATING,explore_waypoint_16.5_lat+29
1789540434.2638247,12.962495949888632,-0.4619373499907724,0.9191729912029561,-1.9122669434893145e-11,9.139003733320044e-10,EXPLORING_NAVIGATING,explore_waypoint_16.5_lat+29
1789540434.6137688,12.963465307332992,-0.46193736803343677,0.9576139943413147,-2.0628594111689662e-11,9.180006885546016e-10,EXPLORING_NAVIGATING,explore_waypoint_16.5_lat+29
1789540434.9637368,12.964684256137486,-0.4619373838443684,0.9915101015717355,-2.3780379566053484e-11,9.178405552789575e-10,EXPLORING_NAVIGATING,explore_waypoint_16.5_lat+29
1789540435.313691,12.968858093064949,-0.4578143874183282,1.0274149155362493,-1.318480489226712e-11,-1.5755677412932438e-09,EXPLORING_NAVIGATING,explore_waypoint_16.5_lat+29
1789540435.6639616,12.982612799514069,-0.4383148092142165,1.0734476472056533,2.1074428221861067e-11,-4.834732573628381e-10,EXPLORING_NAVIGATING,explore_waypoint_16.5_lat+29
1789540436.0142446,12.997344002500776,-0.4165507155315264,1.1238481602010277,2.0280348790538945e-06,-1.1174271301731858e-05,EXPLORING_NAVIGATING,explore_waypoint_16.5_lat+29
1789540436.363849,13.00653987012293,-0.40465798088720917,1.1700345814485769,3.6363763466110666e-07,-1.2378872496769947e-06,EXPLORING_NAVIGATING,explore_waypoint_16.5_lat+29
1789540436.713911,13.01311731791069,-0.40173755867358224,1.2302362534493105,5.125252373087075e-08,6.259141915343334e-05,EXPLORING_NAVIGATING,explore_waypoint_16.5_lat+29
1789540437.063707,13.018880685365238,-0.4016513503732275,1.2876256836644187,2.494415128844565e-07,-7.959938612169383e-06,EXPLORING_NAVIGATING,explore_waypoint_16.5_lat+29
1789540437.413884,13.027185444402921,-0.3957663195447834,1.3501829707385773,4.5576970988175565e-08,-1.4408552233875844e-06,EXPLORING_NAVIGATING,explore_waypoint_16.5_lat+29
1789540437.7646172,13.037451457809691,-0.3949958317971169,1.4361430772606627,5.850833790881863e-09,-1.8438354175754828e-07,EXPLORING_NAVIGATING,explore_waypoint_16.5_lat+29
1789540438.1152587,13.048230345417295,-0.3931836747194521,1.5209738820874035,9.384543281187275e-10,-3.4018455040732686e-08,EXPLORING_NAVIGATING,explore_waypoint_16.5_lat+29
1789540438.4639046,13.06347232474378,-0.36724919823622415,1.6432723664564426,2.3005704925227114e-10,-6.977757191679058e-09,EXPLORING_NAVIGATING,explore_waypoint_16.5_lat+29
1789540438.8139923,13.070572814143391,-0.32661690299447077,1.7425529107151105,6.080958186604509e-10,-1.644314445862954e-09,EXPLORING_NAVIGATING,explore_waypoint_16.5_lat+29
1789540439.1639035,13.068756355556715,-0.2767506457674178,1.8204068606273192,4.0317535413955353e-10,6.237082727955829e-10,EXPLORING_NAVIGATING,explore_waypoint_16.5_lat+29
1789540439.516741,13.06281114481536,-0.23588456739668973,1.8750127930198086,3.1656624517341164e-10,1.040021327453466e-09,EXPLORING_NAVIGATING,explore_waypoint_16.5_lat+29
1789540439.8650806,13.052703286817954,-0.19557335101023346,1.9093135345313546,3.0397545384670316e-10,9.008764990463083e-10,EXPLORING_NAVIGATING,explore_waypoint_16.5_lat+29
1789540440.2142406,13.037729227522469,-0.14772285766194854,1.938599439466828,1.4391324604718465e-10,8.535255154994221e-10,EXPLORING_NAVIGATING,explore_waypoint_16.5_lat+29
1789540440.5637767,13.023771050557722,-0.10821542635227274,1.958007317169767,8.907613051809588e-11,8.950543126517464e-10,EXPLORING_NAVIGATING,explore_waypoint_16.5_lat+29
1789540440.9145532,13.008962511045873,-0.06901762102407845,1.977197332101679,7.828337268187907e-11,9.452922961368265e-10,EXPLORING_NAVIGATING,explore_waypoint_16.5_lat+29
1789540441.2640467,12.990089964673667,-0.022404259219296063,1.9999431228634355,7.471022665164018e-11,9.62513222850507e-10,EXPLORING_NAVIGATING,explore_waypoint_16.5_lat+29
1789540441.6138794,12.971081533779124,0.021808047913268153,2.0245068278261757,4.255742348198219e-11,6.996417807658435e-10,EXPLORING_NAVIGATING,explore_waypoint_16.5_lat+29
1789540441.9639835,12.953940967694502,0.05886983772763646,2.0443150757007817,3.1289656084521204e-09,1.1762109430000863e-05,EXPLORING_NAVIGATING,explore_waypoint_16.5_lat+29
1789540442.3139114,12.949335992572024,0.0678992313352004,2.044312972795252,5.906925813033827e-10,6.712693058588318e-06,EXPLORING_NAVIGATING,explore_waypoint_16.5_lat+29
1789540442.663785,12.949336399752589,0.06789843716715194,2.044312972796353,1.7405991382167602e-10,2.0108322318021673e-06,EXPLORING,explore_waypoint_16.5_lat+29
1789540443.0141823,12.949336399752589,0.06789843716715194,2.044312972796353,1.7405991382167602e-10,2.0108322318021673e-06,EXPLORING,explore_waypoint_16.5_lat+29
1789540443.363709,12.949336399752589,0.06789843716715194,2.044312972796353,1.7405991382167602e-10,2.0108322318021673e-06,EXPLORING,explore_waypoint_16.5_lat+29
1789540443.7138138,12.945247444749917,0.06788595955743738,1.9828705269967553,1.8659929435966193e-10,4.125051976993234e-09,EXPLORING,explore_waypoint_16.5_lat+29
1789540444.063867,12.93727697669667,0.06788593484763157,1.8938844622721966,1.0590239918230648e-10,1.3366008006046264e-09,EXPLORING,explore_waypoint_16.5_lat+29
1789540444.4139445,12.92920830362059,0.06788591369355292,1.8160529998130137,9.43809506403451e-11,1.0077423568579038e-09,EXPLORING,explore_waypoint_16.5_lat+29
1789540444.7640114,12.917862715271493,0.06788588705776999,1.717768944106447,9.525404289582104e-11,9.452835895304542e-10,EXPLORING,explore_waypoint_16.5_lat+29
1789540445.1168067,12.904793943652393,0.06788585992568669,1.6134267897897308,8.523241778024832e-11,9.589298606162937e-10,EXPLORING,explore_waypoint_16.5_lat+29
1789540445.463495,12.890704679328024,0.06788586633043414,1.5047520695254657,-3.218231127390916e-11,9.792337106915998e-10,EXPLORING,explore_waypoint_16.5_lat+29
1789540445.813875,12.87999444423086,0.06788588994293687,1.41851698540895,-8.337204023394605e-11,9.674174061128438e-10,EXPLORING,explore_waypoint_16.5_lat+29
1789540446.163828,12.8704860940778,0.06788591261842804,1.3364542040528569,-9.176918840664582e-11,9.453537751893969e-10,EXPLORING,explore_waypoint_16.5_lat+29
1789540446.5138836,12.860739200168233,0.06788593854353688,1.2428708978417733,-9.567358880490109e-11,9.176977551280795e-10,EXPLORING,explore_waypoint_16.5_lat+29
1789540446.8639755,12.852859632842753,0.06788596290333238,1.1541071183062088,-9.596276675051871e-11,8.936481279090159e-10,EXPLORING,explore_waypoint_16.5_lat+29
1789540447.2137382,12.8477387249375,0.06788598179524906,1.0835266658573717,-9.333833017221762e-11,8.761961063959945e-10,EXPLORING,explore_waypoint_16.5_lat+29
1789540447.563869,12.843329293339314,0.06788600269509576,1.0026377705062843,-8.906980160274337e-11,8.571875568014367e-10,EXPLORING,explore_waypoint_16.5_lat+29
1789540447.913679,12.841088954937998,0.06788601858211718,0.9382494983306696,-8.439843178569039e-11,8.432517909459029e-10,EXPLORING,explore_waypoint_16.5_lat+29
1789540448.2652075,12.841626037088405,0.06786298458821022,0.9591614304693487,-9.375750880196906e-12,7.167021099152619e-10,EXPLORING,explore_waypoint_16.5_lat+29
1789540448.6138117,12.84497434912526,0.06786296500315656,1.0378036101359047,-8.608686463464203e-11,8.190912938662137e-10,EXPLORING,explore_waypoint_16.5_lat+29
1789540448.9639301,12.850208098513274,0.06786294335136067,1.1204776596795711,-9.105454187205063e-11,8.703541903039966e-10,EXPLORING,explore_waypoint_16.5_lat+29
1789540449.3138297,12.857336438116736,0.06786292017127808,1.2074426895361297,-9.289850652218306e-11,8.905391677427972e-10,EXPLORING,explore_waypoint_16.5_lat+29
1789540449.6638136,12.86471452294537,0.06786289943356243,1.2834421614338967,-9.796861884650794e-11,9.04398004530151e-10,EXPLORING,explore_waypoint_16.5_lat+29
1789540450.0139654,12.875258155426097,0.0678628734508736,1.3792847441295584,-9.50587353019983e-11,9.273268987961147e-10,EXPLORING,explore_waypoint_16.5_lat+29
1789540450.3647554,12.88540215028015,0.06786285102237648,1.463460520919742,-9.176254678542889e-11,9.500443975150677e-10,EXPLORING,explore_waypoint_16.5_lat+29
1789540450.7142794,12.899101415039341,0.06786282361403943,1.5704239928273662,-8.32594804605436e-11,9.766920882994733e-10,EXPLORING,explore_waypoint_16.5_lat+29
1789540451.063649,12.912818933122036,0.06786285155517431,1.677467797424723,6.322022497388305e-11,9.744925226081731e-10,EXPLORING,explore_waypoint_16.5_lat+29
1789540451.414016,12.922979062016324,0.06786287472992288,1.7616997669454788,8.774387382386947e-11,9.535795382425331e-10,EXPLORING,explore_waypoint_16.5_lat+29
1789540451.7639601,12.933542553521685,0.06786290124576773,1.8576006637988183,9.286106633354658e-11,9.257639313320529e-10,EXPLORING,explore_waypoint_16.5_lat+29
1789540452.113773,12.942259954950591,0.06786292638589293,1.948456976546661,9.599810826362086e-11,9.001109532814581e-10,EXPLORING,explore_waypoint_16.5_lat+29
1789540452.4640043,12.949092558306434,0.06786294977811859,2.0347310977498405,9.420774194594931e-11,8.784049333740828e-10,EXPLORING,explore_waypoint_16.5_lat+29
1789540452.8139868,12.954030122891979,0.06786297127327684,2.116759080466475,9.066139266722239e-11,8.600912242833481e-10,EXPLORING,explore_waypoint_16.5_lat+29
1789540453.1646593,12.956705520869878,0.06786298767021513,2.1820525803045676,8.6516132749991e-11,8.471178213324971e-10,EXPLORING,explore_waypoint_16.5_lat+29
1789540453.513743,12.958214222467314,0.06786300549967286,2.2568909977219995,8.030347218104539e-11,8.346978610530096e-10,EXPLORING,explore_waypoint_16.5_lat+29
1789540453.8638494,12.95831126691077,0.06828759554202658,2.329980480981365,7.511425794636016e-12,8.807091168856492e-10,EXPLORING,explore_waypoint_16.5_lat+29
1789540454.2137265,12.958725970919179,0.06841903421732834,2.4055039241462444,-9.57797830005862e-12,1.034579510182765e-09,EXPLORING,explore_waypoint_16.5_lat+29
1789540454.563854,12.95886710796718,0.06861611550271433,2.4660406238252,-3.04763440712859e-11,8.823936987131134e-10,EXPLORING,explore_waypoint_16.5_lat+29
1789540454.9138849,12.958867126026961,0.07038071639901648,2.5414034263010388,-7.950017380922715e-11,8.353381149295989e-10,EXPLORING,explore_waypoint_16.5_lat+29
1789540455.2673812,12.958867139082152,0.07259001487345684,2.5937815800925796,-8.58321858076459e-11,8.358930536395292e-10,EXPLORING,explore_waypoint_16.5_lat+29
1789540455.6140552,12.95886716021483,0.07747431349653623,2.6756939348076356,-9.012682212300069e-11,8.59608857636577e-10,EXPLORING,explore_waypoint_16.5_lat+29
1789540455.9663742,12.958867183268472,0.08425312138501097,2.7618433014047694,-9.519119177860216e-11,8.836474224858086e-10,EXPLORING,explore_waypoint_16.5_lat+29
1789540456.3139093,12.95886720373539,0.09134324565390005,2.837107802640219,-9.67939037402272e-11,8.994765815768624e-10,EXPLORING,explore_waypoint_16.5_lat+29
1789540456.6648612,12.958867229552583,0.10155039313021649,2.9319781496022244,-9.608683224459164e-11,9.204180048982957e-10,EXPLORING,explore_waypoint_16.5_lat+29
1789540457.0138543,12.958867251867161,0.11142661887434412,3.015241099033734,-9.272565413324221e-11,9.41394330079077e-10,EXPLORING,explore_waypoint_16.5_lat+29
1789540457.363782,12.958864573326936,0.11135727967776843,2.9958687644823043,2.8546031564435457e-09,1.2517982870838692e-09,EXPLORING,explore_waypoint_16.5_lat+29
1789540457.7139206,12.958864546927485,0.09998128370872232,2.897488215591636,2.840584324848154e-10,1.0052416327320938e-09,EXPLORING,explore_waypoint_16.5_lat+29
1789540458.0641415,12.958864523830993,0.09188668171820817,2.8195858263443334,-5.414910711651242e-11,9.125461937157871e-10,EXPLORING,explore_waypoint_16.5_lat+29
1789540458.4136913,12.958864504282008,0.0850875607104161,2.745048871748408,-7.251185564244764e-11,8.853043206922967e-10,EXPLORING,explore_waypoint_16.5_lat+29
1789540458.7636356,12.958864481207641,0.07866152448353964,2.6597105855665197,-9.56036149956868e-11,8.770240446795873e-10,EXPLORING,explore_waypoint_16.5_lat+29
1789540459.1168969,12.958864463329487,0.07475386132687414,2.5918041179340956,-9.298076768028193e-11,8.659087742531872e-10,EXPLORING,explore_waypoint_16.5_lat+29
1789540459.4641318,12.958864444006512,0.07178846449019405,2.513961515748089,-8.409965641132498e-11,8.488188574697798e-10,EXPLORING,explore_waypoint_16.5_lat+29
1789540459.8148615,12.95886442936538,0.07073247593555278,2.452008272189323,-8.052815296233298e-11,8.361538397719503e-10,EXPLORING,explore_waypoint_16.5_lat+29
1789540460.1637485,12.958406168317095,0.07066173129972163,2.378804584752249,-1.3996011280754775e-11,9.02745687770531e-10,EXPLORING,explore_waypoint_16.5_lat+29
1789540460.5139153,12.95830839452034,0.07021247218761753,2.303366973862288,2.59348907465091e-12,1.0173072833619227e-09,EXPLORING,explore_waypoint_16.5_lat+29
1789540460.8639388,12.958068723674538,0.07010589640835029,2.242825465818158,3.4657165061112205e-11,8.780574638728356e-10,EXPLORING,explore_waypoint_16.5_lat+29
1789540461.2137356,12.956653134322272,0.07010588138923948,2.1801363733757775,7.680346767034686e-11,8.360782290291359e-10,EXPLORING,explore_waypoint_16.5_lat+29
1789540461.5637832,12.953946607262242,0.07010586510344816,2.1147778190930024,8.5700106575119e-11,8.344447329768998e-10,EXPLORING,explore_waypoint_16.5_lat+29
1789540461.9136636,12.950183371961277,0.07010853912289651,2.050572538958891,-3.3177019563808146e-10,1.4781523389399593e-09,EXPLORING,explore_waypoint_16.5_lat+29
1789540462.2689388,12.950183371961277,0.07010853912289651,2.050572538958891,-3.3177019563808146e-10,1.4781523389399593e-09,EXPLORING,explore_waypoint_16.5_lat+29
1789540462.613863,12.950183371961277,0.07010853912289651,2.050572538958891,-3.3177019563808146e-10,1.4781523389399593e-09,EXPLORING,explore_waypoint_16.5_lat+29
1789540462.9636948,12.950183371961277,0.07010853912289651,2.050572538958891,-3.3177019563808146e-10,1.4781523389399593e-09,EXPLORING,explore_waypoint_16.5_lat+29
1789540463.3138635,12.950183371961277,0.07010853912289651,2.050572538958891,-3.3177019563808146e-10,1.4781523389399593e-09,EXPLORING,explore_waypoint_16.5_lat+29
1789540463.6638236,12.950183371961277,0.07010853912289651,2.050572538958891,-3.3177019563808146e-10,1.4781523389399593e-09,EXPLORING,explore_waypoint_16.5_lat+29
1789540464.014173,12.950183371961277,0.07010853912289651,2.050572538958891,-3.3177019563808146e-10,1.4781523389399593e-09,EXPLORING,explore_waypoint_16.5_lat+29
1789540464.3638008,12.950183371961277,0.07010853912289651,2.050572538958891,-3.3177019563808146e-10,1.4781523389399593e-09,EXPLORING,explore_waypoint_16.5_lat+29
1789540464.7136903,12.950183371961277,0.07010853912289651,2.050572538958891,-3.3177019563808146e-10,1.4781523389399593e-09,EXPLORING,explore_waypoint_16.5_lat+29
1789540465.0640476,12.950183371961277,0.07010853912289651,2.050572538958891,-3.3177019563808146e-10,1.4781523389399593e-09,EXPLORING,explore_waypoint_16.5_lat+29
1789540465.4139087,12.950183371961277,0.07010853912289651,2.050572538958891,-3.3177019563808146e-10,1.4781523389399593e-09,EXPLORING,explore_waypoint_16.5_lat+29
1789540465.7639077,12.950183371961277,0.07010853912289651,2.050572538958891,-3.3177019563808146e-10,1.4781523389399593e-09,EXPLORING_NAVIGATING,explore_waypoint_16.8_lat-58
1789540466.11387,12.950183371961277,0.07010853912289651,2.050572538958891,-3.3177019563808146e-10,1.4781523389399593e-09,EXPLORING_NAVIGATING,explore_waypoint_16.8_lat-58
1789540466.4637923,12.950183371961277,0.07010853912289651,2.050572538958891,-3.3177019563808146e-10,1.4781523389399593e-09,EXPLORING_NAVIGATING,explore_waypoint_16.8_lat-58
1789540466.8137202,12.950183371961277,0.07010853912289651,2.050572538958891,-3.3177019563808146e-10,1.4781523389399593e-09,EXPLORING_NAVIGATING,explore_waypoint_16.8_lat-58
1789540467.1637678,12.950139941855499,0.07010801739459094,2.0496279033118894,6.219588066457888e-11,8.55403956705287e-10,EXPLORING_NAVIGATING,explore_waypoint_16.8_lat-58
1789540467.5138614,12.948519764554582,0.07010784092161616,2.0261683559635295,6.493972960103654e-11,8.478748545470914e-10,EXPLORING_NAVIGATING,explore_waypoint_16.8_lat-58
1789540467.8637612,12.945727644220538,0.07010782199020141,1.989341735561393,5.736805519023815e-11,8.705190862749969e-10,EXPLORING_NAVIGATING,explore_waypoint_16.8_lat-58
1789540468.2138515,12.941142415133001,0.0701077984325319,1.935457124676209,5.8184834614702714e-11,8.969195290067573e-10,EXPLORING_NAVIGATING,explore_waypoint_16.8_lat-58
1789540468.564803,12.93627698228454,0.07010777795334223,1.884139547473264,6.591723057981782e-11,9.077747156216498e-10,EXPLORING_NAVIGATING,explore_waypoint_16.8_lat-58
1789540468.9146783,12.930348036127334,0.07010775674696475,1.8269313399018792,8.040612156057261e-11,9.096201454340297e-10,EXPLORING_NAVIGATING,explore_waypoint_16.8_lat-58
1789540469.2641816,12.921443930236327,0.07010773037211351,1.748132589929511,1.0581897772614203e-10,9.139005877589364e-10,EXPLORING_NAVIGATING,explore_waypoint_16.8_lat-58
1789540469.6137094,12.909959390567446,0.07010770309644127,1.6541916793809965,1.5342803816783445e-10,9.309283224253446e-10,EXPLORING_NAVIGATING,explore_waypoint_16.8_lat-58
1789540469.9638393,12.895151182035478,0.07010768971698333,1.5395888215529203,6.041604857496521e-11,9.76258025676456e-10,EXPLORING_NAVIGATING,explore_waypoint_16.8_lat-58
1789540470.313905,12.883115151943707,0.07010771367940084,1.4444455167687331,-7.893809736877585e-11,9.765118156880797e-10,EXPLORING_NAVIGATING,explore_waypoint_16.8_lat-58
1789540470.6641166,12.87052946389455,0.07010774140289318,1.337146338529308,-1.1589786659817807e-10,9.429817338048046e-10,EXPLORING_NAVIGATING,explore_waypoint_16.8_lat-58
1789540471.0138052,12.863589698723128,0.07010779356062118,1.2719369476686218,-1.3488524735298872e-10,9.048395182121921e-10,EXPLORING_NAVIGATING,explore_waypoint_16.8_lat-58
1789540471.3639293,12.855629297544587,0.0701080768102439,1.187654995691677,-1.2365526157814242e-10,8.693990460286807e-10,EXPLORING_NAVIGATING,explore_waypoint_16.8_lat-58
1789540471.7139804,12.85084212648438,0.0701080960911003,1.1284975208706396,-9.407713046932644e-11,8.682297721545109e-10,EXPLORING_NAVIGATING,explore_waypoint_16.8_lat-58
1789540472.0637627,12.847314305538456,0.07010811438772889,1.0773841272699036,-6.879966828145761e-11,8.801857098096531e-10,EXPLORING_NAVIGATING,explore_waypoint_16.8_lat-58
1789540472.4193192,12.8442922107299,0.07010813519895484,1.0238726746448539,-4.75852233885493e-11,8.961350707730428e-10,EXPLORING_NAVIGATING,explore_waypoint_16.8_lat-58
1789540472.7637732,12.842524389517536,0.07010815161134071,0.9839129123574868,-3.6227107179730376e-11,9.04969404458693e-10,EXPLORING_NAVIGATING,explore_waypoint_16.8_lat-58
1789540473.1165357,12.84110800285417,0.07010817026443238,0.9401437185522472,-2.778283672107096e-11,9.111972106052556e-10,EXPLORING_NAVIGATING,explore_waypoint_16.8_lat-58
1789540473.4636426,12.840413943244004,0.07010818499137497,0.9064560958681793,-2.2999920586104074e-11,9.148521173759973e-10,EXPLORING_NAVIGATING,explore_waypoint_16.8_lat-58
1789540473.8136954,12.840073210090432,0.07010820174249696,0.8686653275239796,-1.891069576851431e-11,9.184366157823669e-10,EXPLORING_NAVIGATING,explore_waypoint_16.8_lat-58
1789540474.16432,12.840063147697311,0.07020828643980423,0.8386716936004474,7.944166172657992e-12,9.130417809758339e-10,EXPLORING_NAVIGATING,explore_waypoint_16.8_lat-58
1789540474.513665,12.840063112089293,0.0705682977799915,0.807869384643176,-5.778004992982675e-12,9.557220117754e-10,EXPLORING_NAVIGATING,explore_waypoint_16.8_lat-58
1789540474.8635962,12.840011832505,0.07066405042130704,0.7687540829450069,1.2309637577351541e-12,1.0005417427729462e-09,EXPLORING_NAVIGATING,explore_waypoint_16.8_lat-58
1789540475.2144437,12.839724044388468,0.07066407966571074,0.7426235970859518,1.1546600865883285e-11,9.918775911774107e-10,EXPLORING_NAVIGATING,explore_waypoint_16.8_lat-58
1789540475.563747,12.839507390581963,0.0706670716400694,0.7054315499546692,-6.613069210403959e-12,9.23095266164924e-10,EXPLORING_NAVIGATING,explore_waypoint_16.8_lat-58
1789540475.9138346,12.839507376808804,0.07086386342328899,0.6754055566062677,1.3999996949042955e-11,9.15573984479836e-10,EXPLORING_NAVIGATING,explore_waypoint_16.8_lat-58
1789540476.2641459,12.839507362306295,0.07137479217105902,0.6445843212111299,1.9100136600527688e-11,9.176908788657104e-10,EXPLORING_NAVIGATING,explore_waypoint_16.8_lat-58
1789540476.6138117,12.839507347156637,0.07222745480506805,0.6123245898671832,2.0220138739900054e-11,9.208458661378457e-10,EXPLORING_NAVIGATING,explore_waypoint_16.8_lat-58
1789540476.9637687,12.839507331299682,0.07345631490392317,0.5783906519045107,2.3349753585088352e-11,9.20664456507404e-10,EXPLORING_NAVIGATING,explore_waypoint_16.8_lat-58
1789540477.3178802,12.83950731472581,0.07510762773218219,0.542451161283018,2.694987749288094e-11,9.182524332103023e-10,EXPLORING_NAVIGATING,explore_waypoint_16.8_lat-58
1789540477.663887,12.839507300949332,0.07676949645663901,0.51204685700991,2.99986896227913e-11,9.166114246499038e-10,EXPLORING_NAVIGATING,explore_waypoint_16.8_lat-58
1789540478.0138438,12.839507279388425,0.07989309542330045,0.4634929148132811,3.598241285996435e-11,9.151808942953222e-10,EXPLORING_NAVIGATING,explore_waypoint_16.8_lat-58
1789540478.364862,12.839507260585442,0.0831609300497841,0.4198035789992291,4.2362615915111166e-11,9.142593322622447e-10,EXPLORING_NAVIGATING,explore_waypoint_16.8_lat-58
1789540478.715273,12.839507241013772,0.08714861885786222,0.37245197705884076,5.070033536285654e-11,9.13454182582697e-10,EXPLORING_NAVIGATING,explore_waypoint_16.8_lat-58
1789540479.0644867,12.839507220678291,0.09197437015257366,0.32082297532911713,6.119739737312711e-11,9.134550581964966e-10,EXPLORING_NAVIGATING,explore_waypoint_16.8_lat-58
1789540479.4137824,12.839507195274123,0.09912898257961882,0.25162053495713665,8.072615938924786e-11,9.142318396631441e-10,EXPLORING_NAVIGATING,explore_waypoint_16.8_lat-58
1789540479.763635,12.839507173305217,0.10652883100340484,0.1860021692047409,1.0110617715067617e-10,9.194241476579844e-10,EXPLORING_NAVIGATING,explore_waypoint_16.8_lat-58
1789540480.1138082,12.839507146067842,0.11773231731332194,0.09370231240615627,1.462645326980352e-10,9.333704487296239e-10,EXPLORING_NAVIGATING,explore_waypoint_16.8_lat-58
1789540480.4638686,12.839507122819823,0.12974061888795874,0.00023297211000107316,1.5703840870971706e-10,9.68378697830841e-10,EXPLORING_NAVIGATING,explore_waypoint_16.8_lat-58
1789540480.817218,12.839507146177995,0.14219400432374368,-0.09669745175647819,-5.141258024207666e-11,9.816787277600714e-10,EXPLORING_NAVIGATING,explore_waypoint_16.8_lat-58
1789540481.165639,12.841858204863621,0.1549406821526652,-0.20652081473068498,-1.2284310016200068e-10,-8.651944001547989e-10,EXPLORING_NAVIGATING,explore_waypoint_16.8_lat-58
1789540481.516841,12.858978756800752,0.1596403963244953,-0.2908789580322091,-2.351518970520508e-10,-1.9189970720454597e-09,EXPLORING_NAVIGATING,explore_waypoint_16.8_lat-58
1789540481.8638422,12.871682541706422,0.16274384630270725,-0.3641057297912047,2.1947714703047584e-06,-7.933922569152563e-06,EXPLORING_NAVIGATING,explore_waypoint_16.8_lat-58
1789540482.214922,12.888997983185467,0.159892074829257,-0.41445256217142307,5.587140723604198e-07,-2.024344037912317e-06,EXPLORING_NAVIGATING,explore_waypoint_16.8_lat-58
1789540482.564791,12.9241062185771,0.1472994723864994,-0.4692293157514859,1.0087317650684029e-07,-3.6761013732271433e-07,EXPLORING_NAVIGATING,explore_waypoint_16.8_lat-58
1789540482.9138405,12.953659235456866,0.13466530564093895,-0.5168889896030257,1.9080307889097028e-08,-6.5334154495947235e-06,EXPLORING_NAVIGATING,explore_waypoint_16.8_lat-58
1789540483.2636094,12.974659383602122,0.12375072632078427,-0.5426661608652936,6.406840949422622e-09,-2.3441165748180415e-06,EXPLORING_NAVIGATING,explore_waypoint_16.8_lat-58
1789540483.614676,13.003485816900403,0.10722233557672473,-0.5749196699630904,1.4066146027077983e-09,-5.969135133547419e-07,EXPLORING_NAVIGATING,explore_waypoint_16.8_lat-58
1789540483.964213,13.031736062486031,0.08944593528312421,-0.6050781134952365,2.1758791260105524e-10,-1.5151198379888373e-07,EXPLORING_NAVIGATING,explore_waypoint_16.8_lat-58
1789540484.3151555,13.066253084066942,0.06565211624763595,-0.6404630273817056,-9.286421775567933e-11,-2.668936388951321e-08,EXPLORING_NAVIGATING,explore_waypoint_16.8_lat-58
1789540484.668816,13.093241507018213,0.0454701304996914,-0.6670526191844766,-1.310168608746429e-10,-6.104840037641646e-09,EXPLORING_NAVIGATING,explore_waypoint_16.8_lat-58
1789540485.0138836,13.12621115144673,0.01894267214342605,-0.6984941781759212,-1.3041765650301912e-10,-3.4404914619904274e-10,EXPLORING_NAVIGATING,explore_waypoint_16.8_lat-58
1789540485.363593,13.152017320140253,-0.0032094318547105714,-0.7225460168804518,-1.0868589612131257e-10,5.936403233403771e-10,EXPLORING_NAVIGATING,explore_waypoint_16.8_lat-58
1789540485.716145,13.177487937818551,-0.025996187204905992,-0.7467433295535452,-9.484004469795823e-11,8.274308543197546e-10,EXPLORING_NAVIGATING,explore_waypoint_16.8_lat-58
1789540486.0638616,13.19625185879759,-0.04348879956557698,-0.7654977916592952,-1.1963467416654457e-10,9.303896135245848e-10,EXPLORING_NAVIGATING,explore_waypoint_16.8_lat-58
1789540486.413895,13.220540457415325,-0.06735116002465737,-0.7905235037669472,-1.1384699331924812e-10,9.831657552641163e-10,EXPLORING_NAVIGATING,explore_waypoint_16.8_lat-58
1789540486.7691104,13.250073540798297,-0.09778703836939974,-0.8118603491449963,-5.582917967648281e-11,9.784535531693297e-10,EXPLORING_NAVIGATING,explore_waypoint_16.8_lat-58
1789540487.1175773,13.267521281995197,-0.11623707822492926,-0.8238418423514633,-6.689061910183807e-11,9.900764770426457e-10,EXPLORING_NAVIGATING,explore_waypoint_16.8_lat-58
1789540487.4637938,13.284748362162814,-0.13494412409655895,-0.8311951801813482,-1.898425529676449e-11,9.268291087912767e-10,EXPLORING_NAVIGATING,explore_waypoint_16.8_lat-58
1789540487.8138304,13.313432587334418,-0.16632272835556747,-0.8296400083501809,1.5480532247963523e-12,9.460945410239972e-10,EXPLORING_NAVIGATING,explore_waypoint_16.8_lat-58
1789540488.1638534,13.336451295917659,-0.19145331807651916,-0.8216748314277785,4.635128114701596e-11,9.295270921384096e-10,EXPLORING_NAVIGATING,explore_waypoint_16.8_lat-58
1789540488.514213,13.371437521413094,-0.2287138055778962,-0.8076683338287766,5.455736369037541e-11,9.533090337215138e-10,EXPLORING_NAVIGATING,explore_waypoint_16.8_lat-58
1789540488.8639205,13.395099102318623,-0.2532076902110189,-0.7943581459482173,6.51162585535526e-11,9.663101800643674e-10,EXPLORING_NAVIGATING,explore_waypoint_16.8_lat-58
1789540489.2163837,13.419016540259205,-0.27738668545560247,-0.7871257782931118,2.564501896027523e-11,9.64739056753897e-10,EXPLORING_NAVIGATING,explore_waypoint_16.8_lat-58
1789540489.5638318,13.443123468885846,-0.30135017320770763,-0.7769811042817028,2.575846565066736e-11,9.59738163579543e-10,EXPLORING_NAVIGATING,explore_waypoint_16.8_lat-58
1789540489.9144802,13.473083473710876,-0.3306965751245862,-0.7713456000671614,-4.127412733974908e-10,-1.7108306937862082e-05,EXPLORING_NAVIGATING,explore_waypoint_16.8_lat-58
1789540490.2639687,13.494703256670634,-0.3516327214767736,-0.763939258608169,-7.658039679180688e-11,-5.508592715798279e-06,EXPLORING_NAVIGATING,explore_waypoint_16.8_lat-58
1789540490.6138713,13.514371248324622,-0.3704358300335383,-0.7542498454527029,5.018067564606945e-11,-2.518395565038709e-06,EXPLORING_NAVIGATING,explore_waypoint_16.8_lat-58
1789540490.9638143,13.523295293000372,-0.3788181351395437,-0.7525791925024186,2.998571056525268e-09,-6.756158917021534e-05,EXPLORING,explore_waypoint_16.8_lat-58
1789540491.3140182,13.523302824607745,-0.3788251872446017,-0.7525791924521549,5.863751399787097e-10,-1.3260401741771794e-05,EXPLORING,explore_waypoint_16.8_lat-58
1789540491.6640658,13.523304337362319,-0.3788266037043248,-0.7525791924541053,1.0594310849067482e-10,-2.3532353895841276e-06,EXPLORING,explore_waypoint_16.8_lat-58
1789540492.0140915,13.523076017399497,-0.37883404426047956,-0.731656674140129,1.4603477688576387e-10,-3.926718309700741e-07,EXPLORING,explore_waypoint_16.8_lat-58
1789540492.3639042,13.522977691794836,-0.3789515225521344,-0.6833436393204596,5.581464521165548e-11,-9.957087248191002e-08,EXPLORING,explore_waypoint_16.8_lat-58
1789540492.7138739,13.522977689173498,-0.3801306895096073,-0.6211386176460675,-5.477419933422994e-11,-1.7324992520149902e-08,EXPLORING,explore_waypoint_16.8_lat-58
1789540493.063696,13.52297767196088,-0.38324625724235406,-0.5429830507787015,-8.073391880079814e-11,-1.4458390768866035e-09,EXPLORING,explore_waypoint_16.8_lat-58
1789540493.4173172,13.522977658196611,-0.386368212476652,-0.48866828761783515,-8.73075553321598e-11,2.808675577800203e-10,EXPLORING,explore_waypoint_16.8_lat-58
1789540493.7638714,13.5229776356962,-0.392629756321616,-0.4037043555353474,-9.498408779529437e-11,7.891945554193792e-10,EXPLORING,explore_waypoint_16.8_lat-58
1789540494.1137528,13.522977615690113,-0.3992924166656738,-0.32950371585723176,-9.490801475858344e-11,8.715490500874081e-10,EXPLORING,explore_waypoint_16.8_lat-58
1789540494.4639523,13.522977594626909,-0.4072526787719591,-0.25196693391082703,-9.468121680816066e-11,9.114043533400795e-10,EXPLORING,explore_waypoint_16.8_lat-58
1789540494.813712,13.52297756820873,-0.41847287399253535,-0.1540773859332573,-9.264925976971003e-11,9.427351407770463e-10,EXPLORING,explore_waypoint_16.8_lat-58
1789540495.1638706,13.522977545587882,-0.4291510887869577,-0.06796404711166222,-8.753829704071079e-11,9.637108300085875e-10,EXPLORING,explore_waypoint_16.8_lat-58
1789540495.5138562,13.522977533878658,-0.4408895559058785,0.022593503489736145,-3.111219483411565e-11,9.83418409043359e-10,EXPLORING,explore_waypoint_16.8_lat-58
1789540495.863901,13.522977557566012,-0.4521544990411954,0.11105645886885536,6.706634671979622e-11,9.785813388730309e-10,EXPLORING,explore_waypoint_16.8_lat-58
1789540496.2137039,13.522977580777363,-0.46225350491130074,0.19507640677356225,8.903426485082485e-11,9.593353201196535e-10,EXPLORING,explore_waypoint_16.8_lat-58
1789540496.5642037,13.522977602967282,-0.47111914362362645,0.2751694060000958,9.26072786812181e-11,9.369417822968489e-10,EXPLORING,explore_waypoint_16.8_lat-58
1789540496.9142497,13.522977624201765,-0.478707092683243,0.3517147364299796,9.545315433247495e-11,9.147885421298736e-10,EXPLORING,explore_waypoint_16.8_lat-58
1789540497.2648437,13.522946446574512,-0.47584696371920776,0.3034395404419496,5.644386322845853e-10,4.4381984555718866e-10,EXPLORING,explore_waypoint_16.8_lat-58
1789540497.6140163,13.522946424626383,-0.4674502178819376,0.2246984122943801,1.9199429787273641e-10,7.757285663312772e-10,EXPLORING,explore_waypoint_16.8_lat-58
1789540497.963756,13.52294640360438,-0.45780164158053294,0.14218505410947713,8.818972347829954e-11,9.262870216986433e-10,EXPLORING,explore_waypoint_16.8_lat-58
1789540498.313867,13.52294638058758,-0.4469593893116835,0.05544084524348458,9.184199058855188e-11,9.927561431524905e-10,EXPLORING,explore_waypoint_16.8_lat-58
1789540498.6639109,13.522946375096712,-0.4351633586840385,-0.035375081042894864,1.3573382030140218e-11,1.0002661513401266e-09,EXPLORING,explore_waypoint_16.8_lat-58
1789540499.0155911,13.52294639869304,-0.4240578705366757,-0.12317275291523529,-7.239150443221028e-11,9.722681804708409e-10,EXPLORING,explore_waypoint_16.8_lat-58
1789540499.363966,13.522946421522045,-0.4141294838996868,-0.2066108169993296,-8.815475611554628e-11,9.477901551145346e-10,EXPLORING,explore_waypoint_16.8_lat-58
1789540499.7137454,13.522946447834087,-0.4038573803191081,-0.3016667298234306,-9.359228108664578e-11,9.262574875624449e-10,EXPLORING,explore_waypoint_16.8_lat-58
1789540500.063926,13.522946464656494,-0.3980368809998454,-0.36225183034212155,-9.593212476831739e-11,9.110942823439497e-10,EXPLORING,explore_waypoint_16.8_lat-58
1789540500.413854,13.522946484567036,-0.3919380731434187,-0.435092918677599,-9.485103348952298e-11,8.913422267853352e-10,EXPLORING,explore_waypoint_16.8_lat-58
1789540500.7639923,13.522946503169175,-0.3871552168806374,-0.5049156751032338,-9.252348639833853e-11,8.731406012934027e-10,EXPLORING,explore_waypoint_16.8_lat-58
1789540501.1138668,13.522946520431367,-0.38368622773088407,-0.5718822369501008,-8.933296495700544e-11,8.579472195499992e-10,EXPLORING,explore_waypoint_16.8_lat-58
1789540501.4642754,13.522946539318218,-0.38124048336618915,-0.6486471843730761,-8.393054610266705e-11,8.435616090438487e-10,EXPLORING,explore_waypoint_16.8_lat-58
1789540501.813624,13.522946553532172,-0.38060895509888476,-0.7097343789358406,-7.856941784024969e-11,8.342521708507639e-10,EXPLORING,explore_waypoint_16.8_lat-58
1789540502.1638536,13.523464250917185,-0.38060892014225667,-0.7712725765131957,-2.862513730789075e-11,9.47762136565282e-10,EXPLORING,explore_waypoint_16.8_lat-58
1789540502.5138862,13.523502584494489,-0.38019942941074264,-0.834217066010711,9.955009765928914e-12,1.0395760695903995e-09,EXPLORING,explore_waypoint_16.8_lat-58
1789540502.8638833,13.523694071781904,-0.3800530938067731,-0.8947546964301273,2.9188453550633904e-11,8.856788029935458e-10,EXPLORING,explore_waypoint_16.8_lat-58
1789540503.2137887,13.525446382294136,-0.38005307573406294,-0.9700922875781935,7.866158971476017e-11,8.38630427739745e-10,EXPLORING,explore_waypoint_16.8_lat-58
1789540503.5639381,13.527647355312428,-0.3800530626629499,-1.022453021532991,8.527309544943219e-11,8.393270610288264e-10,EXPLORING,explore_waypoint_16.8_lat-58
1789540503.913777,13.531575641087121,-0.38005304516333,-1.0904039711146787,8.872679335859372e-11,8.590276863700409e-10,EXPLORING,explore_waypoint_16.8_lat-58
1789540504.263751,13.538026061376883,-0.3800530223667241,-1.1757979305669226,9.444637130493271e-11,8.846771109428479e-10,EXPLORING,explore_waypoint_16.8_lat-58
1789540504.6143095,13.543376860835659,-0.3800530062080503,-1.2352059360353493,9.642615735874324e-11,8.981592880463124e-10,EXPLORING,explore_waypoint_16.8_lat-58
1789540504.9647949,13.552958685883697,-0.38005298074367067,-1.3283386111806026,9.691845751780684e-11,9.179990885492493e-10,EXPLORING,explore_waypoint_16.8_lat-58
1789540505.315162,13.562334076756775,-0.3800529586093585,-1.4099814341124008,9.484224388549177e-11,9.376978344501693e-10,EXPLORING,explore_waypoint_16.8_lat-58
1789540505.664861,13.570707973600014,-0.3800529404911059,-1.4782341728163633,9.099556988427594e-11,9.55144765690435e-10,EXPLORING,explore_waypoint_16.8_lat-58
1789540506.0137508,13.582203726407657,-0.3800529175976442,-1.5677008931727652,8.301675450081652e-11,9.773324199235526e-10,EXPLORING,explore_waypoint_16.8_lat-58
1789540506.3638952,13.593778187466421,-0.38005293950932667,-1.6575212021963577,-5.030676121158188e-11,9.80343888093517e-10,EXPLORING,explore_waypoint_16.8_lat-58
1789540506.713747,13.604212093759761,-0.3800529629847416,-1.742727657661537,-8.673479004167564e-11,9.626109134561384e-10,EXPLORING,explore_waypoint_16.8_lat-58
1789540507.0647824,13.611685658603436,-0.38005298106099755,-1.8079513502260742,-9.189227293790478e-11,9.450783942682196e-10,EXPLORING,explore_waypoint_16.8_lat-58
1789540507.4153442,13.616542677612411,-0.3800437779105206,-1.8511854144893307,-6.129234762232197e-10,5.459480485602464e-10,EXPLORING,explore_waypoint_16.8_lat-58
1789540507.7637806,13.609901431969067,-0.38002340114420047,-1.7724860753642877,-5.646380046486607e-10,5.89539496386279e-10,EXPLORING,explore_waypoint_16.8_lat-58
1789540508.113807,13.597765156452573,-0.380023374752004,-1.671585447573653,-1.3264857523321438e-10,8.72705031968169e-10,EXPLORING,explore_waypoint_16.8_lat-58
1789540508.4637773,13.5863742028943,-0.3800233527719752,-1.582580816386086,-7.830456576487225e-11,9.799662016792735e-10,EXPLORING,explore_waypoint_16.8_lat-58
1789540508.8139763,13.572510422989996,-0.3800233749617676,-1.474894369631223,4.9531249569537193e-11,1.0008702754668853e-09,EXPLORING,explore_waypoint_16.8_lat-58
1789540509.1637459,13.56416741491798,-0.3800233938759799,-1.4067540795374032,8.552867036932403e-11,9.714482812824414e-10,EXPLORING,explore_waypoint_16.8_lat-58
1789540509.5137048,13.553116181818362,-0.38002342078359114,-1.309388201316048,9.314844872093068e-11,9.32098930787706e-10,EXPLORING,explore_waypoint_16.8_lat-58
1789540509.863931,13.54530211605235,-0.3800234421824017,-1.2322444078835235,9.605611638021148e-11,9.140813725640594e-10,EXPLORING,explore_waypoint_16.8_lat-58
1789540510.2142515,13.538788466072674,-0.38002346260285613,-1.158407604593971,9.726755347364692e-11,8.994688112133998e-10,EXPLORING,explore_waypoint_16.8_lat-58
1789540510.5639608,13.534523595531825,-0.38002347799082353,-1.1015640321966598,9.494415071658348e-11,8.868525487570044e-10,EXPLORING,explore_waypoint_16.8_lat-58
1789540510.9139524,13.530377164700313,-0.38002349597933616,-1.0331406095267928,9.125187481766116e-11,8.703605254092386e-10,EXPLORING,explore_waypoint_16.8_lat-58
1789540511.2639515,13.527539984679425,-0.38002351256880795,-0.9675085198335283,8.692537092547219e-11,8.555762420495934e-10,EXPLORING,explore_waypoint_16.8_lat-58
1789540511.6137326,13.526202435295453,-0.3800235248231042,-0.9169367958275196,8.266331745891383e-11,8.45842224905789e-10,EXPLORING,explore_waypoint_16.8_lat-58
1789540511.9638886,13.525672394356283,-0.38002844306771766,-0.8560447733269547,6.000121641124e-11,8.308220853839372e-10,EXPLORING,explore_waypoint_16.8_lat-58
1789540512.313685,13.52567236647312,-0.3804914475650669,-0.806861413383959,1.5443505907378928e-11,9.125659132316207e-10,EXPLORING,explore_waypoint_16.8_lat-58
1789540512.6663516,13.52551295714026,-0.3805795522938637,-0.7561613508513876,-2.3493078534462352e-11,1.083430539266875e-09,EXPLORING,explore_waypoint_16.8_lat-58
1789540513.0138662,13.525451506617783,-0.38057663966320915,-0.7513080231321618,-1.2425379946958628e-10,1.020297588304441e-09,EXPLORING,explore_waypoint_16.8_lat-58
1789540513.363894,13.525451506617783,-0.38057663966320915,-0.7513080231321618,-1.2425379946958628e-10,1.020297588304441e-09,EXPLORING,explore_waypoint_16.8_lat-58
1789540513.716985,13.525451506617783,-0.38057663966320915,-0.7513080231321618,-1.2425379946958628e-10,1.020297588304441e-09,EXPLORING,explore_waypoint_16.8_lat-58
1789540514.0634851,13.525451506617783,-0.38057663966320915,-0.7513080231321618,-1.2425379946958628e-10,1.020297588304441e-09,EXPLORING,explore_waypoint_16.8_lat-58
1789540514.4138465,13.525451506617783,-0.38057663966320915,-0.7513080231321618,-1.2425379946958628e-10,1.020297588304441e-09,EXPLORING,explore_waypoint_16.8_lat-58
1789540514.7650988,13.525451506617783,-0.38057663966320915,-0.7513080231321618,-1.2425379946958628e-10,1.020297588304441e-09,EXPLORING,explore_waypoint_16.8_lat-58
1789540515.1136384,13.525451506617783,-0.38057663966320915,-0.7513080231321618,-1.2425379946958628e-10,1.020297588304441e-09,EXPLORING,explore_waypoint_16.8_lat-58
1789540515.4640753,13.525451506617783,-0.38057663966320915,-0.7513080231321618,-1.2425379946958628e-10,1.020297588304441e-09,EXPLORING,explore_waypoint_16.8_lat-58
1789540515.8161387,13.525451506617783,-0.38057663966320915,-0.7513080231321618,-1.2425379946958628e-10,1.020297588304441e-09,EXPLORING,explore_waypoint_16.8_lat-58
1789540516.1636841,13.525451506617783,-0.38057663966320915,-0.7513080231321618,-1.2425379946958628e-10,1.020297588304441e-09,EXPLORING,explore_waypoint_16.8_lat-58
1789540516.5138183,13.525451506617783,-0.38057663966320915,-0.7513080231321618,-1.2425379946958628e-10,1.020297588304441e-09,EXPLORING,explore_waypoint_16.8_lat-58
1789540516.865398,13.525451506617783,-0.38057663966320915,-0.7513080231321618,-1.2425379946958628e-10,1.020297588304441e-09,EXPLORING,explore_waypoint_16.8_lat-58
1789540517.2134607,13.525208854193524,-0.3805826773621958,-0.7282119216202897,6.352823691010989e-11,9.79600277175678e-10,EXPLORING,explore_waypoint_16.8_lat-58
1789540517.5639465,13.525138827066769,-0.38070407448817845,-0.6829479931734146,-1.4280334621291197e-12,9.052735526616825e-10,EXPLORING,explore_waypoint_16.8_lat-58
1789540517.9137144,13.52513880927916,-0.3817160546090662,-0.6270643332024163,-4.6601562126222265e-11,8.879645575022954e-10,EXPLORING,explore_waypoint_16.8_lat-58
1789540518.2638223,13.52513879361978,-0.3833538548980147,-0.5788618011905917,-4.503784506847822e-11,8.898036339568022e-10,EXPLORING,explore_waypoint_16.8_lat-58
1789540518.6139846,13.525138776905733,-0.3857230106086946,-0.5291312348933859,-4.8631318820100065e-11,8.977009193203868e-10,EXPLORING,explore_waypoint_16.8_lat-58
1789540518.9639785,13.525138755497066,-0.38953949403084204,-0.4673666468639189,-5.171128849607292e-11,9.065635727066898e-10,EXPLORING,explore_waypoint_16.8_lat-58
1789540519.3142908,13.525138736661633,-0.3935343086740817,-0.41408418427951726,-5.236989851377411e-11,9.125031699839332e-10,EXPLORING,explore_waypoint_16.8_lat-58
1789540519.6638904,13.525138712888019,-0.3993038534052675,-0.34785749242834274,-5.3619390611578934e-11,9.207896949224306e-10,EXPLORING,explore_waypoint_16.8_lat-58
1789540520.0139017,13.525138692199423,-0.4049186720786775,-0.29065198931614683,-5.3781706779187526e-11,9.292023890583525e-10,EXPLORING,explore_waypoint_16.8_lat-58
1789540520.3640018,13.52513867081254,-0.41125613756920115,-0.2314895350197884,-5.335305094088227e-11,9.384317084528672e-10,EXPLORING,explore_waypoint_16.8_lat-58
1789540520.7140062,13.52513864883732,-0.41830036478888605,-0.17022566105607329,-5.2294973606740665e-11,9.480018896640567e-10,EXPLORING,explore_waypoint_16.8_lat-58
1789540521.0640292,13.525139271461965,-0.42392461510613527,-0.12386412997591831,5.174949648765455e-09,1.3133394065279784e-09,EXITING,explore_waypoint_16.8_lat-58
1789540521.4138765,13.525139271461965,-0.42392461510613527,-0.12386412997591831,5.174949648765455e-09,1.3133394065279784e-09,EXITING,explore_waypoint_16.8_lat-58
1789540521.7638357,13.525139271461965,-0.42392461510613527,-0.12386412997591831,5.174949648765455e-09,1.3133394065279784e-09,EXITING,explore_waypoint_16.8_lat-58
1789540522.1138308,13.525139271461965,-0.42392461510613527,-0.12386412997591831,5.174949648765455e-09,1.3133394065279784e-09,EXITING,emergency_exit_pass_through
1789540522.4637692,13.525139271461965,-0.42392461510613527,-0.12386412997591831,5.174949648765455e-09,1.3133394065279784e-09,EXITING,emergency_exit_pass_through
1789540522.8137298,13.533555027638895,-0.4268968119909812,-0.10678097395788654,-9.470625893197992e-11,-1.8125291170364728e-09,EXITING,emergency_exit_pass_through
1789540523.1638627,13.563649144739015,-0.43371789568525515,-0.07330906706987786,-3.6689210076894064e-11,-2.809728399573149e-09,EXITING,emergency_exit_pass_through
1789540523.5142922,13.606035211739293,-0.4412071642883826,-0.0315165234871006,1.2166232710906775e-10,-2.0898642019381074e-10,EXITING,emergency_exit_pass_through
1789540523.863945,13.64852914752107,-0.445852119310021,-0.0004898483713263934,2.1478436199784954e-10,8.652902070054659e-10,EXITING,emergency_exit_pass_through
1789540524.215511,13.691023221222784,-0.44890773990293714,0.02824410784482655,1.5008486789895322e-10,1.1371674585006712e-09,EXITING,emergency_exit_pass_through
1789540524.5639198,13.733490781774883,-0.4494880354941084,0.045462051019882925,1.897699755781091e-10,1.020353223121363e-09,EXITING,emergency_exit_pass_through
1789540524.9167836,13.767445368555638,-0.4495947763761045,0.06042063247943555,1.1884993981449159e-11,9.401641856201676e-10,EXITING,emergency_exit_pass_through
1789540525.2656431,13.809853114213718,-0.4483883777148517,0.07335708820241493,-5.057712004469399e-11,9.254633285918974e-10,EXITING,emergency_exit_pass_through
1789540525.6144326,13.860668728203162,-0.44686977115138504,0.09600275312454475,4.8356048969648535e-12,9.684767660548248e-10,EXITING,emergency_exit_pass_through
1789540525.9636493,13.902944017789872,-0.4436942021708015,0.10560055496477645,6.104262686114211e-11,9.65018315544414e-10,EXITING,emergency_exit_pass_through
1789540526.3138871,13.945177434521273,-0.44017303382431006,0.11587001016709692,3.7844507381844154e-11,9.605123947656319e-10,EXITING,emergency_exit_pass_through
1789540526.663945,13.978936218402373,-0.4367524696696187,0.1212683026018832,1.0068941974376905e-10,9.317898588518052e-10,EXITING,emergency_exit_pass_through
1789540527.0150254,14.021111060034128,-0.43236729300138793,0.129292098866075,-1.4626592329330127e-10,1.0050507598909053e-09,EXITING,emergency_exit_pass_through
1789540527.3639753,14.063244611207592,-0.4276429411950117,0.13653233738180467,-1.1894213461244655e-10,1.0025847138978394e-09,EXITING,emergency_exit_pass_through
1789540527.7145607,14.113731209125438,-0.4216828997213693,0.14737071373875318,-1.2993608243423815e-10,1.0142489828228486e-09,EXITING,emergency_exit_pass_through
1789540528.0639708,14.147321315116306,-0.4180673230634013,0.1610926141693104,1.205187613787109e-10,9.326320675512299e-10,EXITING,emergency_exit_pass_through
1789540528.414651,14.189257259854376,-0.4113035709171374,0.16214853150248149,1.2792583122068222e-10,9.112807277709822e-10,EXITING,emergency_exit_pass_through
1789540528.7638595,14.231171914382628,-0.405462757580844,0.1726469266405491,1.4887877282462493e-10,9.095984656551862e-10,EXITING,emergency_exit_pass_through
1789540529.1138923,14.273033130914664,-0.39881574684350984,0.178807435645742,-1.1023667477160326e-10,1.0199171153907752e-09,EXITING,emergency_exit_pass_through
1789540529.4637148,14.31483596625728,-0.3917445034869369,0.18378000843888415,1.1761070457146384e-11,9.622562070409704e-10,EXITING,emergency_exit_pass_through
1789540529.8138766,14.356609653064696,-0.3842592071565667,0.18667276592380655,-2.540132557771649e-11,9.710290085805083e-10,EXITING,emergency_exit_pass_through
1789540530.1638699,14.398335809716542,-0.37672045805317406,0.19121667385114094,2.72628907205475e-11,9.441689104198167e-10,EXITING,emergency_exit_pass_through
1789540530.5138628,14.440056401342504,-0.3686299066257795,0.19127844915451866,-4.660052977908873e-12,9.565722080098794e-10,EXITING,emergency_exit_pass_through
1789540530.8648102,14.481776115755988,-0.36053480527795606,0.19134020288940576,6.8404709275611e-11,9.244607883185246e-10,EXITING,emergency_exit_pass_through
1789540531.213634,14.523504737851113,-0.3527212687283633,0.1935881065085435,-3.658915027222811e-11,9.827130704166877e-10,EXITING,emergency_exit_pass_through
1789540531.5658302,14.54853673703729,-0.3474736152716626,0.1901523823397711,-3.0701143178620685e-11,9.70007691431969e-10,EXITING,emergency_exit_pass_through
1789540531.914594,14.590251717496017,-0.33966446912672604,0.19288430449672095,9.024535608208596e-11,9.165705652575993e-10,EXITING,emergency_exit_pass_through
1789540532.2639852,14.631952993157508,-0.33194123970618417,0.19709467418127571,6.45519561093769e-11,9.345057174190655e-10,EXITING,emergency_exit_pass_through
1789540532.6211417,14.673620227971156,-0.32403881210285856,0.2012526668962661,-5.056326911533459e-12,9.681682900276924e-10,EXITING,emergency_exit_pass_through
1789540532.964805,14.70694334102585,-0.3169679357557573,0.19846823265032748,-9.450605890029962e-11,9.98335373114759e-10,EXITING,emergency_exit_pass_through
1789540533.3137922,14.74859250966149,-0.3086999410577969,0.20002542118152003,-4.084501491855946e-12,9.57867751501613e-10,EXITING,emergency_exit_pass_through
1789540533.6638699,14.790240737554193,-0.3000701832663657,0.1985669250088953,4.412560719448851e-11,9.335107920762291e-10,EXITING,emergency_exit_pass_through
1789540534.013758,14.831903562527478,-0.29183796715614657,0.2000894673609449,1.1163723527133874e-11,9.55733391778614e-10,EXITING,emergency_exit_pass_through
1789540534.3639348,14.865220105535196,-0.2853872132662471,0.20306161401449663,-2.934417342044674e-11,9.813276148708574e-10,EXITING,emergency_exit_pass_through
1789540534.7135086,14.906841525596798,-0.27697537901522457,0.20463675334958412,-4.365911430292897e-11,9.841433915431316e-10,EXITING,emergency_exit_pass_through
1789540535.0639281,14.948434799395143,-0.2684828718811929,0.20660772112825448,1.0466686713678098e-11,9.504612373467592e-10,EXITING,emergency_exit_pass_through
1789540535.413743,14.990025485752152,-0.2596584065927477,0.2058688108170092,5.627206322326756e-11,9.223342306563006e-10,EXITING,emergency_exit_pass_through
1789540535.7639053,15.031623754735383,-0.2512938112510553,0.20895703858989292,4.2164070879272735e-11,9.41532809452857e-10,EXITING,emergency_exit_pass_through
1789540536.1140344,15.073195266107412,-0.24274339856859894,0.21153694733406392,-2.5436761987696473e-11,9.821817386647799e-10,EXITING,emergency_exit_pass_through
1789540536.4639456,15.10644296524037,-0.23553703669778872,0.2106739908379616,-6.802002626737709e-11,9.964706332836555e-10,EXITING,emergency_exit_pass_through
1789540536.814029,15.156276940990512,-0.22541881562651225,0.2171394980372938,-1.746182836795888e-11,9.769946990167563e-10,EXITING,emergency_exit_pass_through
1789540537.1641183,15.189462165642905,-0.2182686918612982,0.21922001653532117,2.9698178486603426e-11,9.451119888724753e-10,EXITING,emergency_exit_pass_through
1789540537.5139103,15.230929580433749,-0.20923434951172004,0.22167910322605808,1.0484992460533022e-10,9.02327629779705e-10,EXITING,emergency_exit_pass_through
1789540537.8639972,15.272394900480386,-0.20013973013883934,0.22380820254495118,-2.6883681916281614e-11,9.76144638188361e-10,EXITING,emergency_exit_pass_through
1789540538.2142725,15.305543823250451,-0.19273367610577233,0.2250041278885757,-4.1132818008483955e-11,9.855065496413678e-10,EXITING,emergency_exit_pass_through
1789540538.563794,15.338668574261606,-0.1853556207065932,0.22744792109445405,1.0449042115280471e-10,9.049179126416247e-10,EXITING,emergency_exit_pass_through
1789540538.9139075,15.38007306615001,-0.17601255576195554,0.22969707192635339,4.064842139512435e-11,9.439200350600087e-10,EXITING,emergency_exit_pass_through
1789540539.2646632,15.413192355418376,-0.16816340817332734,0.2282322728352888,-7.230804709671561e-11,9.989818127841675e-10,EXITING,emergency_exit_pass_through
1789540539.6139276,15.446298302981646,-0.16052727966443622,0.22909612627524292,-3.36784230214746e-12,9.602396134216002e-10,EXITING,emergency_exit_pass_through
1789540539.968126,15.487666185106546,-0.15120452217009403,0.23283908753346957,1.1177736185565016e-10,9.009196895712068e-10,EXITING,emergency_exit_pass_through
1789540540.3139536,15.50420971171215,-0.14721793319112356,0.23217686332204943,1.0325786515689017e-11,9.536699675835758e-10,EXITING,emergency_exit_pass_through
1789540540.6638699,15.537284143745143,-0.13958379484049824,0.23434258889858883,9.738978312688559e-11,9.030857309101206e-10,EXITING,emergency_exit_pass_through
1789540541.015795,15.578620167110554,-0.12962302018592065,0.23321849159685712,1.3820171667573938e-10,8.717121694851982e-10,EXITING,emergency_exit_pass_through
1789540541.365698,15.611716423593398,-0.12151275947754968,0.23030760871333483,-3.267020665913279e-11,9.68394305365918e-10,EXITING,emergency_exit_pass_through
1789540541.7161841,15.644841153124602,-0.11321807044879817,0.22396560177339295,-9.542028867116176e-12,9.489068870732216e-10,EXITING,emergency_exit_pass_through
1789540542.0637136,15.686312544676143,-0.10312653932872944,0.2168800123223997,-2.2164005242871662e-11,9.58218230145068e-10,EXITING,emergency_exit_pass_through
1789540542.4160929,15.727848872648396,-0.0933200796079464,0.2097651572296609,-2.4671543884694167e-11,9.610751603796692e-10,EXITING,emergency_exit_pass_through
1789540542.7655861,15.761123454965318,-0.08568131232575026,0.20405201839446732,-2.480979527541774e-11,9.60287016373891e-10,EXITING,emergency_exit_pass_through
1789540543.113886,15.802798537743062,-0.07544477400855444,0.18716068267550903,9.669761187222588e-12,9.238056596836797e-10,EXITING,emergency_exit_pass_through
1789540543.4641137,15.836257711819524,-0.06735769681761432,0.169735630355631,-5.133388304338815e-11,9.421228123532066e-10,EXITING,emergency_exit_pass_through
1789540543.813671,15.878191285382004,-0.0591723011863709,0.1587109534660929,-3.797093287007876e-12,9.383276369718171e-10,EXITING,emergency_exit_pass_through
1789540544.1636782,15.92020506987541,-0.05135145297972668,0.14688564437398138,-6.646705820735283e-11,9.745114121378175e-10,EXITING,emergency_exit_pass_through
1789540544.5137424,15.962269914975378,-0.04438725007050103,0.13947283402226487,-3.3765325675839246e-11,9.642554787623975e-10,EXITING,emergency_exit_pass_through
1789540544.8683891,15.99595349975065,-0.03903430800423495,0.1335191308125743,-2.8074571972720594e-11,9.60796885570538e-10,EXITING,emergency_exit_pass_through
1789540545.2140706,16.046529151792452,-0.03137102584005478,0.1245490448900603,-2.6391516488909633e-11,9.592461513963228e-10,EXITING,emergency_exit_pass_through
1789540545.5638666,16.088719220832466,-0.025322504196034865,0.11703732218570288,-2.6512808424804206e-11,9.5870497887172e-10,EXITING,emergency_exit_pass_through
1789540545.9137416,16.122498286629497,-0.020705890583482423,0.11100367573049395,-2.6665974997136863e-11,9.578786678064982e-10,EXITING,emergency_exit_pass_through
1789540546.264976,16.17320921550758,-0.014153421436495908,0.10191228030283592,-2.6837430785558962e-11,9.57015197472972e-10,EXITING,emergency_exit_pass_through
1789540546.6143074,16.215504625993002,-0.009036384545601609,0.09429815022062754,-2.6971485258816073e-11,9.577334383287434e-10,EXITING,emergency_exit_pass_through
1789540546.9638789,16.249363057511577,-0.005168768912475395,0.08818169057042112,-2.697109498949287e-11,9.590524216229622e-10,EXITING,emergency_exit_pass_through
1789540547.3139699,16.291711762010713,-0.0006182556839325259,0.08050430579882134,-2.69850271617097e-11,9.605908352203797e-10,EXITING,emergency_exit_pass_through
1789540547.6639118,16.334086770748073,0.003615036484201745,0.07279115824694782,-2.707612142619914e-11,9.609014613366417e-10,EXITING,emergency_exit_pass_through
1789540548.0138488,16.36800410260127,0.00677207407669791,0.06659458162797298,-2.7210883184248977e-11,9.601624240778564e-10,EXITING,emergency_exit_pass_through
1789540548.3639715,16.41042037740129,0.010429875779564895,0.058815889422050446,-2.7456300440549058e-11,9.585884649669417e-10,EXITING,emergency_exit_pass_through
1789540548.7160285,16.46134540541336,0.01439374744044818,0.04943245506039577,-2.7741230296158798e-11,9.573180329209005e-10,EXITING,emergency_exit_pass_through
1789540549.0639052,16.503801233577725,0.017340291089170963,0.04157149772637647,-2.7906095023138705e-11,9.57610735252727e-10,EXITING,emergency_exit_pass_through
1789540549.4140198,16.545450769135957,0.019925699345059156,0.03369572339694163,5.4330204179222126e-12,-1.8099419511582552e-08,EXITING,emergency_exit_pass_through
1789540549.7649271,16.592561124317335,0.022453677729397558,0.024604362805764647,4.645252503806641e-10,-2.1753337153154e-05,EXITING,emergency_exit_pass_through
1789540550.1137655,16.63089495809897,0.02394505285080186,0.019888365647383652,1.173952697011659e-10,-6.018555275029502e-06,EXITING,emergency_exit_pass_through
1789540550.463757,16.673777982112593,0.025564905900294782,0.011997572218692859,2.1585449740765447e-10,-3.631333685757776e-06,EXITING,emergency_exit_pass_through
1789540550.813868,16.703710735410333,0.025923195463928586,0.011997643910399852,3.404745738993336e-11,-1.3180508126963128e-05,EXITING,emergency_exit_pass_through
1789540551.163935,16.731871061547004,0.026339498005354463,0.011369641799336092,1.0901308093240068e-10,1.7783359327143002e-06,EXITING,emergency_exit_pass_through
1789540551.513717,16.750831860918872,0.027528723970974448,0.0033202583388208923,2.6891179834191265e-11,3.2236129935762343e-07,EXITING,emergency_exit_pass_through
1789540551.8637736,16.771136069846897,0.027736856101475468,0.0016298545455369902,2.7096734581642272e-09,-3.9397869389518705e-05,EXITING,emergency_exit_pass_through
1789540552.2138038,16.792297698386967,0.028930526361852615,-0.008053043849736102,9.581023439762706e-11,-5.070625225559893e-06,EXITING,emergency_exit_pass_through
1789540552.563803,16.807738113792716,0.02893161648827969,-0.009121588410520617,-1.0976485378540331e-10,5.2008126666587776e-06,EXITING,emergency_exit_pass_through
1789540552.9137359,16.822282310304086,0.028798946578243823,-0.009121588410519195,-1.1548617271175193e-11,6.698127826050839e-07,EXITING,emergency_exit_pass_through
1789540553.2638648,16.838872899330266,0.028678956055087686,-0.009869197966602664,3.1957756287801924e-09,-4.112463404384182e-05,EXITING,emergency_exit_pass_through
1789540553.613988,16.84704553120031,0.029282004399566828,-0.015390911644039053,3.1743369545380956e-10,-7.448491755626298e-06,EXITING,emergency_exit_pass_through
1789540553.9638417,16.858354880018318,0.029108032882895735,-0.015390912745982172,3.733797615814229e-11,-2.2831417765679607e-06,EXITING,emergency_exit_pass_through
1789540554.3144066,16.870183137208322,0.02937655020920139,-0.019123323327677074,5.461107081376535e-10,-6.238264345416352e-06,EXITING,emergency_exit_pass_through
1789540554.66398,16.87708558639458,0.03017623375343174,-0.026969429816351982,8.630464718296429e-10,-1.0930225153935347e-05,EXITING,emergency_exit_pass_through
1789540555.0139563,16.879663751987362,0.03002149882641299,-0.02622509062357514,6.487326426576534e-11,-8.265123759856179e-07,EXITING,emergency_exit_pass_through
1789540555.3639245,16.885085099917596,0.029633808005289256,-0.0237486455042301,-9.133148790498621e-10,-1.343224907979174e-05,EXITING,emergency_exit_pass_through
1789540555.7138824,16.89233847706787,0.02946151758276603,-0.023748645502603267,-1.6440896176177817e-10,-2.432283153313926e-06,EXITING,emergency_exit_pass_through
1789540556.0649471,16.900539192012804,0.02960647271801229,-0.026574730695884435,6.261934593465836e-10,-7.283635990488263e-06,EXITING,emergency_exit_pass_through
1789540556.413877,16.90313406053577,0.03068529124830036,-0.03597024531653384,4.712447374862509e-10,-6.048974266325038e-06,EXITING,emergency_exit_pass_through
1789540556.7640102,16.90791726592093,0.03072727346148828,-0.037690377260230334,4.004378155959044e-11,-1.095475548213779e-06,EXITING,emergency_exit_pass_through
1789540557.1149476,16.91052249672963,0.030199618154773098,-0.033735578583661434,-5.497737523191394e-10,-9.719514609659249e-06,EXITING,emergency_exit_pass_through
1789540557.4641676,16.912184448363455,0.02994512586797388,-0.031640604209250425,-7.779643780089946e-10,-1.1804257675770523e-05,EXITING,emergency_exit_pass_through
1789540557.8137865,16.912186364868845,0.02994506508660086,-0.03164060420702757,-1.1407058211171784e-10,-1.7130607213854232e-06,EXITING,emergency_exit_pass_through
1789540558.1647074,16.912186364868845,0.02994506508660086,-0.03164060420702757,-1.1407058211171784e-10,-1.7130607213854232e-06,EXITING,emergency_exit_pass_through
1789540558.5137901,16.912186364868845,0.02994506508660086,-0.03164060420702757,-1.1407058211171784e-10,-1.7130607213854232e-06,EXITING,emergency_exit_pass_through
1789540558.8637116,16.924115579864957,0.029060380116672238,-0.027425951878639727,-1.4314455209561499e-11,-1.0978971797718993e-08,EXITING,emergency_exit_pass_through
1789540559.2138364,16.970541544524753,0.02719686752367268,-0.021819686730431418,1.2534327609318278e-11,-2.2349625541107132e-09,EXITING,emergency_exit_pass_through
1789540559.5651197,17.021532073353914,0.025634612510674597,-0.017337382269114687,3.814892347016216e-11,5.408373932382679e-10,EXITING,emergency_exit_pass_through
1789540559.9138174,17.0640262332971,0.024722232604246087,-0.015729011325345408,1.2270783053172617e-11,1.120564268979762e-09,EXITING,emergency_exit_pass_through
1789540560.2659423,17.106521469263622,0.023877906320503756,-0.014119040895284523,5.758596371368672e-12,1.0819689155855615e-09,EXITING,emergency_exit_pass_through
1789540560.6139805,17.15751687877887,0.023052754864679927,-0.013021064093488816,1.0640972215712505e-11,9.206181281585283e-10,EXITING,emergency_exit_pass_through
1789540560.9638474,17.208512635005146,0.022354491346486673,-0.012695492412986807,1.831288949912824e-12,9.17491988231933e-10,EXITING,emergency_exit_pass_through
1789540561.3138902,17.251009259584254,0.021785277719734094,-0.012424123901274769,9.738582815179113e-13,9.604168379711847e-10,EXITING,emergency_exit_pass_through
1789540561.6689165,17.29350599567031,0.021252928149227454,-0.012379230988922437,1.4689286798536789e-12,9.754993051855642e-10,EXITING,emergency_exit_pass_through
1789540562.0138729,17.344502093510208,0.02061975697931375,-0.012361602167288129,5.073378087327829e-14,9.63256035235947e-10,EXITING,emergency_exit_pass_through
1789540562.364955,17.386998850088084,0.02009310822897131,-0.012349332691591079,2.1238151604956571e-13,9.549187443162576e-10,EXITING,emergency_exit_pass_through
1789540562.7139468,17.429495608734367,0.019568536030962164,-0.012351787716997797,3.885321522637419e-14,9.557150377527928e-10,EXITING,emergency_exit_pass_through
1789540563.063968,17.480491717416527,0.018938911693395476,-0.012354733957951003,-3.7096479767079734e-14,9.602591518714633e-10,EXITING,emergency_exit_pass_through
1789540563.4138806,17.522988473289036,0.018414044830683127,-0.012356657774981551,-2.2288570695226767e-14,9.619898987363744e-10,EXITING,emergency_exit_pass_through
1789540563.7638683,17.565485228440995,0.017889015429143326,-0.01235778439707167,-6.508280727904193e-15,9.61486047533213e-10,EXITING,emergency_exit_pass_through
1789540564.1136935,17.616481333841048,0.017258916954126007,-0.012359136304878575,-1.460824396940448e-14,9.599710069595402e-10,EXITING,emergency_exit_pass_through
1789540564.4638634,17.658978087783254,0.016733720149578815,-0.01235973156139359,-1.0140355117116575e-14,9.588764846977334e-10,EXITING,emergency_exit_pass_through
1789540564.8137913,17.701474841527432,0.016208473093454155,-0.012360065809388181,-7.34574371668309e-15,9.584499508661544e-10,EXITING,emergency_exit_pass_through
1789540565.1637044,17.752470945789078,0.015578157865406636,-0.012360466909119103,-9.598171414390185e-15,9.590970809520627e-10,EXITING,emergency_exit_pass_through
1789540565.513637,17.80346704984133,0.014947806426886489,-0.012360720946975217,3.901882288223234e-16,9.604896522362933e-10,EXITING,emergency_exit_pass_through
1789540565.8653898,17.845963803100002,0.014422503013654874,-0.012360925009704779,-6.283694768524049e-15,9.613174111220113e-10,EXITING,emergency_exit_pass_through
1789540566.2139008,17.88846055625106,0.013897191281358906,-0.01236113178181434,-6.632984082603921e-15,9.611490446879818e-10,EXITING,emergency_exit_pass_through
1789540566.5639844,17.93945665988327,0.013266807150890635,-0.012361395016973633,-1.0362522610432944e-14,9.599316504331832e-10,EXITING,emergency_exit_pass_through
1789540566.913875,17.990452763349584,0.012636409592153551,-0.012361658217878529,-8.164700633897144e-15,9.587050427690213e-10,EXITING,emergency_exit_pass_through
1789540567.2640154,18.041448866642522,0.012006002624402075,-0.012361956958254568,-7.300317683906525e-15,9.588146562494829e-10,EXITING,emergency_exit_pass_through
1789540567.6141775,18.08394561923694,0.011480653002999856,-0.012362218562164998,-1.0071184098832498e-14,9.598191093058516e-10,EXITING,emergency_exit_pass_through
1789540567.9637463,18.134941722168705,0.010850219555042267,-0.012362538484968624,-4.616813705760148e-15,9.612084910726915e-10,EXITING,emergency_exit_pass_through
1789540568.3138916,18.185937824874692,0.010219777063122652,-0.012362928507234737,-2.153824806422907e-15,9.614162433316798e-10,EXITING,emergency_exit_pass_through
1789540568.6637332,18.228434576941535,0.009694393134127956,-0.012363253517760577,-2.970682872286697e-15,9.60599584257279e-10,EXITING,emergency_exit_pass_through
1789540569.0138903,18.279430679188305,0.009063920771966286,-0.012363698676089507,-2.9407320005640217e-15,9.592047882314601e-10,EXITING,emergency_exit_pass_through
1789540569.3640995,18.33042678112513,0.008433431757238494,-0.012364208377692823,-1.5560674707581124e-15,9.589381341483564e-10,EXITING,emergency_exit_pass_through
1789540569.7173922,18.372923532493882,0.007908004380727949,-0.012364633133873697,-6.056069595435161e-15,9.594496571063778e-10,EXITING,emergency_exit_pass_through
1789540570.06372,18.42391963379873,0.007277485493222486,-0.012365305417387645,-5.079815161306307e-15,9.608758132610242e-10,EXITING,emergency_exit_pass_through
1789540570.413834,18.474915734662474,0.006646934776566156,-0.012366006859467978,-9.404789440889115e-15,9.617088383241054e-10,EXITING,emergency_exit_pass_through
1789540570.7641404,18.511210895127515,0.006246996925951028,-0.012366992544820517,-3.121782243593754e-11,0.003164332534389125,MISSION_COMPLETE,emergency_exit_pass_through
1789540571.113953,18.51061325888797,0.006254388345869806,-0.012366992405910934,-5.0433513671627815e-12,2.2210301500650034e-05,MISSION_COMPLETE,emergency_exit_pass_through
1789540571.466814,18.51060974486508,0.006254431807626188,-0.012366992403119812,-7.343522494350542e-13,3.7129585193864696e-06,MISSION_COMPLETE,emergency_exit_pass_through
1789540571.8174226,18.51060936462534,0.006254436507167867,-0.012366992403065748,-1.3917016850204996e-13,1.7128452501397155e-06,MISSION_COMPLETE,emergency_exit_pass_through
1789540572.1638963,18.51060936462534,0.006254436507167867,-0.012366992403065748,-1.3917016850204996e-13,1.7128452501397155e-06,MISSION_COMPLETE,emergency_exit_pass_through
1789540572.513873,18.51060936462534,0.006254436507167867,-0.012366992403065748,-1.3917016850204996e-13,1.7128452501397155e-06,MISSION_COMPLETE,emergency_exit_pass_through
1789540572.863895,18.51060936462534,0.006254436507167867,-0.012366992403065748,-1.3917016850204996e-13,1.7128452501397155e-06,MISSION_COMPLETE,emergency_exit_pass_through
1789540573.2169137,18.51060936462534,0.006254436507167867,-0.012366992403065748,-1.3917016850204996e-13,1.7128452501397155e-06,MISSION_COMPLETE,emergency_exit_pass_through
1789540573.5637004,18.51060936462534,0.006254436507167867,-0.012366992403065748,-1.3917016850204996e-13,1.7128452501397155e-06,MISSION_COMPLETE,emergency_exit_pass_through
1789540573.9139233,18.51060936462534,0.006254436507167867,-0.012366992403065748,-1.3917016850204996e-13,1.7128452501397155e-06,MISSION_COMPLETE,emergency_exit_pass_through
1789540574.2639098,18.51060936462534,0.006254436507167867,-0.012366992403065748,-1.3917016850204996e-13,1.7128452501397155e-06,MISSION_COMPLETE,emergency_exit_pass_through
1789540574.6142466,18.51060936462534,0.006254436507167867,-0.012366992403065748,-1.3917016850204996e-13,1.7128452501397155e-06,MISSION_COMPLETE,emergency_exit_pass_through
1789540574.9638293,18.51060936462534,0.006254436507167867,-0.012366992403065748,-1.3917016850204996e-13,1.7128452501397155e-06,MISSION_COMPLETE,emergency_exit_pass_through
1789540575.3167953,18.51060936462534,0.006254436507167867,-0.012366992403065748,-1.3917016850204996e-13,1.7128452501397155e-06,MISSION_COMPLETE,emergency_exit_pass_through
1789540575.663918,18.51060936462534,0.006254436507167867,-0.012366992403065748,-1.3917016850204996e-13,1.7128452501397155e-06,MISSION_COMPLETE,emergency_exit_pass_through
1789540576.0136647,18.51060936462534,0.006254436507167867,-0.012366992403065748,-1.3917016850204996e-13,1.7128452501397155e-06,MISSION_COMPLETE,emergency_exit_pass_through
1789540576.3638983,18.51060936462534,0.006254436507167867,-0.012366992403065748,-1.3917016850204996e-13,1.7128452501397155e-06,MISSION_COMPLETE,emergency_exit_pass_through
1789540576.7141461,18.51060936462534,0.006254436507167867,-0.012366992403065748,-1.3917016850204996e-13,1.7128452501397155e-06,MISSION_COMPLETE,emergency_exit_pass_through
1789540577.0639184,18.51060936462534,0.006254436507167867,-0.012366992403065748,-1.3917016850204996e-13,1.7128452501397155e-06,MISSION_COMPLETE,emergency_exit_pass_through
1789540577.41391,18.51060936462534,0.006254436507167867,-0.012366992403065748,-1.3917016850204996e-13,1.7128452501397155e-06,MISSION_COMPLETE,emergency_exit_pass_through
1789540577.7638292,18.51060936462534,0.006254436507167867,-0.012366992403065748,-1.3917016850204996e-13,1.7128452501397155e-06,MISSION_COMPLETE,emergency_exit_pass_through
1789540578.1170785,18.51060936462534,0.006254436507167867,-0.012366992403065748,-1.3917016850204996e-13,1.7128452501397155e-06,MISSION_COMPLETE,emergency_exit_pass_through
1789540578.4638083,18.51060936462534,0.006254436507167867,-0.012366992403065748,-1.3917016850204996e-13,1.7128452501397155e-06,MISSION_COMPLETE,emergency_exit_pass_through
1789540578.8138287,18.51060936462534,0.006254436507167867,-0.012366992403065748,-1.3917016850204996e-13,1.7128452501397155e-06,MISSION_COMPLETE,emergency_exit_pass_through
1789540579.167373,18.51060936462534,0.006254436507167867,-0.012366992403065748,-1.3917016850204996e-13,1.7128452501397155e-06,MISSION_COMPLETE,emergency_exit_pass_through
1789540579.513769,18.51060936462534,0.006254436507167867,-0.012366992403065748,-1.3917016850204996e-13,1.7128452501397155e-06,MISSION_COMPLETE,emergency_exit_pass_through
1789540579.863908,18.51060936462534,0.006254436507167867,-0.012366992403065748,-1.3917016850204996e-13,1.7128452501397155e-06,MISSION_COMPLETE,emergency_exit_pass_through
1789540580.213928,18.51060936462534,0.006254436507167867,-0.012366992403065748,-1.3917016850204996e-13,1.7128452501397155e-06,MISSION_COMPLETE,emergency_exit_pass_through
1789540580.563847,18.51060936462534,0.006254436507167867,-0.012366992403065748,-1.3917016850204996e-13,1.7128452501397155e-06,MISSION_COMPLETE,emergency_exit_pass_through
1789540580.9136918,18.51060936462534,0.006254436507167867,-0.012366992403065748,-1.3917016850204996e-13,1.7128452501397155e-06,MISSION_COMPLETE,emergency_exit_pass_through
1789540581.2639363,18.51060936462534,0.006254436507167867,-0.012366992403065748,-1.3917016850204996e-13,1.7128452501397155e-06,MISSION_COMPLETE,emergency_exit_pass_through
1789540581.6138914,18.51060936462534,0.006254436507167867,-0.012366992403065748,-1.3917016850204996e-13,1.7128452501397155e-06,MISSION_COMPLETE,emergency_exit_pass_through
1789540581.9637363,18.51060936462534,0.006254436507167867,-0.012366992403065748,-1.3917016850204996e-13,1.7128452501397155e-06,MISSION_COMPLETE,emergency_exit_pass_through
1789540582.3136225,18.51060936462534,0.006254436507167867,-0.012366992403065748,-1.3917016850204996e-13,1.7128452501397155e-06,MISSION_COMPLETE,emergency_exit_pass_through
1789540582.6637304,18.51060936462534,0.006254436507167867,-0.012366992403065748,-1.3917016850204996e-13,1.7128452501397155e-06,MISSION_COMPLETE,emergency_exit_pass_through
1789540583.0136342,18.51060936462534,0.006254436507167867,-0.012366992403065748,-1.3917016850204996e-13,1.7128452501397155e-06,MISSION_COMPLETE,emergency_exit_pass_through
1789540583.3636181,18.51060936462534,0.006254436507167867,-0.012366992403065748,-1.3917016850204996e-13,1.7128452501397155e-06,MISSION_COMPLETE,emergency_exit_pass_through
