[INFO] [launch]: All log files can be found below /root/.ros/log/2026-09-16-15-23-41-029926-BOOK-9IO69NR1EM-439
[INFO] [launch]: Default logging verbosity is set to INFO
[INFO] [ign-1]: process started with pid [457]
[INFO] [robot_state_publisher-2]: process started with pid [459]
[INFO] [static_transform_publisher-3]: process started with pid [461]
[INFO] [cmd_vel_safety_node-4]: process started with pid [463]
[INFO] [create-5]: process started with pid [465]
[INFO] [parameter_bridge-6]: process started with pid [467]
[INFO] [parameter_bridge-7]: process started with pid [469]
[INFO] [parameter_bridge-8]: process started with pid [471]
[static_transform_publisher-3] [WARN] [1789539821.290030189] []: Old-style arguments are deprecated; see --help for new-style arguments
[static_transform_publisher-3] [INFO] [1789539821.320792337] [sim_lidar_sensor_tf]: Spinning until stopped - publishing transform
[static_transform_publisher-3] translation: ('0.200000', '0.000000', '0.070000')
[static_transform_publisher-3] rotation: ('0.000000', '0.000000', '0.000000', '1.000000')
[static_transform_publisher-3] from 'base_link' to 'fire_robot/base_footprint/lidar_sensor'
[create-5] [INFO] [1789539821.358213136] [spawn_fire_robot]: Requesting list of world names.
[robot_state_publisher-2] [INFO] [1789539821.359307669] [robot_state_publisher]: got segment arm_base_link
[robot_state_publisher-2] [INFO] [1789539821.359612288] [robot_state_publisher]: got segment arm_link1
[robot_state_publisher-2] [INFO] [1789539821.359639509] [robot_state_publisher]: got segment arm_link2
[robot_state_publisher-2] [INFO] [1789539821.359649879] [robot_state_publisher]: got segment arm_link3
[robot_state_publisher-2] [INFO] [1789539821.359658823] [robot_state_publisher]: got segment arm_link4
[robot_state_publisher-2] [INFO] [1789539821.359666943] [robot_state_publisher]: got segment arm_link5
[robot_state_publisher-2] [INFO] [1789539821.359674865] [robot_state_publisher]: got segment arm_link6
[robot_state_publisher-2] [INFO] [1789539821.359682186] [robot_state_publisher]: got segment base_footprint
[robot_state_publisher-2] [INFO] [1789539821.359690235] [robot_state_publisher]: got segment base_link
[robot_state_publisher-2] [INFO] [1789539821.359697622] [robot_state_publisher]: got segment camera_color_optical_frame
[robot_state_publisher-2] [INFO] [1789539821.359705435] [robot_state_publisher]: got segment camera_front_left_link
[robot_state_publisher-2] [INFO] [1789539821.359713071] [robot_state_publisher]: got segment camera_front_left_optical_frame
[robot_state_publisher-2] [INFO] [1789539821.359720796] [robot_state_publisher]: got segment camera_front_right_link
[robot_state_publisher-2] [INFO] [1789539821.359728473] [robot_state_publisher]: got segment camera_front_right_optical_frame
[robot_state_publisher-2] [INFO] [1789539821.359735882] [robot_state_publisher]: got segment camera_link
[robot_state_publisher-2] [INFO] [1789539821.359743645] [robot_state_publisher]: got segment depth_camera_link
[robot_state_publisher-2] [INFO] [1789539821.359751286] [robot_state_publisher]: got segment depth_optical_frame
[robot_state_publisher-2] [INFO] [1789539821.359758830] [robot_state_publisher]: got segment front_left_wheel
[robot_state_publisher-2] [INFO] [1789539821.359766071] [robot_state_publisher]: got segment front_right_wheel
[robot_state_publisher-2] [INFO] [1789539821.359773508] [robot_state_publisher]: got segment gripper_base_link
[robot_state_publisher-2] [INFO] [1789539821.359781056] [robot_state_publisher]: got segment gripper_finger_left
[robot_state_publisher-2] [INFO] [1789539821.359788449] [robot_state_publisher]: got segment gripper_finger_right
[robot_state_publisher-2] [INFO] [1789539821.359795624] [robot_state_publisher]: got segment lidar_link
[robot_state_publisher-2] [INFO] [1789539821.359803045] [robot_state_publisher]: got segment rear_left_wheel
[robot_state_publisher-2] [INFO] [1789539821.359810952] [robot_state_publisher]: got segment rear_right_wheel
[parameter_bridge-6] [INFO] [1789539821.391405016] [gz_clock_bridge]: Creating GZ->ROS Bridge: [/clock (gz.msgs.Clock) -> /clock (rosgraph_msgs/msg/Clock)] (Lazy 0)
[parameter_bridge-7] [INFO] [1789539821.399018946] [gz_motion_bridge]: Creating GZ->ROS Bridge: [/scan (gz.msgs.LaserScan) -> /scan (sensor_msgs/msg/LaserScan)] (Lazy 0)
[parameter_bridge-8] [INFO] [1789539821.400698624] [gz_rgb_camera_bridge]: Creating GZ->ROS Bridge: [/camera_raw (gz.msgs.Image) -> /camera_raw (sensor_msgs/msg/Image)] (Lazy 0)
[parameter_bridge-7] [INFO] [1789539821.403554575] [gz_motion_bridge]: Creating ROS->GZ Bridge: [/cmd_vel (geometry_msgs/msg/Twist) -> /cmd_vel (gz.msgs.Twist)] (Lazy 0)
[parameter_bridge-8] [INFO] [1789539821.403551868] [gz_rgb_camera_bridge]: Creating GZ->ROS Bridge: [/camera_raw/camera_info (gz.msgs.CameraInfo) -> /camera_raw/camera_info (sensor_msgs/msg/CameraInfo)] (Lazy 0)
[parameter_bridge-8] [INFO] [1789539821.405949438] [gz_rgb_camera_bridge]: Creating GZ->ROS Bridge: [/camera_front_left_raw (gz.msgs.Image) -> /camera_front_left_raw (sensor_msgs/msg/Image)] (Lazy 0)
[parameter_bridge-8] [INFO] [1789539821.407147974] [gz_rgb_camera_bridge]: Creating GZ->ROS Bridge: [/camera_front_left_raw/camera_info (gz.msgs.CameraInfo) -> /camera_front_left_raw/camera_info (sensor_msgs/msg/CameraInfo)] (Lazy 0)
[parameter_bridge-8] [INFO] [1789539821.408957076] [gz_rgb_camera_bridge]: Creating GZ->ROS Bridge: [/camera_front_right_raw (gz.msgs.Image) -> /camera_front_right_raw (sensor_msgs/msg/Image)] (Lazy 0)
[parameter_bridge-7] [INFO] [1789539821.408992298] [gz_motion_bridge]: Creating GZ->ROS Bridge: [/odom (gz.msgs.Odometry) -> /odom (nav_msgs/msg/Odometry)] (Lazy 0)
[parameter_bridge-8] [INFO] [1789539821.410416003] [gz_rgb_camera_bridge]: Creating GZ->ROS Bridge: [/camera_front_right_raw/camera_info (gz.msgs.CameraInfo) -> /camera_front_right_raw/camera_info (sensor_msgs/msg/CameraInfo)] (Lazy 0)
[parameter_bridge-7] [INFO] [1789539821.413990137] [gz_motion_bridge]: Creating GZ->ROS Bridge: [/tf (gz.msgs.Pose_V) -> /tf (tf2_msgs/msg/TFMessage)] (Lazy 0)
[parameter_bridge-7] [INFO] [1789539821.417549374] [gz_motion_bridge]: Creating GZ->ROS Bridge: [/joint_states (gz.msgs.Model) -> /joint_states (sensor_msgs/msg/JointState)] (Lazy 0)
[cmd_vel_safety_node-4] [INFO] [1789539821.531710594] [cmd_vel_safety_node]: CmdVelSafetyNode started | nav=/cmd_vel, manual=/cmd_vel_manual -> /cmd_vel_safe manual_hold=0.75s, allow_reverse=True, micro_reverse=0.050m/s, LiDAR stops(front/rear/turn)=0.48/0.00/0.00m, manual_lidar_stop=False
[create-5] [INFO] [1789539821.982535723] [spawn_fire_robot]: Waiting messages on topic [/robot_description].
[create-5] [INFO] [1789539821.994804581] [spawn_fire_robot]: Requested creation of entity.
[create-5] [INFO] [1789539821.994863760] [spawn_fire_robot]: OK creation of entity.
[INFO] [create-5]: process has finished cleanly [pid 465]
[ign-1] [1;33mWarning [Utils.cc:129][0m [/sdf/model[@name="fire_robot"]/link[@name="base_footprint"]/sensor[@name="lidar_sensor"]/lidar/noise[@type="gaussian"]:<urdf-string>:L0]: XML Attribute[type] in element[noise] not defined in SDF.
[INFO] [map_server-9]: process started with pid [2047]
[INFO] [lifecycle_manager-10]: process started with pid [2049]
[INFO] [static_transform_publisher-11]: process started with pid [2051]
[static_transform_publisher-11] [WARN] [1789539829.305032019] []: Old-style arguments are deprecated; see --help for new-style arguments
[static_transform_publisher-11] [INFO] [1789539829.342345742] [sim_odom_map_tf]: Spinning until stopped - publishing transform
[static_transform_publisher-11] translation: ('0.000000', '0.000000', '0.000000')
[static_transform_publisher-11] rotation: ('0.000000', '0.000000', '0.000000', '1.000000')
[static_transform_publisher-11] from 'map' to 'odom'
[lifecycle_manager-10] [INFO] [1789539829.349763322] [lifecycle_manager_localization]: Creating
[lifecycle_manager-10] [INFO] [1789539829.358444779] [lifecycle_manager_localization]: [34m[1mCreating and initializing lifecycle service clients[0m[0m
[lifecycle_manager-10] [INFO] [1789539829.366255604] [lifecycle_manager_localization]: [34m[1mStarting managed nodes bringup...[0m[0m
[lifecycle_manager-10] [INFO] [1789539829.366391738] [lifecycle_manager_localization]: [34m[1mConfiguring map_server[0m[0m
[map_server-9] [INFO] [1789539829.369110891] [map_server]: 
[map_server-9] 	map_server lifecycle node launched. 
[map_server-9] 	Waiting on external lifecycle transitions to activate
[map_server-9] 	See https://design.ros2.org/articles/node_lifecycle.html for more information.
[map_server-9] [INFO] [1789539829.369251142] [map_server]: Creating
[map_server-9] [INFO] [1789539829.369671314] [map_server]: Configuring
[map_server-9] [INFO] [1789539829.369710212] [map_io]: Loading yaml file: /home/junyoung/fire_robot_ws_test/install/fire_robot_navigation/share/fire_robot_navigation/maps/obstacle_wall_doors_v5_static.yaml
[map_server-9] [INFO] [1789539829.369969875] [map_io]: resolution: 0.05
[map_server-9] [INFO] [1789539829.369976500] [map_io]: origin[0]: -6
[map_server-9] [INFO] [1789539829.369979080] [map_io]: origin[1]: -3
[map_server-9] [INFO] [1789539829.369981032] [map_io]: origin[2]: 0
[map_server-9] [INFO] [1789539829.369983133] [map_io]: free_thresh: 0.25
[map_server-9] [INFO] [1789539829.369985092] [map_io]: occupied_thresh: 0.65
[map_server-9] [INFO] [1789539829.369987475] [map_io]: mode: trinary
[map_server-9] [INFO] [1789539829.369990127] [map_io]: negate: 0
[map_server-9] [INFO] [1789539829.373839972] [map_io]: Loading image_file: /home/junyoung/fire_robot_ws_test/install/fire_robot_navigation/share/fire_robot_navigation/maps/obstacle_wall_doors_v5_static.pgm
[map_server-9] [INFO] [1789539829.379827490] [map_io]: Read map /home/junyoung/fire_robot_ws_test/install/fire_robot_navigation/share/fire_robot_navigation/maps/obstacle_wall_doors_v5_static.pgm: 500 X 120 map @ 0.05 m/cell
[map_server-9] [WARN] [1789539829.483870355] [map_server.rclcpp]: failed to send response to /map_server/change_state (timeout): client will not receive response, at ./src/rmw_response.cpp:154, at ./src/rcl/service.c:314
[INFO] [controller_server-12]: process started with pid [2096]
[INFO] [smoother_server-13]: process started with pid [2098]
[INFO] [planner_server-14]: process started with pid [2100]
[INFO] [behavior_server-15]: process started with pid [2102]
[INFO] [bt_navigator-16]: process started with pid [2104]
[INFO] [velocity_smoother-17]: process started with pid [2106]
[INFO] [lifecycle_manager-18]: process started with pid [2108]
[lifecycle_manager-18] [INFO] [1789539833.826631000] [lifecycle_manager_navigation]: Creating
[lifecycle_manager-18] [INFO] [1789539833.833399570] [lifecycle_manager_navigation]: [34m[1mCreating and initializing lifecycle service clients[0m[0m
[bt_navigator-16] [INFO] [1789539833.835913240] [bt_navigator]: 
[bt_navigator-16] 	bt_navigator lifecycle node launched. 
[bt_navigator-16] 	Waiting on external lifecycle transitions to activate
[bt_navigator-16] 	See https://design.ros2.org/articles/node_lifecycle.html for more information.
[bt_navigator-16] [INFO] [1789539833.836120001] [bt_navigator]: Creating
[planner_server-14] [INFO] [1789539833.843862504] [planner_server]: 
[planner_server-14] 	planner_server lifecycle node launched. 
[planner_server-14] 	Waiting on external lifecycle transitions to activate
[planner_server-14] 	See https://design.ros2.org/articles/node_lifecycle.html for more information.
[controller_server-12] [INFO] [1789539833.849064052] [controller_server]: 
[controller_server-12] 	controller_server lifecycle node launched. 
[controller_server-12] 	Waiting on external lifecycle transitions to activate
[controller_server-12] 	See https://design.ros2.org/articles/node_lifecycle.html for more information.
[behavior_server-15] [INFO] [1789539833.855790071] [behavior_server]: 
[behavior_server-15] 	behavior_server lifecycle node launched. 
[behavior_server-15] 	Waiting on external lifecycle transitions to activate
[behavior_server-15] 	See https://design.ros2.org/articles/node_lifecycle.html for more information.
[velocity_smoother-17] [INFO] [1789539833.856462939] [velocity_smoother]: 
[velocity_smoother-17] 	velocity_smoother lifecycle node launched. 
[velocity_smoother-17] 	Waiting on external lifecycle transitions to activate
[velocity_smoother-17] 	See https://design.ros2.org/articles/node_lifecycle.html for more information.
[smoother_server-13] [INFO] [1789539833.858090474] [smoother_server]: 
[smoother_server-13] 	smoother_server lifecycle node launched. 
[smoother_server-13] 	Waiting on external lifecycle transitions to activate
[smoother_server-13] 	See https://design.ros2.org/articles/node_lifecycle.html for more information.
[planner_server-14] [INFO] [1789539833.869479064] [planner_server]: Creating
[smoother_server-13] [INFO] [1789539833.869526102] [smoother_server]: Creating smoother server
[controller_server-12] [INFO] [1789539833.872833467] [controller_server]: Creating controller server
[planner_server-14] [INFO] [1789539833.894852944] [global_costmap.global_costmap]: 
[planner_server-14] 	global_costmap lifecycle node launched. 
[planner_server-14] 	Waiting on external lifecycle transitions to activate
[planner_server-14] 	See https://design.ros2.org/articles/node_lifecycle.html for more information.
[planner_server-14] [INFO] [1789539833.898658465] [global_costmap.global_costmap]: Creating Costmap
[controller_server-12] [INFO] [1789539833.900493528] [local_costmap.local_costmap]: 
[controller_server-12] 	local_costmap lifecycle node launched. 
[controller_server-12] 	Waiting on external lifecycle transitions to activate
[controller_server-12] 	See https://design.ros2.org/articles/node_lifecycle.html for more information.
[controller_server-12] [INFO] [1789539833.901181513] [local_costmap.local_costmap]: Creating Costmap
[lifecycle_manager-18] [INFO] [1789539834.890729287] [lifecycle_manager_navigation]: [34m[1mStarting managed nodes bringup...[0m[0m
[lifecycle_manager-18] [INFO] [1789539834.890902071] [lifecycle_manager_navigation]: [34m[1mConfiguring controller_server[0m[0m
[controller_server-12] [INFO] [1789539834.891491676] [controller_server]: Configuring controller interface
[controller_server-12] [INFO] [1789539834.891851043] [controller_server]: getting goal checker plugins..
[controller_server-12] [INFO] [1789539834.892019520] [controller_server]: Controller frequency set to 8.0000Hz
[controller_server-12] [INFO] [1789539834.892063070] [local_costmap.local_costmap]: Configuring
[controller_server-12] [INFO] [1789539834.904414380] [local_costmap.local_costmap]: Using plugin "obstacle_layer"
[controller_server-12] [INFO] [1789539834.915926978] [local_costmap.local_costmap]: Subscribed to Topics: scan
[controller_server-12] [INFO] [1789539834.921861595] [local_costmap.local_costmap]: Initialized plugin "obstacle_layer"
[controller_server-12] [INFO] [1789539834.921919979] [local_costmap.local_costmap]: Using plugin "inflation_layer"
[controller_server-12] [INFO] [1789539834.923368048] [local_costmap.local_costmap]: Initialized plugin "inflation_layer"
[controller_server-12] [INFO] [1789539834.947986386] [controller_server]: Created progress_checker : progress_checker of type nav2_controller::SimpleProgressChecker
[controller_server-12] [INFO] [1789539834.949505975] [controller_server]: Created goal checker : general_goal_checker of type nav2_controller::SimpleGoalChecker
[controller_server-12] [INFO] [1789539834.950815841] [controller_server]: Controller Server has general_goal_checker  goal checkers available.
[controller_server-12] [INFO] [1789539834.956088676] [controller_server]: Created controller : FollowPath of type nav2_rotation_shim_controller::RotationShimController
[controller_server-12] [INFO] [1789539834.967292289] [controller_server]: Created internal controller for rotation shimming: FollowPath of type dwb_core::DWBLocalPlanner
[controller_server-12] [INFO] [1789539834.969647228] [controller_server]: Setting transform_tolerance to 0.300000
[controller_server-12] [INFO] [1789539834.998158306] [controller_server]: Using critic "RotateToGoal" (dwb_critics::RotateToGoalCritic)
[controller_server-12] [INFO] [1789539834.998785003] [controller_server]: Critic plugin initialized
[controller_server-12] [INFO] [1789539834.999119778] [controller_server]: Using critic "Oscillation" (dwb_critics::OscillationCritic)
[controller_server-12] [INFO] [1789539835.000532082] [controller_server]: Critic plugin initialized
[controller_server-12] [INFO] [1789539835.000830926] [controller_server]: Using critic "BaseObstacle" (dwb_critics::BaseObstacleCritic)
[controller_server-12] [INFO] [1789539835.001253648] [controller_server]: Critic plugin initialized
[controller_server-12] [INFO] [1789539835.001445093] [controller_server]: Using critic "ObstacleFootprint" (dwb_critics::ObstacleFootprintCritic)
[controller_server-12] [INFO] [1789539835.002284821] [controller_server]: Critic plugin initialized
[controller_server-12] [INFO] [1789539835.002858273] [controller_server]: Using critic "GoalAlign" (dwb_critics::GoalAlignCritic)
[controller_server-12] [INFO] [1789539835.004454191] [controller_server]: Critic plugin initialized
[controller_server-12] [INFO] [1789539835.005085479] [controller_server]: Using critic "PathAlign" (dwb_critics::PathAlignCritic)
[controller_server-12] [INFO] [1789539835.006540820] [controller_server]: Critic plugin initialized
[controller_server-12] [INFO] [1789539835.006688997] [controller_server]: Using critic "PathDist" (dwb_critics::PathDistCritic)
[controller_server-12] [INFO] [1789539835.007389731] [controller_server]: Critic plugin initialized
[controller_server-12] [INFO] [1789539835.007758581] [controller_server]: Using critic "GoalDist" (dwb_critics::GoalDistCritic)
[controller_server-12] [INFO] [1789539835.009384209] [controller_server]: Critic plugin initialized
[controller_server-12] [INFO] [1789539835.009482552] [controller_server]: Controller Server has FollowPath  controllers available.
[lifecycle_manager-18] [INFO] [1789539835.024134185] [lifecycle_manager_navigation]: [34m[1mConfiguring smoother_server[0m[0m
[smoother_server-13] [INFO] [1789539835.024512469] [smoother_server]: Configuring smoother server
[smoother_server-13] [INFO] [1789539835.039484185] [smoother_server]: Created smoother : simple_smoother of type nav2_smoother::SimpleSmoother
[smoother_server-13] [INFO] [1789539835.041139026] [smoother_server]: Smoother Server has simple_smoother  smoothers available.
[lifecycle_manager-18] [INFO] [1789539835.053893863] [lifecycle_manager_navigation]: [34m[1mConfiguring planner_server[0m[0m
[planner_server-14] [INFO] [1789539835.054940869] [planner_server]: Configuring
[planner_server-14] [INFO] [1789539835.055032918] [global_costmap.global_costmap]: Configuring
[planner_server-14] [INFO] [1789539835.067357466] [global_costmap.global_costmap]: Using plugin "static_layer"
[planner_server-14] [INFO] [1789539835.072746430] [global_costmap.global_costmap]: Subscribing to the map topic (/initial_static_map) with transient local durability
[planner_server-14] [INFO] [1789539835.075690350] [global_costmap.global_costmap]: Initialized plugin "static_layer"
[planner_server-14] [INFO] [1789539835.075739069] [global_costmap.global_costmap]: Using plugin "fixed_obstacle_layer"
[planner_server-14] [INFO] [1789539835.077107254] [global_costmap.global_costmap]: Subscribing to the map topic (/fixed_obstacle_map) with transient local durability
[planner_server-14] [INFO] [1789539835.077740914] [global_costmap.global_costmap]: Initialized plugin "fixed_obstacle_layer"
[planner_server-14] [INFO] [1789539835.077763959] [global_costmap.global_costmap]: Using plugin "obstacle_layer"
[planner_server-14] [INFO] [1789539835.078344042] [global_costmap.global_costmap]: Subscribed to Topics: scan
[planner_server-14] [INFO] [1789539835.084022549] [global_costmap.global_costmap]: Initialized plugin "obstacle_layer"
[planner_server-14] [INFO] [1789539835.084087146] [global_costmap.global_costmap]: Using plugin "inflation_layer"
[planner_server-14] [INFO] [1789539835.085340633] [global_costmap.global_costmap]: Initialized plugin "inflation_layer"
[planner_server-14] [INFO] [1789539835.116531088] [planner_server]: Created global planner plugin GridBased of type nav2_smac_planner/SmacPlanner2D
[planner_server-14] [INFO] [1789539835.116605687] [planner_server]: Configuring GridBased of type SmacPlanner2D
[planner_server-14] [INFO] [1789539835.124080694] [planner_server]: Configured plugin GridBased of type SmacPlanner2D with tolerance 0.55, maximum iterations 1000000, max on approach iterations 1000, and allowing unknown traversal.
[planner_server-14] [INFO] [1789539835.124275710] [planner_server]: Planner Server has GridBased  planners available.
[lifecycle_manager-18] [INFO] [1789539835.142850187] [lifecycle_manager_navigation]: [34m[1mConfiguring behavior_server[0m[0m
[behavior_server-15] [INFO] [1789539835.143264180] [behavior_server]: Configuring
[behavior_server-15] [INFO] [1789539835.155758423] [behavior_server]: Creating behavior plugin spin of type nav2_behaviors/Spin
[behavior_server-15] [INFO] [1789539835.158168497] [behavior_server]: Configuring spin
[behavior_server-15] [INFO] [1789539835.169385696] [behavior_server]: Creating behavior plugin backup of type nav2_behaviors/BackUp
[behavior_server-15] [INFO] [1789539835.171156081] [behavior_server]: Configuring backup
[behavior_server-15] [INFO] [1789539835.181244059] [behavior_server]: Creating behavior plugin drive_on_heading of type nav2_behaviors/DriveOnHeading
[behavior_server-15] [INFO] [1789539835.183641601] [behavior_server]: Configuring drive_on_heading
[behavior_server-15] [INFO] [1789539835.197432333] [behavior_server]: Creating behavior plugin assisted_teleop of type nav2_behaviors/AssistedTeleop
[behavior_server-15] [INFO] [1789539835.201972858] [behavior_server]: Configuring assisted_teleop
[behavior_server-15] [INFO] [1789539835.216044830] [behavior_server]: Creating behavior plugin wait of type nav2_behaviors/Wait
[behavior_server-15] [INFO] [1789539835.218267408] [behavior_server]: Configuring wait
[lifecycle_manager-18] [INFO] [1789539835.226086052] [lifecycle_manager_navigation]: [34m[1mConfiguring bt_navigator[0m[0m
[bt_navigator-16] [INFO] [1789539835.226541995] [bt_navigator]: Configuring
[lifecycle_manager-18] [INFO] [1789539835.380157561] [lifecycle_manager_navigation]: [34m[1mConfiguring velocity_smoother[0m[0m
[velocity_smoother-17] [INFO] [1789539835.380552481] [velocity_smoother]: Configuring velocity smoother
[lifecycle_manager-18] [INFO] [1789539835.387206665] [lifecycle_manager_navigation]: [34m[1mActivating controller_server[0m[0m
[controller_server-12] [INFO] [1789539835.387582106] [controller_server]: Activating
[controller_server-12] [INFO] [1789539835.387638180] [local_costmap.local_costmap]: Activating
[controller_server-12] [INFO] [1789539835.387672979] [local_costmap.local_costmap]: Checking transform
[controller_server-12] [INFO] [1789539835.387898385] [local_costmap.local_costmap]: start
[controller_server-12] [INFO] [1789539835.590948157] [controller_server]: Activating controller: FollowPath of type nav2_rotation_shim_controller::RotationShimController
[controller_server-12] [INFO] [1789539835.591083861] [controller_server]: Creating bond (controller_server) to lifecycle manager.
[lifecycle_manager-18] [INFO] [1789539835.700789732] [lifecycle_manager_navigation]: Server controller_server connected with bond.
[lifecycle_manager-18] [INFO] [1789539835.700883802] [lifecycle_manager_navigation]: [34m[1mActivating smoother_server[0m[0m
[smoother_server-13] [INFO] [1789539835.701286389] [smoother_server]: Activating
[smoother_server-13] [INFO] [1789539835.701328999] [smoother_server]: Creating bond (smoother_server) to lifecycle manager.
[lifecycle_manager-18] [INFO] [1789539835.806826258] [lifecycle_manager_navigation]: Server smoother_server connected with bond.
[lifecycle_manager-18] [INFO] [1789539835.807074287] [lifecycle_manager_navigation]: [34m[1mActivating planner_server[0m[0m
[planner_server-14] [INFO] [1789539835.808012037] [planner_server]: Activating
[planner_server-14] [INFO] [1789539835.808130231] [global_costmap.global_costmap]: Activating
[planner_server-14] [INFO] [1789539835.808154772] [global_costmap.global_costmap]: Checking transform
[planner_server-14] [INFO] [1789539835.808421857] [global_costmap.global_costmap]: start
[planner_server-14] [INFO] [1789539836.859937490] [planner_server]: Activating plugin GridBased of type SmacPlanner2D
[planner_server-14] [INFO] [1789539836.863649273] [planner_server]: Creating bond (planner_server) to lifecycle manager.
[lifecycle_manager-18] [INFO] [1789539836.970352103] [lifecycle_manager_navigation]: Server planner_server connected with bond.
[lifecycle_manager-18] [INFO] [1789539836.970427974] [lifecycle_manager_navigation]: [34m[1mActivating behavior_server[0m[0m
[behavior_server-15] [INFO] [1789539836.970783806] [behavior_server]: Activating
[behavior_server-15] [INFO] [1789539836.970817586] [behavior_server]: Activating spin
[behavior_server-15] [INFO] [1789539836.970829222] [behavior_server]: Activating backup
[behavior_server-15] [INFO] [1789539836.970838792] [behavior_server]: Activating drive_on_heading
[behavior_server-15] [INFO] [1789539836.970847854] [behavior_server]: Activating assisted_teleop
[behavior_server-15] [INFO] [1789539836.970855849] [behavior_server]: Activating wait
[behavior_server-15] [INFO] [1789539836.970868061] [behavior_server]: Creating bond (behavior_server) to lifecycle manager.
[lifecycle_manager-18] [INFO] [1789539837.079728033] [lifecycle_manager_navigation]: Server behavior_server connected with bond.
[lifecycle_manager-18] [INFO] [1789539837.079786813] [lifecycle_manager_navigation]: [34m[1mActivating bt_navigator[0m[0m
[bt_navigator-16] [INFO] [1789539837.080149535] [bt_navigator]: Activating
[bt_navigator-16] [INFO] [1789539837.242308675] [bt_navigator]: Creating bond (bt_navigator) to lifecycle manager.
[lifecycle_manager-18] [INFO] [1789539837.349518744] [lifecycle_manager_navigation]: Server bt_navigator connected with bond.
[lifecycle_manager-18] [INFO] [1789539837.349614284] [lifecycle_manager_navigation]: [34m[1mActivating velocity_smoother[0m[0m
[velocity_smoother-17] [INFO] [1789539837.350007273] [velocity_smoother]: Activating
[velocity_smoother-17] [INFO] [1789539837.350066009] [velocity_smoother]: Creating bond (velocity_smoother) to lifecycle manager.
[lifecycle_manager-18] [INFO] [1789539837.459657460] [lifecycle_manager_navigation]: Server velocity_smoother connected with bond.
[lifecycle_manager-18] [INFO] [1789539837.459713454] [lifecycle_manager_navigation]: [34m[1mManaged nodes are active[0m[0m
[lifecycle_manager-18] [INFO] [1789539837.459721871] [lifecycle_manager_navigation]: [34m[1mCreating bond timer...[0m[0m
[INFO] [bash-19]: process started with pid [2208]
[bash-19] [sim_odom_map_lifecycle_recovery] checking map_server
[INFO] [initial_static_map_node-20]: process started with pid [2219]
[INFO] [fixed_obstacle_map_node-21]: process started with pid [2221]
[INFO] [mission_axis_node-22]: process started with pid [2223]
[INFO] [sensor_fusion_node-23]: process started with pid [2225]
[INFO] [door_detection_node-24]: process started with pid [2227]
[INFO] [navigation_node-25]: process started with pid [2229]
[INFO] [manipulation_node-26]: process started with pid [2231]
[initial_static_map_node-20] [INFO] [1789539840.117151138] [initial_static_map_node]: InitialStaticMapNode started | source=/map, static=/initial_static_map, delay=2.0s
[fixed_obstacle_map_node-21] [INFO] [1789539840.202714604] [fixed_obstacle_map_node]: FixedObstacleMapNode started | static=/initial_static_map, scan=/scan, output=/fixed_obstacle_map
[sensor_fusion_node-23] [INFO] [1789539840.230503778] [sensor_fusion_node]: SegFormer disabled. Publishing LiDAR-derived observation map.
[mission_axis_node-22] [INFO] [1789539840.261470559] [mission_axis_node]: MissionAxisNode started | map=/initial_static_map, base=base_link, frame=map
[sensor_fusion_node-23] [INFO] [1789539840.285924771] [sensor_fusion_node]: SensorFusionNode started | frame=map, grid=800x400@0.05m
[manipulation_node-26] [INFO] [1789539840.323414643] [manipulation_node]:   [SIM] Loaded 3 hinged blue doors from obstacle_wall_doors_v5.world
[manipulation_node-26] [INFO] [1789539840.325852022] [manipulation_node]: ManipulationNode started [SIMULATION, backend=moveit]
[manipulation_node-26] [INFO] [1789539840.326228934] [manipulation_node]: Gazebo arm simulation enabled (transport=ign, prefix=/fire_robot/sim_arm).
[navigation_node-25] [INFO] [1789539840.327843407] [navigation_node]: NavigationNode started
[mission_axis_node-22] [WARN] [1789539840.905693108] [mission_axis_node]: Mission axis map was not available in time; publishing robot-pose fallback axis until the static map arrives.
[mission_axis_node-22] [INFO] [1789539840.906677696] [mission_axis_node]: Mission axis published: origin=(-3.00, -0.00), yaw=0.0deg
[navigation_node-25] [INFO] [1789539840.910814713] [navigation_node]: Mission axis received: origin=(-3.00, -0.00), yaw=0.0deg
[INFO] [bash-27]: process started with pid [2340]
[bash-27] [nav2_lifecycle_recovery] checking Nav2 lifecycle
[bash-19] [sim_odom_map_lifecycle_recovery] recovery attempt 1
[door_detection_node-24] [INFO] [1789539843.671865978] [door_detection_node]: YOLO inference torch threads limited to 1.
[door_detection_node-24] [INFO] [1789539843.674752550] [door_detection_node]: Loading custom YOLO model: /home/junyoung/fire_robot_ws_test/install/fire_robot_perception/share/fire_robot_perception/models/best.pt
[door_detection_node-24] [WARN] [1789539844.020671197] [door_detection_node]: Handle YOLO model has a single non-handle class "item". Treating it as handle. Rename the dataset class to handle/door_handle when retraining.
[door_detection_node-24] [INFO] [1789539844.021314444] [door_detection_node]: Loading primary handle YOLO model: /home/junyoung/fire_robot_ws_test/install/fire_robot_perception/share/fire_robot_perception/models/handle_best_v3_CANDIDATE.pt (classes=['item'])
[sensor_fusion_node-23] [INFO] [1789539844.349067803] [sensor_fusion_node]: Segmentation map origin locked to initial robot pose: origin=(-23.00, -10.00)
[door_detection_node-24] [INFO] [1789539844.351971087] [door_detection_node]: Loading fallback handle YOLO model: /home/junyoung/fire_robot_ws_test/install/fire_robot_perception/share/fire_robot_perception/models/handle_best_v2.pt (classes=['lever_handle'])
[door_detection_node-24] [INFO] [1789539844.352894777] [door_detection_node]: DoorDetectionNode started | YOLO=OK | handle_yolo=OK | handle_yolo_fallback=OK | imgsz=320 | depth=OFF | yolo_interval=2.40s | image_interval=1.20s | debug_image=OFF | cameras=front,front_left,front_right
[planner_server-14] [WARN] [1789539845.809916873] [global_costmap.global_costmap]: Can't update static costmap layer, no map received
[map_server-9] [INFO] [1789539847.177984175] [map_server]: Activating
[map_server-9] [INFO] [1789539847.178580924] [map_server]: Creating bond (map_server) to lifecycle manager.
[initial_static_map_node-20] [INFO] [1789539847.182433824] [initial_static_map_node]: First usable map received. Waiting before static snapshot...
[bash-27] [nav2_lifecycle_recovery] Nav2 already active
[INFO] [bash-27]: process has finished cleanly [pid 2340]
[bash-19] [sim_odom_map_lifecycle_recovery] map_server active
[INFO] [bash-19]: process has finished cleanly [pid 2208]
[initial_static_map_node-20] [INFO] [1789539853.302079335] [initial_static_map_node]: Captured initial static map: 500x120, res=0.050 -> 760x200, origin=(-7.00, -5.00), occupied=5192
[planner_server-14] [INFO] [1789539853.304190813] [global_costmap.global_costmap]: StaticLayer: Resizing costmap to 760 X 200 at 0.050000 m/pix
[fixed_obstacle_map_node-21] [INFO] [1789539853.346731245] [fixed_obstacle_map_node]: Fixed obstacle overlay initialized: 760x200, res=0.050, origin=(-7.00, -5.00), mark_radius=2 cells
[INFO] [state_machine_node-28]: process started with pid [2523]
[state_machine_node-28] [INFO] [1789539872.137401147] [state_machine_node]: StateMachineNode started | nav_timeout=55.0s  max_retries=2  explore_timeout=60.0s  exit=observed green exit only
[state_machine_node-28] [INFO] [1789539872.961800863] [state_machine_node]: Mission axis 대기 중: 초기 SLAM/static map 기준축 수신 후 탐색을 시작합니다.
[state_machine_node-28] [INFO] [1789539873.851098679] [state_machine_node]: Mission axis updated from /map: origin=(-3.00, -0.00), yaw=0.0deg
[state_machine_node-28] [INFO] [1789539874.443562425] [state_machine_node]: start_without_fire enabled. Starting corridor exploration.
[state_machine_node-28] [INFO] [1789539874.505041277] [state_machine_node]: State: IDLE → EXPLORING
[parameter_bridge-7] [INFO] [1789539874.509706904] [gz_motion_bridge]: Passing message from ROS geometry_msgs/msg/Twist to Gazebo gz.msgs.Twist (showing msg only once per type)
[state_machine_node-28] [INFO] [1789539875.295797626] [state_machine_node]: 파란 문 후보 없음. 2.0s 동안 정지 스캔 후 관측 기반 waypoint를 계획합니다.
[state_machine_node-28] [INFO] [1789539878.785230127] [state_machine_node]: 탐색 waypoint 계획 요청: explore_waypoint_1.2_lat+0 progress=1.20, lateral=0.00, map=(-1.80, -0.00) | 중앙 차선 선택 | 파란 문/전방 장애물/빨간 문 회피 이유 없음, 관측 기반 중앙 진행축 유지 | LiDAR lane clearances: C:y=0.00/clear=3.20, R:y=-0.65/clear=3.12, L:y=0.65/clear=3.20
[state_machine_node-28] [INFO] [1789539878.785913158] [state_machine_node]: State: EXPLORING → EXPLORING_NAVIGATING
[navigation_node-25] [INFO] [1789539878.788764355] [navigation_node]: Navigation goal received: door explore_waypoint_1.2_lat+0 (color=explore, frame=map, x=-1.80, y=-0.00)
[bt_navigator-16] [INFO] [1789539879.562056216] [bt_navigator]: Begin navigating from current location (-3.00, -0.00) to (-1.80, -0.00)
[navigation_node-25] [INFO] [1789539879.572990981] [navigation_node]: Navigation goal accepted by Nav2
[controller_server-12] [INFO] [1789539879.770120951] [controller_server]: Received a goal, begin computing control effort.
[controller_server-12] [WARN] [1789539879.770373713] [controller_server]: No goal checker was specified in parameter 'current_goal_checker'. Server will use only plugin loaded general_goal_checker . This warning will appear once.
[controller_server-12] [INFO] [1789539881.147026071] [controller_server]: Passing new path to controller.
[door_detection_node-24] [INFO] [1789539881.154326263] [door_detection_node]: HSV handle observed: color=red, pixel=(17,122), conf=0.04, door_bbox=(0,27,23,213)
[controller_server-12] [INFO] [1789539882.397045732] [controller_server]: Passing new path to controller.
[controller_server-12] [INFO] [1789539883.772072218] [controller_server]: Passing new path to controller.
[state_machine_node-28] [INFO] [1789539883.780623804] [state_machine_node]: Blue candidate door_blue_5e0bb5 is waiting for stronger direct evidence before interrupting exploration (conf=0.40/0.55).
[controller_server-12] [INFO] [1789539884.773144009] [controller_server]: Passing new path to controller.
[controller_server-12] [INFO] [1789539886.022054811] [controller_server]: Passing new path to controller.
[door_detection_node-24] [INFO] [1789539886.565194032] [door_detection_node]: HSV handle observed: color=red, pixel=(317,123), conf=0.01, door_bbox=(259,6,320,228)
[state_machine_node-28] [INFO] [1789539886.948474820] [state_machine_node]: Blue candidate door_blue_5e0bb5 is waiting for stronger direct evidence before interrupting exploration (conf=0.40/0.55).
[controller_server-12] [INFO] [1789539887.272133704] [controller_server]: Passing new path to controller.
[navigation_node-25] [WARN] [1789539887.765571864] [navigation_node]: Robot is 0.34m from explore goal (threshold=0.35m). Treating navigation as succeeded.
[state_machine_node-28] [INFO] [1789539887.767469022] [state_machine_node]: Navigation succeeded.
[bt_navigator-16] [ERROR] [1789539887.883850238] [bt_navigator_navigate_to_pose_rclcpp_node]: Failed to get result for follow_path in node halt!
[bt_navigator-16] [INFO] [1789539887.884045502] [bt_navigator]: [navigate_to_pose] [ActionServer] Client requested to cancel the goal. Cancelling.
[bt_navigator-16] [INFO] [1789539887.884293515] [bt_navigator]: Goal canceled
[controller_server-12] [INFO] [1789539887.897053081] [controller_server]: Goal was canceled. Stopping the robot.
[controller_server-12] [INFO] [1789539887.897120592] [controller_server]: [follow_path] [ActionServer] Client requested to cancel the goal. Cancelling.
[state_machine_node-28] [INFO] [1789539888.054603215] [state_machine_node]: 탐색 waypoint 도착. LiDAR+camera 재스캔을 계속합니다.
[state_machine_node-28] [INFO] [1789539888.058079821] [state_machine_node]: 색상 단서 없음. 다음 탐색 waypoint는 중앙 진행축을 유지합니다.
[state_machine_node-28] [INFO] [1789539888.059368434] [state_machine_node]: State: EXPLORING_NAVIGATING → EXPLORING
[door_detection_node-24] [INFO] [1789539888.179638434] [door_detection_node]: HSV handle observed: color=red, pixel=(308,123), conf=0.02, door_bbox=(246,4,318,229)
[state_machine_node-28] [INFO] [1789539889.074856141] [state_machine_node]: Explore waypoint reached; holding position for single-side camera/LiDAR side scan.
[door_detection_node-24] [INFO] [1789539889.433968523] [door_detection_node]: HSV handle observed: color=red, pixel=(306,123), conf=0.02, door_bbox=(244,3,316,231)
[door_detection_node-24] [INFO] [1789539891.282525806] [door_detection_node]: HSV handle observed: color=red, pixel=(212,122), conf=0.01, door_bbox=(159,11,220,227)
[door_detection_node-24] [INFO] [1789539892.746065249] [door_detection_node]: HSV handle observed: color=red, pixel=(143,122), conf=0.01, door_bbox=(89,12,151,227)
[door_detection_node-24] [INFO] [1789539894.132338537] [door_detection_node]: HSV handle observed: color=red, pixel=(79,122), conf=0.01, door_bbox=(16,0,89,238)
[state_machine_node-28] [INFO] [1789539895.161983297] [state_machine_node]: Explore waypoint side scan complete.
[state_machine_node-28] [INFO] [1789539895.167748672] [state_machine_node]: 문 접근 목표 보정: observed_blue_5p8_m1p8 handle_axis=(5.84, -1.85) goal_axis=(5.84, -0.80) wall_axis=(5.84, -1.90) yaw=-90deg
[state_machine_node-28] [INFO] [1789539895.170069660] [state_machine_node]: 문 접근 목표 보정: observed_blue_5p8_m1p8 handle_axis=(5.84, -1.85) goal_axis=(5.84, -0.80) wall_axis=(5.84, -1.90) yaw=-90deg
[state_machine_node-28] [INFO] [1789539895.171433504] [state_machine_node]: 문 접근 목표 보정: observed_blue_5p8_m1p8 handle_axis=(5.84, -1.85) goal_axis=(5.84, -0.80) wall_axis=(5.84, -1.90) yaw=-90deg
[state_machine_node-28] [INFO] [1789539895.173486563] [state_machine_node]: 문 접근 목표 보정: observed_blue_5p8_m1p8 handle_axis=(5.84, -1.85) goal_axis=(5.84, -0.80) wall_axis=(5.84, -1.90) yaw=-90deg
[state_machine_node-28] [INFO] [1789539895.174439906] [state_machine_node]: 문 접근 목표 보정: observed_blue_5p8_m1p8 handle_axis=(5.84, -1.90) goal_axis=(5.84, -0.80) wall_axis=(5.84, -1.90) yaw=-90deg
[state_machine_node-28] [INFO] [1789539895.175778638] [state_machine_node]: LiDAR+camera segment map 사전 스캔 시작: observed_blue_5p8_m1p8
[door_detection_node-24] [INFO] [1789539895.442866128] [door_detection_node]: HSV handle observed: color=red, pixel=(22,123), conf=0.04, door_bbox=(0,4,34,235)
[state_machine_node-28] [INFO] [1789539896.312953640] [state_machine_node]: 문 접근 목표 보정: observed_blue_5p8_m1p8 handle_axis=(5.84, -1.85) goal_axis=(5.84, -0.80) wall_axis=(5.84, -1.90) yaw=-90deg
[door_detection_node-24] [INFO] [1789539896.962544350] [door_detection_node]: HSV handle observed: color=red, pixel=(22,123), conf=0.04, door_bbox=(0,3,33,234)
[state_machine_node-28] [INFO] [1789539897.345410206] [state_machine_node]: 문 접근 목표 보정: observed_blue_5p8_m1p8 handle_axis=(5.84, -1.85) goal_axis=(5.84, -0.80) wall_axis=(5.84, -1.90) yaw=-90deg
[state_machine_node-28] [INFO] [1789539898.291172011] [state_machine_node]: 문 접근 목표 보정: observed_blue_5p8_m1p8 handle_axis=(5.84, -1.85) goal_axis=(5.84, -0.80) wall_axis=(5.84, -1.90) yaw=-90deg
[state_machine_node-28] [INFO] [1789539898.293036783] [state_machine_node]: 사전 스캔 완료. Nav2가 segment map 기반 경로를 계획합니다: observed_blue_5p8_m1p8
[state_machine_node-28] [INFO] [1789539898.296855491] [state_machine_node]: Locked blue target after pre-scan: observed_blue_5p8_m1p8 opened=0 retry=0/2
[state_machine_node-28] [INFO] [1789539898.297866976] [state_machine_node]: State: EXPLORING → NAVIGATING
[navigation_node-25] [INFO] [1789539898.300396238] [navigation_node]: Navigation goal received: door observed_blue_5p8_m1p8 (color=blue, frame=map, x=2.84, y=-0.80)
[door_detection_node-24] [INFO] [1789539898.562295214] [door_detection_node]: HSV handle observed: color=red, pixel=(22,123), conf=0.04, door_bbox=(0,3,33,234)
[state_machine_node-28] [INFO] [1789539898.666637515] [state_machine_node]: 문 접근 목표 보정: door_blue_df7a1e handle_axis=(4.65, -1.39) goal_axis=(4.65, -0.80) wall_axis=(4.65, -1.90) yaw=-90deg
[state_machine_node-28] [INFO] [1789539898.672192403] [state_machine_node]: Locked blue target refine skipped: door_blue_df7a1e progress jump 1.19m > 1.05m
[bt_navigator-16] [INFO] [1789539899.036760904] [bt_navigator]: Begin navigating from current location (-2.12, 0.04) to (2.84, -0.80)
[navigation_node-25] [INFO] [1789539899.038522302] [navigation_node]: Navigation goal accepted by Nav2
[controller_server-12] [INFO] [1789539899.237961064] [controller_server]: Received a goal, begin computing control effort.
[door_detection_node-24] [INFO] [1789539899.988574114] [door_detection_node]: HSV handle observed: color=red, pixel=(22,123), conf=0.04, door_bbox=(0,4,34,235)
[state_machine_node-28] [INFO] [1789539900.329386586] [state_machine_node]: 문 접근 목표 보정: door_blue_df7a1e handle_axis=(4.69, -1.40) goal_axis=(4.69, -0.80) wall_axis=(4.69, -1.90) yaw=-90deg
[controller_server-12] [INFO] [1789539900.613910662] [controller_server]: Passing new path to controller.
[controller_server-12] [INFO] [1789539901.739356426] [controller_server]: Passing new path to controller.
[door_detection_node-24] [INFO] [1789539901.935511301] [door_detection_node]: HSV handle observed: color=red, pixel=(69,122), conf=0.01, door_bbox=(3,0,77,240)
[controller_server-12] [INFO] [1789539903.113902989] [controller_server]: Passing new path to controller.
[door_detection_node-24] [INFO] [1789539903.244887094] [door_detection_node]: HSV handle observed: color=red, pixel=(107,122), conf=0.01, door_bbox=(48,5,116,232)
[state_machine_node-28] [INFO] [1789539903.661448797] [state_machine_node]: 문 접근 목표 보정: door_blue_1b0ddf handle_axis=(5.19, -1.50) goal_axis=(5.19, -0.80) wall_axis=(5.19, -1.90) yaw=-90deg
[state_machine_node-28] [INFO] [1789539903.662416663] [state_machine_node]: 문 접근 목표 보정: door_blue_1b0ddf handle_axis=(5.19, -1.50) goal_axis=(5.19, -0.80) wall_axis=(5.19, -1.90) yaw=-90deg
[state_machine_node-28] [WARN] [1789539903.663050231] [state_machine_node]: Locked blue target refined from newer observation: observed_blue_5p8_m1p8 -> observed_blue_5p8_m1p8, goal shift=0.65m, identity=(2.84,-1.90) -> (2.19,-1.50)
[navigation_node-25] [INFO] [1789539903.665139481] [navigation_node]: Navigation goal received: door observed_blue_5p8_m1p8 (color=blue, frame=map, x=2.19, y=-0.80)
[navigation_node-25] [WARN] [1789539903.665774437] [navigation_node]: Already navigating. Preempting current goal without an explicit stop before retargeting to: observed_blue_5p8_m1p8
[controller_server-12] [INFO] [1789539904.364350255] [controller_server]: Passing new path to controller.
[navigation_node-25] [INFO] [1789539904.448871606] [navigation_node]: Navigation goal accepted by Nav2
[bt_navigator-16] [INFO] [1789539904.537098778] [bt_navigator]: Received goal preemption request
[bt_navigator-16] [INFO] [1789539904.537461804] [bt_navigator]: Begin navigating from current location (-2.00, -0.07) to (2.19, -0.80)
[door_detection_node-24] [INFO] [1789539904.606553215] [door_detection_node]: HSV handle observed: color=blue, pixel=(86,122), conf=0.08, door_bbox=(84,67,104,167)
[state_machine_node-28] [INFO] [1789539904.612711534] [state_machine_node]: 문 접근 목표 보정: door_blue_8b6125 handle_axis=(5.38, -1.60) goal_axis=(5.38, -0.80) wall_axis=(5.38, -1.90) yaw=-90deg
[state_machine_node-28] [INFO] [1789539904.613979065] [state_machine_node]: 문 접근 목표 보정: door_blue_8b6125 handle_axis=(5.38, -1.60) goal_axis=(5.38, -0.80) wall_axis=(5.38, -1.90) yaw=-90deg
[door_detection_node-24] [INFO] [1789539905.645137476] [door_detection_node]: HSV handle observed: color=blue, pixel=(114,122), conf=0.07, door_bbox=(108,67,131,170)
[state_machine_node-28] [INFO] [1789539905.652601928] [state_machine_node]: 문 접근 목표 보정: door_blue_8b6125 handle_axis=(5.39, -1.60) goal_axis=(5.39, -0.80) wall_axis=(5.39, -1.90) yaw=-90deg
[state_machine_node-28] [INFO] [1789539905.655830138] [state_machine_node]: 문 접근 목표 보정: door_blue_8b6125 handle_axis=(5.39, -1.60) goal_axis=(5.39, -0.80) wall_axis=(5.39, -1.90) yaw=-90deg
[controller_server-12] [INFO] [1789539905.744255363] [controller_server]: Passing new path to controller.
[state_machine_node-28] [INFO] [1789539906.614444703] [state_machine_node]: 문 접근 목표 보정: door_blue_8b6125 handle_axis=(5.45, -1.67) goal_axis=(5.45, -0.80) wall_axis=(5.45, -1.90) yaw=-90deg
[state_machine_node-28] [INFO] [1789539906.615450853] [state_machine_node]: 문 접근 목표 보정: door_blue_8b6125 handle_axis=(5.45, -1.67) goal_axis=(5.45, -0.80) wall_axis=(5.45, -1.90) yaw=-90deg
[state_machine_node-28] [WARN] [1789539906.616103356] [state_machine_node]: Locked blue target refined from newer observation: observed_blue_5p8_m1p8 -> observed_blue_5p8_m1p8, goal shift=0.26m, identity=(2.19,-1.50) -> (2.45,-1.67)
[navigation_node-25] [INFO] [1789539906.618970832] [navigation_node]: Navigation goal received: door observed_blue_5p8_m1p8 (color=blue, frame=map, x=2.45, y=-0.80)
[navigation_node-25] [INFO] [1789539906.620392265] [navigation_node]: Ignoring duplicate navigation target for active door: observed_blue_5p8_m1p8
[controller_server-12] [INFO] [1789539906.988887257] [controller_server]: Passing new path to controller.
[door_detection_node-24] [INFO] [1789539907.606868909] [door_detection_node]: HSV handle observed: color=blue, pixel=(142,122), conf=0.08, door_bbox=(139,64,160,170)
[state_machine_node-28] [INFO] [1789539907.616363180] [state_machine_node]: 문 접근 목표 보정: door_blue_8b6125 handle_axis=(5.49, -1.68) goal_axis=(5.49, -0.80) wall_axis=(5.49, -1.90) yaw=-90deg
[state_machine_node-28] [INFO] [1789539907.617322608] [state_machine_node]: 문 접근 목표 보정: door_blue_8b6125 handle_axis=(5.49, -1.68) goal_axis=(5.49, -0.80) wall_axis=(5.49, -1.90) yaw=-90deg
[controller_server-12] [INFO] [1789539908.238930322] [controller_server]: Passing new path to controller.
[state_machine_node-28] [INFO] [1789539908.601693651] [state_machine_node]: 문 접근 목표 보정: door_blue_5e0bb5 handle_axis=(5.49, -1.69) goal_axis=(5.49, -0.80) wall_axis=(5.49, -1.90) yaw=-90deg
[state_machine_node-28] [INFO] [1789539908.602960983] [state_machine_node]: 문 접근 목표 보정: door_blue_5e0bb5 handle_axis=(5.49, -1.69) goal_axis=(5.49, -0.80) wall_axis=(5.49, -1.90) yaw=-90deg
[door_detection_node-24] [INFO] [1789539909.472997235] [door_detection_node]: HSV handle observed: color=red, pixel=(170,123), conf=0.01, door_bbox=(103,6,179,231)
[controller_server-12] [INFO] [1789539909.488866144] [controller_server]: Passing new path to controller.
[state_machine_node-28] [INFO] [1789539909.674663893] [state_machine_node]: 문 접근 목표 보정: door_blue_5e0bb5 handle_axis=(5.47, -1.68) goal_axis=(5.47, -0.80) wall_axis=(5.47, -1.90) yaw=-90deg
[state_machine_node-28] [INFO] [1789539909.675405426] [state_machine_node]: 문 접근 목표 보정: door_blue_5e0bb5 handle_axis=(5.47, -1.68) goal_axis=(5.47, -0.80) wall_axis=(5.47, -1.90) yaw=-90deg
[controller_server-12] [INFO] [1789539910.738963772] [controller_server]: Passing new path to controller.
[door_detection_node-24] [INFO] [1789539910.964418216] [door_detection_node]: HSV handle observed: color=red, pixel=(180,123), conf=0.01, door_bbox=(111,4,192,232)
[state_machine_node-28] [INFO] [1789539911.897665573] [state_machine_node]: 문 접근 목표 보정: door_blue_5e0bb5 handle_axis=(5.80, -1.85) goal_axis=(5.80, -0.80) wall_axis=(5.80, -1.90) yaw=-90deg
[state_machine_node-28] [INFO] [1789539911.899102842] [state_machine_node]: 문 접근 목표 보정: door_blue_5e0bb5 handle_axis=(5.80, -1.85) goal_axis=(5.80, -0.80) wall_axis=(5.80, -1.90) yaw=-90deg
[state_machine_node-28] [WARN] [1789539911.901476072] [state_machine_node]: Locked blue target refined from newer observation: observed_blue_5p8_m1p8 -> observed_blue_5p8_m1p8, goal shift=0.35m, identity=(2.45,-1.67) -> (2.80,-1.85)
[navigation_node-25] [INFO] [1789539911.902907776] [navigation_node]: Navigation goal received: door observed_blue_5p8_m1p8 (color=blue, frame=map, x=2.80, y=-0.80)
[navigation_node-25] [WARN] [1789539911.903424473] [navigation_node]: Already navigating. Preempting current goal without an explicit stop before retargeting to: observed_blue_5p8_m1p8
[controller_server-12] [INFO] [1789539911.988876366] [controller_server]: Passing new path to controller.
[door_detection_node-24] [INFO] [1789539912.462927841] [door_detection_node]: HSV handle observed: color=red, pixel=(186,123), conf=0.01, door_bbox=(114,4,199,233)
[navigation_node-25] [INFO] [1789539912.719139901] [navigation_node]: Navigation goal accepted by Nav2
[bt_navigator-16] [INFO] [1789539912.737027401] [bt_navigator]: Received goal preemption request
[bt_navigator-16] [INFO] [1789539912.737690728] [bt_navigator]: Begin navigating from current location (-0.97, -0.41) to (2.80, -0.80)
[state_machine_node-28] [INFO] [1789539912.918863603] [state_machine_node]: 문 접근 목표 보정: door_blue_f2b145 handle_axis=(5.93, -1.93) goal_axis=(5.93, -0.83) wall_axis=(5.93, -1.93) yaw=-90deg
[state_machine_node-28] [INFO] [1789539912.921305409] [state_machine_node]: 문 접근 목표 보정: door_blue_f2b145 handle_axis=(5.93, -1.93) goal_axis=(5.93, -0.83) wall_axis=(5.93, -1.93) yaw=-90deg
[controller_server-12] [INFO] [1789539913.238976277] [controller_server]: Passing new path to controller.
[door_detection_node-24] [INFO] [1789539913.744774211] [door_detection_node]: HSV handle observed: color=blue, pixel=(230,122), conf=0.15, door_bbox=(227,50,256,189)
[state_machine_node-28] [INFO] [1789539913.751741957] [state_machine_node]: 문 접근 목표 보정: door_blue_f2b145 handle_axis=(5.92, -1.89) goal_axis=(5.92, -0.80) wall_axis=(5.92, -1.90) yaw=-90deg
[state_machine_node-28] [INFO] [1789539913.753418251] [state_machine_node]: 문 접근 목표 보정: door_blue_f2b145 handle_axis=(5.92, -1.89) goal_axis=(5.92, -0.80) wall_axis=(5.92, -1.90) yaw=-90deg
[controller_server-12] [INFO] [1789539914.614437331] [controller_server]: Passing new path to controller.
[door_detection_node-24] [INFO] [1789539914.761138855] [door_detection_node]: HSV handle observed: color=blue, pixel=(233,122), conf=0.15, door_bbox=(230,47,261,193)
[state_machine_node-28] [INFO] [1789539914.766209546] [state_machine_node]: 문 접근 목표 보정: door_blue_928f7f handle_axis=(5.83, -1.88) goal_axis=(5.83, -0.80) wall_axis=(5.83, -1.90) yaw=-90deg
[state_machine_node-28] [INFO] [1789539914.767758466] [state_machine_node]: 문 접근 목표 보정: door_blue_928f7f handle_axis=(5.83, -1.88) goal_axis=(5.83, -0.80) wall_axis=(5.83, -1.90) yaw=-90deg
[controller_server-12] [INFO] [1789539915.864052845] [controller_server]: Passing new path to controller.
[door_detection_node-24] [INFO] [1789539916.941779218] [door_detection_node]: HSV handle observed: color=blue, pixel=(270,122), conf=0.15, door_bbox=(266,34,302,202)
[state_machine_node-28] [INFO] [1789539916.948807883] [state_machine_node]: 문 접근 목표 보정: door_blue_928f7f handle_axis=(5.06, -1.55) goal_axis=(5.06, -0.80) wall_axis=(5.06, -1.90) yaw=-90deg
[state_machine_node-28] [INFO] [1789539916.949583811] [state_machine_node]: 문 접근 목표 보정: door_blue_928f7f handle_axis=(5.06, -1.55) goal_axis=(5.06, -0.80) wall_axis=(5.06, -1.90) yaw=-90deg
[state_machine_node-28] [WARN] [1789539916.950205545] [state_machine_node]: Locked blue target refined from newer observation: observed_blue_5p8_m1p8 -> observed_blue_5p8_m1p8, goal shift=0.74m, identity=(2.80,-1.85) -> (2.06,-1.55)
[navigation_node-25] [INFO] [1789539916.953755516] [navigation_node]: Navigation goal received: door observed_blue_5p8_m1p8 (color=blue, frame=map, x=2.06, y=-0.80)
[navigation_node-25] [WARN] [1789539916.954719239] [navigation_node]: Already navigating. Preempting current goal without an explicit stop before retargeting to: observed_blue_5p8_m1p8
[controller_server-12] [INFO] [1789539917.239382189] [controller_server]: Passing new path to controller.
[navigation_node-25] [INFO] [1789539917.872405577] [navigation_node]: Navigation goal accepted by Nav2
[bt_navigator-16] [INFO] [1789539917.938025529] [bt_navigator]: Received goal preemption request
[bt_navigator-16] [INFO] [1789539917.938774399] [bt_navigator]: Begin navigating from current location (-0.33, -0.43) to (2.06, -0.80)
[controller_server-12] [INFO] [1789539918.489969321] [controller_server]: Passing new path to controller.
[door_detection_node-24] [INFO] [1789539918.656034477] [door_detection_node]: YOLO handle observed (primary): pixel=(150,6), conf=0.31, bbox=(112, 0, 189, 11)
[door_detection_node-24] [INFO] [1789539918.660039221] [door_detection_node]: Handle camera-ray projection: pixel=(150,6), range=2.346m, z=1.250m
[controller_server-12] [INFO] [1789539919.738902981] [controller_server]: Passing new path to controller.
[door_detection_node-24] [INFO] [1789539920.196361570] [door_detection_node]: HSV handle observed: color=red, pixel=(138,124), conf=0.01, door_bbox=(55,0,157,240)
[controller_server-12] [INFO] [1789539921.113890651] [controller_server]: Passing new path to controller.
[door_detection_node-24] [INFO] [1789539921.517387924] [door_detection_node]: HSV handle observed: color=blue, pixel=(265,122), conf=0.17, door_bbox=(262,27,302,210)
[state_machine_node-28] [INFO] [1789539921.524741493] [state_machine_node]: 문 접근 목표 보정: door_blue_928f7f handle_axis=(5.10, -1.53) goal_axis=(5.10, -0.80) wall_axis=(5.10, -1.90) yaw=-90deg
[state_machine_node-28] [INFO] [1789539921.527279421] [state_machine_node]: 문 접근 목표 보정: door_blue_928f7f handle_axis=(5.10, -1.53) goal_axis=(5.10, -0.80) wall_axis=(5.10, -1.90) yaw=-90deg
[controller_server-12] [INFO] [1789539922.363906935] [controller_server]: Passing new path to controller.
[door_detection_node-24] [INFO] [1789539922.709286968] [door_detection_node]: HSV handle observed: color=blue, pixel=(266,122), conf=0.14, door_bbox=(261,23,307,214)
[state_machine_node-28] [INFO] [1789539922.715422811] [state_machine_node]: 문 접근 목표 보정: door_blue_928f7f handle_axis=(5.07, -1.51) goal_axis=(5.07, -0.80) wall_axis=(5.07, -1.90) yaw=-90deg
[state_machine_node-28] [INFO] [1789539922.716448303] [state_machine_node]: 문 접근 목표 보정: door_blue_928f7f handle_axis=(5.07, -1.51) goal_axis=(5.07, -0.80) wall_axis=(5.07, -1.90) yaw=-90deg
[door_detection_node-24] [INFO] [1789539923.274018343] [door_detection_node]: YOLO handle observed (primary): pixel=(117,230), conf=0.28, bbox=(73, 220, 161, 239)
[door_detection_node-24] [INFO] [1789539923.280480970] [door_detection_node]: Handle camera-ray projection: pixel=(117,230), range=2.384m, z=0.650m
[state_machine_node-28] [INFO] [1789539923.585908597] [state_machine_node]: 문 접근 목표 보정: door_blue_928f7f handle_axis=(5.11, -1.52) goal_axis=(5.11, -0.80) wall_axis=(5.11, -1.90) yaw=-90deg
[state_machine_node-28] [INFO] [1789539923.589151156] [state_machine_node]: 문 접근 목표 보정: door_blue_928f7f handle_axis=(5.11, -1.52) goal_axis=(5.11, -0.80) wall_axis=(5.11, -1.90) yaw=-90deg
[controller_server-12] [INFO] [1789539923.738869507] [controller_server]: Passing new path to controller.
[controller_server-12] [INFO] [1789539924.863983597] [controller_server]: Passing new path to controller.
[door_detection_node-24] [INFO] [1789539924.912528187] [door_detection_node]: HSV handle observed: color=red, pixel=(66,124), conf=0.01, door_bbox=(0,0,91,240)
[controller_server-12] [INFO] [1789539926.238946669] [controller_server]: Passing new path to controller.
[door_detection_node-24] [INFO] [1789539926.329445298] [door_detection_node]: HSV handle observed: color=red, pixel=(21,124), conf=0.02, door_bbox=(0,0,50,240)
[controller_server-12] [INFO] [1789539927.492267914] [controller_server]: Passing new path to controller.
[door_detection_node-24] [INFO] [1789539927.711318178] [door_detection_node]: HSV handle observed: color=blue, pixel=(268,123), conf=0.18, door_bbox=(263,0,319,240)
[state_machine_node-28] [INFO] [1789539927.716893300] [state_machine_node]: 문 접근 목표 보정: door_blue_be9d66 handle_axis=(5.15, -1.44) goal_axis=(5.15, -0.80) wall_axis=(5.15, -1.90) yaw=-90deg
[state_machine_node-28] [INFO] [1789539927.717603201] [state_machine_node]: Locked blue target refine skipped: door_blue_be9d66 moved inward 1.90m -> 1.44m from mission axis.
[controller_server-12] [INFO] [1789539928.863872175] [controller_server]: Passing new path to controller.
[controller_server-12] [INFO] [1789539930.113922034] [controller_server]: Passing new path to controller.
[controller_server-12] [INFO] [1789539931.238920623] [controller_server]: Passing new path to controller.
[door_detection_node-24] [INFO] [1789539932.160930482] [door_detection_node]: YOLO handle observed (primary): pixel=(238,124), conf=0.58, bbox=(218, 112, 259, 136)
[door_detection_node-24] [INFO] [1789539932.166591073] [door_detection_node]: Handle camera-ray projection: pixel=(238,124), range=2.696m, z=0.745m
[state_machine_node-28] [INFO] [1789539932.171907931] [state_machine_node]: 문 접근 목표 보정: door_blue_928f7f handle_axis=(6.34, -1.92) goal_axis=(6.34, -0.82) wall_axis=(6.34, -1.92) yaw=-90deg
[state_machine_node-28] [INFO] [1789539932.173447450] [state_machine_node]: 문 접근 목표 보정: door_blue_928f7f handle_axis=(6.34, -1.92) goal_axis=(6.34, -0.82) wall_axis=(6.34, -1.92) yaw=-90deg
[state_machine_node-28] [WARN] [1789539932.175214233] [state_machine_node]: Locked blue target refined from newer observation: observed_blue_5p8_m1p8 -> observed_blue_5p8_m1p8, goal shift=1.28m, identity=(2.06,-1.55) -> (2.92,-1.95)
[navigation_node-25] [INFO] [1789539932.177416230] [navigation_node]: Navigation goal received: door observed_blue_5p8_m1p8 (color=blue, frame=map, x=3.34, y=-0.82)
[navigation_node-25] [WARN] [1789539932.177937606] [navigation_node]: Already navigating. Preempting current goal without an explicit stop before retargeting to: observed_blue_5p8_m1p8
[controller_server-12] [INFO] [1789539932.614062279] [controller_server]: Passing new path to controller.
[navigation_node-25] [INFO] [1789539932.971728150] [navigation_node]: Navigation goal accepted by Nav2
[bt_navigator-16] [INFO] [1789539933.037253523] [bt_navigator]: Received goal preemption request
[bt_navigator-16] [INFO] [1789539933.037592875] [bt_navigator]: Begin navigating from current location (1.24, -0.48) to (3.34, -0.82)
[state_machine_node-28] [INFO] [1789539933.064004099] [state_machine_node]: 문 접근 목표 보정: door_blue_928f7f handle_axis=(6.28, -1.90) goal_axis=(6.28, -0.80) wall_axis=(6.28, -1.90) yaw=-90deg
[state_machine_node-28] [INFO] [1789539933.068143316] [state_machine_node]: 문 접근 목표 보정: door_blue_928f7f handle_axis=(6.28, -1.90) goal_axis=(6.28, -0.80) wall_axis=(6.28, -1.90) yaw=-90deg
[controller_server-12] [INFO] [1789539933.863858738] [controller_server]: Passing new path to controller.
[door_detection_node-24] [INFO] [1789539934.030259860] [door_detection_node]: YOLO handle observed (primary): pixel=(223,124), conf=0.76, bbox=(202, 112, 244, 137)
[door_detection_node-24] [INFO] [1789539934.034552617] [door_detection_node]: Handle camera-ray projection: pixel=(223,124), range=2.414m, z=0.749m
[state_machine_node-28] [INFO] [1789539934.039893174] [state_machine_node]: 문 접근 목표 보정: door_blue_928f7f handle_axis=(6.30, -1.90) goal_axis=(6.30, -0.80) wall_axis=(6.30, -1.90) yaw=-90deg
[state_machine_node-28] [INFO] [1789539934.042441920] [state_machine_node]: 문 접근 목표 보정: door_blue_928f7f handle_axis=(6.30, -1.90) goal_axis=(6.30, -0.80) wall_axis=(6.30, -1.90) yaw=-90deg
[controller_server-12] [INFO] [1789539935.238870132] [controller_server]: Passing new path to controller.
[door_detection_node-24] [INFO] [1789539936.149691079] [door_detection_node]: YOLO handle observed (primary): pixel=(252,124), conf=0.48, bbox=(229, 110, 275, 138)
[door_detection_node-24] [INFO] [1789539936.154748848] [door_detection_node]: Handle camera-ray projection: pixel=(252,124), range=2.088m, z=0.756m
[state_machine_node-28] [INFO] [1789539936.160989801] [state_machine_node]: 문 접근 목표 보정: door_blue_be9d66 handle_axis=(6.25, -1.89) goal_axis=(6.25, -0.80) wall_axis=(6.25, -1.90) yaw=-90deg
[state_machine_node-28] [INFO] [1789539936.162344833] [state_machine_node]: 문 접근 목표 보정: door_blue_be9d66 handle_axis=(6.25, -1.89) goal_axis=(6.25, -0.80) wall_axis=(6.25, -1.90) yaw=-90deg
[controller_server-12] [INFO] [1789539936.488948090] [controller_server]: Passing new path to controller.
[state_machine_node-28] [INFO] [1789539937.113358557] [state_machine_node]: 문 접근 목표 보정: door_blue_be9d66 handle_axis=(6.25, -1.90) goal_axis=(6.25, -0.80) wall_axis=(6.25, -1.90) yaw=-90deg
[state_machine_node-28] [INFO] [1789539937.115105732] [state_machine_node]: 문 접근 목표 보정: door_blue_be9d66 handle_axis=(6.25, -1.90) goal_axis=(6.25, -0.80) wall_axis=(6.25, -1.90) yaw=-90deg
[controller_server-12] [INFO] [1789539937.738911751] [controller_server]: Passing new path to controller.
[door_detection_node-24] [INFO] [1789539938.330332717] [door_detection_node]: HSV handle observed: color=blue, pixel=(280,126), conf=0.97, door_bbox=(269,0,320,240)
[door_detection_node-24] [INFO] [1789539938.336236818] [door_detection_node]: Handle camera-ray projection: pixel=(280,126), range=1.786m, z=0.748m
[state_machine_node-28] [INFO] [1789539938.341950385] [state_machine_node]: 문 접근 목표 보정: door_blue_be9d66 handle_axis=(6.22, -1.87) goal_axis=(6.22, -0.80) wall_axis=(6.22, -1.90) yaw=-90deg
[state_machine_node-28] [INFO] [1789539938.343260492] [state_machine_node]: 문 접근 목표 보정: door_blue_be9d66 handle_axis=(6.22, -1.87) goal_axis=(6.22, -0.80) wall_axis=(6.22, -1.90) yaw=-90deg
[state_machine_node-28] [INFO] [1789539938.663421670] [state_machine_node]: 문 접근 목표 보정: door_blue_11b878 handle_axis=(5.81, -1.96) goal_axis=(5.81, -0.86) wall_axis=(5.81, -1.96) yaw=-90deg
[state_machine_node-28] [INFO] [1789539938.664819487] [state_machine_node]: 문 접근 목표 보정: door_blue_11b878 handle_axis=(5.81, -1.96) goal_axis=(5.81, -0.86) wall_axis=(5.81, -1.96) yaw=-90deg
[state_machine_node-28] [WARN] [1789539938.667517514] [state_machine_node]: Locked blue target refined from newer observation: observed_blue_5p8_m1p8 -> observed_blue_5p8_m1p8, goal shift=0.53m, identity=(2.92,-1.95) -> (2.81,-1.96)
[navigation_node-25] [INFO] [1789539938.669776964] [navigation_node]: Navigation goal received: door observed_blue_5p8_m1p8 (color=blue, frame=map, x=2.81, y=-0.86)
[navigation_node-25] [WARN] [1789539938.670318361] [navigation_node]: Already navigating. Preempting current goal without an explicit stop before retargeting to: observed_blue_5p8_m1p8
[controller_server-12] [INFO] [1789539938.988882583] [controller_server]: Passing new path to controller.
[state_machine_node-28] [INFO] [1789539939.293924939] [state_machine_node]: Blue candidate door_blue_f2b145 rejected: handle lateral 3.64m is outside wall band 2.20+0.35m.
[state_machine_node-28] [INFO] [1789539939.294728332] [state_machine_node]: Blue candidate door_blue_f2b145 recorded with door-body progress and observed wall side because its direct projection was center-biased or crossed the corridor.
[navigation_node-25] [INFO] [1789539939.491822059] [navigation_node]: Navigation goal accepted by Nav2
[bt_navigator-16] [INFO] [1789539939.537039491] [bt_navigator]: Received goal preemption request
[bt_navigator-16] [INFO] [1789539939.537436589] [bt_navigator]: Begin navigating from current location (2.07, -0.74) to (2.81, -0.86)
[controller_server-12] [INFO] [1789539940.239539664] [controller_server]: Passing new path to controller.
[door_detection_node-24] [INFO] [1789539940.335170066] [door_detection_node]: HSV handle observed: color=blue, pixel=(2,127), conf=0.10, door_bbox=(0,0,133,240)
[state_machine_node-28] [INFO] [1789539940.442617995] [state_machine_node]: 문 접근 목표 보정: door_blue_11b878 handle_axis=(5.92, -1.97) goal_axis=(5.92, -0.87) wall_axis=(5.92, -1.97) yaw=-90deg
[state_machine_node-28] [INFO] [1789539940.444028787] [state_machine_node]: 문 접근 목표 보정: door_blue_11b878 handle_axis=(5.92, -1.97) goal_axis=(5.92, -0.87) wall_axis=(5.92, -1.97) yaw=-90deg
[controller_server-12] [INFO] [1789539941.614291008] [controller_server]: Passing new path to controller.
[controller_server-12] [WARN] [1789539941.741945797] [controller_server]: Control loop missed its desired rate of 8.0000Hz
[door_detection_node-24] [INFO] [1789539941.897126099] [door_detection_node]: HSV handle observed: color=blue, pixel=(14,127), conf=0.46, door_bbox=(0,0,168,240)
[door_detection_node-24] [INFO] [1789539941.900709706] [door_detection_node]: Handle camera-ray projection: pixel=(14,127), range=1.607m, z=0.748m
[state_machine_node-28] [INFO] [1789539941.911045276] [state_machine_node]: 문 접근 목표 보정: door_blue_58019a handle_axis=(6.37, -1.96) goal_axis=(6.37, -0.86) wall_axis=(6.37, -1.96) yaw=-90deg
[state_machine_node-28] [INFO] [1789539941.911932385] [state_machine_node]: 문 접근 목표 보정: door_blue_58019a handle_axis=(6.37, -1.96) goal_axis=(6.37, -0.86) wall_axis=(6.37, -1.96) yaw=-90deg
[state_machine_node-28] [WARN] [1789539941.912563759] [state_machine_node]: Locked blue target refined from newer observation: observed_blue_5p8_m1p8 -> observed_blue_5p8_m1p8, goal shift=0.56m, identity=(2.81,-1.96) -> (3.22,-2.49)
[navigation_node-25] [INFO] [1789539941.913578766] [navigation_node]: Navigation goal received: door observed_blue_5p8_m1p8 (color=blue, frame=map, x=3.37, y=-0.86)
[navigation_node-25] [WARN] [1789539941.913977429] [navigation_node]: Already navigating. Preempting current goal without an explicit stop before retargeting to: observed_blue_5p8_m1p8
[navigation_node-25] [INFO] [1789539942.663097124] [navigation_node]: Navigation goal accepted by Nav2
[bt_navigator-16] [INFO] [1789539942.737089574] [bt_navigator]: Received goal preemption request
[bt_navigator-16] [INFO] [1789539942.737927117] [bt_navigator]: Begin navigating from current location (2.44, -0.80) to (3.37, -0.86)
[controller_server-12] [INFO] [1789539942.863879867] [controller_server]: Passing new path to controller.
[controller_server-12] [INFO] [1789539943.988904458] [controller_server]: Passing new path to controller.
[door_detection_node-24] [INFO] [1789539944.969681770] [door_detection_node]: YOLO handle observed (primary): pixel=(60,132), conf=0.68, bbox=(7, 112, 113, 153)
[door_detection_node-24] [INFO] [1789539944.974382234] [door_detection_node]: Handle camera-ray projection: pixel=(60,132), range=1.359m, z=0.725m
[state_machine_node-28] [INFO] [1789539944.985021599] [state_machine_node]: 문 접근 목표 보정: door_blue_d2c48d handle_axis=(6.42, -1.97) goal_axis=(6.42, -0.87) wall_axis=(6.42, -1.97) yaw=-90deg
[state_machine_node-28] [INFO] [1789539944.986569658] [state_machine_node]: 문 접근 목표 보정: door_blue_d2c48d handle_axis=(6.42, -1.97) goal_axis=(6.42, -0.87) wall_axis=(6.42, -1.97) yaw=-90deg
[controller_server-12] [INFO] [1789539945.239966050] [controller_server]: Passing new path to controller.
[controller_server-12] [INFO] [1789539946.489507268] [controller_server]: Passing new path to controller.
[state_machine_node-28] [INFO] [1789539947.659358683] [state_machine_node]: Nav2 door goal position is near, but yaw is not ready yet: observed_blue_5p8_m1p8, dist=0.37m/0.38m, lateral=-0.07m/0.24m, yaw_error=91deg.
[controller_server-12] [INFO] [1789539947.738919840] [controller_server]: Passing new path to controller.
[state_machine_node-28] [INFO] [1789539948.500644308] [state_machine_node]: Blue candidate door_blue_5e0bb5 rejected: handle lateral 2.84m is outside wall band 2.20+0.35m.
[state_machine_node-28] [INFO] [1789539948.501463980] [state_machine_node]: Blue candidate door_blue_5e0bb5 kept in wall observation memory using its door pose; handle projection is outside the wall band.
[controller_server-12] [INFO] [1789539948.989049896] [controller_server]: Passing new path to controller.
[state_machine_node-28] [INFO] [1789539949.004316610] [state_machine_node]: Nav2 goal is close enough for fine door alignment: observed_blue_5p8_m1p8, dist=0.28m/0.38m, lateral=-0.07m/0.24m, yaw_error=91deg.
[state_machine_node-28] [INFO] [1789539949.005497697] [state_machine_node]: Nav2 goal cancellation requested before door fine alignment.
[navigation_node-25] [INFO] [1789539949.010379144] [navigation_node]: Navigation cancellation requested for manual control handoff.
[state_machine_node-28] [INFO] [1789539949.010783551] [state_machine_node]: Fine door approach started: observed_blue_5p8_m1p8, dist=0.28m, lateral=-0.07m, forward=0.27m, yaw_error=91deg
[state_machine_node-28] [INFO] [1789539949.011949408] [state_machine_node]: Fine door parking translation: observed_blue_5p8_m1p8, dist=0.28m/0.17m, heading_error=14deg, cmd=(0.07, -0.14)
[bt_navigator-16] [ERROR] [1789539949.057887335] [bt_navigator_navigate_to_pose_rclcpp_node]: Failed to get result for follow_path in node halt!
[bt_navigator-16] [INFO] [1789539949.058140652] [bt_navigator]: [navigate_to_pose] [ActionServer] Client requested to cancel the goal. Cancelling.
[bt_navigator-16] [INFO] [1789539949.058476502] [bt_navigator]: Goal canceled
[controller_server-12] [INFO] [1789539949.113909584] [controller_server]: Goal was canceled. Stopping the robot.
[controller_server-12] [INFO] [1789539949.114004572] [controller_server]: [follow_path] [ActionServer] Client requested to cancel the goal. Cancelling.
[state_machine_node-28] [INFO] [1789539949.742580146] [state_machine_node]: 문 접근 목표 보정: door_blue_292b52 handle_axis=(5.98, -2.83) goal_axis=(5.98, -0.95) wall_axis=(5.98, -2.20) yaw=-90deg
[state_machine_node-28] [INFO] [1789539950.003289625] [state_machine_node]: Fine door parking translation: observed_blue_5p8_m1p8, dist=0.24m/0.17m, heading_error=15deg, cmd=(0.07, -0.14)
[state_machine_node-28] [INFO] [1789539950.917370300] [state_machine_node]: Fine door parking translation: observed_blue_5p8_m1p8, dist=0.21m/0.17m, heading_error=16deg, cmd=(0.07, -0.14)
[state_machine_node-28] [INFO] [1789539951.291248186] [state_machine_node]: Blue candidate door_blue_5e0bb5 recorded with door-body progress and observed wall side because its direct projection was center-biased or crossed the corridor.
[state_machine_node-28] [INFO] [1789539951.294811436] [state_machine_node]: 문 접근 목표 보정: door_blue_292b52 handle_axis=(5.89, -2.80) goal_axis=(5.89, -0.95) wall_axis=(5.89, -2.20) yaw=-90deg
[state_machine_node-28] [INFO] [1789539951.948118525] [state_machine_node]: Fine door final yaw alignment: observed_blue_5p8_m1p8, dist=0.17m/0.17m, yaw_error=81deg, cmd=(0.00, -0.25)
[state_machine_node-28] [INFO] [1789539952.856758061] [state_machine_node]: Fine door final yaw alignment: observed_blue_5p8_m1p8, dist=0.17m/0.17m, yaw_error=75deg, cmd=(0.00, -0.25)
[state_machine_node-28] [INFO] [1789539952.879331832] [state_machine_node]: Blue candidate door_blue_5e0bb5 rejected: handle lateral 2.76m is outside wall band 2.20+0.35m.
[state_machine_node-28] [INFO] [1789539952.881086689] [state_machine_node]: 문 접근 목표 보정: door_blue_292b52 handle_axis=(5.78, -2.76) goal_axis=(5.78, -0.95) wall_axis=(5.78, -2.20) yaw=-90deg
[state_machine_node-28] [INFO] [1789539953.766450321] [state_machine_node]: Fine door final yaw alignment: observed_blue_5p8_m1p8, dist=0.18m/0.17m, yaw_error=70deg, cmd=(0.00, -0.25)
[state_machine_node-28] [INFO] [1789539954.681081383] [state_machine_node]: Fine door final yaw alignment: observed_blue_5p8_m1p8, dist=0.18m/0.17m, yaw_error=65deg, cmd=(0.00, -0.25)
[state_machine_node-28] [INFO] [1789539955.636438501] [state_machine_node]: Fine door final yaw alignment: observed_blue_5p8_m1p8, dist=0.19m/0.17m, yaw_error=60deg, cmd=(0.00, -0.25)
[door_detection_node-24] [INFO] [1789539955.966908175] [door_detection_node]: HSV handle observed: color=blue, pixel=(107,130), conf=0.84, door_bbox=(67,0,313,240)
[door_detection_node-24] [INFO] [1789539955.971399405] [door_detection_node]: Handle camera-ray projection: pixel=(107,130), range=1.950m, z=0.708m
[state_machine_node-28] [INFO] [1789539955.974612020] [state_machine_node]: Blue candidate door_blue_5e0bb5 rejected: handle lateral 2.79m is outside wall band 2.20+0.35m.
[state_machine_node-28] [INFO] [1789539955.975448673] [state_machine_node]: Blue candidate door_blue_5e0bb5 recorded with door-body progress and observed wall side because its direct projection was center-biased or crossed the corridor.
[state_machine_node-28] [INFO] [1789539955.976638538] [state_machine_node]: 문 접근 목표 보정: door_blue_d2c48d handle_axis=(5.62, -2.69) goal_axis=(5.62, -0.95) wall_axis=(5.62, -2.20) yaw=-90deg
[state_machine_node-28] [INFO] [1789539956.602818816] [state_machine_node]: Fine door final yaw alignment: observed_blue_5p8_m1p8, dist=0.19m/0.17m, yaw_error=55deg, cmd=(0.00, -0.25)
[state_machine_node-28] [INFO] [1789539957.529234853] [state_machine_node]: Fine door final yaw alignment: observed_blue_5p8_m1p8, dist=0.19m/0.17m, yaw_error=51deg, cmd=(0.00, -0.25)
[door_detection_node-24] [INFO] [1789539957.543009500] [door_detection_node]: HSV handle observed: color=blue, pixel=(62,130), conf=0.90, door_bbox=(14,0,266,240)
[door_detection_node-24] [INFO] [1789539957.547121482] [door_detection_node]: Handle camera-ray projection: pixel=(62,130), range=1.264m, z=0.739m
[state_machine_node-28] [INFO] [1789539957.552330207] [state_machine_node]: Blue candidate door_blue_5e0bb5 recorded at camera-ray intersection with the observed corridor wall.
[state_machine_node-28] [INFO] [1789539957.554027341] [state_machine_node]: 문 접근 목표 보정: door_blue_58019a handle_axis=(6.32, -2.09) goal_axis=(6.32, -0.95) wall_axis=(6.32, -2.09) yaw=-90deg
[state_machine_node-28] [INFO] [1789539957.556058097] [state_machine_node]: 문 접근 목표 보정: door_blue_58019a handle_axis=(6.32, -2.09) goal_axis=(6.32, -0.95) wall_axis=(6.32, -2.09) yaw=-90deg
[state_machine_node-28] [INFO] [1789539957.558882458] [state_machine_node]: 문 접근 목표 보정: door_blue_58019a handle_axis=(6.32, -2.09) goal_axis=(6.32, -0.95) wall_axis=(6.32, -2.09) yaw=-90deg
[state_machine_node-28] [INFO] [1789539958.488041303] [state_machine_node]: Fine door final yaw alignment: observed_blue_5p8_m1p8, dist=0.19m/0.17m, yaw_error=46deg, cmd=(0.00, -0.25)
[state_machine_node-28] [INFO] [1789539959.430661881] [state_machine_node]: Fine door final yaw alignment: observed_blue_5p8_m1p8, dist=0.19m/0.17m, yaw_error=42deg, cmd=(0.00, -0.25)
[state_machine_node-28] [INFO] [1789539960.369858462] [state_machine_node]: Fine door final yaw alignment: observed_blue_5p8_m1p8, dist=0.19m/0.17m, yaw_error=38deg, cmd=(0.00, -0.25)
[state_machine_node-28] [INFO] [1789539961.298611323] [state_machine_node]: Fine door final yaw alignment: observed_blue_5p8_m1p8, dist=0.19m/0.17m, yaw_error=33deg, cmd=(0.00, -0.25)
[state_machine_node-28] [INFO] [1789539961.383299253] [state_machine_node]: Blue candidate door_blue_f2b145_1 rejected: handle lateral 5.46m is outside wall band 2.20+0.35m.
[state_machine_node-28] [INFO] [1789539961.383875012] [state_machine_node]: Blue candidate door_blue_f2b145_1 recorded with door-body progress and observed wall side because its direct projection was center-biased or crossed the corridor.
[state_machine_node-28] [INFO] [1789539961.386179890] [state_machine_node]: 문 접근 목표 보정: door_blue_f2b145_1 handle_axis=(6.45, -5.46) goal_axis=(6.45, -0.95) wall_axis=(6.45, -2.20) yaw=-90deg
[state_machine_node-28] [INFO] [1789539962.267047058] [state_machine_node]: 문 접근 목표 보정: door_blue_11b878 handle_axis=(5.55, -2.66) goal_axis=(5.55, -0.95) wall_axis=(5.55, -2.20) yaw=-90deg
[state_machine_node-28] [INFO] [1789539962.289920582] [state_machine_node]: Fine door final yaw alignment: observed_blue_5p8_m1p8, dist=0.18m/0.17m, yaw_error=29deg, cmd=(0.00, -0.25)
[state_machine_node-28] [INFO] [1789539962.457355247] [state_machine_node]: 문 접근 목표 보정: door_blue_f2b145 handle_axis=(6.29, -5.47) goal_axis=(6.29, -0.95) wall_axis=(6.29, -2.20) yaw=-90deg
[state_machine_node-28] [INFO] [1789539963.200918094] [state_machine_node]: Fine door final yaw alignment: observed_blue_5p8_m1p8, dist=0.18m/0.17m, yaw_error=24deg, cmd=(0.00, -0.25)
[state_machine_node-28] [INFO] [1789539963.560600277] [state_machine_node]: 문 접근 목표 보정: door_blue_f2b145 handle_axis=(6.04, -5.42) goal_axis=(6.04, -0.95) wall_axis=(6.04, -2.20) yaw=-90deg
[state_machine_node-28] [INFO] [1789539963.856323669] [state_machine_node]: 문 접근 목표 보정: door_blue_11b878 handle_axis=(5.44, -2.61) goal_axis=(5.44, -0.95) wall_axis=(5.44, -2.20) yaw=-90deg
[state_machine_node-28] [INFO] [1789539964.135328599] [state_machine_node]: Fine door final yaw alignment: observed_blue_5p8_m1p8, dist=0.17m/0.17m, yaw_error=19deg, cmd=(0.00, -0.24)
[state_machine_node-28] [INFO] [1789539964.457639908] [state_machine_node]: Blue candidate door_blue_5e0bb5 rejected: handle lateral 2.78m is outside wall band 2.20+0.35m.
[state_machine_node-28] [INFO] [1789539964.460540777] [state_machine_node]: Blue candidate door_blue_5e0bb5 recorded with door-body progress and observed wall side because its direct projection was center-biased or crossed the corridor.
[state_machine_node-28] [INFO] [1789539964.462023690] [state_machine_node]: 문 접근 목표 보정: door_blue_be9d66 handle_axis=(6.07, -2.78) goal_axis=(6.07, -0.95) wall_axis=(6.07, -2.20) yaw=-90deg
[state_machine_node-28] [INFO] [1789539965.030923287] [state_machine_node]: Fine door final yaw alignment: observed_blue_5p8_m1p8, dist=0.17m/0.17m, yaw_error=13deg, cmd=(0.00, -0.17)
[state_machine_node-28] [INFO] [1789539965.310458658] [state_machine_node]: 문 접근 목표 보정: door_blue_11b878 handle_axis=(5.33, -2.55) goal_axis=(5.33, -0.95) wall_axis=(5.33, -2.20) yaw=-90deg
[state_machine_node-28] [INFO] [1789539965.496320696] [state_machine_node]: 문 접근 목표 보정: door_blue_be9d66 handle_axis=(5.99, -2.77) goal_axis=(5.99, -0.95) wall_axis=(5.99, -2.20) yaw=-90deg
[state_machine_node-28] [INFO] [1789539966.019550312] [state_machine_node]: Fine door approach accepted for manipulation verification: observed_blue_5p8_m1p8, dist=0.16m/0.24m, lateral=0.09m/0.18m, yaw_error=9deg/10deg.
[state_machine_node-28] [INFO] [1789539966.020574581] [state_machine_node]: 문 앞 정렬 완료. 2.8s 정지 후 개방합니다.
[state_machine_node-28] [INFO] [1789539966.609245242] [state_machine_node]: 문 접근 목표 보정: door_blue_ca1398 handle_axis=(5.93, -2.76) goal_axis=(5.93, -0.95) wall_axis=(5.93, -2.20) yaw=-90deg
[state_machine_node-28] [INFO] [1789539966.883662756] [state_machine_node]: 문 접근 목표 보정: door_blue_11b878 handle_axis=(5.29, -2.52) goal_axis=(5.29, -0.95) wall_axis=(5.29, -2.20) yaw=-90deg
[state_machine_node-28] [INFO] [1789539966.884566191] [state_machine_node]: 문 접근 목표 보정: door_blue_11b878 handle_axis=(5.29, -2.52) goal_axis=(5.29, -0.95) wall_axis=(5.29, -2.20) yaw=-90deg
[state_machine_node-28] [INFO] [1789539966.886237918] [state_machine_node]: 문 접근 목표 보정: door_blue_11b878 handle_axis=(5.29, -2.52) goal_axis=(5.29, -0.95) wall_axis=(5.29, -2.20) yaw=-90deg
[state_machine_node-28] [INFO] [1789539967.600995429] [state_machine_node]: Blue candidate door_blue_5e0bb5 rejected: handle lateral 2.76m is outside wall band 2.20+0.35m.
[state_machine_node-28] [INFO] [1789539967.601673751] [state_machine_node]: Blue candidate door_blue_5e0bb5 recorded with door-body progress and observed wall side because its direct projection was center-biased or crossed the corridor.
[state_machine_node-28] [INFO] [1789539967.603852678] [state_machine_node]: 문 접근 목표 보정: door_blue_ca1398 handle_axis=(5.93, -2.76) goal_axis=(5.93, -0.95) wall_axis=(5.93, -2.20) yaw=-90deg
[state_machine_node-28] [INFO] [1789539968.620002996] [state_machine_node]: 문 접근 목표 보정: door_blue_11b878 handle_axis=(5.29, -2.52) goal_axis=(5.29, -0.95) wall_axis=(5.29, -2.20) yaw=-90deg
[state_machine_node-28] [INFO] [1789539968.623865176] [state_machine_node]: 문 접근 목표 보정: door_blue_11b878 handle_axis=(5.29, -2.52) goal_axis=(5.29, -0.95) wall_axis=(5.29, -2.20) yaw=-90deg
[state_machine_node-28] [INFO] [1789539968.625537049] [state_machine_node]: 문 접근 목표 보정: door_blue_11b878 handle_axis=(5.29, -2.52) goal_axis=(5.29, -0.95) wall_axis=(5.29, -2.20) yaw=-90deg
[state_machine_node-28] [INFO] [1789539968.814659199] [state_machine_node]: 문 접근 목표 보정: door_blue_ca1398 handle_axis=(5.93, -2.76) goal_axis=(5.93, -0.95) wall_axis=(5.93, -2.20) yaw=-90deg
[state_machine_node-28] [INFO] [1789539970.080744026] [state_machine_node]: 문 접근 목표 보정: door_blue_11b878 handle_axis=(5.29, -2.52) goal_axis=(5.29, -0.95) wall_axis=(5.29, -2.20) yaw=-90deg
[state_machine_node-28] [INFO] [1789539970.084714106] [state_machine_node]: 문 접근 목표 보정: door_blue_11b878 handle_axis=(5.29, -2.52) goal_axis=(5.29, -0.95) wall_axis=(5.29, -2.20) yaw=-90deg
[state_machine_node-28] [INFO] [1789539970.087779804] [state_machine_node]: 문 접근 목표 보정: door_blue_11b878 handle_axis=(5.29, -2.52) goal_axis=(5.29, -0.95) wall_axis=(5.29, -2.20) yaw=-90deg
[state_machine_node-28] [INFO] [1789539970.363505520] [state_machine_node]: 문 접근 목표 보정: door_blue_ca1398 handle_axis=(5.93, -2.76) goal_axis=(5.93, -0.95) wall_axis=(5.93, -2.20) yaw=-90deg
[state_machine_node-28] [INFO] [1789539971.420090420] [state_machine_node]: Blue candidate door_blue_5e0bb5 rejected: handle lateral 2.76m is outside wall band 2.20+0.35m.
[state_machine_node-28] [INFO] [1789539971.421298856] [state_machine_node]: Blue candidate door_blue_5e0bb5 recorded with door-body progress and observed wall side because its direct projection was center-biased or crossed the corridor.
[state_machine_node-28] [INFO] [1789539971.422645782] [state_machine_node]: 문 접근 목표 보정: door_blue_ca1398 handle_axis=(5.93, -2.76) goal_axis=(5.93, -0.95) wall_axis=(5.93, -2.20) yaw=-90deg
[state_machine_node-28] [INFO] [1789539971.639763277] [state_machine_node]: 문 접근 목표 보정: door_blue_11b878 handle_axis=(5.29, -2.52) goal_axis=(5.29, -0.95) wall_axis=(5.29, -2.20) yaw=-90deg
[state_machine_node-28] [INFO] [1789539971.643450145] [state_machine_node]: 문 접근 목표 보정: door_blue_11b878 handle_axis=(5.29, -2.52) goal_axis=(5.29, -0.95) wall_axis=(5.29, -2.20) yaw=-90deg
[state_machine_node-28] [INFO] [1789539971.645672223] [state_machine_node]: 문 접근 목표 보정: door_blue_11b878 handle_axis=(5.29, -2.52) goal_axis=(5.29, -0.95) wall_axis=(5.29, -2.20) yaw=-90deg
[state_machine_node-28] [INFO] [1789539971.704378512] [state_machine_node]: Observed blue target observed_blue_5p8_m1p8 accepted for opening from recheckable mapped wall memory after close alignment (count=58, conf=1.00, progress_gap=0.10m, lateral_gap=0.29m).
[state_machine_node-28] [INFO] [1789539971.706641341] [state_machine_node]: Blue candidate door_blue_5e0bb5 cannot confirm opening: current camera ray is outside the frontal manipulation workspace.
[state_machine_node-28] [INFO] [1789539971.713981917] [state_machine_node]: 잠금 문 visual-servo 수렴 관측 사용: observed_blue_5p8_m1p8, count=18, conf=1.00, age=0.0s
[state_machine_node-28] [INFO] [1789539971.718233144] [state_machine_node]: State: NAVIGATING → OPENING_DOOR
[state_machine_node-28] [INFO] [1789539972.655519994] [state_machine_node]: 문 개방 요청 손잡이: id=observed_blue_5p8_m1p8__axis_p6p37_m1p96, method=direct_wall_projection, conf=1.00, frame=map, pos=(3.373,-1.959,0.846)
[manipulation_node-26] [INFO] [1789539972.676424224] [manipulation_node]: Open door request: id=observed_blue_5p8_m1p8__axis_p6p37_m1p96, handle_method=direct_wall_projection, handle_detected=False, handle_conf=1.00
[manipulation_node-26] [INFO] [1789539972.704127834] [manipulation_node]: Manipulation phase: LOCALIZE_HANDLE:observed_blue_5p8_m1p8__axis_p6p37_m1p96
[manipulation_node-26] [INFO] [1789539972.705981727] [manipulation_node]: Transformed handle_position map -> base_link: (1.129, -0.065, 0.748)
[manipulation_node-26] [INFO] [1789539972.706630953] [manipulation_node]: Manipulation phase: PRE_GRASP:observed_blue_5p8_m1p8__axis_p6p37_m1p96
[manipulation_node-26] [INFO] [1789539972.707084127] [manipulation_node]: Step 1/4: Moving to pre-grasp position
[manipulation_node-26] [INFO] [1789539972.707513933] [manipulation_node]:   [SIM] Pre-grasp at (1.009, -0.065, 0.748)
[manipulation_node-26] [INFO] [1789539972.710443167] [manipulation_node]:   [SIM] Arm target stage=pre_grasp: joint1=-0.10, joint2=0.97, joint3=-0.11, joint4=0.00, joint5=0.00, joint6=0.00
[manipulation_node-26] [INFO] [1789539973.735218044] [manipulation_node]: Manipulation phase: GRASP_HANDLE:observed_blue_5p8_m1p8__axis_p6p37_m1p96
[manipulation_node-26] [INFO] [1789539973.735827946] [manipulation_node]: Step 2/4: Grasping handle
[manipulation_node-26] [INFO] [1789539973.736405617] [manipulation_node]:   [SIM] Gripper closing
[manipulation_node-26] [INFO] [1789539973.737030291] [manipulation_node]:   [SIM] Arm target stage=grasp: joint1=-0.10, joint2=0.97, joint3=-0.11, joint4=0.00, joint5=0.00, joint6=0.00
[manipulation_node-26] [INFO] [1789539974.794522804] [manipulation_node]: Manipulation phase: PRESS_HANDLE:observed_blue_5p8_m1p8__axis_p6p37_m1p96
[manipulation_node-26] [INFO] [1789539974.794950538] [manipulation_node]: Step 3/5: Pressing lever handle
[manipulation_node-26] [INFO] [1789539974.795302336] [manipulation_node]:   [SIM] Pressing lever down 0.070m before push
[manipulation_node-26] [INFO] [1789539974.795625655] [manipulation_node]:   [SIM] Arm target stage=press: joint1=-0.10, joint2=1.04, joint3=-0.11, joint4=0.00, joint5=0.00, joint6=0.00
[state_machine_node-28] [INFO] [1789539975.291845896] [state_machine_node]: Blue candidate door_blue_5e0bb5 rejected: handle lateral 2.76m is outside wall band 2.20+0.35m.
[state_machine_node-28] [INFO] [1789539975.292476979] [state_machine_node]: Blue candidate door_blue_5e0bb5 recorded with door-body progress and observed wall side because its direct projection was center-biased or crossed the corridor.
[manipulation_node-26] [INFO] [1789539975.842612263] [manipulation_node]: Manipulation phase: PUSH_OPEN:observed_blue_5p8_m1p8__axis_p6p37_m1p96
[manipulation_node-26] [INFO] [1789539975.843522574] [manipulation_node]: Step 4/5: Pushing door open
[manipulation_node-26] [INFO] [1789539975.843938525] [manipulation_node]:   [SIM] Holding the pressed handle while the base opens the hinged Gazebo door 2.09rad
[manipulation_node-26] [INFO] [1789539975.848989062] [manipulation_node]:   [SIM] Arm target stage=push: joint1=-0.10, joint2=0.97, joint3=-0.11, joint4=0.00, joint5=0.00, joint6=0.00
[manipulation_node-26] [INFO] [1789539975.918245432] [manipulation_node]:   [SIM] Matched observed door observed_blue_5p8_m1p8__axis_p6p37_m1p96 to /fire_robot/door/blue/x300/yn186/sp/cmd (distance=0.06m, score=0.003, source=map_handle, match=(3.37,-1.96))
[manipulation_node-26] [INFO] [1789539975.922879502] [manipulation_node]:   [SIM] Gazebo door topic=/fire_robot/door/blue/x300/yn186/sp/cmd, target_angle=-2.094
[door_detection_node-24] [INFO] [1789539978.943889363] [door_detection_node]: YOLO handle observed (primary): pixel=(221,128), conf=0.72, bbox=(185, 113, 257, 144)
[door_detection_node-24] [INFO] [1789539978.948389104] [door_detection_node]: Handle camera-ray projection: pixel=(221,128), range=1.320m, z=0.745m
[door_detection_node-24] [INFO] [1789539980.214008605] [door_detection_node]: YOLO handle observed (primary): pixel=(261,128), conf=0.71, bbox=(233, 113, 289, 144)
[door_detection_node-24] [INFO] [1789539980.217112544] [door_detection_node]: Handle camera-ray projection: pixel=(261,128), range=1.400m, z=0.745m
[manipulation_node-26] [INFO] [1789539982.669948957] [manipulation_node]:   [SIM] Door model feedback verified: topic=/fire_robot/door/blue/x300/yn186/sp/cmd, model=door_blue1, angle=-2.1000, target=-2.0944
[manipulation_node-26] [INFO] [1789539983.680961738] [manipulation_node]: Manipulation phase: RELEASE_HANDLE:observed_blue_5p8_m1p8__axis_p6p37_m1p96
[manipulation_node-26] [INFO] [1789539983.686590842] [manipulation_node]: Releasing the lever before arm recovery and base backoff
[manipulation_node-26] [INFO] [1789539984.796873362] [manipulation_node]: Manipulation phase: RETURN_HOME:observed_blue_5p8_m1p8__axis_p6p37_m1p96
[manipulation_node-26] [INFO] [1789539984.814473667] [manipulation_node]: Step 5/5: Returning to home position
[manipulation_node-26] [INFO] [1789539984.830189082] [manipulation_node]:   [SIM] Returning to home position
[manipulation_node-26] [INFO] [1789539984.839471977] [manipulation_node]:   [SIM] Arm target stage=home: joint1=0.00, joint2=0.00, joint3=0.00, joint4=0.00, joint5=0.00, joint6=0.00
[manipulation_node-26] [INFO] [1789539988.704348287] [manipulation_node]:   [SIM] Arm home verified by joint feedback: max_error=0.012rad
[manipulation_node-26] [INFO] [1789539988.717272380] [manipulation_node]: Manipulation phase: POST_OPEN_BACKOFF:observed_blue_5p8_m1p8__axis_p6p37_m1p96
[manipulation_node-26] [INFO] [1789539988.736090857] [manipulation_node]: Backing away from opened door with limited micro reverse
[manipulation_node-26] [INFO] [1789539991.027306752] [manipulation_node]: Manipulation phase: COMPLETE:observed_blue_5p8_m1p8__axis_p6p37_m1p96
[state_machine_node-28] [INFO] [1789539991.035032795] [state_machine_node]: 열린 파란 문 재관측 후보 2개 정리. 다음 목표 선택에서 제외합니다.
[state_machine_node-28] [INFO] [1789539991.035773118] [state_machine_node]: 문 개방 성공: observed_blue_5p8_m1p8  누적 개방: 1개
[state_machine_node-28] [INFO] [1789539991.036414068] [state_machine_node]: State: OPENING_DOOR → DOOR_OPENED
[state_machine_node-28] [INFO] [1789539991.370610795] [state_machine_node]: 다음 파란 문 탐색 시작 (개방 완료: 1개)
[state_machine_node-28] [INFO] [1789539991.371320354] [state_machine_node]: State: DOOR_OPENED → EXPLORING
[state_machine_node-28] [INFO] [1789539992.306512354] [state_machine_node]: Post-open side retreat started: lateral=-0.80m, target_abs=0.48m.
[state_machine_node-28] [INFO] [1789539992.307915977] [state_machine_node]: Post-open side retreat: lateral=-0.80m, moved=0.00/1.10m, yaw_error=171deg, cmd=(0.00, 0.50)
[state_machine_node-28] [INFO] [1789539994.245012536] [state_machine_node]: Post-open side retreat: lateral=-0.80m, moved=0.00/1.10m, yaw_error=150deg, cmd=(0.00, 0.50)
[state_machine_node-28] [INFO] [1789539995.263619202] [state_machine_node]: Post-open side retreat: lateral=-0.80m, moved=0.00/1.10m, yaw_error=141deg, cmd=(0.00, 0.50)
[state_machine_node-28] [INFO] [1789539997.232533076] [state_machine_node]: Post-open side retreat: lateral=-0.80m, moved=0.00/1.10m, yaw_error=124deg, cmd=(0.00, 0.50)
[door_detection_node-24] [INFO] [1789539997.754823547] [door_detection_node]: HSV handle observed: color=blue, pixel=(262,124), conf=0.39, door_bbox=(266,0,302,240)
[state_machine_node-28] [INFO] [1789539997.761647143] [state_machine_node]: Blue candidate door_blue_292b52 ignored: physical/opened door station already handled nearby at (1.98, -2.31).
[state_machine_node-28] [INFO] [1789539999.187360137] [state_machine_node]: Post-open side retreat: lateral=-0.83m, moved=0.00/1.10m, yaw_error=104deg, cmd=(0.00, 0.50)
[state_machine_node-28] [INFO] [1789540001.072815091] [state_machine_node]: Post-open side retreat: lateral=-0.88m, moved=0.00/1.10m, yaw_error=80deg, cmd=(0.00, 0.50)
[state_machine_node-28] [INFO] [1789540002.120743729] [state_machine_node]: Post-open side retreat: lateral=-0.90m, moved=0.00/1.10m, yaw_error=68deg, cmd=(0.00, 0.50)
[state_machine_node-28] [INFO] [1789540004.142295662] [state_machine_node]: Post-open side retreat: lateral=-0.92m, moved=0.00/1.10m, yaw_error=50deg, cmd=(0.00, 0.50)
[state_machine_node-28] [INFO] [1789540006.200103414] [state_machine_node]: Post-open side retreat: lateral=-0.92m, moved=0.00/1.10m, yaw_error=32deg, cmd=(0.00, 0.50)
[state_machine_node-28] [INFO] [1789540007.378168849] [state_machine_node]: Post-open side retreat: lateral=-0.92m, moved=0.00/1.10m, yaw_error=23deg, cmd=(0.00, 0.50)
[state_machine_node-28] [INFO] [1789540008.392781507] [state_machine_node]: Post-open side retreat: lateral=-0.92m, moved=0.00/1.10m, yaw_error=12deg, cmd=(0.00, 0.50)
[state_machine_node-28] [INFO] [1789540010.312169659] [state_machine_node]: Post-open side retreat: lateral=-0.85m, moved=0.00/1.10m, yaw_error=-1deg, cmd=(0.18, -0.01)
[state_machine_node-28] [INFO] [1789540012.298836346] [state_machine_node]: Post-open side retreat: lateral=-0.67m, moved=0.13/1.10m, yaw_error=-0deg, cmd=(0.18, -0.00)
[state_machine_node-28] [INFO] [1789540013.311537422] [state_machine_node]: Post-open side retreat: lateral=-0.58m, moved=0.22/1.10m, yaw_error=-0deg, cmd=(0.18, -0.00)
[state_machine_node-28] [INFO] [1789540015.377273535] [state_machine_node]: Post-open side retreat complete: lateral=0.40m <= target=0.48m
[state_machine_node-28] [INFO] [1789540015.389865269] [state_machine_node]: blue candidate (5.3, -2.2) rejected: same-wall blue observation is inside the opened-door remnant window (opened_progress=6.4m, gap=2.0m, window=2.4m).
[state_machine_node-28] [WARN] [1789540015.397474651] [state_machine_node]: 파란 문 후보 (4.8, -2.2) 포기: opened door remnant projected to a same-wall target station. 불안정/실패 후보로 보고 다음 관찰을 계속합니다.
[state_machine_node-28] [INFO] [1789540015.398325029] [state_machine_node]: 파란 문 후보 없음. 2.0s 동안 정지 스캔 후 관측 기반 waypoint를 계획합니다.
[state_machine_node-28] [INFO] [1789540019.207098595] [state_machine_node]: Exit scan deferred: continuing observation-based forward exploration before leaving.
[state_machine_node-28] [INFO] [1789540019.209083217] [state_machine_node]: Nav2 목표 전송: 시작 heading 차이는 Nav2 회전 제어로 처리 (heading_error=90deg)
[state_machine_node-28] [INFO] [1789540019.238950328] [state_machine_node]: 탐색 waypoint 계획 요청: explore_waypoint_7.2_lat+26 progress=7.20, lateral=0.26, map=(4.20, 0.26) | 좌측 차선 선택 | 전방 우측 장애물 1.05m (lateral=-0.42m) → 좌측 차선 우선 | LiDAR lane scores: L:y=0.65/clear=3.20/score=3.31, R:y=-0.65/clear=1.05/score=3.30, C:y=0.00/clear=3.20/score=2.05 | 좌우 이동량 제한 1.04m→0.65m | 개방 후 미탐색 문 확인을 위해 전진 스캔 간격 0.83m
[state_machine_node-28] [INFO] [1789540019.239929511] [state_machine_node]: State: EXPLORING → EXPLORING_NAVIGATING
[navigation_node-25] [INFO] [1789540019.242448065] [navigation_node]: Navigation goal received: door explore_waypoint_7.2_lat+26 (color=explore, frame=map, x=4.20, y=0.26)
[bt_navigator-16] [INFO] [1789540020.073137994] [bt_navigator]: Begin navigating from current location (3.27, -0.39) to (4.20, 0.26)
[navigation_node-25] [INFO] [1789540020.077312299] [navigation_node]: Navigation goal accepted by Nav2
[controller_server-12] [INFO] [1789540020.274447610] [controller_server]: Received a goal, begin computing control effort.
[controller_server-12] [INFO] [1789540021.527928206] [controller_server]: Passing new path to controller.
[controller_server-12] [INFO] [1789540022.775430587] [controller_server]: Passing new path to controller.
[controller_server-12] [INFO] [1789540024.025400678] [controller_server]: Passing new path to controller.
[door_detection_node-24] [INFO] [1789540024.790562588] [door_detection_node]: HSV handle observed: color=red, pixel=(280,122), conf=0.01, door_bbox=(236,29,289,206)
[controller_server-12] [INFO] [1789540025.275388886] [controller_server]: Passing new path to controller.
[door_detection_node-24] [INFO] [1789540026.154252369] [door_detection_node]: HSV handle observed: color=red, pixel=(244,122), conf=0.01, door_bbox=(203,29,252,208)
[controller_server-12] [INFO] [1789540026.525356010] [controller_server]: Passing new path to controller.
[state_machine_node-28] [INFO] [1789540027.181931880] [state_machine_node]: door_blue_1503d1 waiting for closer confirmation: ahead=5.8m > 5.0m.
[controller_server-12] [INFO] [1789540027.775415379] [controller_server]: Passing new path to controller.
[door_detection_node-24] [INFO] [1789540028.103931082] [door_detection_node]: HSV handle observed: color=red, pixel=(208,122), conf=0.01, door_bbox=(164,25,214,214)
[controller_server-12] [INFO] [1789540029.025963465] [controller_server]: Passing new path to controller.
[controller_server-12] [INFO] [1789540030.275388144] [controller_server]: Passing new path to controller.
[state_machine_node-28] [INFO] [1789540030.660334608] [state_machine_node]: observed blue candidate waiting for closer confirmation: ahead=5.6m > 5.0m.
[door_detection_node-24] [INFO] [1789540030.679943646] [door_detection_node]: HSV handle observed: color=red, pixel=(168,122), conf=0.01, door_bbox=(124,15,174,222)
[controller_server-12] [INFO] [1789540031.525665393] [controller_server]: Passing new path to controller.
[door_detection_node-24] [INFO] [1789540031.926966575] [door_detection_node]: HSV handle observed: color=blue, pixel=(54,122), conf=0.19, door_bbox=(50,66,74,169)
[controller_server-12] [INFO] [1789540032.775391952] [controller_server]: Passing new path to controller.
[navigation_node-25] [WARN] [1789540032.776285139] [navigation_node]: Robot is 0.35m from explore goal (threshold=0.35m). Treating navigation as succeeded.
[state_machine_node-28] [INFO] [1789540032.777880179] [state_machine_node]: Navigation succeeded.
[state_machine_node-28] [INFO] [1789540032.864978236] [state_machine_node]: 탐색 중 파란 문 후보 평가: door_blue_1ffb88:p=10.99,lat=-1.45,d=3.1m,conf=0.58
[state_machine_node-28] [INFO] [1789540032.866263707] [state_machine_node]: 문 접근 목표 보정: door_blue_1ffb88 handle_axis=(10.99, -1.45) goal_axis=(10.99, -0.80) wall_axis=(10.99, -1.90) yaw=-90deg
[state_machine_node-28] [INFO] [1789540032.866827625] [state_machine_node]: 탐색 waypoint 이동 중 파란 문 확인: door_blue_1ffb88. 현재 waypoint를 취소하고 문 접근으로 즉시 전환합니다.
[state_machine_node-28] [INFO] [1789540032.867294925] [state_machine_node]: State: EXPLORING_NAVIGATING → NAVIGATING
[navigation_node-25] [INFO] [1789540032.869523356] [navigation_node]: Navigation goal received: door door_blue_1ffb88 (color=blue, frame=map, x=7.99, y=-0.80)
[bt_navigator-16] [ERROR] [1789540032.894631674] [bt_navigator_navigate_to_pose_rclcpp_node]: Failed to get result for follow_path in node halt!
[bt_navigator-16] [INFO] [1789540032.894860685] [bt_navigator]: [navigate_to_pose] [ActionServer] Client requested to cancel the goal. Cancelling.
[bt_navigator-16] [INFO] [1789540032.895197328] [bt_navigator]: Goal canceled
[controller_server-12] [INFO] [1789540032.900510206] [controller_server]: Goal was canceled. Stopping the robot.
[controller_server-12] [INFO] [1789540032.900655214] [controller_server]: [follow_path] [ActionServer] Client requested to cancel the goal. Cancelling.
[door_detection_node-24] [INFO] [1789540033.577287010] [door_detection_node]: HSV handle observed: color=blue, pixel=(16,121), conf=0.19, door_bbox=(13,63,39,172)
[state_machine_node-28] [INFO] [1789540033.590910465] [state_machine_node]: 문 접근 목표 보정: door_blue_1ffb88 handle_axis=(10.82, -1.33) goal_axis=(10.82, -0.80) wall_axis=(10.82, -1.90) yaw=-90deg
[state_machine_node-28] [INFO] [1789540033.596086623] [state_machine_node]: 문 접근 목표 보정: door_blue_1ffb88 handle_axis=(10.82, -1.33) goal_axis=(10.82, -0.80) wall_axis=(10.82, -1.90) yaw=-90deg
[bt_navigator-16] [INFO] [1789540033.829894321] [bt_navigator]: Begin navigating from current location (3.86, 0.33) to (7.99, -0.80)
[navigation_node-25] [INFO] [1789540033.834121427] [navigation_node]: Navigation goal accepted by Nav2
[controller_server-12] [INFO] [1789540034.034199724] [controller_server]: Received a goal, begin computing control effort.
[door_detection_node-24] [INFO] [1789540034.738045283] [door_detection_node]: HSV handle observed: color=blue, pixel=(8,122), conf=0.20, door_bbox=(5,62,31,173)
[state_machine_node-28] [INFO] [1789540034.756088116] [state_machine_node]: 문 접근 목표 보정: door_blue_1ffb88 handle_axis=(10.76, -1.30) goal_axis=(10.76, -0.80) wall_axis=(10.76, -1.90) yaw=-90deg
[state_machine_node-28] [INFO] [1789540034.758853418] [state_machine_node]: 문 접근 목표 보정: door_blue_1ffb88 handle_axis=(10.76, -1.30) goal_axis=(10.76, -0.80) wall_axis=(10.76, -1.90) yaw=-90deg
[state_machine_node-28] [WARN] [1789540034.759299442] [state_machine_node]: Locked blue target refined from newer observation: door_blue_1ffb88 -> door_blue_1ffb88, goal shift=0.23m, identity=(7.99,-1.45) -> (7.76,-1.30)
[navigation_node-25] [INFO] [1789540034.762350101] [navigation_node]: Navigation goal received: door door_blue_1ffb88 (color=blue, frame=map, x=7.76, y=-0.80)
[navigation_node-25] [INFO] [1789540034.762792451] [navigation_node]: Ignoring duplicate navigation target for active door: door_blue_1ffb88
[controller_server-12] [INFO] [1789540035.409887239] [controller_server]: Passing new path to controller.
[door_detection_node-24] [INFO] [1789540036.030226863] [door_detection_node]: HSV handle observed: color=red, pixel=(77,123), conf=0.02, door_bbox=(12,0,86,240)
[state_machine_node-28] [INFO] [1789540036.348100156] [state_machine_node]: 문 접근 목표 보정: door_blue_1ffb88 handle_axis=(10.71, -1.27) goal_axis=(10.71, -0.80) wall_axis=(10.71, -1.90) yaw=-90deg
[state_machine_node-28] [INFO] [1789540036.352474258] [state_machine_node]: 문 접근 목표 보정: door_blue_1ffb88 handle_axis=(10.71, -1.27) goal_axis=(10.71, -0.80) wall_axis=(10.71, -1.90) yaw=-90deg
[controller_server-12] [INFO] [1789540036.534903169] [controller_server]: Passing new path to controller.
[controller_server-12] [INFO] [1789540037.784858333] [controller_server]: Passing new path to controller.
[door_detection_node-24] [INFO] [1789540038.232663769] [door_detection_node]: HSV handle observed: color=blue, pixel=(304,122), conf=0.25, door_bbox=(299,63,320,176)
[controller_server-12] [INFO] [1789540039.035744659] [controller_server]: Passing new path to controller.
[door_detection_node-24] [INFO] [1789540040.027159873] [door_detection_node]: HSV handle observed: color=blue, pixel=(274,122), conf=0.14, door_bbox=(269,60,302,179)
[controller_server-12] [INFO] [1789540040.285504804] [controller_server]: Passing new path to controller.
[door_detection_node-24] [INFO] [1789540041.061444587] [door_detection_node]: HSV handle observed: color=blue, pixel=(254,122), conf=0.20, door_bbox=(249,60,280,177)
[controller_server-12] [INFO] [1789540041.534857875] [controller_server]: Passing new path to controller.
[door_detection_node-24] [INFO] [1789540042.266040787] [door_detection_node]: HSV handle observed: color=blue, pixel=(243,122), conf=0.16, door_bbox=(239,58,270,178)
[controller_server-12] [INFO] [1789540042.909863201] [controller_server]: Passing new path to controller.
[door_detection_node-24] [INFO] [1789540043.481969254] [door_detection_node]: HSV handle observed: color=blue, pixel=(216,122), conf=0.15, door_bbox=(212,59,243,179)
[controller_server-12] [INFO] [1789540044.034882621] [controller_server]: Passing new path to controller.
[door_detection_node-24] [INFO] [1789540044.525372096] [door_detection_node]: HSV handle observed: color=blue, pixel=(194,122), conf=0.14, door_bbox=(189,57,222,180)
[controller_server-12] [INFO] [1789540045.285396944] [controller_server]: Passing new path to controller.
[controller_server-12] [INFO] [1789540046.535148428] [controller_server]: Passing new path to controller.
[door_detection_node-24] [INFO] [1789540046.615422863] [door_detection_node]: HSV handle observed: color=blue, pixel=(156,122), conf=0.16, door_bbox=(151,56,181,179)
[door_detection_node-24] [INFO] [1789540047.618782050] [door_detection_node]: HSV handle observed: color=blue, pixel=(132,122), conf=0.15, door_bbox=(128,54,159,181)
[controller_server-12] [INFO] [1789540047.909873548] [controller_server]: Passing new path to controller.
[door_detection_node-24] [INFO] [1789540048.669675989] [door_detection_node]: HSV handle observed: color=blue, pixel=(116,122), conf=0.15, door_bbox=(112,53,143,185)
[controller_server-12] [INFO] [1789540049.159879465] [controller_server]: Passing new path to controller.
[door_detection_node-24] [INFO] [1789540049.673751725] [door_detection_node]: HSV handle observed: color=blue, pixel=(114,122), conf=0.14, door_bbox=(110,51,144,187)
[controller_server-12] [INFO] [1789540050.534915710] [controller_server]: Passing new path to controller.
[door_detection_node-24] [INFO] [1789540050.782179643] [door_detection_node]: HSV handle observed: color=blue, pixel=(116,122), conf=0.16, door_bbox=(111,48,147,190)
[controller_server-12] [INFO] [1789540051.664272865] [controller_server]: Passing new path to controller.
[door_detection_node-24] [INFO] [1789540051.987833380] [door_detection_node]: HSV handle observed: color=blue, pixel=(125,122), conf=0.20, door_bbox=(122,46,155,192)
[controller_server-12] [INFO] [1789540052.909844097] [controller_server]: Passing new path to controller.
[door_detection_node-24] [INFO] [1789540053.224057245] [door_detection_node]: HSV handle observed: color=blue, pixel=(139,122), conf=0.18, door_bbox=(135,41,170,195)
[controller_server-12] [INFO] [1789540054.159865841] [controller_server]: Passing new path to controller.
[door_detection_node-24] [INFO] [1789540054.303708023] [door_detection_node]: HSV handle observed: color=blue, pixel=(151,122), conf=0.18, door_bbox=(146,44,184,195)
[door_detection_node-24] [INFO] [1789540055.432670469] [door_detection_node]: HSV handle observed: color=blue, pixel=(160,122), conf=0.18, door_bbox=(155,35,193,200)
[controller_server-12] [INFO] [1789540055.534913587] [controller_server]: Passing new path to controller.
[controller_server-12] [INFO] [1789540056.784869004] [controller_server]: Passing new path to controller.
[door_detection_node-24] [INFO] [1789540057.320679003] [door_detection_node]: HSV handle observed: color=blue, pixel=(185,122), conf=0.17, door_bbox=(182,27,221,208)
[controller_server-12] [INFO] [1789540058.034842674] [controller_server]: Passing new path to controller.
[door_detection_node-24] [INFO] [1789540058.450672592] [door_detection_node]: HSV handle observed: color=blue, pixel=(194,122), conf=0.18, door_bbox=(190,23,234,214)
[controller_server-12] [INFO] [1789540059.409889869] [controller_server]: Passing new path to controller.
[controller_server-12] [INFO] [1789540060.660497817] [controller_server]: Passing new path to controller.
[door_detection_node-24] [INFO] [1789540060.726704327] [door_detection_node]: HSV handle observed: color=blue, pixel=(208,122), conf=0.18, door_bbox=(205,12,254,226)
[controller_server-12] [WARN] [1789540060.817413454] [controller_server]: Control loop missed its desired rate of 8.0000Hz
[controller_server-12] [INFO] [1789540061.784941887] [controller_server]: Passing new path to controller.
[door_detection_node-24] [INFO] [1789540062.496022329] [door_detection_node]: HSV handle observed: color=blue, pixel=(316,122), conf=0.18, door_bbox=(293,64,319,172)
[controller_server-12] [INFO] [1789540063.034923294] [controller_server]: Passing new path to controller.
[door_detection_node-24] [INFO] [1789540063.834787283] [door_detection_node]: YOLO handle observed (primary): pixel=(230,125), conf=0.46, bbox=(210, 113, 249, 137)
[door_detection_node-24] [INFO] [1789540063.842095721] [door_detection_node]: Handle camera-ray projection: pixel=(230,125), range=2.689m, z=0.734m
[door_detection_node-24] [INFO] [1789540064.216178930] [door_detection_node]: HSV handle observed: color=blue, pixel=(308,122), conf=0.18, door_bbox=(281,63,310,173)
[controller_server-12] [INFO] [1789540064.409888161] [controller_server]: Passing new path to controller.
[controller_server-12] [INFO] [1789540065.659879638] [controller_server]: Passing new path to controller.
[door_detection_node-24] [INFO] [1789540065.835661036] [door_detection_node]: HSV handle observed: color=blue, pixel=(292,122), conf=0.18, door_bbox=(265,62,294,174)
[door_detection_node-24] [INFO] [1789540065.966494174] [door_detection_node]: YOLO handle observed (primary): pixel=(230,125), conf=0.53, bbox=(211, 113, 250, 137)
[door_detection_node-24] [INFO] [1789540065.973082369] [door_detection_node]: Handle camera-ray projection: pixel=(230,125), range=2.483m, z=0.738m
[controller_server-12] [INFO] [1789540067.034982538] [controller_server]: Passing new path to controller.
[door_detection_node-24] [INFO] [1789540067.145653812] [door_detection_node]: YOLO handle observed (primary): pixel=(230,124), conf=0.59, bbox=(209, 112, 250, 137)
[door_detection_node-24] [INFO] [1789540067.149172447] [door_detection_node]: Handle camera-ray projection: pixel=(230,124), range=2.236m, z=0.752m
[door_detection_node-24] [INFO] [1789540067.512967582] [door_detection_node]: HSV handle observed: color=blue, pixel=(277,122), conf=0.17, door_bbox=(249,62,279,174)
[controller_server-12] [INFO] [1789540068.159882037] [controller_server]: Passing new path to controller.
[door_detection_node-24] [INFO] [1789540068.209290506] [door_detection_node]: YOLO handle observed (primary): pixel=(230,125), conf=0.57, bbox=(209, 111, 251, 139)
[door_detection_node-24] [INFO] [1789540068.213206217] [door_detection_node]: Handle camera-ray projection: pixel=(230,125), range=2.188m, z=0.744m
[state_machine_node-28] [INFO] [1789540068.293274587] [state_machine_node]: Nav2 door goal position is near, but yaw is not ready yet: door_blue_1ffb88, dist=0.36m/0.38m, lateral=-0.18m/0.24m, yaw_error=72deg.
[door_detection_node-24] [INFO] [1789540069.186333357] [door_detection_node]: HSV handle observed: color=blue, pixel=(259,122), conf=0.18, door_bbox=(232,64,261,177)
[state_machine_node-28] [INFO] [1789540069.296175927] [state_machine_node]: Nav2 goal is close enough for fine door alignment: door_blue_1ffb88, dist=0.26m/0.38m, lateral=-0.18m/0.24m, yaw_error=71deg.
[state_machine_node-28] [INFO] [1789540069.296833387] [state_machine_node]: Nav2 goal cancellation requested before door fine alignment.
[state_machine_node-28] [INFO] [1789540069.297895267] [state_machine_node]: Fine door approach started: door_blue_1ffb88, dist=0.26m, lateral=-0.18m, forward=0.19m, yaw_error=71deg
[state_machine_node-28] [INFO] [1789540069.298683140] [state_machine_node]: Fine door parking translation: door_blue_1ffb88, dist=0.26m/0.17m, heading_error=44deg, cmd=(0.00, -0.25)
[navigation_node-25] [INFO] [1789540069.299894578] [navigation_node]: Navigation cancellation requested for manual control handoff.
[door_detection_node-24] [INFO] [1789540069.312170744] [door_detection_node]: YOLO handle observed (primary): pixel=(228,124), conf=0.57, bbox=(207, 111, 250, 138)
[door_detection_node-24] [INFO] [1789540069.317460521] [door_detection_node]: Handle camera-ray projection: pixel=(228,124), range=2.064m, z=0.755m
[bt_navigator-16] [ERROR] [1789540069.355826972] [bt_navigator_navigate_to_pose_rclcpp_node]: Failed to get result for follow_path in node halt!
[bt_navigator-16] [INFO] [1789540069.355993226] [bt_navigator]: [navigate_to_pose] [ActionServer] Client requested to cancel the goal. Cancelling.
[bt_navigator-16] [INFO] [1789540069.356113550] [bt_navigator]: Goal canceled
[controller_server-12] [INFO] [1789540069.409864453] [controller_server]: Goal was canceled. Stopping the robot.
[controller_server-12] [INFO] [1789540069.411981586] [controller_server]: [follow_path] [ActionServer] Client requested to cancel the goal. Cancelling.
[state_machine_node-28] [INFO] [1789540070.231570444] [state_machine_node]: Fine door parking translation: door_blue_1ffb88, dist=0.26m/0.17m, heading_error=41deg, cmd=(0.00, -0.25)
[door_detection_node-24] [INFO] [1789540070.445485028] [door_detection_node]: YOLO handle observed (primary): pixel=(208,124), conf=0.57, bbox=(187, 111, 228, 138)
[door_detection_node-24] [INFO] [1789540070.451024103] [door_detection_node]: Handle camera-ray projection: pixel=(208,124), range=2.038m, z=0.755m
[state_machine_node-28] [INFO] [1789540070.462296079] [state_machine_node]: 보조 비상구 관측 저장: door_green_bfde52 (17.9, 0.1)
[state_machine_node-28] [INFO] [1789540070.463217136] [state_machine_node]: 비상구 탐지: door_green_bfde52 (17.9, 0.1)
[door_detection_node-24] [INFO] [1789540070.843475094] [door_detection_node]: HSV handle observed: color=blue, pixel=(226,122), conf=0.16, door_bbox=(198,64,228,174)
[state_machine_node-28] [INFO] [1789540071.218637857] [state_machine_node]: Fine door parking translation: door_blue_1ffb88, dist=0.27m/0.17m, heading_error=36deg, cmd=(0.00, -0.25)
[door_detection_node-24] [INFO] [1789540071.473414175] [door_detection_node]: YOLO handle observed (primary): pixel=(185,124), conf=0.52, bbox=(165, 111, 205, 138)
[door_detection_node-24] [INFO] [1789540071.477623876] [door_detection_node]: Handle camera-ray projection: pixel=(185,124), range=1.973m, z=0.755m
[state_machine_node-28] [INFO] [1789540072.182149388] [state_machine_node]: Fine door parking translation: door_blue_1ffb88, dist=0.27m/0.17m, heading_error=32deg, cmd=(0.00, -0.25)
[door_detection_node-24] [INFO] [1789540072.370477452] [door_detection_node]: HSV handle observed: color=blue, pixel=(190,122), conf=0.16, door_bbox=(165,64,194,176)
[door_detection_node-24] [INFO] [1789540072.658708185] [door_detection_node]: YOLO handle observed (primary): pixel=(162,125), conf=0.63, bbox=(140, 112, 183, 138)
[door_detection_node-24] [INFO] [1789540072.664076903] [door_detection_node]: Handle camera-ray projection: pixel=(162,125), range=2.107m, z=0.744m
[state_machine_node-28] [INFO] [1789540073.213921788] [state_machine_node]: Fine door parking translation: door_blue_1ffb88, dist=0.27m/0.17m, heading_error=28deg, cmd=(0.07, -0.14)
[door_detection_node-24] [INFO] [1789540073.769710170] [door_detection_node]: YOLO handle observed (primary): pixel=(138,124), conf=0.58, bbox=(117, 111, 159, 138)
[door_detection_node-24] [INFO] [1789540073.774041097] [door_detection_node]: Handle camera-ray projection: pixel=(138,124), range=2.069m, z=0.754m
[door_detection_node-24] [INFO] [1789540074.135088759] [door_detection_node]: HSV handle observed: color=blue, pixel=(164,122), conf=0.16, door_bbox=(137,64,166,174)
[state_machine_node-28] [INFO] [1789540074.148168683] [state_machine_node]: 보조 비상구 관측 저장: door_green_f5568a (17.9, 0.0)
[state_machine_node-28] [INFO] [1789540074.291699311] [state_machine_node]: Fine door parking translation: door_blue_1ffb88, dist=0.24m/0.17m, heading_error=29deg, cmd=(0.00, -0.25)
[door_detection_node-24] [INFO] [1789540074.790387627] [door_detection_node]: YOLO handle observed (primary): pixel=(123,124), conf=0.41, bbox=(101, 111, 145, 137)
[door_detection_node-24] [INFO] [1789540074.793951224] [door_detection_node]: Handle camera-ray projection: pixel=(123,124), range=2.034m, z=0.755m
[state_machine_node-28] [INFO] [1789540075.242274356] [state_machine_node]: Fine door parking translation: door_blue_1ffb88, dist=0.24m/0.17m, heading_error=25deg, cmd=(0.07, -0.14)
[door_detection_node-24] [INFO] [1789540075.749717239] [door_detection_node]: HSV handle observed: color=blue, pixel=(136,122), conf=0.15, door_bbox=(108,63,140,173)
[door_detection_node-24] [INFO] [1789540076.059505559] [door_detection_node]: YOLO handle observed (primary): pixel=(105,125), conf=0.50, bbox=(82, 111, 128, 139)
[door_detection_node-24] [INFO] [1789540076.065444947] [door_detection_node]: Handle camera-ray projection: pixel=(105,125), range=1.989m, z=0.748m
[state_machine_node-28] [INFO] [1789540076.211536838] [state_machine_node]: Fine door parking translation: door_blue_1ffb88, dist=0.21m/0.17m, heading_error=26deg, cmd=(0.07, -0.14)
[door_detection_node-24] [INFO] [1789540077.068048858] [door_detection_node]: YOLO handle observed (primary): pixel=(86,126), conf=0.62, bbox=(62, 112, 111, 140)
[door_detection_node-24] [INFO] [1789540077.074272652] [door_detection_node]: Handle camera-ray projection: pixel=(86,126), range=2.040m, z=0.739m
[state_machine_node-28] [INFO] [1789540077.180634339] [state_machine_node]: Fine door parking translation: door_blue_1ffb88, dist=0.18m/0.17m, heading_error=28deg, cmd=(0.00, -0.25)
[door_detection_node-24] [INFO] [1789540077.440626026] [door_detection_node]: HSV handle observed: color=blue, pixel=(116,122), conf=0.15, door_bbox=(90,64,120,176)
[door_detection_node-24] [INFO] [1789540078.112669410] [door_detection_node]: YOLO handle observed (primary): pixel=(68,126), conf=0.65, bbox=(42, 109, 95, 143)
[door_detection_node-24] [INFO] [1789540078.118005380] [door_detection_node]: Handle camera-ray projection: pixel=(68,126), range=1.966m, z=0.742m
[state_machine_node-28] [INFO] [1789540078.217579717] [state_machine_node]: Fine door parking translation: door_blue_1ffb88, dist=0.18m/0.17m, heading_error=25deg, cmd=(0.07, -0.14)
[door_detection_node-24] [INFO] [1789540079.039575414] [door_detection_node]: HSV handle observed: color=blue, pixel=(88,121), conf=0.14, door_bbox=(59,61,92,180)
[door_detection_node-24] [INFO] [1789540079.165113781] [door_detection_node]: YOLO handle observed (primary): pixel=(49,126), conf=0.63, bbox=(25, 112, 73, 140)
[door_detection_node-24] [INFO] [1789540079.168838342] [door_detection_node]: Handle camera-ray projection: pixel=(49,126), range=1.954m, z=0.744m
[state_machine_node-28] [INFO] [1789540079.264675968] [state_machine_node]: Fine door final yaw alignment: door_blue_1ffb88, dist=0.15m/0.17m, yaw_error=33deg, cmd=(0.00, -0.25)
[state_machine_node-28] [INFO] [1789540080.198982592] [state_machine_node]: Fine door final yaw alignment: door_blue_1ffb88, dist=0.15m/0.17m, yaw_error=29deg, cmd=(0.00, -0.25)
[door_detection_node-24] [INFO] [1789540080.365031758] [door_detection_node]: YOLO handle observed (primary): pixel=(21,128), conf=0.56, bbox=(0, 112, 42, 145)
[door_detection_node-24] [INFO] [1789540080.369369391] [door_detection_node]: Handle camera-ray projection: pixel=(21,128), range=1.896m, z=0.733m
[door_detection_node-24] [INFO] [1789540080.762715798] [door_detection_node]: HSV handle observed: color=blue, pixel=(53,122), conf=0.17, door_bbox=(20,56,57,183)
[state_machine_node-28] [INFO] [1789540081.227271513] [state_machine_node]: Fine door final yaw alignment: door_blue_1ffb88, dist=0.15m/0.17m, yaw_error=24deg, cmd=(0.00, -0.25)
[state_machine_node-28] [INFO] [1789540082.212835075] [state_machine_node]: Fine door final yaw alignment: door_blue_1ffb88, dist=0.15m/0.17m, yaw_error=19deg, cmd=(0.00, -0.25)
[state_machine_node-28] [INFO] [1789540083.212578909] [state_machine_node]: Fine door final yaw alignment: door_blue_1ffb88, dist=0.15m/0.17m, yaw_error=13deg, cmd=(0.00, -0.17)
[door_detection_node-24] [INFO] [1789540084.099733458] [door_detection_node]: YOLO handle observed (primary): pixel=(266,128), conf=0.71, bbox=(237, 111, 294, 145)
[door_detection_node-24] [INFO] [1789540084.103632061] [door_detection_node]: Handle camera-ray projection: pixel=(266,128), range=1.652m, z=0.738m
[state_machine_node-28] [INFO] [1789540084.263777258] [state_machine_node]: Fine door approach accepted for manipulation verification: door_blue_1ffb88, dist=0.15m/0.24m, lateral=0.05m/0.18m, yaw_error=9deg/10deg.
[state_machine_node-28] [INFO] [1789540084.264258044] [state_machine_node]: 문 앞 정렬 완료. 2.8s 정지 후 개방합니다.
[door_detection_node-24] [INFO] [1789540085.961728936] [door_detection_node]: YOLO handle observed (primary): pixel=(257,128), conf=0.52, bbox=(232, 112, 282, 143)
[door_detection_node-24] [INFO] [1789540085.965653835] [door_detection_node]: Handle camera-ray projection: pixel=(257,128), range=1.643m, z=0.737m
[door_detection_node-24] [INFO] [1789540087.419144872] [door_detection_node]: YOLO handle observed (primary): pixel=(257,128), conf=0.52, bbox=(232, 112, 282, 143)
[door_detection_node-24] [INFO] [1789540087.427024643] [door_detection_node]: Handle camera-ray projection: pixel=(257,128), range=1.658m, z=0.737m
[door_detection_node-24] [INFO] [1789540089.000755214] [door_detection_node]: YOLO handle observed (primary): pixel=(257,128), conf=0.52, bbox=(232, 112, 282, 143)
[door_detection_node-24] [INFO] [1789540089.003900446] [door_detection_node]: Handle camera-ray projection: pixel=(257,128), range=1.638m, z=0.737m
[door_detection_node-24] [INFO] [1789540090.611007528] [door_detection_node]: YOLO handle observed (primary): pixel=(257,128), conf=0.52, bbox=(232, 112, 282, 143)
[door_detection_node-24] [INFO] [1789540090.615259208] [door_detection_node]: Handle camera-ray projection: pixel=(257,128), range=1.604m, z=0.738m
[state_machine_node-28] [INFO] [1789540091.428119763] [state_machine_node]: Direct blue target door_blue_1ffb88 will use stable wall-memory handle at (7.9, -1.4); progress_gap=0.19m, dist=0.22m, count=7, conf=0.67.
[state_machine_node-28] [INFO] [1789540091.440847896] [state_machine_node]: Blue candidate door_blue_1503d1 cannot confirm opening: current camera ray is outside the frontal manipulation workspace.
[state_machine_node-28] [WARN] [1789540091.444678212] [state_machine_node]: Fresh blue evidence missing near target door_blue_1ffb88: p=10.76, lat=-1.90, radius=1.45m, max_age=10.0s, min_conf=0.55.
[state_machine_node-28] [WARN] [1789540091.457337714] [state_machine_node]: Fresh blue evidence missing near target door_blue_1ffb88: p=10.76, lat=-1.90, radius=1.45m, max_age=10.0s, min_conf=0.55.
[state_machine_node-28] [WARN] [1789540091.458904418] [state_machine_node]: Pre-exit blue candidate (7.8, -1.3) approach failure will use the stricter exit-tail abandon limit.
[state_machine_node-28] [WARN] [1789540091.460092992] [state_machine_node]: 파란 문 후보 (7.9, -1.4) 문 앞 접근 실패 1/3. projection 기반 좌표가 실제 문과 매칭되지 않아 현재 투영 좌표만 폐기합니다. 누적 문 관측 중심 (7.9, -1.4)으로 복원하고 근접 카메라/LiDAR 재관측 후 다시 접근합니다.
[state_machine_node-28] [WARN] [1789540091.461512439] [state_machine_node]: 문 열기 직전 파란문 재확인 실패: door_blue_1ffb88. 가짜/소실 후보로 보고 다음 관찰을 계속합니다.
[state_machine_node-28] [INFO] [1789540091.462165472] [state_machine_node]: State: NAVIGATING → EXPLORING
[door_detection_node-24] [INFO] [1789540091.953322309] [door_detection_node]: YOLO handle observed (primary): pixel=(257,128), conf=0.52, bbox=(232, 112, 282, 143)
[door_detection_node-24] [INFO] [1789540091.957604264] [door_detection_node]: Handle camera-ray projection: pixel=(257,128), range=1.658m, z=0.737m
[state_machine_node-28] [INFO] [1789540092.326958489] [state_machine_node]: Observed blue cluster (7.9, -1.4) is waiting for fresh blue evidence before another approach retry.
[state_machine_node-28] [INFO] [1789540092.473223733] [state_machine_node]: 문 접근 목표 보정: door_blue_1503d1 handle_axis=(12.16, -1.72) goal_axis=(12.16, -0.80) wall_axis=(12.16, -1.90) yaw=-90deg
[state_machine_node-28] [INFO] [1789540092.475558029] [state_machine_node]: 문 접근 목표 보정: observed_blue_13p8_1p4 handle_axis=(13.78, 1.42) goal_axis=(13.78, 0.80) wall_axis=(13.78, 1.90) yaw=90deg
[state_machine_node-28] [INFO] [1789540092.477432038] [state_machine_node]: 문 접근 목표 보정: observed_blue_15p1_1p9 handle_axis=(15.08, 1.95) goal_axis=(15.08, 0.85) wall_axis=(15.08, 1.95) yaw=90deg
[state_machine_node-28] [INFO] [1789540092.491179973] [state_machine_node]: 문 접근 목표 보정: observed_blue_11p9_m1p9 handle_axis=(11.85, -1.90) goal_axis=(11.85, -0.80) wall_axis=(11.85, -1.90) yaw=-90deg
[state_machine_node-28] [INFO] [1789540092.503283376] [state_machine_node]: 문 접근 목표 보정: observed_blue_10p9_m1p4 handle_axis=(10.91, -1.38) goal_axis=(10.91, -0.80) wall_axis=(10.91, -1.90) yaw=-90deg
[state_machine_node-28] [INFO] [1789540092.524606320] [state_machine_node]: 문 접근 목표 보정: observed_blue_13p8_1p4 handle_axis=(13.78, 1.42) goal_axis=(13.78, 0.80) wall_axis=(13.78, 1.90) yaw=90deg
[state_machine_node-28] [INFO] [1789540092.545433058] [state_machine_node]: 문 접근 목표 보정: observed_blue_15p1_1p9 handle_axis=(15.08, 1.95) goal_axis=(15.08, 0.85) wall_axis=(15.08, 1.95) yaw=90deg
[state_machine_node-28] [INFO] [1789540092.550823024] [state_machine_node]: 문 접근 목표 보정: door_blue_1503d1 handle_axis=(12.16, -1.72) goal_axis=(12.16, -0.80) wall_axis=(12.16, -1.90) yaw=-90deg
[state_machine_node-28] [INFO] [1789540092.553543036] [state_machine_node]: 문 접근 목표 보정: observed_blue_13p8_1p4 handle_axis=(13.78, 1.42) goal_axis=(13.78, 0.80) wall_axis=(13.78, 1.90) yaw=90deg
[state_machine_node-28] [INFO] [1789540092.556192330] [state_machine_node]: 문 접근 목표 보정: observed_blue_15p1_1p9 handle_axis=(15.08, 1.95) goal_axis=(15.08, 0.85) wall_axis=(15.08, 1.95) yaw=90deg
[state_machine_node-28] [WARN] [1789540092.565418022] [state_machine_node]: Blue target observed_blue_13p8_1p4 retained for revisit: stable unopened blue memory must be checked before exit even when it is behind the farthest opened station.
[state_machine_node-28] [INFO] [1789540092.575547901] [state_machine_node]: 문 접근 목표 보정: door_blue_1503d1 handle_axis=(12.16, -1.72) goal_axis=(12.16, -0.80) wall_axis=(12.16, -1.90) yaw=-90deg
[state_machine_node-28] [INFO] [1789540092.576554777] [state_machine_node]: 문 접근 목표 보정: door_blue_1503d1 handle_axis=(12.16, -1.72) goal_axis=(12.16, -0.80) wall_axis=(12.16, -1.90) yaw=-90deg
[state_machine_node-28] [INFO] [1789540092.578215257] [state_machine_node]: LiDAR+camera segment map 사전 스캔 시작: door_blue_1503d1
[door_detection_node-24] [INFO] [1789540093.351258843] [door_detection_node]: YOLO handle observed (primary): pixel=(257,128), conf=0.52, bbox=(232, 112, 282, 143)
[door_detection_node-24] [INFO] [1789540093.355027686] [door_detection_node]: Handle camera-ray projection: pixel=(257,128), range=1.609m, z=0.738m
[state_machine_node-28] [INFO] [1789540093.418010522] [state_machine_node]: 문 접근 목표 보정: door_blue_1503d1 handle_axis=(12.16, -1.72) goal_axis=(12.16, -0.80) wall_axis=(12.16, -1.90) yaw=-90deg
[state_machine_node-28] [INFO] [1789540093.420954374] [state_machine_node]: 문 접근 목표 보정: observed_blue_13p8_1p4 handle_axis=(13.78, 1.42) goal_axis=(13.78, 0.80) wall_axis=(13.78, 1.90) yaw=90deg
[state_machine_node-28] [INFO] [1789540093.423595287] [state_machine_node]: 문 접근 목표 보정: observed_blue_15p1_1p9 handle_axis=(15.08, 1.95) goal_axis=(15.08, 0.85) wall_axis=(15.08, 1.95) yaw=90deg
[state_machine_node-28] [INFO] [1789540094.324145308] [state_machine_node]: 문 접근 목표 보정: door_blue_1503d1 handle_axis=(12.12, -1.69) goal_axis=(12.12, -0.80) wall_axis=(12.12, -1.90) yaw=-90deg
[state_machine_node-28] [INFO] [1789540094.327570997] [state_machine_node]: 문 접근 목표 보정: observed_blue_13p8_1p4 handle_axis=(13.78, 1.42) goal_axis=(13.78, 0.80) wall_axis=(13.78, 1.90) yaw=90deg
[state_machine_node-28] [INFO] [1789540094.330768816] [state_machine_node]: 문 접근 목표 보정: observed_blue_15p1_1p9 handle_axis=(15.08, 1.95) goal_axis=(15.08, 0.85) wall_axis=(15.08, 1.95) yaw=90deg
[door_detection_node-24] [INFO] [1789540094.840814900] [door_detection_node]: YOLO handle observed (primary): pixel=(257,128), conf=0.52, bbox=(232, 112, 282, 143)
[door_detection_node-24] [INFO] [1789540094.846162975] [door_detection_node]: Handle camera-ray projection: pixel=(257,128), range=1.616m, z=0.738m
[state_machine_node-28] [INFO] [1789540095.243576320] [state_machine_node]: 문 접근 목표 보정: door_blue_1503d1 handle_axis=(12.13, -1.69) goal_axis=(12.13, -0.80) wall_axis=(12.13, -1.90) yaw=-90deg
[state_machine_node-28] [INFO] [1789540095.247118927] [state_machine_node]: 문 접근 목표 보정: observed_blue_13p8_1p4 handle_axis=(13.78, 1.42) goal_axis=(13.78, 0.80) wall_axis=(13.78, 1.90) yaw=90deg
[state_machine_node-28] [INFO] [1789540095.250664051] [state_machine_node]: 문 접근 목표 보정: observed_blue_15p1_1p9 handle_axis=(15.08, 1.95) goal_axis=(15.08, 0.85) wall_axis=(15.08, 1.95) yaw=90deg
[state_machine_node-28] [INFO] [1789540095.255016226] [state_machine_node]: 사전 스캔 완료. Nav2가 segment map 기반 경로를 계획합니다: door_blue_1503d1
[state_machine_node-28] [INFO] [1789540095.288605579] [state_machine_node]: Locked blue target after pre-scan: door_blue_1503d1 opened=1 retry=0/2
[state_machine_node-28] [INFO] [1789540095.289632837] [state_machine_node]: State: EXPLORING → NAVIGATING
[navigation_node-25] [INFO] [1789540095.292266696] [navigation_node]: Navigation goal received: door door_blue_1503d1 (color=blue, frame=map, x=9.16, y=-0.80)
[bt_navigator-16] [INFO] [1789540096.112979696] [bt_navigator]: Begin navigating from current location (7.78, -0.80) to (9.16, -0.80)
[navigation_node-25] [INFO] [1789540096.117098965] [navigation_node]: Navigation goal accepted by Nav2
[controller_server-12] [INFO] [1789540096.317187973] [controller_server]: Received a goal, begin computing control effort.
[door_detection_node-24] [INFO] [1789540096.381550654] [door_detection_node]: YOLO handle observed (primary): pixel=(257,128), conf=0.52, bbox=(232, 112, 282, 143)
[door_detection_node-24] [INFO] [1789540096.384477389] [door_detection_node]: Handle camera-ray projection: pixel=(257,128), range=1.647m, z=0.737m
[controller_server-12] [INFO] [1789540097.692753413] [controller_server]: Passing new path to controller.
[controller_server-12] [INFO] [1789540098.942773464] [controller_server]: Passing new path to controller.
[door_detection_node-24] [INFO] [1789540099.241541005] [door_detection_node]: YOLO handle observed (primary): pixel=(24,129), conf=0.64, bbox=(0, 111, 47, 147)
[door_detection_node-24] [INFO] [1789540099.249360387] [door_detection_node]: Handle camera-ray projection: pixel=(24,129), range=1.775m, z=0.730m
[door_detection_node-24] [INFO] [1789540099.559533184] [door_detection_node]: HSV handle observed: color=blue, pixel=(76,122), conf=0.15, door_bbox=(45,61,79,180)
[door_detection_node-24] [INFO] [1789540100.273404677] [door_detection_node]: YOLO handle observed (primary): pixel=(57,126), conf=0.63, bbox=(33, 112, 81, 141)
[door_detection_node-24] [INFO] [1789540100.279524678] [door_detection_node]: Handle camera-ray projection: pixel=(57,126), range=1.841m, z=0.746m
[controller_server-12] [INFO] [1789540100.317807562] [controller_server]: Passing new path to controller.
[door_detection_node-24] [INFO] [1789540101.125391996] [door_detection_node]: HSV handle observed: color=blue, pixel=(119,122), conf=0.14, door_bbox=(90,63,123,177)
[door_detection_node-24] [INFO] [1789540101.394022831] [door_detection_node]: YOLO handle observed (primary): pixel=(85,126), conf=0.58, bbox=(62, 112, 108, 140)
[door_detection_node-24] [INFO] [1789540101.398948424] [door_detection_node]: Handle camera-ray projection: pixel=(85,126), range=1.860m, z=0.744m
[controller_server-12] [INFO] [1789540101.442785384] [controller_server]: Passing new path to controller.
[door_detection_node-24] [INFO] [1789540102.449777871] [door_detection_node]: YOLO handle observed (primary): pixel=(122,126), conf=0.55, bbox=(100, 111, 144, 140)
[door_detection_node-24] [INFO] [1789540102.453077290] [door_detection_node]: Handle camera-ray projection: pixel=(122,126), range=1.758m, z=0.745m
[controller_server-12] [INFO] [1789540102.700276566] [controller_server]: Passing new path to controller.
[door_detection_node-24] [INFO] [1789540102.741054622] [door_detection_node]: HSV handle observed: color=blue, pixel=(155,122), conf=0.18, door_bbox=(129,65,157,172)
[state_machine_node-28] [INFO] [1789540102.754118542] [state_machine_node]: 보조 비상구 관측 저장: door_green_f5568a (17.9, -0.0)
[door_detection_node-24] [INFO] [1789540103.494210120] [door_detection_node]: YOLO handle observed (primary): pixel=(142,126), conf=0.66, bbox=(117, 111, 168, 142)
[door_detection_node-24] [INFO] [1789540103.498230803] [door_detection_node]: Handle camera-ray projection: pixel=(142,126), range=1.714m, z=0.745m
[controller_server-12] [INFO] [1789540103.942760432] [controller_server]: Passing new path to controller.
[door_detection_node-24] [INFO] [1789540104.316640809] [door_detection_node]: HSV handle observed: color=blue, pixel=(188,122), conf=0.16, door_bbox=(161,65,192,173)
[state_machine_node-28] [INFO] [1789540104.566025323] [state_machine_node]: Nav2 goal cancellation requested before blue door start center recovery.
[navigation_node-25] [INFO] [1789540104.566175109] [navigation_node]: Navigation cancellation requested for manual control handoff.
[state_machine_node-28] [WARN] [1789540104.568909180] [state_machine_node]: Nav2 시작점이 벽/장애물 costmap에 가까워 예외 미세 후진 후 전진 중앙 복귀를 시작합니다: lateral_error=-1.00m, cmd=(-0.05, 0.00)
[door_detection_node-24] [INFO] [1789540104.614578865] [door_detection_node]: YOLO handle observed (primary): pixel=(170,128), conf=0.73, bbox=(144, 114, 195, 141)
[door_detection_node-24] [INFO] [1789540104.620212881] [door_detection_node]: Handle camera-ray projection: pixel=(170,128), range=1.581m, z=0.735m
[bt_navigator-16] [ERROR] [1789540104.636674635] [bt_navigator_navigate_to_pose_rclcpp_node]: Failed to get result for follow_path in node halt!
[bt_navigator-16] [INFO] [1789540104.637789583] [bt_navigator]: [navigate_to_pose] [ActionServer] Client requested to cancel the goal. Cancelling.
[bt_navigator-16] [INFO] [1789540104.638681396] [bt_navigator]: Goal canceled
[controller_server-12] [INFO] [1789540104.694157777] [controller_server]: Goal was canceled. Stopping the robot.
[controller_server-12] [INFO] [1789540104.694234040] [controller_server]: [follow_path] [ActionServer] Client requested to cancel the goal. Cancelling.
[state_machine_node-28] [WARN] [1789540105.482436383] [state_machine_node]: Nav2 시작 위치 복구 예외 후진 중: lateral_error=-1.00m, cmd=(-0.05, 0.00)
[door_detection_node-24] [INFO] [1789540105.886834579] [door_detection_node]: HSV handle observed: color=blue, pixel=(204,121), conf=0.21, door_bbox=(177,64,208,174)
[state_machine_node-28] [INFO] [1789540106.455396507] [state_machine_node]: Nav2 goal cancellation requested before blue door start center recovery.
[state_machine_node-28] [WARN] [1789540106.457000233] [state_machine_node]: Nav2 시작 위치가 벽/측면에 가까워 직접 중앙 복귀 중: lateral_error=-0.99m, target_abs=0.75m, yaw_error=116deg, cmd=(0.00, 0.40)
[door_detection_node-24] [INFO] [1789540106.564293284] [door_detection_node]: YOLO handle observed (primary): pixel=(189,129), conf=0.68, bbox=(162, 113, 216, 145)
[door_detection_node-24] [INFO] [1789540106.569478957] [door_detection_node]: Handle camera-ray projection: pixel=(189,129), range=1.605m, z=0.728m
[state_machine_node-28] [INFO] [1789540106.578364437] [state_machine_node]: 보조 비상구 관측 저장: door_green_cb1dfc (17.9, 0.1)
[door_detection_node-24] [INFO] [1789540107.425878003] [door_detection_node]: HSV handle observed: color=blue, pixel=(236,122), conf=0.17, door_bbox=(205,63,238,175)
[state_machine_node-28] [INFO] [1789540108.330670377] [state_machine_node]: Nav2 goal cancellation requested before blue door start center recovery.
[state_machine_node-28] [WARN] [1789540108.332007350] [state_machine_node]: Nav2 시작 위치가 벽/측면에 가까워 직접 중앙 복귀 중: lateral_error=-1.01m, target_abs=0.75m, yaw_error=98deg, cmd=(0.00, 0.40)
[door_detection_node-24] [INFO] [1789540109.692696151] [door_detection_node]: HSV handle observed: color=blue, pixel=(18,122), conf=0.29, door_bbox=(0,56,23,183)
[state_machine_node-28] [INFO] [1789540110.236790259] [state_machine_node]: Nav2 goal cancellation requested before blue door start center recovery.
[state_machine_node-28] [WARN] [1789540110.237914040] [state_machine_node]: Nav2 시작 위치가 벽/측면에 가까워 직접 중앙 복귀 중: lateral_error=-1.06m, target_abs=0.75m, yaw_error=79deg, cmd=(0.00, 0.40)
[door_detection_node-24] [INFO] [1789540110.797965267] [door_detection_node]: YOLO handle observed (primary): pixel=(30,130), conf=0.62, bbox=(0, 114, 59, 147)
[door_detection_node-24] [INFO] [1789540110.804383638] [door_detection_node]: Handle camera-ray projection: pixel=(30,130), range=1.911m, z=0.718m
[door_detection_node-24] [INFO] [1789540111.583041382] [door_detection_node]: HSV handle observed: color=blue, pixel=(107,122), conf=0.14, door_bbox=(77,62,111,176)
[state_machine_node-28] [INFO] [1789540112.170817872] [state_machine_node]: Nav2 goal cancellation requested before blue door start center recovery.
[state_machine_node-28] [WARN] [1789540112.171898772] [state_machine_node]: Nav2 시작 위치가 벽/측면에 가까워 직접 중앙 복귀 중: lateral_error=-1.08m, target_abs=0.75m, yaw_error=62deg, cmd=(0.00, 0.40)
[door_detection_node-24] [INFO] [1789540112.245201765] [door_detection_node]: YOLO handle observed (primary): pixel=(105,128), conf=0.65, bbox=(79, 115, 131, 142)
[door_detection_node-24] [INFO] [1789540112.248664693] [door_detection_node]: Handle camera-ray projection: pixel=(105,128), range=1.868m, z=0.727m
[state_machine_node-28] [INFO] [1789540112.570125295] [state_machine_node]: 보조 비상구 관측 저장: door_green_d43b57 (17.9, -0.1)
[door_detection_node-24] [INFO] [1789540113.571826413] [door_detection_node]: HSV handle observed: color=blue, pixel=(172,122), conf=0.17, door_bbox=(145,66,176,171)
[door_detection_node-24] [INFO] [1789540113.925178967] [door_detection_node]: YOLO handle observed (primary): pixel=(166,130), conf=0.69, bbox=(139, 114, 194, 146)
[door_detection_node-24] [INFO] [1789540113.931178835] [door_detection_node]: Handle camera-ray projection: pixel=(166,130), range=1.632m, z=0.719m
[state_machine_node-28] [INFO] [1789540114.124710925] [state_machine_node]: Nav2 goal cancellation requested before blue door start center recovery.
[state_machine_node-28] [WARN] [1789540114.125608631] [state_machine_node]: Nav2 시작 위치가 벽/측면에 가까워 직접 중앙 복귀 중: lateral_error=-1.09m, target_abs=0.75m, yaw_error=48deg, cmd=(0.00, 0.40)
[door_detection_node-24] [INFO] [1789540115.462401377] [door_detection_node]: HSV handle observed: color=red, pixel=(148,122), conf=0.01, door_bbox=(110,45,164,196)
[door_detection_node-24] [INFO] [1789540116.115293288] [door_detection_node]: YOLO handle observed (primary): pixel=(222,128), conf=0.70, bbox=(196, 115, 249, 140)
[door_detection_node-24] [INFO] [1789540116.120398422] [door_detection_node]: Handle camera-ray projection: pixel=(222,128), range=1.599m, z=0.736m
[state_machine_node-28] [INFO] [1789540116.258433828] [state_machine_node]: Nav2 goal cancellation requested before blue door start center recovery.
[state_machine_node-28] [WARN] [1789540116.259647088] [state_machine_node]: Nav2 시작 위치가 벽/측면에 가까워 직접 중앙 복귀 중: lateral_error=-1.09m, target_abs=0.75m, yaw_error=34deg, cmd=(0.00, 0.40)
[door_detection_node-24] [INFO] [1789540116.886840123] [door_detection_node]: HSV handle observed: color=blue, pixel=(266,122), conf=0.16, door_bbox=(236,62,270,175)
[state_machine_node-28] [INFO] [1789540117.443027543] [state_machine_node]: Nav2 goal cancellation requested before blue door start center recovery.
[state_machine_node-28] [WARN] [1789540117.445457413] [state_machine_node]: Nav2 시작 위치가 벽/측면에 가까워 직접 중앙 복귀 중: lateral_error=-1.09m, target_abs=0.75m, yaw_error=26deg, cmd=(0.13, 0.37)
[door_detection_node-24] [INFO] [1789540117.937707164] [door_detection_node]: YOLO handle observed (primary): pixel=(307,122), conf=0.32, bbox=(294, 113, 320, 130)
[door_detection_node-24] [INFO] [1789540117.943085215] [door_detection_node]: Handle camera-ray projection: pixel=(307,122), range=5.498m, z=0.749m
[state_machine_node-28] [INFO] [1789540117.952638924] [state_machine_node]: 파란 문 door_blue_df7a1e handle 제외: door_pose와 진행축 차이가 큼 handle_axis=(15.60, 1.89), pose_axis=(14.00, 1.27), max_delta=1.60m
[state_machine_node-28] [INFO] [1789540117.955332270] [state_machine_node]: Blue candidate door_blue_df7a1e recorded from the observed wall-side handle ray because the door-body depth conflicts with the wall station (progress_delta=1.60m).
[door_detection_node-24] [INFO] [1789540118.852345128] [door_detection_node]: HSV handle observed: color=red, pixel=(244,122), conf=0.01, door_bbox=(204,33,263,207)
[state_machine_node-28] [INFO] [1789540119.430530258] [state_machine_node]: Nav2 goal cancellation requested before blue door start center recovery.
[state_machine_node-28] [WARN] [1789540119.431731912] [state_machine_node]: Nav2 시작 위치가 벽/측면에 가까워 직접 중앙 복귀 중: lateral_error=-0.98m, target_abs=0.75m, yaw_error=13deg, cmd=(0.13, 0.18)
[door_detection_node-24] [INFO] [1789540120.302627272] [door_detection_node]: HSV handle observed: color=red, pixel=(280,122), conf=0.01, door_bbox=(234,27,302,208)
[state_machine_node-28] [INFO] [1789540121.226246700] [state_machine_node]: Nav2 goal cancellation requested before blue door start center recovery.
[state_machine_node-28] [WARN] [1789540121.227162289] [state_machine_node]: Nav2 시작 위치가 벽/측면에 가까워 직접 중앙 복귀 중: lateral_error=-0.85m, target_abs=0.75m, yaw_error=6deg, cmd=(0.13, 0.08)
[door_detection_node-24] [INFO] [1789540121.892463450] [door_detection_node]: HSV handle observed: color=red, pixel=(300,122), conf=0.01, door_bbox=(252,18,320,222)
[state_machine_node-28] [WARN] [1789540123.104734084] [state_machine_node]: Blue door Nav2 start pose recovered near center: lateral=-0.72m, target=0.75m. Resending door_blue_1503d1.
[navigation_node-25] [INFO] [1789540123.106200429] [navigation_node]: Navigation goal received: door door_blue_1503d1 (color=blue, frame=map, x=9.16, y=-0.80)
[door_detection_node-24] [INFO] [1789540123.433552548] [door_detection_node]: HSV handle observed: color=red, pixel=(306,123), conf=0.02, door_bbox=(258,16,320,226)
[bt_navigator-16] [INFO] [1789540123.912279288] [bt_navigator]: Begin navigating from current location (8.09, -0.68) to (9.16, -0.80)
[navigation_node-25] [INFO] [1789540123.914615212] [navigation_node]: Navigation goal accepted by Nav2
[controller_server-12] [INFO] [1789540124.117316597] [controller_server]: Received a goal, begin computing control effort.
[door_detection_node-24] [INFO] [1789540124.916427692] [door_detection_node]: HSV handle observed: color=red, pixel=(286,122), conf=0.01, door_bbox=(240,18,307,218)
[controller_server-12] [INFO] [1789540125.493119200] [controller_server]: Passing new path to controller.
[door_detection_node-24] [INFO] [1789540126.615360205] [door_detection_node]: HSV handle observed: color=red, pixel=(192,122), conf=0.01, door_bbox=(155,31,211,207)
[controller_server-12] [INFO] [1789540126.744171679] [controller_server]: Passing new path to controller.
[controller_server-12] [INFO] [1789540127.993578562] [controller_server]: Passing new path to controller.
[door_detection_node-24] [INFO] [1789540128.065243780] [door_detection_node]: HSV handle observed: color=red, pixel=(140,122), conf=0.01, door_bbox=(104,32,159,202)
[controller_server-12] [INFO] [1789540129.244267175] [controller_server]: Passing new path to controller.
[door_detection_node-24] [INFO] [1789540129.370270469] [door_detection_node]: HSV handle observed: color=blue, pixel=(232,122), conf=0.16, door_bbox=(202,60,235,179)
[door_detection_node-24] [INFO] [1789540130.039713714] [door_detection_node]: YOLO handle observed (primary): pixel=(254,128), conf=0.73, bbox=(223, 113, 286, 143)
[door_detection_node-24] [INFO] [1789540130.044092224] [door_detection_node]: Handle camera-ray projection: pixel=(254,128), range=1.754m, z=0.733m
[door_detection_node-24] [INFO] [1789540130.393693547] [door_detection_node]: HSV handle observed: color=blue, pixel=(208,122), conf=0.15, door_bbox=(180,61,211,181)
[controller_server-12] [INFO] [1789540130.493008517] [controller_server]: Passing new path to controller.
[door_detection_node-24] [INFO] [1789540131.553128885] [door_detection_node]: HSV handle observed: color=blue, pixel=(185,122), conf=0.19, door_bbox=(157,60,189,180)
[state_machine_node-28] [INFO] [1789540131.563577172] [state_machine_node]: 보조 비상구 관측 저장: door_green_d43b57 (18.0, 0.0)
[door_detection_node-24] [INFO] [1789540131.688264887] [door_detection_node]: YOLO handle observed (primary): pixel=(244,128), conf=0.71, bbox=(211, 112, 277, 145)
[door_detection_node-24] [INFO] [1789540131.692114289] [door_detection_node]: Handle camera-ray projection: pixel=(244,128), range=1.723m, z=0.734m
[controller_server-12] [INFO] [1789540131.743019868] [controller_server]: Passing new path to controller.
[controller_server-12] [INFO] [1789540133.118040296] [controller_server]: Passing new path to controller.
[door_detection_node-24] [INFO] [1789540133.421892011] [door_detection_node]: YOLO handle observed (primary): pixel=(210,128), conf=0.74, bbox=(177, 111, 242, 144)
[door_detection_node-24] [INFO] [1789540133.428912371] [door_detection_node]: Handle camera-ray projection: pixel=(210,128), range=1.705m, z=0.732m
[door_detection_node-24] [INFO] [1789540133.781347670] [door_detection_node]: HSV handle observed: color=blue, pixel=(116,122), conf=0.13, door_bbox=(84,53,120,188)
[controller_server-12] [INFO] [1789540134.243356427] [controller_server]: Passing new path to controller.
[door_detection_node-24] [INFO] [1789540134.939762455] [door_detection_node]: YOLO handle observed (primary): pixel=(152,128), conf=0.77, bbox=(118, 111, 185, 144)
[door_detection_node-24] [INFO] [1789540134.944204865] [door_detection_node]: Handle camera-ray projection: pixel=(152,128), range=1.839m, z=0.726m
[controller_server-12] [INFO] [1789540135.618045910] [controller_server]: Passing new path to controller.
[door_detection_node-24] [INFO] [1789540135.871651011] [door_detection_node]: HSV handle observed: color=blue, pixel=(278,122), conf=0.22, door_bbox=(243,42,283,194)
[door_detection_node-24] [INFO] [1789540136.530158176] [door_detection_node]: YOLO handle observed (primary): pixel=(50,128), conf=0.77, bbox=(12, 113, 89, 142)
[door_detection_node-24] [INFO] [1789540136.533210957] [door_detection_node]: Handle camera-ray projection: pixel=(50,128), range=1.765m, z=0.734m
[controller_server-12] [INFO] [1789540136.868015627] [controller_server]: Passing new path to controller.
[door_detection_node-24] [INFO] [1789540137.475088820] [door_detection_node]: HSV handle observed: color=blue, pixel=(192,122), conf=0.16, door_bbox=(158,46,198,190)
[state_machine_node-28] [INFO] [1789540137.572601489] [state_machine_node]: 보조 비상구 관측 저장: door_green_cb1dfc (17.9, 0.1)
[controller_server-12] [INFO] [1789540138.118002062] [controller_server]: Passing new path to controller.
[door_detection_node-24] [INFO] [1789540138.143816953] [door_detection_node]: YOLO handle observed (primary): pixel=(24,132), conf=0.51, bbox=(0, 117, 48, 147)
[door_detection_node-24] [INFO] [1789540138.148575278] [door_detection_node]: Handle camera-ray projection: pixel=(24,132), range=1.553m, z=0.720m
[door_detection_node-24] [INFO] [1789540139.050334805] [door_detection_node]: HSV handle observed: color=blue, pixel=(137,122), conf=0.14, door_bbox=(98,40,141,194)
[controller_server-12] [INFO] [1789540139.368010803] [controller_server]: Passing new path to controller.
[door_detection_node-24] [INFO] [1789540139.694414619] [door_detection_node]: Handle camera-ray projection: pixel=(14,128), range=1.379m, z=0.749m
[state_machine_node-28] [INFO] [1789540140.125946427] [state_machine_node]: Nav2 goal is close enough for fine door alignment: door_blue_1503d1, dist=0.38m/0.38m, lateral=-0.17m/0.24m, yaw_error=45deg.
[state_machine_node-28] [INFO] [1789540140.126616042] [state_machine_node]: Nav2 goal cancellation requested before door fine alignment.
[navigation_node-25] [INFO] [1789540140.127275283] [navigation_node]: Navigation cancellation requested for manual control handoff.
[state_machine_node-28] [INFO] [1789540140.128031369] [state_machine_node]: Fine door approach started: door_blue_1503d1, dist=0.38m, lateral=-0.17m, forward=0.34m, yaw_error=45deg
[state_machine_node-28] [INFO] [1789540140.128730696] [state_machine_node]: Fine door parking translation: door_blue_1503d1, dist=0.38m/0.17m, heading_error=27deg, cmd=(0.07, -0.14)
[bt_navigator-16] [ERROR] [1789540140.234959944] [bt_navigator_navigate_to_pose_rclcpp_node]: Failed to get result for follow_path in node halt!
[bt_navigator-16] [INFO] [1789540140.235220604] [bt_navigator]: [navigate_to_pose] [ActionServer] Client requested to cancel the goal. Cancelling.
[bt_navigator-16] [INFO] [1789540140.235831931] [bt_navigator]: Goal canceled
[controller_server-12] [INFO] [1789540140.243005564] [controller_server]: Goal was canceled. Stopping the robot.
[controller_server-12] [INFO] [1789540140.243142109] [controller_server]: [follow_path] [ActionServer] Client requested to cancel the goal. Cancelling.
[door_detection_node-24] [INFO] [1789540140.745923760] [door_detection_node]: HSV handle observed: color=blue, pixel=(96,122), conf=0.13, door_bbox=(51,38,101,197)
[state_machine_node-28] [INFO] [1789540140.765348783] [state_machine_node]: 보조 비상구 관측 저장: door_green_f86603 (17.9, 0.0)
[state_machine_node-28] [INFO] [1789540141.059840982] [state_machine_node]: Fine door parking translation: door_blue_1503d1, dist=0.34m/0.17m, heading_error=27deg, cmd=(0.07, -0.14)
[state_machine_node-28] [INFO] [1789540142.054701745] [state_machine_node]: Fine door parking translation: door_blue_1503d1, dist=0.31m/0.17m, heading_error=27deg, cmd=(0.07, -0.14)
[door_detection_node-24] [INFO] [1789540142.329205856] [door_detection_node]: HSV handle observed: color=blue, pixel=(72,122), conf=0.16, door_bbox=(28,34,78,202)
[state_machine_node-28] [INFO] [1789540143.003486494] [state_machine_node]: Blue candidate door_blue_1503d1 rejected: handle lateral 2.58m is outside wall band 2.20+0.35m.
[state_machine_node-28] [INFO] [1789540143.006778901] [state_machine_node]: Blue candidate door_blue_1503d1 kept in wall observation memory using its door pose; handle projection is outside the wall band.
[state_machine_node-28] [INFO] [1789540143.040209910] [state_machine_node]: Fine door parking translation: door_blue_1503d1, dist=0.28m/0.17m, heading_error=28deg, cmd=(0.00, -0.25)
[state_machine_node-28] [INFO] [1789540143.166467580] [state_machine_node]: Blue candidate door_blue_f2b145_2 recorded with door-body progress and observed wall side because its direct projection was center-biased or crossed the corridor.
[door_detection_node-24] [INFO] [1789540143.845591853] [door_detection_node]: HSV handle observed: color=blue, pixel=(42,122), conf=0.20, door_bbox=(0,29,49,206)
[state_machine_node-28] [INFO] [1789540143.975057176] [state_machine_node]: Fine door parking translation: door_blue_1503d1, dist=0.27m/0.17m, heading_error=24deg, cmd=(0.07, -0.14)
[state_machine_node-28] [INFO] [1789540144.896861195] [state_machine_node]: Fine door parking translation: door_blue_1503d1, dist=0.24m/0.17m, heading_error=25deg, cmd=(0.07, -0.14)
[door_detection_node-24] [INFO] [1789540145.360607740] [door_detection_node]: HSV handle observed: color=blue, pixel=(10,122), conf=0.51, door_bbox=(0,36,16,208)
[door_detection_node-24] [INFO] [1789540145.366335544] [door_detection_node]: Handle camera-ray projection: pixel=(10,122), range=1.644m, z=0.777m
[state_machine_node-28] [INFO] [1789540145.804522116] [state_machine_node]: Fine door parking translation: door_blue_1503d1, dist=0.21m/0.17m, heading_error=28deg, cmd=(0.07, -0.14)
[state_machine_node-28] [INFO] [1789540146.102983532] [state_machine_node]: Blue candidate door_blue_1503d1 rejected: handle lateral 2.59m is outside wall band 2.20+0.35m.
[state_machine_node-28] [INFO] [1789540146.104088885] [state_machine_node]: Blue candidate door_blue_1503d1 kept in wall observation memory using its door pose; handle projection is outside the wall band.
[state_machine_node-28] [INFO] [1789540146.302269786] [state_machine_node]: Blue candidate door_blue_f2b145_2 recorded with door-body progress and observed wall side because its direct projection was center-biased or crossed the corridor.
[state_machine_node-28] [INFO] [1789540146.755240800] [state_machine_node]: Fine door parking translation: door_blue_1503d1, dist=0.18m/0.17m, heading_error=31deg, cmd=(0.00, -0.25)
[state_machine_node-28] [INFO] [1789540147.758509600] [state_machine_node]: Fine door parking translation: door_blue_1503d1, dist=0.18m/0.17m, heading_error=29deg, cmd=(0.00, -0.25)
[state_machine_node-28] [INFO] [1789540148.678160850] [state_machine_node]: Fine door parking translation: door_blue_1503d1, dist=0.18m/0.17m, heading_error=27deg, cmd=(0.07, -0.14)
[state_machine_node-28] [INFO] [1789540149.274715057] [state_machine_node]: Blue candidate door_blue_1503d1 recorded at camera-ray intersection with the observed corridor wall.
[state_machine_node-28] [INFO] [1789540149.542250139] [state_machine_node]: Blue candidate door_blue_1503d1 rejected: handle lateral 2.72m is outside wall band 2.20+0.35m.
[state_machine_node-28] [INFO] [1789540149.544145685] [state_machine_node]: Blue candidate door_blue_1503d1 recorded with door-body progress and observed wall side because its direct projection was center-biased or crossed the corridor.
[state_machine_node-28] [INFO] [1789540149.641437013] [state_machine_node]: Fine door final yaw alignment: door_blue_1503d1, dist=0.15m/0.17m, yaw_error=11deg, cmd=(0.00, -0.14)
[door_detection_node-24] [INFO] [1789540150.514367535] [door_detection_node]: HSV handle observed: color=blue, pixel=(182,129), conf=0.94, door_bbox=(146,0,320,240)
[door_detection_node-24] [INFO] [1789540150.517754580] [door_detection_node]: Handle camera-ray projection: pixel=(182,129), range=1.024m, z=0.750m
[state_machine_node-28] [INFO] [1789540150.566062449] [state_machine_node]: Fine door approach accepted for manipulation verification: door_blue_1503d1, dist=0.15m/0.24m, lateral=0.08m/0.18m, yaw_error=7deg/10deg.
[state_machine_node-28] [INFO] [1789540150.566860638] [state_machine_node]: 문 앞 정렬 완료. 2.8s 정지 후 개방합니다.
[door_detection_node-24] [INFO] [1789540152.477414509] [door_detection_node]: HSV handle observed: color=blue, pixel=(176,128), conf=0.89, door_bbox=(141,0,320,240)
[door_detection_node-24] [INFO] [1789540152.484294123] [door_detection_node]: Handle camera-ray projection: pixel=(176,128), range=1.043m, z=0.753m
[state_machine_node-28] [INFO] [1789540152.497812485] [state_machine_node]: Blue candidate door_blue_1503d1 recorded at camera-ray intersection with the observed corridor wall.
[door_detection_node-24] [INFO] [1789540153.594993830] [door_detection_node]: HSV handle observed: color=blue, pixel=(176,128), conf=0.89, door_bbox=(141,0,320,240)
[door_detection_node-24] [INFO] [1789540153.599372126] [door_detection_node]: Handle camera-ray projection: pixel=(176,128), range=1.029m, z=0.754m
[door_detection_node-24] [INFO] [1789540155.595608369] [door_detection_node]: HSV handle observed: color=blue, pixel=(176,128), conf=0.89, door_bbox=(141,0,320,240)
[door_detection_node-24] [INFO] [1789540155.601918251] [door_detection_node]: Handle camera-ray projection: pixel=(176,128), range=1.023m, z=0.754m
[state_machine_node-28] [INFO] [1789540155.609297127] [state_machine_node]: Blue candidate door_blue_1503d1 recorded at camera-ray intersection with the observed corridor wall.
[state_machine_node-28] [INFO] [1789540156.187773611] [state_machine_node]: Final handle refreshed from current observation: door_blue_1503d1, method=hsv, point=(9.284,-1.829,0.852)
[state_machine_node-28] [WARN] [1789540156.202834012] [state_machine_node]: Observed blue cluster (7.9, -1.4) fresh retry wait expired; allowing one more mapped-door approach attempt (1/2).
[state_machine_node-28] [INFO] [1789540156.234209256] [state_machine_node]: Direct blue target door_blue_1503d1 will use stable wall-memory handle at (9.3, -2.4); progress_gap=0.01m, dist=0.56m, count=89, conf=1.00.
[state_machine_node-28] [INFO] [1789540156.247586734] [state_machine_node]: Blue target door_blue_1503d1 rejected for direct opening: estimated direct wall projection must be re-promoted through observed map memory or a trusted handle detection before manipulation.
[state_machine_node-28] [INFO] [1789540156.259860240] [state_machine_node]: Live blue confirmation (5.0, -3.6) rejected: same-wall blue observation is inside the opened-door remnant window (opened_progress=6.4m, gap=1.7m, window=2.4m).
[state_machine_node-28] [INFO] [1789540156.263835477] [state_machine_node]: Direct blue target door_blue_1503d1 allowed for opening with an estimated wall handle because the robot is already at the door-front pose and current blue evidence confirms the same station (count=89, conf=1.00).
[state_machine_node-28] [INFO] [1789540156.311432803] [state_machine_node]: Non-blue conflict ignored for door_blue_1503d1: door is already aligned at a live blue opening pose and no strict red/green conflict remains.
[state_machine_node-28] [INFO] [1789540156.311929750] [state_machine_node]: State: NAVIGATING → OPENING_DOOR
[state_machine_node-28] [INFO] [1789540157.154825839] [state_machine_node]: 문 개방 요청 손잡이: id=door_blue_1503d1__axis_p12p28_m1p83, method=hsv, conf=0.89, frame=map, pos=(9.284,-1.829,0.852)
[manipulation_node-26] [INFO] [1789540157.165426539] [manipulation_node]: Open door request: id=door_blue_1503d1__axis_p12p28_m1p83, handle_method=hsv, handle_detected=True, handle_conf=0.89
[manipulation_node-26] [INFO] [1789540157.166154014] [manipulation_node]: Manipulation phase: LOCALIZE_HANDLE:door_blue_1503d1__axis_p12p28_m1p83
[manipulation_node-26] [INFO] [1789540157.167342315] [manipulation_node]: Transformed handle_position map -> base_link: (1.020, -0.070, 0.754)
[manipulation_node-26] [INFO] [1789540157.167882805] [manipulation_node]: Manipulation phase: PRE_GRASP:door_blue_1503d1__axis_p12p28_m1p83
[manipulation_node-26] [INFO] [1789540157.168686209] [manipulation_node]: Step 1/4: Moving to pre-grasp position
[manipulation_node-26] [INFO] [1789540157.194607465] [manipulation_node]:   [SIM] Pre-grasp at (0.900, -0.070, 0.754)
[manipulation_node-26] [INFO] [1789540157.219059312] [manipulation_node]:   [SIM] Arm target stage=pre_grasp: joint1=-0.10, joint2=0.97, joint3=-0.11, joint4=0.00, joint5=0.00, joint6=0.00
[door_detection_node-24] [INFO] [1789540157.769070294] [door_detection_node]: HSV handle observed: color=blue, pixel=(176,128), conf=0.89, door_bbox=(141,0,320,240)
[door_detection_node-24] [INFO] [1789540157.772288985] [door_detection_node]: Handle camera-ray projection: pixel=(176,128), range=1.046m, z=0.753m
[manipulation_node-26] [INFO] [1789540158.277860411] [manipulation_node]: Manipulation phase: GRASP_HANDLE:door_blue_1503d1__axis_p12p28_m1p83
[manipulation_node-26] [INFO] [1789540158.287248070] [manipulation_node]: Step 2/4: Grasping handle
[manipulation_node-26] [INFO] [1789540158.287809867] [manipulation_node]:   [SIM] Gripper closing
[manipulation_node-26] [INFO] [1789540158.295764692] [manipulation_node]:   [SIM] Arm target stage=grasp: joint1=-0.10, joint2=0.97, joint3=-0.11, joint4=0.00, joint5=0.00, joint6=0.00
[door_detection_node-24] [INFO] [1789540158.932727580] [door_detection_node]: HSV handle observed: color=blue, pixel=(176,128), conf=0.89, door_bbox=(141,0,320,240)
[door_detection_node-24] [INFO] [1789540158.936987280] [door_detection_node]: Handle camera-ray projection: pixel=(176,128), range=1.070m, z=0.753m
[state_machine_node-28] [INFO] [1789540158.942016234] [state_machine_node]: Blue candidate door_blue_1503d1 recorded at camera-ray intersection with the observed corridor wall.
[manipulation_node-26] [INFO] [1789540159.367274817] [manipulation_node]: Manipulation phase: PRESS_HANDLE:door_blue_1503d1__axis_p12p28_m1p83
[manipulation_node-26] [INFO] [1789540159.371405045] [manipulation_node]: Step 3/5: Pressing lever handle
[manipulation_node-26] [INFO] [1789540159.399227854] [manipulation_node]:   [SIM] Pressing lever down 0.070m before push
[manipulation_node-26] [INFO] [1789540159.418039214] [manipulation_node]:   [SIM] Arm target stage=press: joint1=-0.10, joint2=1.03, joint3=-0.11, joint4=0.00, joint5=0.00, joint6=0.00
[door_detection_node-24] [INFO] [1789540160.013380454] [door_detection_node]: YOLO handle observed (primary): pixel=(197,214), conf=0.39, bbox=(177, 205, 217, 223)
[door_detection_node-24] [INFO] [1789540160.017886748] [door_detection_node]: Handle camera-ray projection: pixel=(197,214), range=0.992m, z=0.650m
[door_detection_node-24] [INFO] [1789540160.158247698] [door_detection_node]: HSV handle observed: color=blue, pixel=(176,128), conf=0.69, door_bbox=(141,0,320,240)
[manipulation_node-26] [INFO] [1789540160.466757750] [manipulation_node]: Manipulation phase: PUSH_OPEN:door_blue_1503d1__axis_p12p28_m1p83
[manipulation_node-26] [INFO] [1789540160.476186965] [manipulation_node]: Step 4/5: Pushing door open
[manipulation_node-26] [INFO] [1789540160.494931661] [manipulation_node]:   [SIM] Holding the pressed handle while the base opens the hinged Gazebo door 2.09rad
[manipulation_node-26] [INFO] [1789540160.502972654] [manipulation_node]:   [SIM] Arm target stage=push: joint1=-0.10, joint2=0.97, joint3=-0.11, joint4=0.00, joint5=0.00, joint6=0.00
[manipulation_node-26] [INFO] [1789540160.540019311] [manipulation_node]:   [SIM] Matched observed door door_blue_1503d1__axis_p12p28_m1p83 to /fire_robot/door/blue/x900/yn186/sp/cmd (distance=0.02m, score=0.000, source=map_handle, match=(9.28,-1.83))
[manipulation_node-26] [INFO] [1789540160.548433620] [manipulation_node]:   [SIM] Gazebo door topic=/fire_robot/door/blue/x900/yn186/sp/cmd, target_angle=-2.094
[door_detection_node-24] [INFO] [1789540161.066807004] [door_detection_node]: Handle camera-ray projection: pixel=(176,128), range=1.025m, z=0.754m
[door_detection_node-24] [INFO] [1789540162.099609245] [door_detection_node]: YOLO handle observed (primary): pixel=(172,129), conf=0.46, bbox=(120, 97, 224, 161)
[door_detection_node-24] [INFO] [1789540162.105303881] [door_detection_node]: Handle camera-ray projection: pixel=(172,129), range=1.029m, z=0.749m
[state_machine_node-28] [INFO] [1789540162.109737283] [state_machine_node]: Blue candidate door_blue_1503d1 recorded at camera-ray intersection with the observed corridor wall.
[door_detection_node-24] [INFO] [1789540163.121688697] [door_detection_node]: YOLO handle observed (primary): pixel=(214,128), conf=0.68, bbox=(182, 113, 246, 142)
[door_detection_node-24] [INFO] [1789540163.126479455] [door_detection_node]: Handle camera-ray projection: pixel=(214,128), range=1.481m, z=0.740m
[manipulation_node-26] [INFO] [1789540165.217064185] [manipulation_node]:   [SIM] Door model feedback verified: topic=/fire_robot/door/blue/x900/yn186/sp/cmd, model=door_blue2, angle=-2.1000, target=-2.0944
[manipulation_node-26] [INFO] [1789540166.229738023] [manipulation_node]: Manipulation phase: RELEASE_HANDLE:door_blue_1503d1__axis_p12p28_m1p83
[manipulation_node-26] [INFO] [1789540166.236452875] [manipulation_node]: Releasing the lever before arm recovery and base backoff
[manipulation_node-26] [INFO] [1789540167.318466631] [manipulation_node]: Manipulation phase: RETURN_HOME:door_blue_1503d1__axis_p12p28_m1p83
[manipulation_node-26] [INFO] [1789540167.324538902] [manipulation_node]: Step 5/5: Returning to home position
[manipulation_node-26] [INFO] [1789540167.325247850] [manipulation_node]:   [SIM] Returning to home position
[manipulation_node-26] [INFO] [1789540167.341329974] [manipulation_node]:   [SIM] Arm target stage=home: joint1=0.00, joint2=0.00, joint3=0.00, joint4=0.00, joint5=0.00, joint6=0.00
[manipulation_node-26] [INFO] [1789540170.324281313] [manipulation_node]:   [SIM] Arm home verified by joint feedback: max_error=0.069rad
[manipulation_node-26] [INFO] [1789540170.324985461] [manipulation_node]: Manipulation phase: POST_OPEN_BACKOFF:door_blue_1503d1__axis_p12p28_m1p83
[manipulation_node-26] [INFO] [1789540170.325559072] [manipulation_node]: Backing away from opened door with limited micro reverse
[manipulation_node-26] [INFO] [1789540172.604031379] [manipulation_node]: Manipulation phase: COMPLETE:door_blue_1503d1__axis_p12p28_m1p83
[state_machine_node-28] [INFO] [1789540172.624610932] [state_machine_node]: 열린 파란 문 재관측 후보 2개 정리. 다음 목표 선택에서 제외합니다.
[state_machine_node-28] [INFO] [1789540172.625538780] [state_machine_node]: 문 개방 성공: door_blue_1503d1  누적 개방: 2개
[state_machine_node-28] [INFO] [1789540172.626367476] [state_machine_node]: State: OPENING_DOOR → DOOR_OPENED
[state_machine_node-28] [INFO] [1789540173.294596485] [state_machine_node]: 다음 파란 문 탐색 시작 (개방 완료: 2개)
[state_machine_node-28] [INFO] [1789540173.295318706] [state_machine_node]: State: DOOR_OPENED → EXPLORING
[state_machine_node-28] [INFO] [1789540174.214720599] [state_machine_node]: Post-open side retreat started: lateral=-0.77m, target_abs=0.48m.
[state_machine_node-28] [INFO] [1789540174.215835952] [state_machine_node]: Post-open side retreat: lateral=-0.77m, moved=0.00/1.10m, yaw_error=173deg, cmd=(0.00, 0.50)
[state_machine_node-28] [INFO] [1789540176.103386666] [state_machine_node]: Post-open side retreat: lateral=-0.77m, moved=0.00/1.10m, yaw_error=152deg, cmd=(0.00, 0.50)
[door_detection_node-24] [INFO] [1789540176.840312163] [door_detection_node]: HSV handle observed: color=blue, pixel=(30,122), conf=0.24, door_bbox=(0,34,38,205)
[state_machine_node-28] [INFO] [1789540177.057514266] [state_machine_node]: 보조 비상구 관측 저장: door_green_5a62a6 (17.9, 0.0)
[state_machine_node-28] [WARN] [1789540177.058303545] [state_machine_node]: Exit candidate door_green_5a62a6 accepted despite a backward localization progress estimate: robot=12.2m, opened_floor=12.3m, exit=20.9m.
[state_machine_node-28] [INFO] [1789540178.011124928] [state_machine_node]: Post-open side retreat: lateral=-0.77m, moved=0.00/1.10m, yaw_error=134deg, cmd=(0.00, 0.50)
[door_detection_node-24] [INFO] [1789540178.446379147] [door_detection_node]: HSV handle observed: color=blue, pixel=(103,122), conf=0.16, door_bbox=(59,37,108,197)
[state_machine_node-28] [INFO] [1789540179.011772898] [state_machine_node]: Post-open side retreat: lateral=-0.78m, moved=0.00/1.10m, yaw_error=125deg, cmd=(0.00, 0.50)
[door_detection_node-24] [INFO] [1789540180.068517354] [door_detection_node]: HSV handle observed: color=blue, pixel=(168,122), conf=0.15, door_bbox=(130,43,174,190)
[state_machine_node-28] [INFO] [1789540180.953516817] [state_machine_node]: Post-open side retreat: lateral=-0.80m, moved=0.00/1.10m, yaw_error=105deg, cmd=(0.00, 0.50)
[door_detection_node-24] [INFO] [1789540181.600624487] [door_detection_node]: YOLO handle observed (primary): pixel=(246,122), conf=0.34, bbox=(233, 114, 260, 131)
[door_detection_node-24] [INFO] [1789540181.606779083] [door_detection_node]: Handle camera-ray projection: pixel=(246,122), range=1.532m, z=0.777m
[state_machine_node-28] [INFO] [1789540182.850261994] [state_machine_node]: Post-open side retreat: lateral=-0.85m, moved=0.00/1.10m, yaw_error=81deg, cmd=(0.00, 0.50)
[door_detection_node-24] [INFO] [1789540183.878947712] [door_detection_node]: HSV handle observed: color=blue, pixel=(60,122), conf=0.15, door_bbox=(13,33,67,202)
[state_machine_node-28] [INFO] [1789540184.754335434] [state_machine_node]: Post-open side retreat: lateral=-0.89m, moved=0.00/1.10m, yaw_error=60deg, cmd=(0.00, 0.50)
[door_detection_node-24] [INFO] [1789540184.904098436] [door_detection_node]: HSV handle observed: color=blue, pixel=(108,122), conf=0.17, door_bbox=(68,44,113,194)
[state_machine_node-28] [INFO] [1789540185.907924709] [state_machine_node]: 보조 비상구 관측 저장: door_green_d43b57 (17.9, -0.0)
[state_machine_node-28] [WARN] [1789540185.911823148] [state_machine_node]: Exit candidate door_green_d43b57 accepted despite a backward localization progress estimate: robot=12.2m, opened_floor=12.3m, exit=20.9m.
[state_machine_node-28] [INFO] [1789540186.724252982] [state_machine_node]: Post-open side retreat: lateral=-0.89m, moved=0.00/1.10m, yaw_error=42deg, cmd=(0.00, 0.50)
[door_detection_node-24] [INFO] [1789540186.896248750] [door_detection_node]: HSV handle observed: color=blue, pixel=(184,122), conf=0.15, door_bbox=(147,46,190,187)
[state_machine_node-28] [INFO] [1789540188.627224724] [state_machine_node]: Post-open side retreat: lateral=-0.89m, moved=0.00/1.10m, yaw_error=24deg, cmd=(0.00, 0.50)
[door_detection_node-24] [INFO] [1789540188.668955102] [door_detection_node]: YOLO handle observed (primary): pixel=(266,122), conf=0.54, bbox=(252, 113, 281, 131)
[door_detection_node-24] [INFO] [1789540188.674391985] [door_detection_node]: Handle camera-ray projection: pixel=(266,122), range=1.651m, z=0.776m
[state_machine_node-28] [INFO] [1789540188.967540213] [state_machine_node]: 보조 비상구 관측 저장: door_green_41b70e (17.9, -0.1)
[state_machine_node-28] [WARN] [1789540188.972024422] [state_machine_node]: Exit candidate door_green_41b70e accepted despite a backward localization progress estimate: robot=12.2m, opened_floor=12.3m, exit=20.9m.
[state_machine_node-28] [INFO] [1789540190.577197569] [state_machine_node]: Post-open side retreat: lateral=-0.89m, moved=0.00/1.10m, yaw_error=1deg, cmd=(0.18, 0.02)
[door_detection_node-24] [INFO] [1789540190.657768473] [door_detection_node]: HSV handle observed: color=blue, pixel=(53,122), conf=0.16, door_bbox=(3,31,59,204)
[door_detection_node-24] [INFO] [1789540192.256453233] [door_detection_node]: HSV handle observed: color=blue, pixel=(74,122), conf=0.17, door_bbox=(29,33,80,203)
[state_machine_node-28] [INFO] [1789540192.527382584] [state_machine_node]: Post-open side retreat: lateral=-0.73m, moved=0.04/1.10m, yaw_error=0deg, cmd=(0.18, 0.00)
[door_detection_node-24] [INFO] [1789540193.891839013] [door_detection_node]: HSV handle observed: color=blue, pixel=(84,122), conf=0.16, door_bbox=(36,33,91,205)
[state_machine_node-28] [INFO] [1789540194.479253873] [state_machine_node]: Post-open side retreat: lateral=-0.55m, moved=0.22/1.10m, yaw_error=0deg, cmd=(0.18, 0.00)
[state_machine_node-28] [INFO] [1789540195.448602140] [state_machine_node]: Post-open side retreat complete: lateral=0.46m <= target=0.48m
[door_detection_node-24] [INFO] [1789540195.467215953] [door_detection_node]: HSV handle observed: color=blue, pixel=(92,122), conf=0.14, door_bbox=(44,26,100,207)
[state_machine_node-28] [WARN] [1789540195.467712186] [state_machine_node]: Exit candidate door_green_f5568a accepted despite a backward localization progress estimate: robot=12.2m, opened_floor=12.3m, exit=20.9m.
[state_machine_node-28] [INFO] [1789540195.602870888] [state_machine_node]: blue candidate (10.7, -2.2) rejected: same-wall blue observation is inside the opened-door remnant window (opened_progress=12.3m, gap=1.4m, window=2.4m).
[state_machine_node-28] [WARN] [1789540195.611344804] [state_machine_node]: 파란 문 후보 (10.7, -2.2) 포기: opened door remnant projected to a same-wall target station. 불안정/실패 후보로 보고 다음 관찰을 계속합니다.
[state_machine_node-28] [INFO] [1789540195.613137219] [state_machine_node]: 문 접근 목표 보정: door_blue_df7a1e_1 handle_axis=(14.97, 1.86) goal_axis=(14.97, 0.80) wall_axis=(14.97, 1.90) yaw=90deg
[state_machine_node-28] [INFO] [1789540195.631736330] [state_machine_node]: 문 접근 목표 보정: observed_blue_14p5_1p7 handle_axis=(14.48, 1.67) goal_axis=(14.48, 0.80) wall_axis=(14.48, 1.90) yaw=90deg
[state_machine_node-28] [INFO] [1789540195.655833484] [state_machine_node]: 문 접근 목표 보정: observed_blue_15p6_1p9 handle_axis=(15.60, 1.89) goal_axis=(15.60, 0.80) wall_axis=(15.60, 1.90) yaw=90deg
[state_machine_node-28] [INFO] [1789540195.663168931] [state_machine_node]: 문 접근 목표 보정: door_blue_df7a1e_1 handle_axis=(14.97, 1.86) goal_axis=(14.97, 0.80) wall_axis=(14.97, 1.90) yaw=90deg
[state_machine_node-28] [INFO] [1789540195.670442662] [state_machine_node]: 문 접근 목표 보정: door_blue_df7a1e_1 handle_axis=(14.97, 1.86) goal_axis=(14.97, 0.80) wall_axis=(14.97, 1.90) yaw=90deg
[state_machine_node-28] [INFO] [1789540195.671688699] [state_machine_node]: 문 접근 목표 보정: door_blue_df7a1e_1 handle_axis=(14.97, 1.90) goal_axis=(14.97, 0.80) wall_axis=(14.97, 1.90) yaw=90deg
[state_machine_node-28] [INFO] [1789540195.673555724] [state_machine_node]: LiDAR+camera segment map 사전 스캔 시작: door_blue_df7a1e_1
[state_machine_node-28] [INFO] [1789540196.591090891] [state_machine_node]: 문 접근 목표 보정: door_blue_df7a1e_1 handle_axis=(14.97, 1.86) goal_axis=(14.97, 0.80) wall_axis=(14.97, 1.90) yaw=90deg
[door_detection_node-24] [INFO] [1789540197.153830352] [door_detection_node]: HSV handle observed: color=blue, pixel=(94,122), conf=0.17, door_bbox=(47,30,98,206)
[state_machine_node-28] [INFO] [1789540197.540086366] [state_machine_node]: 문 접근 목표 보정: door_blue_df7a1e_1 handle_axis=(14.97, 1.86) goal_axis=(14.97, 0.80) wall_axis=(14.97, 1.90) yaw=90deg
[state_machine_node-28] [WARN] [1789540198.470882982] [state_machine_node]: Exit candidate door_green_f5568a accepted despite a backward localization progress estimate: robot=12.2m, opened_floor=12.3m, exit=20.9m.
[state_machine_node-28] [INFO] [1789540198.483172120] [state_machine_node]: 문 접근 목표 보정: door_blue_df7a1e_1 handle_axis=(14.97, 1.86) goal_axis=(14.97, 0.80) wall_axis=(14.97, 1.90) yaw=90deg
[state_machine_node-28] [INFO] [1789540198.486020481] [state_machine_node]: 사전 스캔 완료. Nav2가 segment map 기반 경로를 계획합니다: door_blue_df7a1e_1
[state_machine_node-28] [WARN] [1789540198.503038290] [state_machine_node]: Pre-exit blue candidate (12.0, 1.9) approach failure will use the stricter exit-tail abandon limit.
[state_machine_node-28] [WARN] [1789540198.503581285] [state_machine_node]: 보류 중이던 파란 문 목표 door_blue_df7a1e_1 제외: direct 파란문 손잡이 검증 실패: direct 파란문 후보의 손잡이가 추정 투영뿐이라 observed 지도 후보 또는 신뢰 가능한 손잡이 검출로 재확정된 뒤에만 개방 가능. 새 관측 후보를 다시 선택합니다.
[state_machine_node-28] [INFO] [1789540198.524499279] [state_machine_node]: Blue candidate door_blue_df7a1e waiting for observed map promotion before navigation: exit-side direct detections with only estimated handle geometry are not used as immediate goals.
[state_machine_node-28] [INFO] [1789540198.582554454] [state_machine_node]: 탐색 waypoint 계획 요청: explore_waypoint_13.0_lat-65 progress=12.99, lateral=-0.65, map=(9.99, -0.65) | 우측 차선 선택 | 전방 좌측 장애물 1.11m (lateral=0.39m) → 우측 차선 우선 | LiDAR lane scores: R:y=-0.65/clear=1.15/score=4.05, L:y=0.65/clear=1.31/score=2.27, C:y=0.00/clear=1.11/score=0.11 | 가까운 장애물 감지, 우회 차선 우선 | 근접 장애물 여유 1.15m, waypoint 전진거리 0.70m로 축소
[state_machine_node-28] [INFO] [1789540198.583361118] [state_machine_node]: State: EXPLORING → EXPLORING_NAVIGATING
[navigation_node-25] [INFO] [1789540198.590633005] [navigation_node]: Navigation goal received: door explore_waypoint_13.0_lat-65 (color=explore, frame=map, x=9.99, y=-0.65)
[door_detection_node-24] [INFO] [1789540198.724909456] [door_detection_node]: HSV handle observed: color=blue, pixel=(94,122), conf=0.17, door_bbox=(47,30,98,206)
[bt_navigator-16] [INFO] [1789540199.454258294] [bt_navigator]: Begin navigating from current location (9.24, -0.46) to (9.99, -0.65)
[state_machine_node-28] [INFO] [1789540199.457806816] [state_machine_node]: 탐색 중 파란 문 후보 평가: door_blue_df7a1e:p=14.72,lat=1.64,d=2.2m,conf=0.74
[navigation_node-25] [INFO] [1789540199.457923995] [navigation_node]: Navigation goal accepted by Nav2
[state_machine_node-28] [INFO] [1789540199.459328682] [state_machine_node]: 문 접근 목표 보정: door_blue_df7a1e handle_axis=(14.84, 1.77) goal_axis=(14.84, 0.80) wall_axis=(14.84, 1.90) yaw=90deg
[state_machine_node-28] [INFO] [1789540199.460379338] [state_machine_node]: 탐색 waypoint 이동 중 파란 문 확인: door_blue_df7a1e. 현재 waypoint를 취소하고 문 접근으로 즉시 전환합니다.
[state_machine_node-28] [INFO] [1789540199.460879711] [state_machine_node]: State: EXPLORING_NAVIGATING → NAVIGATING
[navigation_node-25] [INFO] [1789540199.463968735] [navigation_node]: Navigation goal received: door door_blue_df7a1e (color=blue, frame=map, x=11.84, y=0.80)
[navigation_node-25] [WARN] [1789540199.464837489] [navigation_node]: Already navigating. Preempting current goal without an explicit stop before retargeting to: door_blue_df7a1e
[controller_server-12] [INFO] [1789540199.657239694] [controller_server]: Received a goal, begin computing control effort.
[navigation_node-25] [INFO] [1789540200.276165655] [navigation_node]: Navigation goal accepted by Nav2
[state_machine_node-28] [WARN] [1789540200.331344092] [state_machine_node]: Fine alignment blocked by costmap: occupied, inscribed, unknown or out-of-map approach segment; retaining Nav2/reobservation.
[bt_navigator-16] [INFO] [1789540200.355675720] [bt_navigator]: Received goal preemption request
[bt_navigator-16] [INFO] [1789540200.356078485] [bt_navigator]: Begin navigating from current location (9.24, -0.46) to (11.84, 0.80)
[door_detection_node-24] [INFO] [1789540200.428455788] [door_detection_node]: HSV handle observed: color=blue, pixel=(94,122), conf=0.17, door_bbox=(47,30,98,206)
[controller_server-12] [INFO] [1789540201.034091923] [controller_server]: Passing new path to controller.
[controller_server-12] [INFO] [1789540202.159122850] [controller_server]: Passing new path to controller.
[state_machine_node-28] [WARN] [1789540202.419528525] [state_machine_node]: Fine alignment blocked by costmap: occupied, inscribed, unknown or out-of-map approach segment; retaining Nav2/reobservation.
[controller_server-12] [INFO] [1789540203.534123320] [controller_server]: Passing new path to controller.
[door_detection_node-24] [INFO] [1789540203.860871182] [door_detection_node]: HSV handle observed: color=blue, pixel=(306,122), conf=0.22, door_bbox=(257,27,309,207)
[controller_server-12] [INFO] [1789540204.784126507] [controller_server]: Passing new path to controller.
[door_detection_node-24] [INFO] [1789540205.049477867] [door_detection_node]: YOLO handle observed (primary): pixel=(304,124), conf=0.31, bbox=(288, 112, 320, 135)
[door_detection_node-24] [INFO] [1789540205.053663077] [door_detection_node]: Handle camera-ray projection: pixel=(304,124), range=3.433m, z=0.739m
[state_machine_node-28] [WARN] [1789540205.409319000] [state_machine_node]: Fine alignment blocked by costmap: occupied, inscribed, unknown or out-of-map approach segment; retaining Nav2/reobservation.
[controller_server-12] [INFO] [1789540206.034104857] [controller_server]: Passing new path to controller.
[controller_server-12] [INFO] [1789540207.160302912] [controller_server]: Passing new path to controller.
[state_machine_node-28] [WARN] [1789540207.411024467] [state_machine_node]: Fine alignment blocked by costmap: occupied, inscribed, unknown or out-of-map approach segment; retaining Nav2/reobservation.
[controller_server-12] [INFO] [1789540208.534595612] [controller_server]: Passing new path to controller.
[door_detection_node-24] [INFO] [1789540209.072614351] [door_detection_node]: HSV handle observed: color=red, pixel=(42,122), conf=0.03, door_bbox=(24,46,58,197)
[state_machine_node-28] [WARN] [1789540209.453575535] [state_machine_node]: Fine alignment blocked by costmap: occupied, inscribed, unknown or out-of-map approach segment; retaining Nav2/reobservation.
[controller_server-12] [INFO] [1789540209.784064885] [controller_server]: Passing new path to controller.
[controller_server-12] [INFO] [1789540211.034305478] [controller_server]: Passing new path to controller.
[controller_server-12] [INFO] [1789540212.159127739] [controller_server]: Passing new path to controller.
[controller_server-12] [INFO] [1789540213.536256488] [controller_server]: Passing new path to controller.
[door_detection_node-24] [INFO] [1789540213.859761811] [door_detection_node]: HSV handle observed: color=blue, pixel=(303,124), conf=0.25, door_bbox=(253,0,308,240)
[controller_server-12] [INFO] [1789540214.784098122] [controller_server]: Passing new path to controller.
[door_detection_node-24] [INFO] [1789540215.074684567] [door_detection_node]: HSV handle observed: color=blue, pixel=(279,124), conf=0.24, door_bbox=(232,2,283,240)
[controller_server-12] [INFO] [1789540216.162356632] [controller_server]: Passing new path to controller.
[door_detection_node-24] [INFO] [1789540216.199509008] [door_detection_node]: HSV handle observed: color=blue, pixel=(260,123), conf=0.26, door_bbox=(215,2,262,239)
[door_detection_node-24] [INFO] [1789540217.259577490] [door_detection_node]: HSV handle observed: color=blue, pixel=(240,124), conf=0.24, door_bbox=(191,4,242,238)
[controller_server-12] [INFO] [1789540217.409119608] [controller_server]: Passing new path to controller.
[door_detection_node-24] [INFO] [1789540218.510633339] [door_detection_node]: HSV handle observed: color=blue, pixel=(207,124), conf=0.21, door_bbox=(158,0,210,240)
[controller_server-12] [INFO] [1789540218.659508609] [controller_server]: Passing new path to controller.
[door_detection_node-24] [INFO] [1789540219.523734959] [door_detection_node]: HSV handle observed: color=blue, pixel=(176,124), conf=0.25, door_bbox=(124,0,178,240)
[controller_server-12] [INFO] [1789540220.034109612] [controller_server]: Passing new path to controller.
[door_detection_node-24] [INFO] [1789540220.710954701] [door_detection_node]: HSV handle observed: color=blue, pixel=(134,124), conf=0.26, door_bbox=(71,0,136,240)
[controller_server-12] [INFO] [1789540221.159126377] [controller_server]: Passing new path to controller.
[door_detection_node-24] [INFO] [1789540221.870112094] [door_detection_node]: HSV handle observed: color=blue, pixel=(52,125), conf=0.52, door_bbox=(0,0,55,240)
[door_detection_node-24] [INFO] [1789540221.874172717] [door_detection_node]: Handle camera-ray projection: pixel=(52,125), range=1.851m, z=0.753m
[controller_server-12] [INFO] [1789540222.534062180] [controller_server]: Passing new path to controller.
[state_machine_node-28] [INFO] [1789540223.115070569] [state_machine_node]: 보조 비상구 관측 저장: door_green_18f53c (17.7, 0.1)
[controller_server-12] [INFO] [1789540223.785706013] [controller_server]: Passing new path to controller.
[door_detection_node-24] [INFO] [1789540224.447270342] [door_detection_node]: HSV handle observed: color=blue, pixel=(304,126), conf=0.39, door_bbox=(191,0,314,240)
[controller_server-12] [INFO] [1789540225.161240283] [controller_server]: Passing new path to controller.
[door_detection_node-24] [INFO] [1789540226.017914730] [door_detection_node]: YOLO handle observed (primary): pixel=(273,126), conf=0.40, bbox=(238, 86, 308, 167)
[door_detection_node-24] [INFO] [1789540226.022324092] [door_detection_node]: Handle camera-ray projection: pixel=(273,126), range=1.999m, z=0.743m
[state_machine_node-28] [INFO] [1789540226.242010594] [state_machine_node]: 보조 비상구 관측 저장: door_green_18f53c (17.5, 0.1)
[controller_server-12] [INFO] [1789540226.409182323] [controller_server]: Passing new path to controller.
[controller_server-12] [INFO] [1789540227.659113438] [controller_server]: Passing new path to controller.
[door_detection_node-24] [INFO] [1789540227.729863633] [door_detection_node]: HSV handle observed: color=blue, pixel=(232,128), conf=0.42, door_bbox=(44,0,242,240)
[state_machine_node-28] [INFO] [1789540227.842152280] [state_machine_node]: Blue candidate door_blue_df7a1e rejected: handle lateral 2.69m is outside wall band 2.20+0.35m.
[state_machine_node-28] [INFO] [1789540227.843391198] [state_machine_node]: Blue candidate door_blue_df7a1e kept in wall observation memory using its door pose; handle projection is outside the wall band.
[controller_server-12] [INFO] [1789540228.909114231] [controller_server]: Passing new path to controller.
[state_machine_node-28] [INFO] [1789540229.771959361] [state_machine_node]: Nav2 door goal position is near, but yaw is not ready yet: door_blue_df7a1e, dist=0.37m/0.38m, lateral=0.11m/0.24m, yaw_error=111deg.
[controller_server-12] [INFO] [1789540230.159107883] [controller_server]: Passing new path to controller.
[state_machine_node-28] [INFO] [1789540230.462207694] [state_machine_node]: 보조 비상구 관측 저장: door_green_6a1d9c (17.2, 0.2)
[door_detection_node-24] [INFO] [1789540230.657594952] [door_detection_node]: YOLO handle observed (primary): pixel=(135,130), conf=0.36, bbox=(95, 113, 175, 147)
[door_detection_node-24] [INFO] [1789540230.661683786] [door_detection_node]: Handle camera-ray projection: pixel=(135,130), range=1.202m, z=0.738m
[state_machine_node-28] [INFO] [1789540230.815088129] [state_machine_node]: Nav2 door goal position is near, but yaw is not ready yet: door_blue_df7a1e, dist=0.28m/0.38m, lateral=0.11m/0.24m, yaw_error=111deg.
[controller_server-12] [INFO] [1789540231.409094301] [controller_server]: Passing new path to controller.
[state_machine_node-28] [INFO] [1789540231.779621420] [state_machine_node]: Nav2 goal is close enough for fine door alignment: door_blue_df7a1e, dist=0.22m/0.38m, lateral=0.11m/0.24m, yaw_error=112deg.
[state_machine_node-28] [INFO] [1789540231.781529876] [state_machine_node]: Nav2 goal cancellation requested before door fine alignment.
[navigation_node-25] [INFO] [1789540231.783303097] [navigation_node]: Navigation cancellation requested for manual control handoff.
[state_machine_node-28] [INFO] [1789540231.783471346] [state_machine_node]: Fine door approach started: door_blue_df7a1e, dist=0.22m, lateral=0.11m, forward=0.19m, yaw_error=112deg
[state_machine_node-28] [INFO] [1789540231.784811738] [state_machine_node]: Fine door parking translation: door_blue_df7a1e, dist=0.22m/0.17m, heading_error=32deg, cmd=(0.00, 0.25)
[bt_navigator-16] [ERROR] [1789540231.875520043] [bt_navigator_navigate_to_pose_rclcpp_node]: Failed to get result for follow_path in node halt!
[bt_navigator-16] [INFO] [1789540231.876747164] [bt_navigator]: [navigate_to_pose] [ActionServer] Client requested to cancel the goal. Cancelling.
[bt_navigator-16] [INFO] [1789540231.876930203] [bt_navigator]: Goal canceled
[controller_server-12] [INFO] [1789540231.910095131] [controller_server]: Goal was canceled. Stopping the robot.
[controller_server-12] [INFO] [1789540231.912092242] [controller_server]: [follow_path] [ActionServer] Client requested to cancel the goal. Cancelling.
[state_machine_node-28] [INFO] [1789540232.380909857] [state_machine_node]: Blue candidate door_blue_df7a1e rejected: handle lateral 2.75m is outside wall band 2.20+0.35m.
[state_machine_node-28] [INFO] [1789540232.381560778] [state_machine_node]: Blue candidate door_blue_df7a1e kept in wall observation memory using its door pose; handle projection is outside the wall band.
[state_machine_node-28] [INFO] [1789540232.822314002] [state_machine_node]: Fine door parking translation: door_blue_df7a1e, dist=0.22m/0.17m, heading_error=29deg, cmd=(0.00, 0.25)
[state_machine_node-28] [INFO] [1789540233.817888805] [state_machine_node]: 보조 비상구 관측 저장: door_green_6a1d9c (17.4, 0.1)
[state_machine_node-28] [INFO] [1789540233.859689890] [state_machine_node]: Fine door parking translation: door_blue_df7a1e, dist=0.22m/0.17m, heading_error=26deg, cmd=(0.07, 0.14)
[door_detection_node-24] [INFO] [1789540234.060571916] [door_detection_node]: HSV handle observed: color=blue, pixel=(156,128), conf=0.74, door_bbox=(0,0,178,240)
[door_detection_node-24] [INFO] [1789540234.063585064] [door_detection_node]: Handle camera-ray projection: pixel=(156,128), range=1.386m, z=0.742m
[state_machine_node-28] [INFO] [1789540234.808647334] [state_machine_node]: Fine door parking translation: door_blue_df7a1e, dist=0.19m/0.17m, heading_error=29deg, cmd=(0.00, 0.25)
[state_machine_node-28] [INFO] [1789540235.851097908] [state_machine_node]: Fine door parking translation: door_blue_df7a1e, dist=0.20m/0.17m, heading_error=27deg, cmd=(0.07, 0.14)
[state_machine_node-28] [INFO] [1789540236.768015865] [state_machine_node]: Fine door final yaw alignment: door_blue_df7a1e, dist=0.17m/0.17m, yaw_error=88deg, cmd=(0.00, 0.25)
[state_machine_node-28] [INFO] [1789540237.599928949] [state_machine_node]: 보조 비상구 관측 저장: door_green_86c58c (17.3, 0.1)
[state_machine_node-28] [INFO] [1789540237.755675272] [state_machine_node]: Fine door final yaw alignment: door_blue_df7a1e, dist=0.18m/0.17m, yaw_error=82deg, cmd=(0.00, 0.25)
[state_machine_node-28] [INFO] [1789540238.684262633] [state_machine_node]: Fine door final yaw alignment: door_blue_df7a1e, dist=0.18m/0.17m, yaw_error=76deg, cmd=(0.00, 0.25)
[door_detection_node-24] [INFO] [1789540238.975225911] [door_detection_node]: HSV handle observed: color=blue, pixel=(270,129), conf=0.64, door_bbox=(48,0,299,240)
[door_detection_node-24] [INFO] [1789540238.980595337] [door_detection_node]: Handle camera-ray projection: pixel=(270,129), range=1.386m, z=0.741m
[state_machine_node-28] [INFO] [1789540239.091515977] [state_machine_node]: Blue candidate door_blue_df7a1e recorded at camera-ray intersection with the observed corridor wall.
[state_machine_node-28] [INFO] [1789540239.668357314] [state_machine_node]: Fine door final yaw alignment: door_blue_df7a1e, dist=0.19m/0.17m, yaw_error=71deg, cmd=(0.00, 0.25)
[state_machine_node-28] [INFO] [1789540240.631549999] [state_machine_node]: Fine door final yaw alignment: door_blue_df7a1e, dist=0.20m/0.17m, yaw_error=66deg, cmd=(0.00, 0.25)
[state_machine_node-28] [INFO] [1789540240.790480076] [state_machine_node]: 보조 비상구 관측 저장: door_green_b8ec7b (16.7, 0.2)
[state_machine_node-28] [INFO] [1789540241.578405313] [state_machine_node]: Fine door final yaw alignment: door_blue_df7a1e, dist=0.20m/0.17m, yaw_error=61deg, cmd=(0.00, 0.25)
[state_machine_node-28] [INFO] [1789540242.210682030] [state_machine_node]: Blue candidate door_blue_df7a1e rejected: handle lateral 2.74m is outside wall band 2.20+0.35m.
[state_machine_node-28] [INFO] [1789540242.214627630] [state_machine_node]: Blue candidate door_blue_df7a1e recorded with door-body progress and observed wall side because its direct projection was center-biased or crossed the corridor.
[state_machine_node-28] [INFO] [1789540242.570660396] [state_machine_node]: Fine door final yaw alignment: door_blue_df7a1e, dist=0.20m/0.17m, yaw_error=57deg, cmd=(0.00, 0.25)
[state_machine_node-28] [INFO] [1789540243.619149201] [state_machine_node]: Fine door final yaw alignment: door_blue_df7a1e, dist=0.20m/0.17m, yaw_error=52deg, cmd=(0.00, 0.25)
[door_detection_node-24] [INFO] [1789540244.094035115] [door_detection_node]: YOLO handle observed (primary): pixel=(65,130), conf=0.27, bbox=(29, 115, 101, 144)
[door_detection_node-24] [INFO] [1789540244.099646941] [door_detection_node]: Handle camera-ray projection: pixel=(65,130), range=1.201m, z=0.741m
[state_machine_node-28] [INFO] [1789540244.107501598] [state_machine_node]: Blue candidate door_blue_df7a1e recorded at camera-ray intersection with the observed corridor wall.
[state_machine_node-28] [INFO] [1789540244.520034358] [state_machine_node]: Fine door final yaw alignment: door_blue_df7a1e, dist=0.20m/0.17m, yaw_error=48deg, cmd=(0.00, 0.25)
[door_detection_node-24] [INFO] [1789540245.154158978] [door_detection_node]: YOLO handle observed (primary): pixel=(88,130), conf=0.46, bbox=(50, 114, 125, 145)
[door_detection_node-24] [INFO] [1789540245.160291350] [door_detection_node]: Handle camera-ray projection: pixel=(88,130), range=1.198m, z=0.740m
[state_machine_node-28] [INFO] [1789540245.438026169] [state_machine_node]: Blue candidate door_blue_df7a1e rejected: handle lateral 2.75m is outside wall band 2.20+0.35m.
[state_machine_node-28] [INFO] [1789540245.441388592] [state_machine_node]: Blue candidate door_blue_df7a1e recorded with door-body progress and observed wall side because its direct projection was center-biased or crossed the corridor.
[state_machine_node-28] [INFO] [1789540245.521824267] [state_machine_node]: Fine door final yaw alignment: door_blue_df7a1e, dist=0.20m/0.17m, yaw_error=43deg, cmd=(0.00, 0.25)
[door_detection_node-24] [INFO] [1789540246.340550557] [door_detection_node]: YOLO handle observed (primary): pixel=(114,130), conf=0.42, bbox=(76, 116, 151, 144)
[door_detection_node-24] [INFO] [1789540246.345552816] [door_detection_node]: Handle camera-ray projection: pixel=(114,130), range=1.251m, z=0.737m
[state_machine_node-28] [INFO] [1789540246.502756843] [state_machine_node]: Fine door final yaw alignment: door_blue_df7a1e, dist=0.20m/0.17m, yaw_error=39deg, cmd=(0.00, 0.25)
[door_detection_node-24] [INFO] [1789540247.318758118] [door_detection_node]: HSV handle observed: color=blue, pixel=(124,128), conf=0.81, door_bbox=(0,0,147,240)
[state_machine_node-28] [INFO] [1789540247.332200692] [state_machine_node]: Blue candidate door_blue_df7a1e recorded at camera-ray intersection with the observed corridor wall.
[state_machine_node-28] [INFO] [1789540247.477095729] [state_machine_node]: Fine door final yaw alignment: door_blue_df7a1e, dist=0.20m/0.17m, yaw_error=35deg, cmd=(0.00, 0.25)
[door_detection_node-24] [INFO] [1789540248.316706638] [door_detection_node]: YOLO handle observed (primary): pixel=(160,128), conf=0.64, bbox=(125, 115, 196, 142)
[door_detection_node-24] [INFO] [1789540248.320647520] [door_detection_node]: Handle camera-ray projection: pixel=(160,128), range=1.206m, z=0.748m
[state_machine_node-28] [INFO] [1789540248.419668674] [state_machine_node]: Fine door final yaw alignment: door_blue_df7a1e, dist=0.20m/0.17m, yaw_error=30deg, cmd=(0.00, 0.25)
[state_machine_node-28] [INFO] [1789540249.360667153] [state_machine_node]: Fine door final yaw alignment: door_blue_df7a1e, dist=0.20m/0.17m, yaw_error=25deg, cmd=(0.00, 0.25)
[state_machine_node-28] [INFO] [1789540250.320300491] [state_machine_node]: Fine door final yaw alignment: door_blue_df7a1e, dist=0.19m/0.17m, yaw_error=20deg, cmd=(0.00, 0.25)
[state_machine_node-28] [INFO] [1789540251.231027986] [state_machine_node]: Fine door final yaw alignment: door_blue_df7a1e, dist=0.19m/0.17m, yaw_error=14deg, cmd=(0.00, 0.19)
[door_detection_node-24] [INFO] [1789540251.422464705] [door_detection_node]: YOLO handle observed (primary): pixel=(238,128), conf=0.68, bbox=(191, 109, 286, 148)
[door_detection_node-24] [INFO] [1789540251.426973667] [door_detection_node]: Handle camera-ray projection: pixel=(238,128), range=1.211m, z=0.750m
[state_machine_node-28] [INFO] [1789540251.438372730] [state_machine_node]: Blue candidate door_blue_df7a1e recorded at camera-ray intersection with the observed corridor wall.
[state_machine_node-28] [INFO] [1789540252.159606239] [state_machine_node]: Fine door final yaw alignment: door_blue_df7a1e, dist=0.18m/0.17m, yaw_error=10deg, cmd=(0.00, 0.14)
[door_detection_node-24] [INFO] [1789540252.591497559] [door_detection_node]: YOLO handle observed (primary): pixel=(263,134), conf=0.41, bbox=(216, 112, 310, 156)
[door_detection_node-24] [INFO] [1789540252.596678567] [door_detection_node]: Handle camera-ray projection: pixel=(263,134), range=1.170m, z=0.725m
[state_machine_node-28] [INFO] [1789540253.084884759] [state_machine_node]: Fine door approach accepted for manipulation verification: door_blue_df7a1e, dist=0.18m/0.24m, lateral=0.08m/0.18m, yaw_error=7deg/10deg.
[state_machine_node-28] [INFO] [1789540253.086345896] [state_machine_node]: 문 앞 정렬 완료. 2.8s 정지 후 개방합니다.
[door_detection_node-24] [INFO] [1789540253.615495579] [door_detection_node]: HSV handle observed: color=blue, pixel=(277,128), conf=0.58, door_bbox=(76,0,304,240)
[door_detection_node-24] [INFO] [1789540253.619662731] [door_detection_node]: Handle camera-ray projection: pixel=(277,128), range=1.166m, z=0.753m
[state_machine_node-28] [INFO] [1789540254.592574877] [state_machine_node]: Blue candidate door_blue_df7a1e recorded at camera-ray intersection with the observed corridor wall.
[door_detection_node-24] [INFO] [1789540255.695283255] [door_detection_node]: HSV handle observed: color=blue, pixel=(277,128), conf=0.58, door_bbox=(76,0,304,240)
[door_detection_node-24] [INFO] [1789540255.701596011] [door_detection_node]: Handle camera-ray projection: pixel=(277,128), range=1.212m, z=0.752m
[door_detection_node-24] [INFO] [1789540257.628109968] [door_detection_node]: HSV handle observed: color=blue, pixel=(277,128), conf=0.58, door_bbox=(76,0,304,240)
[door_detection_node-24] [INFO] [1789540257.636168701] [door_detection_node]: Handle camera-ray projection: pixel=(277,128), range=1.149m, z=0.754m
[state_machine_node-28] [INFO] [1789540257.646263425] [state_machine_node]: Blue candidate door_blue_df7a1e recorded at camera-ray intersection with the observed corridor wall.
[state_machine_node-28] [INFO] [1789540258.606919482] [state_machine_node]: Final handle refreshed from current observation: door_blue_df7a1e, method=hsv, point=(12.374,1.763,0.852)
[state_machine_node-28] [INFO] [1789540258.613604965] [state_machine_node]: 문 접근 목표 보정: door_blue_df7a1e handle_axis=(15.37, 1.76) goal_axis=(15.37, 0.80) wall_axis=(15.37, 1.90) yaw=90deg
[navigation_node-25] [INFO] [1789540258.621385281] [navigation_node]: Navigation goal received: door door_blue_df7a1e (color=blue, frame=map, x=12.37, y=0.80)
[door_detection_node-24] [INFO] [1789540258.815791460] [door_detection_node]: HSV handle observed: color=blue, pixel=(277,128), conf=0.58, door_bbox=(76,0,304,240)
[door_detection_node-24] [INFO] [1789540258.820350310] [door_detection_node]: Handle camera-ray projection: pixel=(277,128), range=1.148m, z=0.754m
[bt_navigator-16] [INFO] [1789540259.437917057] [bt_navigator]: Begin navigating from current location (11.74, 0.80) to (12.37, 0.80)
[navigation_node-25] [INFO] [1789540259.441505331] [navigation_node]: Navigation goal accepted by Nav2
[controller_server-12] [INFO] [1789540259.639174954] [controller_server]: Received a goal, begin computing control effort.
[door_detection_node-24] [INFO] [1789540259.889333997] [door_detection_node]: HSV handle observed: color=blue, pixel=(277,128), conf=0.58, door_bbox=(76,0,304,240)
[door_detection_node-24] [INFO] [1789540259.895654028] [door_detection_node]: Handle camera-ray projection: pixel=(277,128), range=1.179m, z=0.753m
[door_detection_node-24] [INFO] [1789540260.846499510] [door_detection_node]: YOLO handle observed (primary): pixel=(258,129), conf=0.69, bbox=(208, 108, 309, 150)
[state_machine_node-28] [INFO] [1789540260.863395359] [state_machine_node]: Blue candidate door_blue_df7a1e recorded at camera-ray intersection with the observed corridor wall.
[controller_server-12] [INFO] [1789540260.889826722] [controller_server]: Passing new path to controller.
[controller_server-12] [INFO] [1789540262.144305109] [controller_server]: Passing new path to controller.
[door_detection_node-24] [INFO] [1789540263.219424368] [door_detection_node]: YOLO handle observed (primary): pixel=(144,130), conf=0.42, bbox=(109, 116, 180, 144)
[door_detection_node-24] [INFO] [1789540263.222888680] [door_detection_node]: Handle camera-ray projection: pixel=(144,130), range=1.169m, z=0.739m
[controller_server-12] [INFO] [1789540263.514792329] [controller_server]: Passing new path to controller.
[state_machine_node-28] [INFO] [1789540264.011763190] [state_machine_node]: Blue candidate door_blue_df7a1e rejected: handle lateral 2.75m is outside wall band 2.20+0.35m.
[state_machine_node-28] [INFO] [1789540264.015972466] [state_machine_node]: Blue candidate door_blue_df7a1e recorded with door-body progress and observed wall side because its direct projection was center-biased or crossed the corridor.
[door_detection_node-24] [INFO] [1789540264.217420739] [door_detection_node]: HSV handle observed: color=blue, pixel=(120,128), conf=0.81, door_bbox=(0,0,143,240)
[state_machine_node-28] [INFO] [1789540264.332301662] [state_machine_node]: Blue candidate door_blue_df7a1e recorded at camera-ray intersection with the observed corridor wall.
[controller_server-12] [INFO] [1789540264.764792748] [controller_server]: Passing new path to controller.
[door_detection_node-24] [INFO] [1789540265.315848444] [door_detection_node]: YOLO handle observed (primary): pixel=(91,130), conf=0.39, bbox=(54, 115, 128, 144)
[door_detection_node-24] [INFO] [1789540265.322416205] [door_detection_node]: Handle camera-ray projection: pixel=(91,130), range=1.218m, z=0.739m
[controller_server-12] [INFO] [1789540266.139831274] [controller_server]: Passing new path to controller.
[controller_server-12] [INFO] [1789540267.392263964] [controller_server]: Passing new path to controller.
[state_machine_node-28] [INFO] [1789540268.581356493] [state_machine_node]: 보조 비상구 관측 저장: door_green_b8ec7b (16.7, 0.3)
[controller_server-12] [INFO] [1789540268.639890295] [controller_server]: Passing new path to controller.
[state_machine_node-28] [INFO] [1789540268.975532303] [state_machine_node]: Nav2 goal cancellation requested before blue door start center recovery.
[navigation_node-25] [INFO] [1789540268.975840463] [navigation_node]: Navigation cancellation requested for manual control handoff.
[state_machine_node-28] [WARN] [1789540268.976432985] [state_machine_node]: Nav2 시작점이 벽/장애물 costmap에 가까워 예외 미세 후진 후 전진 중앙 복귀를 시작합니다: lateral_error=0.99m, cmd=(-0.05, 0.00)
[bt_navigator-16] [ERROR] [1789540269.059188874] [bt_navigator_navigate_to_pose_rclcpp_node]: Failed to get result for follow_path in node halt!
[bt_navigator-16] [INFO] [1789540269.059472085] [bt_navigator]: [navigate_to_pose] [ActionServer] Client requested to cancel the goal. Cancelling.
[bt_navigator-16] [INFO] [1789540269.059809352] [bt_navigator]: Goal canceled
[controller_server-12] [INFO] [1789540269.139789469] [controller_server]: Goal was canceled. Stopping the robot.
[controller_server-12] [INFO] [1789540269.139884714] [controller_server]: [follow_path] [ActionServer] Client requested to cancel the goal. Cancelling.
[state_machine_node-28] [WARN] [1789540269.906315305] [state_machine_node]: Nav2 시작 위치 복구 예외 후진 중: lateral_error=0.99m, cmd=(-0.05, 0.00)
[state_machine_node-28] [INFO] [1789540270.766160823] [state_machine_node]: Nav2 goal cancellation requested before blue door start center recovery.
[state_machine_node-28] [WARN] [1789540270.767792295] [state_machine_node]: Nav2 시작 위치가 벽/측면에 가까워 직접 중앙 복귀 중: lateral_error=0.98m, target_abs=0.75m, yaw_error=-107deg, cmd=(0.00, -0.40)
[state_machine_node-28] [INFO] [1789540272.607382771] [state_machine_node]: Nav2 goal cancellation requested before blue door start center recovery.
[state_machine_node-28] [WARN] [1789540272.610412356] [state_machine_node]: Nav2 시작 위치가 벽/측면에 가까워 직접 중앙 복귀 중: lateral_error=1.02m, target_abs=0.75m, yaw_error=-88deg, cmd=(0.00, -0.40)
[state_machine_node-28] [INFO] [1789540272.621513680] [state_machine_node]: 보조 비상구 관측 저장: door_green_86c58c (17.3, 0.1)
[state_machine_node-28] [INFO] [1789540273.256315620] [state_machine_node]: Blue candidate door_blue_df7a1e rejected: handle lateral 2.96m is outside wall band 2.20+0.35m.
[state_machine_node-28] [INFO] [1789540273.258566323] [state_machine_node]: Blue candidate door_blue_df7a1e recorded with door-body progress and observed wall side because its direct projection was center-biased or crossed the corridor.
[state_machine_node-28] [INFO] [1789540274.523877991] [state_machine_node]: Nav2 goal cancellation requested before blue door start center recovery.
[state_machine_node-28] [WARN] [1789540274.525709299] [state_machine_node]: Nav2 시작 위치가 벽/측면에 가까워 직접 중앙 복귀 중: lateral_error=1.05m, target_abs=0.75m, yaw_error=-70deg, cmd=(0.00, -0.40)
[state_machine_node-28] [INFO] [1789540276.479582912] [state_machine_node]: Nav2 goal cancellation requested before blue door start center recovery.
[state_machine_node-28] [WARN] [1789540276.481452206] [state_machine_node]: Nav2 시작 위치가 벽/측면에 가까워 직접 중앙 복귀 중: lateral_error=1.07m, target_abs=0.75m, yaw_error=-54deg, cmd=(0.00, -0.40)
[door_detection_node-24] [INFO] [1789540277.739663114] [door_detection_node]: HSV handle observed: color=blue, pixel=(265,122), conf=0.15, door_bbox=(260,55,288,181)
[state_machine_node-28] [INFO] [1789540277.762362619] [state_machine_node]: Blue candidate door_blue_b747a4 ignored: physical/opened door station already handled nearby at (9.09, -1.34).
[state_machine_node-28] [INFO] [1789540277.926767767] [state_machine_node]: 보조 비상구 관측 저장: door_green_2beddd (16.6, 0.1)
[state_machine_node-28] [INFO] [1789540278.378921031] [state_machine_node]: Nav2 goal cancellation requested before blue door start center recovery.
[state_machine_node-28] [WARN] [1789540278.380328935] [state_machine_node]: Nav2 시작 위치가 벽/측면에 가까워 직접 중앙 복귀 중: lateral_error=1.07m, target_abs=0.75m, yaw_error=-41deg, cmd=(0.00, -0.40)
[door_detection_node-24] [INFO] [1789540279.305556820] [door_detection_node]: HSV handle observed: color=blue, pixel=(210,122), conf=0.19, door_bbox=(205,60,229,174)
[state_machine_node-28] [INFO] [1789540280.255769519] [state_machine_node]: Nav2 goal cancellation requested before blue door start center recovery.
[state_machine_node-28] [WARN] [1789540280.257302578] [state_machine_node]: Nav2 시작 위치가 벽/측면에 가까워 직접 중앙 복귀 중: lateral_error=1.07m, target_abs=0.75m, yaw_error=-26deg, cmd=(0.13, -0.36)
[door_detection_node-24] [INFO] [1789540280.863382235] [door_detection_node]: HSV handle observed: color=blue, pixel=(158,122), conf=0.08, door_bbox=(154,62,176,171)
[state_machine_node-28] [INFO] [1789540280.884943130] [state_machine_node]: Blue candidate door_blue_8bb15d ignored: physical/opened door station already handled nearby at (8.71, -1.78).
[state_machine_node-28] [INFO] [1789540282.075208506] [state_machine_node]: Nav2 goal cancellation requested before blue door start center recovery.
[state_machine_node-28] [WARN] [1789540282.076453230] [state_machine_node]: Nav2 시작 위치가 벽/측면에 가까워 직접 중앙 복귀 중: lateral_error=0.96m, target_abs=0.75m, yaw_error=-13deg, cmd=(0.13, -0.18)
[door_detection_node-24] [INFO] [1789540282.408655986] [door_detection_node]: HSV handle observed: color=blue, pixel=(118,122), conf=0.08, door_bbox=(114,61,136,173)
[door_detection_node-24] [INFO] [1789540283.938378184] [door_detection_node]: HSV handle observed: color=blue, pixel=(96,122), conf=0.07, door_bbox=(91,60,116,176)
[state_machine_node-28] [INFO] [1789540283.956054285] [state_machine_node]: Blue candidate door_blue_e405c5 ignored: physical/opened door station already handled nearby at (8.92, -1.74).
[state_machine_node-28] [INFO] [1789540283.967201185] [state_machine_node]: Nav2 goal cancellation requested before blue door start center recovery.
[state_machine_node-28] [WARN] [1789540283.971885825] [state_machine_node]: Nav2 시작 위치가 벽/측면에 가까워 직접 중앙 복귀 중: lateral_error=0.83m, target_abs=0.75m, yaw_error=-6deg, cmd=(0.13, -0.08)
[door_detection_node-24] [INFO] [1789540285.526834540] [door_detection_node]: HSV handle observed: color=blue, pixel=(87,122), conf=0.18, door_bbox=(81,60,107,178)
[state_machine_node-28] [WARN] [1789540285.878822917] [state_machine_node]: Blue door Nav2 start pose recovered near center: lateral=0.70m, target=0.75m. Resending door_blue_df7a1e.
[navigation_node-25] [INFO] [1789540285.880624323] [navigation_node]: Navigation goal received: door door_blue_df7a1e (color=blue, frame=map, x=12.37, y=0.80)
[bt_navigator-16] [INFO] [1789540286.673173160] [bt_navigator]: Begin navigating from current location (12.03, 0.66) to (12.37, 0.80)
[navigation_node-25] [INFO] [1789540286.676862834] [navigation_node]: Navigation goal accepted by Nav2
[controller_server-12] [INFO] [1789540286.874258861] [controller_server]: Received a goal, begin computing control effort.
[door_detection_node-24] [INFO] [1789540287.099867413] [door_detection_node]: HSV handle observed: color=blue, pixel=(83,122), conf=0.08, door_bbox=(79,59,104,177)
[state_machine_node-28] [INFO] [1789540287.115283889] [state_machine_node]: Blue candidate door_blue_0cdcdf ignored: physical/opened door station already handled nearby at (8.91, -1.78).
[state_machine_node-28] [INFO] [1789540287.599304730] [state_machine_node]: 보조 비상구 관측 저장: door_green_ba6126 (18.0, 0.1)
[controller_server-12] [INFO] [1789540288.125073922] [controller_server]: Passing new path to controller.
[door_detection_node-24] [INFO] [1789540288.636761929] [door_detection_node]: HSV handle observed: color=blue, pixel=(154,122), conf=0.08, door_bbox=(151,58,177,178)
[controller_server-12] [INFO] [1789540289.375019893] [controller_server]: Passing new path to controller.
[door_detection_node-24] [INFO] [1789540290.232005092] [door_detection_node]: HSV handle observed: color=blue, pixel=(230,122), conf=0.14, door_bbox=(223,55,257,182)
[state_machine_node-28] [INFO] [1789540290.250959195] [state_machine_node]: Blue candidate door_blue_b747a4 ignored: physical/opened door station already handled nearby at (9.00, -1.60).
[state_machine_node-28] [INFO] [1789540290.646926254] [state_machine_node]: 보조 비상구 관측 저장: door_green_cdb2a0 (17.9, -0.1)
[controller_server-12] [INFO] [1789540290.750085847] [controller_server]: Passing new path to controller.
[controller_server-12] [INFO] [1789540291.875078187] [controller_server]: Passing new path to controller.
[controller_server-12] [INFO] [1789540293.250734071] [controller_server]: Passing new path to controller.
[controller_server-12] [INFO] [1789540294.500116057] [controller_server]: Passing new path to controller.
[state_machine_node-28] [INFO] [1789540294.718296332] [state_machine_node]: 보조 비상구 관측 저장: door_green_2beddd (17.9, 0.1)
[controller_server-12] [INFO] [1789540295.875047472] [controller_server]: Passing new path to controller.
[controller_server-12] [INFO] [1789540297.125035052] [controller_server]: Passing new path to controller.
[state_machine_node-28] [INFO] [1789540297.807024179] [state_machine_node]: 보조 비상구 관측 저장: door_green_86c58c (17.9, 0.0)
[controller_server-12] [INFO] [1789540298.375051610] [controller_server]: Passing new path to controller.
[door_detection_node-24] [INFO] [1789540298.463598129] [door_detection_node]: YOLO handle observed (primary): pixel=(104,127), conf=0.77, bbox=(70, 112, 138, 142)
[door_detection_node-24] [INFO] [1789540298.467391423] [door_detection_node]: Handle camera-ray projection: pixel=(104,127), range=1.683m, z=0.740m
[controller_server-12] [INFO] [1789540299.625021205] [controller_server]: Passing new path to controller.
[door_detection_node-24] [INFO] [1789540300.127404548] [door_detection_node]: YOLO handle observed (primary): pixel=(199,127), conf=0.77, bbox=(164, 111, 234, 143)
[door_detection_node-24] [INFO] [1789540300.130673253] [door_detection_node]: Handle camera-ray projection: pixel=(199,127), range=1.743m, z=0.738m
[controller_server-12] [INFO] [1789540300.875091659] [controller_server]: Passing new path to controller.
[state_machine_node-28] [INFO] [1789540301.421081033] [state_machine_node]: 보조 비상구 관측 저장: door_green_5dd5a3 (17.9, -0.0)
[door_detection_node-24] [INFO] [1789540301.677446960] [door_detection_node]: YOLO handle observed (primary): pixel=(257,126), conf=0.78, bbox=(220, 112, 294, 141)
[door_detection_node-24] [INFO] [1789540301.682842420] [door_detection_node]: Handle camera-ray projection: pixel=(257,126), range=1.771m, z=0.747m
[controller_server-12] [INFO] [1789540302.250029962] [controller_server]: Passing new path to controller.
[door_detection_node-24] [INFO] [1789540303.264701806] [door_detection_node]: YOLO handle observed (primary): pixel=(285,128), conf=0.72, bbox=(250, 114, 320, 143)
[door_detection_node-24] [INFO] [1789540303.267659499] [door_detection_node]: Handle camera-ray projection: pixel=(285,128), range=1.563m, z=0.742m
[controller_server-12] [INFO] [1789540303.375067313] [controller_server]: Passing new path to controller.
[door_detection_node-24] [INFO] [1789540304.595973425] [door_detection_node]: HSV handle observed: color=red, pixel=(292,122), conf=0.02, door_bbox=(284,24,319,219)
[controller_server-12] [INFO] [1789540304.750040265] [controller_server]: Passing new path to controller.
[door_detection_node-24] [INFO] [1789540304.962326196] [door_detection_node]: Handle camera-ray projection: pixel=(296,127), range=1.441m, z=0.752m
[controller_server-12] [INFO] [1789540306.000061567] [controller_server]: Passing new path to controller.
[state_machine_node-28] [INFO] [1789540306.643800138] [state_machine_node]: Blue candidate door_blue_df7a1e recorded with door-body progress and observed wall side because its direct projection was center-biased or crossed the corridor.
[controller_server-12] [INFO] [1789540307.375080885] [controller_server]: Passing new path to controller.
[state_machine_node-28] [INFO] [1789540307.588388498] [state_machine_node]: Blue candidate door_blue_1b0ddf_1 rejected: handle lateral 4.85m is outside wall band 2.20+0.35m.
[door_detection_node-24] [INFO] [1789540308.521587443] [door_detection_node]: HSV handle observed: color=blue, pixel=(130,128), conf=0.73, door_bbox=(0,0,168,240)
[door_detection_node-24] [INFO] [1789540308.526535685] [door_detection_node]: Handle camera-ray projection: pixel=(130,128), range=1.099m, z=0.752m
[state_machine_node-28] [INFO] [1789540308.538066975] [state_machine_node]: Blue candidate door_blue_df7a1e recorded at camera-ray intersection with the observed corridor wall.
[controller_server-12] [INFO] [1789540308.625026760] [controller_server]: Passing new path to controller.
[state_machine_node-28] [INFO] [1789540308.848130025] [state_machine_node]: Nav2 goal is close enough for fine door alignment: door_blue_df7a1e, dist=0.31m/0.38m, lateral=0.22m/0.24m, yaw_error=23deg.
[state_machine_node-28] [INFO] [1789540308.849239658] [state_machine_node]: Nav2 goal cancellation requested before door fine alignment.
[navigation_node-25] [INFO] [1789540308.849824602] [navigation_node]: Navigation cancellation requested for manual control handoff.
[state_machine_node-28] [INFO] [1789540308.851342739] [state_machine_node]: Fine door approach started: door_blue_df7a1e, dist=0.31m, lateral=0.22m, forward=0.22m, yaw_error=23deg
[state_machine_node-28] [INFO] [1789540308.852979655] [state_machine_node]: Fine door parking translation: door_blue_df7a1e, dist=0.31m/0.17m, heading_error=45deg, cmd=(0.00, 0.25)
[controller_server-12] [INFO] [1789540308.875041436] [controller_server]: Goal was canceled. Stopping the robot.
[controller_server-12] [INFO] [1789540308.875126370] [controller_server]: [follow_path] [ActionServer] Client requested to cancel the goal. Cancelling.
[bt_navigator-16] [INFO] [1789540308.875484009] [bt_navigator]: [navigate_to_pose] [ActionServer] Client requested to cancel the goal. Cancelling.
[bt_navigator-16] [INFO] [1789540308.875634801] [bt_navigator]: Goal canceled
[door_detection_node-24] [INFO] [1789540309.465606447] [door_detection_node]: YOLO handle observed (primary): pixel=(188,132), conf=0.31, bbox=(138, 113, 238, 151)
[door_detection_node-24] [INFO] [1789540309.747042755] [door_detection_node]: HSV handle observed: color=blue, pixel=(10,122), conf=0.09, door_bbox=(7,61,33,176)
[state_machine_node-28] [INFO] [1789540309.768802274] [state_machine_node]: Blue candidate door_blue_b6ef4e ignored: physical/opened door station already handled nearby at (9.45, -1.66).
[state_machine_node-28] [INFO] [1789540309.870294868] [state_machine_node]: Fine door parking translation: door_blue_df7a1e, dist=0.31m/0.17m, heading_error=40deg, cmd=(0.00, 0.25)
[door_detection_node-24] [INFO] [1789540310.416524635] [door_detection_node]: Handle camera-ray projection: pixel=(214,132), range=1.060m, z=0.736m
[state_machine_node-28] [INFO] [1789540310.829452825] [state_machine_node]: Fine door parking translation: door_blue_df7a1e, dist=0.32m/0.17m, heading_error=36deg, cmd=(0.00, 0.25)
[door_detection_node-24] [INFO] [1789540311.438492747] [door_detection_node]: HSV handle observed: color=blue, pixel=(54,122), conf=0.17, door_bbox=(48,63,74,172)
[door_detection_node-24] [INFO] [1789540311.793987619] [door_detection_node]: Handle camera-ray projection: pixel=(236,128), range=1.042m, z=0.755m
[state_machine_node-28] [INFO] [1789540311.802172569] [state_machine_node]: Blue candidate door_blue_df7a1e recorded at camera-ray intersection with the observed corridor wall.
[state_machine_node-28] [INFO] [1789540311.826404243] [state_machine_node]: Fine door parking translation: door_blue_df7a1e, dist=0.32m/0.17m, heading_error=32deg, cmd=(0.00, 0.25)
[door_detection_node-24] [INFO] [1789540312.797745549] [door_detection_node]: HSV handle observed: color=blue, pixel=(267,128), conf=0.84, door_bbox=(127,0,314,240)
[door_detection_node-24] [INFO] [1789540312.802030303] [door_detection_node]: Handle camera-ray projection: pixel=(267,128), range=1.081m, z=0.755m
[state_machine_node-28] [INFO] [1789540312.814109953] [state_machine_node]: Fine door parking translation: door_blue_df7a1e, dist=0.32m/0.17m, heading_error=27deg, cmd=(0.07, 0.14)
[state_machine_node-28] [INFO] [1789540313.730681164] [state_machine_node]: Fine door parking translation: door_blue_df7a1e, dist=0.29m/0.17m, heading_error=28deg, cmd=(0.07, 0.14)
[door_detection_node-24] [INFO] [1789540314.019215832] [door_detection_node]: HSV handle observed: color=blue, pixel=(280,129), conf=0.88, door_bbox=(145,0,320,240)
[door_detection_node-24] [INFO] [1789540314.023440084] [door_detection_node]: Handle camera-ray projection: pixel=(280,129), range=1.059m, z=0.753m
[state_machine_node-28] [INFO] [1789540314.680120813] [state_machine_node]: Fine door parking translation: door_blue_df7a1e, dist=0.26m/0.17m, heading_error=29deg, cmd=(0.00, 0.25)
[state_machine_node-28] [INFO] [1789540314.967566010] [state_machine_node]: Blue candidate door_blue_df7a1e recorded at camera-ray intersection with the observed corridor wall.
[state_machine_node-28] [INFO] [1789540315.605115340] [state_machine_node]: Fine door parking translation: door_blue_df7a1e, dist=0.25m/0.17m, heading_error=25deg, cmd=(0.07, 0.14)
[door_detection_node-24] [INFO] [1789540315.939863494] [door_detection_node]: HSV handle observed: color=blue, pixel=(302,130), conf=0.96, door_bbox=(176,0,320,240)
[door_detection_node-24] [INFO] [1789540315.944770529] [door_detection_node]: Handle camera-ray projection: pixel=(302,130), range=1.011m, z=0.752m
[state_machine_node-28] [INFO] [1789540316.342892604] [state_machine_node]: Blue candidate door_blue_84d4f2 ignored: physical/opened door station already handled nearby at (9.40, -1.72).
[state_machine_node-28] [INFO] [1789540316.670753027] [state_machine_node]: Fine door parking translation: door_blue_df7a1e, dist=0.23m/0.17m, heading_error=26deg, cmd=(0.07, 0.14)
[door_detection_node-24] [INFO] [1789540317.005055052] [door_detection_node]: HSV handle observed: color=blue, pixel=(313,130), conf=0.21, door_bbox=(189,0,320,240)
[state_machine_node-28] [INFO] [1789540317.014810500] [state_machine_node]: Blue candidate door_blue_df7a1e rejected: handle lateral 2.57m is outside wall band 2.20+0.35m.
[state_machine_node-28] [INFO] [1789540317.019285228] [state_machine_node]: Blue candidate door_blue_df7a1e recorded with door-body progress and observed wall side because its direct projection was center-biased or crossed the corridor.
[state_machine_node-28] [INFO] [1789540317.687843618] [state_machine_node]: Fine door parking translation: door_blue_df7a1e, dist=0.19m/0.17m, heading_error=29deg, cmd=(0.00, 0.25)
[state_machine_node-28] [INFO] [1789540318.701671459] [state_machine_node]: Fine door parking translation: door_blue_df7a1e, dist=0.19m/0.17m, heading_error=26deg, cmd=(0.07, 0.14)
[state_machine_node-28] [INFO] [1789540319.710753220] [state_machine_node]: Fine door final yaw alignment: door_blue_df7a1e, dist=0.16m/0.17m, yaw_error=64deg, cmd=(0.00, -0.25)
[state_machine_node-28] [INFO] [1789540320.639754856] [state_machine_node]: Fine door final yaw alignment: door_blue_df7a1e, dist=0.16m/0.17m, yaw_error=59deg, cmd=(0.00, -0.25)
[state_machine_node-28] [INFO] [1789540320.889696630] [state_machine_node]: Blue candidate door_blue_df7a1e rejected: handle lateral 2.57m is outside wall band 2.20+0.35m.
[state_machine_node-28] [INFO] [1789540320.892392267] [state_machine_node]: Blue candidate door_blue_df7a1e recorded with door-body progress and observed wall side because its direct projection was center-biased or crossed the corridor.
[state_machine_node-28] [INFO] [1789540321.655555972] [state_machine_node]: Fine door final yaw alignment: door_blue_df7a1e, dist=0.16m/0.17m, yaw_error=55deg, cmd=(0.00, -0.25)
[state_machine_node-28] [INFO] [1789540322.635063227] [state_machine_node]: Fine door final yaw alignment: door_blue_df7a1e, dist=0.16m/0.17m, yaw_error=50deg, cmd=(0.00, -0.25)
[door_detection_node-24] [INFO] [1789540323.034925425] [door_detection_node]: YOLO handle observed (primary): pixel=(307,133), conf=0.29, bbox=(294, 115, 320, 151)
[door_detection_node-24] [INFO] [1789540323.041195128] [door_detection_node]: Handle camera-ray projection: pixel=(307,133), range=1.002m, z=0.742m
[state_machine_node-28] [INFO] [1789540323.053439879] [state_machine_node]: Blue candidate door_blue_df7a1e recorded at camera-ray intersection with the observed corridor wall.
[state_machine_node-28] [INFO] [1789540323.669129052] [state_machine_node]: Fine door final yaw alignment: door_blue_df7a1e, dist=0.16m/0.17m, yaw_error=46deg, cmd=(0.00, -0.25)
[state_machine_node-28] [INFO] [1789540324.002598245] [state_machine_node]: Blue candidate door_blue_df7a1e rejected: handle lateral 2.67m is outside wall band 2.20+0.35m.
[state_machine_node-28] [INFO] [1789540324.008780633] [state_machine_node]: Blue candidate door_blue_df7a1e recorded with door-body progress and observed wall side because its direct projection was center-biased or crossed the corridor.
[door_detection_node-24] [INFO] [1789540324.185592021] [door_detection_node]: HSV handle observed: color=blue, pixel=(92,122), conf=0.09, door_bbox=(88,65,111,169)
[state_machine_node-28] [INFO] [1789540324.306628529] [state_machine_node]: Blue candidate door_blue_84d4f2 ignored: physical/opened door station already handled nearby at (9.11, -1.97).
[state_machine_node-28] [INFO] [1789540324.649975577] [state_machine_node]: Fine door final yaw alignment: door_blue_df7a1e, dist=0.16m/0.17m, yaw_error=42deg, cmd=(0.00, -0.25)
[state_machine_node-28] [INFO] [1789540325.613628865] [state_machine_node]: Fine door final yaw alignment: door_blue_df7a1e, dist=0.16m/0.17m, yaw_error=37deg, cmd=(0.00, -0.25)
[door_detection_node-24] [INFO] [1789540325.796519225] [door_detection_node]: HSV handle observed: color=blue, pixel=(58,122), conf=0.09, door_bbox=(55,63,77,171)
[state_machine_node-28] [INFO] [1789540326.680469771] [state_machine_node]: Fine door final yaw alignment: door_blue_df7a1e, dist=0.15m/0.17m, yaw_error=33deg, cmd=(0.00, -0.25)
[door_detection_node-24] [INFO] [1789540327.212676419] [door_detection_node]: HSV handle observed: color=blue, pixel=(26,122), conf=0.21, door_bbox=(23,61,47,173)
[state_machine_node-28] [INFO] [1789540327.455529428] [state_machine_node]: Blue candidate door_blue_df7a1e rejected: handle lateral 2.74m is outside wall band 2.20+0.35m.
[state_machine_node-28] [INFO] [1789540327.459601816] [state_machine_node]: Blue candidate door_blue_df7a1e recorded with door-body progress and observed wall side because its direct projection was center-biased or crossed the corridor.
[state_machine_node-28] [INFO] [1789540327.794518775] [state_machine_node]: Fine door final yaw alignment: door_blue_df7a1e, dist=0.15m/0.17m, yaw_error=28deg, cmd=(0.00, -0.25)
[state_machine_node-28] [INFO] [1789540328.881409672] [state_machine_node]: Fine door final yaw alignment: door_blue_df7a1e, dist=0.14m/0.17m, yaw_error=23deg, cmd=(0.00, -0.25)
[door_detection_node-24] [INFO] [1789540329.670538149] [door_detection_node]: HSV handle observed: color=blue, pixel=(203,130), conf=0.96, door_bbox=(29,0,249,240)
[door_detection_node-24] [INFO] [1789540329.678615392] [door_detection_node]: Handle camera-ray projection: pixel=(203,130), range=0.875m, z=0.752m
[state_machine_node-28] [INFO] [1789540329.688580050] [state_machine_node]: Blue candidate door_blue_df7a1e recorded at camera-ray intersection with the observed corridor wall.
[state_machine_node-28] [INFO] [1789540329.949029404] [state_machine_node]: Fine door final yaw alignment: door_blue_df7a1e, dist=0.13m/0.17m, yaw_error=18deg, cmd=(0.00, -0.23)
[state_machine_node-28] [INFO] [1789540330.926569183] [state_machine_node]: Fine door approach accepted after near-target settling: door_blue_df7a1e, dist=0.13m/0.24m, lateral=0.12m/0.22m, yaw_error=13deg/16deg.
[state_machine_node-28] [INFO] [1789540330.927512246] [state_machine_node]: 문 앞 정렬 완료. 2.8s 정지 후 개방합니다.
[state_machine_node-28] [INFO] [1789540336.599696274] [state_machine_node]: Final handle refreshed from current observation: door_blue_df7a1e, method=hsv, point=(12.342,1.806,0.850)
[state_machine_node-28] [INFO] [1789540336.617026914] [state_machine_node]: Direct blue target door_blue_df7a1e will use stable wall-memory handle at (11.8, 1.8); progress_gap=0.09m, dist=0.16m, count=96, conf=1.00.
[state_machine_node-28] [INFO] [1789540336.655723533] [state_machine_node]: Blue target door_blue_df7a1e rejected for direct opening: estimated direct wall projection must be re-promoted through observed map memory or a trusted handle detection before manipulation.
[state_machine_node-28] [INFO] [1789540336.698578554] [state_machine_node]: Live blue confirmation (5.0, -3.6) rejected: same-wall blue observation is inside the opened-door remnant window (opened_progress=6.4m, gap=1.7m, window=2.4m).
[state_machine_node-28] [INFO] [1789540336.708792641] [state_machine_node]: Direct blue target door_blue_df7a1e allowed for opening with an estimated wall handle because the robot is already at the door-front pose and current blue evidence confirms the same station (count=96, conf=1.00).
[state_machine_node-28] [INFO] [1789540336.789728087] [state_machine_node]: Non-blue conflict ignored for door_blue_df7a1e: door is already aligned at a live blue opening pose and no strict red/green conflict remains.
[state_machine_node-28] [INFO] [1789540336.790617903] [state_machine_node]: State: NAVIGATING → OPENING_DOOR
[state_machine_node-28] [INFO] [1789540337.539814865] [state_machine_node]: 문 개방 요청 손잡이: id=door_blue_df7a1e__axis_p15p34_p1p81, method=hsv, conf=0.96, frame=map, pos=(12.342,1.806,0.850)
[manipulation_node-26] [INFO] [1789540337.552167311] [manipulation_node]: Open door request: id=door_blue_df7a1e__axis_p15p34_p1p81, handle_method=hsv, handle_detected=True, handle_conf=0.96
[manipulation_node-26] [INFO] [1789540337.573187651] [manipulation_node]: Manipulation phase: LOCALIZE_HANDLE:door_blue_df7a1e__axis_p15p34_p1p81
[manipulation_node-26] [INFO] [1789540337.592949587] [manipulation_node]: Transformed handle_position map -> base_link: (0.872, -0.034, 0.752)
[manipulation_node-26] [INFO] [1789540337.614783316] [manipulation_node]: Manipulation phase: PRE_GRASP:door_blue_df7a1e__axis_p15p34_p1p81
[manipulation_node-26] [INFO] [1789540337.626930735] [manipulation_node]: Step 1/4: Moving to pre-grasp position
[manipulation_node-26] [INFO] [1789540337.650503530] [manipulation_node]:   [SIM] Pre-grasp at (0.752, -0.034, 0.752)
[manipulation_node-26] [INFO] [1789540337.688966337] [manipulation_node]:   [SIM] Arm target stage=pre_grasp: joint1=-0.05, joint2=0.97, joint3=-0.11, joint4=0.00, joint5=0.00, joint6=0.00
[manipulation_node-26] [INFO] [1789540338.721498570] [manipulation_node]: Manipulation phase: GRASP_HANDLE:door_blue_df7a1e__axis_p15p34_p1p81
[manipulation_node-26] [INFO] [1789540338.737221560] [manipulation_node]: Step 2/4: Grasping handle
[manipulation_node-26] [INFO] [1789540338.752127955] [manipulation_node]:   [SIM] Gripper closing
[manipulation_node-26] [INFO] [1789540338.789684495] [manipulation_node]:   [SIM] Arm target stage=grasp: joint1=-0.05, joint2=0.97, joint3=-0.11, joint4=0.00, joint5=0.00, joint6=0.00
[manipulation_node-26] [INFO] [1789540339.831419226] [manipulation_node]: Manipulation phase: PRESS_HANDLE:door_blue_df7a1e__axis_p15p34_p1p81
[manipulation_node-26] [INFO] [1789540339.832046627] [manipulation_node]: Step 3/5: Pressing lever handle
[manipulation_node-26] [INFO] [1789540339.832704132] [manipulation_node]:   [SIM] Pressing lever down 0.070m before push
[manipulation_node-26] [INFO] [1789540339.842851584] [manipulation_node]:   [SIM] Arm target stage=press: joint1=-0.05, joint2=1.03, joint3=-0.11, joint4=0.00, joint5=0.00, joint6=0.00
[manipulation_node-26] [INFO] [1789540340.883308182] [manipulation_node]: Manipulation phase: PUSH_OPEN:door_blue_df7a1e__axis_p15p34_p1p81
[manipulation_node-26] [INFO] [1789540340.889304126] [manipulation_node]: Step 4/5: Pushing door open
[manipulation_node-26] [INFO] [1789540340.890113692] [manipulation_node]:   [SIM] Holding the pressed handle while the base opens the hinged Gazebo door 2.09rad
[manipulation_node-26] [INFO] [1789540340.890762650] [manipulation_node]:   [SIM] Arm target stage=push: joint1=-0.05, joint2=0.97, joint3=-0.11, joint4=0.00, joint5=0.00, joint6=0.00
[manipulation_node-26] [INFO] [1789540340.916128345] [manipulation_node]:   [SIM] Matched observed door door_blue_df7a1e__axis_p15p34_p1p81 to /fire_robot/door/blue/x1200/yp186/sn/cmd (distance=0.03m, score=0.001, source=map_handle, match=(12.34,1.81))
[manipulation_node-26] [INFO] [1789540340.916916454] [manipulation_node]:   [SIM] Gazebo door topic=/fire_robot/door/blue/x1200/yp186/sn/cmd, target_angle=2.094
[door_detection_node-24] [INFO] [1789540345.720851893] [door_detection_node]: YOLO handle observed (primary): pixel=(150,129), conf=0.42, bbox=(111, 91, 190, 167)
[door_detection_node-24] [INFO] [1789540345.724257326] [door_detection_node]: Handle camera-ray projection: pixel=(150,129), range=1.342m, z=0.737m
[state_machine_node-28] [INFO] [1789540345.834279969] [state_machine_node]: Blue candidate door_blue_df7a1e recorded at camera-ray intersection with the observed corridor wall.
[door_detection_node-24] [INFO] [1789540347.282069100] [door_detection_node]: HSV handle observed: color=blue, pixel=(71,124), conf=0.36, door_bbox=(0,0,74,240)
[manipulation_node-26] [INFO] [1789540347.953065979] [manipulation_node]:   [SIM] Door model feedback verified: topic=/fire_robot/door/blue/x1200/yp186/sn/cmd, model=door_blue3, angle=2.1000, target=2.0944
[door_detection_node-24] [INFO] [1789540348.398103821] [door_detection_node]: HSV handle observed: color=blue, pixel=(32,125), conf=0.67, door_bbox=(0,0,31,240)
[door_detection_node-24] [INFO] [1789540348.403474618] [door_detection_node]: Handle camera-ray projection: pixel=(32,125), range=2.033m, z=0.751m
[manipulation_node-26] [INFO] [1789540348.977955764] [manipulation_node]: Manipulation phase: RELEASE_HANDLE:door_blue_df7a1e__axis_p15p34_p1p81
[manipulation_node-26] [INFO] [1789540349.008017114] [manipulation_node]: Releasing the lever before arm recovery and base backoff
[door_detection_node-24] [INFO] [1789540349.579541792] [door_detection_node]: HSV handle observed: color=blue, pixel=(32,125), conf=0.67, door_bbox=(0,0,31,240)
[door_detection_node-24] [INFO] [1789540349.582811942] [door_detection_node]: Handle camera-ray projection: pixel=(32,125), range=2.036m, z=0.751m
[manipulation_node-26] [INFO] [1789540350.056292609] [manipulation_node]: Manipulation phase: RETURN_HOME:door_blue_df7a1e__axis_p15p34_p1p81
[manipulation_node-26] [INFO] [1789540350.070345584] [manipulation_node]: Step 5/5: Returning to home position
[manipulation_node-26] [INFO] [1789540350.071023913] [manipulation_node]:   [SIM] Returning to home position
[manipulation_node-26] [INFO] [1789540350.095418290] [manipulation_node]:   [SIM] Arm target stage=home: joint1=0.00, joint2=0.00, joint3=0.00, joint4=0.00, joint5=0.00, joint6=0.00
[door_detection_node-24] [INFO] [1789540350.696752895] [door_detection_node]: HSV handle observed: color=blue, pixel=(32,125), conf=0.67, door_bbox=(0,0,31,240)
[door_detection_node-24] [INFO] [1789540350.702308361] [door_detection_node]: Handle camera-ray projection: pixel=(32,125), range=2.096m, z=0.750m
[door_detection_node-24] [INFO] [1789540351.779968754] [door_detection_node]: HSV handle observed: color=blue, pixel=(32,125), conf=0.67, door_bbox=(0,0,31,240)
[door_detection_node-24] [INFO] [1789540351.787362730] [door_detection_node]: Handle camera-ray projection: pixel=(32,125), range=2.127m, z=0.749m
[door_detection_node-24] [INFO] [1789540353.059555145] [door_detection_node]: HSV handle observed: color=blue, pixel=(32,125), conf=0.67, door_bbox=(0,0,31,240)
[door_detection_node-24] [INFO] [1789540353.063709505] [door_detection_node]: Handle camera-ray projection: pixel=(32,125), range=2.098m, z=0.750m
[manipulation_node-26] [INFO] [1789540353.342947881] [manipulation_node]:   [SIM] Arm home verified by joint feedback: max_error=0.063rad
[manipulation_node-26] [INFO] [1789540353.345105225] [manipulation_node]: Manipulation phase: POST_OPEN_BACKOFF:door_blue_df7a1e__axis_p15p34_p1p81
[manipulation_node-26] [INFO] [1789540353.345656232] [manipulation_node]: Backing away from opened door with limited micro reverse
[state_machine_node-28] [INFO] [1789540353.999753326] [state_machine_node]: Blue candidate door_blue_df7a1e rejected: handle lateral 2.59m is outside wall band 2.20+0.35m.
[state_machine_node-28] [INFO] [1789540354.001521093] [state_machine_node]: Blue candidate door_blue_df7a1e kept in wall observation memory using its door pose; handle projection is outside the wall band.
[door_detection_node-24] [INFO] [1789540355.154379481] [door_detection_node]: HSV handle observed: color=blue, pixel=(32,124), conf=0.65, door_bbox=(0,0,31,240)
[door_detection_node-24] [INFO] [1789540355.158026779] [door_detection_node]: Handle camera-ray projection: pixel=(32,124), range=1.964m, z=0.760m
[manipulation_node-26] [INFO] [1789540355.770527122] [manipulation_node]: Manipulation phase: COMPLETE:door_blue_df7a1e__axis_p15p34_p1p81
[state_machine_node-28] [INFO] [1789540355.782382364] [state_machine_node]: blue candidate (11.2, 2.4) rejected: same-wall blue observation is inside the opened-door remnant window (opened_progress=15.3m, gap=-1.1m, window=2.4m).
[state_machine_node-28] [INFO] [1789540355.803686527] [state_machine_node]: 열린 파란 문 재관측 후보 2개 정리. 다음 목표 선택에서 제외합니다.
[state_machine_node-28] [INFO] [1789540355.804345525] [state_machine_node]: 문 개방 성공: door_blue_df7a1e  누적 개방: 3개
[state_machine_node-28] [INFO] [1789540355.804679908] [state_machine_node]: State: OPENING_DOOR → DOOR_OPENED
[state_machine_node-28] [INFO] [1789540356.172716790] [state_machine_node]: Blue candidate door_blue_e0a033 ignored: physical/opened door station already handled nearby at (11.27, 2.19).
[state_machine_node-28] [INFO] [1789540356.720576520] [state_machine_node]: 다음 파란 문 탐색 시작 (개방 완료: 3개)
[state_machine_node-28] [INFO] [1789540356.721324194] [state_machine_node]: State: DOOR_OPENED → EXPLORING
[door_detection_node-24] [INFO] [1789540357.169730864] [door_detection_node]: HSV handle observed: color=blue, pixel=(34,124), conf=0.60, door_bbox=(0,0,33,240)
[door_detection_node-24] [INFO] [1789540357.174515946] [door_detection_node]: Handle camera-ray projection: pixel=(34,124), range=2.057m, z=0.758m
[state_machine_node-28] [INFO] [1789540357.724053965] [state_machine_node]: Post-open side retreat started: lateral=0.92m, target_abs=0.48m.
[state_machine_node-28] [INFO] [1789540357.724963414] [state_machine_node]: Post-open side retreat: lateral=0.92m, moved=0.00/1.10m, yaw_error=167deg, cmd=(0.00, 0.50)
[state_machine_node-28] [INFO] [1789540358.743154116] [state_machine_node]: Post-open side retreat: lateral=0.92m, moved=0.00/1.10m, yaw_error=158deg, cmd=(0.00, 0.50)
[door_detection_node-24] [INFO] [1789540359.127806405] [door_detection_node]: HSV handle observed: color=blue, pixel=(95,124), conf=0.28, door_bbox=(48,0,93,240)
[state_machine_node-28] [INFO] [1789540360.133291734] [state_machine_node]: Blue candidate door_blue_a030e7 ignored: physical/opened door station already handled nearby at (11.30, 2.19).
[door_detection_node-24] [INFO] [1789540360.421573700] [door_detection_node]: HSV handle observed: color=blue, pixel=(56,122), conf=0.20, door_bbox=(52,65,75,171)
[state_machine_node-28] [INFO] [1789540360.740018145] [state_machine_node]: Post-open side retreat: lateral=0.92m, moved=0.00/1.10m, yaw_error=139deg, cmd=(0.00, 0.50)
[door_detection_node-24] [INFO] [1789540362.267454170] [door_detection_node]: HSV handle observed: color=blue, pixel=(218,124), conf=0.37, door_bbox=(183,0,215,240)
[state_machine_node-28] [INFO] [1789540362.798510507] [state_machine_node]: Post-open side retreat: lateral=0.92m, moved=0.00/1.10m, yaw_error=121deg, cmd=(0.00, 0.50)
[state_machine_node-28] [INFO] [1789540363.231908790] [state_machine_node]: Blue candidate door_blue_be9d66 ignored: physical/opened door station already handled nearby at (11.36, 2.29).
[door_detection_node-24] [INFO] [1789540363.547602090] [door_detection_node]: HSV handle observed: color=blue, pixel=(176,122), conf=0.04, door_bbox=(164,60,196,172)
[state_machine_node-28] [INFO] [1789540363.861868388] [state_machine_node]: Post-open side retreat: lateral=0.93m, moved=0.00/1.10m, yaw_error=111deg, cmd=(0.00, 0.50)
[door_detection_node-24] [INFO] [1789540365.201802282] [door_detection_node]: HSV handle observed: color=blue, pixel=(255,121), conf=0.18, door_bbox=(249,61,275,173)
[door_detection_node-24] [INFO] [1789540365.633797823] [door_detection_node]: Handle camera-ray projection: pixel=(32,125), range=1.720m, z=0.757m
[state_machine_node-28] [INFO] [1789540365.862541589] [state_machine_node]: Post-open side retreat: lateral=0.98m, moved=0.00/1.10m, yaw_error=88deg, cmd=(0.00, 0.50)
[door_detection_node-24] [INFO] [1789540366.570221795] [door_detection_node]: HSV handle observed: color=blue, pixel=(10,122), conf=0.08, door_bbox=(7,57,35,176)
[state_machine_node-28] [INFO] [1789540366.591314379] [state_machine_node]: Blue candidate door_blue_ea69b9 ignored: physical/opened door station already handled nearby at (9.46, -1.45).
[state_machine_node-28] [INFO] [1789540367.275819150] [state_machine_node]: blue candidate (11.2, 2.3) rejected: same-wall blue observation is inside the opened-door remnant window (opened_progress=15.3m, gap=-1.1m, window=2.4m).
[state_machine_node-28] [INFO] [1789540367.821584642] [state_machine_node]: Post-open side retreat: lateral=1.02m, moved=0.00/1.10m, yaw_error=65deg, cmd=(0.00, 0.50)
[door_detection_node-24] [INFO] [1789540368.546075910] [door_detection_node]: HSV handle observed: color=blue, pixel=(116,122), conf=0.05, door_bbox=(110,66,132,169)
[state_machine_node-28] [INFO] [1789540368.903789809] [state_machine_node]: Post-open side retreat: lateral=1.03m, moved=0.00/1.10m, yaw_error=56deg, cmd=(0.00, 0.50)
[state_machine_node-28] [INFO] [1789540369.920978018] [state_machine_node]: Post-open side retreat: lateral=1.04m, moved=0.00/1.10m, yaw_error=47deg, cmd=(0.00, 0.50)
[door_detection_node-24] [INFO] [1789540370.317176293] [door_detection_node]: HSV handle observed: color=blue, pixel=(292,125), conf=0.48, door_bbox=(256,0,287,240)
[door_detection_node-24] [INFO] [1789540370.320060635] [door_detection_node]: Handle camera-ray projection: pixel=(292,125), range=1.599m, z=0.759m
[state_machine_node-28] [INFO] [1789540370.337090858] [state_machine_node]: Blue candidate door_blue_292b52 ignored: physical/opened door station already handled nearby at (11.54, 2.29).
[state_machine_node-28] [INFO] [1789540371.009159570] [state_machine_node]: Post-open side retreat: lateral=1.04m, moved=0.00/1.10m, yaw_error=38deg, cmd=(0.00, 0.50)
[door_detection_node-24] [INFO] [1789540371.839188639] [door_detection_node]: HSV handle observed: color=blue, pixel=(216,122), conf=0.06, door_bbox=(210,65,233,168)
[state_machine_node-28] [INFO] [1789540372.149431537] [state_machine_node]: Post-open side retreat: lateral=1.04m, moved=0.00/1.10m, yaw_error=29deg, cmd=(0.00, 0.50)
[state_machine_node-28] [WARN] [1789540372.932002969] [state_machine_node]: Exit candidate door_green_48e442 accepted despite a backward localization progress estimate: robot=15.5m, opened_floor=15.3m, exit=19.8m.
[door_detection_node-24] [INFO] [1789540373.084947781] [door_detection_node]: HSV handle observed: color=blue, pixel=(274,121), conf=0.16, door_bbox=(267,60,296,174)
[state_machine_node-28] [INFO] [1789540373.273739650] [state_machine_node]: Post-open side retreat: lateral=1.04m, moved=0.00/1.10m, yaw_error=20deg, cmd=(0.00, 0.50)
[state_machine_node-28] [INFO] [1789540375.299737081] [state_machine_node]: Post-open side retreat: lateral=0.96m, moved=0.00/1.10m, yaw_error=5deg, cmd=(0.18, 0.07)
[door_detection_node-24] [INFO] [1789540375.353386742] [door_detection_node]: HSV handle observed: color=blue, pixel=(49,122), conf=0.08, door_bbox=(44,62,69,174)
[state_machine_node-28] [INFO] [1789540375.371638827] [state_machine_node]: Blue candidate door_blue_1ffb88 ignored: physical/opened door station already handled nearby at (9.21, -1.60).
[state_machine_node-28] [INFO] [1789540376.421504825] [state_machine_node]: Post-open side retreat: lateral=0.88m, moved=0.04/1.10m, yaw_error=3deg, cmd=(0.18, 0.05)
[door_detection_node-24] [INFO] [1789540376.967655995] [door_detection_node]: HSV handle observed: color=blue, pixel=(67,121), conf=0.18, door_bbox=(61,62,87,173)
[state_machine_node-28] [INFO] [1789540377.658122608] [state_machine_node]: Post-open side retreat: lateral=0.79m, moved=0.13/1.10m, yaw_error=2deg, cmd=(0.18, 0.03)
[door_detection_node-24] [INFO] [1789540378.406204059] [door_detection_node]: HSV handle observed: color=blue, pixel=(78,121), conf=0.18, door_bbox=(72,62,98,173)
[state_machine_node-28] [INFO] [1789540378.428362655] [state_machine_node]: Blue candidate door_blue_e405c5 ignored: physical/opened door station already handled nearby at (9.05, -1.73).
[state_machine_node-28] [INFO] [1789540378.749112086] [state_machine_node]: Post-open side retreat: lateral=0.70m, moved=0.22/1.10m, yaw_error=1deg, cmd=(0.18, 0.02)
[state_machine_node-28] [INFO] [1789540379.201192118] [state_machine_node]: 보조 비상구 관측 저장: door_green_ba6126 (17.9, 0.2)
[state_machine_node-28] [WARN] [1789540379.202381489] [state_machine_node]: Exit candidate door_green_ba6126 accepted despite a backward localization progress estimate: robot=15.5m, opened_floor=15.3m, exit=20.9m.
[state_machine_node-28] [INFO] [1789540379.923641459] [state_machine_node]: Post-open side retreat: lateral=0.60m, moved=0.31/1.10m, yaw_error=1deg, cmd=(0.18, 0.01)
[door_detection_node-24] [INFO] [1789540380.169610606] [door_detection_node]: HSV handle observed: color=blue, pixel=(86,121), conf=0.18, door_bbox=(81,63,108,174)
[state_machine_node-28] [INFO] [1789540381.127011700] [state_machine_node]: Post-open side retreat: lateral=0.52m, moved=0.40/1.10m, yaw_error=1deg, cmd=(0.18, 0.01)
[door_detection_node-24] [INFO] [1789540381.556353636] [door_detection_node]: HSV handle observed: color=blue, pixel=(94,122), conf=0.18, door_bbox=(88,61,115,174)
[state_machine_node-28] [INFO] [1789540381.573291439] [state_machine_node]: Blue candidate door_blue_e405c5 ignored: physical/opened door station already handled nearby at (8.26, -2.28).
[state_machine_node-28] [INFO] [1789540382.279835227] [state_machine_node]: Post-open side retreat complete: lateral=0.43m <= target=0.48m
[state_machine_node-28] [WARN] [1789540382.304797904] [state_machine_node]: Exit candidate door_green_f5568a accepted despite a backward localization progress estimate: robot=15.5m, opened_floor=15.3m, exit=20.9m.
[state_machine_node-28] [INFO] [1789540382.313713689] [state_machine_node]: blue candidate (14.4, 2.2) rejected: same-wall blue observation is inside the opened-door remnant window (opened_progress=15.3m, gap=2.0m, window=2.4m).
[state_machine_node-28] [WARN] [1789540382.322729862] [state_machine_node]: 파란 문 후보 (14.4, 2.2) 포기: opened door remnant projected to a same-wall target station. 불안정/실패 후보로 보고 다음 관찰을 계속합니다.
[state_machine_node-28] [INFO] [1789540382.323581918] [state_machine_node]: 파란 문 후보 없음. 2.0s 동안 정지 스캔 후 관측 기반 waypoint를 계획합니다.
[door_detection_node-24] [INFO] [1789540383.050967047] [door_detection_node]: HSV handle observed: color=blue, pixel=(98,122), conf=0.18, door_bbox=(92,62,120,175)
[state_machine_node-28] [INFO] [1789540383.859819358] [state_machine_node]: 보조 비상구 관측 저장: door_green_ba6126 (17.9, 0.2)
[door_detection_node-24] [INFO] [1789540384.436101944] [door_detection_node]: HSV handle observed: color=blue, pixel=(98,122), conf=0.18, door_bbox=(92,62,120,175)
[state_machine_node-28] [WARN] [1789540385.353781960] [state_machine_node]: Exit candidate door_green_ba6126 accepted despite a backward localization progress estimate: robot=15.5m, opened_floor=15.3m, exit=20.9m.
[door_detection_node-24] [INFO] [1789540386.025358163] [door_detection_node]: HSV handle observed: color=blue, pixel=(98,122), conf=0.18, door_bbox=(92,62,120,175)
[state_machine_node-28] [INFO] [1789540386.047963561] [state_machine_node]: Blue candidate door_blue_e405c5 ignored: physical/opened door station already handled nearby at (8.20, -2.31).
[state_machine_node-28] [INFO] [1789540386.360849667] [state_machine_node]: Exit scan deferred: green exit is visible but the corridor before it has not been observed closely enough for missed blue doors (progress=15.45, exit_progress=20.89, gap=5.43/4.40m).
[state_machine_node-28] [INFO] [1789540386.364496209] [state_machine_node]: Exit scan deferred: continuing observation-based forward exploration before leaving.
[state_machine_node-28] [INFO] [1789540386.398140557] [state_machine_node]: 탐색 waypoint 계획 요청: explore_waypoint_16.3_lat-23 progress=16.28, lateral=-0.23, map=(13.28, -0.23) | 우측 차선 선택 | 전방 좌측 장애물 0.80m (lateral=0.54m) → 우측 차선 우선 | LiDAR lane scores: R:y=-0.65/clear=3.20/score=3.49, L:y=0.65/clear=0.95/score=3.20, C:y=0.00/clear=3.20/score=2.04 | 좌우 이동량 제한 -1.07m→-0.65m | 개방 후 미탐색 문 확인을 위해 전진 스캔 간격 0.83m
[state_machine_node-28] [INFO] [1789540386.399148610] [state_machine_node]: State: EXPLORING → EXPLORING_NAVIGATING
[navigation_node-25] [INFO] [1789540386.403702416] [navigation_node]: Navigation goal received: door explore_waypoint_16.3_lat-23 (color=explore, frame=map, x=13.28, y=-0.23)
[bt_navigator-16] [INFO] [1789540386.593063708] [bt_navigator]: Begin navigating from current location (12.45, 0.42) to (13.28, -0.23)
[navigation_node-25] [INFO] [1789540386.596345663] [navigation_node]: Navigation goal accepted by Nav2
[controller_server-12] [INFO] [1789540386.794960011] [controller_server]: Received a goal, begin computing control effort.
[state_machine_node-28] [INFO] [1789540387.172331762] [state_machine_node]: 보조 비상구 관측 저장: door_green_ba6126 (17.9, 0.2)
[door_detection_node-24] [INFO] [1789540387.622322507] [door_detection_node]: HSV handle observed: color=blue, pixel=(98,122), conf=0.18, door_bbox=(92,62,120,175)
[controller_server-12] [INFO] [1789540388.045585601] [controller_server]: Passing new path to controller.
[door_detection_node-24] [INFO] [1789540388.626239729] [door_detection_node]: HSV handle observed: color=red, pixel=(246,122), conf=0.01, door_bbox=(238,23,297,214)
[state_machine_node-28] [INFO] [1789540388.637628562] [state_machine_node]: Exit candidate door_green_ba6126 rejected: progress 16.3m is only 1.0m after the last opened blue door; need 1.8m before treating green as the final exit.
[state_machine_node-28] [INFO] [1789540389.054823367] [state_machine_node]: Blue candidate door_blue_e405c5 ignored: physical/opened door station already handled nearby at (8.45, -2.12).
[controller_server-12] [INFO] [1789540389.295553752] [controller_server]: Passing new path to controller.
[state_machine_node-28] [INFO] [1789540390.441188048] [state_machine_node]: 보조 비상구 관측 저장: door_green_ba6126 (17.9, 0.1)
[state_machine_node-28] [WARN] [1789540390.442105962] [state_machine_node]: Exit candidate door_green_ba6126 accepted despite a backward localization progress estimate: robot=15.5m, opened_floor=15.3m, exit=20.9m.
[controller_server-12] [INFO] [1789540390.545712513] [controller_server]: Passing new path to controller.
[door_detection_node-24] [INFO] [1789540390.835744179] [door_detection_node]: HSV handle observed: color=blue, pixel=(174,121), conf=0.16, door_bbox=(168,61,198,175)
[controller_server-12] [INFO] [1789540391.795588361] [controller_server]: Passing new path to controller.
[door_detection_node-24] [INFO] [1789540392.359566570] [door_detection_node]: HSV handle observed: color=red, pixel=(32,122), conf=0.02, door_bbox=(23,24,77,210)
[state_machine_node-28] [INFO] [1789540392.575168169] [state_machine_node]: Blue candidate door_blue_b1e0e5 ignored: physical/opened door station already handled nearby at (8.45, -1.98).
[controller_server-12] [INFO] [1789540393.172528945] [controller_server]: Passing new path to controller.
[state_machine_node-28] [INFO] [1789540393.681273598] [state_machine_node]: 보조 비상구 관측 저장: door_green_cdb2a0 (17.9, 0.0)
[state_machine_node-28] [WARN] [1789540393.682793915] [state_machine_node]: Exit candidate door_green_cdb2a0 accepted despite a backward localization progress estimate: robot=15.6m, opened_floor=15.3m, exit=20.9m.
[door_detection_node-24] [INFO] [1789540394.100892673] [door_detection_node]: HSV handle observed: color=blue, pixel=(307,122), conf=0.33, door_bbox=(299,56,320,185)
[controller_server-12] [INFO] [1789540394.420780636] [controller_server]: Passing new path to controller.
[door_detection_node-24] [INFO] [1789540395.454744687] [door_detection_node]: HSV handle observed: color=red, pixel=(102,122), conf=0.01, door_bbox=(94,16,146,220)
[controller_server-12] [INFO] [1789540395.670568538] [controller_server]: Passing new path to controller.
[state_machine_node-28] [INFO] [1789540396.731743147] [state_machine_node]: 보조 비상구 관측 저장: door_green_52e0b6 (17.9, -0.0)
[state_machine_node-28] [WARN] [1789540396.733663096] [state_machine_node]: Exit candidate door_green_52e0b6 accepted despite a backward localization progress estimate: robot=15.8m, opened_floor=15.3m, exit=20.9m.
[controller_server-12] [INFO] [1789540396.923688764] [controller_server]: Passing new path to controller.
[door_detection_node-24] [INFO] [1789540396.960576034] [door_detection_node]: HSV handle observed: color=red, pixel=(133,122), conf=0.01, door_bbox=(126,13,181,224)
[controller_server-12] [INFO] [1789540398.171070335] [controller_server]: Passing new path to controller.
[door_detection_node-24] [INFO] [1789540398.342555566] [door_detection_node]: HSV handle observed: color=red, pixel=(165,122), conf=0.01, door_bbox=(158,7,217,235)
[navigation_node-25] [WARN] [1789540399.201907177] [navigation_node]: Robot is 0.35m from explore goal (threshold=0.35m). Treating navigation as succeeded.
[state_machine_node-28] [INFO] [1789540399.205171049] [state_machine_node]: Navigation succeeded.
[controller_server-12] [INFO] [1789540399.295897527] [controller_server]: Goal was canceled. Stopping the robot.
[controller_server-12] [INFO] [1789540399.296036727] [controller_server]: [follow_path] [ActionServer] Client requested to cancel the goal. Cancelling.
[bt_navigator-16] [INFO] [1789540399.297372771] [bt_navigator]: [navigate_to_pose] [ActionServer] Client requested to cancel the goal. Cancelling.
[bt_navigator-16] [INFO] [1789540399.297581380] [bt_navigator]: Goal canceled
[door_detection_node-24] [INFO] [1789540399.366013195] [door_detection_node]: HSV handle observed: color=red, pixel=(198,122), conf=0.01, door_bbox=(189,2,251,239)
[state_machine_node-28] [INFO] [1789540399.379214577] [state_machine_node]: 탐색 waypoint 도착. LiDAR+camera 재스캔을 계속합니다.
[state_machine_node-28] [INFO] [1789540399.379835511] [state_machine_node]: 색상 단서 없음. 열린 문 이후 미탐색 벽면 확인을 위해 다음 탐색 waypoint는 좌측 차선을 우선합니다.
[state_machine_node-28] [INFO] [1789540399.380967020] [state_machine_node]: State: EXPLORING_NAVIGATING → EXPLORING
[door_detection_node-24] [INFO] [1789540400.392737557] [door_detection_node]: HSV handle observed: color=red, pixel=(210,123), conf=0.02, door_bbox=(204,1,265,239)
[state_machine_node-28] [INFO] [1789540400.403757138] [state_machine_node]: 보조 비상구 관측 저장: door_green_2beddd (17.9, 0.1)
[state_machine_node-28] [WARN] [1789540400.405283110] [state_machine_node]: Exit candidate door_green_2beddd accepted despite a backward localization progress estimate: robot=16.0m, opened_floor=15.3m, exit=20.9m.
[state_machine_node-28] [INFO] [1789540400.469300518] [state_machine_node]: Explore waypoint reached; holding position for bilateral camera/LiDAR side scan.
[state_machine_node-28] [INFO] [1789540403.432473931] [state_machine_node]: 보조 비상구 관측 저장: door_green_86c58c (17.9, -0.0)
[state_machine_node-28] [WARN] [1789540403.433287910] [state_machine_node]: Exit candidate door_green_86c58c accepted despite a backward localization progress estimate: robot=16.0m, opened_floor=15.3m, exit=20.9m.
[door_detection_node-24] [INFO] [1789540404.222408037] [door_detection_node]: HSV handle observed: color=red, pixel=(100,123), conf=0.02, door_bbox=(93,0,155,239)
[door_detection_node-24] [INFO] [1789540405.766826042] [door_detection_node]: HSV handle observed: color=red, pixel=(168,123), conf=0.02, door_bbox=(159,2,222,238)
[door_detection_node-24] [INFO] [1789540407.317728634] [door_detection_node]: HSV handle observed: color=red, pixel=(126,123), conf=0.02, door_bbox=(118,0,178,239)
[state_machine_node-28] [INFO] [1789540407.499229108] [state_machine_node]: 보조 비상구 관측 저장: door_green_b8ec7b (17.9, -0.1)
[state_machine_node-28] [WARN] [1789540407.500026687] [state_machine_node]: Exit candidate door_green_b8ec7b accepted despite a backward localization progress estimate: robot=16.0m, opened_floor=15.3m, exit=20.9m.
[door_detection_node-24] [INFO] [1789540408.965021429] [door_detection_node]: HSV handle observed: color=red, pixel=(19,123), conf=0.02, door_bbox=(11,0,79,239)
[door_detection_node-24] [INFO] [1789540410.614843822] [door_detection_node]: HSV handle observed: color=red, pixel=(234,123), conf=0.02, door_bbox=(226,0,294,239)
[state_machine_node-28] [INFO] [1789540410.646664266] [state_machine_node]: 보조 비상구 관측 저장: door_green_2beddd (17.9, 0.1)
[state_machine_node-28] [WARN] [1789540410.647896578] [state_machine_node]: Exit candidate door_green_2beddd accepted despite a backward localization progress estimate: robot=16.0m, opened_floor=15.3m, exit=20.9m.
[door_detection_node-24] [INFO] [1789540411.670052724] [door_detection_node]: HSV handle observed: color=red, pixel=(180,122), conf=0.01, door_bbox=(173,3,234,239)
[door_detection_node-24] [INFO] [1789540413.589189825] [door_detection_node]: HSV handle observed: color=red, pixel=(84,123), conf=0.02, door_bbox=(77,2,137,237)
[state_machine_node-28] [INFO] [1789540413.998496104] [state_machine_node]: 보조 비상구 관측 저장: door_green_cdb2a0 (17.9, 0.1)
[state_machine_node-28] [WARN] [1789540413.999849339] [state_machine_node]: Exit candidate door_green_cdb2a0 accepted despite a backward localization progress estimate: robot=16.0m, opened_floor=15.3m, exit=20.9m.
[door_detection_node-24] [INFO] [1789540414.645057322] [door_detection_node]: HSV handle observed: color=red, pixel=(28,123), conf=0.02, door_bbox=(21,0,84,240)
[state_machine_node-28] [INFO] [1789540415.959162098] [state_machine_node]: Blue candidate door_blue_7444d3 ignored: physical/opened door station already handled nearby at (9.47, -1.58).
[state_machine_node-28] [INFO] [1789540417.258623582] [state_machine_node]: 보조 비상구 관측 저장: door_green_cdb2a0 (17.9, 0.1)
[state_machine_node-28] [WARN] [1789540417.260630504] [state_machine_node]: Exit candidate door_green_cdb2a0 accepted despite a backward localization progress estimate: robot=16.0m, opened_floor=15.3m, exit=20.9m.
[door_detection_node-24] [INFO] [1789540417.929753031] [door_detection_node]: HSV handle observed: color=red, pixel=(54,123), conf=0.02, door_bbox=(46,0,110,239)
[door_detection_node-24] [INFO] [1789540420.120760445] [door_detection_node]: HSV handle observed: color=red, pixel=(168,122), conf=0.01, door_bbox=(159,5,220,237)
[state_machine_node-28] [INFO] [1789540420.586045681] [state_machine_node]: Explore waypoint side scan complete.
[state_machine_node-28] [INFO] [1789540420.603882349] [state_machine_node]: 파란 문 후보 없음. 2.0s 동안 정지 스캔 후 관측 기반 waypoint를 계획합니다.
[state_machine_node-28] [INFO] [1789540421.070806234] [state_machine_node]: 보조 비상구 관측 저장: door_green_2beddd (17.8, 0.1)
[state_machine_node-28] [WARN] [1789540421.072618139] [state_machine_node]: Exit candidate door_green_2beddd accepted despite a backward localization progress estimate: robot=16.0m, opened_floor=15.3m, exit=20.8m.
[door_detection_node-24] [INFO] [1789540422.000902530] [door_detection_node]: HSV handle observed: color=red, pixel=(209,123), conf=0.01, door_bbox=(201,1,264,240)
[door_detection_node-24] [INFO] [1789540423.966406219] [door_detection_node]: HSV handle observed: color=red, pixel=(209,123), conf=0.01, door_bbox=(201,1,264,240)
[state_machine_node-28] [WARN] [1789540424.428495802] [state_machine_node]: Exit candidate door_green_f5568a accepted despite a backward localization progress estimate: robot=16.0m, opened_floor=15.3m, exit=20.9m.
[state_machine_node-28] [INFO] [1789540424.430913589] [state_machine_node]: Exit scan deferred: green exit is visible but the corridor before it has not been observed closely enough for missed blue doors (progress=15.96, exit_progress=20.89, gap=4.93/4.40m).
[state_machine_node-28] [INFO] [1789540424.463486463] [state_machine_node]: 탐색 waypoint 계획 요청: explore_waypoint_16.5_lat+29 progress=16.54, lateral=0.29, map=(13.54, 0.29) | 좌측 차선 선택 | Red door memory observed_red_2 on right; prefer left lane | LiDAR lane scores: C:y=0.00/clear=3.20/score=2.33, L:y=0.65/clear=0.96/score=3.03, R:y=-0.65/clear=3.20/score=0.26 | 가까운 장애물 감지, 우회 차선 우선 | 좌우 이동량 제한 1.01m→0.65m | 개방 후 미탐색 문 확인을 위해 전진 스캔 간격 0.83m | 근접 장애물 여유 1.03m, waypoint 전진거리 0.58m로 축소
[state_machine_node-28] [INFO] [1789540424.464450444] [state_machine_node]: State: EXPLORING → EXPLORING_NAVIGATING
[navigation_node-25] [INFO] [1789540424.466720712] [navigation_node]: Navigation goal received: door explore_waypoint_16.5_lat+29 (color=explore, frame=map, x=13.54, y=0.29)
[navigation_node-25] [WARN] [1789540424.573128696] [navigation_node]: Adjusted unreachable/occupied navigation goal from (13.54, 0.29, cost=99) to connected free cell (12.78, 0.33, cost=0)
[bt_navigator-16] [INFO] [1789540424.660990376] [bt_navigator]: Begin navigating from current location (12.96, -0.36) to (12.78, 0.33)
[navigation_node-25] [INFO] [1789540424.665371258] [navigation_node]: Navigation goal accepted by Nav2
[controller_server-12] [INFO] [1789540424.862901686] [controller_server]: Received a goal, begin computing control effort.
[state_machine_node-28] [INFO] [1789540424.890103395] [state_machine_node]: 보조 비상구 관측 저장: door_green_2beddd (17.9, 0.1)
[door_detection_node-24] [INFO] [1789540425.839010981] [door_detection_node]: HSV handle observed: color=red, pixel=(209,123), conf=0.01, door_bbox=(201,1,264,240)
[controller_server-12] [INFO] [1789540426.240099126] [controller_server]: Passing new path to controller.
[controller_server-12] [INFO] [1789540427.490126809] [controller_server]: Passing new path to controller.
[state_machine_node-28] [WARN] [1789540427.659933916] [state_machine_node]: Exit candidate door_green_6a1d9c accepted despite a backward localization progress estimate: robot=16.0m, opened_floor=15.3m, exit=19.4m.
[state_machine_node-28] [INFO] [1789540428.670912139] [state_machine_node]: 보조 비상구 관측 저장: door_green_86c58c (17.9, 0.0)
[controller_server-12] [INFO] [1789540428.865120522] [controller_server]: Passing new path to controller.
[controller_server-12] [INFO] [1789540429.865994895] [controller_server]: Passing new path to controller.
[door_detection_node-24] [INFO] [1789540430.124503758] [door_detection_node]: HSV handle observed: color=red, pixel=(101,123), conf=0.02, door_bbox=(93,0,155,240)
[state_machine_node-28] [WARN] [1789540430.882595163] [state_machine_node]: Exit candidate door_green_a28ef1 accepted despite a backward localization progress estimate: robot=16.0m, opened_floor=15.3m, exit=18.2m.
[controller_server-12] [INFO] [1789540431.115124885] [controller_server]: Passing new path to controller.
[door_detection_node-24] [INFO] [1789540431.583636448] [door_detection_node]: HSV handle observed: color=red, pixel=(156,123), conf=0.02, door_bbox=(148,0,210,239)
[controller_server-12] [INFO] [1789540432.365119372] [controller_server]: Passing new path to controller.
[door_detection_node-24] [INFO] [1789540433.179030955] [door_detection_node]: HSV handle observed: color=red, pixel=(196,123), conf=0.02, door_bbox=(189,0,252,240)
[controller_server-12] [INFO] [1789540433.740142840] [controller_server]: Passing new path to controller.
[door_detection_node-24] [INFO] [1789540434.807628724] [door_detection_node]: HSV handle observed: color=red, pixel=(238,123), conf=0.02, door_bbox=(229,0,300,239)
[state_machine_node-28] [INFO] [1789540434.820598784] [state_machine_node]: 보조 비상구 관측 저장: door_green_5dd5a3 (17.9, -0.0)
[state_machine_node-28] [WARN] [1789540434.821288586] [state_machine_node]: Exit candidate door_green_5dd5a3 accepted despite a backward localization progress estimate: robot=16.0m, opened_floor=15.3m, exit=20.9m.
[controller_server-12] [INFO] [1789540434.990112352] [controller_server]: Passing new path to controller.
[door_detection_node-24] [INFO] [1789540436.291079305] [door_detection_node]: HSV handle observed: color=red, pixel=(300,123), conf=0.05, door_bbox=(288,0,320,238)
[controller_server-12] [INFO] [1789540436.365179015] [controller_server]: Passing new path to controller.
[controller_server-12] [INFO] [1789540437.615112380] [controller_server]: Passing new path to controller.
[state_machine_node-28] [INFO] [1789540437.910881568] [state_machine_node]: 보조 비상구 관측 저장: door_green_0ad794 (17.9, -0.1)
[state_machine_node-28] [WARN] [1789540437.914298422] [state_machine_node]: Exit candidate door_green_0ad794 accepted despite a backward localization progress estimate: robot=16.0m, opened_floor=15.3m, exit=20.9m.
[controller_server-12] [INFO] [1789540438.865094099] [controller_server]: Passing new path to controller.
[door_detection_node-24] [INFO] [1789540439.514413083] [door_detection_node]: HSV handle observed: color=blue, pixel=(10,122), conf=0.15, door_bbox=(1,59,39,178)
[state_machine_node-28] [INFO] [1789540439.532355803] [state_machine_node]: Blue candidate door_blue_b6ef4e ignored: physical/opened door station already handled nearby at (8.69, -2.34).
[controller_server-12] [INFO] [1789540439.990121350] [controller_server]: Passing new path to controller.
[door_detection_node-24] [INFO] [1789540440.947345102] [door_detection_node]: HSV handle observed: color=blue, pixel=(44,122), conf=0.20, door_bbox=(38,61,71,176)
[controller_server-12] [INFO] [1789540441.365145300] [controller_server]: Passing new path to controller.
[navigation_node-25] [WARN] [1789540441.764045153] [navigation_node]: Robot is 0.35m from explore goal (threshold=0.35m). Treating navigation as succeeded.
[state_machine_node-28] [INFO] [1789540441.766653707] [state_machine_node]: Navigation succeeded.
[controller_server-12] [INFO] [1789540441.865178313] [controller_server]: Goal was canceled. Stopping the robot.
[controller_server-12] [INFO] [1789540441.865264335] [controller_server]: [follow_path] [ActionServer] Client requested to cancel the goal. Cancelling.
[bt_navigator-16] [INFO] [1789540441.865770559] [bt_navigator]: [navigate_to_pose] [ActionServer] Client requested to cancel the goal. Cancelling.
[bt_navigator-16] [INFO] [1789540441.865948614] [bt_navigator]: Goal canceled
[state_machine_node-28] [INFO] [1789540442.513903935] [state_machine_node]: 탐색 waypoint 도착. LiDAR+camera 재스캔을 계속합니다.
[state_machine_node-28] [INFO] [1789540442.514695277] [state_machine_node]: 색상 단서 없음. 열린 문 이후 미탐색 벽면 확인을 위해 다음 탐색 waypoint는 우측 차선을 우선합니다.
[state_machine_node-28] [INFO] [1789540442.515258130] [state_machine_node]: State: EXPLORING_NAVIGATING → EXPLORING
[door_detection_node-24] [INFO] [1789540442.517559844] [door_detection_node]: HSV handle observed: color=blue, pixel=(57,121), conf=0.16, door_bbox=(51,63,82,173)
[state_machine_node-28] [INFO] [1789540442.537332192] [state_machine_node]: Blue candidate door_blue_b6ef4e ignored: physical/opened door station already handled nearby at (8.49, -2.41).
[state_machine_node-28] [INFO] [1789540443.378636176] [state_machine_node]: Explore waypoint reached; holding position for bilateral camera/LiDAR side scan.
[door_detection_node-24] [INFO] [1789540444.033025387] [door_detection_node]: HSV handle observed: color=blue, pixel=(28,122), conf=0.17, door_bbox=(23,60,55,176)
[state_machine_node-28] [INFO] [1789540446.056497259] [state_machine_node]: 보조 비상구 관측 저장: door_green_0ad794 (17.9, -0.1)
[state_machine_node-28] [WARN] [1789540446.057113504] [state_machine_node]: Exit candidate door_green_0ad794 accepted despite a backward localization progress estimate: robot=15.9m, opened_floor=15.3m, exit=20.9m.
[door_detection_node-24] [INFO] [1789540447.688741122] [door_detection_node]: HSV handle observed: color=red, pixel=(297,122), conf=0.03, door_bbox=(287,13,319,224)
[state_machine_node-28] [INFO] [1789540449.142124369] [state_machine_node]: 보조 비상구 관측 저장: door_green_31066d (17.9, -0.1)
[state_machine_node-28] [WARN] [1789540449.143307439] [state_machine_node]: Exit candidate door_green_31066d accepted despite a backward localization progress estimate: robot=15.9m, opened_floor=15.3m, exit=20.9m.
[state_machine_node-28] [INFO] [1789540450.624508342] [state_machine_node]: Exit candidate door_green_172e9e rejected: progress 16.7m is only 1.4m after the last opened blue door; need 1.8m before treating green as the final exit.
[door_detection_node-24] [INFO] [1789540453.069290059] [door_detection_node]: HSV handle observed: color=blue, pixel=(80,122), conf=0.16, door_bbox=(73,63,103,173)
[state_machine_node-28] [INFO] [1789540453.089388611] [state_machine_node]: Blue candidate door_blue_84d4f2 ignored: physical/opened door station already handled nearby at (8.65, -2.31).
[door_detection_node-24] [INFO] [1789540454.547335630] [door_detection_node]: HSV handle observed: color=blue, pixel=(158,122), conf=0.15, door_bbox=(151,65,180,171)
[door_detection_node-24] [INFO] [1789540456.143242670] [door_detection_node]: HSV handle observed: color=blue, pixel=(238,122), conf=0.13, door_bbox=(231,60,265,175)
[state_machine_node-28] [INFO] [1789540456.165088948] [state_machine_node]: Blue candidate door_blue_df7a1e ignored: physical/opened door station already handled nearby at (8.51, -2.20).
[door_detection_node-24] [INFO] [1789540459.231036301] [door_detection_node]: HSV handle observed: color=blue, pixel=(199,122), conf=0.15, door_bbox=(192,64,223,172)
[state_machine_node-28] [INFO] [1789540459.352857351] [state_machine_node]: Blue candidate door_blue_1f329e ignored: physical/opened door station already handled nearby at (8.34, -2.37).
[door_detection_node-24] [INFO] [1789540460.849436879] [door_detection_node]: HSV handle observed: color=blue, pixel=(124,122), conf=0.18, door_bbox=(119,66,146,170)
[state_machine_node-28] [INFO] [1789540461.796066270] [state_machine_node]: Explore waypoint side scan complete.
[state_machine_node-28] [INFO] [1789540461.810670462] [state_machine_node]: 파란 문 후보 없음. 2.0s 동안 정지 스캔 후 관측 기반 waypoint를 계획합니다.
[door_detection_node-24] [INFO] [1789540462.383847889] [door_detection_node]: HSV handle observed: color=blue, pixel=(58,121), conf=0.16, door_bbox=(53,63,85,175)
[state_machine_node-28] [INFO] [1789540462.503563986] [state_machine_node]: Blue candidate door_blue_b6ef4e ignored: physical/opened door station already handled nearby at (8.59, -2.32).
[door_detection_node-24] [INFO] [1789540463.990469724] [door_detection_node]: HSV handle observed: color=blue, pixel=(58,121), conf=0.16, door_bbox=(53,63,85,175)
[door_detection_node-24] [INFO] [1789540465.478247284] [door_detection_node]: HSV handle observed: color=blue, pixel=(58,121), conf=0.16, door_bbox=(53,63,85,175)
[state_machine_node-28] [WARN] [1789540465.535305221] [state_machine_node]: Exit candidate door_green_f5568a accepted despite a backward localization progress estimate: robot=16.0m, opened_floor=15.3m, exit=20.9m.
[state_machine_node-28] [INFO] [1789540465.537596881] [state_machine_node]: Exit scan deferred: green exit is visible but the corridor before it has not been observed closely enough for missed blue doors (progress=15.95, exit_progress=20.89, gap=4.94/4.40m).
[state_machine_node-28] [INFO] [1789540465.574487879] [state_machine_node]: 탐색 waypoint 계획 요청: explore_waypoint_16.8_lat-58 progress=16.78, lateral=-0.58, map=(13.78, -0.58) | 우측 차선 선택 | 열린 문 이후 미탐색 벽면을 균형 있게 관찰하기 위한 좌우 교대 스캔 | Red door memory observed_red_2 on right; prefer left lane; 안전거리 내 재관측을 위해 빨간문 쪽 벽면도 짧게 확인 | LiDAR lane clearances: C:y=0.00/clear=3.20, R:y=-0.65/clear=3.20, L:y=0.65/clear=3.20 | 좌우 이동량 제한 -0.72m→-0.65m | 개방 후 미탐색 문 확인을 위해 전진 스캔 간격 0.83m
[state_machine_node-28] [INFO] [1789540465.580658389] [state_machine_node]: State: EXPLORING → EXPLORING_NAVIGATING
[navigation_node-25] [INFO] [1789540465.584556519] [navigation_node]: Navigation goal received: door explore_waypoint_16.8_lat-58 (color=explore, frame=map, x=13.78, y=-0.58)
[bt_navigator-16] [INFO] [1789540465.749687881] [bt_navigator]: Begin navigating from current location (12.95, 0.07) to (13.78, -0.58)
[navigation_node-25] [INFO] [1789540465.751032681] [navigation_node]: Navigation goal accepted by Nav2
[controller_server-12] [INFO] [1789540465.952816487] [controller_server]: Received a goal, begin computing control effort.
[door_detection_node-24] [INFO] [1789540467.163569864] [door_detection_node]: HSV handle observed: color=blue, pixel=(58,121), conf=0.16, door_bbox=(53,63,85,175)
[state_machine_node-28] [INFO] [1789540467.288025550] [state_machine_node]: Blue candidate door_blue_b6ef4e ignored: physical/opened door station already handled nearby at (8.54, -2.35).
[controller_server-12] [INFO] [1789540467.329481277] [controller_server]: Passing new path to controller.
[controller_server-12] [INFO] [1789540468.580309479] [controller_server]: Passing new path to controller.
[door_detection_node-24] [INFO] [1789540468.785650803] [door_detection_node]: HSV handle observed: color=blue, pixel=(7,122), conf=0.19, door_bbox=(0,59,35,177)
[state_machine_node-28] [INFO] [1789540469.317695044] [state_machine_node]: 보조 비상구 관측 저장: door_green_172e9e (17.9, 0.0)
[state_machine_node-28] [WARN] [1789540469.318556441] [state_machine_node]: Exit candidate door_green_172e9e accepted despite a backward localization progress estimate: robot=15.9m, opened_floor=15.3m, exit=20.9m.
[controller_server-12] [INFO] [1789540469.953513716] [controller_server]: Passing new path to controller.
[controller_server-12] [INFO] [1789540471.078492355] [controller_server]: Passing new path to controller.
[controller_server-12] [INFO] [1789540472.454208190] [controller_server]: Passing new path to controller.
[state_machine_node-28] [INFO] [1789540472.480618413] [state_machine_node]: 보조 비상구 관측 저장: door_green_31066d (17.9, -0.0)
[state_machine_node-28] [WARN] [1789540472.483475558] [state_machine_node]: Exit candidate door_green_31066d accepted despite a backward localization progress estimate: robot=15.8m, opened_floor=15.3m, exit=20.9m.
[door_detection_node-24] [INFO] [1789540472.543148657] [door_detection_node]: HSV handle observed: color=red, pixel=(304,122), conf=0.03, door_bbox=(291,20,320,225)
[controller_server-12] [INFO] [1789540473.578507526] [controller_server]: Passing new path to controller.
[door_detection_node-24] [INFO] [1789540474.121863101] [door_detection_node]: HSV handle observed: color=red, pixel=(250,122), conf=0.01, door_bbox=(239,5,312,235)
[controller_server-12] [INFO] [1789540474.953513281] [controller_server]: Passing new path to controller.
[door_detection_node-24] [INFO] [1789540475.760258654] [door_detection_node]: HSV handle observed: color=red, pixel=(208,122), conf=0.01, door_bbox=(200,14,262,224)
[controller_server-12] [INFO] [1789540476.203535067] [controller_server]: Passing new path to controller.
[controller_server-12] [INFO] [1789540477.460272903] [controller_server]: Passing new path to controller.
[door_detection_node-24] [INFO] [1789540477.522675741] [door_detection_node]: HSV handle observed: color=red, pixel=(168,122), conf=0.01, door_bbox=(158,17,219,223)
[state_machine_node-28] [INFO] [1789540478.744554974] [state_machine_node]: 보조 비상구 관측 저장: door_green_b8ec7b (17.9, -0.1)
[state_machine_node-28] [WARN] [1789540478.745551589] [state_machine_node]: Exit candidate door_green_b8ec7b accepted despite a backward localization progress estimate: robot=15.8m, opened_floor=15.3m, exit=20.9m.
[controller_server-12] [INFO] [1789540478.828496039] [controller_server]: Passing new path to controller.
[door_detection_node-24] [INFO] [1789540479.120046229] [door_detection_node]: HSV handle observed: color=red, pixel=(114,122), conf=0.01, door_bbox=(105,16,164,221)
[controller_server-12] [INFO] [1789540480.078462327] [controller_server]: Passing new path to controller.
[door_detection_node-24] [INFO] [1789540480.721065174] [door_detection_node]: HSV handle observed: color=red, pixel=(12,123), conf=0.02, door_bbox=(2,10,71,225)
[controller_server-12] [INFO] [1789540481.457374212] [controller_server]: Passing new path to controller.
[door_detection_node-24] [INFO] [1789540482.194705995] [door_detection_node]: HSV handle observed: color=red, pixel=(249,122), conf=0.01, door_bbox=(239,8,308,232)
[state_machine_node-28] [INFO] [1789540482.226043669] [state_machine_node]: 보조 비상구 관측 저장: door_green_2beddd (17.9, 0.1)
[state_machine_node-28] [WARN] [1789540482.227397601] [state_machine_node]: Exit candidate door_green_2beddd accepted despite a backward localization progress estimate: robot=15.9m, opened_floor=15.3m, exit=20.9m.
[controller_server-12] [INFO] [1789540482.578540631] [controller_server]: Passing new path to controller.
[door_detection_node-24] [INFO] [1789540483.640890581] [door_detection_node]: HSV handle observed: color=red, pixel=(208,122), conf=0.01, door_bbox=(200,12,264,226)
[controller_server-12] [INFO] [1789540483.953524022] [controller_server]: Passing new path to controller.
[controller_server-12] [INFO] [1789540485.203521752] [controller_server]: Passing new path to controller.
[door_detection_node-24] [INFO] [1789540486.118881290] [door_detection_node]: HSV handle observed: color=red, pixel=(157,122), conf=0.01, door_bbox=(147,7,212,233)
[controller_server-12] [INFO] [1789540486.329029048] [controller_server]: Passing new path to controller.
[state_machine_node-28] [INFO] [1789540486.458398345] [state_machine_node]: 보조 비상구 관측 저장: door_green_52e0b6 (17.9, 0.1)
[state_machine_node-28] [WARN] [1789540486.459581744] [state_machine_node]: Exit candidate door_green_52e0b6 accepted despite a backward localization progress estimate: robot=16.2m, opened_floor=15.3m, exit=20.9m.
[door_detection_node-24] [INFO] [1789540487.188776021] [door_detection_node]: HSV handle observed: color=red, pixel=(134,123), conf=0.02, door_bbox=(125,1,192,237)
[controller_server-12] [INFO] [1789540487.578489671] [controller_server]: Passing new path to controller.
[door_detection_node-24] [INFO] [1789540488.192840875] [door_detection_node]: HSV handle observed: color=red, pixel=(128,123), conf=0.02, door_bbox=(119,0,187,239)
[controller_server-12] [INFO] [1789540488.954486919] [controller_server]: Passing new path to controller.
[door_detection_node-24] [INFO] [1789540489.257222695] [door_detection_node]: HSV handle observed: color=red, pixel=(134,123), conf=0.02, door_bbox=(125,0,195,240)
[state_machine_node-28] [INFO] [1789540489.514251192] [state_machine_node]: 보조 비상구 관측 저장: door_green_52e0b6 (17.9, 0.0)
[state_machine_node-28] [WARN] [1789540489.515346866] [state_machine_node]: Exit candidate door_green_52e0b6 accepted despite a backward localization progress estimate: robot=16.4m, opened_floor=15.3m, exit=20.9m.
[controller_server-12] [INFO] [1789540490.078509299] [controller_server]: Passing new path to controller.
[door_detection_node-24] [INFO] [1789540490.263157546] [door_detection_node]: HSV handle observed: color=red, pixel=(140,123), conf=0.01, door_bbox=(129,0,207,240)
[navigation_node-25] [WARN] [1789540490.452835769] [navigation_node]: Robot is 0.35m from explore goal (threshold=0.35m). Treating navigation as succeeded.
[state_machine_node-28] [INFO] [1789540490.455113283] [state_machine_node]: Navigation succeeded.
[controller_server-12] [INFO] [1789540490.578548758] [controller_server]: Goal was canceled. Stopping the robot.
[controller_server-12] [INFO] [1789540490.578750781] [controller_server]: [follow_path] [ActionServer] Client requested to cancel the goal. Cancelling.
[bt_navigator-16] [INFO] [1789540490.579766920] [bt_navigator]: [navigate_to_pose] [ActionServer] Client requested to cancel the goal. Cancelling.
[bt_navigator-16] [INFO] [1789540490.580320167] [bt_navigator]: Goal canceled
[state_machine_node-28] [INFO] [1789540490.785803752] [state_machine_node]: 탐색 waypoint 도착. LiDAR+camera 재스캔을 계속합니다.
[state_machine_node-28] [INFO] [1789540490.786879492] [state_machine_node]: 색상 단서 없음. 열린 문 이후 미탐색 벽면 확인을 위해 다음 탐색 waypoint는 좌측 차선을 우선합니다.
[state_machine_node-28] [INFO] [1789540490.789587885] [state_machine_node]: State: EXPLORING_NAVIGATING → EXPLORING
[door_detection_node-24] [INFO] [1789540491.280589940] [door_detection_node]: HSV handle observed: color=red, pixel=(144,123), conf=0.02, door_bbox=(134,0,216,240)
[state_machine_node-28] [INFO] [1789540491.838253951] [state_machine_node]: Explore waypoint reached; holding position for bilateral camera/LiDAR side scan.
[door_detection_node-24] [INFO] [1789540492.326292730] [door_detection_node]: HSV handle observed: color=red, pixel=(144,124), conf=0.02, door_bbox=(134,0,217,240)
[state_machine_node-28] [INFO] [1789540492.581522203] [state_machine_node]: 보조 비상구 관측 저장: door_green_52e0b6 (17.9, -0.2)
[state_machine_node-28] [WARN] [1789540492.582829973] [state_machine_node]: Exit candidate door_green_52e0b6 accepted despite a backward localization progress estimate: robot=16.5m, opened_floor=15.3m, exit=20.9m.
[door_detection_node-24] [INFO] [1789540493.502337283] [door_detection_node]: HSV handle observed: color=red, pixel=(203,124), conf=0.02, door_bbox=(191,0,284,240)
[state_machine_node-28] [INFO] [1789540496.700391281] [state_machine_node]: 보조 비상구 관측 저장: door_green_86c58c (17.9, -0.0)
[state_machine_node-28] [WARN] [1789540496.701217957] [state_machine_node]: Exit candidate door_green_86c58c accepted despite a backward localization progress estimate: robot=16.5m, opened_floor=15.3m, exit=20.9m.
[door_detection_node-24] [INFO] [1789540497.155286358] [door_detection_node]: HSV handle observed: color=red, pixel=(112,124), conf=0.02, door_bbox=(101,0,188,240)
[door_detection_node-24] [INFO] [1789540498.699900902] [door_detection_node]: YOLO handle observed (primary): pixel=(8,125), conf=0.39, bbox=(0, 114, 16, 136)
[door_detection_node-24] [INFO] [1789540498.703258850] [door_detection_node]: Handle camera-ray projection: pixel=(8,125), range=2.716m, z=0.740m
[state_machine_node-28] [INFO] [1789540500.056084450] [state_machine_node]: 보조 비상구 관측 저장: door_green_2beddd (17.9, 0.1)
[state_machine_node-28] [WARN] [1789540500.057323514] [state_machine_node]: Exit candidate door_green_2beddd accepted despite a backward localization progress estimate: robot=16.5m, opened_floor=15.3m, exit=20.9m.
[door_detection_node-24] [INFO] [1789540501.188693529] [door_detection_node]: HSV handle observed: color=red, pixel=(198,124), conf=0.02, door_bbox=(190,0,276,240)
[door_detection_node-24] [INFO] [1789540502.284189111] [door_detection_node]: HSV handle observed: color=red, pixel=(150,124), conf=0.02, door_bbox=(141,0,220,240)
[door_detection_node-24] [INFO] [1789540503.540648333] [door_detection_node]: HSV handle observed: color=red, pixel=(86,124), conf=0.03, door_bbox=(77,0,155,240)
[state_machine_node-28] [INFO] [1789540504.065149519] [state_machine_node]: 보조 비상구 관측 저장: door_green_cdb2a0 (17.9, 0.1)
[state_machine_node-28] [WARN] [1789540504.066132652] [state_machine_node]: Exit candidate door_green_cdb2a0 accepted despite a backward localization progress estimate: robot=16.5m, opened_floor=15.3m, exit=20.9m.
[state_machine_node-28] [INFO] [1789540505.543538649] [state_machine_node]: Blue candidate door_blue_8bb15d ignored: physical/opened door station already handled nearby at (9.57, -1.59).
[door_detection_node-24] [INFO] [1789540505.910372071] [door_detection_node]: HSV handle observed: color=red, pixel=(272,124), conf=0.04, door_bbox=(259,0,319,240)
[door_detection_node-24] [INFO] [1789540507.528767348] [door_detection_node]: HSV handle observed: color=red, pixel=(178,124), conf=0.02, door_bbox=(166,0,258,240)
[door_detection_node-24] [INFO] [1789540509.037397608] [door_detection_node]: HSV handle observed: color=red, pixel=(276,124), conf=0.04, door_bbox=(262,0,319,240)
[state_machine_node-28] [INFO] [1789540509.253790234] [state_machine_node]: 보조 비상구 관측 저장: door_green_48e442 (17.8, 0.2)
[door_detection_node-24] [INFO] [1789540510.545136095] [door_detection_node]: HSV handle observed: color=red, pixel=(28,124), conf=0.03, door_bbox=(15,0,106,240)
[state_machine_node-28] [WARN] [1789540510.791802251] [state_machine_node]: Exit candidate door_green_cdb2a0 accepted despite a backward localization progress estimate: robot=16.5m, opened_floor=15.3m, exit=20.9m.
[door_detection_node-24] [INFO] [1789540511.803778412] [door_detection_node]: HSV handle observed: color=red, pixel=(88,124), conf=0.02, door_bbox=(78,0,158,240)
[state_machine_node-28] [INFO] [1789540512.339932434] [state_machine_node]: 보조 비상구 관측 저장: door_green_cdb2a0 (17.9, 0.0)
[state_machine_node-28] [INFO] [1789540512.597448014] [state_machine_node]: Explore waypoint side scan complete.
[state_machine_node-28] [INFO] [1789540512.614957347] [state_machine_node]: 파란 문 후보 없음. 2.0s 동안 정지 스캔 후 관측 기반 waypoint를 계획합니다.
[state_machine_node-28] [WARN] [1789540513.809781211] [state_machine_node]: Exit candidate door_green_52e0b6 accepted despite a backward localization progress estimate: robot=16.5m, opened_floor=15.3m, exit=20.9m.
[door_detection_node-24] [INFO] [1789540514.062611068] [door_detection_node]: HSV handle observed: color=red, pixel=(144,124), conf=0.02, door_bbox=(134,0,217,240)
[door_detection_node-24] [INFO] [1789540515.084137188] [door_detection_node]: HSV handle observed: color=red, pixel=(144,124), conf=0.02, door_bbox=(134,0,217,240)
[door_detection_node-24] [INFO] [1789540516.128096585] [door_detection_node]: HSV handle observed: color=red, pixel=(144,124), conf=0.02, door_bbox=(134,0,217,240)
[state_machine_node-28] [WARN] [1789540516.948802195] [state_machine_node]: Exit candidate door_green_f5568a accepted despite a backward localization progress estimate: robot=16.5m, opened_floor=15.3m, exit=20.9m.
[state_machine_node-28] [INFO] [1789540516.951140794] [state_machine_node]: Exit scan allowed from accumulated green-exit memory: progress=16.53, exit_progress=20.89.
[state_machine_node-28] [INFO] [1789540516.951618449] [state_machine_node]: 비상구 이동 전 마지막 측면 문 스캔 시작
[state_machine_node-28] [INFO] [1789540516.954469768] [state_machine_node]: 보조 비상구 관측 저장: door_green_52e0b6 (17.9, -0.0)
[door_detection_node-24] [INFO] [1789540517.196863997] [door_detection_node]: HSV handle observed: color=red, pixel=(144,124), conf=0.02, door_bbox=(134,0,217,240)
[door_detection_node-24] [INFO] [1789540519.339344832] [door_detection_node]: HSV handle observed: color=red, pixel=(222,124), conf=0.02, door_bbox=(210,0,308,240)
[state_machine_node-28] [INFO] [1789540520.220766138] [state_machine_node]: 보조 비상구 관측 저장: door_green_2beddd (17.8, 0.1)
[state_machine_node-28] [WARN] [1789540520.223333396] [state_machine_node]: Exit candidate door_green_2beddd accepted despite a backward localization progress estimate: robot=16.5m, opened_floor=15.3m, exit=20.8m.
[state_machine_node-28] [INFO] [1789540520.896606162] [state_machine_node]: Exit scan allowed from accumulated green-exit memory: progress=16.53, exit_progress=20.89.
[state_machine_node-28] [INFO] [1789540520.915298729] [state_machine_node]: Final exit scan complete. opened=3, no remaining blue door selected; moving to exit.
[state_machine_node-28] [INFO] [1789540520.915855981] [state_machine_node]: State: EXPLORING → EXITING
[state_machine_node-28] [INFO] [1789540521.943888239] [state_machine_node]: 비상구 탐지 확인: door_green_f5568a (13.1, -4.1); Nav2 정렬 목표 (17.1, 0.0), 통과 완료 목표 (18.8, 0.0)를 사용합니다.
[navigation_node-25] [INFO] [1789540521.947189535] [navigation_node]: Navigation goal received: door emergency_exit_pass_through (color=green, frame=map, x=17.09, y=0.00)
[bt_navigator-16] [INFO] [1789540522.115946134] [bt_navigator]: Begin navigating from current location (13.53, -0.42) to (17.09, 0.00)
[navigation_node-25] [INFO] [1789540522.118699457] [navigation_node]: Navigation goal accepted by Nav2
[controller_server-12] [INFO] [1789540522.318216859] [controller_server]: Received a goal, begin computing control effort.
[state_machine_node-28] [INFO] [1789540523.691056702] [state_machine_node]: 보조 비상구 관측 저장: door_green_6a1d9c (17.8, 0.0)
[controller_server-12] [INFO] [1789540523.695147661] [controller_server]: Passing new path to controller.
[door_detection_node-24] [INFO] [1789540524.682174673] [door_detection_node]: YOLO handle observed (primary): pixel=(44,124), conf=0.46, bbox=(32, 116, 57, 133)
[door_detection_node-24] [INFO] [1789540524.687363133] [door_detection_node]: Handle camera-ray projection: pixel=(44,124), range=2.335m, z=0.753m
[controller_server-12] [INFO] [1789540524.945900789] [controller_server]: Passing new path to controller.
[controller_server-12] [INFO] [1789540526.319144715] [controller_server]: Passing new path to controller.
[door_detection_node-24] [INFO] [1789540526.465752149] [door_detection_node]: YOLO handle observed (primary): pixel=(91,124), conf=0.31, bbox=(78, 116, 104, 132)
[door_detection_node-24] [INFO] [1789540526.470437357] [door_detection_node]: Handle camera-ray projection: pixel=(91,124), range=2.122m, z=0.754m
[state_machine_node-28] [INFO] [1789540527.147823208] [state_machine_node]: 보조 비상구 관측 저장: door_green_712afe (17.9, -0.0)
[controller_server-12] [INFO] [1789540527.569141566] [controller_server]: Passing new path to controller.
[door_detection_node-24] [INFO] [1789540528.134311882] [door_detection_node]: YOLO handle observed (primary): pixel=(130,125), conf=0.32, bbox=(118, 117, 143, 133)
[door_detection_node-24] [INFO] [1789540528.139453938] [door_detection_node]: Handle camera-ray projection: pixel=(130,125), range=1.874m, z=0.749m
[controller_server-12] [INFO] [1789540528.819099636] [controller_server]: Passing new path to controller.
[door_detection_node-24] [INFO] [1789540529.587467544] [door_detection_node]: YOLO handle observed (primary): pixel=(160,126), conf=0.32, bbox=(148, 117, 172, 134)
[door_detection_node-24] [INFO] [1789540529.591837453] [door_detection_node]: Handle camera-ray projection: pixel=(160,126), range=1.788m, z=0.743m
[controller_server-12] [INFO] [1789540530.194145257] [controller_server]: Passing new path to controller.
[state_machine_node-28] [INFO] [1789540530.923449309] [state_machine_node]: 보조 비상구 관측 저장: door_green_712afe (17.8, -0.0)
[controller_server-12] [INFO] [1789540531.319246219] [controller_server]: Passing new path to controller.
[door_detection_node-24] [INFO] [1789540531.349072003] [door_detection_node]: HSV handle observed: color=red, pixel=(198,125), conf=0.02, door_bbox=(176,0,318,240)
[controller_server-12] [INFO] [1789540532.696167676] [controller_server]: Passing new path to controller.
[door_detection_node-24] [INFO] [1789540532.758905991] [door_detection_node]: YOLO handle observed (primary): pixel=(229,126), conf=0.27, bbox=(217, 117, 241, 134)
[door_detection_node-24] [INFO] [1789540532.763786639] [door_detection_node]: Handle camera-ray projection: pixel=(229,126), range=1.573m, z=0.750m
[controller_server-12] [INFO] [1789540533.944148822] [controller_server]: Passing new path to controller.
[door_detection_node-24] [INFO] [1789540534.307575824] [door_detection_node]: HSV handle observed: color=red, pixel=(262,126), conf=0.02, door_bbox=(227,0,319,240)
[state_machine_node-28] [INFO] [1789540534.418783082] [state_machine_node]: 보조 비상구 관측 저장: door_green_712afe (17.9, -0.0)
[controller_server-12] [INFO] [1789540535.319159220] [controller_server]: Passing new path to controller.
[door_detection_node-24] [INFO] [1789540535.657469409] [door_detection_node]: HSV handle observed: color=red, pixel=(299,126), conf=0.03, door_bbox=(259,0,319,240)
[controller_server-12] [INFO] [1789540536.444154658] [controller_server]: Passing new path to controller.
[controller_server-12] [INFO] [1789540537.819336164] [controller_server]: Passing new path to controller.
[state_machine_node-28] [INFO] [1789540538.102022210] [state_machine_node]: 보조 비상구 관측 저장: door_green_712afe (17.9, -0.0)
[controller_server-12] [INFO] [1789540539.069151666] [controller_server]: Passing new path to controller.
[controller_server-12] [INFO] [1789540540.320562548] [controller_server]: Passing new path to controller.
[controller_server-12] [WARN] [1789540540.473215100] [controller_server]: Control loop missed its desired rate of 8.0000Hz
[state_machine_node-28] [INFO] [1789540541.477877601] [state_machine_node]: 보조 비상구 관측 저장: door_green_712afe (17.9, -0.1)
[controller_server-12] [INFO] [1789540541.569116136] [controller_server]: Passing new path to controller.
[controller_server-12] [INFO] [1789540542.819293811] [controller_server]: Passing new path to controller.
[controller_server-12] [INFO] [1789540544.196167832] [controller_server]: Passing new path to controller.
[state_machine_node-28] [INFO] [1789540544.922863776] [state_machine_node]: 보조 비상구 관측 저장: door_green_5fde30 (17.9, -0.0)
[controller_server-12] [INFO] [1789540545.444447831] [controller_server]: Passing new path to controller.
[controller_server-12] [INFO] [1789540546.819161005] [controller_server]: Passing new path to controller.
[state_machine_node-28] [INFO] [1789540547.934389286] [state_machine_node]: 보조 비상구 관측 저장: door_green_5fde30 (17.9, -0.0)
[controller_server-12] [INFO] [1789540548.069145749] [controller_server]: Passing new path to controller.
[controller_server-12] [INFO] [1789540549.319147544] [controller_server]: Passing new path to controller.
[controller_server-12] [INFO] [1789540550.694608243] [controller_server]: Passing new path to controller.
[controller_server-12] [INFO] [1789540551.944141215] [controller_server]: Passing new path to controller.
[controller_server-12] [INFO] [1789540553.194130657] [controller_server]: Passing new path to controller.
[state_machine_node-28] [INFO] [1789540553.939457900] [state_machine_node]: 보조 비상구 관측 저장: door_green_5fde30 (18.8, -0.0)
[controller_server-12] [INFO] [1789540554.444207733] [controller_server]: Passing new path to controller.
[controller_server-12] [INFO] [1789540555.819166835] [controller_server]: Passing new path to controller.
[navigation_node-25] [WARN] [1789540557.029227942] [navigation_node]: Robot is 0.18m from green goal (threshold=0.18m). Treating navigation as succeeded.
[state_machine_node-28] [INFO] [1789540557.030871052] [state_machine_node]: Navigation succeeded.
[controller_server-12] [INFO] [1789540557.070012411] [controller_server]: Passing new path to controller.
[bt_navigator-16] [ERROR] [1789540557.137977483] [bt_navigator_navigate_to_pose_rclcpp_node]: Failed to get result for follow_path in node halt!
[bt_navigator-16] [INFO] [1789540557.138240452] [bt_navigator]: [navigate_to_pose] [ActionServer] Client requested to cancel the goal. Cancelling.
[bt_navigator-16] [INFO] [1789540557.138522649] [bt_navigator]: Goal canceled
[state_machine_node-28] [INFO] [1789540557.177619913] [state_machine_node]: 보조 비상구 관측 저장: door_green_7a1ed3 (18.9, -0.0)
[controller_server-12] [INFO] [1789540557.194124561] [controller_server]: Goal was canceled. Stopping the robot.
[controller_server-12] [INFO] [1789540557.194318557] [controller_server]: [follow_path] [ActionServer] Client requested to cancel the goal. Cancelling.
[state_machine_node-28] [WARN] [1789540557.538215072] [state_machine_node]: 비상구 완료 조건 미달: dist=1.87m, goal=(18.79, 0.00), robot=(16.91, 0.03), lateral_error=0.03m/0.85m, yaw_error=2deg
[state_machine_node-28] [INFO] [1789540557.539601395] [state_machine_node]: 비상구 앞 정렬 완료. 마지막 통과 구간은 목표점 방향으로 보정 주행합니다.
[state_machine_node-28] [WARN] [1789540558.507223986] [state_machine_node]: 비상구 완료 조건 미달: dist=1.87m, goal=(18.79, 0.00), robot=(16.91, 0.03), lateral_error=0.03m/0.85m, yaw_error=2deg
[state_machine_node-28] [WARN] [1789540559.414832910] [state_machine_node]: 비상구 완료 조건 미달: dist=1.79m, goal=(18.79, 0.00), robot=(17.00, 0.03), lateral_error=0.03m/0.85m, yaw_error=1deg
[state_machine_node-28] [INFO] [1789540560.324820381] [state_machine_node]: 보조 비상구 관측 저장: door_green_5fde30 (19.0, -0.0)
[state_machine_node-28] [WARN] [1789540560.370178155] [state_machine_node]: 비상구 완료 조건 미달: dist=1.66m, goal=(18.79, 0.00), robot=(17.12, 0.02), lateral_error=0.02m/0.85m, yaw_error=1deg
[state_machine_node-28] [WARN] [1789540561.292764369] [state_machine_node]: 비상구 완료 조건 미달: dist=1.54m, goal=(18.79, 0.00), robot=(17.25, 0.02), lateral_error=0.02m/0.85m, yaw_error=1deg
[state_machine_node-28] [WARN] [1789540562.247497398] [state_machine_node]: 비상구 완료 조건 미달: dist=1.41m, goal=(18.79, 0.00), robot=(17.38, 0.02), lateral_error=0.02m/0.85m, yaw_error=1deg
[state_machine_node-28] [WARN] [1789540563.216501005] [state_machine_node]: 비상구 완료 조건 미달: dist=1.29m, goal=(18.79, 0.00), robot=(17.50, 0.02), lateral_error=0.02m/0.85m, yaw_error=1deg
[state_machine_node-28] [INFO] [1789540563.668628525] [state_machine_node]: 보조 비상구 관측 저장: door_green_5fde30 (19.5, -0.0)
[state_machine_node-28] [WARN] [1789540564.202733051] [state_machine_node]: 비상구 완료 조건 미달: dist=1.16m, goal=(18.79, 0.00), robot=(17.62, 0.02), lateral_error=0.02m/0.85m, yaw_error=1deg
[state_machine_node-28] [WARN] [1789540565.162402473] [state_machine_node]: 비상구 완료 조건 미달: dist=1.03m, goal=(18.79, 0.00), robot=(17.75, 0.02), lateral_error=0.02m/0.85m, yaw_error=1deg
[state_machine_node-28] [WARN] [1789540566.094770886] [state_machine_node]: 비상구 완료 조건 미달: dist=0.92m, goal=(18.79, 0.00), robot=(17.87, 0.01), lateral_error=0.01m/0.85m, yaw_error=1deg
[state_machine_node-28] [WARN] [1789540566.985914514] [state_machine_node]: 비상구 완료 조건 미달: dist=0.79m, goal=(18.79, 0.00), robot=(18.00, 0.01), lateral_error=0.01m/0.85m, yaw_error=1deg
[state_machine_node-28] [WARN] [1789540567.881781778] [state_machine_node]: 비상구 완료 조건 미달: dist=0.66m, goal=(18.79, 0.00), robot=(18.13, 0.01), lateral_error=0.01m/0.85m, yaw_error=1deg
[state_machine_node-28] [WARN] [1789540568.798289716] [state_machine_node]: 비상구 완료 조건 미달: dist=0.53m, goal=(18.79, 0.00), robot=(18.25, 0.01), lateral_error=0.01m/0.85m, yaw_error=1deg
[state_machine_node-28] [WARN] [1789540569.710011898] [state_machine_node]: 비상구 완료 조건 미달: dist=0.41m, goal=(18.79, 0.00), robot=(18.37, 0.01), lateral_error=0.01m/0.85m, yaw_error=1deg
[state_machine_node-28] [INFO] [1789540570.619363770] [state_machine_node]: State: EXITING → MISSION_COMPLETE
[state_machine_node-28] [INFO] [1789540571.496010146] [state_machine_node]: 미션 완료! 개방한 문: 3개. 로봇이 비상구에 도착했습니다.
