[INFO] [launch]: All log files can be found below /root/.ros/log/2026-09-16-15-08-24-687521-BOOK-9IO69NR1EM-7672
[INFO] [launch]: Default logging verbosity is set to INFO
[INFO] [ign-1]: process started with pid [7690]
[INFO] [robot_state_publisher-2]: process started with pid [7692]
[INFO] [static_transform_publisher-3]: process started with pid [7694]
[INFO] [cmd_vel_safety_node-4]: process started with pid [7696]
[INFO] [create-5]: process started with pid [7698]
[INFO] [parameter_bridge-6]: process started with pid [7700]
[INFO] [parameter_bridge-7]: process started with pid [7702]
[INFO] [parameter_bridge-8]: process started with pid [7704]
[static_transform_publisher-3] [WARN] [1789538904.846962323] []: Old-style arguments are deprecated; see --help for new-style arguments
[static_transform_publisher-3] [INFO] [1789538904.864755191] [sim_lidar_sensor_tf]: Spinning until stopped - publishing transform
[static_transform_publisher-3] translation: ('0.200000', '0.000000', '0.070000')
[static_transform_publisher-3] rotation: ('0.000000', '0.000000', '0.000000', '1.000000')
[static_transform_publisher-3] from 'base_link' to 'fire_robot/base_footprint/lidar_sensor'
[create-5] [INFO] [1789538904.880120983] [spawn_fire_robot]: Requesting list of world names.
[robot_state_publisher-2] [INFO] [1789538904.902235500] [robot_state_publisher]: got segment arm_base_link
[robot_state_publisher-2] [INFO] [1789538904.902421559] [robot_state_publisher]: got segment arm_link1
[robot_state_publisher-2] [INFO] [1789538904.902433748] [robot_state_publisher]: got segment arm_link2
[robot_state_publisher-2] [INFO] [1789538904.902438243] [robot_state_publisher]: got segment arm_link3
[robot_state_publisher-2] [INFO] [1789538904.902442395] [robot_state_publisher]: got segment arm_link4
[robot_state_publisher-2] [INFO] [1789538904.902446488] [robot_state_publisher]: got segment arm_link5
[robot_state_publisher-2] [INFO] [1789538904.902449949] [robot_state_publisher]: got segment arm_link6
[robot_state_publisher-2] [INFO] [1789538904.902453425] [robot_state_publisher]: got segment base_footprint
[robot_state_publisher-2] [INFO] [1789538904.902457853] [robot_state_publisher]: got segment base_link
[robot_state_publisher-2] [INFO] [1789538904.902461288] [robot_state_publisher]: got segment camera_color_optical_frame
[robot_state_publisher-2] [INFO] [1789538904.902465249] [robot_state_publisher]: got segment camera_front_left_link
[robot_state_publisher-2] [INFO] [1789538904.902468995] [robot_state_publisher]: got segment camera_front_left_optical_frame
[robot_state_publisher-2] [INFO] [1789538904.902473098] [robot_state_publisher]: got segment camera_front_right_link
[robot_state_publisher-2] [INFO] [1789538904.902476993] [robot_state_publisher]: got segment camera_front_right_optical_frame
[robot_state_publisher-2] [INFO] [1789538904.902480924] [robot_state_publisher]: got segment camera_link
[robot_state_publisher-2] [INFO] [1789538904.902484555] [robot_state_publisher]: got segment depth_camera_link
[robot_state_publisher-2] [INFO] [1789538904.902487907] [robot_state_publisher]: got segment depth_optical_frame
[robot_state_publisher-2] [INFO] [1789538904.902491810] [robot_state_publisher]: got segment front_left_wheel
[robot_state_publisher-2] [INFO] [1789538904.902495331] [robot_state_publisher]: got segment front_right_wheel
[robot_state_publisher-2] [INFO] [1789538904.902498741] [robot_state_publisher]: got segment gripper_base_link
[robot_state_publisher-2] [INFO] [1789538904.902502055] [robot_state_publisher]: got segment gripper_finger_left
[robot_state_publisher-2] [INFO] [1789538904.902505269] [robot_state_publisher]: got segment gripper_finger_right
[robot_state_publisher-2] [INFO] [1789538904.902508573] [robot_state_publisher]: got segment lidar_link
[robot_state_publisher-2] [INFO] [1789538904.902512475] [robot_state_publisher]: got segment rear_left_wheel
[robot_state_publisher-2] [INFO] [1789538904.902515827] [robot_state_publisher]: got segment rear_right_wheel
[parameter_bridge-6] [INFO] [1789538904.907959601] [gz_clock_bridge]: Creating GZ->ROS Bridge: [/clock (gz.msgs.Clock) -> /clock (rosgraph_msgs/msg/Clock)] (Lazy 0)
[parameter_bridge-7] [INFO] [1789538904.921765840] [gz_motion_bridge]: Creating GZ->ROS Bridge: [/scan (gz.msgs.LaserScan) -> /scan (sensor_msgs/msg/LaserScan)] (Lazy 0)
[parameter_bridge-7] [INFO] [1789538904.923598908] [gz_motion_bridge]: Creating ROS->GZ Bridge: [/cmd_vel (geometry_msgs/msg/Twist) -> /cmd_vel (gz.msgs.Twist)] (Lazy 0)
[parameter_bridge-7] [INFO] [1789538904.925344873] [gz_motion_bridge]: Creating GZ->ROS Bridge: [/odom (gz.msgs.Odometry) -> /odom (nav_msgs/msg/Odometry)] (Lazy 0)
[parameter_bridge-8] [INFO] [1789538904.927482641] [gz_rgb_camera_bridge]: Creating GZ->ROS Bridge: [/camera_raw (gz.msgs.Image) -> /camera_raw (sensor_msgs/msg/Image)] (Lazy 0)
[parameter_bridge-7] [INFO] [1789538904.927845793] [gz_motion_bridge]: Creating GZ->ROS Bridge: [/tf (gz.msgs.Pose_V) -> /tf (tf2_msgs/msg/TFMessage)] (Lazy 0)
[parameter_bridge-8] [INFO] [1789538904.930702531] [gz_rgb_camera_bridge]: Creating GZ->ROS Bridge: [/camera_raw/camera_info (gz.msgs.CameraInfo) -> /camera_raw/camera_info (sensor_msgs/msg/CameraInfo)] (Lazy 0)
[parameter_bridge-7] [INFO] [1789538904.930764076] [gz_motion_bridge]: Creating GZ->ROS Bridge: [/joint_states (gz.msgs.Model) -> /joint_states (sensor_msgs/msg/JointState)] (Lazy 0)
[parameter_bridge-8] [INFO] [1789538904.931888229] [gz_rgb_camera_bridge]: Creating GZ->ROS Bridge: [/camera_front_left_raw (gz.msgs.Image) -> /camera_front_left_raw (sensor_msgs/msg/Image)] (Lazy 0)
[parameter_bridge-8] [INFO] [1789538904.932988029] [gz_rgb_camera_bridge]: Creating GZ->ROS Bridge: [/camera_front_left_raw/camera_info (gz.msgs.CameraInfo) -> /camera_front_left_raw/camera_info (sensor_msgs/msg/CameraInfo)] (Lazy 0)
[parameter_bridge-8] [INFO] [1789538904.934486776] [gz_rgb_camera_bridge]: Creating GZ->ROS Bridge: [/camera_front_right_raw (gz.msgs.Image) -> /camera_front_right_raw (sensor_msgs/msg/Image)] (Lazy 0)
[parameter_bridge-8] [INFO] [1789538904.936820901] [gz_rgb_camera_bridge]: Creating GZ->ROS Bridge: [/camera_front_right_raw/camera_info (gz.msgs.CameraInfo) -> /camera_front_right_raw/camera_info (sensor_msgs/msg/CameraInfo)] (Lazy 0)
[cmd_vel_safety_node-4] [INFO] [1789538905.078339052] [cmd_vel_safety_node]: CmdVelSafetyNode started | nav=/cmd_vel, manual=/cmd_vel_manual -> /cmd_vel_safe manual_hold=0.75s, allow_reverse=True, micro_reverse=0.050m/s, LiDAR stops(front/rear/turn)=0.48/0.00/0.00m, manual_lidar_stop=False
[create-5] [INFO] [1789538905.379947001] [spawn_fire_robot]: Waiting messages on topic [/robot_description].
[create-5] [INFO] [1789538905.392248433] [spawn_fire_robot]: Requested creation of entity.
[create-5] [INFO] [1789538905.392289208] [spawn_fire_robot]: OK creation of entity.
[INFO] [create-5]: process has finished cleanly [pid 7698]
[ign-1] [1;33mWarning [Utils.cc:129][0m [/sdf/model[@name="fire_robot"]/link[@name="base_footprint"]/sensor[@name="lidar_sensor"]/lidar/noise[@type="gaussian"]:<urdf-string>:L0]: XML Attribute[type] in element[noise] not defined in SDF.
[INFO] [map_server-9]: process started with pid [7962]
[INFO] [lifecycle_manager-10]: process started with pid [7964]
[INFO] [static_transform_publisher-11]: process started with pid [7966]
[static_transform_publisher-11] [WARN] [1789538912.863640260] []: Old-style arguments are deprecated; see --help for new-style arguments
[static_transform_publisher-11] [INFO] [1789538912.888160837] [sim_odom_map_tf]: Spinning until stopped - publishing transform
[static_transform_publisher-11] translation: ('0.000000', '0.000000', '0.000000')
[static_transform_publisher-11] rotation: ('0.000000', '0.000000', '0.000000', '1.000000')
[static_transform_publisher-11] from 'map' to 'odom'
[map_server-9] [INFO] [1789538912.898655006] [map_server]: 
[map_server-9] 	map_server lifecycle node launched. 
[map_server-9] 	Waiting on external lifecycle transitions to activate
[map_server-9] 	See https://design.ros2.org/articles/node_lifecycle.html for more information.
[lifecycle_manager-10] [INFO] [1789538912.898656784] [lifecycle_manager_localization]: Creating
[map_server-9] [INFO] [1789538912.898820330] [map_server]: Creating
[lifecycle_manager-10] [INFO] [1789538912.903393753] [lifecycle_manager_localization]: [34m[1mCreating and initializing lifecycle service clients[0m[0m
[lifecycle_manager-10] [INFO] [1789538912.972762407] [lifecycle_manager_localization]: [34m[1mStarting managed nodes bringup...[0m[0m
[lifecycle_manager-10] [INFO] [1789538912.972905175] [lifecycle_manager_localization]: [34m[1mConfiguring map_server[0m[0m
[map_server-9] [INFO] [1789538913.124061934] [map_server]: Configuring
[map_server-9] [INFO] [1789538913.124184474] [map_io]: Loading yaml file: /home/junyoung/fire_robot_ws_test/install/fire_robot_navigation/share/fire_robot_navigation/maps/obstacle_wall_doors_v5_static.yaml
[map_server-9] [INFO] [1789538913.134483870] [map_io]: resolution: 0.05
[map_server-9] [INFO] [1789538913.134526845] [map_io]: origin[0]: -6
[map_server-9] [INFO] [1789538913.134529883] [map_io]: origin[1]: -3
[map_server-9] [INFO] [1789538913.134531718] [map_io]: origin[2]: 0
[map_server-9] [INFO] [1789538913.134534127] [map_io]: free_thresh: 0.25
[map_server-9] [INFO] [1789538913.134536301] [map_io]: occupied_thresh: 0.65
[map_server-9] [INFO] [1789538913.134539019] [map_io]: mode: trinary
[map_server-9] [INFO] [1789538913.134542282] [map_io]: negate: 0
[map_server-9] [INFO] [1789538913.134757569] [map_io]: Loading image_file: /home/junyoung/fire_robot_ws_test/install/fire_robot_navigation/share/fire_robot_navigation/maps/obstacle_wall_doors_v5_static.pgm
[map_server-9] [INFO] [1789538913.143305051] [map_io]: Read map /home/junyoung/fire_robot_ws_test/install/fire_robot_navigation/share/fire_robot_navigation/maps/obstacle_wall_doors_v5_static.pgm: 500 X 120 map @ 0.05 m/cell
[lifecycle_manager-10] [INFO] [1789538913.149729258] [lifecycle_manager_localization]: [34m[1mActivating map_server[0m[0m
[map_server-9] [INFO] [1789538913.149948123] [map_server]: Activating
[map_server-9] [INFO] [1789538913.150077342] [map_server]: Creating bond (map_server) to lifecycle manager.
[lifecycle_manager-10] [INFO] [1789538913.256181516] [lifecycle_manager_localization]: Server map_server connected with bond.
[lifecycle_manager-10] [INFO] [1789538913.256251603] [lifecycle_manager_localization]: [34m[1mManaged nodes are active[0m[0m
[lifecycle_manager-10] [INFO] [1789538913.256259177] [lifecycle_manager_localization]: [34m[1mCreating bond timer...[0m[0m
[INFO] [controller_server-12]: process started with pid [8005]
[INFO] [smoother_server-13]: process started with pid [8007]
[INFO] [planner_server-14]: process started with pid [8009]
[INFO] [behavior_server-15]: process started with pid [8011]
[INFO] [bt_navigator-16]: process started with pid [8013]
[INFO] [velocity_smoother-17]: process started with pid [8015]
[INFO] [lifecycle_manager-18]: process started with pid [8017]
[lifecycle_manager-18] [INFO] [1789538917.016275834] [lifecycle_manager_navigation]: Creating
[lifecycle_manager-18] [INFO] [1789538917.018375747] [lifecycle_manager_navigation]: [34m[1mCreating and initializing lifecycle service clients[0m[0m
[bt_navigator-16] [INFO] [1789538917.039782638] [bt_navigator]: 
[bt_navigator-16] 	bt_navigator lifecycle node launched. 
[bt_navigator-16] 	Waiting on external lifecycle transitions to activate
[bt_navigator-16] 	See https://design.ros2.org/articles/node_lifecycle.html for more information.
[bt_navigator-16] [INFO] [1789538917.039933439] [bt_navigator]: Creating
[velocity_smoother-17] [INFO] [1789538917.381826319] [velocity_smoother]: 
[velocity_smoother-17] 	velocity_smoother lifecycle node launched. 
[velocity_smoother-17] 	Waiting on external lifecycle transitions to activate
[velocity_smoother-17] 	See https://design.ros2.org/articles/node_lifecycle.html for more information.
[controller_server-12] [INFO] [1789538917.384754476] [controller_server]: 
[controller_server-12] 	controller_server lifecycle node launched. 
[controller_server-12] 	Waiting on external lifecycle transitions to activate
[controller_server-12] 	See https://design.ros2.org/articles/node_lifecycle.html for more information.
[controller_server-12] [INFO] [1789538917.391030000] [controller_server]: Creating controller server
[smoother_server-13] [INFO] [1789538917.398198435] [smoother_server]: 
[smoother_server-13] 	smoother_server lifecycle node launched. 
[smoother_server-13] 	Waiting on external lifecycle transitions to activate
[smoother_server-13] 	See https://design.ros2.org/articles/node_lifecycle.html for more information.
[smoother_server-13] [INFO] [1789538917.401876346] [smoother_server]: Creating smoother server
[behavior_server-15] [INFO] [1789538917.406957137] [behavior_server]: 
[behavior_server-15] 	behavior_server lifecycle node launched. 
[behavior_server-15] 	Waiting on external lifecycle transitions to activate
[behavior_server-15] 	See https://design.ros2.org/articles/node_lifecycle.html for more information.
[planner_server-14] [INFO] [1789538917.419792451] [planner_server]: 
[planner_server-14] 	planner_server lifecycle node launched. 
[planner_server-14] 	Waiting on external lifecycle transitions to activate
[planner_server-14] 	See https://design.ros2.org/articles/node_lifecycle.html for more information.
[planner_server-14] [INFO] [1789538917.421498962] [planner_server]: Creating
[controller_server-12] [INFO] [1789538917.424512922] [local_costmap.local_costmap]: 
[controller_server-12] 	local_costmap lifecycle node launched. 
[controller_server-12] 	Waiting on external lifecycle transitions to activate
[controller_server-12] 	See https://design.ros2.org/articles/node_lifecycle.html for more information.
[controller_server-12] [INFO] [1789538917.425441798] [local_costmap.local_costmap]: Creating Costmap
[planner_server-14] [INFO] [1789538917.459001969] [global_costmap.global_costmap]: 
[planner_server-14] 	global_costmap lifecycle node launched. 
[planner_server-14] 	Waiting on external lifecycle transitions to activate
[planner_server-14] 	See https://design.ros2.org/articles/node_lifecycle.html for more information.
[planner_server-14] [INFO] [1789538917.459665009] [global_costmap.global_costmap]: Creating Costmap
[lifecycle_manager-18] [INFO] [1789538918.130867287] [lifecycle_manager_navigation]: [34m[1mStarting managed nodes bringup...[0m[0m
[lifecycle_manager-18] [INFO] [1789538918.130976122] [lifecycle_manager_navigation]: [34m[1mConfiguring controller_server[0m[0m
[controller_server-12] [INFO] [1789538918.131397747] [controller_server]: Configuring controller interface
[controller_server-12] [INFO] [1789538918.131611126] [controller_server]: getting goal checker plugins..
[controller_server-12] [INFO] [1789538918.131716428] [controller_server]: Controller frequency set to 8.0000Hz
[controller_server-12] [INFO] [1789538918.131756323] [local_costmap.local_costmap]: Configuring
[controller_server-12] [INFO] [1789538918.139297981] [local_costmap.local_costmap]: Using plugin "obstacle_layer"
[controller_server-12] [INFO] [1789538918.144169200] [local_costmap.local_costmap]: Subscribed to Topics: scan
[controller_server-12] [INFO] [1789538918.150453581] [local_costmap.local_costmap]: Initialized plugin "obstacle_layer"
[controller_server-12] [INFO] [1789538918.150504652] [local_costmap.local_costmap]: Using plugin "inflation_layer"
[controller_server-12] [INFO] [1789538918.151878007] [local_costmap.local_costmap]: Initialized plugin "inflation_layer"
[controller_server-12] [INFO] [1789538918.171059492] [controller_server]: Created progress_checker : progress_checker of type nav2_controller::SimpleProgressChecker
[controller_server-12] [INFO] [1789538918.172397705] [controller_server]: Created goal checker : general_goal_checker of type nav2_controller::SimpleGoalChecker
[controller_server-12] [INFO] [1789538918.173219893] [controller_server]: Controller Server has general_goal_checker  goal checkers available.
[controller_server-12] [INFO] [1789538918.175996570] [controller_server]: Created controller : FollowPath of type nav2_rotation_shim_controller::RotationShimController
[controller_server-12] [INFO] [1789538918.182626283] [controller_server]: Created internal controller for rotation shimming: FollowPath of type dwb_core::DWBLocalPlanner
[controller_server-12] [INFO] [1789538918.185027436] [controller_server]: Setting transform_tolerance to 0.300000
[controller_server-12] [INFO] [1789538918.201873994] [controller_server]: Using critic "RotateToGoal" (dwb_critics::RotateToGoalCritic)
[controller_server-12] [INFO] [1789538918.202840751] [controller_server]: Critic plugin initialized
[controller_server-12] [INFO] [1789538918.203223850] [controller_server]: Using critic "Oscillation" (dwb_critics::OscillationCritic)
[controller_server-12] [INFO] [1789538918.204505429] [controller_server]: Critic plugin initialized
[controller_server-12] [INFO] [1789538918.204725263] [controller_server]: Using critic "BaseObstacle" (dwb_critics::BaseObstacleCritic)
[controller_server-12] [INFO] [1789538918.204993175] [controller_server]: Critic plugin initialized
[controller_server-12] [INFO] [1789538918.205097302] [controller_server]: Using critic "ObstacleFootprint" (dwb_critics::ObstacleFootprintCritic)
[controller_server-12] [INFO] [1789538918.205287300] [controller_server]: Critic plugin initialized
[controller_server-12] [INFO] [1789538918.205385339] [controller_server]: Using critic "GoalAlign" (dwb_critics::GoalAlignCritic)
[controller_server-12] [INFO] [1789538918.206059307] [controller_server]: Critic plugin initialized
[controller_server-12] [INFO] [1789538918.206311498] [controller_server]: Using critic "PathAlign" (dwb_critics::PathAlignCritic)
[controller_server-12] [INFO] [1789538918.207422305] [controller_server]: Critic plugin initialized
[controller_server-12] [INFO] [1789538918.207520363] [controller_server]: Using critic "PathDist" (dwb_critics::PathDistCritic)
[controller_server-12] [INFO] [1789538918.208124586] [controller_server]: Critic plugin initialized
[controller_server-12] [INFO] [1789538918.208826615] [controller_server]: Using critic "GoalDist" (dwb_critics::GoalDistCritic)
[controller_server-12] [INFO] [1789538918.209548648] [controller_server]: Critic plugin initialized
[controller_server-12] [INFO] [1789538918.209600315] [controller_server]: Controller Server has FollowPath  controllers available.
[lifecycle_manager-18] [INFO] [1789538918.223002163] [lifecycle_manager_navigation]: [34m[1mConfiguring smoother_server[0m[0m
[smoother_server-13] [INFO] [1789538918.223363046] [smoother_server]: Configuring smoother server
[smoother_server-13] [INFO] [1789538918.239878478] [smoother_server]: Created smoother : simple_smoother of type nav2_smoother::SimpleSmoother
[smoother_server-13] [INFO] [1789538918.240350140] [smoother_server]: Smoother Server has simple_smoother  smoothers available.
[lifecycle_manager-18] [INFO] [1789538918.254502438] [lifecycle_manager_navigation]: [34m[1mConfiguring planner_server[0m[0m
[planner_server-14] [INFO] [1789538918.254866526] [planner_server]: Configuring
[planner_server-14] [INFO] [1789538918.254903157] [global_costmap.global_costmap]: Configuring
[planner_server-14] [INFO] [1789538918.263875251] [global_costmap.global_costmap]: Using plugin "static_layer"
[planner_server-14] [INFO] [1789538918.267688528] [global_costmap.global_costmap]: Subscribing to the map topic (/initial_static_map) with transient local durability
[planner_server-14] [INFO] [1789538918.269955693] [global_costmap.global_costmap]: Initialized plugin "static_layer"
[planner_server-14] [INFO] [1789538918.269996979] [global_costmap.global_costmap]: Using plugin "fixed_obstacle_layer"
[planner_server-14] [INFO] [1789538918.270896706] [global_costmap.global_costmap]: Subscribing to the map topic (/fixed_obstacle_map) with transient local durability
[planner_server-14] [INFO] [1789538918.271828201] [global_costmap.global_costmap]: Initialized plugin "fixed_obstacle_layer"
[planner_server-14] [INFO] [1789538918.271855979] [global_costmap.global_costmap]: Using plugin "obstacle_layer"
[planner_server-14] [INFO] [1789538918.273240237] [global_costmap.global_costmap]: Subscribed to Topics: scan
[planner_server-14] [INFO] [1789538918.283522435] [global_costmap.global_costmap]: Initialized plugin "obstacle_layer"
[planner_server-14] [INFO] [1789538918.283611584] [global_costmap.global_costmap]: Using plugin "inflation_layer"
[planner_server-14] [INFO] [1789538918.285908035] [global_costmap.global_costmap]: Initialized plugin "inflation_layer"
[planner_server-14] [INFO] [1789538918.307269234] [planner_server]: Created global planner plugin GridBased of type nav2_smac_planner/SmacPlanner2D
[planner_server-14] [INFO] [1789538918.307331956] [planner_server]: Configuring GridBased of type SmacPlanner2D
[planner_server-14] [INFO] [1789538918.314738000] [planner_server]: Configured plugin GridBased of type SmacPlanner2D with tolerance 0.55, maximum iterations 1000000, max on approach iterations 1000, and allowing unknown traversal.
[planner_server-14] [INFO] [1789538918.314851709] [planner_server]: Planner Server has GridBased  planners available.
[lifecycle_manager-18] [INFO] [1789538918.334316170] [lifecycle_manager_navigation]: [34m[1mConfiguring behavior_server[0m[0m
[behavior_server-15] [INFO] [1789538918.334667213] [behavior_server]: Configuring
[behavior_server-15] [INFO] [1789538918.350888896] [behavior_server]: Creating behavior plugin spin of type nav2_behaviors/Spin
[behavior_server-15] [INFO] [1789538918.352003698] [behavior_server]: Configuring spin
[behavior_server-15] [INFO] [1789538918.362858370] [behavior_server]: Creating behavior plugin backup of type nav2_behaviors/BackUp
[behavior_server-15] [INFO] [1789538918.363476965] [behavior_server]: Configuring backup
[behavior_server-15] [INFO] [1789538918.372833939] [behavior_server]: Creating behavior plugin drive_on_heading of type nav2_behaviors/DriveOnHeading
[behavior_server-15] [INFO] [1789538918.374149276] [behavior_server]: Configuring drive_on_heading
[behavior_server-15] [INFO] [1789538918.383729043] [behavior_server]: Creating behavior plugin assisted_teleop of type nav2_behaviors/AssistedTeleop
[behavior_server-15] [INFO] [1789538918.386348125] [behavior_server]: Configuring assisted_teleop
[behavior_server-15] [INFO] [1789538918.399533381] [behavior_server]: Creating behavior plugin wait of type nav2_behaviors/Wait
[behavior_server-15] [INFO] [1789538918.400651053] [behavior_server]: Configuring wait
[lifecycle_manager-18] [INFO] [1789538918.407327735] [lifecycle_manager_navigation]: [34m[1mConfiguring bt_navigator[0m[0m
[bt_navigator-16] [INFO] [1789538918.407665537] [bt_navigator]: Configuring
[lifecycle_manager-18] [INFO] [1789538918.503264713] [lifecycle_manager_navigation]: [34m[1mConfiguring velocity_smoother[0m[0m
[velocity_smoother-17] [INFO] [1789538918.503759504] [velocity_smoother]: Configuring velocity smoother
[lifecycle_manager-18] [INFO] [1789538918.512278115] [lifecycle_manager_navigation]: [34m[1mActivating controller_server[0m[0m
[controller_server-12] [INFO] [1789538918.512576121] [controller_server]: Activating
[controller_server-12] [INFO] [1789538918.512634648] [local_costmap.local_costmap]: Activating
[controller_server-12] [INFO] [1789538918.512654206] [local_costmap.local_costmap]: Checking transform
[controller_server-12] [INFO] [1789538918.512894444] [local_costmap.local_costmap]: start
[controller_server-12] [INFO] [1789538918.714219322] [controller_server]: Activating controller: FollowPath of type nav2_rotation_shim_controller::RotationShimController
[controller_server-12] [INFO] [1789538918.714362515] [controller_server]: Creating bond (controller_server) to lifecycle manager.
[lifecycle_manager-18] [INFO] [1789538918.821293108] [lifecycle_manager_navigation]: Server controller_server connected with bond.
[lifecycle_manager-18] [INFO] [1789538918.821361498] [lifecycle_manager_navigation]: [34m[1mActivating smoother_server[0m[0m
[smoother_server-13] [INFO] [1789538918.821677841] [smoother_server]: Activating
[smoother_server-13] [INFO] [1789538918.821730444] [smoother_server]: Creating bond (smoother_server) to lifecycle manager.
[lifecycle_manager-18] [INFO] [1789538918.930016845] [lifecycle_manager_navigation]: Server smoother_server connected with bond.
[lifecycle_manager-18] [INFO] [1789538918.930075318] [lifecycle_manager_navigation]: [34m[1mActivating planner_server[0m[0m
[planner_server-14] [INFO] [1789538918.930404363] [planner_server]: Activating
[planner_server-14] [INFO] [1789538918.930441517] [global_costmap.global_costmap]: Activating
[planner_server-14] [INFO] [1789538918.930451543] [global_costmap.global_costmap]: Checking transform
[planner_server-14] [INFO] [1789538918.930674276] [global_costmap.global_costmap]: start
[planner_server-14] [INFO] [1789538919.981624426] [planner_server]: Activating plugin GridBased of type SmacPlanner2D
[planner_server-14] [INFO] [1789538919.983141929] [planner_server]: Creating bond (planner_server) to lifecycle manager.
[lifecycle_manager-18] [INFO] [1789538920.089910593] [lifecycle_manager_navigation]: Server planner_server connected with bond.
[lifecycle_manager-18] [INFO] [1789538920.090003559] [lifecycle_manager_navigation]: [34m[1mActivating behavior_server[0m[0m
[behavior_server-15] [INFO] [1789538920.090352688] [behavior_server]: Activating
[behavior_server-15] [INFO] [1789538920.090382467] [behavior_server]: Activating spin
[behavior_server-15] [INFO] [1789538920.090392990] [behavior_server]: Activating backup
[behavior_server-15] [INFO] [1789538920.090400028] [behavior_server]: Activating drive_on_heading
[behavior_server-15] [INFO] [1789538920.090406962] [behavior_server]: Activating assisted_teleop
[behavior_server-15] [INFO] [1789538920.090413974] [behavior_server]: Activating wait
[behavior_server-15] [INFO] [1789538920.090424267] [behavior_server]: Creating bond (behavior_server) to lifecycle manager.
[lifecycle_manager-18] [INFO] [1789538920.198751237] [lifecycle_manager_navigation]: Server behavior_server connected with bond.
[lifecycle_manager-18] [INFO] [1789538920.198852611] [lifecycle_manager_navigation]: [34m[1mActivating bt_navigator[0m[0m
[bt_navigator-16] [INFO] [1789538920.199376844] [bt_navigator]: Activating
[bt_navigator-16] [INFO] [1789538920.312155752] [bt_navigator]: Creating bond (bt_navigator) to lifecycle manager.
[lifecycle_manager-18] [INFO] [1789538920.420150984] [lifecycle_manager_navigation]: Server bt_navigator connected with bond.
[lifecycle_manager-18] [INFO] [1789538920.420277819] [lifecycle_manager_navigation]: [34m[1mActivating velocity_smoother[0m[0m
[velocity_smoother-17] [INFO] [1789538920.420741592] [velocity_smoother]: Activating
[velocity_smoother-17] [INFO] [1789538920.420832904] [velocity_smoother]: Creating bond (velocity_smoother) to lifecycle manager.
[lifecycle_manager-18] [INFO] [1789538920.532754090] [lifecycle_manager_navigation]: Server velocity_smoother connected with bond.
[lifecycle_manager-18] [INFO] [1789538920.532839728] [lifecycle_manager_navigation]: [34m[1mManaged nodes are active[0m[0m
[lifecycle_manager-18] [INFO] [1789538920.532848129] [lifecycle_manager_navigation]: [34m[1mCreating bond timer...[0m[0m
[INFO] [bash-19]: process started with pid [8117]
[bash-19] [sim_odom_map_lifecycle_recovery] checking map_server
[INFO] [initial_static_map_node-20]: process started with pid [8128]
[INFO] [fixed_obstacle_map_node-21]: process started with pid [8130]
[INFO] [mission_axis_node-22]: process started with pid [8132]
[INFO] [sensor_fusion_node-23]: process started with pid [8134]
[INFO] [door_detection_node-24]: process started with pid [8136]
[INFO] [navigation_node-25]: process started with pid [8138]
[INFO] [manipulation_node-26]: process started with pid [8140]
[fixed_obstacle_map_node-21] [INFO] [1789538923.486563817] [fixed_obstacle_map_node]: FixedObstacleMapNode started | static=/initial_static_map, scan=/scan, output=/fixed_obstacle_map
[mission_axis_node-22] [INFO] [1789538923.505694211] [mission_axis_node]: MissionAxisNode started | map=/initial_static_map, base=base_link, frame=map
[initial_static_map_node-20] [INFO] [1789538923.607966329] [initial_static_map_node]: InitialStaticMapNode started | source=/map, static=/initial_static_map, delay=2.0s
[mission_axis_node-22] [WARN] [1789538923.661283214] [mission_axis_node]: Mission axis map was not available in time; publishing robot-pose fallback axis until the static map arrives.
[mission_axis_node-22] [INFO] [1789538923.663945245] [mission_axis_node]: Mission axis published: origin=(-3.00, -0.00), yaw=0.0deg
[initial_static_map_node-20] [INFO] [1789538923.706243967] [initial_static_map_node]: First usable map received. Waiting before static snapshot...
[sensor_fusion_node-23] [INFO] [1789538923.817306287] [sensor_fusion_node]: SegFormer disabled. Publishing LiDAR-derived observation map.
[manipulation_node-26] [INFO] [1789538923.849053547] [manipulation_node]:   [SIM] Loaded 6 hinged blue doors from obstacle_all_blue_world5_v1.world
[manipulation_node-26] [INFO] [1789538923.852926099] [manipulation_node]: ManipulationNode started [SIMULATION, backend=moveit]
[manipulation_node-26] [INFO] [1789538923.853735863] [manipulation_node]: Gazebo arm simulation enabled (transport=ign, prefix=/fire_robot/sim_arm).
[navigation_node-25] [INFO] [1789538923.857618291] [navigation_node]: NavigationNode started
[navigation_node-25] [INFO] [1789538923.860192232] [navigation_node]: Mission axis received: origin=(-3.00, -0.00), yaw=0.0deg
[sensor_fusion_node-23] [INFO] [1789538923.871132671] [sensor_fusion_node]: SensorFusionNode started | frame=map, grid=800x400@0.05m
[bash-19] [sim_odom_map_lifecycle_recovery] recovery attempt 1
[INFO] [bash-27]: process started with pid [8244]
[bash-27] [nav2_lifecycle_recovery] checking Nav2 lifecycle
[door_detection_node-24] [INFO] [1789538927.094741281] [door_detection_node]: YOLO inference torch threads limited to 1.
[door_detection_node-24] [INFO] [1789538927.095430443] [door_detection_node]: Loading custom YOLO model: /home/junyoung/fire_robot_ws_test/install/fire_robot_perception/share/fire_robot_perception/models/best.pt
[door_detection_node-24] [WARN] [1789538927.545027612] [door_detection_node]: Handle YOLO model has a single non-handle class "item". Treating it as handle. Rename the dataset class to handle/door_handle when retraining.
[door_detection_node-24] [INFO] [1789538927.545660659] [door_detection_node]: Loading primary handle YOLO model: /home/junyoung/fire_robot_ws_test/install/fire_robot_perception/share/fire_robot_perception/models/handle_best_v3_CANDIDATE.pt (classes=['item'])
[door_detection_node-24] [INFO] [1789538927.816722457] [door_detection_node]: Loading fallback handle YOLO model: /home/junyoung/fire_robot_ws_test/install/fire_robot_perception/share/fire_robot_perception/models/handle_best_v2.pt (classes=['lever_handle'])
[door_detection_node-24] [INFO] [1789538927.817328902] [door_detection_node]: DoorDetectionNode started | YOLO=OK | handle_yolo=OK | handle_yolo_fallback=OK | imgsz=320 | depth=OFF | yolo_interval=2.40s | image_interval=1.20s | debug_image=OFF | cameras=front,front_left,front_right
[planner_server-14] [WARN] [1789538928.932074778] [global_costmap.global_costmap]: Can't update static costmap layer, no map received
[sensor_fusion_node-23] [INFO] [1789538929.158117096] [sensor_fusion_node]: Segmentation map origin locked to initial robot pose: origin=(-23.00, -10.00)
[bash-19] [sim_odom_map_lifecycle_recovery] map_server active
[INFO] [bash-19]: process has finished cleanly [pid 8117]
[bash-27] [nav2_lifecycle_recovery] Nav2 already active
[INFO] [bash-27]: process has finished cleanly [pid 8244]
[initial_static_map_node-20] [INFO] [1789538937.703039382] [initial_static_map_node]: Captured initial static map: 500x120, res=0.050 -> 760x200, origin=(-7.00, -5.00), occupied=5192
[planner_server-14] [INFO] [1789538937.709553400] [global_costmap.global_costmap]: StaticLayer: Resizing costmap to 760 X 200 at 0.050000 m/pix
[fixed_obstacle_map_node-21] [INFO] [1789538937.762458402] [fixed_obstacle_map_node]: Fixed obstacle overlay initialized: 760x200, res=0.050, origin=(-7.00, -5.00), mark_radius=2 cells
[INFO] [state_machine_node-28]: process started with pid [8385]
[state_machine_node-28] [INFO] [1789538955.742337446] [state_machine_node]: StateMachineNode started | nav_timeout=55.0s  max_retries=2  explore_timeout=60.0s  exit=observed green exit only
[state_machine_node-28] [INFO] [1789538955.748628424] [state_machine_node]: Mission axis 대기 중: 초기 SLAM/static map 기준축 수신 후 탐색을 시작합니다.
[state_machine_node-28] [INFO] [1789538956.959256974] [state_machine_node]: Mission axis updated from /map: origin=(-3.00, -0.00), yaw=0.0deg
[state_machine_node-28] [INFO] [1789538957.969458658] [state_machine_node]: start_without_fire enabled. Starting corridor exploration.
[state_machine_node-28] [INFO] [1789538957.970299868] [state_machine_node]: State: IDLE → EXPLORING
[parameter_bridge-7] [INFO] [1789538957.971538027] [gz_motion_bridge]: Passing message from ROS geometry_msgs/msg/Twist to Gazebo gz.msgs.Twist (showing msg only once per type)
[state_machine_node-28] [INFO] [1789538958.759749327] [state_machine_node]: 파란 문 후보 없음. 2.0s 동안 정지 스캔 후 관측 기반 waypoint를 계획합니다.
[state_machine_node-28] [INFO] [1789538962.297256761] [state_machine_node]: 탐색 waypoint 계획 요청: explore_waypoint_1.2_lat+0 progress=1.20, lateral=0.00, map=(-1.80, -0.00) | 중앙 차선 선택 | 파란 문/전방 장애물/빨간 문 회피 이유 없음, 관측 기반 중앙 진행축 유지 | LiDAR lane clearances: C:y=0.00/clear=3.20, R:y=-0.65/clear=3.03, L:y=0.65/clear=3.20
[state_machine_node-28] [INFO] [1789538962.297685285] [state_machine_node]: State: EXPLORING → EXPLORING_NAVIGATING
[navigation_node-25] [INFO] [1789538962.300544540] [navigation_node]: Navigation goal received: door explore_waypoint_1.2_lat+0 (color=explore, frame=map, x=-1.80, y=-0.00)
[bt_navigator-16] [INFO] [1789538963.044099159] [bt_navigator]: Begin navigating from current location (-3.00, -0.00) to (-1.80, -0.00)
[navigation_node-25] [INFO] [1789538963.046196322] [navigation_node]: Navigation goal accepted by Nav2
[controller_server-12] [INFO] [1789538963.245805673] [controller_server]: Received a goal, begin computing control effort.
[controller_server-12] [WARN] [1789538963.245912578] [controller_server]: No goal checker was specified in parameter 'current_goal_checker'. Server will use only plugin loaded general_goal_checker . This warning will appear once.
[controller_server-12] [INFO] [1789538964.621957879] [controller_server]: Passing new path to controller.
[door_detection_node-24] [INFO] [1789538965.370387177] [door_detection_node]: HSV handle observed: color=blue, pixel=(10,122), conf=0.63, door_bbox=(0,32,16,210)
[door_detection_node-24] [INFO] [1789538965.378972672] [door_detection_node]: Handle camera-ray projection: pixel=(10,122), range=3.745m, z=0.762m
[controller_server-12] [INFO] [1789538965.871565844] [controller_server]: Passing new path to controller.
[state_machine_node-28] [INFO] [1789538966.077326936] [state_machine_node]: Blue candidate door_blue_b177f7 is waiting for stronger direct evidence before interrupting exploration (conf=0.49/0.55).
[controller_server-12] [INFO] [1789538967.246580601] [controller_server]: Passing new path to controller.
[controller_server-12] [INFO] [1789538968.371595423] [controller_server]: Passing new path to controller.
[door_detection_node-24] [INFO] [1789538969.536200796] [door_detection_node]: HSV handle observed: color=blue, pixel=(314,123), conf=0.18, door_bbox=(260,2,319,227)
[controller_server-12] [INFO] [1789538969.624256709] [controller_server]: Passing new path to controller.
[state_machine_node-28] [INFO] [1789538970.008370046] [state_machine_node]: Blue candidate door_blue_b177f7 interrupts exploration using repeated wall-side map memory (conf=0.49/0.55, cluster=0.49/0.45, cluster_count=3).
[state_machine_node-28] [INFO] [1789538970.011143223] [state_machine_node]: 탐색 중 파란 문 후보 평가: door_blue_b177f7:p=2.30,lat=1.35,d=2.2m,conf=0.49; door_blue_e9ada9:p=5.47,lat=-1.74,d=4.8m,conf=0.53
[state_machine_node-28] [INFO] [1789538970.012843374] [state_machine_node]: 문 접근 목표 보정: door_blue_b177f7 handle_axis=(2.29, 1.31) goal_axis=(2.29, 0.80) wall_axis=(2.29, 1.90) yaw=90deg
[state_machine_node-28] [INFO] [1789538970.013437745] [state_machine_node]: 탐색 waypoint 이동 중 파란 문 확인: door_blue_b177f7. 현재 waypoint를 취소하고 문 접근으로 즉시 전환합니다.
[state_machine_node-28] [INFO] [1789538970.014108242] [state_machine_node]: State: EXPLORING_NAVIGATING → NAVIGATING
[navigation_node-25] [INFO] [1789538970.016313977] [navigation_node]: Navigation goal received: door door_blue_b177f7 (color=blue, frame=map, x=-0.71, y=0.80)
[navigation_node-25] [WARN] [1789538970.017045527] [navigation_node]: Already navigating. Preempting current goal without an explicit stop before retargeting to: door_blue_b177f7
[navigation_node-25] [INFO] [1789538970.666476813] [navigation_node]: Navigation goal accepted by Nav2
[bt_navigator-16] [INFO] [1789538970.748347551] [bt_navigator]: Received goal preemption request
[bt_navigator-16] [INFO] [1789538970.748769918] [bt_navigator]: Begin navigating from current location (-2.14, -0.02) to (-0.71, 0.80)
[controller_server-12] [INFO] [1789538970.872455807] [controller_server]: Passing new path to controller.
[door_detection_node-24] [INFO] [1789538971.191769985] [door_detection_node]: YOLO handle observed (primary): pixel=(304,123), conf=0.28, bbox=(287, 113, 320, 133)
[door_detection_node-24] [INFO] [1789538971.197694506] [door_detection_node]: Handle camera-ray projection: pixel=(304,123), range=3.365m, z=0.752m
[door_detection_node-24] [INFO] [1789538971.892137882] [door_detection_node]: HSV handle observed: color=blue, pixel=(235,122), conf=0.16, door_bbox=(230,66,254,169)
[controller_server-12] [INFO] [1789538972.246575043] [controller_server]: Passing new path to controller.
[door_detection_node-24] [INFO] [1789538972.705950384] [door_detection_node]: YOLO handle observed (primary): pixel=(266,12), conf=0.42, bbox=(212, 0, 319, 24)
[door_detection_node-24] [INFO] [1789538972.710802839] [door_detection_node]: Handle camera-ray projection: pixel=(266,12), range=2.832m, z=1.250m
[door_detection_node-24] [INFO] [1789538972.931609055] [door_detection_node]: HSV handle observed: color=blue, pixel=(241,122), conf=0.08, door_bbox=(237,67,260,170)
[controller_server-12] [INFO] [1789538973.496574487] [controller_server]: Passing new path to controller.
[door_detection_node-24] [INFO] [1789538974.118270204] [door_detection_node]: YOLO handle observed (primary): pixel=(44,123), conf=0.60, bbox=(25, 112, 64, 134)
[door_detection_node-24] [INFO] [1789538974.129064675] [door_detection_node]: Handle camera-ray projection: pixel=(44,123), range=2.986m, z=0.755m
[door_detection_node-24] [INFO] [1789538974.498333887] [door_detection_node]: HSV handle observed: color=blue, pixel=(18,122), conf=0.17, door_bbox=(13,61,42,177)
[controller_server-12] [INFO] [1789538974.746581537] [controller_server]: Passing new path to controller.
[state_machine_node-28] [INFO] [1789538975.046641159] [state_machine_node]: 문 접근 목표 보정: door_blue_b177f7 handle_axis=(3.34, 1.98) goal_axis=(3.34, 0.88) wall_axis=(3.34, 1.98) yaw=90deg
[state_machine_node-28] [INFO] [1789538975.048039887] [state_machine_node]: 문 접근 목표 보정: door_blue_b177f7 handle_axis=(3.34, 1.98) goal_axis=(3.34, 0.88) wall_axis=(3.34, 1.98) yaw=90deg
[state_machine_node-28] [WARN] [1789538975.053959789] [state_machine_node]: Locked blue target refined from newer observation: door_blue_b177f7 -> door_blue_b177f7, goal shift=1.05m, identity=(-0.70,1.35) -> (-0.10,1.94)
[navigation_node-25] [INFO] [1789538975.055757890] [navigation_node]: Navigation goal received: door door_blue_b177f7 (color=blue, frame=map, x=0.34, y=0.88)
[navigation_node-25] [WARN] [1789538975.056723135] [navigation_node]: Already navigating. Preempting current goal without an explicit stop before retargeting to: door_blue_b177f7
[navigation_node-25] [WARN] [1789538975.408650008] [navigation_node]: Adjusted unreachable/occupied navigation goal from (0.34, 0.88, cost=83) to connected free cell (0.33, 0.53, cost=0)
[navigation_node-25] [INFO] [1789538975.734047030] [navigation_node]: Navigation goal accepted by Nav2
[bt_navigator-16] [INFO] [1789538975.744568124] [bt_navigator]: Received goal preemption request
[bt_navigator-16] [INFO] [1789538975.745259083] [bt_navigator]: Begin navigating from current location (-1.64, 0.05) to (0.33, 0.53)
[door_detection_node-24] [INFO] [1789538976.021737341] [door_detection_node]: YOLO handle observed (primary): pixel=(110,123), conf=0.37, bbox=(92, 113, 129, 133)
[door_detection_node-24] [INFO] [1789538976.027176395] [door_detection_node]: Handle camera-ray projection: pixel=(110,123), range=2.634m, z=0.756m
[controller_server-12] [INFO] [1789538976.121537848] [controller_server]: Passing new path to controller.
[door_detection_node-24] [INFO] [1789538976.174013585] [door_detection_node]: HSV handle observed: color=blue, pixel=(89,122), conf=0.08, door_bbox=(86,62,111,174)
[state_machine_node-28] [INFO] [1789538976.991746840] [state_machine_node]: 문 접근 목표 보정: door_blue_b177f7 handle_axis=(3.25, 1.87) goal_axis=(3.25, 0.80) wall_axis=(3.25, 1.90) yaw=90deg
[state_machine_node-28] [INFO] [1789538976.993946504] [state_machine_node]: 문 접근 목표 보정: door_blue_b177f7 handle_axis=(3.25, 1.87) goal_axis=(3.25, 0.80) wall_axis=(3.25, 1.90) yaw=90deg
[controller_server-12] [INFO] [1789538977.371590741] [controller_server]: Passing new path to controller.
[door_detection_node-24] [INFO] [1789538977.720441837] [door_detection_node]: HSV handle observed: color=blue, pixel=(82,122), conf=0.19, door_bbox=(77,62,103,174)
[controller_server-12] [INFO] [1789538978.746586432] [controller_server]: Passing new path to controller.
[door_detection_node-24] [INFO] [1789538979.370202372] [door_detection_node]: HSV handle observed: color=blue, pixel=(61,122), conf=0.18, door_bbox=(58,58,85,176)
[controller_server-12] [INFO] [1789538979.996621525] [controller_server]: Passing new path to controller.
[state_machine_node-28] [INFO] [1789538980.948037985] [state_machine_node]: Blue candidate door_blue_0eb762 rejected: handle lateral 3.55m is outside wall band 2.20+0.35m.
[state_machine_node-28] [INFO] [1789538980.948772240] [state_machine_node]: Blue candidate door_blue_0eb762 recorded with door-body progress and observed wall side because its direct projection was center-biased or crossed the corridor.
[door_detection_node-24] [INFO] [1789538981.096396864] [door_detection_node]: HSV handle observed: color=blue, pixel=(48,122), conf=0.15, door_bbox=(44,57,78,180)
[controller_server-12] [INFO] [1789538981.246558448] [controller_server]: Passing new path to controller.
[door_detection_node-24] [INFO] [1789538982.477435562] [door_detection_node]: HSV handle observed: color=blue, pixel=(314,126), conf=0.26, door_bbox=(204,0,320,240)
[controller_server-12] [INFO] [1789538982.622038460] [controller_server]: Passing new path to controller.
[controller_server-12] [INFO] [1789538983.871550416] [controller_server]: Passing new path to controller.
[door_detection_node-24] [INFO] [1789538984.155151644] [door_detection_node]: YOLO handle observed (primary): pixel=(279,128), conf=0.76, bbox=(241, 112, 317, 144)
[door_detection_node-24] [INFO] [1789538984.158929492] [door_detection_node]: Handle camera-ray projection: pixel=(279,128), range=1.919m, z=0.731m
[door_detection_node-24] [INFO] [1789538984.467185618] [door_detection_node]: HSV handle observed: color=blue, pixel=(20,122), conf=0.20, door_bbox=(16,50,56,187)
[controller_server-12] [INFO] [1789538985.246558637] [controller_server]: Passing new path to controller.
[door_detection_node-24] [INFO] [1789538985.769062863] [door_detection_node]: YOLO handle observed (primary): pixel=(204,128), conf=0.77, bbox=(171, 114, 238, 142)
[door_detection_node-24] [INFO] [1789538985.772113159] [door_detection_node]: Handle camera-ray projection: pixel=(204,128), range=1.609m, z=0.735m
[controller_server-12] [INFO] [1789538986.496790693] [controller_server]: Passing new path to controller.
[controller_server-12] [INFO] [1789538987.746585572] [controller_server]: Passing new path to controller.
[state_machine_node-28] [WARN] [1789538988.462630461] [state_machine_node]: Fine alignment blocked by costmap: occupied, inscribed, unknown or out-of-map approach segment; retaining Nav2/reobservation.
[door_detection_node-24] [INFO] [1789538988.982652702] [door_detection_node]: YOLO handle observed (primary): pixel=(142,127), conf=0.78, bbox=(109, 114, 176, 140)
[door_detection_node-24] [INFO] [1789538988.986752472] [door_detection_node]: Handle camera-ray projection: pixel=(142,127), range=1.471m, z=0.745m
[controller_server-12] [INFO] [1789538989.122191991] [controller_server]: Passing new path to controller.
[controller_server-12] [INFO] [1789538990.371617241] [controller_server]: Passing new path to controller.
[door_detection_node-24] [INFO] [1789538990.604965146] [door_detection_node]: YOLO handle observed (primary): pixel=(56,128), conf=0.79, bbox=(22, 115, 91, 140)
[door_detection_node-24] [INFO] [1789538990.609311232] [door_detection_node]: Handle camera-ray projection: pixel=(56,128), range=1.360m, z=0.747m
[door_detection_node-24] [INFO] [1789538990.951518396] [door_detection_node]: HSV handle observed: color=blue, pixel=(246,122), conf=0.16, door_bbox=(238,44,287,196)
[state_machine_node-28] [WARN] [1789538991.457793404] [state_machine_node]: Fine alignment blocked by costmap: occupied, inscribed, unknown or out-of-map approach segment; retaining Nav2/reobservation.
[controller_server-12] [INFO] [1789538991.747160667] [controller_server]: Passing new path to controller.
[door_detection_node-24] [INFO] [1789538992.292752370] [door_detection_node]: YOLO handle observed (primary): pixel=(94,128), conf=0.75, bbox=(61, 115, 128, 140)
[door_detection_node-24] [INFO] [1789538992.296632920] [door_detection_node]: Handle camera-ray projection: pixel=(94,128), range=1.380m, z=0.744m
[controller_server-12] [INFO] [1789538992.996549167] [controller_server]: Passing new path to controller.
[door_detection_node-24] [INFO] [1789538994.097101268] [door_detection_node]: HSV handle observed: color=blue, pixel=(40,122), conf=0.21, door_bbox=(35,43,82,195)
[controller_server-12] [INFO] [1789538994.246604072] [controller_server]: Passing new path to controller.
[controller_server-12] [INFO] [1789538995.372593745] [controller_server]: Passing new path to controller.
[door_detection_node-24] [INFO] [1789538995.693447288] [door_detection_node]: HSV handle observed: color=blue, pixel=(50,122), conf=0.23, door_bbox=(47,43,91,193)
[controller_server-12] [INFO] [1789538996.746599515] [controller_server]: Passing new path to controller.
[door_detection_node-24] [INFO] [1789538997.186390977] [door_detection_node]: YOLO handle observed (primary): pixel=(146,129), conf=0.71, bbox=(113, 115, 180, 143)
[door_detection_node-24] [INFO] [1789538997.189937350] [door_detection_node]: Handle camera-ray projection: pixel=(146,129), range=1.444m, z=0.734m
[door_detection_node-24] [INFO] [1789538997.468452406] [door_detection_node]: HSV handle observed: color=blue, pixel=(36,122), conf=0.20, door_bbox=(30,40,79,194)
[controller_server-12] [INFO] [1789538997.996842196] [controller_server]: Passing new path to controller.
[door_detection_node-24] [INFO] [1789538998.797061567] [door_detection_node]: YOLO handle observed (primary): pixel=(166,128), conf=0.78, bbox=(133, 116, 199, 141)
[door_detection_node-24] [INFO] [1789538998.805293157] [door_detection_node]: Handle camera-ray projection: pixel=(166,128), range=1.383m, z=0.742m
[door_detection_node-24] [INFO] [1789538999.101099662] [door_detection_node]: HSV handle observed: color=blue, pixel=(58,122), conf=0.22, door_bbox=(55,42,99,193)
[controller_server-12] [INFO] [1789538999.246578849] [controller_server]: Passing new path to controller.
[controller_server-12] [INFO] [1789539000.371552159] [controller_server]: Passing new path to controller.
[door_detection_node-24] [INFO] [1789539000.407275045] [door_detection_node]: YOLO handle observed (primary): pixel=(126,128), conf=0.76, bbox=(91, 115, 162, 140)
[door_detection_node-24] [INFO] [1789539000.412126787] [door_detection_node]: Handle camera-ray projection: pixel=(126,128), range=1.384m, z=0.742m
[door_detection_node-24] [INFO] [1789539000.678478817] [door_detection_node]: HSV handle observed: color=blue, pixel=(22,122), conf=0.19, door_bbox=(14,36,66,197)
[controller_server-12] [INFO] [1789539001.746575183] [controller_server]: Passing new path to controller.
[door_detection_node-24] [INFO] [1789539001.976602562] [door_detection_node]: YOLO handle observed (primary): pixel=(54,128), conf=0.79, bbox=(19, 115, 90, 141)
[door_detection_node-24] [INFO] [1789539001.982396759] [door_detection_node]: Handle camera-ray projection: pixel=(54,128), range=1.343m, z=0.747m
[door_detection_node-24] [INFO] [1789539002.721753506] [door_detection_node]: HSV handle observed: color=blue, pixel=(264,122), conf=0.18, door_bbox=(260,34,309,202)
[controller_server-12] [INFO] [1789539002.996582865] [controller_server]: Passing new path to controller.
[navigation_node-25] [WARN] [1789539004.047686839] [navigation_node]: Robot is 0.18m from blue goal (threshold=0.18m). Treating navigation as succeeded.
[state_machine_node-28] [INFO] [1789539004.051408017] [state_machine_node]: Navigation succeeded.
[state_machine_node-28] [WARN] [1789539004.104940006] [state_machine_node]: Nav result [nav_success] is close enough for door fine alignment: door_blue_b177f7, dist=0.49/1.10m, lateral=0.49/0.75m, forward=-0.02m, yaw_error=116deg.
[state_machine_node-28] [INFO] [1789539004.106411400] [state_machine_node]: Fine door approach started: door_blue_b177f7, dist=0.49m, lateral=0.49m, forward=-0.02m, yaw_error=116deg
[state_machine_node-28] [INFO] [1789539004.107452935] [state_machine_node]: Fine door parking translation: door_blue_b177f7, dist=0.49m/0.17m, heading_error=93deg, cmd=(0.00, 0.25)
[bt_navigator-16] [ERROR] [1789539004.165373418] [bt_navigator_navigate_to_pose_rclcpp_node]: Failed to get result for follow_path in node halt!
[bt_navigator-16] [INFO] [1789539004.165763781] [bt_navigator]: [navigate_to_pose] [ActionServer] Client requested to cancel the goal. Cancelling.
[bt_navigator-16] [INFO] [1789539004.166014724] [bt_navigator]: Goal canceled
[controller_server-12] [INFO] [1789539004.246558747] [controller_server]: Goal was canceled. Stopping the robot.
[controller_server-12] [INFO] [1789539004.246645008] [controller_server]: [follow_path] [ActionServer] Client requested to cancel the goal. Cancelling.
[door_detection_node-24] [INFO] [1789539004.863304063] [door_detection_node]: HSV handle observed: color=blue, pixel=(213,122), conf=0.17, door_bbox=(206,41,256,197)
[state_machine_node-28] [INFO] [1789539005.086062236] [state_machine_node]: Fine door parking translation: door_blue_b177f7, dist=0.49m/0.17m, heading_error=90deg, cmd=(0.00, 0.25)
[state_machine_node-28] [INFO] [1789539006.015448079] [state_machine_node]: Fine door parking translation: door_blue_b177f7, dist=0.50m/0.17m, heading_error=85deg, cmd=(0.00, 0.25)
[door_detection_node-24] [INFO] [1789539006.836827138] [door_detection_node]: HSV handle observed: color=blue, pixel=(263,122), conf=0.19, door_bbox=(259,31,310,205)
[state_machine_node-28] [INFO] [1789539006.929617042] [state_machine_node]: Fine door parking translation: door_blue_b177f7, dist=0.51m/0.17m, heading_error=79deg, cmd=(0.00, 0.25)
[state_machine_node-28] [INFO] [1789539007.827123256] [state_machine_node]: Fine door parking translation: door_blue_b177f7, dist=0.52m/0.17m, heading_error=74deg, cmd=(0.00, 0.25)
[state_machine_node-28] [INFO] [1789539008.288964947] [state_machine_node]: Blue candidate door_blue_c33b94 rejected: handle lateral 4.78m is outside wall band 2.20+0.35m.
[state_machine_node-28] [INFO] [1789539008.289827694] [state_machine_node]: Blue candidate door_blue_c33b94 recorded with door-body progress and observed wall side because its direct projection was center-biased or crossed the corridor.
[state_machine_node-28] [INFO] [1789539008.739984964] [state_machine_node]: Fine door parking translation: door_blue_b177f7, dist=0.54m/0.17m, heading_error=68deg, cmd=(0.00, 0.25)
[state_machine_node-28] [INFO] [1789539009.777428534] [state_machine_node]: Fine door parking translation: door_blue_b177f7, dist=0.55m/0.17m, heading_error=63deg, cmd=(0.00, 0.25)
[door_detection_node-24] [INFO] [1789539009.843271084] [door_detection_node]: YOLO handle observed (primary): pixel=(103,128), conf=0.77, bbox=(65, 114, 141, 141)
[door_detection_node-24] [INFO] [1789539009.846481377] [door_detection_node]: Handle camera-ray projection: pixel=(103,128), range=1.387m, z=0.743m
[door_detection_node-24] [INFO] [1789539010.370751519] [door_detection_node]: HSV handle observed: color=blue, pixel=(36,122), conf=0.19, door_bbox=(31,34,83,198)
[state_machine_node-28] [INFO] [1789539011.017644316] [state_machine_node]: Fine door parking translation: door_blue_b177f7, dist=0.56m/0.17m, heading_error=57deg, cmd=(0.00, 0.25)
[door_detection_node-24] [INFO] [1789539011.676751798] [door_detection_node]: YOLO handle observed (primary): pixel=(140,128), conf=0.70, bbox=(105, 114, 176, 143)
[door_detection_node-24] [INFO] [1789539011.679945404] [door_detection_node]: Handle camera-ray projection: pixel=(140,128), range=1.445m, z=0.740m
[door_detection_node-24] [INFO] [1789539011.887929082] [door_detection_node]: HSV handle observed: color=blue, pixel=(75,122), conf=0.18, door_bbox=(71,39,117,194)
[state_machine_node-28] [INFO] [1789539012.275714121] [state_machine_node]: Fine door parking translation: door_blue_b177f7, dist=0.57m/0.17m, heading_error=52deg, cmd=(0.00, 0.25)
[door_detection_node-24] [INFO] [1789539012.988962788] [door_detection_node]: YOLO handle observed (primary): pixel=(177,127), conf=0.78, bbox=(140, 113, 214, 141)
[door_detection_node-24] [INFO] [1789539012.996055841] [door_detection_node]: Handle camera-ray projection: pixel=(177,127), range=1.450m, z=0.746m
[state_machine_node-28] [INFO] [1789539013.298920746] [state_machine_node]: Fine door parking translation: door_blue_b177f7, dist=0.58m/0.17m, heading_error=47deg, cmd=(0.00, 0.25)
[door_detection_node-24] [INFO] [1789539013.366591387] [door_detection_node]: HSV handle observed: color=blue, pixel=(108,122), conf=0.22, door_bbox=(105,42,147,195)
[state_machine_node-28] [INFO] [1789539014.219953396] [state_machine_node]: Fine door parking translation: door_blue_b177f7, dist=0.58m/0.17m, heading_error=43deg, cmd=(0.00, 0.25)
[door_detection_node-24] [INFO] [1789539014.722108377] [door_detection_node]: YOLO handle observed (primary): pixel=(219,128), conf=0.78, bbox=(182, 114, 256, 142)
[door_detection_node-24] [INFO] [1789539014.725410854] [door_detection_node]: Handle camera-ray projection: pixel=(219,128), range=1.702m, z=0.733m
[door_detection_node-24] [INFO] [1789539014.888104341] [door_detection_node]: HSV handle observed: color=blue, pixel=(144,122), conf=0.18, door_bbox=(140,44,183,193)
[state_machine_node-28] [INFO] [1789539015.239118704] [state_machine_node]: Fine door parking translation: door_blue_b177f7, dist=0.59m/0.17m, heading_error=38deg, cmd=(0.00, 0.25)
[state_machine_node-28] [INFO] [1789539016.196708430] [state_machine_node]: Fine door parking translation: door_blue_b177f7, dist=0.59m/0.17m, heading_error=34deg, cmd=(0.00, 0.25)
[door_detection_node-24] [INFO] [1789539016.216635976] [door_detection_node]: YOLO handle observed (primary): pixel=(263,128), conf=0.78, bbox=(223, 114, 303, 142)
[door_detection_node-24] [INFO] [1789539016.221373195] [door_detection_node]: Handle camera-ray projection: pixel=(263,128), range=1.564m, z=0.740m
[door_detection_node-24] [INFO] [1789539016.600685909] [door_detection_node]: HSV handle observed: color=blue, pixel=(178,122), conf=0.19, door_bbox=(172,42,218,194)
[state_machine_node-28] [INFO] [1789539017.241415003] [state_machine_node]: Fine door parking translation: door_blue_b177f7, dist=0.59m/0.17m, heading_error=29deg, cmd=(0.00, 0.25)
[door_detection_node-24] [INFO] [1789539017.930128551] [door_detection_node]: YOLO handle observed (primary): pixel=(288,127), conf=0.39, bbox=(256, 90, 320, 164)
[door_detection_node-24] [INFO] [1789539017.935149234] [door_detection_node]: Handle camera-ray projection: pixel=(288,127), range=1.450m, z=0.751m
[door_detection_node-24] [INFO] [1789539018.156582446] [door_detection_node]: HSV handle observed: color=blue, pixel=(209,122), conf=0.19, door_bbox=(204,38,252,198)
[state_machine_node-28] [INFO] [1789539018.296292202] [state_machine_node]: Fine door parking translation: door_blue_b177f7, dist=0.59m/0.17m, heading_error=25deg, cmd=(0.07, 0.14)
[state_machine_node-28] [INFO] [1789539019.227394949] [state_machine_node]: Fine door parking translation: door_blue_b177f7, dist=0.56m/0.17m, heading_error=24deg, cmd=(0.07, 0.14)
[door_detection_node-24] [INFO] [1789539019.610996326] [door_detection_node]: HSV handle observed: color=blue, pixel=(304,128), conf=0.53, door_bbox=(171,0,320,240)
[door_detection_node-24] [INFO] [1789539019.614804531] [door_detection_node]: Handle camera-ray projection: pixel=(304,128), range=1.423m, z=0.748m
[state_machine_node-28] [INFO] [1789539020.257699007] [state_machine_node]: Fine door parking translation: door_blue_b177f7, dist=0.52m/0.17m, heading_error=23deg, cmd=(0.07, 0.14)
[state_machine_node-28] [INFO] [1789539021.208099254] [state_machine_node]: Fine door parking translation: door_blue_b177f7, dist=0.49m/0.17m, heading_error=22deg, cmd=(0.07, 0.14)
[door_detection_node-24] [INFO] [1789539021.209814020] [door_detection_node]: HSV handle observed: color=blue, pixel=(312,128), conf=0.40, door_bbox=(180,0,320,240)
[state_machine_node-28] [INFO] [1789539022.189727145] [state_machine_node]: Fine door parking translation: door_blue_b177f7, dist=0.46m/0.17m, heading_error=22deg, cmd=(0.07, 0.14)
[door_detection_node-24] [INFO] [1789539023.100177643] [door_detection_node]: HSV handle observed: color=blue, pixel=(286,122), conf=0.24, door_bbox=(280,33,319,206)
[state_machine_node-28] [INFO] [1789539023.210213944] [state_machine_node]: Fine door parking translation: door_blue_b177f7, dist=0.42m/0.17m, heading_error=21deg, cmd=(0.07, 0.14)
[state_machine_node-28] [INFO] [1789539024.139172515] [state_machine_node]: Fine door parking translation: door_blue_b177f7, dist=0.38m/0.17m, heading_error=21deg, cmd=(0.07, 0.14)
[state_machine_node-28] [INFO] [1789539024.204080733] [state_machine_node]: Blue candidate door_blue_c33b94 rejected: handle lateral 4.98m is outside wall band 2.20+0.35m.
[state_machine_node-28] [INFO] [1789539024.204985306] [state_machine_node]: Blue candidate door_blue_c33b94 recorded with door-body progress and observed wall side because its direct projection was center-biased or crossed the corridor.
[state_machine_node-28] [INFO] [1789539025.172978929] [state_machine_node]: Fine door parking translation: door_blue_b177f7, dist=0.35m/0.17m, heading_error=21deg, cmd=(0.07, 0.14)
[state_machine_node-28] [INFO] [1789539026.135700698] [state_machine_node]: Fine door parking translation: door_blue_b177f7, dist=0.31m/0.17m, heading_error=21deg, cmd=(0.07, 0.14)
[state_machine_node-28] [INFO] [1789539027.116535905] [state_machine_node]: Fine door parking translation: door_blue_b177f7, dist=0.28m/0.17m, heading_error=21deg, cmd=(0.07, 0.14)
[state_machine_node-28] [INFO] [1789539027.527166315] [state_machine_node]: Blue candidate door_blue_c33b94 rejected: handle lateral 5.09m is outside wall band 2.20+0.35m.
[state_machine_node-28] [INFO] [1789539027.528391927] [state_machine_node]: Blue candidate door_blue_c33b94 recorded with door-body progress and observed wall side because its direct projection was center-biased or crossed the corridor.
[state_machine_node-28] [INFO] [1789539028.089222885] [state_machine_node]: Fine door parking translation: door_blue_b177f7, dist=0.25m/0.17m, heading_error=23deg, cmd=(0.07, 0.14)
[state_machine_node-28] [INFO] [1789539029.024618408] [state_machine_node]: Fine door approach accepted after near-target settling: door_blue_b177f7, dist=0.21m/0.24m, lateral=0.09m/0.22m, yaw_error=14deg/16deg.
[state_machine_node-28] [INFO] [1789539029.025180384] [state_machine_node]: 문 앞 정렬 완료. 2.8s 정지 후 개방합니다.
[state_machine_node-28] [INFO] [1789539029.444991969] [state_machine_node]: Blue candidate door_blue_b177f7 kept in wall observation memory using its door pose; handle projection is outside the wall band.
[state_machine_node-28] [INFO] [1789539030.650763460] [state_machine_node]: Blue candidate door_blue_b177f7 rejected: handle lateral 2.66m is outside wall band 2.20+0.35m.
[state_machine_node-28] [INFO] [1789539032.718870299] [state_machine_node]: Blue candidate door_blue_b177f7 kept in wall observation memory using its door pose; handle projection is outside the wall band.
[state_machine_node-28] [INFO] [1789539033.548383445] [state_machine_node]: Blue candidate door_blue_b177f7 recorded with door-body progress and observed wall side because its direct projection was center-biased or crossed the corridor.
[state_machine_node-28] [INFO] [1789539034.483648918] [state_machine_node]: Blue candidate door_blue_b177f7 rejected: handle lateral 2.66m is outside wall band 2.20+0.35m.
[state_machine_node-28] [INFO] [1789539034.745627047] [state_machine_node]: Direct blue target door_blue_b177f7 will use stable wall-memory handle at (0.2, 2.2); progress_gap=0.13m, dist=0.26m, count=44, conf=1.00.
[state_machine_node-28] [INFO] [1789539034.747980388] [state_machine_node]: Blue candidate door_blue_b177f7 cannot confirm opening: current camera ray is outside the frontal manipulation workspace.
[state_machine_node-28] [WARN] [1789539034.751149296] [state_machine_node]: Fresh blue evidence missing near target door_blue_b177f7: p=3.34, lat=1.98, radius=1.45m, max_age=10.0s, min_conf=0.55.
[state_machine_node-28] [INFO] [1789539034.752194676] [state_machine_node]: Blue target door_blue_b177f7 uses aligned direct observation memory for manipulation verification after close parking: conf=0.81.
[state_machine_node-28] [INFO] [1789539034.754431762] [state_machine_node]: State: NAVIGATING → OPENING_DOOR
[state_machine_node-28] [INFO] [1789539035.712494528] [state_machine_node]: 문 개방 요청 손잡이: id=door_blue_b177f7__axis_p3p34_p1p98, method=yolo:primary:item, conf=0.43, frame=map, pos=(0.341,1.976,0.840)
[manipulation_node-26] [INFO] [1789539035.720827636] [manipulation_node]: Open door request: id=door_blue_b177f7__axis_p3p34_p1p98, handle_method=yolo:primary:item, handle_detected=True, handle_conf=0.43
[manipulation_node-26] [INFO] [1789539035.721627093] [manipulation_node]: Manipulation phase: LOCALIZE_HANDLE:door_blue_b177f7__axis_p3p34_p1p98
[manipulation_node-26] [INFO] [1789539035.723568864] [manipulation_node]: Transformed handle_position map -> base_link: (1.187, 0.328, 0.742)
[manipulation_node-26] [INFO] [1789539035.724055127] [manipulation_node]: Manipulation phase: PRE_GRASP:door_blue_b177f7__axis_p3p34_p1p98
[manipulation_node-26] [INFO] [1789539035.750898821] [manipulation_node]: Step 1/4: Moving to pre-grasp position
[manipulation_node-26] [INFO] [1789539035.758178260] [manipulation_node]:   [SIM] Pre-grasp at (1.067, 0.328, 0.742)
[manipulation_node-26] [INFO] [1789539035.782656140] [manipulation_node]:   [SIM] Arm target stage=pre_grasp: joint1=0.46, joint2=1.03, joint3=-0.11, joint4=0.00, joint5=0.00, joint6=0.00
[manipulation_node-26] [INFO] [1789539036.821603139] [manipulation_node]: Manipulation phase: GRASP_HANDLE:door_blue_b177f7__axis_p3p34_p1p98
[manipulation_node-26] [INFO] [1789539036.822380607] [manipulation_node]: Step 2/4: Grasping handle
[manipulation_node-26] [INFO] [1789539036.823268518] [manipulation_node]:   [SIM] Gripper closing
[manipulation_node-26] [INFO] [1789539036.823845590] [manipulation_node]:   [SIM] Arm target stage=grasp: joint1=0.46, joint2=1.03, joint3=-0.11, joint4=0.00, joint5=0.00, joint6=0.00
[state_machine_node-28] [INFO] [1789539037.479264633] [state_machine_node]: Blue candidate door_blue_b177f7 recorded with door-body progress and observed wall side because its direct projection was center-biased or crossed the corridor.
[manipulation_node-26] [INFO] [1789539037.898355653] [manipulation_node]: Manipulation phase: PRESS_HANDLE:door_blue_b177f7__axis_p3p34_p1p98
[manipulation_node-26] [INFO] [1789539037.918472418] [manipulation_node]: Step 3/5: Pressing lever handle
[manipulation_node-26] [INFO] [1789539037.925214838] [manipulation_node]:   [SIM] Pressing lever down 0.070m before push
[manipulation_node-26] [INFO] [1789539037.938260697] [manipulation_node]:   [SIM] Arm target stage=press: joint1=0.46, joint2=1.09, joint3=-0.11, joint4=0.00, joint5=0.00, joint6=0.00
[state_machine_node-28] [INFO] [1789539038.505671377] [state_machine_node]: Blue candidate door_blue_b177f7 rejected: handle lateral 2.66m is outside wall band 2.20+0.35m.
[manipulation_node-26] [INFO] [1789539038.970581200] [manipulation_node]: Manipulation phase: PUSH_OPEN:door_blue_b177f7__axis_p3p34_p1p98
[manipulation_node-26] [INFO] [1789539038.973035329] [manipulation_node]: Step 4/5: Pushing door open
[manipulation_node-26] [INFO] [1789539038.973926112] [manipulation_node]:   [SIM] Holding the pressed handle while the base opens the hinged Gazebo door 2.09rad
[manipulation_node-26] [INFO] [1789539038.974589672] [manipulation_node]:   [SIM] Arm target stage=push: joint1=0.46, joint2=1.03, joint3=-0.11, joint4=0.00, joint5=0.00, joint6=0.00
[manipulation_node-26] [INFO] [1789539039.015250395] [manipulation_node]:   [SIM] Matched observed door door_blue_b177f7__axis_p3p34_p1p98 to /fire_robot/door/blue/x0/yp186/sn/cmd (distance=0.07m, score=0.005, source=map_handle, match=(0.34,1.98))
[manipulation_node-26] [INFO] [1789539039.028502702] [manipulation_node]:   [SIM] Gazebo door topic=/fire_robot/door/blue/x0/yp186/sn/cmd, target_angle=2.094
[door_detection_node-24] [INFO] [1789539040.693362223] [door_detection_node]: YOLO handle observed (primary): pixel=(74,130), conf=0.26, bbox=(30, 116, 117, 144)
[door_detection_node-24] [INFO] [1789539040.698547265] [door_detection_node]: Handle camera-ray projection: pixel=(74,130), range=1.149m, z=0.743m
[state_machine_node-28] [INFO] [1789539040.705566102] [state_machine_node]: Blue candidate door_blue_b177f7 recorded at camera-ray intersection with the observed corridor wall.
[manipulation_node-26] [INFO] [1789539043.760906542] [manipulation_node]:   [SIM] Door model feedback verified: topic=/fire_robot/door/blue/x0/yp186/sn/cmd, model=door_blue4, angle=2.1000, target=2.0944
[manipulation_node-26] [INFO] [1789539044.768687531] [manipulation_node]: Manipulation phase: RELEASE_HANDLE:door_blue_b177f7__axis_p3p34_p1p98
[manipulation_node-26] [INFO] [1789539044.779652471] [manipulation_node]: Releasing the lever before arm recovery and base backoff
[manipulation_node-26] [INFO] [1789539045.847112002] [manipulation_node]: Manipulation phase: RETURN_HOME:door_blue_b177f7__axis_p3p34_p1p98
[manipulation_node-26] [INFO] [1789539045.870219390] [manipulation_node]: Step 5/5: Returning to home position
[manipulation_node-26] [INFO] [1789539045.880108248] [manipulation_node]:   [SIM] Returning to home position
[manipulation_node-26] [INFO] [1789539045.891168343] [manipulation_node]:   [SIM] Arm target stage=home: joint1=0.00, joint2=0.00, joint3=0.00, joint4=0.00, joint5=0.00, joint6=0.00
[manipulation_node-26] [INFO] [1789539049.350149173] [manipulation_node]:   [SIM] Arm home verified by joint feedback: max_error=0.039rad
[manipulation_node-26] [INFO] [1789539049.371049466] [manipulation_node]: Manipulation phase: POST_OPEN_BACKOFF:door_blue_b177f7__axis_p3p34_p1p98
[manipulation_node-26] [INFO] [1789539049.389657799] [manipulation_node]: Backing away from opened door with limited micro reverse
[manipulation_node-26] [INFO] [1789539051.690360355] [manipulation_node]: Manipulation phase: COMPLETE:door_blue_b177f7__axis_p3p34_p1p98
[state_machine_node-28] [INFO] [1789539051.697775863] [state_machine_node]: 열린 파란 문 재관측 후보 1개 정리. 다음 목표 선택에서 제외합니다.
[state_machine_node-28] [INFO] [1789539051.698687314] [state_machine_node]: 문 개방 성공: door_blue_b177f7  누적 개방: 1개
[state_machine_node-28] [INFO] [1789539051.699401995] [state_machine_node]: State: OPENING_DOOR → DOOR_OPENED
[state_machine_node-28] [INFO] [1789539052.035376439] [state_machine_node]: 다음 파란 문 탐색 시작 (개방 완료: 1개)
[state_machine_node-28] [INFO] [1789539052.036009752] [state_machine_node]: State: DOOR_OPENED → EXPLORING
[state_machine_node-28] [INFO] [1789539052.985767605] [state_machine_node]: Post-open side retreat started: lateral=0.71m, target_abs=0.48m.
[state_machine_node-28] [INFO] [1789539052.986846904] [state_machine_node]: Post-open side retreat: lateral=0.71m, moved=0.00/1.10m, yaw_error=-166deg, cmd=(0.00, -0.50)
[state_machine_node-28] [INFO] [1789539055.145648257] [state_machine_node]: Post-open side retreat: lateral=0.71m, moved=0.00/1.10m, yaw_error=-147deg, cmd=(0.00, -0.50)
[door_detection_node-24] [INFO] [1789539055.459708137] [door_detection_node]: HSV handle observed: color=blue, pixel=(294,122), conf=0.34, door_bbox=(286,35,319,205)
[state_machine_node-28] [INFO] [1789539056.331293556] [state_machine_node]: Post-open side retreat: lateral=0.71m, moved=0.00/1.10m, yaw_error=-138deg, cmd=(0.00, -0.50)
[door_detection_node-24] [INFO] [1789539056.967455961] [door_detection_node]: HSV handle observed: color=blue, pixel=(248,122), conf=0.17, door_bbox=(244,35,297,202)
[state_machine_node-28] [INFO] [1789539057.428187030] [state_machine_node]: Post-open side retreat: lateral=0.71m, moved=0.00/1.10m, yaw_error=-129deg, cmd=(0.00, -0.50)
[door_detection_node-24] [INFO] [1789539058.000749457] [door_detection_node]: HSV handle observed: color=blue, pixel=(73,124), conf=0.36, door_bbox=(37,0,71,240)
[state_machine_node-28] [INFO] [1789539058.113759360] [state_machine_node]: Blue candidate door_blue_15a45f ignored: physical/opened door station already handled nearby at (-0.55, 1.76).
[state_machine_node-28] [INFO] [1789539059.389555066] [state_machine_node]: Post-open side retreat: lateral=0.73m, moved=0.00/1.10m, yaw_error=-110deg, cmd=(0.00, -0.50)
[door_detection_node-24] [INFO] [1789539059.843768608] [door_detection_node]: HSV handle observed: color=blue, pixel=(125,122), conf=0.19, door_bbox=(118,45,165,193)
[door_detection_node-24] [INFO] [1789539061.348182044] [door_detection_node]: YOLO handle observed (primary): pixel=(33,122), conf=0.36, bbox=(18, 113, 48, 131)
[door_detection_node-24] [INFO] [1789539061.352358584] [door_detection_node]: Handle camera-ray projection: pixel=(33,122), range=4.409m, z=0.756m
[state_machine_node-28] [INFO] [1789539061.402002178] [state_machine_node]: Post-open side retreat: lateral=0.78m, moved=0.00/1.10m, yaw_error=-86deg, cmd=(0.00, -0.50)
[state_machine_node-28] [INFO] [1789539063.337686439] [state_machine_node]: Post-open side retreat: lateral=0.82m, moved=0.00/1.10m, yaw_error=-65deg, cmd=(0.00, -0.50)
[door_detection_node-24] [INFO] [1789539063.628477060] [door_detection_node]: HSV handle observed: color=blue, pixel=(230,122), conf=0.16, door_bbox=(223,39,276,197)
[state_machine_node-28] [INFO] [1789539064.351555548] [state_machine_node]: Post-open side retreat: lateral=0.83m, moved=0.00/1.10m, yaw_error=-55deg, cmd=(0.00, -0.50)
[door_detection_node-24] [INFO] [1789539064.810633905] [door_detection_node]: HSV handle observed: color=blue, pixel=(188,122), conf=0.18, door_bbox=(182,46,230,193)
[state_machine_node-28] [INFO] [1789539065.411273846] [state_machine_node]: Post-open side retreat: lateral=0.83m, moved=0.00/1.10m, yaw_error=-47deg, cmd=(0.00, -0.50)
[door_detection_node-24] [INFO] [1789539065.982801544] [door_detection_node]: HSV handle observed: color=blue, pixel=(138,122), conf=0.19, door_bbox=(133,47,178,191)
[state_machine_node-28] [INFO] [1789539066.434890974] [state_machine_node]: Post-open side retreat: lateral=0.83m, moved=0.00/1.10m, yaw_error=-38deg, cmd=(0.00, -0.50)
[door_detection_node-24] [INFO] [1789539067.021568092] [door_detection_node]: HSV handle observed: color=blue, pixel=(100,122), conf=0.16, door_bbox=(93,47,142,191)
[state_machine_node-28] [INFO] [1789539068.379775001] [state_machine_node]: Post-open side retreat: lateral=0.83m, moved=0.00/1.10m, yaw_error=-18deg, cmd=(0.00, -0.50)
[state_machine_node-28] [INFO] [1789539069.535448848] [state_machine_node]: Post-open side retreat: lateral=0.83m, moved=0.00/1.10m, yaw_error=-7deg, cmd=(0.18, -0.10)
[door_detection_node-24] [INFO] [1789539069.748460622] [door_detection_node]: HSV handle observed: color=blue, pixel=(292,122), conf=0.32, door_bbox=(284,34,319,205)
[state_machine_node-28] [INFO] [1789539070.747928476] [state_machine_node]: Post-open side retreat: lateral=0.76m, moved=0.00/1.10m, yaw_error=-4deg, cmd=(0.18, -0.06)
[door_detection_node-24] [INFO] [1789539071.523004061] [door_detection_node]: HSV handle observed: color=blue, pixel=(32,122), conf=0.08, door_bbox=(15,66,35,173)
[state_machine_node-28] [INFO] [1789539072.055313884] [state_machine_node]: Post-open side retreat: lateral=0.67m, moved=0.04/1.10m, yaw_error=-3deg, cmd=(0.18, -0.04)
[door_detection_node-24] [INFO] [1789539072.947122005] [door_detection_node]: HSV handle observed: color=blue, pixel=(254,122), conf=0.18, door_bbox=(249,27,305,209)
[state_machine_node-28] [INFO] [1789539074.019930894] [state_machine_node]: Post-open side retreat: lateral=0.49m, moved=0.22/1.10m, yaw_error=-1deg, cmd=(0.18, -0.02)
[door_detection_node-24] [INFO] [1789539074.515414772] [door_detection_node]: HSV handle observed: color=blue, pixel=(239,122), conf=0.16, door_bbox=(236,29,290,207)
[state_machine_node-28] [INFO] [1789539075.042222360] [state_machine_node]: Post-open side retreat complete: lateral=0.40m <= target=0.48m
[state_machine_node-28] [INFO] [1789539075.171086766] [state_machine_node]: 문 접근 목표 보정: observed_blue_6p0_m2p0 handle_axis=(5.97, -2.00) goal_axis=(5.97, -0.90) wall_axis=(5.97, -2.00) yaw=-90deg
[state_machine_node-28] [INFO] [1789539075.173015693] [state_machine_node]: 문 접근 목표 보정: observed_blue_7p5_1p6 handle_axis=(7.54, 1.60) goal_axis=(7.54, 0.80) wall_axis=(7.54, 1.90) yaw=90deg
[state_machine_node-28] [INFO] [1789539075.187599124] [state_machine_node]: 문 접근 목표 보정: observed_blue_6p0_m2p0 handle_axis=(5.97, -2.00) goal_axis=(5.97, -0.90) wall_axis=(5.97, -2.00) yaw=-90deg
[state_machine_node-28] [INFO] [1789539075.203734581] [state_machine_node]: Observed blue target observed_blue_5p2_m1p3 refreshed to wall memory at (2.97, -2.00) before axis-aligned approach (delta=0.74m).
[state_machine_node-28] [INFO] [1789539075.204687316] [state_machine_node]: 문 접근 목표 보정: observed_blue_5p2_m1p3 handle_axis=(5.97, -2.00) goal_axis=(5.97, -0.90) wall_axis=(5.97, -2.00) yaw=-90deg
[state_machine_node-28] [INFO] [1789539075.212762196] [state_machine_node]: Nav2 목표 전송: 시작 heading 차이는 Nav2 회전 제어로 처리 (heading_error=89deg)
[state_machine_node-28] [INFO] [1789539075.213621950] [state_machine_node]: 문 접근 목표 보정: observed_blue_6p0_m2p0 handle_axis=(5.97, -2.00) goal_axis=(5.97, -0.90) wall_axis=(5.97, -2.00) yaw=-90deg
[state_machine_node-28] [INFO] [1789539075.214850561] [state_machine_node]: 문 접근 목표 보정: observed_blue_7p5_1p6 handle_axis=(7.54, 1.60) goal_axis=(7.54, 0.80) wall_axis=(7.54, 1.90) yaw=90deg
[state_machine_node-28] [WARN] [1789539075.222281789] [state_machine_node]: Blue target observed_blue_6p0_m2p0 retained for revisit: stable unopened blue memory must be checked before exit even when it is behind the farthest opened station.
[state_machine_node-28] [INFO] [1789539075.229758813] [state_machine_node]: 문 접근 목표 보정: observed_blue_6p0_m2p0 handle_axis=(5.97, -2.00) goal_axis=(5.97, -0.90) wall_axis=(5.97, -2.00) yaw=-90deg
[state_machine_node-28] [INFO] [1789539075.230898351] [state_machine_node]: 문 접근 목표 보정: observed_blue_6p0_m2p0 handle_axis=(5.97, -2.00) goal_axis=(5.97, -0.90) wall_axis=(5.97, -2.00) yaw=-90deg
[state_machine_node-28] [INFO] [1789539075.232607986] [state_machine_node]: LiDAR+camera segment map 사전 스캔 시작: observed_blue_6p0_m2p0
[state_machine_node-28] [INFO] [1789539076.151303799] [state_machine_node]: 문 접근 목표 보정: observed_blue_6p0_m2p0 handle_axis=(5.97, -2.00) goal_axis=(5.97, -0.90) wall_axis=(5.97, -2.00) yaw=-90deg
[state_machine_node-28] [INFO] [1789539076.153596144] [state_machine_node]: 문 접근 목표 보정: observed_blue_7p5_1p6 handle_axis=(7.54, 1.60) goal_axis=(7.54, 0.80) wall_axis=(7.54, 1.90) yaw=90deg
[door_detection_node-24] [INFO] [1789539076.219075816] [door_detection_node]: HSV handle observed: color=blue, pixel=(234,122), conf=0.16, door_bbox=(230,26,282,210)
[state_machine_node-28] [INFO] [1789539077.195422905] [state_machine_node]: 문 접근 목표 보정: observed_blue_6p0_m2p0 handle_axis=(5.97, -2.00) goal_axis=(5.97, -0.90) wall_axis=(5.97, -2.00) yaw=-90deg
[state_machine_node-28] [INFO] [1789539077.197737710] [state_machine_node]: 문 접근 목표 보정: observed_blue_7p5_1p6 handle_axis=(7.54, 1.60) goal_axis=(7.54, 0.80) wall_axis=(7.54, 1.90) yaw=90deg
[door_detection_node-24] [INFO] [1789539077.866223636] [door_detection_node]: HSV handle observed: color=blue, pixel=(234,122), conf=0.16, door_bbox=(230,26,282,210)
[state_machine_node-28] [INFO] [1789539078.228214232] [state_machine_node]: 문 접근 목표 보정: observed_blue_6p0_m2p0 handle_axis=(5.97, -2.00) goal_axis=(5.97, -0.90) wall_axis=(5.97, -2.00) yaw=-90deg
[state_machine_node-28] [INFO] [1789539078.230381815] [state_machine_node]: 문 접근 목표 보정: observed_blue_7p5_1p6 handle_axis=(7.54, 1.60) goal_axis=(7.54, 0.80) wall_axis=(7.54, 1.90) yaw=90deg
[state_machine_node-28] [INFO] [1789539078.232491113] [state_machine_node]: 사전 스캔 완료. Nav2가 segment map 기반 경로를 계획합니다: observed_blue_6p0_m2p0
[state_machine_node-28] [WARN] [1789539078.234008691] [state_machine_node]: Blue target observed_blue_6p0_m2p0 retained for revisit: stable unopened blue memory must be checked before exit even when it is behind the farthest opened station.
[state_machine_node-28] [INFO] [1789539078.256532645] [state_machine_node]: Locked blue target after pre-scan: observed_blue_6p0_m2p0 opened=1 retry=0/2
[state_machine_node-28] [INFO] [1789539078.257525745] [state_machine_node]: State: EXPLORING → NAVIGATING
[navigation_node-25] [INFO] [1789539078.265572726] [navigation_node]: Navigation goal received: door observed_blue_6p0_m2p0 (color=blue, frame=map, x=2.97, y=-0.90)
[bt_navigator-16] [INFO] [1789539079.020377242] [bt_navigator]: Begin navigating from current location (0.42, 0.40) to (2.97, -0.90)
[navigation_node-25] [INFO] [1789539079.021421373] [navigation_node]: Navigation goal accepted by Nav2
[controller_server-12] [INFO] [1789539079.222498199] [controller_server]: Received a goal, begin computing control effort.
[door_detection_node-24] [INFO] [1789539079.502508843] [door_detection_node]: HSV handle observed: color=blue, pixel=(234,122), conf=0.16, door_bbox=(230,26,282,210)
[state_machine_node-28] [INFO] [1789539079.619747338] [state_machine_node]: 문 접근 목표 보정: door_blue_09c6b1 handle_axis=(5.80, -1.72) goal_axis=(5.80, -0.80) wall_axis=(5.80, -1.90) yaw=-90deg
[state_machine_node-28] [INFO] [1789539079.625296577] [state_machine_node]: 문 접근 목표 보정: door_blue_09c6b1 handle_axis=(5.80, -1.72) goal_axis=(5.80, -0.80) wall_axis=(5.80, -1.90) yaw=-90deg
[state_machine_node-28] [WARN] [1789539079.626470174] [state_machine_node]: Locked blue target refined from newer observation: observed_blue_6p0_m2p0 -> observed_blue_6p0_m2p0, goal shift=0.19m, identity=(2.97,-2.00) -> (2.80,-1.72)
[navigation_node-25] [INFO] [1789539079.631744455] [navigation_node]: Navigation goal received: door observed_blue_6p0_m2p0 (color=blue, frame=map, x=2.80, y=-0.80)
[navigation_node-25] [INFO] [1789539079.633262523] [navigation_node]: Ignoring duplicate navigation target for active door: observed_blue_6p0_m2p0
[controller_server-12] [INFO] [1789539080.598238618] [controller_server]: Passing new path to controller.
[door_detection_node-24] [INFO] [1789539081.250303114] [door_detection_node]: HSV handle observed: color=blue, pixel=(271,122), conf=0.18, door_bbox=(267,17,320,224)
[state_machine_node-28] [INFO] [1789539081.290976618] [state_machine_node]: Direct blue target door_blue_09c6b1 will use stable wall-memory handle at (2.2, -1.3); progress_gap=0.10m, dist=0.22m, count=11, conf=1.00.
[state_machine_node-28] [INFO] [1789539081.292169713] [state_machine_node]: 문 접근 목표 보정: door_blue_09c6b1 handle_axis=(5.22, -1.34) goal_axis=(5.22, -0.80) wall_axis=(5.22, -1.90) yaw=-90deg
[state_machine_node-28] [INFO] [1789539081.293588311] [state_machine_node]: Locked blue target refine skipped: door_blue_09c6b1 total drift progress=0.85m, xy=1.20m > 1.05m from locked anchor
[controller_server-12] [INFO] [1789539081.723338483] [controller_server]: Passing new path to controller.
[door_detection_node-24] [INFO] [1789539082.923664639] [door_detection_node]: HSV handle observed: color=blue, pixel=(20,122), conf=0.20, door_bbox=(14,24,68,207)
[state_machine_node-28] [INFO] [1789539082.936018742] [state_machine_node]: 문 접근 목표 보정: door_blue_b177f7 handle_axis=(5.95, -1.70) goal_axis=(5.95, -0.80) wall_axis=(5.95, -1.90) yaw=-90deg
[state_machine_node-28] [INFO] [1789539082.937884865] [state_machine_node]: 문 접근 목표 보정: door_blue_b177f7 handle_axis=(5.95, -1.70) goal_axis=(5.95, -0.80) wall_axis=(5.95, -1.90) yaw=-90deg
[controller_server-12] [INFO] [1789539082.973345240] [controller_server]: Passing new path to controller.
[state_machine_node-28] [INFO] [1789539083.932737430] [state_machine_node]: 문 접근 목표 보정: door_blue_b177f7 handle_axis=(5.89, -1.73) goal_axis=(5.89, -0.80) wall_axis=(5.89, -1.90) yaw=-90deg
[state_machine_node-28] [INFO] [1789539083.933465046] [state_machine_node]: 문 접근 목표 보정: door_blue_b177f7 handle_axis=(5.89, -1.73) goal_axis=(5.89, -0.80) wall_axis=(5.89, -1.90) yaw=-90deg
[controller_server-12] [INFO] [1789539084.348297343] [controller_server]: Passing new path to controller.
[door_detection_node-24] [INFO] [1789539085.057610691] [door_detection_node]: HSV handle observed: color=blue, pixel=(80,122), conf=0.20, door_bbox=(77,24,124,212)
[state_machine_node-28] [INFO] [1789539085.070846775] [state_machine_node]: 문 접근 목표 보정: door_blue_6eb364 handle_axis=(5.88, -1.74) goal_axis=(5.88, -0.80) wall_axis=(5.88, -1.90) yaw=-90deg
[state_machine_node-28] [INFO] [1789539085.075673417] [state_machine_node]: 문 접근 목표 보정: door_blue_6eb364 handle_axis=(5.88, -1.74) goal_axis=(5.88, -0.80) wall_axis=(5.88, -1.90) yaw=-90deg
[controller_server-12] [INFO] [1789539085.600617156] [controller_server]: Passing new path to controller.
[state_machine_node-28] [INFO] [1789539086.002487917] [state_machine_node]: 문 접근 목표 보정: door_blue_6eb364 handle_axis=(5.90, -1.78) goal_axis=(5.90, -0.80) wall_axis=(5.90, -1.90) yaw=-90deg
[state_machine_node-28] [INFO] [1789539086.005390724] [state_machine_node]: 문 접근 목표 보정: door_blue_6eb364 handle_axis=(5.90, -1.78) goal_axis=(5.90, -0.80) wall_axis=(5.90, -1.90) yaw=-90deg
[controller_server-12] [INFO] [1789539086.848270703] [controller_server]: Passing new path to controller.
[door_detection_node-24] [INFO] [1789539087.051144239] [door_detection_node]: HSV handle observed: color=blue, pixel=(124,122), conf=0.19, door_bbox=(121,16,169,219)
[state_machine_node-28] [INFO] [1789539087.062538260] [state_machine_node]: 문 접근 목표 보정: door_blue_6eb364 handle_axis=(5.87, -1.79) goal_axis=(5.87, -0.80) wall_axis=(5.87, -1.90) yaw=-90deg
[state_machine_node-28] [INFO] [1789539087.065643463] [state_machine_node]: 문 접근 목표 보정: door_blue_6eb364 handle_axis=(5.87, -1.79) goal_axis=(5.87, -0.80) wall_axis=(5.87, -1.90) yaw=-90deg
[door_detection_node-24] [INFO] [1789539088.104298268] [door_detection_node]: HSV handle observed: color=blue, pixel=(146,122), conf=0.17, door_bbox=(141,14,195,223)
[state_machine_node-28] [INFO] [1789539088.118811178] [state_machine_node]: 문 접근 목표 보정: door_blue_723b5f handle_axis=(5.87, -1.81) goal_axis=(5.87, -0.80) wall_axis=(5.87, -1.90) yaw=-90deg
[state_machine_node-28] [INFO] [1789539088.120953237] [state_machine_node]: 문 접근 목표 보정: door_blue_723b5f handle_axis=(5.87, -1.81) goal_axis=(5.87, -0.80) wall_axis=(5.87, -1.90) yaw=-90deg
[controller_server-12] [INFO] [1789539088.223468072] [controller_server]: Passing new path to controller.
[door_detection_node-24] [INFO] [1789539089.221727733] [door_detection_node]: HSV handle observed: color=blue, pixel=(171,123), conf=0.17, door_bbox=(167,5,225,238)
[state_machine_node-28] [INFO] [1789539089.234409213] [state_machine_node]: 문 접근 목표 보정: door_blue_723b5f handle_axis=(5.84, -1.84) goal_axis=(5.84, -0.80) wall_axis=(5.84, -1.90) yaw=-90deg
[state_machine_node-28] [INFO] [1789539089.235286942] [state_machine_node]: 문 접근 목표 보정: door_blue_723b5f handle_axis=(5.84, -1.84) goal_axis=(5.84, -0.80) wall_axis=(5.84, -1.90) yaw=-90deg
[controller_server-12] [INFO] [1789539089.351748953] [controller_server]: Passing new path to controller.
[state_machine_node-28] [INFO] [1789539090.216107183] [state_machine_node]: 문 접근 목표 보정: door_blue_723b5f handle_axis=(5.86, -1.87) goal_axis=(5.86, -0.80) wall_axis=(5.86, -1.90) yaw=-90deg
[state_machine_node-28] [INFO] [1789539090.217647859] [state_machine_node]: 문 접근 목표 보정: door_blue_723b5f handle_axis=(5.86, -1.87) goal_axis=(5.86, -0.80) wall_axis=(5.86, -1.90) yaw=-90deg
[door_detection_node-24] [INFO] [1789539090.567155332] [door_detection_node]: HSV handle observed: color=blue, pixel=(272,122), conf=0.20, door_bbox=(250,67,274,173)
[controller_server-12] [INFO] [1789539090.598278177] [controller_server]: Passing new path to controller.
[state_machine_node-28] [INFO] [1789539091.310473040] [state_machine_node]: 문 접근 목표 보정: door_blue_8815a2 handle_axis=(5.82, -1.88) goal_axis=(5.82, -0.80) wall_axis=(5.82, -1.90) yaw=-90deg
[state_machine_node-28] [INFO] [1789539091.312463639] [state_machine_node]: 문 접근 목표 보정: door_blue_8815a2 handle_axis=(5.82, -1.88) goal_axis=(5.82, -0.80) wall_axis=(5.82, -1.90) yaw=-90deg
[controller_server-12] [INFO] [1789539091.848290295] [controller_server]: Passing new path to controller.
[door_detection_node-24] [INFO] [1789539091.942763572] [door_detection_node]: HSV handle observed: color=blue, pixel=(282,121), conf=0.19, door_bbox=(258,64,284,175)
[door_detection_node-24] [INFO] [1789539092.409304248] [door_detection_node]: YOLO handle observed (primary): pixel=(227,124), conf=0.50, bbox=(210, 114, 244, 134)
[door_detection_node-24] [INFO] [1789539092.413917101] [door_detection_node]: Handle camera-ray projection: pixel=(227,124), range=2.505m, z=0.748m
[state_machine_node-28] [INFO] [1789539092.426303676] [state_machine_node]: 문 접근 목표 보정: door_blue_8815a2 handle_axis=(6.29, -1.86) goal_axis=(6.29, -0.80) wall_axis=(6.29, -1.90) yaw=-90deg
[state_machine_node-28] [INFO] [1789539092.428857782] [state_machine_node]: 문 접근 목표 보정: door_blue_8815a2 handle_axis=(6.29, -1.86) goal_axis=(6.29, -0.80) wall_axis=(6.29, -1.90) yaw=-90deg
[state_machine_node-28] [WARN] [1789539092.429731438] [state_machine_node]: Locked blue target refined from newer observation: observed_blue_6p0_m2p0 -> observed_blue_6p0_m2p0, goal shift=0.49m, identity=(2.80,-1.72) -> (2.84,-1.91)
[navigation_node-25] [INFO] [1789539092.434386153] [navigation_node]: Navigation goal received: door observed_blue_6p0_m2p0 (color=blue, frame=map, x=3.29, y=-0.80)
[navigation_node-25] [WARN] [1789539092.435495199] [navigation_node]: Already navigating. Preempting current goal without an explicit stop before retargeting to: observed_blue_6p0_m2p0
[bt_navigator-16] [INFO] [1789539093.220705191] [bt_navigator]: Received goal preemption request
[bt_navigator-16] [INFO] [1789539093.221526702] [bt_navigator]: Begin navigating from current location (1.35, -0.51) to (3.29, -0.80)
[navigation_node-25] [INFO] [1789539093.221619503] [navigation_node]: Navigation goal accepted by Nav2
[controller_server-12] [INFO] [1789539093.223255331] [controller_server]: Passing new path to controller.
[door_detection_node-24] [INFO] [1789539093.653954348] [door_detection_node]: HSV handle observed: color=blue, pixel=(290,122), conf=0.21, door_bbox=(263,61,294,177)
[controller_server-12] [INFO] [1789539094.473432832] [controller_server]: Passing new path to controller.
[door_detection_node-24] [INFO] [1789539095.265585137] [door_detection_node]: HSV handle observed: color=blue, pixel=(290,122), conf=0.15, door_bbox=(261,58,294,179)
[controller_server-12] [INFO] [1789539095.723396943] [controller_server]: Passing new path to controller.
[door_detection_node-24] [INFO] [1789539096.028435292] [door_detection_node]: YOLO handle observed (primary): pixel=(268,124), conf=0.64, bbox=(243, 112, 293, 137)
[door_detection_node-24] [INFO] [1789539096.037009593] [door_detection_node]: Handle camera-ray projection: pixel=(268,124), range=2.088m, z=0.757m
[state_machine_node-28] [INFO] [1789539096.046311860] [state_machine_node]: 문 접근 목표 보정: door_blue_8e8544 handle_axis=(6.27, -1.91) goal_axis=(6.27, -0.81) wall_axis=(6.27, -1.91) yaw=-90deg
[state_machine_node-28] [INFO] [1789539096.048645683] [state_machine_node]: 문 접근 목표 보정: door_blue_8e8544 handle_axis=(6.27, -1.91) goal_axis=(6.27, -0.81) wall_axis=(6.27, -1.91) yaw=-90deg
[door_detection_node-24] [INFO] [1789539097.005029794] [door_detection_node]: HSV handle observed: color=blue, pixel=(283,122), conf=0.19, door_bbox=(253,56,287,180)
[controller_server-12] [INFO] [1789539097.098309078] [controller_server]: Passing new path to controller.
[door_detection_node-24] [INFO] [1789539097.298854678] [door_detection_node]: YOLO handle observed (primary): pixel=(278,126), conf=0.74, bbox=(250, 110, 305, 141)
[door_detection_node-24] [INFO] [1789539097.302177143] [door_detection_node]: Handle camera-ray projection: pixel=(278,126), range=1.933m, z=0.745m
[state_machine_node-28] [INFO] [1789539097.313596553] [state_machine_node]: 문 접근 목표 보정: door_blue_8e8544 handle_axis=(6.24, -1.89) goal_axis=(6.24, -0.80) wall_axis=(6.24, -1.90) yaw=-90deg
[state_machine_node-28] [INFO] [1789539097.316094055] [state_machine_node]: 문 접근 목표 보정: door_blue_8e8544 handle_axis=(6.24, -1.89) goal_axis=(6.24, -0.80) wall_axis=(6.24, -1.90) yaw=-90deg
[state_machine_node-28] [INFO] [1789539097.479697501] [state_machine_node]: 문 접근 목표 보정: door_blue_93cc9e handle_axis=(5.76, -1.94) goal_axis=(5.76, -0.84) wall_axis=(5.76, -1.94) yaw=-90deg
[state_machine_node-28] [INFO] [1789539097.480923721] [state_machine_node]: 문 접근 목표 보정: door_blue_93cc9e handle_axis=(5.76, -1.94) goal_axis=(5.76, -0.84) wall_axis=(5.76, -1.94) yaw=-90deg
[state_machine_node-28] [WARN] [1789539097.482140364] [state_machine_node]: Locked blue target refined from newer observation: observed_blue_6p0_m2p0 -> observed_blue_6p0_m2p0, goal shift=0.53m, identity=(2.84,-1.91) -> (2.76,-1.94)
[navigation_node-25] [INFO] [1789539097.483764268] [navigation_node]: Navigation goal received: door observed_blue_6p0_m2p0 (color=blue, frame=map, x=2.76, y=-0.84)
[navigation_node-25] [WARN] [1789539097.485052948] [navigation_node]: Already navigating. Preempting current goal without an explicit stop before retargeting to: observed_blue_6p0_m2p0
[navigation_node-25] [INFO] [1789539098.198544040] [navigation_node]: Navigation goal accepted by Nav2
[bt_navigator-16] [INFO] [1789539098.222622375] [bt_navigator]: Received goal preemption request
[bt_navigator-16] [INFO] [1789539098.222799964] [bt_navigator]: Begin navigating from current location (1.94, -0.66) to (2.76, -0.84)
[controller_server-12] [INFO] [1789539098.225723584] [controller_server]: Passing new path to controller.
[door_detection_node-24] [INFO] [1789539098.417400765] [door_detection_node]: HSV handle observed: color=blue, pixel=(280,122), conf=0.20, door_bbox=(250,56,284,180)
[state_machine_node-28] [INFO] [1789539098.602414842] [state_machine_node]: Blue candidate door_blue_cd4474 rejected: handle lateral 3.62m is outside wall band 2.20+0.35m.
[state_machine_node-28] [INFO] [1789539098.605339320] [state_machine_node]: Blue candidate door_blue_cd4474 recorded with door-body progress and observed wall side because its direct projection was center-biased or crossed the corridor.
[state_machine_node-28] [INFO] [1789539099.133178998] [state_machine_node]: 문 접근 목표 보정: door_blue_93cc9e handle_axis=(5.83, -1.94) goal_axis=(5.83, -0.84) wall_axis=(5.83, -1.94) yaw=-90deg
[state_machine_node-28] [INFO] [1789539099.136998833] [state_machine_node]: 문 접근 목표 보정: door_blue_93cc9e handle_axis=(5.83, -1.94) goal_axis=(5.83, -0.84) wall_axis=(5.83, -1.94) yaw=-90deg
[controller_server-12] [INFO] [1789539099.598281620] [controller_server]: Passing new path to controller.
[door_detection_node-24] [INFO] [1789539100.115020528] [door_detection_node]: HSV handle observed: color=blue, pixel=(278,122), conf=0.19, door_bbox=(245,55,280,184)
[state_machine_node-28] [INFO] [1789539100.838792938] [state_machine_node]: 문 접근 목표 보정: door_blue_93cc9e handle_axis=(5.89, -1.93) goal_axis=(5.89, -0.83) wall_axis=(5.89, -1.93) yaw=-90deg
[state_machine_node-28] [INFO] [1789539100.840669704] [state_machine_node]: 문 접근 목표 보정: door_blue_93cc9e handle_axis=(5.89, -1.93) goal_axis=(5.89, -0.83) wall_axis=(5.89, -1.93) yaw=-90deg
[controller_server-12] [INFO] [1789539100.848278170] [controller_server]: Passing new path to controller.
[door_detection_node-24] [INFO] [1789539101.556242971] [door_detection_node]: HSV handle observed: color=blue, pixel=(274,122), conf=0.18, door_bbox=(239,53,279,182)
[controller_server-12] [INFO] [1789539102.098403727] [controller_server]: Passing new path to controller.
[state_machine_node-28] [INFO] [1789539103.122173787] [state_machine_node]: Nav2 door goal position is near, but yaw is not ready yet: observed_blue_6p0_m2p0, dist=0.31m/0.38m, lateral=-0.11m/0.24m, yaw_error=79deg.
[door_detection_node-24] [INFO] [1789539103.137241060] [door_detection_node]: HSV handle observed: color=blue, pixel=(269,122), conf=0.17, door_bbox=(233,52,274,184)
[controller_server-12] [INFO] [1789539103.348301313] [controller_server]: Passing new path to controller.
[state_machine_node-28] [INFO] [1789539104.153889344] [state_machine_node]: Nav2 goal is close enough for fine door alignment: observed_blue_6p0_m2p0, dist=0.24m/0.38m, lateral=-0.11m/0.24m, yaw_error=79deg.
[state_machine_node-28] [INFO] [1789539104.155552623] [state_machine_node]: Nav2 goal cancellation requested before door fine alignment.
[navigation_node-25] [INFO] [1789539104.155817012] [navigation_node]: Navigation cancellation requested for manual control handoff.
[state_machine_node-28] [INFO] [1789539104.158992994] [state_machine_node]: Fine door approach started: observed_blue_6p0_m2p0, dist=0.24m, lateral=-0.11m, forward=0.22m, yaw_error=79deg
[state_machine_node-28] [INFO] [1789539104.161185539] [state_machine_node]: Fine door parking translation: observed_blue_6p0_m2p0, dist=0.24m/0.17m, heading_error=27deg, cmd=(0.07, -0.14)
[bt_navigator-16] [ERROR] [1789539104.246743119] [bt_navigator_navigate_to_pose_rclcpp_node]: Failed to get result for follow_path in node halt!
[bt_navigator-16] [INFO] [1789539104.246921879] [bt_navigator]: [navigate_to_pose] [ActionServer] Client requested to cancel the goal. Cancelling.
[bt_navigator-16] [INFO] [1789539104.248342251] [bt_navigator]: Goal canceled
[door_detection_node-24] [INFO] [1789539104.272755858] [door_detection_node]: YOLO handle observed (primary): pixel=(40,131), conf=0.73, bbox=(2, 114, 79, 148)
[door_detection_node-24] [INFO] [1789539104.276981250] [door_detection_node]: Handle camera-ray projection: pixel=(40,131), range=1.505m, z=0.726m
[state_machine_node-28] [INFO] [1789539104.284120384] [state_machine_node]: 문 접근 목표 보정: door_blue_91b193 handle_axis=(6.45, -2.01) goal_axis=(6.45, -0.91) wall_axis=(6.45, -2.01) yaw=-90deg
[state_machine_node-28] [INFO] [1789539104.291718220] [state_machine_node]: 문 접근 목표 보정: door_blue_91b193 handle_axis=(6.45, -2.01) goal_axis=(6.45, -0.91) wall_axis=(6.45, -2.01) yaw=-90deg
[state_machine_node-28] [INFO] [1789539104.295461270] [state_machine_node]: 문 접근 목표 보정: door_blue_91b193 handle_axis=(6.45, -2.01) goal_axis=(6.45, -0.91) wall_axis=(6.45, -2.01) yaw=-90deg
[state_machine_node-28] [WARN] [1789539104.297788840] [state_machine_node]: Close door-front observation moved observed_blue_6p0_m2p0 by 0.69m; returning to Nav2 before final alignment.
[state_machine_node-28] [WARN] [1789539104.298555302] [state_machine_node]: Locked blue target refined from newer observation: observed_blue_6p0_m2p0 -> observed_blue_6p0_m2p0, goal shift=0.69m, identity=(2.76,-1.94) -> (3.16,-2.66)
[controller_server-12] [INFO] [1789539104.348276334] [controller_server]: Goal was canceled. Stopping the robot.
[controller_server-12] [INFO] [1789539104.348387118] [controller_server]: [follow_path] [ActionServer] Client requested to cancel the goal. Cancelling.
[door_detection_node-24] [INFO] [1789539104.556962682] [door_detection_node]: HSV handle observed: color=blue, pixel=(262,122), conf=0.20, door_bbox=(227,49,267,185)
[state_machine_node-28] [INFO] [1789539105.191161053] [state_machine_node]: Close-station correction backoff: observed_blue_6p0_m2p0, cmd_x=-0.08
[state_machine_node-28] [INFO] [1789539106.188994704] [state_machine_node]: Close-station correction backoff: observed_blue_6p0_m2p0, cmd_x=-0.08
[door_detection_node-24] [INFO] [1789539106.269434451] [door_detection_node]: HSV handle observed: color=blue, pixel=(250,122), conf=0.17, door_bbox=(214,53,255,183)
[state_machine_node-28] [INFO] [1789539107.166729711] [state_machine_node]: Close-station correction backoff: observed_blue_6p0_m2p0, cmd_x=-0.08
[door_detection_node-24] [INFO] [1789539107.891294550] [door_detection_node]: HSV handle observed: color=blue, pixel=(252,122), conf=0.18, door_bbox=(220,52,257,183)
[state_machine_node-28] [INFO] [1789539108.201832080] [state_machine_node]: Close-station correction backoff: observed_blue_6p0_m2p0, cmd_x=-0.08
[state_machine_node-28] [INFO] [1789539109.226672483] [state_machine_node]: Door navigation backoff complete; replanning to observed_blue_6p0_m2p0.
[navigation_node-25] [INFO] [1789539109.230029798] [navigation_node]: Navigation goal received: door observed_blue_6p0_m2p0 (color=blue, frame=map, x=3.45, y=-0.91)
[door_detection_node-24] [INFO] [1789539109.606770685] [door_detection_node]: HSV handle observed: color=blue, pixel=(256,122), conf=0.16, door_bbox=(220,53,261,182)
[bt_navigator-16] [INFO] [1789539109.971251126] [bt_navigator]: Begin navigating from current location (2.45, -0.76) to (3.45, -0.91)
[navigation_node-25] [INFO] [1789539109.972819193] [navigation_node]: Navigation goal accepted by Nav2
[controller_server-12] [INFO] [1789539110.172732236] [controller_server]: Received a goal, begin computing control effort.
[door_detection_node-24] [INFO] [1789539111.383851480] [door_detection_node]: HSV handle observed: color=blue, pixel=(256,122), conf=0.19, door_bbox=(222,53,260,182)
[controller_server-12] [INFO] [1789539111.423435255] [controller_server]: Passing new path to controller.
[controller_server-12] [INFO] [1789539112.673503079] [controller_server]: Passing new path to controller.
[door_detection_node-24] [INFO] [1789539112.992079518] [door_detection_node]: HSV handle observed: color=blue, pixel=(255,122), conf=0.18, door_bbox=(219,51,258,184)
[door_detection_node-24] [INFO] [1789539113.963379020] [door_detection_node]: YOLO handle observed (primary): pixel=(62,132), conf=0.79, bbox=(8, 112, 116, 152)
[door_detection_node-24] [INFO] [1789539113.966808004] [door_detection_node]: Handle camera-ray projection: pixel=(62,132), range=1.414m, z=0.722m
[state_machine_node-28] [INFO] [1789539113.978344073] [state_machine_node]: 문 접근 목표 보정: door_blue_56aa5e handle_axis=(6.45, -2.05) goal_axis=(6.45, -0.95) wall_axis=(6.45, -2.05) yaw=-90deg
[state_machine_node-28] [INFO] [1789539113.983039725] [state_machine_node]: 문 접근 목표 보정: door_blue_56aa5e handle_axis=(6.45, -2.05) goal_axis=(6.45, -0.95) wall_axis=(6.45, -2.05) yaw=-90deg
[controller_server-12] [INFO] [1789539114.048403773] [controller_server]: Passing new path to controller.
[door_detection_node-24] [INFO] [1789539114.355510211] [door_detection_node]: HSV handle observed: color=blue, pixel=(258,122), conf=0.21, door_bbox=(222,50,261,185)
[controller_server-12] [INFO] [1789539115.173441536] [controller_server]: Passing new path to controller.
[door_detection_node-24] [INFO] [1789539116.120070792] [door_detection_node]: HSV handle observed: color=blue, pixel=(258,122), conf=0.22, door_bbox=(221,49,264,187)
[controller_server-12] [INFO] [1789539116.423436234] [controller_server]: Passing new path to controller.
[state_machine_node-28] [INFO] [1789539116.995047111] [state_machine_node]: Blue candidate door_blue_e9ada9 rejected: handle lateral 2.84m is outside wall band 2.20+0.35m.
[state_machine_node-28] [INFO] [1789539116.998405389] [state_machine_node]: Blue candidate door_blue_e9ada9 kept in wall observation memory using its door pose; handle projection is outside the wall band.
[door_detection_node-24] [INFO] [1789539117.580704315] [door_detection_node]: HSV handle observed: color=blue, pixel=(258,122), conf=0.21, door_bbox=(217,47,264,190)
[controller_server-12] [INFO] [1789539117.673418943] [controller_server]: Passing new path to controller.
[state_machine_node-28] [INFO] [1789539117.947509964] [state_machine_node]: Nav2 door goal position is near, but yaw is not ready yet: observed_blue_6p0_m2p0, dist=0.29m/0.38m, lateral=-0.01m/0.24m, yaw_error=84deg.
[door_detection_node-24] [INFO] [1789539118.983527028] [door_detection_node]: HSV handle observed: color=blue, pixel=(263,122), conf=0.20, door_bbox=(220,44,268,191)
[state_machine_node-28] [INFO] [1789539119.027709880] [state_machine_node]: Nav2 goal is close enough for fine door alignment: observed_blue_6p0_m2p0, dist=0.22m/0.38m, lateral=-0.01m/0.24m, yaw_error=85deg.
[navigation_node-25] [INFO] [1789539119.028852787] [navigation_node]: Navigation cancellation requested for manual control handoff.
[state_machine_node-28] [INFO] [1789539119.028898956] [state_machine_node]: Nav2 goal cancellation requested before door fine alignment.
[state_machine_node-28] [INFO] [1789539119.030593814] [state_machine_node]: Fine door approach started: observed_blue_6p0_m2p0, dist=0.22m, lateral=-0.01m, forward=0.22m, yaw_error=85deg
[state_machine_node-28] [INFO] [1789539119.031134767] [state_machine_node]: Fine door parking translation: observed_blue_6p0_m2p0, dist=0.22m/0.17m, heading_error=4deg, cmd=(0.07, -0.05)
[controller_server-12] [INFO] [1789539119.048439392] [controller_server]: Passing new path to controller.
[bt_navigator-16] [ERROR] [1789539119.092454557] [bt_navigator_navigate_to_pose_rclcpp_node]: Failed to get result for follow_path in node halt!
[bt_navigator-16] [INFO] [1789539119.092718452] [bt_navigator]: [navigate_to_pose] [ActionServer] Client requested to cancel the goal. Cancelling.
[bt_navigator-16] [INFO] [1789539119.093093478] [bt_navigator]: Goal canceled
[controller_server-12] [INFO] [1789539119.173442671] [controller_server]: Goal was canceled. Stopping the robot.
[controller_server-12] [INFO] [1789539119.174427399] [controller_server]: [follow_path] [ActionServer] Client requested to cancel the goal. Cancelling.
[state_machine_node-28] [INFO] [1789539119.999946827] [state_machine_node]: Fine door parking translation: observed_blue_6p0_m2p0, dist=0.19m/0.17m, heading_error=4deg, cmd=(0.07, -0.05)
[door_detection_node-24] [INFO] [1789539120.682101544] [door_detection_node]: HSV handle observed: color=blue, pixel=(253,122), conf=0.20, door_bbox=(209,44,258,191)
[state_machine_node-28] [INFO] [1789539120.792352977] [state_machine_node]: 문 접근 목표 보정: door_blue_e1de2d handle_axis=(9.00, 1.95) goal_axis=(9.00, 0.85) wall_axis=(9.00, 1.95) yaw=90deg
[state_machine_node-28] [INFO] [1789539121.085464537] [state_machine_node]: Fine door final yaw alignment: observed_blue_6p0_m2p0, dist=0.15m/0.17m, yaw_error=83deg, cmd=(0.00, -0.25)
[door_detection_node-24] [INFO] [1789539122.116422528] [door_detection_node]: HSV handle observed: color=blue, pixel=(228,122), conf=0.21, door_bbox=(187,46,233,192)
[state_machine_node-28] [INFO] [1789539122.126136203] [state_machine_node]: 문 접근 목표 보정: door_blue_e1de2d handle_axis=(8.98, 1.92) goal_axis=(8.98, 0.82) wall_axis=(8.98, 1.92) yaw=90deg
[state_machine_node-28] [INFO] [1789539122.179358026] [state_machine_node]: Fine door final yaw alignment: observed_blue_6p0_m2p0, dist=0.15m/0.17m, yaw_error=78deg, cmd=(0.00, -0.25)
[state_machine_node-28] [INFO] [1789539123.206856422] [state_machine_node]: Fine door final yaw alignment: observed_blue_6p0_m2p0, dist=0.15m/0.17m, yaw_error=72deg, cmd=(0.00, -0.25)
[state_machine_node-28] [INFO] [1789539123.244967892] [state_machine_node]: Blue candidate door_blue_e9ada9 rejected: handle lateral 2.76m is outside wall band 2.20+0.35m.
[state_machine_node-28] [INFO] [1789539123.249084937] [state_machine_node]: Blue candidate door_blue_e9ada9 recorded with door-body progress and observed wall side because its direct projection was center-biased or crossed the corridor.
[state_machine_node-28] [INFO] [1789539123.250227082] [state_machine_node]: 문 접근 목표 보정: door_blue_0bc403 handle_axis=(5.73, -2.76) goal_axis=(5.73, -0.95) wall_axis=(5.73, -2.20) yaw=-90deg
[door_detection_node-24] [INFO] [1789539123.922007938] [door_detection_node]: HSV handle observed: color=blue, pixel=(186,122), conf=0.15, door_bbox=(146,47,193,191)
[state_machine_node-28] [INFO] [1789539124.033631479] [state_machine_node]: 문 접근 목표 보정: door_blue_e1de2d handle_axis=(8.91, 1.95) goal_axis=(8.91, 0.85) wall_axis=(8.91, 1.95) yaw=90deg
[state_machine_node-28] [INFO] [1789539124.246714522] [state_machine_node]: Fine door final yaw alignment: observed_blue_6p0_m2p0, dist=0.16m/0.17m, yaw_error=67deg, cmd=(0.00, -0.25)
[state_machine_node-28] [INFO] [1789539125.262109944] [state_machine_node]: Fine door final yaw alignment: observed_blue_6p0_m2p0, dist=0.16m/0.17m, yaw_error=62deg, cmd=(0.00, -0.25)
[door_detection_node-24] [INFO] [1789539125.582717318] [door_detection_node]: HSV handle observed: color=blue, pixel=(150,122), conf=0.16, door_bbox=(109,42,157,193)
[state_machine_node-28] [INFO] [1789539125.693703532] [state_machine_node]: 문 접근 목표 보정: door_blue_0e61b8 handle_axis=(8.89, 1.99) goal_axis=(8.89, 0.89) wall_axis=(8.89, 1.99) yaw=90deg
[state_machine_node-28] [INFO] [1789539126.301690020] [state_machine_node]: Fine door final yaw alignment: observed_blue_6p0_m2p0, dist=0.16m/0.17m, yaw_error=57deg, cmd=(0.00, -0.25)
[state_machine_node-28] [INFO] [1789539127.300468710] [state_machine_node]: Fine door final yaw alignment: observed_blue_6p0_m2p0, dist=0.16m/0.17m, yaw_error=53deg, cmd=(0.00, -0.25)
[door_detection_node-24] [INFO] [1789539127.323792398] [door_detection_node]: HSV handle observed: color=blue, pixel=(118,122), conf=0.12, door_bbox=(73,40,126,196)
[state_machine_node-28] [INFO] [1789539127.336575751] [state_machine_node]: 문 접근 목표 보정: door_blue_0e61b8 handle_axis=(8.84, 1.96) goal_axis=(8.84, 0.86) wall_axis=(8.84, 1.96) yaw=90deg
[state_machine_node-28] [INFO] [1789539128.317187490] [state_machine_node]: Blue candidate door_blue_e9ada9 rejected: handle lateral 2.72m is outside wall band 2.20+0.35m.
[state_machine_node-28] [INFO] [1789539128.318915300] [state_machine_node]: Blue candidate door_blue_e9ada9 recorded with door-body progress and observed wall side because its direct projection was center-biased or crossed the corridor.
[state_machine_node-28] [INFO] [1789539128.319936036] [state_machine_node]: 문 접근 목표 보정: door_blue_91b193 handle_axis=(5.67, -2.72) goal_axis=(5.67, -0.95) wall_axis=(5.67, -2.20) yaw=-90deg
[state_machine_node-28] [INFO] [1789539128.385934098] [state_machine_node]: Fine door final yaw alignment: observed_blue_6p0_m2p0, dist=0.16m/0.17m, yaw_error=48deg, cmd=(0.00, -0.25)
[door_detection_node-24] [INFO] [1789539128.718343727] [door_detection_node]: HSV handle observed: color=blue, pixel=(92,122), conf=0.15, door_bbox=(44,36,99,199)
[state_machine_node-28] [INFO] [1789539128.731673047] [state_machine_node]: 문 접근 목표 보정: door_blue_017b01 handle_axis=(8.83, 2.00) goal_axis=(8.83, 0.90) wall_axis=(8.83, 2.00) yaw=90deg
[state_machine_node-28] [INFO] [1789539129.442395053] [state_machine_node]: Fine door final yaw alignment: observed_blue_6p0_m2p0, dist=0.16m/0.17m, yaw_error=44deg, cmd=(0.00, -0.25)
[door_detection_node-24] [INFO] [1789539130.429957061] [door_detection_node]: HSV handle observed: color=blue, pixel=(56,122), conf=0.14, door_bbox=(0,32,64,204)
[state_machine_node-28] [INFO] [1789539130.439129518] [state_machine_node]: 문 접근 목표 보정: door_blue_017b01 handle_axis=(8.08, 1.19) goal_axis=(8.08, 0.80) wall_axis=(8.08, 1.90) yaw=90deg
[state_machine_node-28] [INFO] [1789539130.510494898] [state_machine_node]: Fine door final yaw alignment: observed_blue_6p0_m2p0, dist=0.16m/0.17m, yaw_error=40deg, cmd=(0.00, -0.25)
[state_machine_node-28] [INFO] [1789539131.572574010] [state_machine_node]: Fine door final yaw alignment: observed_blue_6p0_m2p0, dist=0.16m/0.17m, yaw_error=35deg, cmd=(0.00, -0.25)
[state_machine_node-28] [INFO] [1789539132.641641866] [state_machine_node]: Fine door final yaw alignment: observed_blue_6p0_m2p0, dist=0.16m/0.17m, yaw_error=31deg, cmd=(0.00, -0.25)
[state_machine_node-28] [INFO] [1789539133.657122737] [state_machine_node]: Blue candidate door_blue_cd4474_1 rejected: handle lateral 5.60m is outside wall band 2.20+0.35m.
[state_machine_node-28] [INFO] [1789539133.659897124] [state_machine_node]: Blue candidate door_blue_cd4474_1 recorded with door-body progress and observed wall side because its direct projection was center-biased or crossed the corridor.
[state_machine_node-28] [INFO] [1789539133.661886710] [state_machine_node]: 문 접근 목표 보정: door_blue_cd4474_1 handle_axis=(6.05, -5.60) goal_axis=(6.05, -0.95) wall_axis=(6.05, -2.20) yaw=-90deg
[state_machine_node-28] [INFO] [1789539133.697460448] [state_machine_node]: Fine door final yaw alignment: observed_blue_6p0_m2p0, dist=0.15m/0.17m, yaw_error=26deg, cmd=(0.00, -0.25)
[state_machine_node-28] [INFO] [1789539134.027333364] [state_machine_node]: 문 접근 목표 보정: door_blue_93cc9e handle_axis=(5.50, -2.65) goal_axis=(5.50, -0.95) wall_axis=(5.50, -2.20) yaw=-90deg
[state_machine_node-28] [INFO] [1789539134.810299053] [state_machine_node]: 문 접근 목표 보정: door_blue_cd4474 handle_axis=(5.87, -5.53) goal_axis=(5.87, -0.95) wall_axis=(5.87, -2.20) yaw=-90deg
[state_machine_node-28] [INFO] [1789539134.824907795] [state_machine_node]: Fine door final yaw alignment: observed_blue_6p0_m2p0, dist=0.15m/0.17m, yaw_error=21deg, cmd=(0.00, -0.25)
[state_machine_node-28] [INFO] [1789539135.524931840] [state_machine_node]: 문 접근 목표 보정: door_blue_93cc9e handle_axis=(5.41, -2.60) goal_axis=(5.41, -0.95) wall_axis=(5.41, -2.20) yaw=-90deg
[state_machine_node-28] [INFO] [1789539135.894540890] [state_machine_node]: 문 접근 목표 보정: door_blue_cd4474 handle_axis=(5.68, -5.46) goal_axis=(5.68, -0.95) wall_axis=(5.68, -2.20) yaw=-90deg
[state_machine_node-28] [INFO] [1789539135.914045062] [state_machine_node]: Fine door final yaw alignment: observed_blue_6p0_m2p0, dist=0.14m/0.17m, yaw_error=15deg, cmd=(0.00, -0.20)
[state_machine_node-28] [INFO] [1789539136.955354608] [state_machine_node]: Blue candidate door_blue_e9ada9 recorded with door-body progress and observed wall side because its direct projection was center-biased or crossed the corridor.
[state_machine_node-28] [INFO] [1789539136.956937900] [state_machine_node]: 문 접근 목표 보정: door_blue_93cc9e handle_axis=(5.34, -2.55) goal_axis=(5.34, -0.95) wall_axis=(5.34, -2.20) yaw=-90deg
[state_machine_node-28] [INFO] [1789539136.960678757] [state_machine_node]: 문 접근 목표 보정: door_blue_93cc9e handle_axis=(5.34, -2.55) goal_axis=(5.34, -0.95) wall_axis=(5.34, -2.20) yaw=-90deg
[state_machine_node-28] [INFO] [1789539136.965116114] [state_machine_node]: 문 접근 목표 보정: door_blue_93cc9e handle_axis=(5.34, -2.55) goal_axis=(5.34, -0.95) wall_axis=(5.34, -2.20) yaw=-90deg
[state_machine_node-28] [INFO] [1789539136.966062520] [state_machine_node]: Locked blue target refine skipped: door_blue_93cc9e would move the manipulation handle/parking station too far from the locked observed target (handle_progress_jump=1.11/0.90m, handle_xy_jump=1.13/0.90m).
[state_machine_node-28] [INFO] [1789539137.023753475] [state_machine_node]: Fine door final yaw alignment: observed_blue_6p0_m2p0, dist=0.13m/0.17m, yaw_error=11deg, cmd=(0.00, -0.15)
[state_machine_node-28] [INFO] [1789539137.200739214] [state_machine_node]: Blue candidate door_blue_e9ada9 rejected: handle lateral 2.79m is outside wall band 2.20+0.35m.
[state_machine_node-28] [INFO] [1789539137.207094690] [state_machine_node]: 문 접근 목표 보정: door_blue_8e8544 handle_axis=(5.98, -2.79) goal_axis=(5.98, -0.95) wall_axis=(5.98, -2.20) yaw=-90deg
[state_machine_node-28] [INFO] [1789539138.058073797] [state_machine_node]: 문 접근 목표 보정: door_blue_8e8544 handle_axis=(5.93, -2.78) goal_axis=(5.93, -0.95) wall_axis=(5.93, -2.20) yaw=-90deg
[state_machine_node-28] [INFO] [1789539138.076717626] [state_machine_node]: Fine door approach accepted for manipulation verification: observed_blue_6p0_m2p0, dist=0.13m/0.24m, lateral=0.09m/0.18m, yaw_error=8deg/10deg.
[state_machine_node-28] [INFO] [1789539138.077648941] [state_machine_node]: 문 앞 정렬 완료. 2.8s 정지 후 개방합니다.
[state_machine_node-28] [INFO] [1789539138.402062297] [state_machine_node]: 문 접근 목표 보정: door_blue_93cc9e handle_axis=(5.28, -2.51) goal_axis=(5.28, -0.95) wall_axis=(5.28, -2.20) yaw=-90deg
[state_machine_node-28] [INFO] [1789539138.405075851] [state_machine_node]: 문 접근 목표 보정: door_blue_93cc9e handle_axis=(5.28, -2.51) goal_axis=(5.28, -0.95) wall_axis=(5.28, -2.20) yaw=-90deg
[state_machine_node-28] [INFO] [1789539138.407659131] [state_machine_node]: 문 접근 목표 보정: door_blue_93cc9e handle_axis=(5.28, -2.51) goal_axis=(5.28, -0.95) wall_axis=(5.28, -2.20) yaw=-90deg
[state_machine_node-28] [INFO] [1789539139.085228645] [state_machine_node]: 문 접근 목표 보정: door_blue_8e8544 handle_axis=(5.91, -2.78) goal_axis=(5.91, -0.95) wall_axis=(5.91, -2.20) yaw=-90deg
[state_machine_node-28] [INFO] [1789539140.098158218] [state_machine_node]: Blue candidate door_blue_e9ada9 recorded with door-body progress and observed wall side because its direct projection was center-biased or crossed the corridor.
[state_machine_node-28] [INFO] [1789539140.099796853] [state_machine_node]: 문 접근 목표 보정: door_blue_93cc9e handle_axis=(5.28, -2.51) goal_axis=(5.28, -0.95) wall_axis=(5.28, -2.20) yaw=-90deg
[state_machine_node-28] [INFO] [1789539140.104451039] [state_machine_node]: 문 접근 목표 보정: door_blue_93cc9e handle_axis=(5.28, -2.51) goal_axis=(5.28, -0.95) wall_axis=(5.28, -2.20) yaw=-90deg
[state_machine_node-28] [INFO] [1789539140.109218729] [state_machine_node]: 문 접근 목표 보정: door_blue_93cc9e handle_axis=(5.28, -2.51) goal_axis=(5.28, -0.95) wall_axis=(5.28, -2.20) yaw=-90deg
[state_machine_node-28] [INFO] [1789539140.110058562] [state_machine_node]: Locked blue target refine skipped: door_blue_93cc9e would move the manipulation handle/parking station too far from the locked observed target (handle_progress_jump=1.17/0.90m, handle_xy_jump=1.19/0.90m).
[state_machine_node-28] [INFO] [1789539140.264033911] [state_machine_node]: Blue candidate door_blue_e9ada9 rejected: handle lateral 2.78m is outside wall band 2.20+0.35m.
[state_machine_node-28] [INFO] [1789539140.269662495] [state_machine_node]: 문 접근 목표 보정: door_blue_8e8544 handle_axis=(5.91, -2.78) goal_axis=(5.91, -0.95) wall_axis=(5.91, -2.20) yaw=-90deg
[state_machine_node-28] [INFO] [1789539141.204335629] [state_machine_node]: 문 접근 목표 보정: door_blue_8e8544 handle_axis=(5.91, -2.78) goal_axis=(5.91, -0.95) wall_axis=(5.91, -2.20) yaw=-90deg
[state_machine_node-28] [INFO] [1789539141.757476651] [state_machine_node]: 문 접근 목표 보정: door_blue_93cc9e handle_axis=(5.28, -2.51) goal_axis=(5.28, -0.95) wall_axis=(5.28, -2.20) yaw=-90deg
[state_machine_node-28] [INFO] [1789539141.762853948] [state_machine_node]: 문 접근 목표 보정: door_blue_93cc9e handle_axis=(5.28, -2.51) goal_axis=(5.28, -0.95) wall_axis=(5.28, -2.20) yaw=-90deg
[state_machine_node-28] [INFO] [1789539141.766456525] [state_machine_node]: 문 접근 목표 보정: door_blue_93cc9e handle_axis=(5.28, -2.51) goal_axis=(5.28, -0.95) wall_axis=(5.28, -2.20) yaw=-90deg
[state_machine_node-28] [INFO] [1789539142.146452250] [state_machine_node]: 문 접근 목표 보정: door_blue_8e8544 handle_axis=(5.91, -2.78) goal_axis=(5.91, -0.95) wall_axis=(5.91, -2.20) yaw=-90deg
[state_machine_node-28] [INFO] [1789539143.224017798] [state_machine_node]: Blue candidate door_blue_e9ada9 recorded with door-body progress and observed wall side because its direct projection was center-biased or crossed the corridor.
[state_machine_node-28] [INFO] [1789539143.228069848] [state_machine_node]: 문 접근 목표 보정: door_blue_93cc9e handle_axis=(5.28, -2.51) goal_axis=(5.28, -0.95) wall_axis=(5.28, -2.20) yaw=-90deg
[state_machine_node-28] [INFO] [1789539143.233699519] [state_machine_node]: 문 접근 목표 보정: door_blue_93cc9e handle_axis=(5.28, -2.51) goal_axis=(5.28, -0.95) wall_axis=(5.28, -2.20) yaw=-90deg
[state_machine_node-28] [INFO] [1789539143.236660156] [state_machine_node]: 문 접근 목표 보정: door_blue_93cc9e handle_axis=(5.28, -2.51) goal_axis=(5.28, -0.95) wall_axis=(5.28, -2.20) yaw=-90deg
[state_machine_node-28] [INFO] [1789539143.237787601] [state_machine_node]: Locked blue target refine skipped: door_blue_93cc9e would move the manipulation handle/parking station too far from the locked observed target (handle_progress_jump=1.17/0.90m, handle_xy_jump=1.19/0.90m).
[state_machine_node-28] [INFO] [1789539143.446545608] [state_machine_node]: Blue candidate door_blue_e9ada9 rejected: handle lateral 2.78m is outside wall band 2.20+0.35m.
[state_machine_node-28] [INFO] [1789539143.455041637] [state_machine_node]: 문 접근 목표 보정: door_blue_8e8544 handle_axis=(5.91, -2.78) goal_axis=(5.91, -0.95) wall_axis=(5.91, -2.20) yaw=-90deg
[state_machine_node-28] [INFO] [1789539144.344718986] [state_machine_node]: 문 접근 목표 보정: door_blue_8e8544 handle_axis=(5.91, -2.78) goal_axis=(5.91, -0.95) wall_axis=(5.91, -2.20) yaw=-90deg
[state_machine_node-28] [INFO] [1789539144.411196845] [state_machine_node]: Blue candidate door_blue_e9ada9 cannot confirm opening: current camera ray is outside the frontal manipulation workspace.
[state_machine_node-28] [INFO] [1789539144.441870569] [state_machine_node]: Observed blue target observed_blue_6p0_m2p0 kept for mapping but not opened yet: after at least one opened door, mapped wall memory needs a close live blue frame at the same station.
[state_machine_node-28] [WARN] [1789539144.471763370] [state_machine_node]: Fresh blue evidence missing near target observed_blue_6p0_m2p0: p=6.45, lat=-2.01, radius=0.81m, max_age=10.0s, min_conf=0.34.
[state_machine_node-28] [INFO] [1789539144.572489226] [state_machine_node]: 잠금 문 visual-servo 수렴 관측 사용: observed_blue_6p0_m2p0, count=6, conf=1.00, age=0.5s
[state_machine_node-28] [WARN] [1789539144.694941451] [state_machine_node]: Fresh blue evidence missing near target observed_blue_6p0_m2p0: p=6.45, lat=-2.01, radius=0.81m, max_age=10.0s, min_conf=0.34.
[state_machine_node-28] [INFO] [1789539144.705398528] [state_machine_node]: State: NAVIGATING → OPENING_DOOR
[state_machine_node-28] [INFO] [1789539145.406351982] [state_machine_node]: 문 개방 요청 손잡이: id=observed_blue_6p0_m2p0__axis_p6p45_m2p01, method=yolo:primary:item, conf=0.73, frame=map, pos=(3.450,-2.013,0.824)
[manipulation_node-26] [INFO] [1789539145.414225565] [manipulation_node]: Open door request: id=observed_blue_6p0_m2p0__axis_p6p45_m2p01, handle_method=yolo:primary:item, handle_detected=True, handle_conf=0.73
[manipulation_node-26] [INFO] [1789539145.422857859] [manipulation_node]: Manipulation phase: LOCALIZE_HANDLE:observed_blue_6p0_m2p0__axis_p6p45_m2p01
[manipulation_node-26] [INFO] [1789539145.446837440] [manipulation_node]: Transformed handle_position map -> base_link: (1.140, -0.044, 0.726)
[manipulation_node-26] [INFO] [1789539145.453539731] [manipulation_node]: Manipulation phase: PRE_GRASP:observed_blue_6p0_m2p0__axis_p6p45_m2p01
[manipulation_node-26] [INFO] [1789539145.457966614] [manipulation_node]: Step 1/4: Moving to pre-grasp position
[manipulation_node-26] [INFO] [1789539145.465405456] [manipulation_node]:   [SIM] Pre-grasp at (1.020, -0.044, 0.726)
[manipulation_node-26] [INFO] [1789539145.486026902] [manipulation_node]:   [SIM] Arm target stage=pre_grasp: joint1=-0.07, joint2=0.99, joint3=-0.11, joint4=0.00, joint5=0.00, joint6=0.00
[state_machine_node-28] [INFO] [1789539146.528534920] [state_machine_node]: Blue candidate door_blue_e9ada9 rejected: handle lateral 2.78m is outside wall band 2.20+0.35m.
[state_machine_node-28] [INFO] [1789539146.530472006] [state_machine_node]: Blue candidate door_blue_e9ada9 recorded with door-body progress and observed wall side because its direct projection was center-biased or crossed the corridor.
[manipulation_node-26] [INFO] [1789539146.553967326] [manipulation_node]: Manipulation phase: GRASP_HANDLE:observed_blue_6p0_m2p0__axis_p6p45_m2p01
[manipulation_node-26] [INFO] [1789539146.560150835] [manipulation_node]: Step 2/4: Grasping handle
[manipulation_node-26] [INFO] [1789539146.580249396] [manipulation_node]:   [SIM] Gripper closing
[manipulation_node-26] [INFO] [1789539146.601054824] [manipulation_node]:   [SIM] Arm target stage=grasp: joint1=-0.07, joint2=0.99, joint3=-0.11, joint4=0.00, joint5=0.00, joint6=0.00
[manipulation_node-26] [INFO] [1789539147.621840463] [manipulation_node]: Manipulation phase: PRESS_HANDLE:observed_blue_6p0_m2p0__axis_p6p45_m2p01
[manipulation_node-26] [INFO] [1789539147.622861395] [manipulation_node]: Step 3/5: Pressing lever handle
[manipulation_node-26] [INFO] [1789539147.623263097] [manipulation_node]:   [SIM] Pressing lever down 0.070m before push
[manipulation_node-26] [INFO] [1789539147.623616273] [manipulation_node]:   [SIM] Arm target stage=press: joint1=-0.07, joint2=1.06, joint3=-0.11, joint4=0.00, joint5=0.00, joint6=0.00
[manipulation_node-26] [INFO] [1789539148.656620354] [manipulation_node]: Manipulation phase: PUSH_OPEN:observed_blue_6p0_m2p0__axis_p6p45_m2p01
[manipulation_node-26] [INFO] [1789539148.657409907] [manipulation_node]: Step 4/5: Pushing door open
[manipulation_node-26] [INFO] [1789539148.658193134] [manipulation_node]:   [SIM] Holding the pressed handle while the base opens the hinged Gazebo door 2.09rad
[manipulation_node-26] [INFO] [1789539148.659008054] [manipulation_node]:   [SIM] Arm target stage=push: joint1=-0.07, joint2=0.99, joint3=-0.11, joint4=0.00, joint5=0.00, joint6=0.00
[manipulation_node-26] [INFO] [1789539148.702194737] [manipulation_node]:   [SIM] Matched observed door observed_blue_6p0_m2p0__axis_p6p45_m2p01 to /fire_robot/door/blue/x300/yn186/sp/cmd (distance=0.09m, score=0.008, source=map_handle, match=(3.45,-2.01))
[manipulation_node-26] [INFO] [1789539148.703246053] [manipulation_node]:   [SIM] Gazebo door topic=/fire_robot/door/blue/x300/yn186/sp/cmd, target_angle=-2.094
[door_detection_node-24] [INFO] [1789539149.097372749] [door_detection_node]: HSV handle observed: color=blue, pixel=(182,228), conf=0.17, door_bbox=(174,0,320,240)
[state_machine_node-28] [INFO] [1789539149.584684190] [state_machine_node]: Blue candidate door_blue_e9ada9 recorded with door-body progress and observed wall side because its direct projection was center-biased or crossed the corridor.
[state_machine_node-28] [INFO] [1789539149.977463610] [state_machine_node]: Blue candidate door_blue_e9ada9 rejected: handle lateral 2.78m is outside wall band 2.20+0.35m.
[door_detection_node-24] [INFO] [1789539152.930652887] [door_detection_node]: HSV handle observed: color=blue, pixel=(213,128), conf=0.99, door_bbox=(182,0,320,240)
[door_detection_node-24] [INFO] [1789539152.935712336] [door_detection_node]: Handle camera-ray projection: pixel=(213,128), range=1.068m, z=0.753m
[state_machine_node-28] [INFO] [1789539152.942263579] [state_machine_node]: Blue candidate door_blue_e9ada9 recorded at camera-ray intersection with the observed corridor wall.
[state_machine_node-28] [INFO] [1789539153.179200991] [state_machine_node]: Blue candidate door_blue_e9ada9 recorded with door-body progress and observed wall side because its direct projection was center-biased or crossed the corridor.
[door_detection_node-24] [INFO] [1789539153.797583291] [door_detection_node]: YOLO handle observed (primary): pixel=(256,128), conf=0.74, bbox=(224, 112, 287, 144)
[manipulation_node-26] [INFO] [1789539155.819377484] [manipulation_node]:   [SIM] Door model feedback verified: topic=/fire_robot/door/blue/x300/yn186/sp/cmd, model=door_blue1, angle=-2.1000, target=-2.0944
[manipulation_node-26] [INFO] [1789539156.827480292] [manipulation_node]: Manipulation phase: RELEASE_HANDLE:observed_blue_6p0_m2p0__axis_p6p45_m2p01
[manipulation_node-26] [INFO] [1789539156.828304043] [manipulation_node]: Releasing the lever before arm recovery and base backoff
[manipulation_node-26] [INFO] [1789539157.896440579] [manipulation_node]: Manipulation phase: RETURN_HOME:observed_blue_6p0_m2p0__axis_p6p45_m2p01
[manipulation_node-26] [INFO] [1789539157.896909512] [manipulation_node]: Step 5/5: Returning to home position
[manipulation_node-26] [INFO] [1789539157.897259226] [manipulation_node]:   [SIM] Returning to home position
[manipulation_node-26] [INFO] [1789539157.919143773] [manipulation_node]:   [SIM] Arm target stage=home: joint1=0.00, joint2=0.00, joint3=0.00, joint4=0.00, joint5=0.00, joint6=0.00
[manipulation_node-26] [INFO] [1789539161.200299220] [manipulation_node]:   [SIM] Arm home verified by joint feedback: max_error=0.076rad
[manipulation_node-26] [INFO] [1789539161.201560754] [manipulation_node]: Manipulation phase: POST_OPEN_BACKOFF:observed_blue_6p0_m2p0__axis_p6p45_m2p01
[manipulation_node-26] [INFO] [1789539161.215233785] [manipulation_node]: Backing away from opened door with limited micro reverse
[manipulation_node-26] [INFO] [1789539163.483551694] [manipulation_node]: Manipulation phase: COMPLETE:observed_blue_6p0_m2p0__axis_p6p45_m2p01
[state_machine_node-28] [INFO] [1789539163.503891113] [state_machine_node]: 열린 파란 문 재관측 후보 1개 정리. 다음 목표 선택에서 제외합니다.
[state_machine_node-28] [INFO] [1789539163.505045434] [state_machine_node]: 문 개방 성공: observed_blue_6p0_m2p0  누적 개방: 2개
[state_machine_node-28] [INFO] [1789539163.505613526] [state_machine_node]: State: OPENING_DOOR → DOOR_OPENED
[state_machine_node-28] [INFO] [1789539163.576849629] [state_machine_node]: 다음 파란 문 탐색 시작 (개방 완료: 2개)
[state_machine_node-28] [INFO] [1789539163.577468259] [state_machine_node]: State: DOOR_OPENED → EXPLORING
[state_machine_node-28] [INFO] [1789539164.585922611] [state_machine_node]: Post-open side retreat started: lateral=-0.85m, target_abs=0.48m.
[state_machine_node-28] [INFO] [1789539164.586918217] [state_machine_node]: Post-open side retreat: lateral=-0.85m, moved=0.00/1.10m, yaw_error=173deg, cmd=(0.00, 0.50)
[state_machine_node-28] [INFO] [1789539165.598810980] [state_machine_node]: Post-open side retreat: lateral=-0.85m, moved=0.00/1.10m, yaw_error=162deg, cmd=(0.00, 0.50)
[state_machine_node-28] [INFO] [1789539166.622619090] [state_machine_node]: Post-open side retreat: lateral=-0.85m, moved=0.00/1.10m, yaw_error=151deg, cmd=(0.00, 0.50)
[door_detection_node-24] [INFO] [1789539167.479131117] [door_detection_node]: HSV handle observed: color=blue, pixel=(158,124), conf=0.34, door_bbox=(161,0,191,240)
[state_machine_node-28] [INFO] [1789539167.497026457] [state_machine_node]: Blue candidate door_blue_56aa5e ignored: physical/opened door station already handled nearby at (2.37, -1.97).
[state_machine_node-28] [INFO] [1789539167.671258438] [state_machine_node]: Post-open side retreat: lateral=-0.85m, moved=0.00/1.10m, yaw_error=143deg, cmd=(0.00, 0.50)
[door_detection_node-24] [INFO] [1789539169.171803161] [door_detection_node]: HSV handle observed: color=blue, pixel=(226,124), conf=0.29, door_bbox=(229,0,268,240)
[state_machine_node-28] [INFO] [1789539169.670240983] [state_machine_node]: Post-open side retreat: lateral=-0.85m, moved=0.00/1.10m, yaw_error=125deg, cmd=(0.00, 0.50)
[door_detection_node-24] [INFO] [1789539170.200643894] [door_detection_node]: HSV handle observed: color=blue, pixel=(136,122), conf=0.13, door_bbox=(92,41,143,195)
[state_machine_node-28] [INFO] [1789539170.772987772] [state_machine_node]: Post-open side retreat: lateral=-0.86m, moved=0.00/1.10m, yaw_error=116deg, cmd=(0.00, 0.50)
[door_detection_node-24] [INFO] [1789539171.899979922] [door_detection_node]: HSV handle observed: color=blue, pixel=(208,122), conf=0.16, door_bbox=(167,45,215,192)
[state_machine_node-28] [INFO] [1789539172.890091635] [state_machine_node]: Post-open side retreat: lateral=-0.90m, moved=0.00/1.10m, yaw_error=93deg, cmd=(0.00, 0.50)
[door_detection_node-24] [INFO] [1789539173.388143880] [door_detection_node]: HSV handle observed: color=blue, pixel=(285,122), conf=0.19, door_bbox=(237,39,291,193)
[state_machine_node-28] [INFO] [1789539173.953573915] [state_machine_node]: Post-open side retreat: lateral=-0.92m, moved=0.00/1.10m, yaw_error=82deg, cmd=(0.00, 0.50)
[door_detection_node-24] [INFO] [1789539175.742843016] [door_detection_node]: HSV handle observed: color=blue, pixel=(87,122), conf=0.15, door_bbox=(43,37,96,198)
[state_machine_node-28] [INFO] [1789539175.928554929] [state_machine_node]: Post-open side retreat: lateral=-0.96m, moved=0.00/1.10m, yaw_error=60deg, cmd=(0.00, 0.50)
[door_detection_node-24] [INFO] [1789539176.828284267] [door_detection_node]: HSV handle observed: color=blue, pixel=(128,122), conf=0.16, door_bbox=(87,44,136,192)
[state_machine_node-28] [INFO] [1789539177.017802730] [state_machine_node]: Post-open side retreat: lateral=-0.96m, moved=0.00/1.10m, yaw_error=51deg, cmd=(0.00, 0.50)
[door_detection_node-24] [INFO] [1789539177.883321463] [door_detection_node]: HSV handle observed: color=blue, pixel=(166,122), conf=0.14, door_bbox=(127,47,173,190)
[state_machine_node-28] [INFO] [1789539178.077545883] [state_machine_node]: Post-open side retreat: lateral=-0.96m, moved=0.00/1.10m, yaw_error=42deg, cmd=(0.00, 0.50)
[state_machine_node-28] [INFO] [1789539178.262665025] [state_machine_node]: Blue candidate door_blue_c33b94 ignored: physical/opened door station already handled nearby at (-0.15, 1.59).
[door_detection_node-24] [INFO] [1789539178.930424425] [door_detection_node]: HSV handle observed: color=blue, pixel=(204,122), conf=0.15, door_bbox=(164,49,209,189)
[door_detection_node-24] [INFO] [1789539179.993246696] [door_detection_node]: HSV handle observed: color=blue, pixel=(246,122), conf=0.20, door_bbox=(204,46,253,189)
[state_machine_node-28] [INFO] [1789539180.220201794] [state_machine_node]: Post-open side retreat: lateral=-0.97m, moved=0.00/1.10m, yaw_error=24deg, cmd=(0.00, 0.50)
[door_detection_node-24] [INFO] [1789539181.114896406] [door_detection_node]: HSV handle observed: color=blue, pixel=(298,122), conf=0.23, door_bbox=(253,41,305,192)
[state_machine_node-28] [INFO] [1789539181.265171326] [state_machine_node]: Post-open side retreat: lateral=-0.97m, moved=0.00/1.10m, yaw_error=14deg, cmd=(0.00, 0.50)
[door_detection_node-24] [INFO] [1789539182.980135752] [door_detection_node]: HSV handle observed: color=blue, pixel=(242,122), conf=0.09, door_bbox=(221,65,244,171)
[state_machine_node-28] [INFO] [1789539182.993482465] [state_machine_node]: Blue candidate door_blue_247792 ignored: physical/opened door station already handled nearby at (-0.14, 1.76).
[state_machine_node-28] [INFO] [1789539183.288318524] [state_machine_node]: Post-open side retreat: lateral=-0.89m, moved=0.00/1.10m, yaw_error=0deg, cmd=(0.18, 0.00)
[door_detection_node-24] [INFO] [1789539184.679062141] [door_detection_node]: HSV handle observed: color=blue, pixel=(237,122), conf=0.19, door_bbox=(214,62,240,171)
[state_machine_node-28] [INFO] [1789539185.277597239] [state_machine_node]: Post-open side retreat: lateral=-0.72m, moved=0.13/1.10m, yaw_error=0deg, cmd=(0.18, 0.00)
[door_detection_node-24] [INFO] [1789539186.292106906] [door_detection_node]: HSV handle observed: color=blue, pixel=(232,122), conf=0.09, door_bbox=(209,64,233,170)
[state_machine_node-28] [INFO] [1789539186.406873389] [state_machine_node]: Blue candidate door_blue_247792 ignored: physical/opened door station already handled nearby at (-0.27, 1.88).
[state_machine_node-28] [INFO] [1789539187.233111096] [state_machine_node]: Post-open side retreat: lateral=-0.53m, moved=0.31/1.10m, yaw_error=0deg, cmd=(0.18, 0.00)
[door_detection_node-24] [INFO] [1789539187.979079783] [door_detection_node]: HSV handle observed: color=blue, pixel=(226,122), conf=0.19, door_bbox=(201,62,228,171)
[state_machine_node-28] [INFO] [1789539188.337424207] [state_machine_node]: Post-open side retreat complete: lateral=0.45m <= target=0.48m
[state_machine_node-28] [INFO] [1789539188.449861958] [state_machine_node]: 문 접근 목표 보정: observed_blue_8p2_1p3 handle_axis=(8.19, 1.28) goal_axis=(8.19, 0.80) wall_axis=(8.19, 1.90) yaw=90deg
[state_machine_node-28] [INFO] [1789539188.452524186] [state_machine_node]: 문 접근 목표 보정: observed_blue_9p6_2p2 handle_axis=(9.62, 2.21) goal_axis=(9.62, 0.95) wall_axis=(9.62, 2.20) yaw=90deg
[state_machine_node-28] [INFO] [1789539188.470223852] [state_machine_node]: 문 접근 목표 보정: observed_blue_8p2_1p3 handle_axis=(8.19, 1.28) goal_axis=(8.19, 0.80) wall_axis=(8.19, 1.90) yaw=90deg
[state_machine_node-28] [INFO] [1789539188.485801797] [state_machine_node]: 문 접근 목표 보정: observed_blue_9p6_2p2 handle_axis=(9.62, 2.21) goal_axis=(9.62, 0.95) wall_axis=(9.62, 2.20) yaw=90deg
[state_machine_node-28] [INFO] [1789539188.488889125] [state_machine_node]: 문 접근 목표 보정: observed_blue_8p2_1p3 handle_axis=(8.19, 1.28) goal_axis=(8.19, 0.80) wall_axis=(8.19, 1.90) yaw=90deg
[state_machine_node-28] [INFO] [1789539188.492364432] [state_machine_node]: 문 접근 목표 보정: observed_blue_9p6_2p2 handle_axis=(9.62, 2.21) goal_axis=(9.62, 0.95) wall_axis=(9.62, 2.20) yaw=90deg
[state_machine_node-28] [WARN] [1789539188.498723722] [state_machine_node]: Blue target observed_blue_8p2_1p3 retained for revisit: stable unopened blue memory must be checked before exit even when it is behind the farthest opened station.
[state_machine_node-28] [INFO] [1789539188.505148772] [state_machine_node]: 문 접근 목표 보정: observed_blue_8p2_1p3 handle_axis=(8.19, 1.28) goal_axis=(8.19, 0.80) wall_axis=(8.19, 1.90) yaw=90deg
[state_machine_node-28] [INFO] [1789539188.507140850] [state_machine_node]: 문 접근 목표 보정: observed_blue_8p2_1p3 handle_axis=(8.19, 1.90) goal_axis=(8.19, 0.80) wall_axis=(8.19, 1.90) yaw=90deg
[state_machine_node-28] [INFO] [1789539188.509769753] [state_machine_node]: LiDAR+camera segment map 사전 스캔 시작: observed_blue_8p2_1p3
[state_machine_node-28] [INFO] [1789539189.476976525] [state_machine_node]: 문 접근 목표 보정: observed_blue_8p2_1p3 handle_axis=(8.19, 1.28) goal_axis=(8.19, 0.80) wall_axis=(8.19, 1.90) yaw=90deg
[state_machine_node-28] [INFO] [1789539189.479660537] [state_machine_node]: 문 접근 목표 보정: observed_blue_9p6_2p2 handle_axis=(9.62, 2.21) goal_axis=(9.62, 0.95) wall_axis=(9.62, 2.20) yaw=90deg
[door_detection_node-24] [INFO] [1789539189.778331889] [door_detection_node]: HSV handle observed: color=blue, pixel=(90,122), conf=0.15, door_bbox=(43,25,97,209)
[state_machine_node-28] [INFO] [1789539190.477676052] [state_machine_node]: 문 접근 목표 보정: observed_blue_8p2_1p3 handle_axis=(8.19, 1.28) goal_axis=(8.19, 0.80) wall_axis=(8.19, 1.90) yaw=90deg
[state_machine_node-28] [INFO] [1789539190.480090644] [state_machine_node]: 문 접근 목표 보정: observed_blue_9p6_2p2 handle_axis=(9.62, 2.21) goal_axis=(9.62, 0.95) wall_axis=(9.62, 2.20) yaw=90deg
[door_detection_node-24] [INFO] [1789539191.201080458] [door_detection_node]: HSV handle observed: color=blue, pixel=(90,122), conf=0.15, door_bbox=(43,25,97,209)
[state_machine_node-28] [INFO] [1789539191.465865873] [state_machine_node]: 문 접근 목표 보정: observed_blue_8p2_1p3 handle_axis=(8.19, 1.28) goal_axis=(8.19, 0.80) wall_axis=(8.19, 1.90) yaw=90deg
[state_machine_node-28] [INFO] [1789539191.467116326] [state_machine_node]: 문 접근 목표 보정: observed_blue_9p6_2p2 handle_axis=(9.62, 2.21) goal_axis=(9.62, 0.95) wall_axis=(9.62, 2.20) yaw=90deg
[state_machine_node-28] [INFO] [1789539191.468898248] [state_machine_node]: 사전 스캔 완료. Nav2가 segment map 기반 경로를 계획합니다: observed_blue_8p2_1p3
[state_machine_node-28] [INFO] [1789539191.502024587] [state_machine_node]: Locked blue target after pre-scan: observed_blue_8p2_1p3 opened=2 retry=0/2
[state_machine_node-28] [INFO] [1789539191.502802183] [state_machine_node]: State: EXPLORING → NAVIGATING
[navigation_node-25] [INFO] [1789539191.505889102] [navigation_node]: Navigation goal received: door observed_blue_8p2_1p3 (color=blue, frame=map, x=5.19, y=0.80)
[bt_navigator-16] [INFO] [1789539192.194615431] [bt_navigator]: Begin navigating from current location (3.36, -0.44) to (5.19, 0.80)
[navigation_node-25] [INFO] [1789539192.196994882] [navigation_node]: Navigation goal accepted by Nav2
[controller_server-12] [INFO] [1789539192.396725982] [controller_server]: Received a goal, begin computing control effort.
[door_detection_node-24] [INFO] [1789539192.803529094] [door_detection_node]: HSV handle observed: color=blue, pixel=(90,122), conf=0.15, door_bbox=(43,25,97,209)
[state_machine_node-28] [INFO] [1789539192.814732734] [state_machine_node]: 문 접근 목표 보정: door_blue_092928 handle_axis=(8.86, 1.73) goal_axis=(8.86, 0.80) wall_axis=(8.86, 1.90) yaw=90deg
[state_machine_node-28] [INFO] [1789539192.817515452] [state_machine_node]: 문 접근 목표 보정: door_blue_092928 handle_axis=(8.86, 1.73) goal_axis=(8.86, 0.80) wall_axis=(8.86, 1.90) yaw=90deg
[state_machine_node-28] [WARN] [1789539192.818466684] [state_machine_node]: Locked blue target refined from newer observation: observed_blue_8p2_1p3 -> observed_blue_8p2_1p3, goal shift=0.67m, identity=(5.19,1.90) -> (5.86,1.73)
[navigation_node-25] [INFO] [1789539192.820144869] [navigation_node]: Navigation goal received: door observed_blue_8p2_1p3 (color=blue, frame=map, x=5.86, y=0.80)
[navigation_node-25] [WARN] [1789539192.822449184] [navigation_node]: Already navigating. Preempting current goal without an explicit stop before retargeting to: observed_blue_8p2_1p3
[navigation_node-25] [INFO] [1789539193.590794888] [navigation_node]: Navigation goal accepted by Nav2
[bt_navigator-16] [INFO] [1789539193.595111751] [bt_navigator]: Received goal preemption request
[bt_navigator-16] [INFO] [1789539193.595861654] [bt_navigator]: Begin navigating from current location (3.36, -0.41) to (5.86, 0.80)
[controller_server-12] [INFO] [1789539193.772869104] [controller_server]: Passing new path to controller.
[door_detection_node-24] [INFO] [1789539194.344296695] [door_detection_node]: HSV handle observed: color=blue, pixel=(172,122), conf=0.19, door_bbox=(146,60,173,171)
[state_machine_node-28] [INFO] [1789539194.359060969] [state_machine_node]: Blue candidate door_blue_c2d9da ignored: physical/opened door station already handled nearby at (-0.27, 1.82).
[state_machine_node-28] [INFO] [1789539194.490722686] [state_machine_node]: Direct blue target door_blue_092928 will use stable wall-memory handle at (5.2, 1.3); progress_gap=0.11m, dist=0.23m, count=12, conf=0.72.
[state_machine_node-28] [INFO] [1789539194.491399636] [state_machine_node]: 문 접근 목표 보정: door_blue_092928 handle_axis=(8.19, 1.28) goal_axis=(8.19, 0.80) wall_axis=(8.19, 1.90) yaw=90deg
[state_machine_node-28] [INFO] [1789539194.493057547] [state_machine_node]: Locked blue target refine skipped: door_blue_092928 moved inward 1.90m -> 1.08m from mission axis.
[controller_server-12] [INFO] [1789539195.022890283] [controller_server]: Passing new path to controller.
[door_detection_node-24] [INFO] [1789539195.987665186] [door_detection_node]: HSV handle observed: color=blue, pixel=(84,122), conf=0.18, door_bbox=(53,57,88,179)
[state_machine_node-28] [INFO] [1789539196.220387377] [state_machine_node]: 문 접근 목표 보정: door_blue_8815a2 handle_axis=(8.95, 1.73) goal_axis=(8.95, 0.80) wall_axis=(8.95, 1.90) yaw=90deg
[state_machine_node-28] [INFO] [1789539196.225148852] [state_machine_node]: 문 접근 목표 보정: door_blue_8815a2 handle_axis=(8.95, 1.73) goal_axis=(8.95, 0.80) wall_axis=(8.95, 1.90) yaw=90deg
[controller_server-12] [INFO] [1789539196.397947586] [controller_server]: Passing new path to controller.
[door_detection_node-24] [INFO] [1789539197.246915817] [door_detection_node]: HSV handle observed: color=blue, pixel=(256,122), conf=0.16, door_bbox=(208,24,262,210)
[state_machine_node-28] [INFO] [1789539197.259954838] [state_machine_node]: 문 접근 목표 보정: door_blue_723b5f handle_axis=(8.92, 1.76) goal_axis=(8.92, 0.80) wall_axis=(8.92, 1.90) yaw=90deg
[state_machine_node-28] [INFO] [1789539197.262782944] [state_machine_node]: 문 접근 목표 보정: door_blue_723b5f handle_axis=(8.92, 1.76) goal_axis=(8.92, 0.80) wall_axis=(8.92, 1.90) yaw=90deg
[controller_server-12] [INFO] [1789539197.647860664] [controller_server]: Passing new path to controller.
[state_machine_node-28] [INFO] [1789539198.255112059] [state_machine_node]: 문 접근 목표 보정: door_blue_723b5f handle_axis=(8.97, 1.79) goal_axis=(8.97, 0.80) wall_axis=(8.97, 1.90) yaw=90deg
[state_machine_node-28] [INFO] [1789539198.258138733] [state_machine_node]: 문 접근 목표 보정: door_blue_723b5f handle_axis=(8.97, 1.79) goal_axis=(8.97, 0.80) wall_axis=(8.97, 1.90) yaw=90deg
[controller_server-12] [INFO] [1789539198.897887716] [controller_server]: Passing new path to controller.
[door_detection_node-24] [INFO] [1789539199.231195523] [door_detection_node]: HSV handle observed: color=blue, pixel=(212,122), conf=0.17, door_bbox=(167,21,218,215)
[state_machine_node-28] [INFO] [1789539199.244127999] [state_machine_node]: 문 접근 목표 보정: door_blue_723b5f handle_axis=(8.97, 1.83) goal_axis=(8.97, 0.80) wall_axis=(8.97, 1.90) yaw=90deg
[state_machine_node-28] [INFO] [1789539199.248977408] [state_machine_node]: 문 접근 목표 보정: door_blue_723b5f handle_axis=(8.97, 1.83) goal_axis=(8.97, 0.80) wall_axis=(8.97, 1.90) yaw=90deg
[door_detection_node-24] [INFO] [1789539200.258573083] [door_detection_node]: HSV handle observed: color=blue, pixel=(192,122), conf=0.16, door_bbox=(143,17,196,220)
[state_machine_node-28] [INFO] [1789539200.268003541] [state_machine_node]: 문 접근 목표 보정: door_blue_723b5f handle_axis=(8.85, 1.80) goal_axis=(8.85, 0.80) wall_axis=(8.85, 1.90) yaw=90deg
[state_machine_node-28] [INFO] [1789539200.270165019] [state_machine_node]: 문 접근 목표 보정: door_blue_723b5f handle_axis=(8.85, 1.80) goal_axis=(8.85, 0.80) wall_axis=(8.85, 1.90) yaw=90deg
[controller_server-12] [INFO] [1789539200.272884652] [controller_server]: Passing new path to controller.
[state_machine_node-28] [INFO] [1789539201.249646090] [state_machine_node]: 문 접근 목표 보정: door_blue_6eb364 handle_axis=(8.94, 1.85) goal_axis=(8.94, 0.80) wall_axis=(8.94, 1.90) yaw=90deg
[state_machine_node-28] [INFO] [1789539201.251361443] [state_machine_node]: 문 접근 목표 보정: door_blue_6eb364 handle_axis=(8.94, 1.85) goal_axis=(8.94, 0.80) wall_axis=(8.94, 1.90) yaw=90deg
[controller_server-12] [INFO] [1789539201.522863255] [controller_server]: Passing new path to controller.
[door_detection_node-24] [INFO] [1789539202.251932651] [door_detection_node]: HSV handle observed: color=blue, pixel=(152,123), conf=0.16, door_bbox=(98,5,155,234)
[state_machine_node-28] [INFO] [1789539202.260203508] [state_machine_node]: 문 접근 목표 보정: door_blue_6eb364 handle_axis=(8.81, 1.82) goal_axis=(8.81, 0.80) wall_axis=(8.81, 1.90) yaw=90deg
[state_machine_node-28] [INFO] [1789539202.264137934] [state_machine_node]: 문 접근 목표 보정: door_blue_6eb364 handle_axis=(8.81, 1.82) goal_axis=(8.81, 0.80) wall_axis=(8.81, 1.90) yaw=90deg
[controller_server-12] [INFO] [1789539202.772972439] [controller_server]: Passing new path to controller.
[door_detection_node-24] [INFO] [1789539203.301365896] [door_detection_node]: HSV handle observed: color=blue, pixel=(133,123), conf=0.16, door_bbox=(75,0,138,240)
[state_machine_node-28] [INFO] [1789539203.314032350] [state_machine_node]: 문 접근 목표 보정: door_blue_6eb364 handle_axis=(8.87, 1.88) goal_axis=(8.87, 0.80) wall_axis=(8.87, 1.90) yaw=90deg
[state_machine_node-28] [INFO] [1789539203.317115383] [state_machine_node]: 문 접근 목표 보정: door_blue_6eb364 handle_axis=(8.87, 1.88) goal_axis=(8.87, 0.80) wall_axis=(8.87, 1.90) yaw=90deg
[controller_server-12] [INFO] [1789539204.022877301] [controller_server]: Passing new path to controller.
[door_detection_node-24] [INFO] [1789539204.402026256] [door_detection_node]: HSV handle observed: color=blue, pixel=(119,123), conf=0.17, door_bbox=(55,0,123,240)
[state_machine_node-28] [INFO] [1789539204.422601514] [state_machine_node]: 문 접근 목표 보정: door_blue_6eb364 handle_axis=(8.85, 1.88) goal_axis=(8.85, 0.80) wall_axis=(8.85, 1.90) yaw=90deg
[state_machine_node-28] [INFO] [1789539204.423716535] [state_machine_node]: 문 접근 목표 보정: door_blue_6eb364 handle_axis=(8.85, 1.88) goal_axis=(8.85, 0.80) wall_axis=(8.85, 1.90) yaw=90deg
[state_machine_node-28] [INFO] [1789539204.669690854] [state_machine_node]: 문 접근 목표 보정: door_blue_02521c handle_axis=(12.22, -1.99) goal_axis=(12.22, -0.89) wall_axis=(12.22, -1.99) yaw=-90deg
[state_machine_node-28] [INFO] [1789539204.670750267] [state_machine_node]: Locked blue target refine skipped: door_blue_02521c progress jump 3.36m > 1.05m
[controller_server-12] [INFO] [1789539205.397883406] [controller_server]: Passing new path to controller.
[door_detection_node-24] [INFO] [1789539205.408344721] [door_detection_node]: HSV handle observed: color=blue, pixel=(104,123), conf=0.19, door_bbox=(31,0,108,240)
[state_machine_node-28] [INFO] [1789539205.423844233] [state_machine_node]: 문 접근 목표 보정: door_blue_b177f7 handle_axis=(8.82, 1.89) goal_axis=(8.82, 0.80) wall_axis=(8.82, 1.90) yaw=90deg
[state_machine_node-28] [INFO] [1789539205.426809031] [state_machine_node]: 문 접근 목표 보정: door_blue_b177f7 handle_axis=(8.82, 1.89) goal_axis=(8.82, 0.80) wall_axis=(8.82, 1.90) yaw=90deg
[state_machine_node-28] [INFO] [1789539206.059593346] [state_machine_node]: 문 접근 목표 보정: door_blue_02521c handle_axis=(12.21, -1.99) goal_axis=(12.21, -0.89) wall_axis=(12.21, -1.99) yaw=-90deg
[state_machine_node-28] [INFO] [1789539206.387715263] [state_machine_node]: 문 접근 목표 보정: door_blue_b177f7 handle_axis=(8.81, 1.90) goal_axis=(8.81, 0.80) wall_axis=(8.81, 1.90) yaw=90deg
[state_machine_node-28] [INFO] [1789539206.389791418] [state_machine_node]: 문 접근 목표 보정: door_blue_b177f7 handle_axis=(8.81, 1.90) goal_axis=(8.81, 0.80) wall_axis=(8.81, 1.90) yaw=90deg
[controller_server-12] [INFO] [1789539206.648262724] [controller_server]: Passing new path to controller.
[door_detection_node-24] [INFO] [1789539207.344003617] [door_detection_node]: YOLO handle observed (primary): pixel=(78,124), conf=0.31, bbox=(58, 113, 98, 136)
[door_detection_node-24] [INFO] [1789539207.347678972] [door_detection_node]: Handle camera-ray projection: pixel=(78,124), range=2.244m, z=0.753m
[state_machine_node-28] [INFO] [1789539207.458279194] [state_machine_node]: 문 접근 목표 보정: door_blue_de5205 handle_axis=(9.27, 1.88) goal_axis=(9.27, 0.80) wall_axis=(9.27, 1.90) yaw=90deg
[state_machine_node-28] [INFO] [1789539207.459991317] [state_machine_node]: 문 접근 목표 보정: door_blue_de5205 handle_axis=(9.27, 1.88) goal_axis=(9.27, 0.80) wall_axis=(9.27, 1.90) yaw=90deg
[state_machine_node-28] [WARN] [1789539207.460844933] [state_machine_node]: Locked blue target refined from newer observation: observed_blue_8p2_1p3 -> observed_blue_8p2_1p3, goal shift=0.41m, identity=(5.86,1.73) -> (5.88,1.91)
[navigation_node-25] [INFO] [1789539207.463240540] [navigation_node]: Navigation goal received: door observed_blue_8p2_1p3 (color=blue, frame=map, x=6.27, y=0.80)
[navigation_node-25] [WARN] [1789539207.463672820] [navigation_node]: Already navigating. Preempting current goal without an explicit stop before retargeting to: observed_blue_8p2_1p3
[door_detection_node-24] [INFO] [1789539207.683099717] [door_detection_node]: HSV handle observed: color=blue, pixel=(37,122), conf=0.18, door_bbox=(34,60,63,175)
[state_machine_node-28] [INFO] [1789539207.793639487] [state_machine_node]: Observed blue cluster id mapping for observed_blue_8p2_1p3 ignored: mapped cluster drifted away from the current wall/handle target.
[controller_server-12] [INFO] [1789539207.897867983] [controller_server]: Passing new path to controller.
[navigation_node-25] [INFO] [1789539208.112952548] [navigation_node]: Navigation goal accepted by Nav2
[bt_navigator-16] [INFO] [1789539208.195401692] [bt_navigator]: Received goal preemption request
[bt_navigator-16] [INFO] [1789539208.196365253] [bt_navigator]: Begin navigating from current location (4.57, 0.60) to (6.27, 0.80)
[state_machine_node-28] [INFO] [1789539208.414640044] [state_machine_node]: 문 접근 목표 보정: door_blue_de5205 handle_axis=(8.96, 1.90) goal_axis=(8.96, 0.80) wall_axis=(8.96, 1.90) yaw=90deg
[state_machine_node-28] [INFO] [1789539208.418808803] [state_machine_node]: 문 접근 목표 보정: door_blue_de5205 handle_axis=(8.96, 1.90) goal_axis=(8.96, 0.80) wall_axis=(8.96, 1.90) yaw=90deg
[controller_server-12] [INFO] [1789539209.272877390] [controller_server]: Passing new path to controller.
[door_detection_node-24] [INFO] [1789539209.380236844] [door_detection_node]: HSV handle observed: color=blue, pixel=(34,122), conf=0.15, door_bbox=(30,59,65,179)
[door_detection_node-24] [INFO] [1789539209.512965072] [door_detection_node]: YOLO handle observed (primary): pixel=(50,124), conf=0.50, bbox=(24, 106, 76, 141)
[door_detection_node-24] [INFO] [1789539209.518571914] [door_detection_node]: Handle camera-ray projection: pixel=(50,124), range=2.056m, z=0.757m
[state_machine_node-28] [INFO] [1789539209.528941678] [state_machine_node]: 문 접근 목표 보정: door_blue_de5205 handle_axis=(9.29, 1.93) goal_axis=(9.29, 0.83) wall_axis=(9.29, 1.93) yaw=90deg
[state_machine_node-28] [INFO] [1789539209.530611904] [state_machine_node]: 문 접근 목표 보정: door_blue_de5205 handle_axis=(9.29, 1.93) goal_axis=(9.29, 0.83) wall_axis=(9.29, 1.93) yaw=90deg
[controller_server-12] [INFO] [1789539210.522892426] [controller_server]: Passing new path to controller.
[door_detection_node-24] [INFO] [1789539210.986159960] [door_detection_node]: HSV handle observed: color=blue, pixel=(14,122), conf=0.15, door_bbox=(10,54,47,180)
[state_machine_node-28] [INFO] [1789539210.998205345] [state_machine_node]: Observed blue cluster id mapping for observed_blue_8p2_1p3 ignored: mapped cluster drifted away from the current wall/handle target.
[controller_server-12] [INFO] [1789539211.897884308] [controller_server]: Passing new path to controller.
[state_machine_node-28] [INFO] [1789539212.103890254] [state_machine_node]: 문 접근 목표 보정: door_blue_6f252f handle_axis=(8.92, 1.97) goal_axis=(8.92, 0.87) wall_axis=(8.92, 1.97) yaw=90deg
[state_machine_node-28] [INFO] [1789539212.108352273] [state_machine_node]: 문 접근 목표 보정: door_blue_6f252f handle_axis=(8.92, 1.97) goal_axis=(8.92, 0.87) wall_axis=(8.92, 1.97) yaw=90deg
[state_machine_node-28] [WARN] [1789539212.109963395] [state_machine_node]: Locked blue target refined from newer observation: observed_blue_8p2_1p3 -> observed_blue_8p2_1p3, goal shift=0.35m, identity=(5.88,1.91) -> (5.92,1.97)
[navigation_node-25] [INFO] [1789539212.111366323] [navigation_node]: Navigation goal received: door observed_blue_8p2_1p3 (color=blue, frame=map, x=5.92, y=0.87)
[navigation_node-25] [WARN] [1789539212.111770266] [navigation_node]: Already navigating. Preempting current goal without an explicit stop before retargeting to: observed_blue_8p2_1p3
[navigation_node-25] [INFO] [1789539212.836273327] [navigation_node]: Navigation goal accepted by Nav2
[door_detection_node-24] [INFO] [1789539212.874820581] [door_detection_node]: HSV handle observed: color=blue, pixel=(12,122), conf=0.22, door_bbox=(6,53,46,182)
[bt_navigator-16] [INFO] [1789539212.896122185] [bt_navigator]: Received goal preemption request
[bt_navigator-16] [INFO] [1789539212.896416198] [bt_navigator]: Begin navigating from current location (5.16, 0.73) to (5.92, 0.87)
[controller_server-12] [INFO] [1789539213.147870994] [controller_server]: Passing new path to controller.
[door_detection_node-24] [INFO] [1789539213.709656057] [door_detection_node]: YOLO handle observed (primary): pixel=(293,126), conf=0.42, bbox=(266, 85, 320, 167)
[door_detection_node-24] [INFO] [1789539213.714493844] [door_detection_node]: Handle camera-ray projection: pixel=(293,126), range=1.717m, z=0.751m
[state_machine_node-28] [INFO] [1789539213.733919650] [state_machine_node]: 문 접근 목표 보정: door_blue_6f0639 handle_axis=(9.41, 1.98) goal_axis=(9.41, 0.88) wall_axis=(9.41, 1.98) yaw=90deg
[state_machine_node-28] [INFO] [1789539213.736610846] [state_machine_node]: 문 접근 목표 보정: door_blue_6f0639 handle_axis=(9.41, 1.98) goal_axis=(9.41, 0.88) wall_axis=(9.41, 1.98) yaw=90deg
[controller_server-12] [INFO] [1789539214.397861992] [controller_server]: Passing new path to controller.
[door_detection_node-24] [INFO] [1789539215.273933378] [door_detection_node]: YOLO handle observed (primary): pixel=(272,124), conf=0.48, bbox=(230, 83, 315, 165)
[door_detection_node-24] [INFO] [1789539215.278533979] [door_detection_node]: Handle camera-ray projection: pixel=(272,124), range=1.599m, z=0.764m
[state_machine_node-28] [INFO] [1789539215.388531759] [state_machine_node]: Observed blue cluster id mapping for observed_blue_8p2_1p3 ignored: mapped cluster drifted away from the current wall/handle target.
[state_machine_node-28] [INFO] [1789539215.394911795] [state_machine_node]: 문 접근 목표 보정: door_blue_6f0639 handle_axis=(9.43, 2.00) goal_axis=(9.43, 0.90) wall_axis=(9.43, 2.00) yaw=90deg
[state_machine_node-28] [INFO] [1789539215.398515410] [state_machine_node]: 문 접근 목표 보정: door_blue_6f0639 handle_axis=(9.43, 2.00) goal_axis=(9.43, 0.90) wall_axis=(9.43, 2.00) yaw=90deg
[state_machine_node-28] [WARN] [1789539215.400000708] [state_machine_node]: Locked blue target refined from newer observation: observed_blue_8p2_1p3 -> observed_blue_8p2_1p3, goal shift=0.51m, identity=(5.92,1.97) -> (6.18,2.55)
[navigation_node-25] [INFO] [1789539215.402062556] [navigation_node]: Navigation goal received: door observed_blue_8p2_1p3 (color=blue, frame=map, x=6.43, y=0.90)
[navigation_node-25] [WARN] [1789539215.402933689] [navigation_node]: Already navigating. Preempting current goal without an explicit stop before retargeting to: observed_blue_8p2_1p3
[controller_server-12] [INFO] [1789539215.522851870] [controller_server]: Passing new path to controller.
[door_detection_node-24] [INFO] [1789539216.008041432] [door_detection_node]: HSV handle observed: color=blue, pixel=(42,122), conf=0.17, door_bbox=(38,52,78,184)
[navigation_node-25] [INFO] [1789539216.079086198] [navigation_node]: Navigation goal accepted by Nav2
[bt_navigator-16] [INFO] [1789539216.095040116] [bt_navigator]: Received goal preemption request
[bt_navigator-16] [INFO] [1789539216.095682507] [bt_navigator]: Begin navigating from current location (5.55, 0.77) to (6.43, 0.90)
[door_detection_node-24] [INFO] [1789539216.889800625] [door_detection_node]: YOLO handle observed (primary): pixel=(269,124), conf=0.50, bbox=(222, 78, 316, 171)
[door_detection_node-24] [INFO] [1789539216.893071437] [door_detection_node]: Handle camera-ray projection: pixel=(269,124), range=1.490m, z=0.766m
[controller_server-12] [INFO] [1789539216.897900584] [controller_server]: Passing new path to controller.
[state_machine_node-28] [INFO] [1789539216.907753697] [state_machine_node]: 문 접근 목표 보정: door_blue_6f0639 handle_axis=(9.41, 2.04) goal_axis=(9.41, 0.94) wall_axis=(9.41, 2.04) yaw=90deg
[state_machine_node-28] [INFO] [1789539216.911555818] [state_machine_node]: 문 접근 목표 보정: door_blue_6f0639 handle_axis=(9.41, 2.04) goal_axis=(9.41, 0.94) wall_axis=(9.41, 2.04) yaw=90deg
[door_detection_node-24] [INFO] [1789539217.608756530] [door_detection_node]: HSV handle observed: color=blue, pixel=(74,122), conf=0.17, door_bbox=(70,52,110,185)
[controller_server-12] [INFO] [1789539218.152254684] [controller_server]: Passing new path to controller.
[door_detection_node-24] [INFO] [1789539218.547054391] [door_detection_node]: YOLO handle observed (primary): pixel=(236,134), conf=0.25, bbox=(188, 117, 285, 151)
[door_detection_node-24] [INFO] [1789539218.551314441] [door_detection_node]: Handle camera-ray projection: pixel=(236,134), range=1.260m, z=0.717m
[state_machine_node-28] [INFO] [1789539218.660214623] [state_machine_node]: Observed blue cluster id mapping for observed_blue_8p2_1p3 ignored: mapped cluster drifted away from the current wall/handle target.
[state_machine_node-28] [INFO] [1789539218.665211614] [state_machine_node]: 문 접근 목표 보정: door_blue_9aa8fe handle_axis=(9.36, 1.96) goal_axis=(9.36, 0.86) wall_axis=(9.36, 1.96) yaw=90deg
[state_machine_node-28] [INFO] [1789539218.667165649] [state_machine_node]: Locked blue target refine skipped: door_blue_9aa8fe total drift progress=0.64m, xy=1.08m > 1.05m from locked anchor
[door_detection_node-24] [INFO] [1789539219.154133547] [door_detection_node]: HSV handle observed: color=blue, pixel=(78,122), conf=0.19, door_bbox=(72,50,115,187)
[controller_server-12] [INFO] [1789539219.397904226] [controller_server]: Passing new path to controller.
[controller_server-12] [INFO] [1789539220.773014236] [controller_server]: Passing new path to controller.
[door_detection_node-24] [INFO] [1789539220.900632767] [door_detection_node]: YOLO handle observed (primary): pixel=(74,122), conf=0.40, bbox=(59, 113, 89, 131)
[door_detection_node-24] [INFO] [1789539220.903289104] [door_detection_node]: Handle camera-ray projection: pixel=(74,122), range=4.521m, z=0.753m
[state_machine_node-28] [INFO] [1789539221.629903400] [state_machine_node]: Nav2 door goal position is near, but yaw is not ready yet: observed_blue_8p2_1p3, dist=0.35m/0.38m, lateral=0.01m/0.24m, yaw_error=81deg.
[state_machine_node-28] [INFO] [1789539221.702935428] [state_machine_node]: Blue candidate door_blue_4ffc0d rejected: handle lateral 2.82m is outside wall band 2.20+0.35m.
[state_machine_node-28] [INFO] [1789539221.703670844] [state_machine_node]: Blue candidate door_blue_4ffc0d kept in wall observation memory using its door pose; handle projection is outside the wall band.
[state_machine_node-28] [INFO] [1789539221.704939568] [state_machine_node]: Observed blue cluster id mapping for observed_blue_8p2_1p3 ignored: mapped cluster drifted away from the current wall/handle target.
[controller_server-12] [INFO] [1789539222.022886449] [controller_server]: Passing new path to controller.
[door_detection_node-24] [INFO] [1789539222.534653371] [door_detection_node]: HSV handle observed: color=blue, pixel=(64,122), conf=0.21, door_bbox=(60,47,106,189)
[state_machine_node-28] [INFO] [1789539222.553319420] [state_machine_node]: Nav2 door goal position is near, but yaw is not ready yet: observed_blue_8p2_1p3, dist=0.30m/0.38m, lateral=0.02m/0.24m, yaw_error=83deg.
[state_machine_node-28] [INFO] [1789539223.248695796] [state_machine_node]: Blue candidate door_blue_4ffc0d recorded with door-body progress and observed wall side because its direct projection was center-biased or crossed the corridor.
[controller_server-12] [INFO] [1789539223.397895526] [controller_server]: Passing new path to controller.
[state_machine_node-28] [INFO] [1789539223.567835925] [state_machine_node]: Nav2 goal is close enough for fine door alignment: observed_blue_8p2_1p3, dist=0.28m/0.38m, lateral=0.02m/0.24m, yaw_error=84deg.
[state_machine_node-28] [INFO] [1789539223.568767382] [state_machine_node]: Nav2 goal cancellation requested before door fine alignment.
[navigation_node-25] [INFO] [1789539223.569295598] [navigation_node]: Navigation cancellation requested for manual control handoff.
[state_machine_node-28] [INFO] [1789539223.570588593] [state_machine_node]: Fine door approach started: observed_blue_8p2_1p3, dist=0.28m, lateral=0.02m, forward=0.28m, yaw_error=84deg
[state_machine_node-28] [INFO] [1789539223.571675701] [state_machine_node]: Fine door parking translation: observed_blue_8p2_1p3, dist=0.28m/0.17m, heading_error=5deg, cmd=(0.07, 0.06)
[bt_navigator-16] [ERROR] [1789539223.615700307] [bt_navigator_navigate_to_pose_rclcpp_node]: Failed to get result for follow_path in node halt!
[bt_navigator-16] [INFO] [1789539223.615840975] [bt_navigator]: [navigate_to_pose] [ActionServer] Client requested to cancel the goal. Cancelling.
[bt_navigator-16] [INFO] [1789539223.615984017] [bt_navigator]: Goal canceled
[controller_server-12] [INFO] [1789539223.647878730] [controller_server]: Goal was canceled. Stopping the robot.
[controller_server-12] [INFO] [1789539223.648000516] [controller_server]: [follow_path] [ActionServer] Client requested to cancel the goal. Cancelling.
[door_detection_node-24] [INFO] [1789539224.134378440] [door_detection_node]: HSV handle observed: color=blue, pixel=(62,122), conf=0.18, door_bbox=(56,46,104,190)
[state_machine_node-28] [INFO] [1789539224.141363017] [state_machine_node]: 문 접근 목표 보정: door_blue_db9617 handle_axis=(12.03, -1.94) goal_axis=(12.03, -0.84) wall_axis=(12.03, -1.94) yaw=-90deg
[state_machine_node-28] [INFO] [1789539224.509228432] [state_machine_node]: Fine door parking translation: observed_blue_8p2_1p3, dist=0.24m/0.17m, heading_error=4deg, cmd=(0.07, 0.06)
[state_machine_node-28] [INFO] [1789539224.764624290] [state_machine_node]: Blue candidate door_blue_4ffc0d rejected: handle lateral 2.83m is outside wall band 2.20+0.35m.
[state_machine_node-28] [INFO] [1789539224.768639193] [state_machine_node]: Observed blue cluster id mapping for observed_blue_8p2_1p3 ignored: mapped cluster drifted away from the current wall/handle target.
[state_machine_node-28] [INFO] [1789539224.769809229] [state_machine_node]: 문 접근 목표 보정: door_blue_15a45f handle_axis=(8.88, 2.83) goal_axis=(8.88, 0.95) wall_axis=(8.88, 2.20) yaw=90deg
[state_machine_node-28] [INFO] [1789539225.457197503] [state_machine_node]: Fine door parking translation: observed_blue_8p2_1p3, dist=0.21m/0.17m, heading_error=5deg, cmd=(0.07, 0.06)
[door_detection_node-24] [INFO] [1789539225.665499073] [door_detection_node]: YOLO handle observed (primary): pixel=(78,122), conf=0.29, bbox=(64, 114, 92, 131)
[door_detection_node-24] [INFO] [1789539225.669070808] [door_detection_node]: Handle camera-ray projection: pixel=(78,122), range=4.374m, z=0.754m
[state_machine_node-28] [INFO] [1789539225.677673733] [state_machine_node]: 문 접근 목표 보정: door_blue_db9617 handle_axis=(12.48, -2.03) goal_axis=(12.48, -0.93) wall_axis=(12.48, -2.03) yaw=-90deg
[state_machine_node-28] [INFO] [1789539226.413351077] [state_machine_node]: Fine door final yaw alignment: observed_blue_8p2_1p3, dist=0.17m/0.17m, yaw_error=80deg, cmd=(0.00, 0.25)
[state_machine_node-28] [INFO] [1789539226.430324782] [state_machine_node]: Blue candidate door_blue_4ffc0d recorded with door-body progress and observed wall side because its direct projection was center-biased or crossed the corridor.
[state_machine_node-28] [INFO] [1789539226.432915590] [state_machine_node]: 문 접근 목표 보정: door_blue_15a45f handle_axis=(8.83, 2.81) goal_axis=(8.83, 0.95) wall_axis=(8.83, 2.20) yaw=90deg
[door_detection_node-24] [INFO] [1789539227.276863286] [door_detection_node]: HSV handle observed: color=blue, pixel=(103,122), conf=0.19, door_bbox=(97,46,144,190)
[state_machine_node-28] [INFO] [1789539227.284971794] [state_machine_node]: 문 접근 목표 보정: door_blue_739463 handle_axis=(11.93, -1.90) goal_axis=(11.93, -0.80) wall_axis=(11.93, -1.90) yaw=-90deg
[state_machine_node-28] [INFO] [1789539227.364304387] [state_machine_node]: Fine door final yaw alignment: observed_blue_8p2_1p3, dist=0.17m/0.17m, yaw_error=75deg, cmd=(0.00, 0.25)
[state_machine_node-28] [INFO] [1789539227.934057903] [state_machine_node]: Blue candidate door_blue_4ffc0d rejected: handle lateral 2.77m is outside wall band 2.20+0.35m.
[state_machine_node-28] [INFO] [1789539227.939817130] [state_machine_node]: Observed blue cluster id mapping for observed_blue_8p2_1p3 ignored: mapped cluster drifted away from the current wall/handle target.
[state_machine_node-28] [INFO] [1789539227.941964053] [state_machine_node]: 문 접근 목표 보정: door_blue_9aa8fe handle_axis=(8.72, 2.77) goal_axis=(8.72, 0.95) wall_axis=(8.72, 2.20) yaw=90deg
[state_machine_node-28] [INFO] [1789539228.337882263] [state_machine_node]: Fine door final yaw alignment: observed_blue_8p2_1p3, dist=0.17m/0.17m, yaw_error=69deg, cmd=(0.00, 0.25)
[door_detection_node-24] [INFO] [1789539229.016104798] [door_detection_node]: HSV handle observed: color=blue, pixel=(142,122), conf=0.15, door_bbox=(136,49,181,190)
[state_machine_node-28] [INFO] [1789539229.024177457] [state_machine_node]: 문 접근 목표 보정: door_blue_739463 handle_axis=(11.91, -1.92) goal_axis=(11.91, -0.82) wall_axis=(11.91, -1.92) yaw=-90deg
[state_machine_node-28] [INFO] [1789539229.354676591] [state_machine_node]: Fine door final yaw alignment: observed_blue_8p2_1p3, dist=0.18m/0.17m, yaw_error=64deg, cmd=(0.00, 0.25)
[state_machine_node-28] [INFO] [1789539230.306948951] [state_machine_node]: Fine door final yaw alignment: observed_blue_8p2_1p3, dist=0.18m/0.17m, yaw_error=59deg, cmd=(0.00, 0.25)
[door_detection_node-24] [INFO] [1789539230.582144757] [door_detection_node]: HSV handle observed: color=blue, pixel=(176,122), conf=0.15, door_bbox=(172,48,218,191)
[state_machine_node-28] [INFO] [1789539230.587675919] [state_machine_node]: 문 접근 목표 보정: door_blue_bedbba handle_axis=(11.83, -1.94) goal_axis=(11.83, -0.84) wall_axis=(11.83, -1.94) yaw=-90deg
[door_detection_node-24] [INFO] [1789539231.196837468] [door_detection_node]: Handle camera-ray projection: pixel=(216,130), range=1.950m, z=0.708m
[state_machine_node-28] [INFO] [1789539231.203221971] [state_machine_node]: Blue candidate door_blue_4ffc0d rejected: handle lateral 2.82m is outside wall band 2.20+0.35m.
[state_machine_node-28] [INFO] [1789539231.205927727] [state_machine_node]: Blue candidate door_blue_4ffc0d recorded with door-body progress and observed wall side because its direct projection was center-biased or crossed the corridor.
[state_machine_node-28] [INFO] [1789539231.206926568] [state_machine_node]: Observed blue cluster id mapping for observed_blue_8p2_1p3 ignored: mapped cluster drifted away from the current wall/handle target.
[state_machine_node-28] [INFO] [1789539231.208018547] [state_machine_node]: 문 접근 목표 보정: door_blue_9aa8fe handle_axis=(8.60, 2.70) goal_axis=(8.60, 0.95) wall_axis=(8.60, 2.20) yaw=90deg
[state_machine_node-28] [INFO] [1789539231.251891386] [state_machine_node]: Fine door final yaw alignment: observed_blue_8p2_1p3, dist=0.18m/0.17m, yaw_error=55deg, cmd=(0.00, 0.25)
[door_detection_node-24] [INFO] [1789539232.134813611] [door_detection_node]: HSV handle observed: color=blue, pixel=(210,122), conf=0.16, door_bbox=(204,44,256,194)
[state_machine_node-28] [INFO] [1789539232.143650121] [state_machine_node]: 문 접근 목표 보정: door_blue_bedbba handle_axis=(11.81, -1.98) goal_axis=(11.81, -0.88) wall_axis=(11.81, -1.98) yaw=-90deg
[state_machine_node-28] [INFO] [1789539232.176987283] [state_machine_node]: Fine door final yaw alignment: observed_blue_8p2_1p3, dist=0.18m/0.17m, yaw_error=51deg, cmd=(0.00, 0.25)
[door_detection_node-24] [INFO] [1789539232.720762117] [door_detection_node]: Handle camera-ray projection: pixel=(258,130), range=1.950m, z=0.712m
[state_machine_node-28] [INFO] [1789539232.730913254] [state_machine_node]: 문 접근 목표 보정: door_blue_6f0639 handle_axis=(8.74, 2.75) goal_axis=(8.74, 0.95) wall_axis=(8.74, 2.20) yaw=90deg
[state_machine_node-28] [INFO] [1789539233.127027849] [state_machine_node]: Fine door final yaw alignment: observed_blue_8p2_1p3, dist=0.18m/0.17m, yaw_error=46deg, cmd=(0.00, 0.25)
[door_detection_node-24] [INFO] [1789539233.671194340] [door_detection_node]: HSV handle observed: color=blue, pixel=(243,122), conf=0.16, door_bbox=(236,41,292,198)
[state_machine_node-28] [INFO] [1789539233.679509154] [state_machine_node]: 문 접근 목표 보정: door_blue_5d2841 handle_axis=(11.74, -1.91) goal_axis=(11.74, -0.81) wall_axis=(11.74, -1.91) yaw=-90deg
[state_machine_node-28] [INFO] [1789539234.039693780] [state_machine_node]: Fine door final yaw alignment: observed_blue_8p2_1p3, dist=0.18m/0.17m, yaw_error=42deg, cmd=(0.00, 0.25)
[state_machine_node-28] [INFO] [1789539234.971166452] [state_machine_node]: Fine door final yaw alignment: observed_blue_8p2_1p3, dist=0.18m/0.17m, yaw_error=37deg, cmd=(0.00, 0.25)
[state_machine_node-28] [INFO] [1789539235.920079396] [state_machine_node]: Fine door final yaw alignment: observed_blue_8p2_1p3, dist=0.18m/0.17m, yaw_error=33deg, cmd=(0.00, 0.25)
[state_machine_node-28] [INFO] [1789539236.935682653] [state_machine_node]: Fine door final yaw alignment: observed_blue_8p2_1p3, dist=0.17m/0.17m, yaw_error=28deg, cmd=(0.00, 0.25)
[state_machine_node-28] [INFO] [1789539237.004437739] [state_machine_node]: Blue candidate door_blue_0eb762_1 rejected: handle lateral 5.55m is outside wall band 2.20+0.35m.
[state_machine_node-28] [INFO] [1789539237.010468257] [state_machine_node]: Blue candidate door_blue_0eb762_1 recorded with door-body progress and observed wall side because its direct projection was center-biased or crossed the corridor.
[state_machine_node-28] [INFO] [1789539237.014201946] [state_machine_node]: Observed blue cluster id mapping for observed_blue_8p2_1p3 ignored: mapped cluster drifted away from the current wall/handle target.
[state_machine_node-28] [INFO] [1789539237.015121735] [state_machine_node]: 문 접근 목표 보정: door_blue_0eb762_1 handle_axis=(9.21, 5.55) goal_axis=(9.21, 0.95) wall_axis=(9.21, 2.20) yaw=90deg
[state_machine_node-28] [INFO] [1789539237.821289136] [state_machine_node]: Fine door final yaw alignment: observed_blue_8p2_1p3, dist=0.17m/0.17m, yaw_error=23deg, cmd=(0.00, 0.25)
[state_machine_node-28] [INFO] [1789539238.070209364] [state_machine_node]: 문 접근 목표 보정: door_blue_0eb762 handle_axis=(8.96, 5.49) goal_axis=(8.96, 0.95) wall_axis=(8.96, 2.20) yaw=90deg
[state_machine_node-28] [INFO] [1789539238.744897899] [state_machine_node]: 문 접근 목표 보정: door_blue_6f252f handle_axis=(8.42, 2.61) goal_axis=(8.42, 0.95) wall_axis=(8.42, 2.20) yaw=90deg
[state_machine_node-28] [INFO] [1789539238.815141058] [state_machine_node]: Fine door final yaw alignment: observed_blue_8p2_1p3, dist=0.16m/0.17m, yaw_error=18deg, cmd=(0.00, 0.24)
[state_machine_node-28] [INFO] [1789539239.094883844] [state_machine_node]: 문 접근 목표 보정: door_blue_0eb762 handle_axis=(8.77, 5.47) goal_axis=(8.77, 0.95) wall_axis=(8.77, 2.20) yaw=90deg
[state_machine_node-28] [INFO] [1789539239.734349248] [state_machine_node]: Fine door final yaw alignment: observed_blue_8p2_1p3, dist=0.15m/0.17m, yaw_error=13deg, cmd=(0.00, 0.17)
[state_machine_node-28] [INFO] [1789539240.007236144] [state_machine_node]: 문 접근 목표 보정: door_blue_de5205 handle_axis=(8.99, 2.79) goal_axis=(8.99, 0.95) wall_axis=(8.99, 2.20) yaw=90deg
[state_machine_node-28] [INFO] [1789539240.434638102] [state_machine_node]: Blue candidate door_blue_4ffc0d recorded with door-body progress and observed wall side because its direct projection was center-biased or crossed the corridor.
[state_machine_node-28] [INFO] [1789539240.435684343] [state_machine_node]: Observed blue cluster id mapping for observed_blue_8p2_1p3 ignored: mapped cluster drifted away from the current wall/handle target.
[state_machine_node-28] [INFO] [1789539240.436783614] [state_machine_node]: 문 접근 목표 보정: door_blue_6f252f handle_axis=(8.30, 2.54) goal_axis=(8.30, 0.95) wall_axis=(8.30, 2.20) yaw=90deg
[state_machine_node-28] [INFO] [1789539240.441463127] [state_machine_node]: 문 접근 목표 보정: door_blue_6f252f handle_axis=(8.30, 2.54) goal_axis=(8.30, 0.95) wall_axis=(8.30, 2.20) yaw=90deg
[state_machine_node-28] [INFO] [1789539240.443336782] [state_machine_node]: 문 접근 목표 보정: door_blue_6f252f handle_axis=(8.30, 2.54) goal_axis=(8.30, 0.95) wall_axis=(8.30, 2.20) yaw=90deg
[state_machine_node-28] [INFO] [1789539240.444290220] [state_machine_node]: Locked blue target refine skipped: door_blue_6f252f would move the manipulation handle/parking station too far from the locked observed target (handle_progress_jump=1.13/0.90m, handle_xy_jump=1.14/0.90m).
[state_machine_node-28] [INFO] [1789539240.806827973] [state_machine_node]: Fine door approach accepted for manipulation verification: observed_blue_8p2_1p3, dist=0.15m/0.24m, lateral=0.11m/0.18m, yaw_error=9deg/10deg.
[state_machine_node-28] [INFO] [1789539240.807480557] [state_machine_node]: 문 앞 정렬 완료. 2.8s 정지 후 개방합니다.
[state_machine_node-28] [INFO] [1789539241.117692637] [state_machine_node]: Blue candidate door_blue_4ffc0d rejected: handle lateral 2.78m is outside wall band 2.20+0.35m.
[state_machine_node-28] [INFO] [1789539241.123080231] [state_machine_node]: 문 접근 목표 보정: door_blue_de5205 handle_axis=(8.93, 2.78) goal_axis=(8.93, 0.95) wall_axis=(8.93, 2.20) yaw=90deg
[state_machine_node-28] [INFO] [1789539241.963703653] [state_machine_node]: 문 접근 목표 보정: door_blue_6f252f handle_axis=(8.27, 2.53) goal_axis=(8.27, 0.95) wall_axis=(8.27, 2.20) yaw=90deg
[state_machine_node-28] [INFO] [1789539241.977895933] [state_machine_node]: 문 접근 목표 보정: door_blue_6f252f handle_axis=(8.27, 2.53) goal_axis=(8.27, 0.95) wall_axis=(8.27, 2.20) yaw=90deg
[state_machine_node-28] [INFO] [1789539241.979342636] [state_machine_node]: 문 접근 목표 보정: door_blue_6f252f handle_axis=(8.27, 2.53) goal_axis=(8.27, 0.95) wall_axis=(8.27, 2.20) yaw=90deg
[state_machine_node-28] [INFO] [1789539242.186837289] [state_machine_node]: 문 접근 목표 보정: door_blue_de5205 handle_axis=(8.93, 2.78) goal_axis=(8.93, 0.95) wall_axis=(8.93, 2.20) yaw=90deg
[state_machine_node-28] [INFO] [1789539243.315071125] [state_machine_node]: 문 접근 목표 보정: door_blue_de5205 handle_axis=(8.93, 2.78) goal_axis=(8.93, 0.95) wall_axis=(8.93, 2.20) yaw=90deg
[state_machine_node-28] [INFO] [1789539243.576947473] [state_machine_node]: Blue candidate door_blue_4ffc0d recorded with door-body progress and observed wall side because its direct projection was center-biased or crossed the corridor.
[state_machine_node-28] [INFO] [1789539243.577684759] [state_machine_node]: Observed blue cluster id mapping for observed_blue_8p2_1p3 ignored: mapped cluster drifted away from the current wall/handle target.
[state_machine_node-28] [INFO] [1789539243.578869512] [state_machine_node]: 문 접근 목표 보정: door_blue_6f252f handle_axis=(8.27, 2.53) goal_axis=(8.27, 0.95) wall_axis=(8.27, 2.20) yaw=90deg
[state_machine_node-28] [INFO] [1789539243.584381478] [state_machine_node]: 문 접근 목표 보정: door_blue_6f252f handle_axis=(8.27, 2.53) goal_axis=(8.27, 0.95) wall_axis=(8.27, 2.20) yaw=90deg
[state_machine_node-28] [INFO] [1789539243.588917260] [state_machine_node]: 문 접근 목표 보정: door_blue_6f252f handle_axis=(8.27, 2.53) goal_axis=(8.27, 0.95) wall_axis=(8.27, 2.20) yaw=90deg
[state_machine_node-28] [INFO] [1789539243.590283330] [state_machine_node]: Locked blue target refine skipped: door_blue_6f252f would move the manipulation handle/parking station too far from the locked observed target (handle_progress_jump=1.16/0.90m, handle_xy_jump=1.18/0.90m).
[state_machine_node-28] [INFO] [1789539244.286529240] [state_machine_node]: Blue candidate door_blue_4ffc0d rejected: handle lateral 2.78m is outside wall band 2.20+0.35m.
[state_machine_node-28] [INFO] [1789539244.291342219] [state_machine_node]: 문 접근 목표 보정: door_blue_de5205 handle_axis=(8.93, 2.78) goal_axis=(8.93, 0.95) wall_axis=(8.93, 2.20) yaw=90deg
[state_machine_node-28] [INFO] [1789539245.322353023] [state_machine_node]: 문 접근 목표 보정: door_blue_6f252f handle_axis=(8.27, 2.53) goal_axis=(8.27, 0.95) wall_axis=(8.27, 2.20) yaw=90deg
[state_machine_node-28] [INFO] [1789539245.328346120] [state_machine_node]: 문 접근 목표 보정: door_blue_6f252f handle_axis=(8.27, 2.53) goal_axis=(8.27, 0.95) wall_axis=(8.27, 2.20) yaw=90deg
[state_machine_node-28] [INFO] [1789539245.329618858] [state_machine_node]: 문 접근 목표 보정: door_blue_6f252f handle_axis=(8.27, 2.53) goal_axis=(8.27, 0.95) wall_axis=(8.27, 2.20) yaw=90deg
[state_machine_node-28] [INFO] [1789539245.549488768] [state_machine_node]: 문 접근 목표 보정: door_blue_de5205 handle_axis=(8.93, 2.78) goal_axis=(8.93, 0.95) wall_axis=(8.93, 2.20) yaw=90deg
[state_machine_node-28] [INFO] [1789539246.461191156] [state_machine_node]: 문 접근 목표 보정: door_blue_de5205 handle_axis=(8.93, 2.78) goal_axis=(8.93, 0.95) wall_axis=(8.93, 2.20) yaw=90deg
[state_machine_node-28] [INFO] [1789539246.643551784] [state_machine_node]: Blue candidate door_blue_4ffc0d cannot confirm opening: current camera ray is outside the frontal manipulation workspace.
[state_machine_node-28] [INFO] [1789539246.684917767] [state_machine_node]: Observed blue target observed_blue_8p2_1p3 kept for mapping but not opened yet: after at least one opened door, mapped wall memory needs a close live blue frame at the same station.
[state_machine_node-28] [WARN] [1789539246.722949767] [state_machine_node]: Fresh blue evidence missing near target observed_blue_8p2_1p3: p=9.43, lat=2.00, radius=0.81m, max_age=10.0s, min_conf=0.34.
[state_machine_node-28] [INFO] [1789539246.833520847] [state_machine_node]: Observed blue target observed_blue_8p2_1p3 uses stable mapped door memory at an aligned opening pose; manipulation will verify the physical door match (count=76, conf=1.00, progress_gap=0.45m, lateral_gap=0.20m).
[state_machine_node-28] [INFO] [1789539246.889147392] [state_machine_node]: Live blue confirmation (1.6, 3.6) rejected: same-wall blue observation is inside the opened-door remnant window (opened_progress=3.3m, gap=1.2m, window=2.4m).
[state_machine_node-28] [INFO] [1789539246.899688784] [state_machine_node]: State: NAVIGATING → OPENING_DOOR
[state_machine_node-28] [INFO] [1789539246.906199309] [state_machine_node]: Blue candidate door_blue_4ffc0d recorded with door-body progress and observed wall side because its direct projection was center-biased or crossed the corridor.
[state_machine_node-28] [INFO] [1789539247.428204879] [state_machine_node]: Blue candidate door_blue_4ffc0d rejected: handle lateral 2.78m is outside wall band 2.20+0.35m.
[state_machine_node-28] [INFO] [1789539247.511825255] [state_machine_node]: 문 개방 요청 손잡이: id=observed_blue_8p2_1p3__axis_p9p43_p2p00, method=yolo:primary:item, conf=0.48, frame=map, pos=(6.429,2.000,0.862)
[manipulation_node-26] [INFO] [1789539247.521317287] [manipulation_node]: Open door request: id=observed_blue_8p2_1p3__axis_p9p43_p2p00, handle_method=yolo:primary:item, handle_detected=True, handle_conf=0.48
[manipulation_node-26] [INFO] [1789539247.522669393] [manipulation_node]: Manipulation phase: LOCALIZE_HANDLE:observed_blue_8p2_1p3__axis_p9p43_p2p00
[manipulation_node-26] [INFO] [1789539247.545647202] [manipulation_node]: Transformed handle_position map -> base_link: (1.137, 0.051, 0.764)
[manipulation_node-26] [INFO] [1789539247.553030636] [manipulation_node]: Manipulation phase: PRE_GRASP:observed_blue_8p2_1p3__axis_p9p43_p2p00
[manipulation_node-26] [INFO] [1789539247.557034751] [manipulation_node]: Step 1/4: Moving to pre-grasp position
[manipulation_node-26] [INFO] [1789539247.557473595] [manipulation_node]:   [SIM] Pre-grasp at (1.017, 0.051, 0.764)
[manipulation_node-26] [INFO] [1789539247.573116298] [manipulation_node]:   [SIM] Arm target stage=pre_grasp: joint1=0.08, joint2=0.96, joint3=-0.11, joint4=0.00, joint5=0.00, joint6=0.00
[manipulation_node-26] [INFO] [1789539248.620372037] [manipulation_node]: Manipulation phase: GRASP_HANDLE:observed_blue_8p2_1p3__axis_p9p43_p2p00
[manipulation_node-26] [INFO] [1789539248.636880982] [manipulation_node]: Step 2/4: Grasping handle
[manipulation_node-26] [INFO] [1789539248.660207638] [manipulation_node]:   [SIM] Gripper closing
[manipulation_node-26] [INFO] [1789539248.681261610] [manipulation_node]:   [SIM] Arm target stage=grasp: joint1=0.08, joint2=0.96, joint3=-0.11, joint4=0.00, joint5=0.00, joint6=0.00
[manipulation_node-26] [INFO] [1789539249.714341135] [manipulation_node]: Manipulation phase: PRESS_HANDLE:observed_blue_8p2_1p3__axis_p9p43_p2p00
[manipulation_node-26] [INFO] [1789539249.714706336] [manipulation_node]: Step 3/5: Pressing lever handle
[manipulation_node-26] [INFO] [1789539249.715111435] [manipulation_node]:   [SIM] Pressing lever down 0.070m before push
[manipulation_node-26] [INFO] [1789539249.715431571] [manipulation_node]:   [SIM] Arm target stage=press: joint1=0.08, joint2=1.02, joint3=-0.11, joint4=0.00, joint5=0.00, joint6=0.00
[state_machine_node-28] [INFO] [1789539249.992572561] [state_machine_node]: Blue candidate door_blue_4ffc0d recorded with door-body progress and observed wall side because its direct projection was center-biased or crossed the corridor.
[manipulation_node-26] [INFO] [1789539250.762941667] [manipulation_node]: Manipulation phase: PUSH_OPEN:observed_blue_8p2_1p3__axis_p9p43_p2p00
[manipulation_node-26] [INFO] [1789539250.763687577] [manipulation_node]: Step 4/5: Pushing door open
[manipulation_node-26] [INFO] [1789539250.764444437] [manipulation_node]:   [SIM] Holding the pressed handle while the base opens the hinged Gazebo door 2.09rad
[manipulation_node-26] [INFO] [1789539250.768041636] [manipulation_node]:   [SIM] Arm target stage=push: joint1=0.08, joint2=0.96, joint3=-0.11, joint4=0.00, joint5=0.00, joint6=0.00
[door_detection_node-24] [INFO] [1789539250.774315664] [door_detection_node]: YOLO handle observed (primary): pixel=(133,222), conf=0.52, bbox=(105, 210, 161, 235)
[door_detection_node-24] [INFO] [1789539250.780947143] [door_detection_node]: Handle camera-ray projection: pixel=(133,222), range=1.014m, z=0.650m
[state_machine_node-28] [INFO] [1789539250.790202673] [state_machine_node]: Blue candidate door_blue_4ffc0d recorded at camera-ray intersection with the observed corridor wall.
[manipulation_node-26] [INFO] [1789539250.822545354] [manipulation_node]:   [SIM] Matched observed door observed_blue_8p2_1p3__axis_p9p43_p2p00 to /fire_robot/door/blue/x600/yp186/sn/cmd (distance=0.08m, score=0.007, source=map_handle, match=(6.43,2.00))
[manipulation_node-26] [INFO] [1789539250.824107670] [manipulation_node]:   [SIM] Gazebo door topic=/fire_robot/door/blue/x600/yp186/sn/cmd, target_angle=2.094
[state_machine_node-28] [INFO] [1789539251.771703449] [state_machine_node]: Blue candidate door_blue_4ffc0d rejected: handle lateral 2.78m is outside wall band 2.20+0.35m.
[door_detection_node-24] [INFO] [1789539252.797503462] [door_detection_node]: YOLO handle observed (primary): pixel=(107,129), conf=0.61, bbox=(73, 117, 141, 141)
[door_detection_node-24] [INFO] [1789539252.802663639] [door_detection_node]: Handle camera-ray projection: pixel=(107,129), range=1.205m, z=0.744m
[state_machine_node-28] [INFO] [1789539253.122057467] [state_machine_node]: Blue candidate door_blue_4ffc0d recorded with door-body progress and observed wall side because its direct projection was center-biased or crossed the corridor.
[door_detection_node-24] [INFO] [1789539254.686183893] [door_detection_node]: HSV handle observed: color=blue, pixel=(314,125), conf=0.35, door_bbox=(263,0,316,240)
[manipulation_node-26] [INFO] [1789539255.446427167] [manipulation_node]:   [SIM] Door model feedback verified: topic=/fire_robot/door/blue/x600/yp186/sn/cmd, model=door_blue5, angle=2.1000, target=2.0944
[manipulation_node-26] [INFO] [1789539256.459660018] [manipulation_node]: Manipulation phase: RELEASE_HANDLE:observed_blue_8p2_1p3__axis_p9p43_p2p00
[manipulation_node-26] [INFO] [1789539256.460144958] [manipulation_node]: Releasing the lever before arm recovery and base backoff
[manipulation_node-26] [INFO] [1789539257.488272021] [manipulation_node]: Manipulation phase: RETURN_HOME:observed_blue_8p2_1p3__axis_p9p43_p2p00
[manipulation_node-26] [INFO] [1789539257.505152390] [manipulation_node]: Step 5/5: Returning to home position
[manipulation_node-26] [INFO] [1789539257.515753087] [manipulation_node]:   [SIM] Returning to home position
[manipulation_node-26] [INFO] [1789539257.553637199] [manipulation_node]:   [SIM] Arm target stage=home: joint1=0.00, joint2=0.00, joint3=0.00, joint4=0.00, joint5=0.00, joint6=0.00
[manipulation_node-26] [INFO] [1789539260.544016431] [manipulation_node]:   [SIM] Arm home verified by joint feedback: max_error=0.069rad
[manipulation_node-26] [INFO] [1789539260.560031540] [manipulation_node]: Manipulation phase: POST_OPEN_BACKOFF:observed_blue_8p2_1p3__axis_p9p43_p2p00
[manipulation_node-26] [INFO] [1789539260.571775207] [manipulation_node]: Backing away from opened door with limited micro reverse
[manipulation_node-26] [INFO] [1789539262.857359767] [manipulation_node]: Manipulation phase: COMPLETE:observed_blue_8p2_1p3__axis_p9p43_p2p00
[state_machine_node-28] [INFO] [1789539262.889695646] [state_machine_node]: Blue candidate door_blue_092928_1 ignored: center-biased opposite-wall projection near opened blue station 9.4m (candidate 11.1m).
[state_machine_node-28] [INFO] [1789539262.908685549] [state_machine_node]: 열린 파란 문 재관측 후보 2개 정리. 다음 목표 선택에서 제외합니다.
[state_machine_node-28] [INFO] [1789539262.909136043] [state_machine_node]: 문 개방 성공: observed_blue_8p2_1p3  누적 개방: 3개
[state_machine_node-28] [INFO] [1789539262.909501842] [state_machine_node]: State: OPENING_DOOR → DOOR_OPENED
[state_machine_node-28] [INFO] [1789539263.718530689] [state_machine_node]: 다음 파란 문 탐색 시작 (개방 완료: 3개)
[state_machine_node-28] [INFO] [1789539263.719176089] [state_machine_node]: State: DOOR_OPENED → EXPLORING
[state_machine_node-28] [INFO] [1789539264.668646480] [state_machine_node]: Post-open side retreat started: lateral=0.84m, target_abs=0.48m.
[state_machine_node-28] [INFO] [1789539264.669770746] [state_machine_node]: Post-open side retreat: lateral=0.84m, moved=0.00/1.10m, yaw_error=-171deg, cmd=(0.00, -0.50)
[state_machine_node-28] [INFO] [1789539266.566883808] [state_machine_node]: Post-open side retreat: lateral=0.84m, moved=0.00/1.10m, yaw_error=-151deg, cmd=(0.00, -0.50)
[door_detection_node-24] [INFO] [1789539268.200113261] [door_detection_node]: HSV handle observed: color=blue, pixel=(247,122), conf=0.16, door_bbox=(240,39,296,200)
[state_machine_node-28] [INFO] [1789539268.472933029] [state_machine_node]: Post-open side retreat: lateral=0.84m, moved=0.00/1.10m, yaw_error=-133deg, cmd=(0.00, -0.50)
[state_machine_node-28] [INFO] [1789539269.211057081] [state_machine_node]: Blue candidate door_blue_15a45f ignored: physical/opened door station already handled nearby at (4.98, 2.31).
[door_detection_node-24] [INFO] [1789539269.860755332] [door_detection_node]: HSV handle observed: color=blue, pixel=(180,122), conf=0.14, door_bbox=(174,47,224,193)
[state_machine_node-28] [INFO] [1789539270.385461717] [state_machine_node]: Post-open side retreat: lateral=0.85m, moved=0.00/1.10m, yaw_error=-115deg, cmd=(0.00, -0.50)
[state_machine_node-28] [INFO] [1789539270.426469649] [state_machine_node]: 보조 비상구 관측 저장: door_green_1309db (15.8, 0.1)
[state_machine_node-28] [WARN] [1789539270.427769470] [state_machine_node]: Exit candidate door_green_1309db accepted despite a backward localization progress estimate: robot=9.3m, opened_floor=9.4m, exit=18.8m.
[state_machine_node-28] [INFO] [1789539270.430735016] [state_machine_node]: 비상구 탐지: door_green_1309db (15.8, 0.1)
[door_detection_node-24] [INFO] [1789539271.396755530] [door_detection_node]: HSV handle observed: color=blue, pixel=(108,122), conf=0.20, door_bbox=(103,47,149,190)
[state_machine_node-28] [INFO] [1789539272.290225360] [state_machine_node]: Post-open side retreat: lateral=0.89m, moved=0.00/1.10m, yaw_error=-92deg, cmd=(0.00, -0.50)
[state_machine_node-28] [INFO] [1789539274.189055994] [state_machine_node]: Post-open side retreat: lateral=0.94m, moved=0.00/1.10m, yaw_error=-69deg, cmd=(0.00, -0.50)
[door_detection_node-24] [INFO] [1789539274.634835049] [door_detection_node]: HSV handle observed: color=blue, pixel=(244,122), conf=0.15, door_bbox=(238,42,291,198)
[state_machine_node-28] [INFO] [1789539276.193671319] [state_machine_node]: Post-open side retreat: lateral=0.96m, moved=0.00/1.10m, yaw_error=-50deg, cmd=(0.00, -0.50)
[door_detection_node-24] [INFO] [1789539276.637528744] [door_detection_node]: HSV handle observed: color=blue, pixel=(162,122), conf=0.15, door_bbox=(157,51,202,189)
[door_detection_node-24] [INFO] [1789539277.900153615] [door_detection_node]: HSV handle observed: color=blue, pixel=(235,122), conf=0.18, door_bbox=(232,62,257,168)
[state_machine_node-28] [INFO] [1789539277.920414064] [state_machine_node]: Blue candidate door_blue_b98a1c ignored: physical/opened door station already handled nearby at (2.74, -1.71).
[state_machine_node-28] [INFO] [1789539278.182918708] [state_machine_node]: Post-open side retreat: lateral=0.96m, moved=0.00/1.10m, yaw_error=-32deg, cmd=(0.00, -0.50)
[door_detection_node-24] [INFO] [1789539279.532605071] [door_detection_node]: YOLO handle observed (primary): pixel=(36,122), conf=0.61, bbox=(22, 113, 51, 131)
[door_detection_node-24] [INFO] [1789539279.535950904] [door_detection_node]: Handle camera-ray projection: pixel=(36,122), range=4.379m, z=0.756m
[state_machine_node-28] [INFO] [1789539280.104822428] [state_machine_node]: Post-open side retreat: lateral=0.96m, moved=0.00/1.10m, yaw_error=-12deg, cmd=(0.00, -0.50)
[door_detection_node-24] [INFO] [1789539281.115247178] [door_detection_node]: HSV handle observed: color=blue, pixel=(82,122), conf=0.09, door_bbox=(79,63,102,169)
[state_machine_node-28] [INFO] [1789539281.138756329] [state_machine_node]: Blue candidate door_blue_db9617 ignored: physical/opened door station already handled nearby at (2.87, -1.80).
[state_machine_node-28] [INFO] [1789539282.056516481] [state_machine_node]: Post-open side retreat: lateral=0.89m, moved=0.00/1.10m, yaw_error=1deg, cmd=(0.18, 0.01)
[door_detection_node-24] [INFO] [1789539282.238810790] [door_detection_node]: HSV handle observed: color=blue, pixel=(18,122), conf=0.07, door_bbox=(0,65,22,178)
[state_machine_node-28] [INFO] [1789539283.059772362] [state_machine_node]: Post-open side retreat: lateral=0.80m, moved=0.04/1.10m, yaw_error=0deg, cmd=(0.18, 0.01)
[door_detection_node-24] [INFO] [1789539283.721875338] [door_detection_node]: HSV handle observed: color=blue, pixel=(245,122), conf=0.16, door_bbox=(238,36,294,204)
[state_machine_node-28] [INFO] [1789539284.982279148] [state_machine_node]: Post-open side retreat: lateral=0.61m, moved=0.22/1.10m, yaw_error=0deg, cmd=(0.18, 0.00)
[door_detection_node-24] [INFO] [1789539285.305023560] [door_detection_node]: HSV handle observed: color=blue, pixel=(238,122), conf=0.17, door_bbox=(234,32,284,204)
[state_machine_node-28] [INFO] [1789539285.598479538] [state_machine_node]: Blue candidate door_blue_db9617 ignored: physical/opened door station already handled nearby at (2.80, -1.86).
[door_detection_node-24] [INFO] [1789539286.899620197] [door_detection_node]: HSV handle observed: color=blue, pixel=(230,122), conf=0.16, door_bbox=(223,30,277,206)
[state_machine_node-28] [INFO] [1789539286.906677263] [state_machine_node]: Post-open side retreat complete: lateral=0.44m <= target=0.48m
[state_machine_node-28] [WARN] [1789539286.922446600] [state_machine_node]: Exit candidate door_green_1309db accepted despite a backward localization progress estimate: robot=9.3m, opened_floor=9.4m, exit=18.8m.
[state_machine_node-28] [INFO] [1789539287.102674498] [state_machine_node]: 문 접근 목표 보정: observed_blue_11p9_m1p8 handle_axis=(11.90, -1.81) goal_axis=(11.90, -0.80) wall_axis=(11.90, -1.90) yaw=-90deg
[state_machine_node-28] [INFO] [1789539287.116981218] [state_machine_node]: 문 접근 목표 보정: observed_blue_11p9_m1p8 handle_axis=(11.90, -1.81) goal_axis=(11.90, -0.80) wall_axis=(11.90, -1.90) yaw=-90deg
[state_machine_node-28] [INFO] [1789539287.131289121] [state_machine_node]: 문 접근 목표 보정: observed_blue_11p9_m1p8 handle_axis=(11.90, -1.81) goal_axis=(11.90, -0.80) wall_axis=(11.90, -1.90) yaw=-90deg
[state_machine_node-28] [WARN] [1789539287.136050481] [state_machine_node]: Blue target observed_blue_11p9_m1p8 retained for revisit: stable unopened blue memory must be checked before exit even when it is behind the farthest opened station.
[state_machine_node-28] [INFO] [1789539287.140864547] [state_machine_node]: 문 접근 목표 보정: observed_blue_11p9_m1p8 handle_axis=(11.90, -1.81) goal_axis=(11.90, -0.80) wall_axis=(11.90, -1.90) yaw=-90deg
[state_machine_node-28] [INFO] [1789539287.142504082] [state_machine_node]: 문 접근 목표 보정: observed_blue_11p9_m1p8 handle_axis=(11.90, -1.90) goal_axis=(11.90, -0.80) wall_axis=(11.90, -1.90) yaw=-90deg
[state_machine_node-28] [INFO] [1789539287.145788089] [state_machine_node]: LiDAR+camera segment map 사전 스캔 시작: observed_blue_11p9_m1p8
[state_machine_node-28] [INFO] [1789539288.076669707] [state_machine_node]: 문 접근 목표 보정: observed_blue_11p9_m1p8 handle_axis=(11.90, -1.81) goal_axis=(11.90, -0.80) wall_axis=(11.90, -1.90) yaw=-90deg
[door_detection_node-24] [INFO] [1789539288.495318929] [door_detection_node]: HSV handle observed: color=blue, pixel=(228,122), conf=0.16, door_bbox=(222,31,275,207)
[state_machine_node-28] [INFO] [1789539288.785463669] [state_machine_node]: Blue candidate door_blue_db9617 ignored: physical/opened door station already handled nearby at (2.74, -1.93).
[state_machine_node-28] [INFO] [1789539289.047129734] [state_machine_node]: 문 접근 목표 보정: observed_blue_11p9_m1p8 handle_axis=(11.90, -1.81) goal_axis=(11.90, -0.80) wall_axis=(11.90, -1.90) yaw=-90deg
[state_machine_node-28] [WARN] [1789539289.937203314] [state_machine_node]: Exit candidate door_green_1309db accepted despite a backward localization progress estimate: robot=9.3m, opened_floor=9.4m, exit=18.8m.
[state_machine_node-28] [INFO] [1789539290.016112386] [state_machine_node]: 문 접근 목표 보정: observed_blue_11p9_m1p8 handle_axis=(11.90, -1.81) goal_axis=(11.90, -0.80) wall_axis=(11.90, -1.90) yaw=-90deg
[state_machine_node-28] [INFO] [1789539290.022437958] [state_machine_node]: 사전 스캔 완료. Nav2가 segment map 기반 경로를 계획합니다: observed_blue_11p9_m1p8
[state_machine_node-28] [INFO] [1789539290.088624365] [state_machine_node]: Locked blue target after pre-scan: observed_blue_11p9_m1p8 opened=3 retry=0/2
[state_machine_node-28] [INFO] [1789539290.090511103] [state_machine_node]: State: EXPLORING → NAVIGATING
[navigation_node-25] [INFO] [1789539290.094625232] [navigation_node]: Navigation goal received: door observed_blue_11p9_m1p8 (color=blue, frame=map, x=8.90, y=-0.80)
[door_detection_node-24] [INFO] [1789539290.163792303] [door_detection_node]: HSV handle observed: color=blue, pixel=(228,122), conf=0.16, door_bbox=(222,31,275,207)
[state_machine_node-28] [INFO] [1789539290.281124215] [state_machine_node]: 문 접근 목표 보정: door_blue_09c6b1 handle_axis=(11.84, -1.74) goal_axis=(11.84, -0.80) wall_axis=(11.84, -1.90) yaw=-90deg
[state_machine_node-28] [INFO] [1789539290.283591101] [state_machine_node]: 문 접근 목표 보정: door_blue_09c6b1 handle_axis=(11.84, -1.74) goal_axis=(11.84, -0.80) wall_axis=(11.84, -1.90) yaw=-90deg
[bt_navigator-16] [INFO] [1789539290.818133609] [bt_navigator]: Begin navigating from current location (6.32, 0.43) to (8.90, -0.80)
[navigation_node-25] [INFO] [1789539290.820949027] [navigation_node]: Navigation goal accepted by Nav2
[controller_server-12] [INFO] [1789539291.019530254] [controller_server]: Received a goal, begin computing control effort.
[door_detection_node-24] [INFO] [1789539291.695662830] [door_detection_node]: HSV handle observed: color=blue, pixel=(228,122), conf=0.16, door_bbox=(222,31,275,207)
[state_machine_node-28] [INFO] [1789539291.712022743] [state_machine_node]: 문 접근 목표 보정: door_blue_09c6b1 handle_axis=(11.82, -1.72) goal_axis=(11.82, -0.80) wall_axis=(11.82, -1.90) yaw=-90deg
[state_machine_node-28] [INFO] [1789539291.716159904] [state_machine_node]: 문 접근 목표 보정: door_blue_09c6b1 handle_axis=(11.82, -1.72) goal_axis=(11.82, -0.80) wall_axis=(11.82, -1.90) yaw=-90deg
[state_machine_node-28] [INFO] [1789539291.977946867] [state_machine_node]: Blue candidate door_blue_db9617 ignored: physical/opened door station already handled nearby at (2.74, -1.93).
[controller_server-12] [INFO] [1789539292.270407977] [controller_server]: Passing new path to controller.
[controller_server-12] [INFO] [1789539293.520724545] [controller_server]: Passing new path to controller.
[door_detection_node-24] [INFO] [1789539293.654082342] [door_detection_node]: HSV handle observed: color=blue, pixel=(166,122), conf=0.19, door_bbox=(163,62,189,173)
[controller_server-12] [INFO] [1789539294.896295847] [controller_server]: Passing new path to controller.
[door_detection_node-24] [INFO] [1789539295.301008704] [door_detection_node]: HSV handle observed: color=blue, pixel=(16,122), conf=0.22, door_bbox=(11,22,65,207)
[state_machine_node-28] [INFO] [1789539295.320005362] [state_machine_node]: 문 접근 목표 보정: door_blue_b177f7 handle_axis=(11.89, -1.69) goal_axis=(11.89, -0.80) wall_axis=(11.89, -1.90) yaw=-90deg
[state_machine_node-28] [INFO] [1789539295.320920301] [state_machine_node]: 문 접근 목표 보정: door_blue_b177f7 handle_axis=(11.89, -1.69) goal_axis=(11.89, -0.80) wall_axis=(11.89, -1.90) yaw=-90deg
[state_machine_node-28] [INFO] [1789539295.592797326] [state_machine_node]: Blue candidate door_blue_b98a1c ignored: physical/opened door station already handled nearby at (2.38, -2.04).
[controller_server-12] [INFO] [1789539296.145431848] [controller_server]: Passing new path to controller.
[door_detection_node-24] [INFO] [1789539296.388412022] [door_detection_node]: HSV handle observed: color=blue, pixel=(52,122), conf=0.19, door_bbox=(46,22,97,211)
[state_machine_node-28] [INFO] [1789539296.405185295] [state_machine_node]: 문 접근 목표 보정: door_blue_b177f7 handle_axis=(11.97, -1.75) goal_axis=(11.97, -0.80) wall_axis=(11.97, -1.90) yaw=-90deg
[state_machine_node-28] [WARN] [1789539296.408900343] [state_machine_node]: Exit candidate door_green_1309db accepted despite a backward localization progress estimate: robot=9.5m, opened_floor=9.4m, exit=18.8m.
[state_machine_node-28] [INFO] [1789539296.409703990] [state_machine_node]: 문 접근 목표 보정: door_blue_b177f7 handle_axis=(11.97, -1.75) goal_axis=(11.97, -0.80) wall_axis=(11.97, -1.90) yaw=-90deg
[door_detection_node-24] [INFO] [1789539297.413178725] [door_detection_node]: HSV handle observed: color=blue, pixel=(75,122), conf=0.20, door_bbox=(73,22,119,214)
[state_machine_node-28] [INFO] [1789539297.430734973] [state_machine_node]: 문 접근 목표 보정: door_blue_6eb364 handle_axis=(11.93, -1.78) goal_axis=(11.93, -0.80) wall_axis=(11.93, -1.90) yaw=-90deg
[state_machine_node-28] [INFO] [1789539297.436277308] [state_machine_node]: 문 접근 목표 보정: door_blue_6eb364 handle_axis=(11.93, -1.78) goal_axis=(11.93, -0.80) wall_axis=(11.93, -1.90) yaw=-90deg
[controller_server-12] [INFO] [1789539297.520405711] [controller_server]: Passing new path to controller.
[door_detection_node-24] [INFO] [1789539298.639087180] [door_detection_node]: HSV handle observed: color=blue, pixel=(98,122), conf=0.18, door_bbox=(92,20,142,217)
[state_machine_node-28] [INFO] [1789539298.649262249] [state_machine_node]: 문 접근 목표 보정: door_blue_6eb364 handle_axis=(11.92, -1.79) goal_axis=(11.92, -0.80) wall_axis=(11.92, -1.90) yaw=-90deg
[state_machine_node-28] [INFO] [1789539298.651251923] [state_machine_node]: 문 접근 목표 보정: door_blue_6eb364 handle_axis=(11.92, -1.79) goal_axis=(11.92, -0.80) wall_axis=(11.92, -1.90) yaw=-90deg
[controller_server-12] [INFO] [1789539298.770396805] [controller_server]: Passing new path to controller.
[door_detection_node-24] [INFO] [1789539299.694150331] [door_detection_node]: HSV handle observed: color=blue, pixel=(126,122), conf=0.19, door_bbox=(122,16,171,221)
[state_machine_node-28] [INFO] [1789539299.705141062] [state_machine_node]: 문 접근 목표 보정: door_blue_6eb364 handle_axis=(11.89, -1.80) goal_axis=(11.89, -0.80) wall_axis=(11.89, -1.90) yaw=-90deg
[state_machine_node-28] [INFO] [1789539299.708615925] [state_machine_node]: 문 접근 목표 보정: door_blue_6eb364 handle_axis=(11.89, -1.80) goal_axis=(11.89, -0.80) wall_axis=(11.89, -1.90) yaw=-90deg
[controller_server-12] [INFO] [1789539300.145387404] [controller_server]: Passing new path to controller.
[door_detection_node-24] [INFO] [1789539300.745184380] [door_detection_node]: HSV handle observed: color=blue, pixel=(147,123), conf=0.17, door_bbox=(141,11,195,232)
[state_machine_node-28] [INFO] [1789539300.755268974] [state_machine_node]: 문 접근 목표 보정: door_blue_723b5f handle_axis=(11.87, -1.80) goal_axis=(11.87, -0.80) wall_axis=(11.87, -1.90) yaw=-90deg
[state_machine_node-28] [WARN] [1789539300.758181884] [state_machine_node]: Exit candidate door_green_1309db accepted despite a backward localization progress estimate: robot=9.8m, opened_floor=9.4m, exit=18.8m.
[state_machine_node-28] [INFO] [1789539300.759058339] [state_machine_node]: 문 접근 목표 보정: door_blue_723b5f handle_axis=(11.87, -1.80) goal_axis=(11.87, -0.80) wall_axis=(11.87, -1.90) yaw=-90deg
[controller_server-12] [INFO] [1789539301.395417504] [controller_server]: Passing new path to controller.
[door_detection_node-24] [INFO] [1789539301.858392661] [door_detection_node]: HSV handle observed: color=blue, pixel=(168,122), conf=0.18, door_bbox=(165,0,219,240)
[state_machine_node-28] [INFO] [1789539301.866723447] [state_machine_node]: 문 접근 목표 보정: door_blue_723b5f handle_axis=(11.85, -1.84) goal_axis=(11.85, -0.80) wall_axis=(11.85, -1.90) yaw=-90deg
[state_machine_node-28] [INFO] [1789539301.870620716] [state_machine_node]: 문 접근 목표 보정: door_blue_723b5f handle_axis=(11.85, -1.84) goal_axis=(11.85, -0.80) wall_axis=(11.85, -1.90) yaw=-90deg
[controller_server-12] [INFO] [1789539302.645369823] [controller_server]: Passing new path to controller.
[door_detection_node-24] [INFO] [1789539303.086696687] [door_detection_node]: HSV handle observed: color=blue, pixel=(188,123), conf=0.18, door_bbox=(186,0,248,240)
[state_machine_node-28] [INFO] [1789539303.097243457] [state_machine_node]: 문 접근 목표 보정: door_blue_723b5f handle_axis=(11.88, -1.89) goal_axis=(11.88, -0.80) wall_axis=(11.88, -1.90) yaw=-90deg
[state_machine_node-28] [INFO] [1789539303.099718629] [state_machine_node]: 문 접근 목표 보정: door_blue_723b5f handle_axis=(11.88, -1.89) goal_axis=(11.88, -0.80) wall_axis=(11.88, -1.90) yaw=-90deg
[controller_server-12] [INFO] [1789539303.770406407] [controller_server]: Passing new path to controller.
[door_detection_node-24] [INFO] [1789539304.066620365] [door_detection_node]: YOLO handle observed (primary): pixel=(206,124), conf=0.58, bbox=(188, 113, 224, 136)
[door_detection_node-24] [INFO] [1789539304.072752243] [door_detection_node]: Handle camera-ray projection: pixel=(206,124), range=2.469m, z=0.748m
[state_machine_node-28] [INFO] [1789539304.085541662] [state_machine_node]: 문 접근 목표 보정: door_blue_723b5f handle_axis=(12.28, -1.85) goal_axis=(12.28, -0.80) wall_axis=(12.28, -1.90) yaw=-90deg
[state_machine_node-28] [WARN] [1789539304.088843176] [state_machine_node]: Exit candidate door_green_1309db accepted despite a backward localization progress estimate: robot=10.2m, opened_floor=9.4m, exit=18.8m.
[state_machine_node-28] [INFO] [1789539304.090295637] [state_machine_node]: 문 접근 목표 보정: door_blue_723b5f handle_axis=(12.28, -1.85) goal_axis=(12.28, -0.80) wall_axis=(12.28, -1.90) yaw=-90deg
[state_machine_node-28] [WARN] [1789539304.091806623] [state_machine_node]: Locked blue target refined from newer observation: observed_blue_11p9_m1p8 -> observed_blue_11p9_m1p8, goal shift=0.38m, identity=(8.90,-1.90) -> (8.84,-1.88)
[navigation_node-25] [INFO] [1789539304.093624392] [navigation_node]: Navigation goal received: door observed_blue_11p9_m1p8 (color=blue, frame=map, x=9.28, y=-0.80)
[navigation_node-25] [WARN] [1789539304.094540520] [navigation_node]: Already navigating. Preempting current goal without an explicit stop before retargeting to: observed_blue_11p9_m1p8
[navigation_node-25] [INFO] [1789539304.829155793] [navigation_node]: Navigation goal accepted by Nav2
[bt_navigator-16] [INFO] [1789539304.918570828] [bt_navigator]: Received goal preemption request
[bt_navigator-16] [INFO] [1789539304.919496139] [bt_navigator]: Begin navigating from current location (7.29, -0.63) to (9.28, -0.80)
[controller_server-12] [INFO] [1789539305.023443824] [controller_server]: Passing new path to controller.
[door_detection_node-24] [INFO] [1789539305.046828568] [door_detection_node]: HSV handle observed: color=blue, pixel=(277,121), conf=0.17, door_bbox=(249,63,279,174)
[door_detection_node-24] [INFO] [1789539305.199395535] [door_detection_node]: YOLO handle observed (primary): pixel=(218,125), conf=0.60, bbox=(200, 113, 237, 137)
[door_detection_node-24] [INFO] [1789539305.202261864] [door_detection_node]: Handle camera-ray projection: pixel=(218,125), range=2.431m, z=0.739m
[state_machine_node-28] [INFO] [1789539305.211393102] [state_machine_node]: 문 접근 목표 보정: door_blue_8815a2 handle_axis=(12.35, -1.90) goal_axis=(12.35, -0.80) wall_axis=(12.35, -1.90) yaw=-90deg
[state_machine_node-28] [INFO] [1789539305.214700361] [state_machine_node]: 문 접근 목표 보정: door_blue_8815a2 handle_axis=(12.35, -1.90) goal_axis=(12.35, -0.80) wall_axis=(12.35, -1.90) yaw=-90deg
[state_machine_node-28] [INFO] [1789539306.166904731] [state_machine_node]: 문 접근 목표 보정: door_blue_8e8544 handle_axis=(12.21, -1.86) goal_axis=(12.21, -0.80) wall_axis=(12.21, -1.90) yaw=-90deg
[state_machine_node-28] [INFO] [1789539306.172334891] [state_machine_node]: 문 접근 목표 보정: door_blue_8e8544 handle_axis=(12.21, -1.86) goal_axis=(12.21, -0.80) wall_axis=(12.21, -1.90) yaw=-90deg
[controller_server-12] [INFO] [1789539306.397927821] [controller_server]: Passing new path to controller.
[door_detection_node-24] [INFO] [1789539306.503233619] [door_detection_node]: HSV handle observed: color=blue, pixel=(282,122), conf=0.16, door_bbox=(253,62,285,175)
[door_detection_node-24] [INFO] [1789539307.156992735] [door_detection_node]: YOLO handle observed (primary): pixel=(253,123), conf=0.51, bbox=(232, 108, 274, 138)
[door_detection_node-24] [INFO] [1789539307.160718530] [door_detection_node]: Handle camera-ray projection: pixel=(253,123), range=2.055m, z=0.765m
[state_machine_node-28] [INFO] [1789539307.172457094] [state_machine_node]: 문 접근 목표 보정: door_blue_8e8544 handle_axis=(12.21, -1.87) goal_axis=(12.21, -0.80) wall_axis=(12.21, -1.90) yaw=-90deg
[state_machine_node-28] [WARN] [1789539307.175284862] [state_machine_node]: Exit candidate door_green_1309db accepted despite a backward localization progress estimate: robot=10.5m, opened_floor=9.4m, exit=18.8m.
[state_machine_node-28] [INFO] [1789539307.176866251] [state_machine_node]: 문 접근 목표 보정: door_blue_8e8544 handle_axis=(12.21, -1.87) goal_axis=(12.21, -0.80) wall_axis=(12.21, -1.90) yaw=-90deg
[controller_server-12] [INFO] [1789539307.645587101] [controller_server]: Passing new path to controller.
[door_detection_node-24] [INFO] [1789539308.205585060] [door_detection_node]: HSV handle observed: color=blue, pixel=(307,122), conf=0.18, door_bbox=(276,57,311,181)
[controller_server-12] [INFO] [1789539309.020473031] [controller_server]: Passing new path to controller.
[state_machine_node-28] [INFO] [1789539309.506016115] [state_machine_node]: Blue candidate door_blue_cd4474_2 rejected: handle lateral 3.44m is outside wall band 2.20+0.35m.
[state_machine_node-28] [INFO] [1789539309.508931078] [state_machine_node]: Blue candidate door_blue_cd4474_2 recorded with door-body progress and observed wall side because its direct projection was center-biased or crossed the corridor.
[door_detection_node-24] [INFO] [1789539309.877396583] [door_detection_node]: HSV handle observed: color=blue, pixel=(311,122), conf=0.19, door_bbox=(278,55,314,180)
[state_machine_node-28] [INFO] [1789539310.164074898] [state_machine_node]: 문 접근 목표 보정: door_blue_93cc9e handle_axis=(11.81, -1.92) goal_axis=(11.81, -0.82) wall_axis=(11.81, -1.92) yaw=-90deg
[state_machine_node-28] [INFO] [1789539310.166779083] [state_machine_node]: 문 접근 목표 보정: door_blue_93cc9e handle_axis=(11.81, -1.92) goal_axis=(11.81, -0.82) wall_axis=(11.81, -1.92) yaw=-90deg
[state_machine_node-28] [WARN] [1789539310.167902354] [state_machine_node]: Locked blue target refined from newer observation: observed_blue_11p9_m1p8 -> observed_blue_11p9_m1p8, goal shift=0.47m, identity=(8.84,-1.88) -> (8.81,-1.92)
[navigation_node-25] [INFO] [1789539310.169717478] [navigation_node]: Navigation goal received: door observed_blue_11p9_m1p8 (color=blue, frame=map, x=8.81, y=-0.82)
[navigation_node-25] [WARN] [1789539310.170886880] [navigation_node]: Already navigating. Preempting current goal without an explicit stop before retargeting to: observed_blue_11p9_m1p8
[controller_server-12] [INFO] [1789539310.270394341] [controller_server]: Passing new path to controller.
[navigation_node-25] [INFO] [1789539310.857540902] [navigation_node]: Navigation goal accepted by Nav2
[bt_navigator-16] [INFO] [1789539310.918420266] [bt_navigator]: Received goal preemption request
[bt_navigator-16] [INFO] [1789539310.918729012] [bt_navigator]: Begin navigating from current location (8.00, -0.79) to (8.81, -0.82)
[controller_server-12] [INFO] [1789539311.520364889] [controller_server]: Passing new path to controller.
[door_detection_node-24] [INFO] [1789539311.834567577] [door_detection_node]: HSV handle observed: color=blue, pixel=(3,126), conf=0.13, door_bbox=(0,0,130,240)
[state_machine_node-28] [INFO] [1789539311.851979264] [state_machine_node]: 문 접근 목표 보정: door_blue_93cc9e handle_axis=(12.22, -2.36) goal_axis=(12.22, -0.95) wall_axis=(12.22, -2.20) yaw=-90deg
[state_machine_node-28] [INFO] [1789539311.855200959] [state_machine_node]: 문 접근 목표 보정: door_blue_93cc9e handle_axis=(12.22, -2.36) goal_axis=(12.22, -0.95) wall_axis=(12.22, -2.20) yaw=-90deg
[state_machine_node-28] [INFO] [1789539311.858652997] [state_machine_node]: Live blue confirmation (1.6, 3.6) rejected: same-wall blue observation is inside the opened-door remnant window (opened_progress=3.3m, gap=1.2m, window=2.4m).
[controller_server-12] [INFO] [1789539312.645491940] [controller_server]: Passing new path to controller.
[door_detection_node-24] [INFO] [1789539313.324145223] [door_detection_node]: YOLO handle observed (primary): pixel=(32,128), conf=0.33, bbox=(0, 91, 65, 164)
[door_detection_node-24] [INFO] [1789539313.328716880] [door_detection_node]: Handle camera-ray projection: pixel=(32,128), range=1.638m, z=0.740m
[state_machine_node-28] [INFO] [1789539313.339022964] [state_machine_node]: 문 접근 목표 보정: door_blue_91b193 handle_axis=(12.43, -1.97) goal_axis=(12.43, -0.87) wall_axis=(12.43, -1.97) yaw=-90deg
[state_machine_node-28] [INFO] [1789539313.341499173] [state_machine_node]: 문 접근 목표 보정: door_blue_91b193 handle_axis=(12.43, -1.97) goal_axis=(12.43, -0.87) wall_axis=(12.43, -1.97) yaw=-90deg
[state_machine_node-28] [WARN] [1789539313.342992380] [state_machine_node]: Locked blue target refined from newer observation: observed_blue_11p9_m1p8 -> observed_blue_11p9_m1p8, goal shift=0.62m, identity=(8.81,-1.92) -> (9.28,-2.48)
[navigation_node-25] [INFO] [1789539313.344999886] [navigation_node]: Navigation goal received: door observed_blue_11p9_m1p8 (color=blue, frame=map, x=9.43, y=-0.87)
[navigation_node-25] [WARN] [1789539313.345916379] [navigation_node]: Already navigating. Preempting current goal without an explicit stop before retargeting to: observed_blue_11p9_m1p8
[controller_server-12] [INFO] [1789539314.020427426] [controller_server]: Passing new path to controller.
[navigation_node-25] [INFO] [1789539314.086091570] [navigation_node]: Navigation goal accepted by Nav2
[bt_navigator-16] [INFO] [1789539314.122186033] [bt_navigator]: Received goal preemption request
[bt_navigator-16] [INFO] [1789539314.123408043] [bt_navigator]: Begin navigating from current location (8.39, -0.83) to (9.43, -0.87)
[door_detection_node-24] [INFO] [1789539314.799380416] [door_detection_node]: YOLO handle observed (primary): pixel=(58,131), conf=0.74, bbox=(16, 113, 100, 149)
[door_detection_node-24] [INFO] [1789539314.804003260] [door_detection_node]: Handle camera-ray projection: pixel=(58,131), range=1.581m, z=0.721m
[state_machine_node-28] [INFO] [1789539314.816346422] [state_machine_node]: 문 접근 목표 보정: door_blue_91b193 handle_axis=(12.49, -2.00) goal_axis=(12.49, -0.90) wall_axis=(12.49, -2.00) yaw=-90deg
[state_machine_node-28] [INFO] [1789539314.818415712] [state_machine_node]: 문 접근 목표 보정: door_blue_91b193 handle_axis=(12.49, -2.00) goal_axis=(12.49, -0.90) wall_axis=(12.49, -2.00) yaw=-90deg
[controller_server-12] [INFO] [1789539315.270411719] [controller_server]: Passing new path to controller.
[controller_server-12] [INFO] [1789539316.521220898] [controller_server]: Passing new path to controller.
[controller_server-12] [INFO] [1789539317.770452546] [controller_server]: Passing new path to controller.
[door_detection_node-24] [INFO] [1789539317.813608011] [door_detection_node]: HSV handle observed: color=blue, pixel=(303,122), conf=0.20, door_bbox=(259,44,309,188)
[controller_server-12] [INFO] [1789539319.020566424] [controller_server]: Passing new path to controller.
[door_detection_node-24] [INFO] [1789539319.469743270] [door_detection_node]: HSV handle observed: color=blue, pixel=(292,122), conf=0.22, door_bbox=(249,43,297,191)
[state_machine_node-28] [INFO] [1789539319.714528975] [state_machine_node]: Blue candidate door_blue_3b498c rejected: handle lateral 2.79m is outside wall band 2.20+0.35m.
[state_machine_node-28] [INFO] [1789539319.716995016] [state_machine_node]: Blue candidate door_blue_3b498c kept in wall observation memory using its door pose; handle projection is outside the wall band.
[bt_navigator-16] [WARN] [1789539320.140316122] [bt_navigator_navigate_to_pose_rclcpp_node]: Timed out while waiting for action server to acknowledge goal request for compute_path_to_pose
[bt_navigator-16] [WARN] [1789539320.160668791] [bt_navigator_navigate_to_pose_rclcpp_node]: Node timed out while executing service call to global_costmap/clear_entirely_global_costmap.
[planner_server-14] [INFO] [1789539320.168524552] [global_costmap.global_costmap]: Received request to clear entirely the global_costmap
[bt_navigator-16] [ERROR] [1789539320.181401891] [bt_navigator_navigate_to_pose_rclcpp_node]: Failed to get result for follow_path in node halt!
[controller_server-12] [INFO] [1789539320.181729933] [local_costmap.local_costmap]: Received request to clear entirely the local_costmap
[planner_server-14] [INFO] [1789539320.182898395] [global_costmap.global_costmap]: Received request to clear entirely the global_costmap
[state_machine_node-28] [INFO] [1789539320.261640651] [state_machine_node]: Nav2 door goal position is near, but yaw is not ready yet: observed_blue_11p9_m1p8, dist=0.35m/0.38m, lateral=-0.09m/0.24m, yaw_error=88deg.
[controller_server-12] [INFO] [1789539320.270477718] [controller_server]: Goal was canceled. Stopping the robot.
[controller_server-12] [INFO] [1789539320.270611208] [controller_server]: [follow_path] [ActionServer] Client requested to cancel the goal. Cancelling.
[door_detection_node-24] [INFO] [1789539321.098451511] [door_detection_node]: HSV handle observed: color=blue, pixel=(286,122), conf=0.21, door_bbox=(240,42,290,192)
[controller_server-12] [INFO] [1789539321.119172676] [controller_server]: Received a goal, begin computing control effort.
[state_machine_node-28] [INFO] [1789539321.266760055] [state_machine_node]: Nav2 door goal position is near, but yaw is not ready yet: observed_blue_11p9_m1p8, dist=0.32m/0.38m, lateral=-0.09m/0.24m, yaw_error=88deg.
[state_machine_node-28] [INFO] [1789539322.290810153] [state_machine_node]: Nav2 goal is close enough for fine door alignment: observed_blue_11p9_m1p8, dist=0.26m/0.38m, lateral=-0.09m/0.24m, yaw_error=88deg.
[state_machine_node-28] [INFO] [1789539322.291608470] [state_machine_node]: Nav2 goal cancellation requested before door fine alignment.
[navigation_node-25] [INFO] [1789539322.292500940] [navigation_node]: Navigation cancellation requested for manual control handoff.
[state_machine_node-28] [INFO] [1789539322.293160992] [state_machine_node]: Fine door approach started: observed_blue_11p9_m1p8, dist=0.26m, lateral=-0.09m, forward=0.24m, yaw_error=88deg
[state_machine_node-28] [INFO] [1789539322.294076202] [state_machine_node]: Fine door parking translation: observed_blue_11p9_m1p8, dist=0.26m/0.17m, heading_error=20deg, cmd=(0.07, -0.14)
[bt_navigator-16] [ERROR] [1789539322.340615316] [bt_navigator_navigate_to_pose_rclcpp_node]: Failed to get result for follow_path in node halt!
[bt_navigator-16] [INFO] [1789539322.340845896] [bt_navigator]: [navigate_to_pose] [ActionServer] Client requested to cancel the goal. Cancelling.
[bt_navigator-16] [INFO] [1789539322.340991656] [bt_navigator]: Goal canceled
[controller_server-12] [INFO] [1789539322.369730413] [controller_server]: Goal was canceled. Stopping the robot.
[controller_server-12] [INFO] [1789539322.369860815] [controller_server]: [follow_path] [ActionServer] Client requested to cancel the goal. Cancelling.
[door_detection_node-24] [INFO] [1789539322.536661119] [door_detection_node]: HSV handle observed: color=blue, pixel=(282,122), conf=0.22, door_bbox=(237,40,289,192)
[state_machine_node-28] [INFO] [1789539322.548042607] [state_machine_node]: 문 접근 목표 보정: door_blue_09c6b1 handle_axis=(14.41, 1.29) goal_axis=(14.41, 0.80) wall_axis=(14.41, 1.90) yaw=90deg
[state_machine_node-28] [INFO] [1789539323.286354174] [state_machine_node]: Fine door parking translation: observed_blue_11p9_m1p8, dist=0.22m/0.17m, heading_error=22deg, cmd=(0.07, -0.14)
[door_detection_node-24] [INFO] [1789539324.144181559] [door_detection_node]: HSV handle observed: color=blue, pixel=(250,122), conf=0.20, door_bbox=(207,44,256,191)
[state_machine_node-28] [INFO] [1789539324.255846963] [state_machine_node]: 문 접근 목표 보정: door_blue_e1de2d handle_axis=(14.49, 1.42) goal_axis=(14.49, 0.80) wall_axis=(14.49, 1.90) yaw=90deg
[state_machine_node-28] [INFO] [1789539324.293916487] [state_machine_node]: Fine door parking translation: observed_blue_11p9_m1p8, dist=0.19m/0.17m, heading_error=24deg, cmd=(0.07, -0.14)
[state_machine_node-28] [INFO] [1789539324.999336310] [state_machine_node]: Blue candidate door_blue_3b498c rejected: handle lateral 2.74m is outside wall band 2.20+0.35m.
[state_machine_node-28] [INFO] [1789539325.002682104] [state_machine_node]: Blue candidate door_blue_3b498c recorded with door-body progress and observed wall side because its direct projection was center-biased or crossed the corridor.
[state_machine_node-28] [INFO] [1789539325.008389344] [state_machine_node]: 문 접근 목표 보정: door_blue_0bc403 handle_axis=(11.83, -2.74) goal_axis=(11.83, -0.95) wall_axis=(11.83, -2.20) yaw=-90deg
[state_machine_node-28] [INFO] [1789539325.334930825] [state_machine_node]: Fine door final yaw alignment: observed_blue_11p9_m1p8, dist=0.16m/0.17m, yaw_error=78deg, cmd=(0.00, -0.25)
[door_detection_node-24] [INFO] [1789539325.559608785] [door_detection_node]: HSV handle observed: color=blue, pixel=(226,122), conf=0.20, door_bbox=(185,45,232,192)
[state_machine_node-28] [INFO] [1789539325.573221727] [state_machine_node]: 문 접근 목표 보정: door_blue_e1de2d handle_axis=(14.50, 1.46) goal_axis=(14.50, 0.80) wall_axis=(14.50, 1.90) yaw=90deg
[state_machine_node-28] [INFO] [1789539326.181861031] [state_machine_node]: 보조 비상구 관측 저장: door_green_230faf (17.9, 0.1)
[state_machine_node-28] [INFO] [1789539326.365300169] [state_machine_node]: Fine door final yaw alignment: observed_blue_11p9_m1p8, dist=0.17m/0.17m, yaw_error=73deg, cmd=(0.00, -0.25)
[state_machine_node-28] [INFO] [1789539326.592525351] [state_machine_node]: 문 접근 목표 보정: door_blue_0bc403 handle_axis=(11.72, -2.70) goal_axis=(11.72, -0.95) wall_axis=(11.72, -2.20) yaw=-90deg
[door_detection_node-24] [INFO] [1789539327.085228535] [door_detection_node]: HSV handle observed: color=blue, pixel=(194,122), conf=0.16, door_bbox=(154,46,201,191)
[state_machine_node-28] [INFO] [1789539327.195920307] [state_machine_node]: 문 접근 목표 보정: door_blue_e1de2d handle_axis=(14.52, 1.52) goal_axis=(14.52, 0.80) wall_axis=(14.52, 1.90) yaw=90deg
[state_machine_node-28] [INFO] [1789539327.440651771] [state_machine_node]: Fine door final yaw alignment: observed_blue_11p9_m1p8, dist=0.17m/0.17m, yaw_error=67deg, cmd=(0.00, -0.25)
[state_machine_node-28] [INFO] [1789539328.410353688] [state_machine_node]: Fine door final yaw alignment: observed_blue_11p9_m1p8, dist=0.18m/0.17m, yaw_error=62deg, cmd=(0.00, -0.25)
[door_detection_node-24] [INFO] [1789539328.646402692] [door_detection_node]: HSV handle observed: color=blue, pixel=(158,122), conf=0.18, door_bbox=(116,43,163,193)
[state_machine_node-28] [INFO] [1789539328.656766937] [state_machine_node]: 문 접근 목표 보정: door_blue_0e61b8 handle_axis=(14.42, 1.48) goal_axis=(14.42, 0.80) wall_axis=(14.42, 1.90) yaw=90deg
[state_machine_node-28] [INFO] [1789539329.466538505] [state_machine_node]: Fine door final yaw alignment: observed_blue_11p9_m1p8, dist=0.18m/0.17m, yaw_error=57deg, cmd=(0.00, -0.25)
[door_detection_node-24] [INFO] [1789539329.683146998] [door_detection_node]: HSV handle observed: color=blue, pixel=(128,129), conf=0.82, door_bbox=(87,0,316,240)
[door_detection_node-24] [INFO] [1789539329.689532813] [door_detection_node]: Handle camera-ray projection: pixel=(128,129), range=1.088m, z=0.748m
[state_machine_node-28] [INFO] [1789539329.695793431] [state_machine_node]: Blue candidate door_blue_3b498c recorded at camera-ray intersection with the observed corridor wall.
[state_machine_node-28] [INFO] [1789539329.697399637] [state_machine_node]: 문 접근 목표 보정: door_blue_56aa5e handle_axis=(12.22, -1.90) goal_axis=(12.22, -0.80) wall_axis=(12.22, -1.90) yaw=-90deg
[state_machine_node-28] [INFO] [1789539329.701319026] [state_machine_node]: 문 접근 목표 보정: door_blue_56aa5e handle_axis=(12.22, -1.90) goal_axis=(12.22, -0.80) wall_axis=(12.22, -1.90) yaw=-90deg
[state_machine_node-28] [INFO] [1789539329.706555137] [state_machine_node]: 문 접근 목표 보정: door_blue_56aa5e handle_axis=(12.22, -1.90) goal_axis=(12.22, -0.80) wall_axis=(12.22, -1.90) yaw=-90deg
[state_machine_node-28] [INFO] [1789539330.111815849] [state_machine_node]: 문 접근 목표 보정: door_blue_0e61b8 handle_axis=(14.33, 1.40) goal_axis=(14.33, 0.80) wall_axis=(14.33, 1.90) yaw=90deg
[state_machine_node-28] [INFO] [1789539330.553677087] [state_machine_node]: Fine door final yaw alignment: observed_blue_11p9_m1p8, dist=0.18m/0.17m, yaw_error=53deg, cmd=(0.00, -0.25)
[door_detection_node-24] [INFO] [1789539331.409533734] [door_detection_node]: HSV handle observed: color=blue, pixel=(82,129), conf=0.91, door_bbox=(40,0,270,240)
[door_detection_node-24] [INFO] [1789539331.411867077] [door_detection_node]: Handle camera-ray projection: pixel=(82,129), range=1.950m, z=0.718m
[state_machine_node-28] [INFO] [1789539331.418276537] [state_machine_node]: Blue candidate door_blue_3b498c rejected: handle lateral 2.76m is outside wall band 2.20+0.35m.
[state_machine_node-28] [INFO] [1789539331.422346444] [state_machine_node]: Blue candidate door_blue_3b498c recorded with door-body progress and observed wall side because its direct projection was center-biased or crossed the corridor.
[state_machine_node-28] [INFO] [1789539331.423576952] [state_machine_node]: 문 접근 목표 보정: door_blue_91b193 handle_axis=(11.69, -2.66) goal_axis=(11.69, -0.95) wall_axis=(11.69, -2.20) yaw=-90deg
[state_machine_node-28] [INFO] [1789539331.539583013] [state_machine_node]: Fine door final yaw alignment: observed_blue_11p9_m1p8, dist=0.18m/0.17m, yaw_error=49deg, cmd=(0.00, -0.25)
[state_machine_node-28] [INFO] [1789539331.800747417] [state_machine_node]: 문 접근 목표 보정: door_blue_017b01 handle_axis=(14.19, 1.35) goal_axis=(14.19, 0.80) wall_axis=(14.19, 1.90) yaw=90deg
[state_machine_node-28] [INFO] [1789539332.526169684] [state_machine_node]: Fine door final yaw alignment: observed_blue_11p9_m1p8, dist=0.18m/0.17m, yaw_error=44deg, cmd=(0.00, -0.25)
[door_detection_node-24] [INFO] [1789539333.405760634] [door_detection_node]: HSV handle observed: color=blue, pixel=(64,122), conf=0.15, door_bbox=(13,32,71,205)
[state_machine_node-28] [INFO] [1789539333.514765147] [state_machine_node]: 문 접근 목표 보정: door_blue_017b01 handle_axis=(14.10, 1.21) goal_axis=(14.10, 0.80) wall_axis=(14.10, 1.90) yaw=90deg
[state_machine_node-28] [INFO] [1789539333.602673465] [state_machine_node]: Fine door final yaw alignment: observed_blue_11p9_m1p8, dist=0.18m/0.17m, yaw_error=40deg, cmd=(0.00, -0.25)
[state_machine_node-28] [INFO] [1789539333.697030187] [state_machine_node]: 문 접근 목표 보정: door_blue_adbe1f handle_axis=(17.63, -1.82) goal_axis=(17.63, -0.80) wall_axis=(17.63, -1.90) yaw=-90deg
[state_machine_node-28] [INFO] [1789539334.562726581] [state_machine_node]: Fine door final yaw alignment: observed_blue_11p9_m1p8, dist=0.18m/0.17m, yaw_error=36deg, cmd=(0.00, -0.25)
[door_detection_node-24] [INFO] [1789539335.045928280] [door_detection_node]: HSV handle observed: color=blue, pixel=(26,122), conf=0.31, door_bbox=(0,32,35,205)
[state_machine_node-28] [INFO] [1789539335.184123860] [state_machine_node]: Direct blue target door_blue_017b01 will use stable wall-memory handle at (11.3, 1.4); progress_gap=0.13m, dist=0.33m, count=14, conf=0.69.
[state_machine_node-28] [INFO] [1789539335.184733326] [state_machine_node]: 문 접근 목표 보정: door_blue_017b01 handle_axis=(14.32, 1.44) goal_axis=(14.32, 0.80) wall_axis=(14.32, 1.90) yaw=90deg
[state_machine_node-28] [INFO] [1789539335.594605347] [state_machine_node]: Fine door final yaw alignment: observed_blue_11p9_m1p8, dist=0.18m/0.17m, yaw_error=31deg, cmd=(0.00, -0.25)
[state_machine_node-28] [INFO] [1789539336.449612229] [state_machine_node]: Blue candidate door_blue_3b498c rejected: handle lateral 2.62m is outside wall band 2.20+0.35m.
[state_machine_node-28] [INFO] [1789539336.452057992] [state_machine_node]: Blue candidate door_blue_3b498c recorded with door-body progress and observed wall side because its direct projection was center-biased or crossed the corridor.
[state_machine_node-28] [INFO] [1789539336.453008502] [state_machine_node]: 문 접근 목표 보정: door_blue_93cc9e handle_axis=(11.58, -2.62) goal_axis=(11.58, -0.95) wall_axis=(11.58, -2.20) yaw=-90deg
[state_machine_node-28] [INFO] [1789539336.652042622] [state_machine_node]: Fine door final yaw alignment: observed_blue_11p9_m1p8, dist=0.18m/0.17m, yaw_error=26deg, cmd=(0.00, -0.25)
[state_machine_node-28] [INFO] [1789539336.732445500] [state_machine_node]: 보조 비상구 관측 저장: door_green_af0537 (17.9, 0.1)
[state_machine_node-28] [INFO] [1789539336.926782588] [state_machine_node]: 문 접근 목표 보정: door_blue_cd4474_3 handle_axis=(12.04, -5.44) goal_axis=(12.04, -0.95) wall_axis=(12.04, -2.20) yaw=-90deg
[state_machine_node-28] [INFO] [1789539337.699744017] [state_machine_node]: Fine door final yaw alignment: observed_blue_11p9_m1p8, dist=0.17m/0.17m, yaw_error=21deg, cmd=(0.00, -0.25)
[state_machine_node-28] [INFO] [1789539337.890608951] [state_machine_node]: 문 접근 목표 보정: door_blue_93cc9e handle_axis=(11.48, -2.57) goal_axis=(11.48, -0.95) wall_axis=(11.48, -2.20) yaw=-90deg
[door_detection_node-24] [INFO] [1789539338.017257304] [door_detection_node]: YOLO handle observed (primary): pixel=(317,172), conf=0.31, bbox=(314, 163, 320, 182)
[door_detection_node-24] [INFO] [1789539338.020042475] [door_detection_node]: Handle camera-ray projection: pixel=(317,172), range=0.983m, z=0.650m
[state_machine_node-28] [INFO] [1789539338.039562243] [state_machine_node]: Blue candidate door_blue_cd4474_3 recorded at camera-ray intersection with the observed corridor wall.
[state_machine_node-28] [INFO] [1789539338.040859933] [state_machine_node]: 문 접근 목표 보정: door_blue_cd4474 handle_axis=(12.11, -1.77) goal_axis=(12.11, -0.80) wall_axis=(12.11, -1.90) yaw=-90deg
[state_machine_node-28] [INFO] [1789539338.044611147] [state_machine_node]: 문 접근 목표 보정: door_blue_cd4474 handle_axis=(12.11, -1.77) goal_axis=(12.11, -0.80) wall_axis=(12.11, -1.90) yaw=-90deg
[state_machine_node-28] [INFO] [1789539338.047095023] [state_machine_node]: Locked blue target refine skipped: door_blue_cd4474 total drift progress=0.06m, xy=3.48m > 1.05m from locked anchor
[state_machine_node-28] [INFO] [1789539338.723096087] [state_machine_node]: Fine door final yaw alignment: observed_blue_11p9_m1p8, dist=0.17m/0.17m, yaw_error=16deg, cmd=(0.00, -0.21)
[state_machine_node-28] [INFO] [1789539339.229263582] [state_machine_node]: 문 접근 목표 보정: door_blue_8e8544 handle_axis=(12.01, -2.74) goal_axis=(12.01, -0.95) wall_axis=(12.01, -2.20) yaw=-90deg
[state_machine_node-28] [INFO] [1789539339.513715640] [state_machine_node]: Blue candidate door_blue_3b498c recorded with door-body progress and observed wall side because its direct projection was center-biased or crossed the corridor.
[state_machine_node-28] [INFO] [1789539339.515297980] [state_machine_node]: 문 접근 목표 보정: door_blue_93cc9e handle_axis=(11.38, -2.51) goal_axis=(11.38, -0.95) wall_axis=(11.38, -2.20) yaw=-90deg
[state_machine_node-28] [INFO] [1789539339.521958233] [state_machine_node]: 문 접근 목표 보정: door_blue_93cc9e handle_axis=(11.38, -2.51) goal_axis=(11.38, -0.95) wall_axis=(11.38, -2.20) yaw=-90deg
[state_machine_node-28] [INFO] [1789539339.525318915] [state_machine_node]: 문 접근 목표 보정: door_blue_93cc9e handle_axis=(11.38, -2.51) goal_axis=(11.38, -0.95) wall_axis=(11.38, -2.20) yaw=-90deg
[state_machine_node-28] [INFO] [1789539339.529814811] [state_machine_node]: Live blue confirmation (1.6, 3.6) rejected: same-wall blue observation is inside the opened-door remnant window (opened_progress=3.3m, gap=1.2m, window=2.4m).
[state_machine_node-28] [INFO] [1789539339.779161615] [state_machine_node]: Fine door final yaw alignment: observed_blue_11p9_m1p8, dist=0.16m/0.17m, yaw_error=11deg, cmd=(0.00, -0.15)
[state_machine_node-28] [INFO] [1789539340.281137559] [state_machine_node]: Blue candidate door_blue_3b498c rejected: handle lateral 2.72m is outside wall band 2.20+0.35m.
[state_machine_node-28] [INFO] [1789539340.283409522] [state_machine_node]: 문 접근 목표 보정: door_blue_8e8544 handle_axis=(11.95, -2.72) goal_axis=(11.95, -0.95) wall_axis=(11.95, -2.20) yaw=-90deg
[state_machine_node-28] [INFO] [1789539340.777513847] [state_machine_node]: Fine door approach accepted for manipulation verification: observed_blue_11p9_m1p8, dist=0.16m/0.24m, lateral=0.06m/0.18m, yaw_error=8deg/10deg.
[state_machine_node-28] [INFO] [1789539340.778381558] [state_machine_node]: 문 앞 정렬 완료. 2.8s 정지 후 개방합니다.
[state_machine_node-28] [INFO] [1789539341.314934706] [state_machine_node]: 문 접근 목표 보정: door_blue_93cc9e handle_axis=(11.32, -2.46) goal_axis=(11.32, -0.95) wall_axis=(11.32, -2.20) yaw=-90deg
[state_machine_node-28] [INFO] [1789539341.319856762] [state_machine_node]: 문 접근 목표 보정: door_blue_93cc9e handle_axis=(11.32, -2.46) goal_axis=(11.32, -0.95) wall_axis=(11.32, -2.20) yaw=-90deg
[state_machine_node-28] [INFO] [1789539341.325951513] [state_machine_node]: 문 접근 목표 보정: door_blue_93cc9e handle_axis=(11.32, -2.46) goal_axis=(11.32, -0.95) wall_axis=(11.32, -2.20) yaw=-90deg
[state_machine_node-28] [INFO] [1789539341.473986177] [state_machine_node]: 문 접근 목표 보정: door_blue_8e8544 handle_axis=(11.91, -2.71) goal_axis=(11.91, -0.95) wall_axis=(11.91, -2.20) yaw=-90deg
[state_machine_node-28] [INFO] [1789539342.663232034] [state_machine_node]: Blue candidate door_blue_3b498c recorded with door-body progress and observed wall side because its direct projection was center-biased or crossed the corridor.
[state_machine_node-28] [INFO] [1789539342.665824289] [state_machine_node]: 문 접근 목표 보정: door_blue_8e8544 handle_axis=(11.91, -2.71) goal_axis=(11.91, -0.95) wall_axis=(11.91, -2.20) yaw=-90deg
[state_machine_node-28] [INFO] [1789539342.919252062] [state_machine_node]: 문 접근 목표 보정: door_blue_93cc9e handle_axis=(11.32, -2.46) goal_axis=(11.32, -0.95) wall_axis=(11.32, -2.20) yaw=-90deg
[state_machine_node-28] [INFO] [1789539342.925075706] [state_machine_node]: 문 접근 목표 보정: door_blue_93cc9e handle_axis=(11.32, -2.46) goal_axis=(11.32, -0.95) wall_axis=(11.32, -2.20) yaw=-90deg
[state_machine_node-28] [INFO] [1789539342.928987231] [state_machine_node]: 문 접근 목표 보정: door_blue_93cc9e handle_axis=(11.32, -2.46) goal_axis=(11.32, -0.95) wall_axis=(11.32, -2.20) yaw=-90deg
[state_machine_node-28] [INFO] [1789539342.933168216] [state_machine_node]: Live blue confirmation (1.6, 3.6) rejected: same-wall blue observation is inside the opened-door remnant window (opened_progress=3.3m, gap=1.2m, window=2.4m).
[state_machine_node-28] [INFO] [1789539343.614235299] [state_machine_node]: Blue candidate door_blue_3b498c rejected: handle lateral 2.71m is outside wall band 2.20+0.35m.
[state_machine_node-28] [INFO] [1789539343.623233027] [state_machine_node]: 문 접근 목표 보정: door_blue_8e8544 handle_axis=(11.91, -2.71) goal_axis=(11.91, -0.95) wall_axis=(11.91, -2.20) yaw=-90deg
[state_machine_node-28] [INFO] [1789539344.488205089] [state_machine_node]: 문 접근 목표 보정: door_blue_93cc9e handle_axis=(11.32, -2.46) goal_axis=(11.32, -0.95) wall_axis=(11.32, -2.20) yaw=-90deg
[state_machine_node-28] [INFO] [1789539344.492467559] [state_machine_node]: 문 접근 목표 보정: door_blue_93cc9e handle_axis=(11.32, -2.46) goal_axis=(11.32, -0.95) wall_axis=(11.32, -2.20) yaw=-90deg
[state_machine_node-28] [INFO] [1789539344.497285706] [state_machine_node]: 문 접근 목표 보정: door_blue_93cc9e handle_axis=(11.32, -2.46) goal_axis=(11.32, -0.95) wall_axis=(11.32, -2.20) yaw=-90deg
[state_machine_node-28] [INFO] [1789539344.660360842] [state_machine_node]: 문 접근 목표 보정: door_blue_8e8544 handle_axis=(11.91, -2.71) goal_axis=(11.91, -0.95) wall_axis=(11.91, -2.20) yaw=-90deg
[state_machine_node-28] [INFO] [1789539345.864094954] [state_machine_node]: Blue candidate door_blue_3b498c recorded with door-body progress and observed wall side because its direct projection was center-biased or crossed the corridor.
[state_machine_node-28] [INFO] [1789539345.865342972] [state_machine_node]: 문 접근 목표 보정: door_blue_8e8544 handle_axis=(11.91, -2.71) goal_axis=(11.91, -0.95) wall_axis=(11.91, -2.20) yaw=-90deg
[state_machine_node-28] [INFO] [1789539346.118537327] [state_machine_node]: 문 접근 목표 보정: door_blue_93cc9e handle_axis=(11.32, -2.46) goal_axis=(11.32, -0.95) wall_axis=(11.32, -2.20) yaw=-90deg
[state_machine_node-28] [INFO] [1789539346.123387878] [state_machine_node]: 문 접근 목표 보정: door_blue_93cc9e handle_axis=(11.32, -2.46) goal_axis=(11.32, -0.95) wall_axis=(11.32, -2.20) yaw=-90deg
[state_machine_node-28] [INFO] [1789539346.128121034] [state_machine_node]: 문 접근 목표 보정: door_blue_93cc9e handle_axis=(11.32, -2.46) goal_axis=(11.32, -0.95) wall_axis=(11.32, -2.20) yaw=-90deg
[state_machine_node-28] [INFO] [1789539346.132579234] [state_machine_node]: Live blue confirmation (1.6, 3.6) rejected: same-wall blue observation is inside the opened-door remnant window (opened_progress=3.3m, gap=1.2m, window=2.4m).
[state_machine_node-28] [INFO] [1789539346.773838041] [state_machine_node]: Blue candidate door_blue_3b498c cannot confirm opening: current camera ray is outside the frontal manipulation workspace.
[state_machine_node-28] [INFO] [1789539346.790546093] [state_machine_node]: Observed blue target observed_blue_11p9_m1p8 confirmed by current same-wall live blue evidence before opening (candidate=door_blue_cd4474_3, progress_gap=0.32/0.90, lateral_gap=0.20/0.48, conf=0.96/0.58).
[state_machine_node-28] [INFO] [1789539346.793008301] [state_machine_node]: Observed blue target observed_blue_11p9_m1p8 accepted for opening from recheckable mapped wall memory after close alignment (count=71, conf=1.00, progress_gap=0.21m, lateral_gap=0.07m).
[state_machine_node-28] [INFO] [1789539346.899487301] [state_machine_node]: 잠금 문 visual-servo 수렴 관측 사용: observed_blue_11p9_m1p8, count=22, conf=1.00, age=0.3s
[state_machine_node-28] [INFO] [1789539346.962423107] [state_machine_node]: State: NAVIGATING → OPENING_DOOR
[state_machine_node-28] [INFO] [1789539346.968653854] [state_machine_node]: Blue candidate door_blue_3b498c rejected: handle lateral 2.71m is outside wall band 2.20+0.35m.
[state_machine_node-28] [INFO] [1789539347.677669478] [state_machine_node]: 문 개방 요청 손잡이: id=observed_blue_11p9_m1p8__axis_p12p43_m1p97, method=direct_wall_projection, conf=1.00, frame=map, pos=(9.430,-1.969,0.838)
[manipulation_node-26] [INFO] [1789539347.685913289] [manipulation_node]: Open door request: id=observed_blue_11p9_m1p8__axis_p12p43_m1p97, handle_method=direct_wall_projection, handle_detected=False, handle_conf=1.00
[manipulation_node-26] [INFO] [1789539347.686551137] [manipulation_node]: Manipulation phase: LOCALIZE_HANDLE:observed_blue_11p9_m1p8__axis_p12p43_m1p97
[manipulation_node-26] [INFO] [1789539347.696101980] [manipulation_node]: Transformed handle_position map -> base_link: (1.157, -0.074, 0.740)
[manipulation_node-26] [INFO] [1789539347.699812880] [manipulation_node]: Manipulation phase: PRE_GRASP:observed_blue_11p9_m1p8__axis_p12p43_m1p97
[manipulation_node-26] [INFO] [1789539347.709630174] [manipulation_node]: Step 1/4: Moving to pre-grasp position
[manipulation_node-26] [INFO] [1789539347.710719445] [manipulation_node]:   [SIM] Pre-grasp at (1.037, -0.074, 0.740)
[manipulation_node-26] [INFO] [1789539347.733224423] [manipulation_node]:   [SIM] Arm target stage=pre_grasp: joint1=-0.11, joint2=0.98, joint3=-0.11, joint4=0.00, joint5=0.00, joint6=0.00
[manipulation_node-26] [INFO] [1789539348.798818024] [manipulation_node]: Manipulation phase: GRASP_HANDLE:observed_blue_11p9_m1p8__axis_p12p43_m1p97
[manipulation_node-26] [INFO] [1789539348.807872352] [manipulation_node]: Step 2/4: Grasping handle
[manipulation_node-26] [INFO] [1789539348.815496862] [manipulation_node]:   [SIM] Gripper closing
[manipulation_node-26] [INFO] [1789539348.822905482] [manipulation_node]:   [SIM] Arm target stage=grasp: joint1=-0.11, joint2=0.98, joint3=-0.11, joint4=0.00, joint5=0.00, joint6=0.00
[state_machine_node-28] [INFO] [1789539349.514019165] [state_machine_node]: Blue candidate door_blue_3b498c recorded with door-body progress and observed wall side because its direct projection was center-biased or crossed the corridor.
[manipulation_node-26] [INFO] [1789539349.858983996] [manipulation_node]: Manipulation phase: PRESS_HANDLE:observed_blue_11p9_m1p8__axis_p12p43_m1p97
[manipulation_node-26] [INFO] [1789539349.859726854] [manipulation_node]: Step 3/5: Pressing lever handle
[manipulation_node-26] [INFO] [1789539349.864009285] [manipulation_node]:   [SIM] Pressing lever down 0.070m before push
[manipulation_node-26] [INFO] [1789539349.864504172] [manipulation_node]:   [SIM] Arm target stage=press: joint1=-0.11, joint2=1.05, joint3=-0.11, joint4=0.00, joint5=0.00, joint6=0.00
[door_detection_node-24] [INFO] [1789539350.707488554] [door_detection_node]: HSV handle observed: color=blue, pixel=(200,210), conf=0.54, door_bbox=(177,0,320,240)
[door_detection_node-24] [INFO] [1789539350.713635517] [door_detection_node]: Handle camera-ray projection: pixel=(200,210), range=1.057m, z=0.650m
[state_machine_node-28] [INFO] [1789539350.722961271] [state_machine_node]: Blue candidate door_blue_3b498c recorded at camera-ray intersection with the observed corridor wall.
[manipulation_node-26] [INFO] [1789539350.884063213] [manipulation_node]: Manipulation phase: PUSH_OPEN:observed_blue_11p9_m1p8__axis_p12p43_m1p97
[manipulation_node-26] [INFO] [1789539350.884403442] [manipulation_node]: Step 4/5: Pushing door open
[manipulation_node-26] [INFO] [1789539350.884644260] [manipulation_node]:   [SIM] Holding the pressed handle while the base opens the hinged Gazebo door 2.09rad
[manipulation_node-26] [INFO] [1789539350.884912594] [manipulation_node]:   [SIM] Arm target stage=push: joint1=-0.11, joint2=0.98, joint3=-0.11, joint4=0.00, joint5=0.00, joint6=0.00
[manipulation_node-26] [INFO] [1789539350.914709040] [manipulation_node]:   [SIM] Matched observed door observed_blue_11p9_m1p8__axis_p12p43_m1p97 to /fire_robot/door/blue/x900/yn186/sp/cmd (distance=0.06m, score=0.004, source=map_handle, match=(9.43,-1.97))
[manipulation_node-26] [INFO] [1789539350.915164800] [manipulation_node]:   [SIM] Gazebo door topic=/fire_robot/door/blue/x900/yn186/sp/cmd, target_angle=-2.094
[door_detection_node-24] [INFO] [1789539351.600876187] [door_detection_node]: YOLO handle observed (primary): pixel=(198,224), conf=0.45, bbox=(174, 213, 222, 234)
[state_machine_node-28] [INFO] [1789539352.618815512] [state_machine_node]: Blue candidate door_blue_3b498c recorded with door-body progress and observed wall side because its direct projection was center-biased or crossed the corridor.
[door_detection_node-24] [INFO] [1789539352.728045984] [door_detection_node]: YOLO handle observed (primary): pixel=(196,214), conf=0.33, bbox=(156, 187, 235, 240)
[door_detection_node-24] [INFO] [1789539352.731869879] [door_detection_node]: Handle camera-ray projection: pixel=(196,214), range=1.039m, z=0.650m
[door_detection_node-24] [INFO] [1789539353.945784423] [door_detection_node]: YOLO handle observed (primary): pixel=(265,127), conf=0.73, bbox=(234, 113, 296, 141)
[door_detection_node-24] [INFO] [1789539353.950536007] [door_detection_node]: Handle camera-ray projection: pixel=(265,127), range=1.670m, z=0.743m
[manipulation_node-26] [INFO] [1789539355.760449300] [manipulation_node]:   [SIM] Door model feedback verified: topic=/fire_robot/door/blue/x900/yn186/sp/cmd, model=door_blue2, angle=-2.1000, target=-2.0944
[manipulation_node-26] [INFO] [1789539356.786839538] [manipulation_node]: Manipulation phase: RELEASE_HANDLE:observed_blue_11p9_m1p8__axis_p12p43_m1p97
[manipulation_node-26] [INFO] [1789539356.793665256] [manipulation_node]: Releasing the lever before arm recovery and base backoff
[manipulation_node-26] [INFO] [1789539357.855011192] [manipulation_node]: Manipulation phase: RETURN_HOME:observed_blue_11p9_m1p8__axis_p12p43_m1p97
[manipulation_node-26] [INFO] [1789539357.860766910] [manipulation_node]: Step 5/5: Returning to home position
[manipulation_node-26] [INFO] [1789539357.878726089] [manipulation_node]:   [SIM] Returning to home position
[manipulation_node-26] [INFO] [1789539357.900968634] [manipulation_node]:   [SIM] Arm target stage=home: joint1=0.00, joint2=0.00, joint3=0.00, joint4=0.00, joint5=0.00, joint6=0.00
[manipulation_node-26] [INFO] [1789539363.110121156] [manipulation_node]:   [SIM] Arm home verified by joint feedback: max_error=0.076rad
[manipulation_node-26] [INFO] [1789539363.110595147] [manipulation_node]: Manipulation phase: POST_OPEN_BACKOFF:observed_blue_11p9_m1p8__axis_p12p43_m1p97
[manipulation_node-26] [INFO] [1789539363.110881230] [manipulation_node]: Backing away from opened door with limited micro reverse
[manipulation_node-26] [INFO] [1789539365.391195345] [manipulation_node]: Manipulation phase: COMPLETE:observed_blue_11p9_m1p8__axis_p12p43_m1p97
[state_machine_node-28] [INFO] [1789539365.434118415] [state_machine_node]: 열린 파란 문 재관측 후보 3개 정리. 다음 목표 선택에서 제외합니다.
[state_machine_node-28] [INFO] [1789539365.434829010] [state_machine_node]: 문 개방 성공: observed_blue_11p9_m1p8  누적 개방: 4개
[state_machine_node-28] [INFO] [1789539365.435211845] [state_machine_node]: State: OPENING_DOOR → DOOR_OPENED
[state_machine_node-28] [INFO] [1789539366.301392031] [state_machine_node]: 다음 파란 문 탐색 시작 (개방 완료: 4개)
[state_machine_node-28] [INFO] [1789539366.302171329] [state_machine_node]: State: DOOR_OPENED → EXPLORING
[state_machine_node-28] [INFO] [1789539367.274059449] [state_machine_node]: Post-open side retreat started: lateral=-0.78m, target_abs=0.48m.
[state_machine_node-28] [INFO] [1789539367.275251110] [state_machine_node]: Post-open side retreat: lateral=-0.78m, moved=0.00/1.10m, yaw_error=172deg, cmd=(0.00, 0.50)
[state_machine_node-28] [INFO] [1789539368.286679235] [state_machine_node]: Post-open side retreat: lateral=-0.78m, moved=0.00/1.10m, yaw_error=161deg, cmd=(0.00, 0.50)
[state_machine_node-28] [INFO] [1789539369.250112026] [state_machine_node]: 보조 비상구 관측 저장: door_green_af0537 (17.9, 0.1)
[state_machine_node-28] [WARN] [1789539369.253651023] [state_machine_node]: Exit candidate door_green_af0537 accepted despite a backward localization progress estimate: robot=12.3m, opened_floor=12.4m, exit=20.9m.
[state_machine_node-28] [INFO] [1789539369.367307211] [state_machine_node]: Post-open side retreat: lateral=-0.78m, moved=0.00/1.10m, yaw_error=152deg, cmd=(0.00, 0.50)
[state_machine_node-28] [INFO] [1789539370.378322431] [state_machine_node]: Post-open side retreat: lateral=-0.78m, moved=0.00/1.10m, yaw_error=142deg, cmd=(0.00, 0.50)
[door_detection_node-24] [INFO] [1789539370.745751684] [door_detection_node]: HSV handle observed: color=blue, pixel=(52,122), conf=0.16, door_bbox=(0,30,61,208)
[state_machine_node-28] [INFO] [1789539370.752952600] [state_machine_node]: Blue candidate door_blue_017b01 ignored: center-biased opposite-wall projection near opened blue station 12.4m (candidate 14.1m).
[state_machine_node-28] [INFO] [1789539370.773367888] [state_machine_node]: Blue candidate door_blue_017b01 ignored: physical/opened door station already handled nearby at (11.06, 1.18).
[state_machine_node-28] [INFO] [1789539371.405484380] [state_machine_node]: Post-open side retreat: lateral=-0.78m, moved=0.00/1.10m, yaw_error=134deg, cmd=(0.00, 0.50)
[door_detection_node-24] [INFO] [1789539372.454130640] [door_detection_node]: HSV handle observed: color=blue, pixel=(121,122), conf=0.14, door_bbox=(77,37,127,197)
[state_machine_node-28] [INFO] [1789539373.469799840] [state_machine_node]: Post-open side retreat: lateral=-0.79m, moved=0.00/1.10m, yaw_error=116deg, cmd=(0.00, 0.50)
[door_detection_node-24] [INFO] [1789539374.165320827] [door_detection_node]: HSV handle observed: color=blue, pixel=(190,122), conf=0.16, door_bbox=(148,42,194,193)
[state_machine_node-28] [INFO] [1789539374.535167162] [state_machine_node]: Post-open side retreat: lateral=-0.81m, moved=0.00/1.10m, yaw_error=105deg, cmd=(0.00, 0.50)
[door_detection_node-24] [INFO] [1789539375.863866525] [door_detection_node]: HSV handle observed: color=blue, pixel=(280,122), conf=0.20, door_bbox=(236,42,287,193)
[state_machine_node-28] [INFO] [1789539376.579239643] [state_machine_node]: 보조 비상구 관측 저장: door_green_c63927 (17.9, 0.0)
[state_machine_node-28] [WARN] [1789539376.581755319] [state_machine_node]: Exit candidate door_green_c63927 accepted despite a backward localization progress estimate: robot=12.3m, opened_floor=12.4m, exit=20.9m.
[state_machine_node-28] [INFO] [1789539376.645069355] [state_machine_node]: Post-open side retreat: lateral=-0.86m, moved=0.00/1.10m, yaw_error=81deg, cmd=(0.00, 0.50)
[state_machine_node-28] [INFO] [1789539377.727499553] [state_machine_node]: Post-open side retreat: lateral=-0.88m, moved=0.00/1.10m, yaw_error=70deg, cmd=(0.00, 0.50)
[state_machine_node-28] [INFO] [1789539379.047999085] [state_machine_node]: Post-open side retreat: lateral=-0.89m, moved=0.00/1.10m, yaw_error=60deg, cmd=(0.00, 0.50)
[door_detection_node-24] [INFO] [1789539379.526485248] [door_detection_node]: HSV handle observed: color=blue, pixel=(100,122), conf=0.16, door_bbox=(55,38,106,196)
[state_machine_node-28] [INFO] [1789539380.460285600] [state_machine_node]: Post-open side retreat: lateral=-0.90m, moved=0.00/1.10m, yaw_error=51deg, cmd=(0.00, 0.50)
[state_machine_node-28] [INFO] [1789539381.457293298] [state_machine_node]: 보조 비상구 관측 저장: door_green_73dd4c (17.9, 0.0)
[state_machine_node-28] [WARN] [1789539381.458173791] [state_machine_node]: Exit candidate door_green_73dd4c accepted despite a backward localization progress estimate: robot=12.3m, opened_floor=12.4m, exit=20.9m.
[door_detection_node-24] [INFO] [1789539381.656728515] [door_detection_node]: HSV handle observed: color=blue, pixel=(178,122), conf=0.16, door_bbox=(138,48,182,189)
[state_machine_node-28] [INFO] [1789539381.972897387] [state_machine_node]: Blue candidate door_blue_c33b94 ignored: physical/opened door station already handled nearby at (5.86, 1.73).
[state_machine_node-28] [INFO] [1789539382.496490355] [state_machine_node]: Post-open side retreat: lateral=-0.90m, moved=0.00/1.10m, yaw_error=33deg, cmd=(0.00, 0.50)
[door_detection_node-24] [INFO] [1789539382.901984432] [door_detection_node]: HSV handle observed: color=blue, pixel=(229,122), conf=0.18, door_bbox=(190,46,234,188)
[state_machine_node-28] [INFO] [1789539383.569525757] [state_machine_node]: Post-open side retreat: lateral=-0.90m, moved=0.00/1.10m, yaw_error=23deg, cmd=(0.00, 0.50)
[door_detection_node-24] [INFO] [1789539383.961207837] [door_detection_node]: HSV handle observed: color=blue, pixel=(276,122), conf=0.21, door_bbox=(231,42,281,191)
[state_machine_node-28] [INFO] [1789539384.605066000] [state_machine_node]: Post-open side retreat: lateral=-0.90m, moved=0.00/1.10m, yaw_error=13deg, cmd=(0.00, 0.50)
[state_machine_node-28] [INFO] [1789539385.759844192] [state_machine_node]: Post-open side retreat: lateral=-0.90m, moved=0.00/1.10m, yaw_error=1deg, cmd=(0.18, 0.02)
[door_detection_node-24] [INFO] [1789539386.469100128] [door_detection_node]: HSV handle observed: color=blue, pixel=(62,122), conf=0.17, door_bbox=(12,31,71,206)
[state_machine_node-28] [INFO] [1789539386.867296307] [state_machine_node]: Post-open side retreat: lateral=-0.83m, moved=0.00/1.10m, yaw_error=0deg, cmd=(0.18, 0.00)
[state_machine_node-28] [INFO] [1789539387.873273202] [state_machine_node]: Post-open side retreat: lateral=-0.74m, moved=0.04/1.10m, yaw_error=0deg, cmd=(0.18, 0.00)
[door_detection_node-24] [INFO] [1789539388.171989277] [door_detection_node]: HSV handle observed: color=blue, pixel=(72,122), conf=0.15, door_bbox=(21,28,79,207)
[state_machine_node-28] [INFO] [1789539388.597095778] [state_machine_node]: Blue candidate door_blue_247792 ignored: physical/opened door station already handled nearby at (5.73, 1.88).
[state_machine_node-28] [INFO] [1789539388.931157073] [state_machine_node]: Post-open side retreat: lateral=-0.65m, moved=0.13/1.10m, yaw_error=0deg, cmd=(0.18, 0.00)
[door_detection_node-24] [INFO] [1789539389.932023591] [door_detection_node]: HSV handle observed: color=blue, pixel=(81,122), conf=0.15, door_bbox=(30,26,86,209)
[state_machine_node-28] [INFO] [1789539389.999780015] [state_machine_node]: Post-open side retreat: lateral=-0.56m, moved=0.22/1.10m, yaw_error=0deg, cmd=(0.18, 0.00)
[state_machine_node-28] [INFO] [1789539391.042419890] [state_machine_node]: Post-open side retreat complete: lateral=0.47m <= target=0.48m
[state_machine_node-28] [WARN] [1789539391.067261465] [state_machine_node]: Exit candidate door_green_230faf accepted despite a backward localization progress estimate: robot=12.4m, opened_floor=12.4m, exit=20.9m.
[state_machine_node-28] [INFO] [1789539391.189287900] [state_machine_node]: 문 접근 목표 보정: observed_blue_14p5_1p4 handle_axis=(14.48, 1.40) goal_axis=(14.48, 0.80) wall_axis=(14.48, 1.90) yaw=90deg
[state_machine_node-28] [INFO] [1789539391.192844444] [state_machine_node]: 문 접근 목표 보정: observed_blue_15p6_2p2 handle_axis=(15.56, 2.25) goal_axis=(15.56, 0.95) wall_axis=(15.56, 2.20) yaw=90deg
[state_machine_node-28] [INFO] [1789539391.213002005] [state_machine_node]: 문 접근 목표 보정: observed_blue_14p5_1p4 handle_axis=(14.48, 1.40) goal_axis=(14.48, 0.80) wall_axis=(14.48, 1.90) yaw=90deg
[state_machine_node-28] [INFO] [1789539391.232197134] [state_machine_node]: 문 접근 목표 보정: observed_blue_15p6_2p2 handle_axis=(15.56, 2.25) goal_axis=(15.56, 0.95) wall_axis=(15.56, 2.20) yaw=90deg
[state_machine_node-28] [INFO] [1789539391.238634879] [state_machine_node]: 문 접근 목표 보정: observed_blue_14p5_1p4 handle_axis=(14.48, 1.40) goal_axis=(14.48, 0.80) wall_axis=(14.48, 1.90) yaw=90deg
[state_machine_node-28] [INFO] [1789539391.241114985] [state_machine_node]: 문 접근 목표 보정: observed_blue_15p6_2p2 handle_axis=(15.56, 2.25) goal_axis=(15.56, 0.95) wall_axis=(15.56, 2.20) yaw=90deg
[state_machine_node-28] [WARN] [1789539391.248671420] [state_machine_node]: Blue target observed_blue_14p5_1p4 retained for revisit: stable unopened blue memory must be checked before exit even when it is behind the farthest opened station.
[state_machine_node-28] [INFO] [1789539391.257840456] [state_machine_node]: 문 접근 목표 보정: observed_blue_14p5_1p4 handle_axis=(14.48, 1.40) goal_axis=(14.48, 0.80) wall_axis=(14.48, 1.90) yaw=90deg
[state_machine_node-28] [INFO] [1789539391.259682023] [state_machine_node]: 문 접근 목표 보정: observed_blue_14p5_1p4 handle_axis=(14.48, 1.90) goal_axis=(14.48, 0.80) wall_axis=(14.48, 1.90) yaw=90deg
[state_machine_node-28] [INFO] [1789539391.261461968] [state_machine_node]: LiDAR+camera segment map 사전 스캔 시작: observed_blue_14p5_1p4
[door_detection_node-24] [INFO] [1789539391.663310998] [door_detection_node]: HSV handle observed: color=blue, pixel=(88,122), conf=0.15, door_bbox=(39,25,94,210)
[state_machine_node-28] [INFO] [1789539392.114941098] [state_machine_node]: Blue candidate door_blue_247792 ignored: physical/opened door station already handled nearby at (5.14, 2.28).
[state_machine_node-28] [INFO] [1789539392.275251762] [state_machine_node]: 문 접근 목표 보정: observed_blue_14p5_1p4 handle_axis=(14.48, 1.40) goal_axis=(14.48, 0.80) wall_axis=(14.48, 1.90) yaw=90deg
[state_machine_node-28] [INFO] [1789539392.278410118] [state_machine_node]: 문 접근 목표 보정: observed_blue_15p6_2p2 handle_axis=(15.56, 2.25) goal_axis=(15.56, 0.95) wall_axis=(15.56, 2.20) yaw=90deg
[door_detection_node-24] [INFO] [1789539393.123173175] [door_detection_node]: HSV handle observed: color=blue, pixel=(88,122), conf=0.15, door_bbox=(39,25,94,210)
[state_machine_node-28] [INFO] [1789539393.326133329] [state_machine_node]: 문 접근 목표 보정: observed_blue_14p5_1p4 handle_axis=(14.48, 1.40) goal_axis=(14.48, 0.80) wall_axis=(14.48, 1.90) yaw=90deg
[state_machine_node-28] [INFO] [1789539393.329017322] [state_machine_node]: 문 접근 목표 보정: observed_blue_15p6_2p2 handle_axis=(15.56, 2.25) goal_axis=(15.56, 0.95) wall_axis=(15.56, 2.20) yaw=90deg
[state_machine_node-28] [WARN] [1789539394.276675615] [state_machine_node]: Exit candidate door_green_230faf accepted despite a backward localization progress estimate: robot=12.4m, opened_floor=12.4m, exit=20.9m.
[state_machine_node-28] [INFO] [1789539394.388852784] [state_machine_node]: 문 접근 목표 보정: observed_blue_14p5_1p4 handle_axis=(14.48, 1.40) goal_axis=(14.48, 0.80) wall_axis=(14.48, 1.90) yaw=90deg
[state_machine_node-28] [INFO] [1789539394.390961462] [state_machine_node]: 문 접근 목표 보정: observed_blue_15p6_2p2 handle_axis=(15.56, 2.25) goal_axis=(15.56, 0.95) wall_axis=(15.56, 2.20) yaw=90deg
[state_machine_node-28] [INFO] [1789539394.394345032] [state_machine_node]: 사전 스캔 완료. Nav2가 segment map 기반 경로를 계획합니다: observed_blue_14p5_1p4
[state_machine_node-28] [WARN] [1789539394.397505869] [state_machine_node]: Blue target observed_blue_14p5_1p4 retained for revisit: stable unopened blue memory must be checked before exit even when it is behind the farthest opened station.
[state_machine_node-28] [INFO] [1789539394.465727084] [state_machine_node]: Locked blue target after pre-scan: observed_blue_14p5_1p4 opened=4 retry=0/2
[state_machine_node-28] [INFO] [1789539394.466326763] [state_machine_node]: State: EXPLORING → NAVIGATING
[navigation_node-25] [INFO] [1789539394.468355602] [navigation_node]: Navigation goal received: door observed_blue_14p5_1p4 (color=blue, frame=map, x=11.48, y=0.80)
[door_detection_node-24] [INFO] [1789539394.570360268] [door_detection_node]: HSV handle observed: color=blue, pixel=(88,122), conf=0.15, door_bbox=(39,25,94,210)
[state_machine_node-28] [INFO] [1789539394.583157898] [state_machine_node]: 문 접근 목표 보정: door_blue_092928 handle_axis=(14.80, 1.72) goal_axis=(14.80, 0.80) wall_axis=(14.80, 1.90) yaw=90deg
[state_machine_node-28] [INFO] [1789539394.583873124] [state_machine_node]: 문 접근 목표 보정: door_blue_092928 handle_axis=(14.80, 1.72) goal_axis=(14.80, 0.80) wall_axis=(14.80, 1.90) yaw=90deg
[state_machine_node-28] [WARN] [1789539394.584655771] [state_machine_node]: Locked blue target refined from newer observation: observed_blue_14p5_1p4 -> observed_blue_14p5_1p4, goal shift=0.31m, identity=(11.48,1.90) -> (11.80,1.72)
[bt_navigator-16] [INFO] [1789539395.242148298] [bt_navigator]: Begin navigating from current location (9.36, -0.46) to (11.48, 0.80)
[navigation_node-25] [INFO] [1789539395.242290986] [navigation_node]: Navigation goal received: door observed_blue_14p5_1p4 (color=blue, frame=map, x=11.80, y=0.80)
[navigation_node-25] [WARN] [1789539395.243081669] [navigation_node]: Already navigating. Preempting current goal without an explicit stop before retargeting to: observed_blue_14p5_1p4
[state_machine_node-28] [WARN] [1789539395.357690497] [state_machine_node]: Fine alignment blocked by costmap: occupied, inscribed, unknown or out-of-map approach segment; retaining Nav2/reobservation.
[state_machine_node-28] [INFO] [1789539395.436165384] [state_machine_node]: Blue candidate door_blue_247792 ignored: physical/opened door station already handled nearby at (5.10, 2.31).
[controller_server-12] [INFO] [1789539395.443748504] [controller_server]: Received a goal, begin computing control effort.
[door_detection_node-24] [INFO] [1789539396.027561282] [door_detection_node]: HSV handle observed: color=blue, pixel=(88,122), conf=0.15, door_bbox=(39,25,94,210)
[navigation_node-25] [INFO] [1789539396.033423185] [navigation_node]: Navigation goal accepted by Nav2
[bt_navigator-16] [INFO] [1789539396.042526557] [bt_navigator]: Received goal preemption request
[bt_navigator-16] [INFO] [1789539396.043007823] [bt_navigator]: Begin navigating from current location (9.36, -0.46) to (11.80, 0.80)
[state_machine_node-28] [INFO] [1789539396.045386707] [state_machine_node]: 문 접근 목표 보정: door_blue_092928 handle_axis=(14.82, 1.74) goal_axis=(14.82, 0.80) wall_axis=(14.82, 1.90) yaw=90deg
[state_machine_node-28] [INFO] [1789539396.046455898] [state_machine_node]: 문 접근 목표 보정: door_blue_092928 handle_axis=(14.82, 1.74) goal_axis=(14.82, 0.80) wall_axis=(14.82, 1.90) yaw=90deg
[controller_server-12] [INFO] [1789539396.819682370] [controller_server]: Passing new path to controller.
[door_detection_node-24] [INFO] [1789539397.505329235] [door_detection_node]: HSV handle observed: color=blue, pixel=(48,122), conf=0.17, door_bbox=(0,15,54,222)
[state_machine_node-28] [WARN] [1789539397.541097920] [state_machine_node]: Exit candidate door_green_230faf accepted despite a backward localization progress estimate: robot=12.4m, opened_floor=12.4m, exit=20.9m.
[state_machine_node-28] [INFO] [1789539397.560182105] [state_machine_node]: Direct blue target door_blue_092928 will use stable wall-memory handle at (11.5, 1.4); progress_gap=0.43m, dist=0.53m, count=30, conf=0.78.
[state_machine_node-28] [INFO] [1789539397.560802633] [state_machine_node]: 문 접근 목표 보정: door_blue_092928 handle_axis=(14.48, 1.40) goal_axis=(14.48, 0.80) wall_axis=(14.48, 1.90) yaw=90deg
[state_machine_node-28] [INFO] [1789539397.565827689] [state_machine_node]: Locked blue target refine skipped: door_blue_092928 moved inward 1.90m -> 1.08m from mission axis.
[state_machine_node-28] [WARN] [1789539397.605457404] [state_machine_node]: Fine alignment blocked by costmap: occupied, inscribed, unknown or out-of-map approach segment; retaining Nav2/reobservation.
[controller_server-12] [INFO] [1789539398.095967948] [controller_server]: Passing new path to controller.
[door_detection_node-24] [INFO] [1789539399.006563354] [door_detection_node]: HSV handle observed: color=blue, pixel=(14,122), conf=0.66, door_bbox=(0,22,21,213)
[door_detection_node-24] [INFO] [1789539399.010431141] [door_detection_node]: Handle camera-ray projection: pixel=(14,122), range=3.432m, z=0.764m
[state_machine_node-28] [INFO] [1789539399.021635444] [state_machine_node]: 문 접근 목표 보정: door_blue_092928 handle_axis=(15.16, 1.76) goal_axis=(15.16, 0.80) wall_axis=(15.16, 1.90) yaw=90deg
[state_machine_node-28] [INFO] [1789539399.024360348] [state_machine_node]: 문 접근 목표 보정: door_blue_092928 handle_axis=(15.16, 1.76) goal_axis=(15.16, 0.80) wall_axis=(15.16, 1.90) yaw=90deg
[state_machine_node-28] [WARN] [1789539399.025117542] [state_machine_node]: Locked blue target refined from newer observation: observed_blue_14p5_1p4 -> observed_blue_14p5_1p4, goal shift=0.37m, identity=(11.80,1.72) -> (12.03,1.71)
[navigation_node-25] [INFO] [1789539399.028098142] [navigation_node]: Navigation goal received: door observed_blue_14p5_1p4 (color=blue, frame=map, x=12.16, y=0.80)
[navigation_node-25] [WARN] [1789539399.028989517] [navigation_node]: Already navigating. Preempting current goal without an explicit stop before retargeting to: observed_blue_14p5_1p4
[controller_server-12] [INFO] [1789539399.444677430] [controller_server]: Passing new path to controller.
[state_machine_node-28] [WARN] [1789539399.716123262] [state_machine_node]: Fine alignment blocked by costmap: occupied, inscribed, unknown or out-of-map approach segment; retaining Nav2/reobservation.
[navigation_node-25] [INFO] [1789539399.761884062] [navigation_node]: Navigation goal accepted by Nav2
[bt_navigator-16] [INFO] [1789539399.844412228] [bt_navigator]: Received goal preemption request
[bt_navigator-16] [INFO] [1789539399.844731253] [bt_navigator]: Begin navigating from current location (9.41, -0.11) to (12.16, 0.80)
[state_machine_node-28] [INFO] [1789539399.979664974] [state_machine_node]: Blue candidate door_blue_0e61b8 ignored: physical/opened door station already handled nearby at (5.93, 1.70).
[door_detection_node-24] [INFO] [1789539400.449298928] [door_detection_node]: HSV handle observed: color=blue, pixel=(12,123), conf=0.84, door_bbox=(0,25,17,218)
[door_detection_node-24] [INFO] [1789539400.459021363] [door_detection_node]: Handle camera-ray projection: pixel=(12,123), range=3.310m, z=0.753m
[state_machine_node-28] [INFO] [1789539400.475246899] [state_machine_node]: 문 접근 목표 보정: door_blue_092928 handle_axis=(15.17, 1.77) goal_axis=(15.17, 0.80) wall_axis=(15.17, 1.90) yaw=90deg
[state_machine_node-28] [INFO] [1789539400.479187892] [state_machine_node]: 문 접근 목표 보정: door_blue_092928 handle_axis=(15.17, 1.77) goal_axis=(15.17, 0.80) wall_axis=(15.17, 1.90) yaw=90deg
[controller_server-12] [INFO] [1789539400.694655869] [controller_server]: Passing new path to controller.
[door_detection_node-24] [INFO] [1789539401.914225342] [door_detection_node]: HSV handle observed: color=blue, pixel=(15,122), conf=0.69, door_bbox=(0,14,20,224)
[door_detection_node-24] [INFO] [1789539401.917877378] [door_detection_node]: Handle camera-ray projection: pixel=(15,122), range=3.121m, z=0.766m
[state_machine_node-28] [INFO] [1789539401.931472731] [state_machine_node]: 문 접근 목표 보정: door_blue_092928 handle_axis=(15.12, 1.73) goal_axis=(15.12, 0.80) wall_axis=(15.12, 1.90) yaw=90deg
[state_machine_node-28] [WARN] [1789539401.936098550] [state_machine_node]: Exit candidate door_green_230faf accepted despite a backward localization progress estimate: robot=12.5m, opened_floor=12.4m, exit=20.9m.
[state_machine_node-28] [INFO] [1789539401.936947065] [state_machine_node]: Locked blue target refine skipped: door_blue_092928 moved inward 1.90m -> 1.29m from mission axis.
[controller_server-12] [INFO] [1789539401.944642442] [controller_server]: Passing new path to controller.
[state_machine_node-28] [WARN] [1789539401.946554539] [state_machine_node]: Fine alignment blocked by costmap: occupied, inscribed, unknown or out-of-map approach segment; retaining Nav2/reobservation.
[door_detection_node-24] [INFO] [1789539403.314918905] [door_detection_node]: HSV handle observed: color=blue, pixel=(18,123), conf=0.48, door_bbox=(0,6,27,229)
[door_detection_node-24] [INFO] [1789539403.318987599] [door_detection_node]: Handle camera-ray projection: pixel=(18,123), range=3.042m, z=0.756m
[controller_server-12] [INFO] [1789539403.319675734] [controller_server]: Passing new path to controller.
[state_machine_node-28] [INFO] [1789539403.331975251] [state_machine_node]: 문 접근 목표 보정: door_blue_092928 handle_axis=(15.16, 1.76) goal_axis=(15.16, 0.80) wall_axis=(15.16, 1.90) yaw=90deg
[state_machine_node-28] [WARN] [1789539404.035611240] [state_machine_node]: Fine alignment blocked by costmap: occupied, inscribed, unknown or out-of-map approach segment; retaining Nav2/reobservation.
[controller_server-12] [INFO] [1789539404.572279476] [controller_server]: Passing new path to controller.
[door_detection_node-24] [INFO] [1789539405.039243051] [door_detection_node]: HSV handle observed: color=blue, pixel=(14,123), conf=0.74, door_bbox=(0,5,21,235)
[door_detection_node-24] [INFO] [1789539405.044817619] [door_detection_node]: Handle camera-ray projection: pixel=(14,123), range=2.799m, z=0.759m
[state_machine_node-28] [INFO] [1789539405.057500792] [state_machine_node]: 문 접근 목표 보정: door_blue_092928 handle_axis=(15.07, 1.73) goal_axis=(15.07, 0.80) wall_axis=(15.07, 1.90) yaw=90deg
[state_machine_node-28] [WARN] [1789539405.060347453] [state_machine_node]: Exit candidate door_green_230faf accepted despite a backward localization progress estimate: robot=12.6m, opened_floor=12.4m, exit=20.9m.
[state_machine_node-28] [INFO] [1789539405.061820541] [state_machine_node]: 문 접근 목표 보정: door_blue_092928 handle_axis=(15.07, 1.73) goal_axis=(15.07, 0.80) wall_axis=(15.07, 1.90) yaw=90deg
[controller_server-12] [INFO] [1789539405.944687518] [controller_server]: Passing new path to controller.
[controller_server-12] [INFO] [1789539407.194673309] [controller_server]: Passing new path to controller.
[controller_server-12] [INFO] [1789539408.444658726] [controller_server]: Passing new path to controller.
[controller_server-12] [INFO] [1789539409.694710893] [controller_server]: Passing new path to controller.
[door_detection_node-24] [INFO] [1789539409.789433244] [door_detection_node]: HSV handle observed: color=blue, pixel=(310,123), conf=0.23, door_bbox=(260,0,312,240)
[state_machine_node-28] [INFO] [1789539409.805234114] [state_machine_node]: 문 접근 목표 보정: door_blue_8815a2 handle_axis=(14.99, 1.78) goal_axis=(14.99, 0.80) wall_axis=(14.99, 1.90) yaw=90deg
[state_machine_node-28] [WARN] [1789539409.807918005] [state_machine_node]: Exit candidate door_green_230faf accepted despite a backward localization progress estimate: robot=12.8m, opened_floor=12.4m, exit=20.9m.
[state_machine_node-28] [INFO] [1789539409.808997247] [state_machine_node]: 문 접근 목표 보정: door_blue_8815a2 handle_axis=(14.99, 1.78) goal_axis=(14.99, 0.80) wall_axis=(14.99, 1.90) yaw=90deg
[state_machine_node-28] [INFO] [1789539410.789036174] [state_machine_node]: 문 접근 목표 보정: door_blue_8815a2 handle_axis=(14.85, 1.72) goal_axis=(14.85, 0.80) wall_axis=(14.85, 1.90) yaw=90deg
[state_machine_node-28] [INFO] [1789539410.791893518] [state_machine_node]: 문 접근 목표 보정: door_blue_8815a2 handle_axis=(14.85, 1.72) goal_axis=(14.85, 0.80) wall_axis=(14.85, 1.90) yaw=90deg
[state_machine_node-28] [WARN] [1789539410.792878509] [state_machine_node]: Locked blue target refined from newer observation: observed_blue_14p5_1p4 -> observed_blue_14p5_1p4, goal shift=0.32m, identity=(12.03,1.71) -> (11.85,1.72)
[navigation_node-25] [INFO] [1789539410.794692359] [navigation_node]: Navigation goal received: door observed_blue_14p5_1p4 (color=blue, frame=map, x=11.85, y=0.80)
[navigation_node-25] [WARN] [1789539410.795558656] [navigation_node]: Already navigating. Preempting current goal without an explicit stop before retargeting to: observed_blue_14p5_1p4
[controller_server-12] [INFO] [1789539410.944885794] [controller_server]: Passing new path to controller.
[navigation_node-25] [INFO] [1789539411.559985993] [navigation_node]: Navigation goal accepted by Nav2
[bt_navigator-16] [INFO] [1789539411.642503905] [bt_navigator]: Received goal preemption request
[bt_navigator-16] [INFO] [1789539411.642887692] [bt_navigator]: Begin navigating from current location (9.81, 0.80) to (11.85, 0.80)
[door_detection_node-24] [INFO] [1789539411.925243834] [door_detection_node]: HSV handle observed: color=blue, pixel=(284,124), conf=0.25, door_bbox=(237,0,286,240)
[state_machine_node-28] [INFO] [1789539411.942685981] [state_machine_node]: 문 접근 목표 보정: door_blue_8815a2 handle_axis=(15.00, 1.79) goal_axis=(15.00, 0.80) wall_axis=(15.00, 1.90) yaw=90deg
[state_machine_node-28] [INFO] [1789539411.945728532] [state_machine_node]: 문 접근 목표 보정: door_blue_8815a2 handle_axis=(15.00, 1.79) goal_axis=(15.00, 0.80) wall_axis=(15.00, 1.90) yaw=90deg
[controller_server-12] [INFO] [1789539412.194654916] [controller_server]: Passing new path to controller.
[door_detection_node-24] [INFO] [1789539412.964545845] [door_detection_node]: HSV handle observed: color=blue, pixel=(278,124), conf=0.19, door_bbox=(229,1,283,239)
[state_machine_node-28] [INFO] [1789539412.980981352] [state_machine_node]: 문 접근 목표 보정: door_blue_8815a2 handle_axis=(14.95, 1.78) goal_axis=(14.95, 0.80) wall_axis=(14.95, 1.90) yaw=90deg
[state_machine_node-28] [WARN] [1789539412.982998539] [state_machine_node]: Exit candidate door_green_230faf accepted despite a backward localization progress estimate: robot=12.8m, opened_floor=12.4m, exit=20.9m.
[state_machine_node-28] [INFO] [1789539412.983633795] [state_machine_node]: 문 접근 목표 보정: door_blue_8815a2 handle_axis=(14.95, 1.78) goal_axis=(14.95, 0.80) wall_axis=(14.95, 1.90) yaw=90deg
[controller_server-12] [INFO] [1789539413.444685702] [controller_server]: Passing new path to controller.
[door_detection_node-24] [INFO] [1789539414.088766177] [door_detection_node]: HSV handle observed: color=blue, pixel=(270,123), conf=0.21, door_bbox=(220,0,276,239)
[state_machine_node-28] [INFO] [1789539414.106383003] [state_machine_node]: 문 접근 목표 보정: door_blue_8815a2 handle_axis=(14.96, 1.78) goal_axis=(14.96, 0.80) wall_axis=(14.96, 1.90) yaw=90deg
[state_machine_node-28] [INFO] [1789539414.110405052] [state_machine_node]: 문 접근 목표 보정: door_blue_8815a2 handle_axis=(14.96, 1.78) goal_axis=(14.96, 0.80) wall_axis=(14.96, 1.90) yaw=90deg
[controller_server-12] [INFO] [1789539414.819677269] [controller_server]: Passing new path to controller.
[door_detection_node-24] [INFO] [1789539415.172682465] [door_detection_node]: HSV handle observed: color=blue, pixel=(262,123), conf=0.23, door_bbox=(215,1,266,239)
[state_machine_node-28] [INFO] [1789539415.185678857] [state_machine_node]: 문 접근 목표 보정: door_blue_8815a2 handle_axis=(14.91, 1.78) goal_axis=(14.91, 0.80) wall_axis=(14.91, 1.90) yaw=90deg
[state_machine_node-28] [INFO] [1789539415.191303801] [state_machine_node]: 문 접근 목표 보정: door_blue_8815a2 handle_axis=(14.91, 1.78) goal_axis=(14.91, 0.80) wall_axis=(14.91, 1.90) yaw=90deg
[controller_server-12] [INFO] [1789539416.069646930] [controller_server]: Passing new path to controller.
[state_machine_node-28] [INFO] [1789539416.171994015] [state_machine_node]: 문 접근 목표 보정: door_blue_723b5f handle_axis=(14.87, 1.78) goal_axis=(14.87, 0.80) wall_axis=(14.87, 1.90) yaw=90deg
[state_machine_node-28] [INFO] [1789539416.173547019] [state_machine_node]: 문 접근 목표 보정: door_blue_723b5f handle_axis=(14.87, 1.78) goal_axis=(14.87, 0.80) wall_axis=(14.87, 1.90) yaw=90deg
[door_detection_node-24] [INFO] [1789539417.219609413] [door_detection_node]: HSV handle observed: color=blue, pixel=(250,124), conf=0.24, door_bbox=(205,0,253,240)
[state_machine_node-28] [INFO] [1789539417.231216117] [state_machine_node]: 문 접근 목표 보정: door_blue_723b5f handle_axis=(15.01, 1.82) goal_axis=(15.01, 0.80) wall_axis=(15.01, 1.90) yaw=90deg
[state_machine_node-28] [WARN] [1789539417.234910553] [state_machine_node]: Exit candidate door_green_230faf accepted despite a backward localization progress estimate: robot=12.9m, opened_floor=12.4m, exit=20.9m.
[state_machine_node-28] [INFO] [1789539417.236077103] [state_machine_node]: 문 접근 목표 보정: door_blue_723b5f handle_axis=(15.01, 1.82) goal_axis=(15.01, 0.80) wall_axis=(15.01, 1.90) yaw=90deg
[controller_server-12] [INFO] [1789539417.444752010] [controller_server]: Passing new path to controller.
[door_detection_node-24] [INFO] [1789539418.258280985] [door_detection_node]: HSV handle observed: color=blue, pixel=(238,124), conf=0.20, door_bbox=(190,1,241,237)
[state_machine_node-28] [INFO] [1789539418.271053699] [state_machine_node]: 문 접근 목표 보정: door_blue_723b5f handle_axis=(14.83, 1.77) goal_axis=(14.83, 0.80) wall_axis=(14.83, 1.90) yaw=90deg
[state_machine_node-28] [INFO] [1789539418.274143625] [state_machine_node]: 문 접근 목표 보정: door_blue_723b5f handle_axis=(14.83, 1.77) goal_axis=(14.83, 0.80) wall_axis=(14.83, 1.90) yaw=90deg
[controller_server-12] [INFO] [1789539418.569727080] [controller_server]: Passing new path to controller.
[door_detection_node-24] [INFO] [1789539419.440185263] [door_detection_node]: HSV handle observed: color=blue, pixel=(215,123), conf=0.22, door_bbox=(166,2,219,239)
[state_machine_node-28] [INFO] [1789539419.454402541] [state_machine_node]: 문 접근 목표 보정: door_blue_723b5f handle_axis=(14.84, 1.80) goal_axis=(14.84, 0.80) wall_axis=(14.84, 1.90) yaw=90deg
[state_machine_node-28] [INFO] [1789539419.455812755] [state_machine_node]: 문 접근 목표 보정: door_blue_723b5f handle_axis=(14.84, 1.80) goal_axis=(14.84, 0.80) wall_axis=(14.84, 1.90) yaw=90deg
[navigation_node-25] [INFO] [1789539419.760265157] [navigation_node]: Navigation cancellation requested for manual control handoff.
[state_machine_node-28] [INFO] [1789539419.760277064] [state_machine_node]: Nav2 goal cancellation requested before blue door start center recovery.
[state_machine_node-28] [WARN] [1789539419.761363971] [state_machine_node]: Nav2 시작점이 벽/장애물 costmap에 가까워 예외 미세 후진 후 전진 중앙 복귀를 시작합니다: lateral_error=1.02m, cmd=(-0.05, 0.00)
[bt_navigator-16] [ERROR] [1789539419.863354775] [bt_navigator_navigate_to_pose_rclcpp_node]: Failed to get result for follow_path in node halt!
[bt_navigator-16] [INFO] [1789539419.863531073] [bt_navigator]: [navigate_to_pose] [ActionServer] Client requested to cancel the goal. Cancelling.
[bt_navigator-16] [INFO] [1789539419.863750208] [bt_navigator]: Goal canceled
[controller_server-12] [INFO] [1789539419.944619873] [controller_server]: Goal was canceled. Stopping the robot.
[controller_server-12] [INFO] [1789539419.944732573] [controller_server]: [follow_path] [ActionServer] Client requested to cancel the goal. Cancelling.
[state_machine_node-28] [INFO] [1789539420.783396162] [state_machine_node]: Nav2 goal cancellation requested before blue door start center recovery.
[state_machine_node-28] [WARN] [1789539420.784165461] [state_machine_node]: Nav2 시작 위치 복구 예외 후진 중: lateral_error=1.01m, cmd=(-0.05, 0.00)
[door_detection_node-24] [INFO] [1789539420.997231301] [door_detection_node]: HSV handle observed: color=blue, pixel=(104,121), conf=0.11, door_bbox=(98,71,124,165)
[state_machine_node-28] [INFO] [1789539421.786404233] [state_machine_node]: Nav2 goal cancellation requested before blue door start center recovery.
[state_machine_node-28] [WARN] [1789539421.790497788] [state_machine_node]: Nav2 시작 위치가 벽/측면에 가까워 직접 중앙 복귀 중: lateral_error=1.00m, target_abs=0.75m, yaw_error=-117deg, cmd=(0.00, -0.40)
[door_detection_node-24] [INFO] [1789539422.307234246] [door_detection_node]: HSV handle observed: color=blue, pixel=(184,123), conf=0.24, door_bbox=(137,0,185,240)
[state_machine_node-28] [INFO] [1789539422.838143805] [state_machine_node]: Nav2 goal cancellation requested before blue door start center recovery.
[state_machine_node-28] [WARN] [1789539422.839307642] [state_machine_node]: Nav2 시작 위치가 벽/측면에 가까워 직접 중앙 복귀 중: lateral_error=1.01m, target_abs=0.75m, yaw_error=-109deg, cmd=(0.00, -0.40)
[state_machine_node-28] [WARN] [1789539423.265800877] [state_machine_node]: Exit candidate door_green_38ef32 accepted despite a backward localization progress estimate: robot=13.0m, opened_floor=12.4m, exit=19.6m.
[door_detection_node-24] [INFO] [1789539423.340101125] [door_detection_node]: HSV handle observed: color=blue, pixel=(148,123), conf=0.19, door_bbox=(97,0,151,240)
[state_machine_node-28] [INFO] [1789539423.891393786] [state_machine_node]: Nav2 goal cancellation requested before blue door start center recovery.
[state_machine_node-28] [WARN] [1789539423.892803191] [state_machine_node]: Nav2 시작 위치가 벽/측면에 가까워 직접 중앙 복귀 중: lateral_error=1.02m, target_abs=0.75m, yaw_error=-101deg, cmd=(0.00, -0.40)
[door_detection_node-24] [INFO] [1789539424.443680129] [door_detection_node]: HSV handle observed: color=blue, pixel=(109,124), conf=0.18, door_bbox=(53,0,113,240)
[state_machine_node-28] [INFO] [1789539424.929783138] [state_machine_node]: Nav2 goal cancellation requested before blue door start center recovery.
[state_machine_node-28] [WARN] [1789539424.930497018] [state_machine_node]: Nav2 시작 위치가 벽/측면에 가까워 직접 중앙 복귀 중: lateral_error=1.04m, target_abs=0.75m, yaw_error=-91deg, cmd=(0.00, -0.40)
[state_machine_node-28] [INFO] [1789539425.374545111] [state_machine_node]: 보조 비상구 관측 저장: door_green_e7ae0d (17.5, 0.1)
[door_detection_node-24] [INFO] [1789539425.447062578] [door_detection_node]: HSV handle observed: color=blue, pixel=(282,122), conf=0.17, door_bbox=(274,65,306,172)
[state_machine_node-28] [INFO] [1789539425.977944717] [state_machine_node]: Nav2 goal cancellation requested before blue door start center recovery.
[state_machine_node-28] [WARN] [1789539425.978869884] [state_machine_node]: Nav2 시작 위치가 벽/측면에 가까워 직접 중앙 복귀 중: lateral_error=1.07m, target_abs=0.75m, yaw_error=-81deg, cmd=(0.00, -0.40)
[state_machine_node-28] [WARN] [1789539426.427082639] [state_machine_node]: Exit candidate door_green_5e9f5c accepted despite a backward localization progress estimate: robot=13.0m, opened_floor=12.4m, exit=20.4m.
[state_machine_node-28] [INFO] [1789539426.980889627] [state_machine_node]: Nav2 goal cancellation requested before blue door start center recovery.
[state_machine_node-28] [WARN] [1789539426.982327944] [state_machine_node]: Nav2 시작 위치가 벽/측면에 가까워 직접 중앙 복귀 중: lateral_error=1.08m, target_abs=0.75m, yaw_error=-72deg, cmd=(0.00, -0.40)
[door_detection_node-24] [INFO] [1789539427.529148711] [door_detection_node]: HSV handle observed: color=blue, pixel=(198,121), conf=0.10, door_bbox=(191,71,219,165)
[state_machine_node-28] [INFO] [1789539429.043953083] [state_machine_node]: Nav2 goal cancellation requested before blue door start center recovery.
[state_machine_node-28] [WARN] [1789539429.045360276] [state_machine_node]: Nav2 시작 위치가 벽/측면에 가까워 직접 중앙 복귀 중: lateral_error=1.10m, target_abs=0.75m, yaw_error=-56deg, cmd=(0.00, -0.40)
[state_machine_node-28] [WARN] [1789539429.822625595] [state_machine_node]: Exit candidate door_green_c3d6e5 accepted despite a backward localization progress estimate: robot=13.0m, opened_floor=12.4m, exit=19.4m.
[door_detection_node-24] [INFO] [1789539430.161456441] [door_detection_node]: HSV handle observed: color=blue, pixel=(204,124), conf=0.24, door_bbox=(154,0,206,240)
[state_machine_node-28] [INFO] [1789539431.052857154] [state_machine_node]: Nav2 goal cancellation requested before blue door start center recovery.
[state_machine_node-28] [WARN] [1789539431.053695861] [state_machine_node]: Nav2 시작 위치가 벽/측면에 가까워 직접 중앙 복귀 중: lateral_error=1.10m, target_abs=0.75m, yaw_error=-42deg, cmd=(0.00, -0.40)
[door_detection_node-24] [INFO] [1789539431.782746470] [door_detection_node]: HSV handle observed: color=blue, pixel=(152,124), conf=0.24, door_bbox=(99,0,152,240)
[state_machine_node-28] [INFO] [1789539432.922163844] [state_machine_node]: Nav2 goal cancellation requested before blue door start center recovery.
[state_machine_node-28] [WARN] [1789539432.923087921] [state_machine_node]: Nav2 시작 위치가 벽/측면에 가까워 직접 중앙 복귀 중: lateral_error=1.10m, target_abs=0.75m, yaw_error=-28deg, cmd=(0.13, -0.39)
[door_detection_node-24] [INFO] [1789539433.348971194] [door_detection_node]: HSV handle observed: color=blue, pixel=(94,124), conf=0.21, door_bbox=(31,0,95,240)
[state_machine_node-28] [INFO] [1789539433.958209009] [state_machine_node]: Nav2 goal cancellation requested before blue door start center recovery.
[state_machine_node-28] [WARN] [1789539433.959096175] [state_machine_node]: Nav2 시작 위치가 벽/측면에 가까워 직접 중앙 복귀 중: lateral_error=1.06m, target_abs=0.75m, yaw_error=-20deg, cmd=(0.13, -0.28)
[state_machine_node-28] [INFO] [1789539435.935171274] [state_machine_node]: Nav2 goal cancellation requested before blue door start center recovery.
[state_machine_node-28] [WARN] [1789539435.937716935] [state_machine_node]: Nav2 시작 위치가 벽/측면에 가까워 직접 중앙 복귀 중: lateral_error=0.93m, target_abs=0.75m, yaw_error=-9deg, cmd=(0.13, -0.13)
[state_machine_node-28] [INFO] [1789539436.950560797] [state_machine_node]: Nav2 goal cancellation requested before blue door start center recovery.
[state_machine_node-28] [WARN] [1789539436.952413603] [state_machine_node]: Nav2 시작 위치가 벽/측면에 가까워 직접 중앙 복귀 중: lateral_error=0.86m, target_abs=0.75m, yaw_error=-6deg, cmd=(0.13, -0.08)
[state_machine_node-28] [WARN] [1789539438.910019421] [state_machine_node]: Blue door Nav2 start pose recovered near center: lateral=0.74m, target=0.75m. Resending observed_blue_14p5_1p4.
[navigation_node-25] [INFO] [1789539438.915282446] [navigation_node]: Navigation goal received: door observed_blue_14p5_1p4 (color=blue, frame=map, x=11.85, y=0.80)
[cmd_vel_safety_node-4] [WARN] [1789539439.423177481] [cmd_vel_safety_node]: LiDAR collision stop: front=0.41m
[bt_navigator-16] [INFO] [1789539439.663982568] [bt_navigator]: Begin navigating from current location (10.18, 0.70) to (11.85, 0.80)
[navigation_node-25] [INFO] [1789539439.664882507] [navigation_node]: Navigation goal accepted by Nav2
[controller_server-12] [INFO] [1789539439.866702219] [controller_server]: Received a goal, begin computing control effort.
[state_machine_node-28] [INFO] [1789539439.977589680] [state_machine_node]: Exit candidate door_green_9bc14b rejected: progress 14.0m is only 1.6m after the last opened blue door; need 1.8m before treating green as the final exit.
[controller_server-12] [INFO] [1789539441.242259515] [controller_server]: Passing new path to controller.
[door_detection_node-24] [INFO] [1789539441.591824281] [door_detection_node]: HSV handle observed: color=blue, pixel=(255,122), conf=0.16, door_bbox=(249,63,277,172)
[controller_server-12] [INFO] [1789539442.492256517] [controller_server]: Passing new path to controller.
[door_detection_node-24] [INFO] [1789539443.226371972] [door_detection_node]: HSV handle observed: color=blue, pixel=(76,124), conf=0.21, door_bbox=(0,0,81,240)
[state_machine_node-28] [INFO] [1789539443.243039748] [state_machine_node]: 문 접근 목표 보정: door_blue_017b01 handle_axis=(14.81, 2.05) goal_axis=(14.81, 0.95) wall_axis=(14.81, 2.05) yaw=90deg
[state_machine_node-28] [WARN] [1789539443.246891109] [state_machine_node]: Exit candidate door_green_230faf accepted despite a backward localization progress estimate: robot=13.1m, opened_floor=12.4m, exit=20.9m.
[state_machine_node-28] [INFO] [1789539443.248046014] [state_machine_node]: 문 접근 목표 보정: door_blue_017b01 handle_axis=(14.81, 2.05) goal_axis=(14.81, 0.95) wall_axis=(14.81, 2.05) yaw=90deg
[controller_server-12] [INFO] [1789539443.867261982] [controller_server]: Passing new path to controller.
[door_detection_node-24] [INFO] [1789539444.550440577] [door_detection_node]: HSV handle observed: color=blue, pixel=(48,122), conf=0.18, door_bbox=(45,66,72,169)
[state_machine_node-28] [INFO] [1789539444.927424694] [state_machine_node]: 문 접근 목표 보정: door_blue_0e61b8 handle_axis=(14.87, 2.04) goal_axis=(14.87, 0.94) wall_axis=(14.87, 2.04) yaw=90deg
[state_machine_node-28] [INFO] [1789539444.928807928] [state_machine_node]: 문 접근 목표 보정: door_blue_0e61b8 handle_axis=(14.87, 2.04) goal_axis=(14.87, 0.94) wall_axis=(14.87, 2.04) yaw=90deg
[controller_server-12] [INFO] [1789539445.117232243] [controller_server]: Passing new path to controller.
[door_detection_node-24] [INFO] [1789539445.606235630] [door_detection_node]: HSV handle observed: color=blue, pixel=(76,122), conf=0.06, door_bbox=(71,67,96,167)
[controller_server-12] [INFO] [1789539446.367211742] [controller_server]: Passing new path to controller.
[state_machine_node-28] [INFO] [1789539446.588700355] [state_machine_node]: 문 접근 목표 보정: door_blue_0e61b8 handle_axis=(14.98, 2.07) goal_axis=(14.98, 0.95) wall_axis=(14.98, 2.07) yaw=90deg
[state_machine_node-28] [WARN] [1789539446.592733896] [state_machine_node]: Exit candidate door_green_230faf accepted despite a backward localization progress estimate: robot=13.1m, opened_floor=12.4m, exit=20.9m.
[state_machine_node-28] [INFO] [1789539446.595860006] [state_machine_node]: 문 접근 목표 보정: door_blue_0e61b8 handle_axis=(14.98, 2.07) goal_axis=(14.98, 0.95) wall_axis=(14.98, 2.07) yaw=90deg
[state_machine_node-28] [WARN] [1789539446.598282446] [state_machine_node]: Locked blue target refined from newer observation: observed_blue_14p5_1p4 -> observed_blue_14p5_1p4, goal shift=0.20m, identity=(11.85,1.72) -> (11.98,2.07)
[navigation_node-25] [INFO] [1789539446.603453388] [navigation_node]: Navigation goal received: door observed_blue_14p5_1p4 (color=blue, frame=map, x=11.98, y=0.95)
[navigation_node-25] [INFO] [1789539446.604021439] [navigation_node]: Ignoring duplicate navigation target for active door: observed_blue_14p5_1p4
[door_detection_node-24] [INFO] [1789539446.728027371] [door_detection_node]: HSV handle observed: color=blue, pixel=(102,121), conf=0.11, door_bbox=(94,70,120,166)
[controller_server-12] [INFO] [1789539447.742529391] [controller_server]: Passing new path to controller.
[door_detection_node-24] [INFO] [1789539448.215699003] [door_detection_node]: HSV handle observed: color=blue, pixel=(202,123), conf=0.22, door_bbox=(141,0,205,240)
[state_machine_node-28] [INFO] [1789539448.330276879] [state_machine_node]: 문 접근 목표 보정: door_blue_e1de2d handle_axis=(14.96, 2.00) goal_axis=(14.96, 0.90) wall_axis=(14.96, 2.00) yaw=90deg
[state_machine_node-28] [INFO] [1789539448.331918260] [state_machine_node]: 문 접근 목표 보정: door_blue_e1de2d handle_axis=(14.96, 2.00) goal_axis=(14.96, 0.90) wall_axis=(14.96, 2.00) yaw=90deg
[controller_server-12] [INFO] [1789539448.867230797] [controller_server]: Passing new path to controller.
[state_machine_node-28] [INFO] [1789539448.872092927] [state_machine_node]: 보조 비상구 관측 저장: door_green_c3d6e5 (18.0, 0.1)
[door_detection_node-24] [INFO] [1789539449.800762376] [door_detection_node]: YOLO handle observed (primary): pixel=(252,124), conf=0.41, bbox=(233, 114, 271, 135)
[door_detection_node-24] [INFO] [1789539449.803833002] [door_detection_node]: Handle camera-ray projection: pixel=(252,124), range=3.096m, z=0.740m
[state_machine_node-28] [INFO] [1789539449.816831469] [state_machine_node]: 문 접근 목표 보정: door_blue_e1de2d handle_axis=(15.86, 2.12) goal_axis=(15.86, 0.95) wall_axis=(15.86, 2.12) yaw=90deg
[state_machine_node-28] [INFO] [1789539449.819884727] [state_machine_node]: 문 접근 목표 보정: door_blue_e1de2d handle_axis=(15.86, 2.12) goal_axis=(15.86, 0.95) wall_axis=(15.86, 2.12) yaw=90deg
[state_machine_node-28] [WARN] [1789539449.822717784] [state_machine_node]: Locked blue target refined from newer observation: observed_blue_14p5_1p4 -> observed_blue_14p5_1p4, goal shift=0.88m, identity=(11.98,2.07) -> (12.13,2.04)
[navigation_node-25] [INFO] [1789539449.824771808] [navigation_node]: Navigation goal received: door observed_blue_14p5_1p4 (color=blue, frame=map, x=12.86, y=0.95)
[navigation_node-25] [WARN] [1789539449.825286838] [navigation_node]: Already navigating. Preempting current goal without an explicit stop before retargeting to: observed_blue_14p5_1p4
[state_machine_node-28] [WARN] [1789539449.894673831] [state_machine_node]: Exit candidate door_green_5e9f5c accepted despite a backward localization progress estimate: robot=13.1m, opened_floor=12.4m, exit=20.9m.
[controller_server-12] [INFO] [1789539449.992296288] [controller_server]: Passing new path to controller.
[navigation_node-25] [WARN] [1789539450.223060094] [navigation_node]: Adjusted unreachable/occupied navigation goal from (12.86, 0.95, cost=58) to connected free cell (12.78, 1.08, cost=0)
[cmd_vel_safety_node-4] [WARN] [1789539450.273636307] [cmd_vel_safety_node]: LiDAR collision stop: front=0.32m
[navigation_node-25] [INFO] [1789539450.601369991] [navigation_node]: Navigation goal accepted by Nav2
[bt_navigator-16] [INFO] [1789539450.664336084] [bt_navigator]: Received goal preemption request
[bt_navigator-16] [INFO] [1789539450.665075245] [bt_navigator]: Begin navigating from current location (10.12, 0.67) to (12.78, 1.08)
[controller_server-12] [INFO] [1789539451.368275017] [controller_server]: Passing new path to controller.
[door_detection_node-24] [INFO] [1789539451.438226529] [door_detection_node]: YOLO handle observed (primary): pixel=(306,125), conf=0.63, bbox=(292, 111, 320, 139)
[door_detection_node-24] [INFO] [1789539451.442233477] [door_detection_node]: Handle camera-ray projection: pixel=(306,125), range=2.910m, z=0.736m
[state_machine_node-28] [INFO] [1789539451.554957554] [state_machine_node]: 문 접근 목표 보정: door_blue_09c6b1 handle_axis=(15.69, 2.03) goal_axis=(15.69, 0.93) wall_axis=(15.69, 2.03) yaw=90deg
[state_machine_node-28] [INFO] [1789539451.559662060] [state_machine_node]: 문 접근 목표 보정: door_blue_09c6b1 handle_axis=(15.69, 2.03) goal_axis=(15.69, 0.93) wall_axis=(15.69, 2.03) yaw=90deg
[door_detection_node-24] [INFO] [1789539452.211175045] [door_detection_node]: HSV handle observed: color=blue, pixel=(250,122), conf=0.13, door_bbox=(245,64,274,171)
[controller_server-12] [INFO] [1789539452.617254091] [controller_server]: Passing new path to controller.
[state_machine_node-28] [INFO] [1789539453.211622767] [state_machine_node]: 문 접근 목표 보정: door_blue_09c6b1 handle_axis=(14.91, 1.96) goal_axis=(14.91, 0.86) wall_axis=(14.91, 1.96) yaw=90deg
[state_machine_node-28] [INFO] [1789539453.213601864] [state_machine_node]: 문 접근 목표 보정: door_blue_09c6b1 handle_axis=(14.91, 1.96) goal_axis=(14.91, 0.86) wall_axis=(14.91, 1.96) yaw=90deg
[state_machine_node-28] [INFO] [1789539453.214603164] [state_machine_node]: Locked blue target refine skipped: door_blue_09c6b1 would move the manipulation handle/parking station too far from the locked observed target (handle_progress_jump=0.95/0.90m, handle_xy_jump=0.97/0.90m).
[state_machine_node-28] [INFO] [1789539453.296447347] [state_machine_node]: 보조 비상구 관측 저장: door_green_e7ae0d (17.9, 0.0)
[state_machine_node-28] [WARN] [1789539453.297245930] [state_machine_node]: Exit candidate door_green_e7ae0d accepted despite a backward localization progress estimate: robot=13.1m, opened_floor=12.4m, exit=20.9m.
[door_detection_node-24] [INFO] [1789539453.365473356] [door_detection_node]: HSV handle observed: color=blue, pixel=(258,122), conf=0.15, door_bbox=(253,64,282,172)
[cmd_vel_safety_node-4] [WARN] [1789539453.424931106] [cmd_vel_safety_node]: LiDAR collision stop: front=0.46m
[controller_server-12] [INFO] [1789539453.867258286] [controller_server]: Passing new path to controller.
[door_detection_node-24] [INFO] [1789539454.366299915] [door_detection_node]: HSV handle observed: color=blue, pixel=(270,122), conf=0.15, door_bbox=(265,62,295,173)
[controller_server-12] [INFO] [1789539454.992285002] [controller_server]: Passing new path to controller.
[state_machine_node-28] [WARN] [1789539455.601224158] [state_machine_node]: Fine alignment blocked by costmap: occupied, inscribed, unknown or out-of-map approach segment; retaining Nav2/reobservation.
[controller_server-12] [WARN] [1789539456.003541796] [controller_server]: No valid trajectories out of 335! 
[controller_server-12] [INFO] [1789539456.367248252] [controller_server]: Passing new path to controller.
[state_machine_node-28] [INFO] [1789539456.367295867] [state_machine_node]: 보조 비상구 관측 저장: door_green_e7ae0d (17.9, -0.0)
[state_machine_node-28] [WARN] [1789539456.367960813] [state_machine_node]: Exit candidate door_green_e7ae0d accepted despite a backward localization progress estimate: robot=13.1m, opened_floor=12.4m, exit=20.9m.
[controller_server-12] [WARN] [1789539456.524094636] [controller_server]: No valid trajectories out of 335! 
[door_detection_node-24] [INFO] [1789539457.294852778] [door_detection_node]: HSV handle observed: color=blue, pixel=(103,123), conf=0.20, door_bbox=(35,0,107,240)
[state_machine_node-28] [INFO] [1789539457.310182622] [state_machine_node]: 문 접근 목표 보정: door_blue_b177f7 handle_axis=(14.93, 1.96) goal_axis=(14.93, 0.86) wall_axis=(14.93, 1.96) yaw=90deg
[state_machine_node-28] [INFO] [1789539457.314102821] [state_machine_node]: 문 접근 목표 보정: door_blue_b177f7 handle_axis=(14.93, 1.96) goal_axis=(14.93, 0.86) wall_axis=(14.93, 1.96) yaw=90deg
[state_machine_node-28] [INFO] [1789539457.315347971] [state_machine_node]: Locked blue target refine skipped: door_blue_b177f7 would move the manipulation handle/parking station too far from the locked observed target (handle_progress_jump=0.93/0.90m, handle_xy_jump=0.95/0.90m).
[controller_server-12] [INFO] [1789539457.617278664] [controller_server]: Passing new path to controller.
[state_machine_node-28] [INFO] [1789539458.289156937] [state_machine_node]: 문 접근 목표 보정: door_blue_6eb364 handle_axis=(14.94, 1.92) goal_axis=(14.94, 0.82) wall_axis=(14.94, 1.92) yaw=90deg
[state_machine_node-28] [INFO] [1789539458.293824958] [state_machine_node]: 문 접근 목표 보정: door_blue_6eb364 handle_axis=(14.94, 1.92) goal_axis=(14.94, 0.82) wall_axis=(14.94, 1.92) yaw=90deg
[controller_server-12] [WARN] [1789539458.503140594] [controller_server]: No valid trajectories out of 335! 
[state_machine_node-28] [WARN] [1789539458.550807138] [state_machine_node]: Fine alignment blocked by costmap: occupied, inscribed, unknown or out-of-map approach segment; retaining Nav2/reobservation.
[controller_server-12] [INFO] [1789539458.867267867] [controller_server]: Passing new path to controller.
[door_detection_node-24] [INFO] [1789539459.219267833] [door_detection_node]: HSV handle observed: color=blue, pixel=(155,123), conf=0.19, door_bbox=(93,0,160,240)
[state_machine_node-28] [INFO] [1789539459.233774901] [state_machine_node]: 문 접근 목표 보정: door_blue_6eb364 handle_axis=(14.92, 1.89) goal_axis=(14.92, 0.80) wall_axis=(14.92, 1.90) yaw=90deg
[state_machine_node-28] [INFO] [1789539459.238240134] [state_machine_node]: 문 접근 목표 보정: door_blue_6eb364 handle_axis=(14.92, 1.89) goal_axis=(14.92, 0.80) wall_axis=(14.92, 1.90) yaw=90deg
[state_machine_node-28] [INFO] [1789539460.203655789] [state_machine_node]: 문 접근 목표 보정: door_blue_6eb364 handle_axis=(14.91, 1.88) goal_axis=(14.91, 0.80) wall_axis=(14.91, 1.90) yaw=90deg
[state_machine_node-28] [INFO] [1789539460.205297273] [state_machine_node]: 문 접근 목표 보정: door_blue_6eb364 handle_axis=(14.91, 1.88) goal_axis=(14.91, 0.80) wall_axis=(14.91, 1.90) yaw=90deg
[state_machine_node-28] [INFO] [1789539460.206531193] [state_machine_node]: Locked blue target refine skipped: door_blue_6eb364 would move the manipulation handle/parking station too far from the locked observed target (handle_progress_jump=0.95/0.90m, handle_xy_jump=0.98/0.90m).
[controller_server-12] [INFO] [1789539460.244691614] [controller_server]: Passing new path to controller.
[door_detection_node-24] [INFO] [1789539461.136093444] [door_detection_node]: HSV handle observed: color=blue, pixel=(174,124), conf=0.24, door_bbox=(103,0,180,240)
[state_machine_node-28] [INFO] [1789539461.148727762] [state_machine_node]: 문 접근 목표 보정: door_blue_4c9350 handle_axis=(14.89, 1.86) goal_axis=(14.89, 0.80) wall_axis=(14.89, 1.90) yaw=90deg
[state_machine_node-28] [INFO] [1789539461.150083779] [state_machine_node]: 문 접근 목표 보정: door_blue_4c9350 handle_axis=(14.89, 1.86) goal_axis=(14.89, 0.80) wall_axis=(14.89, 1.90) yaw=90deg
[controller_server-12] [INFO] [1789539461.492505582] [controller_server]: Passing new path to controller.
[state_machine_node-28] [INFO] [1789539462.102666886] [state_machine_node]: 문 접근 목표 보정: door_blue_4c9350 handle_axis=(14.85, 1.85) goal_axis=(14.85, 0.80) wall_axis=(14.85, 1.90) yaw=90deg
[state_machine_node-28] [WARN] [1789539462.106179945] [state_machine_node]: Exit candidate door_green_230faf accepted despite a backward localization progress estimate: robot=13.5m, opened_floor=12.4m, exit=20.9m.
[state_machine_node-28] [INFO] [1789539462.107680321] [state_machine_node]: 문 접근 목표 보정: door_blue_4c9350 handle_axis=(14.85, 1.85) goal_axis=(14.85, 0.80) wall_axis=(14.85, 1.90) yaw=90deg
[door_detection_node-24] [INFO] [1789539462.752175752] [door_detection_node]: HSV handle observed: color=blue, pixel=(122,122), conf=0.15, door_bbox=(117,64,150,170)
[controller_server-12] [INFO] [1789539462.867259068] [controller_server]: Passing new path to controller.
[state_machine_node-28] [INFO] [1789539463.073723403] [state_machine_node]: 문 접근 목표 보정: door_blue_4c9350 handle_axis=(14.85, 1.87) goal_axis=(14.85, 0.80) wall_axis=(14.85, 1.90) yaw=90deg
[state_machine_node-28] [INFO] [1789539463.077108444] [state_machine_node]: 문 접근 목표 보정: door_blue_4c9350 handle_axis=(14.85, 1.87) goal_axis=(14.85, 0.80) wall_axis=(14.85, 1.90) yaw=90deg
[state_machine_node-28] [INFO] [1789539463.077943232] [state_machine_node]: Locked blue target refine skipped: door_blue_4c9350 would move the manipulation handle/parking station too far from the locked observed target (handle_progress_jump=1.01/0.90m, handle_xy_jump=1.03/0.90m).
[door_detection_node-24] [INFO] [1789539464.029843169] [door_detection_node]: HSV handle observed: color=blue, pixel=(140,124), conf=0.27, door_bbox=(35,0,145,240)
[state_machine_node-28] [INFO] [1789539464.043881060] [state_machine_node]: 문 접근 목표 보정: door_blue_4c9350 handle_axis=(14.81, 1.88) goal_axis=(14.81, 0.80) wall_axis=(14.81, 1.90) yaw=90deg
[state_machine_node-28] [INFO] [1789539464.046912023] [state_machine_node]: 문 접근 목표 보정: door_blue_4c9350 handle_axis=(14.81, 1.88) goal_axis=(14.81, 0.80) wall_axis=(14.81, 1.90) yaw=90deg
[controller_server-12] [INFO] [1789539464.117259587] [controller_server]: Passing new path to controller.
[door_detection_node-24] [INFO] [1789539464.945898914] [door_detection_node]: YOLO handle observed (primary): pixel=(110,128), conf=0.50, bbox=(86, 113, 133, 144)
[door_detection_node-24] [INFO] [1789539464.950744916] [door_detection_node]: Handle camera-ray projection: pixel=(110,128), range=1.679m, z=0.733m
[state_machine_node-28] [INFO] [1789539464.962257851] [state_machine_node]: 문 접근 목표 보정: door_blue_de5205 handle_axis=(15.29, 1.86) goal_axis=(15.29, 0.80) wall_axis=(15.29, 1.90) yaw=90deg
[state_machine_node-28] [INFO] [1789539464.965297187] [state_machine_node]: 문 접근 목표 보정: door_blue_de5205 handle_axis=(15.29, 1.86) goal_axis=(15.29, 0.80) wall_axis=(15.29, 1.90) yaw=90deg
[state_machine_node-28] [WARN] [1789539464.966446470] [state_machine_node]: Locked blue target refined from newer observation: observed_blue_14p5_1p4 -> observed_blue_14p5_1p4, goal shift=0.59m, identity=(12.13,2.04) -> (11.85,1.91)
[navigation_node-25] [INFO] [1789539464.968527376] [navigation_node]: Navigation goal received: door observed_blue_14p5_1p4 (color=blue, frame=map, x=12.29, y=0.80)
[navigation_node-25] [WARN] [1789539464.969186692] [navigation_node]: Already navigating. Preempting current goal without an explicit stop before retargeting to: observed_blue_14p5_1p4
[state_machine_node-28] [INFO] [1789539465.292772018] [state_machine_node]: Nav2 goal cancellation requested before blue door start center recovery.
[state_machine_node-28] [WARN] [1789539465.293518439] [state_machine_node]: Nav2 시작점이 벽/장애물 costmap에 가까워 예외 미세 후진 후 전진 중앙 복귀를 시작합니다: lateral_error=1.02m, cmd=(-0.05, 0.00)
[controller_server-12] [INFO] [1789539465.367271560] [controller_server]: Passing new path to controller.
[navigation_node-25] [INFO] [1789539465.650222901] [navigation_node]: Navigation cancellation requested for manual control handoff.
[bt_navigator-16] [ERROR] [1789539465.684988958] [bt_navigator_navigate_to_pose_rclcpp_node]: Failed to get result for follow_path in node halt!
[bt_navigator-16] [WARN] [1789539465.685194200] [bt_navigator]: [navigate_to_pose] [ActionServer] Aborting handle.
[bt_navigator-16] [INFO] [1789539465.685407343] [bt_navigator]: [navigate_to_pose] [ActionServer] Client requested to cancel the goal. Cancelling.
[bt_navigator-16] [INFO] [1789539465.685499545] [bt_navigator]: Goal canceled
[controller_server-12] [INFO] [1789539465.742271852] [controller_server]: Goal was canceled. Stopping the robot.
[controller_server-12] [INFO] [1789539465.742378519] [controller_server]: [follow_path] [ActionServer] Client requested to cancel the goal. Cancelling.
[door_detection_node-24] [INFO] [1789539466.109347008] [door_detection_node]: HSV handle observed: color=blue, pixel=(65,122), conf=0.20, door_bbox=(59,62,94,174)
[state_machine_node-28] [WARN] [1789539466.275315414] [state_machine_node]: Nav2 시작 위치 복구 예외 후진 중: lateral_error=1.01m, cmd=(-0.05, 0.00)
[door_detection_node-24] [INFO] [1789539466.873276721] [door_detection_node]: YOLO handle observed (primary): pixel=(88,130), conf=0.52, bbox=(62, 112, 114, 148)
[door_detection_node-24] [INFO] [1789539466.876426378] [door_detection_node]: Handle camera-ray projection: pixel=(88,130), range=1.634m, z=0.722m
[state_machine_node-28] [INFO] [1789539467.201755017] [state_machine_node]: Nav2 goal cancellation requested before blue door start center recovery.
[state_machine_node-28] [WARN] [1789539467.203070102] [state_machine_node]: Nav2 시작 위치가 벽/측면에 가까워 직접 중앙 복귀 중: lateral_error=1.01m, target_abs=0.75m, yaw_error=-105deg, cmd=(0.00, -0.40)
[state_machine_node-28] [INFO] [1789539468.799574059] [state_machine_node]: Blue candidate door_blue_0eb762_2 rejected: handle lateral 3.41m is outside wall band 2.20+0.35m.
[state_machine_node-28] [INFO] [1789539468.802088706] [state_machine_node]: Blue candidate door_blue_0eb762_2 recorded with door-body progress and observed wall side because its direct projection was center-biased or crossed the corridor.
[state_machine_node-28] [INFO] [1789539469.204745217] [state_machine_node]: Nav2 goal cancellation requested before blue door start center recovery.
[state_machine_node-28] [WARN] [1789539469.205501737] [state_machine_node]: Nav2 시작 위치가 벽/측면에 가까워 직접 중앙 복귀 중: lateral_error=1.05m, target_abs=0.75m, yaw_error=-86deg, cmd=(0.00, -0.40)
[door_detection_node-24] [INFO] [1789539469.794486163] [door_detection_node]: HSV handle observed: color=blue, pixel=(272,122), conf=0.13, door_bbox=(268,56,306,181)
[door_detection_node-24] [INFO] [1789539470.670955124] [door_detection_node]: YOLO handle observed (primary): pixel=(273,129), conf=0.30, bbox=(244, 114, 302, 144)
[door_detection_node-24] [INFO] [1789539470.677317086] [door_detection_node]: Handle camera-ray projection: pixel=(273,129), range=2.031m, z=0.719m
[door_detection_node-24] [INFO] [1789539470.818340930] [door_detection_node]: HSV handle observed: color=blue, pixel=(229,122), conf=0.14, door_bbox=(224,62,257,177)
[state_machine_node-28] [INFO] [1789539471.152772141] [state_machine_node]: Nav2 goal cancellation requested before blue door start center recovery.
[state_machine_node-28] [WARN] [1789539471.153772262] [state_machine_node]: Nav2 시작 위치가 벽/측면에 가까워 직접 중앙 복귀 중: lateral_error=1.08m, target_abs=0.75m, yaw_error=-68deg, cmd=(0.00, -0.40)
[door_detection_node-24] [INFO] [1789539472.322186266] [door_detection_node]: YOLO handle observed (primary): pixel=(202,130), conf=0.48, bbox=(176, 115, 228, 144)
[door_detection_node-24] [INFO] [1789539472.327093227] [door_detection_node]: Handle camera-ray projection: pixel=(202,130), range=1.948m, z=0.707m
[door_detection_node-24] [INFO] [1789539472.785555312] [door_detection_node]: HSV handle observed: color=blue, pixel=(161,122), conf=0.15, door_bbox=(155,66,186,170)
[state_machine_node-28] [INFO] [1789539473.105621470] [state_machine_node]: Nav2 goal cancellation requested before blue door start center recovery.
[state_machine_node-28] [WARN] [1789539473.106913118] [state_machine_node]: Nav2 시작 위치가 벽/측면에 가까워 직접 중앙 복귀 중: lateral_error=1.10m, target_abs=0.75m, yaw_error=-53deg, cmd=(0.00, -0.40)
[door_detection_node-24] [INFO] [1789539474.031575304] [door_detection_node]: YOLO handle observed (primary): pixel=(144,129), conf=0.47, bbox=(120, 116, 169, 142)
[door_detection_node-24] [INFO] [1789539474.035427891] [door_detection_node]: Handle camera-ray projection: pixel=(144,129), range=1.748m, z=0.722m
[state_machine_node-28] [INFO] [1789539474.169954311] [state_machine_node]: Nav2 goal cancellation requested before blue door start center recovery.
[state_machine_node-28] [WARN] [1789539474.170735040] [state_machine_node]: Nav2 시작 위치가 벽/측면에 가까워 직접 중앙 복귀 중: lateral_error=1.10m, target_abs=0.75m, yaw_error=-46deg, cmd=(0.00, -0.40)
[door_detection_node-24] [INFO] [1789539474.199453526] [door_detection_node]: HSV handle observed: color=blue, pixel=(226,122), conf=0.07, door_bbox=(223,52,245,183)
[state_machine_node-28] [INFO] [1789539474.234104544] [state_machine_node]: Blue candidate door_blue_bedbba ignored: physical/opened door station already handled nearby at (8.59, -1.65).
[door_detection_node-24] [INFO] [1789539475.663984534] [door_detection_node]: YOLO handle observed (primary): pixel=(88,130), conf=0.45, bbox=(62, 113, 114, 146)
[door_detection_node-24] [INFO] [1789539475.668843059] [door_detection_node]: Handle camera-ray projection: pixel=(88,130), range=1.674m, z=0.721m
[door_detection_node-24] [INFO] [1789539475.968046790] [door_detection_node]: HSV handle observed: color=blue, pixel=(68,121), conf=0.20, door_bbox=(64,63,98,172)
[state_machine_node-28] [INFO] [1789539476.113549011] [state_machine_node]: Nav2 goal cancellation requested before blue door start center recovery.
[state_machine_node-28] [WARN] [1789539476.115134381] [state_machine_node]: Nav2 시작 위치가 벽/측면에 가까워 직접 중앙 복귀 중: lateral_error=1.10m, target_abs=0.75m, yaw_error=-32deg, cmd=(0.13, -0.40)
[door_detection_node-24] [INFO] [1789539476.991432535] [door_detection_node]: HSV handle observed: color=blue, pixel=(14,122), conf=0.17, door_bbox=(13,61,46,177)
[state_machine_node-28] [INFO] [1789539478.090886033] [state_machine_node]: Nav2 goal cancellation requested before blue door start center recovery.
[state_machine_node-28] [WARN] [1789539478.091945521] [state_machine_node]: Nav2 시작 위치가 벽/측면에 가까워 직접 중앙 복귀 중: lateral_error=0.99m, target_abs=0.75m, yaw_error=-17deg, cmd=(0.13, -0.24)
[door_detection_node-24] [INFO] [1789539478.928381911] [door_detection_node]: HSV handle observed: color=blue, pixel=(272,122), conf=0.18, door_bbox=(269,55,304,182)
[state_machine_node-28] [INFO] [1789539479.350450521] [state_machine_node]: Blue candidate door_blue_739463 ignored: physical/opened door station already handled nearby at (8.64, -1.80).
[state_machine_node-28] [INFO] [1789539480.023111083] [state_machine_node]: Nav2 goal cancellation requested before blue door start center recovery.
[state_machine_node-28] [WARN] [1789539480.024999131] [state_machine_node]: Nav2 시작 위치가 벽/측면에 가까워 직접 중앙 복귀 중: lateral_error=0.86m, target_abs=0.75m, yaw_error=-8deg, cmd=(0.13, -0.11)
[door_detection_node-24] [INFO] [1789539480.592008441] [door_detection_node]: HSV handle observed: color=blue, pixel=(236,122), conf=0.19, door_bbox=(231,59,265,180)
[state_machine_node-28] [INFO] [1789539481.024836881] [state_machine_node]: Nav2 goal cancellation requested before blue door start center recovery.
[state_machine_node-28] [WARN] [1789539481.025737831] [state_machine_node]: Nav2 시작 위치가 벽/측면에 가까워 직접 중앙 복귀 중: lateral_error=0.80m, target_abs=0.75m, yaw_error=-5deg, cmd=(0.13, -0.07)
[state_machine_node-28] [WARN] [1789539481.970279129] [state_machine_node]: Blue door Nav2 start pose recovered near center: lateral=0.73m, target=0.75m. Resending observed_blue_14p5_1p4.
[navigation_node-25] [INFO] [1789539481.972790139] [navigation_node]: Navigation goal received: door observed_blue_14p5_1p4 (color=blue, frame=map, x=12.29, y=0.80)
[door_detection_node-24] [INFO] [1789539482.207423826] [door_detection_node]: HSV handle observed: color=blue, pixel=(215,122), conf=0.19, door_bbox=(210,59,242,179)
[cmd_vel_safety_node-4] [WARN] [1789539482.623955416] [cmd_vel_safety_node]: LiDAR collision stop: front=0.30m
[bt_navigator-16] [INFO] [1789539482.641950202] [bt_navigator]: Begin navigating from current location (11.02, 0.69) to (12.29, 0.80)
[navigation_node-25] [INFO] [1789539482.645737190] [navigation_node]: Navigation goal accepted by Nav2
[controller_server-12] [INFO] [1789539482.843311557] [controller_server]: Received a goal, begin computing control effort.
[state_machine_node-28] [INFO] [1789539483.918439946] [state_machine_node]: 보조 비상구 관측 저장: door_green_9bc14b (17.9, 0.2)
[door_detection_node-24] [INFO] [1789539484.040586110] [door_detection_node]: HSV handle observed: color=blue, pixel=(204,122), conf=0.14, door_bbox=(198,58,232,180)
[controller_server-12] [INFO] [1789539484.218932137] [controller_server]: Passing new path to controller.
[state_machine_node-28] [INFO] [1789539484.423434325] [state_machine_node]: Blue candidate door_blue_092928 ignored: physical/opened door station already handled nearby at (8.96, -1.56).
[controller_server-12] [WARN] [1789539484.852415443] [controller_server]: No valid trajectories out of 335! 
[controller_server-12] [WARN] [1789539485.105902735] [controller_server]: No valid trajectories out of 335! 
[controller_server-12] [WARN] [1789539485.227363280] [controller_server]: No valid trajectories out of 335! 
[controller_server-12] [WARN] [1789539485.351972144] [controller_server]: No valid trajectories out of 335! 
[controller_server-12] [INFO] [1789539485.472273470] [controller_server]: Passing new path to controller.
[door_detection_node-24] [INFO] [1789539485.548912496] [door_detection_node]: HSV handle observed: color=blue, pixel=(202,122), conf=0.14, door_bbox=(197,58,230,180)
[controller_server-12] [WARN] [1789539485.729659419] [controller_server]: No valid trajectories out of 335! 
[controller_server-12] [WARN] [1789539485.858519484] [controller_server]: No valid trajectories out of 335! 
[controller_server-12] [WARN] [1789539485.977116852] [controller_server]: No valid trajectories out of 335! 
[controller_server-12] [WARN] [1789539486.106067089] [controller_server]: No valid trajectories out of 335! 
[controller_server-12] [WARN] [1789539486.230066258] [controller_server]: No valid trajectories out of 335! 
[controller_server-12] [WARN] [1789539486.355256781] [controller_server]: No valid trajectories out of 335! 
[controller_server-12] [WARN] [1789539486.478242194] [controller_server]: No valid trajectories out of 335! 
[controller_server-12] [WARN] [1789539486.600711790] [controller_server]: No valid trajectories out of 335! 
[controller_server-12] [INFO] [1789539486.718921352] [controller_server]: Passing new path to controller.
[state_machine_node-28] [INFO] [1789539487.155131090] [state_machine_node]: 보조 비상구 관측 저장: door_green_9bc14b (17.9, 0.2)
[door_detection_node-24] [INFO] [1789539487.222007131] [door_detection_node]: HSV handle observed: color=blue, pixel=(200,122), conf=0.15, door_bbox=(196,60,228,179)
[controller_server-12] [WARN] [1789539487.230806904] [controller_server]: No valid trajectories out of 335! 
[controller_server-12] [WARN] [1789539487.359212985] [controller_server]: No valid trajectories out of 335! 
[controller_server-12] [WARN] [1789539487.481721149] [controller_server]: No valid trajectories out of 335! 
[controller_server-12] [WARN] [1789539487.601932867] [controller_server]: No valid trajectories out of 335! 
[state_machine_node-28] [INFO] [1789539487.605609491] [state_machine_node]: Blue candidate door_blue_092928 ignored: physical/opened door station already handled nearby at (8.96, -1.56).
[controller_server-12] [WARN] [1789539487.729874707] [controller_server]: No valid trajectories out of 335! 
[controller_server-12] [WARN] [1789539487.853218531] [controller_server]: No valid trajectories out of 335! 
[controller_server-12] [INFO] [1789539487.968938790] [controller_server]: Passing new path to controller.
[door_detection_node-24] [INFO] [1789539489.187325962] [door_detection_node]: HSV handle observed: color=blue, pixel=(34,122), conf=0.20, door_bbox=(32,42,56,195)
[controller_server-12] [INFO] [1789539489.344073897] [controller_server]: Passing new path to controller.
[state_machine_node-28] [INFO] [1789539490.337893773] [state_machine_node]: 보조 비상구 관측 저장: door_green_9bc14b (17.9, 0.2)
[door_detection_node-24] [INFO] [1789539490.442395416] [door_detection_node]: HSV handle observed: color=blue, pixel=(197,122), conf=0.16, door_bbox=(192,60,224,178)
[controller_server-12] [INFO] [1789539490.468922985] [controller_server]: Passing new path to controller.
[state_machine_node-28] [INFO] [1789539490.778010339] [state_machine_node]: Blue candidate door_blue_092928 ignored: physical/opened door station already handled nearby at (9.01, -1.50).
[cmd_vel_safety_node-4] [WARN] [1789539491.625127149] [cmd_vel_safety_node]: LiDAR collision stop: front=0.26m
[controller_server-12] [INFO] [1789539491.718965710] [controller_server]: Passing new path to controller.
[door_detection_node-24] [INFO] [1789539492.159100673] [door_detection_node]: HSV handle observed: color=blue, pixel=(202,122), conf=0.14, door_bbox=(197,58,231,179)
[controller_server-12] [INFO] [1789539492.968923462] [controller_server]: Passing new path to controller.
[state_machine_node-28] [INFO] [1789539493.592040966] [state_machine_node]: 보조 비상구 관측 저장: door_green_9bc14b (17.9, 0.2)
[door_detection_node-24] [INFO] [1789539493.670842553] [door_detection_node]: HSV handle observed: color=blue, pixel=(194,122), conf=0.15, door_bbox=(189,61,222,178)
[controller_server-12] [INFO] [1789539494.343922497] [controller_server]: Passing new path to controller.
[door_detection_node-24] [INFO] [1789539495.420837323] [door_detection_node]: HSV handle observed: color=blue, pixel=(185,122), conf=0.15, door_bbox=(181,59,213,179)
[controller_server-12] [INFO] [1789539495.468936630] [controller_server]: Passing new path to controller.
[state_machine_node-28] [INFO] [1789539495.717739579] [state_machine_node]: Blue candidate door_blue_092928 ignored: physical/opened door station already handled nearby at (9.07, -1.48).
[controller_server-12] [INFO] [1789539496.843932433] [controller_server]: Passing new path to controller.
[state_machine_node-28] [INFO] [1789539496.945385782] [state_machine_node]: 보조 비상구 관측 저장: door_green_9bc14b (17.9, 0.2)
[door_detection_node-24] [INFO] [1789539497.024273074] [door_detection_node]: HSV handle observed: color=blue, pixel=(194,122), conf=0.15, door_bbox=(190,61,222,178)
[controller_server-12] [INFO] [1789539498.093930851] [controller_server]: Passing new path to controller.
[door_detection_node-24] [INFO] [1789539498.713180124] [door_detection_node]: HSV handle observed: color=blue, pixel=(202,122), conf=0.15, door_bbox=(197,58,230,180)
[controller_server-12] [WARN] [1789539498.733365924] [controller_server]: No valid trajectories out of 335! 
[controller_server-12] [WARN] [1789539498.864042256] [controller_server]: No valid trajectories out of 335! 
[state_machine_node-28] [INFO] [1789539498.886944065] [state_machine_node]: Blue candidate door_blue_092928 ignored: physical/opened door station already handled nearby at (8.98, -1.55).
[controller_server-12] [WARN] [1789539498.978659299] [controller_server]: No valid trajectories out of 335! 
[controller_server-12] [WARN] [1789539499.103360186] [controller_server]: No valid trajectories out of 335! 
[controller_server-12] [WARN] [1789539499.228621756] [controller_server]: No valid trajectories out of 335! 
[controller_server-12] [INFO] [1789539499.343952158] [controller_server]: Passing new path to controller.
[controller_server-12] [WARN] [1789539500.230590780] [controller_server]: No valid trajectories out of 335! 
[door_detection_node-24] [INFO] [1789539500.283551949] [door_detection_node]: HSV handle observed: color=blue, pixel=(202,122), conf=0.14, door_bbox=(197,58,230,179)
[controller_server-12] [WARN] [1789539500.352415993] [controller_server]: No valid trajectories out of 335! 
[controller_server-12] [WARN] [1789539500.478809570] [controller_server]: No valid trajectories out of 335! 
[state_machine_node-28] [INFO] [1789539500.496897129] [state_machine_node]: 보조 비상구 관측 저장: door_green_9bc14b (17.9, 0.2)
[controller_server-12] [WARN] [1789539500.624183880] [controller_server]: No valid trajectories out of 335! 
[controller_server-12] [INFO] [1789539500.722525174] [controller_server]: Passing new path to controller.
[controller_server-12] [WARN] [1789539500.978088157] [controller_server]: No valid trajectories out of 335! 
[controller_server-12] [WARN] [1789539501.104717408] [controller_server]: No valid trajectories out of 335! 
[controller_server-12] [WARN] [1789539501.229687231] [controller_server]: No valid trajectories out of 335! 
[controller_server-12] [WARN] [1789539501.353599053] [controller_server]: No valid trajectories out of 335! 
[controller_server-12] [WARN] [1789539501.478626893] [controller_server]: No valid trajectories out of 335! 
[controller_server-12] [WARN] [1789539501.601152621] [controller_server]: No valid trajectories out of 335! 
[controller_server-12] [WARN] [1789539501.736641991] [controller_server]: No valid trajectories out of 335! 
[controller_server-12] [WARN] [1789539501.859363748] [controller_server]: No valid trajectories out of 335! 
[door_detection_node-24] [INFO] [1789539501.944504010] [door_detection_node]: HSV handle observed: color=blue, pixel=(202,122), conf=0.15, door_bbox=(197,58,230,180)
[controller_server-12] [INFO] [1789539501.968939859] [controller_server]: Passing new path to controller.
[state_machine_node-28] [INFO] [1789539502.359766518] [state_machine_node]: Blue candidate door_blue_092928 ignored: physical/opened door station already handled nearby at (8.98, -1.55).
[controller_server-12] [WARN] [1789539502.727273968] [controller_server]: No valid trajectories out of 335! 
[controller_server-12] [WARN] [1789539502.855087381] [controller_server]: No valid trajectories out of 335! 
[controller_server-12] [WARN] [1789539503.229447610] [controller_server]: No valid trajectories out of 335! 
[controller_server-12] [INFO] [1789539503.343916706] [controller_server]: Passing new path to controller.
[door_detection_node-24] [INFO] [1789539503.611134755] [door_detection_node]: HSV handle observed: color=blue, pixel=(207,122), conf=0.15, door_bbox=(201,60,234,177)
[controller_server-12] [WARN] [1789539504.354762213] [controller_server]: No valid trajectories out of 335! 
[controller_server-12] [WARN] [1789539504.478595764] [controller_server]: No valid trajectories out of 335! 
[controller_server-12] [INFO] [1789539504.593949048] [controller_server]: Passing new path to controller.
[controller_server-12] [WARN] [1789539504.980660802] [controller_server]: No valid trajectories out of 335! 
[state_machine_node-28] [INFO] [1789539505.081260554] [state_machine_node]: 보조 비상구 관측 저장: door_green_9bc14b (17.9, 0.2)
[controller_server-12] [WARN] [1789539505.115094692] [controller_server]: No valid trajectories out of 335! 
[door_detection_node-24] [INFO] [1789539505.184336839] [door_detection_node]: HSV handle observed: color=blue, pixel=(202,122), conf=0.15, door_bbox=(197,58,230,180)
[controller_server-12] [WARN] [1789539505.226941393] [controller_server]: No valid trajectories out of 335! 
[controller_server-12] [WARN] [1789539505.357836378] [controller_server]: No valid trajectories out of 335! 
[controller_server-12] [WARN] [1789539505.481368386] [controller_server]: No valid trajectories out of 335! 
[state_machine_node-28] [INFO] [1789539505.577447702] [state_machine_node]: Blue candidate door_blue_092928 ignored: physical/opened door station already handled nearby at (8.94, -1.60).
[controller_server-12] [WARN] [1789539505.602509845] [controller_server]: No valid trajectories out of 335! 
[controller_server-12] [WARN] [1789539505.727753389] [controller_server]: No valid trajectories out of 335! 
[controller_server-12] [INFO] [1789539505.844477922] [controller_server]: Passing new path to controller.
[controller_server-12] [WARN] [1789539506.229701937] [controller_server]: No valid trajectories out of 335! 
[controller_server-12] [WARN] [1789539506.353750340] [controller_server]: No valid trajectories out of 335! 
[controller_server-12] [WARN] [1789539506.480965517] [controller_server]: No valid trajectories out of 335! 
[controller_server-12] [WARN] [1789539506.605432144] [controller_server]: No valid trajectories out of 335! 
[controller_server-12] [WARN] [1789539506.728650586] [controller_server]: No valid trajectories out of 335! 
[door_detection_node-24] [INFO] [1789539506.824314733] [door_detection_node]: HSV handle observed: color=blue, pixel=(203,122), conf=0.18, door_bbox=(197,58,230,180)
[controller_server-12] [WARN] [1789539506.850928270] [controller_server]: No valid trajectories out of 335! 
[controller_server-12] [INFO] [1789539506.968978519] [controller_server]: Passing new path to controller.
[controller_server-12] [WARN] [1789539507.727924185] [controller_server]: No valid trajectories out of 335! 
[controller_server-12] [WARN] [1789539507.852464603] [controller_server]: No valid trajectories out of 335! 
[controller_server-12] [WARN] [1789539507.980498542] [controller_server]: No valid trajectories out of 335! 
[controller_server-12] [WARN] [1789539508.102320793] [controller_server]: No valid trajectories out of 335! 
[controller_server-12] [WARN] [1789539508.228770332] [controller_server]: No valid trajectories out of 335! 
[controller_server-12] [INFO] [1789539508.343929142] [controller_server]: Passing new path to controller.
[door_detection_node-24] [INFO] [1789539508.661826567] [door_detection_node]: HSV handle observed: color=blue, pixel=(210,122), conf=0.16, door_bbox=(206,60,238,178)
[state_machine_node-28] [INFO] [1789539509.023564115] [state_machine_node]: Blue candidate door_blue_092928 ignored: physical/opened door station already handled nearby at (8.91, -1.60).
[controller_server-12] [INFO] [1789539509.593932145] [controller_server]: Passing new path to controller.
[door_detection_node-24] [INFO] [1789539509.814423866] [door_detection_node]: HSV handle observed: color=blue, pixel=(204,122), conf=0.14, door_bbox=(198,58,232,180)
[controller_server-12] [WARN] [1789539510.103719965] [controller_server]: No valid trajectories out of 335! 
[controller_server-12] [WARN] [1789539510.228378732] [controller_server]: No valid trajectories out of 335! 
[controller_server-12] [WARN] [1789539510.353337640] [controller_server]: No valid trajectories out of 335! 
[controller_server-12] [WARN] [1789539510.480634243] [controller_server]: No valid trajectories out of 335! 
[controller_server-12] [WARN] [1789539510.602291493] [controller_server]: No valid trajectories out of 335! 
[controller_server-12] [WARN] [1789539510.729733322] [controller_server]: No valid trajectories out of 335! 
[controller_server-12] [INFO] [1789539510.843926868] [controller_server]: Passing new path to controller.
[state_machine_node-28] [INFO] [1789539511.558399989] [state_machine_node]: 보조 비상구 관측 저장: door_green_9bc14b (17.9, 0.2)
[controller_server-12] [WARN] [1789539511.613225788] [controller_server]: No valid trajectories out of 335! 
[door_detection_node-24] [INFO] [1789539511.666347869] [door_detection_node]: HSV handle observed: color=blue, pixel=(200,122), conf=0.16, door_bbox=(196,60,228,178)
[controller_server-12] [WARN] [1789539511.731033828] [controller_server]: No valid trajectories out of 335! 
[controller_server-12] [WARN] [1789539511.861576080] [controller_server]: No valid trajectories out of 335! 
[controller_server-12] [WARN] [1789539511.983126318] [controller_server]: No valid trajectories out of 335! 
[controller_server-12] [WARN] [1789539512.105771321] [controller_server]: No valid trajectories out of 335! 
[controller_server-12] [INFO] [1789539512.218925110] [controller_server]: Passing new path to controller.
[controller_server-12] [WARN] [1789539512.604066792] [controller_server]: No valid trajectories out of 335! 
[controller_server-12] [WARN] [1789539512.729807666] [controller_server]: No valid trajectories out of 335! 
[controller_server-12] [WARN] [1789539512.853899341] [controller_server]: No valid trajectories out of 335! 
[controller_server-12] [WARN] [1789539512.984078358] [controller_server]: No valid trajectories out of 335! 
[controller_server-12] [WARN] [1789539513.108272237] [controller_server]: No valid trajectories out of 335! 
[door_detection_node-24] [INFO] [1789539513.141562198] [door_detection_node]: HSV handle observed: color=blue, pixel=(202,122), conf=0.14, door_bbox=(197,58,230,180)
[controller_server-12] [WARN] [1789539513.251004233] [controller_server]: No valid trajectories out of 335! 
[controller_server-12] [WARN] [1789539513.361957805] [controller_server]: No valid trajectories out of 335! 
[state_machine_node-28] [INFO] [1789539513.428738692] [state_machine_node]: Blue candidate door_blue_092928 ignored: physical/opened door station already handled nearby at (8.97, -1.57).
[controller_server-12] [INFO] [1789539513.468936055] [controller_server]: Passing new path to controller.
[controller_server-12] [WARN] [1789539513.853269592] [controller_server]: No valid trajectories out of 335! 
[controller_server-12] [WARN] [1789539513.980410600] [controller_server]: No valid trajectories out of 335! 
[controller_server-12] [WARN] [1789539514.105577820] [controller_server]: No valid trajectories out of 335! 
[controller_server-12] [WARN] [1789539514.231751517] [controller_server]: No valid trajectories out of 335! 
[controller_server-12] [WARN] [1789539514.353156888] [controller_server]: No valid trajectories out of 335! 
[controller_server-12] [WARN] [1789539514.480450695] [controller_server]: No valid trajectories out of 335! 
[controller_server-12] [WARN] [1789539514.603716424] [controller_server]: No valid trajectories out of 335! 
[controller_server-12] [WARN] [1789539514.728401624] [controller_server]: No valid trajectories out of 335! 
[state_machine_node-28] [INFO] [1789539514.816167370] [state_machine_node]: 보조 비상구 관측 저장: door_green_9bc14b (17.9, 0.2)
[controller_server-12] [INFO] [1789539514.843973474] [controller_server]: Passing new path to controller.
[door_detection_node-24] [INFO] [1789539514.931990977] [door_detection_node]: HSV handle observed: color=blue, pixel=(202,122), conf=0.15, door_bbox=(197,58,230,180)
[controller_server-12] [WARN] [1789539515.228277745] [controller_server]: No valid trajectories out of 335! 
[controller_server-12] [WARN] [1789539515.359560263] [controller_server]: No valid trajectories out of 335! 
[controller_server-12] [WARN] [1789539515.480026321] [controller_server]: No valid trajectories out of 335! 
[controller_server-12] [WARN] [1789539515.603701929] [controller_server]: No valid trajectories out of 335! 
[controller_server-12] [WARN] [1789539515.731179940] [controller_server]: No valid trajectories out of 335! 
[controller_server-12] [WARN] [1789539515.853249291] [controller_server]: No valid trajectories out of 335! 
[controller_server-12] [INFO] [1789539515.968926807] [controller_server]: Passing new path to controller.
[door_detection_node-24] [INFO] [1789539516.482646718] [door_detection_node]: HSV handle observed: color=blue, pixel=(199,122), conf=0.16, door_bbox=(195,60,226,178)
[state_machine_node-28] [INFO] [1789539516.774698360] [state_machine_node]: Blue candidate door_blue_092928 ignored: physical/opened door station already handled nearby at (9.07, -1.43).
[state_machine_node-28] [WARN] [1789539516.812840148] [state_machine_node]: Door navigation stuck: target=observed_blue_14p5_1p4, progress=14.03, no_forward_progress=32.8s, dist=1.27m.
[state_machine_node-28] [INFO] [1789539516.813759366] [state_machine_node]: Nav2 goal cancellation requested before door navigation door_nav_stuck recovery.
[navigation_node-25] [INFO] [1789539516.814809275] [navigation_node]: Navigation cancellation requested for manual control handoff.
[state_machine_node-28] [WARN] [1789539516.814921087] [state_machine_node]: Nav failure [door_nav_stuck] → observed_blue_14p5_1p4. 재시도 1/2
[state_machine_node-28] [WARN] [1789539516.816874263] [state_machine_node]: Nav2 start cell recovery: rear LiDAR clearance 1.30m >= 0.55m; backing away briefly before replanning the locked blue door.
[controller_server-12] [INFO] [1789539516.843915311] [controller_server]: Goal was canceled. Stopping the robot.
[controller_server-12] [INFO] [1789539516.844047386] [controller_server]: [follow_path] [ActionServer] Client requested to cancel the goal. Cancelling.
[bt_navigator-16] [INFO] [1789539516.844452579] [bt_navigator]: [navigate_to_pose] [ActionServer] Client requested to cancel the goal. Cancelling.
[bt_navigator-16] [INFO] [1789539516.844704882] [bt_navigator]: Goal canceled
[state_machine_node-28] [INFO] [1789539517.734489238] [state_machine_node]: Close-station correction backoff: observed_blue_14p5_1p4, cmd_x=-0.08
[state_machine_node-28] [INFO] [1789539518.167844129] [state_machine_node]: 보조 비상구 관측 저장: door_green_9bc14b (17.9, 0.2)
[door_detection_node-24] [INFO] [1789539518.237001718] [door_detection_node]: HSV handle observed: color=blue, pixel=(200,122), conf=0.15, door_bbox=(196,60,228,178)
[state_machine_node-28] [INFO] [1789539518.745097377] [state_machine_node]: Close-station correction backoff: observed_blue_14p5_1p4, cmd_x=-0.08
[state_machine_node-28] [INFO] [1789539519.683927566] [state_machine_node]: Close-station correction backoff: observed_blue_14p5_1p4, cmd_x=-0.08
[door_detection_node-24] [INFO] [1789539519.766010263] [door_detection_node]: HSV handle observed: color=blue, pixel=(204,122), conf=0.15, door_bbox=(198,59,230,179)
[state_machine_node-28] [INFO] [1789539520.294959046] [state_machine_node]: Blue candidate door_blue_092928 ignored: physical/opened door station already handled nearby at (8.96, -1.54).
[state_machine_node-28] [INFO] [1789539520.742144150] [state_machine_node]: Door navigation backoff complete; replanning to observed_blue_14p5_1p4.
[navigation_node-25] [INFO] [1789539520.744538771] [navigation_node]: Navigation goal received: door observed_blue_14p5_1p4 (color=blue, frame=map, x=12.29, y=0.80)
[bt_navigator-16] [INFO] [1789539520.898669682] [bt_navigator]: Begin navigating from current location (11.02, 0.82) to (12.29, 0.80)
[navigation_node-25] [INFO] [1789539520.900270663] [navigation_node]: Navigation goal accepted by Nav2
[controller_server-12] [INFO] [1789539521.105164969] [controller_server]: Received a goal, begin computing control effort.
[state_machine_node-28] [INFO] [1789539521.409410577] [state_machine_node]: 보조 비상구 관측 저장: door_green_9bc14b (17.9, 0.2)
[controller_server-12] [INFO] [1789539522.480774651] [controller_server]: Passing new path to controller.
[door_detection_node-24] [INFO] [1789539523.122600735] [door_detection_node]: HSV handle observed: color=blue, pixel=(225,122), conf=0.14, door_bbox=(219,61,254,178)
[state_machine_node-28] [INFO] [1789539523.588479904] [state_machine_node]: Blue candidate door_blue_092928 ignored: physical/opened door station already handled nearby at (8.89, -1.58).
[controller_server-12] [INFO] [1789539523.730765517] [controller_server]: Passing new path to controller.
[state_machine_node-28] [INFO] [1789539524.623625754] [state_machine_node]: 보조 비상구 관측 저장: door_green_2e83f8 (17.9, 0.1)
[door_detection_node-24] [INFO] [1789539525.026824350] [door_detection_node]: HSV handle observed: color=blue, pixel=(151,122), conf=0.07, door_bbox=(150,54,169,186)
[controller_server-12] [INFO] [1789539525.105767643] [controller_server]: Passing new path to controller.
[controller_server-12] [INFO] [1789539526.355998141] [controller_server]: Passing new path to controller.
[state_machine_node-28] [INFO] [1789539526.481681713] [state_machine_node]: 문 접근 목표 보정: door_blue_15a45f handle_axis=(15.12, 2.02) goal_axis=(15.12, 0.92) wall_axis=(15.12, 2.02) yaw=90deg
[state_machine_node-28] [INFO] [1789539526.485065814] [state_machine_node]: 문 접근 목표 보정: door_blue_15a45f handle_axis=(15.12, 2.02) goal_axis=(15.12, 0.92) wall_axis=(15.12, 2.02) yaw=90deg
[state_machine_node-28] [WARN] [1789539526.486432784] [state_machine_node]: Locked blue target refined from newer observation: observed_blue_14p5_1p4 -> observed_blue_14p5_1p4, goal shift=0.21m, identity=(11.85,1.91) -> (12.12,2.02)
[navigation_node-25] [INFO] [1789539526.488104782] [navigation_node]: Navigation goal received: door observed_blue_14p5_1p4 (color=blue, frame=map, x=12.12, y=0.92)
[navigation_node-25] [INFO] [1789539526.489051667] [navigation_node]: Ignoring duplicate navigation target for active door: observed_blue_14p5_1p4
[door_detection_node-24] [INFO] [1789539526.654968263] [door_detection_node]: HSV handle observed: color=blue, pixel=(60,122), conf=0.16, door_bbox=(55,60,88,178)
[state_machine_node-28] [INFO] [1789539526.863804102] [state_machine_node]: Blue candidate door_blue_bedbba ignored: physical/opened door station already handled nearby at (8.60, -1.75).
[controller_server-12] [INFO] [1789539527.605773586] [controller_server]: Passing new path to controller.
[door_detection_node-24] [INFO] [1789539527.825630347] [door_detection_node]: HSV handle observed: color=blue, pixel=(93,122), conf=0.17, door_bbox=(88,62,119,175)
[door_detection_node-24] [INFO] [1789539528.123106562] [door_detection_node]: YOLO handle observed (primary): pixel=(83,128), conf=0.51, bbox=(55, 113, 111, 142)
[door_detection_node-24] [INFO] [1789539528.127096271] [door_detection_node]: Handle camera-ray projection: pixel=(83,128), range=1.824m, z=0.730m
[state_machine_node-28] [INFO] [1789539528.141007275] [state_machine_node]: 문 접근 목표 보정: door_blue_15a45f handle_axis=(15.29, 2.07) goal_axis=(15.29, 0.95) wall_axis=(15.29, 2.07) yaw=90deg
[state_machine_node-28] [INFO] [1789539528.144577286] [state_machine_node]: 문 접근 목표 보정: door_blue_15a45f handle_axis=(15.29, 2.07) goal_axis=(15.29, 0.95) wall_axis=(15.29, 2.07) yaw=90deg
[state_machine_node-28] [INFO] [1789539528.146979972] [state_machine_node]: 보조 비상구 관측 저장: door_green_07e6bf (17.9, 0.1)
[controller_server-12] [INFO] [1789539528.856421167] [controller_server]: Passing new path to controller.
[door_detection_node-24] [INFO] [1789539528.880864337] [door_detection_node]: HSV handle observed: color=blue, pixel=(117,121), conf=0.18, door_bbox=(114,62,142,173)
[door_detection_node-24] [INFO] [1789539529.513521121] [door_detection_node]: YOLO handle observed (primary): pixel=(118,128), conf=0.57, bbox=(92, 113, 145, 144)
[door_detection_node-24] [INFO] [1789539529.518639823] [door_detection_node]: Handle camera-ray projection: pixel=(118,128), range=1.849m, z=0.727m
[state_machine_node-28] [INFO] [1789539529.630989159] [state_machine_node]: 문 접근 목표 보정: door_blue_15a45f handle_axis=(15.33, 2.06) goal_axis=(15.33, 0.95) wall_axis=(15.33, 2.06) yaw=90deg
[state_machine_node-28] [INFO] [1789539529.634199438] [state_machine_node]: 문 접근 목표 보정: door_blue_15a45f handle_axis=(15.33, 2.06) goal_axis=(15.33, 0.95) wall_axis=(15.33, 2.06) yaw=90deg
[state_machine_node-28] [WARN] [1789539529.635279303] [state_machine_node]: Locked blue target refined from newer observation: observed_blue_14p5_1p4 -> observed_blue_14p5_1p4, goal shift=0.21m, identity=(12.12,2.02) -> (11.77,1.94)
[navigation_node-25] [INFO] [1789539529.639759429] [navigation_node]: Navigation goal received: door observed_blue_14p5_1p4 (color=blue, frame=map, x=12.33, y=0.95)
[navigation_node-25] [INFO] [1789539529.640214107] [navigation_node]: Ignoring duplicate navigation target for active door: observed_blue_14p5_1p4
[door_detection_node-24] [INFO] [1789539530.013678341] [door_detection_node]: HSV handle observed: color=blue, pixel=(264,122), conf=0.17, door_bbox=(261,42,288,190)
[state_machine_node-28] [INFO] [1789539530.049174285] [state_machine_node]: Blue candidate door_blue_5d2841 ignored: physical/opened door station already handled nearby at (8.78, -1.47).
[controller_server-12] [INFO] [1789539530.105836847] [controller_server]: Passing new path to controller.
[cmd_vel_safety_node-4] [WARN] [1789539530.422683525] [cmd_vel_safety_node]: LiDAR collision stop: front=0.47m
[door_detection_node-24] [INFO] [1789539531.036286461] [door_detection_node]: HSV handle observed: color=blue, pixel=(164,122), conf=0.17, door_bbox=(160,62,189,173)
[door_detection_node-24] [INFO] [1789539531.221163196] [door_detection_node]: YOLO handle observed (primary): pixel=(162,128), conf=0.63, bbox=(136, 114, 187, 142)
[door_detection_node-24] [INFO] [1789539531.225399063] [door_detection_node]: Handle camera-ray projection: pixel=(162,128), range=1.909m, z=0.724m
[controller_server-12] [INFO] [1789539531.230992088] [controller_server]: Passing new path to controller.
[state_machine_node-28] [INFO] [1789539531.349223661] [state_machine_node]: 문 접근 목표 보정: door_blue_9aa8fe handle_axis=(15.42, 2.06) goal_axis=(15.42, 0.95) wall_axis=(15.42, 2.06) yaw=90deg
[state_machine_node-28] [INFO] [1789539531.353026666] [state_machine_node]: 문 접근 목표 보정: door_blue_9aa8fe handle_axis=(15.42, 2.06) goal_axis=(15.42, 0.95) wall_axis=(15.42, 2.06) yaw=90deg
[state_machine_node-28] [INFO] [1789539531.906923845] [state_machine_node]: 보조 비상구 관측 저장: door_green_5e9f5c (17.9, 0.1)
[controller_server-12] [INFO] [1789539532.605774456] [controller_server]: Passing new path to controller.
[door_detection_node-24] [INFO] [1789539532.846302254] [door_detection_node]: YOLO handle observed (primary): pixel=(201,127), conf=0.66, bbox=(172, 114, 230, 140)
[door_detection_node-24] [INFO] [1789539532.856035531] [door_detection_node]: Handle camera-ray projection: pixel=(201,127), range=1.864m, z=0.734m
[state_machine_node-28] [INFO] [1789539532.870306659] [state_machine_node]: 문 접근 목표 보정: door_blue_9aa8fe handle_axis=(15.44, 2.07) goal_axis=(15.44, 0.95) wall_axis=(15.44, 2.07) yaw=90deg
[state_machine_node-28] [INFO] [1789539532.873282502] [state_machine_node]: 문 접근 목표 보정: door_blue_9aa8fe handle_axis=(15.44, 2.07) goal_axis=(15.44, 0.95) wall_axis=(15.44, 2.07) yaw=90deg
[door_detection_node-24] [INFO] [1789539533.081195025] [door_detection_node]: HSV handle observed: color=blue, pixel=(242,122), conf=0.13, door_bbox=(238,55,274,184)
[controller_server-12] [INFO] [1789539533.858221048] [controller_server]: Passing new path to controller.
[door_detection_node-24] [INFO] [1789539534.542354764] [door_detection_node]: YOLO handle observed (primary): pixel=(287,126), conf=0.44, bbox=(254, 86, 320, 166)
[door_detection_node-24] [INFO] [1789539534.546732091] [door_detection_node]: Handle camera-ray projection: pixel=(287,126), range=1.743m, z=0.750m
[state_machine_node-28] [INFO] [1789539534.660064534] [state_machine_node]: 문 접근 목표 보정: door_blue_6f0639 handle_axis=(15.43, 2.00) goal_axis=(15.43, 0.90) wall_axis=(15.43, 2.00) yaw=90deg
[state_machine_node-28] [INFO] [1789539534.663699695] [state_machine_node]: 문 접근 목표 보정: door_blue_6f0639 handle_axis=(15.43, 2.00) goal_axis=(15.43, 0.90) wall_axis=(15.43, 2.00) yaw=90deg
[door_detection_node-24] [INFO] [1789539534.830680952] [door_detection_node]: HSV handle observed: color=blue, pixel=(30,122), conf=0.17, door_bbox=(27,51,66,185)
[controller_server-12] [INFO] [1789539534.980779648] [controller_server]: Passing new path to controller.
[controller_server-12] [INFO] [1789539536.231834125] [controller_server]: Passing new path to controller.
[door_detection_node-24] [INFO] [1789539536.402960539] [door_detection_node]: HSV handle observed: color=blue, pixel=(72,122), conf=0.19, door_bbox=(69,53,104,184)
[controller_server-12] [INFO] [1789539537.605781429] [controller_server]: Passing new path to controller.
[door_detection_node-24] [INFO] [1789539537.891068708] [door_detection_node]: YOLO handle observed (primary): pixel=(251,132), conf=0.31, bbox=(203, 115, 299, 149)
[door_detection_node-24] [INFO] [1789539537.894286512] [door_detection_node]: Handle camera-ray projection: pixel=(251,132), range=1.412m, z=0.722m
[state_machine_node-28] [INFO] [1789539538.008090503] [state_machine_node]: 문 접근 목표 보정: door_blue_6f0639 handle_axis=(15.39, 2.00) goal_axis=(15.39, 0.90) wall_axis=(15.39, 2.00) yaw=90deg
[state_machine_node-28] [INFO] [1789539538.011866976] [state_machine_node]: 문 접근 목표 보정: door_blue_6f0639 handle_axis=(15.39, 2.00) goal_axis=(15.39, 0.90) wall_axis=(15.39, 2.00) yaw=90deg
[door_detection_node-24] [INFO] [1789539538.181884152] [door_detection_node]: HSV handle observed: color=blue, pixel=(73,122), conf=0.18, door_bbox=(70,52,108,186)
[controller_server-12] [INFO] [1789539538.855754549] [controller_server]: Passing new path to controller.
[state_machine_node-28] [INFO] [1789539539.208138413] [state_machine_node]: 보조 비상구 관측 저장: door_green_746749 (17.3, 0.1)
[door_detection_node-24] [INFO] [1789539539.568167331] [door_detection_node]: HSV handle observed: color=blue, pixel=(146,128), conf=0.88, door_bbox=(0,0,176,240)
[door_detection_node-24] [INFO] [1789539539.572769976] [door_detection_node]: Handle camera-ray projection: pixel=(146,128), range=1.128m, z=0.750m
[state_machine_node-28] [INFO] [1789539539.591707564] [state_machine_node]: 문 접근 목표 보정: door_blue_9aa8fe handle_axis=(15.19, 1.90) goal_axis=(15.19, 0.80) wall_axis=(15.19, 1.90) yaw=90deg
[state_machine_node-28] [INFO] [1789539539.600965644] [state_machine_node]: 문 접근 목표 보정: door_blue_9aa8fe handle_axis=(15.19, 1.90) goal_axis=(15.19, 0.80) wall_axis=(15.19, 1.90) yaw=90deg
[state_machine_node-28] [WARN] [1789539539.602426285] [state_machine_node]: Locked blue target refined from newer observation: observed_blue_14p5_1p4 -> observed_blue_14p5_1p4, goal shift=0.20m, identity=(11.77,1.94) -> (11.92,2.75)
[navigation_node-25] [INFO] [1789539539.606346592] [navigation_node]: Navigation goal received: door observed_blue_14p5_1p4 (color=blue, frame=map, x=12.19, y=0.80)
[navigation_node-25] [INFO] [1789539539.606764385] [navigation_node]: Ignoring duplicate navigation target for active door: observed_blue_14p5_1p4
[state_machine_node-28] [INFO] [1789539539.911410756] [state_machine_node]: Nav2 goal is close enough for fine door alignment: observed_blue_14p5_1p4, dist=0.25m/0.38m, lateral=0.14m/0.24m, yaw_error=89deg.
[navigation_node-25] [INFO] [1789539539.912518822] [navigation_node]: Navigation cancellation requested for manual control handoff.
[state_machine_node-28] [INFO] [1789539539.913187127] [state_machine_node]: Nav2 goal cancellation requested before door fine alignment.
[state_machine_node-28] [INFO] [1789539539.915677688] [state_machine_node]: Fine door approach started: observed_blue_14p5_1p4, dist=0.25m, lateral=0.14m, forward=0.21m, yaw_error=89deg
[state_machine_node-28] [INFO] [1789539539.916543252] [state_machine_node]: Fine door parking translation: observed_blue_14p5_1p4, dist=0.25m/0.17m, heading_error=34deg, cmd=(0.00, 0.25)
[bt_navigator-16] [ERROR] [1789539540.021038624] [bt_navigator_navigate_to_pose_rclcpp_node]: Failed to get result for follow_path in node halt!
[bt_navigator-16] [INFO] [1789539540.021242466] [bt_navigator]: [navigate_to_pose] [ActionServer] Client requested to cancel the goal. Cancelling.
[bt_navigator-16] [INFO] [1789539540.021453410] [bt_navigator]: Goal canceled
[controller_server-12] [INFO] [1789539540.105837696] [controller_server]: Goal was canceled. Stopping the robot.
[controller_server-12] [INFO] [1789539540.105976979] [controller_server]: [follow_path] [ActionServer] Client requested to cancel the goal. Cancelling.
[state_machine_node-28] [INFO] [1789539540.871647609] [state_machine_node]: Fine door parking translation: observed_blue_14p5_1p4, dist=0.25m/0.17m, heading_error=31deg, cmd=(0.00, 0.25)
[door_detection_node-24] [INFO] [1789539541.391714529] [door_detection_node]: HSV handle observed: color=blue, pixel=(52,122), conf=0.21, door_bbox=(46,47,93,191)
[state_machine_node-28] [INFO] [1789539541.409814713] [state_machine_node]: 문 접근 목표 보정: door_blue_02521c handle_axis=(18.06, -1.94) goal_axis=(18.06, -0.84) wall_axis=(18.06, -1.94) yaw=-90deg
[state_machine_node-28] [INFO] [1789539541.904255714] [state_machine_node]: Fine door parking translation: observed_blue_14p5_1p4, dist=0.26m/0.17m, heading_error=28deg, cmd=(0.07, 0.14)
[state_machine_node-28] [INFO] [1789539542.925650794] [state_machine_node]: Fine door parking translation: observed_blue_14p5_1p4, dist=0.24m/0.17m, heading_error=29deg, cmd=(0.00, 0.25)
[door_detection_node-24] [INFO] [1789539542.985849653] [door_detection_node]: HSV handle observed: color=blue, pixel=(90,122), conf=0.19, door_bbox=(85,49,129,190)
[state_machine_node-28] [INFO] [1789539542.997087616] [state_machine_node]: 문 접근 목표 보정: door_blue_db9617 handle_axis=(17.99, -1.94) goal_axis=(17.99, -0.84) wall_axis=(17.99, -1.94) yaw=-90deg
[state_machine_node-28] [INFO] [1789539543.241717778] [state_machine_node]: 보조 비상구 관측 저장: door_green_33efca (17.1, 0.0)
[state_machine_node-28] [INFO] [1789539543.895608700] [state_machine_node]: Fine door parking translation: observed_blue_14p5_1p4, dist=0.24m/0.17m, heading_error=26deg, cmd=(0.07, 0.14)
[door_detection_node-24] [INFO] [1789539544.568131158] [door_detection_node]: HSV handle observed: color=blue, pixel=(220,129), conf=0.68, door_bbox=(7,0,251,240)
[door_detection_node-24] [INFO] [1789539544.571930015] [door_detection_node]: Handle camera-ray projection: pixel=(220,129), range=1.304m, z=0.740m
[state_machine_node-28] [INFO] [1789539544.581761012] [state_machine_node]: 문 접근 목표 보정: door_blue_9aa8fe handle_axis=(15.32, 2.05) goal_axis=(15.32, 0.95) wall_axis=(15.32, 2.05) yaw=90deg
[state_machine_node-28] [INFO] [1789539544.586898653] [state_machine_node]: 문 접근 목표 보정: door_blue_9aa8fe handle_axis=(15.32, 2.05) goal_axis=(15.32, 0.95) wall_axis=(15.32, 2.05) yaw=90deg
[state_machine_node-28] [INFO] [1789539544.592005223] [state_machine_node]: 문 접근 목표 보정: door_blue_9aa8fe handle_axis=(15.32, 2.05) goal_axis=(15.32, 0.95) wall_axis=(15.32, 2.05) yaw=90deg
[state_machine_node-28] [INFO] [1789539544.766352114] [state_machine_node]: 문 접근 목표 보정: door_blue_739463 handle_axis=(17.94, -1.94) goal_axis=(17.94, -0.84) wall_axis=(17.94, -1.94) yaw=-90deg
[state_machine_node-28] [INFO] [1789539544.913740975] [state_machine_node]: Fine door parking translation: observed_blue_14p5_1p4, dist=0.21m/0.17m, heading_error=27deg, cmd=(0.07, 0.14)
[state_machine_node-28] [INFO] [1789539545.875820678] [state_machine_node]: Fine door parking translation: observed_blue_14p5_1p4, dist=0.18m/0.17m, heading_error=30deg, cmd=(0.00, 0.25)
[door_detection_node-24] [INFO] [1789539546.157827018] [door_detection_node]: YOLO handle observed (primary): pixel=(238,134), conf=0.56, bbox=(183, 116, 294, 151)
[door_detection_node-24] [INFO] [1789539546.162872034] [door_detection_node]: Handle camera-ray projection: pixel=(238,134), range=1.183m, z=0.722m
[state_machine_node-28] [INFO] [1789539546.275850302] [state_machine_node]: 문 접근 목표 보정: door_blue_9aa8fe handle_axis=(15.33, 1.95) goal_axis=(15.33, 0.85) wall_axis=(15.33, 1.95) yaw=90deg
[state_machine_node-28] [INFO] [1789539546.281395196] [state_machine_node]: 문 접근 목표 보정: door_blue_9aa8fe handle_axis=(15.33, 1.95) goal_axis=(15.33, 0.85) wall_axis=(15.33, 1.95) yaw=90deg
[state_machine_node-28] [INFO] [1789539546.285581140] [state_machine_node]: 문 접근 목표 보정: door_blue_9aa8fe handle_axis=(15.33, 1.95) goal_axis=(15.33, 0.85) wall_axis=(15.33, 1.95) yaw=90deg
[state_machine_node-28] [INFO] [1789539546.391160309] [state_machine_node]: 보조 비상구 관측 저장: door_green_33efca (16.7, 0.3)
[door_detection_node-24] [INFO] [1789539546.560183533] [door_detection_node]: HSV handle observed: color=blue, pixel=(148,122), conf=0.15, door_bbox=(143,49,187,191)
[state_machine_node-28] [INFO] [1789539546.568892111] [state_machine_node]: 문 접근 목표 보정: door_blue_bedbba handle_axis=(17.91, -1.96) goal_axis=(17.91, -0.86) wall_axis=(17.91, -1.96) yaw=-90deg
[state_machine_node-28] [INFO] [1789539546.917271927] [state_machine_node]: Fine door parking translation: observed_blue_14p5_1p4, dist=0.19m/0.17m, heading_error=27deg, cmd=(0.07, 0.14)
[door_detection_node-24] [INFO] [1789539547.889513803] [door_detection_node]: HSV handle observed: color=blue, pixel=(262,130), conf=0.82, door_bbox=(53,0,305,240)
[door_detection_node-24] [INFO] [1789539547.897694820] [door_detection_node]: Handle camera-ray projection: pixel=(262,130), range=1.299m, z=0.738m
[state_machine_node-28] [INFO] [1789539547.904582122] [state_machine_node]: Blue candidate door_blue_c33b94_1 recorded at camera-ray intersection with the observed corridor wall.
[state_machine_node-28] [INFO] [1789539547.906116743] [state_machine_node]: 문 접근 목표 보정: door_blue_6f0639 handle_axis=(15.35, 2.08) goal_axis=(15.35, 0.95) wall_axis=(15.35, 2.08) yaw=90deg
[state_machine_node-28] [INFO] [1789539547.910967553] [state_machine_node]: 문 접근 목표 보정: door_blue_6f0639 handle_axis=(15.35, 2.08) goal_axis=(15.35, 0.95) wall_axis=(15.35, 2.08) yaw=90deg
[state_machine_node-28] [INFO] [1789539547.915606646] [state_machine_node]: 문 접근 목표 보정: door_blue_6f0639 handle_axis=(15.35, 2.08) goal_axis=(15.35, 0.95) wall_axis=(15.35, 2.08) yaw=90deg
[state_machine_node-28] [INFO] [1789539547.922267905] [state_machine_node]: Fine door final yaw alignment: observed_blue_14p5_1p4, dist=0.16m/0.17m, yaw_error=56deg, cmd=(0.00, 0.25)
[state_machine_node-28] [INFO] [1789539548.080869331] [state_machine_node]: 문 접근 목표 보정: door_blue_bedbba handle_axis=(17.92, -2.01) goal_axis=(17.92, -0.91) wall_axis=(17.92, -2.01) yaw=-90deg
[state_machine_node-28] [INFO] [1789539548.922874081] [state_machine_node]: Fine door final yaw alignment: observed_blue_14p5_1p4, dist=0.16m/0.17m, yaw_error=52deg, cmd=(0.00, 0.25)
[door_detection_node-24] [INFO] [1789539549.756343871] [door_detection_node]: HSV handle observed: color=blue, pixel=(208,122), conf=0.14, door_bbox=(204,46,251,194)
[state_machine_node-28] [INFO] [1789539549.767665227] [state_machine_node]: 문 접근 목표 보정: door_blue_bedbba handle_axis=(17.75, -1.91) goal_axis=(17.75, -0.81) wall_axis=(17.75, -1.91) yaw=-90deg
[state_machine_node-28] [INFO] [1789539549.889036292] [state_machine_node]: Fine door final yaw alignment: observed_blue_14p5_1p4, dist=0.16m/0.17m, yaw_error=48deg, cmd=(0.00, 0.25)
[state_machine_node-28] [INFO] [1789539550.865401788] [state_machine_node]: Fine door final yaw alignment: observed_blue_14p5_1p4, dist=0.16m/0.17m, yaw_error=43deg, cmd=(0.00, 0.25)
[door_detection_node-24] [INFO] [1789539551.237829784] [door_detection_node]: HSV handle observed: color=blue, pixel=(242,122), conf=0.16, door_bbox=(237,40,288,196)
[state_machine_node-28] [INFO] [1789539551.246712903] [state_machine_node]: 문 접근 목표 보정: door_blue_5d2841 handle_axis=(17.76, -1.95) goal_axis=(17.76, -0.85) wall_axis=(17.76, -1.95) yaw=-90deg
[state_machine_node-28] [INFO] [1789539551.874773890] [state_machine_node]: Blue candidate door_blue_0eb762_3 rejected: handle lateral 5.35m is outside wall band 2.20+0.35m.
[state_machine_node-28] [INFO] [1789539551.877653310] [state_machine_node]: Blue candidate door_blue_0eb762_3 recorded with door-body progress and observed wall side because its direct projection was center-biased or crossed the corridor.
[state_machine_node-28] [INFO] [1789539551.879439968] [state_machine_node]: 문 접근 목표 보정: door_blue_0eb762_3 handle_axis=(15.78, 5.35) goal_axis=(15.78, 0.95) wall_axis=(15.78, 2.20) yaw=90deg
[state_machine_node-28] [INFO] [1789539551.883055974] [state_machine_node]: 문 접근 목표 보정: door_blue_0eb762_3 handle_axis=(15.78, 5.35) goal_axis=(15.78, 0.95) wall_axis=(15.78, 2.20) yaw=90deg
[state_machine_node-28] [INFO] [1789539551.883976565] [state_machine_node]: Locked blue target refine skipped: door_blue_0eb762_3 total drift progress=1.29m, xy=3.68m > 1.05m from locked anchor
[state_machine_node-28] [INFO] [1789539551.900009075] [state_machine_node]: Fine door final yaw alignment: observed_blue_14p5_1p4, dist=0.16m/0.17m, yaw_error=39deg, cmd=(0.00, 0.25)
[state_machine_node-28] [INFO] [1789539552.883314870] [state_machine_node]: 문 접근 목표 보정: door_blue_6f0639 handle_axis=(14.60, 2.68) goal_axis=(14.60, 0.95) wall_axis=(14.60, 2.20) yaw=90deg
[state_machine_node-28] [INFO] [1789539552.899755488] [state_machine_node]: Fine door final yaw alignment: observed_blue_14p5_1p4, dist=0.16m/0.17m, yaw_error=35deg, cmd=(0.00, 0.25)
[state_machine_node-28] [INFO] [1789539553.059912042] [state_machine_node]: 문 접근 목표 보정: door_blue_0eb762 handle_axis=(15.62, 5.37) goal_axis=(15.62, 0.95) wall_axis=(15.62, 2.20) yaw=90deg
[state_machine_node-28] [INFO] [1789539553.070127171] [state_machine_node]: 문 접근 목표 보정: door_blue_0eb762 handle_axis=(15.62, 5.37) goal_axis=(15.62, 0.95) wall_axis=(15.62, 2.20) yaw=90deg
[door_detection_node-24] [INFO] [1789539553.221734343] [door_detection_node]: HSV handle observed: color=blue, pixel=(278,122), conf=0.21, door_bbox=(270,37,320,206)
[state_machine_node-28] [INFO] [1789539553.233157324] [state_machine_node]: 문 접근 목표 보정: door_blue_5d2841 handle_axis=(17.06, -1.17) goal_axis=(17.06, -0.80) wall_axis=(17.06, -1.90) yaw=-90deg
[state_machine_node-28] [INFO] [1789539553.943880482] [state_machine_node]: Fine door final yaw alignment: observed_blue_14p5_1p4, dist=0.16m/0.17m, yaw_error=30deg, cmd=(0.00, 0.25)
[state_machine_node-28] [INFO] [1789539554.367836378] [state_machine_node]: 문 접근 목표 보정: door_blue_0eb762 handle_axis=(15.39, 5.34) goal_axis=(15.39, 0.95) wall_axis=(15.39, 2.20) yaw=90deg
[state_machine_node-28] [INFO] [1789539554.689159540] [state_machine_node]: 문 접근 목표 보정: door_blue_6f252f handle_axis=(14.51, 2.66) goal_axis=(14.51, 0.95) wall_axis=(14.51, 2.20) yaw=90deg
[state_machine_node-28] [INFO] [1789539554.975352119] [state_machine_node]: Fine door final yaw alignment: observed_blue_14p5_1p4, dist=0.16m/0.17m, yaw_error=25deg, cmd=(0.00, 0.25)
[door_detection_node-24] [INFO] [1789539555.291271669] [door_detection_node]: YOLO handle observed (primary): pixel=(36,87), conf=0.26, bbox=(21, 79, 52, 95)
[door_detection_node-24] [INFO] [1789539555.297092619] [door_detection_node]: Handle camera-ray projection: pixel=(36,87), range=1.049m, z=0.920m
[state_machine_node-28] [INFO] [1789539555.303767369] [state_machine_node]: Blue candidate door_blue_c33b94_1 recorded at camera-ray intersection with the observed corridor wall.
[state_machine_node-28] [INFO] [1789539555.304944637] [state_machine_node]: 문 접근 목표 보정: door_blue_de5205 handle_axis=(15.08, 1.85) goal_axis=(15.08, 0.80) wall_axis=(15.08, 1.90) yaw=90deg
[state_machine_node-28] [INFO] [1789539555.308346255] [state_machine_node]: 문 접근 목표 보정: door_blue_de5205 handle_axis=(15.08, 1.85) goal_axis=(15.08, 0.80) wall_axis=(15.08, 1.90) yaw=90deg
[state_machine_node-28] [INFO] [1789539555.310460138] [state_machine_node]: Locked blue target refine skipped: door_blue_de5205 total drift progress=0.68m, xy=1.09m > 1.05m from locked anchor
[state_machine_node-28] [INFO] [1789539555.956358923] [state_machine_node]: Fine door final yaw alignment: observed_blue_14p5_1p4, dist=0.15m/0.17m, yaw_error=20deg, cmd=(0.00, 0.25)
[state_machine_node-28] [INFO] [1789539556.286327766] [state_machine_node]: Blue candidate door_blue_c33b94_1 rejected: handle lateral 2.60m is outside wall band 2.20+0.35m.
[state_machine_node-28] [INFO] [1789539556.290186351] [state_machine_node]: Blue candidate door_blue_c33b94_1 recorded with door-body progress and observed wall side because its direct projection was center-biased or crossed the corridor.
[state_machine_node-28] [INFO] [1789539556.291967818] [state_machine_node]: 문 접근 목표 보정: door_blue_6f252f handle_axis=(14.39, 2.60) goal_axis=(14.39, 0.95) wall_axis=(14.39, 2.20) yaw=90deg
[state_machine_node-28] [INFO] [1789539556.474949056] [state_machine_node]: 문 접근 목표 보정: door_blue_de5205 handle_axis=(15.08, 2.75) goal_axis=(15.08, 0.95) wall_axis=(15.08, 2.20) yaw=90deg
[state_machine_node-28] [INFO] [1789539556.998155466] [state_machine_node]: Fine door final yaw alignment: observed_blue_14p5_1p4, dist=0.15m/0.17m, yaw_error=15deg, cmd=(0.00, 0.19)
[door_detection_node-24] [INFO] [1789539557.683140610] [door_detection_node]: HSV handle observed: color=blue, pixel=(136,129), conf=0.94, door_bbox=(0,0,170,240)
[door_detection_node-24] [INFO] [1789539557.688422390] [door_detection_node]: Handle camera-ray projection: pixel=(136,129), range=1.025m, z=0.750m
[state_machine_node-28] [INFO] [1789539557.701107239] [state_machine_node]: 문 접근 목표 보정: door_blue_4c9350 handle_axis=(15.28, 1.82) goal_axis=(15.28, 0.80) wall_axis=(15.28, 1.90) yaw=90deg
[state_machine_node-28] [INFO] [1789539557.706567195] [state_machine_node]: 문 접근 목표 보정: door_blue_4c9350 handle_axis=(15.28, 1.82) goal_axis=(15.28, 0.80) wall_axis=(15.28, 1.90) yaw=90deg
[state_machine_node-28] [INFO] [1789539557.710559892] [state_machine_node]: 문 접근 목표 보정: door_blue_4c9350 handle_axis=(15.28, 1.82) goal_axis=(15.28, 0.80) wall_axis=(15.28, 1.90) yaw=90deg
[state_machine_node-28] [INFO] [1789539558.056767595] [state_machine_node]: Fine door final yaw alignment: observed_blue_14p5_1p4, dist=0.15m/0.17m, yaw_error=10deg, cmd=(0.00, 0.13)
[state_machine_node-28] [INFO] [1789539559.031702756] [state_machine_node]: Fine door approach accepted for manipulation verification: observed_blue_14p5_1p4, dist=0.15m/0.24m, lateral=0.01m/0.18m, yaw_error=7deg/10deg.
[state_machine_node-28] [INFO] [1789539559.032439939] [state_machine_node]: 문 앞 정렬 완료. 2.8s 정지 후 개방합니다.
[state_machine_node-28] [INFO] [1789539564.908742210] [state_machine_node]: Final handle refreshed from current observation: observed_blue_14p5_1p4, method=hsv, point=(12.278,1.824,0.848)
[state_machine_node-28] [INFO] [1789539565.039379386] [state_machine_node]: Observed blue target observed_blue_14p5_1p4 confirmed by current same-wall live blue evidence before opening (candidate=door_blue_c33b94_1, progress_gap=0.00/0.90, lateral_gap=0.00/0.48, conf=1.00/0.58).
[state_machine_node-28] [INFO] [1789539565.041866001] [state_machine_node]: Observed blue target observed_blue_14p5_1p4 accepted for opening from recheckable mapped wall memory after close alignment (count=96, conf=1.00, progress_gap=0.08m, lateral_gap=0.17m).
[state_machine_node-28] [INFO] [1789539565.147864996] [state_machine_node]: Live blue confirmation (1.6, 3.6) rejected: same-wall blue observation is inside the opened-door remnant window (opened_progress=3.3m, gap=1.2m, window=2.4m).
[state_machine_node-28] [INFO] [1789539565.170519258] [state_machine_node]: State: NAVIGATING → OPENING_DOOR
[state_machine_node-28] [INFO] [1789539565.926098196] [state_machine_node]: 문 개방 요청 손잡이: id=observed_blue_14p5_1p4__axis_p15p28_p1p82, method=hsv, conf=0.94, frame=map, pos=(12.278,1.824,0.848)
[manipulation_node-26] [INFO] [1789539565.936582991] [manipulation_node]: Open door request: id=observed_blue_14p5_1p4__axis_p15p28_p1p82, handle_method=hsv, handle_detected=True, handle_conf=0.94
[manipulation_node-26] [INFO] [1789539565.937071364] [manipulation_node]: Manipulation phase: LOCALIZE_HANDLE:observed_blue_14p5_1p4__axis_p15p28_p1p82
[manipulation_node-26] [INFO] [1789539565.956293069] [manipulation_node]: Transformed handle_position map -> base_link: (1.024, 0.012, 0.750)
[manipulation_node-26] [INFO] [1789539565.970811427] [manipulation_node]: Manipulation phase: PRE_GRASP:observed_blue_14p5_1p4__axis_p15p28_p1p82
[manipulation_node-26] [INFO] [1789539565.971705414] [manipulation_node]: Step 1/4: Moving to pre-grasp position
[manipulation_node-26] [INFO] [1789539565.992044384] [manipulation_node]:   [SIM] Pre-grasp at (0.904, 0.012, 0.750)
[manipulation_node-26] [INFO] [1789539565.998755170] [manipulation_node]:   [SIM] Arm target stage=pre_grasp: joint1=0.02, joint2=0.97, joint3=-0.11, joint4=0.00, joint5=0.00, joint6=0.00
[manipulation_node-26] [INFO] [1789539567.043490029] [manipulation_node]: Manipulation phase: GRASP_HANDLE:observed_blue_14p5_1p4__axis_p15p28_p1p82
[manipulation_node-26] [INFO] [1789539567.044142941] [manipulation_node]: Step 2/4: Grasping handle
[manipulation_node-26] [INFO] [1789539567.044751738] [manipulation_node]:   [SIM] Gripper closing
[manipulation_node-26] [INFO] [1789539567.045098708] [manipulation_node]:   [SIM] Arm target stage=grasp: joint1=0.02, joint2=0.97, joint3=-0.11, joint4=0.00, joint5=0.00, joint6=0.00
[manipulation_node-26] [INFO] [1789539568.117968673] [manipulation_node]: Manipulation phase: PRESS_HANDLE:observed_blue_14p5_1p4__axis_p15p28_p1p82
[manipulation_node-26] [INFO] [1789539568.124290220] [manipulation_node]: Step 3/5: Pressing lever handle
[manipulation_node-26] [INFO] [1789539568.125253599] [manipulation_node]:   [SIM] Pressing lever down 0.070m before push
[manipulation_node-26] [INFO] [1789539568.126416536] [manipulation_node]:   [SIM] Arm target stage=press: joint1=0.02, joint2=1.03, joint3=-0.11, joint4=0.00, joint5=0.00, joint6=0.00
[manipulation_node-26] [INFO] [1789539569.167038700] [manipulation_node]: Manipulation phase: PUSH_OPEN:observed_blue_14p5_1p4__axis_p15p28_p1p82
[manipulation_node-26] [INFO] [1789539569.199622179] [manipulation_node]: Step 4/5: Pushing door open
[manipulation_node-26] [INFO] [1789539569.211177036] [manipulation_node]:   [SIM] Holding the pressed handle while the base opens the hinged Gazebo door 2.09rad
[manipulation_node-26] [INFO] [1789539569.223348159] [manipulation_node]:   [SIM] Arm target stage=push: joint1=0.02, joint2=0.97, joint3=-0.11, joint4=0.00, joint5=0.00, joint6=0.00
[manipulation_node-26] [INFO] [1789539569.270058054] [manipulation_node]:   [SIM] Matched observed door observed_blue_14p5_1p4__axis_p15p28_p1p82 to /fire_robot/door/blue/x1200/yp186/sn/cmd (distance=0.02m, score=0.000, source=map_handle, match=(12.28,1.82))
[manipulation_node-26] [INFO] [1789539569.275169669] [manipulation_node]:   [SIM] Gazebo door topic=/fire_robot/door/blue/x1200/yp186/sn/cmd, target_angle=2.094
[door_detection_node-24] [INFO] [1789539571.966300179] [door_detection_node]: YOLO handle observed (primary): pixel=(105,128), conf=0.64, bbox=(76, 113, 134, 142)
[door_detection_node-24] [INFO] [1789539571.972381044] [door_detection_node]: Handle camera-ray projection: pixel=(105,128), range=1.540m, z=0.738m
[manipulation_node-26] [INFO] [1789539574.058910259] [manipulation_node]:   [SIM] Door model feedback verified: topic=/fire_robot/door/blue/x1200/yp186/sn/cmd, model=door_blue3, angle=2.1000, target=2.0944
[manipulation_node-26] [INFO] [1789539575.074605511] [manipulation_node]: Manipulation phase: RELEASE_HANDLE:observed_blue_14p5_1p4__axis_p15p28_p1p82
[manipulation_node-26] [INFO] [1789539575.090184680] [manipulation_node]: Releasing the lever before arm recovery and base backoff
[manipulation_node-26] [INFO] [1789539576.135615869] [manipulation_node]: Manipulation phase: RETURN_HOME:observed_blue_14p5_1p4__axis_p15p28_p1p82
[manipulation_node-26] [INFO] [1789539576.137104176] [manipulation_node]: Step 5/5: Returning to home position
[manipulation_node-26] [INFO] [1789539576.137674881] [manipulation_node]:   [SIM] Returning to home position
[manipulation_node-26] [INFO] [1789539576.163546902] [manipulation_node]:   [SIM] Arm target stage=home: joint1=0.00, joint2=0.00, joint3=0.00, joint4=0.00, joint5=0.00, joint6=0.00
[manipulation_node-26] [INFO] [1789539584.042452427] [manipulation_node]:   [SIM] Arm home verified by joint feedback: max_error=0.006rad
[manipulation_node-26] [INFO] [1789539584.066383177] [manipulation_node]: Manipulation phase: POST_OPEN_BACKOFF:observed_blue_14p5_1p4__axis_p15p28_p1p82
[manipulation_node-26] [INFO] [1789539584.088822184] [manipulation_node]: Backing away from opened door with limited micro reverse
[manipulation_node-26] [INFO] [1789539586.366117432] [manipulation_node]: Manipulation phase: COMPLETE:observed_blue_14p5_1p4__axis_p15p28_p1p82
[state_machine_node-28] [INFO] [1789539586.427120699] [state_machine_node]: 열린 파란 문 재관측 후보 2개 정리. 다음 목표 선택에서 제외합니다.
[state_machine_node-28] [INFO] [1789539586.427877676] [state_machine_node]: 문 개방 성공: observed_blue_14p5_1p4  누적 개방: 5개
[state_machine_node-28] [INFO] [1789539586.428460677] [state_machine_node]: State: OPENING_DOOR → DOOR_OPENED
[state_machine_node-28] [INFO] [1789539587.189759647] [state_machine_node]: 다음 파란 문 탐색 시작 (개방 완료: 5개)
[state_machine_node-28] [INFO] [1789539587.190338904] [state_machine_node]: State: DOOR_OPENED → EXPLORING
[state_machine_node-28] [INFO] [1789539588.176068681] [state_machine_node]: Post-open side retreat started: lateral=0.77m, target_abs=0.48m.
[state_machine_node-28] [INFO] [1789539588.178427597] [state_machine_node]: Post-open side retreat: lateral=0.77m, moved=0.00/1.10m, yaw_error=-173deg, cmd=(0.00, -0.50)
[state_machine_node-28] [INFO] [1789539589.233083213] [state_machine_node]: Post-open side retreat: lateral=0.77m, moved=0.00/1.10m, yaw_error=-162deg, cmd=(0.00, -0.50)
[state_machine_node-28] [INFO] [1789539590.247779925] [state_machine_node]: Post-open side retreat: lateral=0.77m, moved=0.00/1.10m, yaw_error=-152deg, cmd=(0.00, -0.50)
[state_machine_node-28] [INFO] [1789539591.348112153] [state_machine_node]: Post-open side retreat: lateral=0.77m, moved=0.00/1.10m, yaw_error=-143deg, cmd=(0.00, -0.50)
[state_machine_node-28] [INFO] [1789539592.414145696] [state_machine_node]: Post-open side retreat: lateral=0.77m, moved=0.00/1.10m, yaw_error=-134deg, cmd=(0.00, -0.50)
[door_detection_node-24] [INFO] [1789539592.596311517] [door_detection_node]: HSV handle observed: color=blue, pixel=(228,122), conf=0.14, door_bbox=(223,42,273,196)
[state_machine_node-28] [INFO] [1789539593.493243139] [state_machine_node]: Post-open side retreat: lateral=0.78m, moved=0.00/1.10m, yaw_error=-125deg, cmd=(0.00, -0.50)
[door_detection_node-24] [INFO] [1789539594.306123944] [door_detection_node]: HSV handle observed: color=blue, pixel=(162,122), conf=0.17, door_bbox=(157,50,203,191)
[state_machine_node-28] [INFO] [1789539594.319736282] [state_machine_node]: 보조 비상구 관측 저장: door_green_b44e5d (16.5, 0.1)
[state_machine_node-28] [WARN] [1789539594.321088909] [state_machine_node]: Exit candidate door_green_b44e5d accepted despite a backward localization progress estimate: robot=15.1m, opened_floor=15.3m, exit=19.5m.
[state_machine_node-28] [INFO] [1789539594.554764268] [state_machine_node]: Post-open side retreat: lateral=0.78m, moved=0.00/1.10m, yaw_error=-116deg, cmd=(0.00, -0.50)
[door_detection_node-24] [INFO] [1789539596.052428613] [door_detection_node]: HSV handle observed: color=blue, pixel=(86,122), conf=0.19, door_bbox=(83,48,125,189)
[state_machine_node-28] [INFO] [1789539596.628167027] [state_machine_node]: Post-open side retreat: lateral=0.82m, moved=0.00/1.10m, yaw_error=-94deg, cmd=(0.00, -0.50)
[state_machine_node-28] [INFO] [1789539597.646500568] [state_machine_node]: Post-open side retreat: lateral=0.85m, moved=0.00/1.10m, yaw_error=-81deg, cmd=(0.00, -0.50)
[state_machine_node-28] [INFO] [1789539597.779716212] [state_machine_node]: 보조 비상구 관측 저장: door_green_746749 (17.6, 0.0)
[state_machine_node-28] [WARN] [1789539597.780795204] [state_machine_node]: Exit candidate door_green_746749 accepted despite a backward localization progress estimate: robot=15.1m, opened_floor=15.3m, exit=20.6m.
[state_machine_node-28] [INFO] [1789539598.689407550] [state_machine_node]: Post-open side retreat: lateral=0.87m, moved=0.00/1.10m, yaw_error=-71deg, cmd=(0.00, -0.50)
[door_detection_node-24] [INFO] [1789539598.826323489] [door_detection_node]: HSV handle observed: color=blue, pixel=(256,122), conf=0.16, door_bbox=(252,40,304,198)
[state_machine_node-28] [INFO] [1789539599.719767905] [state_machine_node]: Post-open side retreat: lateral=0.89m, moved=0.00/1.10m, yaw_error=-60deg, cmd=(0.00, -0.50)
[door_detection_node-24] [INFO] [1789539599.942219109] [door_detection_node]: HSV handle observed: color=blue, pixel=(210,122), conf=0.17, door_bbox=(205,48,251,193)
[state_machine_node-28] [INFO] [1789539600.767061964] [state_machine_node]: Post-open side retreat: lateral=0.89m, moved=0.00/1.10m, yaw_error=-51deg, cmd=(0.00, -0.50)
[door_detection_node-24] [INFO] [1789539600.987142134] [door_detection_node]: HSV handle observed: color=blue, pixel=(170,122), conf=0.15, door_bbox=(165,51,208,189)
[state_machine_node-28] [WARN] [1789539601.003453532] [state_machine_node]: Exit candidate door_green_4c26fa accepted despite a backward localization progress estimate: robot=15.1m, opened_floor=15.3m, exit=17.7m.
[state_machine_node-28] [INFO] [1789539601.859379449] [state_machine_node]: Post-open side retreat: lateral=0.89m, moved=0.00/1.10m, yaw_error=-43deg, cmd=(0.00, -0.50)
[door_detection_node-24] [INFO] [1789539602.023356594] [door_detection_node]: HSV handle observed: color=blue, pixel=(133,122), conf=0.15, door_bbox=(127,51,171,189)
[state_machine_node-28] [INFO] [1789539602.425148305] [state_machine_node]: Blue candidate door_blue_5d2841 ignored: physical/opened door station already handled nearby at (9.01, -1.46).
[state_machine_node-28] [INFO] [1789539602.956701110] [state_machine_node]: Post-open side retreat: lateral=0.89m, moved=0.00/1.10m, yaw_error=-34deg, cmd=(0.00, -0.50)
[door_detection_node-24] [INFO] [1789539603.070416776] [door_detection_node]: HSV handle observed: color=blue, pixel=(94,122), conf=0.20, door_bbox=(90,51,131,188)
[state_machine_node-28] [INFO] [1789539603.993239257] [state_machine_node]: Post-open side retreat: lateral=0.89m, moved=0.00/1.10m, yaw_error=-24deg, cmd=(0.00, -0.50)
[door_detection_node-24] [INFO] [1789539604.146092276] [door_detection_node]: HSV handle observed: color=blue, pixel=(48,122), conf=0.20, door_bbox=(43,47,91,190)
[state_machine_node-28] [INFO] [1789539605.079416010] [state_machine_node]: Post-open side retreat: lateral=0.89m, moved=0.00/1.10m, yaw_error=-14deg, cmd=(0.00, -0.50)
[door_detection_node-24] [INFO] [1789539605.163149023] [door_detection_node]: HSV handle observed: color=blue, pixel=(138,122), conf=0.08, door_bbox=(133,62,158,172)
[state_machine_node-28] [INFO] [1789539606.165794143] [state_machine_node]: Post-open side retreat: lateral=0.89m, moved=0.00/1.10m, yaw_error=-2deg, cmd=(0.18, -0.03)
[door_detection_node-24] [INFO] [1789539606.580692735] [door_detection_node]: HSV handle observed: color=blue, pixel=(77,122), conf=0.18, door_bbox=(72,62,99,174)
[state_machine_node-28] [INFO] [1789539606.623546233] [state_machine_node]: Blue candidate door_blue_db9617 ignored: physical/opened door station already handled nearby at (8.93, -1.74).
[state_machine_node-28] [INFO] [1789539607.247053080] [state_machine_node]: Post-open side retreat: lateral=0.82m, moved=0.00/1.10m, yaw_error=-1deg, cmd=(0.18, -0.01)
[door_detection_node-24] [INFO] [1789539608.082303711] [door_detection_node]: HSV handle observed: color=blue, pixel=(79,122), conf=0.18, door_bbox=(74,62,100,176)
[state_machine_node-28] [INFO] [1789539608.360585162] [state_machine_node]: Post-open side retreat: lateral=0.73m, moved=0.04/1.10m, yaw_error=-0deg, cmd=(0.18, -0.01)
[state_machine_node-28] [INFO] [1789539608.707068069] [state_machine_node]: 보조 비상구 관측 저장: door_green_37b450 (17.9, 0.2)
[state_machine_node-28] [WARN] [1789539608.709995008] [state_machine_node]: Exit candidate door_green_37b450 accepted despite a backward localization progress estimate: robot=15.2m, opened_floor=15.3m, exit=20.9m.
[state_machine_node-28] [INFO] [1789539609.461732776] [state_machine_node]: Post-open side retreat: lateral=0.64m, moved=0.13/1.10m, yaw_error=-0deg, cmd=(0.18, -0.00)
[door_detection_node-24] [INFO] [1789539609.565258983] [door_detection_node]: HSV handle observed: color=blue, pixel=(82,122), conf=0.18, door_bbox=(79,61,106,177)
[state_machine_node-28] [INFO] [1789539610.494468918] [state_machine_node]: Post-open side retreat: lateral=0.55m, moved=0.22/1.10m, yaw_error=-0deg, cmd=(0.18, -0.00)
[door_detection_node-24] [INFO] [1789539611.281605612] [door_detection_node]: HSV handle observed: color=blue, pixel=(88,122), conf=0.17, door_bbox=(86,59,113,180)
[state_machine_node-28] [INFO] [1789539611.415642935] [state_machine_node]: Blue candidate door_blue_739463 ignored: physical/opened door station already handled nearby at (9.00, -1.70).
[state_machine_node-28] [INFO] [1789539611.570680703] [state_machine_node]: Post-open side retreat complete: lateral=0.46m <= target=0.48m
[state_machine_node-28] [WARN] [1789539611.721146859] [state_machine_node]: Exit candidate door_green_230faf accepted despite a backward localization progress estimate: robot=15.2m, opened_floor=15.3m, exit=20.9m.
[state_machine_node-28] [INFO] [1789539611.932569193] [state_machine_node]: blue candidate (14.5, 2.0) rejected: same-wall blue observation is inside the opened-door remnant window (opened_progress=15.3m, gap=2.2m, window=2.4m).
[state_machine_node-28] [WARN] [1789539611.939086173] [state_machine_node]: 파란 문 후보 (14.0, 2.2) 포기: opened door remnant projected to a same-wall target station. 불안정/실패 후보로 보고 다음 관찰을 계속합니다.
[state_machine_node-28] [INFO] [1789539611.940931328] [state_machine_node]: 문 접근 목표 보정: observed_blue_18p1_m2p0 handle_axis=(18.06, -1.97) goal_axis=(18.06, -0.87) wall_axis=(18.06, -1.97) yaw=-90deg
[state_machine_node-28] [INFO] [1789539611.964495757] [state_machine_node]: 문 접근 목표 보정: observed_blue_18p1_m2p0 handle_axis=(18.06, -1.97) goal_axis=(18.06, -0.87) wall_axis=(18.06, -1.97) yaw=-90deg
[state_machine_node-28] [INFO] [1789539611.990226086] [state_machine_node]: Observed blue target observed_blue_17p8_m1p7 refreshed to wall memory at (15.06, -1.97) before axis-aligned approach (delta=0.22m).
[state_machine_node-28] [INFO] [1789539611.991138862] [state_machine_node]: 문 접근 목표 보정: observed_blue_17p8_m1p7 handle_axis=(18.06, -1.97) goal_axis=(18.06, -0.87) wall_axis=(18.06, -1.97) yaw=-90deg
[state_machine_node-28] [INFO] [1789539611.999286906] [state_machine_node]: 문 접근 목표 보정: observed_blue_18p1_m2p0 handle_axis=(18.06, -1.97) goal_axis=(18.06, -0.87) wall_axis=(18.06, -1.97) yaw=-90deg
[state_machine_node-28] [WARN] [1789539612.003591669] [state_machine_node]: Blue target observed_blue_18p1_m2p0 retained for revisit: stable unopened blue memory must be checked before exit even when it is behind the farthest opened station.
[state_machine_node-28] [INFO] [1789539612.010511293] [state_machine_node]: 문 접근 목표 보정: observed_blue_18p1_m2p0 handle_axis=(18.06, -1.97) goal_axis=(18.06, -0.87) wall_axis=(18.06, -1.97) yaw=-90deg
[state_machine_node-28] [INFO] [1789539612.012278439] [state_machine_node]: 문 접근 목표 보정: observed_blue_18p1_m2p0 handle_axis=(18.06, -1.97) goal_axis=(18.06, -0.87) wall_axis=(18.06, -1.97) yaw=-90deg
[state_machine_node-28] [INFO] [1789539612.014517892] [state_machine_node]: LiDAR+camera segment map 사전 스캔 시작: observed_blue_18p1_m2p0
[state_machine_node-28] [INFO] [1789539612.914899016] [state_machine_node]: 문 접근 목표 보정: observed_blue_18p1_m2p0 handle_axis=(18.06, -1.97) goal_axis=(18.06, -0.87) wall_axis=(18.06, -1.97) yaw=-90deg
[door_detection_node-24] [INFO] [1789539613.042393526] [door_detection_node]: HSV handle observed: color=blue, pixel=(90,122), conf=0.15, door_bbox=(85,60,116,178)
[state_machine_node-28] [INFO] [1789539613.389228301] [state_machine_node]: 보조 비상구 관측 저장: door_green_37b450 (17.9, 0.2)
[state_machine_node-28] [INFO] [1789539613.895437031] [state_machine_node]: 문 접근 목표 보정: observed_blue_18p1_m2p0 handle_axis=(18.06, -1.97) goal_axis=(18.06, -0.87) wall_axis=(18.06, -1.97) yaw=-90deg
[door_detection_node-24] [INFO] [1789539614.742694342] [door_detection_node]: HSV handle observed: color=blue, pixel=(90,122), conf=0.15, door_bbox=(85,60,116,178)
[state_machine_node-28] [WARN] [1789539614.745482588] [state_machine_node]: Exit candidate door_green_230faf accepted despite a backward localization progress estimate: robot=15.2m, opened_floor=15.3m, exit=20.9m.
[state_machine_node-28] [INFO] [1789539614.855518582] [state_machine_node]: 문 접근 목표 보정: observed_blue_18p1_m2p0 handle_axis=(18.06, -1.97) goal_axis=(18.06, -0.87) wall_axis=(18.06, -1.97) yaw=-90deg
[state_machine_node-28] [INFO] [1789539614.860203820] [state_machine_node]: 사전 스캔 완료. Nav2가 segment map 기반 경로를 계획합니다: observed_blue_18p1_m2p0
[state_machine_node-28] [INFO] [1789539614.951303856] [state_machine_node]: Locked blue target after pre-scan: observed_blue_18p1_m2p0 opened=5 retry=0/2
[state_machine_node-28] [INFO] [1789539614.952022933] [state_machine_node]: State: EXPLORING → NAVIGATING
[navigation_node-25] [INFO] [1789539614.956578714] [navigation_node]: Navigation goal received: door observed_blue_18p1_m2p0 (color=blue, frame=map, x=15.06, y=-0.87)
[state_machine_node-28] [INFO] [1789539615.013040737] [state_machine_node]: Blue candidate door_blue_db9617 ignored: physical/opened door station already handled nearby at (8.17, -2.30).
[state_machine_node-28] [INFO] [1789539615.118095188] [state_machine_node]: 문 접근 목표 보정: door_blue_09c6b1 handle_axis=(17.83, -1.72) goal_axis=(17.83, -0.80) wall_axis=(17.83, -1.90) yaw=-90deg
[state_machine_node-28] [INFO] [1789539615.121476709] [state_machine_node]: 문 접근 목표 보정: door_blue_09c6b1 handle_axis=(17.83, -1.72) goal_axis=(17.83, -0.80) wall_axis=(17.83, -1.90) yaw=-90deg
[state_machine_node-28] [WARN] [1789539615.122835605] [state_machine_node]: Locked blue target refined from newer observation: observed_blue_18p1_m2p0 -> observed_blue_18p1_m2p0, goal shift=0.24m, identity=(15.06,-1.97) -> (14.83,-1.72)
[bt_navigator-16] [INFO] [1789539615.146729357] [bt_navigator]: Begin navigating from current location (12.18, 0.46) to (15.06, -0.87)
[navigation_node-25] [INFO] [1789539615.147663630] [navigation_node]: Navigation goal received: door observed_blue_18p1_m2p0 (color=blue, frame=map, x=14.83, y=-0.80)
[navigation_node-25] [INFO] [1789539615.148421464] [navigation_node]: Ignoring duplicate navigation target for active door: observed_blue_18p1_m2p0
[navigation_node-25] [INFO] [1789539615.155310110] [navigation_node]: Navigation goal accepted by Nav2
[controller_server-12] [INFO] [1789539615.348029438] [controller_server]: Received a goal, begin computing control effort.
[door_detection_node-24] [INFO] [1789539616.414765156] [door_detection_node]: HSV handle observed: color=blue, pixel=(90,122), conf=0.15, door_bbox=(85,60,116,178)
[controller_server-12] [INFO] [1789539616.723893070] [controller_server]: Passing new path to controller.
[state_machine_node-28] [INFO] [1789539616.783818694] [state_machine_node]: 보조 비상구 관측 저장: door_green_37b450 (17.9, 0.2)
[state_machine_node-28] [INFO] [1789539616.989059030] [state_machine_node]: 문 접근 목표 보정: door_blue_09c6b1 handle_axis=(17.82, -1.71) goal_axis=(17.82, -0.80) wall_axis=(17.82, -1.90) yaw=-90deg
[state_machine_node-28] [INFO] [1789539616.990216066] [state_machine_node]: 문 접근 목표 보정: door_blue_09c6b1 handle_axis=(17.82, -1.71) goal_axis=(17.82, -0.80) wall_axis=(17.82, -1.90) yaw=-90deg
[door_detection_node-24] [INFO] [1789539617.841268463] [door_detection_node]: HSV handle observed: color=blue, pixel=(133,122), conf=0.16, door_bbox=(128,61,157,177)
[controller_server-12] [INFO] [1789539617.973877929] [controller_server]: Passing new path to controller.
[state_machine_node-28] [WARN] [1789539618.230252039] [state_machine_node]: Exit candidate door_green_37b450 accepted despite a backward localization progress estimate: robot=15.2m, opened_floor=15.3m, exit=20.9m.
[door_detection_node-24] [INFO] [1789539619.330684207] [door_detection_node]: HSV handle observed: color=blue, pixel=(208,122), conf=0.15, door_bbox=(203,60,236,178)
[controller_server-12] [INFO] [1789539619.348912496] [controller_server]: Passing new path to controller.
[state_machine_node-28] [INFO] [1789539619.371975047] [state_machine_node]: Blue candidate door_blue_1b1967 ignored: physical/opened door station already handled nearby at (8.49, -1.95).
[state_machine_node-28] [INFO] [1789539619.514207905] [state_machine_node]: 문 접근 목표 보정: door_blue_b177f7 handle_axis=(17.90, -1.68) goal_axis=(17.90, -0.80) wall_axis=(17.90, -1.90) yaw=-90deg
[state_machine_node-28] [INFO] [1789539619.518946614] [state_machine_node]: 문 접근 목표 보정: door_blue_b177f7 handle_axis=(17.90, -1.68) goal_axis=(17.90, -0.80) wall_axis=(17.90, -1.90) yaw=-90deg
[controller_server-12] [INFO] [1789539620.599645207] [controller_server]: Passing new path to controller.
[door_detection_node-24] [INFO] [1789539620.753397108] [door_detection_node]: HSV handle observed: color=blue, pixel=(258,122), conf=0.13, door_bbox=(254,54,290,186)
[state_machine_node-28] [INFO] [1789539620.940175728] [state_machine_node]: 문 접근 목표 보정: door_blue_b177f7 handle_axis=(17.91, -1.74) goal_axis=(17.91, -0.80) wall_axis=(17.91, -1.90) yaw=-90deg
[state_machine_node-28] [INFO] [1789539620.944641487] [state_machine_node]: 문 접근 목표 보정: door_blue_b177f7 handle_axis=(17.91, -1.74) goal_axis=(17.91, -0.80) wall_axis=(17.91, -1.90) yaw=-90deg
[state_machine_node-28] [INFO] [1789539621.195985002] [state_machine_node]: 보조 비상구 관측 저장: door_green_6ad624 (17.9, -0.1)
[controller_server-12] [INFO] [1789539621.848888354] [controller_server]: Passing new path to controller.
[door_detection_node-24] [INFO] [1789539622.153343697] [door_detection_node]: HSV handle observed: color=blue, pixel=(303,122), conf=0.27, door_bbox=(297,50,320,187)
[state_machine_node-28] [INFO] [1789539622.380801064] [state_machine_node]: 문 접근 목표 보정: door_blue_6eb364 handle_axis=(17.94, -1.77) goal_axis=(17.94, -0.80) wall_axis=(17.94, -1.90) yaw=-90deg
[state_machine_node-28] [INFO] [1789539622.382065512] [state_machine_node]: 문 접근 목표 보정: door_blue_6eb364 handle_axis=(17.94, -1.77) goal_axis=(17.94, -0.80) wall_axis=(17.94, -1.90) yaw=-90deg
[state_machine_node-28] [WARN] [1789539622.582322109] [state_machine_node]: Exit candidate door_green_6b57e7 accepted despite a backward localization progress estimate: robot=15.4m, opened_floor=15.3m, exit=20.9m.
[controller_server-12] [INFO] [1789539623.223895067] [controller_server]: Passing new path to controller.
[door_detection_node-24] [INFO] [1789539623.502006506] [door_detection_node]: HSV handle observed: color=blue, pixel=(105,122), conf=0.18, door_bbox=(101,27,148,214)
[state_machine_node-28] [INFO] [1789539623.515055667] [state_machine_node]: 문 접근 목표 보정: door_blue_6eb364 handle_axis=(17.91, -1.79) goal_axis=(17.91, -0.80) wall_axis=(17.91, -1.90) yaw=-90deg
[state_machine_node-28] [INFO] [1789539623.518646401] [state_machine_node]: 문 접근 목표 보정: door_blue_6eb364 handle_axis=(17.91, -1.79) goal_axis=(17.91, -0.80) wall_axis=(17.91, -1.90) yaw=-90deg
[controller_server-12] [INFO] [1789539624.488316909] [controller_server]: Passing new path to controller.
[door_detection_node-24] [INFO] [1789539624.570685679] [door_detection_node]: HSV handle observed: color=blue, pixel=(125,122), conf=0.19, door_bbox=(123,24,167,219)
[state_machine_node-28] [INFO] [1789539624.584439091] [state_machine_node]: 문 접근 목표 보정: door_blue_6eb364 handle_axis=(17.88, -1.80) goal_axis=(17.88, -0.80) wall_axis=(17.88, -1.90) yaw=-90deg
[state_machine_node-28] [INFO] [1789539624.585413032] [state_machine_node]: 문 접근 목표 보정: door_blue_6eb364 handle_axis=(17.88, -1.80) goal_axis=(17.88, -0.80) wall_axis=(17.88, -1.90) yaw=-90deg
[state_machine_node-28] [INFO] [1789539625.684653749] [state_machine_node]: 보조 비상구 관측 저장: door_green_6b57e7 (17.9, 0.2)
[state_machine_node-28] [WARN] [1789539625.685511800] [state_machine_node]: Exit candidate door_green_6b57e7 accepted despite a backward localization progress estimate: robot=15.7m, opened_floor=15.3m, exit=20.9m.
[controller_server-12] [INFO] [1789539625.849780640] [controller_server]: Passing new path to controller.
[door_detection_node-24] [INFO] [1789539625.865407325] [door_detection_node]: HSV handle observed: color=blue, pixel=(146,122), conf=0.17, door_bbox=(141,17,191,221)
[state_machine_node-28] [INFO] [1789539625.886573490] [state_machine_node]: 문 접근 목표 보정: door_blue_723b5f handle_axis=(17.88, -1.82) goal_axis=(17.88, -0.80) wall_axis=(17.88, -1.90) yaw=-90deg
[state_machine_node-28] [INFO] [1789539625.891844504] [state_machine_node]: 문 접근 목표 보정: door_blue_723b5f handle_axis=(17.88, -1.82) goal_axis=(17.88, -0.80) wall_axis=(17.88, -1.90) yaw=-90deg
[state_machine_node-28] [INFO] [1789539626.770013560] [state_machine_node]: 문 접근 목표 보정: door_blue_723b5f handle_axis=(17.88, -1.81) goal_axis=(17.88, -0.80) wall_axis=(17.88, -1.90) yaw=-90deg
[state_machine_node-28] [INFO] [1789539626.773030753] [state_machine_node]: 문 접근 목표 보정: door_blue_723b5f handle_axis=(17.88, -1.81) goal_axis=(17.88, -0.80) wall_axis=(17.88, -1.90) yaw=-90deg
[controller_server-12] [INFO] [1789539627.098902122] [controller_server]: Passing new path to controller.
[door_detection_node-24] [INFO] [1789539627.823725340] [door_detection_node]: HSV handle observed: color=blue, pixel=(182,122), conf=0.16, door_bbox=(179,7,235,235)
[state_machine_node-28] [INFO] [1789539627.834893432] [state_machine_node]: 문 접근 목표 보정: door_blue_723b5f handle_axis=(17.84, -1.84) goal_axis=(17.84, -0.80) wall_axis=(17.84, -1.90) yaw=-90deg
[state_machine_node-28] [INFO] [1789539627.839253055] [state_machine_node]: 문 접근 목표 보정: door_blue_723b5f handle_axis=(17.84, -1.84) goal_axis=(17.84, -0.80) wall_axis=(17.84, -1.90) yaw=-90deg
[controller_server-12] [INFO] [1789539628.348877889] [controller_server]: Passing new path to controller.
[state_machine_node-28] [INFO] [1789539628.839424243] [state_machine_node]: 보조 비상구 관측 저장: door_green_4c26fa (17.9, 0.1)
[state_machine_node-28] [WARN] [1789539628.841534114] [state_machine_node]: Exit candidate door_green_4c26fa accepted despite a backward localization progress estimate: robot=16.0m, opened_floor=15.3m, exit=20.9m.
[door_detection_node-24] [INFO] [1789539628.924900176] [door_detection_node]: HSV handle observed: color=blue, pixel=(202,123), conf=0.18, door_bbox=(198,0,259,240)
[state_machine_node-28] [INFO] [1789539628.939685953] [state_machine_node]: 문 접근 목표 보정: door_blue_723b5f handle_axis=(17.87, -1.89) goal_axis=(17.87, -0.80) wall_axis=(17.87, -1.90) yaw=-90deg
[state_machine_node-28] [INFO] [1789539628.944749482] [state_machine_node]: 문 접근 목표 보정: door_blue_723b5f handle_axis=(17.87, -1.89) goal_axis=(17.87, -0.80) wall_axis=(17.87, -1.90) yaw=-90deg
[controller_server-12] [INFO] [1789539629.598873113] [controller_server]: Passing new path to controller.
[door_detection_node-24] [INFO] [1789539630.040605452] [door_detection_node]: HSV handle observed: color=blue, pixel=(214,123), conf=0.20, door_bbox=(211,0,280,240)
[state_machine_node-28] [INFO] [1789539630.056186266] [state_machine_node]: 문 접근 목표 보정: door_blue_8815a2 handle_axis=(17.84, -1.89) goal_axis=(17.84, -0.80) wall_axis=(17.84, -1.90) yaw=-90deg
[state_machine_node-28] [INFO] [1789539630.059547603] [state_machine_node]: 문 접근 목표 보정: door_blue_8815a2 handle_axis=(17.84, -1.89) goal_axis=(17.84, -0.80) wall_axis=(17.84, -1.90) yaw=-90deg
[controller_server-12] [INFO] [1789539630.849378145] [controller_server]: Passing new path to controller.
[door_detection_node-24] [INFO] [1789539631.080159521] [door_detection_node]: YOLO handle observed (primary): pixel=(225,124), conf=0.40, bbox=(208, 115, 242, 134)
[door_detection_node-24] [INFO] [1789539631.083570449] [door_detection_node]: Handle camera-ray projection: pixel=(225,124), range=2.509m, z=0.748m
[state_machine_node-28] [INFO] [1789539631.098694548] [state_machine_node]: 문 접근 목표 보정: door_blue_8815a2 handle_axis=(18.32, -1.89) goal_axis=(18.32, -0.80) wall_axis=(18.32, -1.90) yaw=-90deg
[state_machine_node-28] [INFO] [1789539631.102709488] [state_machine_node]: 문 접근 목표 보정: door_blue_8815a2 handle_axis=(18.32, -1.89) goal_axis=(18.32, -0.80) wall_axis=(18.32, -1.90) yaw=-90deg
[state_machine_node-28] [WARN] [1789539631.103935108] [state_machine_node]: Locked blue target refined from newer observation: observed_blue_18p1_m2p0 -> observed_blue_18p1_m2p0, goal shift=0.49m, identity=(14.83,-1.72) -> (14.83,-1.90)
[navigation_node-25] [INFO] [1789539631.106394228] [navigation_node]: Navigation goal received: door observed_blue_18p1_m2p0 (color=blue, frame=map, x=15.32, y=-0.80)
[navigation_node-25] [INFO] [1789539631.107472024] [navigation_node]: Ignoring duplicate navigation target for active door: observed_blue_18p1_m2p0
[state_machine_node-28] [INFO] [1789539631.996665023] [state_machine_node]: 보조 비상구 관측 저장: door_green_4c26fa (17.9, 0.1)
[state_machine_node-28] [WARN] [1789539631.998430674] [state_machine_node]: Exit candidate door_green_4c26fa accepted despite a backward localization progress estimate: robot=16.3m, opened_floor=15.3m, exit=20.9m.
[state_machine_node-28] [INFO] [1789539632.075896299] [state_machine_node]: 문 접근 목표 보정: door_blue_8e8544 handle_axis=(18.23, -1.86) goal_axis=(18.23, -0.80) wall_axis=(18.23, -1.90) yaw=-90deg
[state_machine_node-28] [INFO] [1789539632.079687275] [state_machine_node]: 문 접근 목표 보정: door_blue_8e8544 handle_axis=(18.23, -1.86) goal_axis=(18.23, -0.80) wall_axis=(18.23, -1.90) yaw=-90deg
[controller_server-12] [INFO] [1789539632.098900765] [controller_server]: Passing new path to controller.
[controller_server-12] [INFO] [1789539633.348869332] [controller_server]: Passing new path to controller.
[controller_server-12] [INFO] [1789539634.723881477] [controller_server]: Passing new path to controller.
[state_machine_node-28] [INFO] [1789539635.206100882] [state_machine_node]: 보조 비상구 관측 저장: door_green_4c26fa (17.9, 0.1)
[door_detection_node-24] [INFO] [1789539635.264468278] [door_detection_node]: YOLO handle observed (primary): pixel=(270,125), conf=0.72, bbox=(245, 112, 294, 138)
[door_detection_node-24] [INFO] [1789539635.271094627] [door_detection_node]: Handle camera-ray projection: pixel=(270,125), range=2.034m, z=0.750m
[state_machine_node-28] [INFO] [1789539635.285222438] [state_machine_node]: 문 접근 목표 보정: door_blue_8e8544 handle_axis=(18.29, -1.93) goal_axis=(18.29, -0.83) wall_axis=(18.29, -1.93) yaw=-90deg
[state_machine_node-28] [INFO] [1789539635.288531131] [state_machine_node]: 문 접근 목표 보정: door_blue_8e8544 handle_axis=(18.29, -1.93) goal_axis=(18.29, -0.83) wall_axis=(18.29, -1.93) yaw=-90deg
[state_machine_node-28] [INFO] [1789539635.595248086] [state_machine_node]: 문 접근 목표 보정: door_blue_93cc9e handle_axis=(17.75, -1.94) goal_axis=(17.75, -0.84) wall_axis=(17.75, -1.94) yaw=-90deg
[state_machine_node-28] [INFO] [1789539635.596653077] [state_machine_node]: 문 접근 목표 보정: door_blue_93cc9e handle_axis=(17.75, -1.94) goal_axis=(17.75, -0.84) wall_axis=(17.75, -1.94) yaw=-90deg
[state_machine_node-28] [WARN] [1789539635.598064462] [state_machine_node]: Locked blue target refined from newer observation: observed_blue_18p1_m2p0 -> observed_blue_18p1_m2p0, goal shift=0.58m, identity=(14.83,-1.90) -> (14.75,-1.94)
[navigation_node-25] [INFO] [1789539635.599707856] [navigation_node]: Navigation goal received: door observed_blue_18p1_m2p0 (color=blue, frame=map, x=14.75, y=-0.84)
[navigation_node-25] [WARN] [1789539635.600467465] [navigation_node]: Already navigating. Preempting current goal without an explicit stop before retargeting to: observed_blue_18p1_m2p0
[navigation_node-25] [INFO] [1789539635.746011599] [navigation_node]: Navigation goal accepted by Nav2
[bt_navigator-16] [INFO] [1789539635.752368783] [bt_navigator]: Received goal preemption request
[bt_navigator-16] [INFO] [1789539635.753017084] [bt_navigator]: Begin navigating from current location (13.77, -0.69) to (14.75, -0.84)
[controller_server-12] [INFO] [1789539635.973872650] [controller_server]: Passing new path to controller.
[door_detection_node-24] [INFO] [1789539636.271129567] [door_detection_node]: YOLO handle observed (primary): pixel=(281,128), conf=0.72, bbox=(253, 111, 309, 144)
[door_detection_node-24] [INFO] [1789539636.274380990] [door_detection_node]: Handle camera-ray projection: pixel=(281,128), range=1.890m, z=0.732m
[state_machine_node-28] [INFO] [1789539636.287884363] [state_machine_node]: 문 접근 목표 보정: door_blue_8e8544 handle_axis=(18.26, -1.91) goal_axis=(18.26, -0.81) wall_axis=(18.26, -1.91) yaw=-90deg
[state_machine_node-28] [INFO] [1789539636.293233953] [state_machine_node]: 문 접근 목표 보정: door_blue_8e8544 handle_axis=(18.26, -1.91) goal_axis=(18.26, -0.81) wall_axis=(18.26, -1.91) yaw=-90deg
[state_machine_node-28] [INFO] [1789539636.997184492] [state_machine_node]: 문 접근 목표 보정: door_blue_93cc9e handle_axis=(17.78, -1.93) goal_axis=(17.78, -0.83) wall_axis=(17.78, -1.93) yaw=-90deg
[state_machine_node-28] [INFO] [1789539636.999320481] [state_machine_node]: 문 접근 목표 보정: door_blue_93cc9e handle_axis=(17.78, -1.93) goal_axis=(17.78, -0.83) wall_axis=(17.78, -1.93) yaw=-90deg
[door_detection_node-24] [INFO] [1789539637.325319742] [door_detection_node]: YOLO handle observed (primary): pixel=(286,126), conf=0.71, bbox=(257, 113, 315, 139)
[door_detection_node-24] [INFO] [1789539637.328994308] [door_detection_node]: Handle camera-ray projection: pixel=(286,126), range=1.800m, z=0.748m
[state_machine_node-28] [INFO] [1789539637.344639874] [state_machine_node]: 문 접근 목표 보정: door_blue_8e8544 handle_axis=(18.29, -1.91) goal_axis=(18.29, -0.81) wall_axis=(18.29, -1.91) yaw=-90deg
[state_machine_node-28] [INFO] [1789539637.348420997] [state_machine_node]: 문 접근 목표 보정: door_blue_8e8544 handle_axis=(18.29, -1.91) goal_axis=(18.29, -0.81) wall_axis=(18.29, -1.91) yaw=-90deg
[controller_server-12] [INFO] [1789539637.348890138] [controller_server]: Passing new path to controller.
[state_machine_node-28] [INFO] [1789539638.302731174] [state_machine_node]: 보조 비상구 관측 저장: door_green_980b87 (17.9, 0.1)
[controller_server-12] [INFO] [1789539638.474036364] [controller_server]: Passing new path to controller.
[state_machine_node-28] [INFO] [1789539638.771144354] [state_machine_node]: 문 접근 목표 보정: door_blue_93cc9e handle_axis=(18.15, -2.40) goal_axis=(18.15, -0.95) wall_axis=(18.15, -2.20) yaw=-90deg
[state_machine_node-28] [INFO] [1789539638.773680472] [state_machine_node]: 문 접근 목표 보정: door_blue_93cc9e handle_axis=(18.15, -2.40) goal_axis=(18.15, -0.95) wall_axis=(18.15, -2.20) yaw=-90deg
[state_machine_node-28] [INFO] [1789539638.777449923] [state_machine_node]: Live blue confirmation (1.6, 3.6) rejected: same-wall blue observation is inside the opened-door remnant window (opened_progress=3.3m, gap=1.2m, window=2.4m).
[state_machine_node-28] [WARN] [1789539638.801199616] [state_machine_node]: Locked blue target refined from newer observation: observed_blue_18p1_m2p0 -> observed_blue_18p1_m2p0, goal shift=0.42m, identity=(14.75,-1.94) -> (15.15,-2.40)
[navigation_node-25] [INFO] [1789539638.803317489] [navigation_node]: Navigation goal received: door observed_blue_18p1_m2p0 (color=blue, frame=map, x=15.15, y=-0.95)
[navigation_node-25] [WARN] [1789539638.804473464] [navigation_node]: Already navigating. Preempting current goal without an explicit stop before retargeting to: observed_blue_18p1_m2p0
[navigation_node-25] [INFO] [1789539638.973904726] [navigation_node]: Navigation goal accepted by Nav2
[bt_navigator-16] [INFO] [1789539639.047048236] [bt_navigator]: Received goal preemption request
[bt_navigator-16] [INFO] [1789539639.047758248] [bt_navigator]: Begin navigating from current location (14.15, -0.78) to (15.15, -0.95)
[controller_server-12] [INFO] [1789539639.848901261] [controller_server]: Passing new path to controller.
[door_detection_node-24] [INFO] [1789539640.151164817] [door_detection_node]: HSV handle observed: color=blue, pixel=(19,128), conf=0.45, door_bbox=(0,0,175,240)
[state_machine_node-28] [INFO] [1789539640.163228069] [state_machine_node]: 문 접근 목표 보정: door_blue_91b193 handle_axis=(18.26, -2.47) goal_axis=(18.26, -0.95) wall_axis=(18.26, -2.20) yaw=-90deg
[state_machine_node-28] [INFO] [1789539640.166597925] [state_machine_node]: 문 접근 목표 보정: door_blue_91b193 handle_axis=(18.26, -2.47) goal_axis=(18.26, -0.95) wall_axis=(18.26, -2.20) yaw=-90deg
[controller_server-12] [INFO] [1789539641.098892592] [controller_server]: Passing new path to controller.
[state_machine_node-28] [INFO] [1789539641.465156943] [state_machine_node]: 보조 비상구 관측 저장: door_green_980b87 (17.9, 0.1)
[controller_server-12] [INFO] [1789539642.348899954] [controller_server]: Passing new path to controller.
[door_detection_node-24] [INFO] [1789539643.551976403] [door_detection_node]: YOLO handle observed (primary): pixel=(56,132), conf=0.72, bbox=(5, 112, 106, 152)
[door_detection_node-24] [INFO] [1789539643.558581934] [door_detection_node]: Handle camera-ray projection: pixel=(56,132), range=1.345m, z=0.726m
[state_machine_node-28] [INFO] [1789539643.572126257] [state_machine_node]: 문 접근 목표 보정: door_blue_56aa5e handle_axis=(18.43, -1.97) goal_axis=(18.43, -0.87) wall_axis=(18.43, -1.97) yaw=-90deg
[state_machine_node-28] [INFO] [1789539643.574690788] [state_machine_node]: 문 접근 목표 보정: door_blue_56aa5e handle_axis=(18.43, -1.97) goal_axis=(18.43, -0.87) wall_axis=(18.43, -1.97) yaw=-90deg
[state_machine_node-28] [WARN] [1789539643.575654437] [state_machine_node]: Locked blue target refined from newer observation: observed_blue_18p1_m2p0 -> observed_blue_18p1_m2p0, goal shift=0.29m, identity=(15.15,-2.40) -> (15.02,-2.77)
[navigation_node-25] [INFO] [1789539643.578415557] [navigation_node]: Navigation goal received: door observed_blue_18p1_m2p0 (color=blue, frame=map, x=15.43, y=-0.87)
[navigation_node-25] [INFO] [1789539643.580317967] [navigation_node]: Ignoring duplicate navigation target for active door: observed_blue_18p1_m2p0
[controller_server-12] [INFO] [1789539643.724165329] [controller_server]: Passing new path to controller.
[controller_server-12] [INFO] [1789539644.973953519] [controller_server]: Passing new path to controller.
[controller_server-12] [INFO] [1789539646.348926048] [controller_server]: Passing new path to controller.
[navigation_node-25] [WARN] [1789539647.049333100] [navigation_node]: Robot is 0.17m from blue goal (threshold=0.18m). Treating navigation as succeeded.
[state_machine_node-28] [INFO] [1789539647.051131323] [state_machine_node]: Navigation succeeded.
[bt_navigator-16] [ERROR] [1789539647.171474013] [bt_navigator_navigate_to_pose_rclcpp_node]: Failed to get result for follow_path in node halt!
[bt_navigator-16] [INFO] [1789539647.171654344] [bt_navigator]: [navigate_to_pose] [ActionServer] Client requested to cancel the goal. Cancelling.
[bt_navigator-16] [INFO] [1789539647.171868555] [bt_navigator]: Goal canceled
[controller_server-12] [INFO] [1789539647.224904806] [controller_server]: Goal was canceled. Stopping the robot.
[controller_server-12] [INFO] [1789539647.226965925] [controller_server]: [follow_path] [ActionServer] Client requested to cancel the goal. Cancelling.
[state_machine_node-28] [WARN] [1789539647.377955388] [state_machine_node]: Nav result [nav_success] is close enough for door fine alignment: observed_blue_18p1_m2p0, dist=0.43/1.10m, lateral=0.04/0.75m, forward=0.43m, yaw_error=79deg.
[state_machine_node-28] [INFO] [1789539647.379422653] [state_machine_node]: Fine door approach started: observed_blue_18p1_m2p0, dist=0.43m, lateral=0.04m, forward=0.43m, yaw_error=79deg
[state_machine_node-28] [INFO] [1789539647.380790107] [state_machine_node]: Fine door parking translation: observed_blue_18p1_m2p0, dist=0.43m/0.17m, heading_error=5deg, cmd=(0.07, 0.07)
[state_machine_node-28] [INFO] [1789539648.339733835] [state_machine_node]: Fine door parking translation: observed_blue_18p1_m2p0, dist=0.40m/0.17m, heading_error=4deg, cmd=(0.07, 0.06)
[state_machine_node-28] [INFO] [1789539649.355985947] [state_machine_node]: Fine door parking translation: observed_blue_18p1_m2p0, dist=0.36m/0.17m, heading_error=4deg, cmd=(0.07, 0.05)
[state_machine_node-28] [INFO] [1789539649.971391510] [state_machine_node]: Blue candidate door_blue_adbe1f rejected: handle lateral 2.87m is outside wall band 2.20+0.35m.
[state_machine_node-28] [INFO] [1789539649.972101174] [state_machine_node]: Blue candidate door_blue_adbe1f kept in wall observation memory using its door pose; handle projection is outside the wall band.
[state_machine_node-28] [INFO] [1789539649.972971851] [state_machine_node]: 문 접근 목표 보정: door_blue_56aa5e handle_axis=(17.91, -2.87) goal_axis=(17.91, -0.95) wall_axis=(17.91, -2.20) yaw=-90deg
[state_machine_node-28] [INFO] [1789539650.386362448] [state_machine_node]: Fine door parking translation: observed_blue_18p1_m2p0, dist=0.32m/0.17m, heading_error=4deg, cmd=(0.07, 0.05)
[state_machine_node-28] [INFO] [1789539651.357768025] [state_machine_node]: Fine door parking translation: observed_blue_18p1_m2p0, dist=0.28m/0.17m, heading_error=3deg, cmd=(0.07, 0.04)
[state_machine_node-28] [INFO] [1789539651.615098365] [state_machine_node]: Blue candidate door_blue_adbe1f recorded with door-body progress and observed wall side because its direct projection was center-biased or crossed the corridor.
[state_machine_node-28] [INFO] [1789539651.619550347] [state_machine_node]: 문 접근 목표 보정: door_blue_0bc403 handle_axis=(17.92, -2.88) goal_axis=(17.92, -0.95) wall_axis=(17.92, -2.20) yaw=-90deg
[state_machine_node-28] [INFO] [1789539652.311181079] [state_machine_node]: Fine door parking translation: observed_blue_18p1_m2p0, dist=0.25m/0.17m, heading_error=3deg, cmd=(0.07, 0.04)
[state_machine_node-28] [INFO] [1789539652.860084399] [state_machine_node]: 보조 비상구 관측 저장: door_green_980b87 (17.9, 0.1)
[state_machine_node-28] [INFO] [1789539653.283271875] [state_machine_node]: Fine door parking translation: observed_blue_18p1_m2p0, dist=0.21m/0.17m, heading_error=3deg, cmd=(0.07, 0.04)
[state_machine_node-28] [INFO] [1789539654.275826080] [state_machine_node]: Fine door final yaw alignment: observed_blue_18p1_m2p0, dist=0.17m/0.17m, yaw_error=88deg, cmd=(0.00, -0.25)
[state_machine_node-28] [INFO] [1789539655.273125802] [state_machine_node]: Fine door final yaw alignment: observed_blue_18p1_m2p0, dist=0.17m/0.17m, yaw_error=82deg, cmd=(0.00, -0.25)
[state_machine_node-28] [INFO] [1789539656.312117726] [state_machine_node]: Fine door final yaw alignment: observed_blue_18p1_m2p0, dist=0.17m/0.17m, yaw_error=76deg, cmd=(0.00, -0.25)
[state_machine_node-28] [INFO] [1789539656.563869938] [state_machine_node]: Blue candidate door_blue_adbe1f rejected: handle lateral 2.82m is outside wall band 2.20+0.35m.
[state_machine_node-28] [INFO] [1789539656.566037056] [state_machine_node]: Blue candidate door_blue_adbe1f recorded with door-body progress and observed wall side because its direct projection was center-biased or crossed the corridor.
[state_machine_node-28] [INFO] [1789539656.567322481] [state_machine_node]: 문 접근 목표 보정: door_blue_0bc403 handle_axis=(17.78, -2.82) goal_axis=(17.78, -0.95) wall_axis=(17.78, -2.20) yaw=-90deg
[state_machine_node-28] [INFO] [1789539657.311825877] [state_machine_node]: 보조 비상구 관측 저장: door_green_981358 (17.1, -0.1)
[state_machine_node-28] [INFO] [1789539657.341906520] [state_machine_node]: Fine door final yaw alignment: observed_blue_18p1_m2p0, dist=0.17m/0.17m, yaw_error=71deg, cmd=(0.00, -0.25)
[state_machine_node-28] [INFO] [1789539658.343803696] [state_machine_node]: Fine door final yaw alignment: observed_blue_18p1_m2p0, dist=0.17m/0.17m, yaw_error=66deg, cmd=(0.00, -0.25)
[state_machine_node-28] [INFO] [1789539659.321821802] [state_machine_node]: Fine door final yaw alignment: observed_blue_18p1_m2p0, dist=0.17m/0.17m, yaw_error=61deg, cmd=(0.00, -0.25)
[state_machine_node-28] [INFO] [1789539660.301853294] [state_machine_node]: Fine door final yaw alignment: observed_blue_18p1_m2p0, dist=0.18m/0.17m, yaw_error=56deg, cmd=(0.00, -0.25)
[state_machine_node-28] [INFO] [1789539660.568803599] [state_machine_node]: 보조 비상구 관측 저장: door_green_486380 (17.9, -0.0)
[state_machine_node-28] [INFO] [1789539661.294999839] [state_machine_node]: Fine door final yaw alignment: observed_blue_18p1_m2p0, dist=0.18m/0.17m, yaw_error=52deg, cmd=(0.00, -0.25)
[state_machine_node-28] [INFO] [1789539661.541151640] [state_machine_node]: Blue candidate door_blue_adbe1f rejected: handle lateral 2.77m is outside wall band 2.20+0.35m.
[state_machine_node-28] [INFO] [1789539661.542963523] [state_machine_node]: Blue candidate door_blue_adbe1f recorded with door-body progress and observed wall side because its direct projection was center-biased or crossed the corridor.
[state_machine_node-28] [INFO] [1789539661.543958274] [state_machine_node]: 문 접근 목표 보정: door_blue_91b193 handle_axis=(17.69, -2.77) goal_axis=(17.69, -0.95) wall_axis=(17.69, -2.20) yaw=-90deg
[state_machine_node-28] [INFO] [1789539662.304836157] [state_machine_node]: Fine door final yaw alignment: observed_blue_18p1_m2p0, dist=0.18m/0.17m, yaw_error=48deg, cmd=(0.00, -0.25)
[state_machine_node-28] [INFO] [1789539663.278544448] [state_machine_node]: Fine door final yaw alignment: observed_blue_18p1_m2p0, dist=0.18m/0.17m, yaw_error=43deg, cmd=(0.00, -0.25)
[state_machine_node-28] [INFO] [1789539663.801864151] [state_machine_node]: 보조 비상구 관측 저장: door_green_486380 (17.8, 0.1)
[state_machine_node-28] [INFO] [1789539664.229271371] [state_machine_node]: Fine door final yaw alignment: observed_blue_18p1_m2p0, dist=0.18m/0.17m, yaw_error=39deg, cmd=(0.00, -0.25)
[state_machine_node-28] [INFO] [1789539665.208728368] [state_machine_node]: Fine door final yaw alignment: observed_blue_18p1_m2p0, dist=0.17m/0.17m, yaw_error=34deg, cmd=(0.00, -0.25)
[state_machine_node-28] [INFO] [1789539666.297610135] [state_machine_node]: Blue candidate door_blue_cd4474_4 rejected: handle lateral 5.63m is outside wall band 2.20+0.35m.
[state_machine_node-28] [INFO] [1789539666.302007706] [state_machine_node]: Blue candidate door_blue_cd4474_4 recorded with door-body progress and observed wall side because its direct projection was center-biased or crossed the corridor.
[state_machine_node-28] [INFO] [1789539666.304012743] [state_machine_node]: 문 접근 목표 보정: door_blue_cd4474_4 handle_axis=(18.31, -5.63) goal_axis=(18.31, -0.95) wall_axis=(18.31, -2.20) yaw=-90deg
[state_machine_node-28] [INFO] [1789539666.355083939] [state_machine_node]: Fine door final yaw alignment: observed_blue_18p1_m2p0, dist=0.17m/0.17m, yaw_error=30deg, cmd=(0.00, -0.25)
[state_machine_node-28] [INFO] [1789539667.077023714] [state_machine_node]: 문 접근 목표 보정: door_blue_91b193 handle_axis=(17.53, -2.71) goal_axis=(17.53, -0.95) wall_axis=(17.53, -2.20) yaw=-90deg
[state_machine_node-28] [INFO] [1789539667.874313723] [state_machine_node]: 문 접근 목표 보정: door_blue_cd4474 handle_axis=(18.24, -5.63) goal_axis=(18.24, -0.95) wall_axis=(18.24, -2.20) yaw=-90deg
[state_machine_node-28] [INFO] [1789539668.135767689] [state_machine_node]: 보조 비상구 관측 저장: door_green_fc4df7 (17.9, 0.2)
[state_machine_node-28] [INFO] [1789539668.154034377] [state_machine_node]: Fine door final yaw alignment: observed_blue_18p1_m2p0, dist=0.16m/0.17m, yaw_error=25deg, cmd=(0.00, -0.25)
[state_machine_node-28] [INFO] [1789539669.157351316] [state_machine_node]: 문 접근 목표 보정: door_blue_93cc9e handle_axis=(17.55, -2.71) goal_axis=(17.55, -0.95) wall_axis=(17.55, -2.20) yaw=-90deg
[state_machine_node-28] [INFO] [1789539669.515366025] [state_machine_node]: Blue candidate door_blue_cd4474_4 rejected: handle lateral 5.63m is outside wall band 2.20+0.35m.
[state_machine_node-28] [INFO] [1789539669.519099471] [state_machine_node]: Blue candidate door_blue_cd4474_4 recorded with door-body progress and observed wall side because its direct projection was center-biased or crossed the corridor.
[state_machine_node-28] [INFO] [1789539669.523297533] [state_machine_node]: 문 접근 목표 보정: door_blue_cd4474 handle_axis=(18.27, -5.63) goal_axis=(18.27, -0.95) wall_axis=(18.27, -2.20) yaw=-90deg
[state_machine_node-28] [INFO] [1789539669.695102215] [state_machine_node]: Fine door final yaw alignment: observed_blue_18p1_m2p0, dist=0.16m/0.17m, yaw_error=19deg, cmd=(0.00, -0.25)
[state_machine_node-28] [INFO] [1789539669.996951500] [state_machine_node]: 문 접근 목표 보정: door_blue_93cc9e handle_axis=(17.57, -2.72) goal_axis=(17.57, -0.95) wall_axis=(17.57, -2.20) yaw=-90deg
[state_machine_node-28] [INFO] [1789539670.369349805] [state_machine_node]: 문 접근 목표 보정: door_blue_cd4474 handle_axis=(17.79, -5.55) goal_axis=(17.79, -0.95) wall_axis=(17.79, -2.20) yaw=-90deg
[state_machine_node-28] [INFO] [1789539670.723690463] [state_machine_node]: Fine door approach accepted after near-target settling: observed_blue_18p1_m2p0, dist=0.15m/0.24m, lateral=0.12m/0.22m, yaw_error=14deg/16deg.
[state_machine_node-28] [INFO] [1789539670.724601246] [state_machine_node]: 문 앞 정렬 완료. 2.8s 정지 후 개방합니다.
[state_machine_node-28] [INFO] [1789539671.247826014] [state_machine_node]: 보조 비상구 관측 저장: door_green_e679db (17.8, 0.1)
[state_machine_node-28] [INFO] [1789539671.529296862] [state_machine_node]: 문 접근 목표 보정: door_blue_8e8544 handle_axis=(18.02, -2.83) goal_axis=(18.02, -0.95) wall_axis=(18.02, -2.20) yaw=-90deg
[state_machine_node-28] [INFO] [1789539671.720653638] [state_machine_node]: 문 접근 목표 보정: door_blue_93cc9e handle_axis=(17.33, -2.60) goal_axis=(17.33, -0.95) wall_axis=(17.33, -2.20) yaw=-90deg
[state_machine_node-28] [INFO] [1789539672.490752871] [state_machine_node]: 문 접근 목표 보정: door_blue_8e8544 handle_axis=(18.02, -2.83) goal_axis=(18.02, -0.95) wall_axis=(18.02, -2.20) yaw=-90deg
[state_machine_node-28] [INFO] [1789539673.163955217] [state_machine_node]: Blue candidate door_blue_adbe1f rejected: handle lateral 2.60m is outside wall band 2.20+0.35m.
[state_machine_node-28] [INFO] [1789539673.168483380] [state_machine_node]: Blue candidate door_blue_adbe1f recorded with door-body progress and observed wall side because its direct projection was center-biased or crossed the corridor.
[state_machine_node-28] [INFO] [1789539673.170692949] [state_machine_node]: 문 접근 목표 보정: door_blue_93cc9e handle_axis=(17.33, -2.60) goal_axis=(17.33, -0.95) wall_axis=(17.33, -2.20) yaw=-90deg
[state_machine_node-28] [INFO] [1789539673.388422531] [state_machine_node]: 문 접근 목표 보정: door_blue_8e8544 handle_axis=(18.02, -2.83) goal_axis=(18.02, -0.95) wall_axis=(18.02, -2.20) yaw=-90deg
[state_machine_node-28] [INFO] [1789539674.284716587] [state_machine_node]: 문 접근 목표 보정: door_blue_8e8544 handle_axis=(18.02, -2.83) goal_axis=(18.02, -0.95) wall_axis=(18.02, -2.20) yaw=-90deg
[state_machine_node-28] [INFO] [1789539674.512198600] [state_machine_node]: 문 접근 목표 보정: door_blue_93cc9e handle_axis=(17.33, -2.60) goal_axis=(17.33, -0.95) wall_axis=(17.33, -2.20) yaw=-90deg
[state_machine_node-28] [INFO] [1789539675.225890334] [state_machine_node]: 문 접근 목표 보정: door_blue_8e8544 handle_axis=(18.02, -2.83) goal_axis=(18.02, -0.95) wall_axis=(18.02, -2.20) yaw=-90deg
[state_machine_node-28] [INFO] [1789539675.880961973] [state_machine_node]: 보조 비상구 관측 저장: door_green_e679db (17.8, 0.1)
[state_machine_node-28] [INFO] [1789539676.137655204] [state_machine_node]: 문 접근 목표 보정: door_blue_93cc9e handle_axis=(17.33, -2.60) goal_axis=(17.33, -0.95) wall_axis=(17.33, -2.20) yaw=-90deg
[state_machine_node-28] [INFO] [1789539676.401884452] [state_machine_node]: Blue candidate door_blue_adbe1f rejected: handle lateral 2.83m is outside wall band 2.20+0.35m.
[state_machine_node-28] [INFO] [1789539676.405543165] [state_machine_node]: Blue candidate door_blue_adbe1f recorded with door-body progress and observed wall side because its direct projection was center-biased or crossed the corridor.
[state_machine_node-28] [INFO] [1789539676.407361412] [state_machine_node]: 문 접근 목표 보정: door_blue_8e8544 handle_axis=(18.02, -2.83) goal_axis=(18.02, -0.95) wall_axis=(18.02, -2.20) yaw=-90deg
[state_machine_node-28] [INFO] [1789539677.235362643] [state_machine_node]: Blue candidate door_blue_adbe1f cannot confirm opening: current camera ray is outside the frontal manipulation workspace.
[state_machine_node-28] [INFO] [1789539677.311599414] [state_machine_node]: Observed blue target observed_blue_18p1_m2p0 kept for mapping but not opened yet: after at least one opened door, mapped wall memory needs a close live blue frame at the same station.
[state_machine_node-28] [WARN] [1789539677.456150398] [state_machine_node]: Fresh blue evidence missing near target observed_blue_18p1_m2p0: p=18.43, lat=-1.97, radius=0.81m, max_age=10.0s, min_conf=0.34.
[state_machine_node-28] [INFO] [1789539677.895437029] [state_machine_node]: 잠금 문 visual-servo 수렴 관측 사용: observed_blue_18p1_m2p0, count=16, conf=1.00, age=15.8s
[state_machine_node-28] [WARN] [1789539678.392055629] [state_machine_node]: Fresh blue evidence missing near target observed_blue_18p1_m2p0: p=18.43, lat=-1.97, radius=0.81m, max_age=10.0s, min_conf=0.34.
[state_machine_node-28] [INFO] [1789539678.445658903] [state_machine_node]: Live blue confirmation (1.6, 3.6) rejected: same-wall blue observation is inside the opened-door remnant window (opened_progress=3.3m, gap=1.2m, window=2.4m).
[state_machine_node-28] [INFO] [1789539678.477852383] [state_machine_node]: State: NAVIGATING → OPENING_DOOR
[state_machine_node-28] [INFO] [1789539678.878796174] [state_machine_node]: 문 개방 요청 손잡이: id=observed_blue_18p1_m2p0__axis_p18p43_m1p97, method=yolo:primary:item, conf=0.72, frame=map, pos=(15.425,-1.966,0.824)
[manipulation_node-26] [INFO] [1789539678.887573359] [manipulation_node]: Open door request: id=observed_blue_18p1_m2p0__axis_p18p43_m1p97, handle_method=yolo:primary:item, handle_detected=True, handle_conf=0.72
[manipulation_node-26] [INFO] [1789539678.894200836] [manipulation_node]: Manipulation phase: LOCALIZE_HANDLE:observed_blue_18p1_m2p0__axis_p18p43_m1p97
[manipulation_node-26] [INFO] [1789539678.913712501] [manipulation_node]: Transformed handle_position map -> base_link: (1.068, -0.123, 0.726)
[manipulation_node-26] [INFO] [1789539678.914280798] [manipulation_node]: Manipulation phase: PRE_GRASP:observed_blue_18p1_m2p0__axis_p18p43_m1p97
[manipulation_node-26] [INFO] [1789539678.914702746] [manipulation_node]: Step 1/4: Moving to pre-grasp position
[manipulation_node-26] [INFO] [1789539678.915166360] [manipulation_node]:   [SIM] Pre-grasp at (0.948, -0.123, 0.726)
[manipulation_node-26] [INFO] [1789539678.922650174] [manipulation_node]:   [SIM] Arm target stage=pre_grasp: joint1=-0.18, joint2=1.00, joint3=-0.11, joint4=0.00, joint5=0.00, joint6=0.00
[state_machine_node-28] [INFO] [1789539679.635534243] [state_machine_node]: Blue candidate door_blue_adbe1f rejected: handle lateral 2.83m is outside wall band 2.20+0.35m.
[state_machine_node-28] [INFO] [1789539679.637816536] [state_machine_node]: Blue candidate door_blue_adbe1f recorded with door-body progress and observed wall side because its direct projection was center-biased or crossed the corridor.
[state_machine_node-28] [INFO] [1789539679.911757658] [state_machine_node]: 보조 비상구 관측 저장: door_green_e679db (17.8, 0.1)
[manipulation_node-26] [INFO] [1789539679.961269807] [manipulation_node]: Manipulation phase: GRASP_HANDLE:observed_blue_18p1_m2p0__axis_p18p43_m1p97
[manipulation_node-26] [INFO] [1789539679.966479384] [manipulation_node]: Step 2/4: Grasping handle
[manipulation_node-26] [INFO] [1789539679.967955215] [manipulation_node]:   [SIM] Gripper closing
[manipulation_node-26] [INFO] [1789539679.970733429] [manipulation_node]:   [SIM] Arm target stage=grasp: joint1=-0.18, joint2=1.00, joint3=-0.11, joint4=0.00, joint5=0.00, joint6=0.00
[manipulation_node-26] [INFO] [1789539681.060604702] [manipulation_node]: Manipulation phase: PRESS_HANDLE:observed_blue_18p1_m2p0__axis_p18p43_m1p97
[manipulation_node-26] [INFO] [1789539681.063170152] [manipulation_node]: Step 3/5: Pressing lever handle
[manipulation_node-26] [INFO] [1789539681.063567774] [manipulation_node]:   [SIM] Pressing lever down 0.070m before push
[manipulation_node-26] [INFO] [1789539681.063899911] [manipulation_node]:   [SIM] Arm target stage=press: joint1=-0.18, joint2=1.07, joint3=-0.11, joint4=0.00, joint5=0.00, joint6=0.00
[manipulation_node-26] [INFO] [1789539682.144582121] [manipulation_node]: Manipulation phase: PUSH_OPEN:observed_blue_18p1_m2p0__axis_p18p43_m1p97
[manipulation_node-26] [INFO] [1789539682.146263325] [manipulation_node]: Step 4/5: Pushing door open
[manipulation_node-26] [INFO] [1789539682.153800064] [manipulation_node]:   [SIM] Holding the pressed handle while the base opens the hinged Gazebo door 2.09rad
[manipulation_node-26] [INFO] [1789539682.169304245] [manipulation_node]:   [SIM] Arm target stage=push: joint1=-0.18, joint2=1.00, joint3=-0.11, joint4=0.00, joint5=0.00, joint6=0.00
[manipulation_node-26] [INFO] [1789539682.218543686] [manipulation_node]:   [SIM] Matched observed door observed_blue_18p1_m2p0__axis_p18p43_m1p97 to /fire_robot/door/blue/x1500/yn186/sp/cmd (distance=0.06m, score=0.004, source=map_handle, match=(15.43,-1.97))
[manipulation_node-26] [INFO] [1789539682.218931570] [manipulation_node]:   [SIM] Gazebo door topic=/fire_robot/door/blue/x1500/yn186/sp/cmd, target_angle=-2.094
[state_machine_node-28] [INFO] [1789539683.146934972] [state_machine_node]: Blue candidate door_blue_adbe1f rejected: handle lateral 2.60m is outside wall band 2.20+0.35m.
[state_machine_node-28] [INFO] [1789539683.151891588] [state_machine_node]: Blue candidate door_blue_adbe1f recorded with door-body progress and observed wall side because its direct projection was center-biased or crossed the corridor.
[state_machine_node-28] [INFO] [1789539684.010649597] [state_machine_node]: 보조 비상구 관측 저장: door_green_e679db (17.8, 0.1)
[door_detection_node-24] [INFO] [1789539685.159787339] [door_detection_node]: YOLO handle observed (primary): pixel=(238,130), conf=0.63, bbox=(191, 111, 284, 148)
[door_detection_node-24] [INFO] [1789539685.162321687] [door_detection_node]: Handle camera-ray projection: pixel=(238,130), range=1.160m, z=0.742m
[state_machine_node-28] [INFO] [1789539685.175217064] [state_machine_node]: Blue candidate door_blue_adbe1f recorded at camera-ray intersection with the observed corridor wall.
[state_machine_node-28] [INFO] [1789539686.580986805] [state_machine_node]: Blue candidate door_blue_adbe1f rejected: handle lateral 2.60m is outside wall band 2.20+0.35m.
[state_machine_node-28] [INFO] [1789539686.584656126] [state_machine_node]: Blue candidate door_blue_adbe1f recorded with door-body progress and observed wall side because its direct projection was center-biased or crossed the corridor.
[state_machine_node-28] [INFO] [1789539687.586188869] [state_machine_node]: 보조 비상구 관측 저장: door_green_e679db (17.8, 0.1)
[manipulation_node-26] [INFO] [1789539689.454096554] [manipulation_node]:   [SIM] Door model feedback verified: topic=/fire_robot/door/blue/x1500/yn186/sp/cmd, model=door_blue6, angle=-2.1000, target=-2.0944
[manipulation_node-26] [INFO] [1789539690.458000902] [manipulation_node]: Manipulation phase: RELEASE_HANDLE:observed_blue_18p1_m2p0__axis_p18p43_m1p97
[manipulation_node-26] [INFO] [1789539690.458557291] [manipulation_node]: Releasing the lever before arm recovery and base backoff
[state_machine_node-28] [INFO] [1789539690.712984237] [state_machine_node]: 보조 비상구 관측 저장: door_green_e679db (17.8, 0.1)
[manipulation_node-26] [INFO] [1789539691.508710974] [manipulation_node]: Manipulation phase: RETURN_HOME:observed_blue_18p1_m2p0__axis_p18p43_m1p97
[manipulation_node-26] [INFO] [1789539691.509362013] [manipulation_node]: Step 5/5: Returning to home position
[manipulation_node-26] [INFO] [1789539691.510437654] [manipulation_node]:   [SIM] Returning to home position
[manipulation_node-26] [INFO] [1789539691.514419161] [manipulation_node]:   [SIM] Arm target stage=home: joint1=0.00, joint2=0.00, joint3=0.00, joint4=0.00, joint5=0.00, joint6=0.00
[state_machine_node-28] [INFO] [1789539694.025164853] [state_machine_node]: 보조 비상구 관측 저장: door_green_e679db (17.8, 0.1)
[manipulation_node-26] [INFO] [1789539694.822428317] [manipulation_node]:   [SIM] Arm home verified by joint feedback: max_error=0.039rad
[manipulation_node-26] [INFO] [1789539694.825342831] [manipulation_node]: Manipulation phase: POST_OPEN_BACKOFF:observed_blue_18p1_m2p0__axis_p18p43_m1p97
[manipulation_node-26] [INFO] [1789539694.826042111] [manipulation_node]: Backing away from opened door with limited micro reverse
[manipulation_node-26] [INFO] [1789539697.126413316] [manipulation_node]: Manipulation phase: COMPLETE:observed_blue_18p1_m2p0__axis_p18p43_m1p97
[state_machine_node-28] [INFO] [1789539697.186748889] [state_machine_node]: 열린 파란 문 재관측 후보 2개 정리. 다음 목표 선택에서 제외합니다.
[state_machine_node-28] [INFO] [1789539697.187521062] [state_machine_node]: 문 개방 성공: observed_blue_18p1_m2p0  누적 개방: 6개
[state_machine_node-28] [INFO] [1789539697.188195326] [state_machine_node]: State: OPENING_DOOR → DOOR_OPENED
[state_machine_node-28] [INFO] [1789539697.311976869] [state_machine_node]: 다음 파란 문 탐색 시작 (개방 완료: 6개)
[state_machine_node-28] [INFO] [1789539697.312663639] [state_machine_node]: State: DOOR_OPENED → EXPLORING
[state_machine_node-28] [INFO] [1789539697.401814837] [state_machine_node]: 보조 비상구 관측 저장: door_green_e679db (17.8, 0.1)
[state_machine_node-28] [WARN] [1789539697.402843838] [state_machine_node]: Exit candidate door_green_e679db accepted despite a backward localization progress estimate: robot=18.3m, opened_floor=18.4m, exit=20.8m.
[state_machine_node-28] [INFO] [1789539698.242888515] [state_machine_node]: Post-open side retreat started: lateral=-0.87m, target_abs=0.48m.
[state_machine_node-28] [INFO] [1789539698.244571327] [state_machine_node]: Post-open side retreat: lateral=-0.87m, moved=0.00/1.10m, yaw_error=166deg, cmd=(0.00, 0.50)
[state_machine_node-28] [INFO] [1789539700.202709621] [state_machine_node]: Post-open side retreat: lateral=-0.87m, moved=0.00/1.10m, yaw_error=146deg, cmd=(0.00, 0.50)
[state_machine_node-28] [INFO] [1789539700.663078869] [state_machine_node]: 보조 비상구 관측 저장: door_green_fc4df7 (17.8, 0.1)
[state_machine_node-28] [WARN] [1789539700.664403497] [state_machine_node]: Exit candidate door_green_fc4df7 accepted despite a backward localization progress estimate: robot=18.3m, opened_floor=18.4m, exit=20.8m.
[state_machine_node-28] [INFO] [1789539701.239075538] [state_machine_node]: Post-open side retreat: lateral=-0.87m, moved=0.00/1.10m, yaw_error=137deg, cmd=(0.00, 0.50)
[state_machine_node-28] [INFO] [1789539702.300135907] [state_machine_node]: Post-open side retreat: lateral=-0.87m, moved=0.00/1.10m, yaw_error=129deg, cmd=(0.00, 0.50)
[door_detection_node-24] [INFO] [1789539702.647920184] [door_detection_node]: HSV handle observed: color=blue, pixel=(228,124), conf=0.36, door_bbox=(231,0,270,240)
[state_machine_node-28] [INFO] [1789539702.686203378] [state_machine_node]: Blue candidate door_blue_0bc403 ignored: physical/opened door station already handled nearby at (13.97, -2.34).
[state_machine_node-28] [INFO] [1789539703.331282013] [state_machine_node]: Post-open side retreat: lateral=-0.87m, moved=0.00/1.10m, yaw_error=120deg, cmd=(0.00, 0.50)
[state_machine_node-28] [INFO] [1789539703.982057500] [state_machine_node]: 보조 비상구 관측 저장: door_green_981358 (17.8, -0.0)
[state_machine_node-28] [WARN] [1789539703.983635840] [state_machine_node]: Exit candidate door_green_981358 accepted despite a backward localization progress estimate: robot=18.2m, opened_floor=18.4m, exit=20.8m.
[state_machine_node-28] [INFO] [1789539704.342113398] [state_machine_node]: Post-open side retreat: lateral=-0.89m, moved=0.00/1.10m, yaw_error=110deg, cmd=(0.00, 0.50)
[state_machine_node-28] [INFO] [1789539706.203741562] [state_machine_node]: Post-open side retreat: lateral=-0.93m, moved=0.00/1.10m, yaw_error=86deg, cmd=(0.00, 0.50)
[state_machine_node-28] [INFO] [1789539707.863916389] [state_machine_node]: 보조 비상구 관측 저장: door_green_a608ce (17.9, -0.0)
[state_machine_node-28] [WARN] [1789539707.865050468] [state_machine_node]: Exit candidate door_green_a608ce accepted despite a backward localization progress estimate: robot=18.2m, opened_floor=18.4m, exit=20.9m.
[state_machine_node-28] [INFO] [1789539708.144393708] [state_machine_node]: Post-open side retreat: lateral=-0.98m, moved=0.00/1.10m, yaw_error=64deg, cmd=(0.00, 0.50)
[state_machine_node-28] [INFO] [1789539710.073204375] [state_machine_node]: Post-open side retreat: lateral=-0.99m, moved=0.00/1.10m, yaw_error=46deg, cmd=(0.00, 0.50)
[door_detection_node-24] [INFO] [1789539710.457524964] [door_detection_node]: HSV handle observed: color=blue, pixel=(50,122), conf=0.17, door_bbox=(23,60,52,174)
[state_machine_node-28] [INFO] [1789539710.503860608] [state_machine_node]: Blue candidate door_blue_c33b94 ignored: physical/opened door station already handled nearby at (11.96, 1.47).
[state_machine_node-28] [INFO] [1789539711.112238027] [state_machine_node]: Post-open side retreat: lateral=-0.99m, moved=0.00/1.10m, yaw_error=37deg, cmd=(0.00, 0.50)
[state_machine_node-28] [INFO] [1789539711.758829551] [state_machine_node]: 보조 비상구 관측 저장: door_green_42017d (17.9, 0.2)
[state_machine_node-28] [WARN] [1789539711.759754433] [state_machine_node]: Exit candidate door_green_42017d accepted despite a backward localization progress estimate: robot=18.3m, opened_floor=18.4m, exit=20.9m.
[state_machine_node-28] [INFO] [1789539712.198594285] [state_machine_node]: Post-open side retreat: lateral=-0.99m, moved=0.00/1.10m, yaw_error=28deg, cmd=(0.00, 0.50)
[state_machine_node-28] [INFO] [1789539714.099402843] [state_machine_node]: Post-open side retreat: lateral=-0.99m, moved=0.00/1.10m, yaw_error=6deg, cmd=(0.18, 0.09)
[door_detection_node-24] [INFO] [1789539715.448896205] [door_detection_node]: HSV handle observed: color=blue, pixel=(227,122), conf=0.19, door_bbox=(205,64,229,171)
[state_machine_node-28] [INFO] [1789539715.480601364] [state_machine_node]: Blue candidate door_blue_247792 ignored: physical/opened door station already handled nearby at (11.83, 1.76).
[state_machine_node-28] [INFO] [1789539715.545307919] [state_machine_node]: 보조 비상구 관측 저장: door_green_992e7d (18.0, -0.1)
[state_machine_node-28] [WARN] [1789539715.546534199] [state_machine_node]: Exit candidate door_green_992e7d accepted despite a backward localization progress estimate: robot=18.3m, opened_floor=18.4m, exit=21.0m.
[state_machine_node-28] [INFO] [1789539716.063288732] [state_machine_node]: Post-open side retreat: lateral=-0.83m, moved=0.04/1.10m, yaw_error=3deg, cmd=(0.18, 0.04)
[state_machine_node-28] [INFO] [1789539717.064189223] [state_machine_node]: Post-open side retreat: lateral=-0.74m, moved=0.13/1.10m, yaw_error=2deg, cmd=(0.18, 0.02)
[door_detection_node-24] [INFO] [1789539718.696282734] [door_detection_node]: HSV handle observed: color=blue, pixel=(228,122), conf=0.20, door_bbox=(204,63,229,172)
[state_machine_node-28] [INFO] [1789539718.729324391] [state_machine_node]: Blue candidate door_blue_247792 ignored: physical/opened door station already handled nearby at (11.78, 1.82).
[state_machine_node-28] [INFO] [1789539718.872205624] [state_machine_node]: 보조 비상구 관측 저장: door_green_6f929e (17.9, -0.2)
[state_machine_node-28] [WARN] [1789539718.872857175] [state_machine_node]: Exit candidate door_green_6f929e accepted despite a backward localization progress estimate: robot=18.3m, opened_floor=18.4m, exit=20.9m.
[state_machine_node-28] [INFO] [1789539719.066204486] [state_machine_node]: Post-open side retreat: lateral=-0.56m, moved=0.31/1.10m, yaw_error=1deg, cmd=(0.18, 0.01)
[state_machine_node-28] [INFO] [1789539720.012448859] [state_machine_node]: Post-open side retreat complete: lateral=0.47m <= target=0.48m
[state_machine_node-28] [INFO] [1789539720.046865025] [state_machine_node]: 파란 문 후보 없음. 2.0s 동안 정지 스캔 후 관측 기반 waypoint를 계획합니다.
[door_detection_node-24] [INFO] [1789539720.362993082] [door_detection_node]: HSV handle observed: color=blue, pixel=(224,122), conf=0.08, door_bbox=(198,62,226,173)
[door_detection_node-24] [INFO] [1789539722.056548915] [door_detection_node]: HSV handle observed: color=blue, pixel=(224,122), conf=0.08, door_bbox=(198,62,226,173)
[state_machine_node-28] [INFO] [1789539722.194964151] [state_machine_node]: Blue candidate door_blue_247792 ignored: physical/opened door station already handled nearby at (11.79, 1.83).
[state_machine_node-28] [INFO] [1789539722.357795314] [state_machine_node]: 보조 비상구 관측 저장: door_green_6f929e (17.9, -0.2)
[state_machine_node-28] [WARN] [1789539722.358612626] [state_machine_node]: Exit candidate door_green_6f929e accepted despite a backward localization progress estimate: robot=18.3m, opened_floor=18.4m, exit=20.9m.
[door_detection_node-24] [INFO] [1789539723.655912226] [door_detection_node]: HSV handle observed: color=blue, pixel=(224,122), conf=0.08, door_bbox=(198,62,226,173)
[state_machine_node-28] [INFO] [1789539724.028131639] [state_machine_node]: 비상구 이동 전 마지막 측면 문 스캔 시작
[state_machine_node-28] [INFO] [1789539727.088638646] [state_machine_node]: 보조 비상구 관측 저장: door_green_9fd74b (17.9, 0.2)
[state_machine_node-28] [WARN] [1789539727.089868650] [state_machine_node]: Exit candidate door_green_9fd74b accepted despite a backward localization progress estimate: robot=18.4m, opened_floor=18.4m, exit=20.9m.
[door_detection_node-24] [INFO] [1789539727.537210109] [door_detection_node]: HSV handle observed: color=blue, pixel=(49,122), conf=0.15, door_bbox=(18,58,52,177)
[state_machine_node-28] [INFO] [1789539727.574777969] [state_machine_node]: Blue candidate door_blue_b177f7 ignored: physical/opened door station already handled nearby at (12.05, 1.64).
[state_machine_node-28] [INFO] [1789539728.248398672] [state_machine_node]: Final exit scan complete. opened=6, no remaining blue door selected; moving to exit.
[state_machine_node-28] [INFO] [1789539728.249193583] [state_machine_node]: State: EXPLORING → EXITING
[door_detection_node-24] [INFO] [1789539728.589492565] [door_detection_node]: HSV handle observed: color=blue, pixel=(88,122), conf=0.16, door_bbox=(60,61,91,171)
[state_machine_node-28] [INFO] [1789539728.603208304] [state_machine_node]: Blue candidate door_blue_cd4474_4 ignored: same canonical ID near opened exit-tail station 18.4m (candidate 18.2m).
[state_machine_node-28] [INFO] [1789539729.245890854] [state_machine_node]: 비상구 탐지 확인: door_green_230faf (15.9, -1.8); Nav2 정렬 목표 (17.1, 0.0), 통과 완료 목표 (18.8, 0.0)를 사용합니다.
[navigation_node-25] [INFO] [1789539729.248504972] [navigation_node]: Navigation goal received: door emergency_exit_pass_through (color=green, frame=map, x=17.07, y=0.02)
[navigation_node-25] [INFO] [1789539729.416456381] [navigation_node]: Navigation goal accepted by Nav2
[bt_navigator-16] [INFO] [1789539729.418224125] [bt_navigator]: Begin navigating from current location (15.38, -0.46) to (17.07, 0.02)
[controller_server-12] [INFO] [1789539729.619637192] [controller_server]: Received a goal, begin computing control effort.
[door_detection_node-24] [INFO] [1789539730.586709119] [door_detection_node]: HSV handle observed: color=blue, pixel=(80,122), conf=0.16, door_bbox=(52,60,84,173)
[state_machine_node-28] [INFO] [1789539730.599380579] [state_machine_node]: Blue candidate door_blue_0eb762 ignored: physical/opened door station already handled nearby at (11.89, 1.76).
[controller_server-12] [INFO] [1789539730.995868501] [controller_server]: Passing new path to controller.
[controller_server-12] [INFO] [1789539732.120835992] [controller_server]: Passing new path to controller.
[door_detection_node-24] [INFO] [1789539732.537146824] [door_detection_node]: HSV handle observed: color=blue, pixel=(16,122), conf=0.27, door_bbox=(0,57,19,183)
[controller_server-12] [INFO] [1789539733.495872448] [controller_server]: Passing new path to controller.
[door_detection_node-24] [INFO] [1789539733.681921605] [door_detection_node]: HSV handle observed: color=blue, pixel=(300,122), conf=0.16, door_bbox=(269,58,302,178)
[state_machine_node-28] [INFO] [1789539733.795112214] [state_machine_node]: Blue candidate door_blue_09c6b1 ignored: physical/opened door station already handled nearby at (12.09, 1.67).
[state_machine_node-28] [INFO] [1789539733.999401532] [state_machine_node]: 보조 비상구 관측 저장: door_green_9fd74b (17.9, -0.1)
[controller_server-12] [INFO] [1789539734.747093096] [controller_server]: Passing new path to controller.
[door_detection_node-24] [INFO] [1789539735.167716157] [door_detection_node]: HSV handle observed: color=blue, pixel=(187,122), conf=0.18, door_bbox=(162,63,189,171)
[controller_server-12] [INFO] [1789539736.120949480] [controller_server]: Passing new path to controller.
[door_detection_node-24] [INFO] [1789539736.677867969] [door_detection_node]: HSV handle observed: color=blue, pixel=(116,122), conf=0.17, door_bbox=(89,61,118,174)
[state_machine_node-28] [INFO] [1789539737.052177360] [state_machine_node]: 보조 비상구 관측 저장: door_green_992e7d (17.9, -0.0)
[controller_server-12] [INFO] [1789539737.370850495] [controller_server]: Passing new path to controller.
[door_detection_node-24] [INFO] [1789539738.235330216] [door_detection_node]: HSV handle observed: color=blue, pixel=(72,122), conf=0.15, door_bbox=(43,59,75,179)
[state_machine_node-28] [INFO] [1789539738.249185015] [state_machine_node]: Blue candidate door_blue_017b01 ignored: physical/opened door station already handled nearby at (11.95, 1.59).
[controller_server-12] [INFO] [1789539738.620845676] [controller_server]: Passing new path to controller.
[controller_server-12] [INFO] [1789539739.995808543] [controller_server]: Passing new path to controller.
[state_machine_node-28] [INFO] [1789539740.314848734] [state_machine_node]: 보조 비상구 관측 저장: door_green_f1c34d (17.9, -0.2)
[controller_server-12] [INFO] [1789539741.247890908] [controller_server]: Passing new path to controller.
[controller_server-12] [INFO] [1789539742.620792956] [controller_server]: Passing new path to controller.
[controller_server-12] [INFO] [1789539743.745897658] [controller_server]: Passing new path to controller.
[state_machine_node-28] [INFO] [1789539744.259222055] [state_machine_node]: 보조 비상구 관측 저장: door_green_42017d (17.9, -0.1)
[controller_server-12] [INFO] [1789539745.120871389] [controller_server]: Passing new path to controller.
[controller_server-12] [INFO] [1789539746.370858222] [controller_server]: Passing new path to controller.
[state_machine_node-28] [INFO] [1789539747.387653370] [state_machine_node]: 보조 비상구 관측 저장: door_green_855c22 (17.9, -0.1)
[controller_server-12] [INFO] [1789539747.620887574] [controller_server]: Passing new path to controller.
[controller_server-12] [INFO] [1789539748.995821324] [controller_server]: Passing new path to controller.
[controller_server-12] [INFO] [1789539750.245849867] [controller_server]: Passing new path to controller.
[state_machine_node-28] [INFO] [1789539750.462509926] [state_machine_node]: 보조 비상구 관측 저장: door_green_855c22 (17.9, -0.0)
[controller_server-12] [INFO] [1789539751.495938685] [controller_server]: Passing new path to controller.
[controller_server-12] [INFO] [1789539752.745840736] [controller_server]: Passing new path to controller.
[state_machine_node-28] [INFO] [1789539753.471991507] [state_machine_node]: 보조 비상구 관측 저장: door_green_855c22 (18.6, -0.0)
[controller_server-12] [INFO] [1789539754.121322558] [controller_server]: Passing new path to controller.
[controller_server-12] [INFO] [1789539755.245863090] [controller_server]: Passing new path to controller.
[controller_server-12] [INFO] [1789539756.495828473] [controller_server]: Passing new path to controller.
[controller_server-12] [INFO] [1789539757.745831841] [controller_server]: Passing new path to controller.
[controller_server-12] [INFO] [1789539759.125098995] [controller_server]: Passing new path to controller.
[navigation_node-25] [WARN] [1789539759.321213310] [navigation_node]: Robot is 0.18m from green goal (threshold=0.18m). Treating navigation as succeeded.
[state_machine_node-28] [INFO] [1789539759.324103723] [state_machine_node]: Navigation succeeded.
[bt_navigator-16] [ERROR] [1789539759.443209797] [bt_navigator_navigate_to_pose_rclcpp_node]: Failed to get result for follow_path in node halt!
[bt_navigator-16] [INFO] [1789539759.443445971] [bt_navigator]: [navigate_to_pose] [ActionServer] Client requested to cancel the goal. Cancelling.
[bt_navigator-16] [INFO] [1789539759.453635587] [bt_navigator]: Goal canceled
[controller_server-12] [INFO] [1789539759.496392472] [controller_server]: Goal was canceled. Stopping the robot.
[controller_server-12] [INFO] [1789539759.496543940] [controller_server]: [follow_path] [ActionServer] Client requested to cancel the goal. Cancelling.
[state_machine_node-28] [WARN] [1789539760.236726046] [state_machine_node]: 비상구 완료 조건 미달: dist=1.88m, goal=(18.77, 0.02), robot=(16.89, 0.03), lateral_error=0.03m/0.85m, yaw_error=1deg
[state_machine_node-28] [INFO] [1789539760.238113322] [state_machine_node]: 비상구 앞 정렬 완료. 마지막 통과 구간은 목표점 방향으로 보정 주행합니다.
[state_machine_node-28] [WARN] [1789539761.521724997] [state_machine_node]: 비상구 완료 조건 미달: dist=1.88m, goal=(18.77, 0.02), robot=(16.89, 0.03), lateral_error=0.03m/0.85m, yaw_error=1deg
[state_machine_node-28] [WARN] [1789539762.490686028] [state_machine_node]: 비상구 완료 조건 미달: dist=1.79m, goal=(18.77, 0.02), robot=(16.98, 0.03), lateral_error=0.03m/0.85m, yaw_error=0deg
[state_machine_node-28] [INFO] [1789539763.340918155] [state_machine_node]: 보조 비상구 관측 저장: door_green_855c22 (19.0, 0.0)
[state_machine_node-28] [WARN] [1789539763.530414163] [state_machine_node]: 비상구 완료 조건 미달: dist=1.66m, goal=(18.77, 0.02), robot=(17.10, 0.02), lateral_error=0.02m/0.85m, yaw_error=0deg
[state_machine_node-28] [WARN] [1789539764.602963304] [state_machine_node]: 비상구 완료 조건 미달: dist=1.54m, goal=(18.77, 0.02), robot=(17.23, 0.02), lateral_error=0.02m/0.85m, yaw_error=0deg
[state_machine_node-28] [WARN] [1789539765.642428519] [state_machine_node]: 비상구 완료 조건 미달: dist=1.42m, goal=(18.77, 0.02), robot=(17.35, 0.02), lateral_error=0.02m/0.85m, yaw_error=0deg
[state_machine_node-28] [INFO] [1789539766.461346216] [state_machine_node]: 보조 비상구 관측 저장: door_green_855c22 (19.4, 0.0)
[state_machine_node-28] [WARN] [1789539766.691465129] [state_machine_node]: 비상구 완료 조건 미달: dist=1.29m, goal=(18.77, 0.02), robot=(17.48, 0.02), lateral_error=0.02m/0.85m, yaw_error=0deg
[state_machine_node-28] [WARN] [1789539767.714322174] [state_machine_node]: 비상구 완료 조건 미달: dist=1.16m, goal=(18.77, 0.02), robot=(17.61, 0.02), lateral_error=0.02m/0.85m, yaw_error=0deg
[state_machine_node-28] [WARN] [1789539768.723007687] [state_machine_node]: 비상구 완료 조건 미달: dist=1.04m, goal=(18.77, 0.02), robot=(17.72, 0.02), lateral_error=0.02m/0.85m, yaw_error=0deg
[state_machine_node-28] [WARN] [1789539769.713806819] [state_machine_node]: 비상구 완료 조건 미달: dist=0.91m, goal=(18.77, 0.02), robot=(17.85, 0.02), lateral_error=0.02m/0.85m, yaw_error=0deg
[state_machine_node-28] [WARN] [1789539770.741360615] [state_machine_node]: 비상구 완료 조건 미달: dist=0.79m, goal=(18.77, 0.02), robot=(17.98, 0.02), lateral_error=0.02m/0.85m, yaw_error=0deg
[state_machine_node-28] [WARN] [1789539771.768815300] [state_machine_node]: 비상구 완료 조건 미달: dist=0.66m, goal=(18.77, 0.02), robot=(18.11, 0.02), lateral_error=0.02m/0.85m, yaw_error=0deg
[state_machine_node-28] [WARN] [1789539772.849678030] [state_machine_node]: 비상구 완료 조건 미달: dist=0.54m, goal=(18.77, 0.02), robot=(18.23, 0.02), lateral_error=0.02m/0.85m, yaw_error=0deg
[state_machine_node-28] [WARN] [1789539773.802305792] [state_machine_node]: 비상구 완료 조건 미달: dist=0.41m, goal=(18.77, 0.02), robot=(18.35, 0.02), lateral_error=0.02m/0.85m, yaw_error=0deg
[state_machine_node-28] [INFO] [1789539774.812890232] [state_machine_node]: State: EXITING → MISSION_COMPLETE
[state_machine_node-28] [INFO] [1789539775.765701143] [state_machine_node]: 미션 완료! 개방한 문: 6개. 로봇이 비상구에 도착했습니다.
