[INFO] [launch]: All log files can be found below /home/junyoung/.ros/log/2026-09-29-11-34-42-864212-BOOK-9IO69NR1EM-5393
[INFO] [launch]: Default logging verbosity is set to INFO
[INFO] [motion_scan_filter-1]: process started with pid [5426]
[INFO] [slam_correction_tf-2]: process started with pid [5428]
[INFO] [ign-3]: process started with pid [5430]
[INFO] [robot_state_publisher-4]: process started with pid [5432]
[INFO] [static_transform_publisher-5]: process started with pid [5434]
[INFO] [cmd_vel_safety_node-6]: process started with pid [5436]
[INFO] [create-7]: process started with pid [5438]
[INFO] [parameter_bridge-8]: process started with pid [5440]
[INFO] [parameter_bridge-9]: process started with pid [5442]
[INFO] [parameter_bridge-10]: process started with pid [5444]
[INFO] [parameter_bridge-11]: process started with pid [5446]
[static_transform_publisher-5] [WARN] [1790649283.057319260] []: Old-style arguments are deprecated; see --help for new-style arguments
[static_transform_publisher-5] [INFO] [1790649283.090580943] [sim_lidar_sensor_tf]: Spinning until stopped - publishing transform
[static_transform_publisher-5] translation: ('0.200000', '0.000000', '0.070000')
[static_transform_publisher-5] rotation: ('0.000000', '0.000000', '0.000000', '1.000000')
[static_transform_publisher-5] from 'base_link' to 'fire_robot/base_footprint/lidar_sensor'
[create-7] [INFO] [1790649283.097587414] [spawn_fire_robot]: Requesting list of world names.
[robot_state_publisher-4] [INFO] [1790649283.117982304] [robot_state_publisher]: got segment arm_base_link
[robot_state_publisher-4] [INFO] [1790649283.118860696] [robot_state_publisher]: got segment arm_link1
[robot_state_publisher-4] [INFO] [1790649283.118902088] [robot_state_publisher]: got segment arm_link2
[robot_state_publisher-4] [INFO] [1790649283.118907837] [robot_state_publisher]: got segment arm_link3
[robot_state_publisher-4] [INFO] [1790649283.118911659] [robot_state_publisher]: got segment arm_link4
[robot_state_publisher-4] [INFO] [1790649283.118915021] [robot_state_publisher]: got segment arm_link5
[robot_state_publisher-4] [INFO] [1790649283.118918081] [robot_state_publisher]: got segment arm_link6
[robot_state_publisher-4] [INFO] [1790649283.118921478] [robot_state_publisher]: got segment base_footprint
[robot_state_publisher-4] [INFO] [1790649283.118925093] [robot_state_publisher]: got segment base_link
[robot_state_publisher-4] [INFO] [1790649283.118928589] [robot_state_publisher]: got segment camera_color_optical_frame
[robot_state_publisher-4] [INFO] [1790649283.118932426] [robot_state_publisher]: got segment camera_front_left_link
[robot_state_publisher-4] [INFO] [1790649283.118936042] [robot_state_publisher]: got segment camera_front_left_optical_frame
[robot_state_publisher-4] [INFO] [1790649283.118939652] [robot_state_publisher]: got segment camera_front_right_link
[robot_state_publisher-4] [INFO] [1790649283.118943157] [robot_state_publisher]: got segment camera_front_right_optical_frame
[robot_state_publisher-4] [INFO] [1790649283.118946673] [robot_state_publisher]: got segment camera_link
[robot_state_publisher-4] [INFO] [1790649283.118950263] [robot_state_publisher]: got segment depth_camera_link
[robot_state_publisher-4] [INFO] [1790649283.118953694] [robot_state_publisher]: got segment depth_optical_frame
[robot_state_publisher-4] [INFO] [1790649283.118956975] [robot_state_publisher]: got segment front_left_wheel
[robot_state_publisher-4] [INFO] [1790649283.118960143] [robot_state_publisher]: got segment front_right_wheel
[robot_state_publisher-4] [INFO] [1790649283.118963231] [robot_state_publisher]: got segment gripper_base_link
[robot_state_publisher-4] [INFO] [1790649283.118966345] [robot_state_publisher]: got segment gripper_finger_left
[robot_state_publisher-4] [INFO] [1790649283.118969240] [robot_state_publisher]: got segment gripper_finger_right
[robot_state_publisher-4] [INFO] [1790649283.118972782] [robot_state_publisher]: got segment lidar_link
[robot_state_publisher-4] [INFO] [1790649283.118995688] [robot_state_publisher]: got segment rear_left_wheel
[robot_state_publisher-4] [INFO] [1790649283.118999308] [robot_state_publisher]: got segment rear_right_wheel
[parameter_bridge-10] [INFO] [1790649283.123953212] [gz_selected_odometry_bridge]: Creating GZ->ROS Bridge: [/wheel_odom (gz.msgs.Odometry) -> /wheel_odom (nav_msgs/msg/Odometry)] (Lazy 0)
[parameter_bridge-10] [INFO] [1790649283.128373485] [gz_selected_odometry_bridge]: Creating GZ->ROS Bridge: [/wheel_tf (gz.msgs.Pose_V) -> /wheel_tf (tf2_msgs/msg/TFMessage)] (Lazy 0)
[parameter_bridge-9] [INFO] [1790649283.133852832] [gz_motion_bridge]: Creating GZ->ROS Bridge: [/scan (gz.msgs.LaserScan) -> /scan (sensor_msgs/msg/LaserScan)] (Lazy 0)
[parameter_bridge-8] [INFO] [1790649283.134098776] [gz_clock_bridge]: Creating GZ->ROS Bridge: [/clock (gz.msgs.Clock) -> /clock (rosgraph_msgs/msg/Clock)] (Lazy 0)
[parameter_bridge-9] [INFO] [1790649283.136268444] [gz_motion_bridge]: Creating ROS->GZ Bridge: [/cmd_vel (geometry_msgs/msg/Twist) -> /cmd_vel (gz.msgs.Twist)] (Lazy 0)
[parameter_bridge-9] [INFO] [1790649283.138444230] [gz_motion_bridge]: Creating GZ->ROS Bridge: [/joint_states (gz.msgs.Model) -> /joint_states (sensor_msgs/msg/JointState)] (Lazy 0)
[parameter_bridge-11] [INFO] [1790649283.150144112] [gz_rgb_camera_bridge]: Creating GZ->ROS Bridge: [/camera_raw (gz.msgs.Image) -> /camera_raw (sensor_msgs/msg/Image)] (Lazy 0)
[parameter_bridge-11] [INFO] [1790649283.152687221] [gz_rgb_camera_bridge]: Creating GZ->ROS Bridge: [/camera_raw/camera_info (gz.msgs.CameraInfo) -> /camera_raw/camera_info (sensor_msgs/msg/CameraInfo)] (Lazy 0)
[parameter_bridge-11] [INFO] [1790649283.154673465] [gz_rgb_camera_bridge]: Creating GZ->ROS Bridge: [/camera_front_left_raw (gz.msgs.Image) -> /camera_front_left_raw (sensor_msgs/msg/Image)] (Lazy 0)
[parameter_bridge-11] [INFO] [1790649283.156473167] [gz_rgb_camera_bridge]: Creating GZ->ROS Bridge: [/camera_front_left_raw/camera_info (gz.msgs.CameraInfo) -> /camera_front_left_raw/camera_info (sensor_msgs/msg/CameraInfo)] (Lazy 0)
[parameter_bridge-11] [INFO] [1790649283.158247091] [gz_rgb_camera_bridge]: Creating GZ->ROS Bridge: [/camera_front_right_raw (gz.msgs.Image) -> /camera_front_right_raw (sensor_msgs/msg/Image)] (Lazy 0)
[parameter_bridge-11] [INFO] [1790649283.161700673] [gz_rgb_camera_bridge]: Creating GZ->ROS Bridge: [/camera_front_right_raw/camera_info (gz.msgs.CameraInfo) -> /camera_front_right_raw/camera_info (sensor_msgs/msg/CameraInfo)] (Lazy 0)
[cmd_vel_safety_node-6] [INFO] [1790649283.318029166] [cmd_vel_safety_node]: CmdVelSafetyNode started | nav=/cmd_vel, manual=/cmd_vel_manual -> /cmd_vel_safe manual_hold=0.75s, allow_reverse=True, micro_reverse=0.050m/s, LiDAR stops(front/rear/turn)=0.48/0.40/0.32m, manual_lidar_stop=True
[create-7] [INFO] [1790649283.598136199] [spawn_fire_robot]: Waiting messages on topic [/robot_description].
[create-7] [INFO] [1790649283.610792217] [spawn_fire_robot]: Requested creation of entity.
[create-7] [INFO] [1790649283.610845456] [spawn_fire_robot]: OK creation of entity.
[INFO] [create-7]: process has finished cleanly [pid 5438]
[ign-3] [1;33mWarning [Utils.cc:129][0m [/sdf/model[@name="fire_robot"]/link[@name="base_footprint"]/sensor[@name="lidar_sensor"]/lidar/noise[@type="gaussian"]:<urdf-string>:L0]: XML Attribute[type] in element[noise] not defined in SDF.
[INFO] [async_slam_toolbox_node-12]: process started with pid [5727]
[async_slam_toolbox_node-12] [INFO] [1790649291.115813881] [slam_toolbox]: Node using stack size 40000000
[async_slam_toolbox_node-12] [INFO] [1790649291.179873032] [slam_toolbox]: Using solver plugin solver_plugins::CeresSolver
[async_slam_toolbox_node-12] [INFO] [1790649291.180655645] [slam_toolbox]: CeresSolver: Using SCHUR_JACOBI preconditioner.
[async_slam_toolbox_node-12] [WARN] [1790649292.284331344] [slam_toolbox]: minimum laser range setting (0.0 m) exceeds the capabilities of the used Lidar (0.2 m)
[async_slam_toolbox_node-12] Registering sensor: [Custom Described Lidar]
[INFO] [controller_server-13]: process started with pid [5752]
[INFO] [smoother_server-14]: process started with pid [5754]
[INFO] [planner_server-15]: process started with pid [5756]
[INFO] [behavior_server-16]: process started with pid [5758]
[INFO] [bt_navigator-17]: process started with pid [5760]
[INFO] [velocity_smoother-18]: process started with pid [5762]
[INFO] [lifecycle_manager-19]: process started with pid [5821]
[smoother_server-14] [INFO] [1790649295.607915434] [smoother_server]: 
[smoother_server-14] 	smoother_server lifecycle node launched. 
[smoother_server-14] 	Waiting on external lifecycle transitions to activate
[smoother_server-14] 	See https://design.ros2.org/articles/node_lifecycle.html for more information.
[smoother_server-14] [INFO] [1790649295.610408323] [smoother_server]: Creating smoother server
[velocity_smoother-18] [INFO] [1790649295.608824119] [velocity_smoother]: 
[velocity_smoother-18] 	velocity_smoother lifecycle node launched. 
[velocity_smoother-18] 	Waiting on external lifecycle transitions to activate
[velocity_smoother-18] 	See https://design.ros2.org/articles/node_lifecycle.html for more information.
[lifecycle_manager-19] [INFO] [1790649295.616940635] [lifecycle_manager_navigation]: Creating
[lifecycle_manager-19] [INFO] [1790649295.622570568] [lifecycle_manager_navigation]: [34m[1mCreating and initializing lifecycle service clients[0m[0m
[behavior_server-16] [INFO] [1790649295.623494051] [behavior_server]: 
[behavior_server-16] 	behavior_server lifecycle node launched. 
[behavior_server-16] 	Waiting on external lifecycle transitions to activate
[behavior_server-16] 	See https://design.ros2.org/articles/node_lifecycle.html for more information.
[bt_navigator-17] [INFO] [1790649295.628003249] [bt_navigator]: 
[bt_navigator-17] 	bt_navigator lifecycle node launched. 
[bt_navigator-17] 	Waiting on external lifecycle transitions to activate
[bt_navigator-17] 	See https://design.ros2.org/articles/node_lifecycle.html for more information.
[bt_navigator-17] [INFO] [1790649295.628222959] [bt_navigator]: Creating
[planner_server-15] [INFO] [1790649295.634690625] [planner_server]: 
[planner_server-15] 	planner_server lifecycle node launched. 
[planner_server-15] 	Waiting on external lifecycle transitions to activate
[planner_server-15] 	See https://design.ros2.org/articles/node_lifecycle.html for more information.
[planner_server-15] [INFO] [1790649295.637405237] [planner_server]: Creating
[controller_server-13] [INFO] [1790649295.648643661] [controller_server]: 
[controller_server-13] 	controller_server lifecycle node launched. 
[controller_server-13] 	Waiting on external lifecycle transitions to activate
[controller_server-13] 	See https://design.ros2.org/articles/node_lifecycle.html for more information.
[controller_server-13] [INFO] [1790649295.653723734] [controller_server]: Creating controller server
[planner_server-15] [INFO] [1790649295.656536683] [global_costmap.global_costmap]: 
[planner_server-15] 	global_costmap lifecycle node launched. 
[planner_server-15] 	Waiting on external lifecycle transitions to activate
[planner_server-15] 	See https://design.ros2.org/articles/node_lifecycle.html for more information.
[planner_server-15] [INFO] [1790649295.657463164] [global_costmap.global_costmap]: Creating Costmap
[controller_server-13] [INFO] [1790649295.685883307] [local_costmap.local_costmap]: 
[controller_server-13] 	local_costmap lifecycle node launched. 
[controller_server-13] 	Waiting on external lifecycle transitions to activate
[controller_server-13] 	See https://design.ros2.org/articles/node_lifecycle.html for more information.
[controller_server-13] [INFO] [1790649295.686538307] [local_costmap.local_costmap]: Creating Costmap
[lifecycle_manager-19] [INFO] [1790649296.690692425] [lifecycle_manager_navigation]: [34m[1mStarting managed nodes bringup...[0m[0m
[lifecycle_manager-19] [INFO] [1790649296.690759702] [lifecycle_manager_navigation]: [34m[1mConfiguring controller_server[0m[0m
[controller_server-13] [INFO] [1790649296.691047503] [controller_server]: Configuring controller interface
[controller_server-13] [INFO] [1790649296.691235655] [controller_server]: getting goal checker plugins..
[controller_server-13] [INFO] [1790649296.691299695] [controller_server]: Controller frequency set to 8.0000Hz
[controller_server-13] [INFO] [1790649296.691331239] [local_costmap.local_costmap]: Configuring
[controller_server-13] [INFO] [1790649296.702421415] [local_costmap.local_costmap]: Using plugin "obstacle_layer"
[controller_server-13] [INFO] [1790649296.705745599] [local_costmap.local_costmap]: Subscribed to Topics: scan
[controller_server-13] [INFO] [1790649296.711344124] [local_costmap.local_costmap]: Initialized plugin "obstacle_layer"
[controller_server-13] [INFO] [1790649296.711465999] [local_costmap.local_costmap]: Using plugin "inflation_layer"
[controller_server-13] [INFO] [1790649296.712711535] [local_costmap.local_costmap]: Initialized plugin "inflation_layer"
[controller_server-13] [INFO] [1790649296.728692351] [controller_server]: Created progress_checker : progress_checker of type nav2_controller::SimpleProgressChecker
[controller_server-13] [INFO] [1790649296.729481350] [controller_server]: Created goal checker : general_goal_checker of type nav2_controller::SimpleGoalChecker
[controller_server-13] [INFO] [1790649296.729857326] [controller_server]: Controller Server has general_goal_checker  goal checkers available.
[controller_server-13] [INFO] [1790649296.731866724] [controller_server]: Created controller : FollowPath of type nav2_rotation_shim_controller::RotationShimController
[controller_server-13] [INFO] [1790649296.736563903] [controller_server]: Created internal controller for rotation shimming: FollowPath of type dwb_core::DWBLocalPlanner
[controller_server-13] [INFO] [1790649296.739432291] [controller_server]: Setting transform_tolerance to 0.300000
[controller_server-13] [INFO] [1790649296.754877648] [controller_server]: Using critic "RotateToGoal" (dwb_critics::RotateToGoalCritic)
[controller_server-13] [INFO] [1790649296.755478380] [controller_server]: Critic plugin initialized
[controller_server-13] [INFO] [1790649296.755654041] [controller_server]: Using critic "Oscillation" (dwb_critics::OscillationCritic)
[controller_server-13] [INFO] [1790649296.756692451] [controller_server]: Critic plugin initialized
[controller_server-13] [INFO] [1790649296.756905708] [controller_server]: Using critic "BaseObstacle" (dwb_critics::BaseObstacleCritic)
[controller_server-13] [INFO] [1790649296.757235924] [controller_server]: Critic plugin initialized
[controller_server-13] [INFO] [1790649296.757485606] [controller_server]: Using critic "ObstacleFootprint" (dwb_critics::ObstacleFootprintCritic)
[controller_server-13] [INFO] [1790649296.757888866] [controller_server]: Critic plugin initialized
[controller_server-13] [INFO] [1790649296.758225148] [controller_server]: Using critic "GoalAlign" (dwb_critics::GoalAlignCritic)
[controller_server-13] [INFO] [1790649296.759379056] [controller_server]: Critic plugin initialized
[controller_server-13] [INFO] [1790649296.759890391] [controller_server]: Using critic "PathAlign" (dwb_critics::PathAlignCritic)
[controller_server-13] [INFO] [1790649296.760654123] [controller_server]: Critic plugin initialized
[controller_server-13] [INFO] [1790649296.760788085] [controller_server]: Using critic "PathDist" (dwb_critics::PathDistCritic)
[controller_server-13] [INFO] [1790649296.761581138] [controller_server]: Critic plugin initialized
[controller_server-13] [INFO] [1790649296.761819260] [controller_server]: Using critic "GoalDist" (dwb_critics::GoalDistCritic)
[controller_server-13] [INFO] [1790649296.762560952] [controller_server]: Critic plugin initialized
[controller_server-13] [INFO] [1790649296.762639392] [controller_server]: Controller Server has FollowPath  controllers available.
[lifecycle_manager-19] [INFO] [1790649296.776262413] [lifecycle_manager_navigation]: [34m[1mConfiguring smoother_server[0m[0m
[smoother_server-14] [INFO] [1790649296.776605828] [smoother_server]: Configuring smoother server
[smoother_server-14] [INFO] [1790649296.791101414] [smoother_server]: Created smoother : simple_smoother of type nav2_smoother::SimpleSmoother
[smoother_server-14] [INFO] [1790649296.793768656] [smoother_server]: Smoother Server has simple_smoother  smoothers available.
[lifecycle_manager-19] [INFO] [1790649296.807752192] [lifecycle_manager_navigation]: [34m[1mConfiguring planner_server[0m[0m
[planner_server-15] [INFO] [1790649296.808445884] [planner_server]: Configuring
[planner_server-15] [INFO] [1790649296.808508381] [global_costmap.global_costmap]: Configuring
[planner_server-15] [INFO] [1790649296.822827243] [global_costmap.global_costmap]: Using plugin "static_layer"
[planner_server-15] [INFO] [1790649296.826628895] [global_costmap.global_costmap]: Subscribing to the map topic (/map) with transient local durability
[planner_server-15] [INFO] [1790649296.829069676] [global_costmap.global_costmap]: Subscribing to updates
[planner_server-15] [INFO] [1790649296.831229804] [global_costmap.global_costmap]: Initialized plugin "static_layer"
[planner_server-15] [INFO] [1790649296.831275127] [global_costmap.global_costmap]: Using plugin "obstacle_layer"
[planner_server-15] [INFO] [1790649296.832559423] [global_costmap.global_costmap]: Subscribed to Topics: scan
[planner_server-15] [INFO] [1790649296.836951869] [global_costmap.global_costmap]: Initialized plugin "obstacle_layer"
[planner_server-15] [INFO] [1790649296.837028070] [global_costmap.global_costmap]: Using plugin "inflation_layer"
[planner_server-15] [INFO] [1790649296.838551352] [global_costmap.global_costmap]: Initialized plugin "inflation_layer"
[planner_server-15] [INFO] [1790649296.857208298] [global_costmap.global_costmap]: StaticLayer: Resizing static layer to 188 X 81 at 0.050000 m/pix
[planner_server-15] [INFO] [1790649296.860864076] [planner_server]: Created global planner plugin GridBased of type nav2_smac_planner/SmacPlanner2D
[planner_server-15] [INFO] [1790649296.860937058] [planner_server]: Configuring GridBased of type SmacPlanner2D
[planner_server-15] [INFO] [1790649296.866277652] [planner_server]: Configured plugin GridBased of type SmacPlanner2D with tolerance 0.55, maximum iterations 1000000, max on approach iterations 1000, and not allowing unknown traversal.
[planner_server-15] [INFO] [1790649296.866335215] [planner_server]: Planner Server has GridBased  planners available.
[lifecycle_manager-19] [INFO] [1790649296.885379575] [lifecycle_manager_navigation]: [34m[1mConfiguring behavior_server[0m[0m
[behavior_server-16] [INFO] [1790649296.885772608] [behavior_server]: Configuring
[behavior_server-16] [INFO] [1790649296.899056425] [behavior_server]: Creating behavior plugin spin of type nav2_behaviors/Spin
[behavior_server-16] [INFO] [1790649296.900289137] [behavior_server]: Configuring spin
[behavior_server-16] [INFO] [1790649296.915293238] [behavior_server]: Creating behavior plugin backup of type nav2_behaviors/BackUp
[behavior_server-16] [INFO] [1790649296.916056732] [behavior_server]: Configuring backup
[behavior_server-16] [INFO] [1790649296.928487896] [behavior_server]: Creating behavior plugin drive_on_heading of type nav2_behaviors/DriveOnHeading
[behavior_server-16] [INFO] [1790649296.929163913] [behavior_server]: Configuring drive_on_heading
[behavior_server-16] [INFO] [1790649296.939685780] [behavior_server]: Creating behavior plugin assisted_teleop of type nav2_behaviors/AssistedTeleop
[behavior_server-16] [INFO] [1790649296.941800818] [behavior_server]: Configuring assisted_teleop
[behavior_server-16] [INFO] [1790649296.954840955] [behavior_server]: Creating behavior plugin wait of type nav2_behaviors/Wait
[behavior_server-16] [INFO] [1790649296.955898719] [behavior_server]: Configuring wait
[lifecycle_manager-19] [INFO] [1790649296.966695334] [lifecycle_manager_navigation]: [34m[1mConfiguring bt_navigator[0m[0m
[bt_navigator-17] [INFO] [1790649296.967224289] [bt_navigator]: Configuring
[lifecycle_manager-19] [INFO] [1790649297.072754993] [lifecycle_manager_navigation]: [34m[1mConfiguring velocity_smoother[0m[0m
[velocity_smoother-18] [INFO] [1790649297.073134602] [velocity_smoother]: Configuring velocity smoother
[lifecycle_manager-19] [INFO] [1790649297.082619238] [lifecycle_manager_navigation]: [34m[1mActivating controller_server[0m[0m
[controller_server-13] [INFO] [1790649297.082911084] [controller_server]: Activating
[controller_server-13] [INFO] [1790649297.082998068] [local_costmap.local_costmap]: Activating
[controller_server-13] [INFO] [1790649297.083015715] [local_costmap.local_costmap]: Checking transform
[controller_server-13] [INFO] [1790649297.083230570] [local_costmap.local_costmap]: start
[controller_server-13] [INFO] [1790649297.334382682] [controller_server]: Activating controller: FollowPath of type nav2_rotation_shim_controller::RotationShimController
[controller_server-13] [INFO] [1790649297.334573320] [controller_server]: Creating bond (controller_server) to lifecycle manager.
[lifecycle_manager-19] [INFO] [1790649297.443181146] [lifecycle_manager_navigation]: Server controller_server connected with bond.
[lifecycle_manager-19] [INFO] [1790649297.443240884] [lifecycle_manager_navigation]: [34m[1mActivating smoother_server[0m[0m
[smoother_server-14] [INFO] [1790649297.443568175] [smoother_server]: Activating
[smoother_server-14] [INFO] [1790649297.443628873] [smoother_server]: Creating bond (smoother_server) to lifecycle manager.
[lifecycle_manager-19] [INFO] [1790649297.550214863] [lifecycle_manager_navigation]: Server smoother_server connected with bond.
[lifecycle_manager-19] [INFO] [1790649297.550286547] [lifecycle_manager_navigation]: [34m[1mActivating planner_server[0m[0m
[planner_server-15] [INFO] [1790649297.550616436] [planner_server]: Activating
[planner_server-15] [INFO] [1790649297.550661226] [global_costmap.global_costmap]: Activating
[planner_server-15] [INFO] [1790649297.550673898] [global_costmap.global_costmap]: Checking transform
[planner_server-15] [INFO] [1790649297.550826275] [global_costmap.global_costmap]: start
[planner_server-15] [INFO] [1790649298.102285645] [planner_server]: Activating plugin GridBased of type SmacPlanner2D
[planner_server-15] [INFO] [1790649298.105252722] [planner_server]: Creating bond (planner_server) to lifecycle manager.
[lifecycle_manager-19] [INFO] [1790649298.211593410] [lifecycle_manager_navigation]: Server planner_server connected with bond.
[lifecycle_manager-19] [INFO] [1790649298.211683279] [lifecycle_manager_navigation]: [34m[1mActivating behavior_server[0m[0m
[behavior_server-16] [INFO] [1790649298.212148291] [behavior_server]: Activating
[behavior_server-16] [INFO] [1790649298.212179468] [behavior_server]: Activating spin
[behavior_server-16] [INFO] [1790649298.212209032] [behavior_server]: Activating backup
[behavior_server-16] [INFO] [1790649298.212218441] [behavior_server]: Activating drive_on_heading
[behavior_server-16] [INFO] [1790649298.212227369] [behavior_server]: Activating assisted_teleop
[behavior_server-16] [INFO] [1790649298.212235671] [behavior_server]: Activating wait
[behavior_server-16] [INFO] [1790649298.212247341] [behavior_server]: Creating bond (behavior_server) to lifecycle manager.
[lifecycle_manager-19] [INFO] [1790649298.320790402] [lifecycle_manager_navigation]: Server behavior_server connected with bond.
[lifecycle_manager-19] [INFO] [1790649298.320854174] [lifecycle_manager_navigation]: [34m[1mActivating bt_navigator[0m[0m
[bt_navigator-17] [INFO] [1790649298.321473574] [bt_navigator]: Activating
[bt_navigator-17] [INFO] [1790649298.428554018] [bt_navigator]: Creating bond (bt_navigator) to lifecycle manager.
[lifecycle_manager-19] [INFO] [1790649298.536398471] [lifecycle_manager_navigation]: Server bt_navigator connected with bond.
[lifecycle_manager-19] [INFO] [1790649298.536500499] [lifecycle_manager_navigation]: [34m[1mActivating velocity_smoother[0m[0m
[velocity_smoother-18] [INFO] [1790649298.536917830] [velocity_smoother]: Activating
[velocity_smoother-18] [INFO] [1790649298.536991134] [velocity_smoother]: Creating bond (velocity_smoother) to lifecycle manager.
[lifecycle_manager-19] [INFO] [1790649298.646604894] [lifecycle_manager_navigation]: Server velocity_smoother connected with bond.
[lifecycle_manager-19] [INFO] [1790649298.646714824] [lifecycle_manager_navigation]: [34m[1mManaged nodes are active[0m[0m
[lifecycle_manager-19] [INFO] [1790649298.646780805] [lifecycle_manager_navigation]: [34m[1mCreating bond timer...[0m[0m
[INFO] [mission_axis_node-20]: process started with pid [5861]
[INFO] [door_detection_node-21]: process started with pid [5863]
[INFO] [navigation_node-22]: process started with pid [5865]
[INFO] [navigation_visit_node-23]: process started with pid [5867]
[navigation_visit_node-23] [WARN] [1790649301.516679410] [navigation_visit_node]: NAVIGATION ONLY: service success is a VISIT, NOT physical door opening.
[mission_axis_node-20] [INFO] [1790649301.578020952] [mission_axis_node]: MissionAxisNode started | map=/map, base=base_link, frame=map
[navigation_node-22] [INFO] [1790649301.592022600] [navigation_node]: NavigationNode started
[mission_axis_node-20] [INFO] [1790649302.199127724] [mission_axis_node]: Mission axis published: origin=(-0.00, -0.00), yaw=0.0deg
[navigation_node-22] [INFO] [1790649302.199601024] [navigation_node]: Mission axis received: origin=(-0.00, -0.00), yaw=0.0deg
[door_detection_node-21] [INFO] [1790649304.235627437] [door_detection_node]: YOLO inference torch threads limited to 1.
[door_detection_node-21] [INFO] [1790649304.236670181] [door_detection_node]: Loading custom YOLO model: /home/junyoung/fire_robot_ws_observed_nav_20260928/install/fire_robot_perception/share/fire_robot_perception/models/best.pt
[door_detection_node-21] [WARN] [1790649304.476618250] [door_detection_node]: Handle YOLO model has a single non-handle class "item". Treating it as handle. Rename the dataset class to handle/door_handle when retraining.
[door_detection_node-21] [INFO] [1790649304.477069057] [door_detection_node]: Loading primary handle YOLO model: /home/junyoung/fire_robot_ws_observed_nav_20260928/install/fire_robot_perception/share/fire_robot_perception/models/handle_best_v3_CANDIDATE.pt (classes=['item'])
[door_detection_node-21] [INFO] [1790649304.591341167] [door_detection_node]: Loading fallback handle YOLO model: /home/junyoung/fire_robot_ws_observed_nav_20260928/install/fire_robot_perception/share/fire_robot_perception/models/handle_best_v2.pt (classes=['lever_handle'])
[door_detection_node-21] [INFO] [1790649304.591850610] [door_detection_node]: DoorDetectionNode started | YOLO=OK | handle_yolo=OK | handle_yolo_fallback=OK | imgsz=320 | depth=OFF | yolo_interval=2.40s | image_interval=1.20s | debug_image=OFF | cameras=front,front_left,front_right
[INFO] [state_machine_node-24]: process started with pid [5920]
[state_machine_node-24] [INFO] [1790649333.951269101] [state_machine_node]: StateMachineNode started | nav_timeout=55.0s  max_retries=2  explore_timeout=60.0s  exit=observed green exit only
[state_machine_node-24] [INFO] [1790649335.598124169] [state_machine_node]: Mission axis 대기 중: 초기 SLAM/static map 기준축 수신 후 탐색을 시작합니다.
[state_machine_node-24] [INFO] [1790649335.739205802] [state_machine_node]: Mission axis updated from /map: origin=(-0.00, -0.00), yaw=0.0deg
[state_machine_node-24] [INFO] [1790649336.041134125] [state_machine_node]: start_without_fire enabled. Starting corridor exploration.
[state_machine_node-24] [INFO] [1790649336.042415286] [state_machine_node]: State: IDLE → EXPLORING
[parameter_bridge-9] [INFO] [1790649336.045480051] [gz_motion_bridge]: Passing message from ROS geometry_msgs/msg/Twist to Gazebo gz.msgs.Twist (showing msg only once per type)
[state_machine_node-24] [INFO] [1790649336.792018099] [state_machine_node]: 파란 문 후보 없음. 2.0s 동안 정지 스캔 후 관측 기반 waypoint를 계획합니다.
[state_machine_node-24] [INFO] [1790649339.839862594] [state_machine_node]: 탐색 waypoint 계획 요청: explore_waypoint_1.2_lat+0 progress=1.20, lateral=0.00, map=(1.20, -0.00) | 중앙 차선 선택 | 파란 문/전방 장애물/빨간 문 회피 이유 없음, 관측 기반 중앙 진행축 유지 | LiDAR lane clearances: C:y=0.00/clear=2.35, R:y=-0.65/clear=2.34, L:y=0.65/clear=3.20
[state_machine_node-24] [INFO] [1790649339.840705733] [state_machine_node]: State: EXPLORING → EXPLORING_NAVIGATING
[navigation_node-22] [INFO] [1790649339.843554391] [navigation_node]: Navigation goal received: door explore_waypoint_1.2_lat+0 (color=explore, frame=map, x=1.20, y=-0.00)
[bt_navigator-17] [INFO] [1790649339.893805959] [bt_navigator]: Begin navigating from current location (-0.00, -0.00) to (1.20, -0.00)
[navigation_node-22] [INFO] [1790649339.896454538] [navigation_node]: Navigation goal accepted by Nav2
[controller_server-13] [INFO] [1790649340.096031345] [controller_server]: Received a goal, begin computing control effort.
[controller_server-13] [WARN] [1790649340.096251563] [controller_server]: No goal checker was specified in parameter 'current_goal_checker'. Server will use only plugin loaded general_goal_checker . This warning will appear once.
[controller_server-13] [INFO] [1790649341.472067920] [controller_server]: Passing new path to controller.
[planner_server-15] [INFO] [1790649342.551222430] [global_costmap.global_costmap]: StaticLayer: Resizing static layer to 191 X 81 at 0.050000 m/pix
[controller_server-13] [INFO] [1790649342.722519968] [controller_server]: Passing new path to controller.
[planner_server-15] [INFO] [1790649343.551232028] [global_costmap.global_costmap]: StaticLayer: Resizing static layer to 194 X 82 at 0.050000 m/pix
[controller_server-13] [INFO] [1790649344.097126305] [controller_server]: Passing new path to controller.
[planner_server-15] [INFO] [1790649344.551139672] [global_costmap.global_costmap]: StaticLayer: Resizing static layer to 198 X 82 at 0.050000 m/pix
[controller_server-13] [INFO] [1790649345.347046579] [controller_server]: Passing new path to controller.
[planner_server-15] [INFO] [1790649345.551124789] [global_costmap.global_costmap]: StaticLayer: Resizing static layer to 201 X 82 at 0.050000 m/pix
[planner_server-15] [INFO] [1790649346.551261002] [global_costmap.global_costmap]: StaticLayer: Resizing static layer to 204 X 82 at 0.050000 m/pix
[controller_server-13] [INFO] [1790649346.597034602] [controller_server]: Passing new path to controller.
[navigation_node-22] [WARN] [1790649346.795981053] [navigation_node]: Robot is 0.34m from explore goal (threshold=0.35m). Treating navigation as succeeded.
[state_machine_node-24] [INFO] [1790649346.797173587] [state_machine_node]: Navigation succeeded.
[bt_navigator-17] [ERROR] [1790649346.915215289] [bt_navigator_navigate_to_pose_rclcpp_node]: Failed to get result for follow_path in node halt!
[bt_navigator-17] [INFO] [1790649346.915405963] [bt_navigator]: [navigate_to_pose] [ActionServer] Client requested to cancel the goal. Cancelling.
[bt_navigator-17] [INFO] [1790649346.915704504] [bt_navigator]: Goal canceled
[controller_server-13] [INFO] [1790649346.972227844] [controller_server]: Goal was canceled. Stopping the robot.
[controller_server-13] [INFO] [1790649346.972346553] [controller_server]: [follow_path] [ActionServer] Client requested to cancel the goal. Cancelling.
[state_machine_node-24] [INFO] [1790649347.030317700] [state_machine_node]: 탐색 waypoint 도착. LiDAR+camera 재스캔을 계속합니다.
[state_machine_node-24] [INFO] [1790649347.030814608] [state_machine_node]: 색상 단서 없음. 다음 탐색 waypoint는 중앙 진행축을 유지합니다.
[state_machine_node-24] [INFO] [1790649347.031271324] [state_machine_node]: State: EXPLORING_NAVIGATING → EXPLORING
[state_machine_node-24] [INFO] [1790649347.806041564] [state_machine_node]: Explore waypoint reached; holding position for single-side camera/LiDAR side scan.
[door_detection_node-21] [INFO] [1790649350.528309029] [door_detection_node]: Side camera LiDAR range looks too long for the visible door; using visual range (source=front_left, lidar=5.52m, visual=4.00m)
[planner_server-15] [INFO] [1790649351.551637284] [global_costmap.global_costmap]: StaticLayer: Resizing static layer to 204 X 82 at 0.050000 m/pix
[state_machine_node-24] [INFO] [1790649351.809421877] [state_machine_node]: Explore waypoint side scan complete.
[state_machine_node-24] [INFO] [1790649351.810216793] [state_machine_node]: 파란 문 후보 없음. 2.0s 동안 정지 스캔 후 관측 기반 waypoint를 계획합니다.
[state_machine_node-24] [INFO] [1790649354.903311682] [state_machine_node]: 탐색 waypoint 계획 요청: explore_waypoint_2.1_lat+65 progress=2.07, lateral=0.65, map=(2.07, 0.65) | 좌측 차선 선택 | 전방 우측 장애물 1.55m (lateral=-0.37m) → 좌측 차선 우선 | LiDAR lane scores: L:y=0.65/clear=3.20/score=6.56, C:y=0.00/clear=1.55/score=0.72, R:y=-0.65/clear=1.55/score=0.96
[state_machine_node-24] [INFO] [1790649354.904203570] [state_machine_node]: State: EXPLORING → EXPLORING_NAVIGATING
[navigation_node-22] [INFO] [1790649354.906493193] [navigation_node]: Navigation goal received: door explore_waypoint_2.1_lat+65 (color=explore, frame=map, x=2.07, y=0.65)
[bt_navigator-17] [INFO] [1790649354.979258513] [bt_navigator]: Begin navigating from current location (0.87, 0.03) to (2.07, 0.65)
[navigation_node-22] [INFO] [1790649354.981400590] [navigation_node]: Navigation goal accepted by Nav2
[controller_server-13] [INFO] [1790649355.180858708] [controller_server]: Received a goal, begin computing control effort.
[controller_server-13] [INFO] [1790649356.556476840] [controller_server]: Passing new path to controller.
[controller_server-13] [INFO] [1790649357.806646960] [controller_server]: Passing new path to controller.
[planner_server-15] [INFO] [1790649358.554092494] [global_costmap.global_costmap]: StaticLayer: Resizing static layer to 204 X 83 at 0.050000 m/pix
[controller_server-13] [INFO] [1790649359.181480200] [controller_server]: Passing new path to controller.
[door_detection_node-21] [INFO] [1790649359.714659021] [door_detection_node]: YOLO 후보 제외: source=front_left, edge-clipped bbox=(292,52,320,187)
[controller_server-13] [INFO] [1790649360.431442429] [controller_server]: Passing new path to controller.
[planner_server-15] [INFO] [1790649360.551417379] [global_costmap.global_costmap]: StaticLayer: Resizing static layer to 204 X 83 at 0.050000 m/pix
[controller_server-13] [INFO] [1790649361.681594596] [controller_server]: Passing new path to controller.
[planner_server-15] [INFO] [1790649362.551203433] [global_costmap.global_costmap]: StaticLayer: Resizing static layer to 214 X 83 at 0.050000 m/pix
[controller_server-13] [INFO] [1790649362.931500068] [controller_server]: Passing new path to controller.
[controller_server-13] [INFO] [1790649364.181522515] [controller_server]: Passing new path to controller.
[planner_server-15] [INFO] [1790649364.552096390] [global_costmap.global_costmap]: StaticLayer: Resizing static layer to 217 X 83 at 0.050000 m/pix
[planner_server-15] [INFO] [1790649365.551194138] [global_costmap.global_costmap]: StaticLayer: Resizing static layer to 221 X 83 at 0.050000 m/pix
[controller_server-13] [INFO] [1790649365.557102373] [controller_server]: Passing new path to controller.
[planner_server-15] [INFO] [1790649366.551138941] [global_costmap.global_costmap]: StaticLayer: Resizing static layer to 224 X 83 at 0.050000 m/pix
[controller_server-13] [INFO] [1790649366.681481893] [controller_server]: Passing new path to controller.
[navigation_node-22] [WARN] [1790649366.984221236] [navigation_node]: Robot is 0.34m from explore goal (threshold=0.35m). Treating navigation as succeeded.
[state_machine_node-24] [INFO] [1790649366.986459033] [state_machine_node]: Navigation succeeded.
[state_machine_node-24] [INFO] [1790649367.068319042] [state_machine_node]: 탐색 waypoint 도착. LiDAR+camera 재스캔을 계속합니다.
[state_machine_node-24] [INFO] [1790649367.068973752] [state_machine_node]: 색상 단서 없음. 다음 탐색 waypoint는 중앙 진행축을 유지합니다.
[state_machine_node-24] [INFO] [1790649367.071433812] [state_machine_node]: State: EXPLORING_NAVIGATING → EXPLORING
[bt_navigator-17] [ERROR] [1790649367.101481839] [bt_navigator_navigate_to_pose_rclcpp_node]: Failed to get result for follow_path in node halt!
[bt_navigator-17] [INFO] [1790649367.101760580] [bt_navigator]: [navigate_to_pose] [ActionServer] Client requested to cancel the goal. Cancelling.
[bt_navigator-17] [INFO] [1790649367.102175905] [bt_navigator]: Goal canceled
[controller_server-13] [INFO] [1790649367.181490832] [controller_server]: Goal was canceled. Stopping the robot.
[controller_server-13] [INFO] [1790649367.181621592] [controller_server]: [follow_path] [ActionServer] Client requested to cancel the goal. Cancelling.
[state_machine_node-24] [INFO] [1790649367.865027535] [state_machine_node]: Explore waypoint reached; holding position for single-side camera/LiDAR side scan.
[planner_server-15] [INFO] [1790649368.551233497] [global_costmap.global_costmap]: StaticLayer: Resizing static layer to 227 X 83 at 0.050000 m/pix
[state_machine_node-24] [INFO] [1790649371.876889703] [state_machine_node]: Explore waypoint side scan complete.
[state_machine_node-24] [INFO] [1790649371.877371091] [state_machine_node]: 파란 문 후보 없음. 2.0s 동안 정지 스캔 후 관측 기반 waypoint를 계획합니다.
[state_machine_node-24] [INFO] [1790649375.027586750] [state_machine_node]: 탐색 waypoint 계획 요청: explore_waypoint_3.1_lat+65 progress=3.10, lateral=0.65, map=(3.10, 0.65) | 좌측 차선 선택 | LiDAR 좌측 여유 공간 우선 (1.57m) | LiDAR lane scores: C:y=0.00/clear=0.96/score=-0.31, L:y=0.65/clear=2.40/score=3.54, R:y=-0.65/clear=0.96/score=-0.75
[state_machine_node-24] [INFO] [1790649375.028451114] [state_machine_node]: State: EXPLORING → EXPLORING_NAVIGATING
[navigation_node-22] [INFO] [1790649375.030952189] [navigation_node]: Navigation goal received: door explore_waypoint_3.1_lat+65 (color=explore, frame=map, x=3.10, y=0.65)
[bt_navigator-17] [INFO] [1790649375.113924851] [bt_navigator]: Begin navigating from current location (1.90, 0.43) to (3.10, 0.65)
[navigation_node-22] [INFO] [1790649375.115836192] [navigation_node]: Navigation goal accepted by Nav2
[controller_server-13] [INFO] [1790649375.314932876] [controller_server]: Received a goal, begin computing control effort.
[controller_server-13] [INFO] [1790649376.690550983] [controller_server]: Passing new path to controller.
[door_detection_node-21] [INFO] [1790649377.410292209] [door_detection_node]: Side camera LiDAR range looks too long for the visible door; using visual range (source=front_right, lidar=4.69m, visual=3.21m)
[controller_server-13] [INFO] [1790649377.941450622] [controller_server]: Passing new path to controller.
[controller_server-13] [INFO] [1790649379.315614804] [controller_server]: Passing new path to controller.
[planner_server-15] [INFO] [1790649379.551300836] [global_costmap.global_costmap]: StaticLayer: Resizing static layer to 228 X 83 at 0.050000 m/pix
[door_detection_node-21] [INFO] [1790649380.129099600] [door_detection_node]: Front lateral LiDAR range looks too long for the visible door; using visual range (lidar=4.45m, visual=2.92m)
[controller_server-13] [INFO] [1790649380.565653271] [controller_server]: Passing new path to controller.
[controller_server-13] [INFO] [1790649381.815555596] [controller_server]: Passing new path to controller.
[door_detection_node-21] [INFO] [1790649382.523115033] [door_detection_node]: YOLO 후보 제외: source=front_right, far small dist=7.19m, conf=0.25, bbox=(26,79,45,160)
[planner_server-15] [INFO] [1790649382.551156470] [global_costmap.global_costmap]: StaticLayer: Resizing static layer to 235 X 83 at 0.050000 m/pix
[controller_server-13] [INFO] [1790649383.065490627] [controller_server]: Passing new path to controller.
[controller_server-13] [INFO] [1790649384.315513614] [controller_server]: Passing new path to controller.
[planner_server-15] [INFO] [1790649384.551132508] [global_costmap.global_costmap]: StaticLayer: Resizing static layer to 236 X 83 at 0.050000 m/pix
[planner_server-15] [INFO] [1790649385.551105815] [global_costmap.global_costmap]: StaticLayer: Resizing static layer to 239 X 83 at 0.050000 m/pix
[controller_server-13] [INFO] [1790649385.690569299] [controller_server]: Passing new path to controller.
[door_detection_node-21] [INFO] [1790649385.775240043] [door_detection_node]: Front lateral LiDAR range looks too long for the visible door; using visual range (lidar=3.07m, visual=2.13m)
[door_detection_node-21] [INFO] [1790649386.215565964] [door_detection_node]: YOLO 후보 제외: source=front, far small dist=5.85m, conf=0.30, bbox=(241,80,259,158)
[navigation_node-22] [WARN] [1790649386.516353622] [navigation_node]: Robot is 0.34m from explore goal (threshold=0.35m). Treating navigation as succeeded.
[state_machine_node-24] [INFO] [1790649386.519730490] [state_machine_node]: Navigation succeeded.
[planner_server-15] [INFO] [1790649386.551171854] [global_costmap.global_costmap]: StaticLayer: Resizing static layer to 247 X 83 at 0.050000 m/pix
[bt_navigator-17] [ERROR] [1790649386.637575200] [bt_navigator_navigate_to_pose_rclcpp_node]: Failed to get result for follow_path in node halt!
[bt_navigator-17] [INFO] [1790649386.637734071] [bt_navigator]: [navigate_to_pose] [ActionServer] Client requested to cancel the goal. Cancelling.
[bt_navigator-17] [INFO] [1790649386.638049640] [bt_navigator]: Goal canceled
[controller_server-13] [INFO] [1790649386.690509562] [controller_server]: Goal was canceled. Stopping the robot.
[controller_server-13] [INFO] [1790649386.690658978] [controller_server]: [follow_path] [ActionServer] Client requested to cancel the goal. Cancelling.
[state_machine_node-24] [INFO] [1790649387.198620949] [state_machine_node]: 탐색 waypoint 도착. LiDAR+camera 재스캔을 계속합니다.
[state_machine_node-24] [INFO] [1790649387.199499670] [state_machine_node]: 색상 단서 없음. 다음 탐색 waypoint는 중앙 진행축을 유지합니다.
[state_machine_node-24] [INFO] [1790649387.200153438] [state_machine_node]: State: EXPLORING_NAVIGATING → EXPLORING
[state_machine_node-24] [INFO] [1790649387.985792985] [state_machine_node]: Explore waypoint reached; holding position for single-side camera/LiDAR side scan.
[door_detection_node-21] [INFO] [1790649390.874763435] [door_detection_node]: Side camera LiDAR range looks too long for the visible door; using visual range (source=front_left, lidar=3.02m, visual=2.12m)
[state_machine_node-24] [INFO] [1790649392.047372626] [state_machine_node]: Explore waypoint side scan complete.
[state_machine_node-24] [INFO] [1790649392.048534006] [state_machine_node]: 파란 문 후보 없음. 2.0s 동안 정지 스캔 후 관측 기반 waypoint를 계획합니다.
[state_machine_node-24] [INFO] [1790649395.233925640] [state_machine_node]: 탐색 waypoint 계획 요청: explore_waypoint_3.7_lat+65 progress=3.73, lateral=0.65, map=(3.73, 0.65) | 좌측 차선 선택 | 전방 중앙 장애물 1.33m, LiDAR 좌측 여유 공간 우선 (1.33m) | LiDAR lane scores: L:y=0.65/clear=1.33/score=4.48, C:y=0.00/clear=3.20/score=2.87, R:y=-0.65/clear=3.20/score=3.11 | 가까운 장애물 감지, 우회 차선 우선 | 근접 장애물 여유 1.33m, waypoint 전진거리 0.88m로 축소
[state_machine_node-24] [INFO] [1790649395.234374360] [state_machine_node]: State: EXPLORING → EXPLORING_NAVIGATING
[navigation_node-22] [INFO] [1790649395.236703792] [navigation_node]: Navigation goal received: door explore_waypoint_3.7_lat+65 (color=explore, frame=map, x=3.73, y=0.65)
[bt_navigator-17] [INFO] [1790649395.326936389] [bt_navigator]: Begin navigating from current location (2.85, 0.77) to (3.73, 0.65)
[navigation_node-22] [INFO] [1790649395.329193662] [navigation_node]: Navigation goal accepted by Nav2
[controller_server-13] [INFO] [1790649395.527956255] [controller_server]: Received a goal, begin computing control effort.
[controller_server-13] [INFO] [1790649396.903516727] [controller_server]: Passing new path to controller.
[controller_server-13] [INFO] [1790649398.153494662] [controller_server]: Passing new path to controller.
[door_detection_node-21] [INFO] [1790649399.215521563] [door_detection_node]: Front lateral LiDAR range looks too long for the visible door; using visual range (lidar=7.43m, visual=5.71m)
[door_detection_node-21] [INFO] [1790649399.222678586] [door_detection_node]: YOLO 후보 제외: source=front, far small dist=5.71m, conf=0.40, bbox=(81,78,100,160)
[controller_server-13] [INFO] [1790649399.528441266] [controller_server]: Passing new path to controller.
[planner_server-15] [INFO] [1790649400.551247291] [global_costmap.global_costmap]: StaticLayer: Resizing static layer to 248 X 83 at 0.050000 m/pix
[controller_server-13] [INFO] [1790649400.779227617] [controller_server]: Passing new path to controller.
[planner_server-15] [INFO] [1790649401.551546906] [global_costmap.global_costmap]: StaticLayer: Resizing static layer to 249 X 83 at 0.050000 m/pix
[controller_server-13] [INFO] [1790649402.028555612] [controller_server]: Passing new path to controller.
[planner_server-15] [INFO] [1790649402.551205087] [global_costmap.global_costmap]: StaticLayer: Resizing static layer to 250 X 83 at 0.050000 m/pix
[controller_server-13] [INFO] [1790649403.278499749] [controller_server]: Passing new path to controller.
[planner_server-15] [INFO] [1790649403.551257454] [global_costmap.global_costmap]: StaticLayer: Resizing static layer to 254 X 83 at 0.050000 m/pix
[door_detection_node-21] [INFO] [1790649404.371592400] [door_detection_node]: YOLO 후보 제외: source=front, edge-clipped bbox=(0,0,40,240)
[controller_server-13] [INFO] [1790649404.528432660] [controller_server]: Passing new path to controller.
[navigation_node-22] [WARN] [1790649404.530343097] [navigation_node]: Robot is 0.35m from explore goal (threshold=0.35m). Treating navigation as succeeded.
[state_machine_node-24] [INFO] [1790649404.531859778] [state_machine_node]: Navigation succeeded.
[planner_server-15] [INFO] [1790649404.551149020] [global_costmap.global_costmap]: StaticLayer: Resizing static layer to 255 X 83 at 0.050000 m/pix
[bt_navigator-17] [ERROR] [1790649404.648200526] [bt_navigator_navigate_to_pose_rclcpp_node]: Failed to get result for follow_path in node halt!
[bt_navigator-17] [INFO] [1790649404.648413080] [bt_navigator]: [navigate_to_pose] [ActionServer] Client requested to cancel the goal. Cancelling.
[bt_navigator-17] [INFO] [1790649404.648799039] [bt_navigator]: Goal canceled
[controller_server-13] [INFO] [1790649404.653509728] [controller_server]: Goal was canceled. Stopping the robot.
[controller_server-13] [INFO] [1790649404.653615183] [controller_server]: [follow_path] [ActionServer] Client requested to cancel the goal. Cancelling.
[state_machine_node-24] [INFO] [1790649405.013887885] [state_machine_node]: 탐색 waypoint 도착. LiDAR+camera 재스캔을 계속합니다.
[state_machine_node-24] [INFO] [1790649405.014586109] [state_machine_node]: 색상 단서 없음. 다음 탐색 waypoint는 중앙 진행축을 유지합니다.
[state_machine_node-24] [INFO] [1790649405.015228854] [state_machine_node]: State: EXPLORING_NAVIGATING → EXPLORING
[state_machine_node-24] [INFO] [1790649405.819953788] [state_machine_node]: Explore waypoint reached; holding position for single-side camera/LiDAR side scan.
[door_detection_node-21] [INFO] [1790649406.789914215] [door_detection_node]: Side camera LiDAR range looks too long for the visible door; using visual range (source=front_right, lidar=7.93m, visual=4.59m)
[state_machine_node-24] [INFO] [1790649409.953586408] [state_machine_node]: Explore waypoint side scan complete.
[state_machine_node-24] [INFO] [1790649409.954650371] [state_machine_node]: 파란 문 후보 없음. 2.0s 동안 정지 스캔 후 관측 기반 waypoint를 계획합니다.
[door_detection_node-21] [INFO] [1790649411.567295810] [door_detection_node]: YOLO 후보 제외: source=front, edge-clipped bbox=(257,0,320,240)
[state_machine_node-24] [INFO] [1790649413.293874550] [state_machine_node]: 탐색 waypoint 계획 요청: explore_waypoint_3.8_lat-65 progress=3.84, lateral=-0.65, map=(3.84, -0.65) | 우측 차선 선택 | 전방 좌측 장애물 0.93m (lateral=0.20m) → 우측 차선 우선 | LiDAR lane scores: R:y=-0.65/clear=3.15/score=7.34, C:y=0.00/clear=0.96/score=-0.60, L:y=0.65/clear=0.96/score=-0.40 | direct front obstacle: full lane change allowed | 큰 차선 변경은 probe waypoint 0.45m로 먼저 검증
[state_machine_node-24] [INFO] [1790649413.294760636] [state_machine_node]: State: EXPLORING → EXPLORING_NAVIGATING
[navigation_node-22] [INFO] [1790649413.297647612] [navigation_node]: Navigation goal received: door explore_waypoint_3.8_lat-65 (color=explore, frame=map, x=3.84, y=-0.65)
[bt_navigator-17] [INFO] [1790649413.389389298] [bt_navigator]: Begin navigating from current location (3.39, 0.45) to (3.84, -0.65)
[navigation_node-22] [INFO] [1790649413.391636134] [navigation_node]: Navigation goal accepted by Nav2
[controller_server-13] [INFO] [1790649413.590615837] [controller_server]: Received a goal, begin computing control effort.
[door_detection_node-21] [INFO] [1790649414.778240197] [door_detection_node]: YOLO 후보 제외: source=front, edge-clipped bbox=(257,0,320,240)
[controller_server-13] [INFO] [1790649414.966315199] [controller_server]: Passing new path to controller.
[controller_server-13] [INFO] [1790649416.216262217] [controller_server]: Passing new path to controller.
[door_detection_node-21] [INFO] [1790649417.486504419] [door_detection_node]: YOLO 후보 제외: source=front_right, far small dist=5.70m, conf=0.21, bbox=(95,75,113,164)
[controller_server-13] [INFO] [1790649417.591276841] [controller_server]: Passing new path to controller.
[controller_server-13] [INFO] [1790649418.841268484] [controller_server]: Passing new path to controller.
[controller_server-13] [INFO] [1790649420.091290079] [controller_server]: Passing new path to controller.
[controller_server-13] [INFO] [1790649421.466270058] [controller_server]: Passing new path to controller.
[planner_server-15] [INFO] [1790649421.551120504] [global_costmap.global_costmap]: StaticLayer: Resizing static layer to 256 X 83 at 0.050000 m/pix
[controller_server-13] [INFO] [1790649422.716270198] [controller_server]: Passing new path to controller.
[controller_server-13] [INFO] [1790649424.091303622] [controller_server]: Passing new path to controller.
[controller_server-13] [INFO] [1790649425.341272707] [controller_server]: Passing new path to controller.
[controller_server-13] [INFO] [1790649426.591336393] [controller_server]: Passing new path to controller.
[planner_server-15] [INFO] [1790649427.551118924] [global_costmap.global_costmap]: StaticLayer: Resizing static layer to 259 X 83 at 0.050000 m/pix
[controller_server-13] [INFO] [1790649427.966256712] [controller_server]: Passing new path to controller.
[planner_server-15] [INFO] [1790649428.551180328] [global_costmap.global_costmap]: StaticLayer: Resizing static layer to 260 X 83 at 0.050000 m/pix
[controller_server-13] [INFO] [1790649429.216533821] [controller_server]: Passing new path to controller.
[planner_server-15] [INFO] [1790649429.551143633] [global_costmap.global_costmap]: StaticLayer: Resizing static layer to 261 X 83 at 0.050000 m/pix
[planner_server-15] [INFO] [1790649430.551384917] [global_costmap.global_costmap]: StaticLayer: Resizing static layer to 263 X 83 at 0.050000 m/pix
[controller_server-13] [INFO] [1790649430.591254551] [controller_server]: Passing new path to controller.
[navigation_node-22] [WARN] [1790649431.092044142] [navigation_node]: Robot is 0.34m from explore goal (threshold=0.35m). Treating navigation as succeeded.
[state_machine_node-24] [INFO] [1790649431.094005372] [state_machine_node]: Navigation succeeded.
[bt_navigator-17] [ERROR] [1790649431.212917629] [bt_navigator_navigate_to_pose_rclcpp_node]: Failed to get result for follow_path in node halt!
[bt_navigator-17] [INFO] [1790649431.213091927] [bt_navigator]: [navigate_to_pose] [ActionServer] Client requested to cancel the goal. Cancelling.
[bt_navigator-17] [INFO] [1790649431.213560897] [bt_navigator]: Goal canceled
[controller_server-13] [INFO] [1790649431.216593949] [controller_server]: Goal was canceled. Stopping the robot.
[controller_server-13] [INFO] [1790649431.216744065] [controller_server]: [follow_path] [ActionServer] Client requested to cancel the goal. Cancelling.
[state_machine_node-24] [INFO] [1790649431.625701333] [state_machine_node]: 탐색 waypoint 도착. LiDAR+camera 재스캔을 계속합니다.
[state_machine_node-24] [INFO] [1790649431.626525658] [state_machine_node]: 색상 단서 없음. 다음 탐색 waypoint는 중앙 진행축을 유지합니다.
[state_machine_node-24] [INFO] [1790649431.627277510] [state_machine_node]: State: EXPLORING_NAVIGATING → EXPLORING
[state_machine_node-24] [INFO] [1790649432.440610097] [state_machine_node]: Explore waypoint reached; holding position for single-side camera/LiDAR side scan.
[planner_server-15] [INFO] [1790649433.551268895] [global_costmap.global_costmap]: StaticLayer: Resizing static layer to 265 X 83 at 0.050000 m/pix
[state_machine_node-24] [INFO] [1790649436.600056434] [state_machine_node]: Explore waypoint side scan complete.
[state_machine_node-24] [INFO] [1790649436.600863738] [state_machine_node]: 파란 문 후보 없음. 2.0s 동안 정지 스캔 후 관측 기반 waypoint를 계획합니다.
[state_machine_node-24] [INFO] [1790649439.863974120] [state_machine_node]: Exit scan deferred: continuing observation-based forward exploration before leaving.
[state_machine_node-24] [INFO] [1790649439.879961337] [state_machine_node]: 탐색 waypoint 계획 요청: explore_waypoint_5.1_lat-65 progress=5.07, lateral=-0.65, map=(5.07, -0.65) | 우측 차선 선택 | LiDAR 우측 여유 공간 우선 (3.36m) | LiDAR lane scores: C:y=0.00/clear=2.90/score=2.18, R:y=-0.65/clear=2.90/score=4.04, L:y=0.65/clear=0.98/score=-0.73
[state_machine_node-24] [INFO] [1790649439.880872291] [state_machine_node]: State: EXPLORING → EXPLORING_NAVIGATING
[navigation_node-22] [INFO] [1790649439.884594542] [navigation_node]: Navigation goal received: door explore_waypoint_5.1_lat-65 (color=explore, frame=map, x=5.07, y=-0.65)
[bt_navigator-17] [INFO] [1790649439.981068359] [bt_navigator]: Begin navigating from current location (3.87, -0.35) to (5.07, -0.65)
[navigation_node-22] [INFO] [1790649439.985190775] [navigation_node]: Navigation goal accepted by Nav2
[controller_server-13] [INFO] [1790649440.182231101] [controller_server]: Received a goal, begin computing control effort.
[controller_server-13] [INFO] [1790649441.433011517] [controller_server]: Passing new path to controller.
[controller_server-13] [INFO] [1790649442.683010381] [controller_server]: Passing new path to controller.
[controller_server-13] [INFO] [1790649444.058069237] [controller_server]: Passing new path to controller.
[controller_server-13] [INFO] [1790649445.308051578] [controller_server]: Passing new path to controller.
[planner_server-15] [INFO] [1790649446.551180875] [global_costmap.global_costmap]: StaticLayer: Resizing static layer to 269 X 83 at 0.050000 m/pix
[controller_server-13] [INFO] [1790649446.683085838] [controller_server]: Passing new path to controller.
[controller_server-13] [INFO] [1790649447.682990432] [controller_server]: Passing new path to controller.
[controller_server-13] [INFO] [1790649449.058013099] [controller_server]: Passing new path to controller.
[planner_server-15] [INFO] [1790649449.551114428] [global_costmap.global_costmap]: StaticLayer: Resizing static layer to 273 X 83 at 0.050000 m/pix
[door_detection_node-21] [INFO] [1790649450.226695048] [door_detection_node]: Side camera LiDAR range looks occluded; using visual range instead (source=front_left, lidar=1.23m, visual=2.10m)
[controller_server-13] [INFO] [1790649450.307960871] [controller_server]: Passing new path to controller.
[planner_server-15] [INFO] [1790649451.551294235] [global_costmap.global_costmap]: StaticLayer: Resizing static layer to 275 X 83 at 0.050000 m/pix
[controller_server-13] [INFO] [1790649451.683004078] [controller_server]: Passing new path to controller.
[controller_server-13] [INFO] [1790649452.933024803] [controller_server]: Passing new path to controller.
[planner_server-15] [INFO] [1790649453.551244434] [global_costmap.global_costmap]: StaticLayer: Resizing static layer to 278 X 83 at 0.050000 m/pix
[controller_server-13] [INFO] [1790649454.183005653] [controller_server]: Passing new path to controller.
[navigation_node-22] [WARN] [1790649454.983318966] [navigation_node]: Robot is 0.34m from explore goal (threshold=0.35m). Treating navigation as succeeded.
[state_machine_node-24] [INFO] [1790649454.984864897] [state_machine_node]: Navigation succeeded.
[bt_navigator-17] [ERROR] [1790649455.103245759] [bt_navigator_navigate_to_pose_rclcpp_node]: Failed to get result for follow_path in node halt!
[bt_navigator-17] [INFO] [1790649455.103602711] [bt_navigator]: [navigate_to_pose] [ActionServer] Client requested to cancel the goal. Cancelling.
[bt_navigator-17] [INFO] [1790649455.104023268] [bt_navigator]: Goal canceled
[controller_server-13] [INFO] [1790649455.183011950] [controller_server]: Goal was canceled. Stopping the robot.
[controller_server-13] [INFO] [1790649455.183140364] [controller_server]: [follow_path] [ActionServer] Client requested to cancel the goal. Cancelling.
[state_machine_node-24] [INFO] [1790649455.287846401] [state_machine_node]: 탐색 waypoint 도착. LiDAR+camera 재스캔을 계속합니다.
[state_machine_node-24] [INFO] [1790649455.288761720] [state_machine_node]: 색상 단서 없음. 다음 탐색 waypoint는 중앙 진행축을 유지합니다.
[state_machine_node-24] [INFO] [1790649455.289426609] [state_machine_node]: State: EXPLORING_NAVIGATING → EXPLORING
[planner_server-15] [INFO] [1790649455.551174316] [global_costmap.global_costmap]: StaticLayer: Resizing static layer to 288 X 83 at 0.050000 m/pix
[state_machine_node-24] [INFO] [1790649456.105651402] [state_machine_node]: Explore waypoint reached; holding position for single-side camera/LiDAR side scan.
[door_detection_node-21] [INFO] [1790649456.965151642] [door_detection_node]: Front lateral LiDAR range looks too long for the visible door; using visual range (lidar=7.13m, visual=3.47m)
[door_detection_node-21] [INFO] [1790649459.741531895] [door_detection_node]: YOLO 후보 제외: source=front, edge-clipped bbox=(0,0,68,240)
[door_detection_node-21] [INFO] [1790649460.255921127] [door_detection_node]: Side camera LiDAR range looks too long for the visible door; using visual range (source=front_right, lidar=5.14m, visual=3.77m)
[state_machine_node-24] [INFO] [1790649460.364106697] [state_machine_node]: Explore waypoint side scan complete.
[state_machine_node-24] [INFO] [1790649460.364831658] [state_machine_node]: 파란 문 후보 없음. 2.0s 동안 정지 스캔 후 관측 기반 waypoint를 계획합니다.
[state_machine_node-24] [INFO] [1790649463.819091978] [state_machine_node]: 탐색 waypoint 계획 요청: explore_waypoint_5.9_lat-9 progress=5.95, lateral=-0.09, map=(5.95, -0.09) | 중앙 차선 선택 | 파란 문/전방 장애물/빨간 문 회피 이유 없음, 관측 기반 중앙 진행축 유지 | LiDAR lane clearances: C:y=0.00/clear=1.73, R:y=-0.65/clear=1.73, L:y=0.65/clear=2.70 | 좌우 이동량 제한 0.74m→0.65m
[state_machine_node-24] [INFO] [1790649463.819930980] [state_machine_node]: State: EXPLORING → EXPLORING_NAVIGATING
[navigation_node-22] [INFO] [1790649463.822988621] [navigation_node]: Navigation goal received: door explore_waypoint_5.9_lat-9 (color=explore, frame=map, x=5.95, y=-0.09)
[bt_navigator-17] [INFO] [1790649463.932042394] [bt_navigator]: Begin navigating from current location (4.75, -0.74) to (5.95, -0.09)
[navigation_node-22] [INFO] [1790649463.935867111] [navigation_node]: Navigation goal accepted by Nav2
[controller_server-13] [INFO] [1790649464.133580561] [controller_server]: Received a goal, begin computing control effort.
[controller_server-13] [ERROR] [1790649464.323781546] [transformPoseInTargetFrame]: Extrapolation Error looking up target frame: Lookup would require extrapolation into the future.  Requested time 116.698000 but the latest data is at time 116.350000, when looking up transform from frame [map] to frame [base_link]
[controller_server-13] 
[controller_server-13] [WARN] [1790649464.342865602] [controller_server]: Control loop missed its desired rate of 8.0000Hz
[controller_server-13] [ERROR] [1790649464.343023140] [tf_help]: Transform data too old when converting from odom to map
[controller_server-13] [ERROR] [1790649464.343093947] [tf_help]: Data time: 116s 800000000ns, Transform time: 116s 350000000ns
[controller_server-13] [WARN] [1790649464.343262875] [controller_server]: Unable to transform robot pose into global plan's frame
[controller_server-13] [ERROR] [1790649464.385005149] [tf_help]: Transform data too old when converting from odom to map
[controller_server-13] [ERROR] [1790649464.385101771] [tf_help]: Data time: 116s 800000000ns, Transform time: 116s 350000000ns
[controller_server-13] [WARN] [1790649464.385156883] [controller_server]: Unable to transform robot pose into global plan's frame
[controller_server-13] [INFO] [1790649465.509868958] [controller_server]: Passing new path to controller.
[controller_server-13] [INFO] [1790649466.634913357] [controller_server]: Passing new path to controller.
[controller_server-13] [INFO] [1790649467.884882719] [controller_server]: Passing new path to controller.
[controller_server-13] [INFO] [1790649469.134898973] [controller_server]: Passing new path to controller.
[planner_server-15] [INFO] [1790649469.551343607] [global_costmap.global_costmap]: StaticLayer: Resizing static layer to 291 X 83 at 0.050000 m/pix
[controller_server-13] [INFO] [1790649470.509982001] [controller_server]: Passing new path to controller.
[planner_server-15] [INFO] [1790649470.551229372] [global_costmap.global_costmap]: StaticLayer: Resizing static layer to 292 X 83 at 0.050000 m/pix
[planner_server-15] [INFO] [1790649471.551335847] [global_costmap.global_costmap]: StaticLayer: Resizing static layer to 295 X 83 at 0.050000 m/pix
[controller_server-13] [INFO] [1790649471.759843892] [controller_server]: Passing new path to controller.
[planner_server-15] [INFO] [1790649472.551489495] [global_costmap.global_costmap]: StaticLayer: Resizing static layer to 299 X 84 at 0.050000 m/pix
[controller_server-13] [INFO] [1790649473.134908550] [controller_server]: Passing new path to controller.
[navigation_node-22] [WARN] [1790649473.334717460] [navigation_node]: Robot is 0.35m from explore goal (threshold=0.35m). Treating navigation as succeeded.
[state_machine_node-24] [INFO] [1790649473.336791801] [state_machine_node]: Navigation succeeded.
[state_machine_node-24] [INFO] [1790649473.403012168] [state_machine_node]: 탐색 waypoint 도착. LiDAR+camera 재스캔을 계속합니다.
[state_machine_node-24] [INFO] [1790649473.403804671] [state_machine_node]: 색상 단서 없음. 다음 탐색 waypoint는 중앙 진행축을 유지합니다.
[state_machine_node-24] [INFO] [1790649473.404573473] [state_machine_node]: State: EXPLORING_NAVIGATING → EXPLORING
[bt_navigator-17] [ERROR] [1790649473.454981418] [bt_navigator_navigate_to_pose_rclcpp_node]: Failed to get result for follow_path in node halt!
[bt_navigator-17] [INFO] [1790649473.455343488] [bt_navigator]: [navigate_to_pose] [ActionServer] Client requested to cancel the goal. Cancelling.
[bt_navigator-17] [INFO] [1790649473.455606418] [bt_navigator]: Goal canceled
[controller_server-13] [INFO] [1790649473.509866750] [controller_server]: Goal was canceled. Stopping the robot.
[controller_server-13] [INFO] [1790649473.509999569] [controller_server]: [follow_path] [ActionServer] Client requested to cancel the goal. Cancelling.
[planner_server-15] [INFO] [1790649473.551271601] [global_costmap.global_costmap]: StaticLayer: Resizing static layer to 301 X 84 at 0.050000 m/pix
[state_machine_node-24] [INFO] [1790649474.247801724] [state_machine_node]: Explore waypoint reached; holding position for single-side camera/LiDAR side scan.
[planner_server-15] [INFO] [1790649474.551129064] [global_costmap.global_costmap]: StaticLayer: Resizing static layer to 303 X 84 at 0.050000 m/pix
[state_machine_node-24] [INFO] [1790649478.611053234] [state_machine_node]: Explore waypoint side scan complete.
[state_machine_node-24] [INFO] [1790649478.611992004] [state_machine_node]: 파란 문 후보 없음. 2.0s 동안 정지 스캔 후 관측 기반 waypoint를 계획합니다.
[state_machine_node-24] [INFO] [1790649482.105862791] [state_machine_node]: 탐색 waypoint 계획 요청: explore_waypoint_6.1_lat-65 progress=6.11, lateral=-0.65, map=(6.11, -0.65) | 우측 차선 선택 | 전방 좌측 장애물 0.94m (lateral=0.13m) → 우측 차선 우선 | LiDAR lane scores: R:y=-0.65/clear=0.96/score=4.08, C:y=0.00/clear=0.95/score=0.12, L:y=0.65/clear=0.97/score=0.37 | 가까운 장애물 감지, 우회 차선 우선 | 근접 장애물 여유 0.96m, waypoint 전진거리 0.51m로 축소
[state_machine_node-24] [INFO] [1790649482.106408661] [state_machine_node]: State: EXPLORING → EXPLORING_NAVIGATING
[navigation_node-22] [INFO] [1790649482.109953400] [navigation_node]: Navigation goal received: door explore_waypoint_6.1_lat-65 (color=explore, frame=map, x=6.11, y=-0.65)
[bt_navigator-17] [INFO] [1790649482.224796166] [bt_navigator]: Begin navigating from current location (5.60, -0.04) to (6.11, -0.65)
[navigation_node-22] [INFO] [1790649482.229521565] [navigation_node]: Navigation goal accepted by Nav2
[controller_server-13] [INFO] [1790649482.426299360] [controller_server]: Received a goal, begin computing control effort.
[controller_server-13] [INFO] [1790649483.802547232] [controller_server]: Passing new path to controller.
[controller_server-13] [INFO] [1790649485.051841649] [controller_server]: Passing new path to controller.
[controller_server-13] [INFO] [1790649486.426836873] [controller_server]: Passing new path to controller.
[planner_server-15] [INFO] [1790649486.551162709] [global_costmap.global_costmap]: StaticLayer: Resizing static layer to 307 X 84 at 0.050000 m/pix
[navigation_node-22] [WARN] [1790649487.227496493] [navigation_node]: Robot is 0.34m from explore goal (threshold=0.35m). Treating navigation as succeeded.
[state_machine_node-24] [INFO] [1790649487.229143088] [state_machine_node]: Navigation succeeded.
[bt_navigator-17] [ERROR] [1790649487.346160979] [bt_navigator_navigate_to_pose_rclcpp_node]: Failed to get result for follow_path in node halt!
[bt_navigator-17] [INFO] [1790649487.346905200] [bt_navigator]: [navigate_to_pose] [ActionServer] Client requested to cancel the goal. Cancelling.
[bt_navigator-17] [INFO] [1790649487.347700745] [bt_navigator]: Goal canceled
[state_machine_node-24] [INFO] [1790649487.377201962] [state_machine_node]: 탐색 waypoint 도착. LiDAR+camera 재스캔을 계속합니다.
[state_machine_node-24] [INFO] [1790649487.378002686] [state_machine_node]: 색상 단서 없음. 다음 탐색 waypoint는 중앙 진행축을 유지합니다.
[state_machine_node-24] [INFO] [1790649487.378748097] [state_machine_node]: State: EXPLORING_NAVIGATING → EXPLORING
[controller_server-13] [INFO] [1790649487.426851119] [controller_server]: Goal was canceled. Stopping the robot.
[controller_server-13] [INFO] [1790649487.426998279] [controller_server]: [follow_path] [ActionServer] Client requested to cancel the goal. Cancelling.
[planner_server-15] [INFO] [1790649487.551261433] [global_costmap.global_costmap]: StaticLayer: Resizing static layer to 308 X 84 at 0.050000 m/pix
[state_machine_node-24] [INFO] [1790649488.261504724] [state_machine_node]: Explore waypoint reached; holding position for single-side camera/LiDAR side scan.
[planner_server-15] [INFO] [1790649488.551297227] [global_costmap.global_costmap]: StaticLayer: Resizing static layer to 309 X 84 at 0.050000 m/pix
[door_detection_node-21] [INFO] [1790649488.707341551] [door_detection_node]: Front lateral LiDAR range looks too long for the visible door; using visual range (lidar=3.61m, visual=2.49m)
[door_detection_node-21] [INFO] [1790649488.718835517] [door_detection_node]: YOLO 후보 제외: source=front, edge-clipped bbox=(0,24,31,212)
[planner_server-15] [INFO] [1790649489.552093464] [global_costmap.global_costmap]: StaticLayer: Resizing static layer to 310 X 84 at 0.050000 m/pix
[door_detection_node-21] [INFO] [1790649492.550672849] [door_detection_node]: Front lateral LiDAR range looks too long for the visible door; using visual range (lidar=4.20m, visual=2.67m)
[state_machine_node-24] [INFO] [1790649492.689113012] [state_machine_node]: Explore waypoint side scan complete.
[state_machine_node-24] [INFO] [1790649492.690013976] [state_machine_node]: 파란 문 후보 없음. 2.0s 동안 정지 스캔 후 관측 기반 waypoint를 계획합니다.
[state_machine_node-24] [INFO] [1790649496.150409710] [state_machine_node]: 탐색 waypoint 계획 요청: explore_waypoint_6.5_lat-65 progress=6.46, lateral=-0.65, map=(6.46, -0.65) | 우측 차선 선택 | 전방 좌측 장애물 0.97m (lateral=0.17m) → 우측 차선 우선 | LiDAR lane scores: R:y=-0.65/clear=0.97/score=2.71, C:y=0.00/clear=0.97/score=-0.59, L:y=0.65/clear=1.58/score=2.66 | 가까운 장애물 감지, 우회 차선 우선 | 근접 장애물 여유 0.97m, waypoint 전진거리 0.52m로 축소
[state_machine_node-24] [INFO] [1790649496.151256068] [state_machine_node]: State: EXPLORING → EXPLORING_NAVIGATING
[navigation_node-22] [INFO] [1790649496.154502472] [navigation_node]: Navigation goal received: door explore_waypoint_6.5_lat-65 (color=explore, frame=map, x=6.46, y=-0.65)
[navigation_node-22] [WARN] [1790649496.235921313] [navigation_node]: Adjusted unreachable/occupied navigation goal from (6.46, -0.65, cost=55) to connected free cell (6.28, -0.67, cost=0)
[bt_navigator-17] [INFO] [1790649496.297749889] [bt_navigator]: Begin navigating from current location (5.95, -0.45) to (6.28, -0.67)
[navigation_node-22] [INFO] [1790649496.301614256] [navigation_node]: Navigation goal accepted by Nav2
[controller_server-13] [INFO] [1790649496.499409608] [controller_server]: Received a goal, begin computing control effort.
[door_detection_node-21] [INFO] [1790649497.633529411] [door_detection_node]: Front lateral LiDAR range looks too long for the visible door; using visual range (lidar=3.21m, visual=2.36m)
[controller_server-13] [INFO] [1790649497.875185957] [controller_server]: Passing new path to controller.
[controller_server-13] [INFO] [1790649499.125195511] [controller_server]: Passing new path to controller.
[navigation_node-22] [WARN] [1790649499.600726987] [navigation_node]: Robot is 0.35m from explore goal (threshold=0.35m). Treating navigation as succeeded.
[state_machine_node-24] [INFO] [1790649499.602958978] [state_machine_node]: Navigation succeeded.
[bt_navigator-17] [ERROR] [1790649499.719243556] [bt_navigator_navigate_to_pose_rclcpp_node]: Failed to get result for follow_path in node halt!
[bt_navigator-17] [INFO] [1790649499.719485917] [bt_navigator]: [navigate_to_pose] [ActionServer] Client requested to cancel the goal. Cancelling.
[bt_navigator-17] [INFO] [1790649499.719639217] [bt_navigator]: Goal canceled
[controller_server-13] [INFO] [1790649499.750862100] [controller_server]: Goal was canceled. Stopping the robot.
[controller_server-13] [INFO] [1790649499.750962334] [controller_server]: [follow_path] [ActionServer] Client requested to cancel the goal. Cancelling.
[state_machine_node-24] [INFO] [1790649500.463416903] [state_machine_node]: 탐색 waypoint 도착. LiDAR+camera 재스캔을 계속합니다.
[state_machine_node-24] [INFO] [1790649500.463853103] [state_machine_node]: 색상 단서 없음. 다음 탐색 waypoint는 중앙 진행축을 유지합니다.
[state_machine_node-24] [INFO] [1790649500.464208163] [state_machine_node]: State: EXPLORING_NAVIGATING → EXPLORING
[planner_server-15] [INFO] [1790649500.551880268] [global_costmap.global_costmap]: StaticLayer: Resizing static layer to 312 X 84 at 0.050000 m/pix
[state_machine_node-24] [INFO] [1790649501.329455637] [state_machine_node]: Explore waypoint reached; holding position for single-side camera/LiDAR side scan.
[planner_server-15] [INFO] [1790649502.551174360] [global_costmap.global_costmap]: StaticLayer: Resizing static layer to 315 X 84 at 0.050000 m/pix
[state_machine_node-24] [INFO] [1790649505.827291552] [state_machine_node]: Explore waypoint side scan complete.
[state_machine_node-24] [INFO] [1790649505.828312432] [state_machine_node]: 파란 문 후보 없음. 2.0s 동안 정지 스캔 후 관측 기반 waypoint를 계획합니다.
[door_detection_node-21] [INFO] [1790649506.224436281] [door_detection_node]: Side camera LiDAR range looks too long for the visible door; using visual range (source=front_left, lidar=10.01m, visual=6.16m)
[door_detection_node-21] [INFO] [1790649506.227758730] [door_detection_node]: YOLO 후보 제외: source=front_left, far small dist=6.16m, conf=0.35, bbox=(19,78,38,154)
[state_machine_node-24] [INFO] [1790649509.287411067] [state_machine_node]: 탐색 waypoint 계획 요청: explore_waypoint_6.6_lat+65 progress=6.57, lateral=0.65, map=(6.57, 0.65) | 좌측 차선 선택 | 전방 좌측 장애물 0.79m (lateral=0.57m) → 우측 차선 우선 | LiDAR lane scores: R:y=-0.65/clear=1.03/score=2.77, C:y=0.00/clear=0.98/score=-0.58, L:y=0.65/clear=3.20/score=4.29 | direct front obstacle: full lane change allowed | 큰 차선 변경은 probe waypoint 0.45m로 먼저 검증
[state_machine_node-24] [INFO] [1790649509.288270114] [state_machine_node]: State: EXPLORING → EXPLORING_NAVIGATING
[navigation_node-22] [INFO] [1790649509.290847783] [navigation_node]: Navigation goal received: door explore_waypoint_6.6_lat+65 (color=explore, frame=map, x=6.57, y=0.65)
[bt_navigator-17] [INFO] [1790649509.415020054] [bt_navigator]: Begin navigating from current location (6.12, -0.43) to (6.57, 0.65)
[navigation_node-22] [INFO] [1790649509.419066990] [navigation_node]: Navigation goal accepted by Nav2
[controller_server-13] [INFO] [1790649509.616138830] [controller_server]: Received a goal, begin computing control effort.
[controller_server-13] [INFO] [1790649510.992086234] [controller_server]: Passing new path to controller.
[door_detection_node-21] [INFO] [1790649512.023622185] [door_detection_node]: Side camera visual fallback rejected (source=front_left, lidar=0.78m, visual=5.85m > 4.50m)
[controller_server-13] [INFO] [1790649512.117042792] [controller_server]: Passing new path to controller.
[controller_server-13] [INFO] [1790649513.492033136] [controller_server]: Passing new path to controller.
[door_detection_node-21] [INFO] [1790649513.767609727] [door_detection_node]: Front lateral LiDAR range looks too long for the visible door; using visual range (lidar=3.88m, visual=2.53m)
[controller_server-13] [INFO] [1790649514.742057216] [controller_server]: Passing new path to controller.
[controller_server-13] [INFO] [1790649516.117060491] [controller_server]: Passing new path to controller.
[planner_server-15] [INFO] [1790649516.551291824] [global_costmap.global_costmap]: StaticLayer: Resizing static layer to 316 X 84 at 0.050000 m/pix
[door_detection_node-21] [INFO] [1790649517.048835680] [door_detection_node]: Front lateral LiDAR range looks too long for the visible door; using visual range (lidar=3.52m, visual=2.48m)
[controller_server-13] [INFO] [1790649517.367046493] [controller_server]: Passing new path to controller.
[controller_server-13] [INFO] [1790649518.617082068] [controller_server]: Passing new path to controller.
[door_detection_node-21] [INFO] [1790649518.867048269] [door_detection_node]: Side camera LiDAR range looks too long for the visible door; using visual range (source=front_right, lidar=3.91m, visual=2.53m)
[controller_server-13] [INFO] [1790649519.867056172] [controller_server]: Passing new path to controller.
[cmd_vel_safety_node-6] [WARN] [1790649520.737918488] [cmd_vel_safety_node]: LiDAR collision stop: front=0.47m
[controller_server-13] [INFO] [1790649521.117096879] [controller_server]: Passing new path to controller.
[controller_server-13] [INFO] [1790649522.492052055] [controller_server]: Passing new path to controller.
[door_detection_node-21] [INFO] [1790649522.520034227] [door_detection_node]: Side camera LiDAR range looks too long for the visible door; using visual range (source=front_right, lidar=3.50m, visual=2.40m)
[controller_server-13] [INFO] [1790649523.742047939] [controller_server]: Passing new path to controller.
[controller_server-13] [INFO] [1790649525.117055172] [controller_server]: Passing new path to controller.
[controller_server-13] [INFO] [1790649526.367408561] [controller_server]: Passing new path to controller.
[controller_server-13] [INFO] [1790649527.617054543] [controller_server]: Passing new path to controller.
[controller_server-13] [INFO] [1790649528.992091095] [controller_server]: Passing new path to controller.
[navigation_node-22] [WARN] [1790649529.118023976] [navigation_node]: Robot is 0.34m from explore goal (threshold=0.35m). Treating navigation as succeeded.
[state_machine_node-24] [INFO] [1790649529.120029813] [state_machine_node]: Navigation succeeded.
[bt_navigator-17] [ERROR] [1790649529.236318450] [bt_navigator_navigate_to_pose_rclcpp_node]: Failed to get result for follow_path in node halt!
[bt_navigator-17] [INFO] [1790649529.236586493] [bt_navigator]: [navigate_to_pose] [ActionServer] Client requested to cancel the goal. Cancelling.
[bt_navigator-17] [INFO] [1790649529.237010612] [bt_navigator]: Goal canceled
[controller_server-13] [INFO] [1790649529.242067111] [controller_server]: Goal was canceled. Stopping the robot.
[controller_server-13] [INFO] [1790649529.242165493] [controller_server]: [follow_path] [ActionServer] Client requested to cancel the goal. Cancelling.
[state_machine_node-24] [INFO] [1790649529.263710732] [state_machine_node]: 탐색 waypoint 도착. LiDAR+camera 재스캔을 계속합니다.
[state_machine_node-24] [INFO] [1790649529.264495361] [state_machine_node]: 색상 단서 없음. 다음 탐색 waypoint는 중앙 진행축을 유지합니다.
[state_machine_node-24] [INFO] [1790649529.265190594] [state_machine_node]: State: EXPLORING_NAVIGATING → EXPLORING
[state_machine_node-24] [INFO] [1790649530.171419644] [state_machine_node]: Explore waypoint reached; holding position for single-side camera/LiDAR side scan.
[state_machine_node-24] [INFO] [1790649534.736368738] [state_machine_node]: Explore waypoint side scan complete.
[state_machine_node-24] [INFO] [1790649534.737082999] [state_machine_node]: 파란 문 후보 없음. 2.0s 동안 정지 스캔 후 관측 기반 waypoint를 계획합니다.
[state_machine_node-24] [INFO] [1790649538.291049379] [state_machine_node]: 탐색 waypoint 계획 요청: explore_waypoint_7.3_lat+65 progress=7.30, lateral=0.65, map=(7.30, 0.65) | 좌측 차선 선택 | 전방 우측 장애물 0.85m (lateral=-0.52m) → 좌측 차선 우선 | LiDAR lane scores: L:y=0.65/clear=1.33/score=4.47, C:y=0.00/clear=0.96/score=0.11, R:y=-0.65/clear=3.20/score=3.13 | 가까운 장애물 감지, 우회 차선 우선 | 근접 장애물 여유 1.33m, waypoint 전진거리 0.88m로 축소
[state_machine_node-24] [INFO] [1790649538.291842121] [state_machine_node]: State: EXPLORING → EXPLORING_NAVIGATING
[navigation_node-22] [INFO] [1790649538.294574231] [navigation_node]: Navigation goal received: door explore_waypoint_7.3_lat+65 (color=explore, frame=map, x=7.30, y=0.65)
[navigation_node-22] [WARN] [1790649538.384023568] [navigation_node]: Adjusted unreachable/occupied navigation goal from (7.30, 0.65, cost=46) to connected free cell (7.08, 0.78, cost=0)
[bt_navigator-17] [INFO] [1790649538.449953809] [bt_navigator]: Begin navigating from current location (6.42, 0.44) to (7.08, 0.78)
[navigation_node-22] [INFO] [1790649538.458499871] [navigation_node]: Navigation goal accepted by Nav2
[controller_server-13] [INFO] [1790649538.651684016] [controller_server]: Received a goal, begin computing control effort.
[controller_server-13] [INFO] [1790649540.028376392] [controller_server]: Passing new path to controller.
[controller_server-13] [WARN] [1790649540.293099859] [controller_server]: Control loop missed its desired rate of 8.0000Hz
[controller_server-13] [INFO] [1790649541.277312263] [controller_server]: Passing new path to controller.
[controller_server-13] [INFO] [1790649542.652346884] [controller_server]: Passing new path to controller.
[controller_server-13] [INFO] [1790649543.902305613] [controller_server]: Passing new path to controller.
[controller_server-13] [INFO] [1790649545.152290931] [controller_server]: Passing new path to controller.
[controller_server-13] [WARN] [1790649545.417514399] [controller_server]: Control loop missed its desired rate of 8.0000Hz
[controller_server-13] [INFO] [1790649546.527297884] [controller_server]: Passing new path to controller.
[controller_server-13] [WARN] [1790649546.777626060] [controller_server]: Control loop missed its desired rate of 8.0000Hz
[door_detection_node-21] [INFO] [1790649546.849093659] [door_detection_node]: Side camera LiDAR range looks occluded; using visual range instead (source=front_right, lidar=0.99m, visual=2.60m)
[controller_server-13] [INFO] [1790649547.777295173] [controller_server]: Passing new path to controller.
[controller_server-13] [INFO] [1790649549.152312773] [controller_server]: Passing new path to controller.
[planner_server-15] [INFO] [1790649549.551252218] [global_costmap.global_costmap]: StaticLayer: Resizing static layer to 319 X 84 at 0.050000 m/pix
[controller_server-13] [INFO] [1790649550.277301731] [controller_server]: Passing new path to controller.
[planner_server-15] [INFO] [1790649550.551106125] [global_costmap.global_costmap]: StaticLayer: Resizing static layer to 321 X 84 at 0.050000 m/pix
[controller_server-13] [INFO] [1790649551.652315680] [controller_server]: Passing new path to controller.
[controller_server-13] [INFO] [1790649552.777323436] [controller_server]: Passing new path to controller.
[controller_server-13] [INFO] [1790649554.152260869] [controller_server]: Passing new path to controller.
[planner_server-15] [INFO] [1790649554.551169293] [global_costmap.global_costmap]: StaticLayer: Resizing static layer to 322 X 84 at 0.050000 m/pix
[controller_server-13] [INFO] [1790649555.277278005] [controller_server]: Passing new path to controller.
[planner_server-15] [INFO] [1790649555.551261740] [global_costmap.global_costmap]: StaticLayer: Resizing static layer to 323 X 84 at 0.050000 m/pix
[controller_server-13] [INFO] [1790649556.652228377] [controller_server]: Passing new path to controller.
[controller_server-13] [INFO] [1790649557.902316019] [controller_server]: Passing new path to controller.
[controller_server-13] [INFO] [1790649559.152364084] [controller_server]: Passing new path to controller.
[controller_server-13] [INFO] [1790649560.527324615] [controller_server]: Passing new path to controller.
[controller_server-13] [INFO] [1790649561.652445377] [controller_server]: Passing new path to controller.
[navigation_node-22] [WARN] [1790649562.352599122] [navigation_node]: Robot is 0.35m from explore goal (threshold=0.35m). Treating navigation as succeeded.
[state_machine_node-24] [INFO] [1790649562.355933062] [state_machine_node]: Navigation succeeded.
[bt_navigator-17] [ERROR] [1790649562.471469304] [bt_navigator_navigate_to_pose_rclcpp_node]: Failed to get result for follow_path in node halt!
[bt_navigator-17] [INFO] [1790649562.471751172] [bt_navigator]: [navigate_to_pose] [ActionServer] Client requested to cancel the goal. Cancelling.
[bt_navigator-17] [INFO] [1790649562.472431597] [bt_navigator]: Goal canceled
[controller_server-13] [INFO] [1790649562.527343888] [controller_server]: Goal was canceled. Stopping the robot.
[controller_server-13] [INFO] [1790649562.527499230] [controller_server]: [follow_path] [ActionServer] Client requested to cancel the goal. Cancelling.
[state_machine_node-24] [INFO] [1790649563.033207950] [state_machine_node]: 탐색 waypoint 도착. LiDAR+camera 재스캔을 계속합니다.
[state_machine_node-24] [INFO] [1790649563.034111208] [state_machine_node]: 색상 단서 없음. 다음 탐색 waypoint는 중앙 진행축을 유지합니다.
[state_machine_node-24] [INFO] [1790649563.034797244] [state_machine_node]: State: EXPLORING_NAVIGATING → EXPLORING
[state_machine_node-24] [INFO] [1790649563.975267008] [state_machine_node]: Explore waypoint reached; holding position for single-side camera/LiDAR side scan.
[planner_server-15] [INFO] [1790649567.551152481] [global_costmap.global_costmap]: StaticLayer: Resizing static layer to 325 X 84 at 0.050000 m/pix
[state_machine_node-24] [INFO] [1790649568.800513655] [state_machine_node]: Explore waypoint side scan complete.
[state_machine_node-24] [INFO] [1790649568.801509764] [state_machine_node]: 파란 문 후보 없음. 2.0s 동안 정지 스캔 후 관측 기반 waypoint를 계획합니다.
[door_detection_node-21] [INFO] [1790649570.182153144] [door_detection_node]: Side camera LiDAR range looks too long for the visible door; using visual range (source=front_left, lidar=3.43m, visual=2.41m)
[state_machine_node-24] [INFO] [1790649572.513210584] [state_machine_node]: Exit scan deferred: continuing observation-based forward exploration before leaving.
[state_machine_node-24] [INFO] [1790649572.515216464] [state_machine_node]: 탐색 waypoint 중앙 복귀: 측면 이탈 lateral=1.06, 먼 문 waypoint보다 중앙 차선 재진입 우선 (limit=0.80)
[state_machine_node-24] [INFO] [1790649572.516330491] [state_machine_node]: 중앙 복귀 waypoint 계획 요청: explore_recenter_7.2_lat+41 progress=7.25, lateral=0.41, map=(7.25, 0.41)
[state_machine_node-24] [INFO] [1790649572.517679778] [state_machine_node]: State: EXPLORING → EXPLORING_NAVIGATING
[navigation_node-22] [INFO] [1790649572.521828793] [navigation_node]: Navigation goal received: door explore_recenter_7.2_lat+41 (color=explore, frame=map, x=7.25, y=0.41)
[navigation_node-22] [WARN] [1790649572.616931468] [navigation_node]: Adjusted unreachable/occupied navigation goal from (7.25, 0.41, cost=99) to connected free cell (7.78, 0.38, cost=0)
[bt_navigator-17] [INFO] [1790649572.682700330] [bt_navigator]: Begin navigating from current location (6.85, 1.06) to (7.78, 0.38)
[navigation_node-22] [INFO] [1790649572.688560743] [navigation_node]: Navigation goal accepted by Nav2
[controller_server-13] [INFO] [1790649572.884350686] [controller_server]: Received a goal, begin computing control effort.
[door_detection_node-21] [INFO] [1790649573.197607388] [door_detection_node]: Side camera LiDAR range looks too long for the visible door; using visual range (source=front_left, lidar=3.40m, visual=2.41m)
[controller_server-13] [INFO] [1790649574.260258808] [controller_server]: Passing new path to controller.
[controller_server-13] [INFO] [1790649575.510117232] [controller_server]: Passing new path to controller.
[planner_server-15] [INFO] [1790649575.551276743] [global_costmap.global_costmap]: StaticLayer: Resizing static layer to 327 X 84 at 0.050000 m/pix
[cmd_vel_safety_node-6] [WARN] [1790649576.187637593] [cmd_vel_safety_node]: LiDAR collision stop: front=0.47m
[controller_server-13] [INFO] [1790649576.760138176] [controller_server]: Passing new path to controller.
[controller_server-13] [INFO] [1790649578.011114283] [controller_server]: Passing new path to controller.
[controller_server-13] [INFO] [1790649579.385138690] [controller_server]: Passing new path to controller.
[planner_server-15] [INFO] [1790649579.551252004] [global_costmap.global_costmap]: StaticLayer: Resizing static layer to 330 X 84 at 0.050000 m/pix
[controller_server-13] [INFO] [1790649580.635128675] [controller_server]: Passing new path to controller.
[planner_server-15] [INFO] [1790649581.551203588] [global_costmap.global_costmap]: StaticLayer: Resizing static layer to 333 X 84 at 0.050000 m/pix
[controller_server-13] [INFO] [1790649581.885191145] [controller_server]: Passing new path to controller.
[planner_server-15] [INFO] [1790649582.551099458] [global_costmap.global_costmap]: StaticLayer: Resizing static layer to 334 X 84 at 0.050000 m/pix
[door_detection_node-21] [INFO] [1790649583.144740894] [door_detection_node]: Front lateral LiDAR range looks too long for the visible door; using visual range (lidar=3.22m, visual=2.19m)
[door_detection_node-21] [INFO] [1790649583.157838660] [door_detection_node]: YOLO 후보 제외: source=front, edge-clipped bbox=(248,13,319,227)
[controller_server-13] [INFO] [1790649583.260155567] [controller_server]: Passing new path to controller.
[controller_server-13] [INFO] [1790649584.510160108] [controller_server]: Passing new path to controller.
[controller_server-13] [INFO] [1790649585.760150529] [controller_server]: Passing new path to controller.
[planner_server-15] [INFO] [1790649586.551131114] [global_costmap.global_costmap]: StaticLayer: Resizing static layer to 336 X 84 at 0.050000 m/pix
[door_detection_node-21] [INFO] [1790649586.757805812] [door_detection_node]: Front lateral LiDAR range looks too long for the visible door; using visual range (lidar=3.11m, visual=2.24m)
[door_detection_node-21] [INFO] [1790649586.774852805] [door_detection_node]: YOLO 후보 제외: source=front, edge-clipped bbox=(269,17,320,226)
[controller_server-13] [INFO] [1790649587.010236721] [controller_server]: Passing new path to controller.
[controller_server-13] [INFO] [1790649588.385140735] [controller_server]: Passing new path to controller.
[door_detection_node-21] [INFO] [1790649589.284986469] [door_detection_node]: Front lateral LiDAR range looks too long for the visible door; using visual range (lidar=3.08m, visual=2.19m)
[door_detection_node-21] [INFO] [1790649589.299499224] [door_detection_node]: YOLO 후보 제외: source=front, edge-clipped bbox=(258,14,320,228)
[controller_server-13] [INFO] [1790649589.635277958] [controller_server]: Passing new path to controller.
[controller_server-13] [INFO] [1790649590.885101712] [controller_server]: Passing new path to controller.
[door_detection_node-21] [INFO] [1790649592.118679616] [door_detection_node]: Front lateral LiDAR range looks too long for the visible door; using visual range (lidar=2.95m, visual=2.10m)
[controller_server-13] [INFO] [1790649592.135124851] [controller_server]: Passing new path to controller.
[door_detection_node-21] [INFO] [1790649592.141733025] [door_detection_node]: YOLO 후보 제외: source=front, edge-clipped bbox=(264,8,320,231)
[navigation_node-22] [WARN] [1790649592.586511018] [navigation_node]: Robot is 0.34m from explore goal (threshold=0.35m). Treating navigation as succeeded.
[state_machine_node-24] [INFO] [1790649592.588768405] [state_machine_node]: Navigation succeeded.
[bt_navigator-17] [ERROR] [1790649592.704007966] [bt_navigator_navigate_to_pose_rclcpp_node]: Failed to get result for follow_path in node halt!
[bt_navigator-17] [INFO] [1790649592.704223099] [bt_navigator]: [navigate_to_pose] [ActionServer] Client requested to cancel the goal. Cancelling.
[bt_navigator-17] [INFO] [1790649592.704487152] [bt_navigator]: Goal canceled
[state_machine_node-24] [INFO] [1790649592.748337952] [state_machine_node]: 탐색 waypoint 도착. LiDAR+camera 재스캔을 계속합니다.
[state_machine_node-24] [INFO] [1790649592.749208293] [state_machine_node]: 색상 단서 없음. 다음 탐색 waypoint는 중앙 진행축을 유지합니다.
[state_machine_node-24] [INFO] [1790649592.749971613] [state_machine_node]: State: EXPLORING_NAVIGATING → EXPLORING
[controller_server-13] [INFO] [1790649592.760211905] [controller_server]: Goal was canceled. Stopping the robot.
[controller_server-13] [INFO] [1790649592.760298628] [controller_server]: [follow_path] [ActionServer] Client requested to cancel the goal. Cancelling.
[door_detection_node-21] [INFO] [1790649593.326020790] [door_detection_node]: YOLO 후보 제외: source=front_left, far small dist=5.43m, conf=0.27, bbox=(270,64,289,178)
[state_machine_node-24] [INFO] [1790649593.710787162] [state_machine_node]: Explore waypoint reached; holding position for single-side camera/LiDAR side scan.
[state_machine_node-24] [INFO] [1790649598.467159995] [state_machine_node]: Explore waypoint side scan complete.
[state_machine_node-24] [INFO] [1790649598.468119327] [state_machine_node]: 파란 문 후보 없음. 2.0s 동안 정지 스캔 후 관측 기반 waypoint를 계획합니다.
[state_machine_node-24] [INFO] [1790649602.106637115] [state_machine_node]: 탐색 waypoint 계획 요청: explore_waypoint_8.7_lat+0 progress=8.74, lateral=0.00, map=(8.74, -0.00) | 중앙 차선 선택 | 파란 문/전방 장애물/빨간 문 회피 이유 없음, 관측 기반 중앙 진행축 유지 | LiDAR lane clearances: C:y=0.00/clear=1.85, R:y=-0.65/clear=3.20, L:y=0.65/clear=1.84
[state_machine_node-24] [INFO] [1790649602.108241289] [state_machine_node]: State: EXPLORING → EXPLORING_NAVIGATING
[navigation_node-22] [INFO] [1790649602.111209533] [navigation_node]: Navigation goal received: door explore_waypoint_8.7_lat+0 (color=explore, frame=map, x=8.74, y=-0.00)
[bt_navigator-17] [INFO] [1790649602.260674309] [bt_navigator]: Begin navigating from current location (7.54, 0.45) to (8.74, -0.00)
[navigation_node-22] [INFO] [1790649602.262716181] [navigation_node]: Navigation goal accepted by Nav2
[controller_server-13] [INFO] [1790649602.462465759] [controller_server]: Received a goal, begin computing control effort.
[cmd_vel_safety_node-6] [WARN] [1790649603.537764010] [cmd_vel_safety_node]: LiDAR collision stop: front=0.40m, turn_clearance=0.32m
[controller_server-13] [INFO] [1790649603.838474113] [controller_server]: Passing new path to controller.
[controller_server-13] [WARN] [1790649604.600861253] [controller_server]: No valid trajectories out of 335! 
[controller_server-13] [INFO] [1790649605.088455520] [controller_server]: Passing new path to controller.
[cmd_vel_safety_node-6] [WARN] [1790649605.387223439] [cmd_vel_safety_node]: LiDAR collision stop: front=0.47m
[controller_server-13] [INFO] [1790649606.463392273] [controller_server]: Passing new path to controller.
[controller_server-13] [INFO] [1790649607.713447713] [controller_server]: Passing new path to controller.
[door_detection_node-21] [INFO] [1790649607.870112572] [door_detection_node]: YOLO 후보 제외: source=front, edge-clipped bbox=(0,57,27,186)
[controller_server-13] [INFO] [1790649608.963446212] [controller_server]: Passing new path to controller.
[controller_server-13] [INFO] [1790649610.338428596] [controller_server]: Passing new path to controller.
[door_detection_node-21] [INFO] [1790649611.309228413] [door_detection_node]: Side camera LiDAR range looks occluded; using visual range instead (source=front_left, lidar=1.47m, visual=3.87m)
[controller_server-13] [INFO] [1790649611.463516649] [controller_server]: Passing new path to controller.
[controller_server-13] [INFO] [1790649612.838460003] [controller_server]: Passing new path to controller.
[navigation_node-22] [WARN] [1790649613.864231749] [navigation_node]: Robot is 0.35m from explore goal (threshold=0.35m). Treating navigation as succeeded.
[state_machine_node-24] [INFO] [1790649613.866062078] [state_machine_node]: Navigation succeeded.
[controller_server-13] [INFO] [1790649613.964115242] [controller_server]: Goal was canceled. Stopping the robot.
[controller_server-13] [INFO] [1790649613.964330245] [controller_server]: [follow_path] [ActionServer] Client requested to cancel the goal. Cancelling.
[bt_navigator-17] [INFO] [1790649613.964765352] [bt_navigator]: [navigate_to_pose] [ActionServer] Client requested to cancel the goal. Cancelling.
[bt_navigator-17] [INFO] [1790649613.965016589] [bt_navigator]: Goal canceled
[state_machine_node-24] [INFO] [1790649614.143163614] [state_machine_node]: 탐색 waypoint 도착. LiDAR+camera 재스캔을 계속합니다.
[state_machine_node-24] [INFO] [1790649614.143986694] [state_machine_node]: 색상 단서 없음. 다음 탐색 waypoint는 중앙 진행축을 유지합니다.
[state_machine_node-24] [INFO] [1790649614.144811946] [state_machine_node]: State: EXPLORING_NAVIGATING → EXPLORING
[planner_server-15] [INFO] [1790649614.551547522] [global_costmap.global_costmap]: StaticLayer: Resizing static layer to 357 X 84 at 0.050000 m/pix
[door_detection_node-21] [INFO] [1790649614.951450603] [door_detection_node]: Side camera LiDAR range looks occluded; using visual range instead (source=front_left, lidar=1.18m, visual=3.71m)
[state_machine_node-24] [INFO] [1790649615.023611590] [state_machine_node]: Explore waypoint reached; holding position for single-side camera/LiDAR side scan.
[planner_server-15] [INFO] [1790649616.551222008] [global_costmap.global_costmap]: StaticLayer: Resizing static layer to 358 X 84 at 0.050000 m/pix
[door_detection_node-21] [INFO] [1790649618.850862443] [door_detection_node]: Side camera LiDAR range looks occluded; using visual range instead (source=front_left, lidar=1.20m, visual=3.44m)
[state_machine_node-24] [INFO] [1790649619.552358447] [state_machine_node]: Explore waypoint side scan complete.
[state_machine_node-24] [INFO] [1790649619.553343652] [state_machine_node]: 파란 문 후보 없음. 2.0s 동안 정지 스캔 후 관측 기반 waypoint를 계획합니다.
[state_machine_node-24] [INFO] [1790649622.988602585] [state_machine_node]: 탐색 waypoint 계획 요청: explore_waypoint_9.7_lat-51 progress=9.68, lateral=-0.51, map=(9.68, -0.51) | 우측 차선 선택 | 전방 좌측 장애물 0.90m (lateral=0.56m) → 우측 차선 우선 | LiDAR lane scores: R:y=-0.65/clear=2.86/score=7.07, C:y=0.00/clear=2.92/score=1.94, L:y=0.65/clear=0.98/score=-0.70 | 좌우 이동량 제한 -0.79m→-0.65m
[state_machine_node-24] [INFO] [1790649622.989517709] [state_machine_node]: State: EXPLORING → EXPLORING_NAVIGATING
[navigation_node-22] [INFO] [1790649622.992649477] [navigation_node]: Navigation goal received: door explore_waypoint_9.7_lat-51 (color=explore, frame=map, x=9.68, y=-0.51)
[bt_navigator-17] [INFO] [1790649623.130607923] [bt_navigator]: Begin navigating from current location (8.48, 0.14) to (9.68, -0.51)
[navigation_node-22] [INFO] [1790649623.134175644] [navigation_node]: Navigation goal accepted by Nav2
[controller_server-13] [INFO] [1790649623.332126525] [controller_server]: Received a goal, begin computing control effort.
[controller_server-13] [INFO] [1790649624.582845241] [controller_server]: Passing new path to controller.
[controller_server-13] [INFO] [1790649625.832805367] [controller_server]: Passing new path to controller.
[door_detection_node-21] [INFO] [1790649626.955690939] [door_detection_node]: Side camera LiDAR range looks occluded; using visual range instead (source=front_left, lidar=1.24m, visual=3.71m)
[controller_server-13] [INFO] [1790649627.207831229] [controller_server]: Passing new path to controller.
[controller_server-13] [INFO] [1790649628.457817346] [controller_server]: Passing new path to controller.
[planner_server-15] [INFO] [1790649628.551155438] [global_costmap.global_costmap]: StaticLayer: Resizing static layer to 361 X 84 at 0.050000 m/pix
[planner_server-15] [INFO] [1790649629.551144926] [global_costmap.global_costmap]: StaticLayer: Resizing static layer to 362 X 84 at 0.050000 m/pix
[controller_server-13] [INFO] [1790649629.832839972] [controller_server]: Passing new path to controller.
[planner_server-15] [INFO] [1790649630.551105807] [global_costmap.global_costmap]: StaticLayer: Resizing static layer to 369 X 84 at 0.050000 m/pix
[controller_server-13] [INFO] [1790649630.957855313] [controller_server]: Passing new path to controller.
[controller_server-13] [INFO] [1790649632.332819525] [controller_server]: Passing new path to controller.
[planner_server-15] [INFO] [1790649632.551184938] [global_costmap.global_costmap]: StaticLayer: Resizing static layer to 374 X 84 at 0.050000 m/pix
[navigation_node-22] [WARN] [1790649633.534196809] [navigation_node]: Robot is 0.35m from explore goal (threshold=0.35m). Treating navigation as succeeded.
[state_machine_node-24] [INFO] [1790649633.535571533] [state_machine_node]: Navigation succeeded.
[planner_server-15] [INFO] [1790649633.551163893] [global_costmap.global_costmap]: StaticLayer: Resizing static layer to 376 X 84 at 0.050000 m/pix
[controller_server-13] [INFO] [1790649633.582816337] [controller_server]: Passing new path to controller.
[bt_navigator-17] [ERROR] [1790649633.651746008] [bt_navigator_navigate_to_pose_rclcpp_node]: Failed to get result for follow_path in node halt!
[bt_navigator-17] [INFO] [1790649633.651939740] [bt_navigator]: [navigate_to_pose] [ActionServer] Client requested to cancel the goal. Cancelling.
[bt_navigator-17] [INFO] [1790649633.652099790] [bt_navigator]: Goal canceled
[state_machine_node-24] [INFO] [1790649633.677606132] [state_machine_node]: 탐색 waypoint 도착. LiDAR+camera 재스캔을 계속합니다.
[state_machine_node-24] [INFO] [1790649633.678323668] [state_machine_node]: 색상 단서 없음. 다음 탐색 waypoint는 중앙 진행축을 유지합니다.
[state_machine_node-24] [INFO] [1790649633.678947390] [state_machine_node]: State: EXPLORING_NAVIGATING → EXPLORING
[controller_server-13] [INFO] [1790649633.707839921] [controller_server]: Goal was canceled. Stopping the robot.
[controller_server-13] [INFO] [1790649633.707926299] [controller_server]: [follow_path] [ActionServer] Client requested to cancel the goal. Cancelling.
[state_machine_node-24] [INFO] [1790649634.539893666] [state_machine_node]: Explore waypoint reached; holding position for single-side camera/LiDAR side scan.
[planner_server-15] [INFO] [1790649636.551256350] [global_costmap.global_costmap]: StaticLayer: Resizing static layer to 380 X 84 at 0.050000 m/pix
[state_machine_node-24] [INFO] [1790649638.993991573] [state_machine_node]: Explore waypoint side scan complete.
[state_machine_node-24] [INFO] [1790649638.994718937] [state_machine_node]: 파란 문 후보 없음. 2.0s 동안 정지 스캔 후 관측 기반 waypoint를 계획합니다.
[door_detection_node-21] [INFO] [1790649640.762340003] [door_detection_node]: YOLO 후보 제외: source=front_left, edge-clipped bbox=(0,54,38,182)
[state_machine_node-24] [INFO] [1790649642.402696293] [state_machine_node]: 탐색 waypoint 계획 요청: explore_waypoint_10.6_lat+0 progress=10.57, lateral=0.00, map=(10.57, -0.00) | 중앙 차선 선택 | 파란 문/전방 장애물/빨간 문 회피 이유 없음, 관측 기반 중앙 진행축 유지 | LiDAR lane clearances: C:y=0.00/clear=2.06, R:y=-0.65/clear=2.02, L:y=0.65/clear=3.20
[state_machine_node-24] [INFO] [1790649642.403645460] [state_machine_node]: State: EXPLORING → EXPLORING_NAVIGATING
[navigation_node-22] [INFO] [1790649642.408210238] [navigation_node]: Navigation goal received: door explore_waypoint_10.6_lat+0 (color=explore, frame=map, x=10.57, y=-0.00)
[bt_navigator-17] [INFO] [1790649642.541491499] [bt_navigator]: Begin navigating from current location (9.37, -0.60) to (10.57, -0.00)
[navigation_node-22] [INFO] [1790649642.545687288] [navigation_node]: Navigation goal accepted by Nav2
[controller_server-13] [INFO] [1790649642.742855117] [controller_server]: Received a goal, begin computing control effort.
[controller_server-13] [INFO] [1790649644.118631345] [controller_server]: Passing new path to controller.
[door_detection_node-21] [INFO] [1790649644.167021097] [door_detection_node]: YOLO 후보 제외: source=front_left, edge-clipped bbox=(0,53,38,182)
[controller_server-13] [INFO] [1790649645.368578615] [controller_server]: Passing new path to controller.
[controller_server-13] [INFO] [1790649646.618569644] [controller_server]: Passing new path to controller.
[door_detection_node-21] [INFO] [1790649647.042065928] [door_detection_node]: Front lateral LiDAR range looks too long for the visible door; using visual range (lidar=3.96m, visual=3.10m)
[controller_server-13] [INFO] [1790649647.868531040] [controller_server]: Passing new path to controller.
[planner_server-15] [INFO] [1790649648.551284843] [global_costmap.global_costmap]: StaticLayer: Resizing static layer to 390 X 84 at 0.050000 m/pix
[controller_server-13] [INFO] [1790649649.243549208] [controller_server]: Passing new path to controller.
[planner_server-15] [INFO] [1790649649.551161940] [global_costmap.global_costmap]: StaticLayer: Resizing static layer to 393 X 84 at 0.050000 m/pix
[door_detection_node-21] [INFO] [1790649650.010165307] [door_detection_node]: Front lateral LiDAR range looks too long for the visible door; using visual range (lidar=3.30m, visual=2.52m)
[controller_server-13] [INFO] [1790649650.493547163] [controller_server]: Passing new path to controller.
[navigation_node-22] [WARN] [1790649651.545486910] [navigation_node]: Robot is 0.34m from explore goal (threshold=0.35m). Treating navigation as succeeded.
[state_machine_node-24] [INFO] [1790649651.548444186] [state_machine_node]: Navigation succeeded.
[bt_navigator-17] [ERROR] [1790649651.662704759] [bt_navigator_navigate_to_pose_rclcpp_node]: Failed to get result for follow_path in node halt!
[bt_navigator-17] [INFO] [1790649651.663001398] [bt_navigator]: [navigate_to_pose] [ActionServer] Client requested to cancel the goal. Cancelling.
[bt_navigator-17] [INFO] [1790649651.663453030] [bt_navigator]: Goal canceled
[controller_server-13] [INFO] [1790649651.743566728] [controller_server]: Goal was canceled. Stopping the robot.
[controller_server-13] [INFO] [1790649651.743670930] [controller_server]: [follow_path] [ActionServer] Client requested to cancel the goal. Cancelling.
[state_machine_node-24] [INFO] [1790649651.900745031] [state_machine_node]: 탐색 waypoint 도착. LiDAR+camera 재스캔을 계속합니다.
[state_machine_node-24] [INFO] [1790649651.901637634] [state_machine_node]: 색상 단서 없음. 다음 탐색 waypoint는 중앙 진행축을 유지합니다.
[state_machine_node-24] [INFO] [1790649651.902357648] [state_machine_node]: State: EXPLORING_NAVIGATING → EXPLORING
[planner_server-15] [INFO] [1790649652.551120049] [global_costmap.global_costmap]: StaticLayer: Resizing static layer to 394 X 84 at 0.050000 m/pix
[state_machine_node-24] [INFO] [1790649652.713321109] [state_machine_node]: Explore waypoint reached; holding position for single-side camera/LiDAR side scan.
[door_detection_node-21] [INFO] [1790649653.635828204] [door_detection_node]: Front lateral LiDAR range looks too long for the visible door; using visual range (lidar=3.34m, visual=2.25m)
[planner_server-15] [INFO] [1790649654.551429858] [global_costmap.global_costmap]: StaticLayer: Resizing static layer to 395 X 84 at 0.050000 m/pix
[door_detection_node-21] [INFO] [1790649655.271280344] [door_detection_node]: Side camera LiDAR range looks too long for the visible door; using visual range (source=front_left, lidar=3.36m, visual=2.38m)
[state_machine_node-24] [INFO] [1790649656.980861913] [state_machine_node]: Explore waypoint side scan complete.
[state_machine_node-24] [INFO] [1790649656.981733558] [state_machine_node]: 파란 문 후보 없음. 2.0s 동안 정지 스캔 후 관측 기반 waypoint를 계획합니다.
[planner_server-15] [INFO] [1790649657.551304930] [global_costmap.global_costmap]: StaticLayer: Resizing static layer to 396 X 84 at 0.050000 m/pix
[state_machine_node-24] [INFO] [1790649660.269042572] [state_machine_node]: 탐색 waypoint 계획 요청: explore_waypoint_10.8_lat+65 progress=10.79, lateral=0.65, map=(10.79, 0.65) | 좌측 차선 선택 | 전방 우측 장애물 1.02m (lateral=-0.48m) → 좌측 차선 우선 | LiDAR lane scores: L:y=0.65/clear=3.20/score=7.41, C:y=0.00/clear=1.02/score=-0.52, R:y=-0.65/clear=1.02/score=-0.37 | direct front obstacle: full lane change allowed | 큰 차선 변경은 probe waypoint 0.45m로 먼저 검증
[state_machine_node-24] [INFO] [1790649660.269714782] [state_machine_node]: State: EXPLORING → EXPLORING_NAVIGATING
[navigation_node-22] [INFO] [1790649660.272284083] [navigation_node]: Navigation goal received: door explore_waypoint_10.8_lat+65 (color=explore, frame=map, x=10.79, y=0.65)
[bt_navigator-17] [INFO] [1790649660.407382125] [bt_navigator]: Begin navigating from current location (10.34, -0.07) to (10.79, 0.65)
[navigation_node-22] [INFO] [1790649660.412074991] [navigation_node]: Navigation goal accepted by Nav2
[controller_server-13] [INFO] [1790649660.608514250] [controller_server]: Received a goal, begin computing control effort.
[controller_server-13] [INFO] [1790649661.984056709] [controller_server]: Passing new path to controller.
[controller_server-13] [INFO] [1790649663.234556499] [controller_server]: Passing new path to controller.
[planner_server-15] [INFO] [1790649664.551141799] [global_costmap.global_costmap]: StaticLayer: Resizing static layer to 397 X 84 at 0.050000 m/pix
[controller_server-13] [INFO] [1790649664.609077788] [controller_server]: Passing new path to controller.
[door_detection_node-21] [INFO] [1790649665.244503607] [door_detection_node]: Front lateral LiDAR range looks too long for the visible door; using visual range (lidar=2.91m, visual=2.19m)
[door_detection_node-21] [INFO] [1790649665.251950914] [door_detection_node]: YOLO 후보 제외: source=front, edge-clipped bbox=(0,13,43,227)
[controller_server-13] [INFO] [1790649665.859081583] [controller_server]: Passing new path to controller.
[planner_server-15] [INFO] [1790649666.551161206] [global_costmap.global_costmap]: StaticLayer: Resizing static layer to 398 X 84 at 0.050000 m/pix
[controller_server-13] [INFO] [1790649667.109271352] [controller_server]: Passing new path to controller.
[planner_server-15] [INFO] [1790649667.551235409] [global_costmap.global_costmap]: StaticLayer: Resizing static layer to 401 X 84 at 0.050000 m/pix
[door_detection_node-21] [INFO] [1790649668.267465872] [door_detection_node]: YOLO 후보 제외: source=front_right, far small dist=6.85m, conf=0.29, bbox=(144,76,162,162)
[controller_server-13] [INFO] [1790649668.484096697] [controller_server]: Passing new path to controller.
[planner_server-15] [INFO] [1790649668.551149814] [global_costmap.global_costmap]: StaticLayer: Resizing static layer to 403 X 84 at 0.050000 m/pix
[planner_server-15] [INFO] [1790649669.551239666] [global_costmap.global_costmap]: StaticLayer: Resizing static layer to 405 X 84 at 0.050000 m/pix
[door_detection_node-21] [INFO] [1790649669.666416471] [door_detection_node]: Side camera LiDAR range looks occluded; using visual range instead (source=front_left, lidar=0.83m, visual=4.22m)
[controller_server-13] [INFO] [1790649669.734072582] [controller_server]: Passing new path to controller.
[navigation_node-22] [WARN] [1790649670.410046651] [navigation_node]: Robot is 0.35m from explore goal (threshold=0.35m). Treating navigation as succeeded.
[state_machine_node-24] [INFO] [1790649670.413207061] [state_machine_node]: Navigation succeeded.
[bt_navigator-17] [ERROR] [1790649670.528701547] [bt_navigator_navigate_to_pose_rclcpp_node]: Failed to get result for follow_path in node halt!
[bt_navigator-17] [INFO] [1790649670.528981575] [bt_navigator]: [navigate_to_pose] [ActionServer] Client requested to cancel the goal. Cancelling.
[bt_navigator-17] [INFO] [1790649670.529526991] [bt_navigator]: Goal canceled
[controller_server-13] [INFO] [1790649670.609061941] [controller_server]: Goal was canceled. Stopping the robot.
[controller_server-13] [INFO] [1790649670.609153027] [controller_server]: [follow_path] [ActionServer] Client requested to cancel the goal. Cancelling.
[door_detection_node-21] [INFO] [1790649670.839337318] [door_detection_node]: YOLO 후보 제외: source=front, edge-clipped bbox=(257,0,319,240)
[state_machine_node-24] [INFO] [1790649671.111698812] [state_machine_node]: 탐색 waypoint 도착. LiDAR+camera 재스캔을 계속합니다.
[state_machine_node-24] [INFO] [1790649671.113762415] [state_machine_node]: 색상 단서 없음. 다음 탐색 waypoint는 중앙 진행축을 유지합니다.
[state_machine_node-24] [INFO] [1790649671.114546743] [state_machine_node]: State: EXPLORING_NAVIGATING → EXPLORING
[planner_server-15] [INFO] [1790649671.551121077] [global_costmap.global_costmap]: StaticLayer: Resizing static layer to 408 X 84 at 0.050000 m/pix
[state_machine_node-24] [INFO] [1790649671.920253764] [state_machine_node]: Explore waypoint reached; holding position for single-side camera/LiDAR side scan.
[state_machine_node-24] [INFO] [1790649676.093640306] [state_machine_node]: Explore waypoint side scan complete.
[state_machine_node-24] [INFO] [1790649676.094304569] [state_machine_node]: 파란 문 후보 없음. 2.0s 동안 정지 스캔 후 관측 기반 waypoint를 계획합니다.
[door_detection_node-21] [INFO] [1790649676.643162431] [door_detection_node]: YOLO 후보 제외: source=front, far small dist=4.59m, conf=0.23, bbox=(7,66,26,168)
[door_detection_node-21] [INFO] [1790649677.120105828] [door_detection_node]: Side camera LiDAR range looks too long for the visible door; using visual range (source=front_left, lidar=2.91m, visual=2.03m)
[state_machine_node-24] [INFO] [1790649679.328732267] [state_machine_node]: Exit scan deferred: continuing observation-based forward exploration before leaving.
[state_machine_node-24] [INFO] [1790649679.343430107] [state_machine_node]: 탐색 waypoint 계획 요청: explore_waypoint_12.2_lat+65 progress=12.21, lateral=0.65, map=(12.21, 0.65) | 좌측 차선 선택 | LiDAR 좌측 여유 공간 우선 (3.40m) | LiDAR lane scores: C:y=0.00/clear=0.96/score=-0.31, L:y=0.65/clear=3.20/score=4.34, R:y=-0.65/clear=0.96/score=-0.75
[state_machine_node-24] [INFO] [1790649679.344805759] [state_machine_node]: State: EXPLORING → EXPLORING_NAVIGATING
[navigation_node-22] [INFO] [1790649679.349721120] [navigation_node]: Navigation goal received: door explore_waypoint_12.2_lat+65 (color=explore, frame=map, x=12.21, y=0.65)
[bt_navigator-17] [INFO] [1790649679.490402422] [bt_navigator]: Begin navigating from current location (11.01, 0.39) to (12.21, 0.65)
[navigation_node-22] [INFO] [1790649679.495693488] [navigation_node]: Navigation goal accepted by Nav2
[controller_server-13] [INFO] [1790649679.691709584] [controller_server]: Received a goal, begin computing control effort.
[door_detection_node-21] [INFO] [1790649680.353278427] [door_detection_node]: Side camera LiDAR range looks too long for the visible door; using visual range (source=front_left, lidar=2.89m, visual=2.03m)
[controller_server-13] [INFO] [1790649681.072677488] [controller_server]: Passing new path to controller.
[controller_server-13] [INFO] [1790649682.317542302] [controller_server]: Passing new path to controller.
[controller_server-13] [INFO] [1790649683.692478061] [controller_server]: Passing new path to controller.
[controller_server-13] [INFO] [1790649684.943397344] [controller_server]: Passing new path to controller.
[planner_server-15] [INFO] [1790649685.551494614] [global_costmap.global_costmap]: StaticLayer: Resizing static layer to 410 X 84 at 0.050000 m/pix
[door_detection_node-21] [INFO] [1790649686.083144922] [door_detection_node]: YOLO 후보 제외: source=front_right, far small dist=5.61m, conf=0.23, bbox=(204,73,223,167)
[controller_server-13] [INFO] [1790649686.192504064] [controller_server]: Passing new path to controller.
[controller_server-13] [INFO] [1790649687.567541727] [controller_server]: Passing new path to controller.
[planner_server-15] [INFO] [1790649688.552088487] [global_costmap.global_costmap]: StaticLayer: Resizing static layer to 411 X 84 at 0.050000 m/pix
[controller_server-13] [INFO] [1790649688.817518723] [controller_server]: Passing new path to controller.
[planner_server-15] [INFO] [1790649689.551134052] [global_costmap.global_costmap]: StaticLayer: Resizing static layer to 415 X 84 at 0.050000 m/pix
[controller_server-13] [INFO] [1790649690.192735722] [controller_server]: Passing new path to controller.
[planner_server-15] [INFO] [1790649690.551177319] [global_costmap.global_costmap]: StaticLayer: Resizing static layer to 419 X 84 at 0.050000 m/pix
[door_detection_node-21] [INFO] [1790649691.211975615] [door_detection_node]: YOLO 후보 제외: source=front, far small dist=7.43m, conf=0.21, bbox=(212,90,248,153)
[door_detection_node-21] [INFO] [1790649691.215249924] [door_detection_node]: YOLO 후보 제외: source=front, edge-clipped bbox=(0,0,56,240)
[controller_server-13] [INFO] [1790649691.317486765] [controller_server]: Passing new path to controller.
[planner_server-15] [INFO] [1790649691.551212922] [global_costmap.global_costmap]: StaticLayer: Resizing static layer to 422 X 84 at 0.050000 m/pix
[planner_server-15] [INFO] [1790649692.551160280] [global_costmap.global_costmap]: StaticLayer: Resizing static layer to 429 X 84 at 0.050000 m/pix
[controller_server-13] [INFO] [1790649692.692517871] [controller_server]: Passing new path to controller.
[navigation_node-22] [WARN] [1790649693.393452630] [navigation_node]: Robot is 0.35m from explore goal (threshold=0.35m). Treating navigation as succeeded.
[state_machine_node-24] [INFO] [1790649693.395340152] [state_machine_node]: Navigation succeeded.
[bt_navigator-17] [ERROR] [1790649693.512030069] [bt_navigator_navigate_to_pose_rclcpp_node]: Failed to get result for follow_path in node halt!
[bt_navigator-17] [INFO] [1790649693.512277338] [bt_navigator]: [navigate_to_pose] [ActionServer] Client requested to cancel the goal. Cancelling.
[bt_navigator-17] [INFO] [1790649693.512611452] [bt_navigator]: Goal canceled
[planner_server-15] [INFO] [1790649693.551234206] [global_costmap.global_costmap]: StaticLayer: Resizing static layer to 431 X 84 at 0.050000 m/pix
[controller_server-13] [INFO] [1790649693.567474632] [controller_server]: Goal was canceled. Stopping the robot.
[controller_server-13] [INFO] [1790649693.567564170] [controller_server]: [follow_path] [ActionServer] Client requested to cancel the goal. Cancelling.
[state_machine_node-24] [INFO] [1790649693.882532548] [state_machine_node]: 탐색 waypoint 도착. LiDAR+camera 재스캔을 계속합니다.
[state_machine_node-24] [INFO] [1790649693.883158300] [state_machine_node]: 색상 단서 없음. 다음 탐색 waypoint는 중앙 진행축을 유지합니다.
[state_machine_node-24] [INFO] [1790649693.883708949] [state_machine_node]: State: EXPLORING_NAVIGATING → EXPLORING
[state_machine_node-24] [INFO] [1790649694.714214266] [state_machine_node]: Explore waypoint reached; holding position for single-side camera/LiDAR side scan.
[state_machine_node-24] [INFO] [1790649698.984081225] [state_machine_node]: Explore waypoint side scan complete.
[state_machine_node-24] [INFO] [1790649698.985024930] [state_machine_node]: 파란 문 후보 없음. 2.0s 동안 정지 스캔 후 관측 기반 waypoint를 계획합니다.
[state_machine_node-24] [INFO] [1790649702.329577004] [state_machine_node]: 탐색 waypoint 계획 요청: explore_waypoint_13.1_lat+13 progress=13.11, lateral=0.13, map=(13.11, 0.13) | 중앙 차선 선택 | 파란 문/전방 장애물/빨간 문 회피 이유 없음, 관측 기반 중앙 진행축 유지 | LiDAR lane clearances: C:y=0.00/clear=2.37, L:y=0.65/clear=2.37, R:y=-0.65/clear=1.90 | 좌우 이동량 제한 -0.78m→-0.65m
[state_machine_node-24] [INFO] [1790649702.330079282] [state_machine_node]: State: EXPLORING → EXPLORING_NAVIGATING
[navigation_node-22] [INFO] [1790649702.332935708] [navigation_node]: Navigation goal received: door explore_waypoint_13.1_lat+13 (color=explore, frame=map, x=13.11, y=0.13)
[bt_navigator-17] [INFO] [1790649702.464440158] [bt_navigator]: Begin navigating from current location (11.91, 0.78) to (13.11, 0.13)
[navigation_node-22] [INFO] [1790649702.469519846] [navigation_node]: Navigation goal accepted by Nav2
[controller_server-13] [INFO] [1790649702.667281577] [controller_server]: Received a goal, begin computing control effort.
[controller_server-13] [INFO] [1790649704.042882633] [controller_server]: Passing new path to controller.
[controller_server-13] [INFO] [1790649705.292938661] [controller_server]: Passing new path to controller.
[controller_server-13] [INFO] [1790649706.667907043] [controller_server]: Passing new path to controller.
[door_detection_node-21] [INFO] [1790649706.677791762] [door_detection_node]: YOLO 후보 제외: source=front_left, edge-clipped bbox=(0,0,66,240)
[planner_server-15] [INFO] [1790649707.551217769] [global_costmap.global_costmap]: StaticLayer: Resizing static layer to 433 X 84 at 0.050000 m/pix
[controller_server-13] [INFO] [1790649707.917943860] [controller_server]: Passing new path to controller.
[door_detection_node-21] [INFO] [1790649708.304546386] [door_detection_node]: YOLO 후보 제외: source=front, far small dist=8.07m, conf=0.21, bbox=(32,85,78,143)
[planner_server-15] [INFO] [1790649708.551140502] [global_costmap.global_costmap]: StaticLayer: Resizing static layer to 434 X 84 at 0.050000 m/pix
[controller_server-13] [INFO] [1790649709.167889730] [controller_server]: Passing new path to controller.
[planner_server-15] [INFO] [1790649709.551178267] [global_costmap.global_costmap]: StaticLayer: Resizing static layer to 437 X 84 at 0.050000 m/pix
[controller_server-13] [INFO] [1790649710.418751995] [controller_server]: Passing new path to controller.
[planner_server-15] [INFO] [1790649710.551141135] [global_costmap.global_costmap]: StaticLayer: Resizing static layer to 439 X 84 at 0.050000 m/pix
[planner_server-15] [INFO] [1790649711.551204811] [global_costmap.global_costmap]: StaticLayer: Resizing static layer to 443 X 84 at 0.050000 m/pix
[navigation_node-22] [WARN] [1790649711.667381735] [navigation_node]: Robot is 0.35m from explore goal (threshold=0.35m). Treating navigation as succeeded.
[controller_server-13] [INFO] [1790649711.667880906] [controller_server]: Passing new path to controller.
[state_machine_node-24] [INFO] [1790649711.669500244] [state_machine_node]: Navigation succeeded.
[bt_navigator-17] [ERROR] [1790649711.785585255] [bt_navigator_navigate_to_pose_rclcpp_node]: Failed to get result for follow_path in node halt!
[bt_navigator-17] [INFO] [1790649711.785792636] [bt_navigator]: [navigate_to_pose] [ActionServer] Client requested to cancel the goal. Cancelling.
[bt_navigator-17] [INFO] [1790649711.786079482] [bt_navigator]: Goal canceled
[controller_server-13] [INFO] [1790649711.792898031] [controller_server]: Goal was canceled. Stopping the robot.
[controller_server-13] [INFO] [1790649711.793069428] [controller_server]: [follow_path] [ActionServer] Client requested to cancel the goal. Cancelling.
[state_machine_node-24] [INFO] [1790649711.847191942] [state_machine_node]: 탐색 waypoint 도착. LiDAR+camera 재스캔을 계속합니다.
[state_machine_node-24] [INFO] [1790649711.847767898] [state_machine_node]: 색상 단서 없음. 다음 탐색 waypoint는 중앙 진행축을 유지합니다.
[state_machine_node-24] [INFO] [1790649711.848391952] [state_machine_node]: State: EXPLORING_NAVIGATING → EXPLORING
[planner_server-15] [INFO] [1790649712.551217511] [global_costmap.global_costmap]: StaticLayer: Resizing static layer to 446 X 84 at 0.050000 m/pix
[state_machine_node-24] [INFO] [1790649712.699843089] [state_machine_node]: Explore waypoint reached; holding position for single-side camera/LiDAR side scan.
[planner_server-15] [INFO] [1790649713.551293679] [global_costmap.global_costmap]: StaticLayer: Resizing static layer to 448 X 84 at 0.050000 m/pix
[state_machine_node-24] [INFO] [1790649716.998122300] [state_machine_node]: Explore waypoint side scan complete.
[state_machine_node-24] [INFO] [1790649716.998935667] [state_machine_node]: 파란 문 후보 없음. 2.0s 동안 정지 스캔 후 관측 기반 waypoint를 계획합니다.
[door_detection_node-21] [INFO] [1790649718.339101907] [door_detection_node]: Side camera visual fallback rejected (source=front_right, lidar=1.64m, visual=5.14m > 4.50m)
[state_machine_node-24] [INFO] [1790649720.376910478] [state_machine_node]: 탐색 waypoint 계획 요청: explore_waypoint_13.8_lat+65 progress=13.82, lateral=0.65, map=(13.82, 0.65) | 좌측 차선 선택 | 전방 우측 장애물 1.36m (lateral=-0.11m) → 좌측 차선 우선 | LiDAR lane scores: L:y=0.65/clear=1.44/score=4.56, C:y=0.00/clear=1.36/score=0.53, R:y=-0.65/clear=0.98/score=0.39 | 가까운 장애물 감지, 우회 차선 우선 | 근접 장애물 여유 1.44m, waypoint 전진거리 0.99m로 축소
[state_machine_node-24] [INFO] [1790649720.377498203] [state_machine_node]: State: EXPLORING → EXPLORING_NAVIGATING
[navigation_node-22] [INFO] [1790649720.379737306] [navigation_node]: Navigation goal received: door explore_waypoint_13.8_lat+65 (color=explore, frame=map, x=13.82, y=0.65)
[bt_navigator-17] [INFO] [1790649720.514561831] [bt_navigator]: Begin navigating from current location (12.84, 0.12) to (13.82, 0.65)
[navigation_node-22] [INFO] [1790649720.519403808] [navigation_node]: Navigation goal accepted by Nav2
[controller_server-13] [INFO] [1790649720.715802142] [controller_server]: Received a goal, begin computing control effort.
[door_detection_node-21] [INFO] [1790649721.992928206] [door_detection_node]: Side camera visual fallback rejected (source=front_right, lidar=1.68m, visual=5.14m > 4.50m)
[controller_server-13] [INFO] [1790649722.091474506] [controller_server]: Passing new path to controller.
[controller_server-13] [INFO] [1790649723.341440577] [controller_server]: Passing new path to controller.
[planner_server-15] [INFO] [1790649723.551163081] [global_costmap.global_costmap]: StaticLayer: Resizing static layer to 449 X 84 at 0.050000 m/pix
[planner_server-15] [INFO] [1790649724.551241382] [global_costmap.global_costmap]: StaticLayer: Resizing static layer to 451 X 84 at 0.050000 m/pix
[controller_server-13] [INFO] [1790649724.591476789] [controller_server]: Passing new path to controller.
[planner_server-15] [INFO] [1790649725.551166902] [global_costmap.global_costmap]: StaticLayer: Resizing static layer to 452 X 84 at 0.050000 m/pix
[controller_server-13] [INFO] [1790649725.841484242] [controller_server]: Passing new path to controller.
[planner_server-15] [INFO] [1790649726.551714683] [global_costmap.global_costmap]: StaticLayer: Resizing static layer to 453 X 84 at 0.050000 m/pix
[controller_server-13] [INFO] [1790649727.216440890] [controller_server]: Passing new path to controller.
[planner_server-15] [INFO] [1790649727.551409587] [global_costmap.global_costmap]: StaticLayer: Resizing static layer to 456 X 84 at 0.050000 m/pix
[controller_server-13] [INFO] [1790649728.466442187] [controller_server]: Passing new path to controller.
[planner_server-15] [INFO] [1790649728.551259706] [global_costmap.global_costmap]: StaticLayer: Resizing static layer to 464 X 84 at 0.050000 m/pix
[navigation_node-22] [WARN] [1790649729.017368535] [navigation_node]: Robot is 0.35m from explore goal (threshold=0.35m). Treating navigation as succeeded.
[state_machine_node-24] [INFO] [1790649729.019139359] [state_machine_node]: Navigation succeeded.
[state_machine_node-24] [INFO] [1790649729.050497772] [state_machine_node]: 탐색 waypoint 도착. LiDAR+camera 재스캔을 계속합니다.
[state_machine_node-24] [INFO] [1790649729.050921697] [state_machine_node]: 색상 단서 없음. 다음 탐색 waypoint는 중앙 진행축을 유지합니다.
[state_machine_node-24] [INFO] [1790649729.051331854] [state_machine_node]: State: EXPLORING_NAVIGATING → EXPLORING
[bt_navigator-17] [ERROR] [1790649729.136241294] [bt_navigator_navigate_to_pose_rclcpp_node]: Failed to get result for follow_path in node halt!
[bt_navigator-17] [INFO] [1790649729.136510615] [bt_navigator]: [navigate_to_pose] [ActionServer] Client requested to cancel the goal. Cancelling.
[bt_navigator-17] [INFO] [1790649729.137055685] [bt_navigator]: Goal canceled
[controller_server-13] [INFO] [1790649729.216426969] [controller_server]: Goal was canceled. Stopping the robot.
[controller_server-13] [INFO] [1790649729.216506700] [controller_server]: [follow_path] [ActionServer] Client requested to cancel the goal. Cancelling.
[state_machine_node-24] [INFO] [1790649729.908836829] [state_machine_node]: Explore waypoint reached; holding position for single-side camera/LiDAR side scan.
[door_detection_node-21] [INFO] [1790649731.403443428] [door_detection_node]: YOLO 후보 제외: source=front, far small dist=6.99m, conf=0.22, bbox=(173,84,218,151)
[planner_server-15] [INFO] [1790649731.551164795] [global_costmap.global_costmap]: StaticLayer: Resizing static layer to 465 X 84 at 0.050000 m/pix
[door_detection_node-21] [INFO] [1790649733.682815920] [door_detection_node]: YOLO 후보 제외: source=front, far small dist=6.69m, conf=0.26, bbox=(52,81,102,151)
[state_machine_node-24] [INFO] [1790649734.297676081] [state_machine_node]: Explore waypoint side scan complete.
[state_machine_node-24] [INFO] [1790649734.298390101] [state_machine_node]: 파란 문 후보 없음. 2.0s 동안 정지 스캔 후 관측 기반 waypoint를 계획합니다.
[state_machine_node-24] [INFO] [1790649738.501889611] [state_machine_node]: 탐색 waypoint 계획 요청: explore_waypoint_13.9_lat-65 progress=13.91, lateral=-0.65, map=(13.91, -0.65) | 우측 차선 선택 | 전방 우측 장애물 0.81m (lateral=-0.55m) → 좌측 차선 우선 | LiDAR lane scores: L:y=0.65/clear=1.00/score=2.75, C:y=0.00/clear=1.00/score=-0.57, R:y=-0.65/clear=3.20/score=4.27 | direct front obstacle: full lane change allowed | 큰 차선 변경은 probe waypoint 0.45m로 먼저 검증
[state_machine_node-24] [INFO] [1790649738.502362803] [state_machine_node]: State: EXPLORING → EXPLORING_NAVIGATING
[navigation_node-22] [INFO] [1790649738.504887730] [navigation_node]: Navigation goal received: door explore_waypoint_13.9_lat-65 (color=explore, frame=map, x=13.91, y=-0.65)
[navigation_node-22] [WARN] [1790649738.588141933] [navigation_node]: Adjusted unreachable/occupied navigation goal from (13.91, -0.65, cost=99) to connected free cell (13.38, -0.67, cost=0)
[bt_navigator-17] [INFO] [1790649738.657453025] [bt_navigator]: Begin navigating from current location (13.46, 0.68) to (13.38, -0.67)
[navigation_node-22] [INFO] [1790649738.660750969] [navigation_node]: Navigation goal accepted by Nav2
[controller_server-13] [INFO] [1790649738.861533486] [controller_server]: Received a goal, begin computing control effort.
[controller_server-13] [INFO] [1790649740.237241333] [controller_server]: Passing new path to controller.
[controller_server-13] [ERROR] [1790649740.412366134] [transformPoseInTargetFrame]: Extrapolation Error looking up target frame: Lookup would require extrapolation into the future.  Requested time 271.527000 but the latest data is at time 271.400000, when looking up transform from frame [map] to frame [base_link]
[controller_server-13] 
[controller_server-13] [WARN] [1790649740.431229920] [controller_server]: Control loop missed its desired rate of 8.0000Hz
[controller_server-13] [INFO] [1790649741.487261701] [controller_server]: Passing new path to controller.
[door_detection_node-21] [INFO] [1790649742.209627718] [door_detection_node]: Side camera visual fallback rejected (source=front_left, lidar=0.87m, visual=6.88m > 4.50m)
[controller_server-13] [INFO] [1790649742.737282516] [controller_server]: Passing new path to controller.
[door_detection_node-21] [INFO] [1790649742.849451983] [door_detection_node]: Side camera LiDAR range looks occluded; using visual range instead (source=front_right, lidar=1.68m, visual=4.33m)
[controller_server-13] [INFO] [1790649743.863238016] [controller_server]: Passing new path to controller.
[door_detection_node-21] [INFO] [1790649744.639369181] [door_detection_node]: Side camera visual fallback rejected (source=front_left, lidar=3.91m, visual=6.24m > 4.50m)
[controller_server-13] [INFO] [1790649745.112265213] [controller_server]: Passing new path to controller.
[door_detection_node-21] [INFO] [1790649745.223343526] [door_detection_node]: Side camera LiDAR range looks occluded; using visual range instead (source=front_right, lidar=1.68m, visual=4.00m)
[controller_server-13] [INFO] [1790649746.362275299] [controller_server]: Passing new path to controller.
[controller_server-13] [INFO] [1790649747.737327990] [controller_server]: Passing new path to controller.
[controller_server-13] [INFO] [1790649748.862337115] [controller_server]: Passing new path to controller.
[navigation_node-22] [WARN] [1790649749.460719818] [navigation_node]: Robot is 0.35m from explore goal (threshold=0.35m). Treating navigation as succeeded.
[state_machine_node-24] [INFO] [1790649749.462381332] [state_machine_node]: Navigation succeeded.
[bt_navigator-17] [ERROR] [1790649749.579080600] [bt_navigator_navigate_to_pose_rclcpp_node]: Failed to get result for follow_path in node halt!
[bt_navigator-17] [INFO] [1790649749.579313717] [bt_navigator]: [navigate_to_pose] [ActionServer] Client requested to cancel the goal. Cancelling.
[bt_navigator-17] [INFO] [1790649749.579668515] [bt_navigator]: Goal canceled
[controller_server-13] [INFO] [1790649749.612264421] [controller_server]: Goal was canceled. Stopping the robot.
[controller_server-13] [INFO] [1790649749.612346738] [controller_server]: [follow_path] [ActionServer] Client requested to cancel the goal. Cancelling.
[state_machine_node-24] [INFO] [1790649749.953401841] [state_machine_node]: 탐색 waypoint 도착. LiDAR+camera 재스캔을 계속합니다.
[state_machine_node-24] [INFO] [1790649749.953894031] [state_machine_node]: 색상 단서 없음. 다음 탐색 waypoint는 중앙 진행축을 유지합니다.
[state_machine_node-24] [INFO] [1790649749.954413160] [state_machine_node]: State: EXPLORING_NAVIGATING → EXPLORING
[door_detection_node-21] [INFO] [1790649750.504977352] [door_detection_node]: Side camera LiDAR range looks too long for the visible door; using visual range (source=front_right, lidar=4.12m, visual=2.92m)
[door_detection_node-21] [INFO] [1790649750.509535633] [door_detection_node]: YOLO 후보 제외: source=front_right, edge-clipped bbox=(0,39,32,199)
[state_machine_node-24] [INFO] [1790649750.826628788] [state_machine_node]: Explore waypoint reached; holding position for single-side camera/LiDAR side scan.
[door_detection_node-21] [INFO] [1790649754.603780596] [door_detection_node]: Side camera LiDAR range looks too long for the visible door; using visual range (source=front_left, lidar=3.60m, visual=2.57m)
[door_detection_node-21] [INFO] [1790649755.003444786] [door_detection_node]: 문 후보 발행: id=door_green_6f4d00, source=front_left, color=green, dist=5.44m, conf=0.24, bbox=(113,82,159,168), rep_x=136, center_x=136, angle=75.9deg, center_angle=75.9deg, lidar=8.11m, visual=5.44m, goal=(17.27,0.05), handle=(18.77,0.20,1.00), handle_obs=False, handle_method=estimated, handle_conf=0.00
[door_detection_node-21] [INFO] [1790649755.022928869] [door_detection_node]: YOLO 후보 제외: source=front_left, far small dist=8.11m, conf=0.20, bbox=(113,85,158,148)
[state_machine_node-24] [INFO] [1790649755.265473751] [state_machine_node]: Explore waypoint side scan complete.
[state_machine_node-24] [INFO] [1790649755.265974502] [state_machine_node]: 파란 문 후보 없음. 2.0s 동안 정지 스캔 후 관측 기반 waypoint를 계획합니다.
[door_detection_node-21] [INFO] [1790649756.344118603] [door_detection_node]: Side camera visual fallback rejected (source=front_left, lidar=4.22m, visual=7.20m > 4.50m)
[state_machine_node-24] [INFO] [1790649758.754889596] [state_machine_node]: 탐색 waypoint 계획 요청: explore_waypoint_14.5_lat-65 progress=14.50, lateral=-0.65, map=(14.50, -0.65) | 우측 차선 선택 | 전방 좌측 장애물 0.95m (lateral=0.58m) → 우측 차선 우선 | LiDAR lane scores: R:y=-0.65/clear=3.20/score=7.43, C:y=0.00/clear=0.96/score=-0.59, L:y=0.65/clear=0.96/score=-0.75
[state_machine_node-24] [INFO] [1790649758.755483775] [state_machine_node]: State: EXPLORING → EXPLORING_NAVIGATING
[navigation_node-22] [INFO] [1790649758.759706819] [navigation_node]: Navigation goal received: door explore_waypoint_14.5_lat-65 (color=explore, frame=map, x=14.50, y=-0.65)
[navigation_node-22] [WARN] [1790649758.843492030] [navigation_node]: Adjusted unreachable/occupied navigation goal from (14.50, -0.65, cost=69) to connected free cell (14.78, -0.67, cost=0)
[bt_navigator-17] [INFO] [1790649758.918606991] [bt_navigator]: Begin navigating from current location (13.30, -0.37) to (14.78, -0.67)
[navigation_node-22] [INFO] [1790649758.922014433] [navigation_node]: Navigation goal accepted by Nav2
[controller_server-13] [INFO] [1790649759.119775428] [controller_server]: Received a goal, begin computing control effort.
[door_detection_node-21] [INFO] [1790649759.816756111] [door_detection_node]: Side camera visual fallback rejected (source=front_left, lidar=4.14m, visual=7.20m > 4.50m)
[controller_server-13] [INFO] [1790649760.495454699] [controller_server]: Passing new path to controller.
[door_detection_node-21] [INFO] [1790649760.961551015] [door_detection_node]: Front lateral LiDAR range looks too long for the visible door; using visual range (lidar=3.68m, visual=2.49m)
[door_detection_node-21] [INFO] [1790649760.982749826] [door_detection_node]: YOLO 후보 제외: source=front, edge-clipped bbox=(0,22,39,210)
[controller_server-13] [INFO] [1790649761.745478427] [controller_server]: Passing new path to controller.
[controller_server-13] [INFO] [1790649763.120432924] [controller_server]: Passing new path to controller.
[door_detection_node-21] [INFO] [1790649764.332329401] [door_detection_node]: YOLO 후보 제외: source=front, far small dist=6.11m, conf=0.26, bbox=(31,81,83,149)
[controller_server-13] [INFO] [1790649764.370452669] [controller_server]: Passing new path to controller.
[controller_server-13] [INFO] [1790649765.745454595] [controller_server]: Passing new path to controller.
[door_detection_node-21] [INFO] [1790649766.014244034] [door_detection_node]: Front lateral LiDAR range looks too long for the visible door; using visual range (lidar=3.35m, visual=2.60m)
[door_detection_node-21] [INFO] [1790649766.498019151] [door_detection_node]: 문 후보 발행: id=door_green_c7be33, source=front, color=green, dist=6.04m, conf=0.33, bbox=(108,83,153,167), rep_x=130, center_x=130, angle=7.3deg, center_angle=7.3deg, lidar=6.04m, visual=5.57m, goal=(17.92,-0.02), handle=(19.41,0.11,1.00), handle_obs=False, handle_method=estimated, handle_conf=0.00
[controller_server-13] [INFO] [1790649766.995462813] [controller_server]: Passing new path to controller.
[door_detection_node-21] [INFO] [1790649767.317783633] [door_detection_node]: YOLO 후보 제외: source=front, edge-clipped bbox=(271,13,320,222)
[planner_server-15] [INFO] [1790649767.551216198] [global_costmap.global_costmap]: StaticLayer: Resizing static layer to 466 X 84 at 0.050000 m/pix
[controller_server-13] [INFO] [1790649768.245465552] [controller_server]: Passing new path to controller.
[planner_server-15] [INFO] [1790649768.551235943] [global_costmap.global_costmap]: StaticLayer: Resizing static layer to 467 X 84 at 0.050000 m/pix
[door_detection_node-21] [INFO] [1790649769.351098036] [door_detection_node]: Side camera LiDAR range looks too long for the visible door; using visual range (source=front_right, lidar=3.69m, visual=2.21m)
[planner_server-15] [INFO] [1790649769.551308548] [global_costmap.global_costmap]: StaticLayer: Resizing static layer to 468 X 84 at 0.050000 m/pix
[controller_server-13] [INFO] [1790649769.620455682] [controller_server]: Passing new path to controller.
[cmd_vel_safety_node-6] [WARN] [1790649770.635740927] [cmd_vel_safety_node]: LiDAR collision stop: front=0.47m
[controller_server-13] [INFO] [1790649770.870432733] [controller_server]: Passing new path to controller.
[controller_server-13] [WARN] [1790649771.122550464] [controller_server]: Control loop missed its desired rate of 8.0000Hz
[controller_server-13] [INFO] [1790649772.120445991] [controller_server]: Passing new path to controller.
[cmd_vel_safety_node-6] [WARN] [1790649772.934943270] [cmd_vel_safety_node]: LiDAR collision stop: front=0.45m
[controller_server-13] [INFO] [1790649773.370437610] [controller_server]: Passing new path to controller.
[controller_server-13] [INFO] [1790649774.620386590] [controller_server]: Passing new path to controller.
[door_detection_node-21] [INFO] [1790649775.132023397] [door_detection_node]: 문 후보 발행: id=door_green_c03198, source=front_right, color=green, dist=5.61m, conf=0.23, bbox=(0,75,57,155), rep_x=28, center_x=28, angle=-40.6deg, center_angle=-40.6deg, lidar=5.61m, visual=5.85m, goal=(17.94,0.05), handle=(19.43,0.22,1.00), handle_obs=False, handle_method=estimated, handle_conf=0.00
[controller_server-13] [INFO] [1790649775.995507264] [controller_server]: Passing new path to controller.
[cmd_vel_safety_node-6] [WARN] [1790649776.637049452] [cmd_vel_safety_node]: LiDAR collision stop: front=0.36m
[door_detection_node-21] [INFO] [1790649776.908754834] [door_detection_node]: Side camera visual fallback rejected (source=front_right, lidar=3.71m, visual=6.16m > 4.50m)
[controller_server-13] [INFO] [1790649777.245496163] [controller_server]: Passing new path to controller.
[cmd_vel_safety_node-6] [WARN] [1790649778.487171733] [cmd_vel_safety_node]: LiDAR collision stop: front=0.44m
[controller_server-13] [INFO] [1790649778.620422085] [controller_server]: Passing new path to controller.
[controller_server-13] [INFO] [1790649779.870458566] [controller_server]: Passing new path to controller.
[cmd_vel_safety_node-6] [WARN] [1790649780.337367910] [cmd_vel_safety_node]: LiDAR collision stop: front=0.40m
[controller_server-13] [INFO] [1790649781.120421771] [controller_server]: Passing new path to controller.
[cmd_vel_safety_node-6] [WARN] [1790649782.186869537] [cmd_vel_safety_node]: LiDAR collision stop: front=0.43m
[controller_server-13] [INFO] [1790649782.370453498] [controller_server]: Passing new path to controller.
[controller_server-13] [INFO] [1790649783.745480153] [controller_server]: Passing new path to controller.
[door_detection_node-21] [INFO] [1790649784.158237032] [door_detection_node]: Side camera visual fallback rejected (source=front_right, lidar=3.71m, visual=5.64m > 4.50m)
[cmd_vel_safety_node-6] [WARN] [1790649784.586039070] [cmd_vel_safety_node]: LiDAR collision stop: front=0.46m
[controller_server-13] [INFO] [1790649784.995465101] [controller_server]: Passing new path to controller.
[controller_server-13] [INFO] [1790649786.245417106] [controller_server]: Passing new path to controller.
[controller_server-13] [INFO] [1790649787.620450692] [controller_server]: Passing new path to controller.
[door_detection_node-21] [INFO] [1790649787.808970269] [door_detection_node]: Side camera visual fallback rejected (source=front_right, lidar=3.65m, visual=6.00m > 4.50m)
[cmd_vel_safety_node-6] [WARN] [1790649787.837407132] [cmd_vel_safety_node]: LiDAR collision stop: front=0.43m
[controller_server-13] [INFO] [1790649788.870409600] [controller_server]: Passing new path to controller.
[cmd_vel_safety_node-6] [WARN] [1790649789.688023796] [cmd_vel_safety_node]: LiDAR collision stop: front=0.43m
[controller_server-13] [INFO] [1790649790.121161660] [controller_server]: Passing new path to controller.
[controller_server-13] [INFO] [1790649791.495432829] [controller_server]: Passing new path to controller.
[cmd_vel_safety_node-6] [WARN] [1790649791.536980252] [cmd_vel_safety_node]: LiDAR collision stop: front=0.47m
[controller_server-13] [INFO] [1790649792.620454014] [controller_server]: Passing new path to controller.
[door_detection_node-21] [INFO] [1790649792.760920100] [door_detection_node]: Side camera LiDAR range looks too long for the visible door; using visual range (source=front_right, lidar=3.18m, visual=2.34m)
[cmd_vel_safety_node-6] [WARN] [1790649793.438391647] [cmd_vel_safety_node]: LiDAR collision stop: front=0.44m
[controller_server-13] [INFO] [1790649793.995487383] [controller_server]: Passing new path to controller.
[controller_server-13] [INFO] [1790649795.245431300] [controller_server]: Passing new path to controller.
[cmd_vel_safety_node-6] [WARN] [1790649795.839031996] [cmd_vel_safety_node]: LiDAR collision stop: front=0.40m
[planner_server-15] [INFO] [1790649796.551249468] [global_costmap.global_costmap]: StaticLayer: Resizing static layer to 469 X 84 at 0.050000 m/pix
[controller_server-13] [INFO] [1790649796.620483930] [controller_server]: Passing new path to controller.
[door_detection_node-21] [INFO] [1790649797.575450252] [door_detection_node]: Side camera visual fallback rejected (source=front_right, lidar=3.71m, visual=5.64m > 4.50m)
[cmd_vel_safety_node-6] [WARN] [1790649797.837543490] [cmd_vel_safety_node]: LiDAR collision stop: front=0.39m
[controller_server-13] [INFO] [1790649797.870551604] [controller_server]: Passing new path to controller.
[controller_server-13] [INFO] [1790649799.120452398] [controller_server]: Passing new path to controller.
[state_machine_node-24] [WARN] [1790649799.200628677] [state_machine_node]: Explore waypoint stuck: progress=13.86, goal=14.50, goal_dist=0.68m, no_forward_progress=28.9s.
[state_machine_node-24] [INFO] [1790649799.202340392] [state_machine_node]: Nav2 goal cancellation requested before explore waypoint stuck replanning.
[navigation_node-22] [INFO] [1790649799.203123831] [navigation_node]: Navigation cancellation requested for manual control handoff.
[state_machine_node-24] [INFO] [1790649799.203995276] [state_machine_node]: 다음 탐색 waypoint는 좌측 차선을 우선합니다.
[state_machine_node-24] [WARN] [1790649799.204808169] [state_machine_node]: Explore waypoint stuck with no forward progress; replanning to an alternate observed lane.
[state_machine_node-24] [INFO] [1790649799.205865229] [state_machine_node]: State: EXPLORING_NAVIGATING → EXPLORING
[bt_navigator-17] [ERROR] [1790649799.240901605] [bt_navigator_navigate_to_pose_rclcpp_node]: Failed to get result for follow_path in node halt!
[bt_navigator-17] [INFO] [1790649799.241393463] [bt_navigator]: [navigate_to_pose] [ActionServer] Client requested to cancel the goal. Cancelling.
[bt_navigator-17] [INFO] [1790649799.241839942] [bt_navigator]: Goal canceled
[controller_server-13] [INFO] [1790649799.245439701] [controller_server]: Goal was canceled. Stopping the robot.
[controller_server-13] [INFO] [1790649799.245504212] [controller_server]: [follow_path] [ActionServer] Client requested to cancel the goal. Cancelling.
[state_machine_node-24] [INFO] [1790649800.164247655] [state_machine_node]: 파란 문 후보 없음. 2.0s 동안 정지 스캔 후 관측 기반 waypoint를 계획합니다.
[door_detection_node-21] [INFO] [1790649801.862719239] [door_detection_node]: Side camera visual fallback rejected (source=front_right, lidar=3.71m, visual=5.64m > 4.50m)
[state_machine_node-24] [INFO] [1790649803.747880631] [state_machine_node]: Exit scan deferred: green exit is visible but the corridor before it has not been observed closely enough for missed blue doors (progress=13.86, exit_progress=19.18, gap=5.32/4.40m).
[state_machine_node-24] [INFO] [1790649803.750041256] [state_machine_node]: Exit scan deferred: continuing observation-based forward exploration before leaving.
[state_machine_node-24] [INFO] [1790649803.768531096] [state_machine_node]: 탐색 waypoint 계획 요청: explore_waypoint_14.3_lat+65 progress=14.31, lateral=0.65, map=(14.31, 0.65) | 좌측 차선 선택 | 전방 좌측 장애물 0.91m (lateral=0.30m) → 우측 차선 우선 | LiDAR lane scores: R:y=-0.65/clear=1.01/score=-11.26/recent_fail, C:y=0.00/clear=1.00/score=-0.55, L:y=0.65/clear=3.20/score=4.17 | direct front obstacle: full lane change allowed | 큰 차선 변경은 probe waypoint 0.45m로 먼저 검증
[state_machine_node-24] [INFO] [1790649803.770504746] [state_machine_node]: State: EXPLORING → EXPLORING_NAVIGATING
[navigation_node-22] [INFO] [1790649803.773852098] [navigation_node]: Navigation goal received: door explore_waypoint_14.3_lat+65 (color=explore, frame=map, x=14.31, y=0.65)
[navigation_node-22] [WARN] [1790649803.873956615] [navigation_node]: Adjusted unreachable/occupied navigation goal from (14.31, 0.65, cost=99) to connected free cell (13.93, 0.68, cost=0)
[bt_navigator-17] [INFO] [1790649803.950054317] [bt_navigator]: Begin navigating from current location (13.86, -0.41) to (13.93, 0.68)
[navigation_node-22] [INFO] [1790649803.952849366] [navigation_node]: Navigation goal accepted by Nav2
[controller_server-13] [INFO] [1790649804.151263886] [controller_server]: Received a goal, begin computing control effort.
[door_detection_node-21] [INFO] [1790649805.492959849] [door_detection_node]: Side camera visual fallback rejected (source=front_right, lidar=3.67m, visual=5.64m > 4.50m)
[controller_server-13] [INFO] [1790649805.526756559] [controller_server]: Passing new path to controller.
[cmd_vel_safety_node-6] [WARN] [1790649806.287021313] [cmd_vel_safety_node]: LiDAR collision stop: front=0.44m
[controller_server-13] [INFO] [1790649806.776708880] [controller_server]: Passing new path to controller.
[door_detection_node-21] [INFO] [1790649807.466589997] [door_detection_node]: Side camera LiDAR range looks too long for the visible door; using visual range (source=front_right, lidar=3.10m, visual=2.25m)
[door_detection_node-21] [INFO] [1790649807.861158614] [door_detection_node]: Side camera visual fallback rejected (source=front_right, lidar=5.55m, visual=6.50m > 4.50m)
[controller_server-13] [INFO] [1790649808.151704878] [controller_server]: Passing new path to controller.
[controller_server-13] [INFO] [1790649809.276702182] [controller_server]: Passing new path to controller.
[controller_server-13] [INFO] [1790649810.651704552] [controller_server]: Passing new path to controller.
[door_detection_node-21] [INFO] [1790649811.810553469] [door_detection_node]: Side camera LiDAR range looks occluded; using visual range instead (source=front_left, lidar=1.88m, visual=4.29m)
[controller_server-13] [INFO] [1790649811.901706824] [controller_server]: Passing new path to controller.
[controller_server-13] [INFO] [1790649813.151788364] [controller_server]: Passing new path to controller.
[controller_server-13] [INFO] [1790649814.526743699] [controller_server]: Passing new path to controller.
[navigation_node-22] [WARN] [1790649814.653428428] [navigation_node]: Robot is 0.35m from explore goal (threshold=0.35m). Treating navigation as succeeded.
[state_machine_node-24] [INFO] [1790649814.658152588] [state_machine_node]: Navigation succeeded.
[bt_navigator-17] [ERROR] [1790649814.771615600] [bt_navigator_navigate_to_pose_rclcpp_node]: Failed to get result for follow_path in node halt!
[bt_navigator-17] [INFO] [1790649814.771827489] [bt_navigator]: [navigate_to_pose] [ActionServer] Client requested to cancel the goal. Cancelling.
[bt_navigator-17] [INFO] [1790649814.772167429] [bt_navigator]: Goal canceled
[controller_server-13] [INFO] [1790649814.776720623] [controller_server]: Goal was canceled. Stopping the robot.
[controller_server-13] [INFO] [1790649814.776824938] [controller_server]: [follow_path] [ActionServer] Client requested to cancel the goal. Cancelling.
[state_machine_node-24] [INFO] [1790649815.062847284] [state_machine_node]: 탐색 waypoint 도착. LiDAR+camera 재스캔을 계속합니다.
[state_machine_node-24] [INFO] [1790649815.063839781] [state_machine_node]: 색상 단서 없음. 다음 탐색 waypoint는 중앙 진행축을 유지합니다.
[state_machine_node-24] [INFO] [1790649815.064788737] [state_machine_node]: State: EXPLORING_NAVIGATING → EXPLORING
[state_machine_node-24] [INFO] [1790649815.995861214] [state_machine_node]: Explore waypoint reached; holding position for single-side camera/LiDAR side scan.
[door_detection_node-21] [INFO] [1790649820.256410970] [door_detection_node]: Side camera visual fallback rejected (source=front_right, lidar=0.92m, visual=6.24m > 4.50m)
[state_machine_node-24] [INFO] [1790649820.751632269] [state_machine_node]: Explore waypoint side scan complete.
[state_machine_node-24] [INFO] [1790649820.752656719] [state_machine_node]: 파란 문 후보 없음. 2.0s 동안 정지 스캔 후 관측 기반 waypoint를 계획합니다.
[door_detection_node-21] [INFO] [1790649821.348127744] [door_detection_node]: Side camera LiDAR range looks occluded; using visual range instead (source=front_right, lidar=0.83m, visual=3.02m)
[state_machine_node-24] [INFO] [1790649824.519875425] [state_machine_node]: Exit scan deferred: green exit is visible but the corridor before it has not been observed closely enough for missed blue doors (progress=13.70, exit_progress=19.18, gap=5.48/4.40m).
[state_machine_node-24] [INFO] [1790649824.536654503] [state_machine_node]: 탐색 waypoint 계획 요청: explore_waypoint_14.2_lat-65 progress=14.15, lateral=-0.65, map=(14.15, -0.65) | 우측 차선 선택 | 전방 우측 장애물 0.96m (lateral=-0.17m) → 좌측 차선 우선 | LiDAR lane scores: L:y=0.65/clear=0.96/score=3.00, C:y=0.00/clear=0.96/score=-0.60, R:y=-0.65/clear=3.20/score=3.99 | direct front obstacle: full lane change allowed | 큰 차선 변경은 probe waypoint 0.45m로 먼저 검증
[state_machine_node-24] [INFO] [1790649824.537685969] [state_machine_node]: State: EXPLORING → EXPLORING_NAVIGATING
[navigation_node-22] [INFO] [1790649824.541464363] [navigation_node]: Navigation goal received: door explore_waypoint_14.2_lat-65 (color=explore, frame=map, x=14.15, y=-0.65)
[navigation_node-22] [WARN] [1790649824.633496652] [navigation_node]: Adjusted unreachable/occupied navigation goal from (14.15, -0.65, cost=99) to connected free cell (14.78, -0.67, cost=0)
[bt_navigator-17] [INFO] [1790649824.706303138] [bt_navigator]: Begin navigating from current location (13.70, 0.41) to (14.78, -0.67)
[navigation_node-22] [INFO] [1790649824.712367680] [navigation_node]: Navigation goal accepted by Nav2
[controller_server-13] [INFO] [1790649824.907849515] [controller_server]: Received a goal, begin computing control effort.
[door_detection_node-21] [INFO] [1790649825.151435170] [door_detection_node]: Side camera LiDAR range looks occluded; using visual range instead (source=front_right, lidar=0.84m, visual=3.02m)
[controller_server-13] [WARN] [1790649826.301006187] [controller_server]: Control loop missed its desired rate of 8.0000Hz
[controller_server-13] [INFO] [1790649826.301419872] [controller_server]: Passing new path to controller.
[controller_server-13] [WARN] [1790649826.428007463] [controller_server]: Control loop missed its desired rate of 8.0000Hz
[door_detection_node-21] [INFO] [1790649827.457374034] [door_detection_node]: Side camera LiDAR range looks occluded; using visual range instead (source=front_right, lidar=0.87m, visual=3.04m)
[controller_server-13] [INFO] [1790649827.533581328] [controller_server]: Passing new path to controller.
[door_detection_node-21] [INFO] [1790649828.471229495] [door_detection_node]: YOLO 후보 제외: source=front, far small dist=6.59m, conf=0.26, bbox=(185,82,233,153)
[controller_server-13] [INFO] [1790649828.908557999] [controller_server]: Passing new path to controller.
[controller_server-13] [INFO] [1790649830.159556933] [controller_server]: Passing new path to controller.
[door_detection_node-21] [INFO] [1790649830.485624843] [door_detection_node]: YOLO 후보 제외: source=front, far small dist=6.59m, conf=0.26, bbox=(75,81,124,152)
[cmd_vel_safety_node-6] [WARN] [1790649830.736836971] [cmd_vel_safety_node]: LiDAR collision stop: front=0.46m
[controller_server-13] [INFO] [1790649831.408805018] [controller_server]: Passing new path to controller.
[controller_server-13] [INFO] [1790649832.783539503] [controller_server]: Passing new path to controller.
[door_detection_node-21] [INFO] [1790649833.475890438] [door_detection_node]: Side camera visual fallback rejected (source=front_left, lidar=0.76m, visual=4.88m > 4.50m)
[controller_server-13] [INFO] [1790649833.909912642] [controller_server]: Passing new path to controller.
[door_detection_node-21] [INFO] [1790649834.139019508] [door_detection_node]: Side camera LiDAR range looks occluded; using visual range instead (source=front_right, lidar=1.88m, visual=4.22m)
[controller_server-13] [INFO] [1790649835.283591319] [controller_server]: Passing new path to controller.
[door_detection_node-21] [INFO] [1790649835.387066458] [door_detection_node]: Front lateral LiDAR range looks too long for the visible door; using visual range (lidar=3.77m, visual=2.92m)
[door_detection_node-21] [INFO] [1790649836.289151694] [door_detection_node]: Side camera LiDAR range looks occluded; using visual range instead (source=front_right, lidar=1.88m, visual=4.03m)
[controller_server-13] [INFO] [1790649836.533553268] [controller_server]: Passing new path to controller.
[door_detection_node-21] [INFO] [1790649837.152172420] [door_detection_node]: Side camera visual fallback rejected (source=front_left, lidar=0.70m, visual=6.50m > 4.50m)
[controller_server-13] [INFO] [1790649837.908615478] [controller_server]: Passing new path to controller.
[controller_server-13] [INFO] [1790649839.158592330] [controller_server]: Passing new path to controller.
[door_detection_node-21] [INFO] [1790649839.177254045] [door_detection_node]: YOLO 후보 제외: source=front_left, edge-clipped bbox=(287,17,319,220)
[door_detection_node-21] [INFO] [1790649839.183639278] [door_detection_node]: Side camera visual fallback rejected (source=front_left, lidar=3.65m, visual=5.57m > 4.50m)
[controller_server-13] [INFO] [1790649840.408600720] [controller_server]: Passing new path to controller.
[door_detection_node-21] [INFO] [1790649841.254309340] [door_detection_node]: Side camera visual fallback rejected (source=front_left, lidar=3.62m, visual=6.50m > 4.50m)
[controller_server-13] [INFO] [1790649841.533579799] [controller_server]: Passing new path to controller.
[door_detection_node-21] [INFO] [1790649841.638818329] [door_detection_node]: YOLO 후보 제외: source=front_right, far small dist=4.91m, conf=0.31, bbox=(176,67,195,170)
[door_detection_node-21] [INFO] [1790649842.724395739] [door_detection_node]: 문 후보 발행: id=door_green_66d450, source=front_left, color=green, dist=5.42m, conf=0.27, bbox=(52,78,102,162), rep_x=77, center_x=77, angle=89.5deg, center_angle=89.5deg, lidar=5.42m, visual=5.57m, goal=(17.89,0.04), handle=(19.39,0.10,1.00), handle_obs=False, handle_method=estimated, handle_conf=0.00
[controller_server-13] [INFO] [1790649842.908606625] [controller_server]: Passing new path to controller.
[cmd_vel_safety_node-6] [WARN] [1790649843.536404518] [cmd_vel_safety_node]: LiDAR collision stop: front=0.46m
[controller_server-13] [INFO] [1790649844.158542864] [controller_server]: Passing new path to controller.
[door_detection_node-21] [INFO] [1790649844.482854719] [door_detection_node]: Side camera visual fallback rejected (source=front_left, lidar=3.55m, visual=5.71m > 4.50m)
[cmd_vel_safety_node-6] [WARN] [1790649845.386724365] [cmd_vel_safety_node]: LiDAR collision stop: front=0.47m
[controller_server-13] [INFO] [1790649845.408580057] [controller_server]: Passing new path to controller.
[controller_server-13] [INFO] [1790649846.658636748] [controller_server]: Passing new path to controller.
[cmd_vel_safety_node-6] [WARN] [1790649847.386287971] [cmd_vel_safety_node]: LiDAR collision stop: front=0.39m
[controller_server-13] [INFO] [1790649847.908788293] [controller_server]: Passing new path to controller.
[door_detection_node-21] [INFO] [1790649847.957402529] [door_detection_node]: Side camera visual fallback rejected (source=front_left, lidar=3.53m, visual=6.41m > 4.50m)
[cmd_vel_safety_node-6] [WARN] [1790649849.186906716] [cmd_vel_safety_node]: LiDAR collision stop: front=0.43m
[controller_server-13] [INFO] [1790649849.283578013] [controller_server]: Passing new path to controller.
[controller_server-13] [INFO] [1790649850.533575125] [controller_server]: Passing new path to controller.
[cmd_vel_safety_node-6] [WARN] [1790649850.986294305] [cmd_vel_safety_node]: LiDAR collision stop: front=0.45m
[controller_server-13] [INFO] [1790649851.908815210] [controller_server]: Passing new path to controller.
[cmd_vel_safety_node-6] [WARN] [1790649852.787076990] [cmd_vel_safety_node]: LiDAR collision stop: front=0.43m
[door_detection_node-21] [INFO] [1790649853.134968580] [door_detection_node]: 문 후보 발행: id=door_green_3788ea, source=front_left, color=green, dist=7.29m, conf=0.40, bbox=(100,79,150,160), rep_x=125, center_x=125, angle=78.5deg, center_angle=78.5deg, lidar=7.29m, visual=5.78m, goal=(19.74,0.01), handle=(21.24,0.07,1.00), handle_obs=False, handle_method=estimated, handle_conf=0.00
[controller_server-13] [INFO] [1790649853.158589600] [controller_server]: Passing new path to controller.
[controller_server-13] [INFO] [1790649854.533609801] [controller_server]: Passing new path to controller.
[cmd_vel_safety_node-6] [WARN] [1790649855.037102149] [cmd_vel_safety_node]: LiDAR collision stop: front=0.42m
[controller_server-13] [INFO] [1790649855.783601935] [controller_server]: Passing new path to controller.
[cmd_vel_safety_node-6] [WARN] [1790649856.787048296] [cmd_vel_safety_node]: LiDAR collision stop: front=0.44m
[controller_server-13] [INFO] [1790649857.033584837] [controller_server]: Passing new path to controller.
[door_detection_node-21] [INFO] [1790649858.366221213] [door_detection_node]: 문 후보 발행: id=door_green_3788ea, source=front_left, color=green, dist=7.24m, conf=0.34, bbox=(96,79,145,165), rep_x=120, center_x=120, angle=79.7deg, center_angle=79.7deg, lidar=7.24m, visual=5.44m, goal=(19.69,-0.03), handle=(21.19,0.02,1.00), handle_obs=False, handle_method=estimated, handle_conf=0.00
[controller_server-13] [INFO] [1790649858.409178403] [controller_server]: Passing new path to controller.
[controller_server-13] [INFO] [1790649859.658596855] [controller_server]: Passing new path to controller.
[cmd_vel_safety_node-6] [WARN] [1790649859.736542584] [cmd_vel_safety_node]: LiDAR collision stop: front=0.47m
[door_detection_node-21] [INFO] [1790649859.809039999] [door_detection_node]: YOLO 후보 제외: source=front_left, far small dist=5.41m, conf=0.32, bbox=(47,78,101,153)
[controller_server-13] [INFO] [1790649860.909661506] [controller_server]: Passing new path to controller.
[door_detection_node-21] [INFO] [1790649861.535816702] [door_detection_node]: Side camera visual fallback rejected (source=front_left, lidar=3.54m, visual=5.32m > 4.50m)
[cmd_vel_safety_node-6] [WARN] [1790649861.536930002] [cmd_vel_safety_node]: LiDAR collision stop: front=0.44m
[controller_server-13] [INFO] [1790649862.283565244] [controller_server]: Passing new path to controller.
[controller_server-13] [INFO] [1790649863.533540753] [controller_server]: Passing new path to controller.
[cmd_vel_safety_node-6] [WARN] [1790649863.636925647] [cmd_vel_safety_node]: LiDAR collision stop: front=0.42m
[controller_server-13] [INFO] [1790649864.908584128] [controller_server]: Passing new path to controller.
[door_detection_node-21] [INFO] [1790649864.987486480] [door_detection_node]: Side camera visual fallback rejected (source=front_left, lidar=3.55m, visual=6.59m > 4.50m)
[cmd_vel_safety_node-6] [WARN] [1790649865.437440074] [cmd_vel_safety_node]: LiDAR collision stop: front=0.41m
[controller_server-13] [INFO] [1790649866.033588778] [controller_server]: Passing new path to controller.
[door_detection_node-21] [INFO] [1790649867.068121418] [door_detection_node]: YOLO 후보 제외: source=front_right, far small dist=4.46m, conf=0.31, bbox=(176,66,195,170)
[controller_server-13] [INFO] [1790649867.408574927] [controller_server]: Passing new path to controller.
[cmd_vel_safety_node-6] [WARN] [1790649867.486758672] [cmd_vel_safety_node]: LiDAR collision stop: front=0.47m
[door_detection_node-21] [INFO] [1790649867.629179979] [door_detection_node]: Side camera LiDAR range looks too long for the visible door; using visual range (source=front_left, lidar=3.10m, visual=2.20m)
[door_detection_node-21] [INFO] [1790649868.091013206] [door_detection_node]: Side camera visual fallback rejected (source=front_left, lidar=5.43m, visual=6.41m > 4.50m)
[controller_server-13] [INFO] [1790649868.658612165] [controller_server]: Passing new path to controller.
[cmd_vel_safety_node-6] [WARN] [1790649869.237448183] [cmd_vel_safety_node]: LiDAR collision stop: front=0.46m
[controller_server-13] [INFO] [1790649869.908568854] [controller_server]: Passing new path to controller.
[cmd_vel_safety_node-6] [WARN] [1790649870.936442417] [cmd_vel_safety_node]: LiDAR collision stop: front=0.43m
[controller_server-13] [INFO] [1790649871.283583449] [controller_server]: Passing new path to controller.
[door_detection_node-21] [INFO] [1790649871.384086736] [door_detection_node]: Side camera visual fallback rejected (source=front_left, lidar=3.52m, visual=6.59m > 4.50m)
[controller_server-13] [INFO] [1790649872.533583469] [controller_server]: Passing new path to controller.
[cmd_vel_safety_node-6] [WARN] [1790649872.836125112] [cmd_vel_safety_node]: LiDAR collision stop: front=0.43m
[door_detection_node-21] [INFO] [1790649873.252374474] [door_detection_node]: 문 후보 발행: id=door_green_6f4d00, source=front_left, color=green, dist=5.43m, conf=0.30, bbox=(69,77,119,166), rep_x=94, center_x=94, angle=85.8deg, center_angle=85.8deg, lidar=5.43m, visual=5.26m, goal=(17.89,0.02), handle=(19.39,0.10,1.00), handle_obs=False, handle_method=estimated, handle_conf=0.00
[door_detection_node-21] [INFO] [1790649873.758256682] [door_detection_node]: YOLO 후보 제외: source=front_right, far small dist=5.07m, conf=0.38, bbox=(222,68,241,174)
[controller_server-13] [INFO] [1790649873.908575947] [controller_server]: Passing new path to controller.
[state_machine_node-24] [WARN] [1790649874.374826247] [state_machine_node]: Explore waypoint stuck: progress=13.97, goal=14.15, goal_dist=0.48m, no_forward_progress=28.4s.
[state_machine_node-24] [INFO] [1790649874.376874638] [state_machine_node]: Nav2 goal cancellation requested before explore waypoint stuck replanning.
[state_machine_node-24] [INFO] [1790649874.378001377] [state_machine_node]: 다음 탐색 waypoint는 좌측 차선을 우선합니다.
[navigation_node-22] [INFO] [1790649874.378483419] [navigation_node]: Navigation cancellation requested for manual control handoff.
[state_machine_node-24] [WARN] [1790649874.378692507] [state_machine_node]: Explore waypoint stuck with no forward progress; replanning to an alternate observed lane.
[state_machine_node-24] [INFO] [1790649874.379435822] [state_machine_node]: State: EXPLORING_NAVIGATING → EXPLORING
[controller_server-13] [INFO] [1790649874.408659620] [controller_server]: Goal was canceled. Stopping the robot.
[controller_server-13] [INFO] [1790649874.408832354] [controller_server]: [follow_path] [ActionServer] Client requested to cancel the goal. Cancelling.
[bt_navigator-17] [INFO] [1790649874.409162305] [bt_navigator]: [navigate_to_pose] [ActionServer] Client requested to cancel the goal. Cancelling.
[bt_navigator-17] [INFO] [1790649874.409496895] [bt_navigator]: Goal canceled
[door_detection_node-21] [INFO] [1790649875.145192120] [door_detection_node]: Side camera visual fallback rejected (source=front_left, lidar=3.57m, visual=6.50m > 4.50m)
[state_machine_node-24] [INFO] [1790649875.228630920] [state_machine_node]: 파란 문 후보 없음. 2.0s 동안 정지 스캔 후 관측 기반 waypoint를 계획합니다.
[door_detection_node-21] [INFO] [1790649878.415137230] [door_detection_node]: Side camera visual fallback rejected (source=front_left, lidar=3.58m, visual=6.50m > 4.50m)
[state_machine_node-24] [INFO] [1790649878.526041501] [state_machine_node]: Exit scan deferred: green exit is visible but the corridor before it has not been observed closely enough for missed blue doors (progress=13.97, exit_progress=19.18, gap=5.21/4.40m).
[state_machine_node-24] [INFO] [1790649878.540694937] [state_machine_node]: 탐색 waypoint 계획 요청: explore_waypoint_14.4_lat+65 progress=14.42, lateral=0.65, map=(14.42, 0.65) | 좌측 차선 선택 | 전방 좌측 장애물 0.88m (lateral=0.36m) → 우측 차선 우선 | LiDAR lane scores: R:y=-0.65/clear=3.20/score=-6.58/recent_fail, C:y=0.00/clear=0.98/score=-0.57, L:y=0.65/clear=0.98/score=-0.24 | 가까운 장애물 감지, 우회 차선 우선 | direct front obstacle: full lane change allowed | 근접 장애물 여유 0.98m, waypoint 전진거리 0.53m로 축소 | 큰 차선 변경은 probe waypoint 0.45m로 먼저 검증
[state_machine_node-24] [INFO] [1790649878.542153183] [state_machine_node]: State: EXPLORING → EXPLORING_NAVIGATING
[navigation_node-22] [INFO] [1790649878.545095605] [navigation_node]: Navigation goal received: door explore_waypoint_14.4_lat+65 (color=explore, frame=map, x=14.42, y=0.65)
[navigation_node-22] [WARN] [1790649878.622947684] [navigation_node]: Adjusted unreachable/occupied navigation goal from (14.42, 0.65, cost=99) to connected free cell (13.93, 0.68, cost=0)
[bt_navigator-17] [INFO] [1790649878.682602898] [bt_navigator]: Begin navigating from current location (13.97, -0.21) to (13.93, 0.68)
[navigation_node-22] [INFO] [1790649878.687122554] [navigation_node]: Navigation goal accepted by Nav2
[controller_server-13] [INFO] [1790649878.783741974] [controller_server]: Received a goal, begin computing control effort.
[controller_server-13] [INFO] [1790649880.159432949] [controller_server]: Passing new path to controller.
[cmd_vel_safety_node-6] [WARN] [1790649880.635872128] [cmd_vel_safety_node]: LiDAR collision stop: front=0.44m
[door_detection_node-21] [INFO] [1790649881.304072017] [door_detection_node]: YOLO 후보 제외: source=front_right, far small dist=5.44m, conf=0.31, bbox=(144,67,163,171)
[controller_server-13] [INFO] [1790649881.409449292] [controller_server]: Passing new path to controller.
[controller_server-13] [INFO] [1790649882.784431403] [controller_server]: Passing new path to controller.
[controller_server-13] [INFO] [1790649884.034442439] [controller_server]: Passing new path to controller.
[controller_server-13] [INFO] [1790649885.284420208] [controller_server]: Passing new path to controller.
[door_detection_node-21] [INFO] [1790649885.518397049] [door_detection_node]: YOLO 후보 제외: source=front, far small dist=4.42m, conf=0.51, bbox=(95,67,114,173)
[controller_server-13] [INFO] [1790649886.659458916] [controller_server]: Passing new path to controller.
[door_detection_node-21] [INFO] [1790649886.916075398] [door_detection_node]: Side camera LiDAR range looks occluded; using visual range instead (source=front_left, lidar=1.89m, visual=3.63m)
[controller_server-13] [INFO] [1790649887.909469717] [controller_server]: Passing new path to controller.
[controller_server-13] [INFO] [1790649889.284507911] [controller_server]: Passing new path to controller.
[controller_server-13] [INFO] [1790649890.534436948] [controller_server]: Passing new path to controller.
[door_detection_node-21] [INFO] [1790649890.627916566] [door_detection_node]: Side camera LiDAR range looks occluded; using visual range instead (source=front_left, lidar=1.54m, visual=4.00m)
[controller_server-13] [INFO] [1790649891.909494383] [controller_server]: Passing new path to controller.
[controller_server-13] [INFO] [1790649893.159427857] [controller_server]: Passing new path to controller.
[door_detection_node-21] [INFO] [1790649893.483854872] [door_detection_node]: Side camera visual fallback rejected (source=front_right, lidar=1.47m, visual=6.32m > 4.50m)
[controller_server-13] [INFO] [1790649894.409431467] [controller_server]: Passing new path to controller.
[controller_server-13] [INFO] [1790649895.784464137] [controller_server]: Passing new path to controller.
[controller_server-13] [INFO] [1790649897.034437796] [controller_server]: Passing new path to controller.
[controller_server-13] [INFO] [1790649898.284448721] [controller_server]: Passing new path to controller.
[door_detection_node-21] [INFO] [1790649898.987738937] [door_detection_node]: YOLO 후보 제외: source=front_right, far small dist=7.67m, conf=0.30, bbox=(48,80,100,152)
[controller_server-13] [INFO] [1790649899.535085640] [controller_server]: Passing new path to controller.
[door_detection_node-21] [INFO] [1790649900.029474058] [door_detection_node]: Side camera LiDAR range looks occluded; using visual range instead (source=front_right, lidar=1.01m, visual=3.16m)
[controller_server-13] [INFO] [1790649900.784479852] [controller_server]: Passing new path to controller.
[door_detection_node-21] [INFO] [1790649901.953048307] [door_detection_node]: YOLO 후보 제외: source=front_right, far small dist=7.59m, conf=0.21, bbox=(0,76,51,154)
[controller_server-13] [INFO] [1790649902.159454015] [controller_server]: Passing new path to controller.
[navigation_node-22] [WARN] [1790649902.384728079] [navigation_node]: Robot is 0.35m from explore goal (threshold=0.35m). Treating navigation as succeeded.
[state_machine_node-24] [INFO] [1790649902.386382321] [state_machine_node]: Navigation succeeded.
[bt_navigator-17] [ERROR] [1790649902.504038913] [bt_navigator_navigate_to_pose_rclcpp_node]: Failed to get result for follow_path in node halt!
[bt_navigator-17] [INFO] [1790649902.504390834] [bt_navigator]: [navigate_to_pose] [ActionServer] Client requested to cancel the goal. Cancelling.
[bt_navigator-17] [INFO] [1790649902.504973218] [bt_navigator]: Goal canceled
[controller_server-13] [INFO] [1790649902.534407909] [controller_server]: Goal was canceled. Stopping the robot.
[controller_server-13] [INFO] [1790649902.534545227] [controller_server]: [follow_path] [ActionServer] Client requested to cancel the goal. Cancelling.
[state_machine_node-24] [INFO] [1790649902.745567641] [state_machine_node]: 탐색 waypoint 도착. LiDAR+camera 재스캔을 계속합니다.
[state_machine_node-24] [INFO] [1790649902.746294112] [state_machine_node]: 색상 단서 없음. 다음 탐색 waypoint는 중앙 진행축을 유지합니다.
[state_machine_node-24] [INFO] [1790649902.747301489] [state_machine_node]: State: EXPLORING_NAVIGATING → EXPLORING
[door_detection_node-21] [INFO] [1790649902.988124239] [door_detection_node]: Side camera LiDAR range looks occluded; using visual range instead (source=front_right, lidar=0.99m, visual=3.23m)
[state_machine_node-24] [INFO] [1790649903.591725813] [state_machine_node]: Explore waypoint reached; holding position for single-side camera/LiDAR side scan.
[door_detection_node-21] [INFO] [1790649906.423522190] [door_detection_node]: Side camera LiDAR range looks occluded; using visual range instead (source=front_right, lidar=0.97m, visual=2.74m)
[door_detection_node-21] [INFO] [1790649906.837063821] [door_detection_node]: YOLO 후보 제외: source=front_right, far small dist=7.66m, conf=0.25, bbox=(95,82,142,151)
[door_detection_node-21] [INFO] [1790649907.865556245] [door_detection_node]: Side camera visual fallback rejected (source=front_right, lidar=5.75m, visual=6.78m > 4.50m)
[state_machine_node-24] [INFO] [1790649907.933257178] [state_machine_node]: Explore waypoint side scan complete.
[state_machine_node-24] [INFO] [1790649907.933800953] [state_machine_node]: 파란 문 후보 없음. 2.0s 동안 정지 스캔 후 관측 기반 waypoint를 계획합니다.
[state_machine_node-24] [INFO] [1790649911.288355692] [state_machine_node]: Exit scan deferred: green exit is visible but the corridor before it has not been observed closely enough for missed blue doors (progress=13.59, exit_progress=19.18, gap=5.59/4.40m).
[state_machine_node-24] [INFO] [1790649911.305456090] [state_machine_node]: 탐색 waypoint 계획 요청: explore_waypoint_14.0_lat-65 progress=14.04, lateral=-0.65, map=(14.04, -0.65) | 우측 차선 선택 | 전방 우측 장애물 0.78m (lateral=-0.58m) → 좌측 차선 우선 | LiDAR lane scores: L:y=0.65/clear=0.95/score=2.70, C:y=0.00/clear=0.95/score=-0.61, R:y=-0.65/clear=3.20/score=4.28 | direct front obstacle: full lane change allowed | 큰 차선 변경은 probe waypoint 0.45m로 먼저 검증
[state_machine_node-24] [INFO] [1790649911.306275242] [state_machine_node]: State: EXPLORING → EXPLORING_NAVIGATING
[navigation_node-22] [INFO] [1790649911.309324625] [navigation_node]: Navigation goal received: door explore_waypoint_14.0_lat-65 (color=explore, frame=map, x=14.04, y=-0.65)
[navigation_node-22] [WARN] [1790649911.402510739] [navigation_node]: Adjusted unreachable/occupied navigation goal from (14.04, -0.65, cost=99) to connected free cell (13.38, -0.62, cost=0)
[bt_navigator-17] [INFO] [1790649911.475454517] [bt_navigator]: Begin navigating from current location (13.59, 0.57) to (13.38, -0.62)
[navigation_node-22] [INFO] [1790649911.482300674] [navigation_node]: Navigation goal accepted by Nav2
[controller_server-13] [INFO] [1790649911.676790628] [controller_server]: Received a goal, begin computing control effort.
[controller_server-13] [INFO] [1790649913.052480229] [controller_server]: Passing new path to controller.
[controller_server-13] [INFO] [1790649914.302474004] [controller_server]: Passing new path to controller.
[controller_server-13] [INFO] [1790649915.677614946] [controller_server]: Passing new path to controller.
[door_detection_node-21] [INFO] [1790649916.067599127] [door_detection_node]: Side camera LiDAR range looks occluded; using visual range instead (source=front_right, lidar=1.00m, visual=3.04m)
[door_detection_node-21] [INFO] [1790649916.532504295] [door_detection_node]: Side camera visual fallback rejected (source=front_right, lidar=3.99m, visual=6.41m > 4.50m)
[controller_server-13] [INFO] [1790649916.802424510] [controller_server]: Passing new path to controller.
[door_detection_node-21] [INFO] [1790649918.132041035] [door_detection_node]: Side camera LiDAR range looks occluded; using visual range instead (source=front_right, lidar=1.06m, visual=3.23m)
[controller_server-13] [INFO] [1790649918.177471214] [controller_server]: Passing new path to controller.
[controller_server-13] [INFO] [1790649919.427640979] [controller_server]: Passing new path to controller.
[door_detection_node-21] [INFO] [1790649919.852932607] [door_detection_node]: Front lateral LiDAR range looks too long for the visible door; using visual range (lidar=3.59m, visual=2.82m)
[door_detection_node-21] [INFO] [1790649920.293296882] [door_detection_node]: YOLO 후보 제외: source=front, far small dist=6.78m, conf=0.25, bbox=(92,82,139,151)
[controller_server-13] [INFO] [1790649920.677506033] [controller_server]: Passing new path to controller.
[controller_server-13] [INFO] [1790649921.927445716] [controller_server]: Passing new path to controller.
[door_detection_node-21] [INFO] [1790649922.380764532] [door_detection_node]: Side camera visual fallback rejected (source=front_left, lidar=1.28m, visual=6.16m > 4.50m)
[controller_server-13] [INFO] [1790649923.177483010] [controller_server]: Passing new path to controller.
[controller_server-13] [INFO] [1790649924.552478340] [controller_server]: Passing new path to controller.
[door_detection_node-21] [INFO] [1790649924.852420421] [door_detection_node]: Side camera visual fallback rejected (source=front_left, lidar=0.80m, visual=6.69m > 4.50m)
[door_detection_node-21] [INFO] [1790649925.387012970] [door_detection_node]: Side camera LiDAR range looks occluded; using visual range instead (source=front_right, lidar=1.87m, visual=4.22m)
[controller_server-13] [INFO] [1790649925.802474976] [controller_server]: Passing new path to controller.
[controller_server-13] [INFO] [1790649927.177485861] [controller_server]: Passing new path to controller.
[controller_server-13] [INFO] [1790649928.427476413] [controller_server]: Passing new path to controller.
[door_detection_node-21] [INFO] [1790649928.934624651] [door_detection_node]: Side camera LiDAR range looks occluded; using visual range instead (source=front_right, lidar=1.64m, visual=3.55m)
[controller_server-13] [INFO] [1790649929.677475991] [controller_server]: Passing new path to controller.
[controller_server-13] [INFO] [1790649931.052489859] [controller_server]: Passing new path to controller.
[door_detection_node-21] [INFO] [1790649931.284622793] [door_detection_node]: YOLO 후보 제외: source=front_left, edge-clipped bbox=(0,23,42,213)
[navigation_node-22] [WARN] [1790649932.079051969] [navigation_node]: Robot is 0.35m from explore goal (threshold=0.35m). Treating navigation as succeeded.
[state_machine_node-24] [INFO] [1790649932.082144214] [state_machine_node]: Navigation succeeded.
[controller_server-13] [INFO] [1790649932.177468845] [controller_server]: Goal was canceled. Stopping the robot.
[controller_server-13] [INFO] [1790649932.177648729] [controller_server]: [follow_path] [ActionServer] Client requested to cancel the goal. Cancelling.
[bt_navigator-17] [INFO] [1790649932.178052833] [bt_navigator]: [navigate_to_pose] [ActionServer] Client requested to cancel the goal. Cancelling.
[bt_navigator-17] [INFO] [1790649932.178629972] [bt_navigator]: Goal canceled
[state_machine_node-24] [INFO] [1790649932.384225301] [state_machine_node]: 탐색 waypoint 도착. LiDAR+camera 재스캔을 계속합니다.
[state_machine_node-24] [INFO] [1790649932.384800222] [state_machine_node]: 색상 단서 없음. 다음 탐색 waypoint는 중앙 진행축을 유지합니다.
[state_machine_node-24] [INFO] [1790649932.385269989] [state_machine_node]: State: EXPLORING_NAVIGATING → EXPLORING
[state_machine_node-24] [INFO] [1790649933.288997099] [state_machine_node]: Explore waypoint reached; holding position for single-side camera/LiDAR side scan.
[door_detection_node-21] [INFO] [1790649937.696942069] [door_detection_node]: YOLO 후보 제외: source=front, far small dist=7.55m, conf=0.21, bbox=(234,86,249,148)
[state_machine_node-24] [INFO] [1790649937.745222296] [state_machine_node]: Explore waypoint side scan complete.
[state_machine_node-24] [INFO] [1790649937.746081597] [state_machine_node]: 파란 문 후보 없음. 2.0s 동안 정지 스캔 후 관측 기반 waypoint를 계획합니다.
[state_machine_node-24] [INFO] [1790649941.237947169] [state_machine_node]: Exit scan deferred: green exit is visible but the corridor before it has not been observed closely enough for missed blue doors (progress=13.42, exit_progress=19.18, gap=5.77/4.40m).
[state_machine_node-24] [INFO] [1790649941.241234534] [state_machine_node]: Exit scan deferred: continuing observation-based forward exploration before leaving.
[state_machine_node-24] [INFO] [1790649941.257037077] [state_machine_node]: 탐색 waypoint 계획 요청: explore_waypoint_13.9_lat+65 progress=13.87, lateral=0.65, map=(13.87, 0.65) | 좌측 차선 선택 | 전방 우측 장애물 0.80m (lateral=-0.59m) → 좌측 차선 우선 | LiDAR lane scores: L:y=0.65/clear=1.13/score=3.92, C:y=0.00/clear=1.08/score=0.22, R:y=-0.65/clear=0.97/score=0.71 | 가까운 장애물 감지, 우회 차선 우선 | direct front obstacle: full lane change allowed | 근접 장애물 여유 1.13m, waypoint 전진거리 0.68m로 축소 | 큰 차선 변경은 probe waypoint 0.45m로 먼저 검증
[state_machine_node-24] [INFO] [1790649941.258043781] [state_machine_node]: State: EXPLORING → EXPLORING_NAVIGATING
[navigation_node-22] [INFO] [1790649941.261376603] [navigation_node]: Navigation goal received: door explore_waypoint_13.9_lat+65 (color=explore, frame=map, x=13.87, y=0.65)
[navigation_node-22] [WARN] [1790649941.358818909] [navigation_node]: Adjusted unreachable/occupied navigation goal from (13.87, 0.65, cost=41) to connected free cell (13.88, 0.68, cost=0)
[bt_navigator-17] [INFO] [1790649941.433304130] [bt_navigator]: Begin navigating from current location (13.42, -0.38) to (13.88, 0.68)
[navigation_node-22] [INFO] [1790649941.437348159] [navigation_node]: Navigation goal accepted by Nav2
[controller_server-13] [INFO] [1790649941.534307009] [controller_server]: Received a goal, begin computing control effort.
[controller_server-13] [INFO] [1790649942.784957561] [controller_server]: Passing new path to controller.
[door_detection_node-21] [INFO] [1790649943.935215451] [door_detection_node]: Side camera LiDAR range looks occluded; using visual range instead (source=front_left, lidar=1.35m, visual=3.49m)
[controller_server-13] [INFO] [1790649944.034920987] [controller_server]: Passing new path to controller.
[controller_server-13] [INFO] [1790649945.409904400] [controller_server]: Passing new path to controller.
[controller_server-13] [INFO] [1790649946.659921140] [controller_server]: Passing new path to controller.
[door_detection_node-21] [INFO] [1790649947.582507151] [door_detection_node]: Side camera LiDAR range looks occluded; using visual range instead (source=front_left, lidar=1.35m, visual=3.63m)
[controller_server-13] [INFO] [1790649948.034918393] [controller_server]: Passing new path to controller.
[door_detection_node-21] [INFO] [1790649948.497194058] [door_detection_node]: 문 후보 발행: id=door_green_226f83, source=front_right, color=green, dist=4.08m, conf=0.24, bbox=(254,77,309,171), rep_x=281, center_x=281, angle=-97.3deg, center_angle=-97.3deg, lidar=4.08m, visual=4.98m, goal=(15.93,-0.40), handle=(17.43,-0.44,1.00), handle_obs=False, handle_method=estimated, handle_conf=0.00
[controller_server-13] [INFO] [1790649949.285025484] [controller_server]: Passing new path to controller.
[door_detection_node-21] [INFO] [1790649950.268489534] [door_detection_node]: Side camera visual fallback rejected (source=front_right, lidar=1.06m, visual=5.44m > 4.50m)
[controller_server-13] [INFO] [1790649950.534899549] [controller_server]: Passing new path to controller.
[door_detection_node-21] [INFO] [1790649951.141964329] [door_detection_node]: YOLO 후보 제외: source=front, edge-clipped bbox=(0,0,68,240)
[controller_server-13] [INFO] [1790649951.909955982] [controller_server]: Passing new path to controller.
[controller_server-13] [INFO] [1790649953.159899422] [controller_server]: Passing new path to controller.
[door_detection_node-21] [INFO] [1790649953.223958330] [door_detection_node]: Side camera visual fallback rejected (source=front_right, lidar=1.50m, visual=7.20m > 4.50m)
[controller_server-13] [INFO] [1790649954.534920856] [controller_server]: Passing new path to controller.
[controller_server-13] [INFO] [1790649955.784877631] [controller_server]: Passing new path to controller.
[navigation_node-22] [WARN] [1790649956.735944609] [navigation_node]: Robot is 0.34m from explore goal (threshold=0.35m). Treating navigation as succeeded.
[state_machine_node-24] [INFO] [1790649956.737902526] [state_machine_node]: Navigation succeeded.
[bt_navigator-17] [ERROR] [1790649956.855113336] [bt_navigator_navigate_to_pose_rclcpp_node]: Failed to get result for follow_path in node halt!
[bt_navigator-17] [INFO] [1790649956.855386730] [bt_navigator]: [navigate_to_pose] [ActionServer] Client requested to cancel the goal. Cancelling.
[bt_navigator-17] [INFO] [1790649956.855829409] [bt_navigator]: Goal canceled
[controller_server-13] [INFO] [1790649956.909909554] [controller_server]: Goal was canceled. Stopping the robot.
[controller_server-13] [INFO] [1790649956.909992928] [controller_server]: [follow_path] [ActionServer] Client requested to cancel the goal. Cancelling.
[state_machine_node-24] [INFO] [1790649957.416847091] [state_machine_node]: 탐색 waypoint 도착. LiDAR+camera 재스캔을 계속합니다.
[state_machine_node-24] [INFO] [1790649957.417549801] [state_machine_node]: 색상 단서 없음. 다음 탐색 waypoint는 중앙 진행축을 유지합니다.
[state_machine_node-24] [INFO] [1790649957.418173945] [state_machine_node]: State: EXPLORING_NAVIGATING → EXPLORING
[state_machine_node-24] [INFO] [1790649958.281672422] [state_machine_node]: Explore waypoint reached; holding position for single-side camera/LiDAR side scan.
[door_detection_node-21] [INFO] [1790649960.086269514] [door_detection_node]: Side camera visual fallback rejected (source=front_right, lidar=5.65m, visual=6.59m > 4.50m)
[door_detection_node-21] [INFO] [1790649960.682760126] [door_detection_node]: YOLO 후보 제외: source=front_left, edge-clipped bbox=(273,0,320,240)
[state_machine_node-24] [INFO] [1790649962.837921859] [state_machine_node]: Explore waypoint side scan complete.
[state_machine_node-24] [INFO] [1790649962.838767135] [state_machine_node]: 파란 문 후보 없음. 2.0s 동안 정지 스캔 후 관측 기반 waypoint를 계획합니다.
[state_machine_node-24] [INFO] [1790649966.298728268] [state_machine_node]: Exit scan deferred: green exit is visible but the corridor before it has not been observed closely enough for missed blue doors (progress=13.65, exit_progress=19.18, gap=5.53/4.40m).
[state_machine_node-24] [INFO] [1790649966.315643666] [state_machine_node]: 탐색 waypoint 계획 요청: explore_waypoint_14.1_lat-65 progress=14.10, lateral=-0.65, map=(14.10, -0.65) | 우측 차선 선택 | 전방 우측 장애물 0.77m (lateral=-0.56m) → 좌측 차선 우선 | LiDAR lane scores: L:y=0.65/clear=0.95/score=3.00, C:y=0.00/clear=0.95/score=-0.61, R:y=-0.65/clear=3.20/score=3.98 | direct front obstacle: full lane change allowed | 큰 차선 변경은 probe waypoint 0.45m로 먼저 검증
[state_machine_node-24] [INFO] [1790649966.316447215] [state_machine_node]: State: EXPLORING → EXPLORING_NAVIGATING
[navigation_node-22] [INFO] [1790649966.318631950] [navigation_node]: Navigation goal received: door explore_waypoint_14.1_lat-65 (color=explore, frame=map, x=14.10, y=-0.65)
[navigation_node-22] [WARN] [1790649966.412278944] [navigation_node]: Adjusted unreachable/occupied navigation goal from (14.10, -0.65, cost=99) to connected free cell (14.73, -0.62, cost=0)
[bt_navigator-17] [INFO] [1790649966.492838195] [bt_navigator]: Begin navigating from current location (13.65, 0.57) to (14.73, -0.62)
[navigation_node-22] [INFO] [1790649966.494956999] [navigation_node]: Navigation goal accepted by Nav2
[controller_server-13] [INFO] [1790649966.693995227] [controller_server]: Received a goal, begin computing control effort.
[controller_server-13] [INFO] [1790649968.069868911] [controller_server]: Passing new path to controller.
[controller_server-13] [INFO] [1790649969.319994002] [controller_server]: Passing new path to controller.
[controller_server-13] [INFO] [1790649970.694887897] [controller_server]: Passing new path to controller.
[door_detection_node-21] [INFO] [1790649970.741628221] [door_detection_node]: Side camera LiDAR range looks occluded; using visual range instead (source=front_left, lidar=2.06m, visual=4.25m)
[controller_server-13] [INFO] [1790649971.819856988] [controller_server]: Passing new path to controller.
[controller_server-13] [INFO] [1790649973.194874261] [controller_server]: Passing new path to controller.
[controller_server-13] [INFO] [1790649974.444858632] [controller_server]: Passing new path to controller.
[controller_server-13] [INFO] [1790649975.694913590] [controller_server]: Passing new path to controller.
[controller_server-13] [INFO] [1790649977.069850558] [controller_server]: Passing new path to controller.
[controller_server-13] [INFO] [1790649978.319818186] [controller_server]: Passing new path to controller.
[door_detection_node-21] [INFO] [1790649978.500358453] [door_detection_node]: Side camera LiDAR range looks occluded; using visual range instead (source=front_right, lidar=1.71m, visual=3.77m)
[controller_server-13] [INFO] [1790649979.569879110] [controller_server]: Passing new path to controller.
[controller_server-13] [INFO] [1790649980.819876344] [controller_server]: Passing new path to controller.
[door_detection_node-21] [INFO] [1790649981.703244012] [door_detection_node]: Side camera visual fallback rejected (source=front_left, lidar=1.08m, visual=5.09m > 4.50m)
[door_detection_node-21] [INFO] [1790649982.137761619] [door_detection_node]: Side camera LiDAR range looks occluded; using visual range instead (source=front_right, lidar=1.60m, visual=4.07m)
[controller_server-13] [INFO] [1790649982.194877086] [controller_server]: Passing new path to controller.
[controller_server-13] [INFO] [1790649983.444846696] [controller_server]: Passing new path to controller.
[controller_server-13] [INFO] [1790649984.694880248] [controller_server]: Passing new path to controller.
[door_detection_node-21] [INFO] [1790649984.894105459] [door_detection_node]: Side camera LiDAR range looks too long for the visible door; using visual range (source=front_left, lidar=3.38m, visual=2.34m)
[door_detection_node-21] [INFO] [1790649985.330526383] [door_detection_node]: 문 후보 발행: id=door_green_3788ea, source=front_left, color=green, dist=6.12m, conf=0.24, bbox=(134,83,178,170), rep_x=156, center_x=156, angle=71.0deg, center_angle=71.0deg, lidar=6.12m, visual=5.38m, goal=(18.09,0.17), handle=(19.59,0.25,1.00), handle_obs=False, handle_method=estimated, handle_conf=0.00
[door_detection_node-21] [INFO] [1790649985.785188379] [door_detection_node]: Side camera LiDAR range looks occluded; using visual range instead (source=front_right, lidar=1.55m, visual=3.71m)
[controller_server-13] [INFO] [1790649986.069879003] [controller_server]: Passing new path to controller.
[door_detection_node-21] [INFO] [1790649986.598940992] [door_detection_node]: Side camera visual fallback rejected (source=front_left, lidar=4.04m, visual=7.20m > 4.50m)
[controller_server-13] [INFO] [1790649987.319938224] [controller_server]: Passing new path to controller.
[controller_server-13] [INFO] [1790649988.694866948] [controller_server]: Passing new path to controller.
[door_detection_node-21] [INFO] [1790649989.136835120] [door_detection_node]: Side camera LiDAR range looks occluded; using visual range instead (source=front_right, lidar=1.52m, visual=3.60m)
[controller_server-13] [INFO] [1790649989.944854118] [controller_server]: Passing new path to controller.
[door_detection_node-21] [INFO] [1790649990.019311892] [door_detection_node]: Side camera visual fallback rejected (source=front_left, lidar=3.97m, visual=5.78m > 4.50m)
[controller_server-13] [INFO] [1790649991.194848843] [controller_server]: Passing new path to controller.
[controller_server-13] [INFO] [1790649992.569874440] [controller_server]: Passing new path to controller.
[door_detection_node-21] [INFO] [1790649993.367537098] [door_detection_node]: Side camera visual fallback rejected (source=front_left, lidar=3.97m, visual=5.51m > 4.50m)
[controller_server-13] [INFO] [1790649993.694868891] [controller_server]: Passing new path to controller.
[door_detection_node-21] [INFO] [1790649993.955697417] [door_detection_node]: Side camera LiDAR range looks occluded; using visual range instead (source=front_right, lidar=1.56m, visual=3.66m)
[controller_server-13] [INFO] [1790649995.069887497] [controller_server]: Passing new path to controller.
[controller_server-13] [INFO] [1790649996.319863582] [controller_server]: Passing new path to controller.
[door_detection_node-21] [INFO] [1790649996.435653067] [door_detection_node]: Side camera visual fallback rejected (source=front_left, lidar=3.99m, visual=5.51m > 4.50m)
[controller_server-13] [INFO] [1790649997.570143542] [controller_server]: Passing new path to controller.
[door_detection_node-21] [INFO] [1790649997.757714076] [door_detection_node]: Front lateral LiDAR range looks too long for the visible door; using visual range (lidar=3.41m, visual=2.71m)
[door_detection_node-21] [INFO] [1790649998.623546799] [door_detection_node]: Side camera visual fallback rejected (source=front_left, lidar=4.03m, visual=5.64m > 4.50m)
[controller_server-13] [INFO] [1790649998.819930169] [controller_server]: Passing new path to controller.
[controller_server-13] [INFO] [1790650000.194882567] [controller_server]: Passing new path to controller.
[door_detection_node-21] [INFO] [1790650000.785346729] [door_detection_node]: Side camera visual fallback rejected (source=front_left, lidar=3.94m, visual=6.32m > 4.50m)
[controller_server-13] [INFO] [1790650001.444851088] [controller_server]: Passing new path to controller.
[controller_server-13] [INFO] [1790650002.694888181] [controller_server]: Passing new path to controller.
[door_detection_node-21] [INFO] [1790650002.991548585] [door_detection_node]: Side camera visual fallback rejected (source=front_left, lidar=3.99m, visual=5.03m > 4.50m)
[controller_server-13] [INFO] [1790650004.069868685] [controller_server]: Passing new path to controller.
[controller_server-13] [INFO] [1790650005.319862570] [controller_server]: Passing new path to controller.
[controller_server-13] [INFO] [1790650006.694876833] [controller_server]: Passing new path to controller.
[controller_server-13] [INFO] [1790650007.944877882] [controller_server]: Passing new path to controller.
[controller_server-13] [INFO] [1790650009.194856248] [controller_server]: Passing new path to controller.
[door_detection_node-21] [INFO] [1790650009.231126743] [door_detection_node]: Front lateral LiDAR range looks too long for the visible door; using visual range (lidar=3.42m, visual=2.67m)
[door_detection_node-21] [INFO] [1790650009.676063087] [door_detection_node]: 문 후보 발행: id=door_green_7b05d3, source=front, color=green, dist=5.74m, conf=0.31, bbox=(51,80,100,163), rep_x=75, center_x=75, angle=20.0deg, center_angle=20.0deg, lidar=5.74m, visual=5.64m, goal=(17.83,0.15), handle=(19.33,0.29,1.00), handle_obs=False, handle_method=estimated, handle_conf=0.00
[controller_server-13] [INFO] [1790650010.569935933] [controller_server]: Passing new path to controller.
[door_detection_node-21] [INFO] [1790650011.358964849] [door_detection_node]: Front lateral LiDAR range looks too long for the visible door; using visual range (lidar=3.18m, visual=2.23m)
[door_detection_node-21] [INFO] [1790650011.379416055] [door_detection_node]: YOLO 후보 제외: source=front, edge-clipped bbox=(268,14,320,224)
[door_detection_node-21] [INFO] [1790650011.385727263] [door_detection_node]: YOLO 후보 제외: source=front, far small dist=6.99m, conf=0.23, bbox=(121,83,167,150)
[cmd_vel_safety_node-6] [WARN] [1790650011.685760554] [cmd_vel_safety_node]: LiDAR collision stop: front=0.48m
[controller_server-13] [INFO] [1790650011.694875252] [controller_server]: Passing new path to controller.
[controller_server-13] [INFO] [1790650013.069829220] [controller_server]: Passing new path to controller.
[door_detection_node-21] [INFO] [1790650013.173617554] [door_detection_node]: 문 후보 발행: id=door_green_f58772, source=front, color=green, dist=5.64m, conf=0.33, bbox=(151,81,196,164), rep_x=173, center_x=173, angle=-3.2deg, center_angle=-3.2deg, lidar=nonem, visual=5.64m, goal=(17.82,-0.13), handle=(19.32,-0.07,1.00), handle_obs=False, handle_method=estimated, handle_conf=0.00
[controller_server-13] [INFO] [1790650014.194861061] [controller_server]: Passing new path to controller.
[door_detection_node-21] [INFO] [1790650015.019395658] [door_detection_node]: 문 후보 발행: id=door_green_f58772, source=front, color=green, dist=5.57m, conf=0.24, bbox=(158,81,204,165), rep_x=181, center_x=181, angle=-5.1deg, center_angle=-5.1deg, lidar=3.84m, visual=5.57m, goal=(17.78,-0.16), handle=(19.28,-0.11,1.00), handle_obs=False, handle_method=estimated, handle_conf=0.00
[controller_server-13] [INFO] [1790650015.569870088] [controller_server]: Passing new path to controller.
[cmd_vel_safety_node-6] [WARN] [1790650015.685595535] [cmd_vel_safety_node]: LiDAR collision stop: front=0.48m
[door_detection_node-21] [INFO] [1790650016.093872797] [door_detection_node]: Side camera LiDAR range looks too long for the visible door; using visual range (source=front_right, lidar=3.31m, visual=2.23m)
[controller_server-13] [INFO] [1790650016.819867477] [controller_server]: Passing new path to controller.
[cmd_vel_safety_node-6] [WARN] [1790650017.885984947] [cmd_vel_safety_node]: LiDAR collision stop: front=0.43m
[controller_server-13] [INFO] [1790650018.194872309] [controller_server]: Passing new path to controller.
[controller_server-13] [INFO] [1790650019.444853593] [controller_server]: Passing new path to controller.
[door_detection_node-21] [INFO] [1790650019.632738293] [door_detection_node]: Side camera LiDAR range looks too long for the visible door; using visual range (source=front_right, lidar=3.34m, visual=2.25m)
[cmd_vel_safety_node-6] [WARN] [1790650019.687222118] [cmd_vel_safety_node]: LiDAR collision stop: front=0.44m
[controller_server-13] [INFO] [1790650020.695039125] [controller_server]: Passing new path to controller.
[cmd_vel_safety_node-6] [WARN] [1790650021.735801389] [cmd_vel_safety_node]: LiDAR collision stop: front=0.43m
[controller_server-13] [INFO] [1790650022.069917591] [controller_server]: Passing new path to controller.
[door_detection_node-21] [INFO] [1790650023.169452237] [door_detection_node]: Side camera LiDAR range looks too long for the visible door; using visual range (source=front_right, lidar=3.33m, visual=2.24m)
[controller_server-13] [INFO] [1790650023.319861219] [controller_server]: Passing new path to controller.
[cmd_vel_safety_node-6] [WARN] [1790650023.536199674] [cmd_vel_safety_node]: LiDAR collision stop: front=0.46m
[controller_server-13] [INFO] [1790650024.695498028] [controller_server]: Passing new path to controller.
[cmd_vel_safety_node-6] [WARN] [1790650025.336501093] [cmd_vel_safety_node]: LiDAR collision stop: front=0.41m
[state_machine_node-24] [WARN] [1790650025.517842962] [state_machine_node]: 탐색 waypoint 이동 timeout (32.5s). 반대 차선으로 다시 스캔합니다.
[state_machine_node-24] [INFO] [1790650025.518776285] [state_machine_node]: Nav2 goal cancellation requested before explore waypoint timeout replanning.
[navigation_node-22] [INFO] [1790650025.519494655] [navigation_node]: Navigation cancellation requested for manual control handoff.
[state_machine_node-24] [INFO] [1790650025.519536864] [state_machine_node]: 다음 탐색 waypoint는 좌측 차선을 우선합니다.
[state_machine_node-24] [INFO] [1790650025.519969082] [state_machine_node]: State: EXPLORING_NAVIGATING → EXPLORING
[bt_navigator-17] [ERROR] [1790650025.615397472] [bt_navigator_navigate_to_pose_rclcpp_node]: Failed to get result for follow_path in node halt!
[bt_navigator-17] [INFO] [1790650025.615623137] [bt_navigator]: [navigate_to_pose] [ActionServer] Client requested to cancel the goal. Cancelling.
[bt_navigator-17] [INFO] [1790650025.616026002] [bt_navigator]: Goal canceled
[controller_server-13] [INFO] [1790650025.694875946] [controller_server]: Goal was canceled. Stopping the robot.
[controller_server-13] [INFO] [1790650025.694982302] [controller_server]: [follow_path] [ActionServer] Client requested to cancel the goal. Cancelling.
[state_machine_node-24] [INFO] [1790650026.375079108] [state_machine_node]: 파란 문 후보 없음. 2.0s 동안 정지 스캔 후 관측 기반 waypoint를 계획합니다.
[door_detection_node-21] [INFO] [1790650026.710856222] [door_detection_node]: Side camera LiDAR range looks too long for the visible door; using visual range (source=front_right, lidar=3.36m, visual=2.26m)
[state_machine_node-24] [INFO] [1790650029.854732569] [state_machine_node]: Exit scan deferred: green exit is visible but the corridor before it has not been observed closely enough for missed blue doors (progress=13.75, exit_progress=19.18, gap=5.44/4.40m).
[state_machine_node-24] [INFO] [1790650029.870639229] [state_machine_node]: 탐색 waypoint 계획 요청: explore_waypoint_14.2_lat+65 progress=14.20, lateral=0.65, map=(14.20, 0.65) | 좌측 차선 선택 | 전방 좌측 장애물 0.94m (lateral=0.23m) → 우측 차선 우선 | LiDAR lane scores: R:y=-0.65/clear=3.20/score=-7.42/recent_fail, C:y=0.00/clear=0.95/score=0.10, L:y=0.65/clear=3.20/score=3.62 | direct front obstacle: full lane change allowed | 큰 차선 변경은 probe waypoint 0.45m로 먼저 검증
[state_machine_node-24] [INFO] [1790650029.871586257] [state_machine_node]: State: EXPLORING → EXPLORING_NAVIGATING
[navigation_node-22] [INFO] [1790650029.874797070] [navigation_node]: Navigation goal received: door explore_waypoint_14.2_lat+65 (color=explore, frame=map, x=14.20, y=0.65)
[navigation_node-22] [WARN] [1790650029.968968661] [navigation_node]: Adjusted unreachable/occupied navigation goal from (14.20, 0.65, cost=69) to connected free cell (13.93, 0.68, cost=0)
[bt_navigator-17] [INFO] [1790650030.045885607] [bt_navigator]: Begin navigating from current location (13.75, -0.31) to (13.93, 0.68)
[navigation_node-22] [INFO] [1790650030.049797527] [navigation_node]: Navigation goal accepted by Nav2
[door_detection_node-21] [INFO] [1790650030.184296506] [door_detection_node]: Side camera LiDAR range looks too long for the visible door; using visual range (source=front_right, lidar=3.36m, visual=2.26m)
[controller_server-13] [INFO] [1790650030.247383307] [controller_server]: Received a goal, begin computing control effort.
[door_detection_node-21] [INFO] [1790650031.078834326] [door_detection_node]: 문 후보 발행: id=door_green_f58772, source=front, color=green, dist=5.51m, conf=0.30, bbox=(176,81,221,166), rep_x=198, center_x=198, angle=-9.2deg, center_angle=-9.2deg, lidar=3.71m, visual=5.51m, goal=(17.75,-0.21), handle=(19.25,-0.17,1.00), handle_obs=False, handle_method=estimated, handle_conf=0.00
[controller_server-13] [INFO] [1790650031.498007404] [controller_server]: Passing new path to controller.
[door_detection_node-21] [INFO] [1790650032.488823578] [door_detection_node]: Side camera LiDAR range looks too long for the visible door; using visual range (source=front_right, lidar=3.91m, visual=2.36m)
[controller_server-13] [INFO] [1790650032.747971912] [controller_server]: Passing new path to controller.
[cmd_vel_safety_node-6] [WARN] [1790650034.038712017] [cmd_vel_safety_node]: LiDAR collision stop: front=0.45m
[controller_server-13] [INFO] [1790650034.123007674] [controller_server]: Passing new path to controller.
[door_detection_node-21] [INFO] [1790650034.711337237] [door_detection_node]: Side camera visual fallback rejected (source=front_right, lidar=0.80m, visual=5.92m > 4.50m)
[controller_server-13] [INFO] [1790650035.372974275] [controller_server]: Passing new path to controller.
[door_detection_node-21] [INFO] [1790650036.135256410] [door_detection_node]: Side camera LiDAR range looks too long for the visible door; using visual range (source=front_right, lidar=3.61m, visual=2.20m)
[controller_server-13] [INFO] [1790650036.748373924] [controller_server]: Passing new path to controller.
[door_detection_node-21] [INFO] [1790650037.972793718] [door_detection_node]: Side camera visual fallback rejected (source=front_right, lidar=0.59m, visual=6.24m > 4.50m)
[controller_server-13] [INFO] [1790650037.997991436] [controller_server]: Passing new path to controller.
[door_detection_node-21] [INFO] [1790650039.116023967] [door_detection_node]: YOLO 후보 제외: source=front, edge-clipped bbox=(0,0,66,240)
[controller_server-13] [INFO] [1790650039.248009358] [controller_server]: Passing new path to controller.
[controller_server-13] [INFO] [1790650040.623540147] [controller_server]: Passing new path to controller.
[navigation_node-22] [WARN] [1790650040.648694919] [navigation_node]: Robot is 0.34m from explore goal (threshold=0.35m). Treating navigation as succeeded.
[state_machine_node-24] [INFO] [1790650040.650061996] [state_machine_node]: Navigation succeeded.
[controller_server-13] [INFO] [1790650040.747966107] [controller_server]: Goal was canceled. Stopping the robot.
[controller_server-13] [INFO] [1790650040.748077230] [controller_server]: [follow_path] [ActionServer] Client requested to cancel the goal. Cancelling.
[bt_navigator-17] [INFO] [1790650040.748536776] [bt_navigator]: [navigate_to_pose] [ActionServer] Client requested to cancel the goal. Cancelling.
[bt_navigator-17] [INFO] [1790650040.748859388] [bt_navigator]: Goal canceled
[state_machine_node-24] [INFO] [1790650041.028891645] [state_machine_node]: 탐색 waypoint 도착. LiDAR+camera 재스캔을 계속합니다.
[state_machine_node-24] [INFO] [1790650041.029569834] [state_machine_node]: 색상 단서 없음. 다음 탐색 waypoint는 중앙 진행축을 유지합니다.
[state_machine_node-24] [INFO] [1790650041.030136639] [state_machine_node]: State: EXPLORING_NAVIGATING → EXPLORING
[state_machine_node-24] [INFO] [1790650041.948554843] [state_machine_node]: Explore waypoint reached; holding position for single-side camera/LiDAR side scan.
[door_detection_node-21] [INFO] [1790650044.623347425] [door_detection_node]: Side camera LiDAR range looks occluded; using visual range instead (source=front_right, lidar=0.66m, visual=2.44m)
[door_detection_node-21] [INFO] [1790650045.043075036] [door_detection_node]: Side camera visual fallback rejected (source=front_right, lidar=0.93m, visual=6.59m > 4.50m)
[state_machine_node-24] [INFO] [1790650046.481839194] [state_machine_node]: Explore waypoint side scan complete.
[state_machine_node-24] [INFO] [1790650046.482390559] [state_machine_node]: 파란 문 후보 없음. 2.0s 동안 정지 스캔 후 관측 기반 waypoint를 계획합니다.
[door_detection_node-21] [INFO] [1790650048.164996075] [door_detection_node]: Side camera LiDAR range looks occluded; using visual range instead (source=front_right, lidar=0.64m, visual=2.87m)
[door_detection_node-21] [INFO] [1790650048.585822474] [door_detection_node]: Side camera visual fallback rejected (source=front_right, lidar=1.16m, visual=5.64m > 4.50m)
[state_machine_node-24] [INFO] [1790650049.961670367] [state_machine_node]: Exit scan deferred: green exit is visible but the corridor before it has not been observed closely enough for missed blue doors (progress=13.85, exit_progress=19.18, gap=5.33/4.40m).
[state_machine_node-24] [INFO] [1790650049.963525298] [state_machine_node]: Exit scan deferred: continuing observation-based forward exploration before leaving.
[state_machine_node-24] [INFO] [1790650049.977708179] [state_machine_node]: 탐색 waypoint 계획 요청: explore_waypoint_14.3_lat-65 progress=14.30, lateral=-0.65, map=(14.30, -0.65) | 우측 차선 선택 | 전방 우측 장애물 0.97m (lateral=-0.14m) → 좌측 차선 우선 | LiDAR lane scores: L:y=0.65/clear=0.97/score=3.01, C:y=0.00/clear=0.97/score=-0.58, R:y=-0.65/clear=3.20/score=3.99 | direct front obstacle: full lane change allowed | 큰 차선 변경은 probe waypoint 0.45m로 먼저 검증
[state_machine_node-24] [INFO] [1790650049.978499488] [state_machine_node]: State: EXPLORING → EXPLORING_NAVIGATING
[navigation_node-22] [INFO] [1790650049.981253297] [navigation_node]: Navigation goal received: door explore_waypoint_14.3_lat-65 (color=explore, frame=map, x=14.30, y=-0.65)
[navigation_node-22] [WARN] [1790650050.074142517] [navigation_node]: Adjusted unreachable/occupied navigation goal from (14.30, -0.65, cost=99) to connected free cell (14.78, -0.67, cost=0)
[bt_navigator-17] [INFO] [1790650050.145252560] [bt_navigator]: Begin navigating from current location (13.85, 0.37) to (14.78, -0.67)
[navigation_node-22] [INFO] [1790650050.149401114] [navigation_node]: Navigation goal accepted by Nav2
[controller_server-13] [INFO] [1790650050.346210259] [controller_server]: Received a goal, begin computing control effort.
[door_detection_node-21] [INFO] [1790650051.050906435] [door_detection_node]: Side camera LiDAR range looks occluded; using visual range instead (source=front_right, lidar=0.61m, visual=2.87m)
[cmd_vel_safety_node-6] [WARN] [1790650051.336175479] [cmd_vel_safety_node]: LiDAR collision stop: turn_clearance=0.32m
[door_detection_node-21] [INFO] [1790650051.479203601] [door_detection_node]: Side camera visual fallback rejected (source=front_right, lidar=1.21m, visual=5.64m > 4.50m)
[controller_server-13] [INFO] [1790650051.721814170] [controller_server]: Passing new path to controller.
[controller_server-13] [INFO] [1790650052.971768209] [controller_server]: Passing new path to controller.
[door_detection_node-21] [INFO] [1790650053.123652216] [door_detection_node]: Side camera LiDAR range looks occluded; using visual range instead (source=front_right, lidar=0.63m, visual=2.87m)
[cmd_vel_safety_node-6] [WARN] [1790650053.485287378] [cmd_vel_safety_node]: LiDAR collision stop: turn_clearance=0.29m
[controller_server-13] [INFO] [1790650054.346814144] [controller_server]: Passing new path to controller.
[door_detection_node-21] [INFO] [1790650054.364616001] [door_detection_node]: YOLO 후보 제외: source=front, far small dist=6.24m, conf=0.28, bbox=(210,80,262,155)
[cmd_vel_safety_node-6] [WARN] [1790650055.285466327] [cmd_vel_safety_node]: LiDAR collision stop: turn_clearance=0.31m
[controller_server-13] [INFO] [1790650055.596796754] [controller_server]: Passing new path to controller.
[door_detection_node-21] [INFO] [1790650056.582192360] [door_detection_node]: Side camera LiDAR range looks occluded; using visual range instead (source=front_right, lidar=0.68m, visual=2.85m)
[controller_server-13] [INFO] [1790650056.846803164] [controller_server]: Passing new path to controller.
[controller_server-13] [ERROR] [1790650057.020869770] [transformPoseInTargetFrame]: Extrapolation Error looking up target frame: Lookup would require extrapolation into the future.  Requested time 447.408000 but the latest data is at time 447.350000, when looking up transform from frame [map] to frame [base_link]
[controller_server-13] 
[cmd_vel_safety_node-6] [WARN] [1790650057.035362311] [cmd_vel_safety_node]: LiDAR collision stop: turn_clearance=0.31m
[controller_server-13] [WARN] [1790650057.036918054] [controller_server]: Control loop missed its desired rate of 8.0000Hz
[controller_server-13] [ERROR] [1790650057.346963983] [tf_help]: Transform data too old when converting from odom to map
[controller_server-13] [ERROR] [1790650057.347083614] [tf_help]: Data time: 447s 700000000ns, Transform time: 447s 350000000ns
[controller_server-13] [WARN] [1790650057.347147638] [controller_server]: Unable to transform robot pose into global plan's frame
[controller_server-13] [ERROR] [1790650057.471959725] [tf_help]: Transform data too old when converting from odom to map
[controller_server-13] [ERROR] [1790650057.472105570] [tf_help]: Data time: 447s 750000000ns, Transform time: 447s 350000000ns
[controller_server-13] [WARN] [1790650057.472177496] [controller_server]: Unable to transform robot pose into global plan's frame
[controller_server-13] [ERROR] [1790650057.596919130] [tf_help]: Transform data too old when converting from odom to map
[controller_server-13] [ERROR] [1790650057.596993348] [tf_help]: Data time: 447s 800000000ns, Transform time: 447s 350000000ns
[controller_server-13] [WARN] [1790650057.597033710] [controller_server]: Unable to transform robot pose into global plan's frame
[door_detection_node-21] [INFO] [1790650057.822318382] [door_detection_node]: YOLO 후보 제외: source=front, far small dist=6.32m, conf=0.30, bbox=(205,80,257,154)
[controller_server-13] [INFO] [1790650058.221809295] [controller_server]: Passing new path to controller.
[cmd_vel_safety_node-6] [WARN] [1790650058.785964502] [cmd_vel_safety_node]: LiDAR collision stop: turn_clearance=0.29m
[controller_server-13] [INFO] [1790650059.472230077] [controller_server]: Passing new path to controller.
[door_detection_node-21] [INFO] [1790650060.136048196] [door_detection_node]: Side camera LiDAR range looks occluded; using visual range instead (source=front_right, lidar=0.63m, visual=2.84m)
[cmd_vel_safety_node-6] [WARN] [1790650060.539608536] [cmd_vel_safety_node]: LiDAR collision stop: turn_clearance=0.28m
[controller_server-13] [INFO] [1790650060.846795951] [controller_server]: Passing new path to controller.
[controller_server-13] [INFO] [1790650061.971794363] [controller_server]: Passing new path to controller.
[cmd_vel_safety_node-6] [WARN] [1790650062.285526167] [cmd_vel_safety_node]: LiDAR collision stop: turn_clearance=0.26m
[door_detection_node-21] [INFO] [1790650062.412675645] [door_detection_node]: YOLO 후보 제외: source=front, far small dist=6.32m, conf=0.27, bbox=(205,80,256,154)
[controller_server-13] [INFO] [1790650063.346853929] [controller_server]: Passing new path to controller.
[door_detection_node-21] [INFO] [1790650063.472158655] [door_detection_node]: Side camera LiDAR range looks occluded; using visual range instead (source=front_right, lidar=0.66m, visual=2.80m)
[cmd_vel_safety_node-6] [WARN] [1790650063.985203300] [cmd_vel_safety_node]: LiDAR collision stop: turn_clearance=0.27m
[controller_server-13] [INFO] [1790650064.596814140] [controller_server]: Passing new path to controller.
[cmd_vel_safety_node-6] [WARN] [1790650065.685543114] [cmd_vel_safety_node]: LiDAR collision stop: turn_clearance=0.29m
[controller_server-13] [INFO] [1790650065.846786281] [controller_server]: Passing new path to controller.
[door_detection_node-21] [INFO] [1790650066.302361467] [door_detection_node]: YOLO 후보 제외: source=front, far small dist=6.32m, conf=0.27, bbox=(202,80,253,154)
[controller_server-13] [INFO] [1790650067.096812131] [controller_server]: Passing new path to controller.
[door_detection_node-21] [INFO] [1790650067.401539195] [door_detection_node]: Side camera LiDAR range looks occluded; using visual range instead (source=front_right, lidar=0.69m, visual=2.84m)
[cmd_vel_safety_node-6] [WARN] [1790650067.435472320] [cmd_vel_safety_node]: LiDAR collision stop: turn_clearance=0.29m
[controller_server-13] [INFO] [1790650068.346813878] [controller_server]: Passing new path to controller.
[cmd_vel_safety_node-6] [WARN] [1790650069.285200374] [cmd_vel_safety_node]: LiDAR collision stop: turn_clearance=0.27m
[controller_server-13] [INFO] [1790650069.721796216] [controller_server]: Passing new path to controller.
[door_detection_node-21] [INFO] [1790650070.408177949] [door_detection_node]: Side camera LiDAR range looks occluded; using visual range instead (source=front_right, lidar=0.67m, visual=2.82m)
[controller_server-13] [INFO] [1790650070.971852397] [controller_server]: Passing new path to controller.
[cmd_vel_safety_node-6] [WARN] [1790650071.035397207] [cmd_vel_safety_node]: LiDAR collision stop: turn_clearance=0.29m
[door_detection_node-21] [INFO] [1790650071.277813039] [door_detection_node]: YOLO 후보 제외: source=front, far small dist=6.41m, conf=0.27, bbox=(194,81,244,154)
[controller_server-13] [INFO] [1790650072.221824402] [controller_server]: Passing new path to controller.
[cmd_vel_safety_node-6] [WARN] [1790650072.885828206] [cmd_vel_safety_node]: LiDAR collision stop: turn_clearance=0.31m
[controller_server-13] [INFO] [1790650073.471858756] [controller_server]: Passing new path to controller.
[door_detection_node-21] [INFO] [1790650074.320493760] [door_detection_node]: Side camera LiDAR range looks occluded; using visual range instead (source=front_right, lidar=0.61m, visual=2.77m)
[controller_server-13] [INFO] [1790650074.846763500] [controller_server]: Passing new path to controller.
[cmd_vel_safety_node-6] [WARN] [1790650074.937139345] [cmd_vel_safety_node]: LiDAR collision stop: turn_clearance=0.27m
[door_detection_node-21] [INFO] [1790650075.591070070] [door_detection_node]: YOLO 후보 제외: source=front, far small dist=6.50m, conf=0.26, bbox=(185,81,234,153)
[controller_server-13] [INFO] [1790650076.096807913] [controller_server]: Passing new path to controller.
[cmd_vel_safety_node-6] [WARN] [1790650076.835152495] [cmd_vel_safety_node]: LiDAR collision stop: turn_clearance=0.29m
[controller_server-13] [INFO] [1790650077.471804418] [controller_server]: Passing new path to controller.
[door_detection_node-21] [INFO] [1790650077.729958412] [door_detection_node]: Side camera LiDAR range looks occluded; using visual range instead (source=front_right, lidar=0.68m, visual=2.79m)
[controller_server-13] [INFO] [1790650078.721833210] [controller_server]: Passing new path to controller.
[cmd_vel_safety_node-6] [WARN] [1790650078.786735923] [cmd_vel_safety_node]: LiDAR collision stop: turn_clearance=0.27m
[door_detection_node-21] [INFO] [1790650079.045926712] [door_detection_node]: YOLO 후보 제외: source=front, far small dist=6.59m, conf=0.26, bbox=(175,82,223,153)
[controller_server-13] [INFO] [1790650079.971828202] [controller_server]: Passing new path to controller.
[cmd_vel_safety_node-6] [WARN] [1790650080.936064134] [cmd_vel_safety_node]: LiDAR collision stop: turn_clearance=0.25m
[door_detection_node-21] [INFO] [1790650081.166649553] [door_detection_node]: YOLO 후보 제외: source=front, far small dist=6.59m, conf=0.24, bbox=(174,82,222,153)
[controller_server-13] [INFO] [1790650081.221793188] [controller_server]: Passing new path to controller.
[door_detection_node-21] [INFO] [1790650081.961500575] [door_detection_node]: Side camera LiDAR range looks occluded; using visual range instead (source=front_right, lidar=0.68m, visual=2.80m)
[controller_server-13] [INFO] [1790650082.471847926] [controller_server]: Passing new path to controller.
[cmd_vel_safety_node-6] [WARN] [1790650083.086235822] [cmd_vel_safety_node]: LiDAR collision stop: turn_clearance=0.28m
[controller_server-13] [ERROR] [1790650083.097159138] [controller_server]: Failed to make progress
[controller_server-13] [WARN] [1790650083.097559755] [controller_server]: [follow_path] [ActionServer] Aborting handle.
[door_detection_node-21] [INFO] [1790650083.331524420] [door_detection_node]: 문 후보 발행: id=door_green_f58772, source=front, color=green, dist=4.88m, conf=0.21, bbox=(167,79,219,175), rep_x=193, center_x=193, angle=-8.0deg, center_angle=-8.0deg, lidar=nonem, visual=4.88m, goal=(17.25,0.21), handle=(18.75,0.12,1.00), handle_obs=False, handle_method=estimated, handle_conf=0.00
[door_detection_node-21] [INFO] [1790650083.337978098] [door_detection_node]: YOLO 후보 제외: source=front, far small dist=6.59m, conf=0.24, bbox=(170,82,218,153)
[controller_server-13] [INFO] [1790650083.346613915] [local_costmap.local_costmap]: Received request to clear entirely the local_costmap
[behavior_server-16] [INFO] [1790650083.349111878] [behavior_server]: Running backup
[behavior_server-16] [INFO] [1790650083.349646583] [behavior_server]: DriveOnHeading: no acceleration or deceleration limits set
[door_detection_node-21] [INFO] [1790650085.136964863] [door_detection_node]: 문 후보 발행: id=door_green_f58772, source=front, color=green, dist=4.82m, conf=0.22, bbox=(166,77,219,174), rep_x=192, center_x=192, angle=-7.8deg, center_angle=-7.8deg, lidar=nonem, visual=4.82m, goal=(17.15,0.23), handle=(18.65,0.14,1.00), handle_obs=False, handle_method=estimated, handle_conf=0.00
[door_detection_node-21] [INFO] [1790650085.739848990] [door_detection_node]: Side camera LiDAR range looks occluded; using visual range instead (source=front_right, lidar=0.75m, visual=2.77m)
[door_detection_node-21] [INFO] [1790650086.924343857] [door_detection_node]: YOLO 후보 제외: source=front, far small dist=6.78m, conf=0.22, bbox=(170,83,217,152)
[behavior_server-16] [INFO] [1790650089.049832880] [behavior_server]: backup completed successfully
[door_detection_node-21] [INFO] [1790650089.215288480] [door_detection_node]: Side camera LiDAR range looks too long for the visible door; using visual range (source=front_right, lidar=3.77m, visual=2.79m)
[controller_server-13] [INFO] [1790650089.346345929] [controller_server]: Received a goal, begin computing control effort.
[controller_server-13] [INFO] [1790650090.221750395] [controller_server]: Passing new path to controller.
[door_detection_node-21] [INFO] [1790650090.341163738] [door_detection_node]: YOLO 후보 제외: source=front, far small dist=6.99m, conf=0.21, bbox=(153,84,199,151)
[controller_server-13] [INFO] [1790650091.471817550] [controller_server]: Passing new path to controller.
[controller_server-13] [INFO] [1790650092.846777966] [controller_server]: Passing new path to controller.
[controller_server-13] [INFO] [1790650094.097999375] [controller_server]: Passing new path to controller.
[door_detection_node-21] [INFO] [1790650094.358661593] [door_detection_node]: Side camera LiDAR range looks occluded; using visual range instead (source=front_right, lidar=1.73m, visual=3.97m)
[door_detection_node-21] [INFO] [1790650095.208816725] [door_detection_node]: Side camera visual fallback rejected (source=front_left, lidar=0.73m, visual=6.78m > 4.50m)
[controller_server-13] [INFO] [1790650095.346765133] [controller_server]: Passing new path to controller.
[controller_server-13] [INFO] [1790650096.721773004] [controller_server]: Passing new path to controller.
[door_detection_node-21] [INFO] [1790650097.251486745] [door_detection_node]: Side camera visual fallback rejected (source=front_left, lidar=3.69m, visual=5.38m > 4.50m)
[door_detection_node-21] [INFO] [1790650097.837643326] [door_detection_node]: Side camera LiDAR range looks occluded; using visual range instead (source=front_right, lidar=1.93m, visual=4.22m)
[controller_server-13] [INFO] [1790650097.971757387] [controller_server]: Passing new path to controller.
[cmd_vel_safety_node-6] [WARN] [1790650099.084899967] [cmd_vel_safety_node]: LiDAR collision stop: front=0.47m
[controller_server-13] [INFO] [1790650099.347066340] [controller_server]: Passing new path to controller.
[controller_server-13] [INFO] [1790650100.596765096] [controller_server]: Passing new path to controller.
[door_detection_node-21] [INFO] [1790650100.812501933] [door_detection_node]: Side camera visual fallback rejected (source=front_left, lidar=3.61m, visual=6.59m > 4.50m)
[cmd_vel_safety_node-6] [WARN] [1790650100.834604649] [cmd_vel_safety_node]: LiDAR collision stop: front=0.41m
[controller_server-13] [INFO] [1790650101.846772823] [controller_server]: Passing new path to controller.
[cmd_vel_safety_node-6] [WARN] [1790650102.585503427] [cmd_vel_safety_node]: LiDAR collision stop: front=0.43m
[controller_server-13] [INFO] [1790650103.221789440] [controller_server]: Passing new path to controller.
[cmd_vel_safety_node-6] [WARN] [1790650104.335336100] [cmd_vel_safety_node]: LiDAR collision stop: front=0.45m
[door_detection_node-21] [INFO] [1790650104.385386961] [door_detection_node]: Side camera visual fallback rejected (source=front_left, lidar=3.61m, visual=5.26m > 4.50m)
[controller_server-13] [INFO] [1790650104.471787352] [controller_server]: Passing new path to controller.
[door_detection_node-21] [INFO] [1790650104.774630274] [door_detection_node]: YOLO 후보 제외: source=front_right, far small dist=5.01m, conf=0.29, bbox=(216,65,235,170)
[controller_server-13] [INFO] [1790650105.846799225] [controller_server]: Passing new path to controller.
[cmd_vel_safety_node-6] [WARN] [1790650106.085345759] [cmd_vel_safety_node]: LiDAR collision stop: front=0.46m
[controller_server-13] [INFO] [1790650107.096726584] [controller_server]: Passing new path to controller.
[door_detection_node-21] [INFO] [1790650107.391213318] [door_detection_node]: Side camera visual fallback rejected (source=front_left, lidar=3.66m, visual=5.85m > 4.50m)
[cmd_vel_safety_node-6] [WARN] [1790650107.837106767] [cmd_vel_safety_node]: LiDAR collision stop: front=0.38m
[state_machine_node-24] [WARN] [1790650107.938086671] [state_machine_node]: 탐색 waypoint 이동 timeout (32.5s). 반대 차선으로 다시 스캔합니다.
[state_machine_node-24] [INFO] [1790650107.940623407] [state_machine_node]: Nav2 goal cancellation requested before explore waypoint timeout replanning.
[navigation_node-22] [INFO] [1790650107.941430535] [navigation_node]: Navigation cancellation requested for manual control handoff.
[state_machine_node-24] [INFO] [1790650107.941658718] [state_machine_node]: 다음 탐색 waypoint는 좌측 차선을 우선합니다.
[state_machine_node-24] [INFO] [1790650107.942463623] [state_machine_node]: State: EXPLORING_NAVIGATING → EXPLORING
[bt_navigator-17] [ERROR] [1790650107.966983460] [bt_navigator_navigate_to_pose_rclcpp_node]: Failed to get result for follow_path in node halt!
[bt_navigator-17] [INFO] [1790650107.967331692] [bt_navigator]: [navigate_to_pose] [ActionServer] Client requested to cancel the goal. Cancelling.
[bt_navigator-17] [INFO] [1790650107.968456368] [bt_navigator]: Goal canceled
[controller_server-13] [INFO] [1790650107.971764551] [controller_server]: Goal was canceled. Stopping the robot.
[controller_server-13] [INFO] [1790650107.971875755] [controller_server]: [follow_path] [ActionServer] Client requested to cancel the goal. Cancelling.
[state_machine_node-24] [INFO] [1790650108.798482079] [state_machine_node]: 파란 문 후보 없음. 2.0s 동안 정지 스캔 후 관측 기반 waypoint를 계획합니다.
[door_detection_node-21] [INFO] [1790650111.389472291] [door_detection_node]: Side camera visual fallback rejected (source=front_left, lidar=3.56m, visual=5.71m > 4.50m)
[state_machine_node-24] [INFO] [1790650112.174541492] [state_machine_node]: Exit scan deferred: green exit is visible but the corridor before it has not been observed closely enough for missed blue doors (progress=13.96, exit_progress=19.18, gap=5.22/4.40m).
[state_machine_node-24] [INFO] [1790650112.191016179] [state_machine_node]: 탐색 waypoint 계획 요청: explore_waypoint_14.4_lat+65 progress=14.41, lateral=0.65, map=(14.41, 0.65) | 좌측 차선 선택 | 전방 좌측 장애물 0.96m (lateral=0.41m) → 우측 차선 우선 | LiDAR lane scores: R:y=-0.65/clear=3.20/score=-6.58/recent_fail, C:y=0.00/clear=0.96/score=-0.58, L:y=0.65/clear=0.96/score=-0.26 | 가까운 장애물 감지, 우회 차선 우선 | direct front obstacle: full lane change allowed | 근접 장애물 여유 0.96m, waypoint 전진거리 0.51m로 축소 | 큰 차선 변경은 probe waypoint 0.45m로 먼저 검증
[state_machine_node-24] [INFO] [1790650112.191830940] [state_machine_node]: State: EXPLORING → EXPLORING_NAVIGATING
[navigation_node-22] [INFO] [1790650112.194730623] [navigation_node]: Navigation goal received: door explore_waypoint_14.4_lat+65 (color=explore, frame=map, x=14.41, y=0.65)
[navigation_node-22] [WARN] [1790650112.283392750] [navigation_node]: Adjusted unreachable/occupied navigation goal from (14.41, 0.65, cost=99) to connected free cell (13.93, 0.68, cost=0)
[bt_navigator-17] [INFO] [1790650112.354502155] [bt_navigator]: Begin navigating from current location (13.96, -0.21) to (13.93, 0.68)
[navigation_node-22] [INFO] [1790650112.358742290] [navigation_node]: Navigation goal accepted by Nav2
[controller_server-13] [INFO] [1790650112.555838904] [controller_server]: Received a goal, begin computing control effort.
[door_detection_node-21] [INFO] [1790650113.706869028] [door_detection_node]: Side camera visual fallback rejected (source=front_left, lidar=3.57m, visual=5.71m > 4.50m)
[controller_server-13] [INFO] [1790650113.931595682] [controller_server]: Passing new path to controller.
[controller_server-13] [INFO] [1790650115.181617634] [controller_server]: Passing new path to controller.
[cmd_vel_safety_node-6] [WARN] [1790650115.285874656] [cmd_vel_safety_node]: LiDAR collision stop: front=0.45m
[door_detection_node-21] [INFO] [1790650115.367874559] [door_detection_node]: YOLO 후보 제외: source=front_left, far small dist=7.30m, conf=0.36, bbox=(28,77,85,154)
[controller_server-13] [INFO] [1790650116.431571404] [controller_server]: Passing new path to controller.
[controller_server-13] [INFO] [1790650117.681648566] [controller_server]: Passing new path to controller.
[controller_server-13] [INFO] [1790650119.056706874] [controller_server]: Passing new path to controller.
[controller_server-13] [INFO] [1790650120.181595468] [controller_server]: Passing new path to controller.
[door_detection_node-21] [INFO] [1790650121.530511321] [door_detection_node]: Side camera LiDAR range looks occluded; using visual range instead (source=front_left, lidar=1.72m, visual=3.87m)
[controller_server-13] [INFO] [1790650121.556569741] [controller_server]: Passing new path to controller.
[controller_server-13] [INFO] [1790650122.806731097] [controller_server]: Passing new path to controller.
[controller_server-13] [INFO] [1790650124.056584486] [controller_server]: Passing new path to controller.
[door_detection_node-21] [INFO] [1790650124.444989377] [door_detection_node]: Side camera LiDAR range looks occluded; using visual range instead (source=front_left, lidar=1.50m, visual=4.18m)
[controller_server-13] [INFO] [1790650125.306590801] [controller_server]: Passing new path to controller.
[controller_server-13] [INFO] [1790650126.556590268] [controller_server]: Passing new path to controller.
[door_detection_node-21] [INFO] [1790650126.771831080] [door_detection_node]: Side camera visual fallback rejected (source=front_right, lidar=0.95m, visual=6.08m > 4.50m)
[controller_server-13] [INFO] [1790650127.931557783] [controller_server]: Passing new path to controller.
[controller_server-13] [INFO] [1790650129.181564046] [controller_server]: Passing new path to controller.
[controller_server-13] [INFO] [1790650130.556586239] [controller_server]: Passing new path to controller.
[controller_server-13] [INFO] [1790650131.806609490] [controller_server]: Passing new path to controller.
[navigation_node-22] [WARN] [1790650132.057320331] [navigation_node]: Robot is 0.35m from explore goal (threshold=0.35m). Treating navigation as succeeded.
[state_machine_node-24] [INFO] [1790650132.059582412] [state_machine_node]: Navigation succeeded.
[bt_navigator-17] [ERROR] [1790650132.177554989] [bt_navigator_navigate_to_pose_rclcpp_node]: Failed to get result for follow_path in node halt!
[bt_navigator-17] [INFO] [1790650132.177837557] [bt_navigator]: [navigate_to_pose] [ActionServer] Client requested to cancel the goal. Cancelling.
[bt_navigator-17] [INFO] [1790650132.178438282] [bt_navigator]: Goal canceled
[controller_server-13] [INFO] [1790650132.181582371] [controller_server]: Goal was canceled. Stopping the robot.
[controller_server-13] [INFO] [1790650132.181738775] [controller_server]: [follow_path] [ActionServer] Client requested to cancel the goal. Cancelling.
[state_machine_node-24] [INFO] [1790650132.623419173] [state_machine_node]: 탐색 waypoint 도착. LiDAR+camera 재스캔을 계속합니다.
[state_machine_node-24] [INFO] [1790650132.624319101] [state_machine_node]: 색상 단서 없음. 다음 탐색 waypoint는 중앙 진행축을 유지합니다.
[state_machine_node-24] [INFO] [1790650132.624863880] [state_machine_node]: State: EXPLORING_NAVIGATING → EXPLORING
[state_machine_node-24] [INFO] [1790650133.493020620] [state_machine_node]: Explore waypoint reached; holding position for single-side camera/LiDAR side scan.
[door_detection_node-21] [INFO] [1790650134.302266030] [door_detection_node]: Side camera visual fallback rejected (source=front_right, lidar=5.77m, visual=6.99m > 4.50m)
[door_detection_node-21] [INFO] [1790650136.774540678] [door_detection_node]: YOLO 후보 제외: source=front, edge-clipped bbox=(0,0,129,240)
[state_machine_node-24] [INFO] [1790650138.016908430] [state_machine_node]: Explore waypoint side scan complete.
[state_machine_node-24] [INFO] [1790650138.017842155] [state_machine_node]: 파란 문 후보 없음. 2.0s 동안 정지 스캔 후 관측 기반 waypoint를 계획합니다.
[state_machine_node-24] [INFO] [1790650141.492120103] [state_machine_node]: Exit scan deferred: green exit is visible but the corridor before it has not been observed closely enough for missed blue doors (progress=13.66, exit_progress=19.18, gap=5.52/4.40m).
[state_machine_node-24] [INFO] [1790650141.506326055] [state_machine_node]: 탐색 waypoint 계획 요청: explore_waypoint_14.2_lat+65 progress=14.16, lateral=0.65, map=(14.16, 0.65) | 좌측 차선 선택 | 전방 우측 장애물 0.84m (lateral=-0.48m) → 좌측 차선 우선 | LiDAR lane scores: L:y=0.65/clear=0.95/score=4.10, C:y=0.00/clear=0.95/score=0.08, R:y=-0.65/clear=0.97/score=0.35 | 가까운 장애물 감지, 우회 차선 우선 | 근접 장애물 여유 0.95m, waypoint 전진거리 0.50m로 축소
[state_machine_node-24] [INFO] [1790650141.507263940] [state_machine_node]: State: EXPLORING → EXPLORING_NAVIGATING
[navigation_node-22] [INFO] [1790650141.511635538] [navigation_node]: Navigation goal received: door explore_waypoint_14.2_lat+65 (color=explore, frame=map, x=14.16, y=0.65)
[navigation_node-22] [WARN] [1790650141.615098913] [navigation_node]: Adjusted unreachable/occupied navigation goal from (14.16, 0.65, cost=86) to connected free cell (14.03, 0.88, cost=0)
[bt_navigator-17] [INFO] [1790650141.692930160] [bt_navigator]: Begin navigating from current location (13.66, 0.61) to (14.03, 0.88)
[navigation_node-22] [INFO] [1790650141.698461617] [navigation_node]: Navigation goal accepted by Nav2
[controller_server-13] [INFO] [1790650141.895038807] [controller_server]: Received a goal, begin computing control effort.
[controller_server-13] [INFO] [1790650143.145645049] [controller_server]: Passing new path to controller.
[controller_server-13] [INFO] [1790650144.395693347] [controller_server]: Passing new path to controller.
[door_detection_node-21] [INFO] [1790650145.592612890] [door_detection_node]: YOLO 후보 제외: source=front, edge-clipped bbox=(0,0,71,240)
[controller_server-13] [INFO] [1790650145.645633776] [controller_server]: Passing new path to controller.
[door_detection_node-21] [INFO] [1790650146.158743037] [door_detection_node]: YOLO 후보 제외: source=front_right, far small dist=7.87m, conf=0.22, bbox=(182,83,228,151)
[controller_server-13] [INFO] [1790650146.895675353] [controller_server]: Passing new path to controller.
[door_detection_node-21] [INFO] [1790650147.968375751] [door_detection_node]: Side camera LiDAR range looks occluded; using visual range instead (source=front_right, lidar=1.10m, visual=3.32m)
[controller_server-13] [INFO] [1790650148.270634077] [controller_server]: Passing new path to controller.
[door_detection_node-21] [INFO] [1790650148.421365923] [door_detection_node]: Side camera visual fallback rejected (source=front_right, lidar=4.16m, visual=6.41m > 4.50m)
[controller_server-13] [INFO] [1790650149.520657102] [controller_server]: Passing new path to controller.
[navigation_node-22] [WARN] [1790650149.895425006] [navigation_node]: Robot is 0.35m from explore goal (threshold=0.35m). Treating navigation as succeeded.
[state_machine_node-24] [INFO] [1790650149.896772347] [state_machine_node]: Navigation succeeded.
[bt_navigator-17] [ERROR] [1790650150.014270800] [bt_navigator_navigate_to_pose_rclcpp_node]: Failed to get result for follow_path in node halt!
[bt_navigator-17] [INFO] [1790650150.014571846] [bt_navigator]: [navigate_to_pose] [ActionServer] Client requested to cancel the goal. Cancelling.
[bt_navigator-17] [INFO] [1790650150.015166465] [bt_navigator]: Goal canceled
[controller_server-13] [INFO] [1790650150.020632631] [controller_server]: Goal was canceled. Stopping the robot.
[controller_server-13] [INFO] [1790650150.020738286] [controller_server]: [follow_path] [ActionServer] Client requested to cancel the goal. Cancelling.
[state_machine_node-24] [INFO] [1790650150.573332206] [state_machine_node]: 탐색 waypoint 도착. LiDAR+camera 재스캔을 계속합니다.
[state_machine_node-24] [INFO] [1790650150.573923196] [state_machine_node]: 색상 단서 없음. 다음 탐색 waypoint는 중앙 진행축을 유지합니다.
[state_machine_node-24] [INFO] [1790650150.574385554] [state_machine_node]: State: EXPLORING_NAVIGATING → EXPLORING
[door_detection_node-21] [INFO] [1790650150.719026836] [door_detection_node]: YOLO 후보 제외: source=front, far small dist=6.88m, conf=0.25, bbox=(155,83,201,151)
[door_detection_node-21] [INFO] [1790650151.278361295] [door_detection_node]: Side camera LiDAR range looks occluded; using visual range instead (source=front_right, lidar=1.22m, visual=3.06m)
[door_detection_node-21] [INFO] [1790650151.290605463] [door_detection_node]: YOLO 후보 제외: source=front_right, edge-clipped bbox=(0,42,33,195)
[state_machine_node-24] [INFO] [1790650151.448941533] [state_machine_node]: Explore waypoint reached; holding position for single-side camera/LiDAR side scan.
[door_detection_node-21] [INFO] [1790650154.155368219] [door_detection_node]: YOLO 후보 제외: source=front, far small dist=6.16m, conf=0.32, bbox=(17,77,73,153)
[door_detection_node-21] [INFO] [1790650155.145855908] [door_detection_node]: 문 후보 발행: id=door_green_d06c91, source=front_left, color=green, dist=7.59m, conf=0.34, bbox=(254,77,312,157), rep_x=283, center_x=283, angle=42.3deg, center_angle=42.3deg, lidar=7.59m, visual=5.85m, goal=(19.64,-0.40), handle=(21.09,-0.78,1.00), handle_obs=False, handle_method=estimated, handle_conf=0.00
[state_machine_node-24] [INFO] [1790650155.956542350] [state_machine_node]: Explore waypoint side scan complete.
[state_machine_node-24] [INFO] [1790650155.957244888] [state_machine_node]: 파란 문 후보 없음. 2.0s 동안 정지 스캔 후 관측 기반 waypoint를 계획합니다.
[state_machine_node-24] [INFO] [1790650159.429288010] [state_machine_node]: Exit scan deferred: green exit is visible but the corridor before it has not been observed closely enough for missed blue doors (progress=13.77, exit_progress=19.18, gap=5.42/4.40m).
[state_machine_node-24] [INFO] [1790650159.430958142] [state_machine_node]: Exit scan deferred: continuing observation-based forward exploration before leaving.
[state_machine_node-24] [INFO] [1790650159.432175292] [state_machine_node]: 탐색 waypoint 중앙 복귀: 측면 이탈 lateral=1.15, 먼 문 waypoint보다 중앙 차선 재진입 우선 (limit=0.80)
[state_machine_node-24] [INFO] [1790650159.433083835] [state_machine_node]: 중앙 복귀 waypoint 계획 요청: explore_recenter_14.2_lat+50 progress=14.17, lateral=0.50, map=(14.17, 0.50)
[state_machine_node-24] [INFO] [1790650159.433908823] [state_machine_node]: State: EXPLORING → EXPLORING_NAVIGATING
[navigation_node-22] [INFO] [1790650159.436862811] [navigation_node]: Navigation goal received: door explore_recenter_14.2_lat+50 (color=explore, frame=map, x=14.17, y=0.50)
[navigation_node-22] [WARN] [1790650159.530859201] [navigation_node]: Adjusted unreachable/occupied navigation goal from (14.17, 0.50, cost=99) to connected free cell (13.83, 0.48, cost=0)
[bt_navigator-17] [INFO] [1790650159.606032104] [bt_navigator]: Begin navigating from current location (13.77, 1.15) to (13.83, 0.48)
[navigation_node-22] [INFO] [1790650159.609962461] [navigation_node]: Navigation goal accepted by Nav2
[controller_server-13] [INFO] [1790650159.807288410] [controller_server]: Received a goal, begin computing control effort.
[controller_server-13] [INFO] [1790650161.057941924] [controller_server]: Passing new path to controller.
[controller_server-13] [INFO] [1790650162.308017247] [controller_server]: Passing new path to controller.
[controller_server-13] [INFO] [1790650163.557974236] [controller_server]: Passing new path to controller.
[controller_server-13] [INFO] [1790650164.807928285] [controller_server]: Passing new path to controller.
[door_detection_node-21] [INFO] [1790650164.924815227] [door_detection_node]: Side camera LiDAR range looks occluded; using visual range instead (source=front_left, lidar=1.06m, visual=3.12m)
[door_detection_node-21] [INFO] [1790650165.383797422] [door_detection_node]: YOLO 후보 제외: source=front_left, far small dist=7.46m, conf=0.32, bbox=(28,77,84,153)
[navigation_node-22] [WARN] [1790650166.009693154] [navigation_node]: Robot is 0.35m from explore goal (threshold=0.35m). Treating navigation as succeeded.
[state_machine_node-24] [INFO] [1790650166.011235532] [state_machine_node]: Navigation succeeded.
[controller_server-13] [INFO] [1790650166.058010901] [controller_server]: Passing new path to controller.
[bt_navigator-17] [ERROR] [1790650166.127478346] [bt_navigator_navigate_to_pose_rclcpp_node]: Failed to get result for follow_path in node halt!
[bt_navigator-17] [INFO] [1790650166.127679339] [bt_navigator]: [navigate_to_pose] [ActionServer] Client requested to cancel the goal. Cancelling.
[bt_navigator-17] [INFO] [1790650166.128001163] [bt_navigator]: Goal canceled
[controller_server-13] [INFO] [1790650166.183174318] [controller_server]: Goal was canceled. Stopping the robot.
[controller_server-13] [INFO] [1790650166.183299970] [controller_server]: [follow_path] [ActionServer] Client requested to cancel the goal. Cancelling.
[state_machine_node-24] [INFO] [1790650166.762673862] [state_machine_node]: 탐색 waypoint 도착. LiDAR+camera 재스캔을 계속합니다.
[state_machine_node-24] [INFO] [1790650166.763512133] [state_machine_node]: 색상 단서 없음. 다음 탐색 waypoint는 중앙 진행축을 유지합니다.
[state_machine_node-24] [INFO] [1790650166.764358572] [state_machine_node]: State: EXPLORING_NAVIGATING → EXPLORING
[state_machine_node-24] [INFO] [1790650167.625125280] [state_machine_node]: Explore waypoint reached; holding position for single-side camera/LiDAR side scan.
[door_detection_node-21] [INFO] [1790650169.205126773] [door_detection_node]: Side camera LiDAR range looks occluded; using visual range instead (source=front_right, lidar=2.09m, visual=4.50m)
[door_detection_node-21] [INFO] [1790650170.532370947] [door_detection_node]: YOLO 후보 제외: source=front_left, far small dist=7.50m, conf=0.26, bbox=(105,82,153,151)
[door_detection_node-21] [INFO] [1790650171.023510555] [door_detection_node]: Side camera visual fallback rejected (source=front_right, lidar=2.00m, visual=4.54m > 4.50m)
[state_machine_node-24] [INFO] [1790650172.211740919] [state_machine_node]: Explore waypoint side scan complete.
[state_machine_node-24] [INFO] [1790650172.213453915] [state_machine_node]: 파란 문 후보 없음. 2.0s 동안 정지 스캔 후 관측 기반 waypoint를 계획합니다.
[door_detection_node-21] [INFO] [1790650172.821272046] [door_detection_node]: Side camera LiDAR range looks occluded; using visual range instead (source=front_right, lidar=2.09m, visual=3.93m)
[state_machine_node-24] [INFO] [1790650175.734578782] [state_machine_node]: Exit scan deferred: green exit is visible but the corridor before it has not been observed closely enough for missed blue doors (progress=13.74, exit_progress=19.18, gap=5.44/4.40m).
[state_machine_node-24] [INFO] [1790650175.751139226] [state_machine_node]: 탐색 waypoint 계획 요청: explore_waypoint_14.2_lat-65 progress=14.19, lateral=-0.65, map=(14.19, -0.65) | 우측 차선 선택 | 전방 우측 장애물 0.95m (lateral=-0.24m) → 좌측 차선 우선 | LiDAR lane scores: L:y=0.65/clear=0.98/score=2.72, C:y=0.00/clear=0.98/score=-0.60, R:y=-0.65/clear=3.20/score=4.27 | direct front obstacle: full lane change allowed | 큰 차선 변경은 probe waypoint 0.45m로 먼저 검증
[state_machine_node-24] [INFO] [1790650175.752100732] [state_machine_node]: State: EXPLORING → EXPLORING_NAVIGATING
[navigation_node-22] [INFO] [1790650175.756419922] [navigation_node]: Navigation goal received: door explore_waypoint_14.2_lat-65 (color=explore, frame=map, x=14.19, y=-0.65)
[door_detection_node-21] [INFO] [1790650175.788784886] [door_detection_node]: Side camera LiDAR range looks occluded; using visual range instead (source=front_right, lidar=2.07m, visual=3.93m)
[navigation_node-22] [WARN] [1790650175.852230709] [navigation_node]: Adjusted unreachable/occupied navigation goal from (14.19, -0.65, cost=99) to connected free cell (14.78, -0.62, cost=0)
[bt_navigator-17] [INFO] [1790650175.925178406] [bt_navigator]: Begin navigating from current location (13.74, 0.76) to (14.78, -0.62)
[navigation_node-22] [INFO] [1790650175.929137928] [navigation_node]: Navigation goal accepted by Nav2
[controller_server-13] [INFO] [1790650176.126650409] [controller_server]: Received a goal, begin computing control effort.
[controller_server-13] [INFO] [1790650177.502492003] [controller_server]: Passing new path to controller.
[controller_server-13] [INFO] [1790650178.752460088] [controller_server]: Passing new path to controller.
[door_detection_node-21] [INFO] [1790650178.762806963] [door_detection_node]: Side camera LiDAR range looks occluded; using visual range instead (source=front_right, lidar=2.20m, visual=4.37m)
[controller_server-13] [INFO] [1790650180.127799386] [controller_server]: Passing new path to controller.
[door_detection_node-21] [INFO] [1790650180.301162032] [door_detection_node]: Side camera visual fallback rejected (source=front_right, lidar=1.99m, visual=4.63m > 4.50m)
[controller_server-13] [INFO] [1790650181.377472162] [controller_server]: Passing new path to controller.
[door_detection_node-21] [INFO] [1790650181.447929666] [door_detection_node]: Side camera LiDAR range looks too long for the visible door; using visual range (source=front_left, lidar=3.28m, visual=2.36m)
[door_detection_node-21] [INFO] [1790650182.473035587] [door_detection_node]: Side camera visual fallback rejected (source=front_right, lidar=1.96m, visual=4.68m > 4.50m)
[controller_server-13] [INFO] [1790650182.627545089] [controller_server]: Passing new path to controller.
[controller_server-13] [INFO] [1790650184.002564131] [controller_server]: Passing new path to controller.
[controller_server-13] [INFO] [1790650185.252508466] [controller_server]: Passing new path to controller.
[cmd_vel_safety_node-6] [WARN] [1790650186.485572422] [cmd_vel_safety_node]: LiDAR collision stop: front=0.43m
[controller_server-13] [INFO] [1790650186.627511737] [controller_server]: Passing new path to controller.
[door_detection_node-21] [INFO] [1790650187.226700022] [door_detection_node]: Side camera visual fallback rejected (source=front_left, lidar=3.64m, visual=6.50m > 4.50m)
[controller_server-13] [INFO] [1790650187.877534849] [controller_server]: Passing new path to controller.
[controller_server-13] [INFO] [1790650189.127523285] [controller_server]: Passing new path to controller.
[cmd_vel_safety_node-6] [WARN] [1790650189.335284523] [cmd_vel_safety_node]: LiDAR collision stop: front=0.44m
[door_detection_node-21] [INFO] [1790650189.840522558] [door_detection_node]: YOLO 후보 제외: source=front_left, edge-clipped bbox=(270,4,319,238)
[door_detection_node-21] [INFO] [1790650189.864212702] [door_detection_node]: Side camera visual fallback rejected (source=front_left, lidar=3.69m, visual=5.51m > 4.50m)
[controller_server-13] [INFO] [1790650190.502777265] [controller_server]: Passing new path to controller.
[cmd_vel_safety_node-6] [WARN] [1790650191.535960407] [cmd_vel_safety_node]: LiDAR collision stop: front=0.44m
[controller_server-13] [INFO] [1790650191.752541795] [controller_server]: Passing new path to controller.
[door_detection_node-21] [INFO] [1790650192.137943413] [door_detection_node]: Side camera visual fallback rejected (source=front_left, lidar=3.69m, visual=5.44m > 4.50m)
[controller_server-13] [INFO] [1790650193.127558501] [controller_server]: Passing new path to controller.
[cmd_vel_safety_node-6] [WARN] [1790650193.785182369] [cmd_vel_safety_node]: LiDAR collision stop: front=0.47m
[planner_server-15] [INFO] [1790650194.051186995] [global_costmap.global_costmap]: StaticLayer: Resizing static layer to 470 X 84 at 0.050000 m/pix
[controller_server-13] [INFO] [1790650194.377555878] [controller_server]: Passing new path to controller.
[controller_server-13] [INFO] [1790650195.627533346] [controller_server]: Passing new path to controller.
[door_detection_node-21] [INFO] [1790650195.748721410] [door_detection_node]: Side camera visual fallback rejected (source=front_left, lidar=3.65m, visual=5.38m > 4.50m)
[cmd_vel_safety_node-6] [WARN] [1790650195.885134435] [cmd_vel_safety_node]: LiDAR collision stop: front=0.47m
[controller_server-13] [INFO] [1790650197.002514242] [controller_server]: Passing new path to controller.
[controller_server-13] [INFO] [1790650198.127799229] [controller_server]: Passing new path to controller.
[door_detection_node-21] [INFO] [1790650199.477639524] [door_detection_node]: Side camera visual fallback rejected (source=front_left, lidar=3.60m, visual=5.64m > 4.50m)
[controller_server-13] [INFO] [1790650199.502971208] [controller_server]: Passing new path to controller.
[controller_server-13] [INFO] [1790650200.752613718] [controller_server]: Passing new path to controller.
[cmd_vel_safety_node-6] [WARN] [1790650200.883839511] [cmd_vel_safety_node]: LiDAR collision stop: turn_clearance=0.32m
[controller_server-13] [INFO] [1790650202.002533538] [controller_server]: Passing new path to controller.
[door_detection_node-21] [INFO] [1790650202.004041263] [door_detection_node]: Side camera visual fallback rejected (source=front_left, lidar=3.59m, visual=5.51m > 4.50m)
[planner_server-15] [INFO] [1790650203.051312339] [global_costmap.global_costmap]: StaticLayer: Resizing static layer to 471 X 84 at 0.050000 m/pix
[controller_server-13] [INFO] [1790650203.252633316] [controller_server]: Passing new path to controller.
[door_detection_node-21] [INFO] [1790650204.145744810] [door_detection_node]: Side camera visual fallback rejected (source=front_left, lidar=3.58m, visual=5.51m > 4.50m)
[controller_server-13] [INFO] [1790650204.627589354] [controller_server]: Passing new path to controller.
[controller_server-13] [INFO] [1790650205.877527122] [controller_server]: Passing new path to controller.
[controller_server-13] [INFO] [1790650207.127495777] [controller_server]: Passing new path to controller.
[door_detection_node-21] [INFO] [1790650207.894709380] [door_detection_node]: Side camera visual fallback rejected (source=front_left, lidar=3.58m, visual=6.32m > 4.50m)
[controller_server-13] [INFO] [1790650208.377594545] [controller_server]: Passing new path to controller.
[controller_server-13] [INFO] [1790650209.627975850] [controller_server]: Passing new path to controller.
[door_detection_node-21] [INFO] [1790650210.844091755] [door_detection_node]: 문 후보 발행: id=door_green_7b05d3, source=front, color=green, dist=5.64m, conf=0.23, bbox=(0,74,34,157), rep_x=17, center_x=17, angle=31.4deg, center_angle=31.4deg, lidar=3.44m, visual=5.64m, goal=(18.31,-0.31), handle=(19.81,-0.29,1.00), handle_obs=False, handle_method=estimated, handle_conf=0.00
[controller_server-13] [INFO] [1790650211.002528481] [controller_server]: Passing new path to controller.
[controller_server-13] [INFO] [1790650212.252527775] [controller_server]: Passing new path to controller.
[navigation_node-22] [WARN] [1790650212.827957468] [navigation_node]: Robot is 0.35m from explore goal (threshold=0.35m). Treating navigation as succeeded.
[state_machine_node-24] [INFO] [1790650212.829752152] [state_machine_node]: Navigation succeeded.
[door_detection_node-21] [INFO] [1790650212.859431827] [door_detection_node]: 문 후보 발행: id=door_green_7b05d3, source=front, color=green, dist=5.51m, conf=0.23, bbox=(0,73,54,158), rep_x=27, center_x=27, angle=29.6deg, center_angle=29.6deg, lidar=3.22m, visual=5.51m, goal=(18.37,-0.14), handle=(19.87,-0.01,1.00), handle_obs=False, handle_method=estimated, handle_conf=0.00
[bt_navigator-17] [ERROR] [1790650212.946776816] [bt_navigator_navigate_to_pose_rclcpp_node]: Failed to get result for follow_path in node halt!
[bt_navigator-17] [INFO] [1790650212.947088316] [bt_navigator]: [navigate_to_pose] [ActionServer] Client requested to cancel the goal. Cancelling.
[bt_navigator-17] [INFO] [1790650212.947590164] [bt_navigator]: Goal canceled
[controller_server-13] [INFO] [1790650213.002540089] [controller_server]: Goal was canceled. Stopping the robot.
[controller_server-13] [INFO] [1790650213.002636975] [controller_server]: [follow_path] [ActionServer] Client requested to cancel the goal. Cancelling.
[state_machine_node-24] [INFO] [1790650213.699229841] [state_machine_node]: 탐색 waypoint 도착. LiDAR+camera 재스캔을 계속합니다.
[state_machine_node-24] [INFO] [1790650213.699910874] [state_machine_node]: 색상 단서 없음. 다음 탐색 waypoint는 중앙 진행축을 유지합니다.
[state_machine_node-24] [INFO] [1790650213.700953718] [state_machine_node]: State: EXPLORING_NAVIGATING → EXPLORING
[state_machine_node-24] [INFO] [1790650214.592175633] [state_machine_node]: Explore waypoint reached; holding position for single-side camera/LiDAR side scan.
[door_detection_node-21] [INFO] [1790650214.639107408] [door_detection_node]: 문 후보 발행: id=door_green_7b05d3, source=front, color=green, dist=5.38m, conf=0.25, bbox=(0,71,56,158), rep_x=28, center_x=28, angle=29.4deg, center_angle=29.4deg, lidar=3.14m, visual=5.38m, goal=(18.32,-0.21), handle=(19.81,-0.09,1.00), handle_obs=False, handle_method=estimated, handle_conf=0.00
[door_detection_node-21] [INFO] [1790650215.711307546] [door_detection_node]: Side camera visual fallback rejected (source=front_left, lidar=3.10m, visual=5.26m > 4.50m)
[cmd_vel_safety_node-6] [WARN] [1790650217.513418305] [cmd_vel_safety_node]: LiDAR collision stop: turn_clearance=0.32m
[door_detection_node-21] [INFO] [1790650219.166058973] [door_detection_node]: Side camera visual fallback rejected (source=front_left, lidar=3.11m, visual=6.00m > 4.50m)
[state_machine_node-24] [INFO] [1790650219.320085795] [state_machine_node]: Explore waypoint side scan complete.
[state_machine_node-24] [INFO] [1790650219.320969503] [state_machine_node]: 파란 문 후보 없음. 2.0s 동안 정지 스캔 후 관측 기반 waypoint를 계획합니다.
[door_detection_node-21] [INFO] [1790650219.791062696] [door_detection_node]: YOLO 후보 제외: source=front_right, far small dist=5.42m, conf=0.21, bbox=(284,67,301,176)
[door_detection_node-21] [INFO] [1790650221.400280832] [door_detection_node]: Side camera visual fallback rejected (source=front_left, lidar=3.07m, visual=6.16m > 4.50m)
[door_detection_node-21] [INFO] [1790650221.851207944] [door_detection_node]: YOLO 후보 제외: source=front_right, far small dist=5.52m, conf=0.22, bbox=(284,67,301,175)
[state_machine_node-24] [INFO] [1790650222.829843479] [state_machine_node]: Exit scan deferred: green exit is visible but the corridor before it has not been observed closely enough for missed blue doors (progress=14.44, exit_progress=19.18, gap=4.74/4.40m).
[state_machine_node-24] [INFO] [1790650222.845312576] [state_machine_node]: 탐색 waypoint 계획 요청: explore_waypoint_15.6_lat+0 progress=15.64, lateral=0.00, map=(15.64, -0.00) | 중앙 차선 선택 | 파란 문/전방 장애물/빨간 문 회피 이유 없음, 관측 기반 중앙 진행축 유지 | LiDAR lane clearances: C:y=0.00/clear=2.93, L:y=0.65/clear=3.20, R:y=-0.65/clear=2.94
[state_machine_node-24] [INFO] [1790650222.846203530] [state_machine_node]: State: EXPLORING → EXPLORING_NAVIGATING
[navigation_node-22] [INFO] [1790650222.849670763] [navigation_node]: Navigation goal received: door explore_waypoint_15.6_lat+0 (color=explore, frame=map, x=15.64, y=-0.00)
[navigation_node-22] [WARN] [1790650222.938188926] [navigation_node]: Adjusted unreachable/occupied navigation goal from (15.64, -0.00, cost=44) to connected free cell (15.68, -0.02, cost=0)
[bt_navigator-17] [INFO] [1790650223.005619579] [bt_navigator]: Begin navigating from current location (14.44, -0.53) to (15.68, -0.02)
[navigation_node-22] [INFO] [1790650223.008655476] [navigation_node]: Navigation goal accepted by Nav2
[controller_server-13] [INFO] [1790650223.107002203] [controller_server]: Received a goal, begin computing control effort.
[cmd_vel_safety_node-6] [WARN] [1790650224.186086992] [cmd_vel_safety_node]: LiDAR collision stop: turn_clearance=0.28m
[door_detection_node-21] [INFO] [1790650224.216447064] [door_detection_node]: Side camera visual fallback rejected (source=front_left, lidar=3.07m, visual=6.16m > 4.50m)
[controller_server-13] [INFO] [1790650224.482985845] [controller_server]: Passing new path to controller.
[door_detection_node-21] [INFO] [1790650224.838617432] [door_detection_node]: YOLO 후보 제외: source=front_right, far small dist=5.46m, conf=0.22, bbox=(284,67,301,175)
[controller_server-13] [INFO] [1790650225.607985844] [controller_server]: Passing new path to controller.
[cmd_vel_safety_node-6] [WARN] [1790650225.985264493] [cmd_vel_safety_node]: LiDAR collision stop: turn_clearance=0.28m
[controller_server-13] [INFO] [1790650226.732946553] [controller_server]: Passing new path to controller.
[door_detection_node-21] [INFO] [1790650227.095767246] [door_detection_node]: Side camera visual fallback rejected (source=front_left, lidar=3.11m, visual=6.16m > 4.50m)
[cmd_vel_safety_node-6] [WARN] [1790650227.785195124] [cmd_vel_safety_node]: LiDAR collision stop: turn_clearance=0.29m
[controller_server-13] [INFO] [1790650228.107977996] [controller_server]: Passing new path to controller.
[controller_server-13] [INFO] [1790650229.232994974] [controller_server]: Passing new path to controller.
[cmd_vel_safety_node-6] [WARN] [1790650229.585644717] [cmd_vel_safety_node]: LiDAR collision stop: turn_clearance=0.21m
[door_detection_node-21] [INFO] [1790650230.284937385] [door_detection_node]: Side camera visual fallback rejected (source=front_left, lidar=3.13m, visual=6.16m > 4.50m)
[controller_server-13] [INFO] [1790650230.607959869] [controller_server]: Passing new path to controller.
[cmd_vel_safety_node-6] [WARN] [1790650231.434371324] [cmd_vel_safety_node]: LiDAR collision stop: turn_clearance=0.27m
[controller_server-13] [INFO] [1790650231.857944649] [controller_server]: Passing new path to controller.
[door_detection_node-21] [INFO] [1790650232.614811572] [door_detection_node]: YOLO 후보 제외: source=front_right, far small dist=5.35m, conf=0.39, bbox=(289,63,308,172)
[controller_server-13] [INFO] [1790650233.107961747] [controller_server]: Passing new path to controller.
[cmd_vel_safety_node-6] [WARN] [1790650233.284690448] [cmd_vel_safety_node]: LiDAR collision stop: turn_clearance=0.28m
[door_detection_node-21] [INFO] [1790650233.944395374] [door_detection_node]: Side camera visual fallback rejected (source=front_left, lidar=3.09m, visual=6.16m > 4.50m)
[controller_server-13] [INFO] [1790650234.482953159] [controller_server]: Passing new path to controller.
[cmd_vel_safety_node-6] [WARN] [1790650235.234687706] [cmd_vel_safety_node]: LiDAR collision stop: turn_clearance=0.28m
[controller_server-13] [INFO] [1790650235.732971982] [controller_server]: Passing new path to controller.
[door_detection_node-21] [INFO] [1790650236.425177959] [door_detection_node]: YOLO 후보 제외: source=front_right, far small dist=5.33m, conf=0.39, bbox=(289,64,308,172)
[controller_server-13] [INFO] [1790650236.982980179] [controller_server]: Passing new path to controller.
[cmd_vel_safety_node-6] [WARN] [1790650237.035374121] [cmd_vel_safety_node]: LiDAR collision stop: turn_clearance=0.31m
[door_detection_node-21] [INFO] [1790650237.558098986] [door_detection_node]: Side camera visual fallback rejected (source=front_left, lidar=3.09m, visual=6.16m > 4.50m)
[controller_server-13] [INFO] [1790650238.232970022] [controller_server]: Passing new path to controller.
[cmd_vel_safety_node-6] [WARN] [1790650238.784903055] [cmd_vel_safety_node]: LiDAR collision stop: turn_clearance=0.26m
[door_detection_node-21] [INFO] [1790650239.589324645] [door_detection_node]: YOLO 후보 제외: source=front_right, far small dist=5.23m, conf=0.39, bbox=(289,64,308,172)
[controller_server-13] [INFO] [1790650239.607953594] [controller_server]: Passing new path to controller.
[cmd_vel_safety_node-6] [WARN] [1790650240.534755341] [cmd_vel_safety_node]: LiDAR collision stop: turn_clearance=0.25m
[door_detection_node-21] [INFO] [1790650240.614736163] [door_detection_node]: Side camera visual fallback rejected (source=front_left, lidar=3.11m, visual=6.16m > 4.50m)
[controller_server-13] [INFO] [1790650240.732983387] [controller_server]: Passing new path to controller.
[controller_server-13] [INFO] [1790650242.107953328] [controller_server]: Passing new path to controller.
[cmd_vel_safety_node-6] [WARN] [1790650242.234940161] [cmd_vel_safety_node]: LiDAR collision stop: turn_clearance=0.24m
[door_detection_node-21] [INFO] [1790650242.943851697] [door_detection_node]: YOLO 후보 제외: source=front_right, far small dist=5.23m, conf=0.39, bbox=(289,64,308,172)
[controller_server-13] [INFO] [1790650243.358033154] [controller_server]: Passing new path to controller.
[cmd_vel_safety_node-6] [WARN] [1790650243.984727708] [cmd_vel_safety_node]: LiDAR collision stop: turn_clearance=0.28m
[door_detection_node-21] [INFO] [1790650244.026542271] [door_detection_node]: Side camera visual fallback rejected (source=front_left, lidar=3.14m, visual=6.16m > 4.50m)
[controller_server-13] [INFO] [1790650244.607950815] [controller_server]: Passing new path to controller.
[cmd_vel_safety_node-6] [WARN] [1790650245.733960396] [cmd_vel_safety_node]: LiDAR collision stop: turn_clearance=0.29m
[controller_server-13] [INFO] [1790650245.857984346] [controller_server]: Passing new path to controller.
[door_detection_node-21] [INFO] [1790650246.320421277] [door_detection_node]: YOLO 후보 제외: source=front_right, far small dist=5.32m, conf=0.39, bbox=(289,64,308,172)
[controller_server-13] [INFO] [1790650247.107951802] [controller_server]: Passing new path to controller.
[door_detection_node-21] [INFO] [1790650247.378845633] [door_detection_node]: Side camera visual fallback rejected (source=front_left, lidar=3.04m, visual=6.16m > 4.50m)
[cmd_vel_safety_node-6] [WARN] [1790650247.435305294] [cmd_vel_safety_node]: LiDAR collision stop: turn_clearance=0.27m
[controller_server-13] [INFO] [1790650248.357939054] [controller_server]: Passing new path to controller.
[cmd_vel_safety_node-6] [WARN] [1790650249.134572971] [cmd_vel_safety_node]: LiDAR collision stop: turn_clearance=0.26m
[controller_server-13] [INFO] [1790650249.607956363] [controller_server]: Passing new path to controller.
[door_detection_node-21] [INFO] [1790650249.656637175] [door_detection_node]: YOLO 후보 제외: source=front_right, far small dist=5.27m, conf=0.39, bbox=(289,63,308,172)
[door_detection_node-21] [INFO] [1790650250.771186031] [door_detection_node]: Side camera visual fallback rejected (source=front_left, lidar=3.06m, visual=6.16m > 4.50m)
[cmd_vel_safety_node-6] [WARN] [1790650250.834705270] [cmd_vel_safety_node]: LiDAR collision stop: turn_clearance=0.26m
[controller_server-13] [INFO] [1790650250.982969686] [controller_server]: Passing new path to controller.
[state_machine_node-24] [WARN] [1790650251.588970911] [state_machine_node]: Explore waypoint stuck: progress=14.44, goal=15.64, goal_dist=1.31m, no_forward_progress=28.7s.
[state_machine_node-24] [INFO] [1790650251.590266637] [state_machine_node]: Nav2 goal cancellation requested before explore waypoint stuck replanning.
[navigation_node-22] [INFO] [1790650251.590524627] [navigation_node]: Navigation cancellation requested for manual control handoff.
[state_machine_node-24] [INFO] [1790650251.591358066] [state_machine_node]: 다음 탐색 waypoint는 우측 차선을 우선합니다.
[state_machine_node-24] [WARN] [1790650251.592285306] [state_machine_node]: Explore waypoint stuck with no forward progress; replanning to an alternate observed lane.
[state_machine_node-24] [INFO] [1790650251.593210765] [state_machine_node]: State: EXPLORING_NAVIGATING → EXPLORING
[controller_server-13] [INFO] [1790650251.607934310] [controller_server]: Goal was canceled. Stopping the robot.
[controller_server-13] [INFO] [1790650251.608029975] [controller_server]: [follow_path] [ActionServer] Client requested to cancel the goal. Cancelling.
[bt_navigator-17] [INFO] [1790650251.608293838] [bt_navigator]: [navigate_to_pose] [ActionServer] Client requested to cancel the goal. Cancelling.
[bt_navigator-17] [INFO] [1790650251.608535636] [bt_navigator]: Goal canceled
[state_machine_node-24] [INFO] [1790650252.408231752] [state_machine_node]: 파란 문 후보 없음. 2.0s 동안 정지 스캔 후 관측 기반 waypoint를 계획합니다.
[door_detection_node-21] [INFO] [1790650253.024492773] [door_detection_node]: YOLO 후보 제외: source=front_right, far small dist=5.26m, conf=0.39, bbox=(289,64,308,172)
[door_detection_node-21] [INFO] [1790650254.052461211] [door_detection_node]: Side camera visual fallback rejected (source=front_left, lidar=3.08m, visual=6.16m > 4.50m)
[state_machine_node-24] [INFO] [1790650255.707971297] [state_machine_node]: Exit scan deferred: green exit is visible but the corridor before it has not been observed closely enough for missed blue doors (progress=14.44, exit_progress=19.18, gap=4.74/4.40m).
[state_machine_node-24] [INFO] [1790650255.722368381] [state_machine_node]: 탐색 waypoint 계획 요청: explore_waypoint_15.6_lat+11 progress=15.64, lateral=0.11, map=(15.64, 0.11) | 좌측 차선 선택 | LiDAR 좌측 여유 공간 우선 (1.84m) | LiDAR lane scores: C:y=0.00/clear=2.91/score=-11.12/recent_fail, L:y=0.65/clear=3.20/score=3.43, R:y=-0.65/clear=2.91/score=3.09 | 좌우 이동량 제한 1.19m→0.65m
[state_machine_node-24] [INFO] [1790650255.723142570] [state_machine_node]: State: EXPLORING → EXPLORING_NAVIGATING
[navigation_node-22] [INFO] [1790650255.726825578] [navigation_node]: Navigation goal received: door explore_waypoint_15.6_lat+11 (color=explore, frame=map, x=15.64, y=0.11)
[navigation_node-22] [WARN] [1790650255.808175525] [navigation_node]: Adjusted unreachable/occupied navigation goal from (15.64, 0.11, cost=45) to connected free cell (15.68, 0.18, cost=0)
[bt_navigator-17] [INFO] [1790650255.871291459] [bt_navigator]: Begin navigating from current location (14.44, -0.54) to (15.68, 0.18)
[navigation_node-22] [INFO] [1790650255.877158689] [navigation_node]: Navigation goal accepted by Nav2
[controller_server-13] [INFO] [1790650256.072360197] [controller_server]: Received a goal, begin computing control effort.
[door_detection_node-21] [INFO] [1790650256.261999802] [door_detection_node]: YOLO 후보 제외: source=front_right, far small dist=5.24m, conf=0.39, bbox=(289,63,308,172)
[cmd_vel_safety_node-6] [WARN] [1790650256.935357015] [cmd_vel_safety_node]: LiDAR collision stop: turn_clearance=0.28m
[door_detection_node-21] [INFO] [1790650257.351520773] [door_detection_node]: Side camera visual fallback rejected (source=front_left, lidar=3.08m, visual=6.16m > 4.50m)
[controller_server-13] [INFO] [1790650257.448158050] [controller_server]: Passing new path to controller.
[cmd_vel_safety_node-6] [WARN] [1790650258.584923540] [cmd_vel_safety_node]: LiDAR collision stop: turn_clearance=0.23m
[controller_server-13] [INFO] [1790650258.698128400] [controller_server]: Passing new path to controller.
[controller_server-13] [INFO] [1790650260.073140128] [controller_server]: Passing new path to controller.
[cmd_vel_safety_node-6] [WARN] [1790650260.285515364] [cmd_vel_safety_node]: LiDAR collision stop: turn_clearance=0.28m
[door_detection_node-21] [INFO] [1790650260.578325108] [door_detection_node]: Side camera visual fallback rejected (source=front_left, lidar=3.06m, visual=6.16m > 4.50m)
[controller_server-13] [INFO] [1790650261.323155624] [controller_server]: Passing new path to controller.
[cmd_vel_safety_node-6] [WARN] [1790650261.984966743] [cmd_vel_safety_node]: LiDAR collision stop: turn_clearance=0.27m
[controller_server-13] [INFO] [1790650262.573161295] [controller_server]: Passing new path to controller.
[cmd_vel_safety_node-6] [WARN] [1790650263.684861518] [cmd_vel_safety_node]: LiDAR collision stop: turn_clearance=0.23m
[door_detection_node-21] [INFO] [1790650263.914337893] [door_detection_node]: Side camera visual fallback rejected (source=front_left, lidar=3.09m, visual=6.16m > 4.50m)
[controller_server-13] [INFO] [1790650263.948155265] [controller_server]: Passing new path to controller.
[controller_server-13] [INFO] [1790650265.198121646] [controller_server]: Passing new path to controller.
[cmd_vel_safety_node-6] [WARN] [1790650265.384142275] [cmd_vel_safety_node]: LiDAR collision stop: turn_clearance=0.31m
[controller_server-13] [INFO] [1790650266.573150005] [controller_server]: Passing new path to controller.
[cmd_vel_safety_node-6] [WARN] [1790650267.034306459] [cmd_vel_safety_node]: LiDAR collision stop: turn_clearance=0.28m
[door_detection_node-21] [INFO] [1790650267.197688235] [door_detection_node]: Side camera visual fallback rejected (source=front_left, lidar=3.12m, visual=6.16m > 4.50m)
[controller_server-13] [INFO] [1790650267.823111582] [controller_server]: Passing new path to controller.
[cmd_vel_safety_node-6] [WARN] [1790650268.735200364] [cmd_vel_safety_node]: LiDAR collision stop: turn_clearance=0.27m
[controller_server-13] [INFO] [1790650269.073134920] [controller_server]: Passing new path to controller.
[controller_server-13] [INFO] [1790650270.323261229] [controller_server]: Passing new path to controller.
[cmd_vel_safety_node-6] [WARN] [1790650270.435336173] [cmd_vel_safety_node]: LiDAR collision stop: turn_clearance=0.27m
[door_detection_node-21] [INFO] [1790650270.489792846] [door_detection_node]: Side camera visual fallback rejected (source=front_left, lidar=3.05m, visual=6.16m > 4.50m)
[controller_server-13] [INFO] [1790650271.573134802] [controller_server]: Passing new path to controller.
[cmd_vel_safety_node-6] [WARN] [1790650272.088067763] [cmd_vel_safety_node]: LiDAR collision stop: turn_clearance=0.27m
[controller_server-13] [INFO] [1790650272.948130345] [controller_server]: Passing new path to controller.
[cmd_vel_safety_node-6] [WARN] [1790650273.734849051] [cmd_vel_safety_node]: LiDAR collision stop: turn_clearance=0.28m
[door_detection_node-21] [INFO] [1790650273.772266508] [door_detection_node]: Side camera visual fallback rejected (source=front_left, lidar=3.08m, visual=6.16m > 4.50m)
[controller_server-13] [INFO] [1790650274.198110948] [controller_server]: Passing new path to controller.
[cmd_vel_safety_node-6] [WARN] [1790650275.384616321] [cmd_vel_safety_node]: LiDAR collision stop: turn_clearance=0.23m
[controller_server-13] [INFO] [1790650275.573128253] [controller_server]: Passing new path to controller.
[controller_server-13] [INFO] [1790650276.823178930] [controller_server]: Passing new path to controller.
[door_detection_node-21] [INFO] [1790650277.070923943] [door_detection_node]: Side camera visual fallback rejected (source=front_left, lidar=3.08m, visual=6.16m > 4.50m)
[cmd_vel_safety_node-6] [WARN] [1790650277.085181770] [cmd_vel_safety_node]: LiDAR collision stop: turn_clearance=0.30m
[controller_server-13] [INFO] [1790650278.073129549] [controller_server]: Passing new path to controller.
[cmd_vel_safety_node-6] [WARN] [1790650278.835136817] [cmd_vel_safety_node]: LiDAR collision stop: turn_clearance=0.25m
[controller_server-13] [INFO] [1790650279.448133325] [controller_server]: Passing new path to controller.
[door_detection_node-21] [INFO] [1790650280.500392455] [door_detection_node]: Side camera visual fallback rejected (source=front_left, lidar=3.10m, visual=6.16m > 4.50m)
[cmd_vel_safety_node-6] [WARN] [1790650280.535417984] [cmd_vel_safety_node]: LiDAR collision stop: turn_clearance=0.22m
[controller_server-13] [INFO] [1790650280.698166460] [controller_server]: Passing new path to controller.
[controller_server-13] [INFO] [1790650282.073132005] [controller_server]: Passing new path to controller.
[cmd_vel_safety_node-6] [WARN] [1790650282.237676535] [cmd_vel_safety_node]: LiDAR collision stop: turn_clearance=0.30m
[controller_server-13] [INFO] [1790650283.323120174] [controller_server]: Passing new path to controller.
[door_detection_node-21] [INFO] [1790650283.915313853] [door_detection_node]: Side camera visual fallback rejected (source=front_left, lidar=3.04m, visual=6.16m > 4.50m)
[cmd_vel_safety_node-6] [WARN] [1790650283.935060525] [cmd_vel_safety_node]: LiDAR collision stop: turn_clearance=0.26m
[state_machine_node-24] [WARN] [1790650283.998302206] [state_machine_node]: Explore waypoint stuck: progress=14.44, goal=15.64, goal_dist=1.36m, no_forward_progress=28.3s.
[state_machine_node-24] [INFO] [1790650283.999339621] [state_machine_node]: Nav2 goal cancellation requested before explore waypoint stuck replanning.
[navigation_node-22] [INFO] [1790650283.999371070] [navigation_node]: Navigation cancellation requested for manual control handoff.
[state_machine_node-24] [INFO] [1790650284.000478549] [state_machine_node]: 다음 탐색 waypoint는 우측 차선을 우선합니다.
[state_machine_node-24] [WARN] [1790650284.001160877] [state_machine_node]: Explore waypoint stuck with no forward progress; replanning to an alternate observed lane.
[state_machine_node-24] [INFO] [1790650284.002072602] [state_machine_node]: State: EXPLORING_NAVIGATING → EXPLORING
[controller_server-13] [INFO] [1790650284.073172357] [controller_server]: Goal was canceled. Stopping the robot.
[controller_server-13] [INFO] [1790650284.073365812] [controller_server]: [follow_path] [ActionServer] Client requested to cancel the goal. Cancelling.
[bt_navigator-17] [INFO] [1790650284.073922619] [bt_navigator]: [navigate_to_pose] [ActionServer] Client requested to cancel the goal. Cancelling.
[bt_navigator-17] [INFO] [1790650284.074182751] [bt_navigator]: Goal canceled
[state_machine_node-24] [INFO] [1790650284.843244159] [state_machine_node]: 파란 문 후보 없음. 2.0s 동안 정지 스캔 후 관측 기반 waypoint를 계획합니다.
[door_detection_node-21] [INFO] [1790650287.238525219] [door_detection_node]: Side camera visual fallback rejected (source=front_left, lidar=3.07m, visual=6.16m > 4.50m)
[state_machine_node-24] [INFO] [1790650288.152798022] [state_machine_node]: Exit scan deferred: green exit is visible but the corridor before it has not been observed closely enough for missed blue doors (progress=14.44, exit_progress=19.18, gap=4.74/4.40m).
[state_machine_node-24] [INFO] [1790650288.154864926] [state_machine_node]: Exit scan deferred: continuing observation-based forward exploration before leaving.
[state_machine_node-24] [INFO] [1790650288.167887028] [state_machine_node]: 탐색 waypoint 계획 요청: explore_waypoint_15.6_lat-65 progress=15.64, lateral=-0.65, map=(15.64, -0.65) | 우측 차선 선택 | LiDAR 좌측 여유 공간 우선 (1.84m) | LiDAR lane scores: C:y=0.00/clear=2.94/score=-11.09/recent_fail, L:y=0.65/clear=3.20/score=-10.57/recent_fail, R:y=-0.65/clear=2.94/score=3.11
[state_machine_node-24] [INFO] [1790650288.169146108] [state_machine_node]: State: EXPLORING → EXPLORING_NAVIGATING
[navigation_node-22] [INFO] [1790650288.172435786] [navigation_node]: Navigation goal received: door explore_waypoint_15.6_lat-65 (color=explore, frame=map, x=15.64, y=-0.65)
[bt_navigator-17] [INFO] [1790650288.305431118] [bt_navigator]: Begin navigating from current location (14.44, -0.54) to (15.64, -0.65)
[navigation_node-22] [INFO] [1790650288.308742374] [navigation_node]: Navigation goal accepted by Nav2
[controller_server-13] [INFO] [1790650288.506713380] [controller_server]: Received a goal, begin computing control effort.
[cmd_vel_safety_node-6] [WARN] [1790650289.484984886] [cmd_vel_safety_node]: LiDAR collision stop: turn_clearance=0.24m
[controller_server-13] [INFO] [1790650289.882148916] [controller_server]: Passing new path to controller.
[door_detection_node-21] [INFO] [1790650290.573546074] [door_detection_node]: Side camera visual fallback rejected (source=front_left, lidar=3.06m, visual=6.16m > 4.50m)
[controller_server-13] [INFO] [1790650291.007217862] [controller_server]: Passing new path to controller.
[cmd_vel_safety_node-6] [WARN] [1790650291.234873908] [cmd_vel_safety_node]: LiDAR collision stop: turn_clearance=0.27m
[controller_server-13] [INFO] [1790650292.382174369] [controller_server]: Passing new path to controller.
[cmd_vel_safety_node-6] [WARN] [1790650292.933767609] [cmd_vel_safety_node]: LiDAR collision stop: turn_clearance=0.31m
[controller_server-13] [INFO] [1790650293.632157524] [controller_server]: Passing new path to controller.
[controller_server-13] [WARN] [1790650293.801090555] [controller_server]: No valid trajectories out of 335! 
[controller_server-13] [WARN] [1790650293.894973947] [controller_server]: No valid trajectories out of 335! 
[door_detection_node-21] [INFO] [1790650293.956337034] [door_detection_node]: Side camera visual fallback rejected (source=front_left, lidar=3.06m, visual=6.16m > 4.50m)
[cmd_vel_safety_node-6] [WARN] [1790650294.735380823] [cmd_vel_safety_node]: LiDAR collision stop: turn_clearance=0.32m
[controller_server-13] [INFO] [1790650295.007167096] [controller_server]: Passing new path to controller.
[controller_server-13] [INFO] [1790650296.257194434] [controller_server]: Passing new path to controller.
[cmd_vel_safety_node-6] [WARN] [1790650296.485068792] [cmd_vel_safety_node]: LiDAR collision stop: turn_clearance=0.29m
[door_detection_node-21] [INFO] [1790650297.419559512] [door_detection_node]: Side camera visual fallback rejected (source=front_left, lidar=3.09m, visual=6.16m > 4.50m)
[controller_server-13] [INFO] [1790650297.507173995] [controller_server]: Passing new path to controller.
[cmd_vel_safety_node-6] [WARN] [1790650298.285307016] [cmd_vel_safety_node]: LiDAR collision stop: turn_clearance=0.25m
[door_detection_node-21] [INFO] [1790650298.663562016] [door_detection_node]: YOLO 후보 제외: source=front, edge-clipped bbox=(0,0,33,240)
[controller_server-13] [INFO] [1790650298.757300077] [controller_server]: Passing new path to controller.
[controller_server-13] [INFO] [1790650300.007220948] [controller_server]: Passing new path to controller.
[cmd_vel_safety_node-6] [WARN] [1790650300.084886785] [cmd_vel_safety_node]: LiDAR collision stop: turn_clearance=0.27m
[door_detection_node-21] [INFO] [1790650300.889778875] [door_detection_node]: Side camera visual fallback rejected (source=front_left, lidar=3.11m, visual=6.08m > 4.50m)
[controller_server-13] [INFO] [1790650301.382169534] [controller_server]: Passing new path to controller.
[cmd_vel_safety_node-6] [WARN] [1790650301.835215106] [cmd_vel_safety_node]: LiDAR collision stop: turn_clearance=0.32m
[door_detection_node-21] [INFO] [1790650302.143406705] [door_detection_node]: YOLO 후보 제외: source=front, edge-clipped bbox=(0,0,33,240)
[controller_server-13] [INFO] [1790650302.632166151] [controller_server]: Passing new path to controller.
[cmd_vel_safety_node-6] [WARN] [1790650303.536117572] [cmd_vel_safety_node]: LiDAR collision stop: turn_clearance=0.29m
[controller_server-13] [INFO] [1790650304.007140311] [controller_server]: Passing new path to controller.
[door_detection_node-21] [INFO] [1790650304.304508490] [door_detection_node]: Side camera visual fallback rejected (source=front_left, lidar=3.08m, visual=6.08m > 4.50m)
[controller_server-13] [INFO] [1790650305.257194976] [controller_server]: Passing new path to controller.
[cmd_vel_safety_node-6] [WARN] [1790650305.334377377] [cmd_vel_safety_node]: LiDAR collision stop: turn_clearance=0.29m
[door_detection_node-21] [INFO] [1790650305.623422791] [door_detection_node]: YOLO 후보 제외: source=front, edge-clipped bbox=(0,0,33,240)
[controller_server-13] [INFO] [1790650306.507156992] [controller_server]: Passing new path to controller.
[cmd_vel_safety_node-6] [WARN] [1790650307.085074316] [cmd_vel_safety_node]: LiDAR collision stop: turn_clearance=0.30m
[door_detection_node-21] [INFO] [1790650307.868574521] [door_detection_node]: Side camera visual fallback rejected (source=front_left, lidar=3.12m, visual=6.08m > 4.50m)
[controller_server-13] [INFO] [1790650307.882162055] [controller_server]: Passing new path to controller.
[cmd_vel_safety_node-6] [WARN] [1790650308.885518527] [cmd_vel_safety_node]: LiDAR collision stop: turn_clearance=0.30m
[door_detection_node-21] [INFO] [1790650309.043782886] [door_detection_node]: YOLO 후보 제외: source=front, edge-clipped bbox=(0,0,35,240)
[controller_server-13] [INFO] [1790650309.132148691] [controller_server]: Passing new path to controller.
[controller_server-13] [INFO] [1790650310.507320074] [controller_server]: Passing new path to controller.
[cmd_vel_safety_node-6] [WARN] [1790650310.684355771] [cmd_vel_safety_node]: LiDAR collision stop: turn_clearance=0.26m
[door_detection_node-21] [INFO] [1790650311.420465862] [door_detection_node]: Side camera visual fallback rejected (source=front_left, lidar=3.07m, visual=6.00m > 4.50m)
[controller_server-13] [WARN] [1790650311.647212107] [controller_server]: No valid trajectories out of 335! 
[controller_server-13] [INFO] [1790650311.757167180] [controller_server]: Passing new path to controller.
[cmd_vel_safety_node-6] [WARN] [1790650312.485327621] [cmd_vel_safety_node]: LiDAR collision stop: turn_clearance=0.29m
[door_detection_node-21] [INFO] [1790650312.653269800] [door_detection_node]: YOLO 후보 제외: source=front, edge-clipped bbox=(0,0,44,240)
[controller_server-13] [INFO] [1790650313.007181158] [controller_server]: Passing new path to controller.
[cmd_vel_safety_node-6] [WARN] [1790650314.285723211] [cmd_vel_safety_node]: LiDAR collision stop: turn_clearance=0.29m
[controller_server-13] [INFO] [1790650314.382189977] [controller_server]: Passing new path to controller.
[door_detection_node-21] [INFO] [1790650314.882903613] [door_detection_node]: Side camera visual fallback rejected (source=front_left, lidar=3.12m, visual=6.00m > 4.50m)
[controller_server-13] [INFO] [1790650315.632148927] [controller_server]: Passing new path to controller.
[cmd_vel_safety_node-6] [WARN] [1790650316.035160968] [cmd_vel_safety_node]: LiDAR collision stop: turn_clearance=0.28m
[door_detection_node-21] [INFO] [1790650316.130474395] [door_detection_node]: YOLO 후보 제외: source=front, edge-clipped bbox=(0,0,52,240)
[state_machine_node-24] [WARN] [1790650316.882220810] [state_machine_node]: Explore waypoint stuck: progress=14.44, goal=15.64, goal_dist=1.20m, no_forward_progress=28.7s.
[state_machine_node-24] [INFO] [1790650316.883257211] [state_machine_node]: Nav2 goal cancellation requested before explore waypoint stuck replanning.
[navigation_node-22] [INFO] [1790650316.884003748] [navigation_node]: Navigation cancellation requested for manual control handoff.
[state_machine_node-24] [WARN] [1790650316.884160881] [state_machine_node]: 탐색 waypoint 실패 3회 누적. 비상구 전 최종 파란 문 스캔으로 복귀합니다.
[state_machine_node-24] [INFO] [1790650316.885067144] [state_machine_node]: State: EXPLORING_NAVIGATING → EXPLORING
[bt_navigator-17] [ERROR] [1790650316.927661293] [bt_navigator_navigate_to_pose_rclcpp_node]: Failed to get result for follow_path in node halt!
[bt_navigator-17] [INFO] [1790650316.927915340] [bt_navigator]: [navigate_to_pose] [ActionServer] Client requested to cancel the goal. Cancelling.
[bt_navigator-17] [INFO] [1790650316.928343528] [bt_navigator]: Goal canceled
[controller_server-13] [INFO] [1790650317.007175088] [controller_server]: Goal was canceled. Stopping the robot.
[controller_server-13] [INFO] [1790650317.007325683] [controller_server]: [follow_path] [ActionServer] Client requested to cancel the goal. Cancelling.
[state_machine_node-24] [INFO] [1790650317.772536159] [state_machine_node]: 파란 문 후보 없음. 2.0s 동안 정지 스캔 후 관측 기반 waypoint를 계획합니다.
[door_detection_node-21] [INFO] [1790650318.395184064] [door_detection_node]: Side camera visual fallback rejected (source=front_left, lidar=3.13m, visual=6.00m > 4.50m)
[door_detection_node-21] [INFO] [1790650319.567725446] [door_detection_node]: YOLO 후보 제외: source=front, edge-clipped bbox=(0,0,55,240)
[state_machine_node-24] [INFO] [1790650321.372297744] [state_machine_node]: Exit scan deferred: green exit is visible but the corridor before it has not been observed closely enough for missed blue doors (progress=14.44, exit_progress=19.18, gap=4.74/4.40m).
[state_machine_node-24] [INFO] [1790650321.374563252] [state_machine_node]: Exit scan deferred: continuing observation-based forward exploration before leaving.
[state_machine_node-24] [INFO] [1790650321.389902594] [state_machine_node]: 탐색 waypoint 계획 요청: explore_waypoint_15.6_lat+0 progress=15.64, lateral=0.00, map=(15.64, -0.00) | 중앙 차선 선택 | 파란 문/전방 장애물/빨간 문 회피 이유 없음, 관측 기반 중앙 진행축 유지 | LiDAR lane clearances: C:y=0.00/clear=2.93, L:y=0.65/clear=3.20, R:y=-0.65/clear=2.95
[state_machine_node-24] [INFO] [1790650321.390592112] [state_machine_node]: State: EXPLORING → EXPLORING_NAVIGATING
[navigation_node-22] [INFO] [1790650321.393946297] [navigation_node]: Navigation goal received: door explore_waypoint_15.6_lat+0 (color=explore, frame=map, x=15.64, y=-0.00)
[navigation_node-22] [WARN] [1790650321.488265807] [navigation_node]: Adjusted unreachable/occupied navigation goal from (15.64, -0.00, cost=44) to connected free cell (15.68, -0.02, cost=0)
[bt_navigator-17] [INFO] [1790650321.562636079] [bt_navigator]: Begin navigating from current location (14.44, -0.57) to (15.68, -0.02)
[navigation_node-22] [INFO] [1790650321.568948108] [navigation_node]: Navigation goal accepted by Nav2
[controller_server-13] [INFO] [1790650321.764030551] [controller_server]: Received a goal, begin computing control effort.
[door_detection_node-21] [INFO] [1790650322.030408644] [door_detection_node]: Side camera visual fallback rejected (source=front_left, lidar=3.08m, visual=6.00m > 4.50m)
[cmd_vel_safety_node-6] [WARN] [1790650322.834453515] [cmd_vel_safety_node]: LiDAR collision stop: turn_clearance=0.29m
[controller_server-13] [INFO] [1790650323.014545734] [controller_server]: Passing new path to controller.
[door_detection_node-21] [INFO] [1790650323.348844332] [door_detection_node]: YOLO 후보 제외: source=front, edge-clipped bbox=(0,0,55,240)
[controller_server-13] [INFO] [1790650324.264578583] [controller_server]: Passing new path to controller.
[cmd_vel_safety_node-6] [WARN] [1790650324.734899822] [cmd_vel_safety_node]: LiDAR collision stop: turn_clearance=0.27m
[controller_server-13] [INFO] [1790650325.514568633] [controller_server]: Passing new path to controller.
[door_detection_node-21] [INFO] [1790650325.588265420] [door_detection_node]: Side camera visual fallback rejected (source=front_left, lidar=3.06m, visual=6.00m > 4.50m)
[cmd_vel_safety_node-6] [WARN] [1790650326.534370121] [cmd_vel_safety_node]: LiDAR collision stop: turn_clearance=0.28m
[controller_server-13] [INFO] [1790650326.764561222] [controller_server]: Passing new path to controller.
[door_detection_node-21] [INFO] [1790650327.675892462] [door_detection_node]: Side camera visual fallback rejected (source=front_left, lidar=3.04m, visual=5.85m > 4.50m)
[controller_server-13] [INFO] [1790650328.014542754] [controller_server]: Passing new path to controller.
[cmd_vel_safety_node-6] [WARN] [1790650328.334249620] [cmd_vel_safety_node]: LiDAR collision stop: turn_clearance=0.31m
[controller_server-13] [INFO] [1790650329.264519935] [controller_server]: Passing new path to controller.
[door_detection_node-21] [INFO] [1790650329.696857112] [door_detection_node]: Side camera visual fallback rejected (source=front_left, lidar=3.09m, visual=5.85m > 4.50m)
[cmd_vel_safety_node-6] [WARN] [1790650330.384493914] [cmd_vel_safety_node]: LiDAR collision stop: turn_clearance=0.30m
[controller_server-13] [INFO] [1790650330.639563501] [controller_server]: Passing new path to controller.
[controller_server-13] [INFO] [1790650331.889548524] [controller_server]: Passing new path to controller.
[cmd_vel_safety_node-6] [WARN] [1790650332.234376081] [cmd_vel_safety_node]: LiDAR collision stop: turn_clearance=0.29m
[door_detection_node-21] [INFO] [1790650333.049800135] [door_detection_node]: Side camera visual fallback rejected (source=front_left, lidar=3.07m, visual=5.57m > 4.50m)
[controller_server-13] [INFO] [1790650333.265105094] [controller_server]: Passing new path to controller.
[controller_server-13] [INFO] [1790650334.514542248] [controller_server]: Passing new path to controller.
[door_detection_node-21] [INFO] [1790650335.162895439] [door_detection_node]: Side camera visual fallback rejected (source=front_left, lidar=2.93m, visual=4.98m > 4.50m)
[controller_server-13] [INFO] [1790650335.764553731] [controller_server]: Passing new path to controller.
[door_detection_node-21] [INFO] [1790650336.924497820] [door_detection_node]: 문 후보 발행: id=door_green_7b05d3, source=front, color=green, dist=5.26m, conf=0.48, bbox=(32,72,95,161), rep_x=63, center_x=63, angle=22.5deg, center_angle=22.5deg, lidar=2.73m, visual=5.26m, goal=(18.54,-0.13), handle=(20.01,0.15,1.00), handle_obs=False, handle_method=estimated, handle_conf=0.00
[state_machine_node-24] [INFO] [1790650336.926775243] [state_machine_node]: 보조 비상구 관측 저장: door_green_7b05d3 (20.0, 0.1)
[controller_server-13] [INFO] [1790650337.014593865] [controller_server]: Passing new path to controller.
[door_detection_node-21] [INFO] [1790650337.668073014] [door_detection_node]: YOLO 후보 제외: source=front, edge-clipped bbox=(272,0,319,240)
[controller_server-13] [INFO] [1790650338.264529451] [controller_server]: Passing new path to controller.
[door_detection_node-21] [INFO] [1790650338.604826343] [door_detection_node]: 문 후보 발행: id=door_green_143e35, source=front, color=green, dist=5.51m, conf=0.41, bbox=(129,74,185,159), rep_x=157, center_x=157, angle=0.7deg, center_angle=0.7deg, lidar=2.47m, visual=5.51m, goal=(19.09,-0.24), handle=(20.57,-0.00,1.00), handle_obs=False, handle_method=estimated, handle_conf=0.00
[controller_server-13] [INFO] [1790650339.514520881] [controller_server]: Passing new path to controller.
[controller_server-13] [INFO] [1790650340.764535633] [controller_server]: Passing new path to controller.
[door_detection_node-21] [INFO] [1790650341.665461679] [door_detection_node]: 문 후보 발행: id=door_green_36160b, source=front, color=green, dist=4.33m, conf=0.67, bbox=(239,62,314,170), rep_x=276, center_x=276, angle=-26.4deg, center_angle=-26.4deg, lidar=2.04m, visual=4.33m, goal=(18.32,-0.35), handle=(19.80,-0.12,1.00), handle_obs=False, handle_method=estimated, handle_conf=0.00
[state_machine_node-24] [INFO] [1790650341.670122492] [state_machine_node]: 보조 비상구 관측 저장: door_green_36160b (19.8, -0.1)
[controller_server-13] [INFO] [1790650342.139512511] [controller_server]: Passing new path to controller.
[door_detection_node-21] [INFO] [1790650342.220475092] [door_detection_node]: Side camera LiDAR range looks occluded; using visual range instead (source=front_left, lidar=0.87m, visual=2.92m)
[door_detection_node-21] [INFO] [1790650342.240448105] [door_detection_node]: YOLO 후보 제외: source=front_left, edge-clipped bbox=(0,37,43,197)
[controller_server-13] [INFO] [1790650343.264531013] [controller_server]: Passing new path to controller.
[controller_server-13] [INFO] [1790650344.639589542] [controller_server]: Passing new path to controller.
[door_detection_node-21] [INFO] [1790650344.686316739] [door_detection_node]: Side camera LiDAR range looks occluded; using visual range instead (source=front_right, lidar=1.91m, visual=4.50m)
[door_detection_node-21] [INFO] [1790650344.720440807] [door_detection_node]: 문 후보 발행: id=door_green_c03198, source=front_right, color=green, dist=4.50m, conf=0.63, bbox=(37,64,109,168), rep_x=73, center_x=73, angle=-49.6deg, center_angle=-49.6deg, lidar=1.85m, visual=4.50m, goal=(18.75,-0.16), handle=(20.24,0.05,1.00), handle_obs=False, handle_method=estimated, handle_conf=0.00
[state_machine_node-24] [INFO] [1790650344.723287170] [state_machine_node]: 보조 비상구 관측 저장: door_green_c03198 (20.2, 0.1)
[controller_server-13] [INFO] [1790650345.889534899] [controller_server]: Passing new path to controller.
[door_detection_node-21] [INFO] [1790650346.236232147] [door_detection_node]: Side camera visual fallback rejected (source=front_right, lidar=1.80m, visual=4.78m > 4.50m)
[door_detection_node-21] [INFO] [1790650346.795757044] [door_detection_node]: Side camera LiDAR range looks occluded; using visual range instead (source=front_left, lidar=1.06m, visual=3.25m)
[controller_server-13] [INFO] [1790650347.264523037] [controller_server]: Passing new path to controller.
[controller_server-13] [INFO] [1790650348.514568223] [controller_server]: Passing new path to controller.
[controller_server-13] [INFO] [1790650349.764559807] [controller_server]: Passing new path to controller.
[controller_server-13] [INFO] [1790650351.014577246] [controller_server]: Passing new path to controller.
[controller_server-13] [INFO] [1790650352.264559017] [controller_server]: Passing new path to controller.
[controller_server-13] [INFO] [1790650353.639606741] [controller_server]: Passing new path to controller.
[navigation_node-22] [WARN] [1790650353.865388316] [navigation_node]: Robot is 0.35m from explore goal (threshold=0.35m). Treating navigation as succeeded.
[state_machine_node-24] [INFO] [1790650353.867193347] [state_machine_node]: Navigation succeeded.
[bt_navigator-17] [ERROR] [1790650353.984054181] [bt_navigator_navigate_to_pose_rclcpp_node]: Failed to get result for follow_path in node halt!
[bt_navigator-17] [INFO] [1790650353.984358291] [bt_navigator]: [navigate_to_pose] [ActionServer] Client requested to cancel the goal. Cancelling.
[bt_navigator-17] [INFO] [1790650353.985006409] [bt_navigator]: Goal canceled
[controller_server-13] [INFO] [1790650354.014630246] [controller_server]: Goal was canceled. Stopping the robot.
[controller_server-13] [INFO] [1790650354.014808533] [controller_server]: [follow_path] [ActionServer] Client requested to cancel the goal. Cancelling.
[state_machine_node-24] [INFO] [1790650354.298639549] [state_machine_node]: 탐색 waypoint 도착. LiDAR+camera 재스캔을 계속합니다.
[state_machine_node-24] [INFO] [1790650354.299584107] [state_machine_node]: 색상 단서 없음. 다음 탐색 waypoint는 중앙 진행축을 유지합니다.
[state_machine_node-24] [INFO] [1790650354.300302471] [state_machine_node]: State: EXPLORING_NAVIGATING → EXPLORING
[state_machine_node-24] [INFO] [1790650355.211565932] [state_machine_node]: Explore waypoint reached; holding position for single-side camera/LiDAR side scan.
[door_detection_node-21] [INFO] [1790650357.013155067] [door_detection_node]: Side camera visual fallback rejected (source=front_right, lidar=3.51m, visual=4.59m > 4.50m)
[state_machine_node-24] [INFO] [1790650359.889761661] [state_machine_node]: Explore waypoint side scan complete.
[state_machine_node-24] [INFO] [1790650359.890633847] [state_machine_node]: 파란 문 후보 없음. 2.0s 동안 정지 스캔 후 관측 기반 waypoint를 계획합니다.
[state_machine_node-24] [INFO] [1790650363.530585495] [state_machine_node]: Exit scan allowed: no-blue validation mode has an observed exit candidate.
[state_machine_node-24] [INFO] [1790650363.531130024] [state_machine_node]: 비상구 이동 전 마지막 측면 문 스캔 시작
[planner_server-15] [INFO] [1790650367.051154221] [global_costmap.global_costmap]: StaticLayer: Resizing static layer to 471 X 85 at 0.050000 m/pix
[state_machine_node-24] [INFO] [1790650367.252375001] [state_machine_node]: Exit scan allowed: no-blue validation mode has an observed exit candidate.
[state_machine_node-24] [INFO] [1790650367.253097042] [state_machine_node]: Final exit scan complete. opened=0, no remaining blue door selected; moving to exit.
[state_machine_node-24] [INFO] [1790650367.253559116] [state_machine_node]: State: EXPLORING → EXITING
[state_machine_node-24] [INFO] [1790650368.133913347] [state_machine_node]: 비상구 탐지 확인: door_green_c03198 (18.8, -0.2); Nav2 정렬 목표 (19.4, 0.1), 통과 완료 목표 (21.1, 0.1)를 사용합니다.
[navigation_node-22] [INFO] [1790650368.137026362] [navigation_node]: Navigation goal received: door emergency_exit_pass_through (color=green, frame=map, x=19.44, y=0.05)
[navigation_node-22] [WARN] [1790650368.227184092] [navigation_node]: Adjusted unreachable/occupied navigation goal from (19.44, 0.05, cost=81) to connected free cell (19.43, -0.22, cost=0)
[bt_navigator-17] [INFO] [1790650368.297056333] [bt_navigator]: Begin navigating from current location (16.01, -0.20) to (19.43, -0.22)
[navigation_node-22] [INFO] [1790650368.301754868] [navigation_node]: Navigation goal accepted by Nav2
[controller_server-13] [INFO] [1790650368.498904054] [controller_server]: Received a goal, begin computing control effort.
[door_detection_node-21] [INFO] [1790650369.525522163] [door_detection_node]: Side camera LiDAR range looks occluded; using visual range instead (source=front_right, lidar=0.99m, visual=2.74m)
[controller_server-13] [INFO] [1790650369.875993598] [controller_server]: Passing new path to controller.
[controller_server-13] [INFO] [1790650371.125893009] [controller_server]: Passing new path to controller.
[controller_server-13] [INFO] [1790650372.501027527] [controller_server]: Passing new path to controller.
[door_detection_node-21] [INFO] [1790650373.263638628] [door_detection_node]: Side camera LiDAR range looks occluded; using visual range instead (source=front_right, lidar=1.00m, visual=3.06m)
[controller_server-13] [INFO] [1790650373.750876078] [controller_server]: Passing new path to controller.
[controller_server-13] [INFO] [1790650375.000898479] [controller_server]: Passing new path to controller.
[door_detection_node-21] [INFO] [1790650376.214544088] [door_detection_node]: Side camera visual fallback rejected (source=front_left, lidar=1.69m, visual=4.59m > 4.50m)
[controller_server-13] [INFO] [1790650376.375927815] [controller_server]: Passing new path to controller.
[controller_server-13] [INFO] [1790650377.625939610] [controller_server]: Passing new path to controller.
[door_detection_node-21] [INFO] [1790650378.338897572] [door_detection_node]: Side camera LiDAR range looks occluded; using visual range instead (source=front_left, lidar=1.74m, visual=4.50m)
[door_detection_node-21] [INFO] [1790650378.351671572] [door_detection_node]: 문 후보 발행: id=door_green_b891cc, source=front_left, color=green, dist=4.50m, conf=0.65, bbox=(183,64,254,168), rep_x=218, center_x=218, angle=56.1deg, center_angle=56.1deg, lidar=1.72m, visual=4.50m, goal=(18.91,0.23), handle=(20.40,0.42,1.00), handle_obs=False, handle_method=estimated, handle_conf=0.00
[state_machine_node-24] [INFO] [1790650378.354684710] [state_machine_node]: 보조 비상구 관측 저장: door_green_b891cc (20.4, 0.4)
[door_detection_node-21] [INFO] [1790650378.992442666] [door_detection_node]: YOLO 후보 제외: source=front, edge-clipped bbox=(208,0,320,240)
[controller_server-13] [INFO] [1790650379.000909192] [controller_server]: Passing new path to controller.
[controller_server-13] [INFO] [1790650380.250955147] [controller_server]: Passing new path to controller.
[controller_server-13] [INFO] [1790650381.500940818] [controller_server]: Passing new path to controller.
[controller_server-13] [INFO] [1790650382.875896856] [controller_server]: Passing new path to controller.
[controller_server-13] [INFO] [1790650384.125905380] [controller_server]: Passing new path to controller.
[door_detection_node-21] [INFO] [1790650384.825586533] [door_detection_node]: YOLO 후보 제외: source=front, edge-clipped bbox=(232,49,320,181)
[controller_server-13] [INFO] [1790650385.375931121] [controller_server]: Passing new path to controller.
[controller_server-13] [INFO] [1790650386.625940527] [controller_server]: Passing new path to controller.
[controller_server-13] [INFO] [1790650388.000915787] [controller_server]: Passing new path to controller.
[door_detection_node-21] [INFO] [1790650388.215303311] [door_detection_node]: YOLO 후보 제외: source=front, edge-clipped bbox=(281,47,320,171)
[controller_server-13] [INFO] [1790650389.125867214] [controller_server]: Passing new path to controller.
[controller_server-13] [INFO] [1790650390.500922999] [controller_server]: Passing new path to controller.
[door_detection_node-21] [INFO] [1790650391.529513629] [door_detection_node]: 문 후보 발행: id=door_green_9acf7a, source=front, color=green, dist=2.77m, conf=0.48, bbox=(298,46,320,174), rep_x=309, center_x=309, angle=-32.5deg, center_angle=-32.5deg, lidar=2.77m, visual=3.66m, goal=(18.04,0.12), handle=(19.52,0.37,1.00), handle_obs=False, handle_method=estimated, handle_conf=0.00
[controller_server-13] [INFO] [1790650391.750913988] [controller_server]: Passing new path to controller.
[controller_server-13] [INFO] [1790650393.000934723] [controller_server]: Passing new path to controller.
[controller_server-13] [INFO] [1790650394.375905193] [controller_server]: Passing new path to controller.
[controller_server-13] [INFO] [1790650395.625918473] [controller_server]: Passing new path to controller.
[planner_server-15] [INFO] [1790650396.051570817] [global_costmap.global_costmap]: StaticLayer: Resizing static layer to 473 X 85 at 0.050000 m/pix
[controller_server-13] [INFO] [1790650397.000920007] [controller_server]: Passing new path to controller.
[controller_server-13] [INFO] [1790650398.250903113] [controller_server]: Passing new path to controller.
[door_detection_node-21] [INFO] [1790650398.380102106] [door_detection_node]: 문 후보 발행: id=door_green_9acf7a, source=front, color=green, dist=2.20m, conf=0.62, bbox=(295,37,320,184), rep_x=307, center_x=307, angle=-32.1deg, center_angle=-32.1deg, lidar=2.20m, visual=3.18m, goal=(17.92,0.28), handle=(19.42,0.29,1.00), handle_obs=False, handle_method=estimated, handle_conf=0.00
[controller_server-13] [INFO] [1790650399.500925286] [controller_server]: Passing new path to controller.
[door_detection_node-21] [INFO] [1790650399.870358479] [door_detection_node]: YOLO 후보 제외: source=front, edge-clipped bbox=(255,34,320,185)
[controller_server-13] [INFO] [1790650400.875963972] [controller_server]: Passing new path to controller.
[controller_server-13] [INFO] [1790650402.125916695] [controller_server]: Passing new path to controller.
[door_detection_node-21] [INFO] [1790650403.291436487] [door_detection_node]: YOLO 후보 제외: source=front, edge-clipped bbox=(229,25,320,194)
[controller_server-13] [INFO] [1790650403.500920511] [controller_server]: Passing new path to controller.
[door_detection_node-21] [INFO] [1790650403.894681371] [door_detection_node]: Side camera LiDAR range looks too long for the visible door; using visual range (source=front_right, lidar=3.56m, visual=2.60m)
[door_detection_node-21] [INFO] [1790650403.928897763] [door_detection_node]: 문 후보 발행: id=door_green_058e64, source=front_right, color=green, dist=2.60m, conf=0.92, bbox=(0,23,13,203), rep_x=6, center_x=6, angle=-36.7deg, center_angle=-36.7deg, lidar=3.56m, visual=2.60m, goal=(18.97,0.23), handle=(20.39,-0.28,1.00), handle_obs=False, handle_method=estimated, handle_conf=0.00
[state_machine_node-24] [INFO] [1790650403.931674578] [state_machine_node]: 보조 비상구 관측 저장: door_green_058e64 (20.4, -0.3)
[controller_server-13] [INFO] [1790650404.625998399] [controller_server]: Passing new path to controller.
[planner_server-15] [INFO] [1790650405.051406757] [global_costmap.global_costmap]: StaticLayer: Resizing static layer to 474 X 85 at 0.050000 m/pix
[controller_server-13] [INFO] [1790650406.000901941] [controller_server]: Passing new path to controller.
[door_detection_node-21] [INFO] [1790650406.555791572] [door_detection_node]: 문 후보 발행: id=door_green_ffdc2a, source=front, color=green, dist=2.69m, conf=1.00, bbox=(129,26,242,200), rep_x=185, center_x=185, angle=-6.1deg, center_angle=-6.1deg, lidar=1.26m, visual=2.69m, goal=(19.43,0.40), handle=(20.89,0.07,1.00), handle_obs=False, handle_method=estimated, handle_conf=0.00
[controller_server-13] [INFO] [1790650407.125888167] [controller_server]: Passing new path to controller.
[state_machine_node-24] [INFO] [1790650407.940049597] [state_machine_node]: 보조 비상구 관측 저장: door_green_e64c14 (20.8, 0.1)
[controller_server-13] [INFO] [1790650408.502458374] [controller_server]: Passing new path to controller.
[door_detection_node-21] [INFO] [1790650408.592943287] [door_detection_node]: Side camera LiDAR range looks occluded; using visual range instead (source=front_right, lidar=0.91m, visual=2.26m)
[controller_server-13] [INFO] [1790650409.751012104] [controller_server]: Passing new path to controller.
[controller_server-13] [INFO] [1790650411.001835213] [controller_server]: Passing new path to controller.
[door_detection_node-21] [INFO] [1790650411.868120350] [door_detection_node]: Side camera LiDAR range looks occluded; using visual range instead (source=front_right, lidar=1.14m, visual=2.49m)
[planner_server-15] [INFO] [1790650412.051242693] [global_costmap.global_costmap]: StaticLayer: Resizing static layer to 475 X 85 at 0.050000 m/pix
[controller_server-13] [INFO] [1790650412.251280741] [controller_server]: Passing new path to controller.
[door_detection_node-21] [INFO] [1790650413.063002189] [door_detection_node]: 문 후보 발행: id=door_green_0e3b36, source=front, color=green, dist=2.58m, conf=1.00, bbox=(0,0,23,231), rep_x=11, center_x=11, angle=32.5deg, center_angle=32.5deg, lidar=2.58m, visual=2.03m, goal=(19.92,-0.07), handle=(21.33,-0.59,1.00), handle_obs=False, handle_method=estimated, handle_conf=0.00
[state_machine_node-24] [INFO] [1790650413.065549645] [state_machine_node]: 보조 비상구 관측 저장: door_green_0e3b36 (21.3, -0.6)
[controller_server-13] [INFO] [1790650413.500951637] [controller_server]: Passing new path to controller.
[controller_server-13] [INFO] [1790650414.875875485] [controller_server]: Passing new path to controller.
[controller_server-13] [INFO] [1790650416.125927320] [controller_server]: Passing new path to controller.
[controller_server-13] [INFO] [1790650417.500875043] [controller_server]: Passing new path to controller.
[controller_server-13] [INFO] [1790650418.750901319] [controller_server]: Passing new path to controller.
[navigation_node-22] [WARN] [1790650419.301109240] [navigation_node]: Green navigation watchdog timeout (28.1s). final_dist=0.09, threshold=0.18, success=True.
[state_machine_node-24] [INFO] [1790650419.304389126] [state_machine_node]: Navigation succeeded.
[door_detection_node-21] [INFO] [1790650419.394583020] [door_detection_node]: 문 후보 발행: id=door_green_b9e29f, source=front_left, color=green, dist=2.38m, conf=1.00, bbox=(136,0,184,234), rep_x=160, center_x=160, angle=70.0deg, center_angle=70.0deg, lidar=2.38m, visual=2.00m, goal=(20.08,0.23), handle=(21.36,1.00,1.00), handle_obs=False, handle_method=estimated, handle_conf=0.00
[state_machine_node-24] [INFO] [1790650419.397319319] [state_machine_node]: 보조 비상구 관측 저장: door_green_b9e29f (21.4, 1.0)
[bt_navigator-17] [ERROR] [1790650419.418590497] [bt_navigator_navigate_to_pose_rclcpp_node]: Failed to get result for follow_path in node halt!
[bt_navigator-17] [INFO] [1790650419.418824833] [bt_navigator]: [navigate_to_pose] [ActionServer] Client requested to cancel the goal. Cancelling.
[bt_navigator-17] [INFO] [1790650419.419168990] [bt_navigator]: Goal canceled
[controller_server-13] [INFO] [1790650419.500932962] [controller_server]: Goal was canceled. Stopping the robot.
[controller_server-13] [INFO] [1790650419.501056995] [controller_server]: [follow_path] [ActionServer] Client requested to cancel the goal. Cancelling.
[planner_server-15] [INFO] [1790650420.051356892] [global_costmap.global_costmap]: StaticLayer: Resizing static layer to 476 X 85 at 0.050000 m/pix
[state_machine_node-24] [INFO] [1790650420.060242608] [state_machine_node]: 비상구 탐지 확인: door_green_b9e29f (20.1, 0.2); Nav2 정렬 목표 (20.6, 1.0), 통과 완료 목표 (22.3, 1.0)를 사용합니다.
[state_machine_node-24] [INFO] [1790650420.061769100] [state_machine_node]: Observed exit aperture: approach=(20.599223173684106, 0.2614701268238588, 0.02498160458441523), crossing=(22.298692732788986, 0.3039344374372429, 0.02498160458441523)
[navigation_node-22] [INFO] [1790650420.064140819] [navigation_node]: Navigation goal received: door emergency_exit_pass_through (color=green, frame=map, x=20.60, y=0.26)
[bt_navigator-17] [INFO] [1790650420.239403309] [bt_navigator]: Begin navigating from current location (19.34, -0.24) to (20.60, 0.26)
[navigation_node-22] [INFO] [1790650420.243341787] [navigation_node]: Navigation goal accepted by Nav2
[controller_server-13] [INFO] [1790650420.440713505] [controller_server]: Received a goal, begin computing control effort.
[door_detection_node-21] [INFO] [1790650421.215892663] [door_detection_node]: 문 후보 발행: id=door_green_e64c14, source=front, color=green, dist=2.09m, conf=1.00, bbox=(93,0,110,240), rep_x=101, center_x=101, angle=14.2deg, center_angle=14.2deg, lidar=2.09m, visual=1.95m, goal=(19.94,-0.24), handle=(21.44,-0.25,1.00), handle_obs=False, handle_method=estimated, handle_conf=0.00
[controller_server-13] [INFO] [1790650421.816576554] [controller_server]: Passing new path to controller.
[state_machine_node-24] [INFO] [1790650422.641353890] [state_machine_node]: 보조 비상구 관측 저장: door_green_63bd55 (21.4, -0.5)
[controller_server-13] [INFO] [1790650423.066610218] [controller_server]: Passing new path to controller.
[door_detection_node-21] [INFO] [1790650423.994884049] [door_detection_node]: 문 후보 발행: id=door_green_bc8e9b, source=front, color=green, dist=1.67m, conf=1.00, bbox=(196,0,217,240), rep_x=206, center_x=206, angle=-11.1deg, center_angle=-11.1deg, lidar=1.67m, visual=1.95m, goal=(20.03,-0.41), handle=(21.39,-0.63,1.00), handle_obs=False, handle_method=estimated, handle_conf=0.00
[controller_server-13] [INFO] [1790650424.441618140] [controller_server]: Passing new path to controller.
[controller_server-13] [INFO] [1790650425.691643421] [controller_server]: Passing new path to controller.
[door_detection_node-21] [INFO] [1790650426.871547568] [door_detection_node]: 문 후보 발행: id=door_green_63bd55, source=front, color=green, dist=1.59m, conf=1.00, bbox=(103,0,131,240), rep_x=117, center_x=117, angle=10.4deg, center_angle=10.4deg, lidar=1.59m, visual=1.95m, goal=(20.36,-0.09), handle=(21.34,0.76,1.00), handle_obs=False, handle_method=estimated, handle_conf=0.00
[state_machine_node-24] [INFO] [1790650426.873394222] [state_machine_node]: 보조 비상구 관측 저장: door_green_63bd55 (21.3, 0.8)
[controller_server-13] [INFO] [1790650426.941643697] [controller_server]: Passing new path to controller.
[planner_server-15] [INFO] [1790650428.052207168] [global_costmap.global_costmap]: StaticLayer: Resizing static layer to 477 X 85 at 0.050000 m/pix
[controller_server-13] [INFO] [1790650428.316634611] [controller_server]: Passing new path to controller.
[door_detection_node-21] [INFO] [1790650428.616518574] [door_detection_node]: 문 후보 발행: id=door_green_bc8e9b, source=front, color=green, dist=1.33m, conf=1.00, bbox=(150,0,182,240), rep_x=166, center_x=166, angle=-1.5deg, center_angle=-1.5deg, lidar=1.32m, visual=1.95m, goal=(20.58,-0.00), handle=(21.38,0.65,1.00), handle_obs=False, handle_method=estimated, handle_conf=0.00
[controller_server-13] [INFO] [1790650429.566887903] [controller_server]: Passing new path to controller.
[door_detection_node-21] [INFO] [1790650430.217195623] [door_detection_node]: 문 후보 발행: id=door_green_bc8e9b, source=front, color=green, dist=1.18m, conf=1.00, bbox=(205,0,246,240), rep_x=225, center_x=225, angle=-15.5deg, center_angle=-15.5deg, lidar=1.18m, visual=1.95m, goal=(20.76,0.14), handle=(21.47,0.66,1.00), handle_obs=False, handle_method=estimated, handle_conf=0.00
[state_machine_node-24] [INFO] [1790650430.219241061] [state_machine_node]: 보조 비상구 관측 저장: door_green_bc8e9b (21.5, 0.7)
[controller_server-13] [INFO] [1790650430.941641330] [controller_server]: Passing new path to controller.
[door_detection_node-21] [INFO] [1790650431.988507471] [door_detection_node]: 문 후보 발행: id=door_green_b29b35, source=front, color=green, dist=1.05m, conf=1.00, bbox=(261,0,315,240), rep_x=288, center_x=288, angle=-28.7deg, center_angle=-28.7deg, lidar=1.05m, visual=1.95m, goal=(20.83,0.22), handle=(21.47,0.60,1.00), handle_obs=False, handle_method=estimated, handle_conf=0.00
[controller_server-13] [INFO] [1790650432.191633695] [controller_server]: Passing new path to controller.
[controller_server-13] [INFO] [1790650433.441624304] [controller_server]: Passing new path to controller.
[controller_server-13] [INFO] [1790650434.816591854] [controller_server]: Passing new path to controller.
[door_detection_node-21] [INFO] [1790650435.846528021] [door_detection_node]: 문 후보 발행: id=door_green_3f79a6, source=front_right, color=green, dist=1.19m, conf=1.00, bbox=(0,0,58,240), rep_x=29, center_x=29, angle=-40.8deg, center_angle=-40.8deg, lidar=1.19m, visual=1.95m, goal=(20.90,0.32), handle=(21.62,0.84,1.00), handle_obs=False, handle_method=estimated, handle_conf=0.00
[state_machine_node-24] [INFO] [1790650435.848688401] [state_machine_node]: 보조 비상구 관측 저장: door_green_3f79a6 (21.6, 0.8)
[controller_server-13] [INFO] [1790650436.066667846] [controller_server]: Passing new path to controller.
[controller_server-13] [INFO] [1790650437.441614940] [controller_server]: Passing new path to controller.
[door_detection_node-21] [INFO] [1790650437.611965715] [door_detection_node]: 문 후보 발행: id=door_green_239bd1, source=front_right, color=green, dist=1.23m, conf=1.00, bbox=(145,0,200,240), rep_x=172, center_x=172, angle=-72.9deg, center_angle=-72.9deg, lidar=1.23m, visual=1.95m, goal=(20.94,0.31), handle=(21.76,0.76,1.00), handle_obs=False, handle_method=estimated, handle_conf=0.00
[door_detection_node-21] [INFO] [1790650438.116023402] [door_detection_node]: Side camera LiDAR range looks too long for the visible door; using visual range (source=front_left, lidar=4.23m, visual=2.96m)
[door_detection_node-21] [INFO] [1790650438.137541258] [door_detection_node]: YOLO 후보 제외: source=front_left, edge-clipped bbox=(0,42,29,200)
[controller_server-13] [INFO] [1790650438.691671383] [controller_server]: Passing new path to controller.
[door_detection_node-21] [INFO] [1790650439.316365672] [door_detection_node]: 문 후보 발행: id=door_green_d57319, source=front_right, color=green, dist=0.89m, conf=1.00, bbox=(257,0,320,240), rep_x=288, center_x=288, angle=-98.7deg, center_angle=-98.7deg, lidar=0.89m, visual=1.95m, goal=(20.99,0.30), handle=(21.54,0.53,1.00), handle_obs=False, handle_method=estimated, handle_conf=0.00
[state_machine_node-24] [INFO] [1790650439.318522371] [state_machine_node]: 보조 비상구 관측 저장: door_green_d57319 (21.5, 0.5)
[controller_server-13] [INFO] [1790650439.941620785] [controller_server]: Passing new path to controller.
[controller_server-13] [INFO] [1790650441.066640641] [controller_server]: Passing new path to controller.
[controller_server-13] [INFO] [1790650442.441607324] [controller_server]: Passing new path to controller.
[controller_server-13] [INFO] [1790650443.691573523] [controller_server]: Passing new path to controller.
[cmd_vel_safety_node-6] [WARN] [1790650443.733571316] [cmd_vel_safety_node]: LiDAR collision stop: front=0.43m
[controller_server-13] [INFO] [1790650444.941635711] [controller_server]: Passing new path to controller.
[controller_server-13] [INFO] [1790650446.316669919] [controller_server]: Passing new path to controller.
[cmd_vel_safety_node-6] [WARN] [1790650446.335047014] [cmd_vel_safety_node]: LiDAR collision stop: front=0.47m
[controller_server-13] [INFO] [1790650447.442457883] [controller_server]: Passing new path to controller.
[controller_server-13] [INFO] [1790650448.327478689] [controller_server]: Reached the goal!
[bt_navigator-17] [INFO] [1790650448.739850296] [bt_navigator]: Goal succeeded
[navigation_node-22] [INFO] [1790650448.743102432] [navigation_node]: Navigation succeeded.
[state_machine_node-24] [INFO] [1790650448.744882957] [state_machine_node]: Navigation succeeded.
[state_machine_node-24] [INFO] [1790650449.382120406] [state_machine_node]: 비상구 탐지 확인: door_green_d57319 (21.0, 0.3); Nav2 정렬 목표 (20.7, 0.5), 통과 완료 목표 (22.4, 0.5)를 사용합니다.
[state_machine_node-24] [INFO] [1790650449.384865120] [state_machine_node]: EXITING 상태에서는 기존 관측 기반 출구 목표를 유지합니다: Nav2 정렬 목표 (20.6, 0.3), 통과 완료 목표 (22.3, 0.3).
[navigation_node-22] [INFO] [1790650449.387006730] [navigation_node]: Navigation goal received: door emergency_exit_pass_through (color=green, frame=map, x=22.30, y=0.30)
[bt_navigator-17] [INFO] [1790650449.621372434] [bt_navigator]: Begin navigating from current location (20.69, 0.24) to (22.30, 0.30)
[navigation_node-22] [INFO] [1790650449.626081435] [navigation_node]: Navigation goal accepted by Nav2
[controller_server-13] [INFO] [1790650449.822572788] [controller_server]: Received a goal, begin computing control effort.
[controller_server-13] [INFO] [1790650451.198182590] [controller_server]: Passing new path to controller.
[door_detection_node-21] [INFO] [1790650451.814587338] [door_detection_node]: Side camera LiDAR range looks too long for the visible door; using visual range (source=front_left, lidar=5.28m, visual=3.69m)
[controller_server-13] [INFO] [1790650452.448160853] [controller_server]: Passing new path to controller.
[controller_server-13] [INFO] [1790650453.698203922] [controller_server]: Passing new path to controller.
[door_detection_node-21] [INFO] [1790650454.486477033] [door_detection_node]: 문 후보 발행: id=door_green_239bd1, source=front_right, color=green, dist=0.87m, conf=0.33, bbox=(215,0,260,239), rep_x=237, center_x=237, angle=-88.2deg, center_angle=-88.2deg, lidar=0.87m, visual=1.96m, goal=(20.97,0.30), handle=(21.52,0.45,1.00), handle_obs=False, handle_method=estimated, handle_conf=0.00
[controller_server-13] [INFO] [1790650454.948986378] [controller_server]: Passing new path to controller.
[controller_server-13] [INFO] [1790650456.323175359] [controller_server]: Passing new path to controller.
[controller_server-13] [INFO] [1790650457.573542305] [controller_server]: Passing new path to controller.
[door_detection_node-21] [INFO] [1790650458.549008199] [door_detection_node]: 문 후보 발행: id=door_green_b29b35, source=front, color=green, dist=0.98m, conf=0.22, bbox=(224,1,261,238), rep_x=242, center_x=242, angle=-19.3deg, center_angle=-19.3deg, lidar=0.98m, visual=1.97m, goal=(20.87,0.31), handle=(21.51,0.52,1.00), handle_obs=False, handle_method=estimated, handle_conf=0.00
[controller_server-13] [INFO] [1790650458.823194134] [controller_server]: Passing new path to controller.
[state_machine_node-24] [INFO] [1790650459.142391657] [state_machine_node]: 보조 비상구 관측 저장: door_green_239bd1 (21.2, -0.8)
[controller_server-13] [INFO] [1790650460.198211998] [controller_server]: Passing new path to controller.
[door_detection_node-21] [INFO] [1790650460.543989936] [door_detection_node]: 문 후보 발행: id=door_green_7a0fb2, source=front_right, color=green, dist=1.13m, conf=1.00, bbox=(125,0,166,240), rep_x=145, center_x=145, angle=-66.3deg, center_angle=-66.3deg, lidar=1.13m, visual=1.95m, goal=(20.86,0.03), handle=(21.34,-0.65,1.00), handle_obs=False, handle_method=estimated, handle_conf=0.00
[controller_server-13] [INFO] [1790650461.448222172] [controller_server]: Passing new path to controller.
[controller_server-13] [INFO] [1790650462.823144041] [controller_server]: Passing new path to controller.
[controller_server-13] [INFO] [1790650464.073218519] [controller_server]: Passing new path to controller.
[door_detection_node-21] [INFO] [1790650464.614933339] [door_detection_node]: 문 후보 발행: id=door_green_87b636, source=front_left, color=green, dist=0.60m, conf=1.00, bbox=(0,0,22,240), rep_x=11, center_x=11, angle=102.5deg, center_angle=102.5deg, lidar=0.60m, visual=1.95m, goal=(21.28,0.54), handle=(21.34,0.83,1.00), handle_obs=False, handle_method=estimated, handle_conf=0.00
[state_machine_node-24] [INFO] [1790650464.619079403] [state_machine_node]: 보조 비상구 관측 저장: door_green_87b636 (21.3, 0.8)
[controller_server-13] [INFO] [1790650465.323154313] [controller_server]: Passing new path to controller.
[controller_server-13] [INFO] [1790650466.698174568] [controller_server]: Passing new path to controller.
[controller_server-13] [INFO] [1790650467.823169861] [controller_server]: Passing new path to controller.
[planner_server-15] [INFO] [1790650469.051206298] [global_costmap.global_costmap]: StaticLayer: Resizing static layer to 481 X 85 at 0.050000 m/pix
[controller_server-13] [INFO] [1790650469.198141090] [controller_server]: Passing new path to controller.
[planner_server-15] [INFO] [1790650470.051122558] [global_costmap.global_costmap]: StaticLayer: Resizing static layer to 483 X 85 at 0.050000 m/pix
[controller_server-13] [INFO] [1790650470.448545141] [controller_server]: Passing new path to controller.
[planner_server-15] [INFO] [1790650471.051273363] [global_costmap.global_costmap]: StaticLayer: Resizing static layer to 486 X 85 at 0.050000 m/pix
[controller_server-13] [INFO] [1790650471.823169957] [controller_server]: Passing new path to controller.
[planner_server-15] [INFO] [1790650472.051255991] [global_costmap.global_costmap]: StaticLayer: Resizing static layer to 488 X 85 at 0.050000 m/pix
[planner_server-15] [INFO] [1790650473.051794730] [global_costmap.global_costmap]: StaticLayer: Resizing static layer to 489 X 85 at 0.050000 m/pix
[controller_server-13] [INFO] [1790650473.073251914] [controller_server]: Passing new path to controller.
[controller_server-13] [INFO] [1790650473.089153683] [controller_server]: Reached the goal!
[bt_navigator-17] [INFO] [1790650473.522054604] [bt_navigator]: Goal succeeded
[navigation_node-22] [INFO] [1790650473.529423794] [navigation_node]: Navigation succeeded.
[state_machine_node-24] [INFO] [1790650473.531439077] [state_machine_node]: Navigation succeeded.
[planner_server-15] [INFO] [1790650474.051108642] [global_costmap.global_costmap]: StaticLayer: Resizing static layer to 490 X 85 at 0.050000 m/pix
[state_machine_node-24] [INFO] [1790650474.209385092] [state_machine_node]: State: EXITING → MISSION_COMPLETE
[state_machine_node-24] [INFO] [1790650475.030309151] [state_machine_node]: 미션 완료! 개방한 문: 0개. 로봇이 비상구에 도착했습니다.
[WARNING] [launch]: user interrupted with ctrl-c (SIGINT)
[planner_server-15] [INFO] [1790650476.033278680] [rclcpp]: signal_handler(SIGINT/SIGTERM)
[planner_server-15] [INFO] [1790650476.033414358] [planner_server]: Running Nav2 LifecycleNode rcl preshutdown (planner_server)
[planner_server-15] [INFO] [1790650476.033538440] [planner_server]: Deactivating
[planner_server-15] [INFO] [1790650476.033586685] [global_costmap.global_costmap]: Deactivating
[parameter_bridge-9] [INFO] [1790650476.033309152] [rclcpp]: signal_handler(SIGINT/SIGTERM)
[parameter_bridge-8] [INFO] [1790650476.033278923] [rclcpp]: signal_handler(SIGINT/SIGTERM)
[state_machine_node-24] Traceback (most recent call last):
[state_machine_node-24]   File "/home/junyoung/fire_robot_ws_observed_nav_20260928/install/fire_robot_fsm/lib/fire_robot_fsm/state_machine_node", line 33, in <module>
[state_machine_node-24]     sys.exit(load_entry_point('fire-robot-fsm', 'console_scripts', 'state_machine_node')())
[state_machine_node-24]   File "/home/junyoung/fire_robot_ws_observed_nav_20260928/build/fire_robot_fsm/fire_robot_fsm/state_machine_node.py", line 19180, in main
[navigation_node-22] Traceback (most recent call last):
[navigation_node-22]   File "/home/junyoung/fire_robot_ws_observed_nav_20260928/install/fire_robot_navigation/lib/fire_robot_navigation/navigation_node", line 33, in <module>
[navigation_node-22]     sys.exit(load_entry_point('fire-robot-navigation', 'console_scripts', 'navigation_node')())
[navigation_node-22]   File "/home/junyoung/fire_robot_ws_observed_nav_20260928/build/fire_robot_navigation/fire_robot_navigation/navigation_node.py", line 1169, in main
[navigation_node-22]     rclpy.spin(node)
[navigation_node-22]   File "/opt/ros/humble/local/lib/python3.10/dist-packages/rclpy/__init__.py", line 229, in spin
[navigation_node-22]     executor.spin_once()
[navigation_node-22]   File "/opt/ros/humble/local/lib/python3.10/dist-packages/rclpy/executors.py", line 808, in spin_once
[navigation_node-22]     self._spin_once_impl(timeout_sec)
[navigation_node-22]   File "/opt/ros/humble/local/lib/python3.10/dist-packages/rclpy/executors.py", line 797, in _spin_once_impl
[navigation_node-22]     handler, entity, node = self.wait_for_ready_callbacks(timeout_sec=timeout_sec)
[navigation_node-22]   File "/opt/ros/humble/local/lib/python3.10/dist-packages/rclpy/executors.py", line 780, in wait_for_ready_callbacks
[robot_state_publisher-4] [INFO] [1790650476.033677237] [rclcpp]: signal_handler(SIGINT/SIGTERM)
[velocity_smoother-18] [INFO] [1790650476.033669058] [rclcpp]: signal_handler(SIGINT/SIGTERM)
[velocity_smoother-18] [INFO] [1790650476.033872701] [velocity_smoother]: Running Nav2 LifecycleNode rcl preshutdown (velocity_smoother)
[velocity_smoother-18] [INFO] [1790650476.034003280] [velocity_smoother]: Deactivating
[velocity_smoother-18] [INFO] [1790650476.034040134] [velocity_smoother]: Destroying bond (velocity_smoother) to lifecycle manager.
[lifecycle_manager-19] [INFO] [1790650476.033888106] [rclcpp]: signal_handler(SIGINT/SIGTERM)
[lifecycle_manager-19] [INFO] [1790650476.034013375] [lifecycle_manager_navigation]: Running Nav2 LifecycleManager rcl preshutdown (lifecycle_manager_navigation)
[lifecycle_manager-19] [INFO] [1790650476.034080086] [lifecycle_manager_navigation]: [34m[1mTerminating bond timer...[0m[0m
[smoother_server-14] [INFO] [1790650476.033841701] [rclcpp]: signal_handler(SIGINT/SIGTERM)
[smoother_server-14] [INFO] [1790650476.034001438] [smoother_server]: Running Nav2 LifecycleNode rcl preshutdown (smoother_server)
[smoother_server-14] [INFO] [1790650476.034179302] [smoother_server]: Deactivating
[smoother_server-14] [INFO] [1790650476.034213601] [smoother_server]: Destroying bond (smoother_server) to lifecycle manager.
[static_transform_publisher-5] [INFO] [1790650476.034174830] [rclcpp]: signal_handler(SIGINT/SIGTERM)
[controller_server-13] [INFO] [1790650476.034518852] [rclcpp]: signal_handler(SIGINT/SIGTERM)
[controller_server-13] [INFO] [1790650476.034652876] [controller_server]: Running Nav2 LifecycleNode rcl preshutdown (controller_server)
[controller_server-13] [INFO] [1790650476.034799213] [controller_server]: Deactivating
[controller_server-13] [INFO] [1790650476.034856098] [controller_server]: Deactivating controller: FollowPath of type nav2_rotation_shim_controller::RotationShimController
[controller_server-13] [INFO] [1790650476.034979414] [local_costmap.local_costmap]: Deactivating
[INFO] [state_machine_node-24]: sending signal 'SIGINT' to process[state_machine_node-24]
[INFO] [navigation_visit_node-23]: sending signal 'SIGINT' to process[navigation_visit_node-23]
[INFO] [navigation_node-22]: sending signal 'SIGINT' to process[navigation_node-22]
[INFO] [door_detection_node-21]: sending signal 'SIGINT' to process[door_detection_node-21]
[ERROR] [state_machine_node-24]: process has died [pid 5920, exit code -2, cmd '/home/junyoung/fire_robot_ws_observed_nav_20260928/install/fire_robot_fsm/lib/fire_robot_fsm/state_machine_node --ros-args -r __node:=state_machine_node --params-file /tmp/launch_params_ee7tm_ge --params-file /home/junyoung/fire_robot_ws_observed_nav_20260928/install/fire_robot_bringup/share/fire_robot_bringup/config/observed_navigation.yaml -r /cmd_vel:=/cmd_vel_manual'].
[INFO] [mission_axis_node-20]: sending signal 'SIGINT' to process[mission_axis_node-20]
[INFO] [lifecycle_manager-19]: sending signal 'SIGINT' to process[lifecycle_manager-19]
[ERROR] [navigation_node-22]: process has died [pid 5865, exit code -2, cmd '/home/junyoung/fire_robot_ws_observed_nav_20260928/install/fire_robot_navigation/lib/fire_robot_navigation/navigation_node --ros-args -r __node:=navigation_node --params-file /tmp/launch_params_d83zpccr --params-file /home/junyoung/fire_robot_ws_observed_nav_20260928/install/fire_robot_bringup/share/fire_robot_bringup/config/observed_navigation.yaml'].
[INFO] [velocity_smoother-18]: sending signal 'SIGINT' to process[velocity_smoother-18]
[ERROR] [mission_axis_node-20]: process has died [pid 5861, exit code -2, cmd '/home/junyoung/fire_robot_ws_observed_nav_20260928/install/fire_robot_navigation/lib/fire_robot_navigation/mission_axis_node --ros-args -r __node:=mission_axis_node --params-file /tmp/launch_params_t93mkcf8 --params-file /home/junyoung/fire_robot_ws_observed_nav_20260928/install/fire_robot_bringup/share/fire_robot_bringup/config/observed_navigation.yaml'].
[INFO] [bt_navigator-17]: sending signal 'SIGINT' to process[bt_navigator-17]
[INFO] [behavior_server-16]: sending signal 'SIGINT' to process[behavior_server-16]
[ERROR] [velocity_smoother-18]: process has died [pid 5762, exit code -2, cmd '/opt/ros/humble/lib/nav2_velocity_smoother/velocity_smoother --ros-args --log-level info --ros-args -r __node:=velocity_smoother --params-file /tmp/launch_params_dm_lgfpy -r /tf:=tf -r /tf_static:=tf_static -r cmd_vel:=cmd_vel_nav -r cmd_vel_smoothed:=cmd_vel'].
[INFO] [planner_server-15]: sending signal 'SIGINT' to process[planner_server-15]
[INFO] [smoother_server-14]: sending signal 'SIGINT' to process[smoother_server-14]
[INFO] [controller_server-13]: sending signal 'SIGINT' to process[controller_server-13]
[INFO] [async_slam_toolbox_node-12]: sending signal 'SIGINT' to process[async_slam_toolbox_node-12]
[INFO] [parameter_bridge-10]: process has finished cleanly [pid 5444]
[ERROR] [smoother_server-14]: process has died [pid 5754, exit code -2, cmd '/opt/ros/humble/lib/nav2_smoother/smoother_server --ros-args --log-level info --ros-args -r __node:=smoother_server --params-file /tmp/launch_params_dm_lgfpy -r /tf:=tf -r /tf_static:=tf_static'].
[INFO] [parameter_bridge-9]: process has finished cleanly [pid 5442]
[INFO] [parameter_bridge-11]: process has finished cleanly [pid 5446]
[INFO] [parameter_bridge-8]: process has finished cleanly [pid 5440]
[ERROR] [controller_server-13]: process has died [pid 5752, exit code -2, cmd '/opt/ros/humble/lib/nav2_controller/controller_server --ros-args --log-level info --ros-args --params-file /tmp/launch_params_dm_lgfpy -r /tf:=tf -r /tf_static:=tf_static -r cmd_vel:=cmd_vel_nav'].
[INFO] [static_transform_publisher-5]: process has finished cleanly [pid 5434]
[ERROR] [async_slam_toolbox_node-12]: process has died [pid 5727, exit code -2, cmd '/opt/ros/humble/lib/slam_toolbox/async_slam_toolbox_node --ros-args -r __node:=slam_toolbox --params-file /tmp/observed_slam_xwf19jne.yaml --params-file /tmp/launch_params_g79661im'].
[ERROR] [navigation_visit_node-23]: process has died [pid 5867, exit code -2, cmd '/home/junyoung/fire_robot_ws_observed_nav_20260928/install/fire_robot_navigation/lib/fire_robot_navigation/navigation_visit_node --ros-args -r __node:=navigation_visit_node --params-file /tmp/launch_params_7fgkuxai'].
[INFO] [cmd_vel_safety_node-6]: sending signal 'SIGINT' to process[cmd_vel_safety_node-6]
[INFO] [robot_state_publisher-4]: sending signal 'SIGINT' to process[robot_state_publisher-4]
[INFO] [ign-3]: sending signal 'SIGINT' to process[ign-3]
[INFO] [robot_state_publisher-4]: process has finished cleanly [pid 5432]
[ERROR] [cmd_vel_safety_node-6]: process has died [pid 5436, exit code -2, cmd '/home/junyoung/fire_robot_ws_observed_nav_20260928/install/fire_robot_navigation/lib/fire_robot_navigation/cmd_vel_safety_node --ros-args -r __node:=cmd_vel_safety_node --params-file /tmp/launch_params_u80s4tpc --params-file /home/junyoung/fire_robot_ws_observed_nav_20260928/install/fire_robot_bringup/share/fire_robot_bringup/config/observed_navigation.yaml'].
[INFO] [slam_correction_tf-2]: sending signal 'SIGINT' to process[slam_correction_tf-2]
[INFO] [motion_scan_filter-1]: sending signal 'SIGINT' to process[motion_scan_filter-1]
[mission_axis_node-20] Traceback (most recent call last):
[mission_axis_node-20]   File "/home/junyoung/fire_robot_ws_observed_nav_20260928/install/fire_robot_navigation/lib/fire_robot_navigation/mission_axis_node", line 33, in <module>
[mission_axis_node-20]     sys.exit(load_entry_point('fire-robot-navigation', 'console_scripts', 'mission_axis_node')())
[mission_axis_node-20]   File "/home/junyoung/fire_robot_ws_observed_nav_20260928/build/fire_robot_navigation/fire_robot_navigation/mission_axis_node.py", line 272, in main
[mission_axis_node-20]     rclpy.spin(node)
[mission_axis_node-20]   File "/opt/ros/humble/local/lib/python3.10/dist-packages/rclpy/__init__.py", line 229, in spin
[mission_axis_node-20]     executor.spin_once()
[mission_axis_node-20]   File "/opt/ros/humble/local/lib/python3.10/dist-packages/rclpy/executors.py", line 808, in spin_once
[mission_axis_node-20]     self._spin_once_impl(timeout_sec)
[mission_axis_node-20]   File "/opt/ros/humble/local/lib/python3.10/dist-packages/rclpy/executors.py", line 797, in _spin_once_impl
[mission_axis_node-20]     handler, entity, node = self.wait_for_ready_callbacks(timeout_sec=timeout_sec)
[mission_axis_node-20]   File "/opt/ros/humble/local/lib/python3.10/dist-packages/rclpy/executors.py", line 780, in wait_for_ready_callbacks
[mission_axis_node-20]     return next(self._cb_iter)
[mission_axis_node-20]   File "/opt/ros/humble/local/lib/python3.10/dist-packages/rclpy/executors.py", line 677, in _wait_for_ready_callbacks
[navigation_node-22]     return next(self._cb_iter)
[navigation_node-22]   File "/opt/ros/humble/local/lib/python3.10/dist-packages/rclpy/executors.py", line 677, in _wait_for_ready_callbacks
[navigation_node-22]     wait_set.wait(timeout_nsec)
[navigation_node-22] KeyboardInterrupt
[mission_axis_node-20]     wait_set.wait(timeout_nsec)
[mission_axis_node-20] KeyboardInterrupt
[bt_navigator-17] [INFO] [1790650476.038183208] [rclcpp]: signal_handler(SIGINT/SIGTERM)
[bt_navigator-17] [INFO] [1790650476.038283215] [bt_navigator]: Running Nav2 LifecycleNode rcl preshutdown (bt_navigator)
[bt_navigator-17] [INFO] [1790650476.038364288] [bt_navigator]: Deactivating
[bt_navigator-17] [INFO] [1790650476.038396568] [bt_navigator]: Destroying bond (bt_navigator) to lifecycle manager.
[bt_navigator-17] [INFO] [1790650476.048833634] [bt_navigator]: Cleaning up
[ERROR] [slam_correction_tf-2]: process has died [pid 5428, exit code -2, cmd '/home/junyoung/fire_robot_ws_observed_nav_20260928/install/fire_robot_navigation/lib/fire_robot_navigation/slam_correction_tf --ros-args --params-file /tmp/launch_params_d2ylepqt'].
[parameter_bridge-11] [INFO] [1790650476.038275452] [rclcpp]: signal_handler(SIGINT/SIGTERM)
[parameter_bridge-10] [INFO] [1790650476.038274451] [rclcpp]: signal_handler(SIGINT/SIGTERM)
[state_machine_node-24]     rclpy.spin(node)
[state_machine_node-24]   File "/opt/ros/humble/local/lib/python3.10/dist-packages/rclpy/__init__.py", line 229, in spin
[state_machine_node-24]     executor.spin_once()
[state_machine_node-24]   File "/opt/ros/humble/local/lib/python3.10/dist-packages/rclpy/executors.py", line 808, in spin_once
[state_machine_node-24]     self._spin_once_impl(timeout_sec)
[state_machine_node-24]   File "/opt/ros/humble/local/lib/python3.10/dist-packages/rclpy/executors.py", line 797, in _spin_once_impl
[state_machine_node-24]     handler, entity, node = self.wait_for_ready_callbacks(timeout_sec=timeout_sec)
[state_machine_node-24]   File "/opt/ros/humble/local/lib/python3.10/dist-packages/rclpy/executors.py", line 780, in wait_for_ready_callbacks
[state_machine_node-24]     return next(self._cb_iter)
[state_machine_node-24]   File "/opt/ros/humble/local/lib/python3.10/dist-packages/rclpy/executors.py", line 677, in _wait_for_ready_callbacks
[state_machine_node-24]     wait_set.wait(timeout_nsec)
[state_machine_node-24] KeyboardInterrupt
[async_slam_toolbox_node-12] [INFO] [1790650476.040645043] [rclcpp]: signal_handler(SIGINT/SIGTERM)
[ERROR] [motion_scan_filter-1]: process has died [pid 5426, exit code -2, cmd '/home/junyoung/fire_robot_ws_observed_nav_20260928/install/fire_robot_navigation/lib/fire_robot_navigation/motion_scan_filter --ros-args --params-file /tmp/launch_params_vdlzvgm5'].
[behavior_server-16] [INFO] [1790650476.042697918] [rclcpp]: signal_handler(SIGINT/SIGTERM)
[behavior_server-16] [INFO] [1790650476.042827300] [behavior_server]: Running Nav2 LifecycleNode rcl preshutdown (behavior_server)
[behavior_server-16] [INFO] [1790650476.042918921] [behavior_server]: Deactivating
[behavior_server-16] [INFO] [1790650476.042977389] [behavior_server]: Destroying bond (behavior_server) to lifecycle manager.
[behavior_server-16] [INFO] [1790650476.073361859] [behavior_server]: Cleaning up
[velocity_smoother-18] [INFO] [1790650476.045863174] [velocity_smoother]: Cleaning up
[velocity_smoother-18] [INFO] [1790650476.045955930] [velocity_smoother]: Destroying bond (velocity_smoother) to lifecycle manager.
[planner_server-15] [INFO] [1790650476.051274032] [planner_server]: Deactivating plugin GridBased of type SmacPlanner2D
[planner_server-15] [INFO] [1790650476.051478918] [planner_server]: Destroying bond (planner_server) to lifecycle manager.
[planner_server-15] [INFO] [1790650476.075840199] [planner_server]: Cleaning up
[smoother_server-14] [INFO] [1790650476.055814960] [smoother_server]: Cleaning up
[velocity_smoother-18] [INFO] [1790650476.086407763] [velocity_smoother]: Destroying
[controller_server-13] [INFO] [1790650476.087527975] [controller_server]: Destroying bond (controller_server) to lifecycle manager.
[smoother_server-14] [INFO] [1790650476.100542876] [smoother_server]: Destroying bond (smoother_server) to lifecycle manager.
[smoother_server-14] [INFO] [1790650476.106588485] [smoother_server]: Destroying
[controller_server-13] [INFO] [1790650476.102459282] [controller_server]: Cleaning up
[controller_server-13] [INFO] [1790650476.102514721] [controller_server]: Cleaning up controller: FollowPath of type nav2_rotation_shim_controller::RotationShimController
[controller_server-13] [INFO] [1790650476.103668503] [local_costmap.local_costmap]: Cleaning up
[navigation_visit_node-23] Traceback (most recent call last):
[navigation_visit_node-23]   File "/home/junyoung/fire_robot_ws_observed_nav_20260928/build/fire_robot_navigation/fire_robot_navigation/navigation_visit_node.py", line 73, in main
[navigation_visit_node-23]     rclpy.spin(node)
[navigation_visit_node-23]   File "/opt/ros/humble/local/lib/python3.10/dist-packages/rclpy/__init__.py", line 229, in spin
[navigation_visit_node-23]     executor.spin_once()
[navigation_visit_node-23]   File "/opt/ros/humble/local/lib/python3.10/dist-packages/rclpy/executors.py", line 808, in spin_once
[navigation_visit_node-23]     self._spin_once_impl(timeout_sec)
[navigation_visit_node-23]   File "/opt/ros/humble/local/lib/python3.10/dist-packages/rclpy/executors.py", line 797, in _spin_once_impl
[navigation_visit_node-23]     handler, entity, node = self.wait_for_ready_callbacks(timeout_sec=timeout_sec)
[navigation_visit_node-23]   File "/opt/ros/humble/local/lib/python3.10/dist-packages/rclpy/executors.py", line 780, in wait_for_ready_callbacks
[navigation_visit_node-23]     return next(self._cb_iter)
[navigation_visit_node-23]   File "/opt/ros/humble/local/lib/python3.10/dist-packages/rclpy/executors.py", line 677, in _wait_for_ready_callbacks
[navigation_visit_node-23]     wait_set.wait(timeout_nsec)
[navigation_visit_node-23] KeyboardInterrupt
[navigation_visit_node-23] 
[navigation_visit_node-23] During handling of the above exception, another exception occurred:
[navigation_visit_node-23] 
[navigation_visit_node-23] Traceback (most recent call last):
[navigation_visit_node-23]   File "/home/junyoung/fire_robot_ws_observed_nav_20260928/install/fire_robot_navigation/lib/fire_robot_navigation/navigation_visit_node", line 33, in <module>
[navigation_visit_node-23]     sys.exit(load_entry_point('fire-robot-navigation', 'console_scripts', 'navigation_visit_node')())
[navigation_visit_node-23]   File "/home/junyoung/fire_robot_ws_observed_nav_20260928/build/fire_robot_navigation/fire_robot_navigation/navigation_visit_node.py", line 75, in main
[navigation_visit_node-23]     node.destroy_node()
[navigation_visit_node-23]   File "/opt/ros/humble/local/lib/python3.10/dist-packages/rclpy/node.py", line 1696, in destroy_node
[navigation_visit_node-23]     self.__node.destroy_when_not_in_use()
[navigation_visit_node-23] KeyboardInterrupt
[door_detection_node-21] Traceback (most recent call last):
[door_detection_node-21]   File "/home/junyoung/fire_robot_ws_observed_nav_20260928/install/fire_robot_perception/lib/fire_robot_perception/door_detection_node", line 33, in <module>
[door_detection_node-21]     sys.exit(load_entry_point('fire-robot-perception', 'console_scripts', 'door_detection_node')())
[door_detection_node-21]   File "/home/junyoung/fire_robot_ws_observed_nav_20260928/build/fire_robot_perception/fire_robot_perception/door_detection_node.py", line 2058, in main
[door_detection_node-21]     node.destroy_node()
[door_detection_node-21]   File "/opt/ros/humble/local/lib/python3.10/dist-packages/rclpy/node.py", line 1691, in destroy_node
[door_detection_node-21]     self.destroy_service(self._services[0])
[door_detection_node-21]   File "/opt/ros/humble/local/lib/python3.10/dist-packages/rclpy/node.py", line 1615, in destroy_service
[door_detection_node-21]     service.destroy()
[door_detection_node-21]   File "/opt/ros/humble/local/lib/python3.10/dist-packages/rclpy/service.py", line 93, in destroy
[behavior_server-16] [INFO] [1790650476.124524867] [behavior_server]: Destroying bond (behavior_server) to lifecycle manager.
[door_detection_node-21]     self.__service.destroy_when_not_in_use()
[door_detection_node-21] KeyboardInterrupt
[planner_server-15] [INFO] [1790650476.139565458] [global_costmap.global_costmap]: Cleaning up
[controller_server-13] [INFO] [1790650476.149686258] [controller_server]: Destroying bond (controller_server) to lifecycle manager.
[planner_server-15] [INFO] [1790650476.152901099] [planner_server]: Cleaning up plugin GridBased of type SmacPlanner2D
[planner_server-15] [INFO] [1790650476.153826620] [planner_server]: Destroying plugin GridBased of type SmacPlanner2D
[controller_server-13] [INFO] [1790650476.159873356] [local_costmap.local_costmap]: Destroying
[behavior_server-16] [INFO] [1790650476.167151982] [rclcpp]: signal_handler(SIGINT/SIGTERM)
[planner_server-15] [INFO] [1790650476.170668061] [planner_server]: Destroying bond (planner_server) to lifecycle manager.
[behavior_server-16] [INFO] [1790650476.177793184] [behavior_server]: Destroying
[lifecycle_manager-19] [INFO] [1790650476.178343741] [rclcpp]: signal_handler(SIGINT/SIGTERM)
[lifecycle_manager-19] [INFO] [1790650476.187855712] [lifecycle_manager_navigation]: Destroying lifecycle_manager_navigation
[planner_server-15] [INFO] [1790650476.179489499] [rclcpp]: signal_handler(SIGINT/SIGTERM)
[planner_server-15] [INFO] [1790650476.183880935] [global_costmap.global_costmap]: Destroying
[controller_server-13] [INFO] [1790650476.180300545] [controller_server]: Destroying
[cmd_vel_safety_node-6] Traceback (most recent call last):
[cmd_vel_safety_node-6]   File "/home/junyoung/fire_robot_ws_observed_nav_20260928/build/fire_robot_navigation/fire_robot_navigation/cmd_vel_safety_node.py", line 191, in main
[cmd_vel_safety_node-6]     rclpy.spin(node)
[cmd_vel_safety_node-6]   File "/opt/ros/humble/local/lib/python3.10/dist-packages/rclpy/__init__.py", line 229, in spin
[cmd_vel_safety_node-6]     executor.spin_once()
[cmd_vel_safety_node-6]   File "/opt/ros/humble/local/lib/python3.10/dist-packages/rclpy/executors.py", line 808, in spin_once
[cmd_vel_safety_node-6]     self._spin_once_impl(timeout_sec)
[cmd_vel_safety_node-6]   File "/opt/ros/humble/local/lib/python3.10/dist-packages/rclpy/executors.py", line 797, in _spin_once_impl
[cmd_vel_safety_node-6]     handler, entity, node = self.wait_for_ready_callbacks(timeout_sec=timeout_sec)
[cmd_vel_safety_node-6]   File "/opt/ros/humble/local/lib/python3.10/dist-packages/rclpy/executors.py", line 780, in wait_for_ready_callbacks
[cmd_vel_safety_node-6]     return next(self._cb_iter)
[cmd_vel_safety_node-6]   File "/opt/ros/humble/local/lib/python3.10/dist-packages/rclpy/executors.py", line 677, in _wait_for_ready_callbacks
[cmd_vel_safety_node-6]     wait_set.wait(timeout_nsec)
[cmd_vel_safety_node-6] KeyboardInterrupt
[cmd_vel_safety_node-6] 
[cmd_vel_safety_node-6] During handling of the above exception, another exception occurred:
[cmd_vel_safety_node-6] 
[cmd_vel_safety_node-6] Traceback (most recent call last):
[cmd_vel_safety_node-6]   File "/home/junyoung/fire_robot_ws_observed_nav_20260928/install/fire_robot_navigation/lib/fire_robot_navigation/cmd_vel_safety_node", line 33, in <module>
[cmd_vel_safety_node-6]     sys.exit(load_entry_point('fire-robot-navigation', 'console_scripts', 'cmd_vel_safety_node')())
[cmd_vel_safety_node-6]   File "/home/junyoung/fire_robot_ws_observed_nav_20260928/build/fire_robot_navigation/fire_robot_navigation/cmd_vel_safety_node.py", line 194, in main
[cmd_vel_safety_node-6]     rclpy.shutdown()
[cmd_vel_safety_node-6]   File "/opt/ros/humble/local/lib/python3.10/dist-packages/rclpy/__init__.py", line 130, in shutdown
[cmd_vel_safety_node-6]     _shutdown(context=context)
[cmd_vel_safety_node-6]   File "/opt/ros/humble/local/lib/python3.10/dist-packages/rclpy/utilities.py", line 58, in shutdown
[cmd_vel_safety_node-6]     return context.shutdown()
[cmd_vel_safety_node-6]   File "/opt/ros/humble/local/lib/python3.10/dist-packages/rclpy/context.py", line 102, in shutdown
[cmd_vel_safety_node-6]     self.__context.shutdown()
[cmd_vel_safety_node-6] rclpy._rclpy_pybind11.RCLError: failed to shutdown: rcl_shutdown already called on the given context, at ./src/rcl/init.c:241
[planner_server-15] [INFO] [1790650476.199314799] [planner_server]: Destroying
[bt_navigator-17] [INFO] [1790650476.268896853] [bt_navigator]: Completed Cleaning up
[bt_navigator-17] [INFO] [1790650476.268971251] [bt_navigator]: Destroying bond (bt_navigator) to lifecycle manager.
[bt_navigator-17] [INFO] [1790650476.269860222] [rclcpp]: signal_handler(SIGINT/SIGTERM)
[bt_navigator-17] [INFO] [1790650476.280621827] [bt_navigator]: Destroying
[INFO] [behavior_server-16]: process has finished cleanly [pid 5758]
[INFO] [lifecycle_manager-19]: process has finished cleanly [pid 5821]
[INFO] [planner_server-15]: process has finished cleanly [pid 5756]
[INFO] [ign-3]: process has finished cleanly [pid 5430]
[INFO] [bt_navigator-17]: process has finished cleanly [pid 5760]
[ERROR] [door_detection_node-21]: process has died [pid 5863, exit code -2, cmd '/home/junyoung/fire_robot_ws_observed_nav_20260928/install/fire_robot_perception/lib/fire_robot_perception/door_detection_node --ros-args -r __node:=door_detection_node --params-file /tmp/launch_params_nu9rcv_x --params-file /home/junyoung/fire_robot_ws_observed_nav_20260928/install/fire_robot_bringup/share/fire_robot_bringup/config/observed_navigation.yaml'].
