[INFO] [launch]: All log files can be found below /home/junyoung/.ros/log/2026-09-29-11-22-12-462688-BOOK-9IO69NR1EM-4032
[INFO] [launch]: Default logging verbosity is set to INFO
[INFO] [motion_scan_filter-1]: process started with pid [4063]
[INFO] [slam_correction_tf-2]: process started with pid [4065]
[INFO] [ign-3]: process started with pid [4067]
[INFO] [robot_state_publisher-4]: process started with pid [4069]
[INFO] [static_transform_publisher-5]: process started with pid [4071]
[INFO] [cmd_vel_safety_node-6]: process started with pid [4073]
[INFO] [create-7]: process started with pid [4075]
[INFO] [parameter_bridge-8]: process started with pid [4077]
[INFO] [parameter_bridge-9]: process started with pid [4079]
[INFO] [parameter_bridge-10]: process started with pid [4081]
[INFO] [parameter_bridge-11]: process started with pid [4083]
[static_transform_publisher-5] [WARN] [1790648532.659517515] []: Old-style arguments are deprecated; see --help for new-style arguments
[static_transform_publisher-5] [INFO] [1790648532.683937189] [sim_lidar_sensor_tf]: Spinning until stopped - publishing transform
[static_transform_publisher-5] translation: ('0.200000', '0.000000', '0.070000')
[static_transform_publisher-5] rotation: ('0.000000', '0.000000', '0.000000', '1.000000')
[static_transform_publisher-5] from 'base_link' to 'fire_robot/base_footprint/lidar_sensor'
[create-7] [INFO] [1790648532.696774119] [spawn_fire_robot]: Requesting list of world names.
[parameter_bridge-9] [INFO] [1790648532.718368065] [gz_motion_bridge]: Creating GZ->ROS Bridge: [/scan (gz.msgs.LaserScan) -> /scan (sensor_msgs/msg/LaserScan)] (Lazy 0)
[parameter_bridge-8] [INFO] [1790648532.721977943] [gz_clock_bridge]: Creating GZ->ROS Bridge: [/clock (gz.msgs.Clock) -> /clock (rosgraph_msgs/msg/Clock)] (Lazy 0)
[parameter_bridge-9] [INFO] [1790648532.722834901] [gz_motion_bridge]: Creating ROS->GZ Bridge: [/cmd_vel (geometry_msgs/msg/Twist) -> /cmd_vel (gz.msgs.Twist)] (Lazy 0)
[parameter_bridge-9] [INFO] [1790648532.723957995] [gz_motion_bridge]: Creating GZ->ROS Bridge: [/joint_states (gz.msgs.Model) -> /joint_states (sensor_msgs/msg/JointState)] (Lazy 0)
[robot_state_publisher-4] [INFO] [1790648532.727102103] [robot_state_publisher]: got segment arm_base_link
[robot_state_publisher-4] [INFO] [1790648532.727276253] [robot_state_publisher]: got segment arm_link1
[robot_state_publisher-4] [INFO] [1790648532.727287555] [robot_state_publisher]: got segment arm_link2
[robot_state_publisher-4] [INFO] [1790648532.727292021] [robot_state_publisher]: got segment arm_link3
[robot_state_publisher-4] [INFO] [1790648532.727295204] [robot_state_publisher]: got segment arm_link4
[robot_state_publisher-4] [INFO] [1790648532.727298235] [robot_state_publisher]: got segment arm_link5
[robot_state_publisher-4] [INFO] [1790648532.727301314] [robot_state_publisher]: got segment arm_link6
[robot_state_publisher-4] [INFO] [1790648532.727304366] [robot_state_publisher]: got segment base_footprint
[robot_state_publisher-4] [INFO] [1790648532.727308052] [robot_state_publisher]: got segment base_link
[robot_state_publisher-4] [INFO] [1790648532.727311627] [robot_state_publisher]: got segment camera_color_optical_frame
[robot_state_publisher-4] [INFO] [1790648532.727315803] [robot_state_publisher]: got segment camera_front_left_link
[robot_state_publisher-4] [INFO] [1790648532.727319365] [robot_state_publisher]: got segment camera_front_left_optical_frame
[robot_state_publisher-4] [INFO] [1790648532.727322521] [robot_state_publisher]: got segment camera_front_right_link
[robot_state_publisher-4] [INFO] [1790648532.727325802] [robot_state_publisher]: got segment camera_front_right_optical_frame
[robot_state_publisher-4] [INFO] [1790648532.727329509] [robot_state_publisher]: got segment camera_link
[robot_state_publisher-4] [INFO] [1790648532.727332815] [robot_state_publisher]: got segment depth_camera_link
[robot_state_publisher-4] [INFO] [1790648532.727336045] [robot_state_publisher]: got segment depth_optical_frame
[robot_state_publisher-4] [INFO] [1790648532.727339531] [robot_state_publisher]: got segment front_left_wheel
[robot_state_publisher-4] [INFO] [1790648532.727343168] [robot_state_publisher]: got segment front_right_wheel
[robot_state_publisher-4] [INFO] [1790648532.727346554] [robot_state_publisher]: got segment gripper_base_link
[robot_state_publisher-4] [INFO] [1790648532.727349840] [robot_state_publisher]: got segment gripper_finger_left
[robot_state_publisher-4] [INFO] [1790648532.727353264] [robot_state_publisher]: got segment gripper_finger_right
[robot_state_publisher-4] [INFO] [1790648532.727356803] [robot_state_publisher]: got segment lidar_link
[robot_state_publisher-4] [INFO] [1790648532.727359990] [robot_state_publisher]: got segment rear_left_wheel
[robot_state_publisher-4] [INFO] [1790648532.727363017] [robot_state_publisher]: got segment rear_right_wheel
[parameter_bridge-11] [INFO] [1790648532.737900514] [gz_rgb_camera_bridge]: Creating GZ->ROS Bridge: [/camera_raw (gz.msgs.Image) -> /camera_raw (sensor_msgs/msg/Image)] (Lazy 0)
[parameter_bridge-11] [INFO] [1790648532.740304915] [gz_rgb_camera_bridge]: Creating GZ->ROS Bridge: [/camera_raw/camera_info (gz.msgs.CameraInfo) -> /camera_raw/camera_info (sensor_msgs/msg/CameraInfo)] (Lazy 0)
[parameter_bridge-11] [INFO] [1790648532.741894897] [gz_rgb_camera_bridge]: Creating GZ->ROS Bridge: [/camera_front_left_raw (gz.msgs.Image) -> /camera_front_left_raw (sensor_msgs/msg/Image)] (Lazy 0)
[parameter_bridge-11] [INFO] [1790648532.742833502] [gz_rgb_camera_bridge]: Creating GZ->ROS Bridge: [/camera_front_left_raw/camera_info (gz.msgs.CameraInfo) -> /camera_front_left_raw/camera_info (sensor_msgs/msg/CameraInfo)] (Lazy 0)
[parameter_bridge-11] [INFO] [1790648532.743764985] [gz_rgb_camera_bridge]: Creating GZ->ROS Bridge: [/camera_front_right_raw (gz.msgs.Image) -> /camera_front_right_raw (sensor_msgs/msg/Image)] (Lazy 0)
[parameter_bridge-11] [INFO] [1790648532.745299882] [gz_rgb_camera_bridge]: Creating GZ->ROS Bridge: [/camera_front_right_raw/camera_info (gz.msgs.CameraInfo) -> /camera_front_right_raw/camera_info (sensor_msgs/msg/CameraInfo)] (Lazy 0)
[parameter_bridge-10] [INFO] [1790648532.753137899] [gz_selected_odometry_bridge]: Creating GZ->ROS Bridge: [/wheel_odom (gz.msgs.Odometry) -> /wheel_odom (nav_msgs/msg/Odometry)] (Lazy 0)
[parameter_bridge-10] [INFO] [1790648532.758544569] [gz_selected_odometry_bridge]: Creating GZ->ROS Bridge: [/wheel_tf (gz.msgs.Pose_V) -> /wheel_tf (tf2_msgs/msg/TFMessage)] (Lazy 0)
[cmd_vel_safety_node-6] [INFO] [1790648532.913717241] [cmd_vel_safety_node]: CmdVelSafetyNode started | nav=/cmd_vel, manual=/cmd_vel_manual -> /cmd_vel_safe manual_hold=0.75s, allow_reverse=True, micro_reverse=0.050m/s, LiDAR stops(front/rear/turn)=0.48/0.40/0.32m, manual_lidar_stop=True
[create-7] [INFO] [1790648533.232488304] [spawn_fire_robot]: Waiting messages on topic [/robot_description].
[create-7] [INFO] [1790648533.244476448] [spawn_fire_robot]: Requested creation of entity.
[create-7] [INFO] [1790648533.244516767] [spawn_fire_robot]: OK creation of entity.
[INFO] [create-7]: process has finished cleanly [pid 4075]
[ign-3] [1;33mWarning [Utils.cc:129][0m [/sdf/model[@name="fire_robot"]/link[@name="base_footprint"]/sensor[@name="lidar_sensor"]/lidar/noise[@type="gaussian"]:<urdf-string>:L0]: XML Attribute[type] in element[noise] not defined in SDF.
[INFO] [async_slam_toolbox_node-12]: process started with pid [4364]
[async_slam_toolbox_node-12] [INFO] [1790648540.721142468] [slam_toolbox]: Node using stack size 40000000
[async_slam_toolbox_node-12] [INFO] [1790648540.782465105] [slam_toolbox]: Using solver plugin solver_plugins::CeresSolver
[async_slam_toolbox_node-12] [INFO] [1790648540.783167184] [slam_toolbox]: CeresSolver: Using SCHUR_JACOBI preconditioner.
[async_slam_toolbox_node-12] [WARN] [1790648541.181506101] [slam_toolbox]: minimum laser range setting (0.0 m) exceeds the capabilities of the used Lidar (0.2 m)
[async_slam_toolbox_node-12] Registering sensor: [Custom Described Lidar]
[INFO] [controller_server-13]: process started with pid [4389]
[INFO] [smoother_server-14]: process started with pid [4391]
[INFO] [planner_server-15]: process started with pid [4393]
[INFO] [behavior_server-16]: process started with pid [4395]
[INFO] [bt_navigator-17]: process started with pid [4397]
[INFO] [velocity_smoother-18]: process started with pid [4399]
[INFO] [lifecycle_manager-19]: process started with pid [4455]
[planner_server-15] [INFO] [1790648545.182821195] [planner_server]: 
[planner_server-15] 	planner_server lifecycle node launched. 
[planner_server-15] 	Waiting on external lifecycle transitions to activate
[planner_server-15] 	See https://design.ros2.org/articles/node_lifecycle.html for more information.
[planner_server-15] [INFO] [1790648545.184737803] [planner_server]: Creating
[behavior_server-16] [INFO] [1790648545.190911232] [behavior_server]: 
[behavior_server-16] 	behavior_server lifecycle node launched. 
[behavior_server-16] 	Waiting on external lifecycle transitions to activate
[behavior_server-16] 	See https://design.ros2.org/articles/node_lifecycle.html for more information.
[velocity_smoother-18] [INFO] [1790648545.196506785] [velocity_smoother]: 
[velocity_smoother-18] 	velocity_smoother lifecycle node launched. 
[velocity_smoother-18] 	Waiting on external lifecycle transitions to activate
[velocity_smoother-18] 	See https://design.ros2.org/articles/node_lifecycle.html for more information.
[controller_server-13] [INFO] [1790648545.197899800] [controller_server]: 
[controller_server-13] 	controller_server lifecycle node launched. 
[controller_server-13] 	Waiting on external lifecycle transitions to activate
[controller_server-13] 	See https://design.ros2.org/articles/node_lifecycle.html for more information.
[controller_server-13] [INFO] [1790648545.202597503] [controller_server]: Creating controller server
[bt_navigator-17] [INFO] [1790648545.200472711] [bt_navigator]: 
[bt_navigator-17] 	bt_navigator lifecycle node launched. 
[bt_navigator-17] 	Waiting on external lifecycle transitions to activate
[bt_navigator-17] 	See https://design.ros2.org/articles/node_lifecycle.html for more information.
[bt_navigator-17] [INFO] [1790648545.200603642] [bt_navigator]: Creating
[planner_server-15] [INFO] [1790648545.206843277] [global_costmap.global_costmap]: 
[planner_server-15] 	global_costmap lifecycle node launched. 
[planner_server-15] 	Waiting on external lifecycle transitions to activate
[planner_server-15] 	See https://design.ros2.org/articles/node_lifecycle.html for more information.
[planner_server-15] [INFO] [1790648545.207646591] [global_costmap.global_costmap]: Creating Costmap
[lifecycle_manager-19] [INFO] [1790648545.226787153] [lifecycle_manager_navigation]: Creating
[lifecycle_manager-19] [INFO] [1790648545.235144063] [lifecycle_manager_navigation]: [34m[1mCreating and initializing lifecycle service clients[0m[0m
[smoother_server-14] [INFO] [1790648545.235558378] [smoother_server]: 
[smoother_server-14] 	smoother_server lifecycle node launched. 
[smoother_server-14] 	Waiting on external lifecycle transitions to activate
[smoother_server-14] 	See https://design.ros2.org/articles/node_lifecycle.html for more information.
[smoother_server-14] [INFO] [1790648545.237115350] [smoother_server]: Creating smoother server
[controller_server-13] [INFO] [1790648545.241725965] [local_costmap.local_costmap]: 
[controller_server-13] 	local_costmap lifecycle node launched. 
[controller_server-13] 	Waiting on external lifecycle transitions to activate
[controller_server-13] 	See https://design.ros2.org/articles/node_lifecycle.html for more information.
[controller_server-13] [INFO] [1790648545.242247123] [local_costmap.local_costmap]: Creating Costmap
[lifecycle_manager-19] [INFO] [1790648545.886635212] [lifecycle_manager_navigation]: [34m[1mStarting managed nodes bringup...[0m[0m
[lifecycle_manager-19] [INFO] [1790648545.886694296] [lifecycle_manager_navigation]: [34m[1mConfiguring controller_server[0m[0m
[controller_server-13] [INFO] [1790648545.886963110] [controller_server]: Configuring controller interface
[controller_server-13] [INFO] [1790648545.887144356] [controller_server]: getting goal checker plugins..
[controller_server-13] [INFO] [1790648545.887217842] [controller_server]: Controller frequency set to 8.0000Hz
[controller_server-13] [INFO] [1790648545.887250380] [local_costmap.local_costmap]: Configuring
[controller_server-13] [INFO] [1790648545.896390575] [local_costmap.local_costmap]: Using plugin "obstacle_layer"
[controller_server-13] [INFO] [1790648545.898739891] [local_costmap.local_costmap]: Subscribed to Topics: scan
[controller_server-13] [INFO] [1790648545.903215307] [local_costmap.local_costmap]: Initialized plugin "obstacle_layer"
[controller_server-13] [INFO] [1790648545.903308733] [local_costmap.local_costmap]: Using plugin "inflation_layer"
[controller_server-13] [INFO] [1790648545.904848548] [local_costmap.local_costmap]: Initialized plugin "inflation_layer"
[controller_server-13] [INFO] [1790648545.921104745] [controller_server]: Created progress_checker : progress_checker of type nav2_controller::SimpleProgressChecker
[controller_server-13] [INFO] [1790648545.924253553] [controller_server]: Created goal checker : general_goal_checker of type nav2_controller::SimpleGoalChecker
[controller_server-13] [INFO] [1790648545.925298301] [controller_server]: Controller Server has general_goal_checker  goal checkers available.
[controller_server-13] [INFO] [1790648545.927003343] [controller_server]: Created controller : FollowPath of type nav2_rotation_shim_controller::RotationShimController
[controller_server-13] [INFO] [1790648545.930720415] [controller_server]: Created internal controller for rotation shimming: FollowPath of type dwb_core::DWBLocalPlanner
[controller_server-13] [INFO] [1790648545.931699317] [controller_server]: Setting transform_tolerance to 0.300000
[controller_server-13] [INFO] [1790648545.946402111] [controller_server]: Using critic "RotateToGoal" (dwb_critics::RotateToGoalCritic)
[controller_server-13] [INFO] [1790648545.947538156] [controller_server]: Critic plugin initialized
[controller_server-13] [INFO] [1790648545.947696794] [controller_server]: Using critic "Oscillation" (dwb_critics::OscillationCritic)
[controller_server-13] [INFO] [1790648545.948343655] [controller_server]: Critic plugin initialized
[controller_server-13] [INFO] [1790648545.948579681] [controller_server]: Using critic "BaseObstacle" (dwb_critics::BaseObstacleCritic)
[controller_server-13] [INFO] [1790648545.948975364] [controller_server]: Critic plugin initialized
[controller_server-13] [INFO] [1790648545.949160796] [controller_server]: Using critic "ObstacleFootprint" (dwb_critics::ObstacleFootprintCritic)
[controller_server-13] [INFO] [1790648545.949530685] [controller_server]: Critic plugin initialized
[controller_server-13] [INFO] [1790648545.949897979] [controller_server]: Using critic "GoalAlign" (dwb_critics::GoalAlignCritic)
[controller_server-13] [INFO] [1790648545.950511909] [controller_server]: Critic plugin initialized
[controller_server-13] [INFO] [1790648545.950635270] [controller_server]: Using critic "PathAlign" (dwb_critics::PathAlignCritic)
[controller_server-13] [INFO] [1790648545.951441159] [controller_server]: Critic plugin initialized
[controller_server-13] [INFO] [1790648545.951619077] [controller_server]: Using critic "PathDist" (dwb_critics::PathDistCritic)
[controller_server-13] [INFO] [1790648545.952141014] [controller_server]: Critic plugin initialized
[controller_server-13] [INFO] [1790648545.953207046] [controller_server]: Using critic "GoalDist" (dwb_critics::GoalDistCritic)
[controller_server-13] [INFO] [1790648545.954006748] [controller_server]: Critic plugin initialized
[controller_server-13] [INFO] [1790648545.954067152] [controller_server]: Controller Server has FollowPath  controllers available.
[lifecycle_manager-19] [INFO] [1790648545.967935271] [lifecycle_manager_navigation]: [34m[1mConfiguring smoother_server[0m[0m
[smoother_server-14] [INFO] [1790648545.968284842] [smoother_server]: Configuring smoother server
[smoother_server-14] [INFO] [1790648545.984936417] [smoother_server]: Created smoother : simple_smoother of type nav2_smoother::SimpleSmoother
[smoother_server-14] [INFO] [1790648545.985694123] [smoother_server]: Smoother Server has simple_smoother  smoothers available.
[lifecycle_manager-19] [INFO] [1790648545.997073522] [lifecycle_manager_navigation]: [34m[1mConfiguring planner_server[0m[0m
[planner_server-15] [INFO] [1790648545.997453112] [planner_server]: Configuring
[planner_server-15] [INFO] [1790648545.997505828] [global_costmap.global_costmap]: Configuring
[planner_server-15] [INFO] [1790648546.005318391] [global_costmap.global_costmap]: Using plugin "static_layer"
[planner_server-15] [INFO] [1790648546.008332038] [global_costmap.global_costmap]: Subscribing to the map topic (/map) with transient local durability
[planner_server-15] [INFO] [1790648546.011226962] [global_costmap.global_costmap]: Subscribing to updates
[planner_server-15] [INFO] [1790648546.013922721] [global_costmap.global_costmap]: Initialized plugin "static_layer"
[planner_server-15] [INFO] [1790648546.013985435] [global_costmap.global_costmap]: Using plugin "obstacle_layer"
[planner_server-15] [INFO] [1790648546.014554319] [global_costmap.global_costmap]: Subscribed to Topics: scan
[planner_server-15] [INFO] [1790648546.023297288] [global_costmap.global_costmap]: Initialized plugin "obstacle_layer"
[planner_server-15] [INFO] [1790648546.023398371] [global_costmap.global_costmap]: Using plugin "inflation_layer"
[planner_server-15] [INFO] [1790648546.025645112] [global_costmap.global_costmap]: Initialized plugin "inflation_layer"
[planner_server-15] [INFO] [1790648546.041733344] [global_costmap.global_costmap]: StaticLayer: Resizing static layer to 189 X 81 at 0.050000 m/pix
[planner_server-15] [INFO] [1790648546.045232047] [planner_server]: Created global planner plugin GridBased of type nav2_smac_planner/SmacPlanner2D
[planner_server-15] [INFO] [1790648546.045291129] [planner_server]: Configuring GridBased of type SmacPlanner2D
[planner_server-15] [INFO] [1790648546.049425486] [planner_server]: Configured plugin GridBased of type SmacPlanner2D with tolerance 0.55, maximum iterations 1000000, max on approach iterations 1000, and not allowing unknown traversal.
[planner_server-15] [INFO] [1790648546.049496940] [planner_server]: Planner Server has GridBased  planners available.
[lifecycle_manager-19] [INFO] [1790648546.071733480] [lifecycle_manager_navigation]: [34m[1mConfiguring behavior_server[0m[0m
[behavior_server-16] [INFO] [1790648546.072150844] [behavior_server]: Configuring
[behavior_server-16] [INFO] [1790648546.084434256] [behavior_server]: Creating behavior plugin spin of type nav2_behaviors/Spin
[behavior_server-16] [INFO] [1790648546.085222197] [behavior_server]: Configuring spin
[behavior_server-16] [INFO] [1790648546.095457881] [behavior_server]: Creating behavior plugin backup of type nav2_behaviors/BackUp
[behavior_server-16] [INFO] [1790648546.096282000] [behavior_server]: Configuring backup
[behavior_server-16] [INFO] [1790648546.106372503] [behavior_server]: Creating behavior plugin drive_on_heading of type nav2_behaviors/DriveOnHeading
[behavior_server-16] [INFO] [1790648546.107110364] [behavior_server]: Configuring drive_on_heading
[behavior_server-16] [INFO] [1790648546.117051511] [behavior_server]: Creating behavior plugin assisted_teleop of type nav2_behaviors/AssistedTeleop
[behavior_server-16] [INFO] [1790648546.118550080] [behavior_server]: Configuring assisted_teleop
[behavior_server-16] [INFO] [1790648546.129270553] [behavior_server]: Creating behavior plugin wait of type nav2_behaviors/Wait
[behavior_server-16] [INFO] [1790648546.130284124] [behavior_server]: Configuring wait
[lifecycle_manager-19] [INFO] [1790648546.138348966] [lifecycle_manager_navigation]: [34m[1mConfiguring bt_navigator[0m[0m
[bt_navigator-17] [INFO] [1790648546.138772852] [bt_navigator]: Configuring
[lifecycle_manager-19] [INFO] [1790648546.222828202] [lifecycle_manager_navigation]: [34m[1mConfiguring velocity_smoother[0m[0m
[velocity_smoother-18] [INFO] [1790648546.223802557] [velocity_smoother]: Configuring velocity smoother
[lifecycle_manager-19] [INFO] [1790648546.233099852] [lifecycle_manager_navigation]: [34m[1mActivating controller_server[0m[0m
[controller_server-13] [INFO] [1790648546.233935603] [controller_server]: Activating
[controller_server-13] [INFO] [1790648546.233992401] [local_costmap.local_costmap]: Activating
[controller_server-13] [INFO] [1790648546.234004023] [local_costmap.local_costmap]: Checking transform
[controller_server-13] [INFO] [1790648546.234242437] [local_costmap.local_costmap]: start
[controller_server-13] [INFO] [1790648546.436057141] [controller_server]: Activating controller: FollowPath of type nav2_rotation_shim_controller::RotationShimController
[controller_server-13] [INFO] [1790648546.436175649] [controller_server]: Creating bond (controller_server) to lifecycle manager.
[lifecycle_manager-19] [INFO] [1790648546.542453734] [lifecycle_manager_navigation]: Server controller_server connected with bond.
[lifecycle_manager-19] [INFO] [1790648546.542550957] [lifecycle_manager_navigation]: [34m[1mActivating smoother_server[0m[0m
[smoother_server-14] [INFO] [1790648546.543083270] [smoother_server]: Activating
[smoother_server-14] [INFO] [1790648546.543119859] [smoother_server]: Creating bond (smoother_server) to lifecycle manager.
[lifecycle_manager-19] [INFO] [1790648546.653089150] [lifecycle_manager_navigation]: Server smoother_server connected with bond.
[lifecycle_manager-19] [INFO] [1790648546.653169702] [lifecycle_manager_navigation]: [34m[1mActivating planner_server[0m[0m
[planner_server-15] [INFO] [1790648546.653500163] [planner_server]: Activating
[planner_server-15] [INFO] [1790648546.653539266] [global_costmap.global_costmap]: Activating
[planner_server-15] [INFO] [1790648546.653550817] [global_costmap.global_costmap]: Checking transform
[planner_server-15] [INFO] [1790648546.653709596] [global_costmap.global_costmap]: start
[planner_server-15] [INFO] [1790648547.205120551] [planner_server]: Activating plugin GridBased of type SmacPlanner2D
[planner_server-15] [INFO] [1790648547.206579930] [planner_server]: Creating bond (planner_server) to lifecycle manager.
[lifecycle_manager-19] [INFO] [1790648547.316398145] [lifecycle_manager_navigation]: Server planner_server connected with bond.
[lifecycle_manager-19] [INFO] [1790648547.316549903] [lifecycle_manager_navigation]: [34m[1mActivating behavior_server[0m[0m
[behavior_server-16] [INFO] [1790648547.316968119] [behavior_server]: Activating
[behavior_server-16] [INFO] [1790648547.316995746] [behavior_server]: Activating spin
[behavior_server-16] [INFO] [1790648547.317005143] [behavior_server]: Activating backup
[behavior_server-16] [INFO] [1790648547.317011602] [behavior_server]: Activating drive_on_heading
[behavior_server-16] [INFO] [1790648547.317019026] [behavior_server]: Activating assisted_teleop
[behavior_server-16] [INFO] [1790648547.317025911] [behavior_server]: Activating wait
[behavior_server-16] [INFO] [1790648547.317036182] [behavior_server]: Creating bond (behavior_server) to lifecycle manager.
[lifecycle_manager-19] [INFO] [1790648547.425162542] [lifecycle_manager_navigation]: Server behavior_server connected with bond.
[lifecycle_manager-19] [INFO] [1790648547.425227751] [lifecycle_manager_navigation]: [34m[1mActivating bt_navigator[0m[0m
[bt_navigator-17] [INFO] [1790648547.425777516] [bt_navigator]: Activating
[bt_navigator-17] [INFO] [1790648547.519103404] [bt_navigator]: Creating bond (bt_navigator) to lifecycle manager.
[lifecycle_manager-19] [INFO] [1790648547.626467256] [lifecycle_manager_navigation]: Server bt_navigator connected with bond.
[lifecycle_manager-19] [INFO] [1790648547.626539147] [lifecycle_manager_navigation]: [34m[1mActivating velocity_smoother[0m[0m
[velocity_smoother-18] [INFO] [1790648547.627010763] [velocity_smoother]: Activating
[velocity_smoother-18] [INFO] [1790648547.627099745] [velocity_smoother]: Creating bond (velocity_smoother) to lifecycle manager.
[lifecycle_manager-19] [INFO] [1790648547.735029716] [lifecycle_manager_navigation]: Server velocity_smoother connected with bond.
[lifecycle_manager-19] [INFO] [1790648547.735094837] [lifecycle_manager_navigation]: [34m[1mManaged nodes are active[0m[0m
[lifecycle_manager-19] [INFO] [1790648547.735112888] [lifecycle_manager_navigation]: [34m[1mCreating bond timer...[0m[0m
[INFO] [mission_axis_node-20]: process started with pid [4498]
[INFO] [door_detection_node-21]: process started with pid [4500]
[INFO] [navigation_node-22]: process started with pid [4502]
[INFO] [navigation_visit_node-23]: process started with pid [4504]
[navigation_visit_node-23] [WARN] [1790648551.393174916] [navigation_visit_node]: NAVIGATION ONLY: service success is a VISIT, NOT physical door opening.
[mission_axis_node-20] [INFO] [1790648551.440415006] [mission_axis_node]: MissionAxisNode started | map=/map, base=base_link, frame=map
[navigation_node-22] [INFO] [1790648551.448568810] [navigation_node]: NavigationNode started
[mission_axis_node-20] [INFO] [1790648552.803394548] [mission_axis_node]: Mission axis published: origin=(-0.00, -0.00), yaw=0.0deg
[navigation_node-22] [INFO] [1790648552.803626935] [navigation_node]: Mission axis received: origin=(-0.00, -0.00), yaw=0.0deg
[door_detection_node-21] [INFO] [1790648553.618253327] [door_detection_node]: YOLO inference torch threads limited to 1.
[door_detection_node-21] [INFO] [1790648553.618912580] [door_detection_node]: Loading custom YOLO model: /home/junyoung/fire_robot_ws_observed_nav_20260928/install/fire_robot_perception/share/fire_robot_perception/models/best.pt
[door_detection_node-21] [WARN] [1790648553.835494110] [door_detection_node]: Handle YOLO model has a single non-handle class "item". Treating it as handle. Rename the dataset class to handle/door_handle when retraining.
[door_detection_node-21] [INFO] [1790648553.835976201] [door_detection_node]: Loading primary handle YOLO model: /home/junyoung/fire_robot_ws_observed_nav_20260928/install/fire_robot_perception/share/fire_robot_perception/models/handle_best_v3_CANDIDATE.pt (classes=['item'])
[door_detection_node-21] [INFO] [1790648553.951436210] [door_detection_node]: Loading fallback handle YOLO model: /home/junyoung/fire_robot_ws_observed_nav_20260928/install/fire_robot_perception/share/fire_robot_perception/models/handle_best_v2.pt (classes=['lever_handle'])
[door_detection_node-21] [INFO] [1790648553.952292607] [door_detection_node]: DoorDetectionNode started | YOLO=OK | handle_yolo=OK | handle_yolo_fallback=OK | imgsz=320 | depth=OFF | yolo_interval=2.40s | image_interval=1.20s | debug_image=OFF | cameras=front,front_left,front_right
[door_detection_node-21] [INFO] [1790648558.967678402] [door_detection_node]: 문 후보 발행: id=door_blue_ef2c9f, source=front, color=blue, dist=3.89m, conf=0.43, bbox=(60,67,82,176), rep_x=71, center_x=71, angle=20.8deg, center_angle=20.8deg, lidar=3.89m, visual=4.29m, goal=(3.64,0.13), handle=(3.64,1.38,1.00), handle_obs=False, handle_method=estimated, handle_conf=0.00
[door_detection_node-21] [INFO] [1790648562.290540166] [door_detection_node]: 문 후보 발행: id=door_blue_ef2c9f, source=front, color=blue, dist=3.83m, conf=0.40, bbox=(61,69,83,168), rep_x=72, center_x=72, angle=20.6deg, center_angle=20.6deg, lidar=3.87m, visual=4.73m, goal=(3.58,0.10), handle=(3.58,1.35,1.00), handle_obs=False, handle_method=estimated, handle_conf=0.00
[door_detection_node-21] [INFO] [1790648564.233915803] [door_detection_node]: 문 후보 발행: id=door_blue_ef2c9f, source=front, color=blue, dist=3.87m, conf=0.40, bbox=(61,69,83,168), rep_x=72, center_x=72, angle=20.6deg, center_angle=20.6deg, lidar=3.86m, visual=4.73m, goal=(3.62,0.11), handle=(3.62,1.36,1.00), handle_obs=False, handle_method=estimated, handle_conf=0.00
[door_detection_node-21] [INFO] [1790648566.206776950] [door_detection_node]: 문 후보 발행: id=door_blue_ef2c9f, source=front, color=blue, dist=3.82m, conf=0.40, bbox=(61,69,83,169), rep_x=72, center_x=72, angle=20.6deg, center_angle=20.6deg, lidar=3.88m, visual=4.68m, goal=(3.57,0.09), handle=(3.57,1.34,1.00), handle_obs=False, handle_method=estimated, handle_conf=0.00
[door_detection_node-21] [INFO] [1790648567.738868419] [door_detection_node]: 문 후보 발행: id=door_blue_ef2c9f, source=front, color=blue, dist=3.89m, conf=0.40, bbox=(61,69,83,169), rep_x=72, center_x=72, angle=20.6deg, center_angle=20.6deg, lidar=3.84m, visual=4.68m, goal=(3.64,0.12), handle=(3.64,1.37,1.00), handle_obs=False, handle_method=estimated, handle_conf=0.00
[door_detection_node-21] [INFO] [1790648570.239357233] [door_detection_node]: 문 후보 발행: id=door_blue_ef2c9f, source=front, color=blue, dist=3.88m, conf=0.40, bbox=(61,69,83,169), rep_x=72, center_x=72, angle=20.6deg, center_angle=20.6deg, lidar=3.89m, visual=4.68m, goal=(3.63,0.12), handle=(3.63,1.37,1.00), handle_obs=False, handle_method=estimated, handle_conf=0.00
[door_detection_node-21] [INFO] [1790648572.160293242] [door_detection_node]: 문 후보 발행: id=door_blue_ef2c9f, source=front, color=blue, dist=3.87m, conf=0.40, bbox=(61,69,83,169), rep_x=72, center_x=72, angle=20.6deg, center_angle=20.6deg, lidar=3.84m, visual=4.68m, goal=(3.62,0.11), handle=(3.62,1.36,1.00), handle_obs=False, handle_method=estimated, handle_conf=0.00
[door_detection_node-21] [INFO] [1790648574.581792221] [door_detection_node]: 문 후보 발행: id=door_blue_ef2c9f, source=front, color=blue, dist=3.90m, conf=0.40, bbox=(61,69,83,169), rep_x=72, center_x=72, angle=20.6deg, center_angle=20.6deg, lidar=3.88m, visual=4.68m, goal=(3.65,0.12), handle=(3.65,1.37,1.00), handle_obs=False, handle_method=estimated, handle_conf=0.00
[door_detection_node-21] [INFO] [1790648576.261902053] [door_detection_node]: 문 후보 발행: id=door_blue_ef2c9f, source=front, color=blue, dist=3.91m, conf=0.40, bbox=(61,69,83,169), rep_x=72, center_x=72, angle=20.6deg, center_angle=20.6deg, lidar=3.90m, visual=4.68m, goal=(3.66,0.13), handle=(3.66,1.38,1.00), handle_obs=False, handle_method=estimated, handle_conf=0.00
[door_detection_node-21] [INFO] [1790648578.447610403] [door_detection_node]: 문 후보 발행: id=door_blue_ef2c9f, source=front, color=blue, dist=3.83m, conf=0.40, bbox=(61,69,83,169), rep_x=72, center_x=72, angle=20.6deg, center_angle=20.6deg, lidar=3.89m, visual=4.68m, goal=(3.59,0.10), handle=(3.59,1.35,1.00), handle_obs=False, handle_method=estimated, handle_conf=0.00
[door_detection_node-21] [INFO] [1790648581.421846260] [door_detection_node]: 문 후보 발행: id=door_blue_ef2c9f, source=front, color=blue, dist=3.88m, conf=0.40, bbox=(61,69,83,169), rep_x=72, center_x=72, angle=20.6deg, center_angle=20.6deg, lidar=3.91m, visual=4.68m, goal=(3.63,0.12), handle=(3.63,1.37,1.00), handle_obs=False, handle_method=estimated, handle_conf=0.00
[INFO] [state_machine_node-24]: process started with pid [4988]
[door_detection_node-21] [INFO] [1790648583.265975330] [door_detection_node]: 문 후보 발행: id=door_blue_ef2c9f, source=front, color=blue, dist=3.93m, conf=0.40, bbox=(61,69,83,169), rep_x=72, center_x=72, angle=20.6deg, center_angle=20.6deg, lidar=3.91m, visual=4.68m, goal=(3.68,0.13), handle=(3.68,1.38,1.00), handle_obs=False, handle_method=estimated, handle_conf=0.00
[state_machine_node-24] [INFO] [1790648583.547429557] [state_machine_node]: StateMachineNode started | nav_timeout=55.0s  max_retries=2  explore_timeout=60.0s  exit=observed green exit only
[state_machine_node-24] [INFO] [1790648584.301896865] [state_machine_node]: Mission axis 대기 중: 초기 SLAM/static map 기준축 수신 후 탐색을 시작합니다.
[state_machine_node-24] [INFO] [1790648584.913787905] [state_machine_node]: Mission axis updated from /map: origin=(-0.00, -0.00), yaw=0.0deg
[state_machine_node-24] [INFO] [1790648585.030406603] [state_machine_node]: start_without_fire enabled. Starting corridor exploration.
[state_machine_node-24] [INFO] [1790648585.031463255] [state_machine_node]: State: IDLE → EXPLORING
[parameter_bridge-9] [INFO] [1790648585.034012771] [gz_motion_bridge]: Passing message from ROS geometry_msgs/msg/Twist to Gazebo gz.msgs.Twist (showing msg only once per type)
[door_detection_node-21] [INFO] [1790648585.063098938] [door_detection_node]: 문 후보 발행: id=door_blue_ef2c9f, source=front, color=blue, dist=3.87m, conf=0.40, bbox=(61,69,83,169), rep_x=72, center_x=72, angle=20.6deg, center_angle=20.6deg, lidar=3.86m, visual=4.68m, goal=(3.62,0.11), handle=(3.62,1.36,1.00), handle_obs=False, handle_method=estimated, handle_conf=0.00
[state_machine_node-24] [INFO] [1790648585.872174261] [state_machine_node]: 파란 문 후보 없음. 2.0s 동안 정지 스캔 후 관측 기반 waypoint를 계획합니다.
[state_machine_node-24] [INFO] [1790648586.698915411] [state_machine_node]: 문 접근 목표 보정: observed_blue_3p6_1p4 handle_axis=(3.62, 1.36) goal_axis=(3.62, 0.26) wall_axis=(3.62, 1.36) yaw=90deg
[state_machine_node-24] [INFO] [1790648586.701027280] [state_machine_node]: 문 접근 목표 보정: observed_blue_3p6_1p4 handle_axis=(3.62, 1.36) goal_axis=(3.62, 0.26) wall_axis=(3.62, 1.36) yaw=90deg
[state_machine_node-24] [INFO] [1790648586.703710634] [state_machine_node]: 문 접근 목표 보정: observed_blue_3p6_1p4 handle_axis=(3.62, 1.36) goal_axis=(3.62, 0.26) wall_axis=(3.62, 1.36) yaw=90deg
[state_machine_node-24] [INFO] [1790648586.705120302] [state_machine_node]: 문 접근 목표 보정: observed_blue_3p6_1p4 handle_axis=(3.62, 1.36) goal_axis=(3.62, 0.26) wall_axis=(3.62, 1.36) yaw=90deg
[state_machine_node-24] [INFO] [1790648586.706013013] [state_machine_node]: LiDAR+camera segment map 사전 스캔 시작: observed_blue_3p6_1p4
[state_machine_node-24] [INFO] [1790648587.531842658] [state_machine_node]: 문 접근 목표 보정: observed_blue_3p6_1p4 handle_axis=(3.62, 1.36) goal_axis=(3.62, 0.26) wall_axis=(3.62, 1.36) yaw=90deg
[door_detection_node-21] [INFO] [1790648588.177865659] [door_detection_node]: 문 후보 발행: id=door_blue_ef2c9f, source=front, color=blue, dist=3.90m, conf=0.40, bbox=(61,69,83,169), rep_x=72, center_x=72, angle=20.6deg, center_angle=20.6deg, lidar=3.90m, visual=4.68m, goal=(3.65,0.12), handle=(3.65,1.37,1.00), handle_obs=False, handle_method=estimated, handle_conf=0.00
[state_machine_node-24] [INFO] [1790648588.368769799] [state_machine_node]: 문 접근 목표 보정: observed_blue_3p6_1p4 handle_axis=(3.62, 1.36) goal_axis=(3.62, 0.26) wall_axis=(3.62, 1.36) yaw=90deg
[state_machine_node-24] [INFO] [1790648589.210419222] [state_machine_node]: 문 접근 목표 보정: observed_blue_3p6_1p4 handle_axis=(3.62, 1.36) goal_axis=(3.62, 0.26) wall_axis=(3.62, 1.36) yaw=90deg
[state_machine_node-24] [INFO] [1790648589.211656786] [state_machine_node]: 사전 스캔 완료. Nav2가 segment map 기반 경로를 계획합니다: observed_blue_3p6_1p4
[state_machine_node-24] [INFO] [1790648589.214639843] [state_machine_node]: Locked blue target after pre-scan: observed_blue_3p6_1p4 opened=0 retry=0/2
[state_machine_node-24] [INFO] [1790648589.215087775] [state_machine_node]: State: EXPLORING → NAVIGATING
[navigation_node-22] [INFO] [1790648589.218433799] [navigation_node]: Navigation goal received: door observed_blue_3p6_1p4 (color=blue, frame=map, x=3.62, y=0.26)
[bt_navigator-17] [INFO] [1790648589.281848564] [bt_navigator]: Begin navigating from current location (-0.00, -0.00) to (3.62, 0.26)
[navigation_node-22] [INFO] [1790648589.282290866] [navigation_node]: Navigation goal accepted by Nav2
[controller_server-13] [INFO] [1790648589.483994803] [controller_server]: Received a goal, begin computing control effort.
[controller_server-13] [WARN] [1790648589.484306901] [controller_server]: No goal checker was specified in parameter 'current_goal_checker'. Server will use only plugin loaded general_goal_checker . This warning will appear once.
[state_machine_node-24] [INFO] [1790648589.499362962] [state_machine_node]: 문 접근 목표 보정: door_blue_ef2c9f handle_axis=(3.61, 1.36) goal_axis=(3.61, 0.26) wall_axis=(3.61, 1.36) yaw=90deg
[state_machine_node-24] [INFO] [1790648589.500618745] [state_machine_node]: 문 접근 목표 보정: door_blue_ef2c9f handle_axis=(3.61, 1.36) goal_axis=(3.61, 0.26) wall_axis=(3.61, 1.36) yaw=90deg
[controller_server-13] [INFO] [1790648590.860636799] [controller_server]: Passing new path to controller.
[door_detection_node-21] [INFO] [1790648591.246194508] [door_detection_node]: 문 후보 발행: id=door_blue_ef2c9f, source=front, color=blue, dist=3.91m, conf=0.40, bbox=(61,69,83,169), rep_x=72, center_x=72, angle=20.6deg, center_angle=20.6deg, lidar=5.09m, visual=4.68m, goal=(3.66,0.13), handle=(3.66,1.38,1.00), handle_obs=False, handle_method=estimated, handle_conf=0.00
[state_machine_node-24] [INFO] [1790648591.249988791] [state_machine_node]: 문 접근 목표 보정: door_blue_ef2c9f handle_axis=(3.66, 1.38) goal_axis=(3.66, 0.28) wall_axis=(3.66, 1.38) yaw=90deg
[state_machine_node-24] [INFO] [1790648591.250991930] [state_machine_node]: 문 접근 목표 보정: door_blue_ef2c9f handle_axis=(3.66, 1.38) goal_axis=(3.66, 0.28) wall_axis=(3.66, 1.38) yaw=90deg
[controller_server-13] [INFO] [1790648592.110645307] [controller_server]: Passing new path to controller.
[planner_server-15] [INFO] [1790648592.154143743] [global_costmap.global_costmap]: StaticLayer: Resizing static layer to 190 X 81 at 0.050000 m/pix
[state_machine_node-24] [INFO] [1790648592.344702294] [state_machine_node]: 문 접근 목표 보정: door_blue_e61c9a handle_axis=(3.62, 1.38) goal_axis=(3.62, 0.28) wall_axis=(3.62, 1.38) yaw=90deg
[state_machine_node-24] [INFO] [1790648592.346118638] [state_machine_node]: 문 접근 목표 보정: door_blue_e61c9a handle_axis=(3.62, 1.38) goal_axis=(3.62, 0.28) wall_axis=(3.62, 1.38) yaw=90deg
[planner_server-15] [INFO] [1790648593.154151173] [global_costmap.global_costmap]: StaticLayer: Resizing static layer to 194 X 81 at 0.050000 m/pix
[controller_server-13] [INFO] [1790648593.485682561] [controller_server]: Passing new path to controller.
[planner_server-15] [INFO] [1790648594.153986068] [global_costmap.global_costmap]: StaticLayer: Resizing static layer to 194 X 83 at 0.050000 m/pix
[controller_server-13] [INFO] [1790648594.735658689] [controller_server]: Passing new path to controller.
[planner_server-15] [INFO] [1790648595.154103904] [global_costmap.global_costmap]: StaticLayer: Resizing static layer to 197 X 83 at 0.050000 m/pix
[door_detection_node-21] [INFO] [1790648595.291589998] [door_detection_node]: 문 후보 발행: id=door_blue_e61c9a, source=front, color=blue, dist=3.35m, conf=0.36, bbox=(88,65,113,181), rep_x=100, center_x=100, angle=14.4deg, center_angle=14.4deg, lidar=3.33m, visual=4.03m, goal=(3.78,0.06), handle=(3.61,1.30,1.00), handle_obs=True, handle_method=estimated, handle_conf=0.00
[state_machine_node-24] [INFO] [1790648595.294770736] [state_machine_node]: 문 접근 목표 보정: door_blue_e61c9a handle_axis=(3.61, 1.30) goal_axis=(3.61, 0.20) wall_axis=(3.61, 1.30) yaw=90deg
[state_machine_node-24] [INFO] [1790648595.295743354] [state_machine_node]: 문 접근 목표 보정: door_blue_e61c9a handle_axis=(3.61, 1.30) goal_axis=(3.61, 0.20) wall_axis=(3.61, 1.30) yaw=90deg
[state_machine_node-24] [INFO] [1790648595.726075715] [state_machine_node]: 문 접근 목표 보정: door_blue_e61c9a handle_axis=(3.53, 1.23) goal_axis=(3.53, 0.13) wall_axis=(3.53, 1.23) yaw=90deg
[state_machine_node-24] [INFO] [1790648595.727891094] [state_machine_node]: 문 접근 목표 보정: door_blue_e61c9a handle_axis=(3.53, 1.23) goal_axis=(3.53, 0.13) wall_axis=(3.53, 1.23) yaw=90deg
[controller_server-13] [INFO] [1790648595.985615082] [controller_server]: Passing new path to controller.
[planner_server-15] [INFO] [1790648597.154083585] [global_costmap.global_costmap]: StaticLayer: Resizing static layer to 204 X 83 at 0.050000 m/pix
[door_detection_node-21] [INFO] [1790648597.159021875] [door_detection_node]: 문 후보 발행: id=door_blue_2bfe49, source=front, color=blue, dist=4.42m, conf=0.34, bbox=(89,63,114,169), rep_x=101, center_x=101, angle=14.2deg, center_angle=14.2deg, lidar=3.00m, visual=4.42m, goal=(5.00,0.53), handle=(4.81,1.77,1.00), handle_obs=True, handle_method=estimated, handle_conf=0.00
[state_machine_node-24] [INFO] [1790648597.161894551] [state_machine_node]: 문 접근 목표 보정: door_blue_2bfe49 handle_axis=(4.81, 1.77) goal_axis=(4.81, 0.67) wall_axis=(4.81, 1.77) yaw=90deg
[state_machine_node-24] [INFO] [1790648597.162743490] [state_machine_node]: Locked blue target refine skipped: door_blue_2bfe49 progress jump 1.19m > 1.05m
[controller_server-13] [INFO] [1790648597.360630863] [controller_server]: Passing new path to controller.
[planner_server-15] [INFO] [1790648598.154123833] [global_costmap.global_costmap]: StaticLayer: Resizing static layer to 209 X 83 at 0.050000 m/pix
[state_machine_node-24] [INFO] [1790648598.601404637] [state_machine_node]: 문 접근 목표 보정: door_blue_2bfe49 handle_axis=(4.76, 1.72) goal_axis=(4.76, 0.62) wall_axis=(4.76, 1.72) yaw=90deg
[controller_server-13] [INFO] [1790648598.614935283] [controller_server]: Passing new path to controller.
[planner_server-15] [INFO] [1790648599.154077249] [global_costmap.global_costmap]: StaticLayer: Resizing static layer to 214 X 83 at 0.050000 m/pix
[door_detection_node-21] [INFO] [1790648599.830477479] [door_detection_node]: 문 후보 발행: id=door_blue_e61c9a, source=front, color=blue, dist=3.90m, conf=0.46, bbox=(77,56,107,176), rep_x=92, center_x=92, angle=16.2deg, center_angle=16.2deg, lidar=2.71m, visual=3.90m, goal=(4.87,0.49), handle=(4.70,1.73,1.00), handle_obs=True, handle_method=estimated, handle_conf=0.00
[state_machine_node-24] [INFO] [1790648599.834236248] [state_machine_node]: 문 접근 목표 보정: door_blue_e61c9a handle_axis=(4.70, 1.73) goal_axis=(4.70, 0.63) wall_axis=(4.70, 1.73) yaw=90deg
[state_machine_node-24] [INFO] [1790648599.835050141] [state_machine_node]: Locked blue target refine skipped: door_blue_e61c9a progress jump 1.08m > 1.05m
[controller_server-13] [INFO] [1790648599.860779360] [controller_server]: Passing new path to controller.
[planner_server-15] [INFO] [1790648600.154036163] [global_costmap.global_costmap]: StaticLayer: Resizing static layer to 215 X 83 at 0.050000 m/pix
[controller_server-13] [INFO] [1790648601.110719161] [controller_server]: Passing new path to controller.
[door_detection_node-21] [INFO] [1790648601.630426349] [door_detection_node]: 문 후보 발행: id=door_blue_e61c9a, source=front, color=blue, dist=3.63m, conf=0.41, bbox=(80,53,109,182), rep_x=94, center_x=94, angle=15.8deg, center_angle=15.8deg, lidar=2.38m, visual=3.63m, goal=(4.85,0.47), handle=(4.64,1.70,1.00), handle_obs=True, handle_method=estimated, handle_conf=0.00
[state_machine_node-24] [INFO] [1790648601.633790739] [state_machine_node]: 문 접근 목표 보정: door_blue_e61c9a handle_axis=(4.64, 1.70) goal_axis=(4.64, 0.60) wall_axis=(4.64, 1.70) yaw=90deg
[state_machine_node-24] [INFO] [1790648601.634820089] [state_machine_node]: Locked blue target refine skipped: door_blue_e61c9a total drift progress=1.02m, xy=1.08m > 1.05m from locked anchor
[planner_server-15] [INFO] [1790648602.155070773] [global_costmap.global_costmap]: StaticLayer: Resizing static layer to 219 X 83 at 0.050000 m/pix
[controller_server-13] [INFO] [1790648602.485661462] [controller_server]: Passing new path to controller.
[planner_server-15] [INFO] [1790648603.154165740] [global_costmap.global_costmap]: StaticLayer: Resizing static layer to 222 X 83 at 0.050000 m/pix
[door_detection_node-21] [INFO] [1790648603.359978746] [door_detection_node]: 문 후보 발행: id=door_blue_e61c9a, source=front, color=blue, dist=3.27m, conf=0.54, bbox=(73,45,103,188), rep_x=88, center_x=88, angle=17.1deg, center_angle=17.1deg, lidar=2.16m, visual=3.27m, goal=(4.78,0.39), handle=(4.57,1.62,1.00), handle_obs=True, handle_method=estimated, handle_conf=0.00
[state_machine_node-24] [INFO] [1790648603.363201998] [state_machine_node]: 문 접근 목표 보정: door_blue_e61c9a handle_axis=(4.57, 1.62) goal_axis=(4.57, 0.52) wall_axis=(4.57, 1.62) yaw=90deg
[state_machine_node-24] [INFO] [1790648603.364790371] [state_machine_node]: 문 접근 목표 보정: door_blue_e61c9a handle_axis=(4.57, 1.62) goal_axis=(4.57, 0.52) wall_axis=(4.57, 1.62) yaw=90deg
[state_machine_node-24] [INFO] [1790648603.367009924] [state_machine_node]: Locked blue target refine skipped: door_blue_e61c9a would move the manipulation handle/parking station too far from the locked observed target (handle_progress_jump=0.96/0.90m, handle_xy_jump=0.99/0.90m).
[controller_server-13] [INFO] [1790648603.735621386] [controller_server]: Passing new path to controller.
[planner_server-15] [INFO] [1790648604.154070014] [global_costmap.global_costmap]: StaticLayer: Resizing static layer to 223 X 83 at 0.050000 m/pix
[controller_server-13] [INFO] [1790648604.985679433] [controller_server]: Passing new path to controller.
[planner_server-15] [INFO] [1790648605.154095437] [global_costmap.global_costmap]: StaticLayer: Resizing static layer to 225 X 83 at 0.050000 m/pix
[door_detection_node-21] [INFO] [1790648605.387297994] [door_detection_node]: 문 후보 발행: id=door_blue_e61c9a, source=front, color=blue, dist=2.96m, conf=0.59, bbox=(62,37,98,195), rep_x=80, center_x=80, angle=18.9deg, center_angle=18.9deg, lidar=1.87m, visual=2.96m, goal=(4.73,0.37), handle=(4.53,1.60,1.00), handle_obs=True, handle_method=estimated, handle_conf=0.00
[state_machine_node-24] [INFO] [1790648605.391495528] [state_machine_node]: 문 접근 목표 보정: door_blue_e61c9a handle_axis=(4.53, 1.60) goal_axis=(4.53, 0.50) wall_axis=(4.53, 1.60) yaw=90deg
[state_machine_node-24] [INFO] [1790648605.393101600] [state_machine_node]: 문 접근 목표 보정: door_blue_e61c9a handle_axis=(4.53, 1.60) goal_axis=(4.53, 0.50) wall_axis=(4.53, 1.60) yaw=90deg
[state_machine_node-24] [WARN] [1790648605.395027630] [state_machine_node]: Locked blue target refined from newer observation: observed_blue_3p6_1p4 -> observed_blue_3p6_1p4, goal shift=0.95m, identity=(3.62,1.36) -> (4.53,1.60)
[navigation_node-22] [INFO] [1790648605.397345604] [navigation_node]: Navigation goal received: door observed_blue_3p6_1p4 (color=blue, frame=map, x=4.53, y=0.50)
[navigation_node-22] [WARN] [1790648605.398297046] [navigation_node]: Already navigating. Preempting current goal without an explicit stop before retargeting to: observed_blue_3p6_1p4
[navigation_node-22] [INFO] [1790648605.474215154] [navigation_node]: Navigation goal accepted by Nav2
[bt_navigator-17] [INFO] [1790648605.482298750] [bt_navigator]: Received goal preemption request
[bt_navigator-17] [INFO] [1790648605.483100851] [bt_navigator]: Begin navigating from current location (2.05, 0.22) to (4.53, 0.50)
[planner_server-15] [INFO] [1790648606.154870896] [global_costmap.global_costmap]: StaticLayer: Resizing static layer to 232 X 83 at 0.050000 m/pix
[controller_server-13] [INFO] [1790648606.235665926] [controller_server]: Passing new path to controller.
[door_detection_node-21] [INFO] [1790648607.469617556] [door_detection_node]: 문 후보 발행: id=door_blue_917079, source=front, color=blue, dist=1.71m, conf=0.66, bbox=(41,25,83,208), rep_x=62, center_x=62, angle=22.7deg, center_angle=22.7deg, lidar=1.67m, visual=2.56m, goal=(3.86,-0.14), handle=(3.71,1.10,1.00), handle_obs=True, handle_method=estimated, handle_conf=0.00
[state_machine_node-24] [INFO] [1790648607.474435885] [state_machine_node]: Observed blue cluster id mapping for observed_blue_3p6_1p4 ignored: mapped cluster drifted away from the current wall/handle target.
[state_machine_node-24] [INFO] [1790648607.476746792] [state_machine_node]: 문 접근 목표 보정: door_blue_917079 handle_axis=(3.71, 1.10) goal_axis=(3.71, 0.00) wall_axis=(3.71, 1.10) yaw=90deg
[state_machine_node-24] [INFO] [1790648607.478285927] [state_machine_node]: 문 접근 목표 보정: door_blue_917079 handle_axis=(3.71, 1.10) goal_axis=(3.71, 0.00) wall_axis=(3.71, 1.10) yaw=90deg
[state_machine_node-24] [INFO] [1790648607.479263724] [state_machine_node]: Locked blue target refine skipped: door_blue_917079 would move the manipulation handle/parking station too far from the locked observed target (handle_progress_jump=0.82/0.90m, handle_xy_jump=0.96/0.90m).
[controller_server-13] [INFO] [1790648607.485616055] [controller_server]: Passing new path to controller.
[planner_server-15] [INFO] [1790648608.153991711] [global_costmap.global_costmap]: StaticLayer: Resizing static layer to 237 X 83 at 0.050000 m/pix
[controller_server-13] [INFO] [1790648608.860646535] [controller_server]: Passing new path to controller.
[door_detection_node-21] [INFO] [1790648609.013904253] [door_detection_node]: 문 후보 발행: id=door_blue_ef2c9f, source=front, color=blue, dist=2.39m, conf=0.73, bbox=(42,20,88,216), rep_x=65, center_x=65, angle=22.1deg, center_angle=22.1deg, lidar=1.54m, visual=2.39m, goal=(4.64,0.29), handle=(4.44,1.52,1.00), handle_obs=True, handle_method=estimated, handle_conf=0.00
[state_machine_node-24] [INFO] [1790648609.017923310] [state_machine_node]: 문 접근 목표 보정: door_blue_ef2c9f handle_axis=(4.44, 1.52) goal_axis=(4.44, 0.42) wall_axis=(4.44, 1.52) yaw=90deg
[state_machine_node-24] [INFO] [1790648609.019542017] [state_machine_node]: 문 접근 목표 보정: door_blue_ef2c9f handle_axis=(4.44, 1.52) goal_axis=(4.44, 0.42) wall_axis=(4.44, 1.52) yaw=90deg
[controller_server-13] [INFO] [1790648610.110643828] [controller_server]: Passing new path to controller.
[door_detection_node-21] [INFO] [1790648610.731498023] [door_detection_node]: 문 후보 발행: id=door_blue_917079, source=front, color=blue, dist=1.46m, conf=0.77, bbox=(0,5,62,236), rep_x=31, center_x=31, angle=28.9deg, center_angle=28.9deg, lidar=2.98m, visual=2.03m, goal=(3.96,-0.13), handle=(3.87,1.11,1.00), handle_obs=True, handle_method=estimated, handle_conf=0.00
[state_machine_node-24] [INFO] [1790648610.735506483] [state_machine_node]: 문 접근 목표 보정: door_blue_917079 handle_axis=(3.87, 1.11) goal_axis=(3.87, 0.01) wall_axis=(3.87, 1.11) yaw=90deg
[state_machine_node-24] [INFO] [1790648610.737211612] [state_machine_node]: 문 접근 목표 보정: door_blue_917079 handle_axis=(3.87, 1.11) goal_axis=(3.87, 0.01) wall_axis=(3.87, 1.11) yaw=90deg
[state_machine_node-24] [WARN] [1790648610.738386047] [state_machine_node]: Locked blue target refined from newer observation: observed_blue_3p6_1p4 -> observed_blue_3p6_1p4, goal shift=0.83m, identity=(4.53,1.60) -> (3.87,1.11)
[navigation_node-22] [INFO] [1790648610.740494924] [navigation_node]: Navigation goal received: door observed_blue_3p6_1p4 (color=blue, frame=map, x=3.87, y=0.01)
[navigation_node-22] [WARN] [1790648610.741247519] [navigation_node]: Already navigating. Preempting current goal without an explicit stop before retargeting to: observed_blue_3p6_1p4
[navigation_node-22] [WARN] [1790648610.798772364] [navigation_node]: Adjusted unreachable/occupied navigation goal from (3.87, 0.01, cost=58) to connected free cell (3.88, 0.18, cost=0)
[navigation_node-22] [INFO] [1790648610.843533389] [navigation_node]: Navigation goal accepted by Nav2
[bt_navigator-17] [INFO] [1790648610.882954519] [bt_navigator]: Received goal preemption request
[bt_navigator-17] [INFO] [1790648610.883355135] [bt_navigator]: Begin navigating from current location (2.77, 0.34) to (3.88, 0.18)
[planner_server-15] [INFO] [1790648611.154058274] [global_costmap.global_costmap]: StaticLayer: Resizing static layer to 244 X 83 at 0.050000 m/pix
[controller_server-13] [INFO] [1790648611.485720318] [controller_server]: Passing new path to controller.
[door_detection_node-21] [INFO] [1790648611.559404053] [door_detection_node]: YOLO 후보 제외: source=front, edge-clipped bbox=(0,0,56,240)
[planner_server-15] [INFO] [1790648612.154117183] [global_costmap.global_costmap]: StaticLayer: Resizing static layer to 245 X 83 at 0.050000 m/pix
[controller_server-13] [INFO] [1790648612.735635778] [controller_server]: Passing new path to controller.
[planner_server-15] [INFO] [1790648613.153980407] [global_costmap.global_costmap]: StaticLayer: Resizing static layer to 249 X 83 at 0.050000 m/pix
[controller_server-13] [INFO] [1790648613.985623255] [controller_server]: Passing new path to controller.
[door_detection_node-21] [INFO] [1790648614.084087073] [door_detection_node]: 문 후보 발행: id=door_blue_3ced44, source=front_left, color=blue, dist=2.85m, conf=0.89, bbox=(238,0,301,240), rep_x=269, center_x=269, angle=45.0deg, center_angle=45.0deg, lidar=3.06m, visual=1.95m, goal=(5.95,0.87), handle=(6.19,2.10,0.83), handle_obs=True, handle_method=yolo:primary:item, handle_conf=0.40
[state_machine_node-24] [INFO] [1790648614.087835973] [state_machine_node]: 문 접근 목표 보정: door_blue_3ced44 handle_axis=(6.19, 2.10) goal_axis=(6.19, 1.00) wall_axis=(6.19, 2.10) yaw=90deg
[state_machine_node-24] [INFO] [1790648614.089177866] [state_machine_node]: Locked blue target refine skipped: door_blue_3ced44 progress jump 1.50m > 1.05m
[planner_server-15] [INFO] [1790648614.153996374] [global_costmap.global_costmap]: StaticLayer: Resizing static layer to 251 X 83 at 0.050000 m/pix
[controller_server-13] [INFO] [1790648615.361334075] [controller_server]: Passing new path to controller.
[door_detection_node-21] [INFO] [1790648615.914994895] [door_detection_node]: 문 후보 발행: id=door_blue_98d22b, source=front_left, color=blue, dist=2.75m, conf=0.83, bbox=(190,0,250,239), rep_x=220, center_x=220, angle=55.6deg, center_angle=55.6deg, lidar=2.82m, visual=1.96m, goal=(4.69,0.82), handle=(5.11,2.00,1.35), handle_obs=True, handle_method=yolo:primary:item, handle_conf=0.36
[state_machine_node-24] [INFO] [1790648615.918432659] [state_machine_node]: 문 접근 목표 보정: door_blue_98d22b handle_axis=(5.11, 2.00) goal_axis=(5.11, 0.90) wall_axis=(5.11, 2.00) yaw=90deg
[planner_server-15] [INFO] [1790648616.154055052] [global_costmap.global_costmap]: StaticLayer: Resizing static layer to 252 X 83 at 0.050000 m/pix
[controller_server-13] [INFO] [1790648616.485632741] [controller_server]: Passing new path to controller.
[planner_server-15] [INFO] [1790648617.154094291] [global_costmap.global_costmap]: StaticLayer: Resizing static layer to 259 X 83 at 0.050000 m/pix
[door_detection_node-21] [INFO] [1790648617.713082591] [door_detection_node]: 문 후보 발행: id=door_blue_98d22b, source=front_left, color=blue, dist=2.71m, conf=0.80, bbox=(167,0,230,240), rep_x=198, center_x=198, angle=60.8deg, center_angle=60.8deg, lidar=2.64m, visual=1.95m, goal=(4.63,0.82), handle=(5.09,1.98,1.35), handle_obs=True, handle_method=yolo:primary:item, handle_conf=0.29
[state_machine_node-24] [INFO] [1790648617.716880389] [state_machine_node]: 문 접근 목표 보정: door_blue_98d22b handle_axis=(5.09, 1.98) goal_axis=(5.09, 0.88) wall_axis=(5.09, 1.98) yaw=90deg
[state_machine_node-24] [INFO] [1790648617.717830932] [state_machine_node]: Locked blue target refine skipped: door_blue_98d22b progress jump 1.47m > 1.05m
[controller_server-13] [INFO] [1790648617.735650906] [controller_server]: Passing new path to controller.
[controller_server-13] [INFO] [1790648618.985693961] [controller_server]: Passing new path to controller.
[door_detection_node-21] [INFO] [1790648619.991586136] [door_detection_node]: 문 후보 발행: id=door_blue_98d22b, source=front_left, color=blue, dist=2.44m, conf=0.86, bbox=(160,0,229,240), rep_x=194, center_x=194, angle=61.7deg, center_angle=61.7deg, lidar=2.40m, visual=1.95m, goal=(4.70,0.77), handle=(5.10,1.96,1.00), handle_obs=True, handle_method=estimated, handle_conf=0.00
[state_machine_node-24] [INFO] [1790648619.996063119] [state_machine_node]: 문 접근 목표 보정: door_blue_98d22b handle_axis=(5.10, 1.96) goal_axis=(5.10, 0.86) wall_axis=(5.10, 1.96) yaw=90deg
[state_machine_node-24] [INFO] [1790648619.997618436] [state_machine_node]: Locked blue target refine skipped: door_blue_98d22b progress jump 1.24m > 1.05m
[planner_server-15] [INFO] [1790648620.153999723] [global_costmap.global_costmap]: StaticLayer: Resizing static layer to 260 X 83 at 0.050000 m/pix
[controller_server-13] [INFO] [1790648620.360650707] [controller_server]: Passing new path to controller.
[planner_server-15] [INFO] [1790648621.154121686] [global_costmap.global_costmap]: StaticLayer: Resizing static layer to 263 X 83 at 0.050000 m/pix
[state_machine_node-24] [INFO] [1790648621.461201446] [state_machine_node]: Nav2 door goal position is near, but yaw is not ready yet: observed_blue_3p6_1p4, dist=0.33m/0.38m, lateral=-0.14m/0.24m, yaw_error=100deg.
[controller_server-13] [INFO] [1790648621.485649183] [controller_server]: Passing new path to controller.
[door_detection_node-21] [INFO] [1790648621.956871725] [door_detection_node]: 문 후보 발행: id=door_blue_98d22b, source=front_left, color=blue, dist=2.39m, conf=0.83, bbox=(174,0,250,240), rep_x=212, center_x=212, angle=57.5deg, center_angle=57.5deg, lidar=2.42m, visual=1.95m, goal=(5.53,0.82), handle=(5.75,2.05,0.84), handle_obs=True, handle_method=yolo:primary:item, handle_conf=0.66
[state_machine_node-24] [INFO] [1790648621.961025692] [state_machine_node]: 문 접근 목표 보정: door_blue_98d22b handle_axis=(5.75, 2.05) goal_axis=(5.75, 0.95) wall_axis=(5.75, 2.05) yaw=90deg
[state_machine_node-24] [INFO] [1790648622.390520490] [state_machine_node]: Nav2 goal is close enough for fine door alignment: observed_blue_3p6_1p4, dist=0.26m/0.38m, lateral=-0.14m/0.24m, yaw_error=98deg.
[state_machine_node-24] [INFO] [1790648622.391581271] [state_machine_node]: Nav2 goal cancellation requested before door fine alignment.
[navigation_node-22] [INFO] [1790648622.391702639] [navigation_node]: Navigation cancellation requested for manual control handoff.
[state_machine_node-24] [WARN] [1790648622.425998360] [state_machine_node]: Waiting for a fresh door-wall normal before alignment.
[controller_server-13] [INFO] [1790648622.485732797] [controller_server]: Goal was canceled. Stopping the robot.
[controller_server-13] [INFO] [1790648622.485816736] [controller_server]: [follow_path] [ActionServer] Client requested to cancel the goal. Cancelling.
[bt_navigator-17] [INFO] [1790648622.486144212] [bt_navigator]: [navigate_to_pose] [ActionServer] Client requested to cancel the goal. Cancelling.
[bt_navigator-17] [INFO] [1790648622.486491937] [bt_navigator]: Goal canceled
[door_detection_node-21] [INFO] [1790648623.771701647] [door_detection_node]: 문 후보 발행: id=door_blue_98d22b, source=front_left, color=blue, dist=2.40m, conf=0.73, bbox=(173,0,260,240), rep_x=216, center_x=216, angle=56.5deg, center_angle=56.5deg, lidar=2.39m, visual=1.95m, goal=(5.62,0.84), handle=(5.78,2.08,0.84), handle_obs=True, handle_method=yolo:primary:item, handle_conf=0.66
[state_machine_node-24] [INFO] [1790648623.776093286] [state_machine_node]: 문 접근 목표 보정: door_blue_98d22b handle_axis=(5.78, 2.08) goal_axis=(5.78, 0.98) wall_axis=(5.78, 2.08) yaw=90deg
[state_machine_node-24] [INFO] [1790648623.777350598] [state_machine_node]: Locked blue target refine skipped: door_blue_98d22b progress jump 1.38m > 1.05m
[state_machine_node-24] [WARN] [1790648625.065820038] [state_machine_node]: Waiting for a fresh door-wall normal before alignment.
[door_detection_node-21] [INFO] [1790648625.796886470] [door_detection_node]: 문 후보 발행: id=door_blue_98d22b, source=front_left, color=blue, dist=2.38m, conf=0.73, bbox=(173,0,260,240), rep_x=216, center_x=216, angle=56.5deg, center_angle=56.5deg, lidar=2.38m, visual=1.95m, goal=(5.58,0.80), handle=(5.74,2.04,0.84), handle_obs=True, handle_method=yolo:primary:item, handle_conf=0.66
[state_machine_node-24] [INFO] [1790648625.800868211] [state_machine_node]: 문 접근 목표 보정: door_blue_98d22b handle_axis=(5.74, 2.04) goal_axis=(5.74, 0.94) wall_axis=(5.74, 2.04) yaw=90deg
[state_machine_node-24] [INFO] [1790648625.801979087] [state_machine_node]: Locked blue target refine skipped: door_blue_98d22b progress jump 1.37m > 1.05m
[door_detection_node-21] [INFO] [1790648626.819967011] [door_detection_node]: Front lateral LiDAR range looks too long for the visible door; using visual range (lidar=4.45m, visual=3.55m)
[state_machine_node-24] [WARN] [1790648627.668925271] [state_machine_node]: Waiting for a fresh door-wall normal before alignment.
[door_detection_node-21] [INFO] [1790648627.920777556] [door_detection_node]: 문 후보 발행: id=door_blue_98d22b, source=front_left, color=blue, dist=2.37m, conf=0.73, bbox=(173,0,260,240), rep_x=216, center_x=216, angle=56.5deg, center_angle=56.5deg, lidar=2.37m, visual=1.95m, goal=(5.57,0.79), handle=(5.73,2.03,0.84), handle_obs=True, handle_method=yolo:primary:item, handle_conf=0.66
[state_machine_node-24] [INFO] [1790648627.925051984] [state_machine_node]: 문 접근 목표 보정: door_blue_98d22b handle_axis=(5.73, 2.03) goal_axis=(5.73, 0.93) wall_axis=(5.73, 2.03) yaw=90deg
[state_machine_node-24] [INFO] [1790648627.926232990] [state_machine_node]: Locked blue target refine skipped: door_blue_98d22b progress jump 1.36m > 1.05m
[door_detection_node-21] [INFO] [1790648629.873859365] [door_detection_node]: 문 후보 발행: id=door_blue_98d22b, source=front_left, color=blue, dist=2.39m, conf=0.73, bbox=(173,0,260,240), rep_x=216, center_x=216, angle=56.5deg, center_angle=56.5deg, lidar=2.38m, visual=1.95m, goal=(5.57,0.79), handle=(5.73,2.03,0.84), handle_obs=True, handle_method=yolo:primary:item, handle_conf=0.66
[state_machine_node-24] [INFO] [1790648629.879536266] [state_machine_node]: 문 접근 목표 보정: door_blue_98d22b handle_axis=(5.73, 2.03) goal_axis=(5.73, 0.93) wall_axis=(5.73, 2.03) yaw=90deg
[state_machine_node-24] [WARN] [1790648630.289823504] [state_machine_node]: Waiting for a fresh door-wall normal before alignment.
[door_detection_node-21] [INFO] [1790648631.924685713] [door_detection_node]: 문 후보 발행: id=door_blue_98d22b, source=front_left, color=blue, dist=2.38m, conf=0.73, bbox=(173,0,260,240), rep_x=216, center_x=216, angle=56.5deg, center_angle=56.5deg, lidar=2.37m, visual=1.95m, goal=(5.59,0.81), handle=(5.75,2.05,0.84), handle_obs=True, handle_method=yolo:primary:item, handle_conf=0.66
[state_machine_node-24] [INFO] [1790648631.928709843] [state_machine_node]: 문 접근 목표 보정: door_blue_98d22b handle_axis=(5.75, 2.05) goal_axis=(5.75, 0.95) wall_axis=(5.75, 2.05) yaw=90deg
[state_machine_node-24] [INFO] [1790648631.929933429] [state_machine_node]: Locked blue target refine skipped: door_blue_98d22b progress jump 1.36m > 1.05m
[state_machine_node-24] [INFO] [1790648632.059136787] [state_machine_node]: 문 앞 정렬 재접근: observed_blue_3p6_1p4 (1/2)
[state_machine_node-24] [INFO] [1790648632.061072619] [state_machine_node]: 문 접근 목표 보정: observed_blue_3p6_1p4 handle_axis=(3.87, 1.11) goal_axis=(3.87, 0.01) wall_axis=(3.87, 1.11) yaw=90deg
[navigation_node-22] [INFO] [1790648632.065924745] [navigation_node]: Navigation goal received: door observed_blue_3p6_1p4 (color=blue, frame=map, x=3.87, y=0.01)
[navigation_node-22] [WARN] [1790648632.130455695] [navigation_node]: Adjusted unreachable/occupied navigation goal from (3.87, 0.01, cost=67) to connected free cell (4.23, 0.18, cost=0)
[bt_navigator-17] [INFO] [1790648632.175708101] [bt_navigator]: Begin navigating from current location (3.68, 0.18) to (4.23, 0.18)
[navigation_node-22] [INFO] [1790648632.177718529] [navigation_node]: Navigation goal accepted by Nav2
[controller_server-13] [INFO] [1790648632.376614768] [controller_server]: Received a goal, begin computing control effort.
[door_detection_node-21] [INFO] [1790648632.619891331] [door_detection_node]: Front lateral LiDAR range looks too long for the visible door; using visual range (lidar=4.45m, visual=3.55m)
[state_machine_node-24] [INFO] [1790648632.937638150] [state_machine_node]: Nav2 goal is close enough for fine door alignment: observed_blue_3p6_1p4, dist=0.25m/0.38m, lateral=-0.14m/0.24m, yaw_error=97deg.
[state_machine_node-24] [INFO] [1790648632.938696409] [state_machine_node]: Nav2 goal cancellation requested before door fine alignment.
[navigation_node-22] [INFO] [1790648632.939408728] [navigation_node]: Navigation cancellation requested for manual control handoff.
[state_machine_node-24] [WARN] [1790648632.968570067] [state_machine_node]: Waiting for a fresh door-wall normal before alignment.
[bt_navigator-17] [ERROR] [1790648632.996770699] [bt_navigator_navigate_to_pose_rclcpp_node]: Failed to get result for follow_path in node halt!
[bt_navigator-17] [INFO] [1790648632.996962447] [bt_navigator]: [navigate_to_pose] [ActionServer] Client requested to cancel the goal. Cancelling.
[bt_navigator-17] [INFO] [1790648632.997238030] [bt_navigator]: Goal canceled
[controller_server-13] [INFO] [1790648633.002391122] [controller_server]: Goal was canceled. Stopping the robot.
[controller_server-13] [INFO] [1790648633.002483645] [controller_server]: [follow_path] [ActionServer] Client requested to cancel the goal. Cancelling.
[door_detection_node-21] [INFO] [1790648633.694608559] [door_detection_node]: 문 후보 발행: id=door_blue_98d22b, source=front_left, color=blue, dist=2.37m, conf=0.73, bbox=(173,0,260,240), rep_x=216, center_x=216, angle=56.5deg, center_angle=56.5deg, lidar=2.37m, visual=1.95m, goal=(5.58,0.80), handle=(5.74,2.04,0.84), handle_obs=True, handle_method=yolo:primary:item, handle_conf=0.66
[state_machine_node-24] [INFO] [1790648633.698612166] [state_machine_node]: 문 접근 목표 보정: door_blue_98d22b handle_axis=(5.74, 2.04) goal_axis=(5.74, 0.94) wall_axis=(5.74, 2.04) yaw=90deg
[door_detection_node-21] [INFO] [1790648635.454558612] [door_detection_node]: 문 후보 발행: id=door_blue_98d22b, source=front_left, color=blue, dist=2.36m, conf=0.73, bbox=(173,0,260,240), rep_x=216, center_x=216, angle=56.5deg, center_angle=56.5deg, lidar=2.34m, visual=1.95m, goal=(5.58,0.80), handle=(5.74,2.04,0.84), handle_obs=True, handle_method=yolo:primary:item, handle_conf=0.66
[state_machine_node-24] [INFO] [1790648635.457599109] [state_machine_node]: 문 접근 목표 보정: door_blue_98d22b handle_axis=(5.74, 2.04) goal_axis=(5.74, 0.94) wall_axis=(5.74, 2.04) yaw=90deg
[state_machine_node-24] [INFO] [1790648635.458468318] [state_machine_node]: Locked blue target refine skipped: door_blue_98d22b progress jump 1.35m > 1.05m
[state_machine_node-24] [WARN] [1790648635.637204823] [state_machine_node]: Waiting for a fresh door-wall normal before alignment.
[door_detection_node-21] [INFO] [1790648637.275119796] [door_detection_node]: 문 후보 발행: id=door_blue_98d22b, source=front_left, color=blue, dist=2.41m, conf=0.73, bbox=(173,0,260,240), rep_x=216, center_x=216, angle=56.5deg, center_angle=56.5deg, lidar=2.39m, visual=1.95m, goal=(5.62,0.84), handle=(5.78,2.08,0.84), handle_obs=True, handle_method=yolo:primary:item, handle_conf=0.66
[state_machine_node-24] [INFO] [1790648637.280871430] [state_machine_node]: 문 접근 목표 보정: door_blue_98d22b handle_axis=(5.78, 2.08) goal_axis=(5.78, 0.98) wall_axis=(5.78, 2.08) yaw=90deg
[state_machine_node-24] [WARN] [1790648638.259441339] [state_machine_node]: Waiting for a fresh door-wall normal before alignment.
[state_machine_node-24] [INFO] [1790648638.652770529] [state_machine_node]: 문 접근 목표 보정: door_blue_98d22b handle_axis=(5.74, 2.04) goal_axis=(5.74, 0.94) wall_axis=(5.74, 2.04) yaw=90deg
[state_machine_node-24] [INFO] [1790648638.653748483] [state_machine_node]: Locked blue target refine skipped: door_blue_98d22b progress jump 1.33m > 1.05m
[door_detection_node-21] [INFO] [1790648640.772477819] [door_detection_node]: 문 후보 발행: id=door_blue_98d22b, source=front_left, color=blue, dist=2.35m, conf=0.73, bbox=(173,0,260,240), rep_x=216, center_x=216, angle=56.5deg, center_angle=56.5deg, lidar=2.39m, visual=1.95m, goal=(5.58,0.80), handle=(5.74,2.04,0.84), handle_obs=True, handle_method=yolo:primary:item, handle_conf=0.66
[state_machine_node-24] [INFO] [1790648640.778456721] [state_machine_node]: 문 접근 목표 보정: door_blue_98d22b handle_axis=(5.74, 2.04) goal_axis=(5.74, 0.94) wall_axis=(5.74, 2.04) yaw=90deg
[state_machine_node-24] [INFO] [1790648640.779667975] [state_machine_node]: Locked blue target refine skipped: door_blue_98d22b progress jump 1.35m > 1.05m
[state_machine_node-24] [WARN] [1790648640.937955184] [state_machine_node]: Waiting for a fresh door-wall normal before alignment.
[door_detection_node-21] [INFO] [1790648641.784105909] [door_detection_node]: Front lateral LiDAR range looks too long for the visible door; using visual range (lidar=4.46m, visual=3.55m)
[state_machine_node-24] [INFO] [1790648642.742404347] [state_machine_node]: 문 앞 정렬 재접근: observed_blue_3p6_1p4 (2/2)
[state_machine_node-24] [INFO] [1790648642.744086105] [state_machine_node]: 문 접근 목표 보정: observed_blue_3p6_1p4 handle_axis=(3.87, 1.11) goal_axis=(3.87, 0.01) wall_axis=(3.87, 1.11) yaw=90deg
[navigation_node-22] [INFO] [1790648642.747474385] [navigation_node]: Navigation goal received: door observed_blue_3p6_1p4 (color=blue, frame=map, x=3.87, y=0.01)
[navigation_node-22] [WARN] [1790648642.815074442] [navigation_node]: Adjusted unreachable/occupied navigation goal from (3.87, 0.01, cost=60) to connected free cell (4.18, 0.18, cost=0)
[bt_navigator-17] [INFO] [1790648642.860081319] [bt_navigator]: Begin navigating from current location (3.68, 0.18) to (4.18, 0.18)
[navigation_node-22] [INFO] [1790648642.863327188] [navigation_node]: Navigation goal accepted by Nav2
[door_detection_node-21] [INFO] [1790648642.873079175] [door_detection_node]: 문 후보 발행: id=door_blue_98d22b, source=front_left, color=blue, dist=2.37m, conf=0.73, bbox=(173,0,260,240), rep_x=216, center_x=216, angle=56.5deg, center_angle=56.5deg, lidar=2.32m, visual=1.95m, goal=(5.54,0.77), handle=(5.70,2.01,0.84), handle_obs=True, handle_method=yolo:primary:item, handle_conf=0.66
[state_machine_node-24] [INFO] [1790648642.878689123] [state_machine_node]: 문 접근 목표 보정: door_blue_98d22b handle_axis=(5.70, 2.01) goal_axis=(5.70, 0.91) wall_axis=(5.70, 2.01) yaw=90deg
[state_machine_node-24] [INFO] [1790648642.879887395] [state_machine_node]: Locked blue target refine skipped: door_blue_98d22b progress jump 1.36m > 1.05m
[controller_server-13] [INFO] [1790648642.961359222] [controller_server]: Received a goal, begin computing control effort.
[state_machine_node-24] [INFO] [1790648643.605124366] [state_machine_node]: Nav2 goal is close enough for fine door alignment: observed_blue_3p6_1p4, dist=0.25m/0.38m, lateral=-0.14m/0.24m, yaw_error=97deg.
[state_machine_node-24] [INFO] [1790648643.605988018] [state_machine_node]: Nav2 goal cancellation requested before door fine alignment.
[navigation_node-22] [INFO] [1790648643.606870738] [navigation_node]: Navigation cancellation requested for manual control handoff.
[state_machine_node-24] [WARN] [1790648643.637240108] [state_machine_node]: Waiting for a fresh door-wall normal before alignment.
[bt_navigator-17] [ERROR] [1790648643.681352889] [bt_navigator_navigate_to_pose_rclcpp_node]: Failed to get result for follow_path in node halt!
[bt_navigator-17] [INFO] [1790648643.681559697] [bt_navigator]: [navigate_to_pose] [ActionServer] Client requested to cancel the goal. Cancelling.
[bt_navigator-17] [INFO] [1790648643.681832581] [bt_navigator]: Goal canceled
[controller_server-13] [INFO] [1790648643.712209627] [controller_server]: Goal was canceled. Stopping the robot.
[controller_server-13] [INFO] [1790648643.712349749] [controller_server]: [follow_path] [ActionServer] Client requested to cancel the goal. Cancelling.
[door_detection_node-21] [INFO] [1790648644.929715017] [door_detection_node]: 문 후보 발행: id=door_blue_98d22b, source=front_left, color=blue, dist=2.39m, conf=0.73, bbox=(173,0,260,240), rep_x=216, center_x=216, angle=56.5deg, center_angle=56.5deg, lidar=2.34m, visual=1.95m, goal=(5.53,0.76), handle=(5.69,2.00,0.84), handle_obs=True, handle_method=yolo:primary:item, handle_conf=0.66
[state_machine_node-24] [INFO] [1790648644.934688687] [state_machine_node]: 문 접근 목표 보정: door_blue_98d22b handle_axis=(5.69, 2.00) goal_axis=(5.69, 0.90) wall_axis=(5.69, 2.00) yaw=90deg
[state_machine_node-24] [INFO] [1790648644.936122124] [state_machine_node]: Locked blue target refine skipped: door_blue_98d22b progress jump 1.37m > 1.05m
[state_machine_node-24] [WARN] [1790648646.328143800] [state_machine_node]: Waiting for a fresh door-wall normal before alignment.
[door_detection_node-21] [INFO] [1790648647.027593436] [door_detection_node]: 문 후보 발행: id=door_blue_98d22b, source=front_left, color=blue, dist=2.35m, conf=0.73, bbox=(173,0,260,240), rep_x=216, center_x=216, angle=56.5deg, center_angle=56.5deg, lidar=2.34m, visual=1.95m, goal=(5.58,0.80), handle=(5.73,2.04,0.84), handle_obs=True, handle_method=yolo:primary:item, handle_conf=0.66
[state_machine_node-24] [INFO] [1790648647.032480872] [state_machine_node]: 문 접근 목표 보정: door_blue_98d22b handle_axis=(5.73, 2.04) goal_axis=(5.73, 0.94) wall_axis=(5.73, 2.04) yaw=90deg
[state_machine_node-24] [INFO] [1790648647.033742329] [state_machine_node]: Locked blue target refine skipped: door_blue_98d22b progress jump 1.35m > 1.05m
[door_detection_node-21] [INFO] [1790648648.031015387] [door_detection_node]: Front lateral LiDAR range looks too long for the visible door; using visual range (lidar=4.45m, visual=3.55m)
[door_detection_node-21] [INFO] [1790648649.061894454] [door_detection_node]: 문 후보 발행: id=door_blue_98d22b, source=front_left, color=blue, dist=2.38m, conf=0.73, bbox=(173,0,260,240), rep_x=216, center_x=216, angle=56.5deg, center_angle=56.5deg, lidar=2.34m, visual=1.95m, goal=(5.57,0.79), handle=(5.73,2.03,0.84), handle_obs=True, handle_method=yolo:primary:item, handle_conf=0.66
[state_machine_node-24] [WARN] [1790648649.092152220] [state_machine_node]: Waiting for a fresh door-wall normal before alignment.
[state_machine_node-24] [INFO] [1790648649.095867933] [state_machine_node]: 문 접근 목표 보정: door_blue_98d22b handle_axis=(5.73, 2.03) goal_axis=(5.73, 0.93) wall_axis=(5.73, 2.03) yaw=90deg
[state_machine_node-24] [INFO] [1790648649.097095006] [state_machine_node]: Locked blue target refine skipped: door_blue_98d22b progress jump 1.36m > 1.05m
[door_detection_node-21] [INFO] [1790648650.045959089] [door_detection_node]: Front lateral LiDAR range looks too long for the visible door; using visual range (lidar=4.44m, visual=3.55m)
[state_machine_node-24] [WARN] [1790648651.293833103] [state_machine_node]: Waiting for a fresh door-wall normal before alignment.
[door_detection_node-21] [INFO] [1790648651.296325397] [door_detection_node]: 문 후보 발행: id=door_blue_98d22b, source=front_left, color=blue, dist=2.37m, conf=0.73, bbox=(173,0,260,240), rep_x=216, center_x=216, angle=56.5deg, center_angle=56.5deg, lidar=2.37m, visual=1.95m, goal=(5.57,0.79), handle=(5.73,2.03,0.84), handle_obs=True, handle_method=yolo:primary:item, handle_conf=0.66
[state_machine_node-24] [INFO] [1790648651.303469190] [state_machine_node]: 문 접근 목표 보정: door_blue_98d22b handle_axis=(5.73, 2.03) goal_axis=(5.73, 0.93) wall_axis=(5.73, 2.03) yaw=90deg
[state_machine_node-24] [INFO] [1790648651.304711885] [state_machine_node]: Locked blue target refine skipped: door_blue_98d22b progress jump 1.36m > 1.05m
[state_machine_node-24] [WARN] [1790648653.220468592] [state_machine_node]: Nav failure [door_not_aligned] → observed_blue_3p6_1p4. 재시도 4/2
[state_machine_node-24] [WARN] [1790648653.221398223] [state_machine_node]: 파란 문 후보 (3.7, 1.3) 문 앞 접근 실패 1/4. projection 기반 좌표가 실제 문과 매칭되지 않아 현재 투영 좌표만 폐기합니다. 누적 문 관측 중심 (3.7, 1.3)으로 복원하고 근접 카메라/LiDAR 재관측 후 다시 접근합니다.
[state_machine_node-24] [WARN] [1790648653.222253327] [state_machine_node]: 접근 재스캔: observed_blue_3p6_1p4. 이번 Nav2 접근 묶음은 실패했지만 물리 문 후보는 아직 포기하지 않고, 새 관측으로 다시 시도합니다.
[state_machine_node-24] [INFO] [1790648653.222978498] [state_machine_node]: State: NAVIGATING → EXPLORING
[door_detection_node-21] [INFO] [1790648653.542674710] [door_detection_node]: 문 후보 발행: id=door_blue_98d22b, source=front_left, color=blue, dist=2.34m, conf=0.73, bbox=(173,0,260,240), rep_x=216, center_x=216, angle=56.5deg, center_angle=56.5deg, lidar=2.33m, visual=1.95m, goal=(5.60,0.82), handle=(5.76,2.06,0.84), handle_obs=True, handle_method=yolo:primary:item, handle_conf=0.66
[state_machine_node-24] [INFO] [1790648654.063276592] [state_machine_node]: Observed blue cluster (3.7, 1.3) is waiting for fresh blue evidence before another approach retry.
[state_machine_node-24] [INFO] [1790648654.072488713] [state_machine_node]: 문 접근 목표 보정: door_blue_2bfe49 handle_axis=(5.76, 2.06) goal_axis=(5.76, 0.96) wall_axis=(5.76, 2.06) yaw=90deg
[state_machine_node-24] [INFO] [1790648654.077424418] [state_machine_node]: 문 접근 목표 보정: observed_blue_3p7_1p3 handle_axis=(3.75, 1.31) goal_axis=(3.75, 0.21) wall_axis=(3.75, 1.31) yaw=90deg
[state_machine_node-24] [INFO] [1790648654.081850765] [state_machine_node]: 문 접근 목표 보정: observed_blue_5p1_1p9 handle_axis=(5.10, 1.90) goal_axis=(5.10, 0.80) wall_axis=(5.10, 1.90) yaw=90deg
[state_machine_node-24] [INFO] [1790648654.083415634] [state_machine_node]: 문 접근 목표 보정: door_blue_2bfe49 handle_axis=(5.76, 2.06) goal_axis=(5.76, 0.96) wall_axis=(5.76, 2.06) yaw=90deg
[state_machine_node-24] [INFO] [1790648654.086313559] [state_machine_node]: 문 접근 목표 보정: door_blue_2bfe49 handle_axis=(5.76, 2.06) goal_axis=(5.76, 0.96) wall_axis=(5.76, 2.06) yaw=90deg
[state_machine_node-24] [INFO] [1790648654.087060628] [state_machine_node]: 문 접근 목표 보정: door_blue_2bfe49 handle_axis=(5.76, 2.06) goal_axis=(5.76, 0.96) wall_axis=(5.76, 2.06) yaw=90deg
[state_machine_node-24] [INFO] [1790648654.087663783] [state_machine_node]: LiDAR+camera segment map 사전 스캔 시작: door_blue_2bfe49
[door_detection_node-21] [INFO] [1790648654.257792711] [door_detection_node]: Front lateral LiDAR range looks too long for the visible door; using visual range (lidar=4.48m, visual=3.55m)
[state_machine_node-24] [INFO] [1790648654.980694540] [state_machine_node]: 문 접근 목표 보정: door_blue_2bfe49 handle_axis=(5.76, 2.06) goal_axis=(5.76, 0.96) wall_axis=(5.76, 2.06) yaw=90deg
[door_detection_node-21] [INFO] [1790648655.398844832] [door_detection_node]: 문 후보 발행: id=door_blue_98d22b, source=front_left, color=blue, dist=2.34m, conf=0.73, bbox=(173,0,260,240), rep_x=216, center_x=216, angle=56.5deg, center_angle=56.5deg, lidar=2.37m, visual=1.95m, goal=(5.59,0.81), handle=(5.75,2.05,0.84), handle_obs=True, handle_method=yolo:primary:item, handle_conf=0.66
[state_machine_node-24] [INFO] [1790648655.894487652] [state_machine_node]: 문 접근 목표 보정: door_blue_2bfe49 handle_axis=(5.75, 2.05) goal_axis=(5.75, 0.95) wall_axis=(5.75, 2.05) yaw=90deg
[state_machine_node-24] [INFO] [1790648656.797959835] [state_machine_node]: 문 접근 목표 보정: door_blue_2bfe49 handle_axis=(5.75, 2.05) goal_axis=(5.75, 0.95) wall_axis=(5.75, 2.05) yaw=90deg
[state_machine_node-24] [INFO] [1790648656.799666360] [state_machine_node]: 사전 스캔 완료. Nav2가 segment map 기반 경로를 계획합니다: door_blue_2bfe49
[state_machine_node-24] [INFO] [1790648656.808119741] [state_machine_node]: Locked blue target after pre-scan: door_blue_2bfe49 opened=0 retry=0/2
[state_machine_node-24] [INFO] [1790648656.808633367] [state_machine_node]: State: EXPLORING → NAVIGATING
[navigation_node-22] [INFO] [1790648656.810767677] [navigation_node]: Navigation goal received: door door_blue_2bfe49 (color=blue, frame=map, x=5.76, y=0.96)
[bt_navigator-17] [INFO] [1790648656.901262020] [bt_navigator]: Begin navigating from current location (3.68, 0.18) to (5.76, 0.96)
[navigation_node-22] [INFO] [1790648656.904562815] [navigation_node]: Navigation goal accepted by Nav2
[controller_server-13] [INFO] [1790648657.102268235] [controller_server]: Received a goal, begin computing control effort.
[door_detection_node-21] [INFO] [1790648657.148819631] [door_detection_node]: 문 후보 발행: id=door_blue_98d22b, source=front_left, color=blue, dist=2.38m, conf=0.73, bbox=(173,0,260,240), rep_x=216, center_x=216, angle=56.5deg, center_angle=56.5deg, lidar=2.38m, visual=1.95m, goal=(5.59,0.81), handle=(5.75,2.05,0.84), handle_obs=True, handle_method=yolo:primary:item, handle_conf=0.66
[controller_server-13] [INFO] [1790648658.477940519] [controller_server]: Passing new path to controller.
[door_detection_node-21] [INFO] [1790648659.001634158] [door_detection_node]: 문 후보 발행: id=door_blue_98d22b, source=front_left, color=blue, dist=2.36m, conf=0.42, bbox=(178,0,261,240), rep_x=219, center_x=219, angle=55.8deg, center_angle=55.8deg, lidar=2.24m, visual=1.95m, goal=(5.37,0.61), handle=(5.51,1.85,0.85), handle_obs=True, handle_method=yolo:primary:item, handle_conf=0.70
[controller_server-13] [INFO] [1790648659.728426372] [controller_server]: Passing new path to controller.
[door_detection_node-21] [INFO] [1790648659.900799549] [door_detection_node]: Front lateral LiDAR range looks too long for the visible door; using visual range (lidar=4.99m, visual=3.18m)
[door_detection_node-21] [INFO] [1790648659.905580095] [door_detection_node]: YOLO 후보 제외: source=front, edge-clipped bbox=(280,46,318,193)
[door_detection_node-21] [INFO] [1790648660.683384976] [door_detection_node]: 문 후보 발행: id=door_blue_3ced44, source=front_left, color=blue, dist=2.26m, conf=1.00, bbox=(234,0,320,240), rep_x=277, center_x=277, angle=43.4deg, center_angle=43.4deg, lidar=2.16m, visual=1.95m, goal=(5.68,0.66), handle=(5.48,1.90,0.84), handle_obs=True, handle_method=yolo:primary:item, handle_conf=0.32
[door_detection_node-21] [INFO] [1790648661.065057671] [door_detection_node]: Side camera LiDAR range looks too long for the visible door; using visual range (source=front_right, lidar=4.87m, visual=3.23m)
[controller_server-13] [INFO] [1790648661.102903500] [controller_server]: Passing new path to controller.
[planner_server-15] [INFO] [1790648661.153992561] [global_costmap.global_costmap]: StaticLayer: Resizing static layer to 265 X 84 at 0.050000 m/pix
[door_detection_node-21] [INFO] [1790648662.035980969] [door_detection_node]: YOLO 후보 제외: source=front_left, edge-clipped bbox=(254,0,319,240)
[planner_server-15] [INFO] [1790648662.154093599] [global_costmap.global_costmap]: StaticLayer: Resizing static layer to 268 X 84 at 0.050000 m/pix
[controller_server-13] [INFO] [1790648662.352922708] [controller_server]: Passing new path to controller.
[planner_server-15] [INFO] [1790648663.154110261] [global_costmap.global_costmap]: StaticLayer: Resizing static layer to 277 X 84 at 0.050000 m/pix
[controller_server-13] [INFO] [1790648663.602925367] [controller_server]: Passing new path to controller.
[door_detection_node-21] [INFO] [1790648664.093521069] [door_detection_node]: 문 후보 발행: id=door_blue_aa8f8a, source=front_left, color=blue, dist=1.85m, conf=0.44, bbox=(250,0,319,239), rep_x=284, center_x=284, angle=42.1deg, center_angle=42.1deg, lidar=1.80m, visual=1.96m, goal=(5.52,0.74), handle=(5.07,1.90,1.00), handle_obs=False, handle_method=estimated, handle_conf=0.00
[planner_server-15] [INFO] [1790648664.153990603] [global_costmap.global_costmap]: StaticLayer: Resizing static layer to 279 X 84 at 0.050000 m/pix
[door_detection_node-21] [INFO] [1790648664.620954232] [door_detection_node]: Side camera visual fallback rejected (source=front_right, lidar=2.05m, visual=5.09m > 4.50m)
[door_detection_node-21] [INFO] [1790648664.642778165] [door_detection_node]: Side camera LiDAR range looks occluded; using visual range instead (source=front_right, lidar=1.95m, visual=3.37m)
[controller_server-13] [INFO] [1790648664.852909610] [controller_server]: Passing new path to controller.
[door_detection_node-21] [INFO] [1790648665.912981983] [door_detection_node]: 문 후보 발행: id=door_blue_aa8f8a, source=front_left, color=blue, dist=1.68m, conf=0.31, bbox=(225,0,320,240), rep_x=272, center_x=272, angle=44.4deg, center_angle=44.4deg, lidar=1.65m, visual=1.95m, goal=(5.60,0.74), handle=(5.10,1.89,1.00), handle_obs=False, handle_method=estimated, handle_conf=0.00
[controller_server-13] [INFO] [1790648666.102894053] [controller_server]: Passing new path to controller.
[door_detection_node-21] [INFO] [1790648666.951888569] [door_detection_node]: Side camera LiDAR range looks too long for the visible door; using visual range (source=front_right, lidar=6.96m, visual=5.09m)
[planner_server-15] [INFO] [1790648667.153988490] [global_costmap.global_costmap]: StaticLayer: Resizing static layer to 284 X 84 at 0.050000 m/pix
[door_detection_node-21] [INFO] [1790648667.422122470] [door_detection_node]: 문 후보 발행: id=door_blue_851b46, source=front_right, color=blue, dist=5.09m, conf=0.41, bbox=(40,73,62,165), rep_x=51, center_x=51, angle=-45.0deg, center_angle=-45.0deg, lidar=7.10m, visual=5.09m, goal=(8.82,-0.26), handle=(9.34,-1.40,1.00), handle_obs=False, handle_method=estimated, handle_conf=0.00
[controller_server-13] [INFO] [1790648667.477928230] [controller_server]: Passing new path to controller.
[controller_server-13] [INFO] [1790648668.727870337] [controller_server]: Passing new path to controller.
[planner_server-15] [INFO] [1790648669.154165457] [global_costmap.global_costmap]: StaticLayer: Resizing static layer to 288 X 85 at 0.050000 m/pix
[door_detection_node-21] [INFO] [1790648669.771114468] [door_detection_node]: 문 후보 발행: id=door_blue_aca61c, source=front_right, color=blue, dist=6.33m, conf=0.66, bbox=(64,73,87,164), rep_x=75, center_x=75, angle=-50.0deg, center_angle=-50.0deg, lidar=6.33m, visual=5.14m, goal=(10.17,-0.86), handle=(10.74,-1.97,1.00), handle_obs=False, handle_method=estimated, handle_conf=0.00
[door_detection_node-21] [INFO] [1790648669.793278252] [door_detection_node]: Side camera LiDAR range looks occluded; using visual range instead (source=front_right, lidar=1.49m, visual=3.16m)
[controller_server-13] [INFO] [1790648670.102918766] [controller_server]: Passing new path to controller.
[door_detection_node-21] [INFO] [1790648670.589101868] [door_detection_node]: HSV candidate rejected: color=blue, edge-clipped bbox=(122,0,320,240), width_ratio=0.62
[planner_server-15] [INFO] [1790648671.154067142] [global_costmap.global_costmap]: StaticLayer: Resizing static layer to 293 X 85 at 0.050000 m/pix
[controller_server-13] [INFO] [1790648671.352932085] [controller_server]: Passing new path to controller.
[door_detection_node-21] [INFO] [1790648671.436003864] [door_detection_node]: 문 후보 발행: id=door_blue_3f54b3, source=front_right, color=blue, dist=6.14m, conf=0.59, bbox=(74,72,96,164), rep_x=85, center_x=85, angle=-52.2deg, center_angle=-52.2deg, lidar=6.02m, visual=5.09m, goal=(10.09,-0.86), handle=(10.66,-1.97,1.00), handle_obs=False, handle_method=estimated, handle_conf=0.00
[planner_server-15] [INFO] [1790648672.154145500] [global_costmap.global_costmap]: StaticLayer: Resizing static layer to 295 X 85 at 0.050000 m/pix
[controller_server-13] [INFO] [1790648672.602928458] [controller_server]: Passing new path to controller.
[door_detection_node-21] [INFO] [1790648672.605645528] [door_detection_node]: Side camera LiDAR range looks occluded; using visual range instead (source=front_right, lidar=1.52m, visual=2.94m)
[door_detection_node-21] [INFO] [1790648673.078346515] [door_detection_node]: Side camera visual fallback rejected (source=front_right, lidar=3.71m, visual=4.93m > 4.50m)
[controller_server-13] [INFO] [1790648673.977911289] [controller_server]: Passing new path to controller.
[door_detection_node-21] [INFO] [1790648674.029265656] [door_detection_node]: 문 후보 발행: id=door_blue_f1f068, source=front_left, color=blue, dist=1.08m, conf=1.00, bbox=(11,0,254,240), rep_x=132, center_x=132, angle=76.8deg, center_angle=76.8deg, lidar=1.02m, visual=1.95m, goal=(6.12,0.72), handle=(5.58,1.84,0.85), handle_obs=True, handle_method=hsv, handle_conf=0.74
[state_machine_node-24] [INFO] [1790648674.071819936] [state_machine_node]: Nav2 door goal position is near, but yaw is not ready yet: door_blue_2bfe49, dist=0.30m/0.38m, lateral=0.02m/0.24m, yaw_error=70deg.
[planner_server-15] [INFO] [1790648674.154151672] [global_costmap.global_costmap]: StaticLayer: Resizing static layer to 299 X 85 at 0.050000 m/pix
[state_machine_node-24] [INFO] [1790648675.026349081] [state_machine_node]: Nav2 goal is close enough for fine door alignment: door_blue_2bfe49, dist=0.21m/0.38m, lateral=0.03m/0.24m, yaw_error=69deg.
[state_machine_node-24] [INFO] [1790648675.027138593] [state_machine_node]: Nav2 goal cancellation requested before door fine alignment.
[navigation_node-22] [INFO] [1790648675.030169298] [navigation_node]: Navigation cancellation requested for manual control handoff.
[state_machine_node-24] [INFO] [1790648675.093386846] [state_machine_node]: Fine door approach started: door_blue_2bfe49, dist=0.21m, lateral=0.03m, forward=0.21m, yaw_error=69deg
[state_machine_node-24] [INFO] [1790648675.094709803] [state_machine_node]: Fine door parking translation: door_blue_2bfe49, dist=0.21m/0.17m, heading_error=7deg, cmd=(0.07, 0.10)
[controller_server-13] [INFO] [1790648675.102974697] [controller_server]: Goal was canceled. Stopping the robot.
[controller_server-13] [INFO] [1790648675.103082435] [controller_server]: [follow_path] [ActionServer] Client requested to cancel the goal. Cancelling.
[bt_navigator-17] [INFO] [1790648675.103482807] [bt_navigator]: [navigate_to_pose] [ActionServer] Client requested to cancel the goal. Cancelling.
[bt_navigator-17] [INFO] [1790648675.103745385] [bt_navigator]: Goal canceled
[door_detection_node-21] [INFO] [1790648675.386390471] [door_detection_node]: HSV candidate rejected: color=blue, edge-clipped bbox=(0,0,198,240), width_ratio=0.62
[state_machine_node-24] [INFO] [1790648675.997839440] [state_machine_node]: Fine door parking translation: door_blue_2bfe49, dist=0.18m/0.17m, heading_error=9deg, cmd=(0.07, 0.12)
[door_detection_node-21] [INFO] [1790648676.823711738] [door_detection_node]: Side camera visual fallback rejected (source=front_right, lidar=3.43m, visual=4.88m > 4.50m)
[state_machine_node-24] [INFO] [1790648676.962434158] [state_machine_node]: Fine door final yaw alignment: door_blue_2bfe49, dist=0.12m/0.17m, yaw_error=65deg, cmd=(0.00, 0.25)
[planner_server-15] [INFO] [1790648677.154160828] [global_costmap.global_costmap]: StaticLayer: Resizing static layer to 302 X 85 at 0.050000 m/pix
[state_machine_node-24] [INFO] [1790648677.925425980] [state_machine_node]: Fine door final yaw alignment: door_blue_2bfe49, dist=0.13m/0.17m, yaw_error=61deg, cmd=(0.00, 0.25)
[state_machine_node-24] [INFO] [1790648678.904321219] [state_machine_node]: Fine door final yaw alignment: door_blue_2bfe49, dist=0.12m/0.17m, yaw_error=57deg, cmd=(0.00, 0.25)
[planner_server-15] [INFO] [1790648679.154010230] [global_costmap.global_costmap]: StaticLayer: Resizing static layer to 303 X 85 at 0.050000 m/pix
[door_detection_node-21] [INFO] [1790648679.376378257] [door_detection_node]: 문 후보 발행: id=door_blue_f1f068, source=front_left, color=blue, dist=0.97m, conf=1.00, bbox=(4,0,245,240), rep_x=124, center_x=124, angle=78.7deg, center_angle=78.7deg, lidar=0.98m, visual=1.95m, goal=(6.30,0.85), handle=(5.53,1.85,0.85), handle_obs=True, handle_method=hsv, handle_conf=0.96
[state_machine_node-24] [INFO] [1790648679.854185255] [state_machine_node]: Fine door final yaw alignment: door_blue_2bfe49, dist=0.12m/0.17m, yaw_error=51deg, cmd=(0.00, 0.25)
[planner_server-15] [INFO] [1790648680.154083954] [global_costmap.global_costmap]: StaticLayer: Resizing static layer to 305 X 85 at 0.050000 m/pix
[door_detection_node-21] [INFO] [1790648680.276944369] [door_detection_node]: Side camera visual fallback rejected (source=front_right, lidar=3.40m, visual=4.93m > 4.50m)
[state_machine_node-24] [INFO] [1790648680.828667939] [state_machine_node]: Fine door final yaw alignment: door_blue_2bfe49, dist=0.14m/0.17m, yaw_error=46deg, cmd=(0.00, 0.25)
[planner_server-15] [INFO] [1790648681.154099000] [global_costmap.global_costmap]: StaticLayer: Resizing static layer to 306 X 85 at 0.050000 m/pix
[door_detection_node-21] [INFO] [1790648681.237930028] [door_detection_node]: 문 후보 발행: id=door_blue_129797, source=front_left, color=blue, dist=0.96m, conf=1.00, bbox=(58,0,307,240), rep_x=182, center_x=182, angle=64.6deg, center_angle=64.6deg, lidar=0.97m, visual=1.95m, goal=(6.22,0.90), handle=(5.31,1.76,1.00), handle_obs=False, handle_method=estimated, handle_conf=0.00
[state_machine_node-24] [INFO] [1790648681.796374851] [state_machine_node]: Fine door final yaw alignment: door_blue_2bfe49, dist=0.14m/0.17m, yaw_error=42deg, cmd=(0.00, 0.25)
[door_detection_node-21] [INFO] [1790648682.724532874] [door_detection_node]: HSV candidate rejected: color=blue, edge-clipped bbox=(105,0,320,240), width_ratio=0.67
[state_machine_node-24] [INFO] [1790648682.744303723] [state_machine_node]: Fine door final yaw alignment: door_blue_2bfe49, dist=0.15m/0.17m, yaw_error=38deg, cmd=(0.00, 0.25)
[state_machine_node-24] [INFO] [1790648683.703954043] [state_machine_node]: Fine door final yaw alignment: door_blue_2bfe49, dist=0.13m/0.17m, yaw_error=35deg, cmd=(0.00, 0.25)
[door_detection_node-21] [INFO] [1790648683.711238982] [door_detection_node]: Side camera visual fallback rejected (source=front_right, lidar=3.50m, visual=4.54m > 4.50m)
[state_machine_node-24] [INFO] [1790648684.670870489] [state_machine_node]: Fine door final yaw alignment: door_blue_2bfe49, dist=0.13m/0.17m, yaw_error=29deg, cmd=(0.00, 0.25)
[door_detection_node-21] [INFO] [1790648685.101813836] [door_detection_node]: 문 후보 발행: id=door_blue_129797, source=front_left, color=blue, dist=0.97m, conf=1.00, bbox=(151,0,320,240), rep_x=235, center_x=235, angle=52.2deg, center_angle=52.2deg, lidar=1.01m, visual=1.95m, goal=(6.34,1.20), handle=(5.22,1.74,1.00), handle_obs=True, handle_method=estimated, handle_conf=0.00
[state_machine_node-24] [INFO] [1790648685.636015560] [state_machine_node]: Fine door final yaw alignment: door_blue_2bfe49, dist=0.13m/0.17m, yaw_error=24deg, cmd=(0.00, 0.25)
[state_machine_node-24] [INFO] [1790648686.605742029] [state_machine_node]: Fine door final yaw alignment: door_blue_2bfe49, dist=0.14m/0.17m, yaw_error=19deg, cmd=(0.00, 0.25)
[door_detection_node-21] [INFO] [1790648687.008798753] [door_detection_node]: 문 후보 발행: id=door_blue_aa8f8a, source=front_left, color=blue, dist=1.02m, conf=1.00, bbox=(201,0,320,240), rep_x=260, center_x=260, angle=46.9deg, center_angle=46.9deg, lidar=1.04m, visual=1.95m, goal=(6.34,1.41), handle=(5.14,1.75,1.00), handle_obs=False, handle_method=estimated, handle_conf=0.00
[state_machine_node-24] [INFO] [1790648687.544585838] [state_machine_node]: Fine door final yaw alignment: door_blue_2bfe49, dist=0.11m/0.17m, yaw_error=13deg, cmd=(0.00, 0.16)
[state_machine_node-24] [INFO] [1790648688.497223868] [state_machine_node]: Fine door final yaw alignment: door_blue_2bfe49, dist=0.12m/0.17m, yaw_error=11deg, cmd=(0.00, 0.14)
[door_detection_node-21] [INFO] [1790648688.584971670] [door_detection_node]: 문 후보 발행: id=door_blue_aa8f8a, source=front_left, color=blue, dist=1.04m, conf=0.36, bbox=(245,0,319,240), rep_x=282, center_x=282, angle=42.5deg, center_angle=42.5deg, lidar=1.07m, visual=1.95m, goal=(6.33,1.55), handle=(5.09,1.72,1.00), handle_obs=False, handle_method=estimated, handle_conf=0.00
[door_detection_node-21] [INFO] [1790648689.174237935] [door_detection_node]: YOLO 후보 제외: source=front_right, far small dist=10.19m, conf=0.29, bbox=(299,90,315,150)
[state_machine_node-24] [INFO] [1790648689.443509417] [state_machine_node]: Fine door final yaw alignment: door_blue_2bfe49, dist=0.11m/0.17m, yaw_error=5deg, cmd=(0.00, 0.08)
[door_detection_node-21] [INFO] [1790648690.096621588] [door_detection_node]: 문 후보 발행: id=door_blue_aa8f8a, source=front_left, color=blue, dist=1.10m, conf=1.00, bbox=(283,0,320,240), rep_x=301, center_x=301, angle=38.9deg, center_angle=38.9deg, lidar=1.10m, visual=1.95m, goal=(6.28,1.70), handle=(5.03,1.74,1.00), handle_obs=False, handle_method=estimated, handle_conf=0.00
[state_machine_node-24] [INFO] [1790648690.415125159] [state_machine_node]: 문 앞 정렬 완료. 2.8s 정지 후 개방합니다.
[door_detection_node-21] [INFO] [1790648692.229605977] [door_detection_node]: 문 후보 발행: id=door_blue_751481, source=front, color=blue, dist=1.00m, conf=1.00, bbox=(0,0,168,240), rep_x=84, center_x=84, angle=18.0deg, center_angle=18.0deg, lidar=0.98m, visual=1.95m, goal=(5.60,1.15), handle=(5.38,1.82,1.00), handle_obs=False, handle_method=estimated, handle_conf=0.00
[door_detection_node-21] [INFO] [1790648694.047143655] [door_detection_node]: 문 후보 발행: id=door_blue_751481, source=front, color=blue, dist=1.02m, conf=1.00, bbox=(0,0,168,240), rep_x=84, center_x=84, angle=18.0deg, center_angle=18.0deg, lidar=0.97m, visual=1.95m, goal=(5.60,1.15), handle=(5.38,1.84,1.00), handle_obs=False, handle_method=estimated, handle_conf=0.00
[door_detection_node-21] [INFO] [1790648695.844207406] [door_detection_node]: 문 후보 발행: id=door_blue_751481, source=front, color=blue, dist=1.00m, conf=1.00, bbox=(0,0,168,240), rep_x=84, center_x=84, angle=18.0deg, center_angle=18.0deg, lidar=0.99m, visual=1.95m, goal=(5.60,1.15), handle=(5.38,1.82,1.00), handle_obs=False, handle_method=estimated, handle_conf=0.00
[state_machine_node-24] [WARN] [1790648695.967394604] [state_machine_node]: Observed blue cluster (3.7, 1.3) fresh retry wait expired; allowing one more mapped-door approach attempt (1/2).
[state_machine_node-24] [INFO] [1790648695.969326141] [state_machine_node]: 파란 문 후보 cluster@(9.3, -1.3) 제외: 최근 관찰된 빨간 문 위치 (7.5, -1.8)와 겹칩니다.
[state_machine_node-24] [INFO] [1790648695.971281511] [state_machine_node]: Direct blue target door_blue_2bfe49 will use stable wall-memory handle at (5.2, 2.0); progress_gap=0.00m, dist=0.00m, count=44, conf=1.00.
[state_machine_node-24] [INFO] [1790648696.020236838] [state_machine_node]: Blue target door_blue_2bfe49 uses aligned direct observation memory for manipulation verification after close parking: conf=0.89.
[state_machine_node-24] [INFO] [1790648696.044969945] [state_machine_node]: State: NAVIGATING → OPENING_DOOR
[state_machine_node-24] [INFO] [1790648696.882766288] [state_machine_node]: 문 개방 요청 손잡이: id=door_blue_2bfe49__axis_p5p76_p2p06, method=yolo:primary:item, conf=0.66, frame=map, pos=(5.758,2.057,0.842)
[navigation_visit_node-23] [INFO] [1790648696.885199235] [navigation_visit_node]: NAVIGATION_VISIT {"scope": "navigation_only", "physical_opening": false, "door_id": "door_blue_2bfe49__axis_p5p76_p2p06", "sim_time": 94.501, "robot": [5.697407312135291, 0.8667886827866647, 1.575066705237832], "observed_handle": [5.758009513405602, 2.0573070309799135, 0.8421399959069694], "distance_m": 1.1920597989126172, "bearing_error_rad": -0.05513052520939943}
[state_machine_node-24] [INFO] [1790648696.887273532] [state_machine_node]: Selected observation memory completed: door_blue_2bfe49; original candidate excluded after position refinement.
[state_machine_node-24] [INFO] [1790648696.891133503] [state_machine_node]: 열린 파란 문 재관측 후보 1개 정리. 다음 목표 선택에서 제외합니다.
[state_machine_node-24] [INFO] [1790648696.892182203] [state_machine_node]: 문 개방 성공: door_blue_2bfe49  누적 개방: 1개
[state_machine_node-24] [INFO] [1790648696.892755498] [state_machine_node]: State: OPENING_DOOR → DOOR_OPENED
[state_machine_node-24] [INFO] [1790648697.778501479] [state_machine_node]: 다음 파란 문 탐색 시작 (개방 완료: 1개)
[state_machine_node-24] [INFO] [1790648697.779297461] [state_machine_node]: State: DOOR_OPENED → EXPLORING
[door_detection_node-21] [INFO] [1790648698.053827451] [door_detection_node]: 문 후보 발행: id=door_blue_751481, source=front, color=blue, dist=1.00m, conf=1.00, bbox=(0,0,168,240), rep_x=84, center_x=84, angle=18.0deg, center_angle=18.0deg, lidar=0.98m, visual=1.95m, goal=(5.60,1.15), handle=(5.38,1.82,1.00), handle_obs=False, handle_method=estimated, handle_conf=0.00
[state_machine_node-24] [INFO] [1790648698.057355591] [state_machine_node]: Blue candidate door_blue_751481 ignored: physical/opened door station already handled nearby at (5.38, 1.82).
[state_machine_node-24] [INFO] [1790648698.714101676] [state_machine_node]: Post-open side retreat started: lateral=0.87m, target_abs=0.48m.
[state_machine_node-24] [INFO] [1790648698.715272462] [state_machine_node]: Post-open side retreat: lateral=0.87m, moved=0.00/1.10m, yaw_error=180deg, cmd=(0.00, 0.50)
[door_detection_node-21] [INFO] [1790648699.397228954] [door_detection_node]: HSV candidate rejected: color=blue, edge-clipped bbox=(0,0,181,240), width_ratio=0.57
[state_machine_node-24] [INFO] [1790648700.713321227] [state_machine_node]: Post-open side retreat: lateral=0.86m, moved=0.00/1.10m, yaw_error=156deg, cmd=(0.00, 0.50)
[door_detection_node-21] [INFO] [1790648700.920324153] [door_detection_node]: 문 후보 발행: id=door_blue_751481, source=front, color=blue, dist=1.05m, conf=1.00, bbox=(12,0,237,240), rep_x=124, center_x=124, angle=8.7deg, center_angle=8.7deg, lidar=1.13m, visual=1.95m, goal=(5.57,1.14), handle=(5.56,1.85,0.85), handle_obs=True, handle_method=hsv, handle_conf=0.83
[state_machine_node-24] [INFO] [1790648702.197500080] [state_machine_node]: Blue candidate door_blue_f18eb5 ignored: physical/opened door station already handled nearby at (5.38, 1.84).
[state_machine_node-24] [INFO] [1790648702.668122294] [state_machine_node]: Post-open side retreat: lateral=0.88m, moved=0.00/1.10m, yaw_error=137deg, cmd=(0.00, 0.50)
[door_detection_node-21] [INFO] [1790648703.455562447] [door_detection_node]: 문 후보 발행: id=door_blue_f18eb5, source=front, color=blue, dist=1.04m, conf=1.00, bbox=(148,0,320,240), rep_x=234, center_x=234, angle=-17.5deg, center_angle=-17.5deg, lidar=1.15m, visual=1.95m, goal=(4.57,1.04), handle=(5.49,1.89,0.85), handle_obs=True, handle_method=hsv, handle_conf=0.97
[state_machine_node-24] [INFO] [1790648704.615048304] [state_machine_node]: Post-open side retreat: lateral=0.86m, moved=0.01/1.10m, yaw_error=119deg, cmd=(0.00, 0.50)
[door_detection_node-21] [INFO] [1790648705.165114704] [door_detection_node]: 문 후보 발행: id=door_blue_0214b9, source=front_right, color=blue, dist=1.02m, conf=1.00, bbox=(0,0,81,121), rep_x=40, center_x=40, angle=-42.9deg, center_angle=-42.9deg, lidar=1.03m, visual=3.87m, goal=(4.80,0.85), handle=(5.53,1.87,1.00), handle_obs=False, handle_method=estimated, handle_conf=0.00
[door_detection_node-21] [INFO] [1790648705.567655991] [door_detection_node]: YOLO 후보 제외: source=front, edge-clipped bbox=(270,0,320,240)
[state_machine_node-24] [INFO] [1790648706.560895830] [state_machine_node]: Post-open side retreat: lateral=0.88m, moved=0.00/1.10m, yaw_error=100deg, cmd=(0.00, 0.50)
[door_detection_node-21] [INFO] [1790648707.143815495] [door_detection_node]: HSV candidate rejected: color=blue, edge-clipped bbox=(0,0,257,240), width_ratio=0.80
[state_machine_node-24] [INFO] [1790648708.498455770] [state_machine_node]: Post-open side retreat: lateral=0.93m, moved=0.00/1.10m, yaw_error=76deg, cmd=(0.00, 0.50)
[door_detection_node-21] [INFO] [1790648710.048792446] [door_detection_node]: YOLO 후보 제외: source=front_left, edge-clipped bbox=(0,33,51,204)
[state_machine_node-24] [INFO] [1790648710.456123611] [state_machine_node]: Post-open side retreat: lateral=0.97m, moved=0.00/1.10m, yaw_error=54deg, cmd=(0.00, 0.50)
[door_detection_node-21] [INFO] [1790648711.465312066] [door_detection_node]: 문 후보 발행: id=door_blue_7d6448, source=front_right, color=blue, dist=1.12m, conf=0.39, bbox=(235,0,319,240), rep_x=277, center_x=277, angle=-96.6deg, center_angle=-96.6deg, lidar=1.17m, visual=1.95m, goal=(5.91,0.95), handle=(5.11,1.91,1.00), handle_obs=False, handle_method=estimated, handle_conf=0.00
[state_machine_node-24] [INFO] [1790648711.469844322] [state_machine_node]: Blue candidate door_blue_7d6448 ignored: physical/opened door station already handled nearby at (5.11, 1.91).
[state_machine_node-24] [INFO] [1790648712.425338998] [state_machine_node]: Post-open side retreat: lateral=0.98m, moved=0.00/1.10m, yaw_error=37deg, cmd=(0.00, 0.50)
[door_detection_node-21] [INFO] [1790648714.195859128] [door_detection_node]: Side camera visual fallback rejected (source=front_left, lidar=3.32m, visual=4.54m > 4.50m)
[state_machine_node-24] [INFO] [1790648714.381209478] [state_machine_node]: Post-open side retreat: lateral=0.98m, moved=0.00/1.10m, yaw_error=19deg, cmd=(0.00, 0.50)
[state_machine_node-24] [INFO] [1790648716.324981450] [state_machine_node]: Post-open side retreat: lateral=0.92m, moved=0.00/1.10m, yaw_error=5deg, cmd=(0.18, 0.07)
[door_detection_node-21] [INFO] [1790648716.887274195] [door_detection_node]: Side camera LiDAR range looks occluded; using visual range instead (source=front_left, lidar=1.35m, visual=2.32m)
[door_detection_node-21] [INFO] [1790648717.817085007] [door_detection_node]: 문 후보 발행: id=door_blue_f985d1, source=front_left, color=blue, dist=5.37m, conf=0.68, bbox=(161,70,186,166), rep_x=173, center_x=173, angle=66.8deg, center_angle=66.8deg, lidar=5.37m, visual=4.88m, goal=(9.14,-1.59), handle=(10.38,-1.72,1.00), handle_obs=False, handle_method=estimated, handle_conf=0.00
[state_machine_node-24] [INFO] [1790648718.246960029] [state_machine_node]: Post-open side retreat: lateral=0.74m, moved=0.13/1.10m, yaw_error=2deg, cmd=(0.18, 0.03)
[door_detection_node-21] [INFO] [1790648719.223623511] [door_detection_node]: Side camera LiDAR range looks occluded; using visual range instead (source=front_left, lidar=1.02m, visual=2.21m)
[state_machine_node-24] [INFO] [1790648720.223523957] [state_machine_node]: Post-open side retreat: lateral=0.55m, moved=0.32/1.10m, yaw_error=1deg, cmd=(0.18, 0.02)
[state_machine_node-24] [INFO] [1790648721.206579760] [state_machine_node]: Post-open side retreat complete: lateral=0.46m <= target=0.48m
[state_machine_node-24] [WARN] [1790648721.243987647] [state_machine_node]: Observed blue cluster (3.7, 1.3) retained for all-blue-door coverage even though it is behind the farthest opened station 5.8m.
[state_machine_node-24] [INFO] [1790648721.249961970] [state_machine_node]: Observed blue cluster at (3.7, 1.3) selected from map memory without a current camera hit; opening will still require live blue confirmation.
[state_machine_node-24] [INFO] [1790648721.266615622] [state_machine_node]: observed blue candidate waiting for closer confirmation: ahead=5.1m > 5.0m.
[state_machine_node-24] [INFO] [1790648721.268667337] [state_machine_node]: 문 접근 목표 보정: observed_blue_3p7_1p3 handle_axis=(3.75, 1.31) goal_axis=(3.75, 0.21) wall_axis=(3.75, 1.31) yaw=90deg
[state_machine_node-24] [INFO] [1790648721.282860221] [state_machine_node]: 문 접근 목표 보정: observed_blue_3p7_1p3 handle_axis=(3.75, 1.31) goal_axis=(3.75, 0.21) wall_axis=(3.75, 1.31) yaw=90deg
[state_machine_node-24] [INFO] [1790648721.308474928] [state_machine_node]: 문 접근 목표 보정: observed_blue_10p7_m2p0 handle_axis=(10.72, -1.97) goal_axis=(10.72, -0.87) wall_axis=(10.72, -1.97) yaw=-90deg
[state_machine_node-24] [INFO] [1790648721.312322389] [state_machine_node]: 문 접근 목표 보정: observed_blue_3p7_1p3 handle_axis=(3.75, 1.31) goal_axis=(3.75, 0.21) wall_axis=(3.75, 1.31) yaw=90deg
[state_machine_node-24] [WARN] [1790648721.317186990] [state_machine_node]: Blue target observed_blue_3p7_1p3 retained for revisit: stable unopened blue memory must be checked before exit even when it is behind the farthest opened station.
[state_machine_node-24] [WARN] [1790648721.318280550] [state_machine_node]: 접근/개방 실패 예산이 남은 파란 문 1개를 새 후보보다 우선 재시도합니다.
[state_machine_node-24] [INFO] [1790648721.324485931] [state_machine_node]: 문 접근 목표 보정: observed_blue_3p7_1p3 handle_axis=(3.75, 1.31) goal_axis=(3.75, 0.21) wall_axis=(3.75, 1.31) yaw=90deg
[state_machine_node-24] [INFO] [1790648721.326248597] [state_machine_node]: 문 접근 목표 보정: observed_blue_3p7_1p3 handle_axis=(3.75, 1.31) goal_axis=(3.75, 0.21) wall_axis=(3.75, 1.31) yaw=90deg
[state_machine_node-24] [INFO] [1790648721.328017022] [state_machine_node]: LiDAR+camera segment map 사전 스캔 시작: observed_blue_3p7_1p3
[door_detection_node-21] [INFO] [1790648721.675247806] [door_detection_node]: 문 후보 발행: id=door_blue_f985d1, source=front_left, color=blue, dist=5.12m, conf=0.65, bbox=(167,68,190,168), rep_x=178, center_x=178, angle=65.6deg, center_angle=65.6deg, lidar=5.11m, visual=4.68m, goal=(8.99,-1.66), handle=(10.24,-1.69,1.00), handle_obs=False, handle_method=estimated, handle_conf=0.00
[state_machine_node-24] [INFO] [1790648722.231812023] [state_machine_node]: 문 접근 목표 보정: observed_blue_3p7_1p3 handle_axis=(3.75, 1.31) goal_axis=(3.75, 0.21) wall_axis=(3.75, 1.31) yaw=90deg
[door_detection_node-21] [INFO] [1790648722.735986674] [door_detection_node]: Side camera LiDAR range looks occluded; using visual range instead (source=front_left, lidar=0.80m, visual=2.06m)
[state_machine_node-24] [INFO] [1790648723.183826877] [state_machine_node]: 문 접근 목표 보정: observed_blue_3p7_1p3 handle_axis=(3.75, 1.31) goal_axis=(3.75, 0.21) wall_axis=(3.75, 1.31) yaw=90deg
[door_detection_node-21] [INFO] [1790648723.656550308] [door_detection_node]: 문 후보 발행: id=door_blue_f985d1, source=front_left, color=blue, dist=5.20m, conf=0.61, bbox=(166,67,189,170), rep_x=177, center_x=177, angle=65.8deg, center_angle=65.8deg, lidar=5.20m, visual=4.54m, goal=(9.12,-1.71), handle=(10.37,-1.72,1.00), handle_obs=True, handle_method=estimated, handle_conf=0.00
[state_machine_node-24] [INFO] [1790648724.121035899] [state_machine_node]: 문 접근 목표 보정: observed_blue_3p7_1p3 handle_axis=(3.75, 1.31) goal_axis=(3.75, 0.21) wall_axis=(3.75, 1.31) yaw=90deg
[state_machine_node-24] [INFO] [1790648724.124690930] [state_machine_node]: 사전 스캔 완료. Nav2가 segment map 기반 경로를 계획합니다: observed_blue_3p7_1p3
[state_machine_node-24] [INFO] [1790648724.143074982] [state_machine_node]: Locked blue target after pre-scan: observed_blue_3p7_1p3 opened=1 retry=0/2
[state_machine_node-24] [INFO] [1790648724.143944920] [state_machine_node]: State: EXPLORING → NAVIGATING
[navigation_node-22] [INFO] [1790648724.146906811] [navigation_node]: Navigation goal received: door observed_blue_3p7_1p3 (color=blue, frame=map, x=3.75, y=0.21)
[bt_navigator-17] [INFO] [1790648724.269299657] [bt_navigator]: Begin navigating from current location (5.64, 0.45) to (3.75, 0.21)
[navigation_node-22] [INFO] [1790648724.271285107] [navigation_node]: Navigation goal accepted by Nav2
[controller_server-13] [INFO] [1790648724.471113972] [controller_server]: Received a goal, begin computing control effort.
[controller_server-13] [INFO] [1790648725.846800690] [controller_server]: Passing new path to controller.
[door_detection_node-21] [INFO] [1790648726.199268822] [door_detection_node]: Side camera LiDAR range looks occluded; using visual range instead (source=front_left, lidar=0.86m, visual=2.03m)
[door_detection_node-21] [INFO] [1790648726.632822027] [door_detection_node]: Side camera visual fallback rejected (source=front_left, lidar=3.27m, visual=4.63m > 4.50m)
[controller_server-13] [INFO] [1790648727.096742243] [controller_server]: Passing new path to controller.
[controller_server-13] [INFO] [1790648728.346735352] [controller_server]: Passing new path to controller.
[controller_server-13] [INFO] [1790648729.597303808] [controller_server]: Passing new path to controller.
[door_detection_node-21] [INFO] [1790648729.790976218] [door_detection_node]: Side camera LiDAR range looks occluded; using visual range instead (source=front_left, lidar=0.78m, visual=2.46m)
[controller_server-13] [INFO] [1790648730.971783547] [controller_server]: Passing new path to controller.
[planner_server-15] [INFO] [1790648732.154156957] [global_costmap.global_costmap]: StaticLayer: Resizing static layer to 306 X 85 at 0.050000 m/pix
[controller_server-13] [INFO] [1790648732.221796139] [controller_server]: Passing new path to controller.
[door_detection_node-21] [INFO] [1790648732.801010043] [door_detection_node]: 문 후보 발행: id=door_blue_7d6448, source=front_right, color=blue, dist=1.61m, conf=0.53, bbox=(270,0,320,240), rep_x=295, center_x=295, angle=-100.0deg, center_angle=-100.0deg, lidar=1.64m, visual=1.95m, goal=(5.56,0.68), handle=(5.23,1.88,1.00), handle_obs=False, handle_method=estimated, handle_conf=0.00
[state_machine_node-24] [INFO] [1790648732.804717357] [state_machine_node]: Blue candidate door_blue_7d6448 ignored: physical/opened door station already handled nearby at (5.23, 1.88).
[controller_server-13] [INFO] [1790648733.471731789] [controller_server]: Passing new path to controller.
[planner_server-15] [INFO] [1790648734.153987419] [global_costmap.global_costmap]: StaticLayer: Resizing static layer to 306 X 85 at 0.050000 m/pix
[door_detection_node-21] [INFO] [1790648734.782483871] [door_detection_node]: 문 후보 발행: id=door_blue_7d6448, source=front_right, color=blue, dist=1.63m, conf=0.50, bbox=(238,0,319,240), rep_x=278, center_x=278, angle=-96.8deg, center_angle=-96.8deg, lidar=1.63m, visual=1.95m, goal=(5.30,0.57), handle=(5.24,1.81,1.00), handle_obs=False, handle_method=estimated, handle_conf=0.00
[controller_server-13] [INFO] [1790648734.846703383] [controller_server]: Passing new path to controller.
[controller_server-13] [INFO] [1790648736.096721397] [controller_server]: Passing new path to controller.
[door_detection_node-21] [INFO] [1790648736.738086566] [door_detection_node]: 문 후보 발행: id=door_blue_7d6448, source=front_right, color=blue, dist=1.68m, conf=0.34, bbox=(239,0,319,240), rep_x=279, center_x=279, angle=-97.0deg, center_angle=-97.0deg, lidar=1.72m, visual=1.95m, goal=(5.14,0.58), handle=(5.23,1.82,1.00), handle_obs=False, handle_method=estimated, handle_conf=0.00
[state_machine_node-24] [INFO] [1790648736.742944511] [state_machine_node]: Blue candidate door_blue_7d6448 ignored: physical/opened door station already handled nearby at (5.23, 1.82).
[controller_server-13] [INFO] [1790648737.471844845] [controller_server]: Passing new path to controller.
[door_detection_node-21] [INFO] [1790648738.670375132] [door_detection_node]: 문 후보 발행: id=door_blue_7d6448, source=front_right, color=blue, dist=1.68m, conf=0.45, bbox=(252,0,319,240), rep_x=285, center_x=285, angle=-98.1deg, center_angle=-98.1deg, lidar=1.68m, visual=1.95m, goal=(5.03,0.56), handle=(5.23,1.79,1.00), handle_obs=False, handle_method=estimated, handle_conf=0.00
[controller_server-13] [INFO] [1790648738.721694189] [controller_server]: Passing new path to controller.
[controller_server-13] [INFO] [1790648739.971980368] [controller_server]: Passing new path to controller.
[door_detection_node-21] [INFO] [1790648740.253315034] [door_detection_node]: YOLO 후보 제외: source=front_right, edge-clipped bbox=(243,0,319,240)
[controller_server-13] [INFO] [1790648741.346723523] [controller_server]: Passing new path to controller.
[controller_server-13] [INFO] [1790648742.471737906] [controller_server]: Passing new path to controller.
[door_detection_node-21] [INFO] [1790648742.639233336] [door_detection_node]: 문 후보 발행: id=door_blue_7d6448, source=front_right, color=blue, dist=1.68m, conf=0.53, bbox=(238,0,319,239), rep_x=278, center_x=278, angle=-96.8deg, center_angle=-96.8deg, lidar=1.65m, visual=1.96m, goal=(4.87,0.55), handle=(5.25,1.74,1.00), handle_obs=False, handle_method=estimated, handle_conf=0.00
[state_machine_node-24] [INFO] [1790648742.643693111] [state_machine_node]: Blue candidate door_blue_7d6448 ignored: physical/opened door station already handled nearby at (5.25, 1.74).
[controller_server-13] [INFO] [1790648743.721701755] [controller_server]: Passing new path to controller.
[controller_server-13] [INFO] [1790648744.971721231] [controller_server]: Passing new path to controller.
[controller_server-13] [INFO] [1790648746.346812313] [controller_server]: Passing new path to controller.
[state_machine_node-24] [INFO] [1790648746.659749153] [state_machine_node]: Nav2 door goal position is near, but yaw is not ready yet: observed_blue_3p7_1p3, dist=0.31m/0.38m, lateral=0.08m/0.24m, yaw_error=94deg.
[controller_server-13] [INFO] [1790648747.596719295] [controller_server]: Passing new path to controller.
[state_machine_node-24] [INFO] [1790648747.614149344] [state_machine_node]: Nav2 goal is close enough for fine door alignment: observed_blue_3p7_1p3, dist=0.24m/0.38m, lateral=0.07m/0.24m, yaw_error=98deg.
[state_machine_node-24] [INFO] [1790648747.615222942] [state_machine_node]: Nav2 goal cancellation requested before door fine alignment.
[navigation_node-22] [INFO] [1790648747.615599458] [navigation_node]: Navigation cancellation requested for manual control handoff.
[state_machine_node-24] [WARN] [1790648747.654121919] [state_machine_node]: Waiting for a fresh door-wall normal before alignment.
[bt_navigator-17] [ERROR] [1790648747.690986115] [bt_navigator_navigate_to_pose_rclcpp_node]: Failed to get result for follow_path in node halt!
[bt_navigator-17] [INFO] [1790648747.691205482] [bt_navigator]: [navigate_to_pose] [ActionServer] Client requested to cancel the goal. Cancelling.
[bt_navigator-17] [INFO] [1790648747.691497877] [bt_navigator]: Goal canceled
[controller_server-13] [INFO] [1790648747.721734205] [controller_server]: Goal was canceled. Stopping the robot.
[controller_server-13] [INFO] [1790648747.721843980] [controller_server]: [follow_path] [ActionServer] Client requested to cancel the goal. Cancelling.
[state_machine_node-24] [WARN] [1790648750.443420160] [state_machine_node]: Waiting for a fresh door-wall normal before alignment.
[state_machine_node-24] [WARN] [1790648753.218897318] [state_machine_node]: Waiting for a fresh door-wall normal before alignment.
[state_machine_node-24] [WARN] [1790648755.943727016] [state_machine_node]: Waiting for a fresh door-wall normal before alignment.
[state_machine_node-24] [INFO] [1790648757.731348219] [state_machine_node]: 문 앞 정렬 재접근: observed_blue_3p7_1p3 (1/2)
[state_machine_node-24] [INFO] [1790648757.733125083] [state_machine_node]: 문 접근 목표 보정: observed_blue_3p7_1p3 handle_axis=(3.75, 1.31) goal_axis=(3.75, 0.21) wall_axis=(3.75, 1.31) yaw=90deg
[navigation_node-22] [INFO] [1790648757.735467245] [navigation_node]: Navigation goal received: door observed_blue_3p7_1p3 (color=blue, frame=map, x=3.75, y=0.21)
[bt_navigator-17] [INFO] [1790648757.856831126] [bt_navigator]: Begin navigating from current location (3.95, 0.31) to (3.75, 0.21)
[navigation_node-22] [INFO] [1790648757.860139625] [navigation_node]: Navigation goal accepted by Nav2
[controller_server-13] [INFO] [1790648758.058509181] [controller_server]: Received a goal, begin computing control effort.
[state_machine_node-24] [INFO] [1790648758.623955323] [state_machine_node]: Nav2 goal is close enough for fine door alignment: observed_blue_3p7_1p3, dist=0.23m/0.38m, lateral=0.08m/0.24m, yaw_error=98deg.
[state_machine_node-24] [INFO] [1790648758.625050353] [state_machine_node]: Nav2 goal cancellation requested before door fine alignment.
[navigation_node-22] [INFO] [1790648758.625186723] [navigation_node]: Navigation cancellation requested for manual control handoff.
[state_machine_node-24] [WARN] [1790648758.663342317] [state_machine_node]: Waiting for a fresh door-wall normal before alignment.
[bt_navigator-17] [ERROR] [1790648758.679311865] [bt_navigator_navigate_to_pose_rclcpp_node]: Failed to get result for follow_path in node halt!
[bt_navigator-17] [INFO] [1790648758.679573141] [bt_navigator]: [navigate_to_pose] [ActionServer] Client requested to cancel the goal. Cancelling.
[bt_navigator-17] [INFO] [1790648758.680023013] [bt_navigator]: Goal canceled
[controller_server-13] [INFO] [1790648758.684095687] [controller_server]: Goal was canceled. Stopping the robot.
[controller_server-13] [INFO] [1790648758.684323438] [controller_server]: [follow_path] [ActionServer] Client requested to cancel the goal. Cancelling.
[state_machine_node-24] [WARN] [1790648761.368370387] [state_machine_node]: Waiting for a fresh door-wall normal before alignment.
[state_machine_node-24] [WARN] [1790648764.007876045] [state_machine_node]: Waiting for a fresh door-wall normal before alignment.
[state_machine_node-24] [WARN] [1790648766.672259639] [state_machine_node]: Waiting for a fresh door-wall normal before alignment.
[state_machine_node-24] [INFO] [1790648768.426800235] [state_machine_node]: 문 앞 정렬 재접근: observed_blue_3p7_1p3 (2/2)
[state_machine_node-24] [INFO] [1790648768.428742778] [state_machine_node]: 문 접근 목표 보정: observed_blue_3p7_1p3 handle_axis=(3.75, 1.31) goal_axis=(3.75, 0.21) wall_axis=(3.75, 1.31) yaw=90deg
[navigation_node-22] [INFO] [1790648768.431005818] [navigation_node]: Navigation goal received: door observed_blue_3p7_1p3 (color=blue, frame=map, x=3.75, y=0.21)
[bt_navigator-17] [INFO] [1790648768.542642563] [bt_navigator]: Begin navigating from current location (3.95, 0.31) to (3.75, 0.21)
[navigation_node-22] [INFO] [1790648768.546488101] [navigation_node]: Navigation goal accepted by Nav2
[controller_server-13] [INFO] [1790648768.743866743] [controller_server]: Received a goal, begin computing control effort.
[state_machine_node-24] [INFO] [1790648769.281606605] [state_machine_node]: Nav2 goal is close enough for fine door alignment: observed_blue_3p7_1p3, dist=0.23m/0.38m, lateral=0.08m/0.24m, yaw_error=98deg.
[state_machine_node-24] [INFO] [1790648769.282183442] [state_machine_node]: Nav2 goal cancellation requested before door fine alignment.
[navigation_node-22] [INFO] [1790648769.284019635] [navigation_node]: Navigation cancellation requested for manual control handoff.
[state_machine_node-24] [WARN] [1790648769.317574378] [state_machine_node]: Waiting for a fresh door-wall normal before alignment.
[bt_navigator-17] [ERROR] [1790648769.363856644] [bt_navigator_navigate_to_pose_rclcpp_node]: Failed to get result for follow_path in node halt!
[bt_navigator-17] [INFO] [1790648769.364050641] [bt_navigator]: [navigate_to_pose] [ActionServer] Client requested to cancel the goal. Cancelling.
[bt_navigator-17] [INFO] [1790648769.364260594] [bt_navigator]: Goal canceled
[controller_server-13] [INFO] [1790648769.370267506] [controller_server]: Goal was canceled. Stopping the robot.
[controller_server-13] [INFO] [1790648769.370389264] [controller_server]: [follow_path] [ActionServer] Client requested to cancel the goal. Cancelling.
[state_machine_node-24] [WARN] [1790648771.924800235] [state_machine_node]: Waiting for a fresh door-wall normal before alignment.
[state_machine_node-24] [WARN] [1790648774.574079005] [state_machine_node]: Waiting for a fresh door-wall normal before alignment.
[state_machine_node-24] [WARN] [1790648777.369460423] [state_machine_node]: Waiting for a fresh door-wall normal before alignment.
[state_machine_node-24] [WARN] [1790648779.179818519] [state_machine_node]: Nav failure [door_not_aligned] → observed_blue_3p7_1p3. 재시도 4/2
[state_machine_node-24] [WARN] [1790648779.182897458] [state_machine_node]: 파란 문 후보 (3.7, 1.3) 문 앞 접근 실패 2/4. projection 기반 좌표가 실제 문과 매칭되지 않아 현재 투영 좌표만 폐기합니다. 누적 문 관측 중심 (3.7, 1.3)으로 복원하고 근접 카메라/LiDAR 재관측 후 다시 접근합니다.
[state_machine_node-24] [WARN] [1790648779.184073618] [state_machine_node]: 접근 재스캔: observed_blue_3p7_1p3. 이번 Nav2 접근 묶음은 실패했지만 물리 문 후보는 아직 포기하지 않고, 새 관측으로 다시 시도합니다.
[state_machine_node-24] [INFO] [1790648779.184845863] [state_machine_node]: State: NAVIGATING → EXPLORING
[state_machine_node-24] [INFO] [1790648780.003408592] [state_machine_node]: Observed blue cluster (3.7, 1.3) is waiting for fresh blue evidence before another approach retry.
[state_machine_node-24] [INFO] [1790648780.028706731] [state_machine_node]: observed blue candidate waiting for closer confirmation: ahead=5.2m > 5.0m.
[state_machine_node-24] [INFO] [1790648780.037979565] [state_machine_node]: 파란 문 후보 없음. 2.0s 동안 정지 스캔 후 관측 기반 waypoint를 계획합니다.
[state_machine_node-24] [INFO] [1790648783.424434084] [state_machine_node]: Observed blue cluster (3.7, 1.3) is waiting for fresh blue evidence before another approach retry.
[state_machine_node-24] [INFO] [1790648783.451132501] [state_machine_node]: observed blue candidate waiting for closer confirmation: ahead=5.2m > 5.0m.
[state_machine_node-24] [INFO] [1790648783.487262132] [state_machine_node]: 문 접근 목표 보정: observed_blue_3p7_1p3 handle_axis=(3.75, 1.31) goal_axis=(3.75, 0.21) wall_axis=(3.75, 1.31) yaw=90deg
[state_machine_node-24] [INFO] [1790648783.507659829] [state_machine_node]: 문 접근 목표 보정: observed_blue_10p7_m2p0 handle_axis=(10.72, -1.97) goal_axis=(10.72, -0.87) wall_axis=(10.72, -1.97) yaw=-90deg
[state_machine_node-24] [WARN] [1790648783.509806596] [state_machine_node]: 탐색 pose 진행축 점프 감지: current=3.95, confirmed=5.76. 뒤쪽 waypoint 생성을 막기 위해 열린 파란문 기준 진행축으로 탐색을 계속합니다.
[state_machine_node-24] [INFO] [1790648783.525400212] [state_machine_node]: 탐색 waypoint 계획 요청: explore_waypoint_6.6_lat+65 progress=6.58, lateral=0.65, map=(6.58, 0.65) | 좌측 차선 선택 | 빨간문 반대쪽 안전 차선에서 다음 파란문 후보를 관찰합니다 | Red door memory observed_red_0 on right; prefer left lane | LiDAR lane clearances: C:y=0.00/clear=2.20, L:y=0.65/clear=3.20, R:y=-0.65/clear=1.78 | 개방 후 미탐색 문 확인을 위해 전진 스캔 간격 0.83m
[state_machine_node-24] [INFO] [1790648783.525932317] [state_machine_node]: State: EXPLORING → EXPLORING_NAVIGATING
[navigation_node-22] [INFO] [1790648783.531970921] [navigation_node]: Navigation goal received: door explore_waypoint_6.6_lat+65 (color=explore, frame=map, x=6.58, y=0.65)
[bt_navigator-17] [INFO] [1790648783.639294879] [bt_navigator]: Begin navigating from current location (3.95, 0.31) to (6.58, 0.65)
[navigation_node-22] [INFO] [1790648783.641714601] [navigation_node]: Navigation goal accepted by Nav2
[controller_server-13] [INFO] [1790648783.840558737] [controller_server]: Received a goal, begin computing control effort.
[controller_server-13] [INFO] [1790648785.216401441] [controller_server]: Passing new path to controller.
[controller_server-13] [INFO] [1790648786.466359184] [controller_server]: Passing new path to controller.
[state_machine_node-24] [INFO] [1790648786.955629778] [state_machine_node]: Observed blue cluster (3.7, 1.3) is waiting for fresh blue evidence before another approach retry.
[state_machine_node-24] [INFO] [1790648786.978882890] [state_machine_node]: observed blue candidate waiting for closer confirmation: ahead=5.3m > 5.0m.
[controller_server-13] [INFO] [1790648787.841383910] [controller_server]: Passing new path to controller.
[controller_server-13] [INFO] [1790648789.091424434] [controller_server]: Passing new path to controller.
[controller_server-13] [INFO] [1790648790.341399969] [controller_server]: Passing new path to controller.
[state_machine_node-24] [INFO] [1790648790.497273463] [state_machine_node]: Observed blue cluster (3.7, 1.3) is waiting for fresh blue evidence before another approach retry.
[state_machine_node-24] [INFO] [1790648790.523797408] [state_machine_node]: observed blue candidate waiting for closer confirmation: ahead=5.3m > 5.0m.
[controller_server-13] [INFO] [1790648791.466387574] [controller_server]: Passing new path to controller.
[controller_server-13] [INFO] [1790648792.716375495] [controller_server]: Passing new path to controller.
[controller_server-13] [INFO] [1790648793.966381639] [controller_server]: Passing new path to controller.
[door_detection_node-21] [INFO] [1790648794.014999017] [door_detection_node]: Front lateral LiDAR range looks too long for the visible door; using visual range (lidar=4.69m, visual=3.63m)
[state_machine_node-24] [INFO] [1790648794.041890851] [state_machine_node]: Observed blue cluster (3.7, 1.3) is waiting for fresh blue evidence before another approach retry.
[state_machine_node-24] [INFO] [1790648794.067434942] [state_machine_node]: observed blue candidate waiting for closer confirmation: ahead=5.3m > 5.0m.
[door_detection_node-21] [INFO] [1790648794.436140965] [door_detection_node]: YOLO 후보 제외: source=front, far small dist=4.86m, conf=0.26, bbox=(15,77,33,160)
[door_detection_node-21] [INFO] [1790648795.047185280] [door_detection_node]: 문 후보 발행: id=door_blue_ff5bd0, source=front_left, color=blue, dist=1.93m, conf=0.66, bbox=(11,0,122,240), rep_x=66, center_x=66, angle=91.9deg, center_angle=91.9deg, lidar=1.93m, visual=1.95m, goal=(4.58,0.88), handle=(5.26,1.94,0.85), handle_obs=True, handle_method=yolo:primary:item, handle_conf=0.68
[state_machine_node-24] [INFO] [1790648795.051958268] [state_machine_node]: Blue candidate door_blue_ff5bd0 ignored: physical/opened door station already handled nearby at (4.86, 1.98).
[controller_server-13] [INFO] [1790648795.341404216] [controller_server]: Passing new path to controller.
[controller_server-13] [INFO] [1790648796.591402312] [controller_server]: Passing new path to controller.
[door_detection_node-21] [INFO] [1790648796.906846365] [door_detection_node]: 문 후보 발행: id=door_blue_23c37f, source=front_left, color=blue, dist=2.01m, conf=0.21, bbox=(92,0,199,240), rep_x=145, center_x=145, angle=73.7deg, center_angle=73.7deg, lidar=1.98m, visual=1.95m, goal=(5.24,0.74), handle=(5.48,1.96,0.85), handle_obs=True, handle_method=yolo:primary:item, handle_conf=0.71
[door_detection_node-21] [INFO] [1790648797.644248945] [door_detection_node]: Front lateral LiDAR range looks too long for the visible door; using visual range (lidar=4.01m, visual=3.10m)
[state_machine_node-24] [INFO] [1790648797.680573103] [state_machine_node]: Observed blue cluster (3.7, 1.3) is waiting for fresh blue evidence before another approach retry.
[state_machine_node-24] [INFO] [1790648797.708944736] [state_machine_node]: observed blue candidate waiting for closer confirmation: ahead=6.4m > 5.0m.
[controller_server-13] [INFO] [1790648797.841411952] [controller_server]: Passing new path to controller.
[door_detection_node-21] [INFO] [1790648798.714507613] [door_detection_node]: 문 후보 발행: id=door_blue_129797, source=front_left, color=blue, dist=1.92m, conf=1.00, bbox=(106,0,218,240), rep_x=162, center_x=162, angle=69.5deg, center_angle=69.5deg, lidar=1.91m, visual=1.95m, goal=(5.54,0.74), handle=(5.58,1.99,0.85), handle_obs=True, handle_method=yolo:primary:item, handle_conf=0.78
[state_machine_node-24] [INFO] [1790648798.718527576] [state_machine_node]: Blue candidate door_blue_129797 ignored: physical/opened door station already handled nearby at (5.12, 1.91).
[controller_server-13] [INFO] [1790648799.216397265] [controller_server]: Passing new path to controller.
[door_detection_node-21] [INFO] [1790648799.476423965] [door_detection_node]: YOLO 후보 제외: source=front, far small dist=5.09m, conf=0.25, bbox=(228,73,246,165)
[controller_server-13] [INFO] [1790648800.466375366] [controller_server]: Passing new path to controller.
[state_machine_node-24] [WARN] [1790648801.312540644] [state_machine_node]: 파란 문 후보 (3.7, 1.3) 포기: fresh blue 재관측 없이 retry 대기시간이 반복 만료됐습니다. 불안정/실패 후보로 보고 다음 관찰을 계속합니다.
[state_machine_node-24] [INFO] [1790648801.338912945] [state_machine_node]: observed blue candidate waiting for closer confirmation: ahead=5.9m > 5.0m.
[door_detection_node-21] [INFO] [1790648801.724379165] [door_detection_node]: 문 후보 발행: id=door_blue_f1f068, source=front_left, color=blue, dist=1.76m, conf=1.00, bbox=(57,0,188,240), rep_x=122, center_x=122, angle=79.2deg, center_angle=79.2deg, lidar=1.81m, visual=1.95m, goal=(5.51,0.61), handle=(5.47,1.86,0.85), handle_obs=True, handle_method=yolo:primary:item, handle_conf=0.75
[state_machine_node-24] [INFO] [1790648801.727567848] [state_machine_node]: Blue candidate door_blue_f1f068 ignored: physical/opened door station already handled nearby at (5.09, 1.86).
[controller_server-13] [INFO] [1790648801.841430594] [controller_server]: Passing new path to controller.
[door_detection_node-21] [INFO] [1790648802.098339658] [door_detection_node]: Side camera LiDAR range looks occluded; using visual range instead (source=front_right, lidar=1.37m, visual=2.52m)
[controller_server-13] [INFO] [1790648803.091407858] [controller_server]: Passing new path to controller.
[state_machine_node-24] [INFO] [1790648804.049196049] [state_machine_node]: Observed blue cluster at (9.2, -1.3) selected from map memory without a current camera hit; opening will still require live blue confirmation.
[state_machine_node-24] [INFO] [1790648804.068429087] [state_machine_node]: 탐색 중 파란 문 후보 평가: observed_blue_9p2_m1p3:p=9.19,lat=-1.28,d=4.3m,conf=0.48
[state_machine_node-24] [INFO] [1790648804.070763616] [state_machine_node]: 문 접근 목표 보정: observed_blue_9p2_m1p3 handle_axis=(9.19, -1.28) goal_axis=(9.19, -0.18) wall_axis=(9.19, -1.28) yaw=-90deg
[state_machine_node-24] [INFO] [1790648804.071583378] [state_machine_node]: 탐색 waypoint 이동 중 파란 문 확인: observed_blue_9p2_m1p3. 현재 waypoint를 취소하고 문 접근으로 즉시 전환합니다.
[state_machine_node-24] [INFO] [1790648804.072407842] [state_machine_node]: State: EXPLORING_NAVIGATING → NAVIGATING
[navigation_node-22] [INFO] [1790648804.075118860] [navigation_node]: Navigation goal received: door observed_blue_9p2_m1p3 (color=blue, frame=map, x=9.19, y=-0.18)
[navigation_node-22] [WARN] [1790648804.076083581] [navigation_node]: Already navigating. Preempting current goal without an explicit stop before retargeting to: observed_blue_9p2_m1p3
[navigation_node-22] [WARN] [1790648804.150731673] [navigation_node]: Adjusted unreachable/occupied navigation goal from (9.19, -0.18, cost=99) to connected free cell (9.73, -0.42, cost=0)
[planner_server-15] [INFO] [1790648804.154106506] [global_costmap.global_costmap]: StaticLayer: Resizing static layer to 306 X 86 at 0.050000 m/pix
[navigation_node-22] [INFO] [1790648804.211642565] [navigation_node]: Navigation goal accepted by Nav2
[bt_navigator-17] [INFO] [1790648804.239866167] [bt_navigator]: Received goal preemption request
[bt_navigator-17] [INFO] [1790648804.240510716] [bt_navigator]: Begin navigating from current location (5.17, 0.16) to (9.73, -0.42)
[controller_server-13] [INFO] [1790648804.341415899] [controller_server]: Passing new path to controller.
[door_detection_node-21] [INFO] [1790648804.786994136] [door_detection_node]: 문 후보 발행: id=door_blue_f1f068, source=front_left, color=blue, dist=1.68m, conf=1.00, bbox=(76,0,214,240), rep_x=145, center_x=145, angle=73.7deg, center_angle=73.7deg, lidar=1.66m, visual=1.95m, goal=(5.86,0.68), handle=(5.46,1.86,0.84), handle_obs=True, handle_method=yolo:primary:item, handle_conf=0.76
[state_machine_node-24] [INFO] [1790648804.790287363] [state_machine_node]: Blue candidate door_blue_f1f068 ignored: physical/opened door station already handled nearby at (5.10, 1.84).
[state_machine_node-24] [WARN] [1790648804.935517898] [state_machine_node]: Fine alignment blocked by costmap: occupied, inscribed, unknown or out-of-map approach segment; retaining Nav2/reobservation.
[door_detection_node-21] [INFO] [1790648805.099830344] [door_detection_node]: Side camera LiDAR range looks occluded; using visual range instead (source=front_right, lidar=0.95m, visual=2.63m)
[controller_server-13] [INFO] [1790648805.716369124] [controller_server]: Passing new path to controller.
[state_machine_node-24] [INFO] [1790648805.856601374] [state_machine_node]: 문 접근 목표 보정: door_blue_3bca56 handle_axis=(8.58, -1.03) goal_axis=(8.58, 0.07) wall_axis=(8.58, -1.03) yaw=-90deg
[state_machine_node-24] [INFO] [1790648805.871905913] [state_machine_node]: 문 접근 목표 보정: door_blue_3bca56 handle_axis=(8.58, -1.03) goal_axis=(8.58, 0.07) wall_axis=(8.58, -1.03) yaw=-90deg
[state_machine_node-24] [WARN] [1790648805.872679033] [state_machine_node]: Locked blue target refined from newer observation: observed_blue_9p2_m1p3 -> observed_blue_9p2_m1p3, goal shift=0.66m, identity=(9.19,-1.28) -> (8.58,-1.03)
[navigation_node-22] [INFO] [1790648805.874455900] [navigation_node]: Navigation goal received: door observed_blue_9p2_m1p3 (color=blue, frame=map, x=8.58, y=0.07)
[navigation_node-22] [WARN] [1790648805.875388563] [navigation_node]: Already navigating. Preempting current goal without an explicit stop before retargeting to: observed_blue_9p2_m1p3
[navigation_node-22] [WARN] [1790648805.951023692] [navigation_node]: Adjusted unreachable/occupied navigation goal from (8.58, 0.07, cost=69) to connected free cell (8.58, 0.28, cost=0)
[navigation_node-22] [INFO] [1790648806.014587958] [navigation_node]: Navigation goal accepted by Nav2
[bt_navigator-17] [INFO] [1790648806.039657037] [bt_navigator]: Received goal preemption request
[bt_navigator-17] [INFO] [1790648806.040082642] [bt_navigator]: Begin navigating from current location (5.31, 0.19) to (8.58, 0.28)
[door_detection_node-21] [INFO] [1790648806.519114819] [door_detection_node]: 문 후보 발행: id=door_blue_129797, source=front_left, color=blue, dist=1.66m, conf=1.00, bbox=(93,0,236,240), rep_x=164, center_x=164, angle=69.0deg, center_angle=69.0deg, lidar=1.59m, visual=1.95m, goal=(6.07,0.82), handle=(5.52,1.94,0.83), handle_obs=True, handle_method=yolo:primary:item, handle_conf=0.75
[controller_server-13] [INFO] [1790648806.966377863] [controller_server]: Passing new path to controller.
[door_detection_node-21] [INFO] [1790648807.318433588] [door_detection_node]: Side camera LiDAR range looks too long for the visible door; using visual range (source=front_right, lidar=6.43m, visual=4.46m)
[state_machine_node-24] [INFO] [1790648807.769747976] [state_machine_node]: 문 접근 목표 보정: door_blue_851b46 handle_axis=(9.48, -1.45) goal_axis=(9.48, -0.35) wall_axis=(9.48, -1.45) yaw=-90deg
[state_machine_node-24] [INFO] [1790648807.771213142] [state_machine_node]: 문 접근 목표 보정: door_blue_851b46 handle_axis=(9.48, -1.45) goal_axis=(9.48, -0.35) wall_axis=(9.48, -1.45) yaw=-90deg
[state_machine_node-24] [INFO] [1790648807.773792479] [state_machine_node]: Locked blue target refine skipped: door_blue_851b46 would move the manipulation handle/parking station too far from the locked observed target (handle_progress_jump=0.91/0.90m, handle_xy_jump=1.00/0.90m).
[controller_server-13] [INFO] [1790648808.341413179] [controller_server]: Passing new path to controller.
[door_detection_node-21] [INFO] [1790648808.392170114] [door_detection_node]: 문 후보 발행: id=door_blue_f1f068, source=front_left, color=blue, dist=1.58m, conf=1.00, bbox=(80,0,225,240), rep_x=152, center_x=152, angle=72.0deg, center_angle=72.0deg, lidar=1.55m, visual=1.95m, goal=(6.04,0.78), handle=(5.49,1.90,0.83), handle_obs=True, handle_method=yolo:primary:item, handle_conf=0.74
[state_machine_node-24] [INFO] [1790648808.397108632] [state_machine_node]: Blue candidate door_blue_f1f068 ignored: physical/opened door station already handled nearby at (5.14, 1.79).
[door_detection_node-21] [INFO] [1790648808.805784241] [door_detection_node]: Side camera LiDAR range looks occluded; using visual range instead (source=front_right, lidar=0.92m, visual=2.50m)
[controller_server-13] [INFO] [1790648809.466377553] [controller_server]: Passing new path to controller.
[state_machine_node-24] [INFO] [1790648809.633050248] [state_machine_node]: 문 접근 목표 보정: door_blue_851b46 handle_axis=(10.20, -1.82) goal_axis=(10.20, -0.72) wall_axis=(10.20, -1.82) yaw=-90deg
[state_machine_node-24] [INFO] [1790648809.635582132] [state_machine_node]: Locked blue target refine skipped: door_blue_851b46 progress jump 1.63m > 1.05m
[door_detection_node-21] [INFO] [1790648810.228500942] [door_detection_node]: 문 후보 발행: id=door_blue_ff5bd0, source=front_left, color=blue, dist=1.47m, conf=1.00, bbox=(0,0,159,240), rep_x=79, center_x=79, angle=89.1deg, center_angle=89.1deg, lidar=1.48m, visual=1.95m, goal=(5.87,0.62), handle=(5.44,1.79,0.84), handle_obs=True, handle_method=yolo:primary:item, handle_conf=0.73
[controller_server-13] [INFO] [1790648810.841408318] [controller_server]: Passing new path to controller.
[state_machine_node-24] [INFO] [1790648811.527238952] [state_machine_node]: 문 접근 목표 보정: door_blue_851b46 handle_axis=(10.23, -1.84) goal_axis=(10.23, -0.74) wall_axis=(10.23, -1.84) yaw=-90deg
[door_detection_node-21] [INFO] [1790648812.078577522] [door_detection_node]: 문 후보 발행: id=door_blue_ff5bd0, source=front_left, color=blue, dist=1.43m, conf=1.00, bbox=(0,0,78,240), rep_x=39, center_x=39, angle=97.3deg, center_angle=97.3deg, lidar=1.38m, visual=1.95m, goal=(5.77,0.54), handle=(5.48,1.76,0.84), handle_obs=True, handle_method=yolo:primary:item, handle_conf=0.70
[state_machine_node-24] [INFO] [1790648812.081255930] [state_machine_node]: Blue candidate door_blue_ff5bd0 ignored: physical/opened door station already handled nearby at (5.42, 1.74).
[controller_server-13] [INFO] [1790648812.091410614] [controller_server]: Passing new path to controller.
[planner_server-15] [INFO] [1790648812.154099049] [global_costmap.global_costmap]: StaticLayer: Resizing static layer to 307 X 86 at 0.050000 m/pix
[door_detection_node-21] [INFO] [1790648812.885886704] [door_detection_node]: YOLO 후보 제외: source=front_right, edge-clipped bbox=(1,55,33,181)
[planner_server-15] [INFO] [1790648813.154139340] [global_costmap.global_costmap]: StaticLayer: Resizing static layer to 312 X 86 at 0.050000 m/pix
[controller_server-13] [INFO] [1790648813.341741117] [controller_server]: Passing new path to controller.
[door_detection_node-21] [INFO] [1790648813.766522430] [door_detection_node]: 문 후보 발행: id=door_blue_ff5bd0, source=front_left, color=blue, dist=1.42m, conf=0.46, bbox=(0,132,34,240), rep_x=17, center_x=17, angle=101.4deg, center_angle=101.4deg, lidar=1.45m, visual=4.33m, goal=(5.82,0.53), handle=(5.49,1.73,1.00), handle_obs=False, handle_method=estimated, handle_conf=0.00
[planner_server-15] [INFO] [1790648814.153980773] [global_costmap.global_costmap]: StaticLayer: Resizing static layer to 313 X 86 at 0.050000 m/pix
[controller_server-13] [INFO] [1790648814.716373213] [controller_server]: Passing new path to controller.
[planner_server-15] [INFO] [1790648815.154104085] [global_costmap.global_costmap]: StaticLayer: Resizing static layer to 316 X 86 at 0.050000 m/pix
[door_detection_node-21] [INFO] [1790648815.377457597] [door_detection_node]: 문 후보 발행: id=door_blue_851b46, source=front_right, color=blue, dist=4.50m, conf=0.60, bbox=(36,56,68,180), rep_x=52, center_x=52, angle=-45.2deg, center_angle=-45.2deg, lidar=4.50m, visual=3.77m, goal=(9.83,-0.50), handle=(10.17,-1.70,1.00), handle_obs=True, handle_method=estimated, handle_conf=0.00
[state_machine_node-24] [INFO] [1790648815.385502701] [state_machine_node]: 문 접근 목표 보정: door_blue_851b46 handle_axis=(10.17, -1.70) goal_axis=(10.17, -0.60) wall_axis=(10.17, -1.70) yaw=-90deg
[state_machine_node-24] [INFO] [1790648815.388153960] [state_machine_node]: Locked blue target refine skipped: door_blue_851b46 progress jump 1.59m > 1.05m
[controller_server-13] [INFO] [1790648815.966408379] [controller_server]: Passing new path to controller.
[planner_server-15] [INFO] [1790648816.153984804] [global_costmap.global_costmap]: StaticLayer: Resizing static layer to 319 X 86 at 0.050000 m/pix
[door_detection_node-21] [INFO] [1790648816.590358184] [door_detection_node]: Side camera LiDAR range looks occluded; using visual range instead (source=front_right, lidar=2.62m, visual=3.57m)
[door_detection_node-21] [INFO] [1790648816.612076121] [door_detection_node]: YOLO 후보 제외: source=front_right, edge-clipped bbox=(0,52,32,183)
[planner_server-15] [INFO] [1790648817.154073536] [global_costmap.global_costmap]: StaticLayer: Resizing static layer to 321 X 86 at 0.050000 m/pix
[controller_server-13] [INFO] [1790648817.341427515] [controller_server]: Passing new path to controller.
[planner_server-15] [INFO] [1790648818.154062473] [global_costmap.global_costmap]: StaticLayer: Resizing static layer to 325 X 86 at 0.050000 m/pix
[controller_server-13] [INFO] [1790648818.591380277] [controller_server]: Passing new path to controller.
[planner_server-15] [INFO] [1790648819.153981740] [global_costmap.global_costmap]: StaticLayer: Resizing static layer to 328 X 86 at 0.050000 m/pix
[door_detection_node-21] [INFO] [1790648819.353199143] [door_detection_node]: 문 후보 발행: id=door_blue_d2a340, source=front, color=blue, dist=4.14m, conf=0.43, bbox=(299,54,320,167), rep_x=309, center_x=309, angle=-32.5deg, center_angle=-32.5deg, lidar=2.15m, visual=4.14m, goal=(10.31,-0.43), handle=(10.29,-1.68,1.00), handle_obs=True, handle_method=estimated, handle_conf=0.00
[state_machine_node-24] [INFO] [1790648819.360350297] [state_machine_node]: 문 접근 목표 보정: door_blue_d2a340 handle_axis=(10.29, -1.68) goal_axis=(10.29, -0.58) wall_axis=(10.29, -1.68) yaw=-90deg
[state_machine_node-24] [INFO] [1790648819.361077326] [state_machine_node]: Locked blue target refine skipped: door_blue_d2a340 progress jump 1.72m > 1.05m
[controller_server-13] [INFO] [1790648819.841396012] [controller_server]: Passing new path to controller.
[planner_server-15] [INFO] [1790648820.154143992] [global_costmap.global_costmap]: StaticLayer: Resizing static layer to 332 X 86 at 0.050000 m/pix
[controller_server-13] [INFO] [1790648821.216442755] [controller_server]: Passing new path to controller.
[planner_server-15] [INFO] [1790648822.153963788] [global_costmap.global_costmap]: StaticLayer: Resizing static layer to 338 X 86 at 0.050000 m/pix
[controller_server-13] [INFO] [1790648822.466402106] [controller_server]: Passing new path to controller.
[planner_server-15] [INFO] [1790648823.154112103] [global_costmap.global_costmap]: StaticLayer: Resizing static layer to 339 X 86 at 0.050000 m/pix
[controller_server-13] [INFO] [1790648823.841437782] [controller_server]: Passing new path to controller.
[door_detection_node-21] [INFO] [1790648823.915743373] [door_detection_node]: YOLO 후보 제외: source=front, far small dist=7.85m, conf=0.21, bbox=(204,90,218,148)
[planner_server-15] [INFO] [1790648824.154115642] [global_costmap.global_costmap]: StaticLayer: Resizing static layer to 341 X 86 at 0.050000 m/pix
[controller_server-13] [INFO] [1790648825.092355046] [controller_server]: Passing new path to controller.
[planner_server-15] [INFO] [1790648825.154024787] [global_costmap.global_costmap]: StaticLayer: Resizing static layer to 344 X 86 at 0.050000 m/pix
[door_detection_node-21] [INFO] [1790648825.808108485] [door_detection_node]: YOLO 후보 제외: source=front, edge-clipped bbox=(289,36,320,192)
[controller_server-13] [INFO] [1790648826.341436055] [controller_server]: Passing new path to controller.
[controller_server-13] [INFO] [1790648827.716391509] [controller_server]: Passing new path to controller.
[planner_server-15] [INFO] [1790648828.153990752] [global_costmap.global_costmap]: StaticLayer: Resizing static layer to 348 X 86 at 0.050000 m/pix
[controller_server-13] [INFO] [1790648828.966452871] [controller_server]: Passing new path to controller.
[planner_server-15] [INFO] [1790648829.154127874] [global_costmap.global_costmap]: StaticLayer: Resizing static layer to 350 X 86 at 0.050000 m/pix
[door_detection_node-21] [INFO] [1790648829.524984415] [door_detection_node]: YOLO 후보 제외: source=front, edge-clipped bbox=(269,20,320,225)
[planner_server-15] [INFO] [1790648830.153979920] [global_costmap.global_costmap]: StaticLayer: Resizing static layer to 351 X 86 at 0.050000 m/pix
[controller_server-13] [INFO] [1790648830.341402715] [controller_server]: Passing new path to controller.
[planner_server-15] [INFO] [1790648831.154077885] [global_costmap.global_costmap]: StaticLayer: Resizing static layer to 352 X 86 at 0.050000 m/pix
[controller_server-13] [INFO] [1790648831.591450812] [controller_server]: Passing new path to controller.
[planner_server-15] [INFO] [1790648832.153972423] [global_costmap.global_costmap]: StaticLayer: Resizing static layer to 353 X 86 at 0.050000 m/pix
[controller_server-13] [INFO] [1790648832.841378362] [controller_server]: Passing new path to controller.
[door_detection_node-21] [INFO] [1790648833.593623231] [door_detection_node]: 문 후보 발행: id=door_blue_435954, source=front, color=blue, dist=2.32m, conf=0.39, bbox=(243,18,308,220), rep_x=275, center_x=275, angle=-26.2deg, center_angle=-26.2deg, lidar=1.13m, visual=2.32m, goal=(10.36,-0.13), handle=(9.88,-1.29,1.00), handle_obs=True, handle_method=estimated, handle_conf=0.00
[state_machine_node-24] [INFO] [1790648833.601454522] [state_machine_node]: 문 접근 목표 보정: door_blue_435954 handle_axis=(9.88, -1.29) goal_axis=(9.88, -0.19) wall_axis=(9.88, -1.29) yaw=-90deg
[state_machine_node-24] [INFO] [1790648833.602596067] [state_machine_node]: Locked blue target refine skipped: door_blue_435954 progress jump 1.30m > 1.05m
[controller_server-13] [INFO] [1790648834.091474513] [controller_server]: Passing new path to controller.
[planner_server-15] [INFO] [1790648834.154027976] [global_costmap.global_costmap]: StaticLayer: Resizing static layer to 355 X 86 at 0.050000 m/pix
[controller_server-13] [INFO] [1790648835.341400458] [controller_server]: Passing new path to controller.
[door_detection_node-21] [INFO] [1790648835.823450128] [door_detection_node]: 문 후보 발행: id=door_blue_1bb940, source=front, color=blue, dist=2.45m, conf=0.44, bbox=(205,21,268,212), rep_x=236, center_x=236, angle=-18.0deg, center_angle=-18.0deg, lidar=1.10m, visual=2.45m, goal=(10.61,-0.33), handle=(9.96,-1.40,1.00), handle_obs=True, handle_method=estimated, handle_conf=0.00
[state_machine_node-24] [INFO] [1790648835.832530047] [state_machine_node]: 문 접근 목표 보정: door_blue_1bb940 handle_axis=(9.96, -1.40) goal_axis=(9.96, -0.30) wall_axis=(9.96, -1.40) yaw=-90deg
[state_machine_node-24] [INFO] [1790648835.833462272] [state_machine_node]: Locked blue target refine skipped: door_blue_1bb940 progress jump 1.39m > 1.05m
[controller_server-13] [INFO] [1790648836.716477659] [controller_server]: Passing new path to controller.
[controller_server-13] [INFO] [1790648837.966388641] [controller_server]: Passing new path to controller.
[door_detection_node-21] [INFO] [1790648838.121641415] [door_detection_node]: 문 후보 발행: id=door_blue_1bb940, source=front, color=blue, dist=2.57m, conf=0.51, bbox=(177,27,234,209), rep_x=205, center_x=205, angle=-10.9deg, center_angle=-10.9deg, lidar=1.09m, visual=2.57m, goal=(10.86,-0.53), handle=(10.08,-1.51,1.00), handle_obs=True, handle_method=estimated, handle_conf=0.00
[state_machine_node-24] [INFO] [1790648838.126808531] [state_machine_node]: Observed blue cluster id mapping for observed_blue_9p2_m1p3 ignored: mapped cluster drifted away from the current wall/handle target.
[controller_server-13] [INFO] [1790648839.341873637] [controller_server]: Passing new path to controller.
[door_detection_node-21] [INFO] [1790648840.229431184] [door_detection_node]: 문 후보 발행: id=door_blue_1bb940, source=front, color=blue, dist=2.64m, conf=0.73, bbox=(157,30,212,207), rep_x=184, center_x=184, angle=-5.9deg, center_angle=-5.9deg, lidar=1.10m, visual=2.64m, goal=(9.18,-0.41), handle=(10.19,-1.52,1.00), handle_obs=True, handle_method=estimated, handle_conf=0.00
[controller_server-13] [INFO] [1790648840.591385508] [controller_server]: Passing new path to controller.
[controller_server-13] [INFO] [1790648841.841387161] [controller_server]: Passing new path to controller.
[planner_server-15] [INFO] [1790648842.154144458] [global_costmap.global_costmap]: StaticLayer: Resizing static layer to 356 X 86 at 0.050000 m/pix
[door_detection_node-21] [INFO] [1790648842.473775906] [door_detection_node]: 문 후보 발행: id=door_blue_1bb940, source=front, color=blue, dist=2.59m, conf=0.31, bbox=(151,28,206,209), rep_x=178, center_x=178, angle=-4.4deg, center_angle=-4.4deg, lidar=1.14m, visual=2.59m, goal=(9.16,-0.39), handle=(10.16,-1.51,1.00), handle_obs=True, handle_method=estimated, handle_conf=0.00
[state_machine_node-24] [INFO] [1790648842.478833684] [state_machine_node]: Observed blue cluster id mapping for observed_blue_9p2_m1p3 ignored: mapped cluster drifted away from the current wall/handle target.
[controller_server-13] [INFO] [1790648843.091389257] [controller_server]: Passing new path to controller.
[state_machine_node-24] [INFO] [1790648843.249547391] [state_machine_node]: Nav2 door goal position is near, but yaw is not ready yet: observed_blue_9p2_m1p3, dist=0.38m/0.38m, lateral=-0.15m/0.24m, yaw_error=47deg.
[state_machine_node-24] [INFO] [1790648844.194452497] [state_machine_node]: Nav2 goal is close enough for fine door alignment: observed_blue_9p2_m1p3, dist=0.38m/0.38m, lateral=-0.14m/0.24m, yaw_error=1deg.
[state_machine_node-24] [INFO] [1790648844.195479788] [state_machine_node]: Nav2 goal cancellation requested before door fine alignment.
[navigation_node-22] [INFO] [1790648844.197644551] [navigation_node]: Navigation cancellation requested for manual control handoff.
[state_machine_node-24] [INFO] [1790648844.243152087] [state_machine_node]: Fine door approach started: observed_blue_9p2_m1p3, dist=0.38m, lateral=-0.14m, forward=0.35m, yaw_error=1deg
[state_machine_node-24] [INFO] [1790648844.244442321] [state_machine_node]: Fine door parking translation: observed_blue_9p2_m1p3, dist=0.38m/0.17m, heading_error=21deg, cmd=(0.07, -0.14)
[bt_navigator-17] [ERROR] [1790648844.260650299] [bt_navigator_navigate_to_pose_rclcpp_node]: Failed to get result for follow_path in node halt!
[bt_navigator-17] [INFO] [1790648844.261037364] [bt_navigator]: [navigate_to_pose] [ActionServer] Client requested to cancel the goal. Cancelling.
[bt_navigator-17] [INFO] [1790648844.261666222] [bt_navigator]: Goal canceled
[controller_server-13] [INFO] [1790648844.341516273] [controller_server]: Goal was canceled. Stopping the robot.
[controller_server-13] [INFO] [1790648844.341666543] [controller_server]: [follow_path] [ActionServer] Client requested to cancel the goal. Cancelling.
[door_detection_node-21] [INFO] [1790648844.708480268] [door_detection_node]: 문 후보 발행: id=door_blue_1bb940, source=front, color=blue, dist=2.57m, conf=0.51, bbox=(147,26,204,208), rep_x=175, center_x=175, angle=-3.7deg, center_angle=-3.7deg, lidar=1.06m, visual=2.57m, goal=(9.14,-0.38), handle=(10.14,-1.49,1.00), handle_obs=True, handle_method=estimated, handle_conf=0.00
[state_machine_node-24] [INFO] [1790648844.714457420] [state_machine_node]: 문 접근 목표 보정: door_blue_1bb940 handle_axis=(10.14, -1.49) goal_axis=(10.14, -0.39) wall_axis=(10.14, -1.49) yaw=-90deg
[state_machine_node-24] [INFO] [1790648844.721640771] [state_machine_node]: 문 접근 목표 보정: door_blue_1bb940 handle_axis=(10.14, -1.49) goal_axis=(10.14, -0.39) wall_axis=(10.14, -1.49) yaw=-90deg
[state_machine_node-24] [INFO] [1790648844.743428049] [state_machine_node]: Locked blue target refine skipped: door_blue_1bb940 progress jump 1.57m > 1.05m
[door_detection_node-21] [INFO] [1790648844.745689462] [door_detection_node]: YOLO 후보 제외: source=front, far small dist=6.96m, conf=0.21, bbox=(34,82,51,155)
[state_machine_node-24] [WARN] [1790648845.130147532] [state_machine_node]: Waiting for a fresh door-wall normal before alignment.
[state_machine_node-24] [INFO] [1790648846.051931519] [state_machine_node]: Fine door parking translation: observed_blue_9p2_m1p3, dist=0.35m/0.17m, heading_error=23deg, cmd=(0.07, -0.14)
[door_detection_node-21] [INFO] [1790648846.639027771] [door_detection_node]: 문 후보 발행: id=door_blue_1bb940, source=front, color=blue, dist=2.57m, conf=0.31, bbox=(135,27,192,209), rep_x=163, center_x=163, angle=-0.7deg, center_angle=-0.7deg, lidar=1.04m, visual=2.57m, goal=(9.18,-0.39), handle=(10.88,-1.84,0.83), handle_obs=True, handle_method=yolo:primary:item, handle_conf=0.25
[state_machine_node-24] [INFO] [1790648846.643959030] [state_machine_node]: Observed blue cluster id mapping for observed_blue_9p2_m1p3 ignored: mapped cluster drifted away from the current wall/handle target.
[state_machine_node-24] [INFO] [1790648846.645238267] [state_machine_node]: 문 접근 목표 보정: door_blue_1bb940 handle_axis=(10.88, -1.84) goal_axis=(10.88, -0.74) wall_axis=(10.88, -1.84) yaw=-90deg
[state_machine_node-24] [INFO] [1790648846.652318208] [state_machine_node]: 문 접근 목표 보정: door_blue_1bb940 handle_axis=(10.88, -1.84) goal_axis=(10.88, -0.74) wall_axis=(10.88, -1.84) yaw=-90deg
[state_machine_node-24] [WARN] [1790648847.898666281] [state_machine_node]: Waiting for a fresh door-wall normal before alignment.
[state_machine_node-24] [INFO] [1790648848.835178792] [state_machine_node]: Fine door parking translation: observed_blue_9p2_m1p3, dist=0.31m/0.17m, heading_error=23deg, cmd=(0.07, -0.14)
[door_detection_node-21] [INFO] [1790648850.584901613] [door_detection_node]: 문 후보 발행: id=door_blue_e61c9a, source=front, color=blue, dist=2.52m, conf=0.30, bbox=(115,24,173,210), rep_x=144, center_x=144, angle=3.9deg, center_angle=3.9deg, lidar=0.96m, visual=2.52m, goal=(9.17,-0.41), handle=(10.16,-1.54,1.00), handle_obs=True, handle_method=estimated, handle_conf=0.00
[state_machine_node-24] [INFO] [1790648850.590390489] [state_machine_node]: Observed blue cluster id mapping for observed_blue_9p2_m1p3 ignored: mapped cluster drifted away from the current wall/handle target.
[state_machine_node-24] [INFO] [1790648850.592318499] [state_machine_node]: 문 접근 목표 보정: door_blue_e61c9a handle_axis=(10.16, -1.54) goal_axis=(10.16, -0.44) wall_axis=(10.16, -1.54) yaw=-90deg
[state_machine_node-24] [INFO] [1790648850.599218023] [state_machine_node]: 문 접근 목표 보정: door_blue_e61c9a handle_axis=(10.16, -1.54) goal_axis=(10.16, -0.44) wall_axis=(10.16, -1.54) yaw=-90deg
[state_machine_node-24] [INFO] [1790648850.600007630] [state_machine_node]: Locked blue target refine skipped: door_blue_e61c9a progress jump 1.59m > 1.05m
[state_machine_node-24] [INFO] [1790648850.697458592] [state_machine_node]: Fine door parking translation: observed_blue_9p2_m1p3, dist=0.27m/0.17m, heading_error=26deg, cmd=(0.07, -0.14)
[state_machine_node-24] [INFO] [1790648851.654433972] [state_machine_node]: Fine door parking translation: observed_blue_9p2_m1p3, dist=0.25m/0.17m, heading_error=21deg, cmd=(0.07, -0.14)
[cmd_vel_safety_node-6] [WARN] [1790648851.655417588] [cmd_vel_safety_node]: LiDAR collision stop: front=0.44m
[door_detection_node-21] [INFO] [1790648852.527198212] [door_detection_node]: 문 후보 발행: id=door_blue_e61c9a, source=front, color=blue, dist=2.48m, conf=0.63, bbox=(98,23,158,212), rep_x=128, center_x=128, angle=7.8deg, center_angle=7.8deg, lidar=0.91m, visual=2.48m, goal=(9.17,-0.41), handle=(9.21,-0.34,0.87), handle_obs=True, handle_method=yolo:primary:item, handle_conf=0.34
[state_machine_node-24] [INFO] [1790648852.545406884] [state_machine_node]: Direct blue target door_blue_e61c9a will use stable wall-memory handle at (10.1, -1.5); progress_gap=0.11m, dist=0.11m, count=13, conf=0.73.
[state_machine_node-24] [INFO] [1790648852.546348980] [state_machine_node]: 문 접근 목표 보정: door_blue_e61c9a handle_axis=(10.07, -1.49) goal_axis=(10.07, -0.39) wall_axis=(10.07, -1.49) yaw=-90deg
[state_machine_node-24] [INFO] [1790648852.565435704] [state_machine_node]: 문 접근 목표 보정: door_blue_e61c9a handle_axis=(10.07, -1.49) goal_axis=(10.07, -0.39) wall_axis=(10.07, -1.49) yaw=-90deg
[state_machine_node-24] [INFO] [1790648852.594670390] [state_machine_node]: 문 접근 목표 보정: door_blue_e61c9a handle_axis=(10.07, -1.49) goal_axis=(10.07, -0.39) wall_axis=(10.07, -1.49) yaw=-90deg
[state_machine_node-24] [INFO] [1790648852.598385862] [state_machine_node]: Nav2 goal cancellation requested before close-range door station correction backoff.
[state_machine_node-24] [WARN] [1790648852.599278890] [state_machine_node]: Close door-front observation moved observed_blue_9p2_m1p3 by 1.57m; returning to Nav2 before final alignment.
[state_machine_node-24] [WARN] [1790648852.600363134] [state_machine_node]: Locked blue target refined from newer observation: observed_blue_9p2_m1p3 -> observed_blue_9p2_m1p3, goal shift=1.57m, identity=(8.58,-1.03) -> (10.18,-1.52)
[state_machine_node-24] [INFO] [1790648852.607115926] [state_machine_node]: Close-station correction backoff: observed_blue_9p2_m1p3, cmd_x=-0.08
[state_machine_node-24] [INFO] [1790648853.479507670] [state_machine_node]: Close-station correction backoff: observed_blue_9p2_m1p3, cmd_x=-0.08
[state_machine_node-24] [INFO] [1790648854.444622328] [state_machine_node]: Close-station correction backoff: observed_blue_9p2_m1p3, cmd_x=-0.08
[door_detection_node-21] [INFO] [1790648854.705360883] [door_detection_node]: 문 후보 발행: id=door_blue_e61c9a, source=front, color=blue, dist=2.56m, conf=0.69, bbox=(92,26,148,209), rep_x=120, center_x=120, angle=9.7deg, center_angle=9.7deg, lidar=0.98m, visual=2.56m, goal=(9.94,-2.54), handle=(10.99,-1.85,0.83), handle_obs=True, handle_method=yolo:primary:item, handle_conf=0.25
[state_machine_node-24] [INFO] [1790648855.410985498] [state_machine_node]: Close-station correction backoff: observed_blue_9p2_m1p3, cmd_x=-0.08
[door_detection_node-21] [INFO] [1790648856.013285674] [door_detection_node]: YOLO 후보 제외: source=front_left, far small dist=7.11m, conf=0.21, bbox=(296,81,311,161)
[state_machine_node-24] [INFO] [1790648856.358625529] [state_machine_node]: Door navigation backoff complete; replanning to observed_blue_9p2_m1p3.
[navigation_node-22] [INFO] [1790648856.363083090] [navigation_node]: Navigation goal received: door observed_blue_9p2_m1p3 (color=blue, frame=map, x=10.07, y=-0.39)
[bt_navigator-17] [INFO] [1790648856.495240877] [bt_navigator]: Begin navigating from current location (8.46, 0.45) to (10.07, -0.39)
[navigation_node-22] [INFO] [1790648856.498179905] [navigation_node]: Navigation goal accepted by Nav2
[controller_server-13] [INFO] [1790648856.696536132] [controller_server]: Received a goal, begin computing control effort.
[door_detection_node-21] [INFO] [1790648856.889831743] [door_detection_node]: 문 후보 발행: id=door_blue_e61c9a, source=front, color=blue, dist=2.64m, conf=0.76, bbox=(93,29,149,206), rep_x=121, center_x=121, angle=9.5deg, center_angle=9.5deg, lidar=1.12m, visual=2.64m, goal=(9.22,-2.19), handle=(10.26,-1.49,1.00), handle_obs=True, handle_method=estimated, handle_conf=0.00
[state_machine_node-24] [INFO] [1790648856.897592342] [state_machine_node]: 문 접근 목표 보정: door_blue_e61c9a handle_axis=(10.26, -1.49) goal_axis=(10.26, -0.39) wall_axis=(10.26, -1.49) yaw=-90deg
[state_machine_node-24] [INFO] [1790648856.900920195] [state_machine_node]: 문 접근 목표 보정: door_blue_e61c9a handle_axis=(10.26, -1.49) goal_axis=(10.26, -0.39) wall_axis=(10.26, -1.49) yaw=-90deg
[state_machine_node-24] [WARN] [1790648856.902276216] [state_machine_node]: Locked blue target refined from newer observation: observed_blue_9p2_m1p3 -> observed_blue_9p2_m1p3, goal shift=0.18m, identity=(10.18,-1.52) -> (10.26,-1.49)
[navigation_node-22] [INFO] [1790648856.904394349] [navigation_node]: Navigation goal received: door observed_blue_9p2_m1p3 (color=blue, frame=map, x=10.26, y=-0.39)
[navigation_node-22] [INFO] [1790648856.904938176] [navigation_node]: Ignoring duplicate navigation target for active door: observed_blue_9p2_m1p3
[controller_server-13] [INFO] [1790648858.072080121] [controller_server]: Passing new path to controller.
[door_detection_node-21] [INFO] [1790648858.196733276] [door_detection_node]: YOLO 후보 제외: source=front_left, far small dist=7.19m, conf=0.21, bbox=(296,79,314,161)
[controller_server-13] [INFO] [1790648859.197004892] [controller_server]: Passing new path to controller.
[controller_server-13] [INFO] [1790648860.447386885] [controller_server]: Passing new path to controller.
[controller_server-13] [WARN] [1790648860.587015758] [controller_server]: Control loop missed its desired rate of 8.0000Hz
[door_detection_node-21] [INFO] [1790648860.735718766] [door_detection_node]: 문 후보 발행: id=door_blue_1bb940, source=front, color=blue, dist=3.25m, conf=0.40, bbox=(173,23,232,213), rep_x=202, center_x=202, angle=-10.2deg, center_angle=-10.2deg, lidar=3.59m, visual=2.46m, goal=(11.54,-0.66), handle=(10.89,-1.73,1.00), handle_obs=True, handle_method=estimated, handle_conf=0.00
[state_machine_node-24] [INFO] [1790648860.743930041] [state_machine_node]: 문 접근 목표 보정: door_blue_1bb940 handle_axis=(10.89, -1.73) goal_axis=(10.89, -0.63) wall_axis=(10.89, -1.73) yaw=-90deg
[state_machine_node-24] [INFO] [1790648860.745614375] [state_machine_node]: 문 접근 목표 보정: door_blue_1bb940 handle_axis=(10.89, -1.73) goal_axis=(10.89, -0.63) wall_axis=(10.89, -1.73) yaw=-90deg
[state_machine_node-24] [WARN] [1790648860.748079715] [state_machine_node]: Locked blue target refined from newer observation: observed_blue_9p2_m1p3 -> observed_blue_9p2_m1p3, goal shift=0.67m, identity=(10.26,-1.49) -> (10.89,-1.73)
[navigation_node-22] [INFO] [1790648860.750444845] [navigation_node]: Navigation goal received: door observed_blue_9p2_m1p3 (color=blue, frame=map, x=10.89, y=-0.63)
[navigation_node-22] [WARN] [1790648860.751298616] [navigation_node]: Already navigating. Preempting current goal without an explicit stop before retargeting to: observed_blue_9p2_m1p3
[navigation_node-22] [INFO] [1790648860.875540484] [navigation_node]: Navigation goal accepted by Nav2
[bt_navigator-17] [INFO] [1790648860.895590728] [bt_navigator]: Received goal preemption request
[bt_navigator-17] [INFO] [1790648860.897244737] [bt_navigator]: Begin navigating from current location (8.55, 0.38) to (10.89, -0.63)
[planner_server-15] [INFO] [1790648861.154160405] [global_costmap.global_costmap]: StaticLayer: Resizing static layer to 358 X 86 at 0.050000 m/pix
[controller_server-13] [INFO] [1790648861.697065037] [controller_server]: Passing new path to controller.
[controller_server-13] [INFO] [1790648862.947069277] [controller_server]: Passing new path to controller.
[planner_server-15] [INFO] [1790648863.154088759] [global_costmap.global_costmap]: StaticLayer: Resizing static layer to 361 X 86 at 0.050000 m/pix
[door_detection_node-21] [INFO] [1790648863.367795275] [door_detection_node]: 문 후보 발행: id=door_blue_eae160, source=front_right, color=blue, dist=3.00m, conf=1.00, bbox=(59,14,127,222), rep_x=93, center_x=93, angle=-54.0deg, center_angle=-54.0deg, lidar=3.28m, visual=2.25m, goal=(11.39,-1.02), handle=(11.50,-2.26,0.83), handle_obs=True, handle_method=yolo:primary:item, handle_conf=0.79
[state_machine_node-24] [INFO] [1790648863.377813924] [state_machine_node]: 문 접근 목표 보정: door_blue_eae160 handle_axis=(11.50, -2.26) goal_axis=(11.50, -1.16) wall_axis=(11.50, -2.26) yaw=-90deg
[state_machine_node-24] [INFO] [1790648863.381150743] [state_machine_node]: 문 접근 목표 보정: door_blue_eae160 handle_axis=(11.50, -2.26) goal_axis=(11.50, -1.16) wall_axis=(11.50, -2.26) yaw=-90deg
[door_detection_node-21] [INFO] [1790648864.153686402] [door_detection_node]: Front lateral LiDAR range looks too long for the visible door; using visual range (lidar=6.99m, visual=5.20m)
[planner_server-15] [INFO] [1790648864.154107110] [global_costmap.global_costmap]: StaticLayer: Resizing static layer to 371 X 86 at 0.050000 m/pix
[controller_server-13] [INFO] [1790648864.197054150] [controller_server]: Passing new path to controller.
[planner_server-15] [INFO] [1790648865.154120800] [global_costmap.global_costmap]: StaticLayer: Resizing static layer to 372 X 86 at 0.050000 m/pix
[door_detection_node-21] [INFO] [1790648865.372359255] [door_detection_node]: 문 후보 발행: id=door_blue_eae160, source=front_right, color=blue, dist=2.70m, conf=0.32, bbox=(114,10,188,225), rep_x=151, center_x=151, angle=-67.8deg, center_angle=-67.8deg, lidar=2.74m, visual=2.18m, goal=(10.72,-0.83), handle=(10.96,-2.05,0.84), handle_obs=True, handle_method=yolo:primary:item, handle_conf=0.78
[state_machine_node-24] [INFO] [1790648865.381749557] [state_machine_node]: 문 접근 목표 보정: door_blue_eae160 handle_axis=(10.96, -2.05) goal_axis=(10.96, -0.95) wall_axis=(10.96, -2.05) yaw=-90deg
[state_machine_node-24] [INFO] [1790648865.384559212] [state_machine_node]: 문 접근 목표 보정: door_blue_eae160 handle_axis=(10.96, -2.05) goal_axis=(10.96, -0.95) wall_axis=(10.96, -2.05) yaw=-90deg
[state_machine_node-24] [WARN] [1790648865.387034133] [state_machine_node]: Locked blue target refined from newer observation: observed_blue_9p2_m1p3 -> observed_blue_9p2_m1p3, goal shift=0.33m, identity=(10.89,-1.73) -> (10.55,-1.98)
[navigation_node-22] [INFO] [1790648865.388938021] [navigation_node]: Navigation goal received: door observed_blue_9p2_m1p3 (color=blue, frame=map, x=10.96, y=-0.95)
[navigation_node-22] [WARN] [1790648865.389684854] [navigation_node]: Already navigating. Preempting current goal without an explicit stop before retargeting to: observed_blue_9p2_m1p3
[navigation_node-22] [INFO] [1790648865.520491259] [navigation_node]: Navigation goal accepted by Nav2
[controller_server-13] [INFO] [1790648865.572032089] [controller_server]: Passing new path to controller.
[bt_navigator-17] [INFO] [1790648865.595621603] [bt_navigator]: Received goal preemption request
[bt_navigator-17] [INFO] [1790648865.596279581] [bt_navigator]: Begin navigating from current location (9.17, 0.31) to (10.96, -0.95)
[planner_server-15] [INFO] [1790648866.153993007] [global_costmap.global_costmap]: StaticLayer: Resizing static layer to 375 X 86 at 0.050000 m/pix
[controller_server-13] [INFO] [1790648866.822091939] [controller_server]: Passing new path to controller.
[door_detection_node-21] [INFO] [1790648866.963914965] [door_detection_node]: 문 후보 발행: id=door_blue_b9d464, source=front_right, color=blue, dist=2.63m, conf=1.00, bbox=(141,7,217,228), rep_x=179, center_x=179, angle=-74.6deg, center_angle=-74.6deg, lidar=2.56m, visual=2.12m, goal=(10.55,-0.68), handle=(10.85,-1.89,0.84), handle_obs=True, handle_method=yolo:primary:item, handle_conf=0.77
[state_machine_node-24] [INFO] [1790648866.974812006] [state_machine_node]: 문 접근 목표 보정: door_blue_b9d464 handle_axis=(10.85, -1.89) goal_axis=(10.85, -0.79) wall_axis=(10.85, -1.89) yaw=-90deg
[state_machine_node-24] [INFO] [1790648866.977941736] [state_machine_node]: 문 접근 목표 보정: door_blue_b9d464 handle_axis=(10.85, -1.89) goal_axis=(10.85, -0.79) wall_axis=(10.85, -1.89) yaw=-90deg
[planner_server-15] [INFO] [1790648868.154051542] [global_costmap.global_costmap]: StaticLayer: Resizing static layer to 379 X 86 at 0.050000 m/pix
[controller_server-13] [INFO] [1790648868.197221425] [controller_server]: Passing new path to controller.
[door_detection_node-21] [INFO] [1790648868.668862864] [door_detection_node]: 문 후보 발행: id=door_blue_eae160, source=front_right, color=blue, dist=2.57m, conf=0.23, bbox=(100,3,187,227), rep_x=143, center_x=143, angle=-65.8deg, center_angle=-65.8deg, lidar=2.44m, visual=2.09m, goal=(10.81,-0.62), handle=(10.85,-1.87,0.84), handle_obs=True, handle_method=yolo:primary:item, handle_conf=0.73
[state_machine_node-24] [INFO] [1790648868.679162756] [state_machine_node]: 문 접근 목표 보정: door_blue_eae160 handle_axis=(10.85, -1.87) goal_axis=(10.85, -0.77) wall_axis=(10.85, -1.87) yaw=-90deg
[state_machine_node-24] [INFO] [1790648868.682295294] [state_machine_node]: 문 접근 목표 보정: door_blue_eae160 handle_axis=(10.85, -1.87) goal_axis=(10.85, -0.77) wall_axis=(10.85, -1.87) yaw=-90deg
[state_machine_node-24] [WARN] [1790648868.683332463] [state_machine_node]: Locked blue target refined from newer observation: observed_blue_9p2_m1p3 -> observed_blue_9p2_m1p3, goal shift=0.22m, identity=(10.55,-1.98) -> (10.58,-1.95)
[navigation_node-22] [INFO] [1790648868.689955322] [navigation_node]: Navigation goal received: door observed_blue_9p2_m1p3 (color=blue, frame=map, x=10.85, y=-0.77)
[navigation_node-22] [INFO] [1790648868.690903607] [navigation_node]: Ignoring duplicate navigation target for active door: observed_blue_9p2_m1p3
[planner_server-15] [INFO] [1790648869.154001400] [global_costmap.global_costmap]: StaticLayer: Resizing static layer to 380 X 86 at 0.050000 m/pix
[door_detection_node-21] [INFO] [1790648869.393639839] [door_detection_node]: YOLO 후보 제외: source=front, far small dist=5.17m, conf=0.23, bbox=(216,81,230,158)
[controller_server-13] [INFO] [1790648869.447065153] [controller_server]: Passing new path to controller.
[planner_server-15] [INFO] [1790648870.154101395] [global_costmap.global_costmap]: StaticLayer: Resizing static layer to 383 X 86 at 0.050000 m/pix
[door_detection_node-21] [INFO] [1790648870.547984323] [door_detection_node]: 문 후보 발행: id=door_blue_3bca56, source=front_right, color=blue, dist=2.50m, conf=0.50, bbox=(26,0,128,234), rep_x=77, center_x=77, angle=-50.5deg, center_angle=-50.5deg, lidar=2.45m, visual=2.00m, goal=(11.26,-0.67), handle=(10.87,-1.85,0.85), handle_obs=True, handle_method=yolo:primary:item, handle_conf=0.82
[state_machine_node-24] [INFO] [1790648870.558403300] [state_machine_node]: 문 접근 목표 보정: door_blue_3bca56 handle_axis=(10.87, -1.85) goal_axis=(10.87, -0.75) wall_axis=(10.87, -1.85) yaw=-90deg
[state_machine_node-24] [INFO] [1790648870.562416800] [state_machine_node]: 문 접근 목표 보정: door_blue_3bca56 handle_axis=(10.87, -1.85) goal_axis=(10.87, -0.75) wall_axis=(10.87, -1.85) yaw=-90deg
[controller_server-13] [INFO] [1790648870.697032915] [controller_server]: Passing new path to controller.
[door_detection_node-21] [INFO] [1790648871.562926012] [door_detection_node]: Side camera LiDAR range looks too long for the visible door; using visual range (source=front_left, lidar=5.45m, visual=3.52m)
[controller_server-13] [INFO] [1790648872.072064695] [controller_server]: Passing new path to controller.
[door_detection_node-21] [INFO] [1790648872.554169157] [door_detection_node]: Side camera LiDAR range looks occluded; using visual range instead (source=front_right, lidar=1.13m, visual=2.46m)
[controller_server-13] [INFO] [1790648873.322041512] [controller_server]: Passing new path to controller.
[door_detection_node-21] [INFO] [1790648873.339314428] [door_detection_node]: 문 후보 발행: id=door_blue_3bca56, source=front_right, color=blue, dist=2.17m, conf=1.00, bbox=(0,0,73,240), rep_x=36, center_x=36, angle=-42.1deg, center_angle=-42.1deg, lidar=2.06m, visual=1.95m, goal=(11.13,-0.84), handle=(10.39,-1.85,1.00), handle_obs=False, handle_method=estimated, handle_conf=0.00
[door_detection_node-21] [INFO] [1790648874.250614714] [door_detection_node]: Side camera visual fallback rejected (source=front_left, lidar=2.05m, visual=6.50m > 4.50m)
[controller_server-13] [INFO] [1790648874.447105887] [controller_server]: Passing new path to controller.
[planner_server-15] [INFO] [1790648875.154117017] [global_costmap.global_costmap]: StaticLayer: Resizing static layer to 386 X 86 at 0.050000 m/pix
[door_detection_node-21] [INFO] [1790648875.570672196] [door_detection_node]: 문 후보 발행: id=door_blue_0214b9, source=front_right, color=blue, dist=1.92m, conf=1.00, bbox=(0,0,51,240), rep_x=25, center_x=25, angle=-40.0deg, center_angle=-40.0deg, lidar=1.93m, visual=1.95m, goal=(11.24,-0.92), handle=(10.36,-1.81,1.00), handle_obs=False, handle_method=estimated, handle_conf=0.00
[controller_server-13] [INFO] [1790648875.697008268] [controller_server]: Passing new path to controller.
[planner_server-15] [INFO] [1790648876.154098509] [global_costmap.global_costmap]: StaticLayer: Resizing static layer to 392 X 87 at 0.050000 m/pix
[door_detection_node-21] [INFO] [1790648876.198831602] [door_detection_node]: Side camera LiDAR range looks occluded; using visual range instead (source=front_left, lidar=1.82m, visual=3.44m)
[controller_server-13] [INFO] [1790648877.072092247] [controller_server]: Passing new path to controller.
[planner_server-15] [INFO] [1790648877.153995219] [global_costmap.global_costmap]: StaticLayer: Resizing static layer to 395 X 87 at 0.050000 m/pix
[door_detection_node-21] [INFO] [1790648877.887810256] [door_detection_node]: 문 후보 발행: id=door_blue_0214b9, source=front_right, color=blue, dist=1.66m, conf=1.00, bbox=(0,0,41,240), rep_x=20, center_x=20, angle=-39.1deg, center_angle=-39.1deg, lidar=1.69m, visual=1.95m, goal=(11.33,-1.02), handle=(10.34,-1.78,1.00), handle_obs=False, handle_method=estimated, handle_conf=0.00
[planner_server-15] [INFO] [1790648878.160590217] [global_costmap.global_costmap]: StaticLayer: Resizing static layer to 397 X 87 at 0.050000 m/pix
[controller_server-13] [INFO] [1790648878.322096851] [controller_server]: Passing new path to controller.
[door_detection_node-21] [INFO] [1790648878.414665738] [door_detection_node]: Side camera LiDAR range looks occluded; using visual range instead (source=front_left, lidar=1.71m, visual=3.47m)
[door_detection_node-21] [INFO] [1790648878.889390249] [door_detection_node]: YOLO 후보 제외: source=front_left, far small dist=8.27m, conf=0.25, bbox=(141,83,157,154)
[controller_server-13] [INFO] [1790648879.697055748] [controller_server]: Passing new path to controller.
[planner_server-15] [INFO] [1790648880.153995827] [global_costmap.global_costmap]: StaticLayer: Resizing static layer to 401 X 87 at 0.050000 m/pix
[door_detection_node-21] [INFO] [1790648880.231587472] [door_detection_node]: 문 후보 발행: id=door_blue_0214b9, source=front_right, color=blue, dist=1.43m, conf=1.00, bbox=(0,0,56,240), rep_x=28, center_x=28, angle=-40.6deg, center_angle=-40.6deg, lidar=1.39m, visual=1.95m, goal=(11.44,-1.09), handle=(10.39,-1.77,1.00), handle_obs=False, handle_method=estimated, handle_conf=0.00
[door_detection_node-21] [INFO] [1790648880.749015512] [door_detection_node]: Side camera LiDAR range looks occluded; using visual range instead (source=front_left, lidar=1.77m, visual=3.37m)
[state_machine_node-24] [INFO] [1790648880.914217655] [state_machine_node]: Nav2 goal is close enough for fine door alignment: observed_blue_9p2_m1p3, dist=0.26m/0.38m, lateral=-0.01m/0.24m, yaw_error=33deg.
[state_machine_node-24] [INFO] [1790648880.915779398] [state_machine_node]: Nav2 goal cancellation requested before door fine alignment.
[navigation_node-22] [INFO] [1790648880.915873498] [navigation_node]: Navigation cancellation requested for manual control handoff.
[controller_server-13] [INFO] [1790648880.947050344] [controller_server]: Passing new path to controller.
[state_machine_node-24] [INFO] [1790648880.991599095] [state_machine_node]: Fine door approach started: observed_blue_9p2_m1p3, dist=0.26m, lateral=-0.01m, forward=0.26m, yaw_error=33deg
[state_machine_node-24] [INFO] [1790648880.992969614] [state_machine_node]: Fine door parking translation: observed_blue_9p2_m1p3, dist=0.26m/0.17m, heading_error=1deg, cmd=(0.07, -0.02)
[bt_navigator-17] [ERROR] [1790648881.016640649] [bt_navigator_navigate_to_pose_rclcpp_node]: Failed to get result for follow_path in node halt!
[bt_navigator-17] [INFO] [1790648881.016884235] [bt_navigator]: [navigate_to_pose] [ActionServer] Client requested to cancel the goal. Cancelling.
[bt_navigator-17] [INFO] [1790648881.017401492] [bt_navigator]: Goal canceled
[controller_server-13] [INFO] [1790648881.072090424] [controller_server]: Goal was canceled. Stopping the robot.
[controller_server-13] [INFO] [1790648881.072408972] [controller_server]: [follow_path] [ActionServer] Client requested to cancel the goal. Cancelling.
[state_machine_node-24] [INFO] [1790648881.909223887] [state_machine_node]: Fine door parking translation: observed_blue_9p2_m1p3, dist=0.21m/0.17m, heading_error=4deg, cmd=(0.07, -0.05)
[planner_server-15] [INFO] [1790648882.154030482] [global_costmap.global_costmap]: StaticLayer: Resizing static layer to 407 X 87 at 0.050000 m/pix
[door_detection_node-21] [INFO] [1790648882.850136096] [door_detection_node]: 문 후보 발행: id=door_blue_0214b9, source=front_right, color=blue, dist=1.30m, conf=1.00, bbox=(0,0,91,240), rep_x=45, center_x=45, angle=-43.8deg, center_angle=-43.8deg, lidar=1.28m, visual=1.95m, goal=(11.54,-1.18), handle=(10.49,-1.85,1.00), handle_obs=False, handle_method=estimated, handle_conf=0.00
[state_machine_node-24] [INFO] [1790648882.869190894] [state_machine_node]: Fine door final yaw alignment: observed_blue_9p2_m1p3, dist=0.17m/0.17m, yaw_error=35deg, cmd=(0.00, -0.25)
[door_detection_node-21] [INFO] [1790648883.343606495] [door_detection_node]: YOLO 후보 제외: source=front_left, far small dist=7.30m, conf=0.49, bbox=(106,82,124,156)
[door_detection_node-21] [INFO] [1790648883.362411520] [door_detection_node]: Side camera LiDAR range looks occluded; using visual range instead (source=front_left, lidar=1.85m, visual=3.30m)
[state_machine_node-24] [WARN] [1790648883.804070746] [state_machine_node]: Waiting for a fresh door-wall normal before alignment.
[planner_server-15] [INFO] [1790648884.154069827] [global_costmap.global_costmap]: StaticLayer: Resizing static layer to 408 X 87 at 0.050000 m/pix
[door_detection_node-21] [INFO] [1790648885.392423684] [door_detection_node]: 문 후보 발행: id=door_blue_0214b9, source=front_right, color=blue, dist=1.29m, conf=1.00, bbox=(0,0,69,240), rep_x=34, center_x=34, angle=-41.7deg, center_angle=-41.7deg, lidar=1.25m, visual=1.95m, goal=(11.53,-1.31), handle=(10.41,-1.86,1.00), handle_obs=False, handle_method=estimated, handle_conf=0.00
[door_detection_node-21] [INFO] [1790648885.852744256] [door_detection_node]: YOLO 후보 제외: source=front_left, far small dist=7.07m, conf=0.48, bbox=(85,83,104,156)
[state_machine_node-24] [WARN] [1790648886.651847539] [state_machine_node]: Waiting for a fresh door-wall normal before alignment.
[door_detection_node-21] [INFO] [1790648887.283374532] [door_detection_node]: 문 후보 발행: id=door_blue_0214b9, source=front_right, color=blue, dist=1.29m, conf=1.00, bbox=(0,0,69,240), rep_x=34, center_x=34, angle=-41.7deg, center_angle=-41.7deg, lidar=1.23m, visual=1.95m, goal=(11.53,-1.31), handle=(10.41,-1.86,1.00), handle_obs=False, handle_method=estimated, handle_conf=0.00
[state_machine_node-24] [INFO] [1790648888.383860729] [state_machine_node]: 문 접근 목표 보정: door_blue_a1761d handle_axis=(10.95, -1.91) goal_axis=(10.95, -0.81) wall_axis=(10.95, -1.91) yaw=-90deg
[state_machine_node-24] [INFO] [1790648888.389414316] [state_machine_node]: 문 접근 목표 보정: door_blue_a1761d handle_axis=(10.95, -1.91) goal_axis=(10.95, -0.81) wall_axis=(10.95, -1.91) yaw=-90deg
[state_machine_node-24] [INFO] [1790648888.414427274] [state_machine_node]: 문 접근 목표 보정: door_blue_a1761d handle_axis=(10.95, -1.91) goal_axis=(10.95, -0.81) wall_axis=(10.95, -1.91) yaw=-90deg
[state_machine_node-24] [WARN] [1790648889.426669046] [state_machine_node]: Waiting for a fresh door-wall normal before alignment.
[door_detection_node-21] [INFO] [1790648889.832393998] [door_detection_node]: 문 후보 발행: id=door_blue_0214b9, source=front_right, color=blue, dist=1.30m, conf=1.00, bbox=(0,0,69,240), rep_x=34, center_x=34, angle=-41.7deg, center_angle=-41.7deg, lidar=1.24m, visual=1.95m, goal=(11.53,-1.32), handle=(10.40,-1.87,1.00), handle_obs=False, handle_method=estimated, handle_conf=0.00
[state_machine_node-24] [INFO] [1790648890.499117186] [state_machine_node]: 문 접근 목표 보정: door_blue_a1761d handle_axis=(10.94, -1.89) goal_axis=(10.94, -0.79) wall_axis=(10.94, -1.89) yaw=-90deg
[state_machine_node-24] [INFO] [1790648890.504683755] [state_machine_node]: 문 접근 목표 보정: door_blue_a1761d handle_axis=(10.94, -1.89) goal_axis=(10.94, -0.79) wall_axis=(10.94, -1.89) yaw=-90deg
[state_machine_node-24] [INFO] [1790648890.531216318] [state_machine_node]: 문 접근 목표 보정: door_blue_a1761d handle_axis=(10.94, -1.89) goal_axis=(10.94, -0.79) wall_axis=(10.94, -1.89) yaw=-90deg
[door_detection_node-21] [INFO] [1790648891.095087724] [door_detection_node]: YOLO 후보 제외: source=front_left, far small dist=7.13m, conf=0.48, bbox=(85,83,104,156)
[door_detection_node-21] [INFO] [1790648891.710980201] [door_detection_node]: 문 후보 발행: id=door_blue_a1761d, source=front, color=blue, dist=1.23m, conf=1.00, bbox=(212,0,320,240), rep_x=266, center_x=266, angle=-24.4deg, center_angle=-24.4deg, lidar=1.30m, visual=1.95m, goal=(12.06,-1.31), handle=(10.94,-1.86,0.85), handle_obs=True, handle_method=yolo:primary:item, handle_conf=0.79
[state_machine_node-24] [INFO] [1790648891.718117031] [state_machine_node]: 문 접근 목표 보정: door_blue_a1761d handle_axis=(10.94, -1.86) goal_axis=(10.94, -0.76) wall_axis=(10.94, -1.86) yaw=-90deg
[state_machine_node-24] [INFO] [1790648891.723920412] [state_machine_node]: 문 접근 목표 보정: door_blue_a1761d handle_axis=(10.94, -1.86) goal_axis=(10.94, -0.76) wall_axis=(10.94, -1.86) yaw=-90deg
[state_machine_node-24] [INFO] [1790648891.749556983] [state_machine_node]: 문 접근 목표 보정: door_blue_a1761d handle_axis=(10.94, -1.86) goal_axis=(10.94, -0.76) wall_axis=(10.94, -1.86) yaw=-90deg
[state_machine_node-24] [WARN] [1790648892.211609820] [state_machine_node]: Waiting for a fresh door-wall normal before alignment.
[door_detection_node-21] [INFO] [1790648893.249196492] [door_detection_node]: 문 후보 발행: id=door_blue_0214b9, source=front_right, color=blue, dist=1.24m, conf=1.00, bbox=(0,0,69,240), rep_x=34, center_x=34, angle=-41.7deg, center_angle=-41.7deg, lidar=1.26m, visual=1.95m, goal=(11.54,-1.26), handle=(10.42,-1.81,1.00), handle_obs=False, handle_method=estimated, handle_conf=0.00
[state_machine_node-24] [INFO] [1790648893.852360717] [state_machine_node]: 문 접근 목표 보정: door_blue_a1761d handle_axis=(10.94, -1.90) goal_axis=(10.94, -0.80) wall_axis=(10.94, -1.90) yaw=-90deg
[state_machine_node-24] [INFO] [1790648893.857795495] [state_machine_node]: 문 접근 목표 보정: door_blue_a1761d handle_axis=(10.94, -1.90) goal_axis=(10.94, -0.80) wall_axis=(10.94, -1.90) yaw=-90deg
[state_machine_node-24] [INFO] [1790648893.879226802] [state_machine_node]: 문 접근 목표 보정: door_blue_a1761d handle_axis=(10.94, -1.90) goal_axis=(10.94, -0.80) wall_axis=(10.94, -1.90) yaw=-90deg
[state_machine_node-24] [INFO] [1790648894.079355045] [state_machine_node]: Fine door final yaw alignment: observed_blue_9p2_m1p3, dist=0.17m/0.17m, yaw_error=32deg, cmd=(0.00, -0.25)
[door_detection_node-21] [INFO] [1790648894.986642444] [door_detection_node]: 문 후보 발행: id=door_blue_0214b9, source=front_right, color=blue, dist=1.27m, conf=1.00, bbox=(0,0,69,240), rep_x=34, center_x=34, angle=-41.7deg, center_angle=-41.7deg, lidar=1.25m, visual=1.95m, goal=(11.53,-1.29), handle=(10.41,-1.84,1.00), handle_obs=False, handle_method=estimated, handle_conf=0.00
[state_machine_node-24] [INFO] [1790648895.057265338] [state_machine_node]: Fine door final yaw alignment: observed_blue_9p2_m1p3, dist=0.16m/0.17m, yaw_error=26deg, cmd=(0.00, -0.25)
[door_detection_node-21] [INFO] [1790648895.458185308] [door_detection_node]: YOLO 후보 제외: source=front_left, far small dist=7.36m, conf=0.54, bbox=(61,81,80,158)
[state_machine_node-24] [INFO] [1790648896.048935483] [state_machine_node]: Fine door final yaw alignment: observed_blue_9p2_m1p3, dist=0.16m/0.17m, yaw_error=21deg, cmd=(0.00, -0.25)
[state_machine_node-24] [INFO] [1790648896.096862474] [state_machine_node]: 문 접근 목표 보정: door_blue_a1761d handle_axis=(10.95, -1.89) goal_axis=(10.95, -0.79) wall_axis=(10.95, -1.89) yaw=-90deg
[state_machine_node-24] [INFO] [1790648896.103656676] [state_machine_node]: 문 접근 목표 보정: door_blue_a1761d handle_axis=(10.95, -1.89) goal_axis=(10.95, -0.79) wall_axis=(10.95, -1.89) yaw=-90deg
[state_machine_node-24] [INFO] [1790648896.143748664] [state_machine_node]: 문 접근 목표 보정: door_blue_a1761d handle_axis=(10.95, -1.89) goal_axis=(10.95, -0.79) wall_axis=(10.95, -1.89) yaw=-90deg
[state_machine_node-24] [INFO] [1790648897.129298038] [state_machine_node]: Fine door final yaw alignment: observed_blue_9p2_m1p3, dist=0.16m/0.17m, yaw_error=14deg, cmd=(0.00, -0.18)
[door_detection_node-21] [INFO] [1790648897.595054833] [door_detection_node]: Side camera LiDAR range looks too long for the visible door; using visual range (source=front_left, lidar=7.12m, visual=5.20m)
[door_detection_node-21] [INFO] [1790648898.079698692] [door_detection_node]: 문 후보 발행: id=door_blue_00d3e2, source=front_left, color=blue, dist=5.20m, conf=0.28, bbox=(0,75,25,165), rep_x=12, center_x=12, angle=102.3deg, center_angle=102.3deg, lidar=8.30m, visual=5.20m, goal=(14.38,1.09), handle=(15.61,1.29,1.00), handle_obs=False, handle_method=estimated, handle_conf=0.00
[state_machine_node-24] [INFO] [1790648898.202819122] [state_machine_node]: Fine door final yaw alignment: observed_blue_9p2_m1p3, dist=0.16m/0.17m, yaw_error=12deg, cmd=(0.00, -0.16)
[state_machine_node-24] [INFO] [1790648899.210253407] [state_machine_node]: Fine door final yaw alignment: observed_blue_9p2_m1p3, dist=0.14m/0.17m, yaw_error=7deg, cmd=(0.00, -0.10)
[door_detection_node-21] [INFO] [1790648900.222156465] [door_detection_node]: 문 후보 발행: id=door_blue_f18eb5, source=front, color=blue, dist=1.25m, conf=1.00, bbox=(98,0,291,240), rep_x=194, center_x=194, angle=-8.3deg, center_angle=-8.3deg, lidar=1.28m, visual=1.95m, goal=(10.77,-0.92), handle=(11.04,-1.86,0.84), handle_obs=True, handle_method=yolo:primary:item, handle_conf=0.78
[state_machine_node-24] [INFO] [1790648900.222889617] [state_machine_node]: 문 앞 정렬 완료. 2.8s 정지 후 개방합니다.
[state_machine_node-24] [INFO] [1790648900.230382111] [state_machine_node]: 문 접근 목표 보정: door_blue_f18eb5 handle_axis=(11.04, -1.86) goal_axis=(11.04, -0.76) wall_axis=(11.04, -1.86) yaw=-90deg
[state_machine_node-24] [INFO] [1790648900.238886258] [state_machine_node]: 문 접근 목표 보정: door_blue_f18eb5 handle_axis=(11.04, -1.86) goal_axis=(11.04, -0.76) wall_axis=(11.04, -1.86) yaw=-90deg
[state_machine_node-24] [INFO] [1790648900.265781543] [state_machine_node]: 문 접근 목표 보정: door_blue_f18eb5 handle_axis=(11.04, -1.86) goal_axis=(11.04, -0.76) wall_axis=(11.04, -1.86) yaw=-90deg
[door_detection_node-21] [INFO] [1790648902.315757085] [door_detection_node]: 문 후보 발행: id=door_blue_f18eb5, source=front, color=blue, dist=1.28m, conf=1.00, bbox=(90,0,281,240), rep_x=185, center_x=185, angle=-6.1deg, center_angle=-6.1deg, lidar=1.22m, visual=1.95m, goal=(10.76,-0.92), handle=(11.03,-1.84,0.84), handle_obs=True, handle_method=yolo:primary:item, handle_conf=0.77
[state_machine_node-24] [INFO] [1790648902.322002494] [state_machine_node]: 문 접근 목표 보정: door_blue_f18eb5 handle_axis=(11.03, -1.84) goal_axis=(11.03, -0.74) wall_axis=(11.03, -1.84) yaw=-90deg
[state_machine_node-24] [INFO] [1790648902.330770656] [state_machine_node]: 문 접근 목표 보정: door_blue_f18eb5 handle_axis=(11.03, -1.84) goal_axis=(11.03, -0.74) wall_axis=(11.03, -1.84) yaw=-90deg
[state_machine_node-24] [INFO] [1790648902.360963461] [state_machine_node]: 문 접근 목표 보정: door_blue_f18eb5 handle_axis=(11.03, -1.84) goal_axis=(11.03, -0.74) wall_axis=(11.03, -1.84) yaw=-90deg
[door_detection_node-21] [INFO] [1790648904.629307881] [door_detection_node]: 문 후보 발행: id=door_blue_f18eb5, source=front, color=blue, dist=1.27m, conf=1.00, bbox=(90,0,281,240), rep_x=185, center_x=185, angle=-6.1deg, center_angle=-6.1deg, lidar=1.31m, visual=1.95m, goal=(10.76,-0.92), handle=(11.03,-1.86,0.84), handle_obs=True, handle_method=yolo:primary:item, handle_conf=0.77
[state_machine_node-24] [INFO] [1790648904.636846890] [state_machine_node]: 문 접근 목표 보정: door_blue_f18eb5 handle_axis=(11.03, -1.86) goal_axis=(11.03, -0.76) wall_axis=(11.03, -1.86) yaw=-90deg
[state_machine_node-24] [INFO] [1790648904.643106200] [state_machine_node]: 문 접근 목표 보정: door_blue_f18eb5 handle_axis=(11.03, -1.86) goal_axis=(11.03, -0.76) wall_axis=(11.03, -1.86) yaw=-90deg
[state_machine_node-24] [INFO] [1790648904.670629096] [state_machine_node]: 문 접근 목표 보정: door_blue_f18eb5 handle_axis=(11.03, -1.86) goal_axis=(11.03, -0.76) wall_axis=(11.03, -1.86) yaw=-90deg
[state_machine_node-24] [INFO] [1790648906.125417705] [state_machine_node]: Final handle refreshed from current observation: observed_blue_9p2_m1p3, method=yolo:primary:item, point=(11.030,-1.861,0.840)
[state_machine_node-24] [INFO] [1790648906.223769023] [state_machine_node]: Observed blue target observed_blue_9p2_m1p3 confirmed by current same-wall live blue evidence before opening (candidate=door_blue_851b46, progress_gap=0.00/0.90, lateral_gap=0.00/0.48, conf=1.00/0.58).
[state_machine_node-24] [INFO] [1790648906.226086379] [state_machine_node]: Observed blue target observed_blue_9p2_m1p3 accepted for opening from recheckable mapped wall memory after close alignment (count=39, conf=1.00, progress_gap=0.59m, lateral_gap=0.20m).
[state_machine_node-24] [INFO] [1790648906.532411474] [state_machine_node]: State: NAVIGATING → OPENING_DOOR
[door_detection_node-21] [INFO] [1790648906.873073133] [door_detection_node]: 문 후보 발행: id=door_blue_f18eb5, source=front, color=blue, dist=1.23m, conf=1.00, bbox=(90,0,281,240), rep_x=185, center_x=185, angle=-6.1deg, center_angle=-6.1deg, lidar=1.28m, visual=1.95m, goal=(10.76,-0.92), handle=(11.03,-1.84,0.84), handle_obs=True, handle_method=yolo:primary:item, handle_conf=0.77
[state_machine_node-24] [INFO] [1790648907.073428116] [state_machine_node]: 문 개방 요청 손잡이: id=observed_blue_9p2_m1p3__axis_p11p03_m1p86, method=yolo:primary:item, conf=0.77, frame=map, pos=(11.030,-1.861,0.840)
[navigation_visit_node-23] [INFO] [1790648907.076949192] [navigation_visit_node]: NAVIGATION_VISIT {"scope": "navigation_only", "physical_opening": false, "door_id": "observed_blue_9p2_m1p3__axis_p11p03_m1p86", "sim_time": 206.0, "robot": [10.794596107548386, -0.6268045241680376, -1.5766174703447395], "observed_handle": [11.029711878654812, -1.8607363717915781, 0.8395945266758487], "distance_m": 1.2561318523159157, "bearing_error_rad": 0.1941060980303273}
[state_machine_node-24] [INFO] [1790648907.078866785] [state_machine_node]: Selected observation memory completed: observed_blue_9p2_m1p3; original candidate excluded after position refinement.
[state_machine_node-24] [INFO] [1790648907.082397102] [state_machine_node]: 열린 파란 문 재관측 후보 2개 정리. 다음 목표 선택에서 제외합니다.
[state_machine_node-24] [INFO] [1790648907.083326231] [state_machine_node]: 문 개방 성공: observed_blue_9p2_m1p3  누적 개방: 2개
[state_machine_node-24] [INFO] [1790648907.083963485] [state_machine_node]: State: OPENING_DOOR → DOOR_OPENED
[state_machine_node-24] [INFO] [1790648908.049453920] [state_machine_node]: 다음 파란 문 탐색 시작 (개방 완료: 2개)
[state_machine_node-24] [INFO] [1790648908.050348047] [state_machine_node]: State: DOOR_OPENED → EXPLORING
[state_machine_node-24] [INFO] [1790648908.996207818] [state_machine_node]: Post-open side retreat started: lateral=-0.63m, target_abs=0.48m.
[state_machine_node-24] [INFO] [1790648908.997031300] [state_machine_node]: Post-open side retreat: lateral=-0.63m, moved=0.00/1.10m, yaw_error=-180deg, cmd=(0.00, -0.50)
[state_machine_node-24] [INFO] [1790648910.113506235] [state_machine_node]: Post-open side retreat: lateral=-0.63m, moved=0.00/1.10m, yaw_error=-168deg, cmd=(0.00, -0.50)
[planner_server-15] [INFO] [1790648911.154072987] [global_costmap.global_costmap]: StaticLayer: Resizing static layer to 408 X 87 at 0.050000 m/pix
[state_machine_node-24] [INFO] [1790648911.162504565] [state_machine_node]: Post-open side retreat: lateral=-0.62m, moved=0.00/1.10m, yaw_error=-156deg, cmd=(0.00, -0.50)
[door_detection_node-21] [INFO] [1790648912.443586067] [door_detection_node]: 문 후보 발행: id=door_blue_917079, source=front, color=blue, dist=1.29m, conf=1.00, bbox=(0,0,157,240), rep_x=78, center_x=78, angle=19.3deg, center_angle=19.3deg, lidar=1.34m, visual=1.95m, goal=(9.81,-1.29), handle=(10.89,-1.91,0.85), handle_obs=True, handle_method=hsv, handle_conf=0.59
[state_machine_node-24] [INFO] [1790648912.447230251] [state_machine_node]: Blue candidate door_blue_917079 ignored: physical/opened door station already handled nearby at (10.61, -1.89).
[state_machine_node-24] [INFO] [1790648913.125378259] [state_machine_node]: Post-open side retreat: lateral=-0.63m, moved=0.00/1.10m, yaw_error=-137deg, cmd=(0.00, -0.50)
[door_detection_node-21] [INFO] [1790648914.140347826] [door_detection_node]: 문 후보 발행: id=door_blue_aa8f8a, source=front_left, color=blue, dist=1.27m, conf=1.00, bbox=(210,0,320,240), rep_x=265, center_x=265, angle=45.8deg, center_angle=45.8deg, lidar=1.23m, visual=1.95m, goal=(10.13,-0.92), handle=(10.96,-1.86,0.84), handle_obs=True, handle_method=yolo:primary:item, handle_conf=0.28
[state_machine_node-24] [INFO] [1790648915.123345882] [state_machine_node]: Post-open side retreat: lateral=-0.63m, moved=0.00/1.10m, yaw_error=-120deg, cmd=(0.00, -0.50)
[door_detection_node-21] [INFO] [1790648915.462977002] [door_detection_node]: HSV candidate rejected: color=blue, edge-clipped bbox=(135,0,320,240), width_ratio=0.58
[state_machine_node-24] [INFO] [1790648916.130767617] [state_machine_node]: Post-open side retreat: lateral=-0.63m, moved=0.00/1.10m, yaw_error=-110deg, cmd=(0.00, -0.50)
[door_detection_node-21] [INFO] [1790648917.316860485] [door_detection_node]: 문 후보 발행: id=door_blue_851b46, source=front_right, color=blue, dist=5.75m, conf=0.54, bbox=(25,69,51,166), rep_x=38, center_x=38, angle=-42.5deg, center_angle=-42.5deg, lidar=4.97m, visual=4.82m, goal=(6.06,0.73), handle=(5.71,1.93,1.00), handle_obs=True, handle_method=estimated, handle_conf=0.00
[state_machine_node-24] [INFO] [1790648917.321009288] [state_machine_node]: Blue candidate door_blue_851b46 ignored: physical/opened door station already handled nearby at (5.71, 1.93).
[door_detection_node-21] [INFO] [1790648917.786986667] [door_detection_node]: HSV candidate rejected: color=blue, edge-clipped bbox=(0,0,204,240), width_ratio=0.64
[state_machine_node-24] [INFO] [1790648918.109261779] [state_machine_node]: Post-open side retreat: lateral=-0.67m, moved=0.00/1.10m, yaw_error=-88deg, cmd=(0.00, -0.50)
[door_detection_node-21] [INFO] [1790648918.619783285] [door_detection_node]: Front lateral LiDAR range looks too long for the visible door; using visual range (lidar=4.78m, visual=2.89m)
[door_detection_node-21] [INFO] [1790648919.976225609] [door_detection_node]: 문 후보 발행: id=door_blue_ff5bd0, source=front_left, color=blue, dist=1.21m, conf=1.00, bbox=(0,0,105,240), rep_x=52, center_x=52, angle=94.8deg, center_angle=94.8deg, lidar=1.30m, visual=1.95m, goal=(10.96,-0.69), handle=(10.63,-1.90,1.00), handle_obs=False, handle_method=estimated, handle_conf=0.00
[state_machine_node-24] [INFO] [1790648920.104906670] [state_machine_node]: Post-open side retreat: lateral=-0.73m, moved=0.00/1.10m, yaw_error=-64deg, cmd=(0.00, -0.50)
[state_machine_node-24] [INFO] [1790648921.105469078] [state_machine_node]: Post-open side retreat: lateral=-0.74m, moved=0.00/1.10m, yaw_error=-55deg, cmd=(0.00, -0.50)
[state_machine_node-24] [INFO] [1790648921.337396347] [state_machine_node]: Blue candidate door_blue_2bfe49 ignored: physical/opened door station already handled nearby at (6.22, 1.73).
[door_detection_node-21] [INFO] [1790648921.835945011] [door_detection_node]: Side camera LiDAR range looks occluded; using visual range instead (source=front_left, lidar=2.06m, visual=2.94m)
[state_machine_node-24] [INFO] [1790648922.135195439] [state_machine_node]: Post-open side retreat: lateral=-0.75m, moved=0.00/1.10m, yaw_error=-44deg, cmd=(0.00, -0.50)
[state_machine_node-24] [INFO] [1790648923.155894337] [state_machine_node]: Post-open side retreat: lateral=-0.74m, moved=0.00/1.10m, yaw_error=-36deg, cmd=(0.00, -0.50)
[door_detection_node-21] [INFO] [1790648923.892697227] [door_detection_node]: Side camera LiDAR range looks occluded; using visual range instead (source=front_left, lidar=2.04m, visual=3.06m)
[door_detection_node-21] [INFO] [1790648924.900750444] [door_detection_node]: YOLO 후보 제외: source=front_right, far small dist=7.65m, conf=0.39, bbox=(267,77,286,159)
[state_machine_node-24] [INFO] [1790648925.156484093] [state_machine_node]: Post-open side retreat: lateral=-0.75m, moved=0.00/1.10m, yaw_error=-15deg, cmd=(0.00, -0.50)
[state_machine_node-24] [INFO] [1790648926.161282378] [state_machine_node]: Post-open side retreat: lateral=-0.74m, moved=0.00/1.10m, yaw_error=-7deg, cmd=(0.18, -0.09)
[door_detection_node-21] [INFO] [1790648926.267912448] [door_detection_node]: 문 후보 발행: id=door_blue_8edb7e, source=front_left, color=blue, dist=5.37m, conf=0.53, bbox=(240,72,266,166), rep_x=253, center_x=253, angle=48.3deg, center_angle=48.3deg, lidar=4.53m, visual=4.98m, goal=(7.35,2.09), handle=(6.14,1.80,1.00), handle_obs=True, handle_method=estimated, handle_conf=0.00
[state_machine_node-24] [INFO] [1790648926.272807235] [state_machine_node]: Blue candidate door_blue_8edb7e ignored: physical/opened door station already handled nearby at (6.14, 1.80).
[door_detection_node-21] [INFO] [1790648926.292165108] [door_detection_node]: Side camera LiDAR range looks too long for the visible door; using visual range (source=front_left, lidar=4.43m, visual=2.63m)
[door_detection_node-21] [INFO] [1790648927.195793764] [door_detection_node]: Side camera LiDAR range looks occluded; using visual range instead (source=front_right, lidar=1.71m, visual=3.60m)
[door_detection_node-21] [INFO] [1790648927.675292250] [door_detection_node]: YOLO 후보 제외: source=front_right, far small dist=7.05m, conf=0.37, bbox=(178,83,195,155)
[state_machine_node-24] [INFO] [1790648928.167469116] [state_machine_node]: Post-open side retreat: lateral=-0.59m, moved=0.04/1.10m, yaw_error=-4deg, cmd=(0.18, -0.05)
[door_detection_node-21] [INFO] [1790648928.574153318] [door_detection_node]: 문 후보 발행: id=door_blue_f985d1, source=front_left, color=blue, dist=5.45m, conf=0.52, bbox=(185,74,207,164), rep_x=196, center_x=196, angle=61.3deg, center_angle=61.3deg, lidar=5.32m, visual=5.20m, goal=(7.07,1.74), handle=(5.82,1.64,1.00), handle_obs=True, handle_method=estimated, handle_conf=0.00
[state_machine_node-24] [INFO] [1790648929.175567465] [state_machine_node]: Post-open side retreat: lateral=-0.50m, moved=0.13/1.10m, yaw_error=-2deg, cmd=(0.18, -0.03)
[door_detection_node-21] [INFO] [1790648929.198770511] [door_detection_node]: Side camera LiDAR range looks occluded; using visual range instead (source=front_right, lidar=1.64m, visual=3.44m)
[state_machine_node-24] [INFO] [1790648930.184888852] [state_machine_node]: Post-open side retreat complete: lateral=0.41m <= target=0.48m
[state_machine_node-24] [INFO] [1790648930.187017680] [state_machine_node]: 파란 문 후보 없음. 2.0s 동안 정지 스캔 후 관측 기반 waypoint를 계획합니다.
[door_detection_node-21] [INFO] [1790648930.585997303] [door_detection_node]: 문 후보 발행: id=door_blue_f985d1, source=front_left, color=blue, dist=5.38m, conf=0.49, bbox=(168,73,189,164), rep_x=178, center_x=178, angle=65.6deg, center_angle=65.6deg, lidar=5.33m, visual=5.14m, goal=(7.04,1.67), handle=(5.79,1.63,1.00), handle_obs=True, handle_method=estimated, handle_conf=0.00
[state_machine_node-24] [INFO] [1790648930.589475679] [state_machine_node]: Blue candidate door_blue_f985d1 ignored: physical/opened door station already handled nearby at (5.79, 1.63).
[door_detection_node-21] [INFO] [1790648931.223398081] [door_detection_node]: Side camera LiDAR range looks occluded; using visual range instead (source=front_right, lidar=1.67m, visual=3.34m)
[door_detection_node-21] [INFO] [1790648931.730948835] [door_detection_node]: YOLO 후보 제외: source=front_right, far small dist=6.79m, conf=0.33, bbox=(167,83,184,156)
[door_detection_node-21] [INFO] [1790648932.607102269] [door_detection_node]: 문 후보 발행: id=door_blue_f985d1, source=front_left, color=blue, dist=5.40m, conf=0.57, bbox=(165,74,186,165), rep_x=175, center_x=175, angle=66.3deg, center_angle=66.3deg, lidar=5.38m, visual=5.14m, goal=(7.03,1.68), handle=(5.78,1.65,1.00), handle_obs=True, handle_method=estimated, handle_conf=0.00
[state_machine_node-24] [INFO] [1790648934.109143749] [state_machine_node]: Exit scan deferred: continuing observation-based forward exploration before leaving.
[state_machine_node-24] [INFO] [1790648934.129922508] [state_machine_node]: 탐색 waypoint 계획 요청: explore_waypoint_11.9_lat-65 progress=11.85, lateral=-0.65, map=(11.85, -0.65) | 우측 차선 선택 | 전방 좌측 장애물 1.22m (lateral=0.53m) → 우측 차선 우선 | LiDAR lane scores: R:y=-0.65/clear=3.20/score=10.49, L:y=0.65/clear=1.18/score=-3.58, C:y=0.00/clear=1.18/score=-0.53 | 개방 후 미탐색 문 확인을 위해 전진 스캔 간격 0.83m
[state_machine_node-24] [INFO] [1790648934.131143549] [state_machine_node]: State: EXPLORING → EXPLORING_NAVIGATING
[navigation_node-22] [INFO] [1790648934.134885886] [navigation_node]: Navigation goal received: door explore_waypoint_11.9_lat-65 (color=explore, frame=map, x=11.85, y=-0.65)
[bt_navigator-17] [INFO] [1790648934.299322006] [bt_navigator]: Begin navigating from current location (10.78, -0.39) to (11.85, -0.65)
[navigation_node-22] [INFO] [1790648934.301120979] [navigation_node]: Navigation goal accepted by Nav2
[controller_server-13] [INFO] [1790648934.502008964] [controller_server]: Received a goal, begin computing control effort.
[door_detection_node-21] [INFO] [1790648934.558583844] [door_detection_node]: 문 후보 발행: id=door_blue_f985d1, source=front_left, color=blue, dist=5.36m, conf=0.57, bbox=(165,74,186,165), rep_x=175, center_x=175, angle=66.3deg, center_angle=66.3deg, lidar=5.37m, visual=5.14m, goal=(7.07,1.67), handle=(5.82,1.64,1.00), handle_obs=True, handle_method=estimated, handle_conf=0.00
[state_machine_node-24] [INFO] [1790648934.561741633] [state_machine_node]: Blue candidate door_blue_f985d1 ignored: physical/opened door station already handled nearby at (5.82, 1.64).
[door_detection_node-21] [INFO] [1790648935.154216481] [door_detection_node]: Side camera LiDAR range looks occluded; using visual range instead (source=front_right, lidar=1.67m, visual=3.34m)
[door_detection_node-21] [INFO] [1790648935.642616104] [door_detection_node]: YOLO 후보 제외: source=front_right, far small dist=6.82m, conf=0.33, bbox=(167,83,184,156)
[controller_server-13] [INFO] [1790648935.884916884] [controller_server]: Passing new path to controller.
[door_detection_node-21] [INFO] [1790648936.515290713] [door_detection_node]: 문 후보 발행: id=door_blue_f985d1, source=front_left, color=blue, dist=5.41m, conf=0.53, bbox=(163,73,185,165), rep_x=174, center_x=174, angle=66.6deg, center_angle=66.6deg, lidar=4.58m, visual=5.09m, goal=(7.02,1.67), handle=(5.77,1.64,1.00), handle_obs=True, handle_method=estimated, handle_conf=0.00
[controller_server-13] [INFO] [1790648937.135063293] [controller_server]: Passing new path to controller.
[door_detection_node-21] [INFO] [1790648937.156007186] [door_detection_node]: Side camera LiDAR range looks occluded; using visual range instead (source=front_right, lidar=1.67m, visual=3.18m)
[door_detection_node-21] [INFO] [1790648937.579556593] [door_detection_node]: Side camera LiDAR range looks too long for the visible door; using visual range (source=front_right, lidar=10.52m, visual=6.32m)
[controller_server-13] [INFO] [1790648938.509996614] [controller_server]: Passing new path to controller.
[door_detection_node-21] [INFO] [1790648938.574960810] [door_detection_node]: 문 후보 발행: id=door_blue_00d3e2, source=front_left, color=blue, dist=5.14m, conf=0.49, bbox=(57,70,81,167), rep_x=69, center_x=69, angle=91.3deg, center_angle=91.3deg, lidar=4.24m, visual=4.82m, goal=(7.20,1.18), handle=(6.07,1.71,1.00), handle_obs=True, handle_method=estimated, handle_conf=0.00
[state_machine_node-24] [INFO] [1790648938.578476980] [state_machine_node]: Blue candidate door_blue_00d3e2 ignored: physical/opened door station already handled nearby at (6.07, 1.71).
[door_detection_node-21] [INFO] [1790648939.112854678] [door_detection_node]: YOLO 후보 제외: source=front_right, far small dist=4.79m, conf=0.22, bbox=(164,67,183,167)
[controller_server-13] [INFO] [1790648939.760002008] [controller_server]: Passing new path to controller.
[door_detection_node-21] [INFO] [1790648940.148164573] [door_detection_node]: Front lateral LiDAR range looks too long for the visible door; using visual range (lidar=9.19m, visual=5.92m)
[controller_server-13] [INFO] [1790648941.009970064] [controller_server]: Passing new path to controller.
[door_detection_node-21] [INFO] [1790648941.897294604] [door_detection_node]: YOLO 후보 제외: source=front, far small dist=7.96m, conf=0.43, bbox=(163,82,179,157)
[controller_server-13] [INFO] [1790648942.384979542] [controller_server]: Passing new path to controller.
[planner_server-15] [INFO] [1790648943.154095891] [global_costmap.global_costmap]: StaticLayer: Resizing static layer to 409 X 87 at 0.050000 m/pix
[controller_server-13] [INFO] [1790648943.634921026] [controller_server]: Passing new path to controller.
[door_detection_node-21] [INFO] [1790648944.023676345] [door_detection_node]: 문 후보 발행: id=door_blue_7d6448, source=front_right, color=blue, dist=1.65m, conf=0.81, bbox=(258,130,320,240), rep_x=289, center_x=289, angle=-98.9deg, center_angle=-98.9deg, lidar=1.68m, visual=4.25m, goal=(10.83,-0.58), handle=(10.74,-1.82,1.00), handle_obs=False, handle_method=estimated, handle_conf=0.00
[state_machine_node-24] [INFO] [1790648944.028144813] [state_machine_node]: Blue candidate door_blue_7d6448 ignored: physical/opened door station already handled nearby at (10.74, -1.82).
[door_detection_node-21] [INFO] [1790648944.887897237] [door_detection_node]: Side camera LiDAR range looks too long for the visible door; using visual range (source=front_left, lidar=3.82m, visual=2.77m)
[controller_server-13] [INFO] [1790648945.009951852] [controller_server]: Passing new path to controller.
[planner_server-15] [INFO] [1790648945.153973953] [global_costmap.global_costmap]: StaticLayer: Resizing static layer to 410 X 87 at 0.050000 m/pix
[controller_server-13] [INFO] [1790648946.134986625] [controller_server]: Passing new path to controller.
[door_detection_node-21] [INFO] [1790648946.146208629] [door_detection_node]: 문 후보 발행: id=door_blue_7d6448, source=front_right, color=blue, dist=1.72m, conf=1.00, bbox=(192,0,320,240), rep_x=256, center_x=256, angle=-92.3deg, center_angle=-92.3deg, lidar=1.75m, visual=1.95m, goal=(11.38,-0.67), handle=(10.81,-1.79,0.83), handle_obs=True, handle_method=yolo:primary:item, handle_conf=0.79
[planner_server-15] [INFO] [1790648946.154098183] [global_costmap.global_costmap]: StaticLayer: Resizing static layer to 414 X 87 at 0.050000 m/pix
[door_detection_node-21] [INFO] [1790648946.922764185] [door_detection_node]: Side camera LiDAR range looks too long for the visible door; using visual range (source=front_left, lidar=8.05m, visual=5.44m)
[door_detection_node-21] [INFO] [1790648946.931823382] [door_detection_node]: YOLO 후보 제외: source=front_left, far small dist=5.44m, conf=0.33, bbox=(243,77,262,163)
[planner_server-15] [INFO] [1790648947.154121122] [global_costmap.global_costmap]: StaticLayer: Resizing static layer to 418 X 87 at 0.050000 m/pix
[controller_server-13] [INFO] [1790648947.509965769] [controller_server]: Passing new path to controller.
[door_detection_node-21] [INFO] [1790648947.834792210] [door_detection_node]: 문 후보 발행: id=door_blue_7d6448, source=front_right, color=blue, dist=1.72m, conf=1.00, bbox=(182,0,305,240), rep_x=243, center_x=243, angle=-89.5deg, center_angle=-89.5deg, lidar=1.75m, visual=1.95m, goal=(11.57,-0.72), handle=(10.83,-1.73,0.83), handle_obs=True, handle_method=yolo:primary:item, handle_conf=0.76
[state_machine_node-24] [INFO] [1790648947.838823397] [state_machine_node]: Blue candidate door_blue_7d6448 ignored: physical/opened door station already handled nearby at (10.57, -1.72).
[navigation_node-22] [WARN] [1790648947.902455115] [navigation_node]: Robot is 0.34m from explore goal (threshold=0.35m). Treating navigation as succeeded.
[state_machine_node-24] [INFO] [1790648947.905277071] [state_machine_node]: Navigation succeeded.
[controller_server-13] [INFO] [1790648948.010043039] [controller_server]: Goal was canceled. Stopping the robot.
[controller_server-13] [INFO] [1790648948.010185591] [controller_server]: [follow_path] [ActionServer] Client requested to cancel the goal. Cancelling.
[bt_navigator-17] [INFO] [1790648948.010616369] [bt_navigator]: [navigate_to_pose] [ActionServer] Client requested to cancel the goal. Cancelling.
[bt_navigator-17] [INFO] [1790648948.011210787] [bt_navigator]: Goal canceled
[state_machine_node-24] [INFO] [1790648948.268278235] [state_machine_node]: 탐색 waypoint 도착. LiDAR+camera 재스캔을 계속합니다.
[state_machine_node-24] [INFO] [1790648948.269230471] [state_machine_node]: 색상 단서 없음. 열린 문 이후 미탐색 벽면 확인을 위해 다음 탐색 waypoint는 좌측 차선을 우선합니다.
[state_machine_node-24] [INFO] [1790648948.270069570] [state_machine_node]: State: EXPLORING_NAVIGATING → EXPLORING
[state_machine_node-24] [INFO] [1790648949.224066053] [state_machine_node]: Explore waypoint reached; holding position for bilateral camera/LiDAR side scan.
[door_detection_node-21] [INFO] [1790648949.595382407] [door_detection_node]: YOLO 후보 제외: source=front_left, color=blue, dist=7.16m > 6.80m, bbox=(192,77,213,163)
[door_detection_node-21] [INFO] [1790648950.383843258] [door_detection_node]: 문 후보 발행: id=door_blue_2db639, source=front_right, color=blue, dist=1.73m, conf=1.00, bbox=(159,0,274,240), rep_x=216, center_x=216, angle=-83.5deg, center_angle=-83.5deg, lidar=1.77m, visual=1.95m, goal=(11.69,-0.92), handle=(10.79,-1.79,0.83), handle_obs=True, handle_method=yolo:primary:item, handle_conf=0.71
[door_detection_node-21] [INFO] [1790648950.762882302] [door_detection_node]: Side camera LiDAR range looks too long for the visible door; using visual range (source=front_left, lidar=3.34m, visual=2.35m)
[planner_server-15] [INFO] [1790648952.154525108] [global_costmap.global_costmap]: StaticLayer: Resizing static layer to 419 X 87 at 0.050000 m/pix
[door_detection_node-21] [INFO] [1790648952.775775955] [door_detection_node]: 문 후보 발행: id=door_blue_864479, source=front_right, color=blue, dist=1.80m, conf=0.28, bbox=(43,0,168,240), rep_x=105, center_x=105, angle=-56.8deg, center_angle=-56.8deg, lidar=1.87m, visual=1.95m, goal=(12.03,-1.43), handle=(10.87,-1.91,0.83), handle_obs=True, handle_method=yolo:primary:item, handle_conf=0.76
[state_machine_node-24] [INFO] [1790648952.778253061] [state_machine_node]: Blue candidate door_blue_864479 ignored: physical/opened door station already handled nearby at (10.67, -1.89).
[door_detection_node-21] [INFO] [1790648955.753725323] [door_detection_node]: 문 후보 발행: id=door_blue_a1761d, source=front, color=blue, dist=1.62m, conf=0.60, bbox=(276,131,320,240), rep_x=298, center_x=298, angle=-30.5deg, center_angle=-30.5deg, lidar=1.56m, visual=4.29m, goal=(12.25,-1.77), handle=(11.00,-1.84,1.00), handle_obs=False, handle_method=estimated, handle_conf=0.00
[state_machine_node-24] [INFO] [1790648956.212820060] [state_machine_node]: Blue candidate door_blue_a1761d ignored: physical/opened door station already handled nearby at (11.03, -1.79).
[door_detection_node-21] [INFO] [1790648958.984063025] [door_detection_node]: 문 후보 발행: id=door_blue_5875de, source=front_left, color=blue, dist=5.03m, conf=0.40, bbox=(137,75,157,161), rep_x=147, center_x=147, angle=73.2deg, center_angle=73.2deg, lidar=4.30m, visual=5.44m, goal=(15.24,1.09), handle=(16.13,1.97,1.00), handle_obs=False, handle_method=estimated, handle_conf=0.00
[state_machine_node-24] [INFO] [1790648959.719992505] [state_machine_node]: Blue candidate door_blue_7d6448 ignored: physical/opened door station already handled nearby at (10.80, -1.80).
[door_detection_node-21] [INFO] [1790648960.983278067] [door_detection_node]: 문 후보 발행: id=door_blue_8edb7e, source=front_left, color=blue, dist=5.02m, conf=0.40, bbox=(230,75,250,164), rep_x=240, center_x=240, angle=51.1deg, center_angle=51.1deg, lidar=4.25m, visual=5.26m, goal=(15.65,0.72), handle=(16.17,1.86,1.00), handle_obs=False, handle_method=estimated, handle_conf=0.00
[planner_server-15] [INFO] [1790648961.154002641] [global_costmap.global_costmap]: StaticLayer: Resizing static layer to 420 X 87 at 0.050000 m/pix
[planner_server-15] [INFO] [1790648962.154074913] [global_costmap.global_costmap]: StaticLayer: Resizing static layer to 421 X 87 at 0.050000 m/pix
[door_detection_node-21] [INFO] [1790648963.378643680] [door_detection_node]: Front lateral LiDAR range looks too long for the visible door; using visual range (lidar=3.26m, visual=2.24m)
[door_detection_node-21] [INFO] [1790648963.398691792] [door_detection_node]: YOLO 후보 제외: source=front, edge-clipped bbox=(0,15,59,224)
[door_detection_node-21] [INFO] [1790648963.422002347] [door_detection_node]: YOLO 후보 제외: source=front, far small dist=5.25m, conf=0.35, bbox=(123,76,142,161)
[door_detection_node-21] [INFO] [1790648965.611462854] [door_detection_node]: Front lateral LiDAR range looks too long for the visible door; using visual range (lidar=4.15m, visual=2.61m)
[door_detection_node-21] [INFO] [1790648966.471256520] [door_detection_node]: 문 후보 발행: id=door_blue_2bfe49, source=front, color=blue, dist=5.38m, conf=0.42, bbox=(90,77,111,164), rep_x=100, center_x=100, angle=14.4deg, center_angle=14.4deg, lidar=nonem, visual=5.38m, goal=(16.88,0.08), handle=(16.76,1.32,1.00), handle_obs=False, handle_method=estimated, handle_conf=0.00
[door_detection_node-21] [INFO] [1790648967.832487348] [door_detection_node]: Side camera LiDAR range looks too long for the visible door; using visual range (source=front_left, lidar=9.20m, visual=4.93m)
[door_detection_node-21] [INFO] [1790648968.286928649] [door_detection_node]: 문 후보 발행: id=door_blue_8edb7e, source=front_left, color=blue, dist=4.93m, conf=0.42, bbox=(276,72,298,167), rep_x=287, center_x=287, angle=41.5deg, center_angle=41.5deg, lidar=9.69m, visual=4.93m, goal=(15.88,-0.13), handle=(16.39,1.01,1.00), handle_obs=True, handle_method=estimated, handle_conf=0.00
[state_machine_node-24] [INFO] [1790648968.630308920] [state_machine_node]: Explore waypoint side scan complete.
[state_machine_node-24] [INFO] [1790648968.646713078] [state_machine_node]: Blue candidate door_blue_5875de rejected near recent red observation (conf=0.50).
[state_machine_node-24] [INFO] [1790648968.678657859] [state_machine_node]: 문 접근 목표 보정: observed_blue_16p6_1p6 handle_axis=(16.63, 1.56) goal_axis=(16.63, 0.46) wall_axis=(16.63, 1.56) yaw=90deg
[state_machine_node-24] [INFO] [1790648968.698007244] [state_machine_node]: 문 접근 목표 보정: observed_blue_16p6_1p6 handle_axis=(16.63, 1.56) goal_axis=(16.63, 0.46) wall_axis=(16.63, 1.56) yaw=90deg
[state_machine_node-24] [INFO] [1790648968.701699211] [state_machine_node]: 문 접근 목표 보정: observed_blue_16p6_1p6 handle_axis=(16.63, 1.56) goal_axis=(16.63, 0.46) wall_axis=(16.63, 1.56) yaw=90deg
[state_machine_node-24] [WARN] [1790648968.706892850] [state_machine_node]: Blue target observed_blue_16p6_1p6 retained for revisit: stable unopened blue memory must be checked before exit even when it is behind the farthest opened station.
[state_machine_node-24] [INFO] [1790648968.713382104] [state_machine_node]: 문 접근 목표 보정: observed_blue_16p6_1p6 handle_axis=(16.63, 1.56) goal_axis=(16.63, 0.46) wall_axis=(16.63, 1.56) yaw=90deg
[state_machine_node-24] [INFO] [1790648968.715648483] [state_machine_node]: 문 접근 목표 보정: observed_blue_16p6_1p6 handle_axis=(16.63, 1.56) goal_axis=(16.63, 0.46) wall_axis=(16.63, 1.56) yaw=90deg
[state_machine_node-24] [INFO] [1790648968.717626321] [state_machine_node]: LiDAR+camera segment map 사전 스캔 시작: observed_blue_16p6_1p6
[state_machine_node-24] [INFO] [1790648969.090700146] [state_machine_node]: Blue candidate door_blue_7d6448 ignored: physical/opened door station already handled nearby at (10.56, -1.69).
[state_machine_node-24] [INFO] [1790648969.690497118] [state_machine_node]: 문 접근 목표 보정: observed_blue_16p6_1p6 handle_axis=(16.63, 1.56) goal_axis=(16.63, 0.46) wall_axis=(16.63, 1.56) yaw=90deg
[door_detection_node-21] [INFO] [1790648970.046189787] [door_detection_node]: YOLO 후보 제외: source=front_left, far small dist=6.43m, conf=0.44, bbox=(191,76,210,164)
[door_detection_node-21] [INFO] [1790648970.069260523] [door_detection_node]: Side camera visual fallback rejected (source=front_left, lidar=3.35m, visual=7.55m > 4.50m)
[state_machine_node-24] [INFO] [1790648970.674762925] [state_machine_node]: 문 접근 목표 보정: observed_blue_16p6_1p6 handle_axis=(16.63, 1.56) goal_axis=(16.63, 0.46) wall_axis=(16.63, 1.56) yaw=90deg
[door_detection_node-21] [INFO] [1790648970.770403690] [door_detection_node]: 문 후보 발행: id=door_blue_7d6448, source=front_right, color=blue, dist=1.72m, conf=1.00, bbox=(184,0,303,240), rep_x=243, center_x=243, angle=-89.5deg, center_angle=-89.5deg, lidar=1.73m, visual=1.95m, goal=(11.63,-0.80), handle=(10.86,-1.78,0.83), handle_obs=True, handle_method=yolo:primary:item, handle_conf=0.71
[state_machine_node-24] [INFO] [1790648971.647320834] [state_machine_node]: 문 접근 목표 보정: observed_blue_16p6_1p6 handle_axis=(16.63, 1.56) goal_axis=(16.63, 0.46) wall_axis=(16.63, 1.56) yaw=90deg
[state_machine_node-24] [INFO] [1790648971.649188894] [state_machine_node]: 사전 스캔 완료. Nav2가 segment map 기반 경로를 계획합니다: observed_blue_16p6_1p6
[state_machine_node-24] [INFO] [1790648971.666818473] [state_machine_node]: Locked blue target after pre-scan: observed_blue_16p6_1p6 opened=2 retry=0/2
[state_machine_node-24] [INFO] [1790648971.667416392] [state_machine_node]: State: EXPLORING → NAVIGATING
[navigation_node-22] [INFO] [1790648971.669595963] [navigation_node]: Navigation goal received: door observed_blue_16p6_1p6 (color=blue, frame=map, x=16.63, y=0.46)
[bt_navigator-17] [INFO] [1790648971.825998990] [bt_navigator]: Begin navigating from current location (11.68, -0.40) to (16.63, 0.46)
[navigation_node-22] [INFO] [1790648971.827970114] [navigation_node]: Navigation goal accepted by Nav2
[controller_server-13] [INFO] [1790648972.027547237] [controller_server]: Received a goal, begin computing control effort.
[door_detection_node-21] [INFO] [1790648972.553773902] [door_detection_node]: YOLO 후보 제외: source=front_left, far small dist=6.37m, conf=0.44, bbox=(191,76,210,164)
[door_detection_node-21] [INFO] [1790648972.574676275] [door_detection_node]: Side camera visual fallback rejected (source=front_left, lidar=3.27m, visual=7.55m > 4.50m)
[door_detection_node-21] [INFO] [1790648973.235533044] [door_detection_node]: 문 후보 발행: id=door_blue_7d6448, source=front_right, color=blue, dist=1.66m, conf=1.00, bbox=(184,0,303,240), rep_x=243, center_x=243, angle=-89.5deg, center_angle=-89.5deg, lidar=1.65m, visual=1.95m, goal=(11.63,-0.81), handle=(10.86,-1.79,0.83), handle_obs=True, handle_method=yolo:primary:item, handle_conf=0.71
[state_machine_node-24] [INFO] [1790648973.242565999] [state_machine_node]: Blue candidate door_blue_7d6448 ignored: physical/opened door station already handled nearby at (10.67, -1.71).
[controller_server-13] [INFO] [1790648973.403135883] [controller_server]: Passing new path to controller.
[state_machine_node-24] [INFO] [1790648974.353136119] [state_machine_node]: 문 접근 목표 보정: door_blue_f985d1 handle_axis=(17.09, 1.83) goal_axis=(17.09, 0.73) wall_axis=(17.09, 1.83) yaw=90deg
[state_machine_node-24] [INFO] [1790648974.354412817] [state_machine_node]: 문 접근 목표 보정: door_blue_f985d1 handle_axis=(17.09, 1.83) goal_axis=(17.09, 0.73) wall_axis=(17.09, 1.83) yaw=90deg
[state_machine_node-24] [WARN] [1790648974.359988031] [state_machine_node]: Locked blue target refined from newer observation: observed_blue_16p6_1p6 -> observed_blue_16p6_1p6, goal shift=0.53m, identity=(16.63,1.56) -> (17.09,1.83)
[navigation_node-22] [INFO] [1790648974.361837940] [navigation_node]: Navigation goal received: door observed_blue_16p6_1p6 (color=blue, frame=map, x=17.09, y=0.73)
[navigation_node-22] [WARN] [1790648974.362355811] [navigation_node]: Already navigating. Preempting current goal without an explicit stop before retargeting to: observed_blue_16p6_1p6
[navigation_node-22] [INFO] [1790648974.521028346] [navigation_node]: Navigation goal accepted by Nav2
[bt_navigator-17] [INFO] [1790648974.526445563] [bt_navigator]: Received goal preemption request
[bt_navigator-17] [INFO] [1790648974.527273598] [bt_navigator]: Begin navigating from current location (11.80, -0.46) to (17.09, 0.73)
[controller_server-13] [INFO] [1790648974.653096418] [controller_server]: Passing new path to controller.
[door_detection_node-21] [INFO] [1790648975.072034367] [door_detection_node]: 문 후보 발행: id=door_blue_7d6448, source=front_right, color=blue, dist=1.56m, conf=1.00, bbox=(256,0,320,240), rep_x=288, center_x=288, angle=-98.7deg, center_angle=-98.7deg, lidar=1.57m, visual=1.95m, goal=(11.45,-0.63), handle=(10.90,-1.75,0.84), handle_obs=True, handle_method=yolo:primary:item, handle_conf=0.66
[controller_server-13] [INFO] [1790648976.028102478] [controller_server]: Passing new path to controller.
[planner_server-15] [INFO] [1790648976.154086853] [global_costmap.global_costmap]: StaticLayer: Resizing static layer to 423 X 87 at 0.050000 m/pix
[state_machine_node-24] [INFO] [1790648976.324282774] [state_machine_node]: 문 접근 목표 보정: door_blue_8edb7e handle_axis=(16.83, 2.06) goal_axis=(16.83, 0.96) wall_axis=(16.83, 2.06) yaw=90deg
[state_machine_node-24] [INFO] [1790648976.325650745] [state_machine_node]: 문 접근 목표 보정: door_blue_8edb7e handle_axis=(16.83, 2.06) goal_axis=(16.83, 0.96) wall_axis=(16.83, 2.06) yaw=90deg
[planner_server-15] [INFO] [1790648977.154255818] [global_costmap.global_costmap]: StaticLayer: Resizing static layer to 426 X 87 at 0.050000 m/pix
[controller_server-13] [INFO] [1790648977.278145286] [controller_server]: Passing new path to controller.
[planner_server-15] [INFO] [1790648978.153979832] [global_costmap.global_costmap]: StaticLayer: Resizing static layer to 428 X 87 at 0.050000 m/pix
[controller_server-13] [INFO] [1790648978.528090564] [controller_server]: Passing new path to controller.
[door_detection_node-21] [INFO] [1790648978.715430241] [door_detection_node]: Front lateral LiDAR range looks too long for the visible door; using visual range (lidar=3.78m, visual=2.89m)
[planner_server-15] [INFO] [1790648979.154062480] [global_costmap.global_costmap]: StaticLayer: Resizing static layer to 431 X 87 at 0.050000 m/pix
[door_detection_node-21] [INFO] [1790648979.424024331] [door_detection_node]: 문 후보 발행: id=door_blue_7a3328, source=front, color=blue, dist=5.00m, conf=0.41, bbox=(56,70,81,170), rep_x=68, center_x=68, angle=21.5deg, center_angle=21.5deg, lidar=4.64m, visual=4.68m, goal=(16.88,0.41), handle=(16.76,1.66,1.00), handle_obs=True, handle_method=estimated, handle_conf=0.00
[state_machine_node-24] [INFO] [1790648979.433927958] [state_machine_node]: 문 접근 목표 보정: door_blue_7a3328 handle_axis=(16.76, 1.66) goal_axis=(16.76, 0.56) wall_axis=(16.76, 1.66) yaw=90deg
[state_machine_node-24] [INFO] [1790648979.435057139] [state_machine_node]: 문 접근 목표 보정: door_blue_7a3328 handle_axis=(16.76, 1.66) goal_axis=(16.76, 0.56) wall_axis=(16.76, 1.66) yaw=90deg
[state_machine_node-24] [WARN] [1790648979.436103605] [state_machine_node]: Locked blue target refined from newer observation: observed_blue_16p6_1p6 -> observed_blue_16p6_1p6, goal shift=0.37m, identity=(17.09,1.83) -> (16.76,1.66)
[navigation_node-22] [INFO] [1790648979.437727649] [navigation_node]: Navigation goal received: door observed_blue_16p6_1p6 (color=blue, frame=map, x=16.76, y=0.56)
[navigation_node-22] [WARN] [1790648979.438399221] [navigation_node]: Already navigating. Preempting current goal without an explicit stop before retargeting to: observed_blue_16p6_1p6
[navigation_node-22] [INFO] [1790648979.583087093] [navigation_node]: Navigation goal accepted by Nav2
[bt_navigator-17] [INFO] [1790648979.627233013] [bt_navigator]: Received goal preemption request
[bt_navigator-17] [INFO] [1790648979.627964853] [bt_navigator]: Begin navigating from current location (12.46, -0.59) to (16.76, 0.56)
[door_detection_node-21] [INFO] [1790648979.883002137] [door_detection_node]: YOLO 후보 제외: source=front_left, edge-clipped bbox=(254,13,319,218)
[controller_server-13] [INFO] [1790648979.904230201] [controller_server]: Passing new path to controller.
[planner_server-15] [INFO] [1790648980.154066496] [global_costmap.global_costmap]: StaticLayer: Resizing static layer to 435 X 87 at 0.050000 m/pix
[door_detection_node-21] [INFO] [1790648980.269058993] [door_detection_node]: Side camera LiDAR range looks too long for the visible door; using visual range (source=front_right, lidar=3.74m, visual=2.36m)
[controller_server-13] [INFO] [1790648981.153127851] [controller_server]: Passing new path to controller.
[planner_server-15] [INFO] [1790648981.154110279] [global_costmap.global_costmap]: StaticLayer: Resizing static layer to 438 X 87 at 0.050000 m/pix
[door_detection_node-21] [INFO] [1790648981.660857992] [door_detection_node]: 문 후보 발행: id=door_blue_2bfe49, source=front, color=blue, dist=5.24m, conf=0.31, bbox=(128,71,152,169), rep_x=140, center_x=140, angle=4.9deg, center_angle=4.9deg, lidar=4.73m, visual=4.78m, goal=(17.73,0.80), handle=(17.23,1.95,1.00), handle_obs=False, handle_method=estimated, handle_conf=0.00
[state_machine_node-24] [INFO] [1790648981.673600758] [state_machine_node]: 문 접근 목표 보정: door_blue_2bfe49 handle_axis=(17.23, 1.95) goal_axis=(17.23, 0.85) wall_axis=(17.23, 1.95) yaw=90deg
[state_machine_node-24] [INFO] [1790648981.675083872] [state_machine_node]: 문 접근 목표 보정: door_blue_2bfe49 handle_axis=(17.23, 1.95) goal_axis=(17.23, 0.85) wall_axis=(17.23, 1.95) yaw=90deg
[controller_server-13] [INFO] [1790648982.528406743] [controller_server]: Passing new path to controller.
[planner_server-15] [INFO] [1790648983.154001862] [global_costmap.global_costmap]: StaticLayer: Resizing static layer to 444 X 87 at 0.050000 m/pix
[door_detection_node-21] [INFO] [1790648983.417128360] [door_detection_node]: YOLO 후보 제외: source=front, edge-clipped bbox=(0,0,66,240)
[controller_server-13] [INFO] [1790648983.778117948] [controller_server]: Passing new path to controller.
[door_detection_node-21] [INFO] [1790648983.810664023] [door_detection_node]: 문 후보 발행: id=door_blue_b334ee, source=front, color=blue, dist=5.04m, conf=0.42, bbox=(168,68,194,174), rep_x=181, center_x=181, angle=-5.1deg, center_angle=-5.1deg, lidar=5.04m, visual=4.42m, goal=(16.67,2.95), handle=(17.35,1.90,1.00), handle_obs=True, handle_method=estimated, handle_conf=0.00
[state_machine_node-24] [INFO] [1790648983.819978655] [state_machine_node]: 문 접근 목표 보정: door_blue_b334ee handle_axis=(17.35, 1.90) goal_axis=(17.35, 0.80) wall_axis=(17.35, 1.90) yaw=90deg
[state_machine_node-24] [INFO] [1790648983.821385839] [state_machine_node]: 문 접근 목표 보정: door_blue_b334ee handle_axis=(17.35, 1.90) goal_axis=(17.35, 0.80) wall_axis=(17.35, 1.90) yaw=90deg
[door_detection_node-21] [INFO] [1790648983.823655113] [door_detection_node]: YOLO 후보 제외: source=front, far small dist=6.69m, conf=0.24, bbox=(267,81,320,151)
[state_machine_node-24] [WARN] [1790648983.825844256] [state_machine_node]: Locked blue target refined from newer observation: observed_blue_16p6_1p6 -> observed_blue_16p6_1p6, goal shift=0.64m, identity=(16.76,1.66) -> (17.35,1.90)
[navigation_node-22] [INFO] [1790648983.827714186] [navigation_node]: Navigation goal received: door observed_blue_16p6_1p6 (color=blue, frame=map, x=17.35, y=0.80)
[navigation_node-22] [WARN] [1790648983.828658589] [navigation_node]: Already navigating. Preempting current goal without an explicit stop before retargeting to: observed_blue_16p6_1p6
[navigation_node-22] [INFO] [1790648983.967222369] [navigation_node]: Navigation goal accepted by Nav2
[bt_navigator-17] [INFO] [1790648984.026368378] [bt_navigator]: Received goal preemption request
[bt_navigator-17] [INFO] [1790648984.026888927] [bt_navigator]: Begin navigating from current location (13.01, -0.38) to (17.35, 0.80)
[planner_server-15] [INFO] [1790648984.154104750] [global_costmap.global_costmap]: StaticLayer: Resizing static layer to 449 X 87 at 0.050000 m/pix
[door_detection_node-21] [INFO] [1790648984.611153473] [door_detection_node]: Side camera LiDAR range looks occluded; using visual range instead (source=front_right, lidar=1.67m, visual=2.57m)
[controller_server-13] [INFO] [1790648985.028098108] [controller_server]: Passing new path to controller.
[door_detection_node-21] [INFO] [1790648986.030428468] [door_detection_node]: 문 후보 발행: id=door_blue_b334ee, source=front, color=blue, dist=4.66m, conf=0.54, bbox=(162,62,189,175), rep_x=175, center_x=175, angle=-3.7deg, center_angle=-3.7deg, lidar=4.23m, visual=4.14m, goal=(15.99,1.13), handle=(17.33,1.81,1.00), handle_obs=True, handle_method=estimated, handle_conf=0.00
[state_machine_node-24] [INFO] [1790648986.039662347] [state_machine_node]: 문 접근 목표 보정: door_blue_b334ee handle_axis=(17.33, 1.81) goal_axis=(17.33, 0.71) wall_axis=(17.33, 1.81) yaw=90deg
[state_machine_node-24] [INFO] [1790648986.042637701] [state_machine_node]: 문 접근 목표 보정: door_blue_b334ee handle_axis=(17.33, 1.81) goal_axis=(17.33, 0.71) wall_axis=(17.33, 1.81) yaw=90deg
[door_detection_node-21] [INFO] [1790648986.046108272] [door_detection_node]: YOLO 후보 제외: source=front, edge-clipped bbox=(0,0,43,240)
[door_detection_node-21] [INFO] [1790648986.068580667] [door_detection_node]: YOLO 후보 제외: source=front, far small dist=8.03m, conf=0.35, bbox=(263,80,320,151)
[planner_server-15] [INFO] [1790648986.154076939] [global_costmap.global_costmap]: StaticLayer: Resizing static layer to 451 X 87 at 0.050000 m/pix
[controller_server-13] [INFO] [1790648986.403186828] [controller_server]: Passing new path to controller.
[state_machine_node-24] [INFO] [1790648987.190595852] [state_machine_node]: 문 접근 목표 보정: door_blue_b334ee handle_axis=(17.30, 1.95) goal_axis=(17.30, 0.85) wall_axis=(17.30, 1.95) yaw=90deg
[state_machine_node-24] [INFO] [1790648987.194100137] [state_machine_node]: 문 접근 목표 보정: door_blue_b334ee handle_axis=(17.30, 1.95) goal_axis=(17.30, 0.85) wall_axis=(17.30, 1.95) yaw=90deg
[controller_server-13] [INFO] [1790648987.653099553] [controller_server]: Passing new path to controller.
[door_detection_node-21] [INFO] [1790648987.695922176] [door_detection_node]: Side camera LiDAR range looks occluded; using visual range instead (source=front_right, lidar=1.38m, visual=2.35m)
[planner_server-15] [INFO] [1790648988.154041066] [global_costmap.global_costmap]: StaticLayer: Resizing static layer to 456 X 87 at 0.050000 m/pix
[controller_server-13] [INFO] [1790648989.028128073] [controller_server]: Passing new path to controller.
[planner_server-15] [INFO] [1790648990.153995111] [global_costmap.global_costmap]: StaticLayer: Resizing static layer to 458 X 87 at 0.050000 m/pix
[controller_server-13] [INFO] [1790648990.278139702] [controller_server]: Passing new path to controller.
[door_detection_node-21] [INFO] [1790648991.034293355] [door_detection_node]: Side camera LiDAR range looks occluded; using visual range instead (source=front_right, lidar=1.38m, visual=2.31m)
[planner_server-15] [INFO] [1790648991.153977255] [global_costmap.global_costmap]: StaticLayer: Resizing static layer to 469 X 87 at 0.050000 m/pix
[controller_server-13] [INFO] [1790648991.528147472] [controller_server]: Passing new path to controller.
[planner_server-15] [INFO] [1790648992.153984971] [global_costmap.global_costmap]: StaticLayer: Resizing static layer to 470 X 87 at 0.050000 m/pix
[controller_server-13] [INFO] [1790648992.903104560] [controller_server]: Passing new path to controller.
[door_detection_node-21] [INFO] [1790648994.055159546] [door_detection_node]: Side camera LiDAR range looks occluded; using visual range instead (source=front_right, lidar=1.32m, visual=2.15m)
[controller_server-13] [INFO] [1790648994.153117822] [controller_server]: Passing new path to controller.
[planner_server-15] [INFO] [1790648995.154078623] [global_costmap.global_costmap]: StaticLayer: Resizing static layer to 471 X 87 at 0.050000 m/pix
[controller_server-13] [INFO] [1790648995.528142552] [controller_server]: Passing new path to controller.
[controller_server-13] [INFO] [1790648996.778643270] [controller_server]: Passing new path to controller.
[controller_server-13] [INFO] [1790648998.028122584] [controller_server]: Passing new path to controller.
[controller_server-13] [INFO] [1790648999.403071801] [controller_server]: Passing new path to controller.
[planner_server-15] [INFO] [1790649000.154100836] [global_costmap.global_costmap]: StaticLayer: Resizing static layer to 473 X 87 at 0.050000 m/pix
[controller_server-13] [INFO] [1790649000.653138620] [controller_server]: Passing new path to controller.
[controller_server-13] [INFO] [1790649002.028087994] [controller_server]: Passing new path to controller.
[door_detection_node-21] [INFO] [1790649002.519815684] [door_detection_node]: 문 후보 발행: id=door_blue_e61c9a, source=front, color=blue, dist=2.56m, conf=0.65, bbox=(60,2,110,239), rep_x=85, center_x=85, angle=17.8deg, center_angle=17.8deg, lidar=2.50m, visual=1.97m, goal=(17.79,0.70), handle=(17.52,1.92,1.00), handle_obs=True, handle_method=estimated, handle_conf=0.00
[state_machine_node-24] [INFO] [1790649002.531308495] [state_machine_node]: 문 접근 목표 보정: door_blue_e61c9a handle_axis=(17.52, 1.92) goal_axis=(17.52, 0.82) wall_axis=(17.52, 1.92) yaw=90deg
[state_machine_node-24] [INFO] [1790649002.534591502] [state_machine_node]: 문 접근 목표 보정: door_blue_e61c9a handle_axis=(17.52, 1.92) goal_axis=(17.52, 0.82) wall_axis=(17.52, 1.92) yaw=90deg
[state_machine_node-24] [INFO] [1790649002.542168103] [state_machine_node]: 보조 비상구 관측 저장: door_green_324b87 (20.4, 0.0)
[controller_server-13] [INFO] [1790649003.278077156] [controller_server]: Passing new path to controller.
[controller_server-13] [INFO] [1790649004.528110334] [controller_server]: Passing new path to controller.
[door_detection_node-21] [INFO] [1790649004.709726666] [door_detection_node]: 문 후보 발행: id=door_blue_ef2c9f, source=front, color=blue, dist=2.23m, conf=0.68, bbox=(33,0,100,240), rep_x=66, center_x=66, angle=21.9deg, center_angle=21.9deg, lidar=2.24m, visual=1.95m, goal=(17.69,0.70), handle=(17.44,1.93,1.00), handle_obs=True, handle_method=estimated, handle_conf=0.00
[state_machine_node-24] [INFO] [1790649004.718248329] [state_machine_node]: 문 접근 목표 보정: door_blue_ef2c9f handle_axis=(17.44, 1.93) goal_axis=(17.44, 0.83) wall_axis=(17.44, 1.93) yaw=90deg
[state_machine_node-24] [INFO] [1790649004.722249034] [state_machine_node]: 문 접근 목표 보정: door_blue_ef2c9f handle_axis=(17.44, 1.93) goal_axis=(17.44, 0.83) wall_axis=(17.44, 1.93) yaw=90deg
[controller_server-13] [INFO] [1790649005.903136479] [controller_server]: Passing new path to controller.
[door_detection_node-21] [INFO] [1790649006.406306024] [door_detection_node]: YOLO 후보 제외: source=front, edge-clipped bbox=(0,0,76,240)
[door_detection_node-21] [INFO] [1790649006.427888382] [door_detection_node]: 문 후보 발행: id=door_green_b29f37, source=front, color=green, dist=4.33m, conf=0.26, bbox=(200,64,264,172), rep_x=232, center_x=232, angle=-17.1deg, center_angle=-17.1deg, lidar=nonem, visual=4.33m, goal=(18.69,0.34), handle=(20.17,0.11,1.00), handle_obs=False, handle_method=estimated, handle_conf=0.00
[controller_server-13] [INFO] [1790649007.153098024] [controller_server]: Passing new path to controller.
[planner_server-15] [INFO] [1790649007.155083208] [global_costmap.global_costmap]: StaticLayer: Resizing static layer to 474 X 87 at 0.050000 m/pix
[door_detection_node-21] [INFO] [1790649008.495441356] [door_detection_node]: 문 후보 발행: id=door_blue_917079, source=front, color=blue, dist=1.94m, conf=1.00, bbox=(0,0,49,240), rep_x=24, center_x=24, angle=30.2deg, center_angle=30.2deg, lidar=1.95m, visual=1.95m, goal=(18.22,0.80), handle=(18.09,2.04,0.85), handle_obs=True, handle_method=hsv, handle_conf=0.64
[state_machine_node-24] [INFO] [1790649008.505517218] [state_machine_node]: 문 접근 목표 보정: door_blue_917079 handle_axis=(18.09, 2.04) goal_axis=(18.09, 0.94) wall_axis=(18.09, 2.04) yaw=90deg
[state_machine_node-24] [INFO] [1790649008.509106216] [state_machine_node]: 문 접근 목표 보정: door_blue_917079 handle_axis=(18.09, 2.04) goal_axis=(18.09, 0.94) wall_axis=(18.09, 2.04) yaw=90deg
[state_machine_node-24] [WARN] [1790649008.510418158] [state_machine_node]: Locked blue target refined from newer observation: observed_blue_16p6_1p6 -> observed_blue_16p6_1p6, goal shift=0.75m, identity=(17.35,1.90) -> (17.70,1.93)
[state_machine_node-24] [INFO] [1790649008.513202838] [state_machine_node]: 보조 비상구 관측 저장: door_green_b29f37 (20.7, 0.1)
[navigation_node-22] [INFO] [1790649008.514892334] [navigation_node]: Navigation goal received: door observed_blue_16p6_1p6 (color=blue, frame=map, x=18.09, y=0.94)
[navigation_node-22] [WARN] [1790649008.515661109] [navigation_node]: Already navigating. Preempting current goal without an explicit stop before retargeting to: observed_blue_16p6_1p6
[controller_server-13] [INFO] [1790649008.528083925] [controller_server]: Passing new path to controller.
[navigation_node-22] [INFO] [1790649008.621369534] [navigation_node]: Navigation goal accepted by Nav2
[bt_navigator-17] [INFO] [1790649008.626368187] [bt_navigator]: Received goal preemption request
[bt_navigator-17] [INFO] [1790649008.626691603] [bt_navigator]: Begin navigating from current location (16.27, 0.81) to (18.09, 0.94)
[controller_server-13] [INFO] [1790649009.778140160] [controller_server]: Passing new path to controller.
[door_detection_node-21] [INFO] [1790649010.222624496] [door_detection_node]: 문 후보 발행: id=door_blue_aa8f8a, source=front_left, color=blue, dist=1.60m, conf=0.50, bbox=(236,0,319,240), rep_x=277, center_x=277, angle=43.4deg, center_angle=43.4deg, lidar=1.63m, visual=1.95m, goal=(17.58,0.73), handle=(17.53,1.98,1.00), handle_obs=False, handle_method=estimated, handle_conf=0.00
[state_machine_node-24] [INFO] [1790649010.230927994] [state_machine_node]: 문 접근 목표 보정: door_blue_aa8f8a handle_axis=(17.53, 1.98) goal_axis=(17.53, 0.88) wall_axis=(17.53, 1.98) yaw=90deg
[state_machine_node-24] [INFO] [1790649010.234186256] [state_machine_node]: 문 접근 목표 보정: door_blue_aa8f8a handle_axis=(17.53, 1.98) goal_axis=(17.53, 0.88) wall_axis=(17.53, 1.98) yaw=90deg
[controller_server-13] [INFO] [1790649011.028115475] [controller_server]: Passing new path to controller.
[door_detection_node-21] [INFO] [1790649012.088916700] [door_detection_node]: 문 후보 발행: id=door_blue_aa8f8a, source=front_left, color=blue, dist=1.41m, conf=1.00, bbox=(189,0,320,240), rep_x=254, center_x=254, angle=48.1deg, center_angle=48.1deg, lidar=1.43m, visual=1.95m, goal=(17.63,0.71), handle=(17.54,1.95,1.00), handle_obs=True, handle_method=estimated, handle_conf=0.00
[state_machine_node-24] [INFO] [1790649012.096530011] [state_machine_node]: 문 접근 목표 보정: door_blue_aa8f8a handle_axis=(17.54, 1.95) goal_axis=(17.54, 0.85) wall_axis=(17.54, 1.95) yaw=90deg
[state_machine_node-24] [INFO] [1790649012.099700563] [state_machine_node]: 문 접근 목표 보정: door_blue_aa8f8a handle_axis=(17.54, 1.95) goal_axis=(17.54, 0.85) wall_axis=(17.54, 1.95) yaw=90deg
[state_machine_node-24] [WARN] [1790649012.100928551] [state_machine_node]: Locked blue target refined from newer observation: observed_blue_16p6_1p6 -> observed_blue_16p6_1p6, goal shift=0.55m, identity=(17.70,1.93) -> (17.54,1.95)
[navigation_node-22] [INFO] [1790649012.102578113] [navigation_node]: Navigation goal received: door observed_blue_16p6_1p6 (color=blue, frame=map, x=17.54, y=0.85)
[navigation_node-22] [WARN] [1790649012.103578570] [navigation_node]: Already navigating. Preempting current goal without an explicit stop before retargeting to: observed_blue_16p6_1p6
[bt_navigator-17] [INFO] [1790649012.226422765] [bt_navigator]: Received goal preemption request
[bt_navigator-17] [INFO] [1790649012.226743276] [bt_navigator]: Begin navigating from current location (16.78, 0.85) to (17.54, 0.85)
[navigation_node-22] [INFO] [1790649012.230159981] [navigation_node]: Navigation goal accepted by Nav2
[controller_server-13] [INFO] [1790649012.403122451] [controller_server]: Passing new path to controller.
[state_machine_node-24] [INFO] [1790649012.919954311] [state_machine_node]: 보조 비상구 관측 저장: door_green_b29f37 (20.8, 0.1)
[door_detection_node-21] [INFO] [1790649013.500110873] [door_detection_node]: HSV candidate rejected: color=blue, edge-clipped bbox=(135,0,320,240), width_ratio=0.58
[controller_server-13] [INFO] [1790649013.653149367] [controller_server]: Passing new path to controller.
[planner_server-15] [INFO] [1790649014.153986363] [global_costmap.global_costmap]: StaticLayer: Resizing static layer to 474 X 88 at 0.050000 m/pix
[door_detection_node-21] [INFO] [1790649014.436566311] [door_detection_node]: 문 후보 발행: id=door_green_9f56c0, source=front, color=green, dist=3.55m, conf=0.27, bbox=(186,50,267,182), rep_x=226, center_x=226, angle=-15.8deg, center_angle=-15.8deg, lidar=nonem, visual=3.55m, goal=(19.04,0.44), handle=(20.51,0.12,1.00), handle_obs=False, handle_method=estimated, handle_conf=0.00
[controller_server-13] [INFO] [1790649014.903137180] [controller_server]: Passing new path to controller.
[state_machine_node-24] [INFO] [1790649015.199680888] [state_machine_node]: 문 접근 목표 보정: door_blue_129797 handle_axis=(18.12, 2.02) goal_axis=(18.12, 0.92) wall_axis=(18.12, 2.02) yaw=90deg
[state_machine_node-24] [INFO] [1790649015.202370916] [state_machine_node]: 문 접근 목표 보정: door_blue_129797 handle_axis=(18.12, 2.02) goal_axis=(18.12, 0.92) wall_axis=(18.12, 2.02) yaw=90deg
[state_machine_node-24] [WARN] [1790649015.203975333] [state_machine_node]: Locked blue target refined from newer observation: observed_blue_16p6_1p6 -> observed_blue_16p6_1p6, goal shift=0.58m, identity=(17.54,1.95) -> (17.51,1.93)
[navigation_node-22] [INFO] [1790649015.206192299] [navigation_node]: Navigation goal received: door observed_blue_16p6_1p6 (color=blue, frame=map, x=18.12, y=0.92)
[navigation_node-22] [WARN] [1790649015.206804132] [navigation_node]: Already navigating. Preempting current goal without an explicit stop before retargeting to: observed_blue_16p6_1p6
[navigation_node-22] [INFO] [1790649015.339166343] [navigation_node]: Navigation goal accepted by Nav2
[bt_navigator-17] [INFO] [1790649015.426361443] [bt_navigator]: Received goal preemption request
[bt_navigator-17] [INFO] [1790649015.426830156] [bt_navigator]: Begin navigating from current location (17.22, 0.89) to (18.12, 0.92)
[controller_server-13] [INFO] [1790649016.153119074] [controller_server]: Passing new path to controller.
[door_detection_node-21] [INFO] [1790649016.226164658] [door_detection_node]: 문 후보 발행: id=door_green_9f56c0, source=front, color=green, dist=3.71m, conf=1.00, bbox=(172,52,257,178), rep_x=214, center_x=214, angle=-13.0deg, center_angle=-13.0deg, lidar=nonem, visual=3.71m, goal=(19.43,0.42), handle=(20.90,0.10,1.00), handle_obs=False, handle_method=estimated, handle_conf=0.00
[state_machine_node-24] [INFO] [1790649016.229206609] [state_machine_node]: 보조 비상구 관측 저장: door_green_9f56c0 (20.9, 0.1)
[door_detection_node-21] [INFO] [1790649016.781527185] [door_detection_node]: HSV candidate rejected: color=blue, edge-clipped bbox=(0,0,225,240), width_ratio=0.70
[controller_server-13] [INFO] [1790649017.528166046] [controller_server]: Passing new path to controller.
[door_detection_node-21] [INFO] [1790649018.657779302] [door_detection_node]: 문 후보 발행: id=door_green_9f56c0, source=front, color=green, dist=3.27m, conf=0.32, bbox=(179,45,265,188), rep_x=222, center_x=222, angle=-14.8deg, center_angle=-14.8deg, lidar=nonem, visual=3.27m, goal=(19.30,0.50), handle=(20.76,0.16,1.00), handle_obs=False, handle_method=estimated, handle_conf=0.00
[controller_server-13] [INFO] [1790649018.778111741] [controller_server]: Passing new path to controller.
[controller_server-13] [INFO] [1790649020.028130021] [controller_server]: Passing new path to controller.
[state_machine_node-24] [INFO] [1790649020.111095750] [state_machine_node]: Nav2 door goal position is near, but yaw is not ready yet: observed_blue_16p6_1p6, dist=0.30m/0.38m, lateral=0.02m/0.24m, yaw_error=92deg.
[door_detection_node-21] [INFO] [1790649020.183443166] [door_detection_node]: 문 후보 발행: id=door_blue_ff5bd0, source=front_left, color=blue, dist=1.00m, conf=1.00, bbox=(0,0,134,240), rep_x=67, center_x=67, angle=91.7deg, center_angle=91.7deg, lidar=1.02m, visual=1.95m, goal=(17.71,0.65), handle=(17.68,1.90,1.00), handle_obs=False, handle_method=estimated, handle_conf=0.00
[state_machine_node-24] [INFO] [1790649020.995984684] [state_machine_node]: Nav2 goal is close enough for fine door alignment: observed_blue_16p6_1p6, dist=0.22m/0.38m, lateral=0.01m/0.24m, yaw_error=92deg.
[state_machine_node-24] [INFO] [1790649020.996955001] [state_machine_node]: Nav2 goal cancellation requested before door fine alignment.
[navigation_node-22] [INFO] [1790649020.997724813] [navigation_node]: Navigation cancellation requested for manual control handoff.
[controller_server-13] [INFO] [1790649021.028094842] [controller_server]: Goal was canceled. Stopping the robot.
[controller_server-13] [INFO] [1790649021.028243985] [controller_server]: [follow_path] [ActionServer] Client requested to cancel the goal. Cancelling.
[bt_navigator-17] [INFO] [1790649021.028575423] [bt_navigator]: [navigate_to_pose] [ActionServer] Client requested to cancel the goal. Cancelling.
[bt_navigator-17] [INFO] [1790649021.028778543] [bt_navigator]: Goal canceled
[state_machine_node-24] [INFO] [1790649021.064021169] [state_machine_node]: Fine door approach started: observed_blue_16p6_1p6, dist=0.22m, lateral=0.01m, forward=0.22m, yaw_error=92deg
[state_machine_node-24] [INFO] [1790649021.065259269] [state_machine_node]: Fine door parking translation: observed_blue_16p6_1p6, dist=0.22m/0.17m, heading_error=2deg, cmd=(0.07, 0.03)
[planner_server-15] [INFO] [1790649021.154192928] [global_costmap.global_costmap]: StaticLayer: Resizing static layer to 475 X 88 at 0.050000 m/pix
[door_detection_node-21] [INFO] [1790649021.726149977] [door_detection_node]: 문 후보 발행: id=door_blue_ff5bd0, source=front_left, color=blue, dist=0.97m, conf=1.00, bbox=(0,140,89,240), rep_x=44, center_x=44, angle=96.4deg, center_angle=96.4deg, lidar=0.96m, visual=4.68m, goal=(17.80,0.62), handle=(17.76,1.87,1.00), handle_obs=False, handle_method=estimated, handle_conf=0.00
[state_machine_node-24] [INFO] [1790649021.903614454] [state_machine_node]: Fine door parking translation: observed_blue_16p6_1p6, dist=0.19m/0.17m, heading_error=2deg, cmd=(0.07, 0.02)
[state_machine_node-24] [INFO] [1790649022.807410655] [state_machine_node]: Fine door final yaw alignment: observed_blue_16p6_1p6, dist=0.14m/0.17m, yaw_error=90deg, cmd=(0.00, 0.25)
[door_detection_node-21] [INFO] [1790649023.544539385] [door_detection_node]: 문 후보 발행: id=door_blue_ff5bd0, source=front_left, color=blue, dist=1.01m, conf=1.00, bbox=(0,0,75,121), rep_x=37, center_x=37, angle=97.7deg, center_angle=97.7deg, lidar=0.99m, visual=3.87m, goal=(17.83,0.66), handle=(17.77,1.91,1.00), handle_obs=False, handle_method=estimated, handle_conf=0.00
[state_machine_node-24] [INFO] [1790649023.703774930] [state_machine_node]: Fine door final yaw alignment: observed_blue_16p6_1p6, dist=0.15m/0.17m, yaw_error=85deg, cmd=(0.00, 0.25)
[door_detection_node-21] [INFO] [1790649024.252555946] [door_detection_node]: YOLO 후보 제외: source=front, edge-clipped bbox=(210,30,320,197)
[state_machine_node-24] [INFO] [1790649024.608631921] [state_machine_node]: Fine door final yaw alignment: observed_blue_16p6_1p6, dist=0.15m/0.17m, yaw_error=80deg, cmd=(0.00, 0.25)
[door_detection_node-21] [INFO] [1790649025.187186161] [door_detection_node]: 문 후보 발행: id=door_blue_ff5bd0, source=front_left, color=blue, dist=1.01m, conf=1.00, bbox=(0,0,128,240), rep_x=64, center_x=64, angle=92.3deg, center_angle=92.3deg, lidar=1.04m, visual=1.95m, goal=(18.00,0.65), handle=(17.68,1.86,1.00), handle_obs=False, handle_method=estimated, handle_conf=0.00
[state_machine_node-24] [INFO] [1790649025.500279350] [state_machine_node]: Fine door final yaw alignment: observed_blue_16p6_1p6, dist=0.13m/0.17m, yaw_error=74deg, cmd=(0.00, 0.25)
[state_machine_node-24] [INFO] [1790649026.394160726] [state_machine_node]: Fine door final yaw alignment: observed_blue_16p6_1p6, dist=0.14m/0.17m, yaw_error=69deg, cmd=(0.00, 0.25)
[door_detection_node-21] [INFO] [1790649026.609140507] [door_detection_node]: HSV candidate rejected: color=blue, edge-clipped bbox=(0,0,186,240), width_ratio=0.58
[planner_server-15] [INFO] [1790649027.154269048] [global_costmap.global_costmap]: StaticLayer: Resizing static layer to 476 X 88 at 0.050000 m/pix
[state_machine_node-24] [INFO] [1790649027.286985826] [state_machine_node]: Fine door final yaw alignment: observed_blue_16p6_1p6, dist=0.14m/0.17m, yaw_error=66deg, cmd=(0.00, 0.25)
[state_machine_node-24] [INFO] [1790649028.212142570] [state_machine_node]: Fine door final yaw alignment: observed_blue_16p6_1p6, dist=0.14m/0.17m, yaw_error=58deg, cmd=(0.00, 0.25)
[door_detection_node-21] [INFO] [1790649028.870912135] [door_detection_node]: 문 후보 발행: id=door_blue_f1f068, source=front_left, color=blue, dist=1.05m, conf=1.00, bbox=(12,0,242,240), rep_x=127, center_x=127, angle=78.0deg, center_angle=78.0deg, lidar=1.07m, visual=1.95m, goal=(18.62,0.88), handle=(17.89,1.89,0.85), handle_obs=True, handle_method=hsv, handle_conf=0.84
[state_machine_node-24] [INFO] [1790649028.875865878] [state_machine_node]: 문 접근 목표 보정: door_blue_f1f068 handle_axis=(17.89, 1.89) goal_axis=(17.89, 0.79) wall_axis=(17.89, 1.89) yaw=90deg
[state_machine_node-24] [INFO] [1790649028.881150715] [state_machine_node]: 문 접근 목표 보정: door_blue_f1f068 handle_axis=(17.89, 1.89) goal_axis=(17.89, 0.79) wall_axis=(17.89, 1.89) yaw=90deg
[state_machine_node-24] [INFO] [1790649028.902483823] [state_machine_node]: 문 접근 목표 보정: door_blue_f1f068 handle_axis=(17.89, 1.89) goal_axis=(17.89, 0.79) wall_axis=(17.89, 1.89) yaw=90deg
[state_machine_node-24] [INFO] [1790649029.115527444] [state_machine_node]: Fine door final yaw alignment: observed_blue_16p6_1p6, dist=0.15m/0.17m, yaw_error=55deg, cmd=(0.00, 0.25)
[state_machine_node-24] [INFO] [1790649030.062493587] [state_machine_node]: Fine door final yaw alignment: observed_blue_16p6_1p6, dist=0.16m/0.17m, yaw_error=50deg, cmd=(0.00, 0.25)
[door_detection_node-21] [INFO] [1790649030.694442183] [door_detection_node]: 문 후보 발행: id=door_blue_129797, source=front_left, color=blue, dist=1.09m, conf=1.00, bbox=(65,0,301,240), rep_x=183, center_x=183, angle=64.4deg, center_angle=64.4deg, lidar=1.03m, visual=1.95m, goal=(18.82,0.99), handle=(17.95,1.89,0.85), handle_obs=True, handle_method=hsv, handle_conf=0.93
[state_machine_node-24] [INFO] [1790649030.700441206] [state_machine_node]: 문 접근 목표 보정: door_blue_129797 handle_axis=(17.95, 1.89) goal_axis=(17.95, 0.79) wall_axis=(17.95, 1.89) yaw=90deg
[state_machine_node-24] [INFO] [1790649030.704052411] [state_machine_node]: 문 접근 목표 보정: door_blue_129797 handle_axis=(17.95, 1.89) goal_axis=(17.95, 0.79) wall_axis=(17.95, 1.89) yaw=90deg
[state_machine_node-24] [INFO] [1790649030.727429922] [state_machine_node]: 문 접근 목표 보정: door_blue_129797 handle_axis=(17.95, 1.89) goal_axis=(17.95, 0.79) wall_axis=(17.95, 1.89) yaw=90deg
[state_machine_node-24] [INFO] [1790649030.966547942] [state_machine_node]: Fine door final yaw alignment: observed_blue_16p6_1p6, dist=0.15m/0.17m, yaw_error=47deg, cmd=(0.00, 0.25)
[door_detection_node-21] [INFO] [1790649031.770947954] [door_detection_node]: HSV candidate rejected: color=blue, edge-clipped bbox=(104,0,320,240), width_ratio=0.68
[state_machine_node-24] [INFO] [1790649031.885122051] [state_machine_node]: Fine door final yaw alignment: observed_blue_16p6_1p6, dist=0.14m/0.17m, yaw_error=43deg, cmd=(0.00, 0.25)
[state_machine_node-24] [INFO] [1790649032.773741681] [state_machine_node]: Fine door final yaw alignment: observed_blue_16p6_1p6, dist=0.14m/0.17m, yaw_error=38deg, cmd=(0.00, 0.25)
[state_machine_node-24] [INFO] [1790649033.664265154] [state_machine_node]: Fine door final yaw alignment: observed_blue_16p6_1p6, dist=0.15m/0.17m, yaw_error=32deg, cmd=(0.00, 0.25)
[door_detection_node-21] [INFO] [1790649033.955832850] [door_detection_node]: 문 후보 발행: id=door_blue_129797, source=front_left, color=blue, dist=1.09m, conf=1.00, bbox=(149,0,320,240), rep_x=234, center_x=234, angle=52.5deg, center_angle=52.5deg, lidar=1.10m, visual=1.95m, goal=(18.93,1.24), handle=(17.85,1.87,0.85), handle_obs=True, handle_method=hsv, handle_conf=0.62
[state_machine_node-24] [INFO] [1790649033.961422283] [state_machine_node]: 문 접근 목표 보정: door_blue_129797 handle_axis=(17.85, 1.87) goal_axis=(17.85, 0.77) wall_axis=(17.85, 1.87) yaw=90deg
[state_machine_node-24] [INFO] [1790649033.965010870] [state_machine_node]: 문 접근 목표 보정: door_blue_129797 handle_axis=(17.85, 1.87) goal_axis=(17.85, 0.77) wall_axis=(17.85, 1.87) yaw=90deg
[state_machine_node-24] [INFO] [1790649034.012979964] [state_machine_node]: 문 접근 목표 보정: door_blue_129797 handle_axis=(17.85, 1.87) goal_axis=(17.85, 0.77) wall_axis=(17.85, 1.87) yaw=90deg
[state_machine_node-24] [WARN] [1790649034.014287363] [state_machine_node]: Close door-front observation moved observed_blue_16p6_1p6 by 0.31m; returning to Nav2 before final alignment.
[state_machine_node-24] [WARN] [1790649034.014951681] [state_machine_node]: Locked blue target refined from newer observation: observed_blue_16p6_1p6 -> observed_blue_16p6_1p6, goal shift=0.31m, identity=(17.51,1.93) -> (17.57,1.87)
[navigation_node-22] [INFO] [1790649034.016806028] [navigation_node]: Navigation goal received: door observed_blue_16p6_1p6 (color=blue, frame=map, x=17.85, y=0.77)
[bt_navigator-17] [INFO] [1790649034.149173314] [bt_navigator]: Begin navigating from current location (18.00, 0.86) to (17.85, 0.77)
[navigation_node-22] [INFO] [1790649034.153080791] [navigation_node]: Navigation goal accepted by Nav2
[navigation_node-22] [WARN] [1790649034.155512779] [navigation_node]: Robot is 0.16m from blue goal (threshold=0.18m). Treating navigation as succeeded.
[state_machine_node-24] [INFO] [1790649034.159051866] [state_machine_node]: Navigation succeeded.
[bt_navigator-17] [INFO] [1790649034.249559922] [bt_navigator]: [navigate_to_pose] [ActionServer] Client requested to cancel the goal. Cancelling.
[bt_navigator-17] [INFO] [1790649034.249804552] [bt_navigator]: Goal canceled
[state_machine_node-24] [INFO] [1790649034.587471386] [state_machine_node]: Fine door approach started: observed_blue_16p6_1p6, dist=0.16m, lateral=0.09m, forward=-0.13m, yaw_error=29deg
[state_machine_node-24] [INFO] [1790649034.589085209] [state_machine_node]: Fine door final yaw alignment: observed_blue_16p6_1p6, dist=0.16m/0.17m, yaw_error=29deg, cmd=(0.00, 0.25)
[state_machine_node-24] [INFO] [1790649035.249848306] [state_machine_node]: 문 접근 목표 보정: door_blue_917079 handle_axis=(17.90, 1.93) goal_axis=(17.90, 0.83) wall_axis=(17.90, 1.93) yaw=90deg
[state_machine_node-24] [INFO] [1790649035.254323708] [state_machine_node]: 문 접근 목표 보정: door_blue_917079 handle_axis=(17.90, 1.93) goal_axis=(17.90, 0.83) wall_axis=(17.90, 1.93) yaw=90deg
[state_machine_node-24] [INFO] [1790649035.276793944] [state_machine_node]: Locked blue target refine skipped: door_blue_917079 total drift progress=1.26m, xy=1.32m > 1.05m from locked anchor
[state_machine_node-24] [INFO] [1790649035.477642729] [state_machine_node]: Fine door final yaw alignment: observed_blue_16p6_1p6, dist=0.17m/0.17m, yaw_error=26deg, cmd=(0.00, 0.25)
[door_detection_node-21] [INFO] [1790649035.643141762] [door_detection_node]: 문 후보 발행: id=door_blue_917079, source=front, color=blue, dist=1.04m, conf=0.89, bbox=(0,0,58,121), rep_x=29, center_x=29, angle=29.2deg, center_angle=29.2deg, lidar=1.03m, visual=3.87m, goal=(19.04,1.39), handle=(17.90,1.90,1.00), handle_obs=False, handle_method=estimated, handle_conf=0.00
[state_machine_node-24] [INFO] [1790649035.649043750] [state_machine_node]: 문 접근 목표 보정: door_blue_917079 handle_axis=(17.90, 1.90) goal_axis=(17.90, 0.80) wall_axis=(17.90, 1.90) yaw=90deg
[state_machine_node-24] [INFO] [1790649035.653907069] [state_machine_node]: 문 접근 목표 보정: door_blue_917079 handle_axis=(17.90, 1.90) goal_axis=(17.90, 0.80) wall_axis=(17.90, 1.90) yaw=90deg
[state_machine_node-24] [INFO] [1790649036.385357376] [state_machine_node]: Fine door final yaw alignment: observed_blue_16p6_1p6, dist=0.17m/0.17m, yaw_error=16deg, cmd=(0.00, 0.22)
[state_machine_node-24] [INFO] [1790649036.983268425] [state_machine_node]: 문 접근 목표 보정: door_blue_aa8f8a handle_axis=(17.45, 1.83) goal_axis=(17.45, 0.73) wall_axis=(17.45, 1.83) yaw=90deg
[state_machine_node-24] [INFO] [1790649036.988095214] [state_machine_node]: 문 접근 목표 보정: door_blue_aa8f8a handle_axis=(17.45, 1.83) goal_axis=(17.45, 0.73) wall_axis=(17.45, 1.83) yaw=90deg
[state_machine_node-24] [INFO] [1790649036.990073813] [state_machine_node]: 문 접근 목표 보정: door_blue_aa8f8a handle_axis=(17.45, 1.83) goal_axis=(17.45, 0.73) wall_axis=(17.45, 1.83) yaw=90deg
[state_machine_node-24] [INFO] [1790649037.311056991] [state_machine_node]: Fine door final yaw alignment: observed_blue_16p6_1p6, dist=0.18m/0.17m, yaw_error=12deg, cmd=(0.00, 0.16)
[state_machine_node-24] [INFO] [1790649038.223371735] [state_machine_node]: Fine door final yaw alignment: observed_blue_16p6_1p6, dist=0.19m/0.17m, yaw_error=10deg, cmd=(0.00, 0.13)
[door_detection_node-21] [INFO] [1790649038.766359750] [door_detection_node]: 문 후보 발행: id=door_blue_aa8f8a, source=front_left, color=blue, dist=1.15m, conf=1.00, bbox=(278,0,320,240), rep_x=299, center_x=299, angle=39.3deg, center_angle=39.3deg, lidar=1.17m, visual=1.95m, goal=(18.64,1.69), handle=(17.40,1.83,1.00), handle_obs=False, handle_method=estimated, handle_conf=0.00
[state_machine_node-24] [INFO] [1790649038.772579715] [state_machine_node]: 문 접근 목표 보정: door_blue_aa8f8a handle_axis=(17.40, 1.83) goal_axis=(17.40, 0.73) wall_axis=(17.40, 1.83) yaw=90deg
[state_machine_node-24] [INFO] [1790649038.777508371] [state_machine_node]: 문 접근 목표 보정: door_blue_aa8f8a handle_axis=(17.40, 1.83) goal_axis=(17.40, 0.73) wall_axis=(17.40, 1.83) yaw=90deg
[state_machine_node-24] [INFO] [1790649038.799877414] [state_machine_node]: 문 접근 목표 보정: door_blue_aa8f8a handle_axis=(17.40, 1.83) goal_axis=(17.40, 0.73) wall_axis=(17.40, 1.83) yaw=90deg
[state_machine_node-24] [WARN] [1790649038.801147694] [state_machine_node]: Close door-front observation moved observed_blue_16p6_1p6 by 0.46m; returning to Nav2 before final alignment.
[state_machine_node-24] [WARN] [1790649038.802055530] [state_machine_node]: Locked blue target refined from newer observation: observed_blue_16p6_1p6 -> observed_blue_16p6_1p6, goal shift=0.46m, identity=(17.57,1.87) -> (17.40,1.83)
[navigation_node-22] [INFO] [1790649038.808153655] [navigation_node]: Navigation goal received: door observed_blue_16p6_1p6 (color=blue, frame=map, x=17.40, y=0.73)
[bt_navigator-17] [INFO] [1790649038.948635972] [bt_navigator]: Begin navigating from current location (18.04, 0.87) to (17.40, 0.73)
[navigation_node-22] [INFO] [1790649038.951836336] [navigation_node]: Navigation goal accepted by Nav2
[controller_server-13] [INFO] [1790649039.149900625] [controller_server]: Received a goal, begin computing control effort.
[state_machine_node-24] [INFO] [1790649040.099219872] [state_machine_node]: 문 접근 목표 보정: door_blue_751481 handle_axis=(17.94, 1.89) goal_axis=(17.94, 0.79) wall_axis=(17.94, 1.89) yaw=90deg
[state_machine_node-24] [INFO] [1790649040.102729086] [state_machine_node]: 문 접근 목표 보정: door_blue_751481 handle_axis=(17.94, 1.89) goal_axis=(17.94, 0.79) wall_axis=(17.94, 1.89) yaw=90deg
[controller_server-13] [INFO] [1790649040.525486483] [controller_server]: Passing new path to controller.
[door_detection_node-21] [INFO] [1790649041.662215303] [door_detection_node]: 문 후보 발행: id=door_blue_751481, source=front, color=blue, dist=1.15m, conf=1.00, bbox=(39,0,252,240), rep_x=145, center_x=145, angle=3.7deg, center_angle=3.7deg, lidar=1.21m, visual=1.95m, goal=(17.93,1.15), handle=(17.95,1.94,0.85), handle_obs=True, handle_method=hsv, handle_conf=0.77
[state_machine_node-24] [INFO] [1790649041.672216114] [state_machine_node]: 문 접근 목표 보정: door_blue_751481 handle_axis=(17.95, 1.94) goal_axis=(17.95, 0.84) wall_axis=(17.95, 1.94) yaw=90deg
[state_machine_node-24] [INFO] [1790649041.675857326] [state_machine_node]: 문 접근 목표 보정: door_blue_751481 handle_axis=(17.95, 1.94) goal_axis=(17.95, 0.84) wall_axis=(17.95, 1.94) yaw=90deg
[state_machine_node-24] [WARN] [1790649041.676818615] [state_machine_node]: Locked blue target refined from newer observation: observed_blue_16p6_1p6 -> observed_blue_16p6_1p6, goal shift=0.57m, identity=(17.40,1.83) -> (17.62,1.93)
[navigation_node-22] [INFO] [1790649041.678685292] [navigation_node]: Navigation goal received: door observed_blue_16p6_1p6 (color=blue, frame=map, x=17.95, y=0.84)
[navigation_node-22] [WARN] [1790649041.679927177] [navigation_node]: Already navigating. Preempting current goal without an explicit stop before retargeting to: observed_blue_16p6_1p6
[controller_server-13] [INFO] [1790649041.775529086] [controller_server]: Passing new path to controller.
[navigation_node-22] [WARN] [1790649041.825573195] [navigation_node]: Robot is 0.13m from blue goal (threshold=0.18m). Treating navigation as succeeded.
[state_machine_node-24] [INFO] [1790649041.826562917] [state_machine_node]: Navigation succeeded.
[bt_navigator-17] [ERROR] [1790649041.869946294] [bt_navigator_navigate_to_pose_rclcpp_node]: Failed to get result for follow_path in node halt!
[bt_navigator-17] [WARN] [1790649041.870224027] [bt_navigator]: [navigate_to_pose] [ActionServer] Aborting handle.
[bt_navigator-17] [INFO] [1790649041.870555333] [bt_navigator]: [navigate_to_pose] [ActionServer] Client requested to cancel the goal. Cancelling.
[bt_navigator-17] [INFO] [1790649041.870742773] [bt_navigator]: Goal canceled
[controller_server-13] [INFO] [1790649041.900498829] [controller_server]: Goal was canceled. Stopping the robot.
[controller_server-13] [INFO] [1790649041.900586087] [controller_server]: [follow_path] [ActionServer] Client requested to cancel the goal. Cancelling.
[state_machine_node-24] [WARN] [1790649041.965466749] [state_machine_node]: Waiting for a fresh door-wall normal before alignment.
[door_detection_node-21] [INFO] [1790649042.052346632] [door_detection_node]: YOLO 후보 제외: source=front_left, far small dist=7.11m, conf=0.39, bbox=(97,86,112,153)
[door_detection_node-21] [INFO] [1790649042.436792932] [door_detection_node]: HSV candidate rejected: color=blue, edge-clipped bbox=(127,0,320,240), width_ratio=0.60
[state_machine_node-24] [INFO] [1790649042.830712260] [state_machine_node]: Fine door approach started: observed_blue_16p6_1p6, dist=0.14m, lateral=0.12m, forward=0.07m, yaw_error=30deg
[state_machine_node-24] [INFO] [1790649042.831621979] [state_machine_node]: Fine door final yaw alignment: observed_blue_16p6_1p6, dist=0.14m/0.17m, yaw_error=30deg, cmd=(0.00, -0.25)
[state_machine_node-24] [WARN] [1790649044.637850660] [state_machine_node]: Waiting for a fresh door-wall normal before alignment.
[door_detection_node-21] [INFO] [1790649044.808971301] [door_detection_node]: HSV candidate rejected: color=blue, edge-clipped bbox=(105,0,320,240), width_ratio=0.67
[door_detection_node-21] [INFO] [1790649045.744301380] [door_detection_node]: YOLO 후보 제외: source=front_left, far small dist=7.58m, conf=0.26, bbox=(94,87,110,153)
[state_machine_node-24] [WARN] [1790649047.307691030] [state_machine_node]: Waiting for a fresh door-wall normal before alignment.
[door_detection_node-21] [INFO] [1790649048.940354508] [door_detection_node]: YOLO 후보 제외: source=front_left, far small dist=7.53m, conf=0.26, bbox=(94,87,110,153)
[state_machine_node-24] [WARN] [1790649049.922892297] [state_machine_node]: Waiting for a fresh door-wall normal before alignment.
[door_detection_node-21] [INFO] [1790649051.267940158] [door_detection_node]: HSV candidate rejected: color=blue, edge-clipped bbox=(105,0,320,240), width_ratio=0.67
[state_machine_node-24] [INFO] [1790649051.735729089] [state_machine_node]: Fine door final yaw alignment: observed_blue_16p6_1p6, dist=0.14m/0.17m, yaw_error=25deg, cmd=(0.00, -0.25)
[door_detection_node-21] [INFO] [1790649052.260451294] [door_detection_node]: YOLO 후보 제외: source=front_left, far small dist=8.46m, conf=0.26, bbox=(94,87,110,153)
[state_machine_node-24] [INFO] [1790649052.692365224] [state_machine_node]: Fine door final yaw alignment: observed_blue_16p6_1p6, dist=0.13m/0.17m, yaw_error=20deg, cmd=(0.00, -0.25)
[door_detection_node-21] [INFO] [1790649053.608364302] [door_detection_node]: 문 후보 발행: id=door_blue_f18eb5, source=front, color=blue, dist=1.09m, conf=1.00, bbox=(80,0,295,240), rep_x=187, center_x=187, angle=-6.6deg, center_angle=-6.6deg, lidar=1.08m, visual=1.95m, goal=(16.93,1.44), handle=(18.09,1.91,0.85), handle_obs=True, handle_method=hsv, handle_conf=0.82
[state_machine_node-24] [INFO] [1790649053.634728881] [state_machine_node]: Fine door final yaw alignment: observed_blue_16p6_1p6, dist=0.14m/0.17m, yaw_error=17deg, cmd=(0.00, -0.22)
[state_machine_node-24] [INFO] [1790649053.643398301] [state_machine_node]: 문 접근 목표 보정: door_blue_f18eb5 handle_axis=(18.09, 1.91) goal_axis=(18.09, 0.81) wall_axis=(18.09, 1.91) yaw=90deg
[state_machine_node-24] [INFO] [1790649053.651065321] [state_machine_node]: 문 접근 목표 보정: door_blue_f18eb5 handle_axis=(18.09, 1.91) goal_axis=(18.09, 0.81) wall_axis=(18.09, 1.91) yaw=90deg
[state_machine_node-24] [INFO] [1790649053.676755650] [state_machine_node]: 문 접근 목표 보정: door_blue_f18eb5 handle_axis=(18.09, 1.91) goal_axis=(18.09, 0.81) wall_axis=(18.09, 1.91) yaw=90deg
[state_machine_node-24] [INFO] [1790649054.556260966] [state_machine_node]: Fine door final yaw alignment: observed_blue_16p6_1p6, dist=0.12m/0.17m, yaw_error=11deg, cmd=(0.00, -0.15)
[state_machine_node-24] [INFO] [1790649055.507281131] [state_machine_node]: Fine door final yaw alignment: observed_blue_16p6_1p6, dist=0.13m/0.17m, yaw_error=8deg, cmd=(0.00, -0.10)
[door_detection_node-21] [INFO] [1790649055.796729009] [door_detection_node]: 문 후보 발행: id=door_blue_751481, source=front, color=blue, dist=1.05m, conf=1.00, bbox=(18,0,234,240), rep_x=126, center_x=126, angle=8.3deg, center_angle=8.3deg, lidar=1.05m, visual=1.95m, goal=(17.98,1.14), handle=(18.05,1.85,0.85), handle_obs=True, handle_method=hsv, handle_conf=0.72
[state_machine_node-24] [INFO] [1790649055.802694108] [state_machine_node]: 문 접근 목표 보정: door_blue_751481 handle_axis=(18.05, 1.85) goal_axis=(18.05, 0.75) wall_axis=(18.05, 1.85) yaw=90deg
[state_machine_node-24] [INFO] [1790649055.810367280] [state_machine_node]: 문 접근 목표 보정: door_blue_751481 handle_axis=(18.05, 1.85) goal_axis=(18.05, 0.75) wall_axis=(18.05, 1.85) yaw=90deg
[state_machine_node-24] [INFO] [1790649055.835727585] [state_machine_node]: 문 접근 목표 보정: door_blue_751481 handle_axis=(18.05, 1.85) goal_axis=(18.05, 0.75) wall_axis=(18.05, 1.85) yaw=90deg
[state_machine_node-24] [INFO] [1790649056.451043536] [state_machine_node]: Fine door final yaw alignment: observed_blue_16p6_1p6, dist=0.12m/0.17m, yaw_error=5deg, cmd=(0.00, -0.08)
[door_detection_node-21] [INFO] [1790649056.904322406] [door_detection_node]: HSV candidate rejected: color=blue, edge-clipped bbox=(0,0,211,240), width_ratio=0.66
[state_machine_node-24] [INFO] [1790649057.370125947] [state_machine_node]: 문 앞 정렬 완료. 2.8s 정지 후 개방합니다.
[door_detection_node-21] [INFO] [1790649058.072648052] [door_detection_node]: 문 후보 발행: id=door_green_dbec8b, source=front_right, color=green, dist=3.36m, conf=0.99, bbox=(295,21,320,203), rep_x=307, center_x=307, angle=-102.1deg, center_angle=-102.1deg, lidar=3.36m, visual=2.57m, goal=(19.90,0.64), handle=(21.39,0.46,1.00), handle_obs=False, handle_method=estimated, handle_conf=0.00
[state_machine_node-24] [INFO] [1790649058.076123561] [state_machine_node]: 보조 비상구 관측 저장: door_green_dbec8b (21.4, 0.5)
[door_detection_node-21] [INFO] [1790649059.615766158] [door_detection_node]: 문 후보 발행: id=door_green_dbec8b, source=front_right, color=green, dist=3.38m, conf=0.99, bbox=(295,21,320,203), rep_x=307, center_x=307, angle=-102.1deg, center_angle=-102.1deg, lidar=3.38m, visual=2.57m, goal=(19.92,0.64), handle=(21.41,0.46,1.00), handle_obs=False, handle_method=estimated, handle_conf=0.00
[door_detection_node-21] [INFO] [1790649060.215432405] [door_detection_node]: HSV candidate rejected: color=blue, edge-clipped bbox=(0,0,202,240), width_ratio=0.63
[door_detection_node-21] [INFO] [1790649061.656121999] [door_detection_node]: 문 후보 발행: id=door_green_dbec8b, source=front_right, color=green, dist=3.38m, conf=0.99, bbox=(295,21,320,203), rep_x=307, center_x=307, angle=-102.1deg, center_angle=-102.1deg, lidar=3.38m, visual=2.57m, goal=(19.92,0.64), handle=(21.41,0.46,1.00), handle_obs=False, handle_method=estimated, handle_conf=0.00
[state_machine_node-24] [INFO] [1790649061.658657292] [state_machine_node]: 보조 비상구 관측 저장: door_green_dbec8b (21.4, 0.5)
[state_machine_node-24] [INFO] [1790649062.798979908] [state_machine_node]: 문 접근 목표 보정: observed_blue_17p7_1p9 handle_axis=(17.66, 1.88) goal_axis=(17.66, 0.78) wall_axis=(17.66, 1.88) yaw=90deg
[state_machine_node-24] [WARN] [1790649062.800084161] [state_machine_node]: Final close wall-memory refresh moved observed_blue_16p6_1p6 by 0.30m before opening; returning to Nav2.
[navigation_node-22] [INFO] [1790649062.803484862] [navigation_node]: Navigation goal received: door observed_blue_16p6_1p6 (color=blue, frame=map, x=17.66, y=0.78)
[bt_navigator-17] [INFO] [1790649062.951073704] [bt_navigator]: Begin navigating from current location (18.05, 0.86) to (17.66, 0.78)
[navigation_node-22] [INFO] [1790649062.954874764] [navigation_node]: Navigation goal accepted by Nav2
[controller_server-13] [INFO] [1790649063.152355918] [controller_server]: Received a goal, begin computing control effort.
[door_detection_node-21] [INFO] [1790649063.238772089] [door_detection_node]: 문 후보 발행: id=door_green_dbec8b, source=front_right, color=green, dist=3.41m, conf=0.99, bbox=(295,21,320,203), rep_x=307, center_x=307, angle=-102.1deg, center_angle=-102.1deg, lidar=3.41m, visual=2.57m, goal=(19.95,0.63), handle=(21.44,0.45,1.00), handle_obs=False, handle_method=estimated, handle_conf=0.00
[door_detection_node-21] [INFO] [1790649063.826786517] [door_detection_node]: HSV candidate rejected: color=blue, edge-clipped bbox=(0,0,202,240), width_ratio=0.63
[controller_server-13] [INFO] [1790649064.527955899] [controller_server]: Passing new path to controller.
[state_machine_node-24] [INFO] [1790649064.702166108] [state_machine_node]: 보조 비상구 관측 저장: door_green_dbec8b (21.4, 0.5)
[controller_server-13] [INFO] [1790649065.777915345] [controller_server]: Passing new path to controller.
[door_detection_node-21] [INFO] [1790649065.868310360] [door_detection_node]: 문 후보 발행: id=door_blue_751481, source=front, color=blue, dist=1.06m, conf=1.00, bbox=(10,0,234,240), rep_x=122, center_x=122, angle=9.2deg, center_angle=9.2deg, lidar=1.15m, visual=1.95m, goal=(17.95,1.17), handle=(18.00,1.85,0.85), handle_obs=True, handle_method=hsv, handle_conf=0.76
[state_machine_node-24] [INFO] [1790649065.876766904] [state_machine_node]: 문 접근 목표 보정: door_blue_751481 handle_axis=(18.00, 1.85) goal_axis=(18.00, 0.75) wall_axis=(18.00, 1.85) yaw=90deg
[state_machine_node-24] [INFO] [1790649065.878655033] [state_machine_node]: 문 접근 목표 보정: door_blue_751481 handle_axis=(18.00, 1.85) goal_axis=(18.00, 0.75) wall_axis=(18.00, 1.85) yaw=90deg
[state_machine_node-24] [WARN] [1790649065.879867094] [state_machine_node]: Locked blue target refined from newer observation: observed_blue_16p6_1p6 -> observed_blue_16p6_1p6, goal shift=0.34m, identity=(17.66,1.88) -> (17.67,1.88)
[navigation_node-22] [INFO] [1790649065.881735041] [navigation_node]: Navigation goal received: door observed_blue_16p6_1p6 (color=blue, frame=map, x=18.00, y=0.75)
[navigation_node-22] [WARN] [1790649065.882221932] [navigation_node]: Already navigating. Preempting current goal without an explicit stop before retargeting to: observed_blue_16p6_1p6
[navigation_node-22] [INFO] [1790649066.042860465] [navigation_node]: Navigation goal accepted by Nav2
[bt_navigator-17] [INFO] [1790649066.051360873] [bt_navigator]: Received goal preemption request
[bt_navigator-17] [INFO] [1790649066.051877824] [bt_navigator]: Begin navigating from current location (18.06, 0.94) to (18.00, 0.75)
[door_detection_node-21] [INFO] [1790649066.256032306] [door_detection_node]: YOLO 후보 제외: source=front_left, far small dist=6.99m, conf=0.35, bbox=(89,85,104,153)
[state_machine_node-24] [INFO] [1790649066.542971536] [state_machine_node]: Nav2 goal is close enough for fine door alignment: observed_blue_16p6_1p6, dist=0.20m/0.38m, lateral=0.17m/0.24m, yaw_error=33deg.
[state_machine_node-24] [INFO] [1790649066.544028889] [state_machine_node]: Nav2 goal cancellation requested before door fine alignment.
[navigation_node-22] [INFO] [1790649066.544227898] [navigation_node]: Navigation cancellation requested for manual control handoff.
[bt_navigator-17] [ERROR] [1790649066.572158264] [bt_navigator_navigate_to_pose_rclcpp_node]: Failed to get result for follow_path in node halt!
[bt_navigator-17] [INFO] [1790649066.572472721] [bt_navigator]: [navigate_to_pose] [ActionServer] Client requested to cancel the goal. Cancelling.
[bt_navigator-17] [INFO] [1790649066.572919522] [bt_navigator]: Goal canceled
[state_machine_node-24] [INFO] [1790649066.608041004] [state_machine_node]: Fine door approach started: observed_blue_16p6_1p6, dist=0.20m, lateral=0.17m, forward=-0.11m, yaw_error=33deg
[state_machine_node-24] [INFO] [1790649066.608966599] [state_machine_node]: Fine door parking translation: observed_blue_16p6_1p6, dist=0.20m/0.17m, heading_error=123deg, cmd=(0.00, 0.25)
[controller_server-13] [INFO] [1790649066.652909900] [controller_server]: Goal was canceled. Stopping the robot.
[controller_server-13] [INFO] [1790649066.653000584] [controller_server]: [follow_path] [ActionServer] Client requested to cancel the goal. Cancelling.
[planner_server-15] [INFO] [1790649067.153994768] [global_costmap.global_costmap]: StaticLayer: Resizing static layer to 476 X 89 at 0.050000 m/pix
[door_detection_node-21] [INFO] [1790649067.504453341] [door_detection_node]: 문 후보 발행: id=door_blue_f18eb5, source=front, color=blue, dist=1.05m, conf=1.00, bbox=(144,0,320,240), rep_x=232, center_x=232, angle=-17.1deg, center_angle=-17.1deg, lidar=1.06m, visual=1.95m, goal=(16.94,1.00), handle=(17.83,1.88,0.85), handle_obs=True, handle_method=hsv, handle_conf=0.95
[state_machine_node-24] [INFO] [1790649067.527752046] [state_machine_node]: Fine door parking translation: observed_blue_16p6_1p6, dist=0.22m/0.17m, heading_error=117deg, cmd=(0.00, 0.25)
[state_machine_node-24] [INFO] [1790649067.535130884] [state_machine_node]: 문 접근 목표 보정: door_blue_f18eb5 handle_axis=(17.83, 1.88) goal_axis=(17.83, 0.78) wall_axis=(17.83, 1.88) yaw=90deg
[state_machine_node-24] [INFO] [1790649067.539988685] [state_machine_node]: 문 접근 목표 보정: door_blue_f18eb5 handle_axis=(17.83, 1.88) goal_axis=(17.83, 0.78) wall_axis=(17.83, 1.88) yaw=90deg
[state_machine_node-24] [INFO] [1790649067.564957925] [state_machine_node]: 문 접근 목표 보정: door_blue_f18eb5 handle_axis=(17.83, 1.88) goal_axis=(17.83, 0.78) wall_axis=(17.83, 1.88) yaw=90deg
[door_detection_node-21] [INFO] [1790649067.911619347] [door_detection_node]: Side camera LiDAR range looks occluded; using visual range instead (source=front_left, lidar=1.55m, visual=2.74m)
[state_machine_node-24] [INFO] [1790649068.476014393] [state_machine_node]: Fine door parking translation: observed_blue_16p6_1p6, dist=0.21m/0.17m, heading_error=116deg, cmd=(0.00, 0.25)
[door_detection_node-21] [INFO] [1790649069.372708781] [door_detection_node]: 문 후보 발행: id=door_blue_0214b9, source=front_right, color=blue, dist=0.94m, conf=0.91, bbox=(0,144,75,240), rep_x=37, center_x=37, angle=-42.3deg, center_angle=-42.3deg, lidar=1.00m, visual=4.88m, goal=(17.13,0.96), handle=(17.96,1.89,1.00), handle_obs=False, handle_method=estimated, handle_conf=0.00
[state_machine_node-24] [INFO] [1790649069.378467539] [state_machine_node]: 문 접근 목표 보정: door_blue_0214b9 handle_axis=(17.96, 1.89) goal_axis=(17.96, 0.79) wall_axis=(17.96, 1.89) yaw=90deg
[state_machine_node-24] [INFO] [1790649069.383555586] [state_machine_node]: 문 접근 목표 보정: door_blue_0214b9 handle_axis=(17.96, 1.89) goal_axis=(17.96, 0.79) wall_axis=(17.96, 1.89) yaw=90deg
[state_machine_node-24] [INFO] [1790649069.409681627] [state_machine_node]: 문 접근 목표 보정: door_blue_0214b9 handle_axis=(17.96, 1.89) goal_axis=(17.96, 0.79) wall_axis=(17.96, 1.89) yaw=90deg
[state_machine_node-24] [INFO] [1790649069.459908520] [state_machine_node]: Fine door parking translation: observed_blue_16p6_1p6, dist=0.21m/0.17m, heading_error=114deg, cmd=(0.00, 0.25)
[state_machine_node-24] [INFO] [1790649069.823381674] [state_machine_node]: 문 접근 목표 보정: door_blue_0214b9 handle_axis=(17.95, 1.95) goal_axis=(17.95, 0.85) wall_axis=(17.95, 1.95) yaw=90deg
[state_machine_node-24] [INFO] [1790649069.828680172] [state_machine_node]: 문 접근 목표 보정: door_blue_0214b9 handle_axis=(17.95, 1.95) goal_axis=(17.95, 0.85) wall_axis=(17.95, 1.95) yaw=90deg
[state_machine_node-24] [INFO] [1790649069.849563385] [state_machine_node]: 문 접근 목표 보정: door_blue_0214b9 handle_axis=(17.95, 1.95) goal_axis=(17.95, 0.85) wall_axis=(17.95, 1.95) yaw=90deg
[door_detection_node-21] [INFO] [1790649070.408861844] [door_detection_node]: Side camera LiDAR range looks occluded; using visual range instead (source=front_left, lidar=1.44m, visual=2.66m)
[state_machine_node-24] [INFO] [1790649070.410461415] [state_machine_node]: Fine door parking translation: observed_blue_16p6_1p6, dist=0.21m/0.17m, heading_error=107deg, cmd=(0.00, 0.25)
[door_detection_node-21] [INFO] [1790649070.864745042] [door_detection_node]: YOLO 후보 제외: source=front_left, far small dist=7.00m, conf=0.33, bbox=(200,85,216,154)
[state_machine_node-24] [INFO] [1790649071.354875882] [state_machine_node]: Fine door parking translation: observed_blue_16p6_1p6, dist=0.22m/0.17m, heading_error=98deg, cmd=(0.00, 0.25)
[door_detection_node-21] [INFO] [1790649071.885927099] [door_detection_node]: 문 후보 발행: id=door_blue_0214b9, source=front_right, color=blue, dist=1.00m, conf=1.00, bbox=(0,0,145,240), rep_x=72, center_x=72, angle=-49.4deg, center_angle=-49.4deg, lidar=0.96m, visual=1.95m, goal=(17.26,0.85), handle=(17.89,1.94,1.00), handle_obs=False, handle_method=estimated, handle_conf=0.00
[state_machine_node-24] [INFO] [1790649071.893598509] [state_machine_node]: 문 접근 목표 보정: door_blue_0214b9 handle_axis=(17.89, 1.94) goal_axis=(17.89, 0.84) wall_axis=(17.89, 1.94) yaw=90deg
[state_machine_node-24] [INFO] [1790649071.898212275] [state_machine_node]: 문 접근 목표 보정: door_blue_0214b9 handle_axis=(17.89, 1.94) goal_axis=(17.89, 0.84) wall_axis=(17.89, 1.94) yaw=90deg
[state_machine_node-24] [INFO] [1790649071.921665260] [state_machine_node]: 문 접근 목표 보정: door_blue_0214b9 handle_axis=(17.89, 1.94) goal_axis=(17.89, 0.84) wall_axis=(17.89, 1.94) yaw=90deg
[state_machine_node-24] [INFO] [1790649072.305454555] [state_machine_node]: Fine door parking translation: observed_blue_16p6_1p6, dist=0.22m/0.17m, heading_error=94deg, cmd=(0.00, 0.25)
[door_detection_node-21] [INFO] [1790649073.238554926] [door_detection_node]: HSV candidate rejected: color=blue, edge-clipped bbox=(0,0,200,240), width_ratio=0.62
[state_machine_node-24] [INFO] [1790649073.240343522] [state_machine_node]: Fine door parking translation: observed_blue_16p6_1p6, dist=0.23m/0.17m, heading_error=92deg, cmd=(0.00, 0.25)
[state_machine_node-24] [INFO] [1790649074.180910966] [state_machine_node]: Fine door parking translation: observed_blue_16p6_1p6, dist=0.23m/0.17m, heading_error=91deg, cmd=(0.00, 0.25)
[door_detection_node-21] [INFO] [1790649074.514467811] [door_detection_node]: Side camera LiDAR range looks occluded; using visual range instead (source=front_left, lidar=1.48m, visual=2.96m)
[door_detection_node-21] [INFO] [1790649074.990348467] [door_detection_node]: YOLO 후보 제외: source=front_left, far small dist=6.75m, conf=0.22, bbox=(304,76,319,161)
[state_machine_node-24] [INFO] [1790649075.139205979] [state_machine_node]: Fine door parking translation: observed_blue_16p6_1p6, dist=0.24m/0.17m, heading_error=84deg, cmd=(0.00, 0.25)
[door_detection_node-21] [INFO] [1790649075.432753865] [door_detection_node]: HSV candidate rejected: color=blue, edge-clipped bbox=(0,0,277,240), width_ratio=0.87
[door_detection_node-21] [INFO] [1790649075.829635500] [door_detection_node]: YOLO 후보 제외: source=front, color=blue, dist=7.45m > 6.80m, bbox=(14,80,34,158)
[state_machine_node-24] [INFO] [1790649076.077669268] [state_machine_node]: Fine door parking translation: observed_blue_16p6_1p6, dist=0.26m/0.17m, heading_error=75deg, cmd=(0.00, 0.25)
[state_machine_node-24] [INFO] [1790649077.042370020] [state_machine_node]: Fine door parking translation: observed_blue_16p6_1p6, dist=0.26m/0.17m, heading_error=69deg, cmd=(0.00, 0.25)
[door_detection_node-21] [INFO] [1790649077.952855671] [door_detection_node]: Side camera LiDAR range looks occluded; using visual range instead (source=front_left, lidar=1.53m, visual=2.89m)
[state_machine_node-24] [INFO] [1790649078.002903089] [state_machine_node]: Fine door parking translation: observed_blue_16p6_1p6, dist=0.27m/0.17m, heading_error=64deg, cmd=(0.00, 0.25)
[state_machine_node-24] [INFO] [1790649078.947753647] [state_machine_node]: Fine door parking translation: observed_blue_16p6_1p6, dist=0.29m/0.17m, heading_error=58deg, cmd=(0.00, 0.25)
[door_detection_node-21] [INFO] [1790649078.971404824] [door_detection_node]: HSV candidate rejected: color=blue, edge-clipped bbox=(130,0,320,240), width_ratio=0.59
[state_machine_node-24] [INFO] [1790649079.921893975] [state_machine_node]: Fine door parking translation: observed_blue_16p6_1p6, dist=0.30m/0.17m, heading_error=57deg, cmd=(0.00, 0.25)
[state_machine_node-24] [INFO] [1790649080.866761254] [state_machine_node]: Fine door parking translation: observed_blue_16p6_1p6, dist=0.30m/0.17m, heading_error=49deg, cmd=(0.00, 0.25)
[door_detection_node-21] [INFO] [1790649081.035548629] [door_detection_node]: 문 후보 발행: id=door_blue_7d6448, source=front_right, color=blue, dist=1.06m, conf=0.33, bbox=(167,0,318,240), rep_x=242, center_x=242, angle=-89.3deg, center_angle=-89.3deg, lidar=1.02m, visual=1.95m, goal=(18.12,0.87), handle=(17.62,2.01,1.00), handle_obs=False, handle_method=estimated, handle_conf=0.00
[state_machine_node-24] [INFO] [1790649081.039797833] [state_machine_node]: 문 접근 목표 보정: door_blue_7d6448 handle_axis=(17.62, 2.01) goal_axis=(17.62, 0.91) wall_axis=(17.62, 2.01) yaw=90deg
[state_machine_node-24] [INFO] [1790649081.044356821] [state_machine_node]: 문 접근 목표 보정: door_blue_7d6448 handle_axis=(17.62, 2.01) goal_axis=(17.62, 0.91) wall_axis=(17.62, 2.01) yaw=90deg
[state_machine_node-24] [INFO] [1790649081.045800109] [state_machine_node]: 문 접근 목표 보정: door_blue_7d6448 handle_axis=(17.62, 2.01) goal_axis=(17.62, 0.91) wall_axis=(17.62, 2.01) yaw=90deg
[state_machine_node-24] [INFO] [1790649081.822855061] [state_machine_node]: Fine door parking translation: observed_blue_16p6_1p6, dist=0.32m/0.17m, heading_error=44deg, cmd=(0.00, 0.25)
[door_detection_node-21] [INFO] [1790649082.780413814] [door_detection_node]: Side camera LiDAR range looks too long for the visible door; using visual range (source=front_right, lidar=4.93m, visual=3.14m)
[state_machine_node-24] [INFO] [1790649082.782208076] [state_machine_node]: Fine door parking translation: observed_blue_16p6_1p6, dist=0.33m/0.17m, heading_error=40deg, cmd=(0.00, 0.25)
[door_detection_node-21] [INFO] [1790649083.591137165] [door_detection_node]: 문 후보 발행: id=door_blue_7d6448, source=front_right, color=blue, dist=1.14m, conf=0.36, bbox=(230,0,319,239), rep_x=274, center_x=274, angle=-96.0deg, center_angle=-96.0deg, lidar=1.12m, visual=1.96m, goal=(18.24,1.04), handle=(17.52,2.07,1.00), handle_obs=False, handle_method=estimated, handle_conf=0.00
[state_machine_node-24] [INFO] [1790649083.596135432] [state_machine_node]: 문 접근 목표 보정: door_blue_7d6448 handle_axis=(17.52, 2.07) goal_axis=(17.52, 0.97) wall_axis=(17.52, 2.07) yaw=90deg
[state_machine_node-24] [INFO] [1790649083.601450308] [state_machine_node]: 문 접근 목표 보정: door_blue_7d6448 handle_axis=(17.52, 2.07) goal_axis=(17.52, 0.97) wall_axis=(17.52, 2.07) yaw=90deg
[state_machine_node-24] [INFO] [1790649083.622618213] [state_machine_node]: 문 접근 목표 보정: door_blue_7d6448 handle_axis=(17.52, 2.07) goal_axis=(17.52, 0.97) wall_axis=(17.52, 2.07) yaw=90deg
[state_machine_node-24] [INFO] [1790649083.739494621] [state_machine_node]: Fine door parking translation: observed_blue_16p6_1p6, dist=0.33m/0.17m, heading_error=33deg, cmd=(0.00, 0.25)
[state_machine_node-24] [INFO] [1790649084.695754552] [state_machine_node]: Fine door parking translation: observed_blue_16p6_1p6, dist=0.32m/0.17m, heading_error=28deg, cmd=(0.00, 0.25)
[door_detection_node-21] [INFO] [1790649085.069458405] [door_detection_node]: YOLO 후보 제외: source=front_right, edge-clipped bbox=(279,0,319,240)
[state_machine_node-24] [INFO] [1790649085.667960762] [state_machine_node]: Fine door parking translation: observed_blue_16p6_1p6, dist=0.33m/0.17m, heading_error=26deg, cmd=(0.07, 0.14)
[door_detection_node-21] [INFO] [1790649086.535349886] [door_detection_node]: YOLO 후보 제외: source=front, far small dist=6.50m, conf=0.44, bbox=(266,83,283,155)
[state_machine_node-24] [INFO] [1790649086.634545515] [state_machine_node]: Fine door parking translation: observed_blue_16p6_1p6, dist=0.30m/0.17m, heading_error=26deg, cmd=(0.07, 0.14)
[state_machine_node-24] [INFO] [1790649087.606417011] [state_machine_node]: Fine door parking translation: observed_blue_16p6_1p6, dist=0.27m/0.17m, heading_error=24deg, cmd=(0.07, 0.14)
[state_machine_node-24] [INFO] [1790649088.572390901] [state_machine_node]: Fine door parking translation: observed_blue_16p6_1p6, dist=0.23m/0.17m, heading_error=29deg, cmd=(0.00, 0.25)
[door_detection_node-21] [INFO] [1790649089.155911440] [door_detection_node]: 문 후보 발행: id=door_blue_d2a340, source=front, color=blue, dist=5.78m, conf=0.30, bbox=(296,77,319,158), rep_x=307, center_x=307, angle=-32.1deg, center_angle=-32.1deg, lidar=2.77m, visual=5.78m, goal=(13.69,-1.90), handle=(12.67,-1.16,1.00), handle_obs=True, handle_method=estimated, handle_conf=0.00
[state_machine_node-24] [INFO] [1790649089.159096198] [state_machine_node]: blue candidate (12.7, -1.2) rejected: same-wall blue observation is inside the opened-door remnant window (opened_progress=11.0m, gap=1.6m, window=2.4m).
[state_machine_node-24] [INFO] [1790649089.163612769] [state_machine_node]: Blue candidate door_blue_d2a340 recorded with door-body progress and observed wall side because its direct projection was center-biased or crossed the corridor.
[state_machine_node-24] [INFO] [1790649089.165312021] [state_machine_node]: 문 접근 목표 보정: door_blue_d2a340 handle_axis=(12.67, -1.16) goal_axis=(12.67, -0.06) wall_axis=(12.67, -1.16) yaw=-90deg
[state_machine_node-24] [INFO] [1790649089.523168624] [state_machine_node]: Fine door parking translation: observed_blue_16p6_1p6, dist=0.23m/0.17m, heading_error=26deg, cmd=(0.07, 0.14)
[state_machine_node-24] [INFO] [1790649090.537380307] [state_machine_node]: Fine door parking translation: observed_blue_16p6_1p6, dist=0.20m/0.17m, heading_error=25deg, cmd=(0.07, 0.14)
[state_machine_node-24] [INFO] [1790649091.492285257] [state_machine_node]: Fine door final yaw alignment: observed_blue_16p6_1p6, dist=0.16m/0.17m, yaw_error=151deg, cmd=(0.00, -0.25)
[door_detection_node-21] [INFO] [1790649091.799949175] [door_detection_node]: Side camera visual fallback rejected (source=front_right, lidar=2.82m, visual=6.16m > 4.50m)
[state_machine_node-24] [INFO] [1790649092.461572261] [state_machine_node]: Fine door final yaw alignment: observed_blue_16p6_1p6, dist=0.16m/0.17m, yaw_error=147deg, cmd=(0.00, -0.25)
[door_detection_node-21] [INFO] [1790649092.726245811] [door_detection_node]: YOLO 후보 제외: source=front_left, edge-clipped bbox=(0,28,40,192)
[state_machine_node-24] [INFO] [1790649093.451237905] [state_machine_node]: Fine door final yaw alignment: observed_blue_16p6_1p6, dist=0.16m/0.17m, yaw_error=141deg, cmd=(0.00, -0.25)
[door_detection_node-21] [INFO] [1790649093.847184487] [door_detection_node]: Side camera LiDAR range looks too long for the visible door; using visual range (source=front_right, lidar=8.62m, visual=5.38m)
[door_detection_node-21] [INFO] [1790649093.870420512] [door_detection_node]: YOLO 후보 제외: source=front_right, far small dist=5.38m, conf=0.30, bbox=(0,78,15,165)
[state_machine_node-24] [INFO] [1790649094.475822901] [state_machine_node]: Fine door final yaw alignment: observed_blue_16p6_1p6, dist=0.17m/0.17m, yaw_error=137deg, cmd=(0.00, -0.25)
[state_machine_node-24] [INFO] [1790649095.448101066] [state_machine_node]: Fine door final yaw alignment: observed_blue_16p6_1p6, dist=0.16m/0.17m, yaw_error=132deg, cmd=(0.00, -0.25)
[state_machine_node-24] [INFO] [1790649096.403880638] [state_machine_node]: Fine door final yaw alignment: observed_blue_16p6_1p6, dist=0.17m/0.17m, yaw_error=126deg, cmd=(0.00, -0.25)
[door_detection_node-21] [INFO] [1790649096.878403631] [door_detection_node]: Front lateral LiDAR range looks too long for the visible door; using visual range (lidar=9.51m, visual=6.50m)
[door_detection_node-21] [INFO] [1790649096.879133837] [door_detection_node]: YOLO 후보 제외: source=front, far small dist=6.50m, conf=0.45, bbox=(258,83,275,155)
[state_machine_node-24] [INFO] [1790649097.376963590] [state_machine_node]: Fine door final yaw alignment: observed_blue_16p6_1p6, dist=0.17m/0.17m, yaw_error=125deg, cmd=(0.00, -0.25)
[state_machine_node-24] [INFO] [1790649098.354848283] [state_machine_node]: Fine door final yaw alignment: observed_blue_16p6_1p6, dist=0.18m/0.17m, yaw_error=120deg, cmd=(0.00, -0.25)
[state_machine_node-24] [INFO] [1790649099.316893199] [state_machine_node]: Fine door final yaw alignment: observed_blue_16p6_1p6, dist=0.18m/0.17m, yaw_error=115deg, cmd=(0.00, -0.25)
[door_detection_node-21] [INFO] [1790649099.605354829] [door_detection_node]: 문 후보 발행: id=door_blue_7d6448, source=front_right, color=blue, dist=1.16m, conf=0.42, bbox=(272,0,320,240), rep_x=296, center_x=296, angle=-100.2deg, center_angle=-100.2deg, lidar=1.14m, visual=1.95m, goal=(18.21,0.93), handle=(17.58,2.02,1.00), handle_obs=False, handle_method=estimated, handle_conf=0.00
[state_machine_node-24] [INFO] [1790649099.610105115] [state_machine_node]: 문 접근 목표 보정: door_blue_7d6448 handle_axis=(17.58, 2.02) goal_axis=(17.58, 0.92) wall_axis=(17.58, 2.02) yaw=90deg
[state_machine_node-24] [INFO] [1790649099.614059002] [state_machine_node]: 문 접근 목표 보정: door_blue_7d6448 handle_axis=(17.58, 2.02) goal_axis=(17.58, 0.92) wall_axis=(17.58, 2.02) yaw=90deg
[state_machine_node-24] [INFO] [1790649099.637171450] [state_machine_node]: 문 접근 목표 보정: door_blue_7d6448 handle_axis=(17.58, 2.02) goal_axis=(17.58, 0.92) wall_axis=(17.58, 2.02) yaw=90deg
[state_machine_node-24] [INFO] [1790649100.302287076] [state_machine_node]: Fine door final yaw alignment: observed_blue_16p6_1p6, dist=0.16m/0.17m, yaw_error=111deg, cmd=(0.00, -0.25)
[door_detection_node-21] [INFO] [1790649101.160591108] [door_detection_node]: Side camera LiDAR range looks too long for the visible door; using visual range (source=front_right, lidar=3.79m, visual=2.66m)
[state_machine_node-24] [INFO] [1790649101.275216003] [state_machine_node]: Fine door final yaw alignment: observed_blue_16p6_1p6, dist=0.15m/0.17m, yaw_error=104deg, cmd=(0.00, -0.25)
[door_detection_node-21] [INFO] [1790649101.990753488] [door_detection_node]: 문 후보 발행: id=door_blue_7d6448, source=front_right, color=blue, dist=1.04m, conf=0.30, bbox=(221,0,320,240), rep_x=270, center_x=270, angle=-95.2deg, center_angle=-95.2deg, lidar=1.09m, visual=1.95m, goal=(18.13,0.75), handle=(17.69,1.92,1.00), handle_obs=False, handle_method=estimated, handle_conf=0.00
[state_machine_node-24] [INFO] [1790649101.999384986] [state_machine_node]: 문 접근 목표 보정: door_blue_7d6448 handle_axis=(17.69, 1.92) goal_axis=(17.69, 0.82) wall_axis=(17.69, 1.92) yaw=90deg
[state_machine_node-24] [INFO] [1790649102.004887109] [state_machine_node]: 문 접근 목표 보정: door_blue_7d6448 handle_axis=(17.69, 1.92) goal_axis=(17.69, 0.82) wall_axis=(17.69, 1.92) yaw=90deg
[state_machine_node-24] [INFO] [1790649102.006407077] [state_machine_node]: 문 접근 목표 보정: door_blue_7d6448 handle_axis=(17.69, 1.92) goal_axis=(17.69, 0.82) wall_axis=(17.69, 1.92) yaw=90deg
[state_machine_node-24] [INFO] [1790649102.228045986] [state_machine_node]: Fine door final yaw alignment: observed_blue_16p6_1p6, dist=0.15m/0.17m, yaw_error=101deg, cmd=(0.00, -0.25)
[door_detection_node-21] [INFO] [1790649102.413393436] [door_detection_node]: Side camera LiDAR range looks occluded; using visual range instead (source=front_left, lidar=1.37m, visual=2.60m)
[state_machine_node-24] [INFO] [1790649103.198713703] [state_machine_node]: Fine door final yaw alignment: observed_blue_16p6_1p6, dist=0.14m/0.17m, yaw_error=97deg, cmd=(0.00, -0.25)
[door_detection_node-21] [INFO] [1790649103.906465819] [door_detection_node]: 문 후보 발행: id=door_blue_2db639, source=front_right, color=blue, dist=1.10m, conf=0.24, bbox=(153,0,318,240), rep_x=235, center_x=235, angle=-87.8deg, center_angle=-87.8deg, lidar=1.07m, visual=1.95m, goal=(17.96,0.75), handle=(17.77,1.98,1.00), handle_obs=False, handle_method=estimated, handle_conf=0.00
[state_machine_node-24] [INFO] [1790649103.911477756] [state_machine_node]: 문 접근 목표 보정: door_blue_2db639 handle_axis=(17.77, 1.98) goal_axis=(17.77, 0.88) wall_axis=(17.77, 1.98) yaw=90deg
[state_machine_node-24] [INFO] [1790649103.915939335] [state_machine_node]: 문 접근 목표 보정: door_blue_2db639 handle_axis=(17.77, 1.98) goal_axis=(17.77, 0.88) wall_axis=(17.77, 1.98) yaw=90deg
[state_machine_node-24] [INFO] [1790649103.917342238] [state_machine_node]: 문 접근 목표 보정: door_blue_2db639 handle_axis=(17.77, 1.98) goal_axis=(17.77, 0.88) wall_axis=(17.77, 1.98) yaw=90deg
[state_machine_node-24] [INFO] [1790649104.199910441] [state_machine_node]: Fine door final yaw alignment: observed_blue_16p6_1p6, dist=0.14m/0.17m, yaw_error=89deg, cmd=(0.00, -0.25)
[door_detection_node-21] [INFO] [1790649104.418636904] [door_detection_node]: Side camera LiDAR range looks occluded; using visual range instead (source=front_left, lidar=1.38m, visual=2.77m)
[state_machine_node-24] [INFO] [1790649105.182445999] [state_machine_node]: Fine door final yaw alignment: observed_blue_16p6_1p6, dist=0.11m/0.17m, yaw_error=83deg, cmd=(0.00, -0.25)
[door_detection_node-21] [INFO] [1790649105.393477754] [door_detection_node]: HSV candidate rejected: color=blue, edge-clipped bbox=(95,0,320,240), width_ratio=0.70
[door_detection_node-21] [INFO] [1790649105.797542298] [door_detection_node]: Front lateral LiDAR range looks too long for the visible door; using visual range (lidar=8.44m, visual=6.32m)
[door_detection_node-21] [INFO] [1790649105.804242078] [door_detection_node]: YOLO 후보 제외: source=front, far small dist=6.32m, conf=0.48, bbox=(35,82,53,156)
[state_machine_node-24] [INFO] [1790649106.167701571] [state_machine_node]: Fine door final yaw alignment: observed_blue_16p6_1p6, dist=0.11m/0.17m, yaw_error=78deg, cmd=(0.00, -0.25)
[door_detection_node-21] [INFO] [1790649106.703605541] [door_detection_node]: Side camera LiDAR range looks occluded; using visual range instead (source=front_left, lidar=1.34m, visual=2.82m)
[state_machine_node-24] [INFO] [1790649107.146051416] [state_machine_node]: Fine door final yaw alignment: observed_blue_16p6_1p6, dist=0.09m/0.17m, yaw_error=71deg, cmd=(0.00, -0.25)
[state_machine_node-24] [INFO] [1790649108.105634638] [state_machine_node]: Fine door final yaw alignment: observed_blue_16p6_1p6, dist=0.07m/0.17m, yaw_error=66deg, cmd=(0.00, -0.25)
[door_detection_node-21] [INFO] [1790649108.205839086] [door_detection_node]: 문 후보 발행: id=door_blue_864479, source=front_right, color=blue, dist=1.11m, conf=1.00, bbox=(15,0,254,240), rep_x=134, center_x=134, angle=-63.7deg, center_angle=-63.7deg, lidar=1.08m, visual=1.95m, goal=(17.81,0.64), handle=(18.19,1.83,0.85), handle_obs=True, handle_method=hsv, handle_conf=0.69
[state_machine_node-24] [INFO] [1790649108.212664027] [state_machine_node]: 문 접근 목표 보정: door_blue_864479 handle_axis=(18.19, 1.83) goal_axis=(18.19, 0.73) wall_axis=(18.19, 1.83) yaw=90deg
[state_machine_node-24] [INFO] [1790649108.219031738] [state_machine_node]: 문 접근 목표 보정: door_blue_864479 handle_axis=(18.19, 1.83) goal_axis=(18.19, 0.73) wall_axis=(18.19, 1.83) yaw=90deg
[state_machine_node-24] [INFO] [1790649108.242619458] [state_machine_node]: 문 접근 목표 보정: door_blue_864479 handle_axis=(18.19, 1.83) goal_axis=(18.19, 0.73) wall_axis=(18.19, 1.83) yaw=90deg
[door_detection_node-21] [INFO] [1790649109.048491951] [door_detection_node]: Side camera LiDAR range looks too long for the visible door; using visual range (source=front_left, lidar=9.43m, visual=6.24m)
[door_detection_node-21] [INFO] [1790649109.061879459] [door_detection_node]: YOLO 후보 제외: source=front_left, far small dist=6.24m, conf=0.50, bbox=(274,81,292,156)
[state_machine_node-24] [INFO] [1790649109.076382804] [state_machine_node]: Fine door final yaw alignment: observed_blue_16p6_1p6, dist=0.06m/0.17m, yaw_error=61deg, cmd=(0.00, -0.25)
[door_detection_node-21] [INFO] [1790649109.585412835] [door_detection_node]: HSV candidate rejected: color=blue, edge-clipped bbox=(0,0,195,240), width_ratio=0.61
[state_machine_node-24] [INFO] [1790649110.035870472] [state_machine_node]: Fine door final yaw alignment: observed_blue_16p6_1p6, dist=0.05m/0.17m, yaw_error=56deg, cmd=(0.00, -0.25)
[door_detection_node-21] [INFO] [1790649110.240998084] [door_detection_node]: Side camera LiDAR range looks occluded; using visual range instead (source=front_left, lidar=1.26m, visual=2.59m)
[state_machine_node-24] [INFO] [1790649111.025087449] [state_machine_node]: Fine door final yaw alignment: observed_blue_16p6_1p6, dist=0.06m/0.17m, yaw_error=53deg, cmd=(0.00, -0.25)
[door_detection_node-21] [INFO] [1790649111.660631565] [door_detection_node]: 문 후보 발행: id=door_blue_0214b9, source=front_right, color=blue, dist=1.15m, conf=1.00, bbox=(0,0,154,240), rep_x=77, center_x=77, angle=-50.5deg, center_angle=-50.5deg, lidar=1.16m, visual=1.95m, goal=(17.17,0.94), handle=(17.90,1.95,1.00), handle_obs=False, handle_method=estimated, handle_conf=0.00
[state_machine_node-24] [INFO] [1790649111.666519732] [state_machine_node]: 문 접근 목표 보정: door_blue_0214b9 handle_axis=(17.90, 1.95) goal_axis=(17.90, 0.85) wall_axis=(17.90, 1.95) yaw=90deg
[state_machine_node-24] [INFO] [1790649111.671715717] [state_machine_node]: 문 접근 목표 보정: door_blue_0214b9 handle_axis=(17.90, 1.95) goal_axis=(17.90, 0.85) wall_axis=(17.90, 1.95) yaw=90deg
[state_machine_node-24] [INFO] [1790649111.696133699] [state_machine_node]: 문 접근 목표 보정: door_blue_0214b9 handle_axis=(17.90, 1.95) goal_axis=(17.90, 0.85) wall_axis=(17.90, 1.95) yaw=90deg
[state_machine_node-24] [INFO] [1790649112.012486602] [state_machine_node]: Fine door final yaw alignment: observed_blue_16p6_1p6, dist=0.07m/0.17m, yaw_error=46deg, cmd=(0.00, -0.25)
[door_detection_node-21] [INFO] [1790649112.641544701] [door_detection_node]: YOLO 후보 제외: source=front_left, far small dist=9.14m, conf=0.35, bbox=(193,86,208,154)
[state_machine_node-24] [INFO] [1790649112.973950689] [state_machine_node]: Fine door final yaw alignment: observed_blue_16p6_1p6, dist=0.05m/0.17m, yaw_error=41deg, cmd=(0.00, -0.25)
[door_detection_node-21] [INFO] [1790649113.589465487] [door_detection_node]: 문 후보 발행: id=door_blue_0214b9, source=front_right, color=blue, dist=1.08m, conf=1.00, bbox=(0,0,106,240), rep_x=53, center_x=53, angle=-45.4deg, center_angle=-45.4deg, lidar=1.12m, visual=1.95m, goal=(17.10,1.00), handle=(17.98,1.89,1.00), handle_obs=False, handle_method=estimated, handle_conf=0.00
[state_machine_node-24] [INFO] [1790649113.594001043] [state_machine_node]: 문 접근 목표 보정: door_blue_0214b9 handle_axis=(17.98, 1.89) goal_axis=(17.98, 0.79) wall_axis=(17.98, 1.89) yaw=90deg
[state_machine_node-24] [INFO] [1790649113.598310722] [state_machine_node]: 문 접근 목표 보정: door_blue_0214b9 handle_axis=(17.98, 1.89) goal_axis=(17.98, 0.79) wall_axis=(17.98, 1.89) yaw=90deg
[state_machine_node-24] [INFO] [1790649113.622532585] [state_machine_node]: 문 접근 목표 보정: door_blue_0214b9 handle_axis=(17.98, 1.89) goal_axis=(17.98, 0.79) wall_axis=(17.98, 1.89) yaw=90deg
[state_machine_node-24] [INFO] [1790649113.948323512] [state_machine_node]: Fine door final yaw alignment: observed_blue_16p6_1p6, dist=0.06m/0.17m, yaw_error=39deg, cmd=(0.00, -0.25)
[door_detection_node-21] [INFO] [1790649114.133031376] [door_detection_node]: Side camera LiDAR range looks occluded; using visual range instead (source=front_left, lidar=1.37m, visual=2.41m)
[state_machine_node-24] [INFO] [1790649114.923321057] [state_machine_node]: Fine door final yaw alignment: observed_blue_16p6_1p6, dist=0.05m/0.17m, yaw_error=31deg, cmd=(0.00, -0.25)
[door_detection_node-21] [INFO] [1790649115.540064411] [door_detection_node]: 문 후보 발행: id=door_blue_0214b9, source=front_right, color=blue, dist=1.07m, conf=0.68, bbox=(0,139,54,240), rep_x=27, center_x=27, angle=-40.4deg, center_angle=-40.4deg, lidar=1.08m, visual=4.63m, goal=(17.05,1.12), handle=(18.05,1.87,1.00), handle_obs=False, handle_method=estimated, handle_conf=0.00
[state_machine_node-24] [INFO] [1790649115.547207868] [state_machine_node]: 문 접근 목표 보정: door_blue_0214b9 handle_axis=(18.05, 1.87) goal_axis=(18.05, 0.77) wall_axis=(18.05, 1.87) yaw=90deg
[state_machine_node-24] [INFO] [1790649115.551861236] [state_machine_node]: 문 접근 목표 보정: door_blue_0214b9 handle_axis=(18.05, 1.87) goal_axis=(18.05, 0.77) wall_axis=(18.05, 1.87) yaw=90deg
[state_machine_node-24] [INFO] [1790649115.575756504] [state_machine_node]: 문 접근 목표 보정: door_blue_0214b9 handle_axis=(18.05, 1.87) goal_axis=(18.05, 0.77) wall_axis=(18.05, 1.87) yaw=90deg
[state_machine_node-24] [INFO] [1790649115.906563543] [state_machine_node]: Fine door final yaw alignment: observed_blue_16p6_1p6, dist=0.05m/0.17m, yaw_error=30deg, cmd=(0.00, -0.25)
[state_machine_node-24] [INFO] [1790649116.005755371] [state_machine_node]: 문 접근 목표 보정: door_blue_0214b9 handle_axis=(18.05, 1.88) goal_axis=(18.05, 0.78) wall_axis=(18.05, 1.88) yaw=90deg
[state_machine_node-24] [INFO] [1790649116.011815750] [state_machine_node]: 문 접근 목표 보정: door_blue_0214b9 handle_axis=(18.05, 1.88) goal_axis=(18.05, 0.78) wall_axis=(18.05, 1.88) yaw=90deg
[state_machine_node-24] [INFO] [1790649116.037603071] [state_machine_node]: 문 접근 목표 보정: door_blue_0214b9 handle_axis=(18.05, 1.88) goal_axis=(18.05, 0.78) wall_axis=(18.05, 1.88) yaw=90deg
[door_detection_node-21] [INFO] [1790649116.399828260] [door_detection_node]: YOLO 후보 제외: source=front_left, far small dist=8.09m, conf=0.41, bbox=(113,86,128,153)
[state_machine_node-24] [INFO] [1790649116.853199016] [state_machine_node]: Fine door final yaw alignment: observed_blue_16p6_1p6, dist=0.06m/0.17m, yaw_error=22deg, cmd=(0.00, -0.25)
[door_detection_node-21] [INFO] [1790649117.391538563] [door_detection_node]: HSV candidate rejected: color=blue, edge-clipped bbox=(134,0,320,240), width_ratio=0.58
[state_machine_node-24] [INFO] [1790649117.844411362] [state_machine_node]: Fine door final yaw alignment: observed_blue_16p6_1p6, dist=0.04m/0.17m, yaw_error=16deg, cmd=(0.00, -0.21)
[state_machine_node-24] [INFO] [1790649118.801179024] [state_machine_node]: Fine door final yaw alignment: observed_blue_16p6_1p6, dist=0.06m/0.17m, yaw_error=16deg, cmd=(0.00, -0.20)
[door_detection_node-21] [INFO] [1790649119.770059928] [door_detection_node]: 문 후보 발행: id=door_blue_f18eb5, source=front, color=blue, dist=1.07m, conf=1.00, bbox=(90,0,311,240), rep_x=200, center_x=200, angle=-9.7deg, center_angle=-9.7deg, lidar=1.07m, visual=1.95m, goal=(16.94,1.49), handle=(18.13,1.86,0.85), handle_obs=True, handle_method=hsv, handle_conf=0.70
[state_machine_node-24] [INFO] [1790649119.798545027] [state_machine_node]: Fine door final yaw alignment: observed_blue_16p6_1p6, dist=0.05m/0.17m, yaw_error=9deg, cmd=(0.00, -0.12)
[state_machine_node-24] [INFO] [1790649119.804659429] [state_machine_node]: 문 접근 목표 보정: door_blue_f18eb5 handle_axis=(18.13, 1.86) goal_axis=(18.13, 0.76) wall_axis=(18.13, 1.86) yaw=90deg
[state_machine_node-24] [INFO] [1790649119.812069245] [state_machine_node]: 문 접근 목표 보정: door_blue_f18eb5 handle_axis=(18.13, 1.86) goal_axis=(18.13, 0.76) wall_axis=(18.13, 1.86) yaw=90deg
[state_machine_node-24] [INFO] [1790649119.838553202] [state_machine_node]: 문 접근 목표 보정: door_blue_f18eb5 handle_axis=(18.13, 1.86) goal_axis=(18.13, 0.76) wall_axis=(18.13, 1.86) yaw=90deg
[door_detection_node-21] [INFO] [1790649120.263167184] [door_detection_node]: YOLO 후보 제외: source=front_left, far small dist=7.65m, conf=0.52, bbox=(25,82,43,157)
[state_machine_node-24] [INFO] [1790649120.802489008] [state_machine_node]: Fine door final yaw alignment: observed_blue_16p6_1p6, dist=0.07m/0.17m, yaw_error=6deg, cmd=(0.00, -0.08)
[planner_server-15] [INFO] [1790649121.153965256] [global_costmap.global_costmap]: StaticLayer: Resizing static layer to 477 X 89 at 0.050000 m/pix
[door_detection_node-21] [INFO] [1790649121.449066700] [door_detection_node]: 문 후보 발행: id=door_blue_f18eb5, source=front, color=blue, dist=1.16m, conf=1.00, bbox=(59,0,275,240), rep_x=167, center_x=167, angle=-1.7deg, center_angle=-1.7deg, lidar=1.08m, visual=1.95m, goal=(16.87,1.61), handle=(18.10,1.87,0.85), handle_obs=True, handle_method=hsv, handle_conf=0.70
[state_machine_node-24] [INFO] [1790649121.458114632] [state_machine_node]: 문 접근 목표 보정: door_blue_f18eb5 handle_axis=(18.10, 1.87) goal_axis=(18.10, 0.77) wall_axis=(18.10, 1.87) yaw=90deg
[state_machine_node-24] [INFO] [1790649121.466348667] [state_machine_node]: 문 접근 목표 보정: door_blue_f18eb5 handle_axis=(18.10, 1.87) goal_axis=(18.10, 0.77) wall_axis=(18.10, 1.87) yaw=90deg
[state_machine_node-24] [INFO] [1790649121.512778624] [state_machine_node]: 문 접근 목표 보정: door_blue_f18eb5 handle_axis=(18.10, 1.87) goal_axis=(18.10, 0.77) wall_axis=(18.10, 1.87) yaw=90deg
[state_machine_node-24] [WARN] [1790649121.783056846] [state_machine_node]: Waiting for a fresh door-wall normal before alignment.
[door_detection_node-21] [INFO] [1790649121.861585753] [door_detection_node]: YOLO 후보 제외: source=front_left, color=blue, dist=7.30m > 6.80m, bbox=(1,79,22,162)
[door_detection_node-21] [INFO] [1790649123.680065598] [door_detection_node]: 문 후보 발행: id=door_blue_751481, source=front, color=blue, dist=1.10m, conf=1.00, bbox=(45,0,261,240), rep_x=153, center_x=153, angle=1.7deg, center_angle=1.7deg, lidar=1.13m, visual=1.95m, goal=(17.90,1.10), handle=(18.09,1.92,0.85), handle_obs=True, handle_method=hsv, handle_conf=0.67
[state_machine_node-24] [INFO] [1790649123.696082375] [state_machine_node]: 문 접근 목표 보정: door_blue_751481 handle_axis=(18.09, 1.92) goal_axis=(18.09, 0.82) wall_axis=(18.09, 1.92) yaw=90deg
[state_machine_node-24] [INFO] [1790649123.704566052] [state_machine_node]: 문 접근 목표 보정: door_blue_751481 handle_axis=(18.09, 1.92) goal_axis=(18.09, 0.82) wall_axis=(18.09, 1.92) yaw=90deg
[state_machine_node-24] [INFO] [1790649123.750989779] [state_machine_node]: 문 접근 목표 보정: door_blue_751481 handle_axis=(18.09, 1.92) goal_axis=(18.09, 0.82) wall_axis=(18.09, 1.92) yaw=90deg
[door_detection_node-21] [INFO] [1790649124.552983464] [door_detection_node]: YOLO 후보 제외: source=front_left, far small dist=7.41m, conf=0.41, bbox=(0,76,19,161)
[state_machine_node-24] [WARN] [1790649124.643033340] [state_machine_node]: Waiting for a fresh door-wall normal before alignment.
[state_machine_node-24] [INFO] [1790649127.464299777] [state_machine_node]: Fine door final yaw alignment: observed_blue_16p6_1p6, dist=0.07m/0.17m, yaw_error=5deg, cmd=(0.00, -0.08)
[door_detection_node-21] [INFO] [1790649127.717620996] [door_detection_node]: YOLO 후보 제외: source=front_left, far small dist=7.29m, conf=0.41, bbox=(0,76,19,161)
[state_machine_node-24] [WARN] [1790649128.433318474] [state_machine_node]: Waiting for a fresh door-wall normal before alignment.
[door_detection_node-21] [INFO] [1790649128.849521331] [door_detection_node]: 문 후보 발행: id=door_blue_751481, source=front, color=blue, dist=1.13m, conf=1.00, bbox=(38,0,255,240), rep_x=146, center_x=146, angle=3.4deg, center_angle=3.4deg, lidar=1.09m, visual=1.95m, goal=(17.90,1.10), handle=(18.11,1.86,0.83), handle_obs=True, handle_method=yolo:primary:item, handle_conf=0.50
[state_machine_node-24] [INFO] [1790649128.858091889] [state_machine_node]: 문 접근 목표 보정: door_blue_751481 handle_axis=(18.11, 1.86) goal_axis=(18.11, 0.76) wall_axis=(18.11, 1.86) yaw=90deg
[state_machine_node-24] [INFO] [1790649128.865160471] [state_machine_node]: 문 접근 목표 보정: door_blue_751481 handle_axis=(18.11, 1.86) goal_axis=(18.11, 0.76) wall_axis=(18.11, 1.86) yaw=90deg
[state_machine_node-24] [INFO] [1790649128.892112420] [state_machine_node]: 문 접근 목표 보정: door_blue_751481 handle_axis=(18.11, 1.86) goal_axis=(18.11, 0.76) wall_axis=(18.11, 1.86) yaw=90deg
[door_detection_node-21] [INFO] [1790649130.394800340] [door_detection_node]: 문 후보 발행: id=door_blue_751481, source=front, color=blue, dist=1.09m, conf=1.00, bbox=(35,0,252,240), rep_x=143, center_x=143, angle=4.2deg, center_angle=4.2deg, lidar=1.13m, visual=1.95m, goal=(17.91,1.10), handle=(18.10,1.86,0.85), handle_obs=True, handle_method=hsv, handle_conf=0.65
[state_machine_node-24] [INFO] [1790649130.401063275] [state_machine_node]: 문 접근 목표 보정: door_blue_751481 handle_axis=(18.10, 1.86) goal_axis=(18.10, 0.76) wall_axis=(18.10, 1.86) yaw=90deg
[state_machine_node-24] [INFO] [1790649130.410555821] [state_machine_node]: 문 접근 목표 보정: door_blue_751481 handle_axis=(18.10, 1.86) goal_axis=(18.10, 0.76) wall_axis=(18.10, 1.86) yaw=90deg
[state_machine_node-24] [INFO] [1790649130.436558877] [state_machine_node]: 문 접근 목표 보정: door_blue_751481 handle_axis=(18.10, 1.86) goal_axis=(18.10, 0.76) wall_axis=(18.10, 1.86) yaw=90deg
[state_machine_node-24] [INFO] [1790649130.808634705] [state_machine_node]: 보조 비상구 관측 저장: door_green_dbec8b (21.4, 0.5)
[state_machine_node-24] [INFO] [1790649131.299991090] [state_machine_node]: Fine door final yaw alignment: observed_blue_16p6_1p6, dist=0.06m/0.17m, yaw_error=6deg, cmd=(0.00, -0.08)
[door_detection_node-21] [INFO] [1790649132.010825723] [door_detection_node]: 문 후보 발행: id=door_blue_751481, source=front, color=blue, dist=1.10m, conf=1.00, bbox=(35,0,251,240), rep_x=143, center_x=143, angle=4.2deg, center_angle=4.2deg, lidar=1.11m, visual=1.95m, goal=(17.91,1.10), handle=(18.12,1.87,0.83), handle_obs=True, handle_method=yolo:primary:item, handle_conf=0.31
[state_machine_node-24] [INFO] [1790649132.018973766] [state_machine_node]: 문 접근 목표 보정: door_blue_751481 handle_axis=(18.12, 1.87) goal_axis=(18.12, 0.77) wall_axis=(18.12, 1.87) yaw=90deg
[state_machine_node-24] [INFO] [1790649132.027208203] [state_machine_node]: 문 접근 목표 보정: door_blue_751481 handle_axis=(18.12, 1.87) goal_axis=(18.12, 0.77) wall_axis=(18.12, 1.87) yaw=90deg
[state_machine_node-24] [INFO] [1790649132.053147924] [state_machine_node]: 문 접근 목표 보정: door_blue_751481 handle_axis=(18.12, 1.87) goal_axis=(18.12, 0.77) wall_axis=(18.12, 1.87) yaw=90deg
[state_machine_node-24] [INFO] [1790649132.282271576] [state_machine_node]: 문 앞 정렬 완료. 2.8s 정지 후 개방합니다.
[door_detection_node-21] [INFO] [1790649134.004620576] [door_detection_node]: YOLO 후보 제외: source=front_right, edge-clipped bbox=(293,25,320,200)
[door_detection_node-21] [INFO] [1790649137.067293496] [door_detection_node]: YOLO 후보 제외: source=front_right, edge-clipped bbox=(293,25,320,200)
[state_machine_node-24] [INFO] [1790649137.913346732] [state_machine_node]: Observed blue target observed_blue_16p6_1p6 confirmed by current same-wall live blue evidence before opening (candidate=door_blue_5875de, progress_gap=0.12/0.90, lateral_gap=0.02/0.48, conf=1.00/0.58).
[state_machine_node-24] [INFO] [1790649137.917653861] [state_machine_node]: Observed blue target observed_blue_16p6_1p6 accepted for opening from recheckable mapped wall memory after close alignment (count=56, conf=1.00, progress_gap=0.21m, lateral_gap=0.05m).
[state_machine_node-24] [INFO] [1790649138.171673573] [state_machine_node]: 잠금 문 visual-servo 수렴 관측 사용: observed_blue_16p6_1p6, count=14, conf=1.00, age=3.1s
[state_machine_node-24] [INFO] [1790649138.282136247] [state_machine_node]: State: NAVIGATING → OPENING_DOOR
[state_machine_node-24] [INFO] [1790649138.751650925] [state_machine_node]: 문 개방 요청 손잡이: id=observed_blue_16p6_1p6__axis_p18p00_p1p85, method=direct_wall_projection, conf=1.00, frame=map, pos=(17.998,1.854,0.850)
[navigation_visit_node-23] [INFO] [1790649138.753243254] [navigation_visit_node]: NAVIGATION_VISIT {"scope": "navigation_only", "physical_opening": false, "door_id": "observed_blue_16p6_1p6__axis_p18p00_p1p85", "sim_time": 328.004, "robot": [17.957568287251036, 0.8091206543553415, 1.662656742201153], "observed_handle": [17.998344572661594, 1.854424106075724, 0.8503152666811284], "distance_m": 1.046098471287684, "bearing_error_rad": -0.13084968789363516}
[state_machine_node-24] [INFO] [1790649138.757868919] [state_machine_node]: Selected observation memory completed: observed_blue_16p6_1p6; original candidate excluded after position refinement.
[state_machine_node-24] [INFO] [1790649138.761454319] [state_machine_node]: 열린 파란 문 재관측 후보 1개 정리. 다음 목표 선택에서 제외합니다.
[state_machine_node-24] [INFO] [1790649138.762140246] [state_machine_node]: 문 개방 성공: observed_blue_16p6_1p6  누적 개방: 3개
[state_machine_node-24] [INFO] [1790649138.762780296] [state_machine_node]: State: OPENING_DOOR → DOOR_OPENED
[state_machine_node-24] [INFO] [1790649139.675665490] [state_machine_node]: 다음 파란 문 탐색 시작 (개방 완료: 3개)
[state_machine_node-24] [INFO] [1790649139.676386972] [state_machine_node]: State: DOOR_OPENED → EXPLORING
[door_detection_node-21] [INFO] [1790649140.122495838] [door_detection_node]: YOLO 후보 제외: source=front_right, edge-clipped bbox=(293,25,320,200)
[state_machine_node-24] [INFO] [1790649140.592338179] [state_machine_node]: Post-open side retreat started: lateral=0.81m, target_abs=0.48m.
[state_machine_node-24] [INFO] [1790649140.593498845] [state_machine_node]: Post-open side retreat: lateral=0.81m, moved=0.00/1.10m, yaw_error=175deg, cmd=(0.00, 0.50)
[state_machine_node-24] [INFO] [1790649142.507972144] [state_machine_node]: Post-open side retreat: lateral=0.81m, moved=0.00/1.10m, yaw_error=150deg, cmd=(0.00, 0.50)
[door_detection_node-21] [INFO] [1790649142.508029342] [door_detection_node]: 문 후보 발행: id=door_blue_f18eb5, source=front, color=blue, dist=1.11m, conf=1.00, bbox=(85,0,305,240), rep_x=195, center_x=195, angle=-8.5deg, center_angle=-8.5deg, lidar=1.15m, visual=1.95m, goal=(16.89,1.49), handle=(18.07,1.89,0.85), handle_obs=True, handle_method=hsv, handle_conf=0.70
[state_machine_node-24] [INFO] [1790649142.511978513] [state_machine_node]: Blue candidate door_blue_f18eb5 ignored: physical/opened door station already handled nearby at (17.76, 1.90).
[door_detection_node-21] [INFO] [1790649142.927396580] [door_detection_node]: YOLO 후보 제외: source=front_left, far small dist=7.10m, conf=0.37, bbox=(92,84,108,153)
[door_detection_node-21] [INFO] [1790649144.342677710] [door_detection_node]: 문 후보 발행: id=door_blue_0214b9, source=front_right, color=blue, dist=1.07m, conf=0.56, bbox=(0,139,45,240), rep_x=22, center_x=22, angle=-39.5deg, center_angle=-39.5deg, lidar=1.13m, visual=4.63m, goal=(17.01,1.06), handle=(17.96,1.88,1.00), handle_obs=False, handle_method=estimated, handle_conf=0.00
[state_machine_node-24] [INFO] [1790649144.459481752] [state_machine_node]: Post-open side retreat: lateral=0.81m, moved=0.00/1.10m, yaw_error=134deg, cmd=(0.00, 0.50)
[door_detection_node-21] [INFO] [1790649145.222366822] [door_detection_node]: Side camera LiDAR range looks occluded; using visual range instead (source=front_left, lidar=1.24m, visual=2.22m)
[door_detection_node-21] [INFO] [1790649145.582393432] [door_detection_node]: Side camera visual fallback rejected (source=front_left, lidar=2.94m, visual=6.88m > 4.50m)
[state_machine_node-24] [INFO] [1790649146.399418876] [state_machine_node]: Post-open side retreat: lateral=0.82m, moved=0.00/1.10m, yaw_error=116deg, cmd=(0.00, 0.50)
[door_detection_node-21] [INFO] [1790649146.742387757] [door_detection_node]: 문 후보 발행: id=door_blue_864479, source=front_right, color=blue, dist=1.14m, conf=1.00, bbox=(0,0,162,240), rep_x=81, center_x=81, angle=-51.3deg, center_angle=-51.3deg, lidar=1.13m, visual=1.95m, goal=(17.22,0.82), handle=(17.81,1.92,1.00), handle_obs=False, handle_method=estimated, handle_conf=0.00
[state_machine_node-24] [INFO] [1790649146.745278778] [state_machine_node]: Blue candidate door_blue_864479 ignored: physical/opened door station already handled nearby at (17.81, 1.92).
[state_machine_node-24] [INFO] [1790649148.309736487] [state_machine_node]: Post-open side retreat: lateral=0.83m, moved=0.00/1.10m, yaw_error=93deg, cmd=(0.00, 0.50)
[door_detection_node-21] [INFO] [1790649148.356508045] [door_detection_node]: 문 후보 발행: id=door_blue_864479, source=front_right, color=blue, dist=1.16m, conf=1.00, bbox=(39,0,277,240), rep_x=158, center_x=158, angle=-69.5deg, center_angle=-69.5deg, lidar=1.11m, visual=1.95m, goal=(17.98,0.60), handle=(18.18,1.83,0.83), handle_obs=True, handle_method=yolo:primary:item, handle_conf=0.36
[door_detection_node-21] [INFO] [1790649148.754296807] [door_detection_node]: YOLO 후보 제외: source=front, far small dist=6.99m, conf=0.48, bbox=(35,82,53,156)
[door_detection_node-21] [INFO] [1790649148.772850216] [door_detection_node]: Front lateral LiDAR range looks too long for the visible door; using visual range (lidar=4.01m, visual=3.06m)
[door_detection_node-21] [INFO] [1790649149.672351742] [door_detection_node]: Side camera LiDAR range looks occluded; using visual range instead (source=front_left, lidar=1.33m, visual=2.72m)
[state_machine_node-24] [INFO] [1790649150.197792007] [state_machine_node]: Post-open side retreat: lateral=0.89m, moved=0.00/1.10m, yaw_error=71deg, cmd=(0.00, 0.50)
[door_detection_node-21] [INFO] [1790649151.098253858] [door_detection_node]: 문 후보 발행: id=door_blue_7d6448, source=front_right, color=blue, dist=1.11m, conf=0.35, bbox=(205,0,320,240), rep_x=262, center_x=262, angle=-93.6deg, center_angle=-93.6deg, lidar=1.19m, visual=1.95m, goal=(18.10,0.78), handle=(17.67,1.96,1.00), handle_obs=False, handle_method=estimated, handle_conf=0.00
[state_machine_node-24] [INFO] [1790649151.104354477] [state_machine_node]: Blue candidate door_blue_7d6448 ignored: physical/opened door station already handled nearby at (17.67, 1.96).
[state_machine_node-24] [INFO] [1790649152.121979107] [state_machine_node]: Post-open side retreat: lateral=0.92m, moved=0.00/1.10m, yaw_error=51deg, cmd=(0.00, 0.50)
[door_detection_node-21] [INFO] [1790649152.334805203] [door_detection_node]: YOLO 후보 제외: source=front, far small dist=6.59m, conf=0.36, bbox=(196,84,212,155)
[state_machine_node-24] [INFO] [1790649153.996609836] [state_machine_node]: Post-open side retreat: lateral=0.91m, moved=0.00/1.10m, yaw_error=33deg, cmd=(0.00, 0.50)
[state_machine_node-24] [INFO] [1790649155.895039991] [state_machine_node]: Post-open side retreat: lateral=0.92m, moved=0.00/1.10m, yaw_error=14deg, cmd=(0.00, 0.50)
[door_detection_node-21] [INFO] [1790649155.958754768] [door_detection_node]: Side camera visual fallback rejected (source=front_right, lidar=2.59m, visual=6.41m > 4.50m)
[door_detection_node-21] [INFO] [1790649156.884572889] [door_detection_node]: YOLO 후보 제외: source=front, edge-clipped bbox=(258,31,319,203)
[state_machine_node-24] [INFO] [1790649157.761489941] [state_machine_node]: Post-open side retreat: lateral=0.85m, moved=0.00/1.10m, yaw_error=2deg, cmd=(0.18, 0.02)
[door_detection_node-21] [INFO] [1790649158.420005761] [door_detection_node]: Side camera visual fallback rejected (source=front_right, lidar=2.58m, visual=6.88m > 4.50m)
[state_machine_node-24] [INFO] [1790649159.619785338] [state_machine_node]: Post-open side retreat: lateral=0.67m, moved=0.14/1.10m, yaw_error=1deg, cmd=(0.18, 0.02)
[door_detection_node-21] [INFO] [1790649160.295529597] [door_detection_node]: YOLO 후보 제외: source=front_right, edge-clipped bbox=(0,16,42,220)
[state_machine_node-24] [INFO] [1790649161.484948207] [state_machine_node]: Post-open side retreat: lateral=0.50m, moved=0.31/1.10m, yaw_error=0deg, cmd=(0.18, 0.00)
[door_detection_node-21] [INFO] [1790649161.856690345] [door_detection_node]: Side camera visual fallback rejected (source=front_right, lidar=2.48m, visual=6.78m > 4.50m)
[state_machine_node-24] [INFO] [1790649162.442947828] [state_machine_node]: Post-open side retreat complete: lateral=0.40m <= target=0.48m
[state_machine_node-24] [INFO] [1790649162.445627617] [state_machine_node]: 파란 문 후보 없음. 2.0s 동안 정지 스캔 후 관측 기반 waypoint를 계획합니다.
[controller_server-13] [INFO] [1790649164.630073254] [local_costmap.local_costmap]: Message Filter dropping message: frame 'lidar_link' at time 341.130 for reason 'the timestamp on the message is earlier than all the data in the transform cache'
[door_detection_node-21] [INFO] [1790649165.662393146] [door_detection_node]: Side camera visual fallback rejected (source=front_right, lidar=1.20m, visual=6.59m > 4.50m)
[state_machine_node-24] [INFO] [1790649166.071045720] [state_machine_node]: 비상구 이동 전 마지막 측면 문 스캔 시작
[door_detection_node-21] [INFO] [1790649169.308720880] [door_detection_node]: Side camera visual fallback rejected (source=front_right, lidar=0.92m, visual=5.78m > 4.50m)
[state_machine_node-24] [INFO] [1790649169.717844469] [state_machine_node]: Final exit scan complete. opened=3, no remaining blue door selected; moving to exit.
[state_machine_node-24] [INFO] [1790649169.718711623] [state_machine_node]: State: EXPLORING → EXITING
[state_machine_node-24] [INFO] [1790649170.605981688] [state_machine_node]: 비상구 탐지 확인: door_green_dbec8b (19.9, 0.6); Nav2 정렬 목표 (20.6, 0.4), 통과 완료 목표 (22.3, 0.4)를 사용합니다.
[state_machine_node-24] [INFO] [1790649170.607744956] [state_machine_node]: Observed exit aperture: approach=(20.696946950426565, 0.1625032749859523, 0.04517154178265592), crossing=(22.39521284736286, 0.23926878353740344, 0.04517154178265592)
[navigation_node-22] [INFO] [1790649170.611078417] [navigation_node]: Navigation goal received: door emergency_exit_pass_through (color=green, frame=map, x=20.70, y=0.16)
[bt_navigator-17] [INFO] [1790649170.754831209] [bt_navigator]: Begin navigating from current location (17.91, 0.40) to (20.70, 0.16)
[navigation_node-22] [INFO] [1790649170.756311704] [navigation_node]: Navigation goal accepted by Nav2
[controller_server-13] [INFO] [1790649170.959969345] [controller_server]: Received a goal, begin computing control effort.
[controller_server-13] [INFO] [1790649172.335677511] [controller_server]: Passing new path to controller.
[door_detection_node-21] [INFO] [1790649173.308369102] [door_detection_node]: YOLO 후보 제외: source=front, edge-clipped bbox=(0,24,90,190)
[controller_server-13] [INFO] [1790649173.585670106] [controller_server]: Passing new path to controller.
[door_detection_node-21] [INFO] [1790649174.288380568] [door_detection_node]: 문 후보 발행: id=door_green_e221fd, source=front, color=green, dist=2.80m, conf=1.00, bbox=(38,30,148,197), rep_x=93, center_x=93, angle=16.0deg, center_angle=16.0deg, lidar=nonem, visual=2.80m, goal=(19.35,0.31), handle=(20.85,0.33,1.00), handle_obs=False, handle_method=estimated, handle_conf=0.00
[state_machine_node-24] [INFO] [1790649174.290549219] [state_machine_node]: 보조 비상구 관측 저장: door_green_e221fd (20.8, 0.3)
[controller_server-13] [INFO] [1790649174.960661225] [controller_server]: Passing new path to controller.
[door_detection_node-21] [INFO] [1790649176.042812921] [door_detection_node]: 문 후보 발행: id=door_green_9f56c0, source=front, color=green, dist=2.87m, conf=1.00, bbox=(145,32,255,195), rep_x=200, center_x=200, angle=-9.7deg, center_angle=-9.7deg, lidar=nonem, visual=2.87m, goal=(19.55,0.20), handle=(21.05,0.13,1.00), handle_obs=False, handle_method=estimated, handle_conf=0.00
[controller_server-13] [INFO] [1790649176.210636623] [controller_server]: Passing new path to controller.
[state_machine_node-24] [INFO] [1790649176.770605789] [state_machine_node]: Blue candidate door_blue_ff5bd0 ignored: physical/opened door station already handled nearby at (17.65, 1.85).
[controller_server-13] [INFO] [1790649177.460641077] [controller_server]: Passing new path to controller.
[door_detection_node-21] [INFO] [1790649177.504574081] [door_detection_node]: YOLO 후보 제외: source=front, edge-clipped bbox=(194,16,320,210)
[door_detection_node-21] [INFO] [1790649178.242979575] [door_detection_node]: 문 후보 발행: id=door_blue_ff5bd0, source=front_left, color=blue, dist=1.67m, conf=1.00, bbox=(0,0,70,240), rep_x=35, center_x=35, angle=98.1deg, center_angle=98.1deg, lidar=1.63m, visual=1.95m, goal=(18.21,0.57), handle=(17.90,1.78,0.84), handle_obs=True, handle_method=yolo:primary:item, handle_conf=0.71
[controller_server-13] [INFO] [1790649178.585723185] [controller_server]: Passing new path to controller.
[state_machine_node-24] [INFO] [1790649179.017445424] [state_machine_node]: 보조 비상구 관측 저장: door_green_042430 (20.9, 0.0)
[door_detection_node-21] [INFO] [1790649179.922627872] [door_detection_node]: 문 후보 발행: id=door_green_042430, source=front, color=green, dist=2.25m, conf=1.00, bbox=(171,8,312,216), rep_x=241, center_x=241, angle=-19.1deg, center_angle=-19.1deg, lidar=nonem, visual=2.25m, goal=(19.48,0.24), handle=(20.97,0.02,1.00), handle_obs=False, handle_method=estimated, handle_conf=0.00
[controller_server-13] [INFO] [1790649179.960643761] [controller_server]: Passing new path to controller.
[controller_server-13] [INFO] [1790649181.210646923] [controller_server]: Passing new path to controller.
[controller_server-13] [INFO] [1790649182.460718968] [controller_server]: Passing new path to controller.
[controller_server-13] [INFO] [1790649183.835670816] [controller_server]: Passing new path to controller.
[planner_server-15] [INFO] [1790649184.153974687] [global_costmap.global_costmap]: StaticLayer: Resizing static layer to 478 X 89 at 0.050000 m/pix
[controller_server-13] [INFO] [1790649185.085751868] [controller_server]: Passing new path to controller.
[door_detection_node-21] [INFO] [1790649186.178684839] [door_detection_node]: 문 후보 발행: id=door_green_042430, source=front, color=green, dist=2.26m, conf=1.00, bbox=(270,0,293,240), rep_x=281, center_x=281, angle=-27.3deg, center_angle=-27.3deg, lidar=2.26m, visual=1.95m, goal=(20.21,0.10), handle=(21.49,-0.68,1.00), handle_obs=False, handle_method=estimated, handle_conf=0.00
[controller_server-13] [INFO] [1790649186.460681197] [controller_server]: Passing new path to controller.
[door_detection_node-21] [INFO] [1790649187.694603121] [door_detection_node]: 문 후보 발행: id=door_green_a3ceb7, source=front, color=green, dist=1.76m, conf=1.00, bbox=(71,0,93,240), rep_x=82, center_x=82, angle=18.4deg, center_angle=18.4deg, lidar=1.76m, visual=1.95m, goal=(20.10,0.52), handle=(21.54,0.73,1.00), handle_obs=False, handle_method=estimated, handle_conf=0.00
[controller_server-13] [INFO] [1790649187.710635796] [controller_server]: Passing new path to controller.
[controller_server-13] [INFO] [1790649188.963870221] [controller_server]: Passing new path to controller.
[controller_server-13] [INFO] [1790649190.210709330] [controller_server]: Passing new path to controller.
[door_detection_node-21] [INFO] [1790649190.606892563] [door_detection_node]: 문 후보 발행: id=door_green_9b5593, source=front, color=green, dist=1.65m, conf=1.00, bbox=(228,0,257,240), rep_x=242, center_x=242, angle=-19.3deg, center_angle=-19.3deg, lidar=1.65m, visual=1.95m, goal=(20.46,0.22), handle=(21.51,-0.62,1.00), handle_obs=False, handle_method=estimated, handle_conf=0.00
[state_machine_node-24] [INFO] [1790649190.609623327] [state_machine_node]: 보조 비상구 관측 저장: door_green_9b5593 (21.5, -0.6)
[controller_server-13] [INFO] [1790649191.460644507] [controller_server]: Passing new path to controller.
[door_detection_node-21] [INFO] [1790649192.180416383] [door_detection_node]: 문 후보 발행: id=door_green_1f2080, source=front, color=green, dist=1.44m, conf=1.00, bbox=(207,0,238,240), rep_x=222, center_x=222, angle=-14.8deg, center_angle=-14.8deg, lidar=1.52m, visual=1.95m, goal=(20.65,0.16), handle=(21.51,-0.59,1.00), handle_obs=False, handle_method=estimated, handle_conf=0.00
[controller_server-13] [INFO] [1790649192.835701696] [controller_server]: Passing new path to controller.
[door_detection_node-21] [INFO] [1790649193.972892423] [door_detection_node]: 문 후보 발행: id=door_green_1f2080, source=front, color=green, dist=1.32m, conf=1.00, bbox=(182,0,216,240), rep_x=199, center_x=199, angle=-9.5deg, center_angle=-9.5deg, lidar=1.35m, visual=1.95m, goal=(20.77,0.07), handle=(21.53,-0.61,1.00), handle_obs=False, handle_method=estimated, handle_conf=0.00
[state_machine_node-24] [INFO] [1790649193.975695754] [state_machine_node]: 보조 비상구 관측 저장: door_green_1f2080 (21.5, -0.6)
[controller_server-13] [INFO] [1790649194.085654722] [controller_server]: Passing new path to controller.
[planner_server-15] [INFO] [1790649194.154060814] [global_costmap.global_costmap]: StaticLayer: Resizing static layer to 479 X 89 at 0.050000 m/pix
[controller_server-13] [INFO] [1790649194.345184119] [controller_server]: Reached the goal!
[bt_navigator-17] [INFO] [1790649194.755582092] [bt_navigator]: Goal succeeded
[navigation_node-22] [INFO] [1790649194.758471888] [navigation_node]: Navigation succeeded.
[state_machine_node-24] [INFO] [1790649194.759666668] [state_machine_node]: Navigation succeeded.
[state_machine_node-24] [INFO] [1790649194.899758208] [state_machine_node]: 비상구 탐지 확인: door_green_1f2080 (20.8, 0.1); Nav2 정렬 목표 (20.7, -0.6), 통과 완료 목표 (22.4, -0.6)를 사용합니다.
[state_machine_node-24] [INFO] [1790649194.901341763] [state_machine_node]: Observed exit aperture: approach=(20.920963355106057, 0.039773933932116624, -0.0003369186849185857), crossing=(22.620963258618985, 0.03920117217859113, -0.0003369186849185857)
[navigation_node-22] [INFO] [1790649194.905291270] [navigation_node]: Navigation goal received: door emergency_exit_pass_through (color=green, frame=map, x=22.62, y=0.04)
[bt_navigator-17] [INFO] [1790649195.100790436] [bt_navigator]: Begin navigating from current location (20.60, 0.26) to (22.62, 0.04)
[navigation_node-22] [INFO] [1790649195.109808689] [navigation_node]: Navigation goal accepted by Nav2
[controller_server-13] [INFO] [1790649195.303573737] [controller_server]: Received a goal, begin computing control effort.
[door_detection_node-21] [INFO] [1790649196.354201219] [door_detection_node]: 문 후보 발행: id=door_green_1f2080, source=front, color=green, dist=1.27m, conf=1.00, bbox=(176,0,211,240), rep_x=193, center_x=193, angle=-8.0deg, center_angle=-8.0deg, lidar=1.27m, visual=1.95m, goal=(20.85,0.06), handle=(21.59,-0.57,1.00), handle_obs=False, handle_method=estimated, handle_conf=0.00
[controller_server-13] [INFO] [1790649196.679366921] [controller_server]: Passing new path to controller.
[state_machine_node-24] [INFO] [1790649197.819103115] [state_machine_node]: 보조 비상구 관측 저장: door_green_1f2080 (21.6, -0.6)
[controller_server-13] [INFO] [1790649197.929245535] [controller_server]: Passing new path to controller.
[door_detection_node-21] [INFO] [1790649198.774826775] [door_detection_node]: 문 후보 발행: id=door_green_1f2080, source=front, color=green, dist=1.12m, conf=1.00, bbox=(205,0,250,240), rep_x=227, center_x=227, angle=-16.0deg, center_angle=-16.0deg, lidar=1.12m, visual=1.95m, goal=(20.99,-0.05), handle=(21.59,-0.60,1.00), handle_obs=False, handle_method=estimated, handle_conf=0.00
[controller_server-13] [INFO] [1790649199.304274412] [controller_server]: Passing new path to controller.
[door_detection_node-21] [INFO] [1790649200.320645830] [door_detection_node]: 문 후보 발행: id=door_green_9b5593, source=front, color=green, dist=0.98m, conf=1.00, bbox=(234,0,286,240), rep_x=260, center_x=260, angle=-23.1deg, center_angle=-23.1deg, lidar=1.00m, visual=1.95m, goal=(21.05,-0.11), handle=(21.52,-0.59,1.00), handle_obs=False, handle_method=estimated, handle_conf=0.00
[controller_server-13] [INFO] [1790649200.429204469] [controller_server]: Passing new path to controller.
[state_machine_node-24] [INFO] [1790649201.191069064] [state_machine_node]: 보조 비상구 관측 저장: door_green_9b5593 (21.6, -0.6)
[controller_server-13] [INFO] [1790649201.805418442] [controller_server]: Passing new path to controller.
[door_detection_node-21] [INFO] [1790649202.111373610] [door_detection_node]: 문 후보 발행: id=door_green_9b5593, source=front, color=green, dist=0.96m, conf=1.00, bbox=(222,0,275,240), rep_x=248, center_x=248, angle=-20.6deg, center_angle=-20.6deg, lidar=0.96m, visual=1.95m, goal=(21.11,-0.14), handle=(21.56,-0.62,1.00), handle_obs=False, handle_method=estimated, handle_conf=0.00
[controller_server-13] [INFO] [1790649203.054279011] [controller_server]: Passing new path to controller.
[controller_server-13] [INFO] [1790649204.304247475] [controller_server]: Passing new path to controller.
[controller_server-13] [INFO] [1790649205.679255877] [controller_server]: Passing new path to controller.
[controller_server-13] [INFO] [1790649206.929209284] [controller_server]: Passing new path to controller.
[door_detection_node-21] [INFO] [1790649207.861026067] [door_detection_node]: 문 후보 발행: id=door_green_8f5562, source=front, color=green, dist=0.96m, conf=1.00, bbox=(0,0,14,240), rep_x=7, center_x=7, angle=33.2deg, center_angle=33.2deg, lidar=0.96m, visual=1.95m, goal=(21.18,0.23), handle=(21.61,0.72,1.00), handle_obs=False, handle_method=estimated, handle_conf=0.00
[state_machine_node-24] [INFO] [1790649207.862903870] [state_machine_node]: 보조 비상구 관측 저장: door_green_8f5562 (21.6, 0.7)
[controller_server-13] [INFO] [1790649208.304232683] [controller_server]: Passing new path to controller.
[controller_server-13] [INFO] [1790649209.554252537] [controller_server]: Passing new path to controller.
[controller_server-13] [INFO] [1790649210.804262106] [controller_server]: Passing new path to controller.
[controller_server-13] [INFO] [1790649212.179452764] [controller_server]: Passing new path to controller.
[controller_server-13] [INFO] [1790649213.429221337] [controller_server]: Passing new path to controller.
[door_detection_node-21] [INFO] [1790649214.506379754] [door_detection_node]: 문 후보 발행: id=door_green_04e8f6, source=front_left, color=green, dist=0.68m, conf=1.00, bbox=(37,0,111,240), rep_x=74, center_x=74, angle=90.2deg, center_angle=90.2deg, lidar=0.68m, visual=1.95m, goal=(21.44,0.31), handle=(21.44,0.69,1.00), handle_obs=False, handle_method=estimated, handle_conf=0.00
[state_machine_node-24] [INFO] [1790649214.509066273] [state_machine_node]: 보조 비상구 관측 저장: door_green_04e8f6 (21.4, 0.7)
[controller_server-13] [INFO] [1790649214.804280831] [controller_server]: Passing new path to controller.
[controller_server-13] [INFO] [1790649216.054269564] [controller_server]: Passing new path to controller.
[planner_server-15] [INFO] [1790649217.154096824] [global_costmap.global_costmap]: StaticLayer: Resizing static layer to 480 X 89 at 0.050000 m/pix
[controller_server-13] [INFO] [1790649217.304266895] [controller_server]: Passing new path to controller.
[planner_server-15] [INFO] [1790649218.654076671] [global_costmap.global_costmap]: StaticLayer: Resizing static layer to 484 X 89 at 0.050000 m/pix
[controller_server-13] [INFO] [1790649218.679266904] [controller_server]: Passing new path to controller.
[planner_server-15] [INFO] [1790649219.154115458] [global_costmap.global_costmap]: StaticLayer: Resizing static layer to 485 X 89 at 0.050000 m/pix
[controller_server-13] [INFO] [1790649219.929272578] [controller_server]: Passing new path to controller.
[planner_server-15] [INFO] [1790649220.154100653] [global_costmap.global_costmap]: StaticLayer: Resizing static layer to 487 X 89 at 0.050000 m/pix
[planner_server-15] [INFO] [1790649221.154111564] [global_costmap.global_costmap]: StaticLayer: Resizing static layer to 490 X 89 at 0.050000 m/pix
[controller_server-13] [INFO] [1790649221.304277851] [controller_server]: Passing new path to controller.
[planner_server-15] [INFO] [1790649222.154046791] [global_costmap.global_costmap]: StaticLayer: Resizing static layer to 492 X 89 at 0.050000 m/pix
[controller_server-13] [INFO] [1790649222.554260171] [controller_server]: Passing new path to controller.
[navigation_node-22] [WARN] [1790649222.704678039] [navigation_node]: Robot is 0.18m from green goal (threshold=0.18m). Treating navigation as succeeded.
[state_machine_node-24] [INFO] [1790649222.706741275] [state_machine_node]: Navigation succeeded.
[state_machine_node-24] [INFO] [1790649222.728902431] [state_machine_node]: State: EXITING → MISSION_COMPLETE
[controller_server-13] [INFO] [1790649222.804244383] [controller_server]: Goal was canceled. Stopping the robot.
[controller_server-13] [INFO] [1790649222.804345710] [controller_server]: [follow_path] [ActionServer] Client requested to cancel the goal. Cancelling.
[bt_navigator-17] [INFO] [1790649222.804703957] [bt_navigator]: [navigate_to_pose] [ActionServer] Client requested to cancel the goal. Cancelling.
[bt_navigator-17] [INFO] [1790649222.804905928] [bt_navigator]: Goal canceled
[WARNING] [launch]: user interrupted with ctrl-c (SIGINT)
[lifecycle_manager-19] [INFO] [1790649223.066961194] [rclcpp]: signal_handler(SIGINT/SIGTERM)
[lifecycle_manager-19] [INFO] [1790649223.067222444] [lifecycle_manager_navigation]: Running Nav2 LifecycleManager rcl preshutdown (lifecycle_manager_navigation)
[lifecycle_manager-19] [INFO] [1790649223.067285536] [lifecycle_manager_navigation]: [34m[1mTerminating bond timer...[0m[0m
[velocity_smoother-18] [INFO] [1790649223.066979864] [rclcpp]: signal_handler(SIGINT/SIGTERM)
[velocity_smoother-18] [INFO] [1790649223.067256811] [velocity_smoother]: Running Nav2 LifecycleNode rcl preshutdown (velocity_smoother)
[velocity_smoother-18] [INFO] [1790649223.067390263] [velocity_smoother]: Deactivating
[velocity_smoother-18] [INFO] [1790649223.067423198] [velocity_smoother]: Destroying bond (velocity_smoother) to lifecycle manager.
[behavior_server-16] [INFO] [1790649223.067078209] [rclcpp]: signal_handler(SIGINT/SIGTERM)
[behavior_server-16] [INFO] [1790649223.067274862] [behavior_server]: Running Nav2 LifecycleNode rcl preshutdown (behavior_server)
[behavior_server-16] [INFO] [1790649223.067357079] [behavior_server]: Deactivating
[behavior_server-16] [INFO] [1790649223.067496095] [behavior_server]: Destroying bond (behavior_server) to lifecycle manager.
[INFO] [state_machine_node-24]: sending signal 'SIGINT' to process[state_machine_node-24]
[INFO] [navigation_visit_node-23]: sending signal 'SIGINT' to process[navigation_visit_node-23]
[INFO] [navigation_node-22]: sending signal 'SIGINT' to process[navigation_node-22]
[INFO] [door_detection_node-21]: sending signal 'SIGINT' to process[door_detection_node-21]
[ERROR] [state_machine_node-24]: process has died [pid 4988, exit code -2, cmd '/home/junyoung/fire_robot_ws_observed_nav_20260928/install/fire_robot_fsm/lib/fire_robot_fsm/state_machine_node --ros-args -r __node:=state_machine_node --params-file /tmp/launch_params_fmhr57nj --params-file /home/junyoung/fire_robot_ws_observed_nav_20260928/install/fire_robot_bringup/share/fire_robot_bringup/config/observed_navigation.yaml -r /cmd_vel:=/cmd_vel_manual'].
[INFO] [mission_axis_node-20]: sending signal 'SIGINT' to process[mission_axis_node-20]
[ERROR] [navigation_node-22]: process has died [pid 4502, exit code -2, cmd '/home/junyoung/fire_robot_ws_observed_nav_20260928/install/fire_robot_navigation/lib/fire_robot_navigation/navigation_node --ros-args -r __node:=navigation_node --params-file /tmp/launch_params_2y0hbfe7 --params-file /home/junyoung/fire_robot_ws_observed_nav_20260928/install/fire_robot_bringup/share/fire_robot_bringup/config/observed_navigation.yaml'].
[INFO] [lifecycle_manager-19]: sending signal 'SIGINT' to process[lifecycle_manager-19]
[INFO] [velocity_smoother-18]: sending signal 'SIGINT' to process[velocity_smoother-18]
[INFO] [bt_navigator-17]: sending signal 'SIGINT' to process[bt_navigator-17]
[ERROR] [mission_axis_node-20]: process has died [pid 4498, exit code -2, cmd '/home/junyoung/fire_robot_ws_observed_nav_20260928/install/fire_robot_navigation/lib/fire_robot_navigation/mission_axis_node --ros-args -r __node:=mission_axis_node --params-file /tmp/launch_params_kl7z5ubu --params-file /home/junyoung/fire_robot_ws_observed_nav_20260928/install/fire_robot_bringup/share/fire_robot_bringup/config/observed_navigation.yaml'].
[INFO] [behavior_server-16]: sending signal 'SIGINT' to process[behavior_server-16]
[ERROR] [velocity_smoother-18]: process has died [pid 4399, exit code -2, cmd '/opt/ros/humble/lib/nav2_velocity_smoother/velocity_smoother --ros-args --log-level info --ros-args -r __node:=velocity_smoother --params-file /tmp/launch_params_e1aioxqo -r /tf:=tf -r /tf_static:=tf_static -r cmd_vel:=cmd_vel_nav -r cmd_vel_smoothed:=cmd_vel'].
[INFO] [planner_server-15]: sending signal 'SIGINT' to process[planner_server-15]
[INFO] [smoother_server-14]: sending signal 'SIGINT' to process[smoother_server-14]
[ERROR] [behavior_server-16]: process has died [pid 4395, exit code -2, cmd '/opt/ros/humble/lib/nav2_behaviors/behavior_server --ros-args --log-level info --ros-args -r __node:=behavior_server --params-file /tmp/launch_params_e1aioxqo -r /tf:=tf -r /tf_static:=tf_static'].
[INFO] [parameter_bridge-11]: process has finished cleanly [pid 4083]
[INFO] [parameter_bridge-10]: process has finished cleanly [pid 4081]
[INFO] [controller_server-13]: sending signal 'SIGINT' to process[controller_server-13]
[INFO] [async_slam_toolbox_node-12]: sending signal 'SIGINT' to process[async_slam_toolbox_node-12]
[INFO] [parameter_bridge-9]: process has finished cleanly [pid 4079]
[ERROR] [smoother_server-14]: process has died [pid 4391, exit code -2, cmd '/opt/ros/humble/lib/nav2_smoother/smoother_server --ros-args --log-level info --ros-args -r __node:=smoother_server --params-file /tmp/launch_params_e1aioxqo -r /tf:=tf -r /tf_static:=tf_static'].
[INFO] [static_transform_publisher-5]: process has finished cleanly [pid 4071]
[INFO] [parameter_bridge-8]: process has finished cleanly [pid 4077]
[INFO] [robot_state_publisher-4]: process has finished cleanly [pid 4069]
[ERROR] [navigation_visit_node-23]: process has died [pid 4504, exit code -2, cmd '/home/junyoung/fire_robot_ws_observed_nav_20260928/install/fire_robot_navigation/lib/fire_robot_navigation/navigation_visit_node --ros-args -r __node:=navigation_visit_node --params-file /tmp/launch_params_bmmqwd_l'].
[INFO] [cmd_vel_safety_node-6]: sending signal 'SIGINT' to process[cmd_vel_safety_node-6]
[INFO] [ign-3]: sending signal 'SIGINT' to process[ign-3]
[ERROR] [cmd_vel_safety_node-6]: process has died [pid 4073, exit code -2, cmd '/home/junyoung/fire_robot_ws_observed_nav_20260928/install/fire_robot_navigation/lib/fire_robot_navigation/cmd_vel_safety_node --ros-args -r __node:=cmd_vel_safety_node --params-file /tmp/launch_params_azy_0i73 --params-file /home/junyoung/fire_robot_ws_observed_nav_20260928/install/fire_robot_bringup/share/fire_robot_bringup/config/observed_navigation.yaml'].
[INFO] [slam_correction_tf-2]: sending signal 'SIGINT' to process[slam_correction_tf-2]
[INFO] [motion_scan_filter-1]: sending signal 'SIGINT' to process[motion_scan_filter-1]
[planner_server-15] [INFO] [1790649223.067360390] [rclcpp]: signal_handler(SIGINT/SIGTERM)
[planner_server-15] [INFO] [1790649223.067434824] [planner_server]: Running Nav2 LifecycleNode rcl preshutdown (planner_server)
[planner_server-15] [INFO] [1790649223.067554139] [planner_server]: Deactivating
[planner_server-15] [INFO] [1790649223.067605533] [global_costmap.global_costmap]: Deactivating
[static_transform_publisher-5] [INFO] [1790649223.067321061] [rclcpp]: signal_handler(SIGINT/SIGTERM)
[parameter_bridge-10] [INFO] [1790649223.067402833] [rclcpp]: signal_handler(SIGINT/SIGTERM)
[parameter_bridge-9] [INFO] [1790649223.067472994] [rclcpp]: signal_handler(SIGINT/SIGTERM)
[robot_state_publisher-4] [INFO] [1790649223.067577003] [rclcpp]: signal_handler(SIGINT/SIGTERM)
[async_slam_toolbox_node-12] [INFO] [1790649223.067617864] [rclcpp]: signal_handler(SIGINT/SIGTERM)
[async_slam_toolbox_node-12] terminate called after throwing an instance of 'karto::Exception'
[state_machine_node-24] Traceback (most recent call last):
[state_machine_node-24]   File "/home/junyoung/fire_robot_ws_observed_nav_20260928/install/fire_robot_fsm/lib/fire_robot_fsm/state_machine_node", line 33, in <module>
[state_machine_node-24]     sys.exit(load_entry_point('fire-robot-fsm', 'console_scripts', 'state_machine_node')())
[state_machine_node-24]   File "/home/junyoung/fire_robot_ws_observed_nav_20260928/build/fire_robot_fsm/fire_robot_fsm/state_machine_node.py", line 19180, in main
[state_machine_node-24]     rclpy.spin(node)
[state_machine_node-24]   File "/opt/ros/humble/local/lib/python3.10/dist-packages/rclpy/__init__.py", line 229, in spin
[state_machine_node-24]     executor.spin_once()
[state_machine_node-24]   File "/opt/ros/humble/local/lib/python3.10/dist-packages/rclpy/executors.py", line 808, in spin_once
[state_machine_node-24]     self._spin_once_impl(timeout_sec)
[state_machine_node-24]   File "/opt/ros/humble/local/lib/python3.10/dist-packages/rclpy/executors.py", line 797, in _spin_once_impl
[state_machine_node-24]     handler, entity, node = self.wait_for_ready_callbacks(timeout_sec=timeout_sec)
[state_machine_node-24]   File "/opt/ros/humble/local/lib/python3.10/dist-packages/rclpy/executors.py", line 780, in wait_for_ready_callbacks
[state_machine_node-24]     return next(self._cb_iter)
[state_machine_node-24]   File "/opt/ros/humble/local/lib/python3.10/dist-packages/rclpy/executors.py", line 677, in _wait_for_ready_callbacks
[state_machine_node-24]     wait_set.wait(timeout_nsec)
[state_machine_node-24] KeyboardInterrupt
[controller_server-13] [INFO] [1790649223.067795583] [rclcpp]: signal_handler(SIGINT/SIGTERM)
[controller_server-13] [INFO] [1790649223.067917772] [controller_server]: Running Nav2 LifecycleNode rcl preshutdown (controller_server)
[controller_server-13] [INFO] [1790649223.068031448] [controller_server]: Deactivating
[controller_server-13] [INFO] [1790649223.068073345] [controller_server]: Deactivating controller: FollowPath of type nav2_rotation_shim_controller::RotationShimController
[controller_server-13] [INFO] [1790649223.068125582] [local_costmap.local_costmap]: Deactivating
[ERROR] [slam_correction_tf-2]: process has died [pid 4065, exit code -2, cmd '/home/junyoung/fire_robot_ws_observed_nav_20260928/install/fire_robot_navigation/lib/fire_robot_navigation/slam_correction_tf --ros-args --params-file /tmp/launch_params_no37j1mx'].
[parameter_bridge-11] [INFO] [1790649223.067785905] [rclcpp]: signal_handler(SIGINT/SIGTERM)
[ERROR] [motion_scan_filter-1]: process has died [pid 4063, exit code -2, cmd '/home/junyoung/fire_robot_ws_observed_nav_20260928/install/fire_robot_navigation/lib/fire_robot_navigation/motion_scan_filter --ros-args --params-file /tmp/launch_params_lf88aekj'].
[navigation_node-22] Traceback (most recent call last):
[navigation_node-22]   File "/home/junyoung/fire_robot_ws_observed_nav_20260928/install/fire_robot_navigation/lib/fire_robot_navigation/navigation_node", line 33, in <module>
[navigation_node-22]     sys.exit(load_entry_point('fire-robot-navigation', 'console_scripts', 'navigation_node')())
[navigation_node-22]   File "/home/junyoung/fire_robot_ws_observed_nav_20260928/build/fire_robot_navigation/fire_robot_navigation/navigation_node.py", line 1169, in main
[navigation_node-22]     rclpy.spin(node)
[navigation_node-22]   File "/opt/ros/humble/local/lib/python3.10/dist-packages/rclpy/__init__.py", line 229, in spin
[navigation_node-22]     executor.spin_once()
[navigation_node-22]   File "/opt/ros/humble/local/lib/python3.10/dist-packages/rclpy/executors.py", line 808, in spin_once
[navigation_node-22]     self._spin_once_impl(timeout_sec)
[navigation_node-22]   File "/opt/ros/humble/local/lib/python3.10/dist-packages/rclpy/executors.py", line 797, in _spin_once_impl
[navigation_node-22]     handler, entity, node = self.wait_for_ready_callbacks(timeout_sec=timeout_sec)
[navigation_node-22]   File "/opt/ros/humble/local/lib/python3.10/dist-packages/rclpy/executors.py", line 780, in wait_for_ready_callbacks
[navigation_node-22]     return next(self._cb_iter)
[navigation_node-22]   File "/opt/ros/humble/local/lib/python3.10/dist-packages/rclpy/executors.py", line 677, in _wait_for_ready_callbacks
[navigation_node-22]     wait_set.wait(timeout_nsec)
[navigation_node-22] KeyboardInterrupt
[smoother_server-14] [INFO] [1790649223.068088678] [rclcpp]: signal_handler(SIGINT/SIGTERM)
[smoother_server-14] [INFO] [1790649223.068307798] [smoother_server]: Running Nav2 LifecycleNode rcl preshutdown (smoother_server)
[smoother_server-14] [INFO] [1790649223.068566294] [smoother_server]: Deactivating
[smoother_server-14] [INFO] [1790649223.068640302] [smoother_server]: Destroying bond (smoother_server) to lifecycle manager.
[smoother_server-14] [INFO] [1790649223.087209534] [smoother_server]: Cleaning up
[mission_axis_node-20] Traceback (most recent call last):
[mission_axis_node-20]   File "/home/junyoung/fire_robot_ws_observed_nav_20260928/install/fire_robot_navigation/lib/fire_robot_navigation/mission_axis_node", line 33, in <module>
[mission_axis_node-20]     sys.exit(load_entry_point('fire-robot-navigation', 'console_scripts', 'mission_axis_node')())
[mission_axis_node-20]   File "/home/junyoung/fire_robot_ws_observed_nav_20260928/build/fire_robot_navigation/fire_robot_navigation/mission_axis_node.py", line 272, in main
[mission_axis_node-20]     rclpy.spin(node)
[mission_axis_node-20]   File "/opt/ros/humble/local/lib/python3.10/dist-packages/rclpy/__init__.py", line 229, in spin
[mission_axis_node-20]     executor.spin_once()
[mission_axis_node-20]   File "/opt/ros/humble/local/lib/python3.10/dist-packages/rclpy/executors.py", line 808, in spin_once
[mission_axis_node-20]     self._spin_once_impl(timeout_sec)
[mission_axis_node-20]   File "/opt/ros/humble/local/lib/python3.10/dist-packages/rclpy/executors.py", line 797, in _spin_once_impl
[mission_axis_node-20]     handler, entity, node = self.wait_for_ready_callbacks(timeout_sec=timeout_sec)
[mission_axis_node-20]   File "/opt/ros/humble/local/lib/python3.10/dist-packages/rclpy/executors.py", line 780, in wait_for_ready_callbacks
[mission_axis_node-20]     return next(self._cb_iter)
[mission_axis_node-20]   File "/opt/ros/humble/local/lib/python3.10/dist-packages/rclpy/executors.py", line 677, in _wait_for_ready_callbacks
[mission_axis_node-20]     wait_set.wait(timeout_nsec)
[mission_axis_node-20] KeyboardInterrupt
[bt_navigator-17] [INFO] [1790649223.069614950] [rclcpp]: signal_handler(SIGINT/SIGTERM)
[bt_navigator-17] [INFO] [1790649223.069756182] [bt_navigator]: Running Nav2 LifecycleNode rcl preshutdown (bt_navigator)
[bt_navigator-17] [INFO] [1790649223.069839179] [bt_navigator]: Deactivating
[bt_navigator-17] [INFO] [1790649223.069894293] [bt_navigator]: Destroying bond (bt_navigator) to lifecycle manager.
[bt_navigator-17] [INFO] [1790649223.082890740] [bt_navigator]: Cleaning up
[parameter_bridge-8] [INFO] [1790649223.072263429] [rclcpp]: signal_handler(SIGINT/SIGTERM)
[behavior_server-16] [INFO] [1790649223.078257029] [behavior_server]: Cleaning up
[behavior_server-16] [INFO] [1790649223.104125267] [behavior_server]: Destroying bond (behavior_server) to lifecycle manager.
[velocity_smoother-18] [INFO] [1790649223.078657070] [velocity_smoother]: Cleaning up
[velocity_smoother-18] [INFO] [1790649223.078746580] [velocity_smoother]: Destroying bond (velocity_smoother) to lifecycle manager.
[velocity_smoother-18] [INFO] [1790649223.126718097] [velocity_smoother]: Destroying
[smoother_server-14] [INFO] [1790649223.139055662] [smoother_server]: Destroying bond (smoother_server) to lifecycle manager.
[navigation_visit_node-23] Traceback (most recent call last):
[navigation_visit_node-23]   File "/home/junyoung/fire_robot_ws_observed_nav_20260928/build/fire_robot_navigation/fire_robot_navigation/navigation_visit_node.py", line 73, in main
[navigation_visit_node-23]     rclpy.spin(node)
[navigation_visit_node-23]   File "/opt/ros/humble/local/lib/python3.10/dist-packages/rclpy/__init__.py", line 229, in spin
[navigation_visit_node-23]     executor.spin_once()
[navigation_visit_node-23]   File "/opt/ros/humble/local/lib/python3.10/dist-packages/rclpy/executors.py", line 808, in spin_once
[navigation_visit_node-23]     self._spin_once_impl(timeout_sec)
[navigation_visit_node-23]   File "/opt/ros/humble/local/lib/python3.10/dist-packages/rclpy/executors.py", line 797, in _spin_once_impl
[navigation_visit_node-23]     handler, entity, node = self.wait_for_ready_callbacks(timeout_sec=timeout_sec)
[navigation_visit_node-23]   File "/opt/ros/humble/local/lib/python3.10/dist-packages/rclpy/executors.py", line 780, in wait_for_ready_callbacks
[navigation_visit_node-23]     return next(self._cb_iter)
[navigation_visit_node-23]   File "/opt/ros/humble/local/lib/python3.10/dist-packages/rclpy/executors.py", line 677, in _wait_for_ready_callbacks
[navigation_visit_node-23]     wait_set.wait(timeout_nsec)
[navigation_visit_node-23] KeyboardInterrupt
[navigation_visit_node-23] 
[navigation_visit_node-23] During handling of the above exception, another exception occurred:
[navigation_visit_node-23] 
[navigation_visit_node-23] Traceback (most recent call last):
[navigation_visit_node-23]   File "/home/junyoung/fire_robot_ws_observed_nav_20260928/install/fire_robot_navigation/lib/fire_robot_navigation/navigation_visit_node", line 33, in <module>
[navigation_visit_node-23]     sys.exit(load_entry_point('fire-robot-navigation', 'console_scripts', 'navigation_visit_node')())
[navigation_visit_node-23]   File "/home/junyoung/fire_robot_ws_observed_nav_20260928/build/fire_robot_navigation/fire_robot_navigation/navigation_visit_node.py", line 75, in main
[navigation_visit_node-23]     node.destroy_node()
[navigation_visit_node-23]   File "/opt/ros/humble/local/lib/python3.10/dist-packages/rclpy/node.py", line 1696, in destroy_node
[navigation_visit_node-23]     self.__node.destroy_when_not_in_use()
[navigation_visit_node-23] KeyboardInterrupt
[smoother_server-14] [INFO] [1790649223.146650943] [smoother_server]: Destroying
[planner_server-15] [INFO] [1790649223.155306533] [planner_server]: Deactivating plugin GridBased of type SmacPlanner2D
[planner_server-15] [INFO] [1790649223.155637247] [planner_server]: Destroying bond (planner_server) to lifecycle manager.
[planner_server-15] [INFO] [1790649223.166514485] [planner_server]: Cleaning up
[door_detection_node-21] Traceback (most recent call last):
[door_detection_node-21]   File "/home/junyoung/fire_robot_ws_observed_nav_20260928/install/fire_robot_perception/lib/fire_robot_perception/door_detection_node", line 33, in <module>
[door_detection_node-21]     sys.exit(load_entry_point('fire-robot-perception', 'console_scripts', 'door_detection_node')())
[door_detection_node-21]   File "/home/junyoung/fire_robot_ws_observed_nav_20260928/build/fire_robot_perception/fire_robot_perception/door_detection_node.py", line 2058, in main
[door_detection_node-21]     node.destroy_node()
[door_detection_node-21]   File "/opt/ros/humble/local/lib/python3.10/dist-packages/rclpy/node.py", line 1696, in destroy_node
[door_detection_node-21]     self.__node.destroy_when_not_in_use()
[door_detection_node-21] KeyboardInterrupt
[behavior_server-16] [INFO] [1790649223.174440130] [behavior_server]: Destroying
[planner_server-15] [INFO] [1790649223.195451132] [global_costmap.global_costmap]: Cleaning up
[planner_server-15] [INFO] [1790649223.203328234] [planner_server]: Cleaning up plugin GridBased of type SmacPlanner2D
[planner_server-15] [INFO] [1790649223.203860499] [planner_server]: Destroying plugin GridBased of type SmacPlanner2D
[planner_server-15] [INFO] [1790649223.215294371] [planner_server]: Destroying bond (planner_server) to lifecycle manager.
[planner_server-15] [INFO] [1790649223.219455028] [rclcpp]: signal_handler(SIGINT/SIGTERM)
[lifecycle_manager-19] [INFO] [1790649223.218050883] [rclcpp]: signal_handler(SIGINT/SIGTERM)
[planner_server-15] [INFO] [1790649223.222628060] [global_costmap.global_costmap]: Destroying
[cmd_vel_safety_node-6] Traceback (most recent call last):
[cmd_vel_safety_node-6]   File "/home/junyoung/fire_robot_ws_observed_nav_20260928/build/fire_robot_navigation/fire_robot_navigation/cmd_vel_safety_node.py", line 191, in main
[cmd_vel_safety_node-6]     rclpy.spin(node)
[cmd_vel_safety_node-6]   File "/opt/ros/humble/local/lib/python3.10/dist-packages/rclpy/__init__.py", line 229, in spin
[cmd_vel_safety_node-6]     executor.spin_once()
[cmd_vel_safety_node-6]   File "/opt/ros/humble/local/lib/python3.10/dist-packages/rclpy/executors.py", line 808, in spin_once
[cmd_vel_safety_node-6]     self._spin_once_impl(timeout_sec)
[cmd_vel_safety_node-6]   File "/opt/ros/humble/local/lib/python3.10/dist-packages/rclpy/executors.py", line 797, in _spin_once_impl
[cmd_vel_safety_node-6]     handler, entity, node = self.wait_for_ready_callbacks(timeout_sec=timeout_sec)
[cmd_vel_safety_node-6]   File "/opt/ros/humble/local/lib/python3.10/dist-packages/rclpy/executors.py", line 780, in wait_for_ready_callbacks
[cmd_vel_safety_node-6]     return next(self._cb_iter)
[cmd_vel_safety_node-6]   File "/opt/ros/humble/local/lib/python3.10/dist-packages/rclpy/executors.py", line 677, in _wait_for_ready_callbacks
[cmd_vel_safety_node-6]     wait_set.wait(timeout_nsec)
[cmd_vel_safety_node-6] KeyboardInterrupt
[cmd_vel_safety_node-6] 
[cmd_vel_safety_node-6] During handling of the above exception, another exception occurred:
[cmd_vel_safety_node-6] 
[cmd_vel_safety_node-6] Traceback (most recent call last):
[cmd_vel_safety_node-6]   File "/home/junyoung/fire_robot_ws_observed_nav_20260928/install/fire_robot_navigation/lib/fire_robot_navigation/cmd_vel_safety_node", line 33, in <module>
[cmd_vel_safety_node-6]     sys.exit(load_entry_point('fire-robot-navigation', 'console_scripts', 'cmd_vel_safety_node')())
[cmd_vel_safety_node-6]   File "/home/junyoung/fire_robot_ws_observed_nav_20260928/build/fire_robot_navigation/fire_robot_navigation/cmd_vel_safety_node.py", line 194, in main
[cmd_vel_safety_node-6]     rclpy.shutdown()
[cmd_vel_safety_node-6]   File "/opt/ros/humble/local/lib/python3.10/dist-packages/rclpy/__init__.py", line 130, in shutdown
[cmd_vel_safety_node-6]     _shutdown(context=context)
[cmd_vel_safety_node-6]   File "/opt/ros/humble/local/lib/python3.10/dist-packages/rclpy/utilities.py", line 58, in shutdown
[cmd_vel_safety_node-6]     return context.shutdown()
[cmd_vel_safety_node-6]   File "/opt/ros/humble/local/lib/python3.10/dist-packages/rclpy/context.py", line 102, in shutdown
[cmd_vel_safety_node-6]     self.__context.shutdown()
[cmd_vel_safety_node-6] rclpy._rclpy_pybind11.RCLError: failed to shutdown: rcl_shutdown already called on the given context, at ./src/rcl/init.c:241
[lifecycle_manager-19] [INFO] [1790649223.225153950] [lifecycle_manager_navigation]: Destroying lifecycle_manager_navigation
[controller_server-13] [INFO] [1790649223.234668630] [controller_server]: Destroying bond (controller_server) to lifecycle manager.
[planner_server-15] [INFO] [1790649223.243044515] [planner_server]: Destroying
[controller_server-13] [INFO] [1790649223.245068165] [controller_server]: Cleaning up
[controller_server-13] [INFO] [1790649223.245217890] [controller_server]: Cleaning up controller: FollowPath of type nav2_rotation_shim_controller::RotationShimController
[controller_server-13] [INFO] [1790649223.245926532] [local_costmap.local_costmap]: Cleaning up
[controller_server-13] [INFO] [1790649223.274918619] [controller_server]: Destroying bond (controller_server) to lifecycle manager.
[controller_server-13] [INFO] [1790649223.278531169] [rclcpp]: signal_handler(SIGINT/SIGTERM)
[controller_server-13] [INFO] [1790649223.287722798] [local_costmap.local_costmap]: Destroying
[bt_navigator-17] [INFO] [1790649223.303502467] [bt_navigator]: Completed Cleaning up
[bt_navigator-17] [INFO] [1790649223.303592637] [bt_navigator]: Destroying bond (bt_navigator) to lifecycle manager.
[controller_server-13] [INFO] [1790649223.305262821] [controller_server]: Destroying
[bt_navigator-17] [INFO] [1790649223.305830554] [rclcpp]: signal_handler(SIGINT/SIGTERM)
[bt_navigator-17] [INFO] [1790649223.318544293] [bt_navigator]: Destroying
[INFO] [lifecycle_manager-19]: process has finished cleanly [pid 4455]
[INFO] [planner_server-15]: process has finished cleanly [pid 4393]
[INFO] [ign-3]: process has finished cleanly [pid 4067]
[INFO] [controller_server-13]: process has finished cleanly [pid 4389]
[INFO] [bt_navigator-17]: process has finished cleanly [pid 4397]
[door_detection_node-21] The following exception was never retrieved: Failed to publish: publisher's context is invalid, at ./src/rcl/publisher.c:389
[ERROR] [door_detection_node-21]: process has died [pid 4500, exit code -2, cmd '/home/junyoung/fire_robot_ws_observed_nav_20260928/install/fire_robot_perception/lib/fire_robot_perception/door_detection_node --ros-args -r __node:=door_detection_node --params-file /tmp/launch_params_twh0_2f9 --params-file /home/junyoung/fire_robot_ws_observed_nav_20260928/install/fire_robot_bringup/share/fire_robot_bringup/config/observed_navigation.yaml'].
[ERROR] [async_slam_toolbox_node-12]: process has died [pid 4364, exit code -6, cmd '/opt/ros/humble/lib/slam_toolbox/async_slam_toolbox_node --ros-args -r __node:=slam_toolbox --params-file /tmp/observed_slam_9_pre2rh.yaml --params-file /tmp/launch_params_14v_pt3p'].
