[INFO] [launch]: All log files can be found below /home/junyoung/.ros/log/2026-09-29-11-11-16-181089-BOOK-9IO69NR1EM-2381
[INFO] [launch]: Default logging verbosity is set to INFO
[INFO] [motion_scan_filter-1]: process started with pid [2412]
[INFO] [slam_correction_tf-2]: process started with pid [2414]
[INFO] [ign-3]: process started with pid [2416]
[INFO] [robot_state_publisher-4]: process started with pid [2418]
[INFO] [static_transform_publisher-5]: process started with pid [2420]
[INFO] [cmd_vel_safety_node-6]: process started with pid [2422]
[INFO] [create-7]: process started with pid [2424]
[INFO] [parameter_bridge-8]: process started with pid [2426]
[INFO] [parameter_bridge-9]: process started with pid [2428]
[INFO] [parameter_bridge-10]: process started with pid [2430]
[INFO] [parameter_bridge-11]: process started with pid [2432]
[static_transform_publisher-5] [WARN] [1790647876.385334683] []: Old-style arguments are deprecated; see --help for new-style arguments
[static_transform_publisher-5] [INFO] [1790647876.408695174] [sim_lidar_sensor_tf]: Spinning until stopped - publishing transform
[static_transform_publisher-5] translation: ('0.200000', '0.000000', '0.070000')
[static_transform_publisher-5] rotation: ('0.000000', '0.000000', '0.000000', '1.000000')
[static_transform_publisher-5] from 'base_link' to 'fire_robot/base_footprint/lidar_sensor'
[create-7] [INFO] [1790647876.425416043] [spawn_fire_robot]: Requesting list of world names.
[robot_state_publisher-4] [INFO] [1790647876.448757225] [robot_state_publisher]: got segment arm_base_link
[robot_state_publisher-4] [INFO] [1790647876.448919128] [robot_state_publisher]: got segment arm_link1
[robot_state_publisher-4] [INFO] [1790647876.448929542] [robot_state_publisher]: got segment arm_link2
[robot_state_publisher-4] [INFO] [1790647876.448934266] [robot_state_publisher]: got segment arm_link3
[robot_state_publisher-4] [INFO] [1790647876.448938302] [robot_state_publisher]: got segment arm_link4
[robot_state_publisher-4] [INFO] [1790647876.448942010] [robot_state_publisher]: got segment arm_link5
[robot_state_publisher-4] [INFO] [1790647876.448945962] [robot_state_publisher]: got segment arm_link6
[robot_state_publisher-4] [INFO] [1790647876.448949600] [robot_state_publisher]: got segment base_footprint
[robot_state_publisher-4] [INFO] [1790647876.448953246] [robot_state_publisher]: got segment base_link
[robot_state_publisher-4] [INFO] [1790647876.448979744] [robot_state_publisher]: got segment camera_color_optical_frame
[robot_state_publisher-4] [INFO] [1790647876.448985118] [robot_state_publisher]: got segment camera_front_left_link
[robot_state_publisher-4] [INFO] [1790647876.448989414] [robot_state_publisher]: got segment camera_front_left_optical_frame
[robot_state_publisher-4] [INFO] [1790647876.448993490] [robot_state_publisher]: got segment camera_front_right_link
[robot_state_publisher-4] [INFO] [1790647876.448997190] [robot_state_publisher]: got segment camera_front_right_optical_frame
[robot_state_publisher-4] [INFO] [1790647876.449000963] [robot_state_publisher]: got segment camera_link
[robot_state_publisher-4] [INFO] [1790647876.449004932] [robot_state_publisher]: got segment depth_camera_link
[robot_state_publisher-4] [INFO] [1790647876.449009077] [robot_state_publisher]: got segment depth_optical_frame
[robot_state_publisher-4] [INFO] [1790647876.449016443] [robot_state_publisher]: got segment front_left_wheel
[robot_state_publisher-4] [INFO] [1790647876.449020469] [robot_state_publisher]: got segment front_right_wheel
[robot_state_publisher-4] [INFO] [1790647876.449024173] [robot_state_publisher]: got segment gripper_base_link
[robot_state_publisher-4] [INFO] [1790647876.449027652] [robot_state_publisher]: got segment gripper_finger_left
[robot_state_publisher-4] [INFO] [1790647876.449031205] [robot_state_publisher]: got segment gripper_finger_right
[robot_state_publisher-4] [INFO] [1790647876.449034936] [robot_state_publisher]: got segment lidar_link
[robot_state_publisher-4] [INFO] [1790647876.449038421] [robot_state_publisher]: got segment rear_left_wheel
[robot_state_publisher-4] [INFO] [1790647876.449041999] [robot_state_publisher]: got segment rear_right_wheel
[parameter_bridge-10] [INFO] [1790647876.449375932] [gz_selected_odometry_bridge]: Creating GZ->ROS Bridge: [/wheel_odom (gz.msgs.Odometry) -> /wheel_odom (nav_msgs/msg/Odometry)] (Lazy 0)
[parameter_bridge-11] [INFO] [1790647876.453514553] [gz_rgb_camera_bridge]: Creating GZ->ROS Bridge: [/camera_raw (gz.msgs.Image) -> /camera_raw (sensor_msgs/msg/Image)] (Lazy 0)
[parameter_bridge-10] [INFO] [1790647876.455096291] [gz_selected_odometry_bridge]: Creating GZ->ROS Bridge: [/wheel_tf (gz.msgs.Pose_V) -> /wheel_tf (tf2_msgs/msg/TFMessage)] (Lazy 0)
[parameter_bridge-11] [INFO] [1790647876.455638393] [gz_rgb_camera_bridge]: Creating GZ->ROS Bridge: [/camera_raw/camera_info (gz.msgs.CameraInfo) -> /camera_raw/camera_info (sensor_msgs/msg/CameraInfo)] (Lazy 0)
[parameter_bridge-11] [INFO] [1790647876.456526325] [gz_rgb_camera_bridge]: Creating GZ->ROS Bridge: [/camera_front_left_raw (gz.msgs.Image) -> /camera_front_left_raw (sensor_msgs/msg/Image)] (Lazy 0)
[parameter_bridge-11] [INFO] [1790647876.458089026] [gz_rgb_camera_bridge]: Creating GZ->ROS Bridge: [/camera_front_left_raw/camera_info (gz.msgs.CameraInfo) -> /camera_front_left_raw/camera_info (sensor_msgs/msg/CameraInfo)] (Lazy 0)
[parameter_bridge-8] [INFO] [1790647876.459043907] [gz_clock_bridge]: Creating GZ->ROS Bridge: [/clock (gz.msgs.Clock) -> /clock (rosgraph_msgs/msg/Clock)] (Lazy 0)
[parameter_bridge-11] [INFO] [1790647876.460259686] [gz_rgb_camera_bridge]: Creating GZ->ROS Bridge: [/camera_front_right_raw (gz.msgs.Image) -> /camera_front_right_raw (sensor_msgs/msg/Image)] (Lazy 0)
[parameter_bridge-11] [INFO] [1790647876.461037841] [gz_rgb_camera_bridge]: Creating GZ->ROS Bridge: [/camera_front_right_raw/camera_info (gz.msgs.CameraInfo) -> /camera_front_right_raw/camera_info (sensor_msgs/msg/CameraInfo)] (Lazy 0)
[parameter_bridge-9] [INFO] [1790647876.463590781] [gz_motion_bridge]: Creating GZ->ROS Bridge: [/scan (gz.msgs.LaserScan) -> /scan (sensor_msgs/msg/LaserScan)] (Lazy 0)
[parameter_bridge-9] [INFO] [1790647876.466560164] [gz_motion_bridge]: Creating ROS->GZ Bridge: [/cmd_vel (geometry_msgs/msg/Twist) -> /cmd_vel (gz.msgs.Twist)] (Lazy 0)
[parameter_bridge-9] [INFO] [1790647876.468605650] [gz_motion_bridge]: Creating GZ->ROS Bridge: [/joint_states (gz.msgs.Model) -> /joint_states (sensor_msgs/msg/JointState)] (Lazy 0)
[cmd_vel_safety_node-6] [INFO] [1790647876.638992270] [cmd_vel_safety_node]: CmdVelSafetyNode started | nav=/cmd_vel, manual=/cmd_vel_manual -> /cmd_vel_safe manual_hold=0.75s, allow_reverse=True, micro_reverse=0.050m/s, LiDAR stops(front/rear/turn)=0.48/0.40/0.32m, manual_lidar_stop=True
[create-7] [INFO] [1790647876.931557007] [spawn_fire_robot]: Waiting messages on topic [/robot_description].
[create-7] [INFO] [1790647876.944173992] [spawn_fire_robot]: Requested creation of entity.
[create-7] [INFO] [1790647876.944254253] [spawn_fire_robot]: OK creation of entity.
[INFO] [create-7]: process has finished cleanly [pid 2424]
[ign-3] [1;33mWarning [Utils.cc:129][0m [/sdf/model[@name="fire_robot"]/link[@name="base_footprint"]/sensor[@name="lidar_sensor"]/lidar/noise[@type="gaussian"]:<urdf-string>:L0]: XML Attribute[type] in element[noise] not defined in SDF.
[INFO] [async_slam_toolbox_node-12]: process started with pid [2714]
[async_slam_toolbox_node-12] [INFO] [1790647884.443143343] [slam_toolbox]: Node using stack size 40000000
[async_slam_toolbox_node-12] [INFO] [1790647884.504567576] [slam_toolbox]: Using solver plugin solver_plugins::CeresSolver
[async_slam_toolbox_node-12] [INFO] [1790647884.505205354] [slam_toolbox]: CeresSolver: Using SCHUR_JACOBI preconditioner.
[async_slam_toolbox_node-12] [INFO] [1790647884.760951892] [slam_toolbox]: Message Filter dropping message: frame 'lidar_link' at time 4.814 for reason 'the timestamp on the message is earlier than all the data in the transform cache'
[async_slam_toolbox_node-12] [WARN] [1790647885.507650679] [slam_toolbox]: minimum laser range setting (0.0 m) exceeds the capabilities of the used Lidar (0.2 m)
[async_slam_toolbox_node-12] Registering sensor: [Custom Described Lidar]
[INFO] [controller_server-13]: process started with pid [2739]
[INFO] [smoother_server-14]: process started with pid [2741]
[INFO] [planner_server-15]: process started with pid [2743]
[INFO] [behavior_server-16]: process started with pid [2745]
[INFO] [bt_navigator-17]: process started with pid [2747]
[INFO] [velocity_smoother-18]: process started with pid [2749]
[INFO] [lifecycle_manager-19]: process started with pid [2794]
[bt_navigator-17] [INFO] [1790647888.908869545] [bt_navigator]: 
[bt_navigator-17] 	bt_navigator lifecycle node launched. 
[bt_navigator-17] 	Waiting on external lifecycle transitions to activate
[bt_navigator-17] 	See https://design.ros2.org/articles/node_lifecycle.html for more information.
[bt_navigator-17] [INFO] [1790647888.909078174] [bt_navigator]: Creating
[velocity_smoother-18] [INFO] [1790647888.910097871] [velocity_smoother]: 
[velocity_smoother-18] 	velocity_smoother lifecycle node launched. 
[velocity_smoother-18] 	Waiting on external lifecycle transitions to activate
[velocity_smoother-18] 	See https://design.ros2.org/articles/node_lifecycle.html for more information.
[smoother_server-14] [INFO] [1790647888.918298856] [smoother_server]: 
[smoother_server-14] 	smoother_server lifecycle node launched. 
[smoother_server-14] 	Waiting on external lifecycle transitions to activate
[smoother_server-14] 	See https://design.ros2.org/articles/node_lifecycle.html for more information.
[smoother_server-14] [INFO] [1790647888.920279034] [smoother_server]: Creating smoother server
[controller_server-13] [INFO] [1790647888.920921290] [controller_server]: 
[controller_server-13] 	controller_server lifecycle node launched. 
[controller_server-13] 	Waiting on external lifecycle transitions to activate
[controller_server-13] 	See https://design.ros2.org/articles/node_lifecycle.html for more information.
[controller_server-13] [INFO] [1790647888.928562773] [controller_server]: Creating controller server
[lifecycle_manager-19] [INFO] [1790647888.929850357] [lifecycle_manager_navigation]: Creating
[lifecycle_manager-19] [INFO] [1790647888.934709261] [lifecycle_manager_navigation]: [34m[1mCreating and initializing lifecycle service clients[0m[0m
[behavior_server-16] [INFO] [1790647888.952205925] [behavior_server]: 
[behavior_server-16] 	behavior_server lifecycle node launched. 
[behavior_server-16] 	Waiting on external lifecycle transitions to activate
[behavior_server-16] 	See https://design.ros2.org/articles/node_lifecycle.html for more information.
[planner_server-15] [INFO] [1790647888.964423103] [planner_server]: 
[planner_server-15] 	planner_server lifecycle node launched. 
[planner_server-15] 	Waiting on external lifecycle transitions to activate
[planner_server-15] 	See https://design.ros2.org/articles/node_lifecycle.html for more information.
[planner_server-15] [INFO] [1790647888.966071417] [planner_server]: Creating
[controller_server-13] [INFO] [1790647888.979959034] [local_costmap.local_costmap]: 
[controller_server-13] 	local_costmap lifecycle node launched. 
[controller_server-13] 	Waiting on external lifecycle transitions to activate
[controller_server-13] 	See https://design.ros2.org/articles/node_lifecycle.html for more information.
[controller_server-13] [INFO] [1790647888.981109557] [local_costmap.local_costmap]: Creating Costmap
[planner_server-15] [INFO] [1790647888.993851381] [global_costmap.global_costmap]: 
[planner_server-15] 	global_costmap lifecycle node launched. 
[planner_server-15] 	Waiting on external lifecycle transitions to activate
[planner_server-15] 	See https://design.ros2.org/articles/node_lifecycle.html for more information.
[planner_server-15] [INFO] [1790647888.994490770] [global_costmap.global_costmap]: Creating Costmap
[lifecycle_manager-19] [INFO] [1790647889.969830580] [lifecycle_manager_navigation]: [34m[1mStarting managed nodes bringup...[0m[0m
[lifecycle_manager-19] [INFO] [1790647889.969942108] [lifecycle_manager_navigation]: [34m[1mConfiguring controller_server[0m[0m
[controller_server-13] [INFO] [1790647889.970422241] [controller_server]: Configuring controller interface
[controller_server-13] [INFO] [1790647889.970736112] [controller_server]: getting goal checker plugins..
[controller_server-13] [INFO] [1790647889.970933689] [controller_server]: Controller frequency set to 8.0000Hz
[controller_server-13] [INFO] [1790647889.970977012] [local_costmap.local_costmap]: Configuring
[controller_server-13] [INFO] [1790647889.980418990] [local_costmap.local_costmap]: Using plugin "obstacle_layer"
[controller_server-13] [INFO] [1790647889.983361944] [local_costmap.local_costmap]: Subscribed to Topics: scan
[controller_server-13] [INFO] [1790647889.989219597] [local_costmap.local_costmap]: Initialized plugin "obstacle_layer"
[controller_server-13] [INFO] [1790647889.989277333] [local_costmap.local_costmap]: Using plugin "inflation_layer"
[controller_server-13] [INFO] [1790647889.989963177] [local_costmap.local_costmap]: Initialized plugin "inflation_layer"
[controller_server-13] [INFO] [1790647890.009689784] [controller_server]: Created progress_checker : progress_checker of type nav2_controller::SimpleProgressChecker
[controller_server-13] [INFO] [1790647890.010656616] [controller_server]: Created goal checker : general_goal_checker of type nav2_controller::SimpleGoalChecker
[controller_server-13] [INFO] [1790647890.012264677] [controller_server]: Controller Server has general_goal_checker  goal checkers available.
[controller_server-13] [INFO] [1790647890.013975889] [controller_server]: Created controller : FollowPath of type nav2_rotation_shim_controller::RotationShimController
[controller_server-13] [INFO] [1790647890.016739561] [controller_server]: Created internal controller for rotation shimming: FollowPath of type dwb_core::DWBLocalPlanner
[controller_server-13] [INFO] [1790647890.018383827] [controller_server]: Setting transform_tolerance to 0.300000
[controller_server-13] [INFO] [1790647890.036551018] [controller_server]: Using critic "RotateToGoal" (dwb_critics::RotateToGoalCritic)
[controller_server-13] [INFO] [1790647890.037700381] [controller_server]: Critic plugin initialized
[controller_server-13] [INFO] [1790647890.037868753] [controller_server]: Using critic "Oscillation" (dwb_critics::OscillationCritic)
[controller_server-13] [INFO] [1790647890.039535285] [controller_server]: Critic plugin initialized
[controller_server-13] [INFO] [1790647890.039839390] [controller_server]: Using critic "BaseObstacle" (dwb_critics::BaseObstacleCritic)
[controller_server-13] [INFO] [1790647890.040621631] [controller_server]: Critic plugin initialized
[controller_server-13] [INFO] [1790647890.040934402] [controller_server]: Using critic "ObstacleFootprint" (dwb_critics::ObstacleFootprintCritic)
[controller_server-13] [INFO] [1790647890.041292522] [controller_server]: Critic plugin initialized
[controller_server-13] [INFO] [1790647890.041787018] [controller_server]: Using critic "GoalAlign" (dwb_critics::GoalAlignCritic)
[controller_server-13] [INFO] [1790647890.043472832] [controller_server]: Critic plugin initialized
[controller_server-13] [INFO] [1790647890.043750928] [controller_server]: Using critic "PathAlign" (dwb_critics::PathAlignCritic)
[controller_server-13] [INFO] [1790647890.045409016] [controller_server]: Critic plugin initialized
[controller_server-13] [INFO] [1790647890.045712438] [controller_server]: Using critic "PathDist" (dwb_critics::PathDistCritic)
[controller_server-13] [INFO] [1790647890.046670934] [controller_server]: Critic plugin initialized
[controller_server-13] [INFO] [1790647890.046774267] [controller_server]: Using critic "GoalDist" (dwb_critics::GoalDistCritic)
[controller_server-13] [INFO] [1790647890.047433241] [controller_server]: Critic plugin initialized
[controller_server-13] [INFO] [1790647890.047487993] [controller_server]: Controller Server has FollowPath  controllers available.
[lifecycle_manager-19] [INFO] [1790647890.060753808] [lifecycle_manager_navigation]: [34m[1mConfiguring smoother_server[0m[0m
[smoother_server-14] [INFO] [1790647890.061095315] [smoother_server]: Configuring smoother server
[smoother_server-14] [INFO] [1790647890.073327007] [smoother_server]: Created smoother : simple_smoother of type nav2_smoother::SimpleSmoother
[smoother_server-14] [INFO] [1790647890.074184000] [smoother_server]: Smoother Server has simple_smoother  smoothers available.
[lifecycle_manager-19] [INFO] [1790647890.086340885] [lifecycle_manager_navigation]: [34m[1mConfiguring planner_server[0m[0m
[planner_server-15] [INFO] [1790647890.086724866] [planner_server]: Configuring
[planner_server-15] [INFO] [1790647890.086802704] [global_costmap.global_costmap]: Configuring
[planner_server-15] [INFO] [1790647890.095583221] [global_costmap.global_costmap]: Using plugin "static_layer"
[planner_server-15] [INFO] [1790647890.100532366] [global_costmap.global_costmap]: Subscribing to the map topic (/map) with transient local durability
[planner_server-15] [INFO] [1790647890.102985306] [global_costmap.global_costmap]: Subscribing to updates
[planner_server-15] [INFO] [1790647890.104754482] [global_costmap.global_costmap]: Initialized plugin "static_layer"
[planner_server-15] [INFO] [1790647890.104806458] [global_costmap.global_costmap]: Using plugin "obstacle_layer"
[planner_server-15] [INFO] [1790647890.105727650] [global_costmap.global_costmap]: Subscribed to Topics: scan
[planner_server-15] [INFO] [1790647890.111453668] [global_costmap.global_costmap]: Initialized plugin "obstacle_layer"
[planner_server-15] [INFO] [1790647890.111516869] [global_costmap.global_costmap]: Using plugin "inflation_layer"
[planner_server-15] [INFO] [1790647890.112085019] [global_costmap.global_costmap]: Initialized plugin "inflation_layer"
[planner_server-15] [INFO] [1790647890.132359556] [global_costmap.global_costmap]: StaticLayer: Resizing static layer to 193 X 81 at 0.050000 m/pix
[planner_server-15] [INFO] [1790647890.136302239] [planner_server]: Created global planner plugin GridBased of type nav2_smac_planner/SmacPlanner2D
[planner_server-15] [INFO] [1790647890.136372267] [planner_server]: Configuring GridBased of type SmacPlanner2D
[planner_server-15] [INFO] [1790647890.139478600] [planner_server]: Configured plugin GridBased of type SmacPlanner2D with tolerance 0.55, maximum iterations 1000000, max on approach iterations 1000, and not allowing unknown traversal.
[planner_server-15] [INFO] [1790647890.139535542] [planner_server]: Planner Server has GridBased  planners available.
[lifecycle_manager-19] [INFO] [1790647890.162853835] [lifecycle_manager_navigation]: [34m[1mConfiguring behavior_server[0m[0m
[behavior_server-16] [INFO] [1790647890.163377223] [behavior_server]: Configuring
[behavior_server-16] [INFO] [1790647890.179402001] [behavior_server]: Creating behavior plugin spin of type nav2_behaviors/Spin
[behavior_server-16] [INFO] [1790647890.179990935] [behavior_server]: Configuring spin
[behavior_server-16] [INFO] [1790647890.191517154] [behavior_server]: Creating behavior plugin backup of type nav2_behaviors/BackUp
[behavior_server-16] [INFO] [1790647890.192388717] [behavior_server]: Configuring backup
[behavior_server-16] [INFO] [1790647890.200577920] [behavior_server]: Creating behavior plugin drive_on_heading of type nav2_behaviors/DriveOnHeading
[behavior_server-16] [INFO] [1790647890.201477061] [behavior_server]: Configuring drive_on_heading
[behavior_server-16] [INFO] [1790647890.212733619] [behavior_server]: Creating behavior plugin assisted_teleop of type nav2_behaviors/AssistedTeleop
[behavior_server-16] [INFO] [1790647890.214299231] [behavior_server]: Configuring assisted_teleop
[behavior_server-16] [INFO] [1790647890.226932384] [behavior_server]: Creating behavior plugin wait of type nav2_behaviors/Wait
[behavior_server-16] [INFO] [1790647890.227847828] [behavior_server]: Configuring wait
[lifecycle_manager-19] [INFO] [1790647890.238003975] [lifecycle_manager_navigation]: [34m[1mConfiguring bt_navigator[0m[0m
[bt_navigator-17] [INFO] [1790647890.238472454] [bt_navigator]: Configuring
[lifecycle_manager-19] [INFO] [1790647890.341873315] [lifecycle_manager_navigation]: [34m[1mConfiguring velocity_smoother[0m[0m
[velocity_smoother-18] [INFO] [1790647890.342620252] [velocity_smoother]: Configuring velocity smoother
[lifecycle_manager-19] [INFO] [1790647890.350326947] [lifecycle_manager_navigation]: [34m[1mActivating controller_server[0m[0m
[controller_server-13] [INFO] [1790647890.350845608] [controller_server]: Activating
[controller_server-13] [INFO] [1790647890.350891205] [local_costmap.local_costmap]: Activating
[controller_server-13] [INFO] [1790647890.350902835] [local_costmap.local_costmap]: Checking transform
[controller_server-13] [INFO] [1790647890.351109141] [local_costmap.local_costmap]: start
[controller_server-13] [INFO] [1790647890.602445053] [controller_server]: Activating controller: FollowPath of type nav2_rotation_shim_controller::RotationShimController
[controller_server-13] [INFO] [1790647890.602547500] [controller_server]: Creating bond (controller_server) to lifecycle manager.
[lifecycle_manager-19] [INFO] [1790647890.710841034] [lifecycle_manager_navigation]: Server controller_server connected with bond.
[lifecycle_manager-19] [INFO] [1790647890.710940858] [lifecycle_manager_navigation]: [34m[1mActivating smoother_server[0m[0m
[smoother_server-14] [INFO] [1790647890.711696145] [smoother_server]: Activating
[smoother_server-14] [INFO] [1790647890.711765972] [smoother_server]: Creating bond (smoother_server) to lifecycle manager.
[lifecycle_manager-19] [INFO] [1790647890.820464003] [lifecycle_manager_navigation]: Server smoother_server connected with bond.
[lifecycle_manager-19] [INFO] [1790647890.820528779] [lifecycle_manager_navigation]: [34m[1mActivating planner_server[0m[0m
[planner_server-15] [INFO] [1790647890.820824758] [planner_server]: Activating
[planner_server-15] [INFO] [1790647890.820870568] [global_costmap.global_costmap]: Activating
[planner_server-15] [INFO] [1790647890.820885579] [global_costmap.global_costmap]: Checking transform
[planner_server-15] [INFO] [1790647890.821059515] [global_costmap.global_costmap]: start
[planner_server-15] [INFO] [1790647891.373109611] [planner_server]: Activating plugin GridBased of type SmacPlanner2D
[planner_server-15] [INFO] [1790647891.374923501] [planner_server]: Creating bond (planner_server) to lifecycle manager.
[lifecycle_manager-19] [INFO] [1790647891.481886504] [lifecycle_manager_navigation]: Server planner_server connected with bond.
[lifecycle_manager-19] [INFO] [1790647891.481959635] [lifecycle_manager_navigation]: [34m[1mActivating behavior_server[0m[0m
[behavior_server-16] [INFO] [1790647891.482520913] [behavior_server]: Activating
[behavior_server-16] [INFO] [1790647891.482565463] [behavior_server]: Activating spin
[behavior_server-16] [INFO] [1790647891.482583745] [behavior_server]: Activating backup
[behavior_server-16] [INFO] [1790647891.482597237] [behavior_server]: Activating drive_on_heading
[behavior_server-16] [INFO] [1790647891.482610308] [behavior_server]: Activating assisted_teleop
[behavior_server-16] [INFO] [1790647891.482623057] [behavior_server]: Activating wait
[behavior_server-16] [INFO] [1790647891.482641858] [behavior_server]: Creating bond (behavior_server) to lifecycle manager.
[lifecycle_manager-19] [INFO] [1790647891.593909205] [lifecycle_manager_navigation]: Server behavior_server connected with bond.
[lifecycle_manager-19] [INFO] [1790647891.593971677] [lifecycle_manager_navigation]: [34m[1mActivating bt_navigator[0m[0m
[bt_navigator-17] [INFO] [1790647891.594401806] [bt_navigator]: Activating
[bt_navigator-17] [INFO] [1790647891.704376343] [bt_navigator]: Creating bond (bt_navigator) to lifecycle manager.
[lifecycle_manager-19] [INFO] [1790647891.813696325] [lifecycle_manager_navigation]: Server bt_navigator connected with bond.
[lifecycle_manager-19] [INFO] [1790647891.813756609] [lifecycle_manager_navigation]: [34m[1mActivating velocity_smoother[0m[0m
[velocity_smoother-18] [INFO] [1790647891.814158676] [velocity_smoother]: Activating
[velocity_smoother-18] [INFO] [1790647891.814211313] [velocity_smoother]: Creating bond (velocity_smoother) to lifecycle manager.
[lifecycle_manager-19] [INFO] [1790647891.924172914] [lifecycle_manager_navigation]: Server velocity_smoother connected with bond.
[lifecycle_manager-19] [INFO] [1790647891.924308194] [lifecycle_manager_navigation]: [34m[1mManaged nodes are active[0m[0m
[lifecycle_manager-19] [INFO] [1790647891.924561884] [lifecycle_manager_navigation]: [34m[1mCreating bond timer...[0m[0m
[INFO] [mission_axis_node-20]: process started with pid [2850]
[INFO] [door_detection_node-21]: process started with pid [2852]
[INFO] [navigation_node-22]: process started with pid [2854]
[INFO] [navigation_visit_node-23]: process started with pid [2856]
[navigation_node-22] [INFO] [1790647895.135518332] [navigation_node]: NavigationNode started
[mission_axis_node-20] [INFO] [1790647895.145052323] [mission_axis_node]: MissionAxisNode started | map=/map, base=base_link, frame=map
[navigation_visit_node-23] [WARN] [1790647895.160145045] [navigation_visit_node]: NAVIGATION ONLY: service success is a VISIT, NOT physical door opening.
[mission_axis_node-20] [INFO] [1790647895.521452754] [mission_axis_node]: Mission axis published: origin=(-0.00, -0.00), yaw=0.6deg
[navigation_node-22] [INFO] [1790647896.119133200] [navigation_node]: Mission axis received: origin=(-0.00, -0.00), yaw=0.6deg
[door_detection_node-21] [INFO] [1790647897.743969665] [door_detection_node]: YOLO inference torch threads limited to 1.
[door_detection_node-21] [INFO] [1790647897.745064693] [door_detection_node]: Loading custom YOLO model: /home/junyoung/fire_robot_ws_observed_nav_20260928/install/fire_robot_perception/share/fire_robot_perception/models/best.pt
[door_detection_node-21] [WARN] [1790647898.002552462] [door_detection_node]: Handle YOLO model has a single non-handle class "item". Treating it as handle. Rename the dataset class to handle/door_handle when retraining.
[door_detection_node-21] [INFO] [1790647898.003209270] [door_detection_node]: Loading primary handle YOLO model: /home/junyoung/fire_robot_ws_observed_nav_20260928/install/fire_robot_perception/share/fire_robot_perception/models/handle_best_v3_CANDIDATE.pt (classes=['item'])
[door_detection_node-21] [INFO] [1790647898.164609056] [door_detection_node]: Loading fallback handle YOLO model: /home/junyoung/fire_robot_ws_observed_nav_20260928/install/fire_robot_perception/share/fire_robot_perception/models/handle_best_v2.pt (classes=['lever_handle'])
[door_detection_node-21] [INFO] [1790647898.165090156] [door_detection_node]: DoorDetectionNode started | YOLO=OK | handle_yolo=OK | handle_yolo_fallback=OK | imgsz=320 | depth=OFF | yolo_interval=2.40s | image_interval=1.20s | debug_image=OFF | cameras=front,front_left,front_right
[door_detection_node-21] [INFO] [1790647903.812078952] [door_detection_node]: YOLO 후보 제외: source=front, far small dist=5.64m, conf=0.33, bbox=(227,74,245,157)
[door_detection_node-21] [INFO] [1790647903.822145787] [door_detection_node]: Front lateral LiDAR range looks too long for the visible door; using visual range (lidar=3.73m, visual=2.39m)
[door_detection_node-21] [INFO] [1790647903.822800160] [door_detection_node]: YOLO 후보 제외: source=front, edge-clipped bbox=(0,16,32,212)
[door_detection_node-21] [INFO] [1790647906.031308245] [door_detection_node]: Front lateral LiDAR range looks too long for the visible door; using visual range (lidar=3.70m, visual=2.48m)
[door_detection_node-21] [INFO] [1790647906.031965668] [door_detection_node]: YOLO 후보 제외: source=front, edge-clipped bbox=(0,24,29,213)
[door_detection_node-21] [INFO] [1790647906.036827615] [door_detection_node]: YOLO 후보 제외: source=front, far small dist=5.57m, conf=0.26, bbox=(227,74,245,158)
[door_detection_node-21] [INFO] [1790647909.410901109] [door_detection_node]: Front lateral LiDAR range looks too long for the visible door; using visual range (lidar=3.62m, visual=2.48m)
[door_detection_node-21] [INFO] [1790647909.419619431] [door_detection_node]: YOLO 후보 제외: source=front, edge-clipped bbox=(0,24,29,213)
[door_detection_node-21] [INFO] [1790647909.441726396] [door_detection_node]: YOLO 후보 제외: source=front, far small dist=5.57m, conf=0.26, bbox=(227,74,245,158)
[door_detection_node-21] [INFO] [1790647911.855124776] [door_detection_node]: Front lateral LiDAR range looks too long for the visible door; using visual range (lidar=3.63m, visual=2.48m)
[door_detection_node-21] [INFO] [1790647911.862956332] [door_detection_node]: YOLO 후보 제외: source=front, edge-clipped bbox=(0,24,29,213)
[door_detection_node-21] [INFO] [1790647911.878559822] [door_detection_node]: YOLO 후보 제외: source=front, far small dist=5.57m, conf=0.26, bbox=(227,74,245,158)
[door_detection_node-21] [INFO] [1790647914.130252074] [door_detection_node]: Front lateral LiDAR range looks too long for the visible door; using visual range (lidar=3.62m, visual=2.48m)
[door_detection_node-21] [INFO] [1790647914.134925543] [door_detection_node]: YOLO 후보 제외: source=front, edge-clipped bbox=(0,24,29,213)
[door_detection_node-21] [INFO] [1790647914.145796812] [door_detection_node]: YOLO 후보 제외: source=front, far small dist=5.57m, conf=0.26, bbox=(227,74,245,158)
[door_detection_node-21] [INFO] [1790647916.176251394] [door_detection_node]: Front lateral LiDAR range looks too long for the visible door; using visual range (lidar=3.66m, visual=2.48m)
[door_detection_node-21] [INFO] [1790647916.195300482] [door_detection_node]: YOLO 후보 제외: source=front, edge-clipped bbox=(0,24,29,213)
[door_detection_node-21] [INFO] [1790647916.201667823] [door_detection_node]: YOLO 후보 제외: source=front, far small dist=5.57m, conf=0.26, bbox=(227,74,245,158)
[door_detection_node-21] [INFO] [1790647918.949541722] [door_detection_node]: Front lateral LiDAR range looks too long for the visible door; using visual range (lidar=3.64m, visual=2.48m)
[door_detection_node-21] [INFO] [1790647918.952889065] [door_detection_node]: YOLO 후보 제외: source=front, edge-clipped bbox=(0,24,29,213)
[door_detection_node-21] [INFO] [1790647918.982031017] [door_detection_node]: YOLO 후보 제외: source=front, far small dist=5.57m, conf=0.26, bbox=(227,74,245,158)
[door_detection_node-21] [INFO] [1790647922.143757637] [door_detection_node]: Front lateral LiDAR range looks too long for the visible door; using visual range (lidar=3.69m, visual=2.48m)
[door_detection_node-21] [INFO] [1790647922.152217608] [door_detection_node]: YOLO 후보 제외: source=front, edge-clipped bbox=(0,24,29,213)
[door_detection_node-21] [INFO] [1790647922.171596507] [door_detection_node]: YOLO 후보 제외: source=front, far small dist=5.57m, conf=0.26, bbox=(227,74,245,158)
[door_detection_node-21] [INFO] [1790647925.281983704] [door_detection_node]: Front lateral LiDAR range looks too long for the visible door; using visual range (lidar=3.73m, visual=2.48m)
[door_detection_node-21] [INFO] [1790647925.284489878] [door_detection_node]: YOLO 후보 제외: source=front, edge-clipped bbox=(0,24,29,213)
[door_detection_node-21] [INFO] [1790647925.302449419] [door_detection_node]: YOLO 후보 제외: source=front, far small dist=5.57m, conf=0.26, bbox=(227,74,245,158)
[INFO] [state_machine_node-24]: process started with pid [3655]
[state_machine_node-24] [INFO] [1790647927.151751226] [state_machine_node]: StateMachineNode started | nav_timeout=55.0s  max_retries=2  explore_timeout=60.0s  exit=observed green exit only
[state_machine_node-24] [INFO] [1790647927.155515474] [state_machine_node]: Mission axis 대기 중: 초기 SLAM/static map 기준축 수신 후 탐색을 시작합니다.
[door_detection_node-21] [INFO] [1790647927.962013141] [door_detection_node]: Front lateral LiDAR range looks too long for the visible door; using visual range (lidar=3.72m, visual=2.48m)
[door_detection_node-21] [INFO] [1790647927.962552763] [door_detection_node]: YOLO 후보 제외: source=front, edge-clipped bbox=(0,24,29,213)
[door_detection_node-21] [INFO] [1790647927.977364183] [door_detection_node]: YOLO 후보 제외: source=front, far small dist=5.57m, conf=0.26, bbox=(227,74,245,158)
[state_machine_node-24] [INFO] [1790647928.522839759] [state_machine_node]: Mission axis updated from /map: origin=(-0.00, -0.00), yaw=0.6deg
[state_machine_node-24] [INFO] [1790647929.005941893] [state_machine_node]: start_without_fire enabled. Starting corridor exploration.
[state_machine_node-24] [INFO] [1790647929.006464688] [state_machine_node]: State: IDLE → EXPLORING
[parameter_bridge-9] [INFO] [1790647929.009765380] [gz_motion_bridge]: Passing message from ROS geometry_msgs/msg/Twist to Gazebo gz.msgs.Twist (showing msg only once per type)
[state_machine_node-24] [INFO] [1790647929.714284367] [state_machine_node]: 파란 문 후보 없음. 2.0s 동안 정지 스캔 후 관측 기반 waypoint를 계획합니다.
[door_detection_node-21] [INFO] [1790647930.120833823] [door_detection_node]: Front lateral LiDAR range looks too long for the visible door; using visual range (lidar=3.65m, visual=2.48m)
[door_detection_node-21] [INFO] [1790647930.128856827] [door_detection_node]: YOLO 후보 제외: source=front, edge-clipped bbox=(0,24,29,213)
[door_detection_node-21] [INFO] [1790647930.133043309] [door_detection_node]: YOLO 후보 제외: source=front, far small dist=5.57m, conf=0.26, bbox=(227,74,245,158)
[state_machine_node-24] [INFO] [1790647932.566817872] [state_machine_node]: 탐색 waypoint 계획 요청: explore_waypoint_1.2_lat+0 progress=1.20, lateral=0.00, map=(1.20, 0.01) | 중앙 차선 선택 | 파란 문/전방 장애물/빨간 문 회피 이유 없음, 관측 기반 중앙 진행축 유지 | LiDAR lane clearances: C:y=0.00/clear=3.20, R:y=-0.65/clear=3.17, L:y=0.65/clear=3.20
[state_machine_node-24] [INFO] [1790647932.567448500] [state_machine_node]: State: EXPLORING → EXPLORING_NAVIGATING
[navigation_node-22] [INFO] [1790647932.569934991] [navigation_node]: Navigation goal received: door explore_waypoint_1.2_lat+0 (color=explore, frame=map, x=1.20, y=0.01)
[navigation_node-22] [INFO] [1790647932.623985366] [navigation_node]: Navigation goal accepted by Nav2
[bt_navigator-17] [INFO] [1790647932.623934154] [bt_navigator]: Begin navigating from current location (-0.00, -0.00) to (1.20, 0.01)
[controller_server-13] [INFO] [1790647932.826610280] [controller_server]: Received a goal, begin computing control effort.
[controller_server-13] [WARN] [1790647932.826732309] [controller_server]: No goal checker was specified in parameter 'current_goal_checker'. Server will use only plugin loaded general_goal_checker . This warning will appear once.
[door_detection_node-21] [INFO] [1790647932.941288473] [door_detection_node]: Front lateral LiDAR range looks too long for the visible door; using visual range (lidar=3.64m, visual=2.48m)
[door_detection_node-21] [INFO] [1790647932.949350577] [door_detection_node]: YOLO 후보 제외: source=front, edge-clipped bbox=(0,24,29,213)
[door_detection_node-21] [INFO] [1790647932.964483569] [door_detection_node]: YOLO 후보 제외: source=front, far small dist=5.57m, conf=0.26, bbox=(227,74,245,158)
[controller_server-13] [INFO] [1790647934.202777300] [controller_server]: Passing new path to controller.
[door_detection_node-21] [INFO] [1790647935.335757711] [door_detection_node]: Front lateral LiDAR range looks too long for the visible door; using visual range (lidar=3.61m, visual=2.52m)
[controller_server-13] [INFO] [1790647935.452771949] [controller_server]: Passing new path to controller.
[planner_server-15] [INFO] [1790647935.828561464] [global_costmap.global_costmap]: StaticLayer: Resizing static layer to 195 X 82 at 0.050000 m/pix
[door_detection_node-21] [INFO] [1790647936.266166918] [door_detection_node]: YOLO 후보 제외: source=front, far small dist=6.08m, conf=0.23, bbox=(228,74,247,163)
[planner_server-15] [INFO] [1790647936.821399162] [global_costmap.global_costmap]: StaticLayer: Resizing static layer to 197 X 82 at 0.050000 m/pix
[controller_server-13] [INFO] [1790647936.827823921] [controller_server]: Passing new path to controller.
[door_detection_node-21] [INFO] [1790647937.769366944] [door_detection_node]: 문 후보 발행: id=door_blue_574f62, source=front, color=blue, dist=5.03m, conf=0.46, bbox=(232,71,253,164), rep_x=242, center_x=242, angle=-19.3deg, center_angle=-19.3deg, lidar=5.62m, visual=5.03m, goal=(5.25,-0.38), handle=(5.26,-1.63,1.00), handle_obs=False, handle_method=estimated, handle_conf=0.00
[planner_server-15] [INFO] [1790647937.821353250] [global_costmap.global_costmap]: StaticLayer: Resizing static layer to 199 X 82 at 0.050000 m/pix
[state_machine_node-24] [INFO] [1790647937.831889506] [state_machine_node]: Blue candidate door_blue_574f62 is waiting for stronger direct evidence before interrupting exploration (conf=0.46/0.55).
[controller_server-13] [INFO] [1790647938.077771432] [controller_server]: Passing new path to controller.
[door_detection_node-21] [INFO] [1790647938.168738854] [door_detection_node]: Side camera LiDAR range looks too long for the visible door; using visual range (source=front_left, lidar=3.08m, visual=2.08m)
[planner_server-15] [INFO] [1790647938.821389182] [global_costmap.global_costmap]: StaticLayer: Resizing static layer to 200 X 82 at 0.050000 m/pix
[navigation_node-22] [WARN] [1790647939.326378411] [navigation_node]: Robot is 0.34m from explore goal (threshold=0.35m). Treating navigation as succeeded.
[state_machine_node-24] [INFO] [1790647939.327697701] [state_machine_node]: Navigation succeeded.
[controller_server-13] [INFO] [1790647939.327775106] [controller_server]: Passing new path to controller.
[state_machine_node-24] [INFO] [1790647939.371629786] [state_machine_node]: 탐색 waypoint 도착. LiDAR+camera 재스캔을 계속합니다.
[state_machine_node-24] [INFO] [1790647939.373516227] [state_machine_node]: 색상 단서 없음. 다음 탐색 waypoint는 중앙 진행축을 유지합니다.
[state_machine_node-24] [INFO] [1790647939.374118392] [state_machine_node]: State: EXPLORING_NAVIGATING → EXPLORING
[bt_navigator-17] [ERROR] [1790647939.445747855] [bt_navigator_navigate_to_pose_rclcpp_node]: Failed to get result for follow_path in node halt!
[bt_navigator-17] [INFO] [1790647939.446037182] [bt_navigator]: [navigate_to_pose] [ActionServer] Client requested to cancel the goal. Cancelling.
[bt_navigator-17] [INFO] [1790647939.446383087] [bt_navigator]: Goal canceled
[controller_server-13] [INFO] [1790647939.452788979] [controller_server]: Goal was canceled. Stopping the robot.
[controller_server-13] [INFO] [1790647939.452897038] [controller_server]: [follow_path] [ActionServer] Client requested to cancel the goal. Cancelling.
[planner_server-15] [INFO] [1790647939.821339740] [global_costmap.global_costmap]: StaticLayer: Resizing static layer to 209 X 82 at 0.050000 m/pix
[door_detection_node-21] [INFO] [1790647940.047602588] [door_detection_node]: 문 후보 발행: id=door_blue_574f62, source=front, color=blue, dist=5.40m, conf=0.53, bbox=(238,72,258,171), rep_x=248, center_x=248, angle=-20.6deg, center_angle=-20.6deg, lidar=5.38m, visual=4.73m, goal=(5.92,-0.65), handle=(5.92,-1.90,1.00), handle_obs=True, handle_method=estimated, handle_conf=0.00
[state_machine_node-24] [INFO] [1790647940.103370601] [state_machine_node]: Explore waypoint reached; holding position for single-side camera/LiDAR side scan.
[door_detection_node-21] [INFO] [1790647940.353880954] [door_detection_node]: YOLO 후보 제외: source=front_left, edge-clipped bbox=(253,0,320,232)
[planner_server-15] [INFO] [1790647940.821449325] [global_costmap.global_costmap]: StaticLayer: Resizing static layer to 211 X 82 at 0.050000 m/pix
[door_detection_node-21] [INFO] [1790647943.026275843] [door_detection_node]: 문 후보 발행: id=door_blue_c242b1, source=front, color=blue, dist=4.73m, conf=0.38, bbox=(77,69,99,168), rep_x=88, center_x=88, angle=17.1deg, center_angle=17.1deg, lidar=2.92m, visual=4.73m, goal=(4.36,-2.82), handle=(5.19,-1.88,1.00), handle_obs=True, handle_method=estimated, handle_conf=0.00
[state_machine_node-24] [INFO] [1790647943.876489868] [state_machine_node]: Explore waypoint side scan complete.
[state_machine_node-24] [INFO] [1790647943.880755919] [state_machine_node]: 문 접근 목표 보정: observed_blue_5p5_m1p8 handle_axis=(5.54, -1.80) goal_axis=(5.54, -0.70) wall_axis=(5.54, -1.80) yaw=-89deg
[state_machine_node-24] [INFO] [1790647943.882655374] [state_machine_node]: 문 접근 목표 보정: observed_blue_5p5_m1p8 handle_axis=(5.54, -1.80) goal_axis=(5.54, -0.70) wall_axis=(5.54, -1.80) yaw=-89deg
[state_machine_node-24] [INFO] [1790647943.884415409] [state_machine_node]: 문 접근 목표 보정: observed_blue_5p5_m1p8 handle_axis=(5.54, -1.80) goal_axis=(5.54, -0.70) wall_axis=(5.54, -1.80) yaw=-89deg
[state_machine_node-24] [INFO] [1790647943.887093462] [state_machine_node]: 문 접근 목표 보정: observed_blue_5p5_m1p8 handle_axis=(5.54, -1.80) goal_axis=(5.54, -0.70) wall_axis=(5.54, -1.80) yaw=-89deg
[state_machine_node-24] [INFO] [1790647943.888552310] [state_machine_node]: 문 접근 목표 보정: observed_blue_5p5_m1p8 handle_axis=(5.54, -1.80) goal_axis=(5.54, -0.70) wall_axis=(5.54, -1.80) yaw=-89deg
[state_machine_node-24] [INFO] [1790647943.889177233] [state_machine_node]: LiDAR+camera segment map 사전 스캔 시작: observed_blue_5p5_m1p8
[state_machine_node-24] [INFO] [1790647944.626596262] [state_machine_node]: 문 접근 목표 보정: observed_blue_5p5_m1p8 handle_axis=(5.54, -1.80) goal_axis=(5.54, -0.70) wall_axis=(5.54, -1.80) yaw=-89deg
[door_detection_node-21] [INFO] [1790647944.897292140] [door_detection_node]: Side camera LiDAR range looks too long for the visible door; using visual range (source=front_left, lidar=2.92m, visual=2.02m)
[state_machine_node-24] [INFO] [1790647945.369309369] [state_machine_node]: 문 접근 목표 보정: observed_blue_5p5_m1p8 handle_axis=(5.54, -1.80) goal_axis=(5.54, -0.70) wall_axis=(5.54, -1.80) yaw=-89deg
[state_machine_node-24] [INFO] [1790647946.098885603] [state_machine_node]: 문 접근 목표 보정: observed_blue_5p5_m1p8 handle_axis=(5.54, -1.80) goal_axis=(5.54, -0.70) wall_axis=(5.54, -1.80) yaw=-89deg
[state_machine_node-24] [INFO] [1790647946.100429873] [state_machine_node]: 사전 스캔 완료. Nav2가 segment map 기반 경로를 계획합니다: observed_blue_5p5_m1p8
[state_machine_node-24] [INFO] [1790647946.103071936] [state_machine_node]: Locked blue target after pre-scan: observed_blue_5p5_m1p8 opened=0 retry=0/2
[state_machine_node-24] [INFO] [1790647946.104112560] [state_machine_node]: State: EXPLORING → NAVIGATING
[navigation_node-22] [INFO] [1790647946.108168310] [navigation_node]: Navigation goal received: door observed_blue_5p5_m1p8 (color=blue, frame=map, x=5.54, y=-0.64)
[bt_navigator-17] [INFO] [1790647946.161800395] [bt_navigator]: Begin navigating from current location (0.87, 0.05) to (5.54, -0.64)
[navigation_node-22] [INFO] [1790647946.163362063] [navigation_node]: Navigation goal accepted by Nav2
[controller_server-13] [INFO] [1790647946.362791545] [controller_server]: Received a goal, begin computing control effort.
[controller_server-13] [INFO] [1790647947.738373178] [controller_server]: Passing new path to controller.
[planner_server-15] [INFO] [1790647948.821458022] [global_costmap.global_costmap]: StaticLayer: Resizing static layer to 211 X 82 at 0.050000 m/pix
[controller_server-13] [INFO] [1790647948.988406361] [controller_server]: Passing new path to controller.
[door_detection_node-21] [INFO] [1790647949.105252709] [door_detection_node]: Front lateral LiDAR range looks too long for the visible door; using visual range (lidar=6.28m, visual=4.63m)
[door_detection_node-21] [INFO] [1790647949.444561980] [door_detection_node]: 문 후보 발행: id=door_blue_4e80d6, source=front, color=blue, dist=4.63m, conf=0.40, bbox=(61,67,83,168), rep_x=72, center_x=72, angle=20.6deg, center_angle=20.6deg, lidar=8.22m, visual=4.63m, goal=(4.66,-2.10), handle=(5.36,-1.07,1.00), handle_obs=True, handle_method=estimated, handle_conf=0.00
[state_machine_node-24] [INFO] [1790647949.448011901] [state_machine_node]: 문 접근 목표 보정: door_blue_4e80d6 handle_axis=(5.35, -1.13) goal_axis=(5.35, -0.03) wall_axis=(5.35, -1.13) yaw=-89deg
[state_machine_node-24] [INFO] [1790647949.448761319] [state_machine_node]: Locked blue target refine skipped: door_blue_4e80d6 moved inward 1.80m -> 1.13m from mission axis.
[controller_server-13] [INFO] [1790647950.363387090] [controller_server]: Passing new path to controller.
[planner_server-15] [INFO] [1790647950.821422975] [global_costmap.global_costmap]: StaticLayer: Resizing static layer to 215 X 82 at 0.050000 m/pix
[door_detection_node-21] [INFO] [1790647951.450850567] [door_detection_node]: 문 후보 발행: id=door_blue_c242b1, source=front, color=blue, dist=5.34m, conf=0.41, bbox=(148,67,168,169), rep_x=158, center_x=158, angle=0.5deg, center_angle=0.5deg, lidar=6.60m, visual=4.59m, goal=(4.82,-1.29), handle=(6.25,-1.74,1.00), handle_obs=True, handle_method=estimated, handle_conf=0.00
[state_machine_node-24] [INFO] [1790647951.453104541] [state_machine_node]: 문 접근 목표 보정: door_blue_c242b1 handle_axis=(6.23, -1.81) goal_axis=(6.23, -0.71) wall_axis=(6.23, -1.81) yaw=-89deg
[state_machine_node-24] [INFO] [1790647951.454065252] [state_machine_node]: 문 접근 목표 보정: door_blue_c242b1 handle_axis=(6.23, -1.81) goal_axis=(6.23, -0.71) wall_axis=(6.23, -1.81) yaw=-89deg
[state_machine_node-24] [WARN] [1790647951.454881717] [state_machine_node]: Locked blue target refined from newer observation: observed_blue_5p5_m1p8 -> observed_blue_5p5_m1p8, goal shift=0.70m, identity=(5.55,-1.74) -> (6.25,-1.74)
[navigation_node-22] [INFO] [1790647951.456320001] [navigation_node]: Navigation goal received: door observed_blue_5p5_m1p8 (color=blue, frame=map, x=6.24, y=-0.64)
[navigation_node-22] [WARN] [1790647951.457184384] [navigation_node]: Already navigating. Preempting current goal without an explicit stop before retargeting to: observed_blue_5p5_m1p8
[navigation_node-22] [INFO] [1790647951.521577237] [navigation_node]: Navigation goal accepted by Nav2
[bt_navigator-17] [INFO] [1790647951.562722514] [bt_navigator]: Received goal preemption request
[bt_navigator-17] [INFO] [1790647951.562971762] [bt_navigator]: Begin navigating from current location (1.27, -0.17) to (6.24, -0.64)
[controller_server-13] [INFO] [1790647951.613355215] [controller_server]: Passing new path to controller.
[planner_server-15] [INFO] [1790647952.821415950] [global_costmap.global_costmap]: StaticLayer: Resizing static layer to 219 X 82 at 0.050000 m/pix
[controller_server-13] [INFO] [1790647952.863368839] [controller_server]: Passing new path to controller.
[door_detection_node-21] [INFO] [1790647953.475603475] [door_detection_node]: 문 후보 발행: id=door_blue_c7ec67, source=front, color=blue, dist=4.81m, conf=0.45, bbox=(185,62,208,174), rep_x=196, center_x=196, angle=-8.7deg, center_angle=-8.7deg, lidar=4.76m, visual=4.18m, goal=(6.25,-0.64), handle=(6.01,-1.87,1.00), handle_obs=True, handle_method=estimated, handle_conf=0.00
[state_machine_node-24] [INFO] [1790647953.477715281] [state_machine_node]: 문 접근 목표 보정: door_blue_c7ec67 handle_axis=(5.99, -1.93) goal_axis=(5.99, -0.83) wall_axis=(5.99, -1.93) yaw=-89deg
[state_machine_node-24] [INFO] [1790647953.478662131] [state_machine_node]: 문 접근 목표 보정: door_blue_c7ec67 handle_axis=(5.99, -1.93) goal_axis=(5.99, -0.83) wall_axis=(5.99, -1.93) yaw=-89deg
[planner_server-15] [INFO] [1790647953.821483668] [global_costmap.global_costmap]: StaticLayer: Resizing static layer to 221 X 82 at 0.050000 m/pix
[controller_server-13] [INFO] [1790647954.238420012] [controller_server]: Passing new path to controller.
[planner_server-15] [INFO] [1790647954.821510207] [global_costmap.global_costmap]: StaticLayer: Resizing static layer to 222 X 82 at 0.050000 m/pix
[door_detection_node-21] [INFO] [1790647955.331534303] [door_detection_node]: 문 후보 발행: id=door_blue_c7ec67, source=front, color=blue, dist=4.39m, conf=0.40, bbox=(192,57,220,180), rep_x=206, center_x=206, angle=-11.1deg, center_angle=-11.1deg, lidar=4.43m, visual=3.80m, goal=(6.09,-0.61), handle=(5.88,-1.84,1.00), handle_obs=True, handle_method=estimated, handle_conf=0.00
[state_machine_node-24] [INFO] [1790647955.334535150] [state_machine_node]: 문 접근 목표 보정: door_blue_c7ec67 handle_axis=(5.86, -1.91) goal_axis=(5.86, -0.81) wall_axis=(5.86, -1.91) yaw=-89deg
[state_machine_node-24] [INFO] [1790647955.335407654] [state_machine_node]: 문 접근 목표 보정: door_blue_c7ec67 handle_axis=(5.86, -1.91) goal_axis=(5.86, -0.81) wall_axis=(5.86, -1.91) yaw=-89deg
[state_machine_node-24] [WARN] [1790647955.336062047] [state_machine_node]: Locked blue target refined from newer observation: observed_blue_5p5_m1p8 -> observed_blue_5p5_m1p8, goal shift=0.38m, identity=(6.25,-1.74) -> (5.88,-1.84)
[navigation_node-22] [INFO] [1790647955.337548669] [navigation_node]: Navigation goal received: door observed_blue_5p5_m1p8 (color=blue, frame=map, x=5.87, y=-0.74)
[navigation_node-22] [WARN] [1790647955.338402743] [navigation_node]: Already navigating. Preempting current goal without an explicit stop before retargeting to: observed_blue_5p5_m1p8
[navigation_node-22] [INFO] [1790647955.409600124] [navigation_node]: Navigation goal accepted by Nav2
[bt_navigator-17] [INFO] [1790647955.462853032] [bt_navigator]: Received goal preemption request
[bt_navigator-17] [INFO] [1790647955.463214745] [bt_navigator]: Begin navigating from current location (1.92, -0.31) to (5.87, -0.74)
[controller_server-13] [INFO] [1790647955.488357565] [controller_server]: Passing new path to controller.
[planner_server-15] [INFO] [1790647955.821891813] [global_costmap.global_costmap]: StaticLayer: Resizing static layer to 227 X 82 at 0.050000 m/pix
[state_machine_node-24] [INFO] [1790647956.645977957] [state_machine_node]: 문 접근 목표 보정: door_blue_c7ec67 handle_axis=(5.88, -1.94) goal_axis=(5.88, -0.84) wall_axis=(5.88, -1.94) yaw=-89deg
[state_machine_node-24] [INFO] [1790647956.647356955] [state_machine_node]: 문 접근 목표 보정: door_blue_c7ec67 handle_axis=(5.88, -1.94) goal_axis=(5.88, -0.84) wall_axis=(5.88, -1.94) yaw=-89deg
[controller_server-13] [INFO] [1790647956.738363495] [controller_server]: Passing new path to controller.
[planner_server-15] [INFO] [1790647956.821409410] [global_costmap.global_costmap]: StaticLayer: Resizing static layer to 233 X 82 at 0.050000 m/pix
[planner_server-15] [INFO] [1790647957.821310571] [global_costmap.global_costmap]: StaticLayer: Resizing static layer to 233 X 83 at 0.050000 m/pix
[controller_server-13] [INFO] [1790647957.988376184] [controller_server]: Passing new path to controller.
[door_detection_node-21] [INFO] [1790647958.690091400] [door_detection_node]: 문 후보 발행: id=door_blue_c7ec67, source=front, color=blue, dist=4.05m, conf=0.23, bbox=(207,51,237,189), rep_x=222, center_x=222, angle=-14.8deg, center_angle=-14.8deg, lidar=4.69m, visual=3.39m, goal=(6.23,-0.65), handle=(6.08,-1.89,1.00), handle_obs=True, handle_method=estimated, handle_conf=0.00
[state_machine_node-24] [INFO] [1790647958.693174168] [state_machine_node]: 문 접근 목표 보정: door_blue_c7ec67 handle_axis=(6.06, -1.95) goal_axis=(6.06, -0.85) wall_axis=(6.06, -1.95) yaw=-89deg
[state_machine_node-24] [INFO] [1790647958.694166043] [state_machine_node]: 문 접근 목표 보정: door_blue_c7ec67 handle_axis=(6.06, -1.95) goal_axis=(6.06, -0.85) wall_axis=(6.06, -1.95) yaw=-89deg
[state_machine_node-24] [WARN] [1790647958.695038601] [state_machine_node]: Locked blue target refined from newer observation: observed_blue_5p5_m1p8 -> observed_blue_5p5_m1p8, goal shift=0.20m, identity=(5.88,-1.84) -> (6.08,-1.89)
[navigation_node-22] [INFO] [1790647958.696530655] [navigation_node]: Navigation goal received: door observed_blue_5p5_m1p8 (color=blue, frame=map, x=6.07, y=-0.79)
[navigation_node-22] [INFO] [1790647958.697338801] [navigation_node]: Ignoring duplicate navigation target for active door: observed_blue_5p5_m1p8
[planner_server-15] [INFO] [1790647958.821360157] [global_costmap.global_costmap]: StaticLayer: Resizing static layer to 238 X 83 at 0.050000 m/pix
[controller_server-13] [INFO] [1790647959.363422903] [controller_server]: Passing new path to controller.
[planner_server-15] [INFO] [1790647959.821336874] [global_costmap.global_costmap]: StaticLayer: Resizing static layer to 243 X 83 at 0.050000 m/pix
[door_detection_node-21] [INFO] [1790647960.129503734] [door_detection_node]: Front lateral LiDAR range looks too long for the visible door; using visual range (lidar=3.76m, visual=2.71m)
[door_detection_node-21] [INFO] [1790647960.460825535] [door_detection_node]: 문 후보 발행: id=door_blue_815b12, source=front, color=blue, dist=2.71m, conf=0.31, bbox=(263,32,299,205), rep_x=281, center_x=281, angle=-27.3deg, center_angle=-27.3deg, lidar=4.45m, visual=2.71m, goal=(5.01,-0.28), handle=(5.08,-1.53,1.00), handle_obs=True, handle_method=estimated, handle_conf=0.00
[state_machine_node-24] [INFO] [1790647960.466000863] [state_machine_node]: 문 접근 목표 보정: door_blue_815b12 handle_axis=(5.06, -1.58) goal_axis=(5.06, -0.48) wall_axis=(5.06, -1.58) yaw=-89deg
[state_machine_node-24] [INFO] [1790647960.467264622] [state_machine_node]: 문 접근 목표 보정: door_blue_815b12 handle_axis=(5.06, -1.58) goal_axis=(5.06, -0.48) wall_axis=(5.06, -1.58) yaw=-89deg
[state_machine_node-24] [INFO] [1790647960.468037412] [state_machine_node]: Locked blue target refine skipped: door_blue_815b12 would move the manipulation handle/parking station too far from the locked observed target (handle_progress_jump=1.00/0.90m, handle_xy_jump=1.06/0.90m).
[controller_server-13] [INFO] [1790647960.613341101] [controller_server]: Passing new path to controller.
[planner_server-15] [INFO] [1790647960.821453803] [global_costmap.global_costmap]: StaticLayer: Resizing static layer to 246 X 83 at 0.050000 m/pix
[planner_server-15] [INFO] [1790647961.824410984] [global_costmap.global_costmap]: StaticLayer: Resizing static layer to 250 X 83 at 0.050000 m/pix
[controller_server-13] [INFO] [1790647961.863389153] [controller_server]: Passing new path to controller.
[controller_server-13] [INFO] [1790647963.113375613] [controller_server]: Passing new path to controller.
[door_detection_node-21] [INFO] [1790647963.682303910] [door_detection_node]: Front lateral LiDAR range looks too long for the visible door; using visual range (lidar=3.56m, visual=2.28m)
[door_detection_node-21] [INFO] [1790647963.696518545] [door_detection_node]: YOLO 후보 제외: source=front, edge-clipped bbox=(282,19,319,224)
[door_detection_node-21] [INFO] [1790647963.716227718] [door_detection_node]: YOLO 후보 제외: source=front, far small dist=6.21m, conf=0.22, bbox=(83,80,101,164)
[controller_server-13] [INFO] [1790647964.363371006] [controller_server]: Passing new path to controller.
[controller_server-13] [INFO] [1790647965.613417834] [controller_server]: Passing new path to controller.
[door_detection_node-21] [INFO] [1790647966.236457450] [door_detection_node]: Front lateral LiDAR range looks too long for the visible door; using visual range (lidar=3.31m, visual=2.22m)
[door_detection_node-21] [INFO] [1790647966.244001496] [door_detection_node]: YOLO 후보 제외: source=front, edge-clipped bbox=(288,14,319,225)
[planner_server-15] [INFO] [1790647966.821301520] [global_costmap.global_costmap]: StaticLayer: Resizing static layer to 255 X 83 at 0.050000 m/pix
[controller_server-13] [INFO] [1790647966.863358850] [controller_server]: Passing new path to controller.
[planner_server-15] [INFO] [1790647967.821540554] [global_costmap.global_costmap]: StaticLayer: Resizing static layer to 260 X 83 at 0.050000 m/pix
[controller_server-13] [INFO] [1790647968.238367340] [controller_server]: Passing new path to controller.
[planner_server-15] [INFO] [1790647968.821326026] [global_costmap.global_costmap]: StaticLayer: Resizing static layer to 261 X 83 at 0.050000 m/pix
[door_detection_node-21] [INFO] [1790647969.034801340] [door_detection_node]: YOLO 후보 제외: source=front, edge-clipped bbox=(283,1,319,239)
[door_detection_node-21] [INFO] [1790647969.044536264] [door_detection_node]: Front lateral LiDAR range looks too long for the visible door; using visual range (lidar=5.82m, visual=4.50m)
[controller_server-13] [INFO] [1790647969.488352620] [controller_server]: Passing new path to controller.
[planner_server-15] [INFO] [1790647969.821441207] [global_costmap.global_costmap]: StaticLayer: Resizing static layer to 262 X 83 at 0.050000 m/pix
[planner_server-15] [INFO] [1790647970.821421501] [global_costmap.global_costmap]: StaticLayer: Resizing static layer to 265 X 83 at 0.050000 m/pix
[controller_server-13] [INFO] [1790647970.863362372] [controller_server]: Passing new path to controller.
[door_detection_node-21] [INFO] [1790647971.321524656] [door_detection_node]: YOLO 후보 제외: source=front, edge-clipped bbox=(277,0,319,240)
[planner_server-15] [INFO] [1790647971.821406870] [global_costmap.global_costmap]: StaticLayer: Resizing static layer to 274 X 83 at 0.050000 m/pix
[controller_server-13] [INFO] [1790647972.113665339] [controller_server]: Passing new path to controller.
[door_detection_node-21] [INFO] [1790647972.748057180] [door_detection_node]: Side camera LiDAR range looks too long for the visible door; using visual range (source=front_left, lidar=5.44m, visual=3.84m)
[planner_server-15] [INFO] [1790647972.821315184] [global_costmap.global_costmap]: StaticLayer: Resizing static layer to 279 X 83 at 0.050000 m/pix
[controller_server-13] [INFO] [1790647973.363351919] [controller_server]: Passing new path to controller.
[door_detection_node-21] [INFO] [1790647973.811500403] [door_detection_node]: YOLO 후보 제외: source=front, edge-clipped bbox=(273,0,320,240)
[planner_server-15] [INFO] [1790647973.821368150] [global_costmap.global_costmap]: StaticLayer: Resizing static layer to 283 X 83 at 0.050000 m/pix
[controller_server-13] [INFO] [1790647974.738394589] [controller_server]: Passing new path to controller.
[door_detection_node-21] [INFO] [1790647975.084676544] [door_detection_node]: 문 후보 발행: id=door_blue_f47587, source=front_right, color=blue, dist=1.91m, conf=1.00, bbox=(0,0,51,240), rep_x=25, center_x=25, angle=-40.0deg, center_angle=-40.0deg, lidar=1.88m, visual=1.95m, goal=(6.13,-0.71), handle=(5.92,-1.94,1.00), handle_obs=False, handle_method=estimated, handle_conf=0.00
[state_machine_node-24] [INFO] [1790647975.087805410] [state_machine_node]: 문 접근 목표 보정: door_blue_f47587 handle_axis=(5.90, -2.00) goal_axis=(5.90, -0.90) wall_axis=(5.90, -2.00) yaw=-89deg
[state_machine_node-24] [INFO] [1790647975.089361244] [state_machine_node]: 문 접근 목표 보정: door_blue_f47587 handle_axis=(5.90, -2.00) goal_axis=(5.90, -0.90) wall_axis=(5.90, -2.00) yaw=-89deg
[planner_server-15] [INFO] [1790647975.821432624] [global_costmap.global_costmap]: StaticLayer: Resizing static layer to 288 X 83 at 0.050000 m/pix
[controller_server-13] [INFO] [1790647975.863375192] [controller_server]: Passing new path to controller.
[door_detection_node-21] [INFO] [1790647976.043049941] [door_detection_node]: Side camera LiDAR range looks too long for the visible door; using visual range (source=front_left, lidar=5.00m, visual=3.66m)
[planner_server-15] [INFO] [1790647976.821425797] [global_costmap.global_costmap]: StaticLayer: Resizing static layer to 289 X 83 at 0.050000 m/pix
[door_detection_node-21] [INFO] [1790647977.159570708] [door_detection_node]: 문 후보 발행: id=door_blue_f47587, source=front_right, color=blue, dist=1.73m, conf=0.27, bbox=(0,0,97,240), rep_x=48, center_x=48, angle=-44.4deg, center_angle=-44.4deg, lidar=1.69m, visual=1.95m, goal=(6.25,-0.73), handle=(6.02,-1.96,1.00), handle_obs=False, handle_method=estimated, handle_conf=0.00
[state_machine_node-24] [INFO] [1790647977.163599035] [state_machine_node]: 문 접근 목표 보정: door_blue_f47587 handle_axis=(5.99, -2.03) goal_axis=(5.99, -0.93) wall_axis=(5.99, -2.03) yaw=-89deg
[state_machine_node-24] [INFO] [1790647977.164793314] [state_machine_node]: 문 접근 목표 보정: door_blue_f47587 handle_axis=(5.99, -2.03) goal_axis=(5.99, -0.93) wall_axis=(5.99, -2.03) yaw=-89deg
[controller_server-13] [INFO] [1790647977.238361441] [controller_server]: Passing new path to controller.
[controller_server-13] [INFO] [1790647978.488355732] [controller_server]: Passing new path to controller.
[planner_server-15] [INFO] [1790647978.821412163] [global_costmap.global_costmap]: StaticLayer: Resizing static layer to 290 X 83 at 0.050000 m/pix
[door_detection_node-21] [INFO] [1790647978.939024829] [door_detection_node]: 문 후보 발행: id=door_blue_f47587, source=front_right, color=blue, dist=1.55m, conf=1.00, bbox=(0,0,146,240), rep_x=73, center_x=73, angle=-49.6deg, center_angle=-49.6deg, lidar=1.50m, visual=1.95m, goal=(6.33,-0.74), handle=(6.08,-1.96,1.00), handle_obs=True, handle_method=estimated, handle_conf=0.00
[state_machine_node-24] [INFO] [1790647978.942514328] [state_machine_node]: 문 접근 목표 보정: door_blue_f47587 handle_axis=(6.06, -2.03) goal_axis=(6.06, -0.93) wall_axis=(6.06, -2.03) yaw=-89deg
[state_machine_node-24] [INFO] [1790647978.943977195] [state_machine_node]: 문 접근 목표 보정: door_blue_f47587 handle_axis=(6.06, -2.03) goal_axis=(6.06, -0.93) wall_axis=(6.06, -2.03) yaw=-89deg
[planner_server-15] [INFO] [1790647979.821823577] [global_costmap.global_costmap]: StaticLayer: Resizing static layer to 291 X 84 at 0.050000 m/pix
[controller_server-13] [INFO] [1790647979.863363466] [controller_server]: Passing new path to controller.
[door_detection_node-21] [INFO] [1790647980.584982991] [door_detection_node]: 문 후보 발행: id=door_blue_6e6d21, source=front_right, color=blue, dist=1.34m, conf=1.00, bbox=(11,0,199,240), rep_x=105, center_x=105, angle=-56.8deg, center_angle=-56.8deg, lidar=1.35m, visual=1.95m, goal=(6.82,-0.79), handle=(6.55,-2.01,0.82), handle_obs=True, handle_method=yolo:primary:item, handle_conf=0.57
[state_machine_node-24] [INFO] [1790647980.587287350] [state_machine_node]: 문 접근 목표 보정: door_blue_6e6d21 handle_axis=(6.52, -2.09) goal_axis=(6.52, -0.99) wall_axis=(6.52, -2.09) yaw=-89deg
[state_machine_node-24] [INFO] [1790647980.588542115] [state_machine_node]: 문 접근 목표 보정: door_blue_6e6d21 handle_axis=(6.52, -2.09) goal_axis=(6.52, -0.99) wall_axis=(6.52, -2.09) yaw=-89deg
[state_machine_node-24] [WARN] [1790647980.589992810] [state_machine_node]: Locked blue target refined from newer observation: observed_blue_5p5_m1p8 -> observed_blue_5p5_m1p8, goal shift=0.48m, identity=(6.08,-1.89) -> (6.07,-1.91)
[navigation_node-22] [INFO] [1790647980.592944783] [navigation_node]: Navigation goal received: door observed_blue_5p5_m1p8 (color=blue, frame=map, x=6.54, y=-0.91)
[navigation_node-22] [WARN] [1790647980.593650985] [navigation_node]: Already navigating. Preempting current goal without an explicit stop before retargeting to: observed_blue_5p5_m1p8
[navigation_node-22] [INFO] [1790647980.686760942] [navigation_node]: Navigation goal accepted by Nav2
[bt_navigator-17] [INFO] [1790647980.762137743] [bt_navigator]: Received goal preemption request
[bt_navigator-17] [INFO] [1790647980.762731096] [bt_navigator]: Begin navigating from current location (5.66, -0.67) to (6.54, -0.91)
[planner_server-15] [INFO] [1790647980.821460238] [global_costmap.global_costmap]: StaticLayer: Resizing static layer to 303 X 84 at 0.050000 m/pix
[controller_server-13] [INFO] [1790647981.114518879] [controller_server]: Passing new path to controller.
[controller_server-13] [INFO] [1790647982.364810313] [controller_server]: Passing new path to controller.
[door_detection_node-21] [INFO] [1790647982.379709896] [door_detection_node]: 문 후보 발행: id=door_blue_6e6d21, source=front_right, color=blue, dist=1.23m, conf=1.00, bbox=(38,0,245,240), rep_x=141, center_x=141, angle=-65.4deg, center_angle=-65.4deg, lidar=1.23m, visual=1.95m, goal=(6.84,-0.79), handle=(6.54,-2.00,0.83), handle_obs=True, handle_method=yolo:primary:item, handle_conf=0.73
[state_machine_node-24] [INFO] [1790647982.383409865] [state_machine_node]: 문 접근 목표 보정: door_blue_6e6d21 handle_axis=(6.52, -2.07) goal_axis=(6.52, -0.97) wall_axis=(6.52, -2.07) yaw=-89deg
[state_machine_node-24] [INFO] [1790647982.384717870] [state_machine_node]: 문 접근 목표 보정: door_blue_6e6d21 handle_axis=(6.52, -2.07) goal_axis=(6.52, -0.97) wall_axis=(6.52, -2.07) yaw=-89deg
[door_detection_node-21] [INFO] [1790647982.677706791] [door_detection_node]: YOLO 후보 제외: source=front, far small dist=8.36m, conf=0.25, bbox=(13,90,27,146)
[planner_server-15] [INFO] [1790647982.821428331] [global_costmap.global_costmap]: StaticLayer: Resizing static layer to 306 X 84 at 0.050000 m/pix
[controller_server-13] [INFO] [1790647983.738388751] [controller_server]: Passing new path to controller.
[planner_server-15] [INFO] [1790647983.821315862] [global_costmap.global_costmap]: StaticLayer: Resizing static layer to 311 X 85 at 0.050000 m/pix
[door_detection_node-21] [INFO] [1790647984.115675982] [door_detection_node]: 문 후보 발행: id=door_blue_048113, source=front_right, color=blue, dist=1.11m, conf=1.00, bbox=(73,0,309,240), rep_x=191, center_x=191, angle=-77.5deg, center_angle=-77.5deg, lidar=1.07m, visual=1.95m, goal=(6.87,-0.77), handle=(6.49,-1.96,0.83), handle_obs=True, handle_method=yolo:primary:item, handle_conf=0.74
[state_machine_node-24] [INFO] [1790647984.118422704] [state_machine_node]: 문 접근 목표 보정: door_blue_048113 handle_axis=(6.47, -2.04) goal_axis=(6.47, -0.94) wall_axis=(6.47, -2.04) yaw=-89deg
[state_machine_node-24] [INFO] [1790647984.119883121] [state_machine_node]: 문 접근 목표 보정: door_blue_048113 handle_axis=(6.47, -2.04) goal_axis=(6.47, -0.94) wall_axis=(6.47, -2.04) yaw=-89deg
[state_machine_node-24] [INFO] [1790647984.362552858] [state_machine_node]: Nav2 door goal position is near, but yaw is not ready yet: observed_blue_5p5_m1p8, dist=0.34m/0.38m, lateral=-0.01m/0.24m, yaw_error=70deg.
[planner_server-15] [INFO] [1790647984.821349422] [global_costmap.global_costmap]: StaticLayer: Resizing static layer to 314 X 85 at 0.050000 m/pix
[controller_server-13] [INFO] [1790647984.988365840] [controller_server]: Passing new path to controller.
[state_machine_node-24] [INFO] [1790647985.094748174] [state_machine_node]: Nav2 goal is close enough for fine door alignment: observed_blue_5p5_m1p8, dist=0.26m/0.38m, lateral=-0.01m/0.24m, yaw_error=73deg.
[state_machine_node-24] [INFO] [1790647985.095786448] [state_machine_node]: Nav2 goal cancellation requested before door fine alignment.
[navigation_node-22] [INFO] [1790647985.096174604] [navigation_node]: Navigation cancellation requested for manual control handoff.
[state_machine_node-24] [INFO] [1790647985.145325649] [state_machine_node]: Fine door approach started: observed_blue_5p5_m1p8, dist=0.26m, lateral=-0.01m, forward=0.26m, yaw_error=73deg
[state_machine_node-24] [INFO] [1790647985.146082731] [state_machine_node]: Fine door parking translation: observed_blue_5p5_m1p8, dist=0.26m/0.17m, heading_error=2deg, cmd=(0.07, -0.03)
[bt_navigator-17] [ERROR] [1790647985.182949089] [bt_navigator_navigate_to_pose_rclcpp_node]: Failed to get result for follow_path in node halt!
[bt_navigator-17] [INFO] [1790647985.183174949] [bt_navigator]: [navigate_to_pose] [ActionServer] Client requested to cancel the goal. Cancelling.
[bt_navigator-17] [INFO] [1790647985.183449062] [bt_navigator]: Goal canceled
[controller_server-13] [INFO] [1790647985.238402810] [controller_server]: Goal was canceled. Stopping the robot.
[controller_server-13] [INFO] [1790647985.238549938] [controller_server]: [follow_path] [ActionServer] Client requested to cancel the goal. Cancelling.
[door_detection_node-21] [INFO] [1790647985.807848060] [door_detection_node]: HSV candidate rejected: color=blue, edge-clipped bbox=(106,0,320,240), width_ratio=0.67
[state_machine_node-24] [INFO] [1790647985.983728897] [state_machine_node]: Fine door parking translation: observed_blue_5p5_m1p8, dist=0.23m/0.17m, heading_error=2deg, cmd=(0.07, -0.02)
[planner_server-15] [INFO] [1790647986.821343054] [global_costmap.global_costmap]: StaticLayer: Resizing static layer to 315 X 85 at 0.050000 m/pix
[state_machine_node-24] [INFO] [1790647987.511673010] [state_machine_node]: Fine door final yaw alignment: observed_blue_5p5_m1p8, dist=0.14m/0.17m, yaw_error=69deg, cmd=(0.00, -0.25)
[planner_server-15] [INFO] [1790647988.821422456] [global_costmap.global_costmap]: StaticLayer: Resizing static layer to 316 X 85 at 0.050000 m/pix
[door_detection_node-21] [INFO] [1790647988.821778242] [door_detection_node]: HSV candidate rejected: color=blue, edge-clipped bbox=(86,0,320,240), width_ratio=0.73
[state_machine_node-24] [INFO] [1790647989.031605049] [state_machine_node]: Fine door final yaw alignment: observed_blue_5p5_m1p8, dist=0.15m/0.17m, yaw_error=63deg, cmd=(0.00, -0.25)
[planner_server-15] [INFO] [1790647989.821444669] [global_costmap.global_costmap]: StaticLayer: Resizing static layer to 319 X 85 at 0.050000 m/pix
[state_machine_node-24] [INFO] [1790647990.546116138] [state_machine_node]: Fine door final yaw alignment: observed_blue_5p5_m1p8, dist=0.14m/0.17m, yaw_error=54deg, cmd=(0.00, -0.25)
[door_detection_node-21] [INFO] [1790647990.709265150] [door_detection_node]: 문 후보 발행: id=door_blue_6e6d21, source=front_right, color=blue, dist=1.03m, conf=1.00, bbox=(26,0,271,240), rep_x=148, center_x=148, angle=-67.1deg, center_angle=-67.1deg, lidar=1.01m, visual=1.95m, goal=(7.24,-0.90), handle=(6.44,-1.86,0.85), handle_obs=True, handle_method=hsv, handle_conf=0.91
[state_machine_node-24] [INFO] [1790647990.713163517] [state_machine_node]: 문 접근 목표 보정: door_blue_6e6d21 handle_axis=(6.42, -1.93) goal_axis=(6.42, -0.83) wall_axis=(6.42, -1.93) yaw=-89deg
[state_machine_node-24] [INFO] [1790647990.714902076] [state_machine_node]: 문 접근 목표 보정: door_blue_6e6d21 handle_axis=(6.42, -1.93) goal_axis=(6.42, -0.83) wall_axis=(6.42, -1.93) yaw=-89deg
[state_machine_node-24] [INFO] [1790647990.730037443] [state_machine_node]: 문 접근 목표 보정: door_blue_6e6d21 handle_axis=(6.42, -1.93) goal_axis=(6.42, -0.83) wall_axis=(6.42, -1.93) yaw=-89deg
[planner_server-15] [INFO] [1790647991.821502122] [global_costmap.global_costmap]: StaticLayer: Resizing static layer to 320 X 85 at 0.050000 m/pix
[door_detection_node-21] [INFO] [1790647991.911298870] [door_detection_node]: HSV candidate rejected: color=blue, edge-clipped bbox=(0,0,223,240), width_ratio=0.70
[state_machine_node-24] [INFO] [1790647992.080095484] [state_machine_node]: Fine door final yaw alignment: observed_blue_5p5_m1p8, dist=0.16m/0.17m, yaw_error=46deg, cmd=(0.00, -0.25)
[planner_server-15] [INFO] [1790647992.821309779] [global_costmap.global_costmap]: StaticLayer: Resizing static layer to 321 X 85 at 0.050000 m/pix
[door_detection_node-21] [INFO] [1790647992.882118921] [door_detection_node]: Side camera LiDAR range looks too long for the visible door; using visual range (source=front_left, lidar=3.86m, visual=2.66m)
[state_machine_node-24] [INFO] [1790647993.608349936] [state_machine_node]: Fine door final yaw alignment: observed_blue_5p5_m1p8, dist=0.14m/0.17m, yaw_error=36deg, cmd=(0.00, -0.25)
[door_detection_node-21] [INFO] [1790647994.011672607] [door_detection_node]: 문 후보 발행: id=door_blue_6e6d21, source=front_right, color=blue, dist=1.03m, conf=1.00, bbox=(0,0,170,240), rep_x=85, center_x=85, angle=-52.2deg, center_angle=-52.2deg, lidar=1.05m, visual=1.95m, goal=(7.12,-1.14), handle=(6.06,-1.81,1.00), handle_obs=True, handle_method=estimated, handle_conf=0.00
[state_machine_node-24] [INFO] [1790647995.146269891] [state_machine_node]: Fine door final yaw alignment: observed_blue_5p5_m1p8, dist=0.14m/0.17m, yaw_error=28deg, cmd=(0.00, -0.25)
[door_detection_node-21] [INFO] [1790647995.990187099] [door_detection_node]: 문 후보 발행: id=door_blue_f47587, source=front_right, color=blue, dist=1.02m, conf=1.00, bbox=(0,0,105,240), rep_x=52, center_x=52, angle=-45.2deg, center_angle=-45.2deg, lidar=1.10m, visual=1.95m, goal=(7.15,-1.35), handle=(5.96,-1.75,1.00), handle_obs=False, handle_method=estimated, handle_conf=0.00
[door_detection_node-21] [INFO] [1790647996.433478077] [door_detection_node]: Side camera visual fallback rejected (source=front_left, lidar=1.18m, visual=7.80m > 4.50m)
[state_machine_node-24] [INFO] [1790647996.688281744] [state_machine_node]: Fine door final yaw alignment: observed_blue_5p5_m1p8, dist=0.14m/0.17m, yaw_error=15deg, cmd=(0.00, -0.20)
[door_detection_node-21] [INFO] [1790647997.801536392] [door_detection_node]: 문 후보 발행: id=door_blue_f47587, source=front_right, color=blue, dist=1.08m, conf=1.00, bbox=(0,0,37,240), rep_x=18, center_x=18, angle=-38.7deg, center_angle=-38.7deg, lidar=1.12m, visual=1.95m, goal=(7.11,-1.60), handle=(5.87,-1.76,1.00), handle_obs=False, handle_method=estimated, handle_conf=0.00
[state_machine_node-24] [INFO] [1790647998.215807730] [state_machine_node]: Fine door final yaw alignment: observed_blue_5p5_m1p8, dist=0.10m/0.17m, yaw_error=6deg, cmd=(0.00, -0.08)
[door_detection_node-21] [INFO] [1790647998.487170408] [door_detection_node]: HSV candidate rejected: color=blue, edge-clipped bbox=(138,0,320,240), width_ratio=0.57
[state_machine_node-24] [INFO] [1790647998.998710816] [state_machine_node]: 문 앞 정렬 완료. 2.8s 정지 후 개방합니다.
[door_detection_node-21] [INFO] [1790648000.761974128] [door_detection_node]: HSV candidate rejected: color=blue, edge-clipped bbox=(127,0,320,240), width_ratio=0.60
[state_machine_node-24] [INFO] [1790648003.417549934] [state_machine_node]: Observed blue target observed_blue_5p5_m1p8 accepted for opening from recheckable mapped wall memory after close alignment (count=25, conf=1.00, progress_gap=0.38m, lateral_gap=0.17m).
[state_machine_node-24] [INFO] [1790648003.457597669] [state_machine_node]: Observed blue target observed_blue_5p5_m1p8 confirmed by current same-wall live blue evidence before opening (candidate=door_blue_574f62, progress_gap=0.67/0.90, lateral_gap=0.26/0.48, conf=1.00/0.45).
[state_machine_node-24] [INFO] [1790648003.543409761] [state_machine_node]: State: NAVIGATING → OPENING_DOOR
[door_detection_node-21] [INFO] [1790648003.960277423] [door_detection_node]: HSV candidate rejected: color=blue, edge-clipped bbox=(127,0,320,240), width_ratio=0.60
[state_machine_node-24] [INFO] [1790648004.129564320] [state_machine_node]: 문 개방 요청 손잡이: id=observed_blue_5p5_m1p8__axis_p6p52_m2p09, method=yolo:primary:item, conf=0.57, frame=map, pos=(6.547,-2.013,0.824)
[navigation_visit_node-23] [INFO] [1790648004.132930668] [navigation_visit_node]: NAVIGATION_VISIT {"scope": "navigation_only", "physical_opening": false, "door_id": "observed_blue_5p5_m1p8__axis_p6p52_m2p09", "sim_time": 87.501, "robot": [6.467488758735711, -0.8426947081362539, -1.5705941067744806], "observed_handle": [6.54727345908175, -2.012662883542318, 0.8242725389403132], "distance_m": 1.1726854351753084, "bearing_error_rad": 0.06788627059697783}
[state_machine_node-24] [INFO] [1790648004.134866949] [state_machine_node]: Selected observation memory completed: observed_blue_5p5_m1p8; original candidate excluded after position refinement.
[state_machine_node-24] [INFO] [1790648004.136492982] [state_machine_node]: 열린 파란 문 재관측 후보 2개 정리. 다음 목표 선택에서 제외합니다.
[state_machine_node-24] [INFO] [1790648004.137132901] [state_machine_node]: 문 개방 성공: observed_blue_5p5_m1p8  누적 개방: 1개
[state_machine_node-24] [INFO] [1790648004.137651469] [state_machine_node]: State: OPENING_DOOR → DOOR_OPENED
[state_machine_node-24] [INFO] [1790648004.866140815] [state_machine_node]: 다음 파란 문 탐색 시작 (개방 완료: 1개)
[state_machine_node-24] [INFO] [1790648004.866746012] [state_machine_node]: State: DOOR_OPENED → EXPLORING
[state_machine_node-24] [INFO] [1790648005.626918224] [state_machine_node]: Post-open side retreat started: lateral=-0.91m, target_abs=0.48m.
[state_machine_node-24] [INFO] [1790648005.628225677] [state_machine_node]: Post-open side retreat: lateral=-0.91m, moved=0.00/1.10m, yaw_error=-179deg, cmd=(0.00, -0.50)
[state_machine_node-24] [INFO] [1790648007.163006961] [state_machine_node]: Post-open side retreat: lateral=-0.91m, moved=0.00/1.10m, yaw_error=-156deg, cmd=(0.00, -0.50)
[door_detection_node-21] [INFO] [1790648007.895537730] [door_detection_node]: 문 후보 발행: id=door_blue_e1b9f4, source=front, color=blue, dist=1.07m, conf=1.00, bbox=(11,0,239,240), rep_x=125, center_x=125, angle=8.5deg, center_angle=8.5deg, lidar=1.05m, visual=1.95m, goal=(5.34,-1.42), handle=(6.49,-1.92,0.85), handle_obs=True, handle_method=hsv, handle_conf=0.80
[state_machine_node-24] [INFO] [1790648007.898189166] [state_machine_node]: Blue candidate door_blue_e1b9f4 ignored: physical/opened door station already handled nearby at (6.20, -1.87).
[door_detection_node-21] [INFO] [1790648008.483273678] [door_detection_node]: Side camera LiDAR range looks occluded; using visual range instead (source=front_right, lidar=2.11m, visual=3.74m)
[state_machine_node-24] [INFO] [1790648008.701640107] [state_machine_node]: Post-open side retreat: lateral=-0.91m, moved=0.00/1.10m, yaw_error=-133deg, cmd=(0.00, -0.50)
[door_detection_node-21] [INFO] [1790648009.611440917] [door_detection_node]: 문 후보 발행: id=door_blue_366d42, source=front, color=blue, dist=1.12m, conf=1.00, bbox=(0,0,134,240), rep_x=67, center_x=67, angle=21.7deg, center_angle=21.7deg, lidar=1.23m, visual=1.95m, goal=(5.14,-0.93), handle=(5.99,-1.85,1.00), handle_obs=False, handle_method=estimated, handle_conf=0.00
[state_machine_node-24] [INFO] [1790648010.243572705] [state_machine_node]: Post-open side retreat: lateral=-0.91m, moved=0.00/1.10m, yaw_error=-115deg, cmd=(0.00, -0.50)
[door_detection_node-21] [INFO] [1790648011.036160305] [door_detection_node]: Side camera LiDAR range looks occluded; using visual range instead (source=front_right, lidar=2.16m, visual=4.00m)
[door_detection_node-21] [INFO] [1790648011.751867646] [door_detection_node]: HSV candidate rejected: color=blue, edge-clipped bbox=(79,0,320,240), width_ratio=0.75
[state_machine_node-24] [INFO] [1790648011.795083130] [state_machine_node]: Post-open side retreat: lateral=-0.93m, moved=0.00/1.10m, yaw_error=-97deg, cmd=(0.00, -0.50)
[state_machine_node-24] [INFO] [1790648013.318880728] [state_machine_node]: Post-open side retreat: lateral=-0.97m, moved=0.00/1.10m, yaw_error=-75deg, cmd=(0.00, -0.50)
[state_machine_node-24] [INFO] [1790648014.872723822] [state_machine_node]: Post-open side retreat: lateral=-1.02m, moved=0.00/1.10m, yaw_error=-54deg, cmd=(0.00, -0.50)
[door_detection_node-21] [INFO] [1790648015.651587392] [door_detection_node]: 문 후보 발행: id=door_blue_1e9315, source=front_left, color=blue, dist=1.15m, conf=1.00, bbox=(0,0,55,240), rep_x=27, center_x=27, angle=99.6deg, center_angle=99.6deg, lidar=1.16m, visual=1.95m, goal=(6.73,-0.98), handle=(5.92,-1.94,1.00), handle_obs=False, handle_method=estimated, handle_conf=0.00
[state_machine_node-24] [INFO] [1790648015.653421962] [state_machine_node]: Blue candidate door_blue_1e9315 ignored: physical/opened door station already handled nearby at (5.92, -1.94).
[state_machine_node-24] [INFO] [1790648016.405581835] [state_machine_node]: Post-open side retreat: lateral=-1.03m, moved=0.00/1.10m, yaw_error=-36deg, cmd=(0.00, -0.50)
[state_machine_node-24] [INFO] [1790648017.957065105] [state_machine_node]: Post-open side retreat: lateral=-1.03m, moved=0.00/1.10m, yaw_error=-18deg, cmd=(0.00, -0.50)
[state_machine_node-24] [INFO] [1790648019.519483131] [state_machine_node]: Post-open side retreat: lateral=-0.97m, moved=0.00/1.10m, yaw_error=-5deg, cmd=(0.18, -0.08)
[door_detection_node-21] [INFO] [1790648020.207978537] [door_detection_node]: Side camera LiDAR range looks occluded; using visual range instead (source=front_left, lidar=2.20m, visual=3.69m)
[state_machine_node-24] [INFO] [1790648021.070597817] [state_machine_node]: Post-open side retreat: lateral=-0.78m, moved=0.13/1.10m, yaw_error=-3deg, cmd=(0.18, -0.04)
[state_machine_node-24] [INFO] [1790648022.605470349] [state_machine_node]: Post-open side retreat: lateral=-0.61m, moved=0.30/1.10m, yaw_error=-1deg, cmd=(0.18, -0.02)
[state_machine_node-24] [INFO] [1790648024.136094258] [state_machine_node]: Post-open side retreat complete: lateral=0.43m <= target=0.48m
[state_machine_node-24] [INFO] [1790648024.136727378] [state_machine_node]: 파란 문 후보 없음. 2.0s 동안 정지 스캔 후 관측 기반 waypoint를 계획합니다.
[state_machine_node-24] [INFO] [1790648027.203012260] [state_machine_node]: 탐색 waypoint 계획 요청: explore_waypoint_7.2_lat-65 progress=7.17, lateral=-0.65, map=(7.18, -0.57) | 우측 차선 선택 | 전방 우측 장애물 1.09m (lateral=-0.44m) → 좌측 차선 우선 | LiDAR lane scores: L:y=0.65/clear=3.20/score=3.31, R:y=-0.65/clear=1.09/score=3.34, C:y=0.00/clear=3.20/score=2.04 | 가까운 장애물 감지, 우회 차선 우선 | 개방 후 미탐색 문 확인을 위해 전진 스캔 간격 0.83m | 근접 장애물 여유 1.09m, waypoint 전진거리 0.64m로 축소
[state_machine_node-24] [INFO] [1790648027.203720047] [state_machine_node]: State: EXPLORING → EXPLORING_NAVIGATING
[navigation_node-22] [INFO] [1790648027.207096320] [navigation_node]: Navigation goal received: door explore_waypoint_7.2_lat-65 (color=explore, frame=map, x=7.18, y=-0.57)
[navigation_node-22] [WARN] [1790648027.278726038] [navigation_node]: Adjusted unreachable/occupied navigation goal from (7.18, -0.57, cost=81) to connected free cell (6.88, -0.57, cost=0)
[bt_navigator-17] [INFO] [1790648027.329476414] [bt_navigator]: Begin navigating from current location (6.42, -0.35) to (6.88, -0.57)
[navigation_node-22] [INFO] [1790648027.334396176] [navigation_node]: Navigation goal accepted by Nav2
[controller_server-13] [INFO] [1790648027.530664832] [controller_server]: Received a goal, begin computing control effort.
[controller_server-13] [INFO] [1790648028.906529771] [controller_server]: Passing new path to controller.
[controller_server-13] [INFO] [1790648030.156490364] [controller_server]: Passing new path to controller.
[door_detection_node-21] [INFO] [1790648030.432430122] [door_detection_node]: Side camera visual fallback rejected (source=front_right, lidar=1.23m, visual=5.26m > 4.50m)
[door_detection_node-21] [INFO] [1790648030.744057300] [door_detection_node]: Front lateral LiDAR range looks too long for the visible door; using visual range (lidar=3.73m, visual=2.89m)
[controller_server-13] [INFO] [1790648031.531514519] [controller_server]: Passing new path to controller.
[door_detection_node-21] [INFO] [1790648032.539932780] [door_detection_node]: Side camera visual fallback rejected (source=front_right, lidar=1.19m, visual=4.68m > 4.50m)
[controller_server-13] [INFO] [1790648032.781534640] [controller_server]: Passing new path to controller.
[door_detection_node-21] [INFO] [1790648033.317407964] [door_detection_node]: Front lateral LiDAR range looks too long for the visible door; using visual range (lidar=3.63m, visual=2.44m)
[door_detection_node-21] [INFO] [1790648034.002617938] [door_detection_node]: 문 후보 발행: id=door_blue_574f62, source=front, color=blue, dist=4.68m, conf=0.43, bbox=(274,67,294,167), rep_x=284, center_x=284, angle=-27.9deg, center_angle=-27.9deg, lidar=2.75m, visual=4.68m, goal=(10.65,-0.69), handle=(10.80,-1.93,1.00), handle_obs=False, handle_method=estimated, handle_conf=0.00
[controller_server-13] [INFO] [1790648034.031511735] [controller_server]: Passing new path to controller.
[state_machine_node-24] [INFO] [1790648034.180177027] [state_machine_node]: Blue candidate door_blue_574f62 is waiting for stronger direct evidence before interrupting exploration (conf=0.43/0.55).
[state_machine_node-24] [INFO] [1790648034.522946367] [state_machine_node]: Blue candidate door_blue_e42d36 ignored: physical/opened door station already handled nearby at (5.93, -1.80).
[controller_server-13] [INFO] [1790648035.156544108] [controller_server]: Passing new path to controller.
[door_detection_node-21] [INFO] [1790648035.400091436] [door_detection_node]: YOLO 후보 제외: source=front, far small dist=5.14m, conf=0.37, bbox=(77,74,96,165)
[door_detection_node-21] [INFO] [1790648036.107802975] [door_detection_node]: 문 후보 발행: id=door_blue_6e6d21, source=front_right, color=blue, dist=1.67m, conf=1.00, bbox=(93,0,224,240), rep_x=158, center_x=158, angle=-69.5deg, center_angle=-69.5deg, lidar=1.66m, visual=1.95m, goal=(7.13,-0.95), handle=(6.24,-1.82,0.83), handle_obs=True, handle_method=yolo:primary:item, handle_conf=0.77
[navigation_node-22] [WARN] [1790648036.232146978] [navigation_node]: Robot is 0.34m from explore goal (threshold=0.35m). Treating navigation as succeeded.
[state_machine_node-24] [INFO] [1790648036.234029187] [state_machine_node]: Navigation succeeded.
[bt_navigator-17] [ERROR] [1790648036.350492559] [bt_navigator_navigate_to_pose_rclcpp_node]: Failed to get result for follow_path in node halt!
[bt_navigator-17] [INFO] [1790648036.350685450] [bt_navigator]: [navigate_to_pose] [ActionServer] Client requested to cancel the goal. Cancelling.
[bt_navigator-17] [INFO] [1790648036.351174005] [bt_navigator]: Goal canceled
[door_detection_node-21] [INFO] [1790648036.398619773] [door_detection_node]: Side camera LiDAR range looks too long for the visible door; using visual range (source=front_left, lidar=3.32m, visual=2.39m)
[controller_server-13] [INFO] [1790648036.406520744] [controller_server]: Goal was canceled. Stopping the robot.
[controller_server-13] [INFO] [1790648036.406645837] [controller_server]: [follow_path] [ActionServer] Client requested to cancel the goal. Cancelling.
[state_machine_node-24] [INFO] [1790648036.537804904] [state_machine_node]: 탐색 waypoint 도착. LiDAR+camera 재스캔을 계속합니다.
[state_machine_node-24] [INFO] [1790648036.550158908] [state_machine_node]: 색상 단서 없음. 열린 문 이후 미탐색 벽면 확인을 위해 다음 탐색 waypoint는 좌측 차선을 우선합니다.
[state_machine_node-24] [INFO] [1790648036.550677134] [state_machine_node]: State: EXPLORING_NAVIGATING → EXPLORING
[planner_server-15] [INFO] [1790648036.821378924] [global_costmap.global_costmap]: StaticLayer: Resizing static layer to 328 X 85 at 0.050000 m/pix
[state_machine_node-24] [INFO] [1790648037.270633671] [state_machine_node]: Explore waypoint reached; holding position for bilateral camera/LiDAR side scan.
[door_detection_node-21] [INFO] [1790648037.864250287] [door_detection_node]: 문 후보 발행: id=door_blue_6e6d21, source=front_right, color=blue, dist=1.57m, conf=1.00, bbox=(49,0,187,240), rep_x=118, center_x=118, angle=-59.8deg, center_angle=-59.8deg, lidar=1.59m, visual=1.95m, goal=(7.41,-1.09), handle=(6.46,-1.90,0.83), handle_obs=True, handle_method=yolo:primary:item, handle_conf=0.77
[state_machine_node-24] [INFO] [1790648037.868252277] [state_machine_node]: Blue candidate door_blue_6e6d21 ignored: physical/opened door station already handled nearby at (6.21, -1.77).
[door_detection_node-21] [INFO] [1790648039.014287213] [door_detection_node]: YOLO 후보 제외: source=front, far small dist=4.93m, conf=0.43, bbox=(82,70,100,165)
[door_detection_node-21] [INFO] [1790648039.704730698] [door_detection_node]: 문 후보 발행: id=door_blue_e42d36, source=front_right, color=blue, dist=1.57m, conf=1.00, bbox=(179,0,320,240), rep_x=249, center_x=249, angle=-90.8deg, center_angle=-90.8deg, lidar=1.56m, visual=1.95m, goal=(6.87,-0.64), handle=(6.43,-1.81,0.84), handle_obs=True, handle_method=yolo:primary:item, handle_conf=0.71
[planner_server-15] [INFO] [1790648039.821575631] [global_costmap.global_costmap]: StaticLayer: Resizing static layer to 329 X 85 at 0.050000 m/pix
[planner_server-15] [INFO] [1790648040.821925671] [global_costmap.global_costmap]: StaticLayer: Resizing static layer to 330 X 85 at 0.050000 m/pix
[door_detection_node-21] [INFO] [1790648041.846268110] [door_detection_node]: Side camera LiDAR range looks too long for the visible door; using visual range (source=front_left, lidar=3.46m, visual=2.34m)
[door_detection_node-21] [INFO] [1790648042.626780505] [door_detection_node]: YOLO 후보 제외: source=front, far small dist=4.98m, conf=0.39, bbox=(180,71,196,165)
[door_detection_node-21] [INFO] [1790648043.307223095] [door_detection_node]: 문 후보 발행: id=door_blue_e42d36, source=front_right, color=blue, dist=1.56m, conf=1.00, bbox=(209,0,320,240), rep_x=264, center_x=264, angle=-94.0deg, center_angle=-94.0deg, lidar=1.62m, visual=1.95m, goal=(6.67,-0.71), handle=(6.23,-1.89,0.83), handle_obs=True, handle_method=yolo:primary:item, handle_conf=0.74
[state_machine_node-24] [INFO] [1790648043.311887031] [state_machine_node]: Blue candidate door_blue_e42d36 ignored: physical/opened door station already handled nearby at (6.12, -1.75).
[door_detection_node-21] [INFO] [1790648045.137450961] [door_detection_node]: 문 후보 발행: id=door_blue_6e6d21, source=front_right, color=blue, dist=1.63m, conf=1.00, bbox=(79,0,212,240), rep_x=145, center_x=145, angle=-66.3deg, center_angle=-66.3deg, lidar=1.64m, visual=1.95m, goal=(7.24,-1.07), handle=(6.28,-1.87,0.83), handle_obs=True, handle_method=yolo:primary:item, handle_conf=0.77
[door_detection_node-21] [INFO] [1790648045.451435692] [door_detection_node]: Side camera LiDAR range looks too long for the visible door; using visual range (source=front_left, lidar=3.28m, visual=2.28m)
[door_detection_node-21] [INFO] [1790648047.099705343] [door_detection_node]: 문 후보 발행: id=door_blue_f47587, source=front_right, color=blue, dist=1.66m, conf=1.00, bbox=(0,0,89,240), rep_x=44, center_x=44, angle=-43.6deg, center_angle=-43.6deg, lidar=1.76m, visual=1.95m, goal=(7.17,-1.42), handle=(5.96,-1.75,1.00), handle_obs=False, handle_method=estimated, handle_conf=0.00
[state_machine_node-24] [INFO] [1790648047.105295104] [state_machine_node]: Blue candidate door_blue_f47587 ignored: physical/opened door station already handled nearby at (5.96, -1.75).
[door_detection_node-21] [INFO] [1790648047.543299446] [door_detection_node]: Side camera LiDAR range looks too long for the visible door; using visual range (source=front_left, lidar=10.41m, visual=6.99m)
[door_detection_node-21] [INFO] [1790648047.556121924] [door_detection_node]: YOLO 후보 제외: source=front_left, far small dist=6.99m, conf=0.40, bbox=(20,86,35,153)
[door_detection_node-21] [INFO] [1790648047.567759111] [door_detection_node]: Side camera visual fallback rejected (source=front_left, lidar=0.96m, visual=5.09m > 4.50m)
[door_detection_node-21] [INFO] [1790648049.074671188] [door_detection_node]: Side camera LiDAR range looks occluded; using visual range instead (source=front_left, lidar=0.95m, visual=4.50m)
[door_detection_node-21] [INFO] [1790648049.598559202] [door_detection_node]: 문 후보 발행: id=door_blue_e1b9f4, source=front, color=blue, dist=1.69m, conf=1.00, bbox=(80,0,206,240), rep_x=143, center_x=143, angle=4.2deg, center_angle=4.2deg, lidar=1.60m, visual=1.95m, goal=(5.38,-1.27), handle=(6.50,-1.83,0.84), handle_obs=True, handle_method=yolo:primary:item, handle_conf=0.77
[door_detection_node-21] [INFO] [1790648050.626864410] [door_detection_node]: Side camera visual fallback rejected (source=front_left, lidar=0.95m, visual=4.98m > 4.50m)
[door_detection_node-21] [INFO] [1790648051.113229145] [door_detection_node]: 문 후보 발행: id=door_blue_68dc5a, source=front, color=blue, dist=1.65m, conf=1.00, bbox=(203,0,320,240), rep_x=261, center_x=261, angle=-23.3deg, center_angle=-23.3deg, lidar=1.56m, visual=1.95m, goal=(7.75,-1.82), handle=(6.50,-1.90,0.83), handle_obs=True, handle_method=yolo:primary:item, handle_conf=0.72
[state_machine_node-24] [INFO] [1790648051.117422963] [state_machine_node]: Blue candidate door_blue_68dc5a ignored: physical/opened door station already handled nearby at (6.31, -1.84).
[state_machine_node-24] [INFO] [1790648052.879527249] [state_machine_node]: Explore waypoint side scan complete.
[state_machine_node-24] [INFO] [1790648052.881813230] [state_machine_node]: 파란 문 후보 없음. 2.0s 동안 정지 스캔 후 관측 기반 waypoint를 계획합니다.
[door_detection_node-21] [INFO] [1790648053.453266422] [door_detection_node]: 문 후보 발행: id=door_blue_6e6d21, source=front_right, color=blue, dist=1.62m, conf=1.00, bbox=(43,0,182,240), rep_x=112, center_x=112, angle=-58.4deg, center_angle=-58.4deg, lidar=1.58m, visual=1.95m, goal=(7.55,-1.05), handle=(6.65,-1.91,0.84), handle_obs=True, handle_method=yolo:primary:item, handle_conf=0.77
[door_detection_node-21] [INFO] [1790648054.234008655] [door_detection_node]: Side camera LiDAR range looks too long for the visible door; using visual range (source=front_left, lidar=3.15m, visual=2.27m)
[door_detection_node-21] [INFO] [1790648055.231657406] [door_detection_node]: 문 후보 발행: id=door_blue_6e6d21, source=front_right, color=blue, dist=1.63m, conf=1.00, bbox=(43,0,182,240), rep_x=112, center_x=112, angle=-58.4deg, center_angle=-58.4deg, lidar=1.57m, visual=1.95m, goal=(7.51,-1.07), handle=(6.54,-1.87,0.84), handle_obs=True, handle_method=yolo:primary:item, handle_conf=0.77
[state_machine_node-24] [INFO] [1790648055.236071726] [state_machine_node]: Blue candidate door_blue_6e6d21 ignored: physical/opened door station already handled nearby at (6.28, -1.83).
[state_machine_node-24] [INFO] [1790648055.931657444] [state_machine_node]: Exit scan deferred: continuing observation-based forward exploration before leaving.
[state_machine_node-24] [INFO] [1790648055.945763847] [state_machine_node]: 탐색 waypoint 계획 요청: explore_waypoint_7.6_lat-65 progress=7.63, lateral=-0.65, map=(7.63, -0.57) | 우측 차선 선택 | 전방 우측 장애물 0.93m (lateral=-0.35m) → 좌측 차선 우선 | LiDAR lane scores: L:y=0.65/clear=3.20/score=2.64, R:y=-0.65/clear=3.20/score=7.10, C:y=0.00/clear=3.20/score=2.75 | 개방 후 미탐색 문 확인을 위해 전진 스캔 간격 0.83m
[state_machine_node-24] [INFO] [1790648055.946570565] [state_machine_node]: State: EXPLORING → EXPLORING_NAVIGATING
[navigation_node-22] [INFO] [1790648055.948887117] [navigation_node]: Navigation goal received: door explore_waypoint_7.6_lat-65 (color=explore, frame=map, x=7.63, y=-0.57)
[navigation_node-22] [WARN] [1790648056.021883154] [navigation_node]: Adjusted unreachable/occupied navigation goal from (7.63, -0.57, cost=100) to connected free cell (8.58, -0.57, cost=0)
[bt_navigator-17] [INFO] [1790648056.076634248] [bt_navigator]: Begin navigating from current location (6.81, -0.29) to (8.58, -0.57)
[navigation_node-22] [INFO] [1790648056.078928680] [navigation_node]: Navigation goal accepted by Nav2
[controller_server-13] [INFO] [1790648056.277882862] [controller_server]: Received a goal, begin computing control effort.
[door_detection_node-21] [INFO] [1790648056.992493963] [door_detection_node]: 문 후보 발행: id=door_blue_6e6d21, source=front_right, color=blue, dist=1.60m, conf=1.00, bbox=(43,0,182,240), rep_x=112, center_x=112, angle=-58.4deg, center_angle=-58.4deg, lidar=1.62m, visual=1.95m, goal=(7.51,-1.03), handle=(6.55,-1.83,0.84), handle_obs=True, handle_method=yolo:primary:item, handle_conf=0.77
[controller_server-13] [INFO] [1790648057.653930034] [controller_server]: Passing new path to controller.
[door_detection_node-21] [INFO] [1790648058.833563936] [door_detection_node]: 문 후보 발행: id=door_blue_048113, source=front_right, color=blue, dist=1.64m, conf=1.00, bbox=(108,0,240,240), rep_x=174, center_x=174, angle=-73.4deg, center_angle=-73.4deg, lidar=1.62m, visual=1.95m, goal=(7.30,-0.75), handle=(6.61,-1.80,0.84), handle_obs=True, handle_method=yolo:primary:item, handle_conf=0.77
[state_machine_node-24] [INFO] [1790648058.837660041] [state_machine_node]: Blue candidate door_blue_048113 ignored: physical/opened door station already handled nearby at (6.32, -1.87).
[controller_server-13] [INFO] [1790648058.903585805] [controller_server]: Passing new path to controller.
[door_detection_node-21] [INFO] [1790648059.151493721] [door_detection_node]: YOLO 후보 제외: source=front, far small dist=5.03m, conf=0.25, bbox=(87,73,104,166)
[controller_server-13] [INFO] [1790648060.154050091] [controller_server]: Passing new path to controller.
[door_detection_node-21] [INFO] [1790648060.801582809] [door_detection_node]: 문 후보 발행: id=door_blue_e42d36, source=front_right, color=blue, dist=1.53m, conf=0.75, bbox=(263,131,320,240), rep_x=291, center_x=291, angle=-99.2deg, center_angle=-99.2deg, lidar=1.59m, visual=4.29m, goal=(6.53,-0.55), handle=(6.42,-1.79,1.00), handle_obs=False, handle_method=estimated, handle_conf=0.00
[planner_server-15] [INFO] [1790648060.821509681] [global_costmap.global_costmap]: StaticLayer: Resizing static layer to 331 X 85 at 0.050000 m/pix
[controller_server-13] [INFO] [1790648061.403592550] [controller_server]: Passing new path to controller.
[door_detection_node-21] [INFO] [1790648061.785569815] [door_detection_node]: Front lateral LiDAR range looks too long for the visible door; using visual range (lidar=3.14m, visual=2.23m)
[door_detection_node-21] [INFO] [1790648061.786078551] [door_detection_node]: YOLO 후보 제외: source=front, edge-clipped bbox=(0,15,63,225)
[state_machine_node-24] [INFO] [1790648062.229017294] [state_machine_node]: Blue candidate door_blue_574f62 is waiting for stronger direct evidence before interrupting exploration (conf=0.48/0.55).
[door_detection_node-21] [INFO] [1790648062.521936162] [door_detection_node]: Side camera LiDAR range looks occluded; using visual range instead (source=front_right, lidar=0.82m, visual=4.46m)
[controller_server-13] [INFO] [1790648062.778563690] [controller_server]: Passing new path to controller.
[door_detection_node-21] [INFO] [1790648062.847578555] [door_detection_node]: 문 후보 발행: id=door_blue_391da0, source=front_right, color=blue, dist=4.46m, conf=0.57, bbox=(16,64,37,169), rep_x=26, center_x=26, angle=-40.2deg, center_angle=-40.2deg, lidar=1.05m, visual=4.46m, goal=(10.66,-0.37), handle=(11.20,-1.50,1.00), handle_obs=True, handle_method=estimated, handle_conf=0.00
[state_machine_node-24] [INFO] [1790648063.023033908] [state_machine_node]: 탐색 중 파란 문 후보 평가: door_blue_574f62:p=10.86,lat=-1.84,d=3.7m,conf=0.57
[state_machine_node-24] [INFO] [1790648063.024469286] [state_machine_node]: 문 접근 목표 보정: door_blue_574f62 handle_axis=(11.18, -1.62) goal_axis=(11.18, -0.52) wall_axis=(11.18, -1.62) yaw=-89deg
[state_machine_node-24] [INFO] [1790648063.025055479] [state_machine_node]: 탐색 waypoint 이동 중 파란 문 확인: door_blue_574f62. 현재 waypoint를 취소하고 문 접근으로 즉시 전환합니다.
[state_machine_node-24] [INFO] [1790648063.025546323] [state_machine_node]: State: EXPLORING_NAVIGATING → NAVIGATING
[navigation_node-22] [INFO] [1790648063.027572795] [navigation_node]: Navigation goal received: door door_blue_574f62 (color=blue, frame=map, x=11.19, y=-0.40)
[navigation_node-22] [WARN] [1790648063.028405585] [navigation_node]: Already navigating. Preempting current goal without an explicit stop before retargeting to: door_blue_574f62
[navigation_node-22] [INFO] [1790648063.141131880] [navigation_node]: Navigation goal accepted by Nav2
[bt_navigator-17] [INFO] [1790648063.176955921] [bt_navigator]: Received goal preemption request
[bt_navigator-17] [INFO] [1790648063.177327169] [bt_navigator]: Begin navigating from current location (6.90, -0.40) to (11.19, -0.40)
[state_machine_node-24] [WARN] [1790648063.797224170] [state_machine_node]: Fine alignment blocked by costmap: occupied, inscribed, unknown or out-of-map approach segment; retaining Nav2/reobservation.
[planner_server-15] [INFO] [1790648063.821511134] [global_costmap.global_costmap]: StaticLayer: Resizing static layer to 332 X 85 at 0.050000 m/pix
[controller_server-13] [INFO] [1790648064.028576487] [controller_server]: Passing new path to controller.
[door_detection_node-21] [INFO] [1790648064.350296084] [door_detection_node]: Side camera visual fallback rejected (source=front_right, lidar=0.96m, visual=4.82m > 4.50m)
[controller_server-13] [INFO] [1790648065.278552242] [controller_server]: Passing new path to controller.
[state_machine_node-24] [WARN] [1790648066.201985942] [state_machine_node]: Fine alignment blocked by costmap: occupied, inscribed, unknown or out-of-map approach segment; retaining Nav2/reobservation.
[controller_server-13] [INFO] [1790648066.653564714] [controller_server]: Passing new path to controller.
[planner_server-15] [INFO] [1790648066.821477095] [global_costmap.global_costmap]: StaticLayer: Resizing static layer to 333 X 85 at 0.050000 m/pix
[door_detection_node-21] [INFO] [1790648066.879192229] [door_detection_node]: 문 후보 발행: id=door_blue_432f79, source=front_right, color=blue, dist=5.42m, conf=0.59, bbox=(106,66,127,168), rep_x=116, center_x=116, angle=-59.4deg, center_angle=-59.4deg, lidar=5.61m, visual=4.59m, goal=(11.52,-1.04), handle=(12.31,-2.01,1.00), handle_obs=True, handle_method=estimated, handle_conf=0.00
[controller_server-13] [INFO] [1790648067.778586716] [controller_server]: Passing new path to controller.
[planner_server-15] [INFO] [1790648067.821362277] [global_costmap.global_costmap]: StaticLayer: Resizing static layer to 336 X 85 at 0.050000 m/pix
[door_detection_node-21] [INFO] [1790648068.729804560] [door_detection_node]: 문 후보 발행: id=door_blue_432f79, source=front_right, color=blue, dist=5.33m, conf=0.66, bbox=(90,64,114,169), rep_x=102, center_x=102, angle=-56.1deg, center_angle=-56.1deg, lidar=5.11m, visual=4.46m, goal=(11.68,-1.10), handle=(12.34,-2.16,1.00), handle_obs=True, handle_method=estimated, handle_conf=0.00
[planner_server-15] [INFO] [1790648068.821401699] [global_costmap.global_costmap]: StaticLayer: Resizing static layer to 339 X 85 at 0.050000 m/pix
[controller_server-13] [INFO] [1790648069.153765936] [controller_server]: Passing new path to controller.
[planner_server-15] [INFO] [1790648069.821341498] [global_costmap.global_costmap]: StaticLayer: Resizing static layer to 340 X 85 at 0.050000 m/pix
[controller_server-13] [INFO] [1790648070.403589508] [controller_server]: Passing new path to controller.
[door_detection_node-21] [INFO] [1790648070.527493189] [door_detection_node]: 문 후보 발행: id=door_blue_432f79, source=front_right, color=blue, dist=5.42m, conf=0.49, bbox=(70,61,95,175), rep_x=82, center_x=82, angle=-51.6deg, center_angle=-51.6deg, lidar=5.85m, visual=4.11m, goal=(12.08,-0.99), handle=(12.64,-2.11,1.00), handle_obs=True, handle_method=estimated, handle_conf=0.00
[controller_server-13] [INFO] [1790648071.778577775] [controller_server]: Passing new path to controller.
[planner_server-15] [INFO] [1790648071.821380211] [global_costmap.global_costmap]: StaticLayer: Resizing static layer to 345 X 85 at 0.050000 m/pix
[door_detection_node-21] [INFO] [1790648072.453745631] [door_detection_node]: 문 후보 발행: id=door_blue_432f79, source=front_right, color=blue, dist=4.86m, conf=0.51, bbox=(84,61,110,177), rep_x=97, center_x=97, angle=-54.9deg, center_angle=-54.9deg, lidar=4.16m, visual=4.03m, goal=(11.72,-0.87), handle=(12.28,-1.99,1.00), handle_obs=True, handle_method=estimated, handle_conf=0.00
[planner_server-15] [INFO] [1790648072.821602569] [global_costmap.global_costmap]: StaticLayer: Resizing static layer to 347 X 85 at 0.050000 m/pix
[controller_server-13] [INFO] [1790648073.028563818] [controller_server]: Passing new path to controller.
[planner_server-15] [INFO] [1790648073.821383530] [global_costmap.global_costmap]: StaticLayer: Resizing static layer to 351 X 85 at 0.050000 m/pix
[controller_server-13] [INFO] [1790648074.278613231] [controller_server]: Passing new path to controller.
[planner_server-15] [INFO] [1790648074.821369774] [global_costmap.global_costmap]: StaticLayer: Resizing static layer to 355 X 85 at 0.050000 m/pix
[controller_server-13] [INFO] [1790648075.528580656] [controller_server]: Passing new path to controller.
[door_detection_node-21] [INFO] [1790648075.904517806] [door_detection_node]: 문 후보 발행: id=door_blue_574f62, source=front, color=blue, dist=4.31m, conf=0.57, bbox=(245,52,281,185), rep_x=263, center_x=263, angle=-23.8deg, center_angle=-23.8deg, lidar=4.17m, visual=3.52m, goal=(12.36,-0.69), handle=(12.15,-1.92,1.00), handle_obs=True, handle_method=estimated, handle_conf=0.00
[state_machine_node-24] [INFO] [1790648075.914085766] [state_machine_node]: 문 접근 목표 보정: door_blue_574f62 handle_axis=(12.13, -2.06) goal_axis=(12.13, -0.96) wall_axis=(12.13, -2.06) yaw=-89deg
[state_machine_node-24] [INFO] [1790648075.916110165] [state_machine_node]: Locked blue target refine skipped: door_blue_574f62 progress jump 1.27m > 1.05m
[door_detection_node-21] [INFO] [1790648075.925859935] [door_detection_node]: YOLO 후보 제외: source=front, far small dist=5.92m, conf=0.22, bbox=(64,79,98,158)
[controller_server-13] [INFO] [1790648076.778584293] [controller_server]: Passing new path to controller.
[planner_server-15] [INFO] [1790648076.821452286] [global_costmap.global_costmap]: StaticLayer: Resizing static layer to 358 X 85 at 0.050000 m/pix
[door_detection_node-21] [INFO] [1790648077.761259807] [door_detection_node]: 문 후보 발행: id=door_blue_574f62, source=front, color=blue, dist=4.13m, conf=0.63, bbox=(228,50,266,188), rep_x=247, center_x=247, angle=-20.4deg, center_angle=-20.4deg, lidar=4.21m, visual=3.39m, goal=(12.55,-0.73), handle=(12.25,-1.94,1.00), handle_obs=True, handle_method=estimated, handle_conf=0.00
[state_machine_node-24] [INFO] [1790648077.771365889] [state_machine_node]: 문 접근 목표 보정: door_blue_574f62 handle_axis=(12.23, -2.08) goal_axis=(12.23, -0.98) wall_axis=(12.23, -2.08) yaw=-89deg
[planner_server-15] [INFO] [1790648077.821351243] [global_costmap.global_costmap]: StaticLayer: Resizing static layer to 363 X 85 at 0.050000 m/pix
[controller_server-13] [INFO] [1790648078.153607619] [controller_server]: Passing new path to controller.
[planner_server-15] [INFO] [1790648078.821361862] [global_costmap.global_costmap]: StaticLayer: Resizing static layer to 375 X 85 at 0.050000 m/pix
[controller_server-13] [INFO] [1790648079.278654342] [controller_server]: Passing new path to controller.
[planner_server-15] [INFO] [1790648079.821395746] [global_costmap.global_costmap]: StaticLayer: Resizing static layer to 378 X 85 at 0.050000 m/pix
[door_detection_node-21] [INFO] [1790648079.841537912] [door_detection_node]: 문 후보 발행: id=door_blue_815b12, source=front, color=blue, dist=3.71m, conf=0.53, bbox=(237,42,281,195), rep_x=259, center_x=259, angle=-22.9deg, center_angle=-22.9deg, lidar=3.66m, visual=3.06m, goal=(12.44,-0.68), handle=(12.14,-1.89,1.00), handle_obs=True, handle_method=estimated, handle_conf=0.00
[door_detection_node-21] [INFO] [1790648079.856157989] [door_detection_node]: YOLO 후보 제외: source=front, far small dist=5.20m, conf=0.32, bbox=(29,74,47,164)
[controller_server-13] [INFO] [1790648080.653623217] [controller_server]: Passing new path to controller.
[door_detection_node-21] [INFO] [1790648080.806463033] [door_detection_node]: Front lateral LiDAR range looks too long for the visible door; using visual range (lidar=3.66m, visual=2.77m)
[planner_server-15] [INFO] [1790648081.821591685] [global_costmap.global_costmap]: StaticLayer: Resizing static layer to 383 X 85 at 0.050000 m/pix
[controller_server-13] [INFO] [1790648081.903613553] [controller_server]: Passing new path to controller.
[door_detection_node-21] [INFO] [1790648082.259501996] [door_detection_node]: 문 후보 발행: id=door_blue_815b12, source=front, color=blue, dist=3.47m, conf=0.57, bbox=(218,36,267,203), rep_x=242, center_x=242, angle=-19.3deg, center_angle=-19.3deg, lidar=3.19m, visual=2.80m, goal=(12.61,-0.79), handle=(12.18,-1.96,1.00), handle_obs=True, handle_method=estimated, handle_conf=0.00
[controller_server-13] [INFO] [1790648083.278588880] [controller_server]: Passing new path to controller.
[door_detection_node-21] [INFO] [1790648084.333510613] [door_detection_node]: 문 후보 발행: id=door_blue_e1b2c5, source=front, color=blue, dist=3.28m, conf=0.57, bbox=(166,36,215,203), rep_x=190, center_x=190, angle=-7.3deg, center_angle=-7.3deg, lidar=3.17m, visual=2.80m, goal=(12.86,-0.84), handle=(12.19,-1.90,1.00), handle_obs=True, handle_method=estimated, handle_conf=0.00
[controller_server-13] [INFO] [1790648084.528641562] [controller_server]: Passing new path to controller.
[door_detection_node-21] [INFO] [1790648084.727866288] [door_detection_node]: YOLO 후보 제외: source=front_left, far small dist=6.79m, conf=0.50, bbox=(231,74,248,165)
[controller_server-13] [INFO] [1790648085.778595061] [controller_server]: Passing new path to controller.
[door_detection_node-21] [INFO] [1790648086.469957980] [door_detection_node]: 문 후보 발행: id=door_blue_94357d, source=front, color=blue, dist=3.18m, conf=0.47, bbox=(118,35,164,204), rep_x=141, center_x=141, angle=4.6deg, center_angle=4.6deg, lidar=3.18m, visual=2.77m, goal=(11.03,-0.93), handle=(12.18,-1.90,1.00), handle_obs=True, handle_method=estimated, handle_conf=0.00
[door_detection_node-21] [INFO] [1790648086.921135051] [door_detection_node]: YOLO 후보 제외: source=front_left, far small dist=6.28m, conf=0.36, bbox=(182,75,200,164)
[controller_server-13] [INFO] [1790648087.153652704] [controller_server]: Passing new path to controller.
[planner_server-15] [INFO] [1790648087.821664108] [global_costmap.global_costmap]: StaticLayer: Resizing static layer to 384 X 85 at 0.050000 m/pix
[controller_server-13] [INFO] [1790648088.403696697] [controller_server]: Passing new path to controller.
[door_detection_node-21] [INFO] [1790648088.633039288] [door_detection_node]: 문 후보 발행: id=door_blue_94357d, source=front, color=blue, dist=3.20m, conf=0.49, bbox=(102,31,149,205), rep_x=125, center_x=125, angle=8.5deg, center_angle=8.5deg, lidar=3.31m, visual=2.69m, goal=(11.55,-2.71), handle=(12.43,-1.82,1.00), handle_obs=True, handle_method=estimated, handle_conf=0.00
[planner_server-15] [INFO] [1790648088.821564862] [global_costmap.global_costmap]: StaticLayer: Resizing static layer to 385 X 85 at 0.050000 m/pix
[door_detection_node-21] [INFO] [1790648089.067316482] [door_detection_node]: YOLO 후보 제외: source=front_left, far small dist=5.84m, conf=0.49, bbox=(188,73,207,164)
[controller_server-13] [INFO] [1790648089.778612253] [controller_server]: Passing new path to controller.
[planner_server-15] [INFO] [1790648089.821504263] [global_costmap.global_costmap]: StaticLayer: Resizing static layer to 392 X 85 at 0.050000 m/pix
[door_detection_node-21] [INFO] [1790648090.780945508] [door_detection_node]: 문 후보 발행: id=door_blue_e1b2c5, source=front, color=blue, dist=2.84m, conf=0.61, bbox=(156,19,206,217), rep_x=181, center_x=181, angle=-5.1deg, center_angle=-5.1deg, lidar=2.94m, visual=2.36m, goal=(11.19,-0.92), handle=(12.42,-1.79,1.00), handle_obs=True, handle_method=estimated, handle_conf=0.00
[controller_server-13] [INFO] [1790648091.028572945] [controller_server]: Passing new path to controller.
[planner_server-15] [INFO] [1790648091.821687858] [global_costmap.global_costmap]: StaticLayer: Resizing static layer to 394 X 85 at 0.050000 m/pix
[controller_server-13] [INFO] [1790648092.278578778] [controller_server]: Passing new path to controller.
[door_detection_node-21] [INFO] [1790648092.582710501] [door_detection_node]: 문 후보 발행: id=door_blue_e1b2c5, source=front, color=blue, dist=2.61m, conf=0.73, bbox=(199,3,262,239), rep_x=230, center_x=230, angle=-16.7deg, center_angle=-16.7deg, lidar=2.68m, visual=1.98m, goal=(13.50,-0.85), handle=(13.03,-2.01,0.82), handle_obs=True, handle_method=yolo:primary:item, handle_conf=0.59
[planner_server-15] [INFO] [1790648092.821864711] [global_costmap.global_costmap]: StaticLayer: Resizing static layer to 400 X 85 at 0.050000 m/pix
[controller_server-13] [INFO] [1790648093.653591864] [controller_server]: Passing new path to controller.
[planner_server-15] [INFO] [1790648093.821360715] [global_costmap.global_costmap]: StaticLayer: Resizing static layer to 402 X 85 at 0.050000 m/pix
[door_detection_node-21] [INFO] [1790648094.243251599] [door_detection_node]: 문 후보 발행: id=door_blue_815b12, source=front, color=blue, dist=2.35m, conf=0.73, bbox=(226,0,306,240), rep_x=266, center_x=266, angle=-24.4deg, center_angle=-24.4deg, lidar=2.35m, visual=1.95m, goal=(13.28,-0.81), handle=(12.90,-2.00,0.83), handle_obs=True, handle_method=yolo:primary:item, handle_conf=0.65
[door_detection_node-21] [INFO] [1790648094.796935520] [door_detection_node]: Side camera LiDAR range looks too long for the visible door; using visual range (source=front_left, lidar=5.40m, visual=3.90m)
[planner_server-15] [INFO] [1790648094.821361126] [global_costmap.global_costmap]: StaticLayer: Resizing static layer to 407 X 85 at 0.050000 m/pix
[controller_server-13] [INFO] [1790648094.903548681] [controller_server]: Passing new path to controller.
[state_machine_node-24] [INFO] [1790648095.148097079] [state_machine_node]: Nav2 door goal position is near, but yaw is not ready yet: door_blue_574f62, dist=0.34m/0.38m, lateral=0.09m/0.24m, yaw_error=78deg.
[door_detection_node-21] [INFO] [1790648095.885360013] [door_detection_node]: YOLO 후보 제외: source=front, edge-clipped bbox=(281,0,320,240)
[state_machine_node-24] [INFO] [1790648095.949503528] [state_machine_node]: Nav2 goal is close enough for fine door alignment: door_blue_574f62, dist=0.26m/0.38m, lateral=0.09m/0.24m, yaw_error=81deg.
[state_machine_node-24] [INFO] [1790648095.950167132] [state_machine_node]: Nav2 goal cancellation requested before door fine alignment.
[navigation_node-22] [INFO] [1790648095.950764308] [navigation_node]: Navigation cancellation requested for manual control handoff.
[state_machine_node-24] [WARN] [1790648095.980777765] [state_machine_node]: Waiting for a fresh door-wall normal before alignment.
[bt_navigator-17] [ERROR] [1790648095.997528373] [bt_navigator_navigate_to_pose_rclcpp_node]: Failed to get result for follow_path in node halt!
[bt_navigator-17] [INFO] [1790648095.997751611] [bt_navigator]: [navigate_to_pose] [ActionServer] Client requested to cancel the goal. Cancelling.
[bt_navigator-17] [INFO] [1790648095.998132746] [bt_navigator]: Goal canceled
[controller_server-13] [INFO] [1790648096.028585067] [controller_server]: Goal was canceled. Stopping the robot.
[controller_server-13] [INFO] [1790648096.028701798] [controller_server]: [follow_path] [ActionServer] Client requested to cancel the goal. Cancelling.
[planner_server-15] [INFO] [1790648096.821521603] [global_costmap.global_costmap]: StaticLayer: Resizing static layer to 410 X 85 at 0.050000 m/pix
[door_detection_node-21] [INFO] [1790648097.764227591] [door_detection_node]: 문 후보 발행: id=door_blue_a41c53, source=front_right, color=blue, dist=2.04m, conf=1.00, bbox=(0,0,48,240), rep_x=24, center_x=24, angle=-39.8deg, center_angle=-39.8deg, lidar=2.04m, visual=1.95m, goal=(12.50,-0.74), handle=(12.32,-1.98,1.00), handle_obs=False, handle_method=estimated, handle_conf=0.00
[state_machine_node-24] [WARN] [1790648098.287520906] [state_machine_node]: Waiting for a fresh door-wall normal before alignment.
[door_detection_node-21] [INFO] [1790648099.272349227] [door_detection_node]: 문 후보 발행: id=door_blue_a41c53, source=front_right, color=blue, dist=2.01m, conf=1.00, bbox=(0,0,48,240), rep_x=24, center_x=24, angle=-39.8deg, center_angle=-39.8deg, lidar=1.99m, visual=1.95m, goal=(12.48,-0.71), handle=(12.30,-1.95,1.00), handle_obs=False, handle_method=estimated, handle_conf=0.00
[state_machine_node-24] [WARN] [1790648100.660602615] [state_machine_node]: Waiting for a fresh door-wall normal before alignment.
[door_detection_node-21] [INFO] [1790648100.807358100] [door_detection_node]: 문 후보 발행: id=door_blue_a41c53, source=front_right, color=blue, dist=2.03m, conf=1.00, bbox=(0,0,48,240), rep_x=24, center_x=24, angle=-39.8deg, center_angle=-39.8deg, lidar=2.02m, visual=1.95m, goal=(12.49,-0.73), handle=(12.31,-1.96,1.00), handle_obs=False, handle_method=estimated, handle_conf=0.00
[door_detection_node-21] [INFO] [1790648102.405946502] [door_detection_node]: 문 후보 발행: id=door_blue_a41c53, source=front_right, color=blue, dist=2.03m, conf=1.00, bbox=(0,0,48,240), rep_x=24, center_x=24, angle=-39.8deg, center_angle=-39.8deg, lidar=2.04m, visual=1.95m, goal=(12.49,-0.72), handle=(12.31,-1.96,1.00), handle_obs=False, handle_method=estimated, handle_conf=0.00
[state_machine_node-24] [WARN] [1790648103.009618778] [state_machine_node]: Waiting for a fresh door-wall normal before alignment.
[door_detection_node-21] [INFO] [1790648104.237042885] [door_detection_node]: 문 후보 발행: id=door_blue_a41c53, source=front_right, color=blue, dist=2.01m, conf=1.00, bbox=(0,0,48,240), rep_x=24, center_x=24, angle=-39.8deg, center_angle=-39.8deg, lidar=2.05m, visual=1.95m, goal=(12.47,-0.71), handle=(12.30,-1.95,1.00), handle_obs=False, handle_method=estimated, handle_conf=0.00
[state_machine_node-24] [INFO] [1790648104.562684560] [state_machine_node]: 문 앞 정렬 재접근: door_blue_574f62 (1/2)
[state_machine_node-24] [INFO] [1790648104.563927803] [state_machine_node]: 문 접근 목표 보정: door_blue_574f62 handle_axis=(11.18, -1.62) goal_axis=(11.18, -0.52) wall_axis=(11.18, -1.62) yaw=-89deg
[navigation_node-22] [INFO] [1790648104.566219857] [navigation_node]: Navigation goal received: door door_blue_574f62 (color=blue, frame=map, x=11.19, y=-0.40)
[navigation_node-22] [INFO] [1790648104.694450087] [navigation_node]: Navigation goal accepted by Nav2
[bt_navigator-17] [INFO] [1790648104.695871587] [bt_navigator]: Begin navigating from current location (10.95, -0.46) to (11.19, -0.40)
[controller_server-13] [INFO] [1790648104.897029672] [controller_server]: Received a goal, begin computing control effort.
[state_machine_node-24] [INFO] [1790648105.332587816] [state_machine_node]: Nav2 goal is close enough for fine door alignment: door_blue_574f62, dist=0.24m/0.38m, lateral=0.09m/0.24m, yaw_error=81deg.
[state_machine_node-24] [INFO] [1790648105.333515832] [state_machine_node]: Nav2 goal cancellation requested before door fine alignment.
[navigation_node-22] [INFO] [1790648105.333791699] [navigation_node]: Navigation cancellation requested for manual control handoff.
[state_machine_node-24] [WARN] [1790648105.361269339] [state_machine_node]: Waiting for a fresh door-wall normal before alignment.
[controller_server-13] [INFO] [1790648105.397805485] [controller_server]: Goal was canceled. Stopping the robot.
[controller_server-13] [INFO] [1790648105.397877963] [controller_server]: [follow_path] [ActionServer] Client requested to cancel the goal. Cancelling.
[bt_navigator-17] [INFO] [1790648105.399452374] [bt_navigator]: [navigate_to_pose] [ActionServer] Client requested to cancel the goal. Cancelling.
[bt_navigator-17] [INFO] [1790648105.399785738] [bt_navigator]: Goal canceled
[door_detection_node-21] [INFO] [1790648105.802347524] [door_detection_node]: 문 후보 발행: id=door_blue_a41c53, source=front_right, color=blue, dist=2.03m, conf=1.00, bbox=(0,0,48,240), rep_x=24, center_x=24, angle=-39.8deg, center_angle=-39.8deg, lidar=2.01m, visual=1.95m, goal=(12.49,-0.73), handle=(12.32,-1.97,1.00), handle_obs=False, handle_method=estimated, handle_conf=0.00
[door_detection_node-21] [INFO] [1790648107.407531538] [door_detection_node]: 문 후보 발행: id=door_blue_a41c53, source=front_right, color=blue, dist=2.03m, conf=1.00, bbox=(0,0,48,240), rep_x=24, center_x=24, angle=-39.8deg, center_angle=-39.8deg, lidar=2.03m, visual=1.95m, goal=(12.49,-0.73), handle=(12.31,-1.97,1.00), handle_obs=False, handle_method=estimated, handle_conf=0.00
[state_machine_node-24] [WARN] [1790648107.813207010] [state_machine_node]: Waiting for a fresh door-wall normal before alignment.
[door_detection_node-21] [INFO] [1790648108.992167614] [door_detection_node]: 문 후보 발행: id=door_blue_f47587, source=front_right, color=blue, dist=1.98m, conf=1.00, bbox=(0,0,48,240), rep_x=24, center_x=24, angle=-39.8deg, center_angle=-39.8deg, lidar=2.09m, visual=1.95m, goal=(12.46,-0.69), handle=(12.28,-1.93,1.00), handle_obs=False, handle_method=estimated, handle_conf=0.00
[state_machine_node-24] [WARN] [1790648110.139851203] [state_machine_node]: Waiting for a fresh door-wall normal before alignment.
[door_detection_node-21] [INFO] [1790648110.532404910] [door_detection_node]: 문 후보 발행: id=door_blue_a41c53, source=front_right, color=blue, dist=2.05m, conf=1.00, bbox=(0,0,48,240), rep_x=24, center_x=24, angle=-39.8deg, center_angle=-39.8deg, lidar=2.05m, visual=1.95m, goal=(12.50,-0.74), handle=(12.32,-1.98,1.00), handle_obs=False, handle_method=estimated, handle_conf=0.00
[door_detection_node-21] [INFO] [1790648112.080417762] [door_detection_node]: 문 후보 발행: id=door_blue_a41c53, source=front_right, color=blue, dist=2.01m, conf=1.00, bbox=(0,0,48,240), rep_x=24, center_x=24, angle=-39.8deg, center_angle=-39.8deg, lidar=2.05m, visual=1.95m, goal=(12.47,-0.71), handle=(12.30,-1.95,1.00), handle_obs=False, handle_method=estimated, handle_conf=0.00
[state_machine_node-24] [WARN] [1790648112.447347814] [state_machine_node]: Waiting for a fresh door-wall normal before alignment.
[door_detection_node-21] [INFO] [1790648113.631224417] [door_detection_node]: 문 후보 발행: id=door_blue_a41c53, source=front_right, color=blue, dist=2.04m, conf=1.00, bbox=(0,0,48,240), rep_x=24, center_x=24, angle=-39.8deg, center_angle=-39.8deg, lidar=2.00m, visual=1.95m, goal=(12.50,-0.74), handle=(12.32,-1.98,1.00), handle_obs=False, handle_method=estimated, handle_conf=0.00
[state_machine_node-24] [INFO] [1790648114.019406117] [state_machine_node]: 문 앞 정렬 재접근: door_blue_574f62 (2/2)
[state_machine_node-24] [INFO] [1790648114.020356889] [state_machine_node]: 문 접근 목표 보정: door_blue_574f62 handle_axis=(11.18, -1.62) goal_axis=(11.18, -0.52) wall_axis=(11.18, -1.62) yaw=-89deg
[navigation_node-22] [INFO] [1790648114.023436738] [navigation_node]: Navigation goal received: door door_blue_574f62 (color=blue, frame=map, x=11.19, y=-0.40)
[bt_navigator-17] [INFO] [1790648114.149330358] [bt_navigator]: Begin navigating from current location (10.95, -0.46) to (11.19, -0.40)
[navigation_node-22] [INFO] [1790648114.152567659] [navigation_node]: Navigation goal accepted by Nav2
[controller_server-13] [INFO] [1790648114.350486353] [controller_server]: Received a goal, begin computing control effort.
[state_machine_node-24] [INFO] [1790648114.715004148] [state_machine_node]: Nav2 goal is close enough for fine door alignment: door_blue_574f62, dist=0.24m/0.38m, lateral=0.09m/0.24m, yaw_error=81deg.
[state_machine_node-24] [INFO] [1790648114.716354814] [state_machine_node]: Nav2 goal cancellation requested before door fine alignment.
[navigation_node-22] [INFO] [1790648114.716417618] [navigation_node]: Navigation cancellation requested for manual control handoff.
[state_machine_node-24] [WARN] [1790648114.744782719] [state_machine_node]: Waiting for a fresh door-wall normal before alignment.
[bt_navigator-17] [ERROR] [1790648114.770839044] [bt_navigator_navigate_to_pose_rclcpp_node]: Failed to get result for follow_path in node halt!
[bt_navigator-17] [INFO] [1790648114.771381397] [bt_navigator]: [navigate_to_pose] [ActionServer] Client requested to cancel the goal. Cancelling.
[bt_navigator-17] [INFO] [1790648114.772059754] [bt_navigator]: Goal canceled
[controller_server-13] [INFO] [1790648114.851190029] [controller_server]: Goal was canceled. Stopping the robot.
[controller_server-13] [INFO] [1790648114.851298581] [controller_server]: [follow_path] [ActionServer] Client requested to cancel the goal. Cancelling.
[door_detection_node-21] [INFO] [1790648115.431709257] [door_detection_node]: 문 후보 발행: id=door_blue_a41c53, source=front_right, color=blue, dist=2.04m, conf=1.00, bbox=(0,0,48,240), rep_x=24, center_x=24, angle=-39.8deg, center_angle=-39.8deg, lidar=2.02m, visual=1.95m, goal=(12.50,-0.73), handle=(12.32,-1.97,1.00), handle_obs=False, handle_method=estimated, handle_conf=0.00
[state_machine_node-24] [WARN] [1790648117.067362070] [state_machine_node]: Waiting for a fresh door-wall normal before alignment.
[door_detection_node-21] [INFO] [1790648117.183233845] [door_detection_node]: 문 후보 발행: id=door_blue_f47587, source=front_right, color=blue, dist=1.98m, conf=1.00, bbox=(0,0,48,240), rep_x=24, center_x=24, angle=-39.8deg, center_angle=-39.8deg, lidar=2.01m, visual=1.95m, goal=(12.46,-0.69), handle=(12.28,-1.93,1.00), handle_obs=False, handle_method=estimated, handle_conf=0.00
[door_detection_node-21] [INFO] [1790648119.051065104] [door_detection_node]: 문 후보 발행: id=door_blue_a41c53, source=front_right, color=blue, dist=2.03m, conf=1.00, bbox=(0,0,48,240), rep_x=24, center_x=24, angle=-39.8deg, center_angle=-39.8deg, lidar=2.00m, visual=1.95m, goal=(12.49,-0.73), handle=(12.32,-1.97,1.00), handle_obs=False, handle_method=estimated, handle_conf=0.00
[state_machine_node-24] [WARN] [1790648119.414858803] [state_machine_node]: Waiting for a fresh door-wall normal before alignment.
[door_detection_node-21] [INFO] [1790648120.577510728] [door_detection_node]: 문 후보 발행: id=door_blue_f47587, source=front_right, color=blue, dist=1.98m, conf=1.00, bbox=(0,0,48,240), rep_x=24, center_x=24, angle=-39.8deg, center_angle=-39.8deg, lidar=2.07m, visual=1.95m, goal=(12.46,-0.69), handle=(12.28,-1.93,1.00), handle_obs=False, handle_method=estimated, handle_conf=0.00
[state_machine_node-24] [WARN] [1790648121.799386026] [state_machine_node]: Waiting for a fresh door-wall normal before alignment.
[door_detection_node-21] [INFO] [1790648122.153445360] [door_detection_node]: 문 후보 발행: id=door_blue_a41c53, source=front_right, color=blue, dist=2.00m, conf=1.00, bbox=(0,0,48,240), rep_x=24, center_x=24, angle=-39.8deg, center_angle=-39.8deg, lidar=2.04m, visual=1.95m, goal=(12.47,-0.71), handle=(12.30,-1.95,1.00), handle_obs=False, handle_method=estimated, handle_conf=0.00
[state_machine_node-24] [WARN] [1790648123.371293658] [state_machine_node]: Nav failure [door_not_aligned] → door_blue_574f62. 재시도 4/2
[state_machine_node-24] [WARN] [1790648123.373244858] [state_machine_node]: 파란 문 후보 (10.9, -1.7) 문 앞 접근 실패 1/4. 아직 포기하지 않고 다음 탐색에서 재시도합니다.
[state_machine_node-24] [WARN] [1790648123.374000811] [state_machine_node]: 접근 재스캔: door_blue_574f62. 이번 Nav2 접근 묶음은 실패했지만 물리 문 후보는 아직 포기하지 않고, 새 관측으로 다시 시도합니다.
[state_machine_node-24] [INFO] [1790648123.374792350] [state_machine_node]: State: NAVIGATING → EXPLORING
[door_detection_node-21] [INFO] [1790648123.767318048] [door_detection_node]: 문 후보 발행: id=door_blue_f47587, source=front_right, color=blue, dist=1.95m, conf=1.00, bbox=(0,0,48,240), rep_x=24, center_x=24, angle=-39.8deg, center_angle=-39.8deg, lidar=2.05m, visual=1.95m, goal=(12.43,-0.67), handle=(12.26,-1.90,1.00), handle_obs=False, handle_method=estimated, handle_conf=0.00
[state_machine_node-24] [INFO] [1790648124.209955661] [state_machine_node]: Observed blue cluster at (15.5, 2.0) selected from map memory without a current camera hit; opening will still require live blue confirmation.
[state_machine_node-24] [INFO] [1790648124.211516326] [state_machine_node]: 문 접근 목표 보정: observed_blue_11p0_m1p8 handle_axis=(11.04, -1.75) goal_axis=(11.04, -0.65) wall_axis=(11.04, -1.75) yaw=-89deg
[state_machine_node-24] [INFO] [1790648124.213813130] [state_machine_node]: 문 접근 목표 보정: observed_blue_12p3_m2p0 handle_axis=(12.34, -2.05) goal_axis=(12.34, -0.95) wall_axis=(12.34, -2.05) yaw=-89deg
[state_machine_node-24] [INFO] [1790648124.216026283] [state_machine_node]: 문 접근 목표 보정: observed_blue_15p5_1p8 handle_axis=(15.51, 1.83) goal_axis=(15.51, 0.73) wall_axis=(15.51, 1.83) yaw=91deg
[state_machine_node-24] [INFO] [1790648124.225443235] [state_machine_node]: 문 접근 목표 보정: observed_blue_11p0_m1p8 handle_axis=(11.04, -1.75) goal_axis=(11.04, -0.65) wall_axis=(11.04, -1.75) yaw=-89deg
[state_machine_node-24] [INFO] [1790648124.241054648] [state_machine_node]: 문 접근 목표 보정: observed_blue_12p3_m2p0 handle_axis=(12.34, -2.05) goal_axis=(12.34, -0.95) wall_axis=(12.34, -2.05) yaw=-89deg
[state_machine_node-24] [INFO] [1790648124.249502931] [state_machine_node]: 문 접근 목표 보정: observed_blue_11p0_m1p8 handle_axis=(11.04, -1.75) goal_axis=(11.04, -0.65) wall_axis=(11.04, -1.75) yaw=-89deg
[state_machine_node-24] [INFO] [1790648124.252281028] [state_machine_node]: 문 접근 목표 보정: observed_blue_12p3_m2p0 handle_axis=(12.34, -2.05) goal_axis=(12.34, -0.95) wall_axis=(12.34, -2.05) yaw=-89deg
[state_machine_node-24] [INFO] [1790648124.254538928] [state_machine_node]: 문 접근 목표 보정: observed_blue_15p5_1p8 handle_axis=(15.51, 1.83) goal_axis=(15.51, 0.73) wall_axis=(15.51, 1.83) yaw=91deg
[state_machine_node-24] [WARN] [1790648124.258857366] [state_machine_node]: Blue target observed_blue_11p0_m1p8 retained for revisit: stable unopened blue memory must be checked before exit even when it is behind the farthest opened station.
[state_machine_node-24] [WARN] [1790648124.262797136] [state_machine_node]: 접근/개방 실패 예산이 남은 파란 문 1개를 새 후보보다 우선 재시도합니다.
[state_machine_node-24] [INFO] [1790648124.267640689] [state_machine_node]: 문 접근 목표 보정: observed_blue_11p0_m1p8 handle_axis=(11.04, -1.75) goal_axis=(11.04, -0.65) wall_axis=(11.04, -1.75) yaw=-89deg
[state_machine_node-24] [INFO] [1790648124.269145932] [state_machine_node]: 문 접근 목표 보정: observed_blue_11p0_m1p8 handle_axis=(11.04, -1.75) goal_axis=(11.04, -0.65) wall_axis=(11.04, -1.75) yaw=-89deg
[state_machine_node-24] [INFO] [1790648124.270952230] [state_machine_node]: LiDAR+camera segment map 사전 스캔 시작: observed_blue_11p0_m1p8
[state_machine_node-24] [INFO] [1790648125.012204042] [state_machine_node]: 문 접근 목표 보정: observed_blue_11p0_m1p8 handle_axis=(11.04, -1.75) goal_axis=(11.04, -0.65) wall_axis=(11.04, -1.75) yaw=-89deg
[state_machine_node-24] [INFO] [1790648125.014882296] [state_machine_node]: 문 접근 목표 보정: observed_blue_12p3_m2p0 handle_axis=(12.34, -2.05) goal_axis=(12.34, -0.95) wall_axis=(12.34, -2.05) yaw=-89deg
[state_machine_node-24] [INFO] [1790648125.017173981] [state_machine_node]: 문 접근 목표 보정: observed_blue_15p5_1p8 handle_axis=(15.51, 1.83) goal_axis=(15.51, 0.73) wall_axis=(15.51, 1.83) yaw=91deg
[door_detection_node-21] [INFO] [1790648125.388738334] [door_detection_node]: 문 후보 발행: id=door_blue_a41c53, source=front_right, color=blue, dist=2.03m, conf=1.00, bbox=(0,0,48,240), rep_x=24, center_x=24, angle=-39.8deg, center_angle=-39.8deg, lidar=2.00m, visual=1.95m, goal=(12.49,-0.73), handle=(12.32,-1.97,1.00), handle_obs=False, handle_method=estimated, handle_conf=0.00
[state_machine_node-24] [INFO] [1790648125.779756297] [state_machine_node]: 문 접근 목표 보정: observed_blue_11p0_m1p8 handle_axis=(11.04, -1.75) goal_axis=(11.04, -0.65) wall_axis=(11.04, -1.75) yaw=-89deg
[state_machine_node-24] [INFO] [1790648125.782708414] [state_machine_node]: 문 접근 목표 보정: observed_blue_12p3_m2p0 handle_axis=(12.34, -2.05) goal_axis=(12.34, -0.95) wall_axis=(12.34, -2.05) yaw=-89deg
[state_machine_node-24] [INFO] [1790648125.785250773] [state_machine_node]: 문 접근 목표 보정: observed_blue_15p5_1p8 handle_axis=(15.51, 1.83) goal_axis=(15.51, 0.73) wall_axis=(15.51, 1.83) yaw=91deg
[state_machine_node-24] [INFO] [1790648126.564403361] [state_machine_node]: 문 접근 목표 보정: observed_blue_11p0_m1p8 handle_axis=(11.04, -1.75) goal_axis=(11.04, -0.65) wall_axis=(11.04, -1.75) yaw=-89deg
[state_machine_node-24] [INFO] [1790648126.566669484] [state_machine_node]: 문 접근 목표 보정: observed_blue_12p3_m2p0 handle_axis=(12.34, -2.05) goal_axis=(12.34, -0.95) wall_axis=(12.34, -2.05) yaw=-89deg
[state_machine_node-24] [INFO] [1790648126.568968393] [state_machine_node]: 문 접근 목표 보정: observed_blue_15p5_1p8 handle_axis=(15.51, 1.83) goal_axis=(15.51, 0.73) wall_axis=(15.51, 1.83) yaw=91deg
[state_machine_node-24] [INFO] [1790648126.573456360] [state_machine_node]: 사전 스캔 완료. Nav2가 segment map 기반 경로를 계획합니다: observed_blue_11p0_m1p8
[state_machine_node-24] [INFO] [1790648126.592562226] [state_machine_node]: Locked blue target after pre-scan: observed_blue_11p0_m1p8 opened=1 retry=0/2
[state_machine_node-24] [INFO] [1790648126.593241469] [state_machine_node]: State: EXPLORING → NAVIGATING
[navigation_node-22] [INFO] [1790648126.595388323] [navigation_node]: Navigation goal received: door observed_blue_11p0_m1p8 (color=blue, frame=map, x=11.04, y=-0.53)
[bt_navigator-17] [INFO] [1790648126.727586035] [bt_navigator]: Begin navigating from current location (10.95, -0.46) to (11.04, -0.53)
[navigation_node-22] [INFO] [1790648126.731497618] [navigation_node]: Navigation goal accepted by Nav2
[navigation_node-22] [WARN] [1790648126.733684327] [navigation_node]: Robot is 0.11m from blue goal (threshold=0.18m). Treating navigation as succeeded.
[state_machine_node-24] [INFO] [1790648126.735052384] [state_machine_node]: Navigation succeeded.
[bt_navigator-17] [INFO] [1790648126.827981077] [bt_navigator]: [navigate_to_pose] [ActionServer] Client requested to cancel the goal. Cancelling.
[bt_navigator-17] [INFO] [1790648126.828660209] [bt_navigator]: Goal canceled
[door_detection_node-21] [INFO] [1790648127.198967082] [door_detection_node]: 문 후보 발행: id=door_blue_a41c53, source=front_right, color=blue, dist=2.03m, conf=1.00, bbox=(0,0,48,240), rep_x=24, center_x=24, angle=-39.8deg, center_angle=-39.8deg, lidar=1.99m, visual=1.95m, goal=(12.49,-0.73), handle=(12.31,-1.96,1.00), handle_obs=False, handle_method=estimated, handle_conf=0.00
[state_machine_node-24] [INFO] [1790648127.207560088] [state_machine_node]: 문 접근 목표 보정: door_blue_a41c53 handle_axis=(12.29, -2.10) goal_axis=(12.29, -1.00) wall_axis=(12.29, -2.10) yaw=-89deg
[state_machine_node-24] [INFO] [1790648127.210024650] [state_machine_node]: Locked blue target refine skipped: door_blue_a41c53 progress jump 1.25m > 1.05m
[state_machine_node-24] [INFO] [1790648127.335105617] [state_machine_node]: Fine door approach started: observed_blue_11p0_m1p8, dist=0.11m, lateral=-0.06m, forward=0.10m, yaw_error=82deg
[state_machine_node-24] [INFO] [1790648127.336258874] [state_machine_node]: Fine door final yaw alignment: observed_blue_11p0_m1p8, dist=0.11m/0.17m, yaw_error=82deg, cmd=(0.00, -0.25)
[door_detection_node-21] [INFO] [1790648128.141683610] [door_detection_node]: Side camera LiDAR range looks too long for the visible door; using visual range (source=front_left, lidar=5.39m, visual=3.74m)
[door_detection_node-21] [INFO] [1790648128.142214330] [door_detection_node]: YOLO 후보 제외: source=front_left, edge-clipped bbox=(292,56,319,181)
[planner_server-15] [INFO] [1790648128.821353751] [global_costmap.global_costmap]: StaticLayer: Resizing static layer to 411 X 85 at 0.050000 m/pix
[state_machine_node-24] [INFO] [1790648128.933185596] [state_machine_node]: Fine door final yaw alignment: observed_blue_11p0_m1p8, dist=0.13m/0.17m, yaw_error=72deg, cmd=(0.00, -0.25)
[door_detection_node-21] [INFO] [1790648130.123394000] [door_detection_node]: 문 후보 발행: id=door_blue_6bda0f, source=front_left, color=blue, dist=4.03m, conf=0.58, bbox=(235,62,265,178), rep_x=250, center_x=250, angle=49.0deg, center_angle=49.0deg, lidar=6.09m, visual=4.03m, goal=(14.10,0.12), handle=(14.61,1.26,1.00), handle_obs=True, handle_method=estimated, handle_conf=0.00
[state_machine_node-24] [INFO] [1790648130.143299082] [state_machine_node]: Direct blue target door_blue_6bda0f will use stable wall-memory handle at (14.3, 1.3); progress_gap=0.26m, dist=0.26m, count=2, conf=0.63.
[state_machine_node-24] [INFO] [1790648130.144261843] [state_machine_node]: 문 접근 목표 보정: door_blue_6bda0f handle_axis=(14.36, 1.15) goal_axis=(14.36, 0.05) wall_axis=(14.36, 1.15) yaw=91deg
[state_machine_node-24] [INFO] [1790648130.549452428] [state_machine_node]: Fine door final yaw alignment: observed_blue_11p0_m1p8, dist=0.13m/0.17m, yaw_error=62deg, cmd=(0.00, -0.25)
[state_machine_node-24] [INFO] [1790648131.076131240] [state_machine_node]: 문 접근 목표 보정: door_blue_e1b2c5 handle_axis=(12.61, -2.05) goal_axis=(12.61, -0.95) wall_axis=(12.61, -2.05) yaw=-89deg
[state_machine_node-24] [INFO] [1790648131.082038308] [state_machine_node]: 문 접근 목표 보정: door_blue_e1b2c5 handle_axis=(12.61, -2.05) goal_axis=(12.61, -0.95) wall_axis=(12.61, -2.05) yaw=-89deg
[state_machine_node-24] [INFO] [1790648131.104298339] [state_machine_node]: Locked blue target refine skipped: door_blue_e1b2c5 total drift progress=1.24m, xy=1.29m > 1.05m from locked anchor
[state_machine_node-24] [INFO] [1790648131.387435373] [state_machine_node]: Fine door final yaw alignment: observed_blue_11p0_m1p8, dist=0.14m/0.17m, yaw_error=56deg, cmd=(0.00, -0.25)
[door_detection_node-21] [INFO] [1790648131.735501349] [door_detection_node]: 문 후보 발행: id=door_blue_25f9d3, source=front_left, color=blue, dist=5.39m, conf=0.37, bbox=(192,64,218,173), rep_x=205, center_x=205, angle=59.1deg, center_angle=59.1deg, lidar=5.84m, visual=4.29m, goal=(15.13,0.82), handle=(15.83,1.85,1.00), handle_obs=True, handle_method=estimated, handle_conf=0.00
[state_machine_node-24] [INFO] [1790648131.741103160] [state_machine_node]: 문 접근 목표 보정: door_blue_25f9d3 handle_axis=(15.85, 1.68) goal_axis=(15.85, 0.58) wall_axis=(15.85, 1.68) yaw=91deg
[state_machine_node-24] [INFO] [1790648132.210091024] [state_machine_node]: Fine door final yaw alignment: observed_blue_11p0_m1p8, dist=0.15m/0.17m, yaw_error=52deg, cmd=(0.00, -0.25)
[state_machine_node-24] [INFO] [1790648132.740026722] [state_machine_node]: 문 접근 목표 보정: door_blue_e1b2c5 handle_axis=(12.60, -1.99) goal_axis=(12.60, -0.89) wall_axis=(12.60, -1.99) yaw=-89deg
[state_machine_node-24] [INFO] [1790648132.746470451] [state_machine_node]: 문 접근 목표 보정: door_blue_e1b2c5 handle_axis=(12.60, -1.99) goal_axis=(12.60, -0.89) wall_axis=(12.60, -1.99) yaw=-89deg
[state_machine_node-24] [INFO] [1790648132.763154679] [state_machine_node]: Locked blue target refine skipped: door_blue_e1b2c5 progress jump 1.27m > 1.05m
[state_machine_node-24] [INFO] [1790648133.062431761] [state_machine_node]: Fine door final yaw alignment: observed_blue_11p0_m1p8, dist=0.14m/0.17m, yaw_error=49deg, cmd=(0.00, -0.25)
[door_detection_node-21] [INFO] [1790648133.416754370] [door_detection_node]: 문 후보 발행: id=door_blue_25f9d3, source=front_left, color=blue, dist=5.16m, conf=0.48, bbox=(153,67,180,175), rep_x=166, center_x=166, angle=68.5deg, center_angle=68.5deg, lidar=5.59m, visual=4.33m, goal=(14.76,0.89), handle=(15.61,1.80,1.00), handle_obs=True, handle_method=estimated, handle_conf=0.00
[state_machine_node-24] [INFO] [1790648133.420317148] [state_machine_node]: 문 접근 목표 보정: door_blue_25f9d3 handle_axis=(15.63, 1.63) goal_axis=(15.63, 0.53) wall_axis=(15.63, 1.63) yaw=91deg
[state_machine_node-24] [INFO] [1790648133.879286222] [state_machine_node]: Fine door final yaw alignment: observed_blue_11p0_m1p8, dist=0.14m/0.17m, yaw_error=43deg, cmd=(0.00, -0.25)
[state_machine_node-24] [INFO] [1790648134.404674033] [state_machine_node]: 문 접근 목표 보정: door_blue_94357d handle_axis=(12.63, -1.98) goal_axis=(12.63, -0.88) wall_axis=(12.63, -1.98) yaw=-89deg
[state_machine_node-24] [INFO] [1790648134.409787023] [state_machine_node]: 문 접근 목표 보정: door_blue_94357d handle_axis=(12.63, -1.98) goal_axis=(12.63, -0.88) wall_axis=(12.63, -1.98) yaw=-89deg
[state_machine_node-24] [INFO] [1790648134.695878601] [state_machine_node]: Fine door final yaw alignment: observed_blue_11p0_m1p8, dist=0.15m/0.17m, yaw_error=39deg, cmd=(0.00, -0.25)
[door_detection_node-21] [INFO] [1790648135.356557780] [door_detection_node]: 문 후보 발행: id=door_blue_afb1aa, source=front_left, color=blue, dist=5.24m, conf=0.40, bbox=(108,66,137,176), rep_x=122, center_x=122, angle=79.2deg, center_angle=79.2deg, lidar=5.80m, visual=4.25m, goal=(14.61,1.19), handle=(15.60,1.96,1.00), handle_obs=True, handle_method=estimated, handle_conf=0.00
[state_machine_node-24] [INFO] [1790648135.361729368] [state_machine_node]: 문 접근 목표 보정: door_blue_afb1aa handle_axis=(15.62, 1.78) goal_axis=(15.62, 0.68) wall_axis=(15.62, 1.78) yaw=91deg
[state_machine_node-24] [INFO] [1790648135.544823805] [state_machine_node]: Fine door final yaw alignment: observed_blue_11p0_m1p8, dist=0.15m/0.17m, yaw_error=37deg, cmd=(0.00, -0.25)
[state_machine_node-24] [INFO] [1790648136.474458791] [state_machine_node]: Fine door final yaw alignment: observed_blue_11p0_m1p8, dist=0.14m/0.17m, yaw_error=31deg, cmd=(0.00, -0.25)
[state_machine_node-24] [INFO] [1790648136.849994210] [state_machine_node]: 문 접근 목표 보정: door_blue_afb1aa handle_axis=(15.48, 1.66) goal_axis=(15.48, 0.56) wall_axis=(15.48, 1.66) yaw=91deg
[state_machine_node-24] [INFO] [1790648137.296716743] [state_machine_node]: Fine door final yaw alignment: observed_blue_11p0_m1p8, dist=0.15m/0.17m, yaw_error=26deg, cmd=(0.00, -0.25)
[door_detection_node-21] [INFO] [1790648137.316309901] [door_detection_node]: Side camera LiDAR range looks too long for the visible door; using visual range (source=front_right, lidar=4.84m, visual=3.57m)
[door_detection_node-21] [INFO] [1790648137.644740391] [door_detection_node]: 문 후보 발행: id=door_blue_8218db, source=front_right, color=blue, dist=3.57m, conf=0.34, bbox=(289,53,317,184), rep_x=303, center_x=303, angle=-101.4deg, center_angle=-101.4deg, lidar=6.11m, visual=3.57m, goal=(8.61,-0.76), handle=(7.48,-1.30,1.00), handle_obs=True, handle_method=estimated, handle_conf=0.00
[state_machine_node-24] [INFO] [1790648137.650798426] [state_machine_node]: Blue candidate door_blue_8218db ignored: physical/opened door station already handled nearby at (7.48, -1.30).
[state_machine_node-24] [INFO] [1790648138.104926575] [state_machine_node]: Fine door final yaw alignment: observed_blue_11p0_m1p8, dist=0.14m/0.17m, yaw_error=21deg, cmd=(0.00, -0.25)
[state_machine_node-24] [INFO] [1790648138.430258491] [state_machine_node]: 문 접근 목표 보정: door_blue_587842 handle_axis=(14.30, 1.13) goal_axis=(14.30, 0.03) wall_axis=(14.30, 1.13) yaw=91deg
[state_machine_node-24] [INFO] [1790648138.930292043] [state_machine_node]: Fine door final yaw alignment: observed_blue_11p0_m1p8, dist=0.14m/0.17m, yaw_error=13deg, cmd=(0.00, -0.17)
[door_detection_node-21] [INFO] [1790648139.273753860] [door_detection_node]: 문 후보 발행: id=door_blue_6f73e4, source=front_right, color=blue, dist=4.70m, conf=0.49, bbox=(238,59,260,181), rep_x=249, center_x=249, angle=-90.8deg, center_angle=-90.8deg, lidar=5.74m, visual=3.84m, goal=(7.62,-1.32), handle=(6.42,-1.67,1.00), handle_obs=True, handle_method=estimated, handle_conf=0.00
[state_machine_node-24] [INFO] [1790648139.758530536] [state_machine_node]: Fine door final yaw alignment: observed_blue_11p0_m1p8, dist=0.16m/0.17m, yaw_error=11deg, cmd=(0.00, -0.14)
[state_machine_node-24] [INFO] [1790648140.377592123] [state_machine_node]: 문 접근 목표 보정: door_blue_366d42 handle_axis=(12.12, -1.94) goal_axis=(12.12, -0.84) wall_axis=(12.12, -1.94) yaw=-89deg
[state_machine_node-24] [INFO] [1790648140.383475988] [state_machine_node]: 문 접근 목표 보정: door_blue_366d42 handle_axis=(12.12, -1.94) goal_axis=(12.12, -0.84) wall_axis=(12.12, -1.94) yaw=-89deg
[state_machine_node-24] [INFO] [1790648140.404617949] [state_machine_node]: 문 접근 목표 보정: door_blue_366d42 handle_axis=(12.12, -1.94) goal_axis=(12.12, -0.84) wall_axis=(12.12, -1.94) yaw=-89deg
[state_machine_node-24] [INFO] [1790648140.406326054] [state_machine_node]: Nav2 goal cancellation requested before close-range door station correction backoff.
[state_machine_node-24] [WARN] [1790648140.407493979] [state_machine_node]: Close door-front observation moved observed_blue_11p0_m1p8 by 1.10m; returning to Nav2 before final alignment.
[state_machine_node-24] [WARN] [1790648140.408394745] [state_machine_node]: Locked blue target refined from newer observation: observed_blue_11p0_m1p8 -> observed_blue_11p0_m1p8, goal shift=1.10m, identity=(11.06,-1.63) -> (12.14,-1.81)
[state_machine_node-24] [INFO] [1790648140.556314615] [state_machine_node]: Close-station correction backoff: observed_blue_11p0_m1p8, cmd_x=-0.08
[door_detection_node-21] [INFO] [1790648141.235685807] [door_detection_node]: 문 후보 발행: id=door_blue_649e7e, source=front_right, color=blue, dist=4.51m, conf=0.33, bbox=(197,62,217,177), rep_x=207, center_x=207, angle=-81.4deg, center_angle=-81.4deg, lidar=4.59m, visual=4.07m, goal=(7.86,-1.50), handle=(6.62,-1.66,1.00), handle_obs=True, handle_method=estimated, handle_conf=0.00
[state_machine_node-24] [INFO] [1790648141.241454622] [state_machine_node]: Blue candidate door_blue_649e7e ignored: physical/opened door station already handled nearby at (6.62, -1.66).
[state_machine_node-24] [INFO] [1790648141.372241464] [state_machine_node]: Close-station correction backoff: observed_blue_11p0_m1p8, cmd_x=-0.08
[state_machine_node-24] [INFO] [1790648142.185469249] [state_machine_node]: Close-station correction backoff: observed_blue_11p0_m1p8, cmd_x=-0.08
[state_machine_node-24] [INFO] [1790648143.014043560] [state_machine_node]: Close-station correction backoff: observed_blue_11p0_m1p8, cmd_x=-0.08
[door_detection_node-21] [INFO] [1790648143.106051695] [door_detection_node]: 문 후보 발행: id=door_blue_649e7e, source=front_right, color=blue, dist=4.56m, conf=0.51, bbox=(188,61,211,179), rep_x=199, center_x=199, angle=-79.5deg, center_angle=-79.5deg, lidar=4.56m, visual=3.97m, goal=(7.86,-1.57), handle=(6.62,-1.73,1.00), handle_obs=True, handle_method=estimated, handle_conf=0.00
[state_machine_node-24] [INFO] [1790648143.821562405] [state_machine_node]: Door navigation backoff complete; replanning to observed_blue_11p0_m1p8.
[navigation_node-22] [INFO] [1790648143.823983496] [navigation_node]: Navigation goal received: door observed_blue_11p0_m1p8 (color=blue, frame=map, x=12.13, y=-0.71)
[bt_navigator-17] [INFO] [1790648143.954107474] [bt_navigator]: Begin navigating from current location (10.96, -0.27) to (12.13, -0.71)
[navigation_node-22] [INFO] [1790648143.957295084] [navigation_node]: Navigation goal accepted by Nav2
[controller_server-13] [INFO] [1790648144.155712106] [controller_server]: Received a goal, begin computing control effort.
[state_machine_node-24] [INFO] [1790648144.419470665] [state_machine_node]: Observed blue cluster id mapping for observed_blue_11p0_m1p8 ignored: mapped cluster drifted away from the current wall/handle target.
[state_machine_node-24] [INFO] [1790648144.424670155] [state_machine_node]: 문 접근 목표 보정: door_blue_366d42 handle_axis=(12.18, -1.93) goal_axis=(12.18, -0.83) wall_axis=(12.18, -1.93) yaw=-89deg
[state_machine_node-24] [INFO] [1790648144.427249228] [state_machine_node]: 문 접근 목표 보정: door_blue_366d42 handle_axis=(12.18, -1.93) goal_axis=(12.18, -0.83) wall_axis=(12.18, -1.93) yaw=-89deg
[door_detection_node-21] [INFO] [1790648145.326414902] [door_detection_node]: 문 후보 발행: id=door_blue_649e7e, source=front_right, color=blue, dist=4.47m, conf=0.48, bbox=(185,62,207,177), rep_x=196, center_x=196, angle=-78.7deg, center_angle=-78.7deg, lidar=4.36m, visual=4.07m, goal=(7.94,-1.52), handle=(6.70,-1.67,1.00), handle_obs=True, handle_method=estimated, handle_conf=0.00
[state_machine_node-24] [INFO] [1790648145.331922300] [state_machine_node]: Blue candidate door_blue_649e7e ignored: physical/opened door station already handled nearby at (6.70, -1.67).
[controller_server-13] [INFO] [1790648145.531392673] [controller_server]: Passing new path to controller.
[state_machine_node-24] [INFO] [1790648146.048665553] [state_machine_node]: 문 접근 목표 보정: door_blue_ec7eb9 handle_axis=(12.57, -1.93) goal_axis=(12.57, -0.83) wall_axis=(12.57, -1.93) yaw=-89deg
[state_machine_node-24] [INFO] [1790648146.051599271] [state_machine_node]: 문 접근 목표 보정: door_blue_ec7eb9 handle_axis=(12.57, -1.93) goal_axis=(12.57, -0.83) wall_axis=(12.57, -1.93) yaw=-89deg
[state_machine_node-24] [WARN] [1790648146.052272866] [state_machine_node]: Locked blue target refined from newer observation: observed_blue_11p0_m1p8 -> observed_blue_11p0_m1p8, goal shift=0.45m, identity=(12.14,-1.81) -> (12.60,-1.79)
[navigation_node-22] [INFO] [1790648146.054229615] [navigation_node]: Navigation goal received: door observed_blue_11p0_m1p8 (color=blue, frame=map, x=12.58, y=-0.70)
[navigation_node-22] [WARN] [1790648146.054640861] [navigation_node]: Already navigating. Preempting current goal without an explicit stop before retargeting to: observed_blue_11p0_m1p8
[navigation_node-22] [INFO] [1790648146.190171313] [navigation_node]: Navigation goal accepted by Nav2
[bt_navigator-17] [INFO] [1790648146.254599705] [bt_navigator]: Received goal preemption request
[bt_navigator-17] [INFO] [1790648146.255256055] [bt_navigator]: Begin navigating from current location (10.95, -0.26) to (12.58, -0.70)
[controller_server-13] [INFO] [1790648146.781404613] [controller_server]: Passing new path to controller.
[door_detection_node-21] [INFO] [1790648146.913669299] [door_detection_node]: 문 후보 발행: id=door_blue_6f73e4, source=front_right, color=blue, dist=4.31m, conf=0.38, bbox=(248,58,271,180), rep_x=259, center_x=259, angle=-92.9deg, center_angle=-92.9deg, lidar=2.14m, visual=3.84m, goal=(8.06,-1.29), handle=(6.92,-1.80,1.00), handle_obs=True, handle_method=estimated, handle_conf=0.00
[state_machine_node-24] [INFO] [1790648147.729219546] [state_machine_node]: Observed blue cluster id mapping for observed_blue_11p0_m1p8 ignored: mapped cluster drifted away from the current wall/handle target.
[controller_server-13] [INFO] [1790648148.156374637] [controller_server]: Passing new path to controller.
[door_detection_node-21] [INFO] [1790648148.684641351] [door_detection_node]: 문 후보 발행: id=door_blue_e1b2c5, source=front, color=blue, dist=2.20m, conf=0.33, bbox=(141,0,218,239), rep_x=179, center_x=179, angle=-4.6deg, center_angle=-4.6deg, lidar=2.34m, visual=1.96m, goal=(11.46,-0.75), handle=(13.25,-1.89,0.84), handle_obs=True, handle_method=yolo:primary:item, handle_conf=0.76
[state_machine_node-24] [INFO] [1790648148.694379868] [state_machine_node]: 문 접근 목표 보정: door_blue_e1b2c5 handle_axis=(13.22, -2.04) goal_axis=(13.22, -0.94) wall_axis=(13.22, -2.04) yaw=-89deg
[state_machine_node-24] [INFO] [1790648148.697851951] [state_machine_node]: 문 접근 목표 보정: door_blue_e1b2c5 handle_axis=(13.22, -2.04) goal_axis=(13.22, -0.94) wall_axis=(13.22, -2.04) yaw=-89deg
[state_machine_node-24] [WARN] [1790648148.699012972] [state_machine_node]: Locked blue target refined from newer observation: observed_blue_11p0_m1p8 -> observed_blue_11p0_m1p8, goal shift=0.66m, identity=(12.60,-1.79) -> (12.58,-1.75)
[navigation_node-22] [INFO] [1790648148.700577289] [navigation_node]: Navigation goal received: door observed_blue_11p0_m1p8 (color=blue, frame=map, x=13.23, y=-0.79)
[navigation_node-22] [WARN] [1790648148.701168519] [navigation_node]: Already navigating. Preempting current goal without an explicit stop before retargeting to: observed_blue_11p0_m1p8
[navigation_node-22] [INFO] [1790648148.831614156] [navigation_node]: Navigation goal accepted by Nav2
[bt_navigator-17] [INFO] [1790648148.854493137] [bt_navigator]: Received goal preemption request
[bt_navigator-17] [INFO] [1790648148.855043465] [bt_navigator]: Begin navigating from current location (10.97, -0.31) to (13.23, -0.79)
[controller_server-13] [INFO] [1790648149.406417225] [controller_server]: Passing new path to controller.
[door_detection_node-21] [INFO] [1790648150.158266130] [door_detection_node]: YOLO 후보 제외: source=front, edge-clipped bbox=(235,0,319,240)
[controller_server-13] [INFO] [1790648150.658016390] [controller_server]: Passing new path to controller.
[planner_server-15] [INFO] [1790648150.821501492] [global_costmap.global_costmap]: StaticLayer: Resizing static layer to 414 X 85 at 0.050000 m/pix
[door_detection_node-21] [INFO] [1790648150.973471595] [door_detection_node]: 문 후보 발행: id=door_blue_6bda0f, source=front_left, color=blue, dist=4.91m, conf=0.56, bbox=(264,56,298,181), rep_x=281, center_x=281, angle=42.7deg, center_angle=42.7deg, lidar=4.51m, visual=3.74m, goal=(15.17,0.79), handle=(15.45,2.00,1.00), handle_obs=True, handle_method=estimated, handle_conf=0.00
[controller_server-13] [INFO] [1790648152.032433324] [controller_server]: Passing new path to controller.
[door_detection_node-21] [INFO] [1790648152.640204220] [door_detection_node]: Front lateral LiDAR range looks too long for the visible door; using visual range (lidar=4.78m, visual=3.21m)
[door_detection_node-21] [INFO] [1790648152.645475685] [door_detection_node]: YOLO 후보 제외: source=front, edge-clipped bbox=(0,46,26,192)
[planner_server-15] [INFO] [1790648152.824338871] [global_costmap.global_costmap]: StaticLayer: Resizing static layer to 418 X 85 at 0.050000 m/pix
[controller_server-13] [INFO] [1790648153.281439112] [controller_server]: Passing new path to controller.
[door_detection_node-21] [INFO] [1790648153.670815611] [door_detection_node]: 문 후보 발행: id=door_blue_6e6d21, source=front_right, color=blue, dist=1.68m, conf=1.00, bbox=(48,0,180,240), rep_x=114, center_x=114, angle=-58.9deg, center_angle=-58.9deg, lidar=1.72m, visual=1.95m, goal=(13.02,-0.79), handle=(12.99,-2.04,0.82), handle_obs=True, handle_method=yolo:primary:item, handle_conf=0.75
[state_machine_node-24] [INFO] [1790648153.675381249] [state_machine_node]: Observed blue cluster id mapping for observed_blue_11p0_m1p8 ignored: mapped cluster drifted away from the current wall/handle target.
[state_machine_node-24] [INFO] [1790648153.680839215] [state_machine_node]: 문 접근 목표 보정: door_blue_6e6d21 handle_axis=(12.96, -2.18) goal_axis=(12.96, -1.08) wall_axis=(12.96, -2.18) yaw=-89deg
[state_machine_node-24] [INFO] [1790648153.684199511] [state_machine_node]: 문 접근 목표 보정: door_blue_6e6d21 handle_axis=(12.96, -2.18) goal_axis=(12.96, -1.08) wall_axis=(12.96, -2.18) yaw=-89deg
[state_machine_node-24] [WARN] [1790648153.685415746] [state_machine_node]: Locked blue target refined from newer observation: observed_blue_11p0_m1p8 -> observed_blue_11p0_m1p8, goal shift=0.30m, identity=(12.58,-1.75) -> (12.46,-1.97)
[navigation_node-22] [INFO] [1790648153.687163160] [navigation_node]: Navigation goal received: door observed_blue_11p0_m1p8 (color=blue, frame=map, x=12.97, y=-0.94)
[navigation_node-22] [INFO] [1790648153.687773518] [navigation_node]: Ignoring duplicate navigation target for active door: observed_blue_11p0_m1p8
[controller_server-13] [INFO] [1790648154.656411019] [controller_server]: Passing new path to controller.
[planner_server-15] [INFO] [1790648154.821510456] [global_costmap.global_costmap]: StaticLayer: Resizing static layer to 419 X 85 at 0.050000 m/pix
[door_detection_node-21] [INFO] [1790648155.342599468] [door_detection_node]: 문 후보 발행: id=door_blue_6e6d21, source=front_right, color=blue, dist=1.54m, conf=1.00, bbox=(80,0,229,240), rep_x=154, center_x=154, angle=-68.5deg, center_angle=-68.5deg, lidar=1.52m, visual=1.95m, goal=(12.94,-0.80), handle=(12.91,-2.05,0.83), handle_obs=True, handle_method=yolo:primary:item, handle_conf=0.73
[state_machine_node-24] [INFO] [1790648155.350975563] [state_machine_node]: 문 접근 목표 보정: door_blue_6e6d21 handle_axis=(12.88, -2.19) goal_axis=(12.88, -1.09) wall_axis=(12.88, -2.19) yaw=-89deg
[state_machine_node-24] [INFO] [1790648155.353976661] [state_machine_node]: 문 접근 목표 보정: door_blue_6e6d21 handle_axis=(12.88, -2.19) goal_axis=(12.88, -1.09) wall_axis=(12.88, -2.19) yaw=-89deg
[planner_server-15] [INFO] [1790648155.821491797] [global_costmap.global_costmap]: StaticLayer: Resizing static layer to 429 X 85 at 0.050000 m/pix
[controller_server-13] [INFO] [1790648155.906367991] [controller_server]: Passing new path to controller.
[door_detection_node-21] [INFO] [1790648156.969925045] [door_detection_node]: 문 후보 발행: id=door_blue_048113, source=front_right, color=blue, dist=1.41m, conf=1.00, bbox=(112,0,281,240), rep_x=196, center_x=196, angle=-78.7deg, center_angle=-78.7deg, lidar=1.43m, visual=1.95m, goal=(12.90,-0.78), handle=(12.86,-2.03,0.83), handle_obs=True, handle_method=yolo:primary:item, handle_conf=0.75
[state_machine_node-24] [INFO] [1790648156.974141491] [state_machine_node]: Observed blue cluster id mapping for observed_blue_11p0_m1p8 ignored: mapped cluster drifted away from the current wall/handle target.
[state_machine_node-24] [INFO] [1790648156.980094057] [state_machine_node]: 문 접근 목표 보정: door_blue_048113 handle_axis=(12.83, -2.17) goal_axis=(12.83, -1.07) wall_axis=(12.83, -2.17) yaw=-89deg
[state_machine_node-24] [INFO] [1790648156.983662232] [state_machine_node]: 문 접근 목표 보정: door_blue_048113 handle_axis=(12.83, -2.17) goal_axis=(12.83, -1.07) wall_axis=(12.83, -2.17) yaw=-89deg
[controller_server-13] [INFO] [1790648157.156413846] [controller_server]: Passing new path to controller.
[planner_server-15] [INFO] [1790648157.821497619] [global_costmap.global_costmap]: StaticLayer: Resizing static layer to 436 X 85 at 0.050000 m/pix
[door_detection_node-21] [INFO] [1790648158.116972267] [door_detection_node]: Side camera LiDAR range looks too long for the visible door; using visual range (source=front_left, lidar=4.26m, visual=2.96m)
[door_detection_node-21] [INFO] [1790648158.117794110] [door_detection_node]: YOLO 후보 제외: source=front_left, edge-clipped bbox=(270,38,320,196)
[controller_server-13] [INFO] [1790648158.531415107] [controller_server]: Passing new path to controller.
[planner_server-15] [INFO] [1790648158.821471968] [global_costmap.global_costmap]: StaticLayer: Resizing static layer to 438 X 85 at 0.050000 m/pix
[door_detection_node-21] [INFO] [1790648158.924399303] [door_detection_node]: HSV candidate rejected: color=blue, edge-clipped bbox=(140,0,320,240), width_ratio=0.56
[controller_server-13] [INFO] [1790648159.656402406] [controller_server]: Passing new path to controller.
[planner_server-15] [INFO] [1790648159.821389133] [global_costmap.global_costmap]: StaticLayer: Resizing static layer to 442 X 85 at 0.050000 m/pix
[door_detection_node-21] [INFO] [1790648160.311244996] [door_detection_node]: 문 후보 발행: id=door_blue_110b09, source=front_left, color=blue, dist=3.91m, conf=0.73, bbox=(212,38,261,196), rep_x=236, center_x=236, angle=52.0deg, center_angle=52.0deg, lidar=3.86m, visual=2.96m, goal=(13.56,-0.93), handle=(13.84,0.29,0.88), handle_obs=True, handle_method=yolo:primary:item, handle_conf=0.33
[state_machine_node-24] [INFO] [1790648160.315557253] [state_machine_node]: 파란 문 door_blue_110b09 handle 제외: door_pose와 진행축 차이가 큼 handle_axis=(13.84, 0.14), pose_axis=(15.70, 1.74), max_delta=1.60m
[planner_server-15] [INFO] [1790648160.821468767] [global_costmap.global_costmap]: StaticLayer: Resizing static layer to 443 X 85 at 0.050000 m/pix
[state_machine_node-24] [INFO] [1790648160.888691857] [state_machine_node]: Observed blue cluster id mapping for observed_blue_11p0_m1p8 ignored: mapped cluster drifted away from the current wall/handle target.
[state_machine_node-24] [INFO] [1790648160.894678081] [state_machine_node]: 문 접근 목표 보정: door_blue_048113 handle_axis=(12.72, -2.03) goal_axis=(12.72, -0.93) wall_axis=(12.72, -2.03) yaw=-89deg
[state_machine_node-24] [INFO] [1790648160.898807475] [state_machine_node]: 문 접근 목표 보정: door_blue_048113 handle_axis=(12.72, -2.03) goal_axis=(12.72, -0.93) wall_axis=(12.72, -2.03) yaw=-89deg
[state_machine_node-24] [WARN] [1790648160.900338932] [state_machine_node]: Locked blue target refined from newer observation: observed_blue_11p0_m1p8 -> observed_blue_11p0_m1p8, goal shift=0.29m, identity=(12.46,-1.97) -> (12.44,-1.82)
[navigation_node-22] [INFO] [1790648160.901490433] [navigation_node]: Navigation goal received: door observed_blue_11p0_m1p8 (color=blue, frame=map, x=12.73, y=-0.79)
[navigation_node-22] [WARN] [1790648160.902257862] [navigation_node]: Already navigating. Preempting current goal without an explicit stop before retargeting to: observed_blue_11p0_m1p8
[controller_server-13] [INFO] [1790648160.906399688] [controller_server]: Passing new path to controller.
[navigation_node-22] [INFO] [1790648161.037183261] [navigation_node]: Navigation goal accepted by Nav2
[bt_navigator-17] [INFO] [1790648161.054947481] [bt_navigator]: Received goal preemption request
[bt_navigator-17] [INFO] [1790648161.055483397] [bt_navigator]: Begin navigating from current location (12.84, -0.59) to (12.73, -0.79)
[door_detection_node-21] [INFO] [1790648161.237715127] [door_detection_node]: YOLO 후보 제외: source=front, far small dist=7.31m, conf=0.21, bbox=(50,86,95,150)
[state_machine_node-24] [INFO] [1790648161.293026362] [state_machine_node]: Nav2 goal is close enough for fine door alignment: observed_blue_11p0_m1p8, dist=0.24m/0.38m, lateral=-0.23m/0.24m, yaw_error=74deg.
[state_machine_node-24] [INFO] [1790648161.294141637] [state_machine_node]: Nav2 goal cancellation requested before door fine alignment.
[navigation_node-22] [INFO] [1790648161.294630364] [navigation_node]: Navigation cancellation requested for manual control handoff.
[state_machine_node-24] [INFO] [1790648161.353213145] [state_machine_node]: Fine door approach started: observed_blue_11p0_m1p8, dist=0.24m, lateral=-0.23m, forward=-0.07m, yaw_error=74deg
[state_machine_node-24] [INFO] [1790648161.354094071] [state_machine_node]: Fine door parking translation: observed_blue_11p0_m1p8, dist=0.24m/0.17m, heading_error=107deg, cmd=(0.00, -0.25)
[bt_navigator-17] [ERROR] [1790648161.375608009] [bt_navigator_navigate_to_pose_rclcpp_node]: Failed to get result for follow_path in node halt!
[bt_navigator-17] [INFO] [1790648161.375814687] [bt_navigator]: [navigate_to_pose] [ActionServer] Client requested to cancel the goal. Cancelling.
[bt_navigator-17] [INFO] [1790648161.376134160] [bt_navigator]: Goal canceled
[controller_server-13] [INFO] [1790648161.406379385] [controller_server]: Goal was canceled. Stopping the robot.
[controller_server-13] [INFO] [1790648161.406457381] [controller_server]: [follow_path] [ActionServer] Client requested to cancel the goal. Cancelling.
[door_detection_node-21] [INFO] [1790648161.731136593] [door_detection_node]: Side camera LiDAR range looks occluded; using visual range instead (source=front_left, lidar=1.43m, visual=2.92m)
[planner_server-15] [INFO] [1790648161.821363154] [global_costmap.global_costmap]: StaticLayer: Resizing static layer to 446 X 85 at 0.050000 m/pix
[door_detection_node-21] [INFO] [1790648162.118108800] [door_detection_node]: 문 후보 발행: id=door_blue_110b09, source=front_left, color=blue, dist=2.92m, conf=0.61, bbox=(170,38,219,198), rep_x=194, center_x=194, angle=61.7deg, center_angle=61.7deg, lidar=1.40m, visual=2.92m, goal=(14.60,0.19), handle=(15.01,1.37,1.00), handle_obs=True, handle_method=estimated, handle_conf=0.00
[door_detection_node-21] [INFO] [1790648162.587098332] [door_detection_node]: HSV candidate rejected: color=blue, edge-clipped bbox=(137,0,320,240), width_ratio=0.57
[state_machine_node-24] [INFO] [1790648162.948857419] [state_machine_node]: Fine door parking translation: observed_blue_11p0_m1p8, dist=0.24m/0.17m, heading_error=96deg, cmd=(0.00, -0.25)
[state_machine_node-24] [INFO] [1790648163.751885856] [state_machine_node]: Fine door parking translation: observed_blue_11p0_m1p8, dist=0.24m/0.17m, heading_error=87deg, cmd=(0.00, -0.25)
[planner_server-15] [INFO] [1790648163.821445066] [global_costmap.global_costmap]: StaticLayer: Resizing static layer to 448 X 85 at 0.050000 m/pix
[door_detection_node-21] [INFO] [1790648163.998663315] [door_detection_node]: 문 후보 발행: id=door_blue_c47315, source=front_left, color=blue, dist=2.92m, conf=0.69, bbox=(119,38,166,198), rep_x=142, center_x=142, angle=74.4deg, center_angle=74.4deg, lidar=1.35m, visual=2.92m, goal=(14.38,0.31), handle=(15.05,1.37,1.00), handle_obs=True, handle_method=estimated, handle_conf=0.00
[state_machine_node-24] [INFO] [1790648164.594804605] [state_machine_node]: Fine door parking translation: observed_blue_11p0_m1p8, dist=0.25m/0.17m, heading_error=85deg, cmd=(0.00, -0.25)
[state_machine_node-24] [INFO] [1790648164.713359571] [state_machine_node]: Observed blue cluster id mapping for observed_blue_11p0_m1p8 ignored: mapped cluster drifted away from the current wall/handle target.
[state_machine_node-24] [INFO] [1790648164.714820131] [state_machine_node]: 문 접근 목표 보정: door_blue_048113 handle_axis=(12.71, -2.04) goal_axis=(12.71, -0.94) wall_axis=(12.71, -2.04) yaw=-89deg
[state_machine_node-24] [INFO] [1790648164.721852276] [state_machine_node]: 문 접근 목표 보정: door_blue_048113 handle_axis=(12.71, -2.04) goal_axis=(12.71, -0.94) wall_axis=(12.71, -2.04) yaw=-89deg
[state_machine_node-24] [INFO] [1790648164.744973986] [state_machine_node]: 문 접근 목표 보정: door_blue_048113 handle_axis=(12.71, -2.04) goal_axis=(12.71, -0.94) wall_axis=(12.71, -2.04) yaw=-89deg
[planner_server-15] [INFO] [1790648164.821458957] [global_costmap.global_costmap]: StaticLayer: Resizing static layer to 449 X 85 at 0.050000 m/pix
[state_machine_node-24] [INFO] [1790648165.441663602] [state_machine_node]: Fine door parking translation: observed_blue_11p0_m1p8, dist=0.25m/0.17m, heading_error=84deg, cmd=(0.00, -0.25)
[door_detection_node-21] [INFO] [1790648165.572776674] [door_detection_node]: Side camera LiDAR range looks occluded; using visual range instead (source=front_left, lidar=1.47m, visual=2.80m)
[door_detection_node-21] [INFO] [1790648165.884259590] [door_detection_node]: 문 후보 발행: id=door_blue_c47315, source=front_left, color=blue, dist=2.80m, conf=0.62, bbox=(71,35,121,202), rep_x=96, center_x=96, angle=85.3deg, center_angle=85.3deg, lidar=1.40m, visual=2.80m, goal=(14.09,0.38), handle=(14.95,1.28,1.00), handle_obs=True, handle_method=estimated, handle_conf=0.00
[door_detection_node-21] [INFO] [1790648165.887486219] [door_detection_node]: YOLO 후보 제외: source=front_left, far small dist=8.58m, conf=0.26, bbox=(249,83,299,152)
[state_machine_node-24] [INFO] [1790648166.275996387] [state_machine_node]: Fine door parking translation: observed_blue_11p0_m1p8, dist=0.24m/0.17m, heading_error=74deg, cmd=(0.00, -0.25)
[state_machine_node-24] [INFO] [1790648167.127554525] [state_machine_node]: Fine door parking translation: observed_blue_11p0_m1p8, dist=0.24m/0.17m, heading_error=73deg, cmd=(0.00, -0.25)
[door_detection_node-21] [INFO] [1790648167.534346710] [door_detection_node]: Side camera LiDAR range looks too long for the visible door; using visual range (source=front_left, lidar=3.51m, visual=2.57m)
[door_detection_node-21] [INFO] [1790648167.866256958] [door_detection_node]: 문 후보 발행: id=door_blue_587842, source=front_left, color=blue, dist=2.57m, conf=0.65, bbox=(15,26,74,208), rep_x=44, center_x=44, angle=96.4deg, center_angle=96.4deg, lidar=1.44m, visual=2.57m, goal=(13.73,0.42), handle=(14.73,1.17,1.00), handle_obs=True, handle_method=estimated, handle_conf=0.00
[state_machine_node-24] [INFO] [1790648167.982084898] [state_machine_node]: Fine door parking translation: observed_blue_11p0_m1p8, dist=0.25m/0.17m, heading_error=68deg, cmd=(0.00, -0.25)
[state_machine_node-24] [INFO] [1790648168.809735613] [state_machine_node]: Fine door parking translation: observed_blue_11p0_m1p8, dist=0.25m/0.17m, heading_error=64deg, cmd=(0.00, -0.25)
[state_machine_node-24] [INFO] [1790648169.014511487] [state_machine_node]: Observed blue cluster id mapping for observed_blue_11p0_m1p8 ignored: mapped cluster drifted away from the current wall/handle target.
[state_machine_node-24] [INFO] [1790648169.015994723] [state_machine_node]: 문 접근 목표 보정: door_blue_f47587 handle_axis=(12.70, -2.07) goal_axis=(12.70, -0.97) wall_axis=(12.70, -2.07) yaw=-89deg
[state_machine_node-24] [INFO] [1790648169.020968870] [state_machine_node]: 문 접근 목표 보정: door_blue_f47587 handle_axis=(12.70, -2.07) goal_axis=(12.70, -0.97) wall_axis=(12.70, -2.07) yaw=-89deg
[state_machine_node-24] [INFO] [1790648169.043607427] [state_machine_node]: 문 접근 목표 보정: door_blue_f47587 handle_axis=(12.70, -2.07) goal_axis=(12.70, -0.97) wall_axis=(12.70, -2.07) yaw=-89deg
[door_detection_node-21] [INFO] [1790648169.485622007] [door_detection_node]: Side camera LiDAR range looks occluded; using visual range instead (source=front_left, lidar=1.32m, visual=2.63m)
[state_machine_node-24] [INFO] [1790648169.633499463] [state_machine_node]: Fine door parking translation: observed_blue_11p0_m1p8, dist=0.24m/0.17m, heading_error=58deg, cmd=(0.00, -0.25)
[door_detection_node-21] [INFO] [1790648169.837874921] [door_detection_node]: 문 후보 발행: id=door_blue_587842, source=front_left, color=blue, dist=2.63m, conf=0.27, bbox=(0,31,17,209), rep_x=8, center_x=8, angle=103.0deg, center_angle=103.0deg, lidar=1.34m, visual=2.63m, goal=(12.79,-0.30), handle=(13.90,0.26,0.88), handle_obs=True, handle_method=hsv, handle_conf=0.49
[state_machine_node-24] [INFO] [1790648169.845470253] [state_machine_node]: Blue candidate door_blue_587842 rejected: openable wall lateral 0.93m < 0.95m.
[door_detection_node-21] [INFO] [1790648169.857414330] [door_detection_node]: YOLO 후보 제외: source=front_left, far small dist=4.41m, conf=0.27, bbox=(244,68,261,165)
[state_machine_node-24] [INFO] [1790648170.480836266] [state_machine_node]: Fine door parking translation: observed_blue_11p0_m1p8, dist=0.25m/0.17m, heading_error=58deg, cmd=(0.00, -0.25)
[state_machine_node-24] [INFO] [1790648171.074561922] [state_machine_node]: 문 접근 목표 보정: door_blue_68dc5a handle_axis=(12.74, -2.02) goal_axis=(12.74, -0.92) wall_axis=(12.74, -2.02) yaw=-89deg
[state_machine_node-24] [INFO] [1790648171.078118830] [state_machine_node]: 문 접근 목표 보정: door_blue_68dc5a handle_axis=(12.74, -2.02) goal_axis=(12.74, -0.92) wall_axis=(12.74, -2.02) yaw=-89deg
[state_machine_node-24] [INFO] [1790648171.102083724] [state_machine_node]: 문 접근 목표 보정: door_blue_68dc5a handle_axis=(12.74, -2.02) goal_axis=(12.74, -0.92) wall_axis=(12.74, -2.02) yaw=-89deg
[state_machine_node-24] [INFO] [1790648171.314459600] [state_machine_node]: Fine door parking translation: observed_blue_11p0_m1p8, dist=0.25m/0.17m, heading_error=51deg, cmd=(0.00, -0.25)
[door_detection_node-21] [INFO] [1790648171.754428934] [door_detection_node]: Side camera visual fallback rejected (source=front_right, lidar=3.81m, visual=5.85m > 4.50m)
[door_detection_node-21] [INFO] [1790648172.083495864] [door_detection_node]: 문 후보 발행: id=door_blue_f47587, source=front_right, color=blue, dist=1.39m, conf=1.00, bbox=(0,0,50,240), rep_x=25, center_x=25, angle=-40.0deg, center_angle=-40.0deg, lidar=1.43m, visual=1.95m, goal=(13.46,-1.55), handle=(12.25,-1.83,1.00), handle_obs=False, handle_method=estimated, handle_conf=0.00
[state_machine_node-24] [INFO] [1790648172.146055702] [state_machine_node]: Fine door parking translation: observed_blue_11p0_m1p8, dist=0.25m/0.17m, heading_error=49deg, cmd=(0.00, -0.25)
[state_machine_node-24] [INFO] [1790648172.765336644] [state_machine_node]: Observed blue cluster id mapping for observed_blue_11p0_m1p8 ignored: mapped cluster drifted away from the current wall/handle target.
[state_machine_node-24] [INFO] [1790648172.766669073] [state_machine_node]: 문 접근 목표 보정: door_blue_68dc5a handle_axis=(12.75, -2.06) goal_axis=(12.75, -0.96) wall_axis=(12.75, -2.06) yaw=-89deg
[state_machine_node-24] [INFO] [1790648172.772153655] [state_machine_node]: 문 접근 목표 보정: door_blue_68dc5a handle_axis=(12.75, -2.06) goal_axis=(12.75, -0.96) wall_axis=(12.75, -2.06) yaw=-89deg
[state_machine_node-24] [INFO] [1790648172.793545951] [state_machine_node]: 문 접근 목표 보정: door_blue_68dc5a handle_axis=(12.75, -2.06) goal_axis=(12.75, -0.96) wall_axis=(12.75, -2.06) yaw=-89deg
[state_machine_node-24] [INFO] [1790648172.978976483] [state_machine_node]: Fine door parking translation: observed_blue_11p0_m1p8, dist=0.26m/0.17m, heading_error=41deg, cmd=(0.00, -0.25)
[state_machine_node-24] [WARN] [1790648173.825652351] [state_machine_node]: Waiting for a fresh door-wall normal before alignment.
[door_detection_node-21] [INFO] [1790648174.212063568] [door_detection_node]: 문 후보 발행: id=door_blue_579231, source=front, color=blue, dist=1.38m, conf=1.00, bbox=(142,0,320,240), rep_x=231, center_x=231, angle=-16.9deg, center_angle=-16.9deg, lidar=1.33m, visual=1.95m, goal=(12.78,-0.88), handle=(12.79,-1.84,0.83), handle_obs=True, handle_method=yolo:primary:item, handle_conf=0.77
[state_machine_node-24] [INFO] [1790648174.219750938] [state_machine_node]: 문 접근 목표 보정: door_blue_579231 handle_axis=(12.77, -1.98) goal_axis=(12.77, -0.88) wall_axis=(12.77, -1.98) yaw=-89deg
[state_machine_node-24] [INFO] [1790648174.225600142] [state_machine_node]: 문 접근 목표 보정: door_blue_579231 handle_axis=(12.77, -1.98) goal_axis=(12.77, -0.88) wall_axis=(12.77, -1.98) yaw=-89deg
[state_machine_node-24] [INFO] [1790648174.248169994] [state_machine_node]: 문 접근 목표 보정: door_blue_579231 handle_axis=(12.77, -1.98) goal_axis=(12.77, -0.88) wall_axis=(12.77, -1.98) yaw=-89deg
[state_machine_node-24] [INFO] [1790648175.293673672] [state_machine_node]: 문 접근 목표 보정: door_blue_579231 handle_axis=(12.79, -2.07) goal_axis=(12.79, -0.97) wall_axis=(12.79, -2.07) yaw=-89deg
[state_machine_node-24] [INFO] [1790648175.299510252] [state_machine_node]: 문 접근 목표 보정: door_blue_579231 handle_axis=(12.79, -2.07) goal_axis=(12.79, -0.97) wall_axis=(12.79, -2.07) yaw=-89deg
[state_machine_node-24] [INFO] [1790648175.321866604] [state_machine_node]: 문 접근 목표 보정: door_blue_579231 handle_axis=(12.79, -2.07) goal_axis=(12.79, -0.97) wall_axis=(12.79, -2.07) yaw=-89deg
[state_machine_node-24] [WARN] [1790648176.243621408] [state_machine_node]: Waiting for a fresh door-wall normal before alignment.
[door_detection_node-21] [INFO] [1790648176.881592858] [door_detection_node]: 문 후보 발행: id=door_blue_579231, source=front, color=blue, dist=1.34m, conf=1.00, bbox=(134,0,310,240), rep_x=222, center_x=222, angle=-14.8deg, center_angle=-14.8deg, lidar=1.36m, visual=1.95m, goal=(12.80,-0.88), handle=(12.82,-1.92,0.84), handle_obs=True, handle_method=yolo:primary:item, handle_conf=0.79
[state_machine_node-24] [INFO] [1790648176.885692272] [state_machine_node]: Observed blue cluster id mapping for observed_blue_11p0_m1p8 ignored: mapped cluster drifted away from the current wall/handle target.
[state_machine_node-24] [INFO] [1790648176.887188433] [state_machine_node]: 문 접근 목표 보정: door_blue_579231 handle_axis=(12.79, -2.06) goal_axis=(12.79, -0.96) wall_axis=(12.79, -2.06) yaw=-89deg
[state_machine_node-24] [INFO] [1790648176.894159887] [state_machine_node]: 문 접근 목표 보정: door_blue_579231 handle_axis=(12.79, -2.06) goal_axis=(12.79, -0.96) wall_axis=(12.79, -2.06) yaw=-89deg
[state_machine_node-24] [INFO] [1790648176.915798654] [state_machine_node]: 문 접근 목표 보정: door_blue_579231 handle_axis=(12.79, -2.06) goal_axis=(12.79, -0.96) wall_axis=(12.79, -2.06) yaw=-89deg
[door_detection_node-21] [INFO] [1790648178.500176252] [door_detection_node]: 문 후보 발행: id=door_blue_579231, source=front, color=blue, dist=1.37m, conf=1.00, bbox=(134,0,310,240), rep_x=222, center_x=222, angle=-14.8deg, center_angle=-14.8deg, lidar=1.38m, visual=1.95m, goal=(12.80,-0.88), handle=(12.81,-1.94,0.84), handle_obs=True, handle_method=yolo:primary:item, handle_conf=0.79
[state_machine_node-24] [INFO] [1790648178.507003535] [state_machine_node]: 문 접근 목표 보정: door_blue_579231 handle_axis=(12.79, -2.08) goal_axis=(12.79, -0.98) wall_axis=(12.79, -2.08) yaw=-89deg
[state_machine_node-24] [INFO] [1790648178.514563659] [state_machine_node]: 문 접근 목표 보정: door_blue_579231 handle_axis=(12.79, -2.08) goal_axis=(12.79, -0.98) wall_axis=(12.79, -2.08) yaw=-89deg
[state_machine_node-24] [INFO] [1790648178.540121956] [state_machine_node]: 문 접근 목표 보정: door_blue_579231 handle_axis=(12.79, -2.08) goal_axis=(12.79, -0.98) wall_axis=(12.79, -2.08) yaw=-89deg
[state_machine_node-24] [WARN] [1790648178.663570759] [state_machine_node]: Waiting for a fresh door-wall normal before alignment.
[door_detection_node-21] [INFO] [1790648180.087389094] [door_detection_node]: 문 후보 발행: id=door_blue_579231, source=front, color=blue, dist=1.37m, conf=1.00, bbox=(134,0,310,240), rep_x=222, center_x=222, angle=-14.8deg, center_angle=-14.8deg, lidar=1.39m, visual=1.95m, goal=(12.80,-0.88), handle=(12.81,-1.95,0.83), handle_obs=True, handle_method=yolo:primary:item, handle_conf=0.79
[state_machine_node-24] [INFO] [1790648180.092111385] [state_machine_node]: Observed blue cluster id mapping for observed_blue_11p0_m1p8 ignored: mapped cluster drifted away from the current wall/handle target.
[state_machine_node-24] [INFO] [1790648180.094546168] [state_machine_node]: 문 접근 목표 보정: door_blue_579231 handle_axis=(12.79, -2.10) goal_axis=(12.79, -1.00) wall_axis=(12.79, -2.10) yaw=-89deg
[state_machine_node-24] [INFO] [1790648180.099994544] [state_machine_node]: 문 접근 목표 보정: door_blue_579231 handle_axis=(12.79, -2.10) goal_axis=(12.79, -1.00) wall_axis=(12.79, -2.10) yaw=-89deg
[state_machine_node-24] [INFO] [1790648180.124144793] [state_machine_node]: 문 접근 목표 보정: door_blue_579231 handle_axis=(12.79, -2.10) goal_axis=(12.79, -1.00) wall_axis=(12.79, -2.10) yaw=-89deg
[state_machine_node-24] [WARN] [1790648181.058069374] [state_machine_node]: Waiting for a fresh door-wall normal before alignment.
[door_detection_node-21] [INFO] [1790648181.696146793] [door_detection_node]: 문 후보 발행: id=door_blue_579231, source=front, color=blue, dist=1.35m, conf=1.00, bbox=(134,0,310,240), rep_x=222, center_x=222, angle=-14.8deg, center_angle=-14.8deg, lidar=1.36m, visual=1.95m, goal=(12.80,-0.88), handle=(12.82,-1.88,0.84), handle_obs=True, handle_method=yolo:primary:item, handle_conf=0.79
[state_machine_node-24] [INFO] [1790648181.700591859] [state_machine_node]: 문 접근 목표 보정: door_blue_579231 handle_axis=(12.80, -2.02) goal_axis=(12.80, -0.92) wall_axis=(12.80, -2.02) yaw=-89deg
[state_machine_node-24] [INFO] [1790648181.707873882] [state_machine_node]: 문 접근 목표 보정: door_blue_579231 handle_axis=(12.80, -2.02) goal_axis=(12.80, -0.92) wall_axis=(12.80, -2.02) yaw=-89deg
[state_machine_node-24] [INFO] [1790648181.729204304] [state_machine_node]: 문 접근 목표 보정: door_blue_579231 handle_axis=(12.80, -2.02) goal_axis=(12.80, -0.92) wall_axis=(12.80, -2.02) yaw=-89deg
[state_machine_node-24] [INFO] [1790648182.641941766] [state_machine_node]: Fine door parking translation: observed_blue_11p0_m1p8, dist=0.26m/0.17m, heading_error=38deg, cmd=(0.00, -0.25)
[door_detection_node-21] [INFO] [1790648183.279425860] [door_detection_node]: 문 후보 발행: id=door_blue_579231, source=front, color=blue, dist=1.36m, conf=1.00, bbox=(134,0,310,240), rep_x=222, center_x=222, angle=-14.8deg, center_angle=-14.8deg, lidar=1.43m, visual=1.95m, goal=(12.80,-0.88), handle=(12.81,-1.90,0.84), handle_obs=True, handle_method=yolo:primary:item, handle_conf=0.79
[state_machine_node-24] [INFO] [1790648183.284834600] [state_machine_node]: Observed blue cluster id mapping for observed_blue_11p0_m1p8 ignored: mapped cluster drifted away from the current wall/handle target.
[state_machine_node-24] [INFO] [1790648183.286750910] [state_machine_node]: 문 접근 목표 보정: door_blue_579231 handle_axis=(12.79, -2.05) goal_axis=(12.79, -0.95) wall_axis=(12.79, -2.05) yaw=-89deg
[state_machine_node-24] [INFO] [1790648183.291400914] [state_machine_node]: 문 접근 목표 보정: door_blue_579231 handle_axis=(12.79, -2.05) goal_axis=(12.79, -0.95) wall_axis=(12.79, -2.05) yaw=-89deg
[state_machine_node-24] [INFO] [1790648183.313303247] [state_machine_node]: 문 접근 목표 보정: door_blue_579231 handle_axis=(12.79, -2.05) goal_axis=(12.79, -0.95) wall_axis=(12.79, -2.05) yaw=-89deg
[state_machine_node-24] [INFO] [1790648183.462695698] [state_machine_node]: Fine door parking translation: observed_blue_11p0_m1p8, dist=0.27m/0.17m, heading_error=34deg, cmd=(0.00, -0.25)
[state_machine_node-24] [INFO] [1790648184.315331618] [state_machine_node]: Fine door parking translation: observed_blue_11p0_m1p8, dist=0.28m/0.17m, heading_error=30deg, cmd=(0.00, -0.25)
[state_machine_node-24] [INFO] [1790648184.361501337] [state_machine_node]: 문 접근 목표 보정: door_blue_579231 handle_axis=(12.85, -2.05) goal_axis=(12.85, -0.95) wall_axis=(12.85, -2.05) yaw=-89deg
[state_machine_node-24] [INFO] [1790648184.367179401] [state_machine_node]: 문 접근 목표 보정: door_blue_579231 handle_axis=(12.85, -2.05) goal_axis=(12.85, -0.95) wall_axis=(12.85, -2.05) yaw=-89deg
[state_machine_node-24] [INFO] [1790648184.389026914] [state_machine_node]: 문 접근 목표 보정: door_blue_579231 handle_axis=(12.85, -2.05) goal_axis=(12.85, -0.95) wall_axis=(12.85, -2.05) yaw=-89deg
[planner_server-15] [INFO] [1790648184.821383484] [global_costmap.global_costmap]: StaticLayer: Resizing static layer to 449 X 85 at 0.050000 m/pix
[state_machine_node-24] [INFO] [1790648185.163814079] [state_machine_node]: Fine door parking translation: observed_blue_11p0_m1p8, dist=0.29m/0.17m, heading_error=29deg, cmd=(0.00, -0.25)
[door_detection_node-21] [INFO] [1790648185.762745986] [door_detection_node]: 문 후보 발행: id=door_blue_e1b9f4, source=front, color=blue, dist=1.35m, conf=1.00, bbox=(52,0,219,240), rep_x=135, center_x=135, angle=6.1deg, center_angle=6.1deg, lidar=1.41m, visual=1.95m, goal=(11.73,-1.42), handle=(12.89,-1.88,0.84), handle_obs=True, handle_method=yolo:primary:item, handle_conf=0.77
[state_machine_node-24] [INFO] [1790648185.769363174] [state_machine_node]: 문 접근 목표 보정: door_blue_e1b9f4 handle_axis=(12.87, -2.03) goal_axis=(12.87, -0.93) wall_axis=(12.87, -2.03) yaw=-89deg
[state_machine_node-24] [INFO] [1790648185.774891200] [state_machine_node]: 문 접근 목표 보정: door_blue_e1b9f4 handle_axis=(12.87, -2.03) goal_axis=(12.87, -0.93) wall_axis=(12.87, -2.03) yaw=-89deg
[state_machine_node-24] [INFO] [1790648185.798060148] [state_machine_node]: 문 접근 목표 보정: door_blue_e1b9f4 handle_axis=(12.87, -2.03) goal_axis=(12.87, -0.93) wall_axis=(12.87, -2.03) yaw=-89deg
[planner_server-15] [INFO] [1790648185.821384995] [global_costmap.global_costmap]: StaticLayer: Resizing static layer to 449 X 86 at 0.050000 m/pix
[state_machine_node-24] [INFO] [1790648186.004935608] [state_machine_node]: Fine door parking translation: observed_blue_11p0_m1p8, dist=0.29m/0.17m, heading_error=23deg, cmd=(0.07, -0.14)
[door_detection_node-21] [INFO] [1790648186.667013443] [door_detection_node]: Side camera LiDAR range looks occluded; using visual range instead (source=front_right, lidar=2.20m, visual=3.47m)
[door_detection_node-21] [INFO] [1790648186.671417667] [door_detection_node]: YOLO 후보 제외: source=front_right, edge-clipped bbox=(284,41,319,176)
[planner_server-15] [INFO] [1790648186.821558391] [global_costmap.global_costmap]: StaticLayer: Resizing static layer to 449 X 86 at 0.050000 m/pix
[state_machine_node-24] [INFO] [1790648186.853211879] [state_machine_node]: Fine door parking translation: observed_blue_11p0_m1p8, dist=0.26m/0.17m, heading_error=24deg, cmd=(0.07, -0.14)
[door_detection_node-21] [INFO] [1790648187.201309953] [door_detection_node]: HSV candidate rejected: color=blue, edge-clipped bbox=(0,0,184,240), width_ratio=0.57
[state_machine_node-24] [INFO] [1790648187.701302097] [state_machine_node]: Fine door parking translation: observed_blue_11p0_m1p8, dist=0.21m/0.17m, heading_error=22deg, cmd=(0.07, -0.14)
[door_detection_node-21] [INFO] [1790648188.431267520] [door_detection_node]: Side camera visual fallback rejected (source=front_right, lidar=3.84m, visual=5.92m > 4.50m)
[state_machine_node-24] [INFO] [1790648188.556454003] [state_machine_node]: Fine door final yaw alignment: observed_blue_11p0_m1p8, dist=0.17m/0.17m, yaw_error=27deg, cmd=(0.00, 0.25)
[door_detection_node-21] [INFO] [1790648189.283919715] [door_detection_node]: 문 후보 발행: id=door_blue_e1b9f4, source=front, color=blue, dist=1.25m, conf=1.00, bbox=(0,0,160,240), rep_x=80, center_x=80, angle=18.9deg, center_angle=18.9deg, lidar=1.22m, visual=1.95m, goal=(11.76,-1.20), handle=(12.80,-1.90,0.85), handle_obs=True, handle_method=hsv, handle_conf=0.63
[state_machine_node-24] [INFO] [1790648189.288461990] [state_machine_node]: Observed blue cluster id mapping for observed_blue_11p0_m1p8 ignored: mapped cluster drifted away from the current wall/handle target.
[state_machine_node-24] [INFO] [1790648189.290046987] [state_machine_node]: 문 접근 목표 보정: door_blue_e1b9f4 handle_axis=(12.78, -2.04) goal_axis=(12.78, -0.94) wall_axis=(12.78, -2.04) yaw=-89deg
[state_machine_node-24] [INFO] [1790648189.295522654] [state_machine_node]: 문 접근 목표 보정: door_blue_e1b9f4 handle_axis=(12.78, -2.04) goal_axis=(12.78, -0.94) wall_axis=(12.78, -2.04) yaw=-89deg
[state_machine_node-24] [INFO] [1790648189.317691630] [state_machine_node]: 문 접근 목표 보정: door_blue_e1b9f4 handle_axis=(12.78, -2.04) goal_axis=(12.78, -0.94) wall_axis=(12.78, -2.04) yaw=-89deg
[state_machine_node-24] [INFO] [1790648189.391504385] [state_machine_node]: Fine door final yaw alignment: observed_blue_11p0_m1p8, dist=0.17m/0.17m, yaw_error=24deg, cmd=(0.00, 0.25)
[door_detection_node-21] [INFO] [1790648190.053900257] [door_detection_node]: Side camera LiDAR range looks occluded; using visual range instead (source=front_right, lidar=2.17m, visual=3.47m)
[door_detection_node-21] [INFO] [1790648190.059224301] [door_detection_node]: YOLO 후보 제외: source=front_right, edge-clipped bbox=(287,40,319,175)
[state_machine_node-24] [INFO] [1790648190.237409747] [state_machine_node]: Fine door final yaw alignment: observed_blue_11p0_m1p8, dist=0.18m/0.17m, yaw_error=19deg, cmd=(0.00, 0.25)
[door_detection_node-21] [INFO] [1790648190.846629769] [door_detection_node]: 문 후보 발행: id=door_blue_e1b9f4, source=front, color=blue, dist=1.23m, conf=1.00, bbox=(12,0,203,240), rep_x=107, center_x=107, angle=12.8deg, center_angle=12.8deg, lidar=1.23m, visual=1.95m, goal=(11.79,-1.47), handle=(12.94,-1.95,0.86), handle_obs=True, handle_method=yolo:primary:item, handle_conf=0.35
[state_machine_node-24] [INFO] [1790648191.088755374] [state_machine_node]: Fine door final yaw alignment: observed_blue_11p0_m1p8, dist=0.16m/0.17m, yaw_error=14deg, cmd=(0.00, 0.18)
[state_machine_node-24] [INFO] [1790648191.943708235] [state_machine_node]: Fine door final yaw alignment: observed_blue_11p0_m1p8, dist=0.16m/0.17m, yaw_error=9deg, cmd=(0.00, 0.12)
[state_machine_node-24] [INFO] [1790648192.210949877] [state_machine_node]: 문 접근 목표 보정: door_blue_e1b9f4 handle_axis=(12.90, -2.07) goal_axis=(12.90, -0.97) wall_axis=(12.90, -2.07) yaw=-89deg
[state_machine_node-24] [INFO] [1790648192.216336324] [state_machine_node]: 문 접근 목표 보정: door_blue_e1b9f4 handle_axis=(12.90, -2.07) goal_axis=(12.90, -0.97) wall_axis=(12.90, -2.07) yaw=-89deg
[state_machine_node-24] [INFO] [1790648192.240764941] [state_machine_node]: 문 접근 목표 보정: door_blue_e1b9f4 handle_axis=(12.90, -2.07) goal_axis=(12.90, -0.97) wall_axis=(12.90, -2.07) yaw=-89deg
[state_machine_node-24] [INFO] [1790648192.792475458] [state_machine_node]: Fine door final yaw alignment: observed_blue_11p0_m1p8, dist=0.13m/0.17m, yaw_error=9deg, cmd=(0.00, 0.12)
[state_machine_node-24] [INFO] [1790648193.642700450] [state_machine_node]: Fine door final yaw alignment: observed_blue_11p0_m1p8, dist=0.13m/0.17m, yaw_error=6deg, cmd=(0.00, 0.08)
[door_detection_node-21] [INFO] [1790648193.707773857] [door_detection_node]: 문 후보 발행: id=door_blue_579231, source=front, color=blue, dist=1.29m, conf=1.00, bbox=(82,0,266,240), rep_x=174, center_x=174, angle=-3.4deg, center_angle=-3.4deg, lidar=1.23m, visual=1.95m, goal=(12.75,-1.00), handle=(12.86,-1.96,0.83), handle_obs=True, handle_method=yolo:primary:item, handle_conf=0.76
[state_machine_node-24] [INFO] [1790648193.713558822] [state_machine_node]: Observed blue cluster id mapping for observed_blue_11p0_m1p8 ignored: mapped cluster drifted away from the current wall/handle target.
[state_machine_node-24] [INFO] [1790648193.715138080] [state_machine_node]: 문 접근 목표 보정: door_blue_579231 handle_axis=(12.83, -2.10) goal_axis=(12.83, -1.00) wall_axis=(12.83, -2.10) yaw=-89deg
[state_machine_node-24] [INFO] [1790648193.722461189] [state_machine_node]: 문 접근 목표 보정: door_blue_579231 handle_axis=(12.83, -2.10) goal_axis=(12.83, -1.00) wall_axis=(12.83, -2.10) yaw=-89deg
[state_machine_node-24] [INFO] [1790648193.746694980] [state_machine_node]: 문 접근 목표 보정: door_blue_579231 handle_axis=(12.83, -2.10) goal_axis=(12.83, -1.00) wall_axis=(12.83, -2.10) yaw=-89deg
[state_machine_node-24] [INFO] [1790648194.508121393] [state_machine_node]: 문 앞 정렬 완료. 2.8s 정지 후 개방합니다.
[state_machine_node-24] [INFO] [1790648195.053112706] [state_machine_node]: 문 접근 목표 보정: door_blue_579231 handle_axis=(12.84, -2.02) goal_axis=(12.84, -0.92) wall_axis=(12.84, -2.02) yaw=-89deg
[state_machine_node-24] [INFO] [1790648195.059102592] [state_machine_node]: 문 접근 목표 보정: door_blue_579231 handle_axis=(12.84, -2.02) goal_axis=(12.84, -0.92) wall_axis=(12.84, -2.02) yaw=-89deg
[state_machine_node-24] [INFO] [1790648195.079610285] [state_machine_node]: 문 접근 목표 보정: door_blue_579231 handle_axis=(12.84, -2.02) goal_axis=(12.84, -0.92) wall_axis=(12.84, -2.02) yaw=-89deg
[door_detection_node-21] [INFO] [1790648196.723142942] [door_detection_node]: 문 후보 발행: id=door_blue_579231, source=front, color=blue, dist=1.25m, conf=1.00, bbox=(100,0,287,240), rep_x=193, center_x=193, angle=-8.0deg, center_angle=-8.0deg, lidar=1.27m, visual=1.95m, goal=(12.75,-1.00), handle=(12.84,-1.92,0.84), handle_obs=True, handle_method=yolo:primary:item, handle_conf=0.74
[state_machine_node-24] [INFO] [1790648196.726836327] [state_machine_node]: Observed blue cluster id mapping for observed_blue_11p0_m1p8 ignored: mapped cluster drifted away from the current wall/handle target.
[state_machine_node-24] [INFO] [1790648196.728079578] [state_machine_node]: 문 접근 목표 보정: door_blue_579231 handle_axis=(12.81, -2.06) goal_axis=(12.81, -0.96) wall_axis=(12.81, -2.06) yaw=-89deg
[state_machine_node-24] [INFO] [1790648196.734246666] [state_machine_node]: 문 접근 목표 보정: door_blue_579231 handle_axis=(12.81, -2.06) goal_axis=(12.81, -0.96) wall_axis=(12.81, -2.06) yaw=-89deg
[state_machine_node-24] [INFO] [1790648196.758432956] [state_machine_node]: 문 접근 목표 보정: door_blue_579231 handle_axis=(12.81, -2.06) goal_axis=(12.81, -0.96) wall_axis=(12.81, -2.06) yaw=-89deg
[door_detection_node-21] [INFO] [1790648198.560012709] [door_detection_node]: 문 후보 발행: id=door_blue_579231, source=front, color=blue, dist=1.23m, conf=1.00, bbox=(100,0,287,240), rep_x=193, center_x=193, angle=-8.0deg, center_angle=-8.0deg, lidar=1.26m, visual=1.95m, goal=(12.75,-1.00), handle=(12.84,-1.91,0.84), handle_obs=True, handle_method=yolo:primary:item, handle_conf=0.74
[state_machine_node-24] [INFO] [1790648198.566607786] [state_machine_node]: 문 접근 목표 보정: door_blue_579231 handle_axis=(12.81, -2.05) goal_axis=(12.81, -0.95) wall_axis=(12.81, -2.05) yaw=-89deg
[state_machine_node-24] [INFO] [1790648198.571453360] [state_machine_node]: 문 접근 목표 보정: door_blue_579231 handle_axis=(12.81, -2.05) goal_axis=(12.81, -0.95) wall_axis=(12.81, -2.05) yaw=-89deg
[state_machine_node-24] [INFO] [1790648198.593440881] [state_machine_node]: 문 접근 목표 보정: door_blue_579231 handle_axis=(12.81, -2.05) goal_axis=(12.81, -0.95) wall_axis=(12.81, -2.05) yaw=-89deg
[state_machine_node-24] [INFO] [1790648199.359670741] [state_machine_node]: Final handle refreshed from current observation: observed_blue_11p0_m1p8, method=yolo:primary:item, point=(12.835,-1.912,0.841)
[state_machine_node-24] [INFO] [1790648199.386483913] [state_machine_node]: 파란 문 door_blue_110b09 handle 제외: door_pose와 진행축 차이가 큼 handle_axis=(13.84, 0.14), pose_axis=(15.70, 1.74), max_delta=1.60m
[state_machine_node-24] [INFO] [1790648199.453615546] [state_machine_node]: Observed blue target observed_blue_11p0_m1p8 confirmed by current same-wall live blue evidence before opening (candidate=door_blue_432f79, progress_gap=0.00/0.90, lateral_gap=0.00/0.48, conf=1.00/0.58).
[state_machine_node-24] [INFO] [1790648199.455749808] [state_machine_node]: Observed blue target observed_blue_11p0_m1p8 accepted for opening from recheckable mapped wall memory after close alignment (count=74, conf=1.00, progress_gap=0.35m, lateral_gap=0.04m).
[state_machine_node-24] [INFO] [1790648199.731482389] [state_machine_node]: State: NAVIGATING → OPENING_DOOR
[state_machine_node-24] [INFO] [1790648200.177284172] [state_machine_node]: 문 개방 요청 손잡이: id=observed_blue_11p0_m1p8__axis_p12p81_m2p05, method=yolo:primary:item, conf=0.74, frame=map, pos=(12.835,-1.912,0.841)
[navigation_visit_node-23] [INFO] [1790648200.185791574] [navigation_visit_node]: NAVIGATION_VISIT {"scope": "navigation_only", "physical_opening": false, "door_id": "observed_blue_11p0_m1p8__axis_p12p81_m2p05", "sim_time": 210.005, "robot": [12.832185758900303, -0.7094232958442945, -1.7041715543307532], "observed_handle": [12.83523329232663, -1.9121374327513851, 0.8411681841315558], "distance_m": 1.2027179979430558, "bearing_error_rad": 0.1359091022202512}
[state_machine_node-24] [INFO] [1790648200.188036717] [state_machine_node]: Selected observation memory completed: observed_blue_11p0_m1p8; original candidate excluded after position refinement.
[state_machine_node-24] [INFO] [1790648200.193119084] [state_machine_node]: Blue candidate door_blue_ec7eb9 ignored: center-biased opposite-wall projection near opened blue station 12.8m (candidate 14.4m).
[door_detection_node-21] [INFO] [1790648200.200020174] [door_detection_node]: 문 후보 발행: id=door_blue_579231, source=front, color=blue, dist=1.28m, conf=1.00, bbox=(100,0,287,240), rep_x=193, center_x=193, angle=-8.0deg, center_angle=-8.0deg, lidar=1.28m, visual=1.95m, goal=(12.75,-1.00), handle=(12.84,-1.90,0.84), handle_obs=True, handle_method=yolo:primary:item, handle_conf=0.74
[state_machine_node-24] [INFO] [1790648200.202472103] [state_machine_node]: 열린 파란 문 재관측 후보 2개 정리. 다음 목표 선택에서 제외합니다.
[state_machine_node-24] [INFO] [1790648200.203225999] [state_machine_node]: 문 개방 성공: observed_blue_11p0_m1p8  누적 개방: 2개
[state_machine_node-24] [INFO] [1790648200.203924635] [state_machine_node]: State: OPENING_DOOR → DOOR_OPENED
[state_machine_node-24] [INFO] [1790648200.213026771] [state_machine_node]: Blue candidate door_blue_579231 ignored: physical/opened door station already handled nearby at (12.49, -1.94).
[state_machine_node-24] [INFO] [1790648201.018288969] [state_machine_node]: 다음 파란 문 탐색 시작 (개방 완료: 2개)
[state_machine_node-24] [INFO] [1790648201.019045169] [state_machine_node]: State: DOOR_OPENED → EXPLORING
[state_machine_node-24] [INFO] [1790648201.836787557] [state_machine_node]: Post-open side retreat started: lateral=-0.85m, target_abs=0.48m.
[state_machine_node-24] [INFO] [1790648201.837411368] [state_machine_node]: Post-open side retreat: lateral=-0.85m, moved=0.00/1.10m, yaw_error=-172deg, cmd=(0.00, -0.50)
[door_detection_node-21] [INFO] [1790648203.589213154] [door_detection_node]: 문 후보 발행: id=door_blue_e1b9f4, source=front, color=blue, dist=1.25m, conf=1.00, bbox=(26,0,214,240), rep_x=120, center_x=120, angle=9.7deg, center_angle=9.7deg, lidar=1.31m, visual=1.95m, goal=(11.68,-1.43), handle=(12.83,-1.93,0.84), handle_obs=True, handle_method=yolo:primary:item, handle_conf=0.73
[state_machine_node-24] [INFO] [1790648203.594193027] [state_machine_node]: 파란 문 door_blue_110b09 handle 제외: door_pose와 진행축 차이가 큼 handle_axis=(13.84, 0.14), pose_axis=(15.70, 1.74), max_delta=1.60m
[state_machine_node-24] [INFO] [1790648203.595936069] [state_machine_node]: Blue candidate door_blue_e1b9f4 ignored: physical/opened door station already handled nearby at (12.51, -1.93).
[state_machine_node-24] [INFO] [1790648203.601579870] [state_machine_node]: Post-open side retreat: lateral=-0.85m, moved=0.01/1.10m, yaw_error=-150deg, cmd=(0.00, -0.50)
[door_detection_node-21] [INFO] [1790648204.224128602] [door_detection_node]: Side camera LiDAR range looks occluded; using visual range instead (source=front_right, lidar=2.28m, visual=3.66m)
[door_detection_node-21] [INFO] [1790648204.600975620] [door_detection_node]: Side camera LiDAR range looks too long for the visible door; using visual range (source=front_right, lidar=8.64m, visual=5.71m)
[door_detection_node-21] [INFO] [1790648204.604098542] [door_detection_node]: YOLO 후보 제외: source=front_right, far small dist=5.71m, conf=0.20, bbox=(57,74,73,156)
[state_machine_node-24] [INFO] [1790648205.311958601] [state_machine_node]: Post-open side retreat: lateral=-0.85m, moved=0.00/1.10m, yaw_error=-131deg, cmd=(0.00, -0.50)
[door_detection_node-21] [INFO] [1790648205.524851358] [door_detection_node]: 문 후보 발행: id=door_blue_366d42, source=front, color=blue, dist=1.31m, conf=1.00, bbox=(0,0,127,240), rep_x=63, center_x=63, angle=22.5deg, center_angle=22.5deg, lidar=1.35m, visual=1.95m, goal=(11.47,-1.09), handle=(12.38,-1.95,1.00), handle_obs=False, handle_method=estimated, handle_conf=0.00
[state_machine_node-24] [INFO] [1790648206.716122586] [state_machine_node]: 파란 문 door_blue_110b09 handle 제외: door_pose와 진행축 차이가 큼 handle_axis=(13.84, 0.14), pose_axis=(15.70, 1.74), max_delta=1.60m
[state_machine_node-24] [INFO] [1790648206.718901197] [state_machine_node]: Blue candidate door_blue_71ff23 ignored: physical/opened door station already handled nearby at (12.62, -1.95).
[planner_server-15] [INFO] [1790648206.821634551] [global_costmap.global_costmap]: StaticLayer: Resizing static layer to 449 X 86 at 0.050000 m/pix
[state_machine_node-24] [INFO] [1790648207.020345530] [state_machine_node]: Post-open side retreat: lateral=-0.86m, moved=0.00/1.10m, yaw_error=-110deg, cmd=(0.00, -0.50)
[door_detection_node-21] [INFO] [1790648207.041346216] [door_detection_node]: Side camera LiDAR range looks occluded; using visual range instead (source=front_right, lidar=2.23m, visual=3.84m)
[door_detection_node-21] [INFO] [1790648207.854512196] [door_detection_node]: HSV candidate rejected: color=blue, edge-clipped bbox=(115,0,320,240), width_ratio=0.64
[state_machine_node-24] [INFO] [1790648208.727102562] [state_machine_node]: Post-open side retreat: lateral=-0.88m, moved=0.00/1.10m, yaw_error=-91deg, cmd=(0.00, -0.50)
[planner_server-15] [INFO] [1790648208.821323676] [global_costmap.global_costmap]: StaticLayer: Resizing static layer to 449 X 88 at 0.050000 m/pix
[door_detection_node-21] [INFO] [1790648209.916913659] [door_detection_node]: YOLO 후보 제외: source=front, edge-clipped bbox=(277,43,319,175)
[door_detection_node-21] [INFO] [1790648209.929582057] [door_detection_node]: Front lateral LiDAR range looks too long for the visible door; using visual range (lidar=10.43m, visual=5.32m)
[door_detection_node-21] [INFO] [1790648210.334009857] [door_detection_node]: 문 후보 발행: id=door_blue_c242b1, source=front, color=blue, dist=5.32m, conf=0.24, bbox=(72,74,103,162), rep_x=87, center_x=87, angle=17.3deg, center_angle=17.3deg, lidar=4.46m, visual=5.32m, goal=(7.78,-0.20), handle=(7.56,-1.43,1.00), handle_obs=False, handle_method=estimated, handle_conf=0.00
[state_machine_node-24] [INFO] [1790648210.338043009] [state_machine_node]: 파란 문 door_blue_110b09 handle 제외: door_pose와 진행축 차이가 큼 handle_axis=(13.84, 0.14), pose_axis=(15.70, 1.74), max_delta=1.60m
[state_machine_node-24] [INFO] [1790648210.339592498] [state_machine_node]: Blue candidate door_blue_c242b1 ignored: physical/opened door station already handled nearby at (7.56, -1.43).
[state_machine_node-24] [INFO] [1790648210.429710956] [state_machine_node]: Post-open side retreat: lateral=-0.93m, moved=0.00/1.10m, yaw_error=-67deg, cmd=(0.00, -0.50)
[state_machine_node-24] [INFO] [1790648212.126396302] [state_machine_node]: Post-open side retreat: lateral=-0.98m, moved=0.00/1.10m, yaw_error=-45deg, cmd=(0.00, -0.50)
[state_machine_node-24] [INFO] [1790648213.853400147] [state_machine_node]: Post-open side retreat: lateral=-0.98m, moved=0.00/1.10m, yaw_error=-27deg, cmd=(0.00, -0.50)
[door_detection_node-21] [INFO] [1790648214.488452971] [door_detection_node]: 문 후보 발행: id=door_blue_d50198, source=front_right, color=blue, dist=3.70m, conf=0.67, bbox=(186,42,228,195), rep_x=207, center_x=207, angle=-81.4deg, center_angle=-81.4deg, lidar=3.92m, visual=3.06m, goal=(14.68,0.79), handle=(15.78,1.37,1.00), handle_obs=True, handle_method=estimated, handle_conf=0.00
[door_detection_node-21] [INFO] [1790648215.301740138] [door_detection_node]: YOLO 후보 제외: source=front, edge-clipped bbox=(0,47,35,190)
[state_machine_node-24] [INFO] [1790648215.552086836] [state_machine_node]: Post-open side retreat: lateral=-0.98m, moved=0.00/1.10m, yaw_error=-12deg, cmd=(0.00, -0.50)
[door_detection_node-21] [INFO] [1790648216.210034434] [door_detection_node]: 문 후보 발행: id=door_blue_6afcf5, source=front_right, color=blue, dist=3.67m, conf=0.60, bbox=(97,41,145,197), rep_x=121, center_x=121, angle=-60.5deg, center_angle=-60.5deg, lidar=1.55m, visual=3.00m, goal=(14.32,1.35), handle=(15.54,1.62,1.00), handle_obs=True, handle_method=estimated, handle_conf=0.00
[door_detection_node-21] [INFO] [1790648217.016514271] [door_detection_node]: Side camera LiDAR range looks too long for the visible door; using visual range (source=front_left, lidar=7.44m, visual=5.38m)
[door_detection_node-21] [INFO] [1790648217.038124571] [door_detection_node]: YOLO 후보 제외: source=front_left, far small dist=5.38m, conf=0.22, bbox=(19,74,35,161)
[state_machine_node-24] [INFO] [1790648217.240354816] [state_machine_node]: Post-open side retreat: lateral=-0.91m, moved=0.00/1.10m, yaw_error=-0deg, cmd=(0.18, -0.01)
[door_detection_node-21] [INFO] [1790648217.872451484] [door_detection_node]: 문 후보 발행: id=door_blue_a41c53, source=front_right, color=blue, dist=3.43m, conf=0.67, bbox=(34,29,90,204), rep_x=62, center_x=62, angle=-47.3deg, center_angle=-47.3deg, lidar=3.41m, visual=2.67m, goal=(14.02,1.59), handle=(15.27,1.61,1.00), handle_obs=True, handle_method=estimated, handle_conf=0.00
[state_machine_node-24] [INFO] [1790648218.927141359] [state_machine_node]: Post-open side retreat: lateral=-0.73m, moved=0.12/1.10m, yaw_error=-0deg, cmd=(0.18, -0.00)
[door_detection_node-21] [INFO] [1790648219.583185436] [door_detection_node]: 문 후보 발행: id=door_blue_a41c53, source=front_right, color=blue, dist=3.28m, conf=0.66, bbox=(44,27,99,208), rep_x=71, center_x=71, angle=-49.2deg, center_angle=-49.2deg, lidar=3.22m, visual=2.59m, goal=(13.98,1.57), handle=(15.23,1.59,1.00), handle_obs=True, handle_method=estimated, handle_conf=0.00
[state_machine_node-24] [INFO] [1790648220.663291545] [state_machine_node]: Post-open side retreat: lateral=-0.55m, moved=0.30/1.10m, yaw_error=-0deg, cmd=(0.18, -0.00)
[door_detection_node-21] [INFO] [1790648221.324316526] [door_detection_node]: 문 후보 발행: id=door_blue_6afcf5, source=front_right, color=blue, dist=3.25m, conf=0.75, bbox=(60,26,110,209), rep_x=85, center_x=85, angle=-52.2deg, center_angle=-52.2deg, lidar=3.13m, visual=2.56m, goal=(14.07,1.60), handle=(15.32,1.62,1.00), handle_obs=True, handle_method=estimated, handle_conf=0.00
[door_detection_node-21] [INFO] [1790648221.342404460] [door_detection_node]: Side camera visual fallback rejected (source=front_right, lidar=1.16m, visual=7.20m > 4.50m)
[state_machine_node-24] [INFO] [1790648221.524140965] [state_machine_node]: Post-open side retreat complete: lateral=0.46m <= target=0.48m
[state_machine_node-24] [INFO] [1790648221.536400316] [state_machine_node]: 파란 문 door_blue_110b09 handle 제외: door_pose와 진행축 차이가 큼 handle_axis=(13.84, 0.14), pose_axis=(15.70, 1.74), max_delta=1.60m
[state_machine_node-24] [INFO] [1790648221.596882637] [state_machine_node]: 문 접근 목표 보정: observed_blue_15p7_1p7 handle_axis=(15.70, 1.74) goal_axis=(15.70, 0.64) wall_axis=(15.70, 1.74) yaw=91deg
[state_machine_node-24] [INFO] [1790648221.599373288] [state_machine_node]: 문 접근 목표 보정: observed_blue_14p4_1p1 handle_axis=(14.36, 1.15) goal_axis=(14.36, 0.05) wall_axis=(14.36, 1.15) yaw=91deg
[state_machine_node-24] [INFO] [1790648221.614173313] [state_machine_node]: 문 접근 목표 보정: observed_blue_15p7_1p7 handle_axis=(15.70, 1.74) goal_axis=(15.70, 0.64) wall_axis=(15.70, 1.74) yaw=91deg
[state_machine_node-24] [INFO] [1790648221.629376696] [state_machine_node]: 문 접근 목표 보정: observed_blue_14p4_1p1 handle_axis=(14.36, 1.15) goal_axis=(14.36, 0.05) wall_axis=(14.36, 1.15) yaw=91deg
[state_machine_node-24] [INFO] [1790648221.632603655] [state_machine_node]: 문 접근 목표 보정: observed_blue_15p7_1p7 handle_axis=(15.70, 1.74) goal_axis=(15.70, 0.64) wall_axis=(15.70, 1.74) yaw=91deg
[state_machine_node-24] [INFO] [1790648221.635096170] [state_machine_node]: 문 접근 목표 보정: observed_blue_14p4_1p1 handle_axis=(14.36, 1.15) goal_axis=(14.36, 0.05) wall_axis=(14.36, 1.15) yaw=91deg
[state_machine_node-24] [WARN] [1790648221.640864058] [state_machine_node]: Blue target observed_blue_15p7_1p7 retained for revisit: stable unopened blue memory must be checked before exit even when it is behind the farthest opened station.
[state_machine_node-24] [INFO] [1790648221.649388277] [state_machine_node]: 문 접근 목표 보정: observed_blue_14p4_1p1 handle_axis=(14.36, 1.15) goal_axis=(14.36, 0.05) wall_axis=(14.36, 1.15) yaw=91deg
[state_machine_node-24] [INFO] [1790648221.650807619] [state_machine_node]: 문 접근 목표 보정: observed_blue_14p4_1p1 handle_axis=(14.36, 1.15) goal_axis=(14.36, 0.05) wall_axis=(14.36, 1.15) yaw=91deg
[state_machine_node-24] [INFO] [1790648221.652692367] [state_machine_node]: LiDAR+camera segment map 사전 스캔 시작: observed_blue_14p4_1p1
[door_detection_node-21] [INFO] [1790648221.758137611] [door_detection_node]: Side camera LiDAR range looks occluded; using visual range instead (source=front_left, lidar=1.58m, visual=3.34m)
[state_machine_node-24] [INFO] [1790648222.424403182] [state_machine_node]: 문 접근 목표 보정: observed_blue_15p7_1p7 handle_axis=(15.70, 1.74) goal_axis=(15.70, 0.64) wall_axis=(15.70, 1.74) yaw=91deg
[state_machine_node-24] [INFO] [1790648222.426904668] [state_machine_node]: 문 접근 목표 보정: observed_blue_14p4_1p1 handle_axis=(14.36, 1.15) goal_axis=(14.36, 0.05) wall_axis=(14.36, 1.15) yaw=91deg
[door_detection_node-21] [INFO] [1790648223.003714659] [door_detection_node]: 문 후보 발행: id=door_blue_6afcf5, source=front_right, color=blue, dist=3.19m, conf=0.72, bbox=(63,23,115,210), rep_x=89, center_x=89, angle=-53.1deg, center_angle=-53.1deg, lidar=3.16m, visual=2.50m, goal=(14.06,1.62), handle=(15.31,1.63,1.00), handle_obs=True, handle_method=estimated, handle_conf=0.00
[state_machine_node-24] [INFO] [1790648223.252441201] [state_machine_node]: 문 접근 목표 보정: observed_blue_15p7_1p7 handle_axis=(15.70, 1.74) goal_axis=(15.70, 0.64) wall_axis=(15.70, 1.74) yaw=91deg
[state_machine_node-24] [INFO] [1790648223.255248376] [state_machine_node]: 문 접근 목표 보정: observed_blue_14p4_1p1 handle_axis=(14.36, 1.15) goal_axis=(14.36, 0.05) wall_axis=(14.36, 1.15) yaw=91deg
[state_machine_node-24] [INFO] [1790648224.077374813] [state_machine_node]: 문 접근 목표 보정: observed_blue_15p7_1p7 handle_axis=(15.70, 1.74) goal_axis=(15.70, 0.64) wall_axis=(15.70, 1.74) yaw=91deg
[state_machine_node-24] [INFO] [1790648224.079859500] [state_machine_node]: 문 접근 목표 보정: observed_blue_14p4_1p1 handle_axis=(14.36, 1.15) goal_axis=(14.36, 0.05) wall_axis=(14.36, 1.15) yaw=91deg
[state_machine_node-24] [INFO] [1790648224.083374038] [state_machine_node]: 사전 스캔 완료. Nav2가 segment map 기반 경로를 계획합니다: observed_blue_14p4_1p1
[state_machine_node-24] [INFO] [1790648224.112462257] [state_machine_node]: Locked blue target after pre-scan: observed_blue_14p4_1p1 opened=2 retry=0/2
[state_machine_node-24] [INFO] [1790648224.113198366] [state_machine_node]: State: EXPLORING → NAVIGATING
[navigation_node-22] [INFO] [1790648224.115921489] [navigation_node]: Navigation goal received: door observed_blue_14p4_1p1 (color=blue, frame=map, x=14.36, y=0.21)
[navigation_node-22] [WARN] [1790648224.204056275] [navigation_node]: Adjusted unreachable/occupied navigation goal from (14.36, 0.21, cost=99) to connected free cell (14.38, 0.83, cost=0)
[bt_navigator-17] [INFO] [1790648224.270942321] [bt_navigator]: Begin navigating from current location (12.77, -0.31) to (14.38, 0.83)
[navigation_node-22] [INFO] [1790648224.274541178] [navigation_node]: Navigation goal accepted by Nav2
[controller_server-13] [INFO] [1790648224.472049812] [controller_server]: Received a goal, begin computing control effort.
[door_detection_node-21] [INFO] [1790648224.639840904] [door_detection_node]: 문 후보 발행: id=door_blue_6afcf5, source=front_right, color=blue, dist=3.18m, conf=0.72, bbox=(63,23,115,210), rep_x=89, center_x=89, angle=-53.1deg, center_angle=-53.1deg, lidar=3.15m, visual=2.50m, goal=(14.05,1.61), handle=(15.30,1.62,1.00), handle_obs=True, handle_method=estimated, handle_conf=0.00
[state_machine_node-24] [INFO] [1790648224.648688407] [state_machine_node]: 문 접근 목표 보정: door_blue_6afcf5 handle_axis=(15.32, 1.45) goal_axis=(15.32, 0.35) wall_axis=(15.32, 1.45) yaw=91deg
[state_machine_node-24] [INFO] [1790648224.651713348] [state_machine_node]: 문 접근 목표 보정: door_blue_6afcf5 handle_axis=(15.32, 1.45) goal_axis=(15.32, 0.35) wall_axis=(15.32, 1.45) yaw=91deg
[state_machine_node-24] [INFO] [1790648224.655330682] [state_machine_node]: Live blue confirmation (11.6, -1.4) rejected: same-wall blue observation is inside the opened-door remnant window (opened_progress=12.8m, gap=-1.3m, window=2.4m).
[state_machine_node-24] [WARN] [1790648224.657402206] [state_machine_node]: Locked blue target refined from newer observation: observed_blue_14p4_1p1 -> observed_blue_14p4_1p1, goal shift=1.01m, identity=(14.35,1.31) -> (15.30,1.62)
[door_detection_node-21] [INFO] [1790648224.657728743] [door_detection_node]: Side camera visual fallback rejected (source=front_right, lidar=1.17m, visual=7.20m > 4.50m)
[navigation_node-22] [INFO] [1790648224.659576505] [navigation_node]: Navigation goal received: door observed_blue_14p4_1p1 (color=blue, frame=map, x=15.32, y=0.52)
[navigation_node-22] [WARN] [1790648224.660364537] [navigation_node]: Already navigating. Preempting current goal without an explicit stop before retargeting to: observed_blue_14p4_1p1
[navigation_node-22] [INFO] [1790648224.797461981] [navigation_node]: Navigation goal accepted by Nav2
[state_machine_node-24] [WARN] [1790648224.861805038] [state_machine_node]: Fine alignment blocked by costmap: occupied, inscribed, unknown or out-of-map approach segment; retaining Nav2/reobservation.
[bt_navigator-17] [INFO] [1790648224.871866406] [bt_navigator]: Received goal preemption request
[bt_navigator-17] [INFO] [1790648224.872514115] [bt_navigator]: Begin navigating from current location (12.77, -0.31) to (15.32, 0.52)
[door_detection_node-21] [INFO] [1790648225.078450997] [door_detection_node]: Side camera LiDAR range looks occluded; using visual range instead (source=front_left, lidar=1.62m, visual=3.32m)
[controller_server-13] [INFO] [1790648225.848320530] [controller_server]: Passing new path to controller.
[door_detection_node-21] [INFO] [1790648226.295018080] [door_detection_node]: 문 후보 발행: id=door_blue_6afcf5, source=front_right, color=blue, dist=3.27m, conf=0.66, bbox=(62,22,111,212), rep_x=86, center_x=86, angle=-52.5deg, center_angle=-52.5deg, lidar=3.70m, visual=2.46m, goal=(14.13,1.68), handle=(15.38,1.67,1.00), handle_obs=True, handle_method=estimated, handle_conf=0.00
[state_machine_node-24] [INFO] [1790648226.300412208] [state_machine_node]: Observed blue cluster id mapping for observed_blue_14p4_1p1 ignored: mapped cluster drifted away from the current wall/handle target.
[state_machine_node-24] [INFO] [1790648226.304373121] [state_machine_node]: 문 접근 목표 보정: door_blue_6afcf5 handle_axis=(15.40, 1.50) goal_axis=(15.40, 0.40) wall_axis=(15.40, 1.50) yaw=91deg
[state_machine_node-24] [INFO] [1790648226.306764597] [state_machine_node]: Locked blue target refine skipped: door_blue_6afcf5 total drift progress=1.03m, xy=1.09m > 1.05m from locked anchor
[controller_server-13] [INFO] [1790648227.098261158] [controller_server]: Passing new path to controller.
[state_machine_node-24] [WARN] [1790648227.420478448] [state_machine_node]: Fine alignment blocked by costmap: occupied, inscribed, unknown or out-of-map approach segment; retaining Nav2/reobservation.
[door_detection_node-21] [INFO] [1790648227.697485841] [door_detection_node]: Side camera LiDAR range looks too long for the visible door; using visual range (source=front_right, lidar=3.34m, visual=2.27m)
[door_detection_node-21] [INFO] [1790648228.073239884] [door_detection_node]: 문 후보 발행: id=door_blue_a41c53, source=front_right, color=blue, dist=2.27m, conf=0.45, bbox=(0,14,32,220), rep_x=16, center_x=16, angle=-38.4deg, center_angle=-38.4deg, lidar=3.48m, visual=2.27m, goal=(13.56,1.48), handle=(14.73,1.04,1.00), handle_obs=True, handle_method=estimated, handle_conf=0.00
[state_machine_node-24] [INFO] [1790648228.079206911] [state_machine_node]: Blue candidate door_blue_a41c53 rejected: openable wall lateral 0.88m < 0.95m.
[state_machine_node-24] [INFO] [1790648228.094144792] [state_machine_node]: Direct blue target door_blue_a41c53 will use stable wall-memory handle at (14.3, 1.3); progress_gap=0.38m, dist=0.46m, count=5, conf=0.63.
[state_machine_node-24] [INFO] [1790648228.094987801] [state_machine_node]: 문 접근 목표 보정: door_blue_a41c53 handle_axis=(14.36, 1.15) goal_axis=(14.36, 0.05) wall_axis=(14.36, 1.15) yaw=91deg
[state_machine_node-24] [INFO] [1790648228.108086460] [state_machine_node]: 문 접근 목표 보정: door_blue_a41c53 handle_axis=(14.36, 1.15) goal_axis=(14.36, 0.05) wall_axis=(14.36, 1.15) yaw=91deg
[state_machine_node-24] [INFO] [1790648228.109106868] [state_machine_node]: Locked blue target refine skipped: door_blue_a41c53 would move the manipulation handle/parking station too far from the locked observed target (handle_progress_jump=0.96/0.90m, handle_xy_jump=1.01/0.90m).
[controller_server-13] [INFO] [1790648228.473019115] [controller_server]: Passing new path to controller.
[door_detection_node-21] [INFO] [1790648228.850699178] [door_detection_node]: YOLO 후보 제외: source=front, edge-clipped bbox=(290,16,320,220)
[door_detection_node-21] [INFO] [1790648229.330244786] [door_detection_node]: Side camera LiDAR range looks occluded; using visual range instead (source=front_left, lidar=1.42m, visual=3.08m)
[controller_server-13] [INFO] [1790648229.722970608] [controller_server]: Passing new path to controller.
[state_machine_node-24] [WARN] [1790648230.015006785] [state_machine_node]: Fine alignment blocked by costmap: occupied, inscribed, unknown or out-of-map approach segment; retaining Nav2/reobservation.
[door_detection_node-21] [INFO] [1790648230.216346346] [door_detection_node]: Side camera visual fallback rejected (source=front_right, lidar=1.07m, visual=5.20m > 4.50m)
[door_detection_node-21] [INFO] [1790648230.554695853] [door_detection_node]: Front lateral LiDAR range looks too long for the visible door; using visual range (lidar=2.79m, visual=2.09m)
[controller_server-13] [INFO] [1790648230.972981948] [controller_server]: Passing new path to controller.
[door_detection_node-21] [INFO] [1790648231.704791242] [door_detection_node]: YOLO 후보 제외: source=front, edge-clipped bbox=(270,0,319,235)
[door_detection_node-21] [INFO] [1790648232.240596293] [door_detection_node]: Side camera visual fallback rejected (source=front_right, lidar=1.02m, visual=5.20m > 4.50m)
[controller_server-13] [INFO] [1790648232.347996560] [controller_server]: Passing new path to controller.
[door_detection_node-21] [INFO] [1790648233.333526523] [door_detection_node]: 문 후보 발행: id=door_blue_815b12, source=front, color=blue, dist=2.57m, conf=0.73, bbox=(254,1,308,238), rep_x=281, center_x=281, angle=-27.3deg, center_angle=-27.3deg, lidar=2.56m, visual=1.97m, goal=(14.26,2.39), handle=(15.25,1.63,1.35), handle_obs=True, handle_method=yolo:primary:item, handle_conf=0.31
[state_machine_node-24] [INFO] [1790648233.337334230] [state_machine_node]: Observed blue cluster id mapping for observed_blue_14p4_1p1 ignored: mapped cluster drifted away from the current wall/handle target.
[state_machine_node-24] [INFO] [1790648233.341397543] [state_machine_node]: 문 접근 목표 보정: door_blue_815b12 handle_axis=(15.27, 1.46) goal_axis=(15.27, 0.36) wall_axis=(15.27, 1.46) yaw=91deg
[state_machine_node-24] [INFO] [1790648233.343845220] [state_machine_node]: Locked blue target refine skipped: door_blue_815b12 total drift progress=1.12m, xy=1.16m > 1.05m from locked anchor
[controller_server-13] [INFO] [1790648233.597973592] [controller_server]: Passing new path to controller.
[planner_server-15] [INFO] [1790648233.821475228] [global_costmap.global_costmap]: StaticLayer: Resizing static layer to 452 X 88 at 0.050000 m/pix
[planner_server-15] [INFO] [1790648234.821380060] [global_costmap.global_costmap]: StaticLayer: Resizing static layer to 456 X 88 at 0.050000 m/pix
[controller_server-13] [INFO] [1790648234.972962025] [controller_server]: Passing new path to controller.
[door_detection_node-21] [INFO] [1790648234.975986312] [door_detection_node]: 문 후보 발행: id=door_blue_815b12, source=front, color=blue, dist=2.63m, conf=0.72, bbox=(252,0,302,240), rep_x=277, center_x=277, angle=-26.6deg, center_angle=-26.6deg, lidar=2.49m, visual=1.95m, goal=(14.61,2.47), handle=(15.58,1.68,1.00), handle_obs=True, handle_method=estimated, handle_conf=0.00
[state_machine_node-24] [INFO] [1790648234.986464280] [state_machine_node]: 문 접근 목표 보정: door_blue_815b12 handle_axis=(15.60, 1.50) goal_axis=(15.60, 0.40) wall_axis=(15.60, 1.50) yaw=91deg
[door_detection_node-21] [INFO] [1790648235.460631463] [door_detection_node]: Side camera visual fallback rejected (source=front_right, lidar=1.50m, visual=5.09m > 4.50m)
[controller_server-13] [INFO] [1790648236.222982630] [controller_server]: Passing new path to controller.
[door_detection_node-21] [INFO] [1790648236.732916464] [door_detection_node]: 문 후보 발행: id=door_blue_815b12, source=front, color=blue, dist=2.57m, conf=0.68, bbox=(247,2,298,239), rep_x=272, center_x=272, angle=-25.6deg, center_angle=-25.6deg, lidar=2.73m, visual=1.97m, goal=(14.60,2.50), handle=(15.55,1.70,1.00), handle_obs=True, handle_method=estimated, handle_conf=0.00
[state_machine_node-24] [INFO] [1790648236.738067473] [state_machine_node]: Observed blue cluster id mapping for observed_blue_14p4_1p1 ignored: mapped cluster drifted away from the current wall/handle target.
[state_machine_node-24] [INFO] [1790648236.743231333] [state_machine_node]: 문 접근 목표 보정: door_blue_815b12 handle_axis=(15.57, 1.53) goal_axis=(15.57, 0.43) wall_axis=(15.57, 1.53) yaw=91deg
[state_machine_node-24] [INFO] [1790648236.746225254] [state_machine_node]: Locked blue target refine skipped: door_blue_815b12 total drift progress=1.21m, xy=1.27m > 1.05m from locked anchor
[controller_server-13] [INFO] [1790648237.472972421] [controller_server]: Passing new path to controller.
[planner_server-15] [INFO] [1790648237.821442283] [global_costmap.global_costmap]: StaticLayer: Resizing static layer to 457 X 88 at 0.050000 m/pix
[door_detection_node-21] [INFO] [1790648238.558795101] [door_detection_node]: 문 후보 발행: id=door_blue_e1b2c5, source=front, color=blue, dist=2.49m, conf=0.69, bbox=(177,4,222,236), rep_x=199, center_x=199, angle=-9.5deg, center_angle=-9.5deg, lidar=2.64m, visual=2.02m, goal=(14.80,2.71), handle=(15.49,1.67,1.00), handle_obs=True, handle_method=estimated, handle_conf=0.00
[state_machine_node-24] [INFO] [1790648238.568029865] [state_machine_node]: 문 접근 목표 보정: door_blue_e1b2c5 handle_axis=(15.51, 1.49) goal_axis=(15.51, 0.39) wall_axis=(15.51, 1.49) yaw=91deg
[controller_server-13] [INFO] [1790648238.722953013] [controller_server]: Passing new path to controller.
[door_detection_node-21] [INFO] [1790648239.037389566] [door_detection_node]: Side camera visual fallback rejected (source=front_right, lidar=1.72m, visual=5.09m > 4.50m)
[controller_server-13] [INFO] [1790648239.972961642] [controller_server]: Passing new path to controller.
[door_detection_node-21] [INFO] [1790648240.256274868] [door_detection_node]: 문 후보 발행: id=door_blue_e1b2c5, source=front, color=blue, dist=2.45m, conf=0.69, bbox=(190,4,235,238), rep_x=212, center_x=212, angle=-12.5deg, center_angle=-12.5deg, lidar=2.42m, visual=2.00m, goal=(14.72,2.68), handle=(15.47,1.68,1.00), handle_obs=True, handle_method=estimated, handle_conf=0.00
[state_machine_node-24] [INFO] [1790648240.261054714] [state_machine_node]: Observed blue cluster id mapping for observed_blue_14p4_1p1 ignored: mapped cluster drifted away from the current wall/handle target.
[state_machine_node-24] [INFO] [1790648240.265701613] [state_machine_node]: 문 접근 목표 보정: door_blue_e1b2c5 handle_axis=(15.49, 1.51) goal_axis=(15.49, 0.41) wall_axis=(15.49, 1.51) yaw=91deg
[state_machine_node-24] [INFO] [1790648240.268291738] [state_machine_node]: Locked blue target refine skipped: door_blue_e1b2c5 total drift progress=1.12m, xy=1.18m > 1.05m from locked anchor
[controller_server-13] [INFO] [1790648241.347930885] [controller_server]: Passing new path to controller.
[door_detection_node-21] [INFO] [1790648242.201904625] [door_detection_node]: 문 후보 발행: id=door_blue_e1b2c5, source=front, color=blue, dist=2.56m, conf=0.77, bbox=(173,3,219,238), rep_x=196, center_x=196, angle=-8.7deg, center_angle=-8.7deg, lidar=2.55m, visual=1.99m, goal=(14.99,2.77), handle=(15.66,1.71,1.00), handle_obs=True, handle_method=estimated, handle_conf=0.00
[state_machine_node-24] [INFO] [1790648242.212805575] [state_machine_node]: 문 접근 목표 보정: door_blue_e1b2c5 handle_axis=(15.67, 1.53) goal_axis=(15.67, 0.43) wall_axis=(15.67, 1.53) yaw=91deg
[controller_server-13] [INFO] [1790648242.597984726] [controller_server]: Passing new path to controller.
[door_detection_node-21] [INFO] [1790648242.689088517] [door_detection_node]: Side camera visual fallback rejected (source=front_right, lidar=1.71m, visual=5.03m > 4.50m)
[state_machine_node-24] [INFO] [1790648243.504241055] [state_machine_node]: Observed blue cluster id mapping for observed_blue_14p4_1p1 ignored: mapped cluster drifted away from the current wall/handle target.
[state_machine_node-24] [INFO] [1790648243.509707638] [state_machine_node]: 문 접근 목표 보정: door_blue_e1b2c5 handle_axis=(15.45, 1.55) goal_axis=(15.45, 0.45) wall_axis=(15.45, 1.55) yaw=91deg
[state_machine_node-24] [INFO] [1790648243.512556635] [state_machine_node]: Locked blue target refine skipped: door_blue_e1b2c5 total drift progress=1.08m, xy=1.16m > 1.05m from locked anchor
[controller_server-13] [INFO] [1790648243.972961642] [controller_server]: Passing new path to controller.
[planner_server-15] [INFO] [1790648244.821437074] [global_costmap.global_costmap]: StaticLayer: Resizing static layer to 464 X 88 at 0.050000 m/pix
[controller_server-13] [INFO] [1790648245.222977472] [controller_server]: Passing new path to controller.
[door_detection_node-21] [INFO] [1790648245.650179022] [door_detection_node]: 문 후보 발행: id=door_blue_e1b9f4, source=front, color=blue, dist=1.93m, conf=0.21, bbox=(82,0,143,240), rep_x=112, center_x=112, angle=11.6deg, center_angle=11.6deg, lidar=2.12m, visual=1.95m, goal=(15.73,0.58), handle=(15.40,1.79,1.00), handle_obs=True, handle_method=estimated, handle_conf=0.00
[state_machine_node-24] [INFO] [1790648245.659940868] [state_machine_node]: 문 접근 목표 보정: door_blue_e1b9f4 handle_axis=(15.42, 1.62) goal_axis=(15.42, 0.52) wall_axis=(15.42, 1.62) yaw=91deg
[state_machine_node-24] [INFO] [1790648245.660944498] [state_machine_node]: Locked blue target refine skipped: door_blue_e1b9f4 total drift progress=1.05m, xy=1.15m > 1.05m from locked anchor
[door_detection_node-21] [INFO] [1790648245.676569536] [door_detection_node]: YOLO 후보 제외: source=front, far small dist=7.75m, conf=0.35, bbox=(241,80,295,154)
[planner_server-15] [INFO] [1790648245.821336796] [global_costmap.global_costmap]: StaticLayer: Resizing static layer to 470 X 88 at 0.050000 m/pix
[controller_server-13] [INFO] [1790648246.472959439] [controller_server]: Passing new path to controller.
[state_machine_node-24] [INFO] [1790648246.730298551] [state_machine_node]: Observed blue cluster id mapping for observed_blue_14p4_1p1 ignored: mapped cluster drifted away from the current wall/handle target.
[state_machine_node-24] [INFO] [1790648246.735445476] [state_machine_node]: 문 접근 목표 보정: door_blue_366d42 handle_axis=(15.38, 1.64) goal_axis=(15.38, 0.54) wall_axis=(15.38, 1.64) yaw=91deg
[planner_server-15] [INFO] [1790648246.821333493] [global_costmap.global_costmap]: StaticLayer: Resizing static layer to 471 X 88 at 0.050000 m/pix
[controller_server-13] [INFO] [1790648247.847968540] [controller_server]: Passing new path to controller.
[door_detection_node-21] [INFO] [1790648247.920391066] [door_detection_node]: 문 후보 발행: id=door_blue_366d42, source=front, color=blue, dist=1.77m, conf=1.00, bbox=(0,0,62,240), rep_x=31, center_x=31, angle=28.9deg, center_angle=28.9deg, lidar=1.88m, visual=1.95m, goal=(16.29,0.74), handle=(16.28,1.99,0.84), handle_obs=True, handle_method=hsv, handle_conf=0.48
[state_machine_node-24] [INFO] [1790648247.930228631] [state_machine_node]: 문 접근 목표 보정: door_blue_366d42 handle_axis=(16.30, 1.81) goal_axis=(16.30, 0.71) wall_axis=(16.30, 1.81) yaw=91deg
[state_machine_node-24] [INFO] [1790648247.932865023] [state_machine_node]: Locked blue target refine skipped: door_blue_366d42 total drift progress=1.22m, xy=1.33m > 1.05m from locked anchor
[door_detection_node-21] [INFO] [1790648247.933585528] [door_detection_node]: YOLO 후보 제외: source=front, far small dist=6.78m, conf=0.29, bbox=(176,83,224,152)
[state_machine_node-24] [INFO] [1790648248.771516293] [state_machine_node]: 문 접근 목표 보정: door_blue_71ff23 handle_axis=(15.35, 1.68) goal_axis=(15.35, 0.58) wall_axis=(15.35, 1.68) yaw=91deg
[controller_server-13] [INFO] [1790648249.097983775] [controller_server]: Passing new path to controller.
[door_detection_node-21] [INFO] [1790648249.627740178] [door_detection_node]: Front lateral LiDAR range looks too long for the visible door; using visual range (lidar=5.01m, visual=3.80m)
[door_detection_node-21] [INFO] [1790648250.054311771] [door_detection_node]: YOLO 후보 제외: source=front, far small dist=6.50m, conf=0.28, bbox=(138,81,186,153)
[controller_server-13] [INFO] [1790648250.472995664] [controller_server]: Passing new path to controller.
[door_detection_node-21] [INFO] [1790648251.016991201] [door_detection_node]: 문 후보 발행: id=door_blue_71ff23, source=front_left, color=blue, dist=1.39m, conf=1.00, bbox=(173,0,320,240), rep_x=246, center_x=246, angle=49.8deg, center_angle=49.8deg, lidar=1.47m, visual=1.95m, goal=(15.29,0.65), handle=(15.50,1.88,1.00), handle_obs=True, handle_method=estimated, handle_conf=0.00
[state_machine_node-24] [INFO] [1790648251.021348726] [state_machine_node]: Observed blue cluster id mapping for observed_blue_14p4_1p1 ignored: mapped cluster drifted away from the current wall/handle target.
[state_machine_node-24] [INFO] [1790648251.028205353] [state_machine_node]: 문 접근 목표 보정: door_blue_71ff23 handle_axis=(15.52, 1.71) goal_axis=(15.52, 0.61) wall_axis=(15.52, 1.71) yaw=91deg
[state_machine_node-24] [INFO] [1790648251.031742474] [state_machine_node]: Locked blue target refine skipped: door_blue_71ff23 total drift progress=1.16m, xy=1.29m > 1.05m from locked anchor
[controller_server-13] [INFO] [1790648251.722946946] [controller_server]: Passing new path to controller.
[planner_server-15] [INFO] [1790648251.821376974] [global_costmap.global_costmap]: StaticLayer: Resizing static layer to 472 X 88 at 0.050000 m/pix
[door_detection_node-21] [INFO] [1790648252.227738573] [door_detection_node]: YOLO 후보 제외: source=front, far small dist=6.16m, conf=0.29, bbox=(120,79,170,155)
[planner_server-15] [INFO] [1790648252.821379230] [global_costmap.global_costmap]: StaticLayer: Resizing static layer to 473 X 88 at 0.050000 m/pix
[door_detection_node-21] [INFO] [1790648252.915212025] [door_detection_node]: 문 후보 발행: id=door_blue_706e49, source=front_left, color=blue, dist=1.18m, conf=1.00, bbox=(57,0,252,240), rep_x=154, center_x=154, angle=71.5deg, center_angle=71.5deg, lidar=1.16m, visual=1.95m, goal=(15.85,0.81), handle=(16.16,2.02,0.81), handle_obs=True, handle_method=yolo:primary:item, handle_conf=0.44
[state_machine_node-24] [INFO] [1790648252.925273407] [state_machine_node]: 문 접근 목표 보정: door_blue_706e49 handle_axis=(16.18, 1.84) goal_axis=(16.18, 0.74) wall_axis=(16.18, 1.84) yaw=91deg
[controller_server-13] [INFO] [1790648252.972967676] [controller_server]: Passing new path to controller.
[controller_server-13] [INFO] [1790648254.223044656] [controller_server]: Passing new path to controller.
[door_detection_node-21] [INFO] [1790648254.971871404] [door_detection_node]: 문 후보 발행: id=door_blue_706e49, source=front_left, color=blue, dist=1.05m, conf=1.00, bbox=(0,0,168,240), rep_x=84, center_x=84, angle=88.0deg, center_angle=88.0deg, lidar=1.13m, visual=1.95m, goal=(15.42,0.85), handle=(15.90,2.00,0.84), handle_obs=True, handle_method=hsv, handle_conf=0.66
[state_machine_node-24] [INFO] [1790648254.977103731] [state_machine_node]: Observed blue cluster id mapping for observed_blue_14p4_1p1 ignored: mapped cluster drifted away from the current wall/handle target.
[state_machine_node-24] [INFO] [1790648254.982924576] [state_machine_node]: 문 접근 목표 보정: door_blue_706e49 handle_axis=(15.92, 1.83) goal_axis=(15.92, 0.73) wall_axis=(15.92, 1.83) yaw=91deg
[state_machine_node-24] [INFO] [1790648254.986737637] [state_machine_node]: 문 접근 목표 보정: door_blue_706e49 handle_axis=(15.92, 1.83) goal_axis=(15.92, 0.73) wall_axis=(15.92, 1.83) yaw=91deg
[state_machine_node-24] [INFO] [1790648254.991028442] [state_machine_node]: Live blue confirmation (11.6, -1.4) rejected: same-wall blue observation is inside the opened-door remnant window (opened_progress=12.8m, gap=-1.3m, window=2.4m).
[state_machine_node-24] [WARN] [1790648254.993535933] [state_machine_node]: Locked blue target refined from newer observation: observed_blue_14p4_1p1 -> observed_blue_14p4_1p1, goal shift=0.70m, identity=(15.30,1.62) -> (15.39,1.84)
[navigation_node-22] [INFO] [1790648254.995598669] [navigation_node]: Navigation goal received: door observed_blue_14p4_1p1 (color=blue, frame=map, x=15.91, y=0.90)
[navigation_node-22] [WARN] [1790648254.996662134] [navigation_node]: Already navigating. Preempting current goal without an explicit stop before retargeting to: observed_blue_14p4_1p1
[navigation_node-22] [INFO] [1790648255.123130058] [navigation_node]: Navigation goal accepted by Nav2
[bt_navigator-17] [INFO] [1790648255.171310916] [bt_navigator]: Received goal preemption request
[bt_navigator-17] [INFO] [1790648255.171735747] [bt_navigator]: Begin navigating from current location (15.07, 0.84) to (15.91, 0.90)
[controller_server-13] [INFO] [1790648255.472958289] [controller_server]: Passing new path to controller.
[state_machine_node-24] [INFO] [1790648256.150549037] [state_machine_node]: 보조 비상구 관측 저장: door_green_8f536b (20.3, 0.1)
[door_detection_node-21] [INFO] [1790648256.708001574] [door_detection_node]: 문 후보 발행: id=door_blue_1e9315, source=front_left, color=blue, dist=1.06m, conf=1.00, bbox=(0,0,103,240), rep_x=51, center_x=51, angle=95.0deg, center_angle=95.0deg, lidar=1.09m, visual=1.95m, goal=(15.20,0.72), handle=(15.70,1.86,0.85), handle_obs=True, handle_method=yolo:primary:item, handle_conf=0.31
[state_machine_node-24] [INFO] [1790648256.720562331] [state_machine_node]: 문 접근 목표 보정: door_blue_1e9315 handle_axis=(15.72, 1.69) goal_axis=(15.72, 0.59) wall_axis=(15.72, 1.69) yaw=91deg
[state_machine_node-24] [INFO] [1790648256.723518631] [state_machine_node]: Locked blue target refine skipped: door_blue_1e9315 total drift progress=1.17m, xy=1.27m > 1.05m from locked anchor
[controller_server-13] [INFO] [1790648256.847991484] [controller_server]: Passing new path to controller.
[door_detection_node-21] [INFO] [1790648257.744147750] [door_detection_node]: Front lateral LiDAR range looks too long for the visible door; using visual range (lidar=4.24m, visual=2.84m)
[door_detection_node-21] [INFO] [1790648257.747758785] [door_detection_node]: YOLO 후보 제외: source=front, edge-clipped bbox=(272,38,320,203)
[planner_server-15] [INFO] [1790648257.821370486] [global_costmap.global_costmap]: StaticLayer: Resizing static layer to 473 X 89 at 0.050000 m/pix
[controller_server-13] [INFO] [1790648258.098008509] [controller_server]: Passing new path to controller.
[door_detection_node-21] [INFO] [1790648258.713178068] [door_detection_node]: 문 후보 발행: id=door_blue_1e9315, source=front_left, color=blue, dist=1.11m, conf=1.00, bbox=(0,0,142,240), rep_x=71, center_x=71, angle=90.8deg, center_angle=90.8deg, lidar=1.06m, visual=1.95m, goal=(15.56,0.53), handle=(15.62,1.78,0.85), handle_obs=True, handle_method=hsv, handle_conf=1.00
[state_machine_node-24] [INFO] [1790648258.719589277] [state_machine_node]: Observed blue cluster id mapping for observed_blue_14p4_1p1 ignored: mapped cluster drifted away from the current wall/handle target.
[state_machine_node-24] [INFO] [1790648258.726112059] [state_machine_node]: 문 접근 목표 보정: door_blue_1e9315 handle_axis=(15.64, 1.61) goal_axis=(15.64, 0.51) wall_axis=(15.64, 1.61) yaw=91deg
[state_machine_node-24] [INFO] [1790648258.729852078] [state_machine_node]: 문 접근 목표 보정: door_blue_1e9315 handle_axis=(15.64, 1.61) goal_axis=(15.64, 0.51) wall_axis=(15.64, 1.61) yaw=91deg
[state_machine_node-24] [WARN] [1790648258.731456251] [state_machine_node]: Locked blue target refined from newer observation: observed_blue_14p4_1p1 -> observed_blue_14p4_1p1, goal shift=0.35m, identity=(15.39,1.84) -> (15.45,1.82)
[navigation_node-22] [INFO] [1790648258.732993876] [navigation_node]: Navigation goal received: door observed_blue_14p4_1p1 (color=blue, frame=map, x=15.64, y=0.68)
[navigation_node-22] [WARN] [1790648258.733564614] [navigation_node]: Already navigating. Preempting current goal without an explicit stop before retargeting to: observed_blue_14p4_1p1
[state_machine_node-24] [INFO] [1790648258.797313293] [state_machine_node]: Nav2 goal is close enough for fine door alignment: observed_blue_14p4_1p1, dist=0.12m/0.38m, lateral=-0.03m/0.24m, yaw_error=85deg.
[state_machine_node-24] [INFO] [1790648258.798228906] [state_machine_node]: Nav2 goal cancellation requested before door fine alignment.
[navigation_node-22] [WARN] [1790648258.847645349] [navigation_node]: Robot is 0.12m from blue goal (threshold=0.18m). Treating navigation as succeeded.
[state_machine_node-24] [INFO] [1790648258.858602916] [state_machine_node]: Fine door approach started: observed_blue_14p4_1p1, dist=0.12m, lateral=-0.03m, forward=0.12m, yaw_error=85deg
[state_machine_node-24] [INFO] [1790648258.859959740] [state_machine_node]: Fine door final yaw alignment: observed_blue_14p4_1p1, dist=0.12m/0.17m, yaw_error=85deg, cmd=(0.00, 0.25)
[state_machine_node-24] [INFO] [1790648258.862517148] [state_machine_node]: Navigation succeeded.
[bt_navigator-17] [ERROR] [1790648258.891994099] [bt_navigator_navigate_to_pose_rclcpp_node]: Failed to get result for follow_path in node halt!
[bt_navigator-17] [WARN] [1790648258.892295951] [bt_navigator]: [navigate_to_pose] [ActionServer] Aborting handle.
[bt_navigator-17] [INFO] [1790648258.892518321] [bt_navigator]: [navigate_to_pose] [ActionServer] Client requested to cancel the goal. Cancelling.
[bt_navigator-17] [INFO] [1790648258.892612004] [bt_navigator]: Goal canceled
[controller_server-13] [INFO] [1790648258.973872441] [controller_server]: Goal was canceled. Stopping the robot.
[controller_server-13] [INFO] [1790648258.973981257] [controller_server]: [follow_path] [ActionServer] Client requested to cancel the goal. Cancelling.
[state_machine_node-24] [INFO] [1790648259.667447567] [state_machine_node]: Fine door final yaw alignment: observed_blue_14p4_1p1, dist=0.11m/0.17m, yaw_error=80deg, cmd=(0.00, 0.25)
[door_detection_node-21] [INFO] [1790648260.015305130] [door_detection_node]: HSV candidate rejected: color=blue, edge-clipped bbox=(0,0,190,240), width_ratio=0.59
[door_detection_node-21] [INFO] [1790648260.335531819] [door_detection_node]: 문 후보 발행: id=door_green_41d28e, source=front, color=green, dist=4.88m, conf=0.53, bbox=(217,68,284,164), rep_x=250, center_x=250, angle=-21.0deg, center_angle=-21.0deg, lidar=1.36m, visual=4.88m, goal=(18.88,0.27), handle=(20.37,0.08,1.00), handle_obs=False, handle_method=estimated, handle_conf=0.00
[state_machine_node-24] [INFO] [1790648260.338507671] [state_machine_node]: 보조 비상구 관측 저장: door_green_41d28e (20.4, 0.1)
[state_machine_node-24] [INFO] [1790648260.553129353] [state_machine_node]: Fine door final yaw alignment: observed_blue_14p4_1p1, dist=0.10m/0.17m, yaw_error=74deg, cmd=(0.00, 0.25)
[state_machine_node-24] [INFO] [1790648261.466927962] [state_machine_node]: Fine door final yaw alignment: observed_blue_14p4_1p1, dist=0.10m/0.17m, yaw_error=71deg, cmd=(0.00, 0.25)
[door_detection_node-21] [INFO] [1790648262.009764673] [door_detection_node]: 문 후보 발행: id=door_blue_706e49, source=front_left, color=blue, dist=1.17m, conf=1.00, bbox=(24,0,250,240), rep_x=137, center_x=137, angle=75.6deg, center_angle=75.6deg, lidar=1.12m, visual=1.95m, goal=(16.29,0.70), handle=(15.80,1.85,0.84), handle_obs=True, handle_method=yolo:primary:item, handle_conf=0.36
[state_machine_node-24] [INFO] [1790648262.014658999] [state_machine_node]: Observed blue cluster id mapping for observed_blue_14p4_1p1 ignored: mapped cluster drifted away from the current wall/handle target.
[state_machine_node-24] [INFO] [1790648262.016290339] [state_machine_node]: 문 접근 목표 보정: door_blue_706e49 handle_axis=(15.82, 1.67) goal_axis=(15.82, 0.57) wall_axis=(15.82, 1.67) yaw=91deg
[state_machine_node-24] [INFO] [1790648262.022987490] [state_machine_node]: 문 접근 목표 보정: door_blue_706e49 handle_axis=(15.82, 1.67) goal_axis=(15.82, 0.57) wall_axis=(15.82, 1.67) yaw=91deg
[state_machine_node-24] [INFO] [1790648262.046014240] [state_machine_node]: Locked blue target refine skipped: door_blue_706e49 total drift progress=1.02m, xy=1.13m > 1.05m from locked anchor
[state_machine_node-24] [INFO] [1790648262.356014307] [state_machine_node]: Fine door final yaw alignment: observed_blue_14p4_1p1, dist=0.11m/0.17m, yaw_error=64deg, cmd=(0.00, 0.25)
[door_detection_node-21] [INFO] [1790648262.774076538] [door_detection_node]: Side camera LiDAR range looks occluded; using visual range instead (source=front_right, lidar=1.37m, visual=4.50m)
[door_detection_node-21] [INFO] [1790648262.776612188] [door_detection_node]: YOLO 후보 제외: source=front_right, far small dist=4.50m, conf=0.34, bbox=(0,63,19,167)
[state_machine_node-24] [INFO] [1790648263.234211790] [state_machine_node]: Fine door final yaw alignment: observed_blue_14p4_1p1, dist=0.12m/0.17m, yaw_error=65deg, cmd=(0.00, 0.25)
[door_detection_node-21] [INFO] [1790648263.684512539] [door_detection_node]: 문 후보 발행: id=door_blue_d421ff, source=front_left, color=blue, dist=1.17m, conf=1.00, bbox=(73,0,302,240), rep_x=187, center_x=187, angle=63.4deg, center_angle=63.4deg, lidar=1.14m, visual=1.95m, goal=(16.45,0.79), handle=(15.79,1.85,0.85), handle_obs=True, handle_method=hsv, handle_conf=0.70
[state_machine_node-24] [INFO] [1790648263.691667952] [state_machine_node]: 문 접근 목표 보정: door_blue_d421ff handle_axis=(15.81, 1.67) goal_axis=(15.81, 0.57) wall_axis=(15.81, 1.67) yaw=91deg
[state_machine_node-24] [INFO] [1790648263.697171888] [state_machine_node]: 문 접근 목표 보정: door_blue_d421ff handle_axis=(15.81, 1.67) goal_axis=(15.81, 0.57) wall_axis=(15.81, 1.67) yaw=91deg
[state_machine_node-24] [INFO] [1790648263.719242102] [state_machine_node]: 문 접근 목표 보정: door_blue_d421ff handle_axis=(15.81, 1.67) goal_axis=(15.81, 0.57) wall_axis=(15.81, 1.67) yaw=91deg
[state_machine_node-24] [INFO] [1790648264.111162465] [state_machine_node]: Fine door final yaw alignment: observed_blue_14p4_1p1, dist=0.12m/0.17m, yaw_error=58deg, cmd=(0.00, 0.25)
[door_detection_node-21] [INFO] [1790648264.522569716] [door_detection_node]: Side camera visual fallback rejected (source=front_right, lidar=1.36m, visual=4.63m > 4.50m)
[state_machine_node-24] [INFO] [1790648264.993062944] [state_machine_node]: Fine door final yaw alignment: observed_blue_14p4_1p1, dist=0.11m/0.17m, yaw_error=55deg, cmd=(0.00, 0.25)
[door_detection_node-21] [INFO] [1790648265.009315237] [door_detection_node]: HSV candidate rejected: color=blue, edge-clipped bbox=(122,0,320,240), width_ratio=0.62
[state_machine_node-24] [INFO] [1790648265.868839055] [state_machine_node]: Fine door final yaw alignment: observed_blue_14p4_1p1, dist=0.14m/0.17m, yaw_error=47deg, cmd=(0.00, 0.25)
[state_machine_node-24] [INFO] [1790648266.758705935] [state_machine_node]: Fine door final yaw alignment: observed_blue_14p4_1p1, dist=0.12m/0.17m, yaw_error=46deg, cmd=(0.00, 0.25)
[door_detection_node-21] [INFO] [1790648267.203999885] [door_detection_node]: 문 후보 발행: id=door_blue_71ff23, source=front_left, color=blue, dist=1.16m, conf=1.00, bbox=(166,0,320,240), rep_x=243, center_x=243, angle=50.5deg, center_angle=50.5deg, lidar=1.17m, visual=1.95m, goal=(16.27,0.97), handle=(15.32,1.77,1.00), handle_obs=False, handle_method=estimated, handle_conf=0.00
[state_machine_node-24] [INFO] [1790648267.209805015] [state_machine_node]: Observed blue cluster id mapping for observed_blue_14p4_1p1 ignored: mapped cluster drifted away from the current wall/handle target.
[state_machine_node-24] [INFO] [1790648267.211400022] [state_machine_node]: 문 접근 목표 보정: door_blue_71ff23 handle_axis=(15.33, 1.60) goal_axis=(15.33, 0.50) wall_axis=(15.33, 1.60) yaw=91deg
[state_machine_node-24] [INFO] [1790648267.217327535] [state_machine_node]: 문 접근 목표 보정: door_blue_71ff23 handle_axis=(15.33, 1.60) goal_axis=(15.33, 0.50) wall_axis=(15.33, 1.60) yaw=91deg
[state_machine_node-24] [INFO] [1790648267.239798119] [state_machine_node]: Locked blue target refine skipped: door_blue_71ff23 total drift progress=0.97m, xy=1.07m > 1.05m from locked anchor
[state_machine_node-24] [INFO] [1790648267.649045137] [state_machine_node]: Fine door final yaw alignment: observed_blue_14p4_1p1, dist=0.12m/0.17m, yaw_error=40deg, cmd=(0.00, 0.25)
[door_detection_node-21] [INFO] [1790648268.088975878] [door_detection_node]: Side camera visual fallback rejected (source=front_right, lidar=1.31m, visual=5.03m > 4.50m)
[state_machine_node-24] [INFO] [1790648268.540357146] [state_machine_node]: Fine door final yaw alignment: observed_blue_14p4_1p1, dist=0.12m/0.17m, yaw_error=37deg, cmd=(0.00, 0.25)
[door_detection_node-21] [INFO] [1790648268.905740890] [door_detection_node]: 문 후보 발행: id=door_blue_71ff23, source=front_left, color=blue, dist=1.10m, conf=1.00, bbox=(211,0,320,240), rep_x=265, center_x=265, angle=45.8deg, center_angle=45.8deg, lidar=1.14m, visual=1.95m, goal=(16.31,1.05), handle=(15.24,1.70,1.00), handle_obs=False, handle_method=estimated, handle_conf=0.00
[state_machine_node-24] [INFO] [1790648268.911887018] [state_machine_node]: 문 접근 목표 보정: door_blue_71ff23 handle_axis=(15.26, 1.53) goal_axis=(15.26, 0.43) wall_axis=(15.26, 1.53) yaw=91deg
[state_machine_node-24] [INFO] [1790648268.916853394] [state_machine_node]: 문 접근 목표 보정: door_blue_71ff23 handle_axis=(15.26, 1.53) goal_axis=(15.26, 0.43) wall_axis=(15.26, 1.53) yaw=91deg
[state_machine_node-24] [INFO] [1790648268.938554719] [state_machine_node]: 문 접근 목표 보정: door_blue_71ff23 handle_axis=(15.26, 1.53) goal_axis=(15.26, 0.43) wall_axis=(15.26, 1.53) yaw=91deg
[state_machine_node-24] [INFO] [1790648269.410945259] [state_machine_node]: Fine door final yaw alignment: observed_blue_14p4_1p1, dist=0.12m/0.17m, yaw_error=28deg, cmd=(0.00, 0.25)
[door_detection_node-21] [INFO] [1790648269.510883689] [door_detection_node]: Side camera LiDAR range looks too long for the visible door; using visual range (source=front_right, lidar=4.19m, visual=3.02m)
[state_machine_node-24] [INFO] [1790648270.294276364] [state_machine_node]: Fine door final yaw alignment: observed_blue_14p4_1p1, dist=0.12m/0.17m, yaw_error=26deg, cmd=(0.00, 0.25)
[door_detection_node-21] [INFO] [1790648270.664826191] [door_detection_node]: 문 후보 발행: id=door_blue_71ff23, source=front_left, color=blue, dist=1.18m, conf=1.00, bbox=(265,0,320,240), rep_x=292, center_x=292, angle=40.6deg, center_angle=40.6deg, lidar=1.18m, visual=1.95m, goal=(16.31,1.28), handle=(15.15,1.75,1.00), handle_obs=False, handle_method=estimated, handle_conf=0.00
[state_machine_node-24] [INFO] [1790648270.669835220] [state_machine_node]: Observed blue cluster id mapping for observed_blue_14p4_1p1 ignored: mapped cluster drifted away from the current wall/handle target.
[state_machine_node-24] [INFO] [1790648270.671242732] [state_machine_node]: 문 접근 목표 보정: door_blue_71ff23 handle_axis=(15.17, 1.58) goal_axis=(15.17, 0.48) wall_axis=(15.17, 1.58) yaw=91deg
[state_machine_node-24] [INFO] [1790648270.676724565] [state_machine_node]: 문 접근 목표 보정: door_blue_71ff23 handle_axis=(15.17, 1.58) goal_axis=(15.17, 0.48) wall_axis=(15.17, 1.58) yaw=91deg
[state_machine_node-24] [INFO] [1790648270.698772796] [state_machine_node]: 문 접근 목표 보정: door_blue_71ff23 handle_axis=(15.17, 1.58) goal_axis=(15.17, 0.48) wall_axis=(15.17, 1.58) yaw=91deg
[state_machine_node-24] [INFO] [1790648271.170263241] [state_machine_node]: Fine door final yaw alignment: observed_blue_14p4_1p1, dist=0.12m/0.17m, yaw_error=20deg, cmd=(0.00, 0.25)
[door_detection_node-21] [INFO] [1790648271.213369156] [door_detection_node]: Side camera LiDAR range looks occluded; using visual range instead (source=front_right, lidar=1.29m, visual=4.22m)
[state_machine_node-24] [INFO] [1790648272.051289759] [state_machine_node]: Fine door final yaw alignment: observed_blue_14p4_1p1, dist=0.10m/0.17m, yaw_error=15deg, cmd=(0.00, 0.20)
[door_detection_node-21] [INFO] [1790648272.079200016] [door_detection_node]: HSV candidate rejected: color=blue, edge-clipped bbox=(0,0,183,240), width_ratio=0.57
[door_detection_node-21] [INFO] [1790648272.675584127] [door_detection_node]: Side camera visual fallback rejected (source=front_right, lidar=1.27m, visual=4.93m > 4.50m)
[state_machine_node-24] [INFO] [1790648272.907013389] [state_machine_node]: Fine door final yaw alignment: observed_blue_14p4_1p1, dist=0.11m/0.17m, yaw_error=7deg, cmd=(0.00, 0.09)
[state_machine_node-24] [INFO] [1790648273.787326619] [state_machine_node]: Fine door final yaw alignment: observed_blue_14p4_1p1, dist=0.11m/0.17m, yaw_error=10deg, cmd=(0.00, 0.13)
[state_machine_node-24] [INFO] [1790648274.683070696] [state_machine_node]: 문 앞 정렬 완료. 2.8s 정지 후 개방합니다.
[door_detection_node-21] [INFO] [1790648275.242075157] [door_detection_node]: 문 후보 발행: id=door_blue_e1b9f4, source=front, color=blue, dist=1.17m, conf=1.00, bbox=(27,0,240,240), rep_x=133, center_x=133, angle=6.6deg, center_angle=6.6deg, lidar=1.17m, visual=1.95m, goal=(15.54,0.92), handle=(15.85,1.75,0.85), handle_obs=True, handle_method=yolo:primary:item, handle_conf=0.59
[state_machine_node-24] [INFO] [1790648275.247326167] [state_machine_node]: Observed blue cluster id mapping for observed_blue_14p4_1p1 ignored: mapped cluster drifted away from the current wall/handle target.
[state_machine_node-24] [INFO] [1790648275.248953550] [state_machine_node]: 문 접근 목표 보정: door_blue_e1b9f4 handle_axis=(15.87, 1.57) goal_axis=(15.87, 0.47) wall_axis=(15.87, 1.57) yaw=91deg
[state_machine_node-24] [INFO] [1790648275.255238620] [state_machine_node]: 문 접근 목표 보정: door_blue_e1b9f4 handle_axis=(15.87, 1.57) goal_axis=(15.87, 0.47) wall_axis=(15.87, 1.57) yaw=91deg
[state_machine_node-24] [INFO] [1790648275.278310801] [state_machine_node]: 문 접근 목표 보정: door_blue_e1b9f4 handle_axis=(15.87, 1.57) goal_axis=(15.87, 0.47) wall_axis=(15.87, 1.57) yaw=91deg
[door_detection_node-21] [INFO] [1790648275.563380763] [door_detection_node]: Side camera LiDAR range looks occluded; using visual range instead (source=front_right, lidar=1.31m, visual=4.50m)
[state_machine_node-24] [INFO] [1790648275.582242835] [state_machine_node]: 보조 비상구 관측 저장: door_green_fd2838 (20.0, -0.0)
[state_machine_node-24] [INFO] [1790648276.684461800] [state_machine_node]: 문 접근 목표 보정: door_blue_e1b9f4 handle_axis=(15.90, 1.63) goal_axis=(15.90, 0.53) wall_axis=(15.90, 1.63) yaw=91deg
[state_machine_node-24] [INFO] [1790648276.690847885] [state_machine_node]: 문 접근 목표 보정: door_blue_e1b9f4 handle_axis=(15.90, 1.63) goal_axis=(15.90, 0.53) wall_axis=(15.90, 1.63) yaw=91deg
[state_machine_node-24] [INFO] [1790648276.714428830] [state_machine_node]: 문 접근 목표 보정: door_blue_e1b9f4 handle_axis=(15.90, 1.63) goal_axis=(15.90, 0.53) wall_axis=(15.90, 1.63) yaw=91deg
[door_detection_node-21] [INFO] [1790648277.039156527] [door_detection_node]: 문 후보 발행: id=door_green_fd2838, source=front_right, color=green, dist=4.50m, conf=0.45, bbox=(250,64,320,168), rep_x=285, center_x=285, angle=-98.1deg, center_angle=-98.1deg, lidar=1.29m, visual=4.50m, goal=(18.54,0.18), handle=(20.03,-0.04,1.00), handle_obs=False, handle_method=estimated, handle_conf=0.00
[state_machine_node-24] [INFO] [1790648278.418997920] [state_machine_node]: Observed blue cluster id mapping for observed_blue_14p4_1p1 ignored: mapped cluster drifted away from the current wall/handle target.
[state_machine_node-24] [INFO] [1790648278.421187234] [state_machine_node]: 문 접근 목표 보정: door_blue_e1b9f4 handle_axis=(15.88, 1.55) goal_axis=(15.88, 0.45) wall_axis=(15.88, 1.55) yaw=91deg
[state_machine_node-24] [INFO] [1790648278.427307305] [state_machine_node]: 문 접근 목표 보정: door_blue_e1b9f4 handle_axis=(15.88, 1.55) goal_axis=(15.88, 0.45) wall_axis=(15.88, 1.55) yaw=91deg
[state_machine_node-24] [INFO] [1790648278.449284170] [state_machine_node]: 문 접근 목표 보정: door_blue_e1b9f4 handle_axis=(15.88, 1.55) goal_axis=(15.88, 0.45) wall_axis=(15.88, 1.55) yaw=91deg
[door_detection_node-21] [INFO] [1790648278.970682249] [door_detection_node]: Side camera LiDAR range looks occluded; using visual range instead (source=front_right, lidar=1.29m, visual=4.50m)
[door_detection_node-21] [INFO] [1790648278.990545132] [door_detection_node]: 문 후보 발행: id=door_green_fd2838, source=front_right, color=green, dist=4.50m, conf=0.45, bbox=(250,64,320,168), rep_x=285, center_x=285, angle=-98.1deg, center_angle=-98.1deg, lidar=1.29m, visual=4.50m, goal=(18.54,0.18), handle=(20.03,-0.04,1.00), handle_obs=False, handle_method=estimated, handle_conf=0.00
[state_machine_node-24] [INFO] [1790648278.993298663] [state_machine_node]: 보조 비상구 관측 저장: door_green_fd2838 (20.0, -0.0)
[state_machine_node-24] [INFO] [1790648279.759243638] [state_machine_node]: Final handle refreshed from current observation: observed_blue_14p4_1p1, method=yolo:primary:item, point=(15.857,1.726,0.850)
[state_machine_node-24] [INFO] [1790648279.782279344] [state_machine_node]: 문 접근 목표 보정: observed_blue_14p4_1p1 handle_axis=(15.88, 1.55) goal_axis=(15.88, 0.45) wall_axis=(15.88, 1.55) yaw=91deg
[navigation_node-22] [INFO] [1790648279.784319037] [navigation_node]: Navigation goal received: door observed_blue_14p4_1p1 (color=blue, frame=map, x=15.87, y=0.63)
[bt_navigator-17] [INFO] [1790648279.907771569] [bt_navigator]: Begin navigating from current location (15.58, 0.63) to (15.87, 0.63)
[navigation_node-22] [INFO] [1790648279.913002825] [navigation_node]: Navigation goal accepted by Nav2
[state_machine_node-24] [INFO] [1790648280.044622210] [state_machine_node]: 문 접근 목표 보정: door_blue_e1b9f4 handle_axis=(15.88, 1.57) goal_axis=(15.88, 0.47) wall_axis=(15.88, 1.57) yaw=91deg
[state_machine_node-24] [INFO] [1790648280.047923357] [state_machine_node]: 문 접근 목표 보정: door_blue_e1b9f4 handle_axis=(15.88, 1.57) goal_axis=(15.88, 0.47) wall_axis=(15.88, 1.57) yaw=91deg
[controller_server-13] [INFO] [1790648280.108866904] [controller_server]: Received a goal, begin computing control effort.
[controller_server-13] [INFO] [1790648281.485613914] [controller_server]: Passing new path to controller.
[door_detection_node-21] [INFO] [1790648281.496172075] [door_detection_node]: 문 후보 발행: id=door_blue_e1b9f4, source=front, color=blue, dist=1.13m, conf=1.00, bbox=(29,0,242,240), rep_x=135, center_x=135, angle=6.1deg, center_angle=6.1deg, lidar=1.17m, visual=1.95m, goal=(15.55,0.93), handle=(15.86,1.75,0.85), handle_obs=True, handle_method=yolo:primary:item, handle_conf=0.54
[state_machine_node-24] [INFO] [1790648281.501091438] [state_machine_node]: Observed blue cluster id mapping for observed_blue_14p4_1p1 ignored: mapped cluster drifted away from the current wall/handle target.
[state_machine_node-24] [INFO] [1790648281.507470187] [state_machine_node]: 문 접근 목표 보정: door_blue_e1b9f4 handle_axis=(15.88, 1.58) goal_axis=(15.88, 0.48) wall_axis=(15.88, 1.58) yaw=91deg
[state_machine_node-24] [INFO] [1790648281.511065285] [state_machine_node]: 문 접근 목표 보정: door_blue_e1b9f4 handle_axis=(15.88, 1.58) goal_axis=(15.88, 0.48) wall_axis=(15.88, 1.58) yaw=91deg
[door_detection_node-21] [INFO] [1790648281.887085213] [door_detection_node]: Side camera visual fallback rejected (source=front_right, lidar=1.31m, visual=4.59m > 4.50m)
[controller_server-13] [INFO] [1790648282.734470826] [controller_server]: Passing new path to controller.
[door_detection_node-21] [INFO] [1790648283.261879207] [door_detection_node]: 문 후보 발행: id=door_blue_e1b9f4, source=front, color=blue, dist=1.08m, conf=1.00, bbox=(0,0,170,240), rep_x=85, center_x=85, angle=17.8deg, center_angle=17.8deg, lidar=1.09m, visual=1.95m, goal=(15.60,0.99), handle=(15.92,1.91,0.84), handle_obs=True, handle_method=hsv, handle_conf=0.79
[state_machine_node-24] [INFO] [1790648283.272918448] [state_machine_node]: 문 접근 목표 보정: door_blue_e1b9f4 handle_axis=(15.94, 1.74) goal_axis=(15.94, 0.64) wall_axis=(15.94, 1.74) yaw=91deg
[state_machine_node-24] [INFO] [1790648283.275225293] [state_machine_node]: Locked blue target refine skipped: door_blue_e1b9f4 total drift progress=1.28m, xy=1.36m > 1.05m from locked anchor
[door_detection_node-21] [INFO] [1790648283.640161421] [door_detection_node]: YOLO 후보 제외: source=front_right, edge-clipped bbox=(267,37,320,203)
[controller_server-13] [INFO] [1790648284.109462302] [controller_server]: Passing new path to controller.
[door_detection_node-21] [INFO] [1790648284.210969789] [door_detection_node]: HSV candidate rejected: color=blue, edge-clipped bbox=(99,0,320,240), width_ratio=0.69
[controller_server-13] [INFO] [1790648285.360089197] [controller_server]: Passing new path to controller.
[door_detection_node-21] [INFO] [1790648285.582360896] [door_detection_node]: Side camera LiDAR range looks occluded; using visual range instead (source=front_right, lidar=1.24m, visual=4.46m)
[door_detection_node-21] [INFO] [1790648285.598585094] [door_detection_node]: 문 후보 발행: id=door_green_6452ef, source=front_right, color=green, dist=4.46m, conf=0.36, bbox=(0,62,27,167), rep_x=13, center_x=13, angle=-37.9deg, center_angle=-37.9deg, lidar=1.24m, visual=4.46m, goal=(18.42,-0.27), handle=(19.81,-0.83,1.00), handle_obs=False, handle_method=estimated, handle_conf=0.00
[state_machine_node-24] [INFO] [1790648286.004763326] [state_machine_node]: Nav2 goal is close enough for fine door alignment: observed_blue_14p4_1p1, dist=0.26m/0.38m, lateral=-0.24m/0.24m, yaw_error=96deg.
[state_machine_node-24] [INFO] [1790648286.005998329] [state_machine_node]: Nav2 goal cancellation requested before door fine alignment.
[navigation_node-22] [INFO] [1790648286.008741017] [navigation_node]: Navigation cancellation requested for manual control handoff.
[state_machine_node-24] [INFO] [1790648286.073033596] [state_machine_node]: Fine door approach started: observed_blue_14p4_1p1, dist=0.26m, lateral=-0.24m, forward=0.11m, yaw_error=96deg
[state_machine_node-24] [INFO] [1790648286.074123589] [state_machine_node]: Fine door parking translation: observed_blue_14p4_1p1, dist=0.26m/0.17m, heading_error=65deg, cmd=(0.00, -0.25)
[controller_server-13] [INFO] [1790648286.109486325] [controller_server]: Goal was canceled. Stopping the robot.
[controller_server-13] [INFO] [1790648286.109612056] [controller_server]: [follow_path] [ActionServer] Client requested to cancel the goal. Cancelling.
[bt_navigator-17] [INFO] [1790648286.110167697] [bt_navigator]: [navigate_to_pose] [ActionServer] Client requested to cancel the goal. Cancelling.
[bt_navigator-17] [INFO] [1790648286.110621782] [bt_navigator]: Goal canceled
[state_machine_node-24] [INFO] [1790648286.922355535] [state_machine_node]: Fine door parking translation: observed_blue_14p4_1p1, dist=0.31m/0.17m, heading_error=60deg, cmd=(0.00, -0.25)
[door_detection_node-21] [INFO] [1790648287.538722034] [door_detection_node]: 문 후보 발행: id=door_green_8f536b, source=front, color=green, dist=5.03m, conf=0.50, bbox=(117,70,178,163), rep_x=147, center_x=147, angle=3.2deg, center_angle=3.2deg, lidar=1.10m, visual=5.03m, goal=(19.24,0.27), handle=(20.71,-0.01,1.00), handle_obs=False, handle_method=estimated, handle_conf=0.00
[state_machine_node-24] [INFO] [1790648287.540638106] [state_machine_node]: 보조 비상구 관측 저장: door_green_8f536b (20.7, -0.0)
[state_machine_node-24] [INFO] [1790648287.815824469] [state_machine_node]: Fine door parking translation: observed_blue_14p4_1p1, dist=0.33m/0.17m, heading_error=56deg, cmd=(0.00, -0.25)
[door_detection_node-21] [INFO] [1790648288.412656642] [door_detection_node]: Front lateral LiDAR range looks too long for the visible door; using visual range (lidar=3.85m, visual=2.82m)
[door_detection_node-21] [INFO] [1790648288.419682213] [door_detection_node]: YOLO 후보 제외: source=front, edge-clipped bbox=(268,37,320,203)
[state_machine_node-24] [INFO] [1790648288.724758468] [state_machine_node]: Fine door parking translation: observed_blue_14p4_1p1, dist=0.33m/0.17m, heading_error=50deg, cmd=(0.00, -0.25)
[state_machine_node-24] [INFO] [1790648289.606331397] [state_machine_node]: Fine door parking translation: observed_blue_14p4_1p1, dist=0.34m/0.17m, heading_error=46deg, cmd=(0.00, -0.25)
[door_detection_node-21] [INFO] [1790648290.317625653] [door_detection_node]: 문 후보 발행: id=door_green_8f536b, source=front, color=green, dist=4.68m, conf=0.57, bbox=(53,66,119,166), rep_x=86, center_x=86, angle=17.5deg, center_angle=17.5deg, lidar=1.16m, visual=4.68m, goal=(18.90,0.34), handle=(20.37,0.04,1.00), handle_obs=False, handle_method=estimated, handle_conf=0.00
[state_machine_node-24] [INFO] [1790648290.480969384] [state_machine_node]: Fine door parking translation: observed_blue_14p4_1p1, dist=0.36m/0.17m, heading_error=37deg, cmd=(0.00, -0.25)
[state_machine_node-24] [INFO] [1790648291.380752944] [state_machine_node]: Fine door parking translation: observed_blue_14p4_1p1, dist=0.36m/0.17m, heading_error=34deg, cmd=(0.00, -0.25)
[door_detection_node-21] [INFO] [1790648292.078516274] [door_detection_node]: 문 후보 발행: id=door_green_a40069, source=front, color=green, dist=4.25m, conf=0.82, bbox=(0,61,78,171), rep_x=39, center_x=39, angle=27.3deg, center_angle=27.3deg, lidar=1.16m, visual=4.25m, goal=(18.46,0.42), handle=(19.93,0.13,1.00), handle_obs=False, handle_method=estimated, handle_conf=0.00
[state_machine_node-24] [INFO] [1790648292.081319919] [state_machine_node]: 보조 비상구 관측 저장: door_green_a40069 (19.9, 0.1)
[state_machine_node-24] [INFO] [1790648292.281675847] [state_machine_node]: Fine door parking translation: observed_blue_14p4_1p1, dist=0.36m/0.17m, heading_error=29deg, cmd=(0.00, -0.25)
[door_detection_node-21] [INFO] [1790648292.530984423] [door_detection_node]: Side camera LiDAR range looks occluded; using visual range instead (source=front_right, lidar=1.16m, visual=3.39m)
[door_detection_node-21] [INFO] [1790648292.537550490] [door_detection_node]: YOLO 후보 제외: source=front_right, edge-clipped bbox=(272,47,319,185)
[state_machine_node-24] [INFO] [1790648293.165015583] [state_machine_node]: Fine door parking translation: observed_blue_14p4_1p1, dist=0.36m/0.17m, heading_error=25deg, cmd=(0.07, -0.14)
[state_machine_node-24] [INFO] [1790648294.047379003] [state_machine_node]: Fine door parking translation: observed_blue_14p4_1p1, dist=0.33m/0.17m, heading_error=25deg, cmd=(0.07, -0.14)
[door_detection_node-21] [INFO] [1790648294.130842298] [door_detection_node]: 문 후보 발행: id=door_green_a40069, source=front, color=green, dist=4.46m, conf=0.36, bbox=(0,62,28,167), rep_x=14, center_x=14, angle=32.0deg, center_angle=32.0deg, lidar=1.20m, visual=4.46m, goal=(18.62,0.18), handle=(20.07,-0.22,1.00), handle_obs=False, handle_method=estimated, handle_conf=0.00
[door_detection_node-21] [INFO] [1790648294.578720193] [door_detection_node]: Side camera LiDAR range looks occluded; using visual range instead (source=front_left, lidar=1.12m, visual=4.37m)
[state_machine_node-24] [INFO] [1790648294.957257854] [state_machine_node]: Fine door parking translation: observed_blue_14p4_1p1, dist=0.29m/0.17m, heading_error=27deg, cmd=(0.07, -0.14)
[door_detection_node-21] [INFO] [1790648295.635535620] [door_detection_node]: 문 후보 발행: id=door_blue_8218db, source=front_right, color=blue, dist=3.60m, conf=0.74, bbox=(230,52,277,182), rep_x=253, center_x=253, angle=-91.7deg, center_angle=-91.7deg, lidar=1.18m, visual=3.60m, goal=(13.92,-0.48), handle=(12.94,-1.27,1.00), handle_obs=True, handle_method=estimated, handle_conf=0.00
[state_machine_node-24] [INFO] [1790648295.641104544] [state_machine_node]: 파란 문 door_blue_110b09 handle 제외: door_pose와 진행축 차이가 큼 handle_axis=(13.84, 0.14), pose_axis=(15.70, 1.74), max_delta=1.60m
[state_machine_node-24] [INFO] [1790648295.643739185] [state_machine_node]: Blue candidate door_blue_8218db ignored: physical/opened door station already handled nearby at (12.94, -1.27).
[state_machine_node-24] [INFO] [1790648295.853526842] [state_machine_node]: Fine door parking translation: observed_blue_14p4_1p1, dist=0.26m/0.17m, heading_error=30deg, cmd=(0.00, -0.25)
[state_machine_node-24] [INFO] [1790648296.070614955] [state_machine_node]: 보조 비상구 관측 저장: door_green_ec41bc (20.0, 0.0)
[state_machine_node-24] [INFO] [1790648296.735531795] [state_machine_node]: Fine door parking translation: observed_blue_14p4_1p1, dist=0.26m/0.17m, heading_error=23deg, cmd=(0.07, -0.14)
[door_detection_node-21] [INFO] [1790648297.297637614] [door_detection_node]: Side camera LiDAR range looks occluded; using visual range instead (source=front_right, lidar=1.20m, visual=3.66m)
[state_machine_node-24] [INFO] [1790648297.642884809] [state_machine_node]: Fine door parking translation: observed_blue_14p4_1p1, dist=0.23m/0.17m, heading_error=23deg, cmd=(0.07, -0.14)
[door_detection_node-21] [INFO] [1790648297.686678979] [door_detection_node]: 문 후보 발행: id=door_blue_d50198, source=front_right, color=blue, dist=3.66m, conf=0.68, bbox=(199,53,240,181), rep_x=219, center_x=219, angle=-84.2deg, center_angle=-84.2deg, lidar=1.20m, visual=3.66m, goal=(13.96,-0.65), handle=(12.89,-1.29,1.00), handle_obs=True, handle_method=estimated, handle_conf=0.00
[door_detection_node-21] [INFO] [1790648298.154113300] [door_detection_node]: Side camera visual fallback rejected (source=front_left, lidar=1.10m, visual=4.63m > 4.50m)
[state_machine_node-24] [INFO] [1790648298.536549401] [state_machine_node]: Fine door parking translation: observed_blue_14p4_1p1, dist=0.20m/0.17m, heading_error=30deg, cmd=(0.00, -0.25)
[door_detection_node-21] [INFO] [1790648299.339730503] [door_detection_node]: Side camera LiDAR range looks occluded; using visual range instead (source=front_right, lidar=1.21m, visual=3.69m)
[state_machine_node-24] [INFO] [1790648299.434915553] [state_machine_node]: Fine door parking translation: observed_blue_14p4_1p1, dist=0.20m/0.17m, heading_error=27deg, cmd=(0.07, -0.14)
[door_detection_node-21] [INFO] [1790648299.735107300] [door_detection_node]: 문 후보 발행: id=door_blue_d50198, source=front_right, color=blue, dist=3.69m, conf=0.72, bbox=(172,54,209,181), rep_x=190, center_x=190, angle=-77.3deg, center_angle=-77.3deg, lidar=1.20m, visual=3.69m, goal=(14.07,-0.86), handle=(12.92,-1.35,1.00), handle_obs=True, handle_method=estimated, handle_conf=0.00
[state_machine_node-24] [INFO] [1790648299.740750183] [state_machine_node]: 파란 문 door_blue_110b09 handle 제외: door_pose와 진행축 차이가 큼 handle_axis=(13.84, 0.14), pose_axis=(15.70, 1.74), max_delta=1.60m
[state_machine_node-24] [INFO] [1790648299.743238668] [state_machine_node]: Blue candidate door_blue_d50198 ignored: physical/opened door station already handled nearby at (12.92, -1.35).
[state_machine_node-24] [INFO] [1790648300.329815348] [state_machine_node]: Fine door final yaw alignment: observed_blue_14p4_1p1, dist=0.16m/0.17m, yaw_error=164deg, cmd=(0.00, 0.25)
[state_machine_node-24] [INFO] [1790648301.249168474] [state_machine_node]: Fine door final yaw alignment: observed_blue_14p4_1p1, dist=0.16m/0.17m, yaw_error=159deg, cmd=(0.00, 0.25)
[door_detection_node-21] [INFO] [1790648301.282145322] [door_detection_node]: 문 후보 발행: id=door_blue_d50198, source=front_right, color=blue, dist=3.69m, conf=0.77, bbox=(152,54,191,181), rep_x=171, center_x=171, angle=-72.7deg, center_angle=-72.7deg, lidar=1.39m, visual=3.69m, goal=(14.12,-1.01), handle=(12.94,-1.43,1.00), handle_obs=True, handle_method=estimated, handle_conf=0.00
[door_detection_node-21] [INFO] [1790648301.708031799] [door_detection_node]: Side camera LiDAR range looks occluded; using visual range instead (source=front_left, lidar=0.97m, visual=4.33m)
[state_machine_node-24] [INFO] [1790648302.171620733] [state_machine_node]: Fine door final yaw alignment: observed_blue_14p4_1p1, dist=0.16m/0.17m, yaw_error=155deg, cmd=(0.00, 0.25)
[state_machine_node-24] [INFO] [1790648303.088070281] [state_machine_node]: Fine door final yaw alignment: observed_blue_14p4_1p1, dist=0.17m/0.17m, yaw_error=150deg, cmd=(0.00, 0.25)
[door_detection_node-21] [INFO] [1790648303.359674965] [door_detection_node]: 문 후보 발행: id=door_blue_d50198, source=front_right, color=blue, dist=3.69m, conf=0.72, bbox=(203,54,244,181), rep_x=223, center_x=223, angle=-85.1deg, center_angle=-85.1deg, lidar=1.32m, visual=3.69m, goal=(14.04,-0.78), handle=(12.99,-1.45,1.00), handle_obs=True, handle_method=estimated, handle_conf=0.00
[state_machine_node-24] [INFO] [1790648303.366252829] [state_machine_node]: 파란 문 door_blue_110b09 handle 제외: door_pose와 진행축 차이가 큼 handle_axis=(13.84, 0.14), pose_axis=(15.70, 1.74), max_delta=1.60m
[state_machine_node-24] [INFO] [1790648303.369492467] [state_machine_node]: Blue candidate door_blue_d50198 ignored: physical/opened door station already handled nearby at (12.99, -1.45).
[door_detection_node-21] [INFO] [1790648303.838592250] [door_detection_node]: Side camera LiDAR range looks occluded; using visual range instead (source=front_left, lidar=1.03m, visual=4.33m)
[state_machine_node-24] [INFO] [1790648303.862538383] [state_machine_node]: 보조 비상구 관측 저장: door_green_ec41bc (20.2, 0.3)
[state_machine_node-24] [INFO] [1790648303.973441726] [state_machine_node]: Fine door final yaw alignment: observed_blue_14p4_1p1, dist=0.16m/0.17m, yaw_error=143deg, cmd=(0.00, 0.25)
[state_machine_node-24] [INFO] [1790648304.874312217] [state_machine_node]: Fine door final yaw alignment: observed_blue_14p4_1p1, dist=0.16m/0.17m, yaw_error=141deg, cmd=(0.00, 0.25)
[door_detection_node-21] [INFO] [1790648305.438309867] [door_detection_node]: 문 후보 발행: id=door_blue_8218db, source=front_right, color=blue, dist=3.47m, conf=0.76, bbox=(248,49,296,184), rep_x=272, center_x=272, angle=-95.6deg, center_angle=-95.6deg, lidar=1.32m, visual=3.47m, goal=(14.07,-0.50), handle=(13.18,-1.37,1.00), handle_obs=True, handle_method=estimated, handle_conf=0.00
[state_machine_node-24] [INFO] [1790648305.761221460] [state_machine_node]: Fine door final yaw alignment: observed_blue_14p4_1p1, dist=0.16m/0.17m, yaw_error=138deg, cmd=(0.00, 0.25)
[door_detection_node-21] [INFO] [1790648305.953071697] [door_detection_node]: Side camera LiDAR range looks occluded; using visual range instead (source=front_left, lidar=0.94m, visual=4.22m)
[door_detection_node-21] [INFO] [1790648306.575707183] [door_detection_node]: YOLO 후보 제외: source=front_right, edge-clipped bbox=(288,45,320,189)
[state_machine_node-24] [INFO] [1790648306.670388400] [state_machine_node]: Fine door final yaw alignment: observed_blue_14p4_1p1, dist=0.16m/0.17m, yaw_error=131deg, cmd=(0.00, 0.25)
[state_machine_node-24] [INFO] [1790648307.580964699] [state_machine_node]: Fine door final yaw alignment: observed_blue_14p4_1p1, dist=0.16m/0.17m, yaw_error=128deg, cmd=(0.00, 0.25)
[door_detection_node-21] [INFO] [1790648307.632238404] [door_detection_node]: 문 후보 발행: id=door_green_a40069, source=front, color=green, dist=4.46m, conf=0.40, bbox=(0,60,62,165), rep_x=31, center_x=31, angle=28.9deg, center_angle=28.9deg, lidar=0.95m, visual=4.46m, goal=(18.83,0.38), handle=(20.31,0.18,1.00), handle_obs=False, handle_method=estimated, handle_conf=0.00
[state_machine_node-24] [INFO] [1790648308.510272938] [state_machine_node]: Fine door final yaw alignment: observed_blue_14p4_1p1, dist=0.15m/0.17m, yaw_error=124deg, cmd=(0.00, 0.25)
[door_detection_node-21] [INFO] [1790648309.169709312] [door_detection_node]: 문 후보 발행: id=door_green_a40069, source=front, color=green, dist=4.33m, conf=0.67, bbox=(25,62,98,170), rep_x=61, center_x=61, angle=22.9deg, center_angle=22.9deg, lidar=1.02m, visual=4.33m, goal=(18.71,0.50), handle=(20.21,0.35,1.00), handle_obs=False, handle_method=estimated, handle_conf=0.00
[state_machine_node-24] [INFO] [1790648309.171873335] [state_machine_node]: 보조 비상구 관측 저장: door_green_a40069 (20.2, 0.4)
[state_machine_node-24] [INFO] [1790648309.407977840] [state_machine_node]: Fine door final yaw alignment: observed_blue_14p4_1p1, dist=0.16m/0.17m, yaw_error=118deg, cmd=(0.00, 0.25)
[door_detection_node-21] [INFO] [1790648310.246826776] [door_detection_node]: Front lateral LiDAR range looks too long for the visible door; using visual range (lidar=3.80m, visual=2.82m)
[state_machine_node-24] [INFO] [1790648310.309429297] [state_machine_node]: Fine door final yaw alignment: observed_blue_14p4_1p1, dist=0.16m/0.17m, yaw_error=114deg, cmd=(0.00, 0.25)
[state_machine_node-24] [INFO] [1790648311.211724328] [state_machine_node]: Fine door final yaw alignment: observed_blue_14p4_1p1, dist=0.14m/0.17m, yaw_error=110deg, cmd=(0.00, 0.25)
[state_machine_node-24] [INFO] [1790648312.127957805] [state_machine_node]: Fine door final yaw alignment: observed_blue_14p4_1p1, dist=0.14m/0.17m, yaw_error=104deg, cmd=(0.00, 0.25)
[door_detection_node-21] [INFO] [1790648312.441415904] [door_detection_node]: 문 후보 발행: id=door_green_8f536b, source=front, color=green, dist=4.50m, conf=0.20, bbox=(115,62,178,166), rep_x=146, center_x=146, angle=3.4deg, center_angle=3.4deg, lidar=0.99m, visual=4.50m, goal=(18.89,0.38), handle=(20.38,0.19,1.00), handle_obs=False, handle_method=estimated, handle_conf=0.00
[state_machine_node-24] [INFO] [1790648313.045027938] [state_machine_node]: Fine door final yaw alignment: observed_blue_14p4_1p1, dist=0.12m/0.17m, yaw_error=100deg, cmd=(0.00, 0.25)
[state_machine_node-24] [INFO] [1790648313.948167723] [state_machine_node]: Fine door final yaw alignment: observed_blue_14p4_1p1, dist=0.11m/0.17m, yaw_error=90deg, cmd=(0.00, 0.25)
[door_detection_node-21] [INFO] [1790648314.126431510] [door_detection_node]: 문 후보 발행: id=door_green_66d0fe, source=front, color=green, dist=4.93m, conf=0.54, bbox=(175,69,240,164), rep_x=207, center_x=207, angle=-11.4deg, center_angle=-11.4deg, lidar=0.99m, visual=4.93m, goal=(19.32,0.24), handle=(20.81,0.03,1.00), handle_obs=False, handle_method=estimated, handle_conf=0.00
[state_machine_node-24] [INFO] [1790648314.128650820] [state_machine_node]: 보조 비상구 관측 저장: door_green_66d0fe (20.8, 0.0)
[state_machine_node-24] [INFO] [1790648314.869529293] [state_machine_node]: Fine door final yaw alignment: observed_blue_14p4_1p1, dist=0.11m/0.17m, yaw_error=83deg, cmd=(0.00, 0.25)
[state_machine_node-24] [INFO] [1790648315.811988123] [state_machine_node]: Fine door final yaw alignment: observed_blue_14p4_1p1, dist=0.10m/0.17m, yaw_error=77deg, cmd=(0.00, 0.25)
[state_machine_node-24] [INFO] [1790648316.734605492] [state_machine_node]: Fine door final yaw alignment: observed_blue_14p4_1p1, dist=0.08m/0.17m, yaw_error=74deg, cmd=(0.00, 0.25)
[door_detection_node-21] [INFO] [1790648317.199947487] [door_detection_node]: 문 후보 발행: id=door_blue_1e9315, source=front_left, color=blue, dist=1.11m, conf=1.00, bbox=(0,0,143,240), rep_x=71, center_x=71, angle=90.8deg, center_angle=90.8deg, lidar=1.10m, visual=1.95m, goal=(15.97,0.54), handle=(15.53,1.71,1.00), handle_obs=False, handle_method=estimated, handle_conf=0.00
[state_machine_node-24] [INFO] [1790648317.635732982] [state_machine_node]: Fine door final yaw alignment: observed_blue_14p4_1p1, dist=0.08m/0.17m, yaw_error=70deg, cmd=(0.00, 0.25)
[door_detection_node-21] [INFO] [1790648318.198731087] [door_detection_node]: Side camera LiDAR range looks occluded; using visual range instead (source=front_right, lidar=1.02m, visual=4.22m)
[state_machine_node-24] [INFO] [1790648318.544929954] [state_machine_node]: Fine door final yaw alignment: observed_blue_14p4_1p1, dist=0.08m/0.17m, yaw_error=62deg, cmd=(0.00, 0.25)
[door_detection_node-21] [INFO] [1790648318.640043012] [door_detection_node]: HSV candidate rejected: color=blue, edge-clipped bbox=(0,0,196,240), width_ratio=0.61
[state_machine_node-24] [INFO] [1790648319.426222100] [state_machine_node]: Fine door final yaw alignment: observed_blue_14p4_1p1, dist=0.07m/0.17m, yaw_error=58deg, cmd=(0.00, 0.25)
[door_detection_node-21] [INFO] [1790648320.003819974] [door_detection_node]: 문 후보 발행: id=door_green_6452ef, source=front_right, color=green, dist=4.33m, conf=0.43, bbox=(0,58,73,166), rep_x=36, center_x=36, angle=-42.1deg, center_angle=-42.1deg, lidar=0.97m, visual=4.33m, goal=(18.76,0.38), handle=(20.25,0.23,1.00), handle_obs=False, handle_method=estimated, handle_conf=0.00
[state_machine_node-24] [INFO] [1790648320.006081360] [state_machine_node]: 보조 비상구 관측 저장: door_green_6452ef (20.2, 0.2)
[state_machine_node-24] [WARN] [1790648320.329196512] [state_machine_node]: Waiting for a fresh door-wall normal before alignment.
[door_detection_node-21] [INFO] [1790648321.471027334] [door_detection_node]: Side camera LiDAR range looks occluded; using visual range instead (source=front_right, lidar=0.98m, visual=4.29m)
[door_detection_node-21] [INFO] [1790648322.181952886] [door_detection_node]: 문 후보 발행: id=door_blue_706e49, source=front_left, color=blue, dist=1.09m, conf=1.00, bbox=(53,0,256,240), rep_x=154, center_x=154, angle=71.5deg, center_angle=71.5deg, lidar=1.10m, visual=1.95m, goal=(16.60,0.87), handle=(15.79,1.82,0.82), handle_obs=True, handle_method=yolo:primary:item, handle_conf=0.28
[state_machine_node-24] [WARN] [1790648323.013561672] [state_machine_node]: Waiting for a fresh door-wall normal before alignment.
[state_machine_node-24] [INFO] [1790648323.071150557] [state_machine_node]: 보조 비상구 관측 저장: door_green_6452ef (20.2, 0.1)
[door_detection_node-21] [INFO] [1790648324.499726725] [door_detection_node]: Side camera LiDAR range looks occluded; using visual range instead (source=front_right, lidar=1.00m, visual=4.29m)
[door_detection_node-21] [INFO] [1790648324.511834691] [door_detection_node]: 문 후보 발행: id=door_green_6452ef, source=front_right, color=green, dist=4.29m, conf=0.68, bbox=(26,61,100,170), rep_x=63, center_x=63, angle=-47.5deg, center_angle=-47.5deg, lidar=1.00m, visual=4.29m, goal=(18.69,0.33), handle=(20.18,0.15,1.00), handle_obs=False, handle_method=estimated, handle_conf=0.00
[state_machine_node-24] [WARN] [1790648325.640131457] [state_machine_node]: Waiting for a fresh door-wall normal before alignment.
[door_detection_node-21] [INFO] [1790648326.578757160] [door_detection_node]: 문 후보 발행: id=door_blue_706e49, source=front_left, color=blue, dist=1.14m, conf=1.00, bbox=(53,0,256,240), rep_x=154, center_x=154, angle=71.5deg, center_angle=71.5deg, lidar=1.10m, visual=1.95m, goal=(16.60,0.89), handle=(15.79,1.84,0.82), handle_obs=True, handle_method=yolo:primary:item, handle_conf=0.28
[door_detection_node-21] [INFO] [1790648327.374514074] [door_detection_node]: Side camera LiDAR range looks occluded; using visual range instead (source=front_right, lidar=1.02m, visual=4.29m)
[state_machine_node-24] [INFO] [1790648327.413872291] [state_machine_node]: 보조 비상구 관측 저장: door_green_6452ef (20.2, 0.1)
[state_machine_node-24] [INFO] [1790648328.288921675] [state_machine_node]: Fine door final yaw alignment: observed_blue_14p4_1p1, dist=0.06m/0.17m, yaw_error=54deg, cmd=(0.00, 0.25)
[door_detection_node-21] [INFO] [1790648328.827469353] [door_detection_node]: 문 후보 발행: id=door_green_6452ef, source=front_right, color=green, dist=4.29m, conf=0.68, bbox=(26,61,100,170), rep_x=63, center_x=63, angle=-47.5deg, center_angle=-47.5deg, lidar=1.01m, visual=4.29m, goal=(18.69,0.33), handle=(20.18,0.15,1.00), handle_obs=False, handle_method=estimated, handle_conf=0.00
[state_machine_node-24] [INFO] [1790648329.226467725] [state_machine_node]: Fine door final yaw alignment: observed_blue_14p4_1p1, dist=0.07m/0.17m, yaw_error=52deg, cmd=(0.00, 0.25)
[state_machine_node-24] [INFO] [1790648330.158819037] [state_machine_node]: Fine door final yaw alignment: observed_blue_14p4_1p1, dist=0.08m/0.17m, yaw_error=46deg, cmd=(0.00, 0.25)
[door_detection_node-21] [INFO] [1790648330.328559194] [door_detection_node]: Side camera LiDAR range looks occluded; using visual range instead (source=front_right, lidar=0.95m, visual=4.50m)
[door_detection_node-21] [INFO] [1790648330.352468130] [door_detection_node]: 문 후보 발행: id=door_green_6c1d7e, source=front_right, color=green, dist=4.50m, conf=0.56, bbox=(57,64,125,168), rep_x=91, center_x=91, angle=-53.6deg, center_angle=-53.6deg, lidar=0.95m, visual=4.50m, goal=(18.90,0.31), handle=(20.39,0.13,1.00), handle_obs=False, handle_method=estimated, handle_conf=0.00
[door_detection_node-21] [INFO] [1790648330.823887584] [door_detection_node]: HSV candidate rejected: color=blue, edge-clipped bbox=(107,0,320,240), width_ratio=0.67
[state_machine_node-24] [INFO] [1790648331.087520415] [state_machine_node]: Fine door final yaw alignment: observed_blue_14p4_1p1, dist=0.07m/0.17m, yaw_error=41deg, cmd=(0.00, 0.25)
[door_detection_node-21] [INFO] [1790648331.787548597] [door_detection_node]: Side camera LiDAR range looks too long for the visible door; using visual range (source=front_right, lidar=3.78m, visual=2.67m)
[state_machine_node-24] [INFO] [1790648332.007765043] [state_machine_node]: Fine door final yaw alignment: observed_blue_14p4_1p1, dist=0.07m/0.17m, yaw_error=36deg, cmd=(0.00, 0.25)
[door_detection_node-21] [INFO] [1790648332.174871847] [door_detection_node]: Side camera visual fallback rejected (source=front_right, lidar=1.00m, visual=4.78m > 4.50m)
[state_machine_node-24] [INFO] [1790648332.932029861] [state_machine_node]: Fine door final yaw alignment: observed_blue_14p4_1p1, dist=0.09m/0.17m, yaw_error=31deg, cmd=(0.00, 0.25)
[door_detection_node-21] [INFO] [1790648333.126099242] [door_detection_node]: 문 후보 발행: id=door_blue_d421ff, source=front_left, color=blue, dist=1.09m, conf=1.00, bbox=(151,0,320,240), rep_x=235, center_x=235, angle=52.2deg, center_angle=52.2deg, lidar=1.12m, visual=1.95m, goal=(16.83,1.14), handle=(15.74,1.75,0.85), handle_obs=True, handle_method=hsv, handle_conf=0.91
[state_machine_node-24] [INFO] [1790648333.132387664] [state_machine_node]: Observed blue cluster id mapping for observed_blue_14p4_1p1 ignored: mapped cluster drifted away from the current wall/handle target.
[state_machine_node-24] [INFO] [1790648333.134427439] [state_machine_node]: 문 접근 목표 보정: door_blue_d421ff handle_axis=(15.75, 1.57) goal_axis=(15.75, 0.47) wall_axis=(15.75, 1.57) yaw=91deg
[state_machine_node-24] [INFO] [1790648333.140119859] [state_machine_node]: 문 접근 목표 보정: door_blue_d421ff handle_axis=(15.75, 1.57) goal_axis=(15.75, 0.47) wall_axis=(15.75, 1.57) yaw=91deg
[state_machine_node-24] [INFO] [1790648333.165224451] [state_machine_node]: 문 접근 목표 보정: door_blue_d421ff handle_axis=(15.75, 1.57) goal_axis=(15.75, 0.47) wall_axis=(15.75, 1.57) yaw=91deg
[state_machine_node-24] [INFO] [1790648333.840816278] [state_machine_node]: Fine door final yaw alignment: observed_blue_14p4_1p1, dist=0.09m/0.17m, yaw_error=28deg, cmd=(0.00, 0.25)
[state_machine_node-24] [INFO] [1790648334.768286183] [state_machine_node]: Fine door final yaw alignment: observed_blue_14p4_1p1, dist=0.08m/0.17m, yaw_error=25deg, cmd=(0.00, 0.25)
[door_detection_node-21] [INFO] [1790648334.788878892] [door_detection_node]: 문 후보 발행: id=door_blue_366d42, source=front, color=blue, dist=1.10m, conf=0.59, bbox=(0,0,39,121), rep_x=19, center_x=19, angle=31.1deg, center_angle=31.1deg, lidar=1.04m, visual=3.87m, goal=(16.93,1.27), handle=(15.78,1.75,1.00), handle_obs=False, handle_method=estimated, handle_conf=0.00
[door_detection_node-21] [INFO] [1790648335.169872002] [door_detection_node]: YOLO 후보 제외: source=front_left, edge-clipped bbox=(213,0,320,240)
[state_machine_node-24] [INFO] [1790648335.708116752] [state_machine_node]: Fine door final yaw alignment: observed_blue_14p4_1p1, dist=0.11m/0.17m, yaw_error=16deg, cmd=(0.00, 0.21)
[door_detection_node-21] [INFO] [1790648335.781586632] [door_detection_node]: Side camera visual fallback rejected (source=front_right, lidar=0.96m, visual=4.78m > 4.50m)
[door_detection_node-21] [INFO] [1790648336.571977508] [door_detection_node]: 문 후보 발행: id=door_blue_366d42, source=front, color=blue, dist=1.10m, conf=1.00, bbox=(0,0,103,240), rep_x=51, center_x=51, angle=25.0deg, center_angle=25.0deg, lidar=1.08m, visual=1.95m, goal=(16.94,1.48), handle=(15.72,1.72,1.00), handle_obs=False, handle_method=estimated, handle_conf=0.00
[state_machine_node-24] [INFO] [1790648336.634897224] [state_machine_node]: Fine door final yaw alignment: observed_blue_14p4_1p1, dist=0.11m/0.17m, yaw_error=12deg, cmd=(0.00, 0.16)
[state_machine_node-24] [INFO] [1790648337.536807808] [state_machine_node]: Fine door final yaw alignment: observed_blue_14p4_1p1, dist=0.11m/0.17m, yaw_error=8deg, cmd=(0.00, 0.10)
[door_detection_node-21] [INFO] [1790648337.923893735] [door_detection_node]: Side camera LiDAR range looks occluded; using visual range instead (source=front_right, lidar=0.91m, visual=4.25m)
[state_machine_node-24] [INFO] [1790648337.949810174] [state_machine_node]: 보조 비상구 관측 저장: door_green_fd2838 (20.2, -0.1)
[state_machine_node-24] [INFO] [1790648338.435341954] [state_machine_node]: Fine door final yaw alignment: observed_blue_14p4_1p1, dist=0.11m/0.17m, yaw_error=5deg, cmd=(0.00, 0.08)
[door_detection_node-21] [INFO] [1790648339.343079623] [door_detection_node]: 문 후보 발행: id=door_blue_366d42, source=front, color=blue, dist=1.19m, conf=1.00, bbox=(0,0,155,240), rep_x=77, center_x=77, angle=19.5deg, center_angle=19.5deg, lidar=1.15m, visual=1.95m, goal=(15.88,0.94), handle=(15.78,1.80,0.85), handle_obs=True, handle_method=hsv, handle_conf=0.88
[state_machine_node-24] [INFO] [1790648339.362054967] [state_machine_node]: 문 앞 정렬 완료. 2.8s 정지 후 개방합니다.
[state_machine_node-24] [INFO] [1790648339.369486271] [state_machine_node]: Observed blue cluster id mapping for observed_blue_14p4_1p1 ignored: mapped cluster drifted away from the current wall/handle target.
[state_machine_node-24] [INFO] [1790648339.372367713] [state_machine_node]: 문 접근 목표 보정: door_blue_366d42 handle_axis=(15.80, 1.62) goal_axis=(15.80, 0.52) wall_axis=(15.80, 1.62) yaw=91deg
[state_machine_node-24] [INFO] [1790648339.378644114] [state_machine_node]: 문 접근 목표 보정: door_blue_366d42 handle_axis=(15.80, 1.62) goal_axis=(15.80, 0.52) wall_axis=(15.80, 1.62) yaw=91deg
[state_machine_node-24] [INFO] [1790648339.402789981] [state_machine_node]: Locked blue target refine skipped: door_blue_366d42 total drift progress=1.24m, xy=1.33m > 1.05m from locked anchor
[door_detection_node-21] [INFO] [1790648341.146734494] [door_detection_node]: 문 후보 발행: id=door_blue_e1b9f4, source=front, color=blue, dist=1.12m, conf=1.00, bbox=(0,0,165,240), rep_x=82, center_x=82, angle=18.4deg, center_angle=18.4deg, lidar=1.11m, visual=1.95m, goal=(15.88,0.94), handle=(15.81,1.73,0.85), handle_obs=True, handle_method=hsv, handle_conf=0.79
[state_machine_node-24] [INFO] [1790648341.156019585] [state_machine_node]: 문 접근 목표 보정: door_blue_e1b9f4 handle_axis=(15.82, 1.55) goal_axis=(15.82, 0.45) wall_axis=(15.82, 1.55) yaw=91deg
[state_machine_node-24] [INFO] [1790648341.163561287] [state_machine_node]: 문 접근 목표 보정: door_blue_e1b9f4 handle_axis=(15.82, 1.55) goal_axis=(15.82, 0.45) wall_axis=(15.82, 1.55) yaw=91deg
[door_detection_node-21] [INFO] [1790648341.556708317] [door_detection_node]: Side camera LiDAR range looks occluded; using visual range instead (source=front_right, lidar=0.93m, visual=4.33m)
[door_detection_node-21] [INFO] [1790648342.901454777] [door_detection_node]: 문 후보 발행: id=door_blue_e1b9f4, source=front, color=blue, dist=1.13m, conf=1.00, bbox=(0,0,165,240), rep_x=82, center_x=82, angle=18.4deg, center_angle=18.4deg, lidar=1.18m, visual=1.95m, goal=(15.88,0.94), handle=(15.80,1.74,0.85), handle_obs=True, handle_method=hsv, handle_conf=0.79
[state_machine_node-24] [INFO] [1790648342.907071878] [state_machine_node]: Observed blue cluster id mapping for observed_blue_14p4_1p1 ignored: mapped cluster drifted away from the current wall/handle target.
[state_machine_node-24] [INFO] [1790648342.908785154] [state_machine_node]: 문 접근 목표 보정: door_blue_e1b9f4 handle_axis=(15.82, 1.57) goal_axis=(15.82, 0.47) wall_axis=(15.82, 1.57) yaw=91deg
[state_machine_node-24] [INFO] [1790648342.915467312] [state_machine_node]: 문 접근 목표 보정: door_blue_e1b9f4 handle_axis=(15.82, 1.57) goal_axis=(15.82, 0.47) wall_axis=(15.82, 1.57) yaw=91deg
[state_machine_node-24] [INFO] [1790648342.940827183] [state_machine_node]: Locked blue target refine skipped: door_blue_e1b9f4 total drift progress=1.25m, xy=1.31m > 1.05m from locked anchor
[door_detection_node-21] [INFO] [1790648344.696149403] [door_detection_node]: 문 후보 발행: id=door_blue_e1b9f4, source=front, color=blue, dist=1.14m, conf=1.00, bbox=(0,0,165,240), rep_x=82, center_x=82, angle=18.4deg, center_angle=18.4deg, lidar=1.10m, visual=1.95m, goal=(15.88,0.94), handle=(15.80,1.80,0.85), handle_obs=True, handle_method=hsv, handle_conf=0.79
[state_machine_node-24] [INFO] [1790648344.703587546] [state_machine_node]: 문 접근 목표 보정: door_blue_e1b9f4 handle_axis=(15.81, 1.62) goal_axis=(15.81, 0.52) wall_axis=(15.81, 1.62) yaw=91deg
[state_machine_node-24] [INFO] [1790648344.710324503] [state_machine_node]: 문 접근 목표 보정: door_blue_e1b9f4 handle_axis=(15.81, 1.62) goal_axis=(15.81, 0.52) wall_axis=(15.81, 1.62) yaw=91deg
[state_machine_node-24] [INFO] [1790648344.738699145] [state_machine_node]: Final handle refreshed from current observation: observed_blue_14p4_1p1, method=hsv, point=(15.795,1.796,0.848)
[state_machine_node-24] [INFO] [1790648344.763203133] [state_machine_node]: 파란 문 door_blue_110b09 handle 제외: door_pose와 진행축 차이가 큼 handle_axis=(13.84, 0.14), pose_axis=(15.70, 1.74), max_delta=1.60m
[state_machine_node-24] [INFO] [1790648344.850222342] [state_machine_node]: Observed blue target observed_blue_14p4_1p1 confirmed by current same-wall live blue evidence before opening (candidate=door_blue_6bda0f, progress_gap=0.00/0.90, lateral_gap=0.00/0.48, conf=1.00/0.58).
[state_machine_node-24] [INFO] [1790648344.852918185] [state_machine_node]: Observed blue target observed_blue_14p4_1p1 accepted for opening from recheckable mapped wall memory after close alignment (count=71, conf=1.00, progress_gap=0.21m, lateral_gap=0.02m).
[door_detection_node-21] [INFO] [1790648345.149476180] [door_detection_node]: Side camera LiDAR range looks occluded; using visual range instead (source=front_right, lidar=0.93m, visual=4.33m)
[state_machine_node-24] [INFO] [1790648345.161235578] [state_machine_node]: Live blue confirmation (11.6, -1.4) rejected: same-wall blue observation is inside the opened-door remnant window (opened_progress=12.8m, gap=-1.3m, window=2.4m).
[state_machine_node-24] [INFO] [1790648345.189342844] [state_machine_node]: State: NAVIGATING → OPENING_DOOR
[state_machine_node-24] [INFO] [1790648345.622397088] [state_machine_node]: 문 개방 요청 손잡이: id=observed_blue_14p4_1p1__axis_p15p81_p1p62, method=hsv, conf=0.79, frame=map, pos=(15.795,1.796,0.848)
[navigation_visit_node-23] [INFO] [1790648345.626734625] [navigation_visit_node]: NAVIGATION_VISIT {"scope": "navigation_only", "physical_opening": false, "door_id": "observed_blue_14p4_1p1__axis_p15p81_p1p62", "sim_time": 292.001, "robot": [15.987027193260845, 0.6596775795598835, 1.6022580449953001], "observed_handle": [15.795029041766824, 1.7960882138749577, 0.8479610993583085], "distance_m": 1.1525156918504451, "bearing_error_rad": 0.13590910222025032}
[state_machine_node-24] [INFO] [1790648345.630706716] [state_machine_node]: Selected observation memory completed: observed_blue_14p4_1p1; original candidate excluded after position refinement.
[state_machine_node-24] [INFO] [1790648345.642414290] [state_machine_node]: 열린 파란 문 재관측 후보 4개 정리. 다음 목표 선택에서 제외합니다.
[state_machine_node-24] [INFO] [1790648345.643217830] [state_machine_node]: 문 개방 성공: observed_blue_14p4_1p1  누적 개방: 3개
[state_machine_node-24] [INFO] [1790648345.643793636] [state_machine_node]: State: OPENING_DOOR → DOOR_OPENED
[door_detection_node-21] [INFO] [1790648346.494469469] [door_detection_node]: 문 후보 발행: id=door_blue_e1b9f4, source=front, color=blue, dist=1.16m, conf=1.00, bbox=(0,0,165,240), rep_x=82, center_x=82, angle=18.4deg, center_angle=18.4deg, lidar=1.13m, visual=1.95m, goal=(15.88,0.94), handle=(15.80,1.78,0.85), handle_obs=True, handle_method=hsv, handle_conf=0.79
[state_machine_node-24] [INFO] [1790648346.499743534] [state_machine_node]: Blue candidate door_blue_e1b9f4 ignored: physical/opened door station already handled nearby at (15.58, 1.75).
[state_machine_node-24] [INFO] [1790648346.509490124] [state_machine_node]: 다음 파란 문 탐색 시작 (개방 완료: 3개)
[state_machine_node-24] [INFO] [1790648346.510042426] [state_machine_node]: State: DOOR_OPENED → EXPLORING
[state_machine_node-24] [INFO] [1790648347.410707962] [state_machine_node]: Post-open side retreat started: lateral=0.48m, target_abs=0.48m.
[state_machine_node-24] [INFO] [1790648347.412091332] [state_machine_node]: Post-open side retreat: lateral=0.48m, moved=0.00/1.10m, yaw_error=179deg, cmd=(0.00, 0.50)
[door_detection_node-21] [INFO] [1790648348.101190760] [door_detection_node]: HSV candidate rejected: color=blue, edge-clipped bbox=(0,0,181,240), width_ratio=0.57
[state_machine_node-24] [INFO] [1790648349.288064086] [state_machine_node]: Post-open side retreat complete: lateral=0.48m <= target=0.48m
[state_machine_node-24] [INFO] [1790648349.292140865] [state_machine_node]: 파란 문 후보 없음. 2.0s 동안 정지 스캔 후 관측 기반 waypoint를 계획합니다.
[door_detection_node-21] [INFO] [1790648349.302907822] [door_detection_node]: 문 후보 발행: id=door_blue_e1b9f4, source=front, color=blue, dist=1.18m, conf=1.00, bbox=(46,0,234,240), rep_x=140, center_x=140, angle=4.9deg, center_angle=4.9deg, lidar=1.21m, visual=1.95m, goal=(15.90,0.93), handle=(15.86,1.76,0.83), handle_obs=True, handle_method=yolo:primary:item, handle_conf=0.55
[door_detection_node-21] [INFO] [1790648350.847653971] [door_detection_node]: 문 후보 발행: id=door_blue_579231, source=front, color=blue, dist=1.15m, conf=1.00, bbox=(84,0,273,240), rep_x=178, center_x=178, angle=-4.4deg, center_angle=-4.4deg, lidar=1.16m, visual=1.95m, goal=(14.77,1.21), handle=(15.89,1.76,0.82), handle_obs=True, handle_method=yolo:primary:item, handle_conf=0.45
[state_machine_node-24] [INFO] [1790648350.854211789] [state_machine_node]: Blue candidate door_blue_579231 ignored: physical/opened door station already handled nearby at (15.61, 1.73).
[door_detection_node-21] [INFO] [1790648352.407101296] [door_detection_node]: 문 후보 발행: id=door_blue_579231, source=front, color=blue, dist=1.17m, conf=1.00, bbox=(84,0,273,240), rep_x=178, center_x=178, angle=-4.4deg, center_angle=-4.4deg, lidar=1.18m, visual=1.95m, goal=(14.77,1.22), handle=(15.89,1.77,0.82), handle_obs=True, handle_method=yolo:primary:item, handle_conf=0.45
[state_machine_node-24] [INFO] [1790648352.927075197] [state_machine_node]: Exit scan allowed from accumulated green-exit memory: progress=16.04, exit_progress=20.28.
[state_machine_node-24] [INFO] [1790648352.927901030] [state_machine_node]: 비상구 이동 전 마지막 측면 문 스캔 시작
[door_detection_node-21] [INFO] [1790648354.231086810] [door_detection_node]: HSV candidate rejected: color=blue, edge-clipped bbox=(124,0,320,240), width_ratio=0.61
[door_detection_node-21] [INFO] [1790648354.865978111] [door_detection_node]: Side camera LiDAR range looks occluded; using visual range instead (source=front_left, lidar=1.19m, visual=3.37m)
[door_detection_node-21] [INFO] [1790648355.345743531] [door_detection_node]: 문 후보 발행: id=door_blue_587842, source=front_left, color=blue, dist=3.37m, conf=0.75, bbox=(43,48,90,187), rep_x=66, center_x=66, angle=91.9deg, center_angle=91.9deg, lidar=1.27m, visual=3.37m, goal=(14.52,-0.83), handle=(13.59,-1.66,1.00), handle_obs=True, handle_method=estimated, handle_conf=0.00
[state_machine_node-24] [INFO] [1790648355.350717701] [state_machine_node]: Blue candidate door_blue_587842 ignored: physical/opened door station already handled nearby at (13.59, -1.66).
[state_machine_node-24] [INFO] [1790648356.732727804] [state_machine_node]: Exit scan allowed from accumulated green-exit memory: progress=16.05, exit_progress=20.28.
[state_machine_node-24] [INFO] [1790648356.736835749] [state_machine_node]: Final exit scan complete. opened=3, no remaining blue door selected; moving to exit.
[state_machine_node-24] [INFO] [1790648356.738253643] [state_machine_node]: State: EXPLORING → EXITING
[state_machine_node-24] [INFO] [1790648357.654347870] [state_machine_node]: 비상구 탐지 확인: door_green_fd2838 (18.8, 0.3); Nav2 정렬 목표 (19.5, 0.1), 통과 완료 목표 (21.2, 0.1)를 사용합니다.
[navigation_node-22] [INFO] [1790648357.657270050] [navigation_node]: Navigation goal received: door emergency_exit_pass_through (color=green, frame=map, x=19.48, y=0.08)
[bt_navigator-17] [INFO] [1790648357.771430585] [bt_navigator]: Begin navigating from current location (16.05, 0.66) to (19.48, 0.08)
[navigation_node-22] [INFO] [1790648357.774040785] [navigation_node]: Navigation goal accepted by Nav2
[door_detection_node-21] [INFO] [1790648357.883537302] [door_detection_node]: 문 후보 발행: id=door_blue_f47587, source=front_right, color=blue, dist=1.16m, conf=1.00, bbox=(0,138,97,240), rep_x=48, center_x=48, angle=-44.4deg, center_angle=-44.4deg, lidar=1.19m, visual=4.59m, goal=(15.10,0.72), handle=(15.77,1.78,1.00), handle_obs=False, handle_method=estimated, handle_conf=0.00
[controller_server-13] [INFO] [1790648357.972577752] [controller_server]: Received a goal, begin computing control effort.
[state_machine_node-24] [INFO] [1790648358.390598827] [state_machine_node]: Blue candidate door_blue_f47587 ignored: physical/opened door station already handled nearby at (15.76, 1.82).
[door_detection_node-21] [INFO] [1790648358.946015238] [door_detection_node]: Side camera LiDAR range looks occluded; using visual range instead (source=front_left, lidar=1.16m, visual=3.63m)
[controller_server-13] [INFO] [1790648359.348375316] [controller_server]: Passing new path to controller.
[door_detection_node-21] [INFO] [1790648359.395672723] [door_detection_node]: 문 후보 발행: id=door_blue_c47315, source=front_left, color=blue, dist=3.63m, conf=0.78, bbox=(136,53,177,182), rep_x=156, center_x=156, angle=71.0deg, center_angle=71.0deg, lidar=1.21m, visual=3.63m, goal=(13.90,-0.58), handle=(13.24,-1.64,1.00), handle_obs=True, handle_method=estimated, handle_conf=0.00
[controller_server-13] [INFO] [1790648360.598560692] [controller_server]: Passing new path to controller.
[door_detection_node-21] [INFO] [1790648361.058763847] [door_detection_node]: 문 후보 발행: id=door_blue_ec7eb9, source=front_left, color=blue, dist=3.47m, conf=0.72, bbox=(252,49,298,184), rep_x=275, center_x=275, angle=43.8deg, center_angle=43.8deg, lidar=1.24m, visual=3.47m, goal=(15.18,1.07), handle=(15.11,-0.18,0.88), handle_obs=True, handle_method=yolo:primary:item, handle_conf=0.32
[state_machine_node-24] [INFO] [1790648361.061352086] [state_machine_node]: 파란 문 door_blue_ec7eb9 handle 제외: door_pose와 진행축 차이가 큼 handle_axis=(15.11, -0.35), pose_axis=(13.38, -1.73), max_delta=1.60m
[controller_server-13] [INFO] [1790648361.973369429] [controller_server]: Passing new path to controller.
[state_machine_node-24] [INFO] [1790648361.978577662] [state_machine_node]: Blue candidate door_blue_048113 ignored: physical/opened door station already handled nearby at (15.73, 1.83).
[controller_server-13] [INFO] [1790648363.223373357] [controller_server]: Passing new path to controller.
[door_detection_node-21] [INFO] [1790648363.287622078] [door_detection_node]: 문 후보 발행: id=door_blue_94357d, source=front, color=blue, dist=3.60m, conf=0.72, bbox=(74,53,117,183), rep_x=95, center_x=95, angle=15.5deg, center_angle=15.5deg, lidar=3.66m, visual=3.60m, goal=(12.84,-0.63), handle=(13.42,-1.73,1.00), handle_obs=True, handle_method=estimated, handle_conf=0.00
[controller_server-13] [INFO] [1790648364.474092569] [controller_server]: Passing new path to controller.
[door_detection_node-21] [INFO] [1790648365.667668883] [door_detection_node]: Side camera visual fallback rejected (source=front_right, lidar=1.77m, visual=7.93m > 4.50m)
[controller_server-13] [INFO] [1790648365.848423534] [controller_server]: Passing new path to controller.
[door_detection_node-21] [INFO] [1790648366.408908887] [door_detection_node]: 문 후보 발행: id=door_blue_815b12, source=front, color=blue, dist=3.57m, conf=0.74, bbox=(248,51,293,182), rep_x=270, center_x=270, angle=-25.2deg, center_angle=-25.2deg, lidar=3.78m, visual=3.57m, goal=(14.60,-2.13), handle=(13.44,-1.66,1.00), handle_obs=True, handle_method=estimated, handle_conf=0.00
[state_machine_node-24] [INFO] [1790648366.411917040] [state_machine_node]: Blue candidate door_blue_815b12 ignored: physical/opened door station already handled nearby at (13.44, -1.66).
[controller_server-13] [INFO] [1790648367.098326650] [controller_server]: Passing new path to controller.
[door_detection_node-21] [INFO] [1790648367.387085204] [door_detection_node]: Side camera LiDAR range looks occluded; using visual range instead (source=front_left, lidar=0.95m, visual=4.37m)
[state_machine_node-24] [INFO] [1790648367.414279055] [state_machine_node]: 보조 비상구 관측 저장: door_green_8fdc58 (20.4, 0.4)
[door_detection_node-21] [INFO] [1790648368.336827900] [door_detection_node]: 문 후보 발행: id=door_blue_a41c53, source=front_right, color=blue, dist=3.92m, conf=0.68, bbox=(29,43,77,191), rep_x=53, center_x=53, angle=-45.4deg, center_angle=-45.4deg, lidar=3.51m, visual=3.16m, goal=(14.23,-1.96), handle=(12.99,-1.84,1.00), handle_obs=True, handle_method=estimated, handle_conf=0.00
[controller_server-13] [INFO] [1790648368.473388004] [controller_server]: Passing new path to controller.
[controller_server-13] [INFO] [1790648369.723340896] [controller_server]: Passing new path to controller.
[planner_server-15] [INFO] [1790648369.821353171] [global_costmap.global_costmap]: StaticLayer: Resizing static layer to 477 X 89 at 0.050000 m/pix
[door_detection_node-21] [INFO] [1790648370.277052344] [door_detection_node]: 문 후보 발행: id=door_blue_6afcf5, source=front_right, color=blue, dist=3.78m, conf=0.74, bbox=(126,51,165,185), rep_x=145, center_x=145, angle=-66.3deg, center_angle=-66.3deg, lidar=3.32m, visual=3.49m, goal=(14.14,-1.53), handle=(12.92,-1.78,1.00), handle_obs=True, handle_method=estimated, handle_conf=0.00
[state_machine_node-24] [INFO] [1790648370.279951250] [state_machine_node]: Blue candidate door_blue_6afcf5 ignored: physical/opened door station already handled nearby at (12.92, -1.78).
[controller_server-13] [INFO] [1790648370.973369394] [controller_server]: Passing new path to controller.
[door_detection_node-21] [INFO] [1790648371.162087835] [door_detection_node]: Front lateral LiDAR range looks too long for the visible door; using visual range (lidar=3.33m, visual=2.59m)
[door_detection_node-21] [INFO] [1790648371.163169707] [door_detection_node]: YOLO 후보 제외: source=front, edge-clipped bbox=(0,28,47,209)
[door_detection_node-21] [INFO] [1790648372.147422379] [door_detection_node]: 문 후보 발행: id=door_blue_d50198, source=front_right, color=blue, dist=3.80m, conf=0.56, bbox=(203,51,238,188), rep_x=220, center_x=220, angle=-84.4deg, center_angle=-84.4deg, lidar=3.43m, visual=3.42m, goal=(13.90,-1.24), handle=(12.77,-1.78,1.00), handle_obs=True, handle_method=estimated, handle_conf=0.00
[controller_server-13] [INFO] [1790648372.348368351] [controller_server]: Passing new path to controller.
[controller_server-13] [INFO] [1790648373.598342539] [controller_server]: Passing new path to controller.
[controller_server-13] [INFO] [1790648374.973358747] [controller_server]: Passing new path to controller.
[controller_server-13] [INFO] [1790648376.223381309] [controller_server]: Passing new path to controller.
[door_detection_node-21] [INFO] [1790648376.570636920] [door_detection_node]: 문 후보 발행: id=door_green_a40069, source=front, color=green, dist=4.22m, conf=0.44, bbox=(0,57,68,168), rep_x=34, center_x=34, angle=28.3deg, center_angle=28.3deg, lidar=nonem, visual=4.22m, goal=(18.89,0.11), handle=(20.39,0.19,1.00), handle_obs=False, handle_method=estimated, handle_conf=0.00
[state_machine_node-24] [INFO] [1790648376.574851350] [state_machine_node]: 보조 비상구 관측 저장: door_green_a40069 (20.4, 0.2)
[controller_server-13] [INFO] [1790648377.473313417] [controller_server]: Passing new path to controller.
[door_detection_node-21] [INFO] [1790648377.747170656] [door_detection_node]: Front lateral LiDAR range looks too long for the visible door; using visual range (lidar=3.06m, visual=2.32m)
[door_detection_node-21] [INFO] [1790648378.150609891] [door_detection_node]: 문 후보 발행: id=door_green_a40069, source=front, color=green, dist=4.00m, conf=0.52, bbox=(0,57,78,174), rep_x=39, center_x=39, angle=27.3deg, center_angle=27.3deg, lidar=nonem, visual=4.00m, goal=(18.73,-0.07), handle=(20.23,-0.06,1.00), handle_obs=False, handle_method=estimated, handle_conf=0.00
[controller_server-13] [INFO] [1790648378.848463541] [controller_server]: Passing new path to controller.
[door_detection_node-21] [INFO] [1790648379.786197978] [door_detection_node]: 문 후보 발행: id=door_green_4404a4, source=front, color=green, dist=3.93m, conf=0.98, bbox=(0,56,87,175), rep_x=43, center_x=43, angle=26.6deg, center_angle=26.6deg, lidar=nonem, visual=3.93m, goal=(18.78,-0.04), handle=(20.28,0.01,1.00), handle_obs=False, handle_method=estimated, handle_conf=0.00
[state_machine_node-24] [INFO] [1790648379.788796915] [state_machine_node]: 보조 비상구 관측 저장: door_green_4404a4 (20.3, 0.0)
[controller_server-13] [INFO] [1790648380.098409892] [controller_server]: Passing new path to controller.
[planner_server-15] [INFO] [1790648380.821466131] [global_costmap.global_costmap]: StaticLayer: Resizing static layer to 478 X 89 at 0.050000 m/pix
[door_detection_node-21] [INFO] [1790648381.345001073] [door_detection_node]: 문 후보 발행: id=door_green_4404a4, source=front, color=green, dist=3.90m, conf=0.85, bbox=(17,55,100,175), rep_x=58, center_x=58, angle=23.6deg, center_angle=23.6deg, lidar=nonem, visual=3.90m, goal=(18.95,-0.08), handle=(20.45,0.01,1.00), handle_obs=False, handle_method=estimated, handle_conf=0.00
[controller_server-13] [INFO] [1790648381.473364531] [controller_server]: Passing new path to controller.
[controller_server-13] [INFO] [1790648382.723346710] [controller_server]: Passing new path to controller.
[door_detection_node-21] [INFO] [1790648382.900959902] [door_detection_node]: YOLO 후보 제외: source=front, edge-clipped bbox=(264,0,319,240)
[door_detection_node-21] [INFO] [1790648382.920536395] [door_detection_node]: 문 후보 발행: id=door_green_07904b, source=front, color=green, dist=3.93m, conf=0.89, bbox=(49,56,130,175), rep_x=89, center_x=89, angle=16.9deg, center_angle=16.9deg, lidar=nonem, visual=3.93m, goal=(19.22,-0.12), handle=(20.72,-0.01,1.00), handle_obs=False, handle_method=estimated, handle_conf=0.00
[state_machine_node-24] [INFO] [1790648382.923265552] [state_machine_node]: 보조 비상구 관측 저장: door_green_07904b (20.7, -0.0)
[controller_server-13] [INFO] [1790648383.973345830] [controller_server]: Passing new path to controller.
[controller_server-13] [INFO] [1790648385.348831305] [controller_server]: Passing new path to controller.
[door_detection_node-21] [INFO] [1790648385.759141565] [door_detection_node]: 문 후보 발행: id=door_green_07904b, source=front, color=green, dist=3.74m, conf=1.00, bbox=(66,53,151,178), rep_x=108, center_x=108, angle=12.5deg, center_angle=12.5deg, lidar=nonem, visual=3.74m, goal=(19.42,-0.17), handle=(20.91,-0.02,1.00), handle_obs=False, handle_method=estimated, handle_conf=0.00
[controller_server-13] [INFO] [1790648386.598409029] [controller_server]: Passing new path to controller.
[controller_server-13] [INFO] [1790648387.973406080] [controller_server]: Passing new path to controller.
[controller_server-13] [INFO] [1790648389.098375567] [controller_server]: Passing new path to controller.
[door_detection_node-21] [INFO] [1790648389.274232766] [door_detection_node]: 문 후보 발행: id=door_green_07904b, source=front, color=green, dist=3.47m, conf=1.00, bbox=(90,47,182,182), rep_x=136, center_x=136, angle=5.9deg, center_angle=5.9deg, lidar=nonem, visual=3.47m, goal=(19.61,-0.24), handle=(21.10,-0.10,1.00), handle_obs=False, handle_method=estimated, handle_conf=0.00
[state_machine_node-24] [INFO] [1790648389.277700898] [state_machine_node]: 보조 비상구 관측 저장: door_green_07904b (21.1, -0.1)
[controller_server-13] [INFO] [1790648390.473380636] [controller_server]: Passing new path to controller.
[door_detection_node-21] [INFO] [1790648390.949593828] [door_detection_node]: 문 후보 발행: id=door_green_07904b, source=front, color=green, dist=3.23m, conf=1.00, bbox=(105,42,201,187), rep_x=153, center_x=153, angle=1.7deg, center_angle=1.7deg, lidar=nonem, visual=3.23m, goal=(19.60,-0.26), handle=(21.10,-0.12,1.00), handle_obs=False, handle_method=estimated, handle_conf=0.00
[controller_server-13] [INFO] [1790648391.598364116] [controller_server]: Passing new path to controller.
[door_detection_node-21] [INFO] [1790648392.546537417] [door_detection_node]: 문 후보 발행: id=door_green_3bfaa1, source=front, color=green, dist=3.00m, conf=1.00, bbox=(115,36,217,192), rep_x=166, center_x=166, angle=-1.5deg, center_angle=-1.5deg, lidar=nonem, visual=3.00m, goal=(19.59,-0.27), handle=(21.08,-0.13,1.00), handle_obs=False, handle_method=estimated, handle_conf=0.00
[state_machine_node-24] [INFO] [1790648392.548812172] [state_machine_node]: 보조 비상구 관측 저장: door_green_3bfaa1 (21.1, -0.1)
[controller_server-13] [INFO] [1790648392.848399689] [controller_server]: Passing new path to controller.
[controller_server-13] [INFO] [1790648394.098356221] [controller_server]: Passing new path to controller.
[door_detection_node-21] [INFO] [1790648394.176161609] [door_detection_node]: 문 후보 발행: id=door_green_3bfaa1, source=front, color=green, dist=2.74m, conf=1.00, bbox=(132,28,242,199), rep_x=187, center_x=187, angle=-6.6deg, center_angle=-6.6deg, lidar=nonem, visual=2.74m, goal=(19.54,-0.29), handle=(21.03,-0.16,1.00), handle_obs=False, handle_method=estimated, handle_conf=0.00
[controller_server-13] [INFO] [1790648395.473377370] [controller_server]: Passing new path to controller.
[door_detection_node-21] [INFO] [1790648396.085271914] [door_detection_node]: 문 후보 발행: id=door_green_3bfaa1, source=front, color=green, dist=2.41m, conf=1.00, bbox=(153,16,278,210), rep_x=215, center_x=215, angle=-13.2deg, center_angle=-13.2deg, lidar=nonem, visual=2.41m, goal=(19.46,-0.29), handle=(20.95,-0.20,1.00), handle_obs=False, handle_method=estimated, handle_conf=0.00
[state_machine_node-24] [INFO] [1790648396.087907606] [state_machine_node]: 보조 비상구 관측 저장: door_green_3bfaa1 (21.0, -0.2)
[controller_server-13] [INFO] [1790648396.723364364] [controller_server]: Passing new path to controller.
[controller_server-13] [INFO] [1790648397.973343133] [controller_server]: Passing new path to controller.
[controller_server-13] [INFO] [1790648399.348299925] [controller_server]: Passing new path to controller.
[planner_server-15] [INFO] [1790648399.821338147] [global_costmap.global_costmap]: StaticLayer: Resizing static layer to 479 X 89 at 0.050000 m/pix
[controller_server-13] [INFO] [1790648400.473333243] [controller_server]: Passing new path to controller.
[controller_server-13] [INFO] [1790648401.848671423] [controller_server]: Passing new path to controller.
[controller_server-13] [INFO] [1790648403.098413566] [controller_server]: Passing new path to controller.
[door_detection_node-21] [INFO] [1790648403.976815588] [door_detection_node]: 문 후보 발행: id=door_green_44a387, source=front, color=green, dist=2.33m, conf=1.00, bbox=(237,0,271,236), rep_x=254, center_x=254, angle=-21.9deg, center_angle=-21.9deg, lidar=2.33m, visual=1.98m, goal=(20.16,0.15), handle=(21.63,0.48,1.00), handle_obs=False, handle_method=estimated, handle_conf=0.00
[state_machine_node-24] [INFO] [1790648403.978816738] [state_machine_node]: 보조 비상구 관측 저장: door_green_44a387 (21.6, 0.5)
[controller_server-13] [INFO] [1790648404.475159757] [controller_server]: Passing new path to controller.
[controller_server-13] [INFO] [1790648404.984639242] [controller_server]: Reached the goal!
[bt_navigator-17] [INFO] [1790648405.472348069] [bt_navigator]: Goal succeeded
[navigation_node-22] [INFO] [1790648405.473238261] [navigation_node]: Navigation succeeded.
[state_machine_node-24] [INFO] [1790648405.474649042] [state_machine_node]: Navigation succeeded.
[door_detection_node-21] [INFO] [1790648405.899966864] [door_detection_node]: 문 후보 발행: id=door_green_44a387, source=front, color=green, dist=2.24m, conf=1.00, bbox=(253,0,272,240), rep_x=262, center_x=262, angle=-23.6deg, center_angle=-23.6deg, lidar=2.24m, visual=1.95m, goal=(20.12,0.16), handle=(21.58,0.52,1.00), handle_obs=False, handle_method=estimated, handle_conf=0.00
[state_machine_node-24] [INFO] [1790648406.339219972] [state_machine_node]: 비상구 탐지 확인: door_green_44a387 (20.1, 0.2); Nav2 정렬 목표 (20.8, 0.5), 통과 완료 목표 (22.5, 0.5)를 사용합니다.
[navigation_node-22] [INFO] [1790648406.402198556] [navigation_node]: Navigation goal received: door emergency_exit_pass_through (color=green, frame=map, x=20.78, y=0.51)
[bt_navigator-17] [INFO] [1790648406.585446069] [bt_navigator]: Begin navigating from current location (19.40, -0.01) to (20.78, 0.51)
[navigation_node-22] [INFO] [1790648406.588377913] [navigation_node]: Navigation goal accepted by Nav2
[controller_server-13] [INFO] [1790648406.788485622] [controller_server]: Received a goal, begin computing control effort.
[door_detection_node-21] [INFO] [1790648407.834046537] [door_detection_node]: 문 후보 발행: id=door_green_44a387, source=front, color=green, dist=2.24m, conf=1.00, bbox=(243,0,262,240), rep_x=252, center_x=252, angle=-21.5deg, center_angle=-21.5deg, lidar=2.24m, visual=1.95m, goal=(20.15,0.14), handle=(21.62,0.42,1.00), handle_obs=False, handle_method=estimated, handle_conf=0.00
[state_machine_node-24] [INFO] [1790648407.838805927] [state_machine_node]: 보조 비상구 관측 저장: door_green_44a387 (21.6, 0.4)
[controller_server-13] [INFO] [1790648408.164239757] [controller_server]: Passing new path to controller.
[controller_server-13] [INFO] [1790648409.414177548] [controller_server]: Passing new path to controller.
[door_detection_node-21] [INFO] [1790648409.464486408] [door_detection_node]: 문 후보 발행: id=door_green_3bfaa1, source=front, color=green, dist=2.00m, conf=1.00, bbox=(210,0,228,240), rep_x=219, center_x=219, angle=-14.2deg, center_angle=-14.2deg, lidar=2.00m, visual=1.95m, goal=(20.10,0.18), handle=(21.58,0.42,1.00), handle_obs=False, handle_method=estimated, handle_conf=0.00
[controller_server-13] [INFO] [1790648410.789166210] [controller_server]: Passing new path to controller.
[door_detection_node-21] [INFO] [1790648411.057761359] [door_detection_node]: 문 후보 발행: id=door_green_e43eec, source=front, color=green, dist=1.86m, conf=1.00, bbox=(193,0,213,240), rep_x=203, center_x=203, angle=-10.4deg, center_angle=-10.4deg, lidar=1.86m, visual=1.95m, goal=(20.16,0.22), handle=(21.64,0.44,1.00), handle_obs=False, handle_method=estimated, handle_conf=0.00
[state_machine_node-24] [INFO] [1790648411.062215514] [state_machine_node]: 보조 비상구 관측 저장: door_green_e43eec (21.6, 0.4)
[controller_server-13] [INFO] [1790648412.039159408] [controller_server]: Passing new path to controller.
[door_detection_node-21] [INFO] [1790648412.703972881] [door_detection_node]: 문 후보 발행: id=door_green_e43eec, source=front, color=green, dist=1.65m, conf=1.00, bbox=(188,0,210,240), rep_x=199, center_x=199, angle=-9.5deg, center_angle=-9.5deg, lidar=1.65m, visual=1.95m, goal=(20.29,0.30), handle=(21.63,0.49,1.00), handle_obs=False, handle_method=estimated, handle_conf=0.00
[controller_server-13] [INFO] [1790648413.291557085] [controller_server]: Passing new path to controller.
[door_detection_node-21] [INFO] [1790648414.368821453] [door_detection_node]: 문 후보 발행: id=door_green_e43eec, source=front, color=green, dist=1.46m, conf=1.00, bbox=(187,0,213,240), rep_x=200, center_x=200, angle=-9.7deg, center_angle=-9.7deg, lidar=1.35m, visual=1.95m, goal=(20.49,0.37), handle=(21.64,0.51,1.00), handle_obs=False, handle_method=estimated, handle_conf=0.00
[state_machine_node-24] [INFO] [1790648414.371365062] [state_machine_node]: 보조 비상구 관측 저장: door_green_e43eec (21.6, 0.5)
[controller_server-13] [INFO] [1790648414.664164931] [controller_server]: Passing new path to controller.
[controller_server-13] [INFO] [1790648415.914251350] [controller_server]: Passing new path to controller.
[door_detection_node-21] [INFO] [1790648415.966374290] [door_detection_node]: 문 후보 발행: id=door_green_e43eec, source=front, color=green, dist=1.25m, conf=1.00, bbox=(187,0,216,240), rep_x=201, center_x=201, angle=-9.9deg, center_angle=-9.9deg, lidar=1.25m, visual=1.95m, goal=(20.69,0.41), handle=(21.63,0.51,1.00), handle_obs=False, handle_method=estimated, handle_conf=0.00
[controller_server-13] [INFO] [1790648417.289168213] [controller_server]: Passing new path to controller.
[door_detection_node-21] [INFO] [1790648417.943706867] [door_detection_node]: 문 후보 발행: id=door_green_e43eec, source=front, color=green, dist=1.06m, conf=1.00, bbox=(189,0,223,240), rep_x=206, center_x=206, angle=-11.1deg, center_angle=-11.1deg, lidar=1.06m, visual=1.95m, goal=(20.83,0.46), handle=(21.59,0.52,1.00), handle_obs=False, handle_method=estimated, handle_conf=0.00
[state_machine_node-24] [INFO] [1790648417.946632896] [state_machine_node]: 보조 비상구 관측 저장: door_green_e43eec (21.6, 0.5)
[controller_server-13] [INFO] [1790648418.539145136] [controller_server]: Passing new path to controller.
[controller_server-13] [INFO] [1790648419.789191750] [controller_server]: Passing new path to controller.
[door_detection_node-21] [INFO] [1790648419.915121177] [door_detection_node]: 문 후보 발행: id=door_green_e43eec, source=front, color=green, dist=1.03m, conf=1.00, bbox=(187,0,223,240), rep_x=205, center_x=205, angle=-10.9deg, center_angle=-10.9deg, lidar=1.03m, visual=1.95m, goal=(20.91,0.48), handle=(21.64,0.52,1.00), handle_obs=False, handle_method=estimated, handle_conf=0.00
[controller_server-13] [INFO] [1790648421.164171274] [controller_server]: Passing new path to controller.
[door_detection_node-21] [INFO] [1790648421.489059475] [door_detection_node]: 문 후보 발행: id=door_green_e43eec, source=front, color=green, dist=0.94m, conf=0.27, bbox=(186,0,224,238), rep_x=205, center_x=205, angle=-10.9deg, center_angle=-10.9deg, lidar=0.94m, visual=1.97m, goal=(20.96,0.50), handle=(21.60,0.53,1.00), handle_obs=False, handle_method=estimated, handle_conf=0.00
[controller_server-13] [INFO] [1790648422.414294935] [controller_server]: Passing new path to controller.
[door_detection_node-21] [INFO] [1790648423.208874789] [door_detection_node]: 문 후보 발행: id=door_green_e43eec, source=front, color=green, dist=0.90m, conf=1.00, bbox=(213,0,254,240), rep_x=233, center_x=233, angle=-17.3deg, center_angle=-17.3deg, lidar=0.90m, visual=1.95m, goal=(20.96,0.46), handle=(21.57,0.50,1.00), handle_obs=False, handle_method=estimated, handle_conf=0.00
[state_machine_node-24] [INFO] [1790648423.211610431] [state_machine_node]: 보조 비상구 관측 저장: door_green_e43eec (21.6, 0.5)
[controller_server-13] [INFO] [1790648423.789161284] [controller_server]: Passing new path to controller.
[door_detection_node-21] [INFO] [1790648424.789179857] [door_detection_node]: 문 후보 발행: id=door_green_80be29, source=front, color=green, dist=0.94m, conf=0.24, bbox=(228,0,274,240), rep_x=251, center_x=251, angle=-21.3deg, center_angle=-21.3deg, lidar=0.94m, visual=1.95m, goal=(20.98,0.47), handle=(21.62,0.49,1.00), handle_obs=False, handle_method=estimated, handle_conf=0.00
[controller_server-13] [INFO] [1790648424.798399940] [controller_server]: Reached the goal!
[controller_server-13] [INFO] [1790648424.986779586] [controller_server]: Received a goal, begin computing control effort.
[controller_server-13] [INFO] [1790648425.622697330] [controller_server]: Reached the goal!
[navigation_node-22] [INFO] [1790648425.987768453] [navigation_node]: Navigation succeeded.
[bt_navigator-17] [INFO] [1790648425.990628671] [bt_navigator]: Goal succeeded
[state_machine_node-24] [INFO] [1790648425.993781551] [state_machine_node]: Navigation succeeded.
[door_detection_node-21] [INFO] [1790648426.440445209] [door_detection_node]: 문 후보 발행: id=door_green_80be29, source=front, color=green, dist=0.92m, conf=1.00, bbox=(247,0,294,240), rep_x=270, center_x=270, angle=-25.2deg, center_angle=-25.2deg, lidar=0.92m, visual=1.95m, goal=(20.98,0.46), handle=(21.59,0.46,1.00), handle_obs=False, handle_method=estimated, handle_conf=0.00
[state_machine_node-24] [INFO] [1790648426.442850483] [state_machine_node]: 보조 비상구 관측 저장: door_green_80be29 (21.6, 0.5)
[state_machine_node-24] [INFO] [1790648426.969295247] [state_machine_node]: 비상구 탐지 확인: door_green_80be29 (21.0, 0.5); Nav2 정렬 목표 (20.8, 0.5), 통과 완료 목표 (22.5, 0.5)를 사용합니다.
[state_machine_node-24] [INFO] [1790648426.970524140] [state_machine_node]: Observed exit aperture: approach=(20.84174648713963, -0.14697213786988023, 0.06783216399849834), crossing=(22.537836964424883, -0.0317458697610784, 0.06783216399849834)
[navigation_node-22] [INFO] [1790648426.975026186] [navigation_node]: Navigation goal received: door emergency_exit_pass_through (color=green, frame=map, x=20.84, y=-0.15)
[bt_navigator-17] [INFO] [1790648427.202441272] [bt_navigator]: Begin navigating from current location (20.68, 0.46) to (20.84, -0.15)
[navigation_node-22] [INFO] [1790648427.205397806] [navigation_node]: Navigation goal accepted by Nav2
[controller_server-13] [INFO] [1790648427.404099526] [controller_server]: Received a goal, begin computing control effort.
[door_detection_node-21] [INFO] [1790648428.421001072] [door_detection_node]: 문 후보 발행: id=door_green_80be29, source=front, color=green, dist=0.91m, conf=1.00, bbox=(237,0,282,240), rep_x=259, center_x=259, angle=-22.9deg, center_angle=-22.9deg, lidar=0.91m, visual=1.95m, goal=(20.98,0.46), handle=(21.58,0.45,1.00), handle_obs=False, handle_method=estimated, handle_conf=0.00
[controller_server-13] [INFO] [1790648428.779697635] [controller_server]: Passing new path to controller.
[planner_server-15] [INFO] [1790648428.821479523] [global_costmap.global_costmap]: StaticLayer: Resizing static layer to 480 X 89 at 0.050000 m/pix
[controller_server-13] [INFO] [1790648430.029648433] [controller_server]: Passing new path to controller.
[door_detection_node-21] [INFO] [1790648430.039594773] [door_detection_node]: 문 후보 발행: id=door_green_7bd7c8, source=front, color=green, dist=0.90m, conf=1.00, bbox=(130,0,169,240), rep_x=149, center_x=149, angle=2.7deg, center_angle=2.7deg, lidar=0.90m, visual=1.95m, goal=(20.99,0.49), handle=(21.59,0.51,1.00), handle_obs=False, handle_method=estimated, handle_conf=0.00
[state_machine_node-24] [INFO] [1790648430.042389904] [state_machine_node]: 보조 비상구 관측 저장: door_green_7bd7c8 (21.6, 0.5)
[controller_server-13] [INFO] [1790648431.404663697] [controller_server]: Passing new path to controller.
[door_detection_node-21] [INFO] [1790648432.051895728] [door_detection_node]: 문 후보 발행: id=door_green_80be29, source=front, color=green, dist=1.65m, conf=1.00, bbox=(274,0,309,240), rep_x=291, center_x=291, angle=-29.2deg, center_angle=-29.2deg, lidar=1.65m, visual=1.95m, goal=(20.81,0.28), handle=(21.46,-0.90,1.00), handle_obs=False, handle_method=estimated, handle_conf=0.00
[controller_server-13] [INFO] [1790648432.529681369] [controller_server]: Passing new path to controller.
[controller_server-13] [INFO] [1790648433.779655303] [controller_server]: Passing new path to controller.
[door_detection_node-21] [INFO] [1790648434.128553542] [door_detection_node]: 문 후보 발행: id=door_green_e43eec, source=front, color=green, dist=1.50m, conf=1.00, bbox=(151,0,180,240), rep_x=165, center_x=165, angle=-1.2deg, center_angle=-1.2deg, lidar=1.50m, visual=1.95m, goal=(20.93,0.22), handle=(21.56,-0.79,1.00), handle_obs=False, handle_method=estimated, handle_conf=0.00
[controller_server-13] [INFO] [1790648435.029907597] [controller_server]: Passing new path to controller.
[door_detection_node-21] [INFO] [1790648435.741209564] [door_detection_node]: 문 후보 발행: id=door_green_db1a33, source=front_left, color=green, dist=0.82m, conf=1.00, bbox=(0,0,66,240), rep_x=33, center_x=33, angle=98.5deg, center_angle=98.5deg, lidar=0.82m, visual=1.95m, goal=(21.11,0.47), handle=(21.57,0.70,1.00), handle_obs=False, handle_method=estimated, handle_conf=0.00
[state_machine_node-24] [INFO] [1790648435.744659506] [state_machine_node]: 보조 비상구 관측 저장: door_green_db1a33 (21.6, 0.7)
[controller_server-13] [INFO] [1790648436.404699708] [controller_server]: Passing new path to controller.
[controller_server-13] [INFO] [1790648437.654681837] [controller_server]: Passing new path to controller.
[door_detection_node-21] [INFO] [1790648437.768243727] [door_detection_node]: 문 후보 발행: id=door_green_92ec12, source=front_left, color=green, dist=1.37m, conf=1.00, bbox=(308,0,320,240), rep_x=314, center_x=314, angle=36.7deg, center_angle=36.7deg, lidar=1.37m, visual=1.95m, goal=(21.10,-0.10), handle=(21.78,-0.92,1.00), handle_obs=False, handle_method=estimated, handle_conf=0.00
[door_detection_node-21] [INFO] [1790648438.864278783] [door_detection_node]: YOLO 후보 제외: source=front_right, edge-clipped bbox=(0,1,58,237)
[door_detection_node-21] [INFO] [1790648438.876600991] [door_detection_node]: YOLO 후보 제외: source=front_right, far small dist=4.78m, conf=0.22, bbox=(304,62,320,172)
[controller_server-13] [INFO] [1790648438.904669459] [controller_server]: Passing new path to controller.
[door_detection_node-21] [INFO] [1790648439.472509589] [door_detection_node]: 문 후보 발행: id=door_green_27342d, source=front_left, color=green, dist=1.29m, conf=1.00, bbox=(176,0,229,240), rep_x=202, center_x=202, angle=59.8deg, center_angle=59.8deg, lidar=1.29m, visual=1.95m, goal=(21.15,-0.20), handle=(21.83,-0.92,1.00), handle_obs=False, handle_method=estimated, handle_conf=0.00
[state_machine_node-24] [INFO] [1790648439.475024230] [state_machine_node]: 보조 비상구 관측 저장: door_green_27342d (21.8, -0.9)
[door_detection_node-21] [INFO] [1790648439.831238491] [door_detection_node]: Front lateral LiDAR range looks too long for the visible door; using visual range (lidar=2.88m, visual=2.12m)
[controller_server-13] [INFO] [1790648440.279714644] [controller_server]: Passing new path to controller.
[door_detection_node-21] [INFO] [1790648440.515878911] [door_detection_node]: Side camera visual fallback rejected (source=front_right, lidar=2.97m, visual=4.88m > 4.50m)
[door_detection_node-21] [INFO] [1790648441.126007775] [door_detection_node]: 문 후보 발행: id=door_green_391782, source=front_left, color=green, dist=1.07m, conf=1.00, bbox=(80,0,134,240), rep_x=107, center_x=107, angle=82.8deg, center_angle=82.8deg, lidar=1.07m, visual=1.95m, goal=(21.17,-0.26), handle=(21.77,-0.74,1.00), handle_obs=False, handle_method=estimated, handle_conf=0.00
[controller_server-13] [INFO] [1790648441.529690546] [controller_server]: Passing new path to controller.
[controller_server-13] [INFO] [1790648441.547158924] [controller_server]: Reached the goal!
[bt_navigator-17] [INFO] [1790648442.003099446] [bt_navigator]: Goal succeeded
[navigation_node-22] [INFO] [1790648442.006084007] [navigation_node]: Navigation succeeded.
[state_machine_node-24] [INFO] [1790648442.007496569] [state_machine_node]: Navigation succeeded.
[state_machine_node-24] [INFO] [1790648442.185785451] [state_machine_node]: 비상구 탐지 확인: door_green_391782 (21.2, -0.3); Nav2 정렬 목표 (21.0, -0.8), 통과 완료 목표 (22.7, -0.7)를 사용합니다.
[state_machine_node-24] [INFO] [1790648442.187232822] [state_machine_node]: Observed exit aperture: approach=(20.92660994075863, -0.11441579484831868, -0.008731582112158964), crossing=(22.626545136723102, -0.12925929582459045, -0.008731582112158964)
[navigation_node-22] [INFO] [1790648442.193845615] [navigation_node]: Navigation goal received: door emergency_exit_pass_through (color=green, frame=map, x=22.63, y=-0.13)
[bt_navigator-17] [INFO] [1790648442.460397170] [bt_navigator]: Begin navigating from current location (20.94, -0.06) to (22.63, -0.13)
[navigation_node-22] [INFO] [1790648442.464324165] [navigation_node]: Navigation goal accepted by Nav2
[door_detection_node-21] [INFO] [1790648442.520150206] [door_detection_node]: Side camera visual fallback rejected (source=front_right, lidar=2.99m, visual=4.98m > 4.50m)
[controller_server-13] [INFO] [1790648442.662305662] [controller_server]: Received a goal, begin computing control effort.
[door_detection_node-21] [INFO] [1790648443.898257765] [door_detection_node]: 문 후보 발행: id=door_green_391782, source=front_left, color=green, dist=0.87m, conf=1.00, bbox=(53,0,109,240), rep_x=81, center_x=81, angle=88.7deg, center_angle=88.7deg, lidar=0.87m, visual=1.95m, goal=(21.19,-0.22), handle=(21.67,-0.54,1.00), handle_obs=False, handle_method=estimated, handle_conf=0.00
[state_machine_node-24] [INFO] [1790648443.901817570] [state_machine_node]: 보조 비상구 관측 저장: door_green_391782 (21.7, -0.5)
[controller_server-13] [INFO] [1790648444.037957928] [controller_server]: Passing new path to controller.
[controller_server-13] [INFO] [1790648445.288380133] [controller_server]: Passing new path to controller.
[door_detection_node-21] [INFO] [1790648445.335283644] [door_detection_node]: Side camera LiDAR range looks occluded; using visual range instead (source=front_right, lidar=2.90m, visual=4.46m)
[door_detection_node-21] [INFO] [1790648445.763765139] [door_detection_node]: 문 후보 발행: id=door_blue_6f73e4, source=front_right, color=blue, dist=4.46m, conf=0.31, bbox=(265,64,291,169), rep_x=278, center_x=278, angle=-96.8deg, center_angle=-96.8deg, lidar=3.51m, visual=4.46m, goal=(17.91,1.05), handle=(16.68,1.29,1.00), handle_obs=True, handle_method=estimated, handle_conf=0.00
[state_machine_node-24] [INFO] [1790648445.767502516] [state_machine_node]: Blue candidate door_blue_6f73e4 ignored: physical/opened door station already handled nearby at (16.68, 1.29).
[controller_server-13] [INFO] [1790648446.663010809] [controller_server]: Passing new path to controller.
[controller_server-13] [INFO] [1790648447.912973452] [controller_server]: Passing new path to controller.
[door_detection_node-21] [INFO] [1790648448.742817950] [door_detection_node]: 문 후보 발행: id=door_green_b4e074, source=front, color=green, dist=1.07m, conf=1.00, bbox=(46,0,97,240), rep_x=71, center_x=71, angle=20.8deg, center_angle=20.8deg, lidar=1.07m, visual=1.95m, goal=(21.12,-0.22), handle=(21.77,-0.62,1.00), handle_obs=False, handle_method=estimated, handle_conf=0.00
[state_machine_node-24] [INFO] [1790648448.748404795] [state_machine_node]: 보조 비상구 관측 저장: door_green_b4e074 (21.8, -0.6)
[controller_server-13] [INFO] [1790648449.163014838] [controller_server]: Passing new path to controller.
[door_detection_node-21] [INFO] [1790648450.396424445] [door_detection_node]: 문 후보 발행: id=door_green_391782, source=front_left, color=green, dist=0.94m, conf=1.00, bbox=(72,0,124,240), rep_x=98, center_x=98, angle=84.8deg, center_angle=84.8deg, lidar=0.94m, visual=1.95m, goal=(21.04,0.16), handle=(21.43,0.66,1.00), handle_obs=False, handle_method=estimated, handle_conf=0.00
[controller_server-13] [INFO] [1790648450.537939582] [controller_server]: Passing new path to controller.
[controller_server-13] [INFO] [1790648451.788016507] [controller_server]: Passing new path to controller.
[door_detection_node-21] [INFO] [1790648452.138707354] [door_detection_node]: 문 후보 발행: id=door_green_27342d, source=front_left, color=green, dist=1.10m, conf=1.00, bbox=(175,0,228,240), rep_x=201, center_x=201, angle=60.1deg, center_angle=60.1deg, lidar=1.10m, visual=1.95m, goal=(21.11,0.15), handle=(21.62,0.76,1.00), handle_obs=False, handle_method=estimated, handle_conf=0.00
[state_machine_node-24] [INFO] [1790648452.141095340] [state_machine_node]: 보조 비상구 관측 저장: door_green_27342d (21.6, 0.8)
[controller_server-13] [INFO] [1790648453.162966234] [controller_server]: Passing new path to controller.
[controller_server-13] [INFO] [1790648454.413016278] [controller_server]: Passing new path to controller.
[controller_server-13] [INFO] [1790648455.662960169] [controller_server]: Passing new path to controller.
[controller_server-13] [INFO] [1790648456.912980768] [controller_server]: Passing new path to controller.
[controller_server-13] [INFO] [1790648458.163040953] [controller_server]: Passing new path to controller.
[door_detection_node-21] [INFO] [1790648458.300058511] [door_detection_node]: 문 후보 발행: id=door_green_fdfb06, source=front_right, color=green, dist=0.61m, conf=0.50, bbox=(199,0,281,240), rep_x=240, center_x=240, angle=-88.9deg, center_angle=-88.9deg, lidar=0.61m, visual=1.95m, goal=(21.45,-0.36), handle=(21.49,-0.67,1.00), handle_obs=False, handle_method=estimated, handle_conf=0.00
[state_machine_node-24] [INFO] [1790648458.302782639] [state_machine_node]: 보조 비상구 관측 저장: door_green_fdfb06 (21.5, -0.7)
[controller_server-13] [INFO] [1790648459.537983301] [controller_server]: Passing new path to controller.
[controller_server-13] [INFO] [1790648460.788057401] [controller_server]: Passing new path to controller.
[controller_server-13] [INFO] [1790648462.163573471] [controller_server]: Passing new path to controller.
[planner_server-15] [INFO] [1790648462.321396201] [global_costmap.global_costmap]: StaticLayer: Resizing static layer to 482 X 89 at 0.050000 m/pix
[planner_server-15] [INFO] [1790648463.321366264] [global_costmap.global_costmap]: StaticLayer: Resizing static layer to 484 X 89 at 0.050000 m/pix
[controller_server-13] [INFO] [1790648463.413322098] [controller_server]: Passing new path to controller.
[planner_server-15] [INFO] [1790648464.321536453] [global_costmap.global_costmap]: StaticLayer: Resizing static layer to 486 X 89 at 0.050000 m/pix
[controller_server-13] [INFO] [1790648464.662999996] [controller_server]: Passing new path to controller.
[planner_server-15] [INFO] [1790648465.321404876] [global_costmap.global_costmap]: StaticLayer: Resizing static layer to 489 X 89 at 0.050000 m/pix
[controller_server-13] [INFO] [1790648466.037936440] [controller_server]: Passing new path to controller.
[planner_server-15] [INFO] [1790648466.321385086] [global_costmap.global_costmap]: StaticLayer: Resizing static layer to 490 X 89 at 0.050000 m/pix
[controller_server-13] [INFO] [1790648467.288041924] [controller_server]: Passing new path to controller.
[planner_server-15] [INFO] [1790648467.321510481] [global_costmap.global_costmap]: StaticLayer: Resizing static layer to 492 X 89 at 0.050000 m/pix
[planner_server-15] [INFO] [1790648468.322114503] [global_costmap.global_costmap]: StaticLayer: Resizing static layer to 494 X 89 at 0.050000 m/pix
[controller_server-13] [INFO] [1790648468.662965870] [controller_server]: Passing new path to controller.
[planner_server-15] [INFO] [1790648469.321475714] [global_costmap.global_costmap]: StaticLayer: Resizing static layer to 495 X 89 at 0.050000 m/pix
[controller_server-13] [INFO] [1790648469.788020485] [controller_server]: Passing new path to controller.
[controller_server-13] [INFO] [1790648469.799549323] [controller_server]: Reached the goal!
[bt_navigator-17] [INFO] [1790648470.261005371] [bt_navigator]: Goal succeeded
[navigation_node-22] [INFO] [1790648470.264171979] [navigation_node]: Navigation succeeded.
[state_machine_node-24] [INFO] [1790648470.266037167] [state_machine_node]: Navigation succeeded.
[state_machine_node-24] [INFO] [1790648471.205818648] [state_machine_node]: State: EXITING → MISSION_COMPLETE
[planner_server-15] [INFO] [1790648471.321551501] [global_costmap.global_costmap]: StaticLayer: Resizing static layer to 496 X 89 at 0.050000 m/pix
[state_machine_node-24] [INFO] [1790648472.229829749] [state_machine_node]: 미션 완료! 개방한 문: 3개. 로봇이 비상구에 도착했습니다.
[WARNING] [launch]: user interrupted with ctrl-c (SIGINT)
[state_machine_node-24] Traceback (most recent call last):
[state_machine_node-24]   File "/home/junyoung/fire_robot_ws_observed_nav_20260928/install/fire_robot_fsm/lib/fire_robot_fsm/state_machine_node", line 33, in <module>
[state_machine_node-24]     sys.exit(load_entry_point('fire-robot-fsm', 'console_scripts', 'state_machine_node')())
[state_machine_node-24]   File "/home/junyoung/fire_robot_ws_observed_nav_20260928/build/fire_robot_fsm/fire_robot_fsm/state_machine_node.py", line 19180, in main
[navigation_node-22] Traceback (most recent call last):
[navigation_node-22]   File "/home/junyoung/fire_robot_ws_observed_nav_20260928/install/fire_robot_navigation/lib/fire_robot_navigation/navigation_node", line 33, in <module>
[navigation_node-22]     sys.exit(load_entry_point('fire-robot-navigation', 'console_scripts', 'navigation_node')())
[navigation_node-22]   File "/home/junyoung/fire_robot_ws_observed_nav_20260928/build/fire_robot_navigation/fire_robot_navigation/navigation_node.py", line 1169, in main
[navigation_node-22]     rclpy.spin(node)
[navigation_node-22]   File "/opt/ros/humble/local/lib/python3.10/dist-packages/rclpy/__init__.py", line 229, in spin
[navigation_node-22]     executor.spin_once()
[navigation_node-22]   File "/opt/ros/humble/local/lib/python3.10/dist-packages/rclpy/executors.py", line 808, in spin_once
[navigation_node-22]     self._spin_once_impl(timeout_sec)
[navigation_node-22]   File "/opt/ros/humble/local/lib/python3.10/dist-packages/rclpy/executors.py", line 797, in _spin_once_impl
[navigation_node-22]     handler, entity, node = self.wait_for_ready_callbacks(timeout_sec=timeout_sec)
[navigation_node-22]   File "/opt/ros/humble/local/lib/python3.10/dist-packages/rclpy/executors.py", line 780, in wait_for_ready_callbacks
[navigation_node-22]     return next(self._cb_iter)
[navigation_node-22]   File "/opt/ros/humble/local/lib/python3.10/dist-packages/rclpy/executors.py", line 677, in _wait_for_ready_callbacks
[navigation_node-22]     wait_set.wait(timeout_nsec)
[navigation_node-22] KeyboardInterrupt
[lifecycle_manager-19] [INFO] [1790648472.665959802] [rclcpp]: signal_handler(SIGINT/SIGTERM)
[lifecycle_manager-19] [INFO] [1790648472.666454123] [lifecycle_manager_navigation]: Running Nav2 LifecycleManager rcl preshutdown (lifecycle_manager_navigation)
[lifecycle_manager-19] [INFO] [1790648472.666586599] [lifecycle_manager_navigation]: [34m[1mTerminating bond timer...[0m[0m
[velocity_smoother-18] [INFO] [1790648472.666203907] [rclcpp]: signal_handler(SIGINT/SIGTERM)
[velocity_smoother-18] [INFO] [1790648472.666464269] [velocity_smoother]: Running Nav2 LifecycleNode rcl preshutdown (velocity_smoother)
[velocity_smoother-18] [INFO] [1790648472.666572545] [velocity_smoother]: Deactivating
[velocity_smoother-18] [INFO] [1790648472.666651889] [velocity_smoother]: Destroying bond (velocity_smoother) to lifecycle manager.
[mission_axis_node-20] Traceback (most recent call last):
[mission_axis_node-20]   File "/home/junyoung/fire_robot_ws_observed_nav_20260928/install/fire_robot_navigation/lib/fire_robot_navigation/mission_axis_node", line 33, in <module>
[mission_axis_node-20]     sys.exit(load_entry_point('fire-robot-navigation', 'console_scripts', 'mission_axis_node')())
[mission_axis_node-20]   File "/home/junyoung/fire_robot_ws_observed_nav_20260928/build/fire_robot_navigation/fire_robot_navigation/mission_axis_node.py", line 272, in main
[mission_axis_node-20]     rclpy.spin(node)
[mission_axis_node-20]   File "/opt/ros/humble/local/lib/python3.10/dist-packages/rclpy/__init__.py", line 229, in spin
[mission_axis_node-20]     executor.spin_once()
[mission_axis_node-20]   File "/opt/ros/humble/local/lib/python3.10/dist-packages/rclpy/executors.py", line 808, in spin_once
[robot_state_publisher-4] [INFO] [1790648472.666330145] [rclcpp]: signal_handler(SIGINT/SIGTERM)
[behavior_server-16] [INFO] [1790648472.666577233] [rclcpp]: signal_handler(SIGINT/SIGTERM)
[behavior_server-16] [INFO] [1790648472.666922340] [behavior_server]: Running Nav2 LifecycleNode rcl preshutdown (behavior_server)
[behavior_server-16] [INFO] [1790648472.667075893] [behavior_server]: Deactivating
[behavior_server-16] [INFO] [1790648472.667209442] [behavior_server]: Destroying bond (behavior_server) to lifecycle manager.
[parameter_bridge-10] [INFO] [1790648472.667212547] [rclcpp]: signal_handler(SIGINT/SIGTERM)
[smoother_server-14] [INFO] [1790648472.667238406] [rclcpp]: signal_handler(SIGINT/SIGTERM)
[smoother_server-14] [INFO] [1790648472.667551955] [smoother_server]: Running Nav2 LifecycleNode rcl preshutdown (smoother_server)
[smoother_server-14] [INFO] [1790648472.667749334] [smoother_server]: Deactivating
[smoother_server-14] [INFO] [1790648472.667875650] [smoother_server]: Destroying bond (smoother_server) to lifecycle manager.
[bt_navigator-17] [INFO] [1790648472.668154313] [rclcpp]: signal_handler(SIGINT/SIGTERM)
[bt_navigator-17] [INFO] [1790648472.668277636] [bt_navigator]: Running Nav2 LifecycleNode rcl preshutdown (bt_navigator)
[bt_navigator-17] [INFO] [1790648472.668367412] [bt_navigator]: Deactivating
[bt_navigator-17] [INFO] [1790648472.668413483] [bt_navigator]: Destroying bond (bt_navigator) to lifecycle manager.
[parameter_bridge-9] [INFO] [1790648472.668291232] [rclcpp]: signal_handler(SIGINT/SIGTERM)
[INFO] [state_machine_node-24]: sending signal 'SIGINT' to process[state_machine_node-24]
[INFO] [navigation_visit_node-23]: sending signal 'SIGINT' to process[navigation_visit_node-23]
[INFO] [navigation_node-22]: sending signal 'SIGINT' to process[navigation_node-22]
[ERROR] [state_machine_node-24]: process has died [pid 3655, exit code -2, cmd '/home/junyoung/fire_robot_ws_observed_nav_20260928/install/fire_robot_fsm/lib/fire_robot_fsm/state_machine_node --ros-args -r __node:=state_machine_node --params-file /tmp/launch_params_4rbnmlvt --params-file /home/junyoung/fire_robot_ws_observed_nav_20260928/install/fire_robot_bringup/share/fire_robot_bringup/config/observed_navigation.yaml -r /cmd_vel:=/cmd_vel_manual'].
[INFO] [door_detection_node-21]: sending signal 'SIGINT' to process[door_detection_node-21]
[INFO] [mission_axis_node-20]: sending signal 'SIGINT' to process[mission_axis_node-20]
[ERROR] [navigation_node-22]: process has died [pid 2854, exit code -2, cmd '/home/junyoung/fire_robot_ws_observed_nav_20260928/install/fire_robot_navigation/lib/fire_robot_navigation/navigation_node --ros-args -r __node:=navigation_node --params-file /tmp/launch_params_wq_klm__ --params-file /home/junyoung/fire_robot_ws_observed_nav_20260928/install/fire_robot_bringup/share/fire_robot_bringup/config/observed_navigation.yaml'].
[INFO] [lifecycle_manager-19]: sending signal 'SIGINT' to process[lifecycle_manager-19]
[INFO] [velocity_smoother-18]: sending signal 'SIGINT' to process[velocity_smoother-18]
[INFO] [bt_navigator-17]: sending signal 'SIGINT' to process[bt_navigator-17]
[INFO] [behavior_server-16]: sending signal 'SIGINT' to process[behavior_server-16]
[ERROR] [mission_axis_node-20]: process has died [pid 2850, exit code -2, cmd '/home/junyoung/fire_robot_ws_observed_nav_20260928/install/fire_robot_navigation/lib/fire_robot_navigation/mission_axis_node --ros-args -r __node:=mission_axis_node --params-file /tmp/launch_params_fs_9tdme --params-file /home/junyoung/fire_robot_ws_observed_nav_20260928/install/fire_robot_bringup/share/fire_robot_bringup/config/observed_navigation.yaml'].
[ERROR] [velocity_smoother-18]: process has died [pid 2749, exit code -2, cmd '/opt/ros/humble/lib/nav2_velocity_smoother/velocity_smoother --ros-args --log-level info --ros-args -r __node:=velocity_smoother --params-file /tmp/launch_params_gstphe24 -r /tf:=tf -r /tf_static:=tf_static -r cmd_vel:=cmd_vel_nav -r cmd_vel_smoothed:=cmd_vel'].
[INFO] [planner_server-15]: sending signal 'SIGINT' to process[planner_server-15]
[INFO] [parameter_bridge-10]: process has finished cleanly [pid 2430]
[INFO] [parameter_bridge-9]: process has finished cleanly [pid 2428]
[INFO] [parameter_bridge-11]: process has finished cleanly [pid 2432]
[INFO] [parameter_bridge-8]: process has finished cleanly [pid 2426]
[INFO] [smoother_server-14]: sending signal 'SIGINT' to process[smoother_server-14]
[INFO] [static_transform_publisher-5]: process has finished cleanly [pid 2420]
[ERROR] [behavior_server-16]: process has died [pid 2745, exit code -2, cmd '/opt/ros/humble/lib/nav2_behaviors/behavior_server --ros-args --log-level info --ros-args -r __node:=behavior_server --params-file /tmp/launch_params_gstphe24 -r /tf:=tf -r /tf_static:=tf_static'].
[INFO] [robot_state_publisher-4]: process has finished cleanly [pid 2418]
[INFO] [controller_server-13]: sending signal 'SIGINT' to process[controller_server-13]
[INFO] [async_slam_toolbox_node-12]: sending signal 'SIGINT' to process[async_slam_toolbox_node-12]
[ERROR] [smoother_server-14]: process has died [pid 2741, exit code -2, cmd '/opt/ros/humble/lib/nav2_smoother/smoother_server --ros-args --log-level info --ros-args -r __node:=smoother_server --params-file /tmp/launch_params_gstphe24 -r /tf:=tf -r /tf_static:=tf_static'].
[ERROR] [controller_server-13]: process has died [pid 2739, exit code -2, cmd '/opt/ros/humble/lib/nav2_controller/controller_server --ros-args --log-level info --ros-args --params-file /tmp/launch_params_gstphe24 -r /tf:=tf -r /tf_static:=tf_static -r cmd_vel:=cmd_vel_nav'].
[INFO] [cmd_vel_safety_node-6]: sending signal 'SIGINT' to process[cmd_vel_safety_node-6]
[INFO] [ign-3]: sending signal 'SIGINT' to process[ign-3]
[ERROR] [cmd_vel_safety_node-6]: process has died [pid 2422, exit code -2, cmd '/home/junyoung/fire_robot_ws_observed_nav_20260928/install/fire_robot_navigation/lib/fire_robot_navigation/cmd_vel_safety_node --ros-args -r __node:=cmd_vel_safety_node --params-file /tmp/launch_params_rfks0bdg --params-file /home/junyoung/fire_robot_ws_observed_nav_20260928/install/fire_robot_bringup/share/fire_robot_bringup/config/observed_navigation.yaml'].
[INFO] [slam_correction_tf-2]: sending signal 'SIGINT' to process[slam_correction_tf-2]
[INFO] [motion_scan_filter-1]: sending signal 'SIGINT' to process[motion_scan_filter-1]
[parameter_bridge-8] [INFO] [1790648472.668484341] [rclcpp]: signal_handler(SIGINT/SIGTERM)
[async_slam_toolbox_node-12] [INFO] [1790648472.668670913] [rclcpp]: signal_handler(SIGINT/SIGTERM)
[async_slam_toolbox_node-12] terminate called after throwing an instance of 'karto::Exception'
[static_transform_publisher-5] [INFO] [1790648472.669036997] [rclcpp]: signal_handler(SIGINT/SIGTERM)
[parameter_bridge-11] [INFO] [1790648472.669233735] [rclcpp]: signal_handler(SIGINT/SIGTERM)
[mission_axis_node-20]     self._spin_once_impl(timeout_sec)
[mission_axis_node-20]   File "/opt/ros/humble/local/lib/python3.10/dist-packages/rclpy/executors.py", line 797, in _spin_once_impl
[mission_axis_node-20]     handler, entity, node = self.wait_for_ready_callbacks(timeout_sec=timeout_sec)
[mission_axis_node-20]   File "/opt/ros/humble/local/lib/python3.10/dist-packages/rclpy/executors.py", line 780, in wait_for_ready_callbacks
[mission_axis_node-20]     return next(self._cb_iter)
[mission_axis_node-20]   File "/opt/ros/humble/local/lib/python3.10/dist-packages/rclpy/executors.py", line 699, in _wait_for_ready_callbacks
[mission_axis_node-20]     if wt in waitables and wt.is_ready(wait_set):
[mission_axis_node-20]   File "/opt/ros/humble/local/lib/python3.10/dist-packages/rclpy/qos_event.py", line 90, in is_ready
[mission_axis_node-20]     if wait_set.is_ready('event', self._event_index):
[mission_axis_node-20] KeyboardInterrupt
[ERROR] [slam_correction_tf-2]: process has died [pid 2414, exit code -2, cmd '/home/junyoung/fire_robot_ws_observed_nav_20260928/install/fire_robot_navigation/lib/fire_robot_navigation/slam_correction_tf --ros-args --params-file /tmp/launch_params_2fhf9_w3'].
[controller_server-13] [INFO] [1790648472.672288957] [rclcpp]: signal_handler(SIGINT/SIGTERM)
[controller_server-13] [INFO] [1790648472.673163217] [controller_server]: Running Nav2 LifecycleNode rcl preshutdown (controller_server)
[controller_server-13] [INFO] [1790648472.673259226] [controller_server]: Deactivating
[controller_server-13] [INFO] [1790648472.673287876] [controller_server]: Deactivating controller: FollowPath of type nav2_rotation_shim_controller::RotationShimController
[controller_server-13] [INFO] [1790648472.673395387] [local_costmap.local_costmap]: Deactivating
[planner_server-15] [INFO] [1790648472.672861655] [rclcpp]: signal_handler(SIGINT/SIGTERM)
[planner_server-15] [INFO] [1790648472.672961566] [planner_server]: Running Nav2 LifecycleNode rcl preshutdown (planner_server)
[planner_server-15] [INFO] [1790648472.673067229] [planner_server]: Deactivating
[planner_server-15] [INFO] [1790648472.673200971] [global_costmap.global_costmap]: Deactivating
[state_machine_node-24]     rclpy.spin(node)
[state_machine_node-24]   File "/opt/ros/humble/local/lib/python3.10/dist-packages/rclpy/__init__.py", line 229, in spin
[state_machine_node-24]     executor.spin_once()
[state_machine_node-24]   File "/opt/ros/humble/local/lib/python3.10/dist-packages/rclpy/executors.py", line 808, in spin_once
[state_machine_node-24]     self._spin_once_impl(timeout_sec)
[state_machine_node-24]   File "/opt/ros/humble/local/lib/python3.10/dist-packages/rclpy/executors.py", line 797, in _spin_once_impl
[state_machine_node-24]     handler, entity, node = self.wait_for_ready_callbacks(timeout_sec=timeout_sec)
[state_machine_node-24]   File "/opt/ros/humble/local/lib/python3.10/dist-packages/rclpy/executors.py", line 780, in wait_for_ready_callbacks
[state_machine_node-24]     return next(self._cb_iter)
[state_machine_node-24]   File "/opt/ros/humble/local/lib/python3.10/dist-packages/rclpy/executors.py", line 677, in _wait_for_ready_callbacks
[state_machine_node-24]     wait_set.wait(timeout_nsec)
[state_machine_node-24] KeyboardInterrupt
[smoother_server-14] [INFO] [1790648472.678320587] [smoother_server]: Cleaning up
[velocity_smoother-18] [INFO] [1790648472.678170278] [velocity_smoother]: Cleaning up
[velocity_smoother-18] [INFO] [1790648472.679134556] [velocity_smoother]: Destroying bond (velocity_smoother) to lifecycle manager.
[velocity_smoother-18] [INFO] [1790648472.701911913] [velocity_smoother]: Destroying
[slam_correction_tf-2] /opt/ros/humble/local/lib/python3.10/dist-packages/rclpy/task.py:227: RuntimeWarning: coroutine 'Executor._make_handler.<locals>.handler' was never awaited
[slam_correction_tf-2]   self._handler = handler(*args, **kwargs)
[slam_correction_tf-2] RuntimeWarning: Enable tracemalloc to get the object allocation traceback
[behavior_server-16] [INFO] [1790648472.687756085] [behavior_server]: Cleaning up
[bt_navigator-17] [INFO] [1790648472.688287932] [bt_navigator]: Cleaning up
[smoother_server-14] [INFO] [1790648472.741068646] [smoother_server]: Destroying bond (smoother_server) to lifecycle manager.
[behavior_server-16] [INFO] [1790648472.753156172] [behavior_server]: Destroying bond (behavior_server) to lifecycle manager.
[smoother_server-14] [INFO] [1790648472.753771320] [smoother_server]: Destroying
[ERROR] [motion_scan_filter-1]: process has died [pid 2412, exit code -2, cmd '/home/junyoung/fire_robot_ws_observed_nav_20260928/install/fire_robot_navigation/lib/fire_robot_navigation/motion_scan_filter --ros-args --params-file /tmp/launch_params_vi794l0p'].
[controller_server-13] [INFO] [1790648472.754367395] [controller_server]: Destroying bond (controller_server) to lifecycle manager.
[controller_server-13] [INFO] [1790648472.765134871] [controller_server]: Cleaning up
[controller_server-13] [INFO] [1790648472.765194268] [controller_server]: Cleaning up controller: FollowPath of type nav2_rotation_shim_controller::RotationShimController
[controller_server-13] [INFO] [1790648472.765786278] [local_costmap.local_costmap]: Cleaning up
[navigation_visit_node-23] Traceback (most recent call last):
[navigation_visit_node-23]   File "/home/junyoung/fire_robot_ws_observed_nav_20260928/build/fire_robot_navigation/fire_robot_navigation/navigation_visit_node.py", line 73, in main
[navigation_visit_node-23]     rclpy.spin(node)
[navigation_visit_node-23]   File "/opt/ros/humble/local/lib/python3.10/dist-packages/rclpy/__init__.py", line 229, in spin
[navigation_visit_node-23]     executor.spin_once()
[navigation_visit_node-23]   File "/opt/ros/humble/local/lib/python3.10/dist-packages/rclpy/executors.py", line 808, in spin_once
[navigation_visit_node-23]     self._spin_once_impl(timeout_sec)
[navigation_visit_node-23]   File "/opt/ros/humble/local/lib/python3.10/dist-packages/rclpy/executors.py", line 797, in _spin_once_impl
[navigation_visit_node-23]     handler, entity, node = self.wait_for_ready_callbacks(timeout_sec=timeout_sec)
[navigation_visit_node-23]   File "/opt/ros/humble/local/lib/python3.10/dist-packages/rclpy/executors.py", line 780, in wait_for_ready_callbacks
[navigation_visit_node-23]     return next(self._cb_iter)
[navigation_visit_node-23]   File "/opt/ros/humble/local/lib/python3.10/dist-packages/rclpy/executors.py", line 677, in _wait_for_ready_callbacks
[navigation_visit_node-23]     wait_set.wait(timeout_nsec)
[navigation_visit_node-23] KeyboardInterrupt
[navigation_visit_node-23] 
[navigation_visit_node-23] During handling of the above exception, another exception occurred:
[navigation_visit_node-23] 
[navigation_visit_node-23] Traceback (most recent call last):
[navigation_visit_node-23]   File "/home/junyoung/fire_robot_ws_observed_nav_20260928/install/fire_robot_navigation/lib/fire_robot_navigation/navigation_visit_node", line 33, in <module>
[navigation_visit_node-23]     sys.exit(load_entry_point('fire-robot-navigation', 'console_scripts', 'navigation_visit_node')())
[navigation_visit_node-23]   File "/home/junyoung/fire_robot_ws_observed_nav_20260928/build/fire_robot_navigation/fire_robot_navigation/navigation_visit_node.py", line 76, in main
[navigation_visit_node-23]     rclpy.shutdown()
[navigation_visit_node-23]   File "/opt/ros/humble/local/lib/python3.10/dist-packages/rclpy/__init__.py", line 130, in shutdown
[navigation_visit_node-23]     _shutdown(context=context)
[navigation_visit_node-23]   File "/opt/ros/humble/local/lib/python3.10/dist-packages/rclpy/utilities.py", line 58, in shutdown
[navigation_visit_node-23]     return context.shutdown()
[navigation_visit_node-23]   File "/opt/ros/humble/local/lib/python3.10/dist-packages/rclpy/context.py", line 102, in shutdown
[navigation_visit_node-23]     self.__context.shutdown()
[navigation_visit_node-23] rclpy._rclpy_pybind11.RCLError: failed to shutdown: rcl_shutdown already called on the given context, at ./src/rcl/init.c:241
[navigation_visit_node-23] Error in sys.excepthook:
[navigation_visit_node-23] Traceback (most recent call last):
[navigation_visit_node-23]   File "/usr/lib/python3/dist-packages/apport_python_hook.py", line 72, in apport_excepthook
[navigation_visit_node-23]     from apport.fileutils import likely_packaged, get_recent_crashes
[navigation_visit_node-23]   File "/usr/lib/python3/dist-packages/apport/__init__.py", line 5, in <module>
[navigation_visit_node-23]     from apport.report import Report
[navigation_visit_node-23]   File "/usr/lib/python3/dist-packages/apport/report.py", line 21, in <module>
[navigation_visit_node-23]     from urllib.request import urlopen
[navigation_visit_node-23]   File "/usr/lib/python3.10/urllib/request.py", line 88, in <module>
[navigation_visit_node-23]     import http.client
[navigation_visit_node-23]   File "/usr/lib/python3.10/http/client.py", line 810, in <module>
[navigation_visit_node-23]     class HTTPConnection:
[navigation_visit_node-23] KeyboardInterrupt
[navigation_visit_node-23] 
[navigation_visit_node-23] Original exception was:
[navigation_visit_node-23] Traceback (most recent call last):
[navigation_visit_node-23]   File "/home/junyoung/fire_robot_ws_observed_nav_20260928/build/fire_robot_navigation/fire_robot_navigation/navigation_visit_node.py", line 73, in main
[navigation_visit_node-23]     rclpy.spin(node)
[navigation_visit_node-23]   File "/opt/ros/humble/local/lib/python3.10/dist-packages/rclpy/__init__.py", line 229, in spin
[navigation_visit_node-23]     executor.spin_once()
[navigation_visit_node-23]   File "/opt/ros/humble/local/lib/python3.10/dist-packages/rclpy/executors.py", line 808, in spin_once
[navigation_visit_node-23]     self._spin_once_impl(timeout_sec)
[navigation_visit_node-23]   File "/opt/ros/humble/local/lib/python3.10/dist-packages/rclpy/executors.py", line 797, in _spin_once_impl
[navigation_visit_node-23]     handler, entity, node = self.wait_for_ready_callbacks(timeout_sec=timeout_sec)
[navigation_visit_node-23]   File "/opt/ros/humble/local/lib/python3.10/dist-packages/rclpy/executors.py", line 780, in wait_for_ready_callbacks
[INFO] [ign-3]: process has finished cleanly [pid 2416]
[navigation_visit_node-23]     return next(self._cb_iter)
[navigation_visit_node-23]   File "/opt/ros/humble/local/lib/python3.10/dist-packages/rclpy/executors.py", line 677, in _wait_for_ready_callbacks
[navigation_visit_node-23]     wait_set.wait(timeout_nsec)
[navigation_visit_node-23] KeyboardInterrupt
[navigation_visit_node-23] 
[navigation_visit_node-23] During handling of the above exception, another exception occurred:
[navigation_visit_node-23] 
[navigation_visit_node-23] Traceback (most recent call last):
[navigation_visit_node-23]   File "/home/junyoung/fire_robot_ws_observed_nav_20260928/install/fire_robot_navigation/lib/fire_robot_navigation/navigation_visit_node", line 33, in <module>
[navigation_visit_node-23]     sys.exit(load_entry_point('fire-robot-navigation', 'console_scripts', 'navigation_visit_node')())
[navigation_visit_node-23]   File "/home/junyoung/fire_robot_ws_observed_nav_20260928/build/fire_robot_navigation/fire_robot_navigation/navigation_visit_node.py", line 76, in main
[navigation_visit_node-23]     rclpy.shutdown()
[navigation_visit_node-23]   File "/opt/ros/humble/local/lib/python3.10/dist-packages/rclpy/__init__.py", line 130, in shutdown
[navigation_visit_node-23]     _shutdown(context=context)
[navigation_visit_node-23]   File "/opt/ros/humble/local/lib/python3.10/dist-packages/rclpy/utilities.py", line 58, in shutdown
[navigation_visit_node-23]     return context.shutdown()
[navigation_visit_node-23]   File "/opt/ros/humble/local/lib/python3.10/dist-packages/rclpy/context.py", line 102, in shutdown
[navigation_visit_node-23]     self.__context.shutdown()
[navigation_visit_node-23] rclpy._rclpy_pybind11.RCLError: failed to shutdown: rcl_shutdown already called on the given context, at ./src/rcl/init.c:241
[door_detection_node-21] Traceback (most recent call last):
[door_detection_node-21]   File "/home/junyoung/fire_robot_ws_observed_nav_20260928/install/fire_robot_perception/lib/fire_robot_perception/door_detection_node", line 33, in <module>
[door_detection_node-21]     sys.exit(load_entry_point('fire-robot-perception', 'console_scripts', 'door_detection_node')())
[door_detection_node-21]   File "/home/junyoung/fire_robot_ws_observed_nav_20260928/build/fire_robot_perception/fire_robot_perception/door_detection_node.py", line 2058, in main
[door_detection_node-21]     node.destroy_node()
[door_detection_node-21]   File "/opt/ros/humble/local/lib/python3.10/dist-packages/rclpy/node.py", line 1687, in destroy_node
[door_detection_node-21]     self.destroy_subscription(self._subscriptions[0])
[door_detection_node-21]   File "/opt/ros/humble/local/lib/python3.10/dist-packages/rclpy/node.py", line 1583, in destroy_subscription
[door_detection_node-21]     subscription.destroy()
[door_detection_node-21]   File "/opt/ros/humble/local/lib/python3.10/dist-packages/rclpy/subscription.py", line 80, in destroy
[door_detection_node-21]     self.handle.destroy_when_not_in_use()
[door_detection_node-21] KeyboardInterrupt
[lifecycle_manager-19] [INFO] [1790648472.820295118] [rclcpp]: signal_handler(SIGINT/SIGTERM)
[lifecycle_manager-19] [INFO] [1790648472.823357421] [lifecycle_manager_navigation]: Destroying lifecycle_manager_navigation
[behavior_server-16] [INFO] [1790648472.821424824] [behavior_server]: Destroying
[planner_server-15] [INFO] [1790648472.824461667] [planner_server]: Deactivating plugin GridBased of type SmacPlanner2D
[planner_server-15] [INFO] [1790648472.824967579] [planner_server]: Destroying bond (planner_server) to lifecycle manager.
[controller_server-13] [INFO] [1790648472.830682855] [controller_server]: Destroying bond (controller_server) to lifecycle manager.
[cmd_vel_safety_node-6] Traceback (most recent call last):
[cmd_vel_safety_node-6]   File "/home/junyoung/fire_robot_ws_observed_nav_20260928/build/fire_robot_navigation/fire_robot_navigation/cmd_vel_safety_node.py", line 191, in main
[cmd_vel_safety_node-6]     rclpy.spin(node)
[cmd_vel_safety_node-6]   File "/opt/ros/humble/local/lib/python3.10/dist-packages/rclpy/__init__.py", line 229, in spin
[cmd_vel_safety_node-6]     executor.spin_once()
[cmd_vel_safety_node-6]   File "/opt/ros/humble/local/lib/python3.10/dist-packages/rclpy/executors.py", line 808, in spin_once
[cmd_vel_safety_node-6]     self._spin_once_impl(timeout_sec)
[cmd_vel_safety_node-6]   File "/opt/ros/humble/local/lib/python3.10/dist-packages/rclpy/executors.py", line 803, in _spin_once_impl
[cmd_vel_safety_node-6]     handler()
[cmd_vel_safety_node-6]   File "/opt/ros/humble/local/lib/python3.10/dist-packages/rclpy/task.py", line 256, in __call__
[cmd_vel_safety_node-6]     self._execute_coroutine_step(self._handler)
[cmd_vel_safety_node-6]   File "/opt/ros/humble/local/lib/python3.10/dist-packages/rclpy/task.py", line 272, in _execute_coroutine_step
[cmd_vel_safety_node-6]     result = coro.send(None)
[cmd_vel_safety_node-6]   File "/opt/ros/humble/local/lib/python3.10/dist-packages/rclpy/executors.py", line 488, in handler
[cmd_vel_safety_node-6]     await call_coroutine(entity, arg)
[cmd_vel_safety_node-6]   File "/opt/ros/humble/local/lib/python3.10/dist-packages/rclpy/executors.py", line 407, in _execute_subscription
[cmd_vel_safety_node-6]     await await_or_execute(sub.callback, msg)
[cmd_vel_safety_node-6]   File "/opt/ros/humble/local/lib/python3.10/dist-packages/rclpy/executors.py", line 110, in await_or_execute
[cmd_vel_safety_node-6]     return callback(*args)
[cmd_vel_safety_node-6]   File "/opt/ros/humble/local/lib/python3.10/dist-packages/rclpy/time_source.py", line 118, in clock_callback
[cmd_vel_safety_node-6]     def clock_callback(self, msg):
[cmd_vel_safety_node-6] KeyboardInterrupt
[cmd_vel_safety_node-6] 
[cmd_vel_safety_node-6] During handling of the above exception, another exception occurred:
[cmd_vel_safety_node-6] 
[cmd_vel_safety_node-6] Traceback (most recent call last):
[cmd_vel_safety_node-6]   File "/home/junyoung/fire_robot_ws_observed_nav_20260928/install/fire_robot_navigation/lib/fire_robot_navigation/cmd_vel_safety_node", line 33, in <module>
[cmd_vel_safety_node-6]     sys.exit(load_entry_point('fire-robot-navigation', 'console_scripts', 'cmd_vel_safety_node')())
[cmd_vel_safety_node-6]   File "/home/junyoung/fire_robot_ws_observed_nav_20260928/build/fire_robot_navigation/fire_robot_navigation/cmd_vel_safety_node.py", line 194, in main
[cmd_vel_safety_node-6]     rclpy.shutdown()
[cmd_vel_safety_node-6]   File "/opt/ros/humble/local/lib/python3.10/dist-packages/rclpy/__init__.py", line 130, in shutdown
[cmd_vel_safety_node-6]     _shutdown(context=context)
[cmd_vel_safety_node-6]   File "/opt/ros/humble/local/lib/python3.10/dist-packages/rclpy/utilities.py", line 58, in shutdown
[cmd_vel_safety_node-6]     return context.shutdown()
[cmd_vel_safety_node-6]   File "/opt/ros/humble/local/lib/python3.10/dist-packages/rclpy/context.py", line 102, in shutdown
[cmd_vel_safety_node-6]     self.__context.shutdown()
[cmd_vel_safety_node-6] rclpy._rclpy_pybind11.RCLError: failed to shutdown: rcl_shutdown already called on the given context, at ./src/rcl/init.c:241
[motion_scan_filter-1] Traceback (most recent call last):
[motion_scan_filter-1]   File "/home/junyoung/fire_robot_ws_observed_nav_20260928/install/fire_robot_navigation/lib/fire_robot_navigation/motion_scan_filter", line 33, in <module>
[motion_scan_filter-1]     sys.exit(load_entry_point('fire-robot-navigation', 'console_scripts', 'motion_scan_filter')())
[motion_scan_filter-1]   File "/home/junyoung/fire_robot_ws_observed_nav_20260928/build/fire_robot_navigation/fire_robot_navigation/motion_scan_filter.py", line 96, in main
[motion_scan_filter-1]     rclpy.spin(node)
[motion_scan_filter-1]   File "/opt/ros/humble/local/lib/python3.10/dist-packages/rclpy/__init__.py", line 229, in spin
[motion_scan_filter-1]     executor.spin_once()
[motion_scan_filter-1]   File "/opt/ros/humble/local/lib/python3.10/dist-packages/rclpy/executors.py", line 808, in spin_once
[motion_scan_filter-1]     self._spin_once_impl(timeout_sec)
[motion_scan_filter-1]   File "/opt/ros/humble/local/lib/python3.10/dist-packages/rclpy/executors.py", line 805, in _spin_once_impl
[motion_scan_filter-1]     raise handler.exception()
[motion_scan_filter-1]   File "/opt/ros/humble/local/lib/python3.10/dist-packages/rclpy/task.py", line 272, in _execute_coroutine_step
[motion_scan_filter-1]     result = coro.send(None)
[motion_scan_filter-1]   File "/opt/ros/humble/local/lib/python3.10/dist-packages/rclpy/executors.py", line 478, in handler
[motion_scan_filter-1]     arg = take_from_wait_list(entity)
[motion_scan_filter-1]   File "/opt/ros/humble/local/lib/python3.10/dist-packages/rclpy/executors.py", line 400, in _take_subscription
[motion_scan_filter-1]     msg_info = sub.handle.take_message(sub.msg_type, sub.raw)
[motion_scan_filter-1] RuntimeError: Unable to convert call argument to Python object (compile in debug mode for details)
[planner_server-15] [INFO] [1790648472.835665321] [planner_server]: Cleaning up
[controller_server-13] [INFO] [1790648472.840495463] [local_costmap.local_costmap]: Destroying
[INFO] [lifecycle_manager-19]: process has finished cleanly [pid 2794]
[planner_server-15] [INFO] [1790648472.855667917] [global_costmap.global_costmap]: Cleaning up
[planner_server-15] [INFO] [1790648472.862884545] [planner_server]: Cleaning up plugin GridBased of type SmacPlanner2D
[planner_server-15] [INFO] [1790648472.863448746] [planner_server]: Destroying plugin GridBased of type SmacPlanner2D
[planner_server-15] [INFO] [1790648472.876008563] [planner_server]: Destroying bond (planner_server) to lifecycle manager.
[planner_server-15] [INFO] [1790648472.879112999] [rclcpp]: signal_handler(SIGINT/SIGTERM)
[planner_server-15] [INFO] [1790648472.880544200] [global_costmap.global_costmap]: Destroying
[planner_server-15] [INFO] [1790648472.894748623] [planner_server]: Destroying
[ERROR] [navigation_visit_node-23]: process has died [pid 2856, exit code 1, cmd '/home/junyoung/fire_robot_ws_observed_nav_20260928/install/fire_robot_navigation/lib/fire_robot_navigation/navigation_visit_node --ros-args -r __node:=navigation_visit_node --params-file /tmp/launch_params_2zwzoee1'].
[door_detection_node-21] The following exception was never retrieved: Failed to publish: publisher's context is invalid, at ./src/rcl/publisher.c:389
[bt_navigator-17] [INFO] [1790648473.909973017] [bt_navigator]: Completed Cleaning up
[bt_navigator-17] [INFO] [1790648473.910111935] [bt_navigator]: Destroying bond (bt_navigator) to lifecycle manager.
[bt_navigator-17] [INFO] [1790648473.913142812] [rclcpp]: signal_handler(SIGINT/SIGTERM)
[bt_navigator-17] [INFO] [1790648473.927016680] [bt_navigator]: Destroying
[INFO] [bt_navigator-17]: process has finished cleanly [pid 2747]
[ERROR] [door_detection_node-21]: process has died [pid 2852, exit code -2, cmd '/home/junyoung/fire_robot_ws_observed_nav_20260928/install/fire_robot_perception/lib/fire_robot_perception/door_detection_node --ros-args -r __node:=door_detection_node --params-file /tmp/launch_params_juybruvl --params-file /home/junyoung/fire_robot_ws_observed_nav_20260928/install/fire_robot_bringup/share/fire_robot_bringup/config/observed_navigation.yaml'].
[INFO] [planner_server-15]: process has finished cleanly [pid 2743]
[ERROR] [async_slam_toolbox_node-12]: process has died [pid 2714, exit code -6, cmd '/opt/ros/humble/lib/slam_toolbox/async_slam_toolbox_node --ros-args -r __node:=slam_toolbox --params-file /tmp/observed_slam_yj2i4hxf.yaml --params-file /tmp/launch_params__ce6mnkp'].
