sim_time,wall_elapsed,x,y,yaw
6.5,10.563219111999999,-2.182790998392245e-12,-6.429547465765599e-33,-4.561857090591443e-19
7.0,11.113097963000001,-2.1827909692954575e-12,-6.429561725994066e-33,-5.023774922932492e-19
7.5,11.669388165999997,-2.1827908964047034e-12,-6.429601744692461e-33,-6.013676085249112e-19
8.0,12.223751612999997,-2.1827908054094804e-12,-6.42965693021048e-33,-6.184302694905643e-19
8.5,12.85402654,-2.1827907905091218e-12,-6.429666796158834e-33,-6.905750057054339e-19
9.0,13.433176768000003,-2.182790819555975e-12,-6.429646132937632e-33,-7.237020361771397e-19
9.5,14.068167772000002,-2.1827908113033535e-12,-6.429652422283097e-33,-7.788446394871515e-19
10.0,14.684272708000002,-2.1827908673000862e-12,-6.42960756407799e-33,-8.118702672295673e-19
10.5,15.339783722999996,-2.1827909289372104e-12,-6.429553588198747e-33,-9.388191158927635e-19
11.0,15.937616945999999,-2.182790944962851e-12,-6.429537934649943e-33,-9.574908300674001e-19
11.5,16.534572536,-2.1827910276563177e-12,-6.429452298222947e-33,-1.0639572758867941e-18
12.0,17.128951529,-2.182791064098021e-12,-6.429412534505322e-33,-1.095224171277025e-18
12.5,17.712558694000002,-2.182791057686896e-12,-6.429419488220787e-33,-1.1195087441720317e-18
13.0,18.330427797000006,-2.1827910558845443e-12,-6.429421474240285e-33,-1.1217044773801676e-18
13.5,19.083282363000002,-2.18279108180472e-12,-6.429392871510105e-33,-1.1215709835733394e-18
14.0,19.750514360000004,-2.182791098365801e-12,-6.42937338669582e-33,-1.1780558643258145e-18
14.5,20.392029536000003,-2.182791132325705e-12,-6.429332194918664e-33,-1.244122913713728e-18
15.0,21.099343771,-2.182791233280173e-12,-6.429206065834073e-33,-1.2221374091891778e-18
15.5,21.776653547000002,-2.18279132740418e-12,-6.429088487867523e-33,-1.2934967721465836e-18
16.0,22.468028170999993,-2.1827913466099503e-12,-6.429062023346526e-33,-1.3705083242670168e-18
16.5,23.105217685999996,-2.1827913741565603e-12,-6.429023446092479e-33,-1.4236192984740267e-18
17.0,23.905536986999998,-2.182791338930299e-12,-6.429076027313672e-33,-1.4728604610217557e-18
17.5,24.632300099,-2.182791359738364e-12,-6.429044702183526e-33,-1.5367186039658275e-18
18.0,25.316774238,-2.1827913791440677e-12,-6.429013722469778e-33,-1.6218332843592181e-18
18.5,25.990244783,-2.1827913950018502e-12,-6.428989579238528e-33,-1.702567319746202e-18
19.0,26.709748659999995,-2.1827913704543055e-12,-6.429032052698513e-33,-1.768284147102774e-18
19.5,27.400822937999997,-2.182791413430647e-12,-6.428956106219052e-33,-1.784096933615695e-18
20.0,28.086139847999995,-2.1827914939768463e-12,-6.428812124711355e-33,-1.8226430052597197e-18
20.5,28.794130806999995,-2.182791633169915e-12,-6.428553649217899e-33,-1.8794951644265148e-18
21.0,29.460126337,-2.1827917444798013e-12,-6.428348007249927e-33,-1.835707555853279e-18
21.5,30.203069832000004,-2.182791836733004e-12,-6.428176470043409e-33,-1.8870992227829877e-18
22.0,30.896091903000006,-2.182779077023972e-12,-6.452400801506092e-33,-1.9200912281264297e-18
22.5,31.611094103000006,-2.1827916053478797e-12,-6.4283148581535e-33,-1.9976985685975603e-18
23.0,32.387428499,-2.182791050826019e-12,-6.429408836166736e-33,-1.945553087181662e-18
23.5,33.071055808000004,-2.1827911829609345e-12,-6.429153431469076e-33,-1.969991196558355e-18
24.0,33.76024648,-2.182791121912431e-12,-6.429272385106351e-33,-1.9198188626065008e-18
24.5,34.447545055,-2.1827911185762253e-12,-6.429278802644135e-33,-1.887222364039599e-18
25.0,35.120272590000006,-2.1827911304046047e-12,-6.429256348684563e-33,-1.9201965914293535e-18
25.5,35.83879977,-2.1827911337044128e-12,-6.429250306210211e-33,-1.9616078504416297e-18
26.0,36.522875320000004,-2.182791171937705e-12,-6.429170413005529e-33,-2.0963185739003748e-18
26.5,37.198682643999994,-2.182791184779482e-12,-6.429143503940547e-33,-2.0904455142023122e-18
27.0,37.897776152,-2.182791144316992e-12,-6.429224873985566e-33,-1.9016038768803823e-18
27.5,38.572397191,-2.182791158783123e-12,-6.429195711798864e-33,-2.063930064057046e-18
28.0,39.246030751,-2.182791132500909e-12,-6.429250740854757e-33,-2.0163879779226775e-18
28.5,39.941025222,-2.182791132646525e-12,-6.429250043284971e-33,-2.0047506404185614e-18
29.0,40.626589075999995,-2.1827911312338e-12,-6.429253636782129e-33,-2.1606578227689e-18
29.5,41.307679650999994,-2.1827911103322093e-12,-6.429298686405533e-33,-2.0721278793974993e-18
30.0,42.026389384999995,-2.1827911174149982e-12,-6.42928393682667e-33,-2.0513735196729214e-18
30.5,42.708335207,-2.182791159935973e-12,-6.429192472785691e-33,-2.2828005061790674e-18
31.0,43.389341412,-2.182791122464879e-12,-6.429274809098144e-33,-2.124328160398545e-18
31.5,44.071116146,-2.1827911061381306e-12,-6.429309591362973e-33,-2.1904924024571563e-18
32.0,44.817667318,-2.182791111305258e-12,-6.429298090315445e-33,-2.361940687582652e-18
32.5,45.573349977,-2.1827910688142105e-12,-6.429395472809176e-33,-2.226381167919886e-18
33.0,46.282251132000006,-2.1827910594932563e-12,-6.429414801533461e-33,-2.3028444209354875e-18
33.5,46.962062839999994,-2.1827910558658597e-12,-6.42942542129173e-33,-2.448016829219349e-18
34.0,47.64336286099999,-2.1827910185280387e-12,-6.429514051540057e-33,-2.2513151888625923e-18
34.5,48.324815922999996,-2.1827910401194205e-12,-6.429464291827715e-33,-2.3557141216849306e-18
35.0,49.035562007,-2.1827910386839136e-12,-6.429467395321406e-33,-2.3614442071479247e-18
35.5,49.728395348,-2.1827910058729197e-12,-6.429543214588216e-33,-2.2807203759106217e-18
36.0,50.450121257,-2.1827910125919237e-12,-6.429527451666756e-33,-2.3529761942257646e-18
36.5,51.218220325,-2.1827910343329533e-12,-6.429475404704055e-33,-2.3926985293567825e-18
37.0,51.950965753,-2.1827909975762926e-12,-6.429558951558309e-33,-2.258527040741334e-18
37.5,52.66780159499999,-2.1827910085627483e-12,-6.429534284991203e-33,-2.2178401817241297e-18
38.0,53.397505321999994,-2.1827909976959357e-12,-6.429560764351733e-33,-2.3229982714518343e-18
38.5,54.10626074,-2.1827909644913e-12,-6.429633818389867e-33,-2.17500647026849e-18
39.0,54.833651692,-2.182790951044619e-12,-6.429663488792477e-33,-2.1099329377143404e-18
39.5,55.581259013,-2.182790983507285e-12,-6.429594111277281e-33,-2.333227192191959e-18
40.0,56.290432169000006,-2.18279094002861e-12,-6.429692084429241e-33,-2.1489409544082164e-18
40.5,57.035995050000004,0.011570870343017695,-0.00018726855801492128,-0.02614736814918617
41.0,57.806974673999996,0.11959936799409751,-0.008755432233673505,-0.11551578838015371
41.5,58.551071656,0.2626836577133264,-0.011344948881854621,-0.195226313814781
42.0,59.300927140000006,0.38374087235219756,-0.04321204280399001,-0.2379778916636761
42.5,60.076625462,0.49427739479030647,-0.056301629312996246,-0.27484631217401345
43.0,60.824751965,0.5937896334953406,-0.09308359398404473,-0.28589894286955114
43.5,61.5786084,0.7235779111728735,-0.12880585807686895,-0.2798199956222053
44.0,62.371763905,0.8739318422506808,-0.16260002344647886,-0.28855683759988876
44.5,63.11242999899999,0.9739044448352825,-0.19766935455843146,-0.26998946941462976
45.0,63.854616678999996,1.1052112420787303,-0.22781151158674098,-0.2607719259012661
45.5,64.635676252,1.2064347127626753,-0.26826357498493786,-0.2294312247089763
46.0,65.36068507600001,1.3389987312545217,-0.29301158438849695,-0.21795832081935276
46.5,66.119193196,1.4510865121739396,-0.3198203459575165,-0.19876227091733836
47.0,66.87740102000001,1.5738576385318939,-0.3534204741508981,-0.19696788476893334
47.5,67.63156556999999,1.716390442715815,-0.3781055224564477,-0.17709993165862623
48.0,68.385572104,1.8499943200279303,-0.3970691352169548,-0.17098991220793688
48.5,69.16988776299999,1.9529969307567205,-0.4193371360816001,-0.18201622754037386
49.0,69.932772158,2.0858764370299996,-0.44227422335212835,-0.17191096455620608
49.5,70.70261678899999,2.2188950546247455,-0.4744443331334898,-0.16800535030064445
50.0,71.51985317500001,2.3621587264986683,-0.49525897138688324,-0.18718219178736858
50.5,72.36001351600001,2.494901479036304,-0.5189170480859852,-0.18847840205645452
51.0,73.189656273,2.5874960547814254,-0.5433423486967327,-0.19037313866446992
51.5,74.02876866099999,2.720347323891835,-0.5664043570753405,-0.19852155962591542
52.0,74.768653072,2.8529036153187315,-0.5909655620633832,-0.17999173525278098
52.5,75.53576292899999,2.995827402568931,-0.6136516347155742,-0.17554350902494756
53.0,76.313035453,3.098807890665943,-0.6359849384466038,-0.19128035076684058
53.5,77.07034819399999,3.2416022356216923,-0.6693405455777981,-0.16739766095493042
54.0,77.844525468,3.3449584804594172,-0.6896468417069417,-0.16702923988001167
54.5,78.608838391,3.4783004970978806,-0.7098990312369061,-0.14826888933297672
55.0,79.370063176,3.622142239675698,-0.72700494079654,-0.1429531000779295
55.5,80.132816491,3.726112568433658,-0.7529363875351545,-0.11088140513667434
56.0,80.903871678,3.860708376181578,-0.7635766230640361,-0.09956561653473477
56.5,81.685971617,3.985211008554844,-0.7846224303552491,-0.07074982792806088
57.0,82.48980716400001,4.100100485098569,-0.7901627351776094,-0.05443403931599683
57.5,83.247190528,4.234974699970629,-0.7955776997435149,-0.025618250697924873
58.0,84.00158620100001,4.339971438823962,-0.7978166305168565,-0.022407724646980366
58.5,84.77181224700001,4.484943106405323,-0.8096582344763755,0.019140274894230373
59.0,85.53239691000002,4.619900193383845,-0.815084584160378,0.04398237931769358
59.5,86.294611734,4.74410527055631,-0.798855163303277,0.03648237931770314
60.0,87.058435882,4.867961168448357,-0.8026853379945067,0.04727185249094784
60.5,87.815754086,4.924637941714645,-0.7993242046978818,0.05340343132467269
61.0,88.60069588600001,5.003013951774403,-0.7963922456206566,0.06490343103173797
61.5,89.398227811,5.053361489617422,-0.8020647660631787,0.0729560621918303
62.0,90.17468794800001,5.071098821819757,-0.7877933001790921,0.06671922004069952
62.5,90.95232075500002,5.104636507642148,-0.7864472607168584,0.08281758223087994
63.0,91.71373525000001,5.132505806148662,-0.7850084880335324,0.025398635597694546
63.5,92.486318211,5.1600342880583225,-0.7781340206486979,-0.029601363554023714
64.0,93.250198455,5.207435822910428,-0.7809941528154069,-0.09710136269499205
64.5,94.01410454,5.26430341488324,-0.7786777387382458,-0.15210136182203154
65.0,94.791512595,5.301075587259363,-0.7660859802506358,-0.21960136093955082
65.5,95.58188656800002,5.316458595896301,-0.7798227392133674,-0.26460136005105456
66.0,96.35066952400001,5.352167125664111,-0.7713116531872771,-0.3321013591598137
66.5,97.136496532,5.395789526178111,-0.778927609157546,-0.37710135826879476
67.0,97.934267758,5.449353471717226,-0.7859856939327184,-0.434601357380696
67.5,98.731350376,5.451589464161426,-0.7826295513915748,-0.5183113565625396
68.0,99.51919905,5.448759946321341,-0.7876636701912453,-0.6158113556990583
68.5,100.269854517,5.455655534960843,-0.7825330801526422,-0.6088113555632101
69.0,101.03958894000002,5.471081360309268,-0.7789428605043223,-0.6780613548410506
69.5,101.825765822,5.438136863280696,-0.7726380763881826,-0.7805613540230956
70.0,102.620615727,5.442910197182396,-0.7785279252297377,-0.7628113539001725
70.5,103.36954046600002,5.442910197182396,-0.7785279252297377,-0.7628113539001725
71.0,104.09804684600002,5.442910197182396,-0.7785279252297377,-0.7628113539001725
71.5,104.840086542,5.442910197182396,-0.7785279252297377,-0.7628113539001725
72.0,105.578659037,5.442910197182396,-0.7785279252297377,-0.7628113539001725
72.5,106.324693207,5.442910197182396,-0.7785279252297377,-0.7628113539001725
73.0,107.064270593,5.442910197182396,-0.7785279252297377,-0.7628113539001725
73.5,107.807763126,5.442910197182396,-0.7785279252297377,-0.7628113539001725
74.0,108.54485238000001,5.442910197182396,-0.7785279252297377,-0.7628113539001725
74.5,109.31608643200002,5.442910197182396,-0.7785279252297377,-0.7628113539001725
75.0,110.060833312,5.442910197182396,-0.7785279252297377,-0.7628113539001725
75.5,110.911713174,5.438882639943873,-0.7826664401756763,-0.8415613532145926
76.0,111.67083963600001,5.4486884904026835,-0.7817366279088982,-0.9015613524068821
76.5,112.43745914300001,5.4424077320954085,-0.7764864103200027,-0.9890613515773008
77.0,113.215848021,5.465904096336875,-0.7788250310853788,-1.0490613507234683
77.5,113.986395115,5.441742936203346,-0.7810632065677985,-1.1515613498505226
78.0,114.758749873,5.442114865866172,-0.7752408356518727,-1.2265613489646634
78.5,115.52911493100001,5.477625362299749,-0.7767136020560088,-1.3290613480733968
79.0,116.29767234800002,5.470105432590967,-0.7893183434630742,-1.4410302355518714
79.5,117.05839923600001,5.4728717600938275,-0.8478517346231618,-1.8188142054264587
80.0,117.83001798500001,5.5103590234996425,-0.8748588115436076,-2.1330871666498363
80.5,118.61759952,5.52797876417219,-0.8760028368153052,-2.3855871658106387
81.0,119.380007624,5.535415486489072,-0.8640801914420191,-2.6280871650006445
81.5,120.134893159,5.474229557314372,-0.9064007291628533,-2.8443415614186494
82.0,120.91567988600002,5.367592800594693,-0.9619156245629572,-3.0406684788769587
82.5,121.67226177200001,5.362110820005437,-0.990510265863346,3.1107720922888658
83.0,122.45375702500002,5.352264478884509,-0.9978897841857943,2.9982720931488323
83.5,123.224840363,5.343122745742951,-1.012713754277522,2.8982720940324302
84.0,123.99944997100002,5.3443605626787845,-1.0181538757278439,2.795772094922759
84.5,124.78991391600002,5.357035434901684,-1.0313118986550514,2.7057720958114837
85.0,125.58297743100002,5.339118513688671,-1.0370709711702952,2.6032720966903984
85.5,126.362846381,5.365077274128312,-1.047182362992105,2.5332720975527563
86.0,127.135839208,5.305820006947068,-1.0333866031803307,2.493182098379603
86.5,127.90840334200001,5.313096545822252,-1.028035490054953,2.3886020992084886
87.0,128.658728494,5.290952033302565,-1.0078523861139868,2.3755720999995473
87.5,129.430466518,5.257690445006036,-0.9779925806536696,2.328072100806163
88.0,130.20097755,5.265698294092005,-0.9821915703039581,2.223712101610301
88.5,130.95945027800002,5.248391964747118,-0.950309742056545,2.210792102422083
89.0,131.72781883000002,5.21033301619784,-0.9270414823611883,2.163292103261626
89.5,132.478110803,5.207385339059822,-0.9129851688329138,2.261382102649141
90.0,133.249409974,5.212171398343706,-0.9173887295852365,2.3538821018399454
90.5,134.034373587,5.222443024270262,-0.9169567012434223,2.4138821010360925
91.0,134.818156686,5.21795339543389,-0.9220967166091709,2.5063821002238047
91.5,135.595171532,5.229780461063814,-0.9230233120316695,2.5663820993867734
92.0,136.365196117,5.21611799416217,-0.9187820324844775,2.6588820985268855
92.5,137.146538757,5.21080542410661,-0.909032425571163,2.728882097649507
93.0,137.933238555,5.2089656329286775,-0.9133844195475733,2.831382096761247
93.5,138.70443558600002,5.206091310598129,-0.8923819366917218,2.911382095869974
94.0,139.50018919000001,5.205067296972549,-0.8869945367455765,3.0138820949850067
94.5,140.26860428700002,5.224451129631019,-0.8722049345653433,3.113882094117588
95.0,141.03180631200001,5.224419734135828,-0.874829729717546,-3.0568032139147774
95.5,141.802889482,5.1948666099670024,-0.839003230084999,-2.951803214789555
96.0,142.58891198700002,5.205399786588139,-0.8315734942675244,-2.839303215677503
96.5,143.375993298,5.217524596248757,-0.828605761013157,-2.749303216568146
97.0,144.151683849,5.229369081631657,-0.812955767546093,-2.6468032174527707
97.5,144.91954544700002,5.221930137087277,-0.8049307185240453,-2.5457232187624137
98.0,145.701075839,5.213317728831607,-0.8072012741759718,-2.2705670217754994
98.501,146.5152291,5.214056917560957,-0.8147543881924566,-1.9791164047548235
99.0,147.298213456,5.199619654344858,-0.8317836723115937,-1.7175090374234128
99.5,148.107615315,5.145306663085496,-0.8625331730407666,-1.3868073622309782
100.0,148.882149043,5.117463583366344,-0.8808780021092504,-1.0461065378084067
100.5,149.67747380400002,5.128140391655423,-0.9034366917320187,-0.8538902228605918
101.0,150.47140035200002,5.148969902615321,-0.924578204039057,-0.6967296896126794
101.5,151.250726683,5.135398441939505,-0.944003136756093,-0.5542465203809404
102.0,152.03968529600002,5.18577934642413,-0.9645417446547236,-0.447535994929973
102.5,152.840316013,5.218148390352488,-0.9890442638392319,-0.3922202063176412
103.0,153.625967643,5.300883747833825,-1.0245132971393676,-0.30819389136901637
103.5,154.408279747,5.335943150154353,-1.0326167041208998,-0.23195705011278112
104.0,155.182895361,5.364641333377566,-1.0466115269483338,-0.1926675772969525
104.5,155.961801215,5.4312056460339475,-1.074382555287785,-0.16659564824262757
105.0,156.753082059,5.457019809211414,-1.0765246110580236,-0.048525201128189005
105.5,157.535949467,5.467256954650184,-1.091335759876068,0.04631690305203786
106.0,158.332728288,5.457069253034537,-1.0987174964483366,0.15881690218436328
106.5,159.106402761,5.446143791101842,-1.1235530576769737,0.25881690129959123
107.0,159.914296683,5.4448468186329,-1.1290096508527574,0.36131690040877695
107.5,160.695351441,5.452083254140283,-1.142203014167145,0.45131689952125714
108.0,161.49244996500002,5.46902554547603,-1.13610162556955,0.5438168986447897
108.5,162.27764262600002,5.462962806833549,-1.1462762930451955,0.6138168977859008
109.0,163.093427443,5.455175084959791,-1.157461415599084,0.7163168969499535
109.5,163.88043073,5.466261995349136,-1.157129708219458,0.7763168961389484
110.0,164.666040162,5.48032099842195,-1.1301040461513394,0.8120668953477659
110.5,165.44281602700002,5.4825093466514225,-1.1240049761134308,0.8106268952249838
111.0,166.216536538,5.4825093466514225,-1.1240049761134308,0.8106268952249838
111.5,166.97611297400002,5.4825093466514225,-1.1240049761134308,0.8106268952249838
112.0,167.73897359900002,5.4825093466514225,-1.1240049761134308,0.8106268952249838
112.5,168.500987771,5.4825093466514225,-1.1240049761134308,0.8106268952249838
113.0,169.258566816,5.4825093466514225,-1.1240049761134308,0.8106268952249838
113.5,170.041094716,5.4825093466514225,-1.1240049761134308,0.8106268952249838
114.0,170.82881008,5.498364129087347,-1.099520156028099,0.8470668945546416
114.5,171.587123502,5.502410018343698,-1.0948884322901877,0.8585468944257678
115.0,172.362501691,5.502410018343698,-1.0948884322901877,0.8585468944257678
115.5,173.117184837,5.502410018343698,-1.0948884322901877,0.8585468944257678
116.0,173.894083103,5.502410018343698,-1.0948884322901877,0.8585468944257678
116.5,174.67125672400002,5.502410018343698,-1.0948884322901877,0.8585468944257678
117.0,175.47382359600002,5.529050918161924,-1.080710088370815,0.905686893739287
117.5,176.251992,5.546142756477855,-1.0464679970826016,0.9406868929099191
118.0,177.039955708,5.535764038397212,-1.0489496474633633,0.9881868921012709
118.5,177.83362507200002,5.541386172835016,-1.0460533603746605,1.033186891249173
119.0,178.643547356,5.561756071687402,-1.018275571199128,1.0806868903819786
119.5,179.43179581500002,5.58432817002865,-0.9824769087242999,1.1256868895047054
120.0,180.227863799,5.592484602904261,-0.9853578038915174,1.1731868886480512
120.5,181.04371746,5.587650967788707,-0.9833108165057105,1.2181868877615003
121.0,181.847842982,5.6051847881032995,-0.9824116540969685,1.2756868868703648
121.5,182.658214907,5.580167937578354,-0.9808671811765461,1.3206868859792897
122.0,183.462939829,5.597623261610851,-0.9802228524559888,1.3566889978897358
122.5,184.248896269,5.616086167333122,-0.9798794073289048,1.406248421984052
123.0,185.05512721600002,5.604017319497666,-0.9795206784362591,1.4646658999616438
123.5,185.85276661700001,5.621406737558047,-0.9792460928990292,1.4872169822530434
124.0,186.677938057,5.629836368764801,-0.9791254478536522,1.52570050744559
124.5,187.48408465,5.628262881084044,-0.9790565283808266,1.5663555290843265
125.0,188.267186291,5.628229888890676,-0.9498158320578476,1.6017120731944063
125.5,189.05393189900002,5.625312516507496,-0.9123877881290254,1.6165231284717982
126.0,189.906346167,5.6329692875061825,-0.9073085348597667,1.7167666367662824
126.5,190.706498605,5.650382912159556,-0.8977570856852024,1.8292666358838316
127.0,191.506988864,5.663284710402699,-0.8896499997057692,1.9192666349929504
127.5,192.269526554,5.6588765228112585,-0.8913507540438865,2.0217666341048472
128.0,193.078987662,5.668539113422023,-0.8964919529482018,2.091766633227054
128.5,193.87441495500002,5.644485846072694,-0.8989200606401964,2.194266632366278
129.0,194.664737908,5.6850754681906235,-0.9056087635934373,2.264266631528018
129.5,195.443234311,5.68988309890525,-0.9000377393548264,2.3567666307151707
130.0,196.24530369500002,5.6685953374611575,-0.9010146357421611,2.4067666299118535
130.5,197.046630185,5.684079473878615,-0.8961316173870735,2.4992666291006973
131.0,197.84346644500002,5.655850752004223,-0.9070162616192041,2.5592666282652936
131.5,198.646352896,5.672158874583401,-0.8927561715635681,2.6517666274067584
132.0,199.446897771,5.6767939386772674,-0.8929792543544837,2.721766626530354
132.5,200.253089009,5.684931909169873,-0.8873217800323188,2.824266625642646
133.0,201.041867808,5.672011598109764,-0.8763044760046261,2.904266624751311
133.5,201.848717653,5.660964002364313,-0.8709117774181943,3.0067666238656057
134.0,202.64346055800002,5.67032118956287,-0.8461189550927175,3.1067666229966435
134.5,203.466607794,5.6702763674664585,-0.8287435553000151,-3.0639186850351323
135.0,204.270848022,5.660484035527222,-0.8218854358777339,-2.953918685908649
135.5,205.0799512,5.651420060729928,-0.8165166927233871,-2.851418686796093
136.0,205.879832252,5.653640341442072,-0.7935194025725618,-2.7614186876869167
136.5,206.659472572,5.665440730845377,-0.7878878440749606,-2.658918688572263
137.0,207.454473599,5.669816474091394,-0.7862586214991998,-2.578918689444691
137.5,208.27593965100002,5.653484487296952,-0.7820138108297563,-2.486418690298011
138.0,209.092257617,5.681667944657803,-0.7829325273040739,-2.4264186911270893
138.5,209.921819402,5.686162523368764,-0.7780682149210936,-2.3339186919341723
139.0,210.747290882,5.665900110813601,-0.7676268097187853,-2.273918692738303
139.5,211.55670893200002,5.671118291549865,-0.7720253452532111,-2.1814186935567252
140.0,212.348668075,5.672186936657143,-0.7700048464425233,-2.1214186944009192
140.5,213.22107311300002,5.678009179246855,-0.7735654666531202,-2.028918695266512
141.0,214.100880016,5.658351420577889,-0.7686969384962463,-1.958918696147792
141.5,214.97710807500002,5.652735098359596,-0.7704599053865699,-1.8564186970378027
142.0,215.850597748,5.649631005292793,-0.7722163953004708,-1.8012604760788054
142.5,216.71761823200004,5.647843099437413,-0.7798206351777646,-1.74867904870132
143.0,217.54462383,5.623003098667347,-0.7807857965136762,-1.7219411181226483
143.5,218.341731002,5.6230030986666195,-0.7807857965185603,-1.7146261178925903
144.0,219.130186747,5.621480057904442,-0.7902057764610726,-1.7447905619187174
144.5,219.963026521,5.606218766535947,-0.8665389069223597,-2.028260545306698
145.0,220.783521778,5.572538039286906,-0.9422706952815663,-2.393700483161159
145.5,221.60176080099998,5.468373362531967,-1.0039304021041247,-2.766200482317012
146.0,222.41031429699999,5.374225980405894,-1.0690976842763975,-3.0212004814397684
146.5,223.24260611000003,5.276603588167816,-1.08766106868869,2.8344848266063547
147.0,224.060544862,5.1697796077259,-1.1147057749566436,2.5736686099969175
147.5,224.88566095299998,5.059305414100349,-1.0555748406508565,2.3362780848188147
148.0,225.695649255,4.990736105445186,-0.9652459332759387,2.1855938751113033
148.5,226.516007874,4.926211005013778,-0.884486572781487,1.9518833496539052
149.0,227.322799774,4.903769995344477,-0.8846809875958055,1.929672824120549
149.5,228.11037887400002,4.918223429138584,-0.883102503958165,1.827172825008422
150.0,228.91317519100002,4.89846131822552,-0.8628689336255322,1.7839228259073574
150.5,229.726401891,4.88395139838638,-0.8254895421442998,1.7264228267935413
151.0,230.55442410700002,4.858283875769029,-0.8093326287444698,1.6346728276565208
151.5,231.3699098,4.860906474217268,-0.8092207687756265,1.5221728285088
152.0,232.191862788,4.836596986336129,-0.7899199778334496,1.4596928293478268
152.5,232.99431994900002,4.847762136642604,-0.7743912407106279,1.345442830220099
153.0,233.858354918,4.8403432385999565,-0.7748692030149575,1.3371928303612148
153.5,234.71013856300002,4.8403432385999565,-0.7748692030149575,1.3371928303612148
154.0,235.509550334,4.8403432385999565,-0.7748692030149575,1.3371928303612148
154.5,236.29857922200003,4.8403432385999565,-0.7748692030149575,1.3371928303612148
155.0,237.12748106300003,4.8403432385999565,-0.7748692030149575,1.3371928303612148
155.5,238.037709542,4.8403432385999565,-0.7748692030149575,1.3371928303612148
156.0,238.850194674,4.8403432385999565,-0.7748692030149575,1.3371928303612148
156.5,239.662515608,4.8403432385999565,-0.7748692030149575,1.3371928303612148
157.0,240.480816792,4.8403432385999565,-0.7748692030149575,1.3371928303612148
157.5,241.282690944,4.8403432385999565,-0.7748692030149575,1.3371928303612148
158.0,242.074971567,4.8403432385999565,-0.7748692030149575,1.3371928303612148
158.5,242.89117758300003,4.832202555451467,-0.7476948864048589,1.29991283110137
159.0,243.729090404,4.836272198151956,-0.7329272337724695,1.195772831984517
159.5,244.553453614,4.81306993822948,-0.7457126101412879,1.105772832868947
160.0,245.394631814,4.828217867404094,-0.7483293540149392,1.0082728337442277
160.5,246.220332543,4.817109133401937,-0.7439058862865018,0.9332728346008046
161.0,247.06080342200002,4.803440407638675,-0.7485881212723604,0.845772835434013
161.5,247.87750033400002,4.803731125673843,-0.737548596301079,0.7857728362432326
162.0,248.696991864,4.807802780644663,-0.731643733546389,0.6882728370467818
162.5,249.525469007,4.831703929463295,-0.7469858097430206,0.6282728378617893
163.0,250.388338242,4.816349678261672,-0.7433439050515571,0.5407728387022025
163.5,251.213059678,4.832411469845601,-0.7231696915552901,0.47077283956478233
164.0,252.052122362,4.8150243486713284,-0.7383195835441536,0.37327284044398823
164.5,252.87456512000003,4.818994392545234,-0.728035090469644,0.29827284133312315
165.0,253.70467478999998,4.840370472833535,-0.7225551663757248,0.19577284222411906
165.5,254.532977892,4.8419136039673685,-0.6997375293567591,0.10577284310740341
166.0,255.364412934,4.832404215665891,-0.6944368892424787,0.0032728439715313962
166.5,256.20797903199997,4.832485903850493,-0.6775845656265371,-0.10672715517389166
167.0,257.050010736,4.822191275355738,-0.6601929615554981,-0.21922715429672943
167.5,257.873295106,4.840551653065434,-0.6473539133366184,-0.3092271534079153
168.0,258.72505763699996,4.829740943403482,-0.6298505681238163,-0.4217271525175754
168.5,259.565207748,4.815978251746802,-0.6285142391203208,-0.5017271516343156
169.0,260.43260896699996,4.8332667771577125,-0.6199481741372265,-0.5665471504693463
169.5,261.310796036,4.920285916554652,-0.663017290364757,-0.5447313608209914
170.0,262.159961587,4.971526957513958,-0.6948803312334896,-0.5568103077513953
170.5,262.985079097,5.012747323135852,-0.7282842198018656,-0.5858414184197491
171.0,263.816521493,5.065061333893864,-0.7527343627230352,-0.5780115157114524
171.5,264.636379406,5.069663769767412,-0.7551228379995101,-0.5611236802119466
172.0,265.465837394,5.083833737934992,-0.7638251371834779,-0.5607353479409064
172.5,266.29083794999997,5.101090281346231,-0.7790289265790555,-0.5307099097939268
173.0,267.13398532599996,5.1280340089794105,-0.7906684520464393,-0.4701604369230215
173.5,267.96950350199995,5.174918830162413,-0.8109963913401296,-0.43516043780358166
174.0,268.804385185,5.210391715746007,-0.8235547022987466,-0.37766043868887345
174.5,269.62331454099996,5.216239075156972,-0.8231581691632088,-0.48786043804138507
175.0,270.471200502,5.222306678940748,-0.8305765767058796,-0.5728604371713848
175.5,271.331571376,5.219226413624323,-0.8154612966450691,-0.6703604363178723
176.0,272.16696460699995,5.210998531615795,-0.816346651399329,-0.7303604354890897
176.5,273.031310136,5.207194568738065,-0.8206915782923777,-0.8278604346821273
177.0,273.864042311,5.217492358471111,-0.8102861656369824,-0.8878604338780075
177.5,274.702475027,5.22147052223677,-0.8053602021165682,-0.9753604330592983
178.0,275.531787175,5.20961735150462,-0.8240461765196553,-1.0303604322148587
178.5,276.357753274,5.195592189652076,-0.816520596692375,-1.1328604313490898
179.0,277.21823970599996,5.21441042728971,-0.8123179722260427,-1.197860430467711
179.5,278.068165069,5.205552057919664,-0.8155961326430508,-1.2778604295776883
180.0,278.89880824899996,5.220990469784777,-0.8168276345082179,-1.3803604286872657
180.5,279.72418989799996,5.25377446388525,-0.8182183654149631,-1.4470179717750677
181.0,280.558369676,5.231161433617067,-0.8184685815148156,-1.499683159839613
181.5,281.386777893,5.2506375038484645,-0.8185020845741233,-1.5471708308769463
182.0,282.233772128,5.26011268192211,-0.8085157521429949,-1.5858257093880754
182.5,283.071338552,5.239587724126629,-0.8085091061372374,-1.589165709266498
183.0,283.879811523,5.239587724126629,-0.8085091061372374,-1.589165709266498
183.5,284.685317394,5.239587724126629,-0.8085091061372374,-1.589165709266498
184.0,285.486873766,5.239587724126629,-0.8085091061372374,-1.589165709266498
184.5,286.279431199,5.239587724126629,-0.8085091061372374,-1.589165709266498
185.0,287.077227714,5.239587724126629,-0.8085091061372374,-1.589165709266498
185.5,287.89843734699997,5.239587724126629,-0.8085091061372374,-1.589165709266498
186.0,288.68795379799997,5.239587724126629,-0.8085091061372374,-1.589165709266498
186.5,289.553166989,5.239587724126629,-0.8085091061372374,-1.589165709266498
187.0,290.512194422,5.256966443765614,-0.8083697341978118,-1.80066570847109
187.5,291.34562119,5.294872371801731,-0.8150057061458047,-1.9906657075821317
188.0,292.200466549,5.297698749790051,-0.8217580138602307,-2.203165706706255
188.5,293.034297912,5.305583897791804,-0.8158756011180088,-2.3231657058701387
189.0,293.8983194,5.308290199829834,-0.8190723748087829,-2.5256657050644047
189.5,294.737365153,5.3110160269438245,-0.8166429558103276,-2.640665704228759
190.0,295.583857784,5.285125503023245,-0.8261041140893335,-2.8331657033519115
190.5,296.40886307,5.308235588791252,-0.846283947681326,-2.983165702460752
191.0,297.23925724,5.316987430167837,-0.8585089584228358,3.08751960558634
191.5,298.09533297999997,5.307638781481023,-0.8890940696487162,2.8825196064588106
192.0,298.944004684,5.309130757142441,-0.9135153124473234,2.6600196073480076
192.5,299.78094108199997,5.297916094036104,-0.9256221617914075,2.5050196082184706
193.0,300.614505183,5.294949029054887,-0.9358087382255675,2.3125196090454234
193.5,301.45225169699995,5.304150904893529,-0.9464273853879455,2.1925196098529574
194.0,302.308595104,5.318347545118587,-0.9365056503923386,2.0250196106972873
194.5,303.154834909,5.275910762474626,-0.9371213148863227,1.8700196115789152
195.0,304.00706654,5.299523382148762,-0.9431778479627813,1.6875196124690377
195.5,304.849493233,5.28254821797621,-0.8775542692696874,1.6646859877706188
196.0,305.69047343899996,5.275877200819247,-0.7878072315290705,1.626161978558316
196.5,306.524426943,5.243639558837041,-0.697753945532325,1.617382300718642
197.0,307.395428031,5.250771287654844,-0.6078006617339504,1.6008897011461125
197.5,308.239732614,5.229117090980875,-0.5178156031339674,1.590666260111745
198.0,309.08053709999996,5.238176405912117,-0.4278196260622176,1.5847848137309761
198.5,309.891265817,5.238046978374781,-0.41828050431849295,1.5839423286482304
199.0,310.733734841,5.238046978374781,-0.41828050431849295,1.5839423286482304
199.5,311.56583570199996,5.238046978374781,-0.41828050431849295,1.5839423286482304
200.0,312.377655394,5.238046978374781,-0.41828050431849295,1.5839423286482304
200.5,313.22835480599997,5.238046978374738,-0.4182805043241373,1.5623823289598968
201.0,314.093799419,5.251662229821014,-0.3763174330403487,1.4755320652081
201.5,314.949446885,5.247916928428629,-0.2641256881011751,1.4908736497193504
202.0,315.800644409,5.265725914881775,-0.1674477729749011,1.690640674364035
202.5,316.64856074899996,5.243720754145361,-0.05098890574398318,1.8094388024022012
203.0,317.518230142,5.210010317539233,0.02237996904108286,2.0085269649967215
203.5,318.36158158499995,5.220340903480487,0.03241930324174813,1.959743635405584
204.0,319.209945532,5.216835330522311,0.0587465070897899,1.7324962831246864
204.5,320.050656615,5.198337134299036,0.1636080299615612,1.5138098690437467
205.0,320.90554540399995,5.20675965416631,0.28589047677192436,1.2848834984413542
205.5,321.743551868,5.206117666877006,0.39343266949768285,1.0517045801261866
206.0,322.61307099,5.241019218209418,0.49839980352627045,0.9355613603949585
206.5,323.47264763299995,5.310262278634374,0.5907857335021562,0.8537704065894034
207.0,324.34999130399996,5.382821793757208,0.6802112391839916,0.7144046766786236
207.5,325.19929792799996,5.483971153202598,0.7493373934748941,0.615490993518426
208.0,326.05123639699997,5.574842549294701,0.8251692915494688,0.48772362613627435
208.5,326.91836039099996,5.690736128355539,0.8915684452675174,0.38947731139239156
209.0,327.78246277399995,5.851350967350455,0.9452397694289703,0.24076678596621673
209.5,328.647777402,5.9965905522940135,0.9877735032808372,0.1367667868546143
210.0,329.526836297,6.111337021045555,1.0063409643468475,0.05110140782181438
210.5,330.373517576,6.206438069282417,1.0266694235451475,-3.8544904182892786e-06
211.0,331.256525802,6.331418043406304,1.0343490381036382,-0.0277199941136566
211.5,332.11301377899997,6.446256081997505,1.0277818067276607,-0.05422104603619236
212.0,332.998533836,6.591040895314199,1.0204239972565547,-0.05208946707760276
212.5,333.866187095,6.715781710021801,1.0122952387838113,-0.06703683484436562
213.0,334.73635368799995,6.880548270375331,1.0046969602194258,-0.04964209849178687
213.5,335.59347817099996,7.01541127730775,0.9988559758704669,-0.03798946723744651
214.0,336.44844799199996,7.140392975931844,0.9961416014275173,-0.02743145616847197
214.5,337.31688133899996,7.275344534117195,0.9827243146436526,-0.008641982932021708
215.0,338.206016504,7.420349909972675,0.982786705210275,-0.013720930378664759
215.5,339.071597303,7.565335527276984,0.9807211870107047,-0.011720930281343299
216.0,339.93107607999997,7.690314935521652,0.978356041812793,-0.021536719356467723
216.5,340.788893505,7.8153114617269726,0.9777655659270286,-0.009326193598365238
217.0,341.660552474,7.950306179204431,0.9766267541223845,-0.011773561859716938
217.5,342.532821552,8.055314157010914,0.9759177327419595,-0.020299877534109143
218.0,343.39903856499996,8.190282697939619,0.9732192841634664,-0.011220930379564936
218.5,344.265699269,8.345267519821828,0.971181994171876,-0.0007998779228059615
219.0,345.14315838,8.490268893596525,0.9729250094360999,0.00848959522040695
219.5,346.023675502,8.59526493528109,0.9739248185684488,0.013489595219364221
220.0,346.858910661,8.720246725956518,0.9761898305615331,4.222699266434688e-05
220.5,347.726416654,8.855243175252022,0.9746450192912839,-0.0054314568826307535
221.0,348.583933855,8.980240381900911,0.9741063423102814,0.0013843324511605408
221.5,349.46450244799996,9.105240212961117,0.9730803583268202,0.0027527536212301
222.0,350.34880071,9.250232051308675,0.973279478504498,-0.01990514062682512
222.5,351.233611829,9.345159203612921,0.9788434350897317,-0.04001040315672177
223.0,352.11815104199997,9.489965064049006,0.9618537561401972,-0.07272092861146034
223.5,352.980816529,9.614246451438202,0.9583789588555067,-0.13172092774477942
224.0,353.88294118299996,9.727257721839639,0.9458130080714842,-0.19816829528643634
224.5,354.782056829,9.850803406740463,0.9369929969617248,-0.2552307504266715
225.0,355.673223148,9.982524740321239,0.9192761433066909,-0.14188482521335552
225.5,356.556899157,10.097502677525057,0.8898448944564068,-0.07041114187881595
226.0,357.42724253999995,10.222537312841812,0.8672373329469041,-0.006490090096704253
226.5,358.326917638,10.337507468910708,0.8614435273897287,0.06745727747551492
227.0,359.210465593,10.481743833298957,0.8658163971454549,0.1314835924002302
227.5,360.116727153,10.50087790913004,0.8523433724116689,0.22601464420905487
228.0,360.99165338899996,10.489714606443687,0.8469228276209524,0.32851464332455405
228.5,361.86749525899995,10.507151649565996,0.8438075094375597,0.4185146424339206
229.0,362.748935185,10.495137996837663,0.8280818381395001,0.5210146415530766
229.5,363.62802099799995,10.501891457421728,0.8340848796136093,0.6135146406874491
230.0,364.526824654,10.475525190506275,0.8237163179621634,0.6835146398428613
230.5,365.422461474,10.50691862614798,0.824304726423521,0.7435146390241666
231.0,366.302227954,10.512225535764468,0.819259666153747,0.8360146382201583
231.5,367.182920193,10.512119538116382,0.8184278805536591,0.8960146374129063
232.0,368.297037236,10.49673239818414,0.8226177789301232,0.9885146365843727
232.5,369.306060055,10.505358479378275,0.8201557703569522,1.0485146357313786
233.0,370.211558311,10.481222297118821,0.822439775492648,1.151014634859019
233.5,371.094210128,10.530710412829187,0.8272141076669097,1.2210146339734598
234.0,371.99127991399996,10.516245119315553,0.8187587231499922,1.3235146330821879
234.5,372.879880631,10.539131381865689,0.8205965943931952,1.391690130104827
235.0,373.79113731499996,10.546548898958825,0.8210670381421377,1.471870279574013
235.5,374.70588838,10.543941606200955,0.8213712745002049,1.5131492694347881
236.0,375.55351389599997,10.561326185494629,0.8215951266992869,1.5080933642406265
236.5,376.415156476,10.561326185494629,0.8215951266992869,1.5080933642406265
237.0,377.244866545,10.561326185494629,0.8215951266992869,1.5080933642406265
237.5,378.11519421099996,10.561326185494629,0.8215951266992869,1.5080933642406265
238.0,378.966095451,10.561326185494629,0.8215951266992869,1.5080933642406265
238.5,379.803862769,10.561326185494629,0.8215951266992869,1.5080933642406265
239.0,380.722913007,10.561326185494629,0.8215951266992869,1.5080933642406265
239.5,381.640306513,10.561326185494629,0.8215951266992869,1.5080933642406265
240.0,382.516046179,10.561326185494629,0.8215951266992869,1.5080933642406265
240.5,383.370774796,10.561326185494629,0.8215951266992869,1.5080933642406265
241.0,384.23030142799996,10.561326185494629,0.8215951266992869,1.5080933642406265
241.5,385.10951387399996,10.561326185494629,0.8215951266992869,1.5080933642406265
242.0,385.963515578,10.561326185494629,0.8215951266992869,1.5080933642406265
242.5,386.83253475799995,10.561326185494629,0.8215951266992869,1.5080933642406265
243.0,387.680089309,10.561326185494629,0.8215951266992869,1.5080933642406265
243.5,388.533887985,10.561326185494629,0.8215951266992869,1.5080933642406265
244.0,389.36141571599995,10.561326185494629,0.8215951266992869,1.5080933642406265
244.5,390.21168768399997,10.561326185494629,0.8215951266992869,1.5080933642406265
245.0,391.06908582399996,10.561326185494629,0.8215951266992869,1.5080933642406265
245.5,391.94270414299996,10.561326185494629,0.8215951266992869,1.5080933642406265
246.0,392.83018986099995,10.563923639421365,0.8212159586944372,1.29709336504037
246.5,393.732203778,10.549518999544938,0.8197875090526479,1.0745933659292368
247.0,394.631247575,10.527510881489523,0.8212061822983765,0.9195933667981413
247.5,395.517259085,10.52708396351727,0.8253943228627065,0.7895933676226923
248.0,396.40428913299996,10.545298971838488,0.8165467754541416,0.5970933684310179
248.5,397.29086721299996,10.500464881232228,0.8238676205772517,0.4770933692776244
249.0,398.184891302,10.51558382212509,0.8229331841008625,0.2845933701602802
249.5,399.095178231,10.500197380211613,0.8457053741921392,0.11959337104981617
250.0,399.981529282,10.500766554121162,0.8578514325754618,-0.09290662808897224
250.5,400.870768168,10.509301155379204,0.898528504080617,-0.29790662720909394
251.0,401.76982231399995,10.50665167750796,0.9111130725410028,-0.5104066263216475
251.5,402.693148524,10.486518816982192,0.9239470560478296,-0.665406625459245
252.001,403.619778915,10.495005321441713,0.9310077809700861,-0.8329066246415735
252.5,404.509010635,10.497675765334565,0.935791228690305,-0.9729066238297197
253.0,405.421653609,10.522803636183774,0.9269139997531903,-1.140406622974892
253.5,406.324440092,10.504612182182274,0.938814409754853,-1.2954066220886182
254.0,407.221466546,10.52483721403272,0.9268315038284305,-1.4979066212017733
254.5,408.124588744,10.532180725875708,0.8716506203469487,-1.5175302908094055
255.0,409.024767674,10.545283203000082,0.7816923129982936,-1.5346530490006547
255.5,409.92974488799996,10.527399264627958,0.6917164831297002,-1.5473363642132458
256.0,410.843947615,10.558657856803777,0.5917234899151129,-1.5547479743092074
256.5,411.739430223,10.579527622699342,0.5117248357990265,-1.5586393154428244
257.0,412.66760458199997,10.580120368983296,0.42172447791635737,-1.561124961553938
257.5,413.55876290699996,10.57973785566665,0.40217941924960066,-1.5591404187449593
258.0,414.447245476,10.57973785566665,0.40217941924960066,-1.5591404187449593
258.5,415.324280963,10.57973785566665,0.40217941924960066,-1.5591404187449593
259.0,416.179584514,10.57973785566665,0.40217941924960066,-1.5591404187449593
259.5,417.053040598,10.579900347754233,0.3951283818394353,-1.5389670856765356
260.0,417.98430876199996,10.571821985705196,0.325762116289372,-1.3932435307488313
260.5,418.92340713,10.58159174033549,0.2045741568246937,-1.2702045844747718
261.0,419.855876407,10.616996434134,0.0877373945585358,-1.2236572170657232
261.5,420.78037751,10.67395749479424,-0.03246021850194758,-1.1501298496261652
262.0,421.67959474599996,10.659326629070126,-0.11704689439162319,-1.0516863892808024
262.5,422.592160527,10.677903037237249,-0.16552521670076725,-0.8873396551366604
263.0,423.47862454899996,10.707602830623063,-0.18616507480058697,-0.6854015860377871
263.5,424.41594419899997,10.746258248312847,-0.20694938972669075,-0.5475625519700834
264.0,425.328949637,10.751609404034236,-0.21065557689129832,-0.40658886862164034
264.5,426.255350104,10.746742974243078,-0.23004994306442583,-0.3089564332070841
265.0,427.192789808,10.764586352031033,-0.23713148995694855,-0.17213573235877538
265.5,428.11793342699997,10.80014688916621,-0.26015732513158607,-0.1016082950387814
266.0,429.02614556199995,10.827181691544038,-0.26229765270540994,-0.08738486444430801
266.5,429.923239294,10.820476437661135,-0.2712333240945295,-0.12962011650442506
267.0,430.84570995499996,10.833687420798551,-0.26996191441424244,-0.03856145797300439
267.5,431.74274956799997,10.851052410818344,-0.27070720000248016,-0.07160564307291006
268.0,432.670847241,10.85181840166658,-0.2707627160412702,0.008971431482058322
268.5,433.62179631699996,10.863357056150871,-0.2783737143815044,-0.09516535475887825
269.0,434.57252346499996,10.887637676568707,-0.2693005677194531,-0.2989010290296343
269.5,435.50012421099996,10.967683526105418,-0.2839611748662483,-0.4095535738771871
270.0,436.435886242,11.057706253644014,-0.3244979313220808,-0.46327708141661594
270.5,437.364753889,11.165873482898277,-0.3673498423268544,-0.5022422265779972
271.0,438.295711644,11.31474116463195,-0.4288262310622688,-0.48829485812262274
271.5,439.237698095,11.42591634303488,-0.4859809202748755,-0.48321591117309803
272.0,440.17580279199996,11.536200111704934,-0.5348161352806411,-0.48670452623409816
272.5,441.10539384,11.68847209065593,-0.5998093549944237,-0.43367821132408246
273.0,442.05260034099996,11.735565226782727,-0.6539975654482735,-0.3467834753706669
273.5,443.01259618,11.856753549492401,-0.6957741281550938,-0.25865189731292143
274.0,443.962786877,11.989955941831234,-0.7384136046888097,-0.21312394515303423
274.5,444.903188752,12.142819757240094,-0.7614767895099224,-0.18570876019312194
275.0,445.86175007699995,12.246845355162185,-0.7964949596737254,-0.08999396258203096
275.5,446.799424128,12.381760447280135,-0.802428609066931,-0.050713612528340654
276.0,447.735624965,12.506728101807807,-0.8162256345337937,-0.03477501659925975
276.5,448.658864995,12.656660935680794,-0.8300889707954351,-0.01666975386567448
277.0,449.603193751,12.81166623917679,-0.8310427067671453,-0.005196070188347797
277.5,450.53175909,12.94667416732097,-0.829743667450435,0.010857613490226726
278.0,451.497780165,13.071551942835319,-0.824574920924996,0.03991024434108882
278.5,452.45281643299995,13.145801747477375,-0.8293187607869248,0.06724041918094645
279.0,453.427572618,13.245639209268642,-0.8310263532180979,0.10659410249890679
279.5,454.374298609,13.305222277442772,-0.829660308949367,0.16745606635351382
280.0,455.29896982699995,13.414252933179265,-0.8153756623408128,0.08134881543840482
280.5,456.250596956,13.549369014279728,-0.7933880989359983,0.022454079460409747
281.0,457.211182857,13.684294588434158,-0.7865947260351067,-0.07167749864488807
281.5,458.17920783399995,13.79739491414835,-0.7818422798364049,-0.13562486619828623
282.0,459.130611923,13.916983812215275,-0.8019090320732323,-0.18765118113018203
282.5,460.09218572099996,13.99350911513232,-0.8098127178199324,-0.2640985486691815
283.0,461.02619489999995,14.037674903943426,-0.8047940462747771,-0.3052217057727404
283.5,461.98144873999996,14.092294293854422,-0.8194988504094063,-0.36272170488244293
284.0,462.901009915,14.076654242235927,-0.8139134792565201,-0.46697170400295207
284.5,463.837944077,14.081946741242962,-0.8032938714451019,-0.5419717031285776
285.0,464.780968025,14.07894447347525,-0.7982269142732461,-0.6394717022691435
285.5,465.734845089,14.080890577244723,-0.7992416201686305,-0.6994717014330132
286.0,466.71736127099996,14.077156127013541,-0.8036464362548754,-0.7969717006217508
286.5,467.665169173,14.10760758083447,-0.7933939619030399,-0.85697169981839
287.0,468.609650817,14.08324219182743,-0.797174425109735,-0.9462216990614797
287.5,469.58501083499993,14.09067054408599,-0.8066538108446197,-0.9962216982255079
288.0,470.531063604,14.076693473776638,-0.7992048096467448,-1.0987216973665679
288.5,471.483665934,14.0956247068942,-0.7952151151555507,-1.1637216964899857
289.0,472.45358869999995,14.071279854479643,-0.7970717089838084,-1.2662216956021894
289.5,473.45203267299996,14.081316392138595,-0.8003704574388557,-1.3412216947110975
290.0,474.415273373,14.088756016599193,-0.8009492599804471,-1.4537216938257116
290.5,475.367909704,14.111475055215609,-0.8019265997539442,-1.5744372480434359
291.0,476.3225521439999,14.144161648889552,-0.8014007977669078,-1.859222431805577
291.5,477.29477374199996,14.144793916326734,-0.7979762532872421,-2.1367224309197628
292.0,478.2956851,14.169157618734697,-0.8029696445845209,-2.3304824299526214
292.5,479.2784947619999,14.156947359913815,-0.8081120022690103,-2.2259124303661624
293.0,480.260606444,14.162421968250676,-0.8121869487244968,-2.133412431200189
293.5,481.229696631,14.193952873586188,-0.8094825340950997,-2.0734124320586376
294.0,482.213095079,14.178136468107988,-0.8016784894730682,-1.9709124329346208
294.5,483.173764504,14.168747041908668,-0.8062292787070273,-1.9009124338221606
295.0,484.15187434099994,14.15324162765921,-0.8076864616349058,-1.8137622450240323
295.5,485.10799047499995,14.150386471495239,-0.8094069544115241,-1.7520662730590353
296.0,486.08349480999993,14.150386471490824,-0.8094069544402833,-1.7015527548842144
296.5,487.05927796899994,14.12298515672243,-0.8097775895027954,-1.6710024694030383
297.0,487.99847918599994,14.144550844435397,-0.8099485730036093,-1.671961798658834
297.5,488.92976046699994,14.144550844435397,-0.8099485730036093,-1.671961798658834
298.0,489.850558021,14.144550844435397,-0.8099485730036093,-1.671961798658834
298.5,490.77123859200003,14.144550844435397,-0.8099485730036093,-1.671961798658834
299.0,491.677605586,14.144550844435397,-0.8099485730036093,-1.671961798658834
299.5,492.627301448,14.144550844435397,-0.8099485730036093,-1.671961798658834
300.0,493.593461791,14.144550844435397,-0.8099485730036093,-1.671961798658834
300.5,494.53110437600003,14.144550844435397,-0.8099485730036093,-1.671961798658834
301.0,495.47758210099994,14.144550844435397,-0.8099485730036093,-1.671961798658834
301.5,496.45095984399995,14.14195709462105,-0.8095448439156501,-1.8819617978596361
302.0,497.412713347,14.17907792454595,-0.8050678913440521,-2.0669617969724077
302.5,498.40041661199996,14.170404533002209,-0.8101430362774442,-2.2694617961100523
303.0,499.37820091699996,14.160968534827578,-0.8141297459872394,-2.399461795292295
303.5,500.44349394799997,14.190745498523953,-0.8028519519704762,-2.576961794480399
304.0,501.453757611,14.185680945738373,-0.8001053451243898,-2.6969617936255452
304.5,502.45754762699994,14.191537735115041,-0.8110325437969106,-2.899461792739285
305.0,503.45557298899996,14.177173808185042,-0.8437398142770967,-3.0644617918524717
305.5,504.443758548,14.18671827755906,-0.8558784626320008,3.0062235161862727
306.0,505.428923317,14.178247788078831,-0.8976386384828192,2.79622351707042
306.5,506.429459489,14.182119181546767,-0.9184465641324318,2.593723517955442
307.0,507.42952722999996,14.152576616958564,-0.9314988118671179,2.4387235188106997
307.5,508.434395054,14.17421203324433,-0.9286690610137427,2.2712235196221657
308.0,509.42632958,14.18168479814876,-0.9336171686179102,2.1312235204400762
308.5,510.43405636399996,14.186640261091087,-0.9348810626644082,1.963723521302335
309.0,511.422950462,14.164907541975733,-0.936953969507591,1.808723522191267
309.5,512.440864804,14.134700835492936,-0.9350636466940534,1.6062235230739625
310.0,513.458540009,14.117826341032595,-0.8700783074406899,1.5900264167932643
310.5,514.455789699,14.107752118339072,-0.7800435607035294,1.5941476243412365
311.0,515.432528222,14.116305784539144,-0.6900518492654688,1.5874785484065208
311.5,516.404871538,14.12537828437568,-0.6000533723886567,1.5830122212681499
312.0,517.392418586,14.103771556009319,-0.5100679810702005,1.5704364920546687
312.5,518.3969776,14.09409061718532,-0.4200671175813655,1.5725371538192254
313.0,519.34780301,14.114520318745043,-0.41034581377476886,1.5750526985930426
313.5,520.327651459,14.114520318745043,-0.41034581377476886,1.5750526985930426
314.0,521.283333684,14.114520318745043,-0.41034581377476886,1.5750526985930426
314.5,522.23816481,14.114520318745043,-0.41034581377476886,1.5750526985930426
315.0,523.204339919,14.114520318745015,-0.4103458137733096,1.5624926987759915
315.5,524.195243826,14.115044974713932,-0.4103648129494548,1.3353419439364804
316.0,525.192071346,14.087234175357192,-0.40344382713834914,1.070341944824201
316.5,526.193583764,14.078812882321168,-0.40961983729740825,0.8078419456842858
317.0,527.200486134,14.088400644990958,-0.398741559583875,0.6231408939335138
317.5,528.2057544099999,14.125666867348247,-0.3671233867163253,0.4121966842995614
318.0,529.187658508,14.163418798459352,-0.33730195752531067,0.2731545800053775
318.5,530.184376576,14.182099015916396,-0.3266611043434766,0.12873247588113168
319.0,531.1802717969999,14.184466993996757,-0.3098087834044898,-0.01349559337735451
319.5,532.1813212659999,14.292700855100236,-0.297939504398957,-0.049176211249056995
320.0,533.183524215,14.407398222620468,-0.29677825416167813,-0.07817621038937317
320.5,534.205229114,14.571993046474196,-0.30678535419792174,-0.04946533355695486
321.0,535.182581871,14.696992306632596,-0.30839083147191415,0.011210104095739819
321.5,536.1722984649999,14.841767660103946,-0.32044736060258117,0.08042062955899174
322.0,537.1790299959999,14.965752544383369,-0.31453623527880314,0.15186799710736595
322.5,538.1818197399999,15.078956758351643,-0.29329480878199643,0.13676400729602453
323.0,539.1847777859999,15.213425077033323,-0.28201637444038874,0.06874958417066478
323.5,540.2064499119999,15.308421448981928,-0.2677881732384082,0.07955358208718245
324.0,541.238281048,15.432481352511322,-0.25271063643770075,0.1584606706119604
324.5,542.275165231,15.51661529002115,-0.2338912815006926,0.19057031900480179
325.0,543.305311667,15.62844449520401,-0.2147750558520225,0.2228492660031164
325.5,544.3344126019999,15.710243231128977,-0.19436991359390998,0.234006326015501
326.0,545.342789489,15.774489608000705,-0.1772096873304143,0.29106158832164586
326.5,546.3687420069999,15.859924896263669,-0.1676644876430753,0.416930417573291
327.0,547.406658843,15.919924925628447,-0.1427973709773912,0.538480942886684
327.5,548.434176118,15.963362528041383,-0.1334667520148602,0.6474214680946827
328.0,549.4701272149999,16.0017365370559,-0.09588012046224914,0.7715982233261813
328.5,550.500916374,16.067012740555093,-0.05247314123407962,0.7872805870402059
329.0,551.524718557,16.111640582896996,0.0017140055617680117,0.8167215652820256
329.5,552.533635309,16.220456496970556,0.08773161299761065,0.7332972174547531
330.0,553.559621646,16.292263663932005,0.17112942089162153,0.6623498498502317
330.5,554.617915017,16.418152268330594,0.2482474200495345,0.5732182717385115
331.0,555.657245136,16.51189386232991,0.3221080203448737,0.504849851547721
331.5,556.695273162,16.62793146020292,0.3795668933868373,0.3800340629538728
332.0,557.733920144,16.749134806782468,0.4323637555873996,0.2500603796347957
332.5,558.757214145,16.883349195317077,0.471794829085741,0.15295511736500855
333.0,559.809935195,16.986901962731224,0.5004525175541762,0.043876170866554834
333.5,560.836368019,17.076808583484766,0.5168023385871233,-0.022498565149992145
334.0,561.866349637,17.14060903540019,0.525917754173903,-0.00987993371141229
334.5,562.883140306,17.234178110642763,0.5216801518851129,-0.04663702281459332
335.0,563.930540621,17.290994789635313,0.5237058714505118,0.17917398794061404
335.5,564.923076297,17.30184402346109,0.506257285922608,0.19352122912583025
336.0,565.92700453,17.30184402346109,0.506257285922608,0.19352122912583025
336.5,566.9330599599999,17.30184402346109,0.506257285922608,0.19352122912583025
337.0,567.949470182,17.30184402346109,0.506257285922608,0.19352122912583025
337.5,568.932264843,17.32098757080833,0.5009039161001855,0.17102122912583032
338.0,569.91182584,17.32098757080833,0.5009039161001855,0.17102122912583032
338.5,570.902766915,17.32098757080833,0.5009039161001855,0.17102122912583032
339.0,571.89894923,17.32098757080833,0.5009039161001855,0.17102122912583032
339.5,572.908418009,17.32098757080833,0.5009039161001855,0.17102122912583032
340.0,573.94159098,17.32098757080833,0.5009039161001855,0.17102122912583032
340.5,574.980837154,17.32098757080833,0.5009039161001855,0.17102122912583032
341.0,575.964094751,17.32098757080833,0.5009039161001855,0.17102122912583032
341.5,577.014688954,17.330671141075157,0.5025142087429343,0.16346122918830716
342.0,578.090377721,17.42574230302923,0.5197498374458004,0.021399263184815446
342.5,579.130524244,17.53431885182349,0.5229513019004195,-0.11544319206171712
343.0,580.198164468,17.592930401948358,0.5252287210388862,-0.23181161223855984
343.5,581.298780714,17.687741091115296,0.5291743149794731,-0.33954971655489563
344.0,582.354279479,17.693207515577342,0.527216707365544,-0.3484513302769093
344.5,583.38421237,17.693207515577342,0.527216707365544,-0.3484513302769093
345.0,584.40467432,17.693207515577342,0.527216707365544,-0.3484513302769093
345.5,585.421947814,17.693207515577342,0.527216707365544,-0.3484513302769093
346.0,586.44602587,17.693207515577342,0.527216707365544,-0.3484513302769093
346.5,587.47946221,17.693207515577342,0.527216707365544,-0.3484513302769093
347.0,588.550589752,17.693207515577342,0.527216707365544,-0.3484513302769093
347.501,589.574311697,17.693207515577342,0.527216707365544,-0.3484513302769093
348.0,590.609049328,17.693207515577342,0.527216707365544,-0.3484513302769093
348.5,591.616726589,17.693207515577342,0.527216707365544,-0.3484513302769093
349.0,592.638973038,17.693207515577342,0.527216707365544,-0.3484513302769093
349.5,593.698155574,17.693207515577342,0.527216707365544,-0.3484513302769093
350.0,594.745777629,17.693207515577342,0.527216707365544,-0.3484513302769093
350.5,595.796839653,17.693207515577342,0.527216707365544,-0.3484513302769093
351.0,596.826741235,17.693207515577342,0.527216707365544,-0.3484513302769093
351.5,597.871556204,17.693207515577342,0.527216707365544,-0.3484513302769093
352.0,598.911390759,17.693207515577342,0.527216707365544,-0.3484513302769093
352.5,599.944879347,17.693207515577342,0.527216707365544,-0.3484513302769093
353.0,600.969246988,17.693207515577342,0.527216707365544,-0.3484513302769093
353.5,602.02744536,17.693207515577342,0.527216707365544,-0.3484513302769093
354.0,603.0596110289999,17.693207515577342,0.527216707365544,-0.3484513302769093
354.5,604.1026612759999,17.693207515577342,0.527216707365544,-0.3484513302769093
355.0,605.133749085,17.693207515577342,0.527216707365544,-0.3484513302769093
355.5,606.171316079,17.693207515577342,0.527216707365544,-0.3484513302769093
356.0,607.213542016,17.693207515577342,0.527216707365544,-0.3484513302769093
356.5,608.263231819,17.693207515577342,0.527216707365544,-0.3484513302769093
357.0,609.31186105,17.693207515577342,0.527216707365544,-0.3484513302769093
357.5,610.35882662,17.693207515577342,0.527216707365544,-0.3484513302769093
358.0,611.424228236,17.69818575016994,0.5254662589057568,-0.3309286639009847
358.5,612.4997034749999,17.75843438900143,0.514137756357718,-0.07433678167366262
359.0,613.5940645759999,17.903622529924007,0.5076193045663527,0.17716321747682284
359.5,614.71189181,18.002430793337282,0.490036246689987,0.3685842692202453
360.0,615.820903534,18.131889348132237,0.5217907455793555,0.5228737420167865
360.5,616.897922488,18.228694634823604,0.5810070842081996,0.6541368990446647
361.0,617.980181453,18.31598770104584,0.6507480157878591,0.7645316350450735
361.5,619.05524263,18.361845837979114,0.6875266612546751,0.8315842658001831
362.0,620.129005489,18.39057929842206,0.7213877681885343,0.9438258162335361
362.5,621.164846881,18.418925073814687,0.761012094837977,0.9706568968783905
363.0,622.2651423899999,18.434374615706734,0.7842413279413545,1.0298901099249453
363.5,623.3393682029999,18.47189072427953,0.8199807312191174,1.0544459850525192
364.0,624.3843639529999,18.50031384006155,0.8611915819171011,1.0665193181812893
364.5,625.453047054,18.491289248396416,0.8840234892042399,1.0828817740113197
365.0,626.5089194579999,18.500112942173956,0.8859752548310005,1.0749649318012435
365.5,627.5603372109999,18.51917012097474,0.9216180734927002,1.0724887912617496
366.0,628.620060622,18.515120769509814,0.9426276873185799,0.9475946031806435
366.5,629.681982042,18.521056676549268,0.9517363002802282,0.9598150925981361
367.0,630.759117301,18.546599269812173,0.9645169463465117,0.8353404202425038
367.5,631.852286416,18.54714277164487,0.9737510228248947,0.7371960554373018
368.0,632.962077404,18.548188087396085,0.9747149336106486,0.7660825088770191
368.5,634.1419555,18.553858270527577,0.9803308090747225,0.7678862825457525
369.0,635.2012539469999,18.56220761777083,0.9716099227923559,0.7263862831837528
369.5,636.250032435,18.556029041774252,0.9872803452351133,0.6288862839941768
370.0,637.2951252199999,18.555556277330737,0.9947449208906122,0.578886284828648
370.5,638.348303184,18.548122416789045,0.9707776029786779,0.47638628568657204
371.0,639.383499228,18.554174868868532,0.9797318256664256,0.4113862865623336
371.5,640.424247541,18.556048010252727,0.975394081494403,0.30888628744983054
372.0,641.447740495,18.56899130974794,0.9864188917080899,0.22888628834119926
372.5,642.4825075,18.550050697933308,1.001814287508416,0.12638628922707237
373.0,643.489181979,18.560706840338447,1.0066087726655033,0.026386290096588237
373.5,644.476689666,18.5899929192358,1.0412008322971826,-0.02664370904659375
374.0,645.479122193,18.595513449995106,1.040499917491529,-0.1410037081926056
374.5,646.4962354529999,18.614185289291406,1.0426599098583258,-0.2062037073400223
375.0,647.505089375,18.659649977392654,1.0492467499987297,-0.25120370645111184
375.5,648.517574463,18.664734681162326,1.0473718566016896,-0.31870370558621486
376.0,649.54376529,18.673064315910775,1.0523955059590577,-0.3637037046969958
376.5,650.540089868,18.652103311854763,1.0499527602733931,-0.4212037038081778
377.0,651.516827632,18.679935207102677,1.055172226037702,-0.46620370292434404
377.5,652.505400302,18.668730609572922,1.0528399567407507,-0.5237037020478508
378.0,653.522325945,18.675103956911364,1.066447949345769,-0.5587037011803774
378.5,654.564219454,18.663690320152355,1.0642361251218682,-0.6162037003238676
379.0,655.600061975,18.703171129574688,1.0409221886570865,-0.6454237343584975
379.5,656.602222549,18.715813798328735,1.0456164408152886,-0.701967142587238
380.0,657.612774817,18.69111750929757,1.0399635444423234,-0.736967141774381
380.5,658.615232584,18.697940179434813,1.0364665088267564,-0.7430833335344847
381.0,659.583086432,18.69794017945899,1.036466508804023,-0.7658651383469666
381.5,660.550540248,18.706137944673127,1.0445579792507953,-0.7690863327709273
382.0,661.5188327789999,18.706137944685597,1.0445579792383817,-0.7983212402998725
382.5,662.514922029,18.704287107319203,1.0326965452958388,-0.8081952887338604
383.0,663.484603835,18.712394669801633,1.0308774203629816,-0.8004230619428153
383.5,664.4722506649999,18.71239466978808,1.0308774203770756,-0.8115580781606367
384.0,665.453120184,18.712394669775144,1.0308774203908333,-0.8206978033280485
384.5,666.4093061909999,18.71239466976281,1.0308774204041575,-0.8263268120802498
385.0,667.393822838,18.712394669751024,1.0308774204169917,-0.829622678612388
385.5,668.362315072,18.712394669739687,1.0308774204294204,-0.8315555777029219
386.0,669.340701678,18.712394669728432,1.030877420441778,-0.8326927714125603
386.5,670.289368006,18.71239466971639,1.030877420455016,-0.8333529603526199
387.0,671.212910521,18.71239466970459,1.0308774204679705,-0.8337407274894842
387.5,672.313766787,18.71239466969287,1.030877420480845,-0.8339657776532617
388.0,673.426894363,18.71046166840979,1.0291014583981972,-0.8215966060317674
388.5,674.402090711,18.710461668398022,1.0291014584108769,-0.821842510710712
389.0,675.364193624,18.710461668386188,1.0291014584236424,-0.8220324736258559
389.5,676.312101584,18.710461668374748,1.029101458435963,-0.8221478273434276
390.0,677.274624458,18.71046166836013,1.0291014584516713,-0.8222155841781482
390.5,678.223740747,18.71046166834576,1.0291014584671365,-0.8222553057005394
391.0,679.196340469,18.71046166833597,1.0291014584776905,-0.8222785634394743
391.5,680.155221152,18.7104616683314,1.0291014584826141,-0.8222920964240276
392.0,681.1161086789999,18.71046166832961,1.0291014584845608,-0.8223000655707107
392.5,682.088391852,18.710461668324925,1.029101458489583,-0.8223046809570272
393.0,683.0297640819999,18.710461668321717,1.0291014584930638,-0.8223073994873634
393.5,683.960427642,18.710461668319677,1.0291014584952725,-0.8223089836701359
394.0,684.86195019,18.71046166831858,1.0291014584964482,-0.8223099092139906
394.5,685.778711931,18.71046166831762,1.029101458497464,-0.8223104508814092
395.0,686.664820818,18.71046166831747,1.0291014584976192,-0.8223107668778471
395.5,687.5654268879999,18.71046166831706,1.029101458498046,-0.8223109510523893
396.0,688.483657066,18.71046166831656,1.0291014584985445,-0.8223110587163756
396.501,689.411624052,18.71046166831649,1.0291014584986167,-0.8223111219107426
397.0,690.321703886,18.71046166831649,1.029101458498618,-0.8223111589858823
397.5,691.223525033,18.71046166831649,1.0291014584986167,-0.82231118063743
398.0,692.0948183099999,18.710461668316913,1.0291014584982001,-0.8223111933933099
398.5,692.996672309,18.710461668316988,1.0291014584981286,-0.8223112008204073
399.0,693.9021963499999,18.710461668316576,1.029101458498554,-0.822311205177885
399.5,694.795610127,18.7104616683165,1.0291014584986282,-0.8223112077221967
400.0,695.795379753,18.7104616683165,1.0291014584986296,-0.8223112092160167
400.5,696.7640015869999,18.7104616683165,1.0291014584986296,-0.8223112100811238
401.0,697.730521957,18.7104616683165,1.0291014584986296,-0.8223112105904623
401.5,698.637172074,18.71046166831607,1.029101458499051,-0.822311210888105
402.0,699.533813024,18.710461668315993,1.029101458499129,-0.822311211068835
402.5,700.410701559,18.710461668315993,1.029101458499129,-0.8223112110940592
403.0,701.344218624,18.710461668315993,1.029101458499129,-0.8223112110940592
403.5,702.2860669199999,18.710461668315993,1.029101458499129,-0.8223112110940592
404.0,703.23175457,18.710461668315993,1.029101458499129,-0.8223112110940592
404.5,704.138633694,18.710461668315993,1.029101458499129,-0.8223112110940592
405.0,705.008524136,18.710461668315993,1.029101458499129,-0.8223112110940592
405.5,705.869111181,18.710461668315993,1.029101458499129,-0.8223112110940592
406.0,706.7509203249999,18.710461668315993,1.029101458499129,-0.8223112110940592
406.5,707.771986397,18.710461668315993,1.029101458499129,-0.8223112110940592
407.0,708.7661012,18.710461668315993,1.029101458499129,-0.8223112110940592
407.5,709.758864646,18.710461668311165,1.029101458504505,-0.8551423217619306
408.0,710.692601012,18.71686745982916,1.0260344814034712,-0.8458313714339454
408.5,711.60953539,18.71686745985084,1.0260344813791642,-0.8403455749033952
409.0,712.52342788,18.716867459872677,1.0260344813548412,-0.8378659151923172
409.5,713.471188444,18.716867459894996,1.0260344813300675,-0.8364911971647794
410.0,714.401663399,18.716867459916998,1.0260344813057025,-0.8356902295417646
410.5,715.316158881,18.71686745993892,1.0260344812814377,-0.8352233595859387
411.0,716.197007179,18.71686745996127,1.0260344812567648,-0.8349502592842591
411.5,717.088936969,18.71686745998332,1.026034481232463,-0.8347909666158807
412.0,717.991694812,18.716867460005297,1.0260344812082465,-0.8347020754691886
412.5,718.864914561,18.716867460031217,1.0260344811796118,-0.834647226773754
413.0,719.74657996,18.71686746005306,1.026034481155498,-0.8346141350309786
413.5,720.6108507619999,18.716867460066965,1.0260344811401456,-0.8345945694251603
414.0,721.4690791099999,18.716867460073253,1.0260344811332083,-0.8345831118973167
414.5,722.352796131,18.716867460075974,1.0260344811301714,-0.8345764560521937
415.0,723.234632089,18.71686746008227,1.0260344811232145,-0.8345725216430713
415.5,724.1130255119999,18.716867460087286,1.0260344811176974,-0.8345702402483963
416.0,724.994535421,18.71686746009036,1.026034481114312,-0.8345689010329451
416.5,725.866702943,18.71686746009198,1.0260344811125393,-0.8345681093975583
417.0,726.761769236,18.716867460092566,1.0260344811118667,-0.834567646750667
417.5,727.617856087,18.716867460093013,1.026034481111332,-0.8345673754380452
418.0,728.487043801,18.71686746009346,1.026034481110795,-0.8345672150863094
418.5,729.3454289169999,18.716867460093916,1.0260344811102697,-0.8345671213805586
419.0,730.242870028,18.716867460093585,1.0260344811106448,-0.8345670663536211
419.5,731.112561851,18.716867460093127,1.0260344811111688,-0.8345670340164056
420.0,732.0009435119999,18.716867460093063,1.0260344811112456,-0.8345670149907178
420.5,732.9121143369999,18.716867460093063,1.0260344811112456,-0.8345670037614001
421.0,733.816688002,18.716867460093063,1.0260344811112456,-0.8345669972050123
421.501,734.729021487,18.716867460093443,1.0260344811107953,-0.8345669933569861
422.0,735.621708747,18.71686746009351,1.026034481110714,-0.8345669911055928
422.5,736.534121162,18.7168674600939,1.0260344811102626,-0.8345669897941939
423.0,737.407789974,18.716867460093965,1.0260344811101882,-0.8345669890274258
423.5,738.283845636,18.71686746009359,1.0260344811106448,-0.8345669885732471
424.0,739.157153302,18.71686746009352,1.0260344811107238,-0.8345669883101826
424.5,740.004215614,18.71686746009314,1.0260344811111701,-0.8345669881504705
425.0,740.849895079,18.716867460092683,1.0260344811116955,-0.8345669880564229
425.5,741.730499902,18.716867460092615,1.0260344811117736,-0.8345669880054452
426.0,742.605994841,18.716867460092615,1.0260344811117736,-0.8345669879733251
426.5,743.500935876,18.71686746009261,1.0260344811117752,-0.8345669879560375
427.0,744.356462456,18.716867460092228,1.0260344811122248,-0.8345669879444557
427.5,745.219075504,18.716867460092537,1.026034481111851,-0.8345669879392474
428.0,746.0897021119999,18.716867460092605,1.0260344811117716,-0.8345669879386292
428.5,746.95078138,18.716867460092605,1.0260344811117716,-0.8345669879386292
429.0,747.84627343,18.716867460092605,1.0260344811117716,-0.8345669879386292
429.5,748.7259041909999,18.716867460092605,1.0260344811117716,-0.8345669879386292
430.0,749.596138643,18.716867460092605,1.0260344811117716,-0.8345669879386292
430.5,750.48544134,18.716867460092605,1.0260344811117716,-0.8345669879386292
431.0,751.387631917,18.716867460092605,1.0260344811117716,-0.8345669879386292
431.5,752.260978412,18.716867460092605,1.0260344811117716,-0.8345669879386292
432.0,753.142746664,18.716867460092605,1.0260344811117716,-0.8345669879386292
432.5,754.0313386519999,18.716867460092605,1.0260344811117716,-0.8345669879386292
433.0,754.955026529,18.716867460092605,1.0260344811117716,-0.8345669879386292
433.5,755.850092572,18.716867460092605,1.0260344811117716,-0.8345669879386292
434.0,756.749632316,18.716867460092605,1.0260344811117716,-0.8345669879386292
434.5,757.640508985,18.716867460092605,1.0260344811117716,-0.8345669879386292
435.0,758.53814762,18.716867460092605,1.0260344811117716,-0.8345669879386292
435.5,759.411060961,18.716867460092605,1.0260344811117716,-0.8345669879386292
436.0,760.284179303,18.716867460092605,1.0260344811117716,-0.8345669879386292
436.5,761.162087642,18.716867460092605,1.0260344811117716,-0.8345669879386292
437.0,762.057980055,18.716867460092605,1.0260344811117716,-0.8345669879386292
437.5,762.9430598509999,18.716867460092605,1.0260344811117716,-0.8345669879386292
438.0,763.841719106,18.716867460092605,1.0260344811117716,-0.8345669879386292
438.5,764.731497792,18.716867460092605,1.0260344811117716,-0.8345669879386292
439.0,765.617610839,18.716867460092605,1.0260344811117716,-0.8345669879386292
439.5,766.500537198,18.716867460092605,1.0260344811117716,-0.8345669879386292
440.0,767.3726392789999,18.716867460092605,1.0260344811117716,-0.8345669879386292
440.5,768.268904447,18.716867460092605,1.0260344811117716,-0.8345669879386292
441.0,769.1669429899999,18.716867460092605,1.0260344811117716,-0.8345669879386292
441.5,770.0536098709999,18.716867460092605,1.0260344811117716,-0.8345669879386292
442.0,770.968420914,18.716867460092605,1.0260344811117716,-0.8345669879386292
442.5,771.8629051839999,18.716867460092605,1.0260344811117716,-0.8345669879386292
443.0,772.7640546169999,18.716867460092605,1.0260344811117716,-0.8345669879386292
443.5,773.6805271009999,18.716867460092605,1.0260344811117716,-0.8345669879386292
444.0,774.5825394139999,18.716867460092605,1.0260344811117716,-0.8345669879386292
444.5,775.490588954,18.716867460092605,1.0260344811117716,-0.8345669879386292
445.0,776.3673621849999,18.716867460092605,1.0260344811117716,-0.8345669879386292
445.5,777.269506535,18.716867460092605,1.0260344811117716,-0.8345669879386292
446.0,778.179226338,18.716867460092605,1.0260344811117716,-0.8345669879386292
446.5,779.074125823,18.716867460092605,1.0260344811117716,-0.8345669879386292
447.0,779.971290665,18.716867460092605,1.0260344811117716,-0.8345669879386292
447.5,780.874053457,18.716867460092605,1.0260344811117716,-0.8345669879386292
448.0,781.7701390029999,18.716867460092605,1.0260344811117716,-0.8345669879386292
448.5,782.673822158,18.716867460092605,1.0260344811117716,-0.8345669879386292
449.0,783.589437942,18.716867460092605,1.0260344811117716,-0.8345669879386292
449.5,784.506181768,18.716867460092605,1.0260344811117716,-0.8345669879386292
450.0,785.418481524,18.716867460092605,1.0260344811117716,-0.8345669879386292
450.5,786.328338937,18.716867460092605,1.0260344811117716,-0.8345669879386292
451.0,787.2446137969999,18.716867460092605,1.0260344811117716,-0.8345669879386292
451.5,788.2027356259999,18.716867460063064,1.026034481148674,-0.9343169872883582
452.0,789.1602679719999,18.696754334463343,1.0485267475888582,-0.9993169864541991
452.5,790.123168429,18.711886999262138,1.0454190842728845,-1.0968169855965872
453.0,791.087980551,18.701673148230316,1.0400368315165844,-1.1668169847210175
453.5,792.0311191879999,18.717319810135923,1.018200223070827,-1.2693169838336664
454.0,792.976337396,18.738320193652157,1.0153324806200668,-1.3493169829422909
454.5,793.9341179329999,18.733706846057892,1.0143118400676847,-1.4518169820562903
455.0,794.879262561,18.75111221983871,1.0139137821812327,-1.5643169811864792
455.5,795.845703552,18.77587118167327,1.0136700065971151,-1.664316980334666
456.0,796.792189854,18.759439431071364,1.0052823772955817,-1.730506979489996
456.5,797.7615085909999,18.779772592589623,0.9587883646205428,-1.785506978608301
457.0,798.725321424,18.776120248492013,0.9440295796173634,-1.8900869777258607
457.5,799.6941631789999,18.77944613742084,0.9186010748849489,-1.9331169768624323
458.0,800.648280244,18.79275536017542,0.9055444945707114,-2.0253069759799716
458.5,801.60027053,18.808554104053925,0.8877064682443963,-2.1278069751046638
459.0,802.572385446,18.807804047410798,0.8942698252235475,-2.1928069742435086
459.5,803.529982859,18.77544434359393,0.8944922444535298,-2.243336973418449
460.0,804.478411918,18.78839068150182,0.8731711542323453,-2.337916972757555
460.5,805.44341633,18.776748859641835,0.8837717704755552,-2.3879169719686955
461.0,806.412702657,18.762774962849132,0.8879618382000403,-2.485416971164166
461.5,807.392273929,18.764120313043914,0.8885110574642796,-2.545416970343081
462.0,808.358421117,18.759625876653246,0.8849769989561826,-2.6329169694962413
462.5,809.316815884,18.763797611754335,0.8949430777181768,-2.7029169686284806
463.0,810.2793636499999,18.781306971869412,0.8801531867591195,-2.80041696774588
463.5,811.2917949729999,18.767567270294116,0.869959661931718,-2.8754169668552887
464.0,812.273633136,18.766298224132537,0.8545109480136219,-2.9779169659653304
464.5,813.2465619449999,18.75492499020167,0.8517277215493666,-3.0679169650862823
465.0,814.246113012,18.77472718669413,0.8543452411881507,3.102768342949892
465.5,815.181534566,18.784886265056358,0.8395895334821772,3.0027683438111055
466.0,816.153751093,18.785242356530365,0.8221902514858739,2.890268344692541
466.5,817.113664784,18.76649880715053,0.7972842910867053,2.7902683455827373
467.0,818.1129341459999,18.77808596222819,0.7817346418506903,2.687768346471954
467.5,819.104884849,18.762052025359402,0.7703071203070939,2.6077683473517226
468.0,820.071928846,18.77441642102988,0.7643978801746385,2.5052683482155578
468.5,821.050927183,18.771496501267965,0.7548148776559744,2.440268349057665
469.0,822.02561667,18.786466756764018,0.7809226528830979,2.352768349873816
469.5,823.0067761189999,18.775037885364263,0.7501517984089947,2.2877683506775486
470.0,823.97885621,18.780873002945448,0.7854394974032604,2.2002683514857204
470.5,824.975448408,18.761573780041644,0.7939060409650478,2.140268352316458
471.0,825.952735222,18.772178801325058,0.7707012522338041,2.075268353171476
471.5,826.933504007,18.772178801343934,0.7707012521943588,1.9502683540452082
472.0,827.916925176,18.763443243644613,0.7763362954296564,1.885268354931546
472.5,828.889654234,18.75234650377134,0.7594909684603404,1.8114780926093146
473.0,829.874627388,18.736918347800167,0.7806838328019965,1.725055316124369
473.5,830.841389209,18.744160704014057,0.7819061261667772,1.683833749883934
474.0,831.812986932,18.747914414415636,0.746424129924744,1.6761962569228892
474.5,832.7925682929999,18.75274803597295,0.7167130629091429,1.6786962569268682
475.0,833.7825353669999,18.747697620009326,0.6770160341113385,1.6811962569308474
475.5,834.772525589,18.75333955044191,0.6373994601786344,1.6861962569348274
476.0,835.722241605,18.75418240428603,0.6301281468551787,1.6861962569352638
476.5,836.67282197,18.75418240428603,0.6301281468551787,1.6861962569352638
477.0,837.6372370299999,18.756508511622904,0.5944856444046069,1.6786962569363477
477.5,838.6485633259999,18.761427081337114,0.5547852168878595,1.681196256940327
478.0,839.623827622,18.76646197954816,0.5150991262373512,1.6836962569443068
478.5,840.589355997,18.75785907446152,0.5178108317350667,1.6861962569447504
479.0,841.547484217,18.756588258145054,0.5306397105500598,1.658684678351786
479.5,842.53650069,18.76022434829673,0.6413906549408388,1.6047156789778594
480.0,843.5386601839999,18.75552734555241,0.7562869452921381,1.5100758231264901
480.5,844.5222541339999,18.757754923447422,0.8598829890221,1.4011789819111198
481.0,845.50677238,18.764280984166845,0.9295369239813922,1.321258003409967
481.5,846.5276629479999,18.74611373903078,0.979701393056913,1.2444790571841733
482.0,847.516489624,18.77288786154106,1.0184807194270467,1.192808948025645
482.5,848.496810988,18.76501700058361,1.0357655157455867,1.2293842582490995
483.0,849.4802399499999,18.774806776647818,1.0447269979740421,1.509873863001389
483.5,850.479131192,18.8068698626039,1.060729994658573,1.830369861959729
484.0,851.458134989,18.837228830822966,1.058174133850558,1.9432119664664305
484.5,852.4242151029999,18.852752280834157,1.0566624515587735,1.9392119663404501
485.0,853.459507529,18.852752280834157,1.0566624515587735,1.9392119663404501
485.5,854.625617994,18.852752280834157,1.0566624515587735,1.9392119663404501
486.0,855.669042934,18.852752280834157,1.0566624515587735,1.9392119663404501
486.5,856.668373748,18.852752280834157,1.0566624515587735,1.9392119663404501
487.0,857.6356616439999,18.852752280834157,1.0566624515587735,1.9392119663404501
487.5,858.623654809,18.852752280834157,1.0566624515587735,1.9392119663404501
488.0,859.602474693,18.852752280834157,1.0566624515587735,1.9392119663404501
488.5,860.548591686,18.852752280834157,1.0566624515587735,1.9392119663404501
489.0,861.498629278,18.852752280834157,1.0566624515587735,1.9392119663404501
489.5,862.4814763339999,18.852752280834157,1.0566624515587735,1.9392119663404501
490.0,863.437848756,18.852752280834157,1.0566624515587735,1.9392119663404501
490.5,864.431386956,18.858391515274167,1.054843548898795,2.0177119656200837
491.0,865.438607499,18.874148704506936,1.0627643086621266,2.120211964743913
491.5,866.4540322519999,18.864299794488595,1.0667399472420784,2.1902119638849986
492.0,867.457805851,18.868753919053734,1.0627625371835019,2.282711963049212
492.5,868.474090921,18.87829931074232,1.05399392789541,2.342711962238433
493.0,869.454274196,18.8734172340572,1.0692250860746417,2.435211961435174
493.5,870.4570748049999,18.884405743242276,1.0589790928570215,2.495211960622607
494.0,871.4579151529999,18.870299305797868,1.0635280657462596,2.587711959784955
494.5,872.462711451,18.892937371078204,1.062039407820692,2.6477119589248246
495.0,873.456233536,18.89071733561425,1.0678685415221967,2.7502119580470987
495.5,874.451561834,18.886105456729233,1.0772843773048375,2.8202119571588526
496.0,875.426048641,18.89462979167083,1.082795825668612,2.922711956267459
496.5,876.424619246,18.872928263926568,1.0956493303722228,3.0127119553830037
497.0,877.421146666,18.892333887816182,1.0909619643514972,3.1152119545162944
497.5,878.442324332,18.882281413980333,1.1067649356631397,-3.0629733535162487
498.0,879.433910567,18.88241962981717,1.1451960157320746,-2.9454733543914458
498.5,880.437213382,18.873900551048887,1.1280005682844876,-2.8554733552794325
499.0,881.428496101,18.884655871414697,1.1454866020104832,-2.74297335617013
499.5,882.439710204,18.898226124008172,1.166741869878738,-2.662973357054475
500.0,883.441797988,18.900401147432415,1.1725473548557843,-2.5604733579253023
500.5,884.4242675749999,18.89650029230509,1.1727445802019065,-2.4904733587762586
501.0,885.4260349589999,18.86946490103828,1.1674402931058758,-2.4568933595904574
501.5,886.380186511,18.83815477489764,1.1502331474328407,-2.3626433603936263
502.0,887.379397542,18.83215103912864,1.1441247749030976,-2.317553361180225
502.5,888.344132368,18.821767888408456,1.1217956633295239,-2.2800533619879926
503.0,889.343673429,18.804206030934726,1.0672364427286543,-2.2550533627982263
503.5,890.335212053,18.77455131709734,1.034845446800069,-2.2075533636227074
504.0,891.314300994,18.758295644868795,1.0001711949772671,-2.1725533644616566
504.5,892.303683761,18.739952302154652,0.9672895152694216,-2.1150533653138672
505.0,893.288211745,18.70921858513436,0.9813441568078287,-2.2244733647000765
505.5,894.273357592,18.720894136458966,0.9877374337213696,-2.2994733638746556
506.0,895.247498923,18.727349501249364,0.9708615727058656,-2.4019733630677815
506.5,896.2350811179999,18.706359281164687,0.9921363296140955,-2.4519733622634825
507.0,897.2168397749999,18.7226418277785,0.9965554996207362,-2.5494733614445004
507.501,898.218064677,18.72463042436747,0.9976011506086528,-2.6094733605995697
508.0,899.203551747,18.72164718293163,0.9825457227619099,-2.7069733597334107
508.5,900.169877571,18.725914944957825,0.973761016802634,-2.7719733588517883
509.0,901.160868094,18.74416734520341,0.9581508434788675,-2.8744733579615844
509.5,902.124619102,18.72148341706737,0.9472069780509054,-2.9544733570712847
510.0,903.096858847,18.72098155962298,0.939783540565978,-3.066973356190958
510.5,904.0624098669999,18.740222729329894,0.9370905076723517,3.126211951847298
511.0,905.024626053,18.72024669698467,0.929715381158126,3.013711952706298
511.5,905.9869072619999,18.730709621370348,0.8928299020858588,2.903711953586547
512.0,906.973603596,18.731766681372473,0.8974350413133527,2.8012119544765763
512.5,907.955909742,18.732520144714364,0.8799495647830942,2.6887119553660592
513.0,908.88673822,18.77871948984726,0.8540785074096375,2.7204619554472567
513.5,909.8130888559999,18.8054801793921,0.8482993397171856,2.7229619554512356
514.0,910.738510873,18.832287012108615,0.8326274807436389,2.7254619554552146
514.5,911.659111507,18.888437180190834,0.8154788379769269,2.720461955459194
515.0,912.6069014,18.895117612050086,0.8124864759960873,2.720461955459677
515.5,913.535104416,18.895117612050086,0.8124864759960873,2.720461955459677
516.0,914.476619596,18.894131579424304,0.8000537255075715,2.909561954657253
516.5,915.402341809,18.901637738654987,0.8387978182885172,3.0795619537740353
517.0,916.330357307,18.891539598087107,0.8519738243352646,-3.0111233542633453
517.5,917.255614842,18.893356307583492,0.8827263121998814,-2.8311233551472097
518.0,918.160352534,18.851389972334257,0.881435610419256,-2.727931026769745
518.5,919.125622573,18.799350581289083,0.8606599079794894,-2.692598837086771
519.0,920.04261263,18.73758613791442,0.8297705376624644,-2.670822944930861
519.5,920.980515424,18.685142297354755,0.8205500128697216,-2.643175258510765
520.0,921.90721185,18.63324402372011,0.7903601867937065,-2.6290184343083522
520.5,922.848862618,18.58138685995266,0.770129253954619,-2.6201691947267802
521.0,923.776480996,18.530112252625994,0.72889698742105,-2.621011720094111
521.5,924.69659929,18.478002850121538,0.7091556147309239,-2.609446646322886
522.0,925.638259147,18.416653975904257,0.6780986861951945,-2.6105180717550174
522.5,926.574287437,18.385558311180155,0.6466120525044192,-2.614211953854838
523.0,927.51104282,18.359929975613174,0.6438770009494272,-2.6113102118947547
523.5,928.43562284,18.359929975631328,0.6438770009597177,-2.647692433588071
524.0,929.35080398,18.378694926069976,0.6361932884736727,-2.904528721308367
524.5,930.267208174,18.3425029410772,0.6184128775336988,-3.119528720422789
525.0,931.173022641,18.36232488198603,0.6062854027180209,2.876156587622012
525.5,932.089028103,18.35536679532734,0.558498778598991,2.7937065884324315
526.0,933.032393173,18.355366795326084,0.5584987785994577,2.7747065885624376
526.501,933.940465214,18.355366795326084,0.5584987785994577,2.7747065885624376
527.0,934.835307053,18.355366795326084,0.5584987785994577,2.7747065885624376
527.5,935.7243704589999,18.355366795326084,0.5584987785994577,2.7747065885624376
528.0,936.6199573079999,18.355366795326084,0.5584987785994577,2.7747065885624376
528.5,937.4914526389999,18.355366795326084,0.5584987785994577,2.7747065885624376
529.0,938.369852121,18.355366795326084,0.5584987785994577,2.7747065885624376
529.5,939.2752654469999,18.355366795326084,0.5584987785994577,2.7747065885624376
530.0,940.145934325,18.355366795326084,0.5584987785994577,2.7747065885624376
530.5,941.0106830139999,18.355366795326084,0.5584987785994577,2.7747065885624376
531.0,941.875690313,18.355366795326084,0.5584987785994577,2.7747065885624376
531.5,942.7494085659999,18.355366795326084,0.5584987785994577,2.7747065885624376
532.0,943.637756996,18.354620498875448,0.5588058367814956,2.7462905889948845
532.5,944.578546269,18.3619773121609,0.5547408678561643,2.523075650295017
533.0,945.528354886,18.309712699664637,0.5672022895879103,2.206391776237823
533.5,946.443320087,18.323226361568388,0.5453928175217322,2.1373917763136525
534.0,947.347218463,18.343655121299477,0.5249742235845447,2.2298917763161996
534.5,948.262835927,18.379101552033227,0.5140922356343149,2.2348917763183884
535.0,949.1927118689999,18.412386432902824,0.4815300034188619,2.2273917763223814
535.5,950.059564607,18.416903568547188,0.4756686481471286,2.227391776322847
536.0,950.971685118,18.41690356856366,0.4756686481251109,2.193307332354238
536.5,951.8934274009999,18.39413611691036,0.48886670107308894,1.9502384567353226
537.0,952.848157415,18.374678356351005,0.5146077240355897,1.6906593078761503
537.5,953.797671609,18.35707604291404,0.589279059805236,1.3778697183249131
538.0,954.7279889179999,18.3110547175507,0.6426933023712238,1.064006561358102
538.5,955.663421258,18.339031730609623,0.6839381321617941,0.8385065622280952
539.0,956.590911023,18.339949552975206,0.7122900566063881,0.7015601226977247
539.5,957.513832415,18.381608310643934,0.7561822178977451,0.5987180182558125
540.0,958.454105806,18.412792494690876,0.7630566683635869,0.44371135254515476
540.5,959.403940062,18.438810196407236,0.7764688401187152,0.36299135347782635
541.0,960.3222875839999,18.44843666146316,0.7943527099743031,0.2620703017364657
541.5,961.258303093,18.47758658912575,0.7916855020285156,0.18972819734695567
542.0,962.174223911,18.473131706755265,0.8077979501536029,0.12232223341838672
542.502,963.111057408,18.475043365266373,0.8163639755489289,0.0479801291015469
543.0,964.04224935,18.475155842122273,0.8237414034829385,-0.010572501707914976
543.5,964.994657925,18.48647983881535,0.841036626744357,-0.06333565875882562
544.0,965.929530309,18.50307443754971,0.8399070831826563,-0.11880407888681674
544.5,966.876790226,18.495354757956076,0.849182217417771,-0.06904067033717703
545.0,967.852962597,18.486389648302236,0.8508096624956594,0.06252993630782265
545.5,968.793892046,18.51096266813077,0.8525334111335549,0.012181216593441097
546.0,969.7228807,18.512549136974012,0.8420061455101334,-0.021824046027309668
546.5,970.645202104,18.540595180325617,0.8415404825303572,-0.012215634032696595
547.0,971.572409033,18.578089858564823,0.8408124430917656,-0.0004009840695160425
547.5,972.549870573,18.60559060405873,0.8504742800978617,0.008517049966145463
548.0,973.524128379,18.66308201141739,0.852036286534454,-0.006873658039089278
548.5,974.496191513,18.68057615437799,0.8511479365217127,-0.013885645832295731
549.0,975.43926672,18.70626803064987,0.8505399803851317,-0.017979563128734232
549.5,976.40033017,18.70622924170196,0.8521144989747726,0.0803804216339899
550.0,977.345572428,18.705973370413354,0.8347269815406873,0.19288042075823164
550.5,978.284536278,18.694913634600375,0.819865548229981,0.2928804198700361
551.0,979.2393459809999,18.68349869887336,0.8043736121211094,0.39538041897933407
551.5,980.2030582399999,18.699865044394436,0.8030921899157499,0.47538041809535614
552.0,981.156634538,18.697659621692893,0.7972708013929712,0.5778804172250573
552.5,982.121083611,18.690337945478095,0.7887851577024456,0.6378804163747127
553.0,983.0825605260001,18.697489305548473,0.7925547642776938,0.7403804155487925
553.5,984.024448881,18.70841140940909,0.8027419692653024,0.8003804147433532
554.0,984.9852255039999,18.703498439898723,0.7974789784120415,0.8928804139385926
554.5,985.9239856390001,18.708352616379017,0.8019619490020264,0.9853804131173729
555.0,986.89507328,18.70741544911358,0.8101207305237215,1.0453804122705124
555.5,987.8390605430001,18.691651991917112,0.8037757388935036,1.1378804114029046
556.0,988.781615688,18.681475875962818,0.7992292353035664,1.2078804105203393
556.5,989.7253995350001,18.702664199478367,0.8126309115295258,1.287880409629855
557.0,990.679991894,18.718120556181482,0.803927055328723,1.3787674380524733
557.5,991.6430392230001,18.750912519812147,0.7853595410463046,1.4391550265797262
558.0,992.5994691899999,18.748300681955712,0.7856219115695839,1.5067888559618925
558.5,993.5426856590001,18.748300681956174,0.7856219115775767,1.518780760961298
559.0,994.4733679929999,18.748300681956174,0.7856219115775767,1.518780760961298
559.5,995.3846193749999,18.748300681956174,0.7856219115775767,1.518780760961298
560.0,996.3083255600001,18.748300681956174,0.7856219115775767,1.518780760961298
560.5,997.207906275,18.748300681956174,0.7856219115775767,1.518780760961298
561.0,998.133934712,18.748300681956174,0.7856219115775767,1.518780760961298
561.5,999.0552258619999,18.748300681956174,0.7856219115775767,1.518780760961298
562.0,1000.0167322020001,18.748300681956174,0.7856219115775767,1.518780760961298
562.5,1000.95045173,18.748300681956174,0.7856219115775767,1.518780760961298
563.0,1001.9041891630001,18.748300681952202,0.7856219115516123,1.2952807617603517
563.5,1002.8801743079999,18.745457236812083,0.7840308429652809,1.0802807626494935
564.0,1003.855605841,18.733235187653552,0.8050146659148896,0.9252807635199009
564.5,1004.8065637199999,18.732956767967213,0.7778553130628247,0.7327807643468063
565.0,1005.7651026340001,18.712087983870354,0.798404208939659,0.6127807651544941
565.5,1006.750944495,18.7210929841451,0.8061319198624239,0.4352807659991378
566.0,1007.7580300220001,18.721643150505372,0.7956004427091505,0.2952807668810498
566.5,1008.755323129,18.72463858604964,0.8060868059624684,0.09278076777122403
567.0,1009.7018985870001,18.74634724322743,0.8415005615642679,-0.08721923136659226
567.5,1010.6653997939999,18.735739564304964,0.8568149015817554,-0.31471923048773964
568.0,1011.612338127,18.73182666969356,0.8848671818381335,-0.5047192295996286
568.5,1012.5920692849999,18.725754794939817,0.8944317712568832,-0.6972192287353874
569.0,1013.65137846,18.742230425932785,0.8970642837587279,-0.8422192279160565
569.5,1014.636296515,18.729218535573974,0.8956329177747652,-1.0097192271051603
570.0,1015.6410815589999,18.72840587737427,0.9114924192909986,-1.1397192262521214
570.5,1016.5940645730001,18.727112930623733,0.9125784985454549,-1.2797192253662528
571.0,1017.5679709,18.759431341130934,0.9208460030135429,-1.4922192244784114
571.5,1018.555025536,18.75776866989273,0.8559378540823817,-1.5188812570693906
572.0,1019.5291327230001,18.78990052470744,0.7559134321601836,-1.528256424654712
572.5,1020.538156165,18.792628074437744,0.6759503999789286,-1.5431623916284811
573.0,1021.530955718,18.804263911068524,0.5859616824461722,-1.5523360530702364
573.5,1022.4990108809999,18.795260516687495,0.49596440789131635,-1.5576017860274958
574.0,1023.465761001,18.795892416476576,0.40596435337366277,-1.5606028685644862
574.5,1024.428201395,18.78548767509795,0.3964190797465805,-1.5586623170017626
575.0,1025.378004422,18.78548767509795,0.3964190797465805,-1.5586623170017626
575.5,1026.3493731380001,18.78548767509795,0.3964190797465805,-1.5586623170017626
576.0,1027.334128636,18.78548767509795,0.3964190797465805,-1.5586623170017626
576.5,1028.3026842000002,18.78548767509805,0.39641907974335533,-1.5823289833268934
577.0,1029.371737188,18.784962910343665,0.39643478981419744,-1.8336347602999696
577.5,1030.452584784,18.812842975104292,0.39978154658603393,-2.0986347594127643
578.0,1031.499526947,18.832175470817216,0.38543573171337653,-2.366134758557499
578.5,1032.4811908820002,18.84082775072809,0.4035528269060671,-2.5436351669440707
579.0,1033.4934568400001,18.76105637895015,0.3412036893344008,-2.765217739110809
579.5,1034.5013428920001,18.64736149989208,0.3012695008381955,-2.8663139924170147
580.0,1035.5011290510001,18.541426585918977,0.22913846853642306,-3.0055771494222014
580.5,1036.642090815,18.416337584396107,0.19984253226052473,3.0750555270293978
581.0,1037.655760454,18.3060323027501,0.18301766798317265,2.9138450015073567
581.5,1038.6645283070002,18.221301098626043,0.2112580690383079,2.783555528659952
582.0,1039.684832756,18.13357505087844,0.210094006832106,2.7505292527637675
582.5,1040.8446064920001,18.101008715424598,0.22528438994519884,2.6862776532055976
583.0,1041.933164434,18.050000544768384,0.25172522241826134,2.662942654584005
583.5,1042.9735875410001,17.920841732755886,0.30617501851771234,2.7334746967542345
584.0,1043.99302046,17.813715781806984,0.3503163056748111,2.785843116914141
584.5,1044.97529162,17.6771460033467,0.38730561601828994,2.8538252212932202
585.0,1046.009851603,17.576256949995354,0.4354543746843378,2.7778148817903214
585.5,1047.081731938,17.49601444299632,0.46281888299824614,2.539846311946244
586.0,1048.153998208,17.431419569121346,0.4884231687824435,2.3660809425473746
586.5,1049.118636633,17.446751961858418,0.48807943345552207,2.3977319587554824
587.0,1050.1001231540001,17.446751961858418,0.48807943345552207,2.3977319587554824
587.5,1051.0946631870002,17.446751961858418,0.48807943345552207,2.3977319587554824
588.0,1052.0739236000002,17.446751961858418,0.48807943345552207,2.3977319587554824
588.5,1053.0477810660002,17.446751961858418,0.48807943345552207,2.3977319587554824
589.0,1054.0187023120002,17.446751961858418,0.48807943345552207,2.3977319587554824
589.5,1055.019790715,17.446751961858418,0.48807943345552207,2.3977319587554824
590.0,1055.9906230180002,17.446751961858418,0.48807943345552207,2.3977319587554824
590.5,1057.0075918270002,17.446751961858418,0.48807943345552207,2.3977319587554824
591.0,1057.9914834820001,17.446751961858418,0.48807943345552207,2.3977319587554824
591.5,1058.996082908,17.446751961858418,0.48807943345552207,2.3977319587554824
592.0,1060.0037004970002,17.446751961858418,0.48807943345552207,2.3977319587554824
592.5,1061.054347754,17.44675196187012,0.4880794334451444,2.4303275138674785
593.0,1062.1295719070001,17.417000166157834,0.5249141895158791,2.633481102561064
593.5,1063.2385537330001,17.277549241334402,0.5859206673593031,2.739006512217099
594.0,1064.4494690800002,17.194364530013882,0.6201614905949666,2.839062773638125
594.5,1065.5438712310001,17.155415068371997,0.6262590788482183,2.9617754043166586
595.0,1066.691442274,17.122973255029397,0.6654814105225113,3.053960666543511
595.5,1067.747191939,17.099758047109738,0.6729179732537804,3.1360449375283626
596.0,1068.771180592,17.07930562127062,0.6902195651931811,-3.0491773298160334
596.5,1069.8381499430002,17.071672016660184,0.6866954049502481,-2.971031015121019
597.0,1070.9122955950002,17.067940833024867,0.7043290147932866,-2.7768659979147485
597.5,1071.937442528,17.057470165346995,0.7158212454535603,-2.5634942342632874
598.0,1073.0297986090002,17.065150359614638,0.7234326946197054,-2.4611617208165826
598.5,1074.134613443,17.035127809233344,0.7221820949864914,-2.4369740480229445
599.0,1075.2533223700002,17.0362903996988,0.7097480220576999,-2.348855012121382
599.5,1076.303260089,17.011227155476345,0.7024682347721157,-2.4038503306166055
600.0,1077.300876894,17.008214081952282,0.6994231900864393,-2.328316914131451
600.5,1078.301577674,17.00532796405088,0.6854912267179746,-2.2577999509360698
601.0,1079.356439938,17.006913814639717,0.6858260881238272,-2.0924141897607713
601.5,1080.412899567,17.00060674799373,0.671848712707981,-2.043733980120241
602.0,1081.4734434460001,16.993652266201074,0.6622904826945308,-2.000477423228747
602.5,1082.53426338,16.989607738975483,0.6656191774539552,-2.151687610280455
603.0,1083.562242225,16.980183010963838,0.655996529402443,-2.202965900957535
603.5,1084.582352324,16.979652148823593,0.6552268489990853,-2.1775887849718374
604.0,1085.610610013,16.98222415563685,0.6417996223349255,-2.2924386982864235
604.5,1086.646712815,16.95765401774096,0.6313537499222709,-2.4268758650350692
605.0,1087.7517154490001,16.948934020383046,0.6171215980431545,-2.484754883951178
605.5,1088.839537479,16.929858673052554,0.6129229664771265,-2.571199350643718
606.0,1089.9554088900002,16.929538320379606,0.5955198775868022,-2.6806023990635612
606.5,1090.9740741970002,16.92953832038463,0.5955198775892705,-2.687882543314919
607.0,1091.9560989390002,16.92953832038463,0.5955198775892705,-2.687882543314919
607.5,1092.9504105600001,16.92953832038463,0.5955198775892705,-2.687882543314919
608.0,1093.9314727980002,16.92953832038463,0.5955198775892705,-2.687882543314919
608.5,1094.9331436880002,16.926936069910035,0.600675148264638,-2.660382543314919
609.0,1095.8992588130002,16.926936069910035,0.600675148264638,-2.660382543314919
609.5,1096.8865365180002,16.926936069910035,0.600675148264638,-2.660382543314919
610.0,1097.872159002,16.926936069910035,0.600675148264638,-2.660382543314919
610.5,1098.9769396030001,16.926936069910035,0.600675148264638,-2.660382543314919
611.0,1100.04813026,16.926936069910035,0.600675148264638,-2.660382543314919
611.5,1101.054675092,16.926936069910035,0.600675148264638,-2.660382543314919
612.0,1102.0757738670002,16.926936069910035,0.600675148264638,-2.660382543314919
612.5,1103.036650495,16.92655371727187,0.6004784329413844,-2.6800225430186035
613.0,1104.0462498640002,16.876449121518704,0.5680744915965876,-2.934499402961448
613.5,1105.0114883780002,16.831628227072446,0.5756051334559071,2.9167442834851167
614.0,1105.960253225,16.79211180533608,0.5349355660956291,2.558048611996715
614.5,1106.8953663680002,16.76448446804778,0.5073871264814167,2.284372453425907
615.0,1107.8409798480002,16.795946993085728,0.4845417140787498,2.1243724542313074
615.5,1108.789902187,16.78914909606775,0.4757528645776803,1.8818724550776973
616.0,1109.7305380330001,16.779490219727318,0.4824090293296318,1.7218724559657717
616.5,1110.690780978,16.763088488573956,0.47684538672645094,1.5118724568398796
617.0,1111.627503447,16.73780912761282,0.47664476222903807,1.2093724577150375
617.5,1112.5550164630001,16.694667535823335,0.49087960920520757,0.9693724585983522
618.0,1113.494119445,16.687585359194482,0.4828279665833245,0.7168724594378126
618.5,1114.4487260380001,16.736804634129413,0.5089537559123583,0.6149056183068193
619.0,1115.4168310070002,16.821572661859292,0.5790793295233364,0.4434414088424373
619.5,1116.3468714730002,16.915643798851853,0.6412152737497729,0.35614297716298915
620.0,1117.2775837860002,16.96930897166221,0.6790234933743011,0.2541113993894673
620.5,1118.192738059,16.98462288666305,0.6863002619859323,0.13705490913137797
621.0,1119.116993176,17.036947656638635,0.698861785364521,0.050777505605023844
621.5,1120.015078401,17.048457539733054,0.6983867044047574,-0.14781355230990817
622.0,1120.9275378080001,17.068683480187822,0.7304958344564735,-0.3443543699316942
622.5,1121.8534663980001,17.08475911299869,0.7498333555820178,-0.5473957252122217
623.0,1122.797318614,17.101683589194444,0.7412413876716231,-0.7040403933684973
623.5,1123.723288142,17.120826325413486,0.7465076463967203,-0.8041982872732176
624.0,1124.6337812250001,17.118707486623247,0.7277572141023154,-0.8892944266684157
624.5,1125.517589381,17.126366160672326,0.710776288021129,-0.9523810921919992
625.0,1126.4231047550002,17.135633330846957,0.6983682300286838,-0.8661640898088908
625.5,1127.339845653,17.13210361059076,0.6944951105569087,-0.9081760325597621
626.0,1128.253395786,17.141743969777743,0.6870012064015,-1.0280904518192793
626.5,1129.171248737,17.14653474224113,0.6905074973962035,-1.0213693613824033
627.0,1130.07875611,17.156473049681846,0.6862089971081669,-1.0804378649592106
627.5,1130.977177365,17.15691203878705,0.685287936040247,-1.1443852323455863
628.0,1131.8733274180001,17.162887364592862,0.6802536526611447,-1.1703622673371326
628.5,1132.800864006,17.160499685621556,0.6691629994611464,-1.2500371900123006
629.0,1133.716900419,17.170587151767958,0.6857163971122838,-1.29331508362474
629.503,1134.650437487,17.160043828381706,0.6683074760540295,-1.2950000225201437
630.0,1135.5588716290001,17.16341115157118,0.656701049479151,-1.2240913814809975
630.5,1136.488112659,17.18261546808915,0.6325649979132082,-1.0317566594464567
631.0,1137.401078091,17.176548337175653,0.6194199971533786,-0.9107930957160403
631.5,1138.3442842880002,17.206245650760973,0.6106590593964454,-0.7276868589929522
632.0,1139.233920592,17.229159562747636,0.573142340290111,-0.670636333646908
632.5,1140.157614813,17.22606842744509,0.5803598063853681,-0.7004458075063947
633.0,1141.0501133100001,17.22606842744509,0.5803598063853681,-0.7004458075063947
633.5,1141.961391811,17.22606842744509,0.5803598063853681,-0.7004458075063947
634.0,1142.8635236310001,17.22606842744509,0.5803598063853681,-0.7004458075063947
634.5,1143.7644965000002,17.22606842744509,0.5803598063853681,-0.7004458075063947
635.0,1144.650331366,17.22606842744509,0.5803598063853681,-0.7004458075063947
635.5,1145.539051127,17.22606842744509,0.5803598063853681,-0.7004458075063947
636.0,1146.4238144,17.22606842744509,0.5803598063853681,-0.7004458075063947
636.5,1147.3397374200001,17.22606842744509,0.5803598063853681,-0.7004458075063947
637.0,1148.216119136,17.22606842744509,0.5803598063853681,-0.7004458075063947
637.5,1149.1060629770002,17.22606842744509,0.5803598063853681,-0.7004458075063947
638.0,1150.0246842850001,17.22606842744509,0.5803598063853681,-0.7004458075063947
638.5,1150.922848284,17.22606842744509,0.5803598063853681,-0.7004458075063947
639.0,1151.8241865060002,17.22606842744509,0.5803598063853681,-0.7004458075063947
639.5,1152.7087660440002,17.22606842744509,0.5803598063853681,-0.7004458075063947
640.0,1153.639225863,17.207739455797757,0.5823842074128678,-0.6538626081206488
640.5,1154.5586538950001,17.221780461352168,0.587883916422129,-0.6071626089566582
641.0,1155.5019500760002,17.225562118142392,0.5835650780109636,-0.5604626098076888
641.5,1156.4417295730002,17.20797478116074,0.5876275575878345,-0.5037626106720065
642.0,1157.3770141880002,17.230264135445747,0.5817607815235938,-0.4470626115473309
642.5,1158.302949584,17.242316930771604,0.5760164500372295,-0.39036261243128134
643.0,1159.244718293,17.244126642898006,0.5703810376660794,-0.3336626133206394
643.5,1160.17987822,17.21568752015724,0.5648406727783568,-0.27696261421195084
644.0,1161.125023194,17.226994601734273,0.5593811816602932,-0.22026261510218914
644.5,1162.056982343,17.217564656680022,0.5519435189997411,-0.15356261598784504
645.001,1163.01294351,17.23796348481308,0.5545380269308748,-0.0868626168635956
645.5,1163.9561707700002,17.22839353055596,0.529243315851311,-0.030162617724943698
646.0,1164.8673542880001,17.228436459365923,0.5308177270077284,-0.018496217926393537
646.5,1165.782770618,17.234374862701447,0.5307742790731028,0.000730448441221642
647.0,1166.7258178000002,17.32323929033425,0.5373562099571428,0.10287840066530309
647.5,1167.666677163,17.457743667116475,0.5381131197648709,0.03090374276193988
648.0,1168.612375955,17.582588934872625,0.5427261881444086,-0.08176656382023224
648.5,1169.5791442430002,17.716192971737726,0.5428353328850464,-0.17866097727210067
649.0,1170.5104642350002,17.82756625639521,0.5225006009269019,-0.24306395200713543
649.5,1171.480850918,17.967642373853838,0.4975069337824579,-0.2751944777591376
650.0,1172.445948797,18.091248567001553,0.4738879560252878,-0.2935216703546602
650.5,1173.418088905,18.203422028455325,0.43793090819040537,-0.3796595159505051
651.0,1174.3929509200002,18.28427242860923,0.40295914569214347,-0.474411218793732
651.5,1175.351198069,18.40825430659118,0.3630144998000785,-0.584698586304677
652.0,1176.3140397260001,18.469667143003864,0.3198587294823729,-0.7090012170828809
652.5,1177.281688239,18.478379949355524,0.30521031862620995,-0.6369212413465636
653.0,1178.251855528,18.520486724828487,0.28960381345328,-0.5662144491720407
653.5,1179.224246667,18.528524702629603,0.2665100083973224,-0.6865520106711451
654.0,1180.189119305,18.539930042919227,0.260137467045093,-0.6852661275527595
654.5,1181.1492534190002,18.547207118079914,0.2417086608378118,-0.7204107476988714
655.0,1182.117300676,18.560699699793933,0.22997035670817548,-0.6152561997963637
655.5,1183.085626123,18.58422300222804,0.22737160166866688,-0.7078850926886461
656.0,1184.0619500760001,18.5838636427314,0.22101610471553013,-0.7992755031993329
656.5,1185.028152176,18.59060360925082,0.2124602053122677,-0.8165039445351928
657.0,1186.002978424,18.65571140985874,0.1529290192337412,-0.738119442594637
657.5,1186.975413796,18.734902734533055,0.05867773448877503,-0.6951457591932785
658.0,1187.952362213,18.839960823583873,-0.01581949209682465,-0.6644878652712815
658.5,1188.925815607,18.944164339172122,-0.09259783509737424,-0.5683694450566419
659.0,1189.915411467,19.041730928620524,-0.16858415138375527,-0.4908694459168313
659.5,1190.899057367,19.13351590990414,-0.21483648154035362,-0.36914278010748
660.0,1191.875839005,19.250345432860488,-0.25067463636142173,-0.2732348862620532
660.5,1192.85760551,19.351830715867283,-0.2992510948743102,-0.15731383451936679
661.0,1193.850561958,19.488258414149072,-0.3393415850298751,-0.016129624865718475
661.5,1194.8270641860001,19.592127170164378,-0.35036455439248226,0.11693616376130585
662.0,1195.8267329510002,19.718437790147096,-0.3619083646885545,0.261330899719716
662.5,1196.794240784,19.82639507568691,-0.3178350245205188,0.40613353040608513
663.0,1197.7672272250002,19.921854574979708,-0.26624960899121186,0.5184756347842813
663.5,1198.7569245920001,20.02313090863059,-0.21442244228826535,0.6543657039266366
664.0,1199.749146608,20.114492682108754,-0.15683703228654688,0.763870545444128
664.5,1200.7399199440001,20.210248532375942,-0.0677940953584315,0.8925459778280371
665.0,1201.741854847,20.270616956586057,0.016587832334853392,0.9935810892211547
665.5,1202.7336701170002,20.338280087076075,0.11831341671337148,1.1152915990517436
666.0,1203.716532309,20.388921025456842,0.24564481612790323,1.2221512696675199
666.5,1204.845722131,20.42822745272566,0.3511386922365961,1.348826714137218
667.0,1205.824642662,20.43305470040336,0.351324869271221,1.3262457730802029
667.5,1206.8053690430002,20.441138048423138,0.3516351983318977,1.0722124407434668
668.0,1207.7793174380001,20.436492760468415,0.3492139260861282,0.811379108464421
668.5,1208.776205227,20.41404023242077,0.35321121425062274,0.673045791760312
669.0,1209.770778082,20.411655791612407,0.3537542146685544,0.4322124594488731
669.5,1210.776733262,20.411988601685355,0.3595724406863041,0.30054579520280517
670.0,1211.811692471,20.412078230441367,0.37273946150964454,0.5794457892837446
670.5,1212.9274510300002,20.419586738972935,0.34849388192995856,0.7677791233169208
671.0,1213.978244938,20.419635250012657,0.3393716859668799,1.0119457893693946
671.5,1215.0014856690002,20.41249319907138,0.3589120971509865,1.1586124686927886
672.0,1216.02391284,20.42023820696418,0.3574146131991427,1.3844457957379954
672.5,1217.0381874050001,20.439332790684816,0.3695686248338508,1.5811124565075754
673.0,1218.0253370070002,20.454019087950474,0.361162621858371,1.840279098195112
673.5,1219.006841841,20.502831201653457,0.35888764918148897,2.076945765323741
674.0,1219.991533691,20.50971848047213,0.36250005199554836,2.3211124313212346
674.5,1221.0081395000002,20.528009487306765,0.35424990321627026,2.4827791106793526
675.0,1222.011228303,20.529787817381745,0.36254485693390426,2.1693457538857546
675.5,1223.036749159,20.52573902223225,0.35880578160717147,1.9676790896104965
676.0,1224.03960639,20.52061089310908,0.350257846417418,1.7551790852896108
676.5,1225.027323477,20.50546008649077,0.3530980066133569,1.5501790931146426
677.0,1226.061349716,20.481986631594722,0.35929745209831343,1.2893457608414025
677.501,1227.017949177,20.449197597376873,0.3500765041808669,1.2789791183663057
678.0,1227.9906082290001,20.449197597376873,0.3500765041808669,1.2789791183663057
678.5,1228.9549958890002,20.449197597376873,0.3500765041808669,1.2789791183663057
679.0,1229.9246304600001,20.449197597376873,0.3500765041808669,1.2789791183663057
679.5,1230.911965338,20.449197597379406,0.3500765041964562,1.4603291176447022
680.0,1231.924367276,20.464671204392594,0.35596268646221274,1.6719957680210846
680.5,1232.9454135360002,20.463637960255546,0.35195460453890637,1.8828291245865274
681.0,1233.955157864,20.497184499757928,0.34469237481283455,2.044495774932287
681.5,1234.9407556,20.507547389845914,0.36139616651509887,2.0591124416231863
682.0,1235.9132273040002,20.507135992195746,0.3621638847400306,2.0827791079421973
682.5,1236.9684048430001,20.526008420074003,0.3629269077376045,2.3138979516520704
683.0,1238.0149148090002,20.516672948643762,0.3653806317128938,2.7138623485558426
683.5,1239.049362921,20.499729465438197,0.3677899236907074,2.9788623719913088
684.0,1240.069590387,20.459335823170694,0.391409426380253,-2.911822941281048
684.5,1241.1283414040001,20.455248735533115,0.4390402623930001,-2.6096053917731954
685.0,1242.132525211,20.37080003451916,0.40519645727362064,-2.1731664504754518
685.5,1243.197870448,20.31030013458712,0.3298725745374633,-1.9045699597118602
686.0,1244.234191445,20.269058622370036,0.2227996998409707,-1.5781022411953054
686.5,1245.2649096260002,20.22583024375175,0.11619620198678726,-1.3639268030667135
687.0,1246.286415305,20.247581237280706,0.010492351449344905,-1.0054664277802206
687.5,1247.334075537,20.257824210642717,-0.04858496440974536,-0.6025432640009735
688.0,1248.3738564530001,20.29863143327385,-0.1021052176595656,-0.39659075789110465
688.5,1249.3942710820002,20.364509920184197,-0.12901179153966913,-0.058416850195410076
689.0,1250.4257913220001,20.422363747279793,-0.1821964255926669,0.2581380871786796
689.5,1251.455949035,20.489054507881516,-0.18295661735868096,0.6436122094478136
690.0,1252.4872390130001,20.540667605792024,-0.1758628943710605,0.9169683025056261
690.5,1253.502261623,20.57030985444583,-0.11614302578573443,1.2307588347029812
691.0,1254.5166812040002,20.60603821954223,-0.06686923125789723,1.394491845828526
691.5,1255.584189937,20.64799310427353,-0.025440268395547805,1.6610497239483744
692.0,1256.6231446890001,20.683500240384184,0.020534909620145814,1.892220369260069
692.5,1257.66274817,20.66491855944096,0.06018200925298223,2.2193491233628766
693.0,1258.696060662,20.66068293222789,0.09858763502380541,2.5324880766779234
693.5,1259.706056142,20.620783749501072,0.12305225245823137,2.854305736669485
694.0,1260.736275826,20.558027761205203,0.1593086600162843,3.0697057358542335
694.5,1261.720625138,20.531496287868947,0.18058289594986676,-2.925632253951376
695.0,1262.726331952,20.527317502342747,0.2271237550665206,-2.7599923714026584
695.5,1263.73162638,20.519807162070485,0.2232014798831028,-2.688231969657765
696.0,1264.676476371,20.519807162070485,0.2232014798831028,-2.688231969657765
696.5,1265.6517105270002,20.52627831692599,0.24264204801685874,-2.5405954197299865
697.0,1266.666562934,20.522115887659876,0.24840574502645008,-2.2615467053227123
697.5,1267.686159044,20.51496718963185,0.25905839016987375,-2.1182133724183703
698.0,1268.6647289260002,20.512339243736122,0.26049586439698724,-1.862380033200176
698.5,1269.6264314890002,20.488378691025115,0.24855240350722818,-1.6923799976323803
699.0,1270.643993141,20.480465732667803,0.2485734603481795,-1.4015466584110092
699.5,1271.631316468,20.42810748193447,0.258283368128025,-1.1455049812337748
700.0,1272.605376483,20.433691424413663,0.2307107329953646,-0.9530566705625679
700.5,1273.6171004990001,20.457153053428176,0.1799840786182192,-0.963617561969863
701.0,1274.6209584740002,20.463963418520027,0.15276459852077195,-0.8524061230708154
701.5,1275.598591011,20.514366191574545,0.14280902899675985,-0.6994945650966953
702.0,1276.582659508,20.5190559928893,0.11279806692926764,-0.7269507675988509
702.5,1277.5683270880002,20.528659229380636,0.09211090086368445,-0.6943135176098891
703.0,1278.566451049,20.52712375789361,0.0849861153467586,-0.6508126951391303
703.5,1279.535602917,20.5384404004877,0.07549217575681721,-0.6445779960954405
704.0,1280.489822427,20.556627078115845,0.06188670069819047,-0.6207253650556283
704.5,1281.493351323,20.578607323106674,0.0409951342800281,-0.5181817432814108
705.0,1282.520880495,20.591711514622546,0.04022402066251152,-0.2935024683925095
705.5,1283.5575186180001,20.596292258662743,0.026098622285477102,-0.21376301716851323
706.0,1284.544733509,20.60161446691369,0.011711834452890146,-0.10817390350540253
706.5,1285.483463403,20.60106629294435,-0.009202886460934367,0.01943281929679959
707.0,1286.4554830680001,20.605596595762158,-0.019539329958629725,0.127492765368295
707.5,1287.3843595340002,20.64470598553565,-0.013686621378388164,0.1429803242609251
708.0,1288.340911616,20.727406596626864,0.003826950808204277,0.10799306909714236
708.5,1289.2984134960002,20.83322667647356,0.01898648845772888,0.08584394733816002
709.0,1290.2700321720001,20.95584770242038,0.03269317396075255,0.04781730593233531
709.5,1291.2346680730002,21.072059218844498,0.04017602145375987,0.016317301319590655
710.0,1292.178836756,21.15960201477237,0.05161875023282847,0.004259156756592786
710.5,1293.1305737310001,21.284601238957887,0.05186403371794457,0.001324575989062558
711.0,1294.059171778,21.41274195315327,0.043391058882131794,0.008868411420623112
711.5,1295.0090590720001,21.53655596360326,0.040751757372722075,0.01897365672858484
712.0,1295.9409453760002,21.649263868195465,0.053280710858699454,0.0495262822420436
712.5,1296.882053066,21.772070592052263,0.057923387982619534,0.07696485409130753
713.0,1297.815546432,21.886291276715404,0.08810278212016298,0.10411398279081177
713.5,1298.778876502,21.932797949238893,0.03406909859661211,0.10740871161630763
714.0,1299.726981686,21.984425132535613,0.006680401884049836,0.21999122959522524
714.5,1300.640188882,22.04700134425691,0.02142139908926266,0.35663823341803974
715.0,1301.544227848,22.074911978181714,0.03008848242133655,0.4480576843384525
715.5,1302.42824087,22.08108923963887,0.032779067423708286,0.4083559139717553
716.0,1303.334446197,22.128645160163643,0.05461414845863488,0.4396584153676547
716.5,1304.212156606,22.128645160163643,0.05461414845863488,0.4396584153676547
717.0,1305.0761946250002,22.128645160163643,0.05461414845863488,0.4396584153676547
