[INFO] [launch]: All log files can be found below /home/junyoung/.ros/log/2026-09-29-10-48-06-862341-BOOK-9IO69NR1EM-866
[INFO] [launch]: Default logging verbosity is set to INFO
[INFO] [motion_scan_filter-1]: process started with pid [897]
[INFO] [slam_correction_tf-2]: process started with pid [899]
[INFO] [ign-3]: process started with pid [901]
[INFO] [robot_state_publisher-4]: process started with pid [903]
[INFO] [static_transform_publisher-5]: process started with pid [905]
[INFO] [cmd_vel_safety_node-6]: process started with pid [907]
[INFO] [create-7]: process started with pid [909]
[INFO] [parameter_bridge-8]: process started with pid [911]
[INFO] [parameter_bridge-9]: process started with pid [913]
[INFO] [parameter_bridge-10]: process started with pid [915]
[INFO] [parameter_bridge-11]: process started with pid [917]
[static_transform_publisher-5] [WARN] [1790646487.073504789] []: Old-style arguments are deprecated; see --help for new-style arguments
[static_transform_publisher-5] [INFO] [1790646487.104907576] [sim_lidar_sensor_tf]: Spinning until stopped - publishing transform
[static_transform_publisher-5] translation: ('0.200000', '0.000000', '0.070000')
[static_transform_publisher-5] rotation: ('0.000000', '0.000000', '0.000000', '1.000000')
[static_transform_publisher-5] from 'base_link' to 'fire_robot/base_footprint/lidar_sensor'
[create-7] [INFO] [1790646487.106698638] [spawn_fire_robot]: Requesting list of world names.
[parameter_bridge-9] [INFO] [1790646487.133780007] [gz_motion_bridge]: Creating GZ->ROS Bridge: [/scan (gz.msgs.LaserScan) -> /scan (sensor_msgs/msg/LaserScan)] (Lazy 0)
[parameter_bridge-9] [INFO] [1790646487.142090274] [gz_motion_bridge]: Creating ROS->GZ Bridge: [/cmd_vel (geometry_msgs/msg/Twist) -> /cmd_vel (gz.msgs.Twist)] (Lazy 0)
[parameter_bridge-9] [INFO] [1790646487.145814980] [gz_motion_bridge]: Creating GZ->ROS Bridge: [/joint_states (gz.msgs.Model) -> /joint_states (sensor_msgs/msg/JointState)] (Lazy 0)
[parameter_bridge-10] [INFO] [1790646487.149914357] [gz_selected_odometry_bridge]: Creating GZ->ROS Bridge: [/wheel_odom (gz.msgs.Odometry) -> /wheel_odom (nav_msgs/msg/Odometry)] (Lazy 0)
[parameter_bridge-8] [INFO] [1790646487.150274445] [gz_clock_bridge]: Creating GZ->ROS Bridge: [/clock (gz.msgs.Clock) -> /clock (rosgraph_msgs/msg/Clock)] (Lazy 0)
[robot_state_publisher-4] [INFO] [1790646487.151498196] [robot_state_publisher]: got segment arm_base_link
[robot_state_publisher-4] [INFO] [1790646487.151657907] [robot_state_publisher]: got segment arm_link1
[robot_state_publisher-4] [INFO] [1790646487.151665103] [robot_state_publisher]: got segment arm_link2
[robot_state_publisher-4] [INFO] [1790646487.151668174] [robot_state_publisher]: got segment arm_link3
[robot_state_publisher-4] [INFO] [1790646487.151678330] [robot_state_publisher]: got segment arm_link4
[robot_state_publisher-4] [INFO] [1790646487.151680448] [robot_state_publisher]: got segment arm_link5
[robot_state_publisher-4] [INFO] [1790646487.151682673] [robot_state_publisher]: got segment arm_link6
[robot_state_publisher-4] [INFO] [1790646487.151684653] [robot_state_publisher]: got segment base_footprint
[robot_state_publisher-4] [INFO] [1790646487.151686863] [robot_state_publisher]: got segment base_link
[robot_state_publisher-4] [INFO] [1790646487.151688924] [robot_state_publisher]: got segment camera_color_optical_frame
[robot_state_publisher-4] [INFO] [1790646487.151691275] [robot_state_publisher]: got segment camera_front_left_link
[robot_state_publisher-4] [INFO] [1790646487.151693456] [robot_state_publisher]: got segment camera_front_left_optical_frame
[robot_state_publisher-4] [INFO] [1790646487.151695723] [robot_state_publisher]: got segment camera_front_right_link
[robot_state_publisher-4] [INFO] [1790646487.151697857] [robot_state_publisher]: got segment camera_front_right_optical_frame
[robot_state_publisher-4] [INFO] [1790646487.151700032] [robot_state_publisher]: got segment camera_link
[robot_state_publisher-4] [INFO] [1790646487.151702270] [robot_state_publisher]: got segment depth_camera_link
[robot_state_publisher-4] [INFO] [1790646487.151704598] [robot_state_publisher]: got segment depth_optical_frame
[robot_state_publisher-4] [INFO] [1790646487.151706683] [robot_state_publisher]: got segment front_left_wheel
[robot_state_publisher-4] [INFO] [1790646487.151708815] [robot_state_publisher]: got segment front_right_wheel
[robot_state_publisher-4] [INFO] [1790646487.151710984] [robot_state_publisher]: got segment gripper_base_link
[robot_state_publisher-4] [INFO] [1790646487.151713073] [robot_state_publisher]: got segment gripper_finger_left
[robot_state_publisher-4] [INFO] [1790646487.151715148] [robot_state_publisher]: got segment gripper_finger_right
[robot_state_publisher-4] [INFO] [1790646487.151717267] [robot_state_publisher]: got segment lidar_link
[robot_state_publisher-4] [INFO] [1790646487.151719412] [robot_state_publisher]: got segment rear_left_wheel
[robot_state_publisher-4] [INFO] [1790646487.151721410] [robot_state_publisher]: got segment rear_right_wheel
[parameter_bridge-10] [INFO] [1790646487.153710170] [gz_selected_odometry_bridge]: Creating GZ->ROS Bridge: [/wheel_tf (gz.msgs.Pose_V) -> /wheel_tf (tf2_msgs/msg/TFMessage)] (Lazy 0)
[parameter_bridge-11] [INFO] [1790646487.157115969] [gz_rgb_camera_bridge]: Creating GZ->ROS Bridge: [/camera_raw (gz.msgs.Image) -> /camera_raw (sensor_msgs/msg/Image)] (Lazy 0)
[parameter_bridge-11] [INFO] [1790646487.159151358] [gz_rgb_camera_bridge]: Creating GZ->ROS Bridge: [/camera_raw/camera_info (gz.msgs.CameraInfo) -> /camera_raw/camera_info (sensor_msgs/msg/CameraInfo)] (Lazy 0)
[parameter_bridge-11] [INFO] [1790646487.161605813] [gz_rgb_camera_bridge]: Creating GZ->ROS Bridge: [/camera_front_left_raw (gz.msgs.Image) -> /camera_front_left_raw (sensor_msgs/msg/Image)] (Lazy 0)
[parameter_bridge-11] [INFO] [1790646487.162614570] [gz_rgb_camera_bridge]: Creating GZ->ROS Bridge: [/camera_front_left_raw/camera_info (gz.msgs.CameraInfo) -> /camera_front_left_raw/camera_info (sensor_msgs/msg/CameraInfo)] (Lazy 0)
[parameter_bridge-11] [INFO] [1790646487.163255278] [gz_rgb_camera_bridge]: Creating GZ->ROS Bridge: [/camera_front_right_raw (gz.msgs.Image) -> /camera_front_right_raw (sensor_msgs/msg/Image)] (Lazy 0)
[parameter_bridge-11] [INFO] [1790646487.164242122] [gz_rgb_camera_bridge]: Creating GZ->ROS Bridge: [/camera_front_right_raw/camera_info (gz.msgs.CameraInfo) -> /camera_front_right_raw/camera_info (sensor_msgs/msg/CameraInfo)] (Lazy 0)
[cmd_vel_safety_node-6] [INFO] [1790646487.340371014] [cmd_vel_safety_node]: CmdVelSafetyNode started | nav=/cmd_vel, manual=/cmd_vel_manual -> /cmd_vel_safe manual_hold=0.75s, allow_reverse=True, micro_reverse=0.050m/s, LiDAR stops(front/rear/turn)=0.48/0.40/0.32m, manual_lidar_stop=True
[create-7] [INFO] [1790646487.726919460] [spawn_fire_robot]: Waiting messages on topic [/robot_description].
[create-7] [INFO] [1790646487.739478022] [spawn_fire_robot]: Requested creation of entity.
[create-7] [INFO] [1790646487.739531816] [spawn_fire_robot]: OK creation of entity.
[INFO] [create-7]: process has finished cleanly [pid 909]
[ign-3] [1;33mWarning [Utils.cc:129][0m [/sdf/model[@name="fire_robot"]/link[@name="base_footprint"]/sensor[@name="lidar_sensor"]/lidar/noise[@type="gaussian"]:<urdf-string>:L0]: XML Attribute[type] in element[noise] not defined in SDF.
[INFO] [async_slam_toolbox_node-12]: process started with pid [1200]
[async_slam_toolbox_node-12] [INFO] [1790646495.140779755] [slam_toolbox]: Node using stack size 40000000
[async_slam_toolbox_node-12] [INFO] [1790646495.189576321] [slam_toolbox]: Using solver plugin solver_plugins::CeresSolver
[async_slam_toolbox_node-12] [INFO] [1790646495.189741818] [slam_toolbox]: CeresSolver: Using SCHUR_JACOBI preconditioner.
[async_slam_toolbox_node-12] [WARN] [1790646497.156407310] [slam_toolbox]: minimum laser range setting (0.0 m) exceeds the capabilities of the used Lidar (0.2 m)
[async_slam_toolbox_node-12] Registering sensor: [Custom Described Lidar]
[INFO] [controller_server-13]: process started with pid [1225]
[INFO] [smoother_server-14]: process started with pid [1227]
[INFO] [planner_server-15]: process started with pid [1229]
[INFO] [behavior_server-16]: process started with pid [1231]
[INFO] [bt_navigator-17]: process started with pid [1233]
[INFO] [velocity_smoother-18]: process started with pid [1235]
[INFO] [lifecycle_manager-19]: process started with pid [1297]
[velocity_smoother-18] [INFO] [1790646499.616798554] [velocity_smoother]: 
[velocity_smoother-18] 	velocity_smoother lifecycle node launched. 
[velocity_smoother-18] 	Waiting on external lifecycle transitions to activate
[velocity_smoother-18] 	See https://design.ros2.org/articles/node_lifecycle.html for more information.
[behavior_server-16] [INFO] [1790646499.624425758] [behavior_server]: 
[behavior_server-16] 	behavior_server lifecycle node launched. 
[behavior_server-16] 	Waiting on external lifecycle transitions to activate
[behavior_server-16] 	See https://design.ros2.org/articles/node_lifecycle.html for more information.
[controller_server-13] [INFO] [1790646499.628213995] [controller_server]: 
[controller_server-13] 	controller_server lifecycle node launched. 
[controller_server-13] 	Waiting on external lifecycle transitions to activate
[controller_server-13] 	See https://design.ros2.org/articles/node_lifecycle.html for more information.
[bt_navigator-17] [INFO] [1790646499.631889812] [bt_navigator]: 
[bt_navigator-17] 	bt_navigator lifecycle node launched. 
[bt_navigator-17] 	Waiting on external lifecycle transitions to activate
[bt_navigator-17] 	See https://design.ros2.org/articles/node_lifecycle.html for more information.
[bt_navigator-17] [INFO] [1790646499.632075323] [bt_navigator]: Creating
[smoother_server-14] [INFO] [1790646499.644494629] [smoother_server]: 
[smoother_server-14] 	smoother_server lifecycle node launched. 
[smoother_server-14] 	Waiting on external lifecycle transitions to activate
[smoother_server-14] 	See https://design.ros2.org/articles/node_lifecycle.html for more information.
[lifecycle_manager-19] [INFO] [1790646499.648684345] [lifecycle_manager_navigation]: Creating
[smoother_server-14] [INFO] [1790646499.650275453] [smoother_server]: Creating smoother server
[planner_server-15] [INFO] [1790646499.656761633] [planner_server]: 
[planner_server-15] 	planner_server lifecycle node launched. 
[planner_server-15] 	Waiting on external lifecycle transitions to activate
[planner_server-15] 	See https://design.ros2.org/articles/node_lifecycle.html for more information.
[controller_server-13] [INFO] [1790646499.657071371] [controller_server]: Creating controller server
[planner_server-15] [INFO] [1790646499.658248364] [planner_server]: Creating
[lifecycle_manager-19] [INFO] [1790646499.660027069] [lifecycle_manager_navigation]: [34m[1mCreating and initializing lifecycle service clients[0m[0m
[controller_server-13] [INFO] [1790646499.679363691] [local_costmap.local_costmap]: 
[controller_server-13] 	local_costmap lifecycle node launched. 
[controller_server-13] 	Waiting on external lifecycle transitions to activate
[controller_server-13] 	See https://design.ros2.org/articles/node_lifecycle.html for more information.
[controller_server-13] [INFO] [1790646499.683161039] [local_costmap.local_costmap]: Creating Costmap
[planner_server-15] [INFO] [1790646499.687307329] [global_costmap.global_costmap]: 
[planner_server-15] 	global_costmap lifecycle node launched. 
[planner_server-15] 	Waiting on external lifecycle transitions to activate
[planner_server-15] 	See https://design.ros2.org/articles/node_lifecycle.html for more information.
[planner_server-15] [INFO] [1790646499.687757204] [global_costmap.global_costmap]: Creating Costmap
[lifecycle_manager-19] [INFO] [1790646500.291135624] [lifecycle_manager_navigation]: [34m[1mStarting managed nodes bringup...[0m[0m
[lifecycle_manager-19] [INFO] [1790646500.291196137] [lifecycle_manager_navigation]: [34m[1mConfiguring controller_server[0m[0m
[controller_server-13] [INFO] [1790646500.291493257] [controller_server]: Configuring controller interface
[controller_server-13] [INFO] [1790646500.291808177] [controller_server]: getting goal checker plugins..
[controller_server-13] [INFO] [1790646500.291987746] [controller_server]: Controller frequency set to 8.0000Hz
[controller_server-13] [INFO] [1790646500.292022889] [local_costmap.local_costmap]: Configuring
[controller_server-13] [INFO] [1790646500.312254005] [local_costmap.local_costmap]: Using plugin "obstacle_layer"
[controller_server-13] [INFO] [1790646500.323127251] [local_costmap.local_costmap]: Subscribed to Topics: scan
[controller_server-13] [INFO] [1790646500.330874911] [local_costmap.local_costmap]: Initialized plugin "obstacle_layer"
[controller_server-13] [INFO] [1790646500.330942954] [local_costmap.local_costmap]: Using plugin "inflation_layer"
[controller_server-13] [INFO] [1790646500.333999068] [local_costmap.local_costmap]: Initialized plugin "inflation_layer"
[controller_server-13] [INFO] [1790646500.357161096] [controller_server]: Created progress_checker : progress_checker of type nav2_controller::SimpleProgressChecker
[controller_server-13] [INFO] [1790646500.358871328] [controller_server]: Created goal checker : general_goal_checker of type nav2_controller::SimpleGoalChecker
[controller_server-13] [INFO] [1790646500.359722718] [controller_server]: Controller Server has general_goal_checker  goal checkers available.
[controller_server-13] [INFO] [1790646500.364449093] [controller_server]: Created controller : FollowPath of type nav2_rotation_shim_controller::RotationShimController
[controller_server-13] [INFO] [1790646500.372413950] [controller_server]: Created internal controller for rotation shimming: FollowPath of type dwb_core::DWBLocalPlanner
[controller_server-13] [INFO] [1790646500.374249574] [controller_server]: Setting transform_tolerance to 0.300000
[controller_server-13] [INFO] [1790646500.396658304] [controller_server]: Using critic "RotateToGoal" (dwb_critics::RotateToGoalCritic)
[controller_server-13] [INFO] [1790646500.397042725] [controller_server]: Critic plugin initialized
[controller_server-13] [INFO] [1790646500.397195183] [controller_server]: Using critic "Oscillation" (dwb_critics::OscillationCritic)
[controller_server-13] [INFO] [1790646500.398282936] [controller_server]: Critic plugin initialized
[controller_server-13] [INFO] [1790646500.398948691] [controller_server]: Using critic "BaseObstacle" (dwb_critics::BaseObstacleCritic)
[controller_server-13] [INFO] [1790646500.399596175] [controller_server]: Critic plugin initialized
[controller_server-13] [INFO] [1790646500.399999166] [controller_server]: Using critic "ObstacleFootprint" (dwb_critics::ObstacleFootprintCritic)
[controller_server-13] [INFO] [1790646500.401429209] [controller_server]: Critic plugin initialized
[controller_server-13] [INFO] [1790646500.401838411] [controller_server]: Using critic "GoalAlign" (dwb_critics::GoalAlignCritic)
[controller_server-13] [INFO] [1790646500.403581118] [controller_server]: Critic plugin initialized
[controller_server-13] [INFO] [1790646500.404156069] [controller_server]: Using critic "PathAlign" (dwb_critics::PathAlignCritic)
[controller_server-13] [INFO] [1790646500.405164163] [controller_server]: Critic plugin initialized
[controller_server-13] [INFO] [1790646500.405394388] [controller_server]: Using critic "PathDist" (dwb_critics::PathDistCritic)
[controller_server-13] [INFO] [1790646500.405966716] [controller_server]: Critic plugin initialized
[controller_server-13] [INFO] [1790646500.406223723] [controller_server]: Using critic "GoalDist" (dwb_critics::GoalDistCritic)
[controller_server-13] [INFO] [1790646500.406853612] [controller_server]: Critic plugin initialized
[controller_server-13] [INFO] [1790646500.406893886] [controller_server]: Controller Server has FollowPath  controllers available.
[lifecycle_manager-19] [INFO] [1790646500.426169643] [lifecycle_manager_navigation]: [34m[1mConfiguring smoother_server[0m[0m
[smoother_server-14] [INFO] [1790646500.426538778] [smoother_server]: Configuring smoother server
[smoother_server-14] [INFO] [1790646500.444614071] [smoother_server]: Created smoother : simple_smoother of type nav2_smoother::SimpleSmoother
[smoother_server-14] [INFO] [1790646500.445019472] [smoother_server]: Smoother Server has simple_smoother  smoothers available.
[lifecycle_manager-19] [INFO] [1790646500.457052714] [lifecycle_manager_navigation]: [34m[1mConfiguring planner_server[0m[0m
[planner_server-15] [INFO] [1790646500.457595201] [planner_server]: Configuring
[planner_server-15] [INFO] [1790646500.457629350] [global_costmap.global_costmap]: Configuring
[planner_server-15] [INFO] [1790646500.466859093] [global_costmap.global_costmap]: Using plugin "static_layer"
[planner_server-15] [INFO] [1790646500.470176007] [global_costmap.global_costmap]: Subscribing to the map topic (/map) with transient local durability
[planner_server-15] [INFO] [1790646500.471737932] [global_costmap.global_costmap]: Subscribing to updates
[planner_server-15] [INFO] [1790646500.473671665] [global_costmap.global_costmap]: Initialized plugin "static_layer"
[planner_server-15] [INFO] [1790646500.473711924] [global_costmap.global_costmap]: Using plugin "obstacle_layer"
[planner_server-15] [INFO] [1790646500.474612721] [global_costmap.global_costmap]: Subscribed to Topics: scan
[planner_server-15] [INFO] [1790646500.478959032] [global_costmap.global_costmap]: Initialized plugin "obstacle_layer"
[planner_server-15] [INFO] [1790646500.479050888] [global_costmap.global_costmap]: Using plugin "inflation_layer"
[planner_server-15] [INFO] [1790646500.480232542] [global_costmap.global_costmap]: Initialized plugin "inflation_layer"
[planner_server-15] [INFO] [1790646500.493409115] [global_costmap.global_costmap]: StaticLayer: Resizing static layer to 189 X 80 at 0.050000 m/pix
[planner_server-15] [INFO] [1790646500.508004713] [planner_server]: Created global planner plugin GridBased of type nav2_smac_planner/SmacPlanner2D
[planner_server-15] [INFO] [1790646500.508067539] [planner_server]: Configuring GridBased of type SmacPlanner2D
[planner_server-15] [INFO] [1790646500.513871386] [planner_server]: Configured plugin GridBased of type SmacPlanner2D with tolerance 0.55, maximum iterations 1000000, max on approach iterations 1000, and not allowing unknown traversal.
[planner_server-15] [INFO] [1790646500.513941969] [planner_server]: Planner Server has GridBased  planners available.
[lifecycle_manager-19] [INFO] [1790646500.528721314] [lifecycle_manager_navigation]: [34m[1mConfiguring behavior_server[0m[0m
[behavior_server-16] [INFO] [1790646500.529465303] [behavior_server]: Configuring
[behavior_server-16] [INFO] [1790646500.546534111] [behavior_server]: Creating behavior plugin spin of type nav2_behaviors/Spin
[behavior_server-16] [INFO] [1790646500.549149768] [behavior_server]: Configuring spin
[behavior_server-16] [INFO] [1790646500.559364876] [behavior_server]: Creating behavior plugin backup of type nav2_behaviors/BackUp
[behavior_server-16] [INFO] [1790646500.561861765] [behavior_server]: Configuring backup
[behavior_server-16] [INFO] [1790646500.572213521] [behavior_server]: Creating behavior plugin drive_on_heading of type nav2_behaviors/DriveOnHeading
[behavior_server-16] [INFO] [1790646500.574598326] [behavior_server]: Configuring drive_on_heading
[behavior_server-16] [INFO] [1790646500.587139847] [behavior_server]: Creating behavior plugin assisted_teleop of type nav2_behaviors/AssistedTeleop
[behavior_server-16] [INFO] [1790646500.591309363] [behavior_server]: Configuring assisted_teleop
[behavior_server-16] [INFO] [1790646500.607998841] [behavior_server]: Creating behavior plugin wait of type nav2_behaviors/Wait
[behavior_server-16] [INFO] [1790646500.610807006] [behavior_server]: Configuring wait
[lifecycle_manager-19] [INFO] [1790646500.621041681] [lifecycle_manager_navigation]: [34m[1mConfiguring bt_navigator[0m[0m
[bt_navigator-17] [INFO] [1790646500.621910494] [bt_navigator]: Configuring
[lifecycle_manager-19] [INFO] [1790646500.787380541] [lifecycle_manager_navigation]: [34m[1mConfiguring velocity_smoother[0m[0m
[velocity_smoother-18] [INFO] [1790646500.787724740] [velocity_smoother]: Configuring velocity smoother
[lifecycle_manager-19] [INFO] [1790646500.794594363] [lifecycle_manager_navigation]: [34m[1mActivating controller_server[0m[0m
[controller_server-13] [INFO] [1790646500.795011460] [controller_server]: Activating
[controller_server-13] [INFO] [1790646500.795077213] [local_costmap.local_costmap]: Activating
[controller_server-13] [INFO] [1790646500.795099544] [local_costmap.local_costmap]: Checking transform
[controller_server-13] [INFO] [1790646500.795372825] [local_costmap.local_costmap]: start
[controller_server-13] [INFO] [1790646500.998280724] [controller_server]: Activating controller: FollowPath of type nav2_rotation_shim_controller::RotationShimController
[controller_server-13] [INFO] [1790646500.998500816] [controller_server]: Creating bond (controller_server) to lifecycle manager.
[lifecycle_manager-19] [INFO] [1790646501.107555063] [lifecycle_manager_navigation]: Server controller_server connected with bond.
[lifecycle_manager-19] [INFO] [1790646501.107673801] [lifecycle_manager_navigation]: [34m[1mActivating smoother_server[0m[0m
[smoother_server-14] [INFO] [1790646501.108102360] [smoother_server]: Activating
[smoother_server-14] [INFO] [1790646501.108159132] [smoother_server]: Creating bond (smoother_server) to lifecycle manager.
[lifecycle_manager-19] [INFO] [1790646501.216473191] [lifecycle_manager_navigation]: Server smoother_server connected with bond.
[lifecycle_manager-19] [INFO] [1790646501.216535312] [lifecycle_manager_navigation]: [34m[1mActivating planner_server[0m[0m
[planner_server-15] [INFO] [1790646501.217288451] [planner_server]: Activating
[planner_server-15] [INFO] [1790646501.217399174] [global_costmap.global_costmap]: Activating
[planner_server-15] [INFO] [1790646501.217416705] [global_costmap.global_costmap]: Checking transform
[planner_server-15] [INFO] [1790646501.217557157] [global_costmap.global_costmap]: start
[planner_server-15] [INFO] [1790646501.769041053] [planner_server]: Activating plugin GridBased of type SmacPlanner2D
[planner_server-15] [INFO] [1790646501.771781846] [planner_server]: Creating bond (planner_server) to lifecycle manager.
[lifecycle_manager-19] [INFO] [1790646501.881781729] [lifecycle_manager_navigation]: Server planner_server connected with bond.
[lifecycle_manager-19] [INFO] [1790646501.881876856] [lifecycle_manager_navigation]: [34m[1mActivating behavior_server[0m[0m
[behavior_server-16] [INFO] [1790646501.882412698] [behavior_server]: Activating
[behavior_server-16] [INFO] [1790646501.882472464] [behavior_server]: Activating spin
[behavior_server-16] [INFO] [1790646501.882492010] [behavior_server]: Activating backup
[behavior_server-16] [INFO] [1790646501.882506436] [behavior_server]: Activating drive_on_heading
[behavior_server-16] [INFO] [1790646501.882556520] [behavior_server]: Activating assisted_teleop
[behavior_server-16] [INFO] [1790646501.882574059] [behavior_server]: Activating wait
[behavior_server-16] [INFO] [1790646501.882584658] [behavior_server]: Creating bond (behavior_server) to lifecycle manager.
[lifecycle_manager-19] [INFO] [1790646501.992244431] [lifecycle_manager_navigation]: Server behavior_server connected with bond.
[lifecycle_manager-19] [INFO] [1790646501.992348410] [lifecycle_manager_navigation]: [34m[1mActivating bt_navigator[0m[0m
[bt_navigator-17] [INFO] [1790646501.992868698] [bt_navigator]: Activating
[bt_navigator-17] [INFO] [1790646502.110201709] [bt_navigator]: Creating bond (bt_navigator) to lifecycle manager.
[lifecycle_manager-19] [INFO] [1790646502.219693024] [lifecycle_manager_navigation]: Server bt_navigator connected with bond.
[lifecycle_manager-19] [INFO] [1790646502.219818733] [lifecycle_manager_navigation]: [34m[1mActivating velocity_smoother[0m[0m
[velocity_smoother-18] [INFO] [1790646502.220400637] [velocity_smoother]: Activating
[velocity_smoother-18] [INFO] [1790646502.220498615] [velocity_smoother]: Creating bond (velocity_smoother) to lifecycle manager.
[lifecycle_manager-19] [INFO] [1790646502.333136864] [lifecycle_manager_navigation]: Server velocity_smoother connected with bond.
[lifecycle_manager-19] [INFO] [1790646502.333227554] [lifecycle_manager_navigation]: [34m[1mManaged nodes are active[0m[0m
[lifecycle_manager-19] [INFO] [1790646502.333244673] [lifecycle_manager_navigation]: [34m[1mCreating bond timer...[0m[0m
[INFO] [mission_axis_node-20]: process started with pid [1334]
[INFO] [door_detection_node-21]: process started with pid [1336]
[INFO] [navigation_node-22]: process started with pid [1338]
[INFO] [navigation_visit_node-23]: process started with pid [1340]
[navigation_visit_node-23] [WARN] [1790646505.496647004] [navigation_visit_node]: NAVIGATION ONLY: service success is a VISIT, NOT physical door opening.
[mission_axis_node-20] [INFO] [1790646505.574825966] [mission_axis_node]: MissionAxisNode started | map=/map, base=base_link, frame=map
[navigation_node-22] [INFO] [1790646505.603935301] [navigation_node]: NavigationNode started
[mission_axis_node-20] [INFO] [1790646507.822784093] [mission_axis_node]: Mission axis published: origin=(-0.00, -0.00), yaw=0.0deg
[navigation_node-22] [INFO] [1790646507.823253008] [navigation_node]: Mission axis received: origin=(-0.00, -0.00), yaw=0.0deg
[door_detection_node-21] [INFO] [1790646508.031628306] [door_detection_node]: YOLO inference torch threads limited to 1.
[door_detection_node-21] [INFO] [1790646508.032088589] [door_detection_node]: Loading custom YOLO model: /home/junyoung/fire_robot_ws_observed_nav_20260928/install/fire_robot_perception/share/fire_robot_perception/models/best.pt
[door_detection_node-21] [WARN] [1790646508.308499151] [door_detection_node]: Handle YOLO model has a single non-handle class "item". Treating it as handle. Rename the dataset class to handle/door_handle when retraining.
[door_detection_node-21] [INFO] [1790646508.309270755] [door_detection_node]: Loading primary handle YOLO model: /home/junyoung/fire_robot_ws_observed_nav_20260928/install/fire_robot_perception/share/fire_robot_perception/models/handle_best_v3_CANDIDATE.pt (classes=['item'])
[door_detection_node-21] [INFO] [1790646508.424166181] [door_detection_node]: Loading fallback handle YOLO model: /home/junyoung/fire_robot_ws_observed_nav_20260928/install/fire_robot_perception/share/fire_robot_perception/models/handle_best_v2.pt (classes=['lever_handle'])
[door_detection_node-21] [INFO] [1790646508.424700301] [door_detection_node]: DoorDetectionNode started | YOLO=OK | handle_yolo=OK | handle_yolo_fallback=OK | imgsz=320 | depth=OFF | yolo_interval=2.40s | image_interval=1.20s | debug_image=OFF | cameras=front,front_left,front_right
[door_detection_node-21] [INFO] [1790646519.349526907] [door_detection_node]: 문 후보 발행: id=door_blue_06f816, source=front, color=blue, dist=5.33m, conf=0.41, bbox=(238,64,263,171), rep_x=250, center_x=250, angle=-21.0deg, center_angle=-21.0deg, lidar=5.34m, visual=4.37m, goal=(4.97,-0.66), handle=(4.97,-1.91,1.00), handle_obs=True, handle_method=estimated, handle_conf=0.00
[door_detection_node-21] [INFO] [1790646521.299346935] [door_detection_node]: 문 후보 발행: id=door_blue_06f816, source=front, color=blue, dist=5.33m, conf=0.41, bbox=(238,64,263,171), rep_x=250, center_x=250, angle=-21.0deg, center_angle=-21.0deg, lidar=5.37m, visual=4.37m, goal=(4.98,-0.66), handle=(4.98,-1.91,1.00), handle_obs=True, handle_method=estimated, handle_conf=0.00
[door_detection_node-21] [INFO] [1790646523.496620076] [door_detection_node]: 문 후보 발행: id=door_blue_06f816, source=front, color=blue, dist=5.26m, conf=0.41, bbox=(238,64,263,171), rep_x=250, center_x=250, angle=-21.0deg, center_angle=-21.0deg, lidar=5.31m, visual=4.37m, goal=(4.91,-0.64), handle=(4.91,-1.89,1.00), handle_obs=True, handle_method=estimated, handle_conf=0.00
[door_detection_node-21] [INFO] [1790646526.626599628] [door_detection_node]: 문 후보 발행: id=door_blue_06f816, source=front, color=blue, dist=5.27m, conf=0.41, bbox=(238,64,263,171), rep_x=250, center_x=250, angle=-21.0deg, center_angle=-21.0deg, lidar=5.27m, visual=4.37m, goal=(4.92,-0.64), handle=(4.92,-1.89,1.00), handle_obs=True, handle_method=estimated, handle_conf=0.00
[door_detection_node-21] [INFO] [1790646528.758143073] [door_detection_node]: 문 후보 발행: id=door_blue_06f816, source=front, color=blue, dist=5.31m, conf=0.41, bbox=(238,64,263,171), rep_x=250, center_x=250, angle=-21.0deg, center_angle=-21.0deg, lidar=5.27m, visual=4.37m, goal=(4.96,-0.66), handle=(4.96,-1.91,1.00), handle_obs=True, handle_method=estimated, handle_conf=0.00
[door_detection_node-21] [INFO] [1790646531.299649971] [door_detection_node]: 문 후보 발행: id=door_blue_06f816, source=front, color=blue, dist=5.30m, conf=0.41, bbox=(238,64,263,171), rep_x=250, center_x=250, angle=-21.0deg, center_angle=-21.0deg, lidar=5.34m, visual=4.37m, goal=(4.95,-0.65), handle=(4.95,-1.90,1.00), handle_obs=True, handle_method=estimated, handle_conf=0.00
[door_detection_node-21] [INFO] [1790646534.379865773] [door_detection_node]: 문 후보 발행: id=door_blue_06f816, source=front, color=blue, dist=5.24m, conf=0.41, bbox=(238,64,263,171), rep_x=250, center_x=250, angle=-21.0deg, center_angle=-21.0deg, lidar=5.21m, visual=4.37m, goal=(4.89,-0.63), handle=(4.89,-1.88,1.00), handle_obs=True, handle_method=estimated, handle_conf=0.00
[door_detection_node-21] [INFO] [1790646536.049866304] [door_detection_node]: 문 후보 발행: id=door_blue_06f816, source=front, color=blue, dist=5.30m, conf=0.41, bbox=(238,64,263,171), rep_x=250, center_x=250, angle=-21.0deg, center_angle=-21.0deg, lidar=5.27m, visual=4.37m, goal=(4.95,-0.65), handle=(4.95,-1.90,1.00), handle_obs=True, handle_method=estimated, handle_conf=0.00
[INFO] [state_machine_node-24]: process started with pid [1404]
[state_machine_node-24] [INFO] [1790646538.044461957] [state_machine_node]: StateMachineNode started | nav_timeout=55.0s  max_retries=2  explore_timeout=60.0s  exit=observed green exit only
[door_detection_node-21] [INFO] [1790646538.178347853] [door_detection_node]: 문 후보 발행: id=door_blue_06f816, source=front, color=blue, dist=5.27m, conf=0.41, bbox=(238,64,263,171), rep_x=250, center_x=250, angle=-21.0deg, center_angle=-21.0deg, lidar=5.33m, visual=4.37m, goal=(4.91,-0.64), handle=(4.91,-1.89,1.00), handle_obs=True, handle_method=estimated, handle_conf=0.00
[state_machine_node-24] [INFO] [1790646538.464214000] [state_machine_node]: Mission axis 대기 중: 초기 SLAM/static map 기준축 수신 후 탐색을 시작합니다.
[state_machine_node-24] [INFO] [1790646538.588531250] [state_machine_node]: Mission axis updated from /map: origin=(-0.00, -0.00), yaw=0.0deg
[state_machine_node-24] [INFO] [1790646538.875005720] [state_machine_node]: start_without_fire enabled. Starting corridor exploration.
[state_machine_node-24] [INFO] [1790646538.875878855] [state_machine_node]: State: IDLE → EXPLORING
[parameter_bridge-9] [INFO] [1790646538.878035664] [gz_motion_bridge]: Passing message from ROS geometry_msgs/msg/Twist to Gazebo gz.msgs.Twist (showing msg only once per type)
[state_machine_node-24] [INFO] [1790646539.592535092] [state_machine_node]: 파란 문 후보 없음. 2.0s 동안 정지 스캔 후 관측 기반 waypoint를 계획합니다.
[door_detection_node-21] [INFO] [1790646540.072805454] [door_detection_node]: 문 후보 발행: id=door_blue_06f816, source=front, color=blue, dist=5.24m, conf=0.41, bbox=(238,64,263,171), rep_x=250, center_x=250, angle=-21.0deg, center_angle=-21.0deg, lidar=5.31m, visual=4.37m, goal=(4.89,-0.63), handle=(4.89,-1.88,1.00), handle_obs=True, handle_method=estimated, handle_conf=0.00
[state_machine_node-24] [INFO] [1790646540.323457732] [state_machine_node]: 문 접근 목표 보정: observed_blue_4p9_m1p9 handle_axis=(4.92, -1.89) goal_axis=(4.92, -0.79) wall_axis=(4.92, -1.89) yaw=-90deg
[state_machine_node-24] [INFO] [1790646540.325339876] [state_machine_node]: 문 접근 목표 보정: observed_blue_4p9_m1p9 handle_axis=(4.92, -1.89) goal_axis=(4.92, -0.79) wall_axis=(4.92, -1.89) yaw=-90deg
[state_machine_node-24] [INFO] [1790646540.327447517] [state_machine_node]: 문 접근 목표 보정: observed_blue_4p9_m1p9 handle_axis=(4.92, -1.89) goal_axis=(4.92, -0.79) wall_axis=(4.92, -1.89) yaw=-90deg
[state_machine_node-24] [INFO] [1790646540.328645299] [state_machine_node]: 문 접근 목표 보정: observed_blue_4p9_m1p9 handle_axis=(4.92, -1.89) goal_axis=(4.92, -0.79) wall_axis=(4.92, -1.89) yaw=-90deg
[state_machine_node-24] [INFO] [1790646540.329504767] [state_machine_node]: LiDAR+camera segment map 사전 스캔 시작: observed_blue_4p9_m1p9
[state_machine_node-24] [INFO] [1790646541.034243256] [state_machine_node]: 문 접근 목표 보정: observed_blue_4p9_m1p9 handle_axis=(4.92, -1.89) goal_axis=(4.92, -0.79) wall_axis=(4.92, -1.89) yaw=-90deg
[state_machine_node-24] [INFO] [1790646541.760943251] [state_machine_node]: 문 접근 목표 보정: observed_blue_4p9_m1p9 handle_axis=(4.92, -1.89) goal_axis=(4.92, -0.79) wall_axis=(4.92, -1.89) yaw=-90deg
[state_machine_node-24] [INFO] [1790646542.507884743] [state_machine_node]: 문 접근 목표 보정: observed_blue_4p9_m1p9 handle_axis=(4.92, -1.89) goal_axis=(4.92, -0.79) wall_axis=(4.92, -1.89) yaw=-90deg
[state_machine_node-24] [INFO] [1790646542.509325378] [state_machine_node]: 사전 스캔 완료. Nav2가 segment map 기반 경로를 계획합니다: observed_blue_4p9_m1p9
[state_machine_node-24] [INFO] [1790646542.511364004] [state_machine_node]: Locked blue target after pre-scan: observed_blue_4p9_m1p9 opened=0 retry=0/2
[state_machine_node-24] [INFO] [1790646542.511656899] [state_machine_node]: State: EXPLORING → NAVIGATING
[navigation_node-22] [INFO] [1790646542.513489048] [navigation_node]: Navigation goal received: door observed_blue_4p9_m1p9 (color=blue, frame=map, x=4.92, y=-0.79)
[door_detection_node-21] [INFO] [1790646542.520593295] [door_detection_node]: 문 후보 발행: id=door_blue_06f816, source=front, color=blue, dist=5.30m, conf=0.41, bbox=(238,64,263,171), rep_x=250, center_x=250, angle=-21.0deg, center_angle=-21.0deg, lidar=5.29m, visual=4.37m, goal=(4.95,-0.65), handle=(4.95,-1.90,1.00), handle_obs=True, handle_method=estimated, handle_conf=0.00
[state_machine_node-24] [INFO] [1790646542.523773664] [state_machine_node]: 문 접근 목표 보정: door_blue_06f816 handle_axis=(4.95, -1.90) goal_axis=(4.95, -0.80) wall_axis=(4.95, -1.90) yaw=-90deg
[state_machine_node-24] [INFO] [1790646542.524799307] [state_machine_node]: 문 접근 목표 보정: door_blue_06f816 handle_axis=(4.95, -1.90) goal_axis=(4.95, -0.80) wall_axis=(4.95, -1.90) yaw=-90deg
[bt_navigator-17] [INFO] [1790646542.574143253] [bt_navigator]: Begin navigating from current location (-0.00, -0.00) to (4.92, -0.79)
[navigation_node-22] [INFO] [1790646542.574945538] [navigation_node]: Navigation goal accepted by Nav2
[controller_server-13] [INFO] [1790646542.776913324] [controller_server]: Received a goal, begin computing control effort.
[controller_server-13] [WARN] [1790646542.776999573] [controller_server]: No goal checker was specified in parameter 'current_goal_checker'. Server will use only plugin loaded general_goal_checker . This warning will appear once.
[state_machine_node-24] [INFO] [1790646543.919382167] [state_machine_node]: 문 접근 목표 보정: door_blue_06f816 handle_axis=(4.94, -1.90) goal_axis=(4.94, -0.80) wall_axis=(4.94, -1.90) yaw=-90deg
[state_machine_node-24] [INFO] [1790646543.920543613] [state_machine_node]: 문 접근 목표 보정: door_blue_06f816 handle_axis=(4.94, -1.90) goal_axis=(4.94, -0.80) wall_axis=(4.94, -1.90) yaw=-90deg
[controller_server-13] [INFO] [1790646544.153228583] [controller_server]: Passing new path to controller.
[door_detection_node-21] [INFO] [1790646544.948395246] [door_detection_node]: 문 후보 발행: id=door_blue_6622f5, source=front, color=blue, dist=5.04m, conf=0.42, bbox=(222,65,247,171), rep_x=234, center_x=234, angle=-17.5deg, center_angle=-17.5deg, lidar=4.64m, visual=4.42m, goal=(4.82,-0.61), handle=(4.73,-1.86,1.00), handle_obs=True, handle_method=estimated, handle_conf=0.00
[state_machine_node-24] [INFO] [1790646544.951390862] [state_machine_node]: 문 접근 목표 보정: door_blue_6622f5 handle_axis=(4.73, -1.86) goal_axis=(4.73, -0.76) wall_axis=(4.73, -1.86) yaw=-90deg
[state_machine_node-24] [INFO] [1790646544.952627599] [state_machine_node]: 문 접근 목표 보정: door_blue_6622f5 handle_axis=(4.73, -1.86) goal_axis=(4.73, -0.76) wall_axis=(4.73, -1.86) yaw=-90deg
[state_machine_node-24] [WARN] [1790646544.953316174] [state_machine_node]: Locked blue target refined from newer observation: observed_blue_4p9_m1p9 -> observed_blue_4p9_m1p9, goal shift=0.19m, identity=(4.92,-1.89) -> (4.73,-1.86)
[navigation_node-22] [INFO] [1790646544.954617048] [navigation_node]: Navigation goal received: door observed_blue_4p9_m1p9 (color=blue, frame=map, x=4.73, y=-0.76)
[navigation_node-22] [INFO] [1790646544.955227723] [navigation_node]: Ignoring duplicate navigation target for active door: observed_blue_4p9_m1p9
[planner_server-15] [INFO] [1790646545.217978252] [global_costmap.global_costmap]: StaticLayer: Resizing static layer to 193 X 82 at 0.050000 m/pix
[controller_server-13] [INFO] [1790646545.404364240] [controller_server]: Passing new path to controller.
[planner_server-15] [INFO] [1790646546.217873573] [global_costmap.global_costmap]: StaticLayer: Resizing static layer to 193 X 82 at 0.050000 m/pix
[door_detection_node-21] [INFO] [1790646546.717473206] [door_detection_node]: 문 후보 발행: id=door_blue_6622f5, source=front, color=blue, dist=4.79m, conf=0.57, bbox=(184,64,209,171), rep_x=196, center_x=196, angle=-8.7deg, center_angle=-8.7deg, lidar=4.55m, visual=4.37m, goal=(5.08,-0.63), handle=(4.78,-1.84,1.00), handle_obs=True, handle_method=estimated, handle_conf=0.00
[state_machine_node-24] [INFO] [1790646546.720821685] [state_machine_node]: 문 접근 목표 보정: door_blue_6622f5 handle_axis=(4.78, -1.84) goal_axis=(4.78, -0.74) wall_axis=(4.78, -1.84) yaw=-90deg
[state_machine_node-24] [INFO] [1790646546.721860638] [state_machine_node]: 문 접근 목표 보정: door_blue_6622f5 handle_axis=(4.78, -1.84) goal_axis=(4.78, -0.74) wall_axis=(4.78, -1.84) yaw=-90deg
[controller_server-13] [INFO] [1790646546.778235047] [controller_server]: Passing new path to controller.
[planner_server-15] [INFO] [1790646547.217910134] [global_costmap.global_costmap]: StaticLayer: Resizing static layer to 194 X 82 at 0.050000 m/pix
[controller_server-13] [INFO] [1790646548.029982982] [controller_server]: Passing new path to controller.
[state_machine_node-24] [INFO] [1790646548.140154014] [state_machine_node]: 문 접근 목표 보정: door_blue_6622f5 handle_axis=(5.07, -1.87) goal_axis=(5.07, -0.77) wall_axis=(5.07, -1.87) yaw=-90deg
[state_machine_node-24] [INFO] [1790646548.141372887] [state_machine_node]: 문 접근 목표 보정: door_blue_6622f5 handle_axis=(5.07, -1.87) goal_axis=(5.07, -0.77) wall_axis=(5.07, -1.87) yaw=-90deg
[state_machine_node-24] [WARN] [1790646548.142063246] [state_machine_node]: Locked blue target refined from newer observation: observed_blue_4p9_m1p9 -> observed_blue_4p9_m1p9, goal shift=0.33m, identity=(4.73,-1.86) -> (5.07,-1.87)
[navigation_node-22] [INFO] [1790646548.143309142] [navigation_node]: Navigation goal received: door observed_blue_4p9_m1p9 (color=blue, frame=map, x=5.07, y=-0.77)
[navigation_node-22] [INFO] [1790646548.143646512] [navigation_node]: Ignoring duplicate navigation target for active door: observed_blue_4p9_m1p9
[planner_server-15] [INFO] [1790646548.217987163] [global_costmap.global_costmap]: StaticLayer: Resizing static layer to 201 X 82 at 0.050000 m/pix
[planner_server-15] [INFO] [1790646549.218009012] [global_costmap.global_costmap]: StaticLayer: Resizing static layer to 206 X 82 at 0.050000 m/pix
[controller_server-13] [INFO] [1790646549.278210703] [controller_server]: Passing new path to controller.
[door_detection_node-21] [INFO] [1790646549.674114862] [door_detection_node]: 문 후보 발행: id=door_blue_6622f5, source=front, color=blue, dist=4.30m, conf=0.45, bbox=(173,60,199,178), rep_x=186, center_x=186, angle=-6.3deg, center_angle=-6.3deg, lidar=4.23m, visual=3.97m, goal=(5.15,-0.58), handle=(4.80,-1.79,1.00), handle_obs=True, handle_method=estimated, handle_conf=0.00
[state_machine_node-24] [INFO] [1790646549.677201329] [state_machine_node]: 문 접근 목표 보정: door_blue_6622f5 handle_axis=(4.80, -1.79) goal_axis=(4.80, -0.69) wall_axis=(4.80, -1.79) yaw=-90deg
[state_machine_node-24] [INFO] [1790646549.678544530] [state_machine_node]: 문 접근 목표 보정: door_blue_6622f5 handle_axis=(4.80, -1.79) goal_axis=(4.80, -0.69) wall_axis=(4.80, -1.79) yaw=-90deg
[planner_server-15] [INFO] [1790646550.217903438] [global_costmap.global_costmap]: StaticLayer: Resizing static layer to 212 X 82 at 0.050000 m/pix
[controller_server-13] [INFO] [1790646550.653228845] [controller_server]: Passing new path to controller.
[state_machine_node-24] [INFO] [1790646550.782117707] [state_machine_node]: 문 접근 목표 보정: door_blue_6622f5 handle_axis=(4.89, -1.83) goal_axis=(4.89, -0.73) wall_axis=(4.89, -1.83) yaw=-90deg
[state_machine_node-24] [INFO] [1790646550.783223890] [state_machine_node]: 문 접근 목표 보정: door_blue_6622f5 handle_axis=(4.89, -1.83) goal_axis=(4.89, -0.73) wall_axis=(4.89, -1.83) yaw=-90deg
[state_machine_node-24] [WARN] [1790646550.784106571] [state_machine_node]: Locked blue target refined from newer observation: observed_blue_4p9_m1p9 -> observed_blue_4p9_m1p9, goal shift=0.19m, identity=(5.07,-1.87) -> (4.89,-1.83)
[navigation_node-22] [INFO] [1790646550.785561954] [navigation_node]: Navigation goal received: door observed_blue_4p9_m1p9 (color=blue, frame=map, x=4.89, y=-0.73)
[planner_server-15] [INFO] [1790646551.218008281] [global_costmap.global_costmap]: StaticLayer: Resizing static layer to 213 X 82 at 0.050000 m/pix
[door_detection_node-21] [INFO] [1790646551.637687473] [door_detection_node]: 문 후보 발행: id=door_blue_6622f5, source=front, color=blue, dist=4.07m, conf=0.65, bbox=(181,52,213,186), rep_x=197, center_x=197, angle=-9.0deg, center_angle=-9.0deg, lidar=4.21m, visual=3.49m, goal=(5.20,-0.63), handle=(4.90,-1.84,1.00), handle_obs=True, handle_method=estimated, handle_conf=0.00
[state_machine_node-24] [INFO] [1790646551.640994754] [state_machine_node]: 문 접근 목표 보정: door_blue_6622f5 handle_axis=(4.90, -1.84) goal_axis=(4.90, -0.74) wall_axis=(4.90, -1.84) yaw=-90deg
[state_machine_node-24] [INFO] [1790646551.642132845] [state_machine_node]: 문 접근 목표 보정: door_blue_6622f5 handle_axis=(4.90, -1.84) goal_axis=(4.90, -0.74) wall_axis=(4.90, -1.84) yaw=-90deg
[controller_server-13] [INFO] [1790646551.778288851] [controller_server]: Passing new path to controller.
[planner_server-15] [INFO] [1790646552.217962561] [global_costmap.global_costmap]: StaticLayer: Resizing static layer to 215 X 82 at 0.050000 m/pix
[controller_server-13] [INFO] [1790646553.153235044] [controller_server]: Passing new path to controller.
[door_detection_node-21] [INFO] [1790646553.196756099] [door_detection_node]: 문 후보 발행: id=door_blue_15f7b3, source=front, color=blue, dist=3.80m, conf=0.28, bbox=(194,47,222,194), rep_x=208, center_x=208, angle=-11.6deg, center_angle=-11.6deg, lidar=4.01m, visual=3.18m, goal=(5.13,-0.62), handle=(4.86,-1.84,1.00), handle_obs=True, handle_method=estimated, handle_conf=0.00
[state_machine_node-24] [INFO] [1790646553.199711266] [state_machine_node]: 문 접근 목표 보정: door_blue_15f7b3 handle_axis=(4.86, -1.84) goal_axis=(4.86, -0.74) wall_axis=(4.86, -1.84) yaw=-90deg
[state_machine_node-24] [INFO] [1790646553.200842498] [state_machine_node]: 문 접근 목표 보정: door_blue_15f7b3 handle_axis=(4.86, -1.84) goal_axis=(4.86, -0.74) wall_axis=(4.86, -1.84) yaw=-90deg
[planner_server-15] [INFO] [1790646553.217947641] [global_costmap.global_costmap]: StaticLayer: Resizing static layer to 220 X 83 at 0.050000 m/pix
[state_machine_node-24] [INFO] [1790646554.200358715] [state_machine_node]: 문 접근 목표 보정: door_blue_15f7b3 handle_axis=(4.94, -1.87) goal_axis=(4.94, -0.77) wall_axis=(4.94, -1.87) yaw=-90deg
[state_machine_node-24] [INFO] [1790646554.201423445] [state_machine_node]: 문 접근 목표 보정: door_blue_15f7b3 handle_axis=(4.94, -1.87) goal_axis=(4.94, -0.77) wall_axis=(4.94, -1.87) yaw=-90deg
[planner_server-15] [INFO] [1790646554.217991459] [global_costmap.global_costmap]: StaticLayer: Resizing static layer to 222 X 83 at 0.050000 m/pix
[controller_server-13] [INFO] [1790646554.278284566] [controller_server]: Passing new path to controller.
[planner_server-15] [INFO] [1790646555.218049697] [global_costmap.global_costmap]: StaticLayer: Resizing static layer to 225 X 83 at 0.050000 m/pix
[door_detection_node-21] [INFO] [1790646555.261086594] [door_detection_node]: 문 후보 발행: id=door_blue_15f7b3, source=front, color=blue, dist=3.56m, conf=0.40, bbox=(202,38,238,198), rep_x=220, center_x=220, angle=-14.4deg, center_angle=-14.4deg, lidar=3.55m, visual=2.92m, goal=(5.18,-0.61), handle=(4.97,-1.84,1.00), handle_obs=True, handle_method=estimated, handle_conf=0.00
[state_machine_node-24] [INFO] [1790646555.263760815] [state_machine_node]: 문 접근 목표 보정: door_blue_15f7b3 handle_axis=(4.97, -1.84) goal_axis=(4.97, -0.74) wall_axis=(4.97, -1.84) yaw=-90deg
[state_machine_node-24] [INFO] [1790646555.265517310] [state_machine_node]: 문 접근 목표 보정: door_blue_15f7b3 handle_axis=(4.97, -1.84) goal_axis=(4.97, -0.74) wall_axis=(4.97, -1.84) yaw=-90deg
[controller_server-13] [INFO] [1790646555.653218644] [controller_server]: Passing new path to controller.
[planner_server-15] [INFO] [1790646556.217926496] [global_costmap.global_costmap]: StaticLayer: Resizing static layer to 232 X 83 at 0.050000 m/pix
[state_machine_node-24] [INFO] [1790646556.729040187] [state_machine_node]: 문 접근 목표 보정: door_blue_15f7b3 handle_axis=(4.94, -1.90) goal_axis=(4.94, -0.80) wall_axis=(4.94, -1.90) yaw=-90deg
[state_machine_node-24] [INFO] [1790646556.729567703] [state_machine_node]: 문 접근 목표 보정: door_blue_15f7b3 handle_axis=(4.94, -1.90) goal_axis=(4.94, -0.80) wall_axis=(4.94, -1.90) yaw=-90deg
[door_detection_node-21] [INFO] [1790646556.737546432] [door_detection_node]: YOLO 후보 제외: source=front, far small dist=8.54m, conf=0.27, bbox=(37,87,52,153)
[controller_server-13] [INFO] [1790646556.903222985] [controller_server]: Passing new path to controller.
[planner_server-15] [INFO] [1790646557.218003938] [global_costmap.global_costmap]: StaticLayer: Resizing static layer to 233 X 83 at 0.050000 m/pix
[door_detection_node-21] [INFO] [1790646557.792549804] [door_detection_node]: 문 후보 발행: id=door_blue_15f7b3, source=front, color=blue, dist=3.11m, conf=0.43, bbox=(212,30,251,211), rep_x=231, center_x=231, angle=-16.9deg, center_angle=-16.9deg, lidar=3.04m, visual=2.59m, goal=(5.12,-0.64), handle=(4.90,-1.87,1.00), handle_obs=True, handle_method=estimated, handle_conf=0.00
[state_machine_node-24] [INFO] [1790646557.795869920] [state_machine_node]: 문 접근 목표 보정: door_blue_15f7b3 handle_axis=(4.90, -1.87) goal_axis=(4.90, -0.77) wall_axis=(4.90, -1.87) yaw=-90deg
[state_machine_node-24] [INFO] [1790646557.796701229] [state_machine_node]: 문 접근 목표 보정: door_blue_15f7b3 handle_axis=(4.90, -1.87) goal_axis=(4.90, -0.77) wall_axis=(4.90, -1.87) yaw=-90deg
[planner_server-15] [INFO] [1790646558.218000825] [global_costmap.global_costmap]: StaticLayer: Resizing static layer to 238 X 83 at 0.050000 m/pix
[controller_server-13] [INFO] [1790646558.278257913] [controller_server]: Passing new path to controller.
[state_machine_node-24] [INFO] [1790646558.833378397] [state_machine_node]: 문 접근 목표 보정: door_blue_15f7b3 handle_axis=(4.89, -1.85) goal_axis=(4.89, -0.75) wall_axis=(4.89, -1.85) yaw=-90deg
[state_machine_node-24] [INFO] [1790646558.834196565] [state_machine_node]: 문 접근 목표 보정: door_blue_15f7b3 handle_axis=(4.89, -1.85) goal_axis=(4.89, -0.75) wall_axis=(4.89, -1.85) yaw=-90deg
[door_detection_node-21] [INFO] [1790646558.856136251] [door_detection_node]: Front lateral LiDAR range looks too long for the visible door; using visual range (lidar=8.54m, visual=6.78m)
[door_detection_node-21] [INFO] [1790646558.857311476] [door_detection_node]: YOLO 후보 제외: source=front, far small dist=6.78m, conf=0.31, bbox=(30,85,46,154)
[controller_server-13] [INFO] [1790646559.403207336] [controller_server]: Passing new path to controller.
[door_detection_node-21] [INFO] [1790646559.936680973] [door_detection_node]: 문 후보 발행: id=door_blue_15f7b3, source=front, color=blue, dist=2.82m, conf=0.48, bbox=(215,15,260,224), rep_x=237, center_x=237, angle=-18.2deg, center_angle=-18.2deg, lidar=2.78m, visual=2.24m, goal=(5.20,-0.66), handle=(4.96,-1.89,1.00), handle_obs=True, handle_method=estimated, handle_conf=0.00
[state_machine_node-24] [INFO] [1790646559.939633772] [state_machine_node]: 문 접근 목표 보정: door_blue_15f7b3 handle_axis=(4.96, -1.89) goal_axis=(4.96, -0.79) wall_axis=(4.96, -1.89) yaw=-90deg
[state_machine_node-24] [INFO] [1790646559.941577540] [state_machine_node]: 문 접근 목표 보정: door_blue_15f7b3 handle_axis=(4.96, -1.89) goal_axis=(4.96, -0.79) wall_axis=(4.96, -1.89) yaw=-90deg
[planner_server-15] [INFO] [1790646560.218064894] [global_costmap.global_costmap]: StaticLayer: Resizing static layer to 241 X 83 at 0.050000 m/pix
[controller_server-13] [INFO] [1790646560.653232862] [controller_server]: Passing new path to controller.
[state_machine_node-24] [INFO] [1790646561.019107993] [state_machine_node]: 문 접근 목표 보정: door_blue_a2b639 handle_axis=(4.80, -1.85) goal_axis=(4.80, -0.75) wall_axis=(4.80, -1.85) yaw=-90deg
[state_machine_node-24] [INFO] [1790646561.020409137] [state_machine_node]: 문 접근 목표 보정: door_blue_a2b639 handle_axis=(4.80, -1.85) goal_axis=(4.80, -0.75) wall_axis=(4.80, -1.85) yaw=-90deg
[door_detection_node-21] [INFO] [1790646561.022754563] [door_detection_node]: Front lateral LiDAR range looks too long for the visible door; using visual range (lidar=8.11m, visual=6.32m)
[door_detection_node-21] [INFO] [1790646561.027386952] [door_detection_node]: YOLO 후보 제외: source=front, far small dist=6.32m, conf=0.43, bbox=(18,82,37,156)
[planner_server-15] [INFO] [1790646561.217922759] [global_costmap.global_costmap]: StaticLayer: Resizing static layer to 245 X 83 at 0.050000 m/pix
[controller_server-13] [INFO] [1790646561.904236834] [controller_server]: Passing new path to controller.
[planner_server-15] [INFO] [1790646562.219130233] [global_costmap.global_costmap]: StaticLayer: Resizing static layer to 245 X 83 at 0.050000 m/pix
[door_detection_node-21] [INFO] [1790646562.879147552] [door_detection_node]: 문 후보 발행: id=door_blue_a2b639, source=front, color=blue, dist=2.38m, conf=0.66, bbox=(228,0,289,240), rep_x=258, center_x=258, angle=-22.7deg, center_angle=-22.7deg, lidar=2.43m, visual=1.95m, goal=(5.18,-0.66), handle=(4.96,-1.89,1.00), handle_obs=True, handle_method=estimated, handle_conf=0.00
[state_machine_node-24] [INFO] [1790646562.882607775] [state_machine_node]: 문 접근 목표 보정: door_blue_a2b639 handle_axis=(4.96, -1.89) goal_axis=(4.96, -0.79) wall_axis=(4.96, -1.89) yaw=-90deg
[state_machine_node-24] [INFO] [1790646562.883825691] [state_machine_node]: 문 접근 목표 보정: door_blue_a2b639 handle_axis=(4.96, -1.89) goal_axis=(4.96, -0.79) wall_axis=(4.96, -1.89) yaw=-90deg
[planner_server-15] [INFO] [1790646563.218108781] [global_costmap.global_costmap]: StaticLayer: Resizing static layer to 250 X 83 at 0.050000 m/pix
[controller_server-13] [INFO] [1790646563.278212274] [controller_server]: Passing new path to controller.
[state_machine_node-24] [INFO] [1790646563.804641092] [state_machine_node]: 문 접근 목표 보정: door_blue_a2b639 handle_axis=(5.28, -1.86) goal_axis=(5.28, -0.76) wall_axis=(5.28, -1.86) yaw=-90deg
[state_machine_node-24] [INFO] [1790646563.806375946] [state_machine_node]: 문 접근 목표 보정: door_blue_a2b639 handle_axis=(5.28, -1.86) goal_axis=(5.28, -0.76) wall_axis=(5.28, -1.86) yaw=-90deg
[state_machine_node-24] [WARN] [1790646563.807327385] [state_machine_node]: Locked blue target refined from newer observation: observed_blue_4p9_m1p9 -> observed_blue_4p9_m1p9, goal shift=0.39m, identity=(4.89,-1.83) -> (4.88,-1.90)
[navigation_node-22] [INFO] [1790646563.808696344] [navigation_node]: Navigation goal received: door observed_blue_4p9_m1p9 (color=blue, frame=map, x=5.28, y=-0.76)
[navigation_node-22] [WARN] [1790646563.809151904] [navigation_node]: Already navigating. Preempting current goal without an explicit stop before retargeting to: observed_blue_4p9_m1p9
[door_detection_node-21] [INFO] [1790646563.817918141] [door_detection_node]: Front lateral LiDAR range looks too long for the visible door; using visual range (lidar=7.53m, visual=5.85m)
[door_detection_node-21] [INFO] [1790646563.818795944] [door_detection_node]: YOLO 후보 제외: source=front, far small dist=5.85m, conf=0.26, bbox=(10,81,29,161)
[navigation_node-22] [INFO] [1790646563.886200464] [navigation_node]: Navigation goal accepted by Nav2
[bt_navigator-17] [INFO] [1790646563.974474129] [bt_navigator]: Received goal preemption request
[bt_navigator-17] [INFO] [1790646563.974901365] [bt_navigator]: Begin navigating from current location (3.24, -0.67) to (5.28, -0.76)
[planner_server-15] [INFO] [1790646564.218196373] [global_costmap.global_costmap]: StaticLayer: Resizing static layer to 255 X 83 at 0.050000 m/pix
[controller_server-13] [INFO] [1790646564.403289268] [controller_server]: Passing new path to controller.
[door_detection_node-21] [INFO] [1790646564.533484159] [door_detection_node]: YOLO 후보 제외: source=front, edge-clipped bbox=(242,0,319,240)
[planner_server-15] [INFO] [1790646565.218048178] [global_costmap.global_costmap]: StaticLayer: Resizing static layer to 260 X 83 at 0.050000 m/pix
[controller_server-13] [INFO] [1790646565.778254980] [controller_server]: Passing new path to controller.
[door_detection_node-21] [INFO] [1790646566.555313572] [door_detection_node]: Front lateral LiDAR range looks too long for the visible door; using visual range (lidar=7.00m, visual=5.51m)
[door_detection_node-21] [INFO] [1790646566.875721627] [door_detection_node]: 문 후보 발행: id=door_blue_a53092, source=front, color=blue, dist=5.51m, conf=0.57, bbox=(11,78,33,163), rep_x=22, center_x=22, angle=30.5deg, center_angle=30.5deg, lidar=6.88m, visual=5.51m, goal=(8.54,0.13), handle=(8.71,1.37,1.00), handle_obs=False, handle_method=estimated, handle_conf=0.00
[door_detection_node-21] [INFO] [1790646566.881382116] [door_detection_node]: YOLO 후보 제외: source=front, edge-clipped bbox=(267,0,320,240)
[controller_server-13] [INFO] [1790646567.028255703] [controller_server]: Passing new path to controller.
[planner_server-15] [INFO] [1790646567.218022101] [global_costmap.global_costmap]: StaticLayer: Resizing static layer to 267 X 83 at 0.050000 m/pix
[planner_server-15] [INFO] [1790646568.218002918] [global_costmap.global_costmap]: StaticLayer: Resizing static layer to 272 X 83 at 0.050000 m/pix
[controller_server-13] [INFO] [1790646568.278241320] [controller_server]: Passing new path to controller.
[door_detection_node-21] [INFO] [1790646568.530364924] [door_detection_node]: 문 후보 발행: id=door_blue_660cea, source=front, color=blue, dist=6.67m, conf=0.32, bbox=(19,78,39,164), rep_x=29, center_x=29, angle=29.2deg, center_angle=29.2deg, lidar=6.48m, visual=5.44m, goal=(9.80,0.65), handle=(9.93,1.89,1.00), handle_obs=False, handle_method=estimated, handle_conf=0.00
[planner_server-15] [INFO] [1790646569.218047847] [global_costmap.global_costmap]: StaticLayer: Resizing static layer to 273 X 83 at 0.050000 m/pix
[controller_server-13] [INFO] [1790646569.653228213] [controller_server]: Passing new path to controller.
[planner_server-15] [INFO] [1790646570.218056260] [global_costmap.global_costmap]: StaticLayer: Resizing static layer to 275 X 83 at 0.050000 m/pix
[door_detection_node-21] [INFO] [1790646570.287807170] [door_detection_node]: 문 후보 발행: id=door_blue_a53092, source=front, color=blue, dist=5.26m, conf=0.60, bbox=(30,75,52,164), rep_x=41, center_x=41, angle=27.0deg, center_angle=27.0deg, lidar=1.87m, visual=5.26m, goal=(8.87,0.12), handle=(8.93,1.37,1.00), handle_obs=False, handle_method=estimated, handle_conf=0.00
[controller_server-13] [INFO] [1790646570.903190805] [controller_server]: Passing new path to controller.
[state_machine_node-24] [INFO] [1790646571.093644057] [state_machine_node]: 문 접근 목표 보정: door_blue_95e8e9 handle_axis=(5.53, -2.00) goal_axis=(5.53, -0.90) wall_axis=(5.53, -2.00) yaw=-90deg
[state_machine_node-24] [INFO] [1790646571.094964058] [state_machine_node]: 문 접근 목표 보정: door_blue_95e8e9 handle_axis=(5.53, -2.00) goal_axis=(5.53, -0.90) wall_axis=(5.53, -2.00) yaw=-90deg
[state_machine_node-24] [WARN] [1790646571.096528554] [state_machine_node]: Locked blue target refined from newer observation: observed_blue_4p9_m1p9 -> observed_blue_4p9_m1p9, goal shift=0.29m, identity=(4.88,-1.90) -> (4.99,-1.95)
[navigation_node-22] [INFO] [1790646571.097639787] [navigation_node]: Navigation goal received: door observed_blue_4p9_m1p9 (color=blue, frame=map, x=5.53, y=-0.90)
[navigation_node-22] [INFO] [1790646571.098064014] [navigation_node]: Ignoring duplicate navigation target for active door: observed_blue_4p9_m1p9
[planner_server-15] [INFO] [1790646571.218016092] [global_costmap.global_costmap]: StaticLayer: Resizing static layer to 277 X 83 at 0.050000 m/pix
[door_detection_node-21] [INFO] [1790646572.056853835] [door_detection_node]: 문 후보 발행: id=door_blue_a53092, source=front, color=blue, dist=5.26m, conf=0.47, bbox=(32,75,56,164), rep_x=44, center_x=44, angle=26.4deg, center_angle=26.4deg, lidar=1.62m, visual=5.26m, goal=(9.16,0.23), handle=(9.17,1.48,1.00), handle_obs=False, handle_method=estimated, handle_conf=0.00
[door_detection_node-21] [INFO] [1790646572.071783288] [door_detection_node]: Front lateral LiDAR range looks too long for the visible door; using visual range (lidar=3.86m, visual=2.92m)
[planner_server-15] [INFO] [1790646572.217924763] [global_costmap.global_costmap]: StaticLayer: Resizing static layer to 277 X 84 at 0.050000 m/pix
[controller_server-13] [INFO] [1790646572.278221222] [controller_server]: Passing new path to controller.
[planner_server-15] [INFO] [1790646573.217934831] [global_costmap.global_costmap]: StaticLayer: Resizing static layer to 283 X 84 at 0.050000 m/pix
[controller_server-13] [INFO] [1790646573.403211062] [controller_server]: Passing new path to controller.
[door_detection_node-21] [INFO] [1790646573.561991782] [door_detection_node]: 문 후보 발행: id=door_blue_a53092, source=front, color=blue, dist=4.93m, conf=0.65, bbox=(41,71,67,166), rep_x=54, center_x=54, angle=24.4deg, center_angle=24.4deg, lidar=1.27m, visual=4.93m, goal=(9.15,0.15), handle=(9.11,1.39,1.00), handle_obs=True, handle_method=estimated, handle_conf=0.00
[planner_server-15] [INFO] [1790646574.217947577] [global_costmap.global_costmap]: StaticLayer: Resizing static layer to 283 X 86 at 0.050000 m/pix
[door_detection_node-21] [INFO] [1790646574.232235277] [door_detection_node]: HSV candidate rejected: color=blue, edge-clipped bbox=(140,0,320,240), width_ratio=0.56
[controller_server-13] [INFO] [1790646574.653225007] [controller_server]: Passing new path to controller.
[door_detection_node-21] [INFO] [1790646575.289008685] [door_detection_node]: 문 후보 발행: id=door_blue_a53092, source=front, color=blue, dist=4.73m, conf=0.63, bbox=(41,70,68,169), rep_x=54, center_x=54, angle=24.4deg, center_angle=24.4deg, lidar=1.05m, visual=4.73m, goal=(9.18,0.13), handle=(9.12,1.38,1.00), handle_obs=False, handle_method=estimated, handle_conf=0.00
[door_detection_node-21] [INFO] [1790646575.305957341] [door_detection_node]: Front lateral LiDAR range looks too long for the visible door; using visual range (lidar=3.13m, visual=2.38m)
[planner_server-15] [INFO] [1790646575.717904624] [global_costmap.global_costmap]: StaticLayer: Resizing static layer to 291 X 86 at 0.050000 m/pix
[controller_server-13] [INFO] [1790646575.903226587] [controller_server]: Passing new path to controller.
[door_detection_node-21] [INFO] [1790646577.210373684] [door_detection_node]: 문 후보 발행: id=door_blue_a53092, source=front, color=blue, dist=4.59m, conf=0.49, bbox=(44,69,71,171), rep_x=57, center_x=57, angle=23.8deg, center_angle=23.8deg, lidar=0.99m, visual=4.59m, goal=(9.20,0.13), handle=(9.11,1.37,1.00), handle_obs=True, handle_method=estimated, handle_conf=0.00
[controller_server-13] [INFO] [1790646577.278208884] [controller_server]: Passing new path to controller.
[navigation_node-22] [WARN] [1790646577.576268911] [navigation_node]: Robot is 0.18m from blue goal (threshold=0.18m). Treating navigation as succeeded.
[state_machine_node-24] [INFO] [1790646577.577908127] [state_machine_node]: Navigation succeeded.
[bt_navigator-17] [ERROR] [1790646577.695312278] [bt_navigator_navigate_to_pose_rclcpp_node]: Failed to get result for follow_path in node halt!
[bt_navigator-17] [INFO] [1790646577.695462519] [bt_navigator]: [navigate_to_pose] [ActionServer] Client requested to cancel the goal. Cancelling.
[bt_navigator-17] [INFO] [1790646577.695587999] [bt_navigator]: Goal canceled
[controller_server-13] [INFO] [1790646577.778203617] [controller_server]: Goal was canceled. Stopping the robot.
[controller_server-13] [INFO] [1790646577.778281964] [controller_server]: [follow_path] [ActionServer] Client requested to cancel the goal. Cancelling.
[state_machine_node-24] [WARN] [1790646577.909718251] [state_machine_node]: Nav result [nav_success] is close enough for door fine alignment: observed_blue_4p9_m1p9, dist=0.44/1.10m, lateral=0.15/0.75m, forward=0.42m, yaw_error=97deg.
[state_machine_node-24] [INFO] [1790646577.937338437] [state_machine_node]: Fine door approach started: observed_blue_4p9_m1p9, dist=0.44m, lateral=-0.15m, forward=0.42m, yaw_error=97deg
[state_machine_node-24] [INFO] [1790646577.938288671] [state_machine_node]: Fine door parking translation: observed_blue_4p9_m1p9, dist=0.44m/0.17m, heading_error=20deg, cmd=(0.07, -0.14)
[planner_server-15] [INFO] [1790646579.217915402] [global_costmap.global_costmap]: StaticLayer: Resizing static layer to 295 X 86 at 0.050000 m/pix
[door_detection_node-21] [INFO] [1790646579.239544136] [door_detection_node]: 문 후보 발행: id=door_blue_a53092, source=front, color=blue, dist=4.54m, conf=0.62, bbox=(34,68,61,171), rep_x=47, center_x=47, angle=25.8deg, center_angle=25.8deg, lidar=1.09m, visual=4.54m, goal=(9.20,0.06), handle=(9.16,1.31,1.00), handle_obs=True, handle_method=estimated, handle_conf=0.00
[state_machine_node-24] [INFO] [1790646579.435506141] [state_machine_node]: Fine door parking translation: observed_blue_4p9_m1p9, dist=0.39m/0.17m, heading_error=17deg, cmd=(0.07, -0.14)
[planner_server-15] [INFO] [1790646580.217990482] [global_costmap.global_costmap]: StaticLayer: Resizing static layer to 297 X 86 at 0.050000 m/pix
[state_machine_node-24] [INFO] [1790646580.971199704] [state_machine_node]: Fine door parking translation: observed_blue_4p9_m1p9, dist=0.29m/0.17m, heading_error=16deg, cmd=(0.07, -0.14)
[door_detection_node-21] [INFO] [1790646581.963284332] [door_detection_node]: 문 후보 발행: id=door_blue_6a2473, source=front_right, color=blue, dist=1.15m, conf=1.00, bbox=(175,0,320,240), rep_x=247, center_x=247, angle=-90.4deg, center_angle=-90.4deg, lidar=1.12m, visual=1.95m, goal=(5.30,-0.67), handle=(5.06,-1.89,1.00), handle_obs=False, handle_method=estimated, handle_conf=0.00
[door_detection_node-21] [INFO] [1790646582.372594121] [door_detection_node]: Side camera LiDAR range looks occluded; using visual range instead (source=front_left, lidar=1.01m, visual=4.50m)
[state_machine_node-24] [INFO] [1790646582.543834098] [state_machine_node]: Fine door parking translation: observed_blue_4p9_m1p9, dist=0.25m/0.17m, heading_error=14deg, cmd=(0.07, -0.14)
[door_detection_node-21] [INFO] [1790646584.080482942] [door_detection_node]: 문 후보 발행: id=door_blue_dabf0f, source=front_right, color=blue, dist=1.12m, conf=1.00, bbox=(158,0,320,240), rep_x=239, center_x=239, angle=-88.7deg, center_angle=-88.7deg, lidar=1.06m, visual=1.95m, goal=(5.62,-0.65), handle=(5.21,-1.83,0.85), handle_obs=True, handle_method=hsv, handle_conf=0.96
[state_machine_node-24] [INFO] [1790646584.096213790] [state_machine_node]: Fine door parking translation: observed_blue_4p9_m1p9, dist=0.18m/0.17m, heading_error=21deg, cmd=(0.07, -0.14)
[state_machine_node-24] [INFO] [1790646584.098911164] [state_machine_node]: 문 접근 목표 보정: door_blue_dabf0f handle_axis=(5.21, -1.83) goal_axis=(5.21, -0.73) wall_axis=(5.21, -1.83) yaw=-90deg
[state_machine_node-24] [INFO] [1790646584.100293704] [state_machine_node]: 문 접근 목표 보정: door_blue_dabf0f handle_axis=(5.21, -1.83) goal_axis=(5.21, -0.73) wall_axis=(5.21, -1.83) yaw=-90deg
[state_machine_node-24] [INFO] [1790646584.116968892] [state_machine_node]: 문 접근 목표 보정: door_blue_dabf0f handle_axis=(5.21, -1.83) goal_axis=(5.21, -0.73) wall_axis=(5.21, -1.83) yaw=-90deg
[state_machine_node-24] [WARN] [1790646584.118070876] [state_machine_node]: Close door-front observation moved observed_blue_4p9_m1p9 by 0.36m; returning to Nav2 before final alignment.
[state_machine_node-24] [WARN] [1790646584.118754919] [state_machine_node]: Locked blue target refined from newer observation: observed_blue_4p9_m1p9 -> observed_blue_4p9_m1p9, goal shift=0.36m, identity=(4.99,-1.95) -> (5.01,-1.84)
[navigation_node-22] [INFO] [1790646584.120635267] [navigation_node]: Navigation goal received: door observed_blue_4p9_m1p9 (color=blue, frame=map, x=5.21, y=-0.73)
[bt_navigator-17] [INFO] [1790646584.212888401] [bt_navigator]: Begin navigating from current location (5.40, -0.78) to (5.21, -0.73)
[navigation_node-22] [INFO] [1790646584.216386066] [navigation_node]: Navigation goal accepted by Nav2
[controller_server-13] [INFO] [1790646584.413791407] [controller_server]: Received a goal, begin computing control effort.
[state_machine_node-24] [INFO] [1790646584.874688838] [state_machine_node]: Nav2 goal is close enough for fine door alignment: observed_blue_4p9_m1p9, dist=0.24m/0.38m, lateral=-0.05m/0.24m, yaw_error=68deg.
[state_machine_node-24] [INFO] [1790646584.875583527] [state_machine_node]: Nav2 goal cancellation requested before door fine alignment.
[navigation_node-22] [INFO] [1790646584.875714751] [navigation_node]: Navigation cancellation requested for manual control handoff.
[controller_server-13] [INFO] [1790646584.914416974] [controller_server]: Goal was canceled. Stopping the robot.
[controller_server-13] [INFO] [1790646584.914487602] [controller_server]: [follow_path] [ActionServer] Client requested to cancel the goal. Cancelling.
[bt_navigator-17] [INFO] [1790646584.914776210] [bt_navigator]: [navigate_to_pose] [ActionServer] Client requested to cancel the goal. Cancelling.
[bt_navigator-17] [INFO] [1790646584.915006906] [bt_navigator]: Goal canceled
[state_machine_node-24] [INFO] [1790646584.924922833] [state_machine_node]: Fine door approach started: observed_blue_4p9_m1p9, dist=0.24m, lateral=-0.05m, forward=-0.24m, yaw_error=68deg
[state_machine_node-24] [INFO] [1790646584.925975973] [state_machine_node]: Fine door parking translation: observed_blue_4p9_m1p9, dist=0.24m/0.17m, heading_error=169deg, cmd=(0.00, -0.25)
[door_detection_node-21] [INFO] [1790646585.671619502] [door_detection_node]: 문 후보 발행: id=door_blue_dabf0f, source=front_right, color=blue, dist=1.00m, conf=1.00, bbox=(146,0,320,240), rep_x=233, center_x=233, angle=-87.3deg, center_angle=-87.3deg, lidar=1.06m, visual=1.95m, goal=(5.77,-0.68), handle=(5.24,-1.82,0.85), handle_obs=True, handle_method=hsv, handle_conf=0.95
[state_machine_node-24] [INFO] [1790646585.696945383] [state_machine_node]: 문 접근 목표 보정: door_blue_dabf0f handle_axis=(5.24, -1.82) goal_axis=(5.24, -0.72) wall_axis=(5.24, -1.82) yaw=-90deg
[state_machine_node-24] [INFO] [1790646585.698496300] [state_machine_node]: 문 접근 목표 보정: door_blue_dabf0f handle_axis=(5.24, -1.82) goal_axis=(5.24, -0.72) wall_axis=(5.24, -1.82) yaw=-90deg
[state_machine_node-24] [INFO] [1790646585.715338079] [state_machine_node]: 문 접근 목표 보정: door_blue_dabf0f handle_axis=(5.24, -1.82) goal_axis=(5.24, -0.72) wall_axis=(5.24, -1.82) yaw=-90deg
[state_machine_node-24] [INFO] [1790646586.426773816] [state_machine_node]: 문 접근 목표 보정: door_blue_f16991 handle_axis=(10.83, 1.94) goal_axis=(10.83, 0.84) wall_axis=(10.83, 1.94) yaw=90deg
[state_machine_node-24] [WARN] [1790646586.483791469] [state_machine_node]: Waiting for a fresh door-wall normal before alignment.
[planner_server-15] [INFO] [1790646586.718056052] [global_costmap.global_costmap]: StaticLayer: Resizing static layer to 300 X 86 at 0.050000 m/pix
[state_machine_node-24] [INFO] [1790646587.226139631] [state_machine_node]: Fine door parking translation: observed_blue_4p9_m1p9, dist=0.25m/0.17m, heading_error=158deg, cmd=(0.00, -0.25)
[door_detection_node-21] [INFO] [1790646587.249583449] [door_detection_node]: 문 후보 발행: id=door_blue_dabf0f, source=front_right, color=blue, dist=1.09m, conf=1.00, bbox=(94,0,307,240), rep_x=200, center_x=200, angle=-79.7deg, center_angle=-79.7deg, lidar=1.09m, visual=1.95m, goal=(6.01,-0.85), handle=(5.30,-1.87,0.85), handle_obs=True, handle_method=hsv, handle_conf=0.77
[state_machine_node-24] [INFO] [1790646587.252934462] [state_machine_node]: 문 접근 목표 보정: door_blue_dabf0f handle_axis=(5.30, -1.87) goal_axis=(5.30, -0.77) wall_axis=(5.30, -1.87) yaw=-90deg
[state_machine_node-24] [INFO] [1790646587.254398556] [state_machine_node]: 문 접근 목표 보정: door_blue_dabf0f handle_axis=(5.30, -1.87) goal_axis=(5.30, -0.77) wall_axis=(5.30, -1.87) yaw=-90deg
[state_machine_node-24] [INFO] [1790646587.273876345] [state_machine_node]: 문 접근 목표 보정: door_blue_dabf0f handle_axis=(5.30, -1.87) goal_axis=(5.30, -0.77) wall_axis=(5.30, -1.87) yaw=-90deg
[state_machine_node-24] [INFO] [1790646587.944795401] [state_machine_node]: 문 접근 목표 보정: door_blue_9800cb handle_axis=(10.37, 1.89) goal_axis=(10.37, 0.79) wall_axis=(10.37, 1.89) yaw=90deg
[state_machine_node-24] [INFO] [1790646588.549187108] [state_machine_node]: 문 접근 목표 보정: door_blue_dabf0f handle_axis=(5.36, -1.81) goal_axis=(5.36, -0.71) wall_axis=(5.36, -1.81) yaw=-90deg
[state_machine_node-24] [INFO] [1790646588.550710836] [state_machine_node]: 문 접근 목표 보정: door_blue_dabf0f handle_axis=(5.36, -1.81) goal_axis=(5.36, -0.71) wall_axis=(5.36, -1.81) yaw=-90deg
[state_machine_node-24] [INFO] [1790646588.566157137] [state_machine_node]: 문 접근 목표 보정: door_blue_dabf0f handle_axis=(5.36, -1.81) goal_axis=(5.36, -0.71) wall_axis=(5.36, -1.81) yaw=-90deg
[state_machine_node-24] [WARN] [1790646588.790682669] [state_machine_node]: Waiting for a fresh door-wall normal before alignment.
[door_detection_node-21] [INFO] [1790646590.054856727] [door_detection_node]: 문 후보 발행: id=door_blue_cc16bb, source=front_left, color=blue, dist=5.56m, conf=0.65, bbox=(137,70,164,167), rep_x=150, center_x=150, angle=72.4deg, center_angle=72.4deg, lidar=5.52m, visual=4.82m, goal=(9.45,0.99), handle=(10.32,1.90,1.00), handle_obs=False, handle_method=estimated, handle_conf=0.00
[state_machine_node-24] [INFO] [1790646590.057258885] [state_machine_node]: 문 접근 목표 보정: door_blue_cc16bb handle_axis=(10.32, 1.90) goal_axis=(10.32, 0.80) wall_axis=(10.32, 1.90) yaw=90deg
[state_machine_node-24] [INFO] [1790646590.881396867] [state_machine_node]: 문 접근 목표 보정: door_blue_95e8e9 handle_axis=(5.36, -1.85) goal_axis=(5.36, -0.75) wall_axis=(5.36, -1.85) yaw=-90deg
[state_machine_node-24] [INFO] [1790646590.882332602] [state_machine_node]: 문 접근 목표 보정: door_blue_95e8e9 handle_axis=(5.36, -1.85) goal_axis=(5.36, -0.75) wall_axis=(5.36, -1.85) yaw=-90deg
[state_machine_node-24] [INFO] [1790646590.900261134] [state_machine_node]: 문 접근 목표 보정: door_blue_95e8e9 handle_axis=(5.36, -1.85) goal_axis=(5.36, -0.75) wall_axis=(5.36, -1.85) yaw=-90deg
[state_machine_node-24] [WARN] [1790646591.062584731] [state_machine_node]: Waiting for a fresh door-wall normal before alignment.
[door_detection_node-21] [INFO] [1790646592.268093019] [door_detection_node]: 문 후보 발행: id=door_blue_cc16bb, source=front_left, color=blue, dist=5.52m, conf=0.65, bbox=(137,70,164,167), rep_x=150, center_x=150, angle=72.4deg, center_angle=72.4deg, lidar=5.45m, visual=4.82m, goal=(9.42,0.97), handle=(10.28,1.88,1.00), handle_obs=False, handle_method=estimated, handle_conf=0.00
[state_machine_node-24] [INFO] [1790646592.271305950] [state_machine_node]: 문 접근 목표 보정: door_blue_cc16bb handle_axis=(10.28, 1.88) goal_axis=(10.28, 0.78) wall_axis=(10.28, 1.88) yaw=90deg
[state_machine_node-24] [INFO] [1790646593.041486886] [state_machine_node]: 문 접근 목표 보정: door_blue_95e8e9 handle_axis=(5.36, -1.83) goal_axis=(5.36, -0.73) wall_axis=(5.36, -1.83) yaw=-90deg
[state_machine_node-24] [INFO] [1790646593.042512283] [state_machine_node]: 문 접근 목표 보정: door_blue_95e8e9 handle_axis=(5.36, -1.83) goal_axis=(5.36, -0.73) wall_axis=(5.36, -1.83) yaw=-90deg
[state_machine_node-24] [INFO] [1790646593.060466786] [state_machine_node]: 문 접근 목표 보정: door_blue_95e8e9 handle_axis=(5.36, -1.83) goal_axis=(5.36, -0.73) wall_axis=(5.36, -1.83) yaw=-90deg
[state_machine_node-24] [WARN] [1790646593.289293858] [state_machine_node]: Waiting for a fresh door-wall normal before alignment.
[state_machine_node-24] [INFO] [1790646593.689871168] [state_machine_node]: 문 접근 목표 보정: door_blue_cc16bb handle_axis=(10.25, 1.86) goal_axis=(10.25, 0.76) wall_axis=(10.25, 1.86) yaw=90deg
[door_detection_node-21] [INFO] [1790646594.551328638] [door_detection_node]: 문 후보 발행: id=door_blue_95e8e9, source=front_right, color=blue, dist=1.12m, conf=1.00, bbox=(39,0,254,240), rep_x=146, center_x=146, angle=-66.6deg, center_angle=-66.6deg, lidar=1.04m, visual=1.95m, goal=(6.22,-0.95), handle=(5.36,-1.85,0.85), handle_obs=True, handle_method=hsv, handle_conf=0.86
[state_machine_node-24] [INFO] [1790646594.555646186] [state_machine_node]: 문 접근 목표 보정: door_blue_95e8e9 handle_axis=(5.36, -1.85) goal_axis=(5.36, -0.75) wall_axis=(5.36, -1.85) yaw=-90deg
[state_machine_node-24] [INFO] [1790646594.557256918] [state_machine_node]: 문 접근 목표 보정: door_blue_95e8e9 handle_axis=(5.36, -1.85) goal_axis=(5.36, -0.75) wall_axis=(5.36, -1.85) yaw=-90deg
[state_machine_node-24] [INFO] [1790646594.576127628] [state_machine_node]: 문 접근 목표 보정: door_blue_95e8e9 handle_axis=(5.36, -1.85) goal_axis=(5.36, -0.75) wall_axis=(5.36, -1.85) yaw=-90deg
[state_machine_node-24] [INFO] [1790646595.221925000] [state_machine_node]: 문 접근 목표 보정: door_blue_cc16bb handle_axis=(10.31, 1.89) goal_axis=(10.31, 0.79) wall_axis=(10.31, 1.89) yaw=90deg
[state_machine_node-24] [WARN] [1790646595.509821901] [state_machine_node]: Waiting for a fresh door-wall normal before alignment.
[state_machine_node-24] [INFO] [1790646596.039713154] [state_machine_node]: 문 접근 목표 보정: door_blue_95e8e9 handle_axis=(5.35, -1.89) goal_axis=(5.35, -0.79) wall_axis=(5.35, -1.89) yaw=-90deg
[state_machine_node-24] [INFO] [1790646596.041368402] [state_machine_node]: 문 접근 목표 보정: door_blue_95e8e9 handle_axis=(5.35, -1.89) goal_axis=(5.35, -0.79) wall_axis=(5.35, -1.89) yaw=-90deg
[state_machine_node-24] [INFO] [1790646596.060296665] [state_machine_node]: 문 접근 목표 보정: door_blue_95e8e9 handle_axis=(5.35, -1.89) goal_axis=(5.35, -0.79) wall_axis=(5.35, -1.89) yaw=-90deg
[door_detection_node-21] [INFO] [1790646596.664410774] [door_detection_node]: 문 후보 발행: id=door_blue_cc16bb, source=front_left, color=blue, dist=5.50m, conf=0.65, bbox=(137,70,164,167), rep_x=150, center_x=150, angle=72.4deg, center_angle=72.4deg, lidar=5.63m, visual=4.82m, goal=(9.40,0.96), handle=(10.27,1.87,1.00), handle_obs=False, handle_method=estimated, handle_conf=0.00
[state_machine_node-24] [INFO] [1790646596.667150116] [state_machine_node]: 문 접근 목표 보정: door_blue_cc16bb handle_axis=(10.27, 1.87) goal_axis=(10.27, 0.77) wall_axis=(10.27, 1.87) yaw=90deg
[state_machine_node-24] [INFO] [1790646597.018444266] [state_machine_node]: Fine door parking translation: observed_blue_4p9_m1p9, dist=0.24m/0.17m, heading_error=149deg, cmd=(0.00, -0.25)
[state_machine_node-24] [INFO] [1790646597.558023769] [state_machine_node]: 문 접근 목표 보정: door_blue_95e8e9 handle_axis=(5.36, -1.84) goal_axis=(5.36, -0.74) wall_axis=(5.36, -1.84) yaw=-90deg
[state_machine_node-24] [INFO] [1790646597.559062571] [state_machine_node]: 문 접근 목표 보정: door_blue_95e8e9 handle_axis=(5.36, -1.84) goal_axis=(5.36, -0.74) wall_axis=(5.36, -1.84) yaw=-90deg
[state_machine_node-24] [INFO] [1790646597.576851037] [state_machine_node]: 문 접근 목표 보정: door_blue_95e8e9 handle_axis=(5.36, -1.84) goal_axis=(5.36, -0.74) wall_axis=(5.36, -1.84) yaw=-90deg
[state_machine_node-24] [INFO] [1790646597.865257147] [state_machine_node]: Fine door parking translation: observed_blue_4p9_m1p9, dist=0.23m/0.17m, heading_error=146deg, cmd=(0.00, -0.25)
[door_detection_node-21] [INFO] [1790646598.262782550] [door_detection_node]: 문 후보 발행: id=door_blue_cc16bb, source=front_left, color=blue, dist=5.73m, conf=0.63, bbox=(125,71,150,168), rep_x=137, center_x=137, angle=75.6deg, center_angle=75.6deg, lidar=6.20m, visual=4.82m, goal=(9.56,1.11), handle=(10.47,1.96,1.00), handle_obs=True, handle_method=estimated, handle_conf=0.00
[state_machine_node-24] [INFO] [1790646598.265931392] [state_machine_node]: 문 접근 목표 보정: door_blue_cc16bb handle_axis=(10.47, 1.96) goal_axis=(10.47, 0.86) wall_axis=(10.47, 1.96) yaw=90deg
[door_detection_node-21] [INFO] [1790646598.717156121] [door_detection_node]: HSV candidate rejected: color=blue, edge-clipped bbox=(0,0,215,240), width_ratio=0.67
[door_detection_node-21] [INFO] [1790646599.246536365] [door_detection_node]: YOLO 후보 제외: source=front, edge-clipped bbox=(0,1,45,239)
[state_machine_node-24] [INFO] [1790646599.395605267] [state_machine_node]: Fine door parking translation: observed_blue_4p9_m1p9, dist=0.24m/0.17m, heading_error=135deg, cmd=(0.00, -0.25)
[door_detection_node-21] [INFO] [1790646600.045350523] [door_detection_node]: 문 후보 발행: id=door_blue_cc16bb, source=front_left, color=blue, dist=5.66m, conf=0.58, bbox=(81,69,107,171), rep_x=94, center_x=94, angle=85.8deg, center_angle=85.8deg, lidar=6.31m, visual=4.59m, goal=(9.39,1.21), handle=(10.44,1.88,1.00), handle_obs=True, handle_method=estimated, handle_conf=0.00
[state_machine_node-24] [INFO] [1790646600.048288163] [state_machine_node]: 문 접근 목표 보정: door_blue_cc16bb handle_axis=(10.44, 1.88) goal_axis=(10.44, 0.78) wall_axis=(10.44, 1.88) yaw=90deg
[state_machine_node-24] [INFO] [1790646600.944460642] [state_machine_node]: Fine door parking translation: observed_blue_4p9_m1p9, dist=0.24m/0.17m, heading_error=127deg, cmd=(0.00, -0.25)
[state_machine_node-24] [INFO] [1790646600.948046582] [state_machine_node]: 문 접근 목표 보정: door_blue_95e8e9 handle_axis=(5.29, -1.85) goal_axis=(5.29, -0.75) wall_axis=(5.29, -1.85) yaw=-90deg
[state_machine_node-24] [INFO] [1790646600.949505930] [state_machine_node]: 문 접근 목표 보정: door_blue_95e8e9 handle_axis=(5.29, -1.85) goal_axis=(5.29, -0.75) wall_axis=(5.29, -1.85) yaw=-90deg
[state_machine_node-24] [INFO] [1790646600.970764683] [state_machine_node]: 문 접근 목표 보정: door_blue_95e8e9 handle_axis=(5.29, -1.85) goal_axis=(5.29, -0.75) wall_axis=(5.29, -1.85) yaw=-90deg
[door_detection_node-21] [INFO] [1790646601.607816557] [door_detection_node]: 문 후보 발행: id=door_blue_f50f29, source=front_left, color=blue, dist=5.54m, conf=0.66, bbox=(33,65,62,173), rep_x=47, center_x=47, angle=95.8deg, center_angle=95.8deg, lidar=6.29m, visual=4.33m, goal=(9.15,1.40), handle=(10.30,1.89,1.00), handle_obs=True, handle_method=estimated, handle_conf=0.00
[state_machine_node-24] [INFO] [1790646601.615240580] [state_machine_node]: 문 접근 목표 보정: door_blue_f50f29 handle_axis=(10.30, 1.89) goal_axis=(10.30, 0.79) wall_axis=(10.30, 1.89) yaw=90deg
[planner_server-15] [INFO] [1790646601.718006800] [global_costmap.global_costmap]: StaticLayer: Resizing static layer to 301 X 86 at 0.050000 m/pix
[state_machine_node-24] [WARN] [1790646602.486230339] [state_machine_node]: Fine door approach near-target stall: observed_blue_4p9_m1p9, dist=0.27m, lateral=-0.25m, forward=-0.11m, yaw_error=17deg. Retrying after a fresh scan instead of creeping in place.
[state_machine_node-24] [INFO] [1790646602.487128691] [state_machine_node]: 문 앞 정렬 재접근: observed_blue_4p9_m1p9 (1/2)
[state_machine_node-24] [INFO] [1790646602.488514729] [state_machine_node]: 문 접근 목표 보정: observed_blue_4p9_m1p9 handle_axis=(5.21, -1.83) goal_axis=(5.21, -0.73) wall_axis=(5.21, -1.83) yaw=-90deg
[navigation_node-22] [INFO] [1790646602.491392111] [navigation_node]: Navigation goal received: door observed_blue_4p9_m1p9 (color=blue, frame=map, x=5.21, y=-0.73)
[bt_navigator-17] [INFO] [1790646602.585152842] [bt_navigator]: Begin navigating from current location (5.48, -0.78) to (5.21, -0.73)
[navigation_node-22] [INFO] [1790646602.586978278] [navigation_node]: Navigation goal accepted by Nav2
[state_machine_node-24] [INFO] [1790646602.677150914] [state_machine_node]: 문 접근 목표 보정: door_blue_348b98 handle_axis=(4.88, -1.79) goal_axis=(4.88, -0.69) wall_axis=(4.88, -1.79) yaw=-90deg
[state_machine_node-24] [INFO] [1790646602.678147175] [state_machine_node]: 문 접근 목표 보정: door_blue_348b98 handle_axis=(4.88, -1.79) goal_axis=(4.88, -0.69) wall_axis=(4.88, -1.79) yaw=-90deg
[state_machine_node-24] [WARN] [1790646602.679001336] [state_machine_node]: Locked blue target refined from newer observation: observed_blue_4p9_m1p9 -> observed_blue_4p9_m1p9, goal shift=0.34m, identity=(5.01,-1.84) -> (4.88,-1.79)
[navigation_node-22] [INFO] [1790646602.680165931] [navigation_node]: Navigation goal received: door observed_blue_4p9_m1p9 (color=blue, frame=map, x=4.88, y=-0.69)
[navigation_node-22] [WARN] [1790646602.680618165] [navigation_node]: Already navigating. Preempting current goal without an explicit stop before retargeting to: observed_blue_4p9_m1p9
[navigation_node-22] [INFO] [1790646602.776167567] [navigation_node]: Navigation goal accepted by Nav2
[controller_server-13] [INFO] [1790646602.786160800] [controller_server]: Received a goal, begin computing control effort.
[bt_navigator-17] [INFO] [1790646602.786240950] [bt_navigator]: Received goal preemption request
[bt_navigator-17] [INFO] [1790646602.786463577] [bt_navigator]: Begin navigating from current location (5.47, -0.78) to (4.88, -0.69)
[controller_server-13] [INFO] [1790646604.161616300] [controller_server]: Passing new path to controller.
[door_detection_node-21] [INFO] [1790646604.716867109] [door_detection_node]: 문 후보 발행: id=door_blue_2cc0cd, source=front, color=blue, dist=1.12m, conf=1.00, bbox=(88,0,302,240), rep_x=195, center_x=195, angle=-8.5deg, center_angle=-8.5deg, lidar=1.25m, visual=1.95m, goal=(5.34,-1.12), handle=(5.29,-1.91,0.85), handle_obs=True, handle_method=hsv, handle_conf=0.76
[state_machine_node-24] [INFO] [1790646604.719575580] [state_machine_node]: 문 접근 목표 보정: door_blue_2cc0cd handle_axis=(5.29, -1.91) goal_axis=(5.29, -0.81) wall_axis=(5.29, -1.91) yaw=-90deg
[state_machine_node-24] [INFO] [1790646604.720431926] [state_machine_node]: 문 접근 목표 보정: door_blue_2cc0cd handle_axis=(5.29, -1.91) goal_axis=(5.29, -0.81) wall_axis=(5.29, -1.91) yaw=-90deg
[controller_server-13] [INFO] [1790646605.411601009] [controller_server]: Passing new path to controller.
[door_detection_node-21] [INFO] [1790646606.512123967] [door_detection_node]: 문 후보 발행: id=door_blue_911927, source=front, color=blue, dist=1.12m, conf=1.00, bbox=(0,0,140,240), rep_x=70, center_x=70, angle=21.0deg, center_angle=21.0deg, lidar=1.24m, visual=1.95m, goal=(4.19,-0.88), handle=(4.99,-1.84,1.00), handle_obs=True, handle_method=estimated, handle_conf=0.00
[state_machine_node-24] [INFO] [1790646606.515355671] [state_machine_node]: 문 접근 목표 보정: door_blue_911927 handle_axis=(4.99, -1.84) goal_axis=(4.99, -0.74) wall_axis=(4.99, -1.84) yaw=-90deg
[state_machine_node-24] [INFO] [1790646606.516737745] [state_machine_node]: 문 접근 목표 보정: door_blue_911927 handle_axis=(4.99, -1.84) goal_axis=(4.99, -0.74) wall_axis=(4.99, -1.84) yaw=-90deg
[controller_server-13] [INFO] [1790646606.786608516] [controller_server]: Passing new path to controller.
[state_machine_node-24] [INFO] [1790646607.209178344] [state_machine_node]: 문 접근 목표 보정: door_blue_ae6d73 handle_axis=(5.21, -1.87) goal_axis=(5.21, -0.77) wall_axis=(5.21, -1.87) yaw=-90deg
[state_machine_node-24] [INFO] [1790646607.210125710] [state_machine_node]: 문 접근 목표 보정: door_blue_ae6d73 handle_axis=(5.21, -1.87) goal_axis=(5.21, -0.77) wall_axis=(5.21, -1.87) yaw=-90deg
[state_machine_node-24] [WARN] [1790646607.210595442] [state_machine_node]: Locked blue target refined from newer observation: observed_blue_4p9_m1p9 -> observed_blue_4p9_m1p9, goal shift=0.35m, identity=(4.88,-1.79) -> (5.21,-1.87)
[navigation_node-22] [INFO] [1790646607.211798387] [navigation_node]: Navigation goal received: door observed_blue_4p9_m1p9 (color=blue, frame=map, x=5.21, y=-0.77)
[navigation_node-22] [WARN] [1790646607.212307705] [navigation_node]: Already navigating. Preempting current goal without an explicit stop before retargeting to: observed_blue_4p9_m1p9
[navigation_node-22] [INFO] [1790646607.304242665] [navigation_node]: Navigation goal accepted by Nav2
[bt_navigator-17] [INFO] [1790646607.385449931] [bt_navigator]: Received goal preemption request
[bt_navigator-17] [INFO] [1790646607.386016270] [bt_navigator]: Begin navigating from current location (5.42, -0.93) to (5.21, -0.77)
[state_machine_node-24] [INFO] [1790646607.854666900] [state_machine_node]: Nav2 goal is close enough for fine door alignment: observed_blue_4p9_m1p9, dist=0.25m/0.38m, lateral=-0.21m/0.24m, yaw_error=80deg.
[state_machine_node-24] [INFO] [1790646607.855401043] [state_machine_node]: Nav2 goal cancellation requested before door fine alignment.
[navigation_node-22] [INFO] [1790646607.855745103] [navigation_node]: Navigation cancellation requested for manual control handoff.
[state_machine_node-24] [INFO] [1790646607.904777604] [state_machine_node]: Fine door approach started: observed_blue_4p9_m1p9, dist=0.25m, lateral=-0.21m, forward=0.14m, yaw_error=80deg
[state_machine_node-24] [INFO] [1790646607.905768310] [state_machine_node]: Fine door parking translation: observed_blue_4p9_m1p9, dist=0.25m/0.17m, heading_error=57deg, cmd=(0.00, -0.25)
[bt_navigator-17] [ERROR] [1790646607.906194369] [bt_navigator_navigate_to_pose_rclcpp_node]: Failed to get result for follow_path in node halt!
[bt_navigator-17] [INFO] [1790646607.906382414] [bt_navigator]: [navigate_to_pose] [ActionServer] Client requested to cancel the goal. Cancelling.
[bt_navigator-17] [INFO] [1790646607.906879950] [bt_navigator]: Goal canceled
[controller_server-13] [INFO] [1790646607.911633235] [controller_server]: Goal was canceled. Stopping the robot.
[controller_server-13] [INFO] [1790646607.911752762] [controller_server]: [follow_path] [ActionServer] Client requested to cancel the goal. Cancelling.
[door_detection_node-21] [INFO] [1790646608.389125337] [door_detection_node]: HSV candidate rejected: color=blue, edge-clipped bbox=(0,0,250,240), width_ratio=0.78
[state_machine_node-24] [INFO] [1790646609.413492001] [state_machine_node]: Fine door parking translation: observed_blue_4p9_m1p9, dist=0.27m/0.17m, heading_error=50deg, cmd=(0.00, -0.25)
[state_machine_node-24] [INFO] [1790646610.960645097] [state_machine_node]: Fine door parking translation: observed_blue_4p9_m1p9, dist=0.28m/0.17m, heading_error=42deg, cmd=(0.00, -0.25)
[door_detection_node-21] [INFO] [1790646612.028953713] [door_detection_node]: 문 후보 발행: id=door_blue_0d9a80, source=front_left, color=blue, dist=0.98m, conf=1.00, bbox=(0,0,120,240), rep_x=60, center_x=60, angle=93.1deg, center_angle=93.1deg, lidar=0.95m, visual=1.95m, goal=(5.52,-0.80), handle=(5.00,-1.94,1.00), handle_obs=False, handle_method=estimated, handle_conf=0.00
[state_machine_node-24] [INFO] [1790646612.032952593] [state_machine_node]: 문 접근 목표 보정: door_blue_0d9a80 handle_axis=(5.00, -1.94) goal_axis=(5.00, -0.84) wall_axis=(5.00, -1.94) yaw=-90deg
[state_machine_node-24] [INFO] [1790646612.034215343] [state_machine_node]: 문 접근 목표 보정: door_blue_0d9a80 handle_axis=(5.00, -1.94) goal_axis=(5.00, -0.84) wall_axis=(5.00, -1.94) yaw=-90deg
[state_machine_node-24] [INFO] [1790646612.049375473] [state_machine_node]: 문 접근 목표 보정: door_blue_0d9a80 handle_axis=(5.00, -1.94) goal_axis=(5.00, -0.84) wall_axis=(5.00, -1.94) yaw=-90deg
[state_machine_node-24] [INFO] [1790646612.538323775] [state_machine_node]: Fine door parking translation: observed_blue_4p9_m1p9, dist=0.29m/0.17m, heading_error=34deg, cmd=(0.00, -0.25)
[door_detection_node-21] [INFO] [1790646613.686044811] [door_detection_node]: 문 후보 발행: id=door_blue_0d9a80, source=front_left, color=blue, dist=1.02m, conf=1.00, bbox=(0,0,69,240), rep_x=34, center_x=34, angle=98.3deg, center_angle=98.3deg, lidar=1.02m, visual=1.95m, goal=(5.62,-0.92), handle=(4.91,-1.95,1.00), handle_obs=False, handle_method=estimated, handle_conf=0.00
[state_machine_node-24] [INFO] [1790646613.689592510] [state_machine_node]: 문 접근 목표 보정: door_blue_0d9a80 handle_axis=(4.91, -1.95) goal_axis=(4.91, -0.85) wall_axis=(4.91, -1.95) yaw=-90deg
[state_machine_node-24] [INFO] [1790646613.690769949] [state_machine_node]: 문 접근 목표 보정: door_blue_0d9a80 handle_axis=(4.91, -1.95) goal_axis=(4.91, -0.85) wall_axis=(4.91, -1.95) yaw=-90deg
[state_machine_node-24] [INFO] [1790646613.711156605] [state_machine_node]: 문 접근 목표 보정: door_blue_0d9a80 handle_axis=(4.91, -1.95) goal_axis=(4.91, -0.85) wall_axis=(4.91, -1.95) yaw=-90deg
[state_machine_node-24] [INFO] [1790646614.097309428] [state_machine_node]: Fine door parking translation: observed_blue_4p9_m1p9, dist=0.28m/0.17m, heading_error=33deg, cmd=(0.00, -0.25)
[state_machine_node-24] [INFO] [1790646615.620197331] [state_machine_node]: Fine door parking translation: observed_blue_4p9_m1p9, dist=0.25m/0.17m, heading_error=28deg, cmd=(0.07, -0.14)
[state_machine_node-24] [INFO] [1790646617.158005374] [state_machine_node]: Fine door parking translation: observed_blue_4p9_m1p9, dist=0.22m/0.17m, heading_error=23deg, cmd=(0.07, -0.14)
[door_detection_node-21] [INFO] [1790646617.695655255] [door_detection_node]: Side camera LiDAR range looks occluded; using visual range instead (source=front_right, lidar=0.91m, visual=4.50m)
[door_detection_node-21] [INFO] [1790646618.010420995] [door_detection_node]: 문 후보 발행: id=door_blue_622815, source=front_right, color=blue, dist=4.50m, conf=0.54, bbox=(289,65,319,169), rep_x=304, center_x=304, angle=-101.6deg, center_angle=-101.6deg, lidar=0.90m, visual=4.50m, goal=(8.32,0.23), handle=(9.31,1.00,1.00), handle_obs=True, handle_method=estimated, handle_conf=0.00
[state_machine_node-24] [INFO] [1790646618.013830749] [state_machine_node]: Direct blue target door_blue_622815 will use stable wall-memory handle at (9.1, 1.3); progress_gap=0.20m, dist=0.40m, count=9, conf=0.71.
[state_machine_node-24] [INFO] [1790646618.014641105] [state_machine_node]: 문 접근 목표 보정: door_blue_622815 handle_axis=(9.11, 1.35) goal_axis=(9.11, 0.25) wall_axis=(9.11, 1.35) yaw=90deg
[state_machine_node-24] [INFO] [1790646618.683317144] [state_machine_node]: Fine door final yaw alignment: observed_blue_4p9_m1p9, dist=0.16m/0.17m, yaw_error=144deg, cmd=(0.00, 0.25)
[door_detection_node-21] [INFO] [1790646619.209015636] [door_detection_node]: Side camera visual fallback rejected (source=front_right, lidar=0.96m, visual=4.68m > 4.50m)
[state_machine_node-24] [INFO] [1790646620.211087288] [state_machine_node]: Fine door final yaw alignment: observed_blue_4p9_m1p9, dist=0.15m/0.17m, yaw_error=134deg, cmd=(0.00, 0.25)
[state_machine_node-24] [INFO] [1790646621.775054540] [state_machine_node]: Fine door final yaw alignment: observed_blue_4p9_m1p9, dist=0.15m/0.17m, yaw_error=125deg, cmd=(0.00, 0.25)
[state_machine_node-24] [INFO] [1790646623.323789534] [state_machine_node]: Fine door final yaw alignment: observed_blue_4p9_m1p9, dist=0.15m/0.17m, yaw_error=118deg, cmd=(0.00, 0.25)
[door_detection_node-21] [INFO] [1790646623.796332248] [door_detection_node]: 문 후보 발행: id=door_blue_0d9a80, source=front_left, color=blue, dist=1.01m, conf=1.00, bbox=(0,0,34,240), rep_x=17, center_x=17, angle=101.4deg, center_angle=101.4deg, lidar=1.03m, visual=1.95m, goal=(5.51,-0.78), handle=(4.94,-1.89,1.00), handle_obs=False, handle_method=estimated, handle_conf=0.00
[state_machine_node-24] [INFO] [1790646623.799657768] [state_machine_node]: 문 접근 목표 보정: door_blue_0d9a80 handle_axis=(4.94, -1.89) goal_axis=(4.94, -0.79) wall_axis=(4.94, -1.89) yaw=-90deg
[state_machine_node-24] [INFO] [1790646623.801720437] [state_machine_node]: 문 접근 목표 보정: door_blue_0d9a80 handle_axis=(4.94, -1.89) goal_axis=(4.94, -0.79) wall_axis=(4.94, -1.89) yaw=-90deg
[state_machine_node-24] [INFO] [1790646623.821199139] [state_machine_node]: 문 접근 목표 보정: door_blue_0d9a80 handle_axis=(4.94, -1.89) goal_axis=(4.94, -0.79) wall_axis=(4.94, -1.89) yaw=-90deg
[state_machine_node-24] [INFO] [1790646624.890916902] [state_machine_node]: Fine door final yaw alignment: observed_blue_4p9_m1p9, dist=0.14m/0.17m, yaw_error=106deg, cmd=(0.00, 0.25)
[door_detection_node-21] [INFO] [1790646625.390452135] [door_detection_node]: 문 후보 발행: id=door_blue_0d9a80, source=front_left, color=blue, dist=1.05m, conf=1.00, bbox=(0,0,90,240), rep_x=45, center_x=45, angle=96.2deg, center_angle=96.2deg, lidar=1.04m, visual=1.95m, goal=(5.38,-0.75), handle=(5.00,-1.94,1.00), handle_obs=False, handle_method=estimated, handle_conf=0.00
[state_machine_node-24] [INFO] [1790646625.393530359] [state_machine_node]: 문 접근 목표 보정: door_blue_0d9a80 handle_axis=(5.00, -1.94) goal_axis=(5.00, -0.84) wall_axis=(5.00, -1.94) yaw=-90deg
[state_machine_node-24] [INFO] [1790646625.394868475] [state_machine_node]: 문 접근 목표 보정: door_blue_0d9a80 handle_axis=(5.00, -1.94) goal_axis=(5.00, -0.84) wall_axis=(5.00, -1.94) yaw=-90deg
[state_machine_node-24] [INFO] [1790646625.412311268] [state_machine_node]: 문 접근 목표 보정: door_blue_0d9a80 handle_axis=(5.00, -1.94) goal_axis=(5.00, -0.84) wall_axis=(5.00, -1.94) yaw=-90deg
[state_machine_node-24] [INFO] [1790646626.458969768] [state_machine_node]: Fine door final yaw alignment: observed_blue_4p9_m1p9, dist=0.12m/0.17m, yaw_error=93deg, cmd=(0.00, 0.25)
[door_detection_node-21] [INFO] [1790646627.322570785] [door_detection_node]: 문 후보 발행: id=door_blue_0d9a80, source=front_left, color=blue, dist=1.02m, conf=1.00, bbox=(0,0,157,240), rep_x=78, center_x=78, angle=89.3deg, center_angle=89.3deg, lidar=1.02m, visual=1.95m, goal=(5.22,-0.64), handle=(5.09,-1.88,1.00), handle_obs=False, handle_method=estimated, handle_conf=0.00
[state_machine_node-24] [INFO] [1790646627.325770867] [state_machine_node]: 문 접근 목표 보정: door_blue_0d9a80 handle_axis=(5.09, -1.88) goal_axis=(5.09, -0.78) wall_axis=(5.09, -1.88) yaw=-90deg
[state_machine_node-24] [INFO] [1790646627.326972050] [state_machine_node]: 문 접근 목표 보정: door_blue_0d9a80 handle_axis=(5.09, -1.88) goal_axis=(5.09, -0.78) wall_axis=(5.09, -1.88) yaw=-90deg
[state_machine_node-24] [INFO] [1790646627.340742845] [state_machine_node]: 문 접근 목표 보정: door_blue_0d9a80 handle_axis=(5.09, -1.88) goal_axis=(5.09, -0.78) wall_axis=(5.09, -1.88) yaw=-90deg
[state_machine_node-24] [INFO] [1790646627.989356499] [state_machine_node]: Fine door final yaw alignment: observed_blue_4p9_m1p9, dist=0.10m/0.17m, yaw_error=84deg, cmd=(0.00, 0.25)
[door_detection_node-21] [INFO] [1790646628.707513255] [door_detection_node]: HSV candidate rejected: color=blue, edge-clipped bbox=(0,0,232,240), width_ratio=0.72
[state_machine_node-24] [INFO] [1790646629.550104962] [state_machine_node]: Fine door final yaw alignment: observed_blue_4p9_m1p9, dist=0.06m/0.17m, yaw_error=72deg, cmd=(0.00, 0.25)
[door_detection_node-21] [INFO] [1790646630.735691025] [door_detection_node]: 문 후보 발행: id=door_blue_4a310c, source=front_left, color=blue, dist=1.09m, conf=1.00, bbox=(57,0,312,240), rep_x=184, center_x=184, angle=64.1deg, center_angle=64.1deg, lidar=1.03m, visual=1.95m, goal=(5.13,-0.69), handle=(5.61,-1.85,0.83), handle_obs=True, handle_method=yolo:primary:item, handle_conf=0.75
[state_machine_node-24] [INFO] [1790646630.738570880] [state_machine_node]: 문 접근 목표 보정: door_blue_4a310c handle_axis=(5.61, -1.85) goal_axis=(5.61, -0.75) wall_axis=(5.61, -1.85) yaw=-90deg
[state_machine_node-24] [INFO] [1790646630.739612722] [state_machine_node]: 파란 문 후보 door_blue_4a310c 제외: 최근 관찰된 빨간 문 위치 (7.6, -1.8)와 겹칩니다.
[state_machine_node-24] [INFO] [1790646630.740905523] [state_machine_node]: 문 접근 목표 보정: door_blue_4a310c handle_axis=(5.61, -1.85) goal_axis=(5.61, -0.75) wall_axis=(5.61, -1.85) yaw=-90deg
[state_machine_node-24] [INFO] [1790646630.759396809] [state_machine_node]: 문 접근 목표 보정: door_blue_4a310c handle_axis=(5.61, -1.85) goal_axis=(5.61, -0.75) wall_axis=(5.61, -1.85) yaw=-90deg
[state_machine_node-24] [WARN] [1790646630.760148984] [state_machine_node]: Close door-front observation moved observed_blue_4p9_m1p9 by 0.40m; returning to Nav2 before final alignment.
[state_machine_node-24] [WARN] [1790646630.760675152] [state_machine_node]: Locked blue target refined from newer observation: observed_blue_4p9_m1p9 -> observed_blue_4p9_m1p9, goal shift=0.40m, identity=(5.21,-1.87) -> (5.15,-1.92)
[navigation_node-22] [INFO] [1790646630.762291725] [navigation_node]: Navigation goal received: door observed_blue_4p9_m1p9 (color=blue, frame=map, x=5.61, y=-0.75)
[navigation_node-22] [WARN] [1790646630.848740471] [navigation_node]: Relaxed blue-door staging constraints to keep Nav2 goal in connected free space before the FSM performs fine alignment.
[navigation_node-22] [WARN] [1790646630.849737953] [navigation_node]: Adjusted unreachable/occupied navigation goal from (5.61, -0.75, cost=77) to connected free cell (5.63, -1.02, cost=0)
[bt_navigator-17] [INFO] [1790646630.901463753] [bt_navigator]: Begin navigating from current location (5.23, -0.81) to (5.63, -1.02)
[navigation_node-22] [INFO] [1790646630.904494696] [navigation_node]: Navigation goal accepted by Nav2
[controller_server-13] [INFO] [1790646631.102492400] [controller_server]: Received a goal, begin computing control effort.
[door_detection_node-21] [INFO] [1790646632.088255458] [door_detection_node]: HSV candidate rejected: color=blue, edge-clipped bbox=(118,0,320,240), width_ratio=0.63
[controller_server-13] [INFO] [1790646632.478117878] [controller_server]: Passing new path to controller.
[door_detection_node-21] [INFO] [1790646632.961628443] [door_detection_node]: 문 후보 발행: id=door_blue_911927, source=front, color=blue, dist=1.17m, conf=1.00, bbox=(0,0,52,240), rep_x=26, center_x=26, angle=29.8deg, center_angle=29.8deg, lidar=1.14m, visual=1.95m, goal=(4.02,-1.03), handle=(4.89,-1.93,1.00), handle_obs=False, handle_method=estimated, handle_conf=0.00
[controller_server-13] [INFO] [1790646633.728106587] [controller_server]: Passing new path to controller.
[door_detection_node-21] [INFO] [1790646634.434417874] [door_detection_node]: Side camera LiDAR range looks too long for the visible door; using visual range (source=front_left, lidar=3.18m, visual=2.33m)
[controller_server-13] [INFO] [1790646635.103115699] [controller_server]: Passing new path to controller.
[door_detection_node-21] [INFO] [1790646635.541085906] [door_detection_node]: HSV candidate rejected: color=blue, edge-clipped bbox=(129,0,320,240), width_ratio=0.60
[door_detection_node-21] [INFO] [1790646636.032602972] [door_detection_node]: Side camera LiDAR range looks occluded; using visual range instead (source=front_left, lidar=1.27m, visual=4.37m)
[controller_server-13] [INFO] [1790646636.228083919] [controller_server]: Passing new path to controller.
[door_detection_node-21] [INFO] [1790646636.387638590] [door_detection_node]: 문 후보 발행: id=door_blue_f50f29, source=front_left, color=blue, dist=4.37m, conf=0.53, bbox=(37,67,67,174), rep_x=52, center_x=52, angle=94.8deg, center_angle=94.8deg, lidar=1.10m, visual=4.37m, goal=(7.65,0.96), handle=(8.74,1.58,1.00), handle_obs=True, handle_method=estimated, handle_conf=0.00
[controller_server-13] [INFO] [1790646637.603106050] [controller_server]: Passing new path to controller.
[door_detection_node-21] [INFO] [1790646638.177859311] [door_detection_node]: 문 후보 발행: id=door_blue_cc16bb, source=front_left, color=blue, dist=5.69m, conf=0.69, bbox=(146,75,171,165), rep_x=158, center_x=158, angle=70.5deg, center_angle=70.5deg, lidar=1.29m, visual=5.20m, goal=(9.15,1.15), handle=(9.92,2.13,1.00), handle_obs=False, handle_method=estimated, handle_conf=0.00
[door_detection_node-21] [INFO] [1790646638.639062063] [door_detection_node]: HSV candidate rejected: color=blue, edge-clipped bbox=(0,0,288,240), width_ratio=0.90
[controller_server-13] [INFO] [1790646638.853099557] [controller_server]: Passing new path to controller.
[door_detection_node-21] [INFO] [1790646640.023321006] [door_detection_node]: 문 후보 발행: id=door_blue_9800cb, source=front_left, color=blue, dist=5.85m, conf=0.56, bbox=(212,72,236,165), rep_x=224, center_x=224, angle=54.7deg, center_angle=54.7deg, lidar=5.54m, visual=5.03m, goal=(9.71,0.94), handle=(10.19,2.10,1.00), handle_obs=False, handle_method=estimated, handle_conf=0.00
[controller_server-13] [INFO] [1790646640.103077146] [controller_server]: Passing new path to controller.
[controller_server-13] [INFO] [1790646641.478073552] [controller_server]: Passing new path to controller.
[door_detection_node-21] [INFO] [1790646642.152301503] [door_detection_node]: 문 후보 발행: id=door_blue_4622c4, source=front_left, color=blue, dist=5.86m, conf=0.70, bbox=(259,68,286,168), rep_x=272, center_x=272, angle=44.4deg, center_angle=44.4deg, lidar=5.70m, visual=4.68m, goal=(10.07,0.77), handle=(10.36,1.98,1.00), handle_obs=True, handle_method=estimated, handle_conf=0.00
[controller_server-13] [INFO] [1790646642.728082847] [controller_server]: Passing new path to controller.
[navigation_node-22] [WARN] [1790646643.303607567] [navigation_node]: Robot is 0.18m from blue goal (threshold=0.18m). Treating navigation as succeeded.
[state_machine_node-24] [INFO] [1790646643.305351619] [state_machine_node]: Navigation succeeded.
[bt_navigator-17] [ERROR] [1790646643.423332916] [bt_navigator_navigate_to_pose_rclcpp_node]: Failed to get result for follow_path in node halt!
[bt_navigator-17] [INFO] [1790646643.423523267] [bt_navigator]: [navigate_to_pose] [ActionServer] Client requested to cancel the goal. Cancelling.
[bt_navigator-17] [INFO] [1790646643.423768788] [bt_navigator]: Goal canceled
[controller_server-13] [INFO] [1790646643.478115949] [controller_server]: Goal was canceled. Stopping the robot.
[controller_server-13] [INFO] [1790646643.478193253] [controller_server]: [follow_path] [ActionServer] Client requested to cancel the goal. Cancelling.
[state_machine_node-24] [WARN] [1790646643.713772011] [state_machine_node]: Nav result [nav_success] is close enough for door fine alignment: observed_blue_4p9_m1p9, dist=0.36/1.10m, lateral=0.33/0.75m, forward=0.14m, yaw_error=89deg.
[state_machine_node-24] [INFO] [1790646643.751353533] [state_machine_node]: Fine door approach started: observed_blue_4p9_m1p9, dist=0.36m, lateral=0.33m, forward=0.14m, yaw_error=89deg
[state_machine_node-24] [INFO] [1790646643.752548694] [state_machine_node]: Fine door parking translation: observed_blue_4p9_m1p9, dist=0.36m/0.17m, heading_error=68deg, cmd=(0.00, 0.25)
[planner_server-15] [INFO] [1790646644.717918924] [global_costmap.global_costmap]: StaticLayer: Resizing static layer to 303 X 86 at 0.050000 m/pix
[door_detection_node-21] [INFO] [1790646644.997520429] [door_detection_node]: Front lateral LiDAR range looks too long for the visible door; using visual range (lidar=5.38m, visual=4.22m)
[state_machine_node-24] [INFO] [1790646645.294028032] [state_machine_node]: Fine door parking translation: observed_blue_4p9_m1p9, dist=0.38m/0.17m, heading_error=57deg, cmd=(0.00, 0.25)
[door_detection_node-21] [INFO] [1790646645.362375573] [door_detection_node]: 문 후보 발행: id=door_blue_a53092, source=front, color=blue, dist=4.22m, conf=0.70, bbox=(13,64,47,175), rep_x=30, center_x=30, angle=29.1deg, center_angle=29.1deg, lidar=5.02m, visual=4.22m, goal=(9.08,-0.01), handle=(8.98,1.24,1.00), handle_obs=True, handle_method=estimated, handle_conf=0.00
[door_detection_node-21] [INFO] [1790646646.360945017] [door_detection_node]: YOLO 후보 제외: source=front, edge-clipped bbox=(284,0,319,240)
[state_machine_node-24] [INFO] [1790646646.877448708] [state_machine_node]: Fine door parking translation: observed_blue_4p9_m1p9, dist=0.41m/0.17m, heading_error=45deg, cmd=(0.00, 0.25)
[door_detection_node-21] [INFO] [1790646647.909223547] [door_detection_node]: 문 후보 발행: id=door_blue_c8a91a, source=front, color=blue, dist=5.40m, conf=0.69, bbox=(105,72,132,167), rep_x=118, center_x=118, angle=10.2deg, center_angle=10.2deg, lidar=5.20m, visual=4.93m, goal=(10.44,0.76), handle=(9.93,1.91,1.00), handle_obs=True, handle_method=estimated, handle_conf=0.00
[state_machine_node-24] [INFO] [1790646648.450776633] [state_machine_node]: Fine door parking translation: observed_blue_4p9_m1p9, dist=0.41m/0.17m, heading_error=39deg, cmd=(0.00, 0.25)
[door_detection_node-21] [INFO] [1790646649.814789731] [door_detection_node]: 문 후보 발행: id=door_blue_6622f5, source=front, color=blue, dist=5.46m, conf=0.70, bbox=(154,73,179,166), rep_x=166, center_x=166, angle=-1.5deg, center_angle=-1.5deg, lidar=5.14m, visual=5.03m, goal=(8.71,1.12), handle=(9.94,1.98,1.00), handle_obs=True, handle_method=estimated, handle_conf=0.00
[state_machine_node-24] [INFO] [1790646650.051898216] [state_machine_node]: Fine door parking translation: observed_blue_4p9_m1p9, dist=0.44m/0.17m, heading_error=28deg, cmd=(0.00, 0.25)
[door_detection_node-21] [INFO] [1790646651.559828944] [door_detection_node]: 문 후보 발행: id=door_blue_6622f5, source=front, color=blue, dist=5.55m, conf=0.68, bbox=(197,73,222,165), rep_x=209, center_x=209, angle=-11.8deg, center_angle=-11.8deg, lidar=5.36m, visual=5.09m, goal=(9.17,2.82), handle=(10.07,1.95,1.00), handle_obs=True, handle_method=estimated, handle_conf=0.00
[state_machine_node-24] [WARN] [1790646651.631113089] [state_machine_node]: Waiting for a fresh door-wall normal before alignment.
[door_detection_node-21] [INFO] [1790646653.422015970] [door_detection_node]: 문 후보 발행: id=door_blue_6622f5, source=front, color=blue, dist=5.58m, conf=0.49, bbox=(206,71,235,165), rep_x=220, center_x=220, angle=-14.4deg, center_angle=-14.4deg, lidar=5.68m, visual=4.98m, goal=(9.31,2.70), handle=(10.22,1.84,1.00), handle_obs=True, handle_method=estimated, handle_conf=0.00
[state_machine_node-24] [WARN] [1790646653.941110542] [state_machine_node]: Waiting for a fresh door-wall normal before alignment.
[door_detection_node-21] [INFO] [1790646656.168708218] [door_detection_node]: 문 후보 발행: id=door_blue_6622f5, source=front, color=blue, dist=5.58m, conf=0.49, bbox=(206,71,235,165), rep_x=220, center_x=220, angle=-14.4deg, center_angle=-14.4deg, lidar=5.62m, visual=4.98m, goal=(9.30,2.70), handle=(10.21,1.84,1.00), handle_obs=True, handle_method=estimated, handle_conf=0.00
[state_machine_node-24] [WARN] [1790646656.223523979] [state_machine_node]: Waiting for a fresh door-wall normal before alignment.
[state_machine_node-24] [INFO] [1790646657.000288353] [state_machine_node]: Fine door parking translation: observed_blue_4p9_m1p9, dist=0.40m/0.17m, heading_error=25deg, cmd=(0.07, 0.14)
[door_detection_node-21] [INFO] [1790646658.013064341] [door_detection_node]: 문 후보 발행: id=door_blue_6622f5, source=front, color=blue, dist=5.42m, conf=0.72, bbox=(210,71,237,165), rep_x=223, center_x=223, angle=-15.1deg, center_angle=-15.1deg, lidar=5.32m, visual=4.98m, goal=(9.11,2.66), handle=(10.04,1.82,1.00), handle_obs=True, handle_method=estimated, handle_conf=0.00
[state_machine_node-24] [WARN] [1790646658.551752163] [state_machine_node]: Waiting for a fresh door-wall normal before alignment.
[door_detection_node-21] [INFO] [1790646659.769003929] [door_detection_node]: 문 후보 발행: id=door_blue_6622f5, source=front, color=blue, dist=5.47m, conf=0.64, bbox=(217,71,245,167), rep_x=231, center_x=231, angle=-16.9deg, center_angle=-16.9deg, lidar=5.54m, visual=4.88m, goal=(9.18,2.65), handle=(10.13,1.83,1.00), handle_obs=True, handle_method=estimated, handle_conf=0.00
[state_machine_node-24] [WARN] [1790646660.859107780] [state_machine_node]: Waiting for a fresh door-wall normal before alignment.
[door_detection_node-21] [INFO] [1790646661.566948808] [door_detection_node]: 문 후보 발행: id=door_blue_6622f5, source=front, color=blue, dist=5.55m, conf=0.64, bbox=(217,71,245,167), rep_x=231, center_x=231, angle=-16.9deg, center_angle=-16.9deg, lidar=5.56m, visual=4.88m, goal=(9.25,2.69), handle=(10.19,1.87,1.00), handle_obs=True, handle_method=estimated, handle_conf=0.00
[state_machine_node-24] [INFO] [1790646661.628069522] [state_machine_node]: Fine door parking translation: observed_blue_4p9_m1p9, dist=0.36m/0.17m, heading_error=23deg, cmd=(0.07, 0.14)
[state_machine_node-24] [INFO] [1790646662.432812162] [state_machine_node]: Fine door parking translation: observed_blue_4p9_m1p9, dist=0.34m/0.17m, heading_error=24deg, cmd=(0.07, 0.14)
[cmd_vel_safety_node-6] [WARN] [1790646663.214204833] [cmd_vel_safety_node]: LiDAR collision stop: front=0.47m
[door_detection_node-21] [INFO] [1790646663.716683016] [door_detection_node]: 문 후보 발행: id=door_blue_06f816, source=front, color=blue, dist=5.35m, conf=0.46, bbox=(237,68,267,170), rep_x=252, center_x=252, angle=-21.5deg, center_angle=-21.5deg, lidar=5.36m, visual=4.59m, goal=(9.02,2.57), handle=(10.04,1.84,1.00), handle_obs=True, handle_method=estimated, handle_conf=0.00
[state_machine_node-24] [INFO] [1790646664.000933980] [state_machine_node]: Fine door parking translation: observed_blue_4p9_m1p9, dist=0.31m/0.17m, heading_error=19deg, cmd=(0.07, 0.14)
[door_detection_node-21] [INFO] [1790646665.478955688] [door_detection_node]: 문 후보 발행: id=door_blue_06f816, source=front, color=blue, dist=5.43m, conf=0.48, bbox=(267,66,297,169), rep_x=282, center_x=282, angle=-27.5deg, center_angle=-27.5deg, lidar=5.12m, visual=4.54m, goal=(9.05,2.48), handle=(10.13,1.85,1.00), handle_obs=True, handle_method=estimated, handle_conf=0.00
[state_machine_node-24] [INFO] [1790646665.601592052] [state_machine_node]: Fine door parking translation: observed_blue_4p9_m1p9, dist=0.27m/0.17m, heading_error=18deg, cmd=(0.07, 0.14)
[cmd_vel_safety_node-6] [WARN] [1790646666.387890187] [cmd_vel_safety_node]: LiDAR collision stop: front=0.40m
[state_machine_node-24] [INFO] [1790646667.184238423] [state_machine_node]: Fine door parking translation: observed_blue_4p9_m1p9, dist=0.24m/0.17m, heading_error=18deg, cmd=(0.07, 0.14)
[state_machine_node-24] [INFO] [1790646668.000200660] [state_machine_node]: Fine door parking translation: observed_blue_4p9_m1p9, dist=0.24m/0.17m, heading_error=15deg, cmd=(0.07, 0.14)
[cmd_vel_safety_node-6] [WARN] [1790646668.003627653] [cmd_vel_safety_node]: LiDAR collision stop: front=0.41m
[state_machine_node-24] [INFO] [1790646668.803379174] [state_machine_node]: Fine door parking translation: observed_blue_4p9_m1p9, dist=0.23m/0.17m, heading_error=16deg, cmd=(0.07, 0.14)
[door_detection_node-21] [INFO] [1790646669.134246531] [door_detection_node]: Side camera LiDAR range looks occluded; using visual range instead (source=front_right, lidar=0.92m, visual=3.93m)
[door_detection_node-21] [INFO] [1790646669.460555759] [door_detection_node]: 문 후보 발행: id=door_blue_b16a79, source=front_right, color=blue, dist=3.93m, conf=0.64, bbox=(12,61,46,180), rep_x=29, center_x=29, angle=-40.8deg, center_angle=-40.8deg, lidar=0.90m, visual=3.93m, goal=(7.72,1.50), handle=(8.92,1.14,1.00), handle_obs=True, handle_method=estimated, handle_conf=0.00
[state_machine_node-24] [INFO] [1790646669.621172856] [state_machine_node]: Fine door parking translation: observed_blue_4p9_m1p9, dist=0.23m/0.17m, heading_error=7deg, cmd=(0.07, 0.09)
[cmd_vel_safety_node-6] [WARN] [1790646670.420866453] [cmd_vel_safety_node]: LiDAR collision stop: front=0.42m
[state_machine_node-24] [INFO] [1790646671.207070349] [state_machine_node]: Fine door parking translation: observed_blue_4p9_m1p9, dist=0.23m/0.17m, heading_error=11deg, cmd=(0.07, 0.14)
[door_detection_node-21] [INFO] [1790646671.374936709] [door_detection_node]: 문 후보 발행: id=door_blue_5f9f81, source=front_right, color=blue, dist=4.07m, conf=0.58, bbox=(45,63,76,178), rep_x=60, center_x=60, angle=-46.9deg, center_angle=-46.9deg, lidar=0.86m, visual=4.07m, goal=(7.85,1.41), handle=(9.07,1.17,1.00), handle_obs=True, handle_method=estimated, handle_conf=0.00
[state_machine_node-24] [INFO] [1790646672.016753830] [state_machine_node]: Fine door parking translation: observed_blue_4p9_m1p9, dist=0.23m/0.17m, heading_error=4deg, cmd=(0.07, 0.06)
[cmd_vel_safety_node-6] [WARN] [1790646672.018313648] [cmd_vel_safety_node]: LiDAR collision stop: front=0.43m
[door_detection_node-21] [INFO] [1790646672.605073274] [door_detection_node]: Side camera LiDAR range looks occluded; using visual range instead (source=front_right, lidar=0.86m, visual=4.37m)
[door_detection_node-21] [INFO] [1790646672.967990384] [door_detection_node]: 문 후보 발행: id=door_blue_afd873, source=front_right, color=blue, dist=4.37m, conf=0.70, bbox=(74,66,102,173), rep_x=88, center_x=88, angle=-52.9deg, center_angle=-52.9deg, lidar=0.90m, visual=4.37m, goal=(8.08,1.44), handle=(9.33,1.32,1.00), handle_obs=True, handle_method=estimated, handle_conf=0.00
[state_machine_node-24] [INFO] [1790646673.640948997] [state_machine_node]: Fine door parking translation: observed_blue_4p9_m1p9, dist=0.23m/0.17m, heading_error=7deg, cmd=(0.07, 0.10)
[cmd_vel_safety_node-6] [WARN] [1790646673.642486447] [cmd_vel_safety_node]: LiDAR collision stop: front=0.43m
[state_machine_node-24] [INFO] [1790646674.443278517] [state_machine_node]: Fine door parking translation: observed_blue_4p9_m1p9, dist=0.23m/0.17m, heading_error=5deg, cmd=(0.07, 0.06)
[door_detection_node-21] [INFO] [1790646674.543177645] [door_detection_node]: 문 후보 발행: id=door_blue_afd873, source=front_right, color=blue, dist=4.42m, conf=0.63, bbox=(91,67,120,173), rep_x=105, center_x=105, angle=-56.8deg, center_angle=-56.8deg, lidar=0.80m, visual=4.42m, goal=(8.14,1.37), handle=(9.39,1.34,1.00), handle_obs=True, handle_method=estimated, handle_conf=0.00
[door_detection_node-21] [INFO] [1790646675.841926625] [door_detection_node]: Side camera LiDAR range looks occluded; using visual range instead (source=front_right, lidar=0.79m, visual=4.50m)
[state_machine_node-24] [INFO] [1790646676.012083522] [state_machine_node]: Fine door final yaw alignment: observed_blue_4p9_m1p9, dist=0.16m/0.17m, yaw_error=172deg, cmd=(0.00, 0.25)
[door_detection_node-21] [INFO] [1790646676.218526486] [door_detection_node]: 문 후보 발행: id=door_blue_afd873, source=front_right, color=blue, dist=4.50m, conf=0.45, bbox=(111,69,137,173), rep_x=124, center_x=124, angle=-61.3deg, center_angle=-61.3deg, lidar=0.64m, visual=4.50m, goal=(8.24,1.33), handle=(9.49,1.38,1.00), handle_obs=True, handle_method=estimated, handle_conf=0.00
[state_machine_node-24] [INFO] [1790646676.867610085] [state_machine_node]: Fine door final yaw alignment: observed_blue_4p9_m1p9, dist=0.16m/0.17m, yaw_error=169deg, cmd=(0.00, 0.25)
[door_detection_node-21] [INFO] [1790646677.460828800] [door_detection_node]: Side camera visual fallback rejected (source=front_right, lidar=0.68m, visual=4.73m > 4.50m)
[state_machine_node-24] [INFO] [1790646678.460634567] [state_machine_node]: Fine door final yaw alignment: observed_blue_4p9_m1p9, dist=0.15m/0.17m, yaw_error=157deg, cmd=(0.00, 0.25)
[state_machine_node-24] [INFO] [1790646680.036737604] [state_machine_node]: Fine door final yaw alignment: observed_blue_4p9_m1p9, dist=0.16m/0.17m, yaw_error=147deg, cmd=(0.00, 0.25)
[door_detection_node-21] [INFO] [1790646680.582301324] [door_detection_node]: Side camera LiDAR range looks occluded; using visual range instead (source=front_right, lidar=0.67m, visual=4.33m)
[door_detection_node-21] [INFO] [1790646680.942452182] [door_detection_node]: 문 후보 발행: id=door_blue_622815, source=front_right, color=blue, dist=4.33m, conf=0.40, bbox=(237,65,267,173), rep_x=252, center_x=252, angle=-91.5deg, center_angle=-91.5deg, lidar=0.64m, visual=4.33m, goal=(8.32,0.68), handle=(9.37,1.35,1.00), handle_obs=True, handle_method=estimated, handle_conf=0.00
[state_machine_node-24] [INFO] [1790646681.624878453] [state_machine_node]: Fine door final yaw alignment: observed_blue_4p9_m1p9, dist=0.17m/0.17m, yaw_error=139deg, cmd=(0.00, 0.25)
[state_machine_node-24] [INFO] [1790646683.204225994] [state_machine_node]: Fine door final yaw alignment: observed_blue_4p9_m1p9, dist=0.16m/0.17m, yaw_error=131deg, cmd=(0.00, 0.25)
[door_detection_node-21] [INFO] [1790646683.781088976] [door_detection_node]: 문 후보 발행: id=door_blue_0d9a80, source=front_left, color=blue, dist=1.29m, conf=1.00, bbox=(0,0,68,240), rep_x=34, center_x=34, angle=98.3deg, center_angle=98.3deg, lidar=1.27m, visual=1.95m, goal=(5.79,-1.04), handle=(4.96,-1.98,1.00), handle_obs=False, handle_method=estimated, handle_conf=0.00
[state_machine_node-24] [INFO] [1790646684.005198644] [state_machine_node]: Fine door final yaw alignment: observed_blue_4p9_m1p9, dist=0.16m/0.17m, yaw_error=127deg, cmd=(0.00, 0.25)
[door_detection_node-21] [INFO] [1790646685.349703293] [door_detection_node]: 문 후보 발행: id=door_blue_0d9a80, source=front_left, color=blue, dist=1.20m, conf=1.00, bbox=(0,0,113,240), rep_x=56, center_x=56, angle=94.0deg, center_angle=94.0deg, lidar=1.19m, visual=1.95m, goal=(5.75,-0.91), handle=(5.07,-1.96,1.00), handle_obs=False, handle_method=estimated, handle_conf=0.00
[state_machine_node-24] [INFO] [1790646685.606884294] [state_machine_node]: Fine door final yaw alignment: observed_blue_4p9_m1p9, dist=0.16m/0.17m, yaw_error=117deg, cmd=(0.00, 0.25)
[state_machine_node-24] [INFO] [1790646686.413829512] [state_machine_node]: Fine door final yaw alignment: observed_blue_4p9_m1p9, dist=0.16m/0.17m, yaw_error=112deg, cmd=(0.00, 0.25)
[door_detection_node-21] [INFO] [1790646687.074603580] [door_detection_node]: 문 후보 발행: id=door_blue_0d9a80, source=front_left, color=blue, dist=1.11m, conf=1.00, bbox=(0,0,159,240), rep_x=79, center_x=79, angle=89.1deg, center_angle=89.1deg, lidar=1.13m, visual=1.95m, goal=(5.96,-0.67), handle=(5.46,-1.82,0.85), handle_obs=True, handle_method=hsv, handle_conf=0.96
[state_machine_node-24] [INFO] [1790646687.077683477] [state_machine_node]: 문 접근 목표 보정: door_blue_0d9a80 handle_axis=(5.46, -1.82) goal_axis=(5.46, -0.72) wall_axis=(5.46, -1.82) yaw=-90deg
[state_machine_node-24] [INFO] [1790646687.079316642] [state_machine_node]: 문 접근 목표 보정: door_blue_0d9a80 handle_axis=(5.46, -1.82) goal_axis=(5.46, -0.72) wall_axis=(5.46, -1.82) yaw=-90deg
[state_machine_node-24] [INFO] [1790646687.097300782] [state_machine_node]: 문 접근 목표 보정: door_blue_0d9a80 handle_axis=(5.46, -1.82) goal_axis=(5.46, -0.72) wall_axis=(5.46, -1.82) yaw=-90deg
[state_machine_node-24] [INFO] [1790646688.005479773] [state_machine_node]: Fine door final yaw alignment: observed_blue_4p9_m1p9, dist=0.14m/0.17m, yaw_error=102deg, cmd=(0.00, 0.25)
[door_detection_node-21] [INFO] [1790646688.221392578] [door_detection_node]: HSV candidate rejected: color=blue, edge-clipped bbox=(0,0,210,240), width_ratio=0.66
[state_machine_node-24] [INFO] [1790646688.811259372] [state_machine_node]: Fine door final yaw alignment: observed_blue_4p9_m1p9, dist=0.13m/0.17m, yaw_error=96deg, cmd=(0.00, 0.25)
[door_detection_node-21] [INFO] [1790646690.233820593] [door_detection_node]: 문 후보 발행: id=door_blue_4a310c, source=front_left, color=blue, dist=1.20m, conf=1.00, bbox=(72,0,272,240), rep_x=172, center_x=172, angle=67.1deg, center_angle=67.1deg, lidar=1.17m, visual=1.95m, goal=(5.53,-0.59), handle=(5.49,-1.84,0.85), handle_obs=True, handle_method=hsv, handle_conf=0.82
[state_machine_node-24] [INFO] [1790646690.236619899] [state_machine_node]: 문 접근 목표 보정: door_blue_4a310c handle_axis=(5.49, -1.84) goal_axis=(5.49, -0.74) wall_axis=(5.49, -1.84) yaw=-90deg
[state_machine_node-24] [INFO] [1790646690.237379416] [state_machine_node]: 문 접근 목표 보정: door_blue_4a310c handle_axis=(5.49, -1.84) goal_axis=(5.49, -0.74) wall_axis=(5.49, -1.84) yaw=-90deg
[state_machine_node-24] [INFO] [1790646690.257049003] [state_machine_node]: 문 접근 목표 보정: door_blue_4a310c handle_axis=(5.49, -1.84) goal_axis=(5.49, -0.74) wall_axis=(5.49, -1.84) yaw=-90deg
[state_machine_node-24] [INFO] [1790646690.429075589] [state_machine_node]: Fine door final yaw alignment: observed_blue_4p9_m1p9, dist=0.10m/0.17m, yaw_error=83deg, cmd=(0.00, 0.25)
[state_machine_node-24] [INFO] [1790646691.231538775] [state_machine_node]: Fine door final yaw alignment: observed_blue_4p9_m1p9, dist=0.09m/0.17m, yaw_error=77deg, cmd=(0.00, 0.25)
[state_machine_node-24] [INFO] [1790646692.037247158] [state_machine_node]: Fine door final yaw alignment: observed_blue_4p9_m1p9, dist=0.08m/0.17m, yaw_error=71deg, cmd=(0.00, 0.25)
[door_detection_node-21] [INFO] [1790646692.097583036] [door_detection_node]: 문 후보 발행: id=door_blue_4a310c, source=front_left, color=blue, dist=1.17m, conf=1.00, bbox=(149,0,320,240), rep_x=234, center_x=234, angle=52.5deg, center_angle=52.5deg, lidar=1.17m, visual=1.95m, goal=(5.11,-0.66), handle=(5.39,-1.88,0.85), handle_obs=True, handle_method=hsv, handle_conf=0.95
[state_machine_node-24] [INFO] [1790646692.102369931] [state_machine_node]: 문 접근 목표 보정: door_blue_4a310c handle_axis=(5.39, -1.88) goal_axis=(5.39, -0.78) wall_axis=(5.39, -1.88) yaw=-90deg
[state_machine_node-24] [INFO] [1790646692.103888398] [state_machine_node]: 문 접근 목표 보정: door_blue_4a310c handle_axis=(5.39, -1.88) goal_axis=(5.39, -0.78) wall_axis=(5.39, -1.88) yaw=-90deg
[state_machine_node-24] [INFO] [1790646692.124576487] [state_machine_node]: 문 접근 목표 보정: door_blue_4a310c handle_axis=(5.39, -1.88) goal_axis=(5.39, -0.78) wall_axis=(5.39, -1.88) yaw=-90deg
[state_machine_node-24] [INFO] [1790646692.841651014] [state_machine_node]: Fine door final yaw alignment: observed_blue_4p9_m1p9, dist=0.06m/0.17m, yaw_error=68deg, cmd=(0.00, 0.25)
[door_detection_node-21] [INFO] [1790646693.965608961] [door_detection_node]: 문 후보 발행: id=door_blue_ae6d73, source=front_left, color=blue, dist=1.12m, conf=1.00, bbox=(215,139,320,240), rep_x=267, center_x=267, angle=45.4deg, center_angle=45.4deg, lidar=1.14m, visual=4.63m, goal=(4.76,-0.71), handle=(5.30,-1.84,1.00), handle_obs=False, handle_method=estimated, handle_conf=0.00
[state_machine_node-24] [INFO] [1790646694.414616253] [state_machine_node]: Fine door final yaw alignment: observed_blue_4p9_m1p9, dist=0.07m/0.17m, yaw_error=56deg, cmd=(0.00, 0.25)
[state_machine_node-24] [INFO] [1790646695.237633901] [state_machine_node]: Fine door final yaw alignment: observed_blue_4p9_m1p9, dist=0.05m/0.17m, yaw_error=52deg, cmd=(0.00, 0.25)
[door_detection_node-21] [INFO] [1790646695.747205410] [door_detection_node]: 문 후보 발행: id=door_blue_ae6d73, source=front_left, color=blue, dist=1.12m, conf=0.46, bbox=(283,141,320,240), rep_x=301, center_x=301, angle=38.9deg, center_angle=38.9deg, lidar=1.08m, visual=4.73m, goal=(4.63,-0.88), handle=(5.39,-1.87,1.00), handle_obs=False, handle_method=estimated, handle_conf=0.00
[state_machine_node-24] [INFO] [1790646696.053661843] [state_machine_node]: Fine door final yaw alignment: observed_blue_4p9_m1p9, dist=0.08m/0.17m, yaw_error=48deg, cmd=(0.00, 0.25)
[state_machine_node-24] [INFO] [1790646696.881112438] [state_machine_node]: Fine door final yaw alignment: observed_blue_4p9_m1p9, dist=0.08m/0.17m, yaw_error=44deg, cmd=(0.00, 0.25)
[state_machine_node-24] [INFO] [1790646697.230580767] [state_machine_node]: 문 접근 목표 보정: door_blue_911927 handle_axis=(5.37, -1.82) goal_axis=(5.37, -0.72) wall_axis=(5.37, -1.82) yaw=-90deg
[state_machine_node-24] [INFO] [1790646697.232010831] [state_machine_node]: 문 접근 목표 보정: door_blue_911927 handle_axis=(5.37, -1.82) goal_axis=(5.37, -0.72) wall_axis=(5.37, -1.82) yaw=-90deg
[state_machine_node-24] [INFO] [1790646697.250644650] [state_machine_node]: 문 접근 목표 보정: door_blue_911927 handle_axis=(5.37, -1.82) goal_axis=(5.37, -0.72) wall_axis=(5.37, -1.82) yaw=-90deg
[state_machine_node-24] [INFO] [1790646697.706790856] [state_machine_node]: Fine door final yaw alignment: observed_blue_4p9_m1p9, dist=0.06m/0.17m, yaw_error=41deg, cmd=(0.00, 0.25)
[door_detection_node-21] [INFO] [1790646697.950844359] [door_detection_node]: HSV candidate rejected: color=blue, edge-clipped bbox=(0,0,180,240), width_ratio=0.56
[state_machine_node-24] [INFO] [1790646698.513989095] [state_machine_node]: Fine door final yaw alignment: observed_blue_4p9_m1p9, dist=0.06m/0.17m, yaw_error=32deg, cmd=(0.00, 0.25)
[door_detection_node-21] [INFO] [1790646699.383628678] [door_detection_node]: 문 후보 발행: id=door_blue_4ec075, source=front, color=blue, dist=1.18m, conf=1.00, bbox=(26,0,207,240), rep_x=116, center_x=116, angle=10.6deg, center_angle=10.6deg, lidar=1.15m, visual=1.95m, goal=(4.41,-1.08), handle=(5.44,-1.79,0.85), handle_obs=True, handle_method=hsv, handle_conf=0.79
[state_machine_node-24] [INFO] [1790646699.386115358] [state_machine_node]: 문 접근 목표 보정: door_blue_4ec075 handle_axis=(5.44, -1.79) goal_axis=(5.44, -0.69) wall_axis=(5.44, -1.79) yaw=-90deg
[state_machine_node-24] [INFO] [1790646699.387280152] [state_machine_node]: 문 접근 목표 보정: door_blue_4ec075 handle_axis=(5.44, -1.79) goal_axis=(5.44, -0.69) wall_axis=(5.44, -1.79) yaw=-90deg
[state_machine_node-24] [INFO] [1790646699.406810326] [state_machine_node]: 문 접근 목표 보정: door_blue_4ec075 handle_axis=(5.44, -1.79) goal_axis=(5.44, -0.69) wall_axis=(5.44, -1.79) yaw=-90deg
[door_detection_node-21] [INFO] [1790646699.828717279] [door_detection_node]: YOLO 후보 제외: source=front_left, edge-clipped bbox=(0,0,47,240)
[state_machine_node-24] [INFO] [1790646700.181935716] [state_machine_node]: Fine door final yaw alignment: observed_blue_4p9_m1p9, dist=0.07m/0.17m, yaw_error=23deg, cmd=(0.00, 0.25)
[state_machine_node-24] [INFO] [1790646701.062909749] [state_machine_node]: Fine door final yaw alignment: observed_blue_4p9_m1p9, dist=0.05m/0.17m, yaw_error=20deg, cmd=(0.00, 0.25)
[door_detection_node-21] [INFO] [1790646701.153239321] [door_detection_node]: 문 후보 발행: id=door_blue_2cc0cd, source=front, color=blue, dist=1.15m, conf=1.00, bbox=(79,0,254,240), rep_x=166, center_x=166, angle=-1.5deg, center_angle=-1.5deg, lidar=1.15m, visual=1.95m, goal=(5.52,-1.04), handle=(5.38,-1.81,0.85), handle_obs=True, handle_method=hsv, handle_conf=0.71
[state_machine_node-24] [INFO] [1790646701.156635818] [state_machine_node]: 문 접근 목표 보정: door_blue_2cc0cd handle_axis=(5.38, -1.81) goal_axis=(5.38, -0.71) wall_axis=(5.38, -1.81) yaw=-90deg
[state_machine_node-24] [INFO] [1790646701.158199625] [state_machine_node]: 문 접근 목표 보정: door_blue_2cc0cd handle_axis=(5.38, -1.81) goal_axis=(5.38, -0.71) wall_axis=(5.38, -1.81) yaw=-90deg
[state_machine_node-24] [INFO] [1790646701.179131143] [state_machine_node]: 문 접근 목표 보정: door_blue_2cc0cd handle_axis=(5.38, -1.81) goal_axis=(5.38, -0.71) wall_axis=(5.38, -1.81) yaw=-90deg
[state_machine_node-24] [WARN] [1790646701.938970044] [state_machine_node]: Fine door approach timeout: observed_blue_4p9_m1p9, dist=0.05m, lateral=-0.05m, forward=-0.01m, yaw_error=16deg
[state_machine_node-24] [INFO] [1790646701.939654815] [state_machine_node]: 문 앞 정렬 재접근: observed_blue_4p9_m1p9 (2/2)
[state_machine_node-24] [INFO] [1790646701.941775727] [state_machine_node]: 문 접근 목표 보정: observed_blue_4p9_m1p9 handle_axis=(5.61, -1.85) goal_axis=(5.61, -0.75) wall_axis=(5.61, -1.85) yaw=-90deg
[navigation_node-22] [INFO] [1790646701.944534672] [navigation_node]: Navigation goal received: door observed_blue_4p9_m1p9 (color=blue, frame=map, x=5.61, y=-0.75)
[navigation_node-22] [WARN] [1790646702.013695141] [navigation_node]: Adjusted unreachable/occupied navigation goal from (5.61, -0.75, cost=69) to connected free cell (5.33, -0.62, cost=0)
[bt_navigator-17] [INFO] [1790646702.068272601] [bt_navigator]: Begin navigating from current location (5.65, -0.77) to (5.33, -0.62)
[navigation_node-22] [INFO] [1790646702.070756649] [navigation_node]: Navigation goal accepted by Nav2
[controller_server-13] [INFO] [1790646702.269237321] [controller_server]: Received a goal, begin computing control effort.
[door_detection_node-21] [INFO] [1790646702.719824606] [door_detection_node]: HSV candidate rejected: color=blue, edge-clipped bbox=(138,0,320,240), width_ratio=0.57
[state_machine_node-24] [INFO] [1790646702.794017692] [state_machine_node]: Nav2 goal is close enough for fine door alignment: observed_blue_4p9_m1p9, dist=0.05m/0.38m, lateral=-0.04m/0.24m, yaw_error=10deg.
[state_machine_node-24] [INFO] [1790646702.795032786] [state_machine_node]: Nav2 goal cancellation requested before door fine alignment.
[navigation_node-22] [INFO] [1790646702.795379719] [navigation_node]: Navigation cancellation requested for manual control handoff.
[state_machine_node-24] [INFO] [1790646702.857009533] [state_machine_node]: Fine door approach started: observed_blue_4p9_m1p9, dist=0.05m, lateral=-0.04m, forward=-0.01m, yaw_error=10deg
[state_machine_node-24] [INFO] [1790646702.858179291] [state_machine_node]: Fine door final yaw alignment: observed_blue_4p9_m1p9, dist=0.05m/0.17m, yaw_error=10deg, cmd=(0.00, 0.14)
[bt_navigator-17] [ERROR] [1790646702.889581795] [bt_navigator_navigate_to_pose_rclcpp_node]: Failed to get result for follow_path in node halt!
[bt_navigator-17] [INFO] [1790646702.889830066] [bt_navigator]: [navigate_to_pose] [ActionServer] Client requested to cancel the goal. Cancelling.
[bt_navigator-17] [INFO] [1790646702.890069840] [bt_navigator]: Goal canceled
[controller_server-13] [INFO] [1790646702.894940367] [controller_server]: Goal was canceled. Stopping the robot.
[controller_server-13] [INFO] [1790646702.895059516] [controller_server]: [follow_path] [ActionServer] Client requested to cancel the goal. Cancelling.
[state_machine_node-24] [INFO] [1790646703.680125315] [state_machine_node]: Fine door final yaw alignment: observed_blue_4p9_m1p9, dist=0.05m/0.17m, yaw_error=7deg, cmd=(0.00, 0.10)
[state_machine_node-24] [INFO] [1790646704.504796333] [state_machine_node]: 문 앞 정렬 완료. 2.8s 정지 후 개방합니다.
[door_detection_node-21] [INFO] [1790646704.615160943] [door_detection_node]: 문 후보 발행: id=door_blue_2cc0cd, source=front, color=blue, dist=1.13m, conf=1.00, bbox=(156,0,320,240), rep_x=238, center_x=238, angle=-18.4deg, center_angle=-18.4deg, lidar=1.14m, visual=1.95m, goal=(5.49,-1.04), handle=(5.26,-1.86,0.85), handle_obs=True, handle_method=hsv, handle_conf=0.86
[state_machine_node-24] [INFO] [1790646704.618565313] [state_machine_node]: 문 접근 목표 보정: door_blue_2cc0cd handle_axis=(5.26, -1.86) goal_axis=(5.26, -0.76) wall_axis=(5.26, -1.86) yaw=-90deg
[state_machine_node-24] [INFO] [1790646704.620359982] [state_machine_node]: 문 접근 목표 보정: door_blue_2cc0cd handle_axis=(5.26, -1.86) goal_axis=(5.26, -0.76) wall_axis=(5.26, -1.86) yaw=-90deg
[state_machine_node-24] [INFO] [1790646704.638441342] [state_machine_node]: 문 접근 목표 보정: door_blue_2cc0cd handle_axis=(5.26, -1.86) goal_axis=(5.26, -0.76) wall_axis=(5.26, -1.86) yaw=-90deg
[state_machine_node-24] [WARN] [1790646704.639571508] [state_machine_node]: Close door-front observation moved observed_blue_4p9_m1p9 by 0.35m; returning to Nav2 before final alignment.
[state_machine_node-24] [WARN] [1790646704.640368793] [state_machine_node]: Locked blue target refined from newer observation: observed_blue_4p9_m1p9 -> observed_blue_4p9_m1p9, goal shift=0.35m, identity=(5.15,-1.92) -> (5.09,-1.78)
[navigation_node-22] [INFO] [1790646704.642027903] [navigation_node]: Navigation goal received: door observed_blue_4p9_m1p9 (color=blue, frame=map, x=5.26, y=-0.76)
[bt_navigator-17] [INFO] [1790646704.754959087] [bt_navigator]: Begin navigating from current location (5.62, -0.78) to (5.26, -0.76)
[navigation_node-22] [INFO] [1790646704.757633146] [navigation_node]: Navigation goal accepted by Nav2
[controller_server-13] [INFO] [1790646704.956493615] [controller_server]: Received a goal, begin computing control effort.
[controller_server-13] [INFO] [1790646706.207097113] [controller_server]: Passing new path to controller.
[door_detection_node-21] [INFO] [1790646706.685186745] [door_detection_node]: 문 후보 발행: id=door_blue_163460, source=front, color=blue, dist=1.11m, conf=1.00, bbox=(160,0,320,240), rep_x=240, center_x=240, angle=-18.9deg, center_angle=-18.9deg, lidar=1.18m, visual=1.95m, goal=(5.48,-1.05), handle=(5.25,-1.83,0.85), handle_obs=True, handle_method=hsv, handle_conf=0.90
[state_machine_node-24] [INFO] [1790646706.688287493] [state_machine_node]: 문 접근 목표 보정: door_blue_163460 handle_axis=(5.25, -1.83) goal_axis=(5.25, -0.73) wall_axis=(5.25, -1.83) yaw=-90deg
[state_machine_node-24] [INFO] [1790646706.689680272] [state_machine_node]: 문 접근 목표 보정: door_blue_163460 handle_axis=(5.25, -1.83) goal_axis=(5.25, -0.73) wall_axis=(5.25, -1.83) yaw=-90deg
[controller_server-13] [INFO] [1790646707.457090884] [controller_server]: Passing new path to controller.
[door_detection_node-21] [INFO] [1790646708.584498920] [door_detection_node]: 문 후보 발행: id=door_blue_4ec075, source=front, color=blue, dist=0.95m, conf=1.00, bbox=(0,0,177,240), rep_x=88, center_x=88, angle=17.1deg, center_angle=17.1deg, lidar=1.12m, visual=1.95m, goal=(5.36,-1.20), handle=(4.96,-1.72,1.00), handle_obs=False, handle_method=estimated, handle_conf=0.00
[state_machine_node-24] [INFO] [1790646708.587601811] [state_machine_node]: 문 접근 목표 보정: door_blue_4ec075 handle_axis=(4.96, -1.72) goal_axis=(4.96, -0.62) wall_axis=(4.96, -1.72) yaw=-90deg
[state_machine_node-24] [INFO] [1790646708.589128175] [state_machine_node]: 문 접근 목표 보정: door_blue_4ec075 handle_axis=(4.96, -1.72) goal_axis=(4.96, -0.62) wall_axis=(4.96, -1.72) yaw=-90deg
[state_machine_node-24] [WARN] [1790646708.590283936] [state_machine_node]: Locked blue target refined from newer observation: observed_blue_4p9_m1p9 -> observed_blue_4p9_m1p9, goal shift=0.33m, identity=(5.09,-1.78) -> (4.96,-1.72)
[navigation_node-22] [INFO] [1790646708.591561220] [navigation_node]: Navigation goal received: door observed_blue_4p9_m1p9 (color=blue, frame=map, x=4.96, y=-0.62)
[navigation_node-22] [WARN] [1790646708.592132974] [navigation_node]: Already navigating. Preempting current goal without an explicit stop before retargeting to: observed_blue_4p9_m1p9
[navigation_node-22] [INFO] [1790646708.706740804] [navigation_node]: Navigation goal accepted by Nav2
[bt_navigator-17] [INFO] [1790646708.755891785] [bt_navigator]: Received goal preemption request
[bt_navigator-17] [INFO] [1790646708.756116919] [bt_navigator]: Begin navigating from current location (5.44, -1.03) to (4.96, -0.62)
[controller_server-13] [INFO] [1790646708.832107396] [controller_server]: Passing new path to controller.
[state_machine_node-24] [INFO] [1790646709.351794569] [state_machine_node]: 문 접근 목표 보정: door_blue_ae6d73 handle_axis=(5.18, -1.83) goal_axis=(5.18, -0.73) wall_axis=(5.18, -1.83) yaw=-90deg
[state_machine_node-24] [INFO] [1790646709.354001233] [state_machine_node]: 문 접근 목표 보정: door_blue_ae6d73 handle_axis=(5.18, -1.83) goal_axis=(5.18, -0.73) wall_axis=(5.18, -1.83) yaw=-90deg
[controller_server-13] [INFO] [1790646710.082053217] [controller_server]: Passing new path to controller.
[door_detection_node-21] [INFO] [1790646711.024668702] [door_detection_node]: 문 후보 발행: id=door_blue_0ef14c, source=front_left, color=blue, dist=0.81m, conf=1.00, bbox=(0,0,165,240), rep_x=82, center_x=82, angle=88.4deg, center_angle=88.4deg, lidar=0.89m, visual=1.95m, goal=(5.39,-0.71), handle=(4.93,-1.87,1.00), handle_obs=False, handle_method=estimated, handle_conf=0.00
[state_machine_node-24] [INFO] [1790646711.028319788] [state_machine_node]: 문 접근 목표 보정: door_blue_0ef14c handle_axis=(4.93, -1.87) goal_axis=(4.93, -0.77) wall_axis=(4.93, -1.87) yaw=-90deg
[state_machine_node-24] [INFO] [1790646711.029696281] [state_machine_node]: 문 접근 목표 보정: door_blue_0ef14c handle_axis=(4.93, -1.87) goal_axis=(4.93, -0.77) wall_axis=(4.93, -1.87) yaw=-90deg
[controller_server-13] [INFO] [1790646711.332125665] [controller_server]: Passing new path to controller.
[controller_server-13] [INFO] [1790646712.582153184] [controller_server]: Passing new path to controller.
[state_machine_node-24] [INFO] [1790646712.638530178] [state_machine_node]: Nav2 door goal position is near, but yaw is not ready yet: observed_blue_4p9_m1p9, dist=0.34m/0.38m, lateral=-0.17m/0.24m, yaw_error=147deg.
[door_detection_node-21] [INFO] [1790646713.340529539] [door_detection_node]: Side camera visual fallback rejected (source=front_right, lidar=1.19m, visual=4.93m > 4.50m)
[state_machine_node-24] [INFO] [1790646713.457757034] [state_machine_node]: Nav2 goal is close enough for fine door alignment: observed_blue_4p9_m1p9, dist=0.27m/0.38m, lateral=-0.13m/0.24m, yaw_error=148deg.
[state_machine_node-24] [INFO] [1790646713.458735681] [state_machine_node]: Nav2 goal cancellation requested before door fine alignment.
[navigation_node-22] [INFO] [1790646713.458896498] [navigation_node]: Navigation cancellation requested for manual control handoff.
[state_machine_node-24] [INFO] [1790646713.508467134] [state_machine_node]: Fine door approach started: observed_blue_4p9_m1p9, dist=0.27m, lateral=-0.13m, forward=0.23m, yaw_error=148deg
[state_machine_node-24] [INFO] [1790646713.509484591] [state_machine_node]: Fine door parking translation: observed_blue_4p9_m1p9, dist=0.27m/0.17m, heading_error=30deg, cmd=(0.00, -0.25)
[bt_navigator-17] [ERROR] [1790646713.575876043] [bt_navigator_navigate_to_pose_rclcpp_node]: Failed to get result for follow_path in node halt!
[bt_navigator-17] [INFO] [1790646713.576031138] [bt_navigator]: [navigate_to_pose] [ActionServer] Client requested to cancel the goal. Cancelling.
[bt_navigator-17] [INFO] [1790646713.576373453] [bt_navigator]: Goal canceled
[controller_server-13] [INFO] [1790646713.582131052] [controller_server]: Goal was canceled. Stopping the robot.
[controller_server-13] [INFO] [1790646713.582258628] [controller_server]: [follow_path] [ActionServer] Client requested to cancel the goal. Cancelling.
[state_machine_node-24] [INFO] [1790646715.069210787] [state_machine_node]: Fine door parking translation: observed_blue_4p9_m1p9, dist=0.27m/0.17m, heading_error=24deg, cmd=(0.07, -0.14)
[planner_server-15] [INFO] [1790646715.718011074] [global_costmap.global_costmap]: StaticLayer: Resizing static layer to 303 X 86 at 0.050000 m/pix
[state_machine_node-24] [INFO] [1790646715.872097779] [state_machine_node]: Fine door parking translation: observed_blue_4p9_m1p9, dist=0.25m/0.17m, heading_error=27deg, cmd=(0.07, -0.14)
[state_machine_node-24] [INFO] [1790646716.687966676] [state_machine_node]: Fine door parking translation: observed_blue_4p9_m1p9, dist=0.22m/0.17m, heading_error=30deg, cmd=(0.00, -0.25)
[door_detection_node-21] [INFO] [1790646716.832149243] [door_detection_node]: Side camera visual fallback rejected (source=front_right, lidar=1.27m, visual=5.38m > 4.50m)
[state_machine_node-24] [INFO] [1790646717.509698147] [state_machine_node]: Fine door parking translation: observed_blue_4p9_m1p9, dist=0.22m/0.17m, heading_error=32deg, cmd=(0.00, -0.25)
[state_machine_node-24] [INFO] [1790646718.324439766] [state_machine_node]: Fine door parking translation: observed_blue_4p9_m1p9, dist=0.22m/0.17m, heading_error=25deg, cmd=(0.07, -0.14)
[state_machine_node-24] [INFO] [1790646719.154653589] [state_machine_node]: Fine door parking translation: observed_blue_4p9_m1p9, dist=0.21m/0.17m, heading_error=30deg, cmd=(0.00, -0.25)
[state_machine_node-24] [WARN] [1790646719.959551668] [state_machine_node]: Waiting for a fresh door-wall normal before alignment.
[door_detection_node-21] [INFO] [1790646720.396549648] [door_detection_node]: Side camera visual fallback rejected (source=front_right, lidar=1.34m, visual=4.93m > 4.50m)
[door_detection_node-21] [INFO] [1790646720.418822216] [door_detection_node]: Side camera LiDAR range looks too long for the visible door; using visual range (source=front_right, lidar=3.01m, visual=2.08m)
[state_machine_node-24] [WARN] [1790646722.475212746] [state_machine_node]: Waiting for a fresh door-wall normal before alignment.
[door_detection_node-21] [INFO] [1790646723.644119557] [door_detection_node]: Side camera visual fallback rejected (source=front_right, lidar=1.28m, visual=5.03m > 4.50m)
[door_detection_node-21] [INFO] [1790646723.658324659] [door_detection_node]: Side camera LiDAR range looks too long for the visible door; using visual range (source=front_right, lidar=2.95m, visual=2.08m)
[state_machine_node-24] [WARN] [1790646725.002638325] [state_machine_node]: Waiting for a fresh door-wall normal before alignment.
[door_detection_node-21] [INFO] [1790646725.647570083] [door_detection_node]: Side camera visual fallback rejected (source=front_right, lidar=1.26m, visual=5.03m > 4.50m)
[door_detection_node-21] [INFO] [1790646725.666494454] [door_detection_node]: Side camera LiDAR range looks too long for the visible door; using visual range (source=front_right, lidar=2.95m, visual=2.08m)
[state_machine_node-24] [WARN] [1790646727.444929761] [state_machine_node]: Waiting for a fresh door-wall normal before alignment.
[door_detection_node-21] [INFO] [1790646728.892314470] [door_detection_node]: Side camera visual fallback rejected (source=front_right, lidar=1.20m, visual=5.03m > 4.50m)
[door_detection_node-21] [INFO] [1790646728.897204100] [door_detection_node]: Side camera LiDAR range looks too long for the visible door; using visual range (source=front_right, lidar=3.02m, visual=2.08m)
[state_machine_node-24] [INFO] [1790646729.030584394] [state_machine_node]: Fine door parking translation: observed_blue_4p9_m1p9, dist=0.20m/0.17m, heading_error=25deg, cmd=(0.07, -0.14)
[state_machine_node-24] [INFO] [1790646729.851343302] [state_machine_node]: Fine door parking translation: observed_blue_4p9_m1p9, dist=0.19m/0.17m, heading_error=30deg, cmd=(0.00, -0.25)
[state_machine_node-24] [INFO] [1790646730.689044434] [state_machine_node]: Fine door final yaw alignment: observed_blue_4p9_m1p9, dist=0.17m/0.17m, yaw_error=163deg, cmd=(0.00, -0.25)
[state_machine_node-24] [INFO] [1790646731.513165056] [state_machine_node]: Fine door final yaw alignment: observed_blue_4p9_m1p9, dist=0.20m/0.17m, yaw_error=159deg, cmd=(0.00, -0.25)
[state_machine_node-24] [INFO] [1790646732.354010340] [state_machine_node]: Fine door final yaw alignment: observed_blue_4p9_m1p9, dist=0.19m/0.17m, yaw_error=151deg, cmd=(0.00, -0.25)
[door_detection_node-21] [INFO] [1790646732.499412077] [door_detection_node]: Side camera LiDAR range looks occluded; using visual range instead (source=front_right, lidar=1.23m, visual=4.18m)
[door_detection_node-21] [INFO] [1790646732.506309259] [door_detection_node]: YOLO 후보 제외: source=front_right, far small dist=4.18m, conf=0.29, bbox=(0,67,13,179)
[state_machine_node-24] [INFO] [1790646733.178795104] [state_machine_node]: Fine door final yaw alignment: observed_blue_4p9_m1p9, dist=0.19m/0.17m, yaw_error=148deg, cmd=(0.00, -0.25)
[door_detection_node-21] [INFO] [1790646733.594164613] [door_detection_node]: 문 후보 발행: id=door_blue_06f816, source=front, color=blue, dist=4.73m, conf=0.52, bbox=(284,69,312,168), rep_x=298, center_x=298, angle=-30.5deg, center_angle=-30.5deg, lidar=1.23m, visual=4.73m, goal=(8.16,1.84), handle=(9.17,1.10,1.00), handle_obs=True, handle_method=estimated, handle_conf=0.00
[state_machine_node-24] [INFO] [1790646733.598519830] [state_machine_node]: Direct blue target door_blue_06f816 will use stable wall-memory handle at (9.3, 1.3); progress_gap=0.08m, dist=0.23m, count=18, conf=0.71.
[state_machine_node-24] [INFO] [1790646733.599492222] [state_machine_node]: 문 접근 목표 보정: door_blue_06f816 handle_axis=(9.25, 1.31) goal_axis=(9.25, 0.21) wall_axis=(9.25, 1.31) yaw=90deg
[state_machine_node-24] [INFO] [1790646733.602666493] [state_machine_node]: 문 접근 목표 보정: door_blue_06f816 handle_axis=(9.25, 1.31) goal_axis=(9.25, 0.21) wall_axis=(9.25, 1.31) yaw=90deg
[state_machine_node-24] [INFO] [1790646733.603623197] [state_machine_node]: Locked blue target refine skipped: door_blue_06f816 progress jump 4.20m > 1.05m
[state_machine_node-24] [INFO] [1790646734.021808620] [state_machine_node]: Fine door final yaw alignment: observed_blue_4p9_m1p9, dist=0.21m/0.17m, yaw_error=144deg, cmd=(0.00, -0.25)
[state_machine_node-24] [INFO] [1790646734.835371015] [state_machine_node]: Fine door final yaw alignment: observed_blue_4p9_m1p9, dist=0.20m/0.17m, yaw_error=136deg, cmd=(0.00, -0.25)
[door_detection_node-21] [INFO] [1790646735.529759560] [door_detection_node]: 문 후보 발행: id=door_blue_06f816, source=front, color=blue, dist=5.03m, conf=0.63, bbox=(233,72,258,165), rep_x=245, center_x=245, angle=-20.0deg, center_angle=-20.0deg, lidar=1.17m, visual=5.03m, goal=(8.53,2.21), handle=(9.40,1.32,1.00), handle_obs=False, handle_method=estimated, handle_conf=0.00
[state_machine_node-24] [INFO] [1790646735.533280716] [state_machine_node]: 문 접근 목표 보정: door_blue_06f816 handle_axis=(9.40, 1.32) goal_axis=(9.40, 0.22) wall_axis=(9.40, 1.32) yaw=90deg
[state_machine_node-24] [INFO] [1790646735.534293884] [state_machine_node]: 문 접근 목표 보정: door_blue_06f816 handle_axis=(9.40, 1.32) goal_axis=(9.40, 0.22) wall_axis=(9.40, 1.32) yaw=90deg
[state_machine_node-24] [INFO] [1790646735.662956391] [state_machine_node]: Fine door final yaw alignment: observed_blue_4p9_m1p9, dist=0.19m/0.17m, yaw_error=139deg, cmd=(0.00, -0.25)
[state_machine_node-24] [INFO] [1790646736.484393635] [state_machine_node]: Fine door final yaw alignment: observed_blue_4p9_m1p9, dist=0.19m/0.17m, yaw_error=133deg, cmd=(0.00, -0.25)
[state_machine_node-24] [INFO] [1790646737.344079491] [state_machine_node]: Fine door final yaw alignment: observed_blue_4p9_m1p9, dist=0.19m/0.17m, yaw_error=128deg, cmd=(0.00, -0.25)
[door_detection_node-21] [INFO] [1790646737.554794463] [door_detection_node]: 문 후보 발행: id=door_blue_6622f5, source=front, color=blue, dist=5.38m, conf=0.69, bbox=(190,76,210,163), rep_x=200, center_x=200, angle=-9.7deg, center_angle=-9.7deg, lidar=1.17m, visual=5.38m, goal=(9.03,2.50), handle=(9.73,1.47,1.00), handle_obs=False, handle_method=estimated, handle_conf=0.00
[state_machine_node-24] [INFO] [1790646737.557734638] [state_machine_node]: 문 접근 목표 보정: door_blue_6622f5 handle_axis=(9.73, 1.47) goal_axis=(9.73, 0.37) wall_axis=(9.73, 1.47) yaw=90deg
[state_machine_node-24] [INFO] [1790646738.174617194] [state_machine_node]: Fine door final yaw alignment: observed_blue_4p9_m1p9, dist=0.17m/0.17m, yaw_error=114deg, cmd=(0.00, -0.25)
[state_machine_node-24] [INFO] [1790646739.013765810] [state_machine_node]: Fine door final yaw alignment: observed_blue_4p9_m1p9, dist=0.19m/0.17m, yaw_error=115deg, cmd=(0.00, -0.25)
[door_detection_node-21] [INFO] [1790646739.523129897] [door_detection_node]: 문 후보 발행: id=door_blue_c8a91a, source=front, color=blue, dist=5.38m, conf=0.55, bbox=(143,76,166,163), rep_x=154, center_x=154, angle=1.5deg, center_angle=1.5deg, lidar=1.19m, visual=5.38m, goal=(8.35,0.86), handle=(9.71,1.48,1.00), handle_obs=False, handle_method=estimated, handle_conf=0.00
[state_machine_node-24] [INFO] [1790646739.526878450] [state_machine_node]: 문 접근 목표 보정: door_blue_c8a91a handle_axis=(9.71, 1.48) goal_axis=(9.71, 0.38) wall_axis=(9.71, 1.48) yaw=90deg
[state_machine_node-24] [INFO] [1790646739.837179604] [state_machine_node]: Fine door final yaw alignment: observed_blue_4p9_m1p9, dist=0.18m/0.17m, yaw_error=109deg, cmd=(0.00, -0.25)
[door_detection_node-21] [INFO] [1790646739.896084789] [door_detection_node]: Side camera LiDAR range looks too long for the visible door; using visual range (source=front_right, lidar=3.35m, visual=2.29m)
[state_machine_node-24] [INFO] [1790646740.609493948] [state_machine_node]: 문 접근 목표 보정: door_blue_6a2473 handle_axis=(5.03, -1.83) goal_axis=(5.03, -0.73) wall_axis=(5.03, -1.83) yaw=-90deg
[state_machine_node-24] [INFO] [1790646740.610922436] [state_machine_node]: 문 접근 목표 보정: door_blue_6a2473 handle_axis=(5.03, -1.83) goal_axis=(5.03, -0.73) wall_axis=(5.03, -1.83) yaw=-90deg
[state_machine_node-24] [INFO] [1790646740.629094409] [state_machine_node]: 문 접근 목표 보정: door_blue_6a2473 handle_axis=(5.03, -1.83) goal_axis=(5.03, -0.73) wall_axis=(5.03, -1.83) yaw=-90deg
[state_machine_node-24] [INFO] [1790646740.671261923] [state_machine_node]: Fine door final yaw alignment: observed_blue_4p9_m1p9, dist=0.16m/0.17m, yaw_error=104deg, cmd=(0.00, -0.25)
[door_detection_node-21] [INFO] [1790646741.059611709] [door_detection_node]: 문 후보 발행: id=door_blue_6a2473, source=front_right, color=blue, dist=1.13m, conf=1.00, bbox=(241,0,320,121), rep_x=280, center_x=280, angle=-97.1deg, center_angle=-97.1deg, lidar=1.14m, visual=3.87m, goal=(4.66,-0.66), handle=(5.03,-1.85,1.00), handle_obs=False, handle_method=estimated, handle_conf=0.00
[state_machine_node-24] [INFO] [1790646741.062889372] [state_machine_node]: 문 접근 목표 보정: door_blue_6a2473 handle_axis=(5.03, -1.85) goal_axis=(5.03, -0.75) wall_axis=(5.03, -1.85) yaw=-90deg
[state_machine_node-24] [INFO] [1790646741.064352503] [state_machine_node]: 문 접근 목표 보정: door_blue_6a2473 handle_axis=(5.03, -1.85) goal_axis=(5.03, -0.75) wall_axis=(5.03, -1.85) yaw=-90deg
[state_machine_node-24] [INFO] [1790646741.084705027] [state_machine_node]: 문 접근 목표 보정: door_blue_6a2473 handle_axis=(5.03, -1.85) goal_axis=(5.03, -0.75) wall_axis=(5.03, -1.85) yaw=-90deg
[state_machine_node-24] [INFO] [1790646741.493637412] [state_machine_node]: Fine door final yaw alignment: observed_blue_4p9_m1p9, dist=0.15m/0.17m, yaw_error=97deg, cmd=(0.00, -0.25)
[state_machine_node-24] [INFO] [1790646742.032788331] [state_machine_node]: 문 접근 목표 보정: door_blue_6a2473 handle_axis=(5.20, -1.86) goal_axis=(5.20, -0.76) wall_axis=(5.20, -1.86) yaw=-90deg
[state_machine_node-24] [INFO] [1790646742.034228641] [state_machine_node]: 문 접근 목표 보정: door_blue_6a2473 handle_axis=(5.20, -1.86) goal_axis=(5.20, -0.76) wall_axis=(5.20, -1.86) yaw=-90deg
[state_machine_node-24] [INFO] [1790646742.054892947] [state_machine_node]: 문 접근 목표 보정: door_blue_6a2473 handle_axis=(5.20, -1.86) goal_axis=(5.20, -0.76) wall_axis=(5.20, -1.86) yaw=-90deg
[state_machine_node-24] [INFO] [1790646742.324752772] [state_machine_node]: Fine door final yaw alignment: observed_blue_4p9_m1p9, dist=0.15m/0.17m, yaw_error=96deg, cmd=(0.00, -0.25)
[door_detection_node-21] [INFO] [1790646743.083476457] [door_detection_node]: 문 후보 발행: id=door_blue_a53092, source=front, color=blue, dist=4.78m, conf=0.56, bbox=(43,70,68,168), rep_x=55, center_x=55, angle=24.2deg, center_angle=24.2deg, lidar=1.17m, visual=4.78m, goal=(9.16,0.15), handle=(9.12,1.40,1.00), handle_obs=False, handle_method=estimated, handle_conf=0.00
[state_machine_node-24] [INFO] [1790646743.086076445] [state_machine_node]: 문 접근 목표 보정: door_blue_a53092 handle_axis=(9.12, 1.40) goal_axis=(9.12, 0.30) wall_axis=(9.12, 1.40) yaw=90deg
[state_machine_node-24] [INFO] [1790646743.169956731] [state_machine_node]: Fine door final yaw alignment: observed_blue_4p9_m1p9, dist=0.14m/0.17m, yaw_error=82deg, cmd=(0.00, -0.25)
[door_detection_node-21] [INFO] [1790646743.792150266] [door_detection_node]: HSV candidate rejected: color=blue, edge-clipped bbox=(103,0,320,240), width_ratio=0.68
[state_machine_node-24] [INFO] [1790646744.012288134] [state_machine_node]: Fine door final yaw alignment: observed_blue_4p9_m1p9, dist=0.15m/0.17m, yaw_error=76deg, cmd=(0.00, -0.25)
[state_machine_node-24] [INFO] [1790646744.833737266] [state_machine_node]: Fine door final yaw alignment: observed_blue_4p9_m1p9, dist=0.13m/0.17m, yaw_error=78deg, cmd=(0.00, -0.25)
[door_detection_node-21] [INFO] [1790646745.122666433] [door_detection_node]: Side camera visual fallback rejected (source=front_left, lidar=1.13m, visual=4.73m > 4.50m)
[door_detection_node-21] [INFO] [1790646745.673993867] [door_detection_node]: 문 후보 발행: id=door_blue_95e8e9, source=front_right, color=blue, dist=1.17m, conf=1.00, bbox=(39,0,256,240), rep_x=147, center_x=147, angle=-66.8deg, center_angle=-66.8deg, lidar=1.21m, visual=1.95m, goal=(5.81,-0.77), handle=(5.37,-1.94,0.83), handle_obs=True, handle_method=yolo:primary:item, handle_conf=0.76
[state_machine_node-24] [INFO] [1790646745.686229218] [state_machine_node]: Fine door final yaw alignment: observed_blue_4p9_m1p9, dist=0.13m/0.17m, yaw_error=68deg, cmd=(0.00, -0.25)
[state_machine_node-24] [INFO] [1790646745.689827000] [state_machine_node]: 문 접근 목표 보정: door_blue_95e8e9 handle_axis=(5.37, -1.94) goal_axis=(5.37, -0.84) wall_axis=(5.37, -1.94) yaw=-90deg
[state_machine_node-24] [INFO] [1790646745.692662513] [state_machine_node]: 문 접근 목표 보정: door_blue_95e8e9 handle_axis=(5.37, -1.94) goal_axis=(5.37, -0.84) wall_axis=(5.37, -1.94) yaw=-90deg
[state_machine_node-24] [INFO] [1790646745.714277280] [state_machine_node]: 문 접근 목표 보정: door_blue_95e8e9 handle_axis=(5.37, -1.94) goal_axis=(5.37, -0.84) wall_axis=(5.37, -1.94) yaw=-90deg
[state_machine_node-24] [WARN] [1790646745.716244752] [state_machine_node]: Close door-front observation moved observed_blue_4p9_m1p9 by 0.46m; returning to Nav2 before final alignment.
[state_machine_node-24] [WARN] [1790646745.717154421] [state_machine_node]: Locked blue target refined from newer observation: observed_blue_4p9_m1p9 -> observed_blue_4p9_m1p9, goal shift=0.46m, identity=(4.96,-1.72) -> (4.89,-1.82)
[navigation_node-22] [INFO] [1790646745.718840007] [navigation_node]: Navigation goal received: door observed_blue_4p9_m1p9 (color=blue, frame=map, x=5.37, y=-0.84)
[bt_navigator-17] [INFO] [1790646745.836403042] [bt_navigator]: Begin navigating from current location (4.83, -0.62) to (5.37, -0.84)
[navigation_node-22] [INFO] [1790646745.839892780] [navigation_node]: Navigation goal accepted by Nav2
[controller_server-13] [INFO] [1790646746.037518872] [controller_server]: Received a goal, begin computing control effort.
[controller_server-13] [INFO] [1790646747.413533079] [controller_server]: Passing new path to controller.
[door_detection_node-21] [INFO] [1790646747.999608987] [door_detection_node]: HSV candidate rejected: color=blue, edge-clipped bbox=(0,0,204,240), width_ratio=0.64
[controller_server-13] [INFO] [1790646748.663522214] [controller_server]: Passing new path to controller.
[door_detection_node-21] [INFO] [1790646749.100767571] [door_detection_node]: Side camera visual fallback rejected (source=front_left, lidar=1.10m, visual=5.26m > 4.50m)
[state_machine_node-24] [INFO] [1790646749.929830403] [state_machine_node]: Nav2 door goal position is near, but yaw is not ready yet: observed_blue_4p9_m1p9, dist=0.37m/0.38m, lateral=0.10m/0.24m, yaw_error=60deg.
[controller_server-13] [INFO] [1790646750.038535192] [controller_server]: Passing new path to controller.
[state_machine_node-24] [INFO] [1790646750.758694634] [state_machine_node]: Nav2 door goal position is near, but yaw is not ready yet: observed_blue_4p9_m1p9, dist=0.32m/0.38m, lateral=0.09m/0.24m, yaw_error=59deg.
[door_detection_node-21] [INFO] [1790646751.091987107] [door_detection_node]: HSV candidate rejected: color=blue, edge-clipped bbox=(0,0,252,240), width_ratio=0.79
[controller_server-13] [INFO] [1790646751.288491015] [controller_server]: Passing new path to controller.
[state_machine_node-24] [INFO] [1790646751.578578283] [state_machine_node]: Nav2 door goal position is near, but yaw is not ready yet: observed_blue_4p9_m1p9, dist=0.31m/0.38m, lateral=0.08m/0.24m, yaw_error=61deg.
[planner_server-15] [INFO] [1790646751.717974843] [global_costmap.global_costmap]: StaticLayer: Resizing static layer to 303 X 86 at 0.050000 m/pix
[state_machine_node-24] [INFO] [1790646752.406234560] [state_machine_node]: Nav2 door goal position is near, but yaw is not ready yet: observed_blue_4p9_m1p9, dist=0.30m/0.38m, lateral=0.08m/0.24m, yaw_error=61deg.
[door_detection_node-21] [INFO] [1790646752.440202642] [door_detection_node]: Side camera visual fallback rejected (source=front_left, lidar=1.33m, visual=5.20m > 4.50m)
[controller_server-13] [INFO] [1790646752.538478473] [controller_server]: Passing new path to controller.
[state_machine_node-24] [INFO] [1790646753.230392186] [state_machine_node]: Nav2 goal is close enough for fine door alignment: observed_blue_4p9_m1p9, dist=0.27m/0.38m, lateral=0.08m/0.24m, yaw_error=63deg.
[state_machine_node-24] [INFO] [1790646753.231502943] [state_machine_node]: Nav2 goal cancellation requested before door fine alignment.
[navigation_node-22] [INFO] [1790646753.231819620] [navigation_node]: Navigation cancellation requested for manual control handoff.
[bt_navigator-17] [ERROR] [1790646753.260264530] [bt_navigator_navigate_to_pose_rclcpp_node]: Failed to get result for follow_path in node halt!
[bt_navigator-17] [INFO] [1790646753.261139309] [bt_navigator]: [navigate_to_pose] [ActionServer] Client requested to cancel the goal. Cancelling.
[bt_navigator-17] [INFO] [1790646753.261455347] [bt_navigator]: Goal canceled
[state_machine_node-24] [INFO] [1790646753.287284676] [state_machine_node]: Fine door approach started: observed_blue_4p9_m1p9, dist=0.27m, lateral=0.08m, forward=0.26m, yaw_error=63deg
[state_machine_node-24] [INFO] [1790646753.288048795] [state_machine_node]: Fine door parking translation: observed_blue_4p9_m1p9, dist=0.27m/0.17m, heading_error=17deg, cmd=(0.07, 0.14)
[controller_server-13] [INFO] [1790646753.288492409] [controller_server]: Goal was canceled. Stopping the robot.
[controller_server-13] [INFO] [1790646753.288561831] [controller_server]: [follow_path] [ActionServer] Client requested to cancel the goal. Cancelling.
[door_detection_node-21] [INFO] [1790646753.441819662] [door_detection_node]: 문 후보 발행: id=door_blue_95e8e9, source=front_right, color=blue, dist=0.99m, conf=1.00, bbox=(8,0,270,240), rep_x=139, center_x=139, angle=-64.9deg, center_angle=-64.9deg, lidar=1.01m, visual=1.95m, goal=(6.00,-0.87), handle=(5.32,-1.92,0.84), handle_obs=True, handle_method=hsv, handle_conf=0.81
[state_machine_node-24] [INFO] [1790646753.445265914] [state_machine_node]: 문 접근 목표 보정: door_blue_95e8e9 handle_axis=(5.32, -1.92) goal_axis=(5.32, -0.82) wall_axis=(5.32, -1.92) yaw=-90deg
[state_machine_node-24] [INFO] [1790646753.446940822] [state_machine_node]: 문 접근 목표 보정: door_blue_95e8e9 handle_axis=(5.32, -1.92) goal_axis=(5.32, -0.82) wall_axis=(5.32, -1.92) yaw=-90deg
[state_machine_node-24] [INFO] [1790646753.467464334] [state_machine_node]: 문 접근 목표 보정: door_blue_95e8e9 handle_axis=(5.32, -1.92) goal_axis=(5.32, -0.82) wall_axis=(5.32, -1.92) yaw=-90deg
[state_machine_node-24] [INFO] [1790646754.094802695] [state_machine_node]: Fine door parking translation: observed_blue_4p9_m1p9, dist=0.25m/0.17m, heading_error=14deg, cmd=(0.07, 0.14)
[state_machine_node-24] [INFO] [1790646754.928670106] [state_machine_node]: Fine door parking translation: observed_blue_4p9_m1p9, dist=0.20m/0.17m, heading_error=15deg, cmd=(0.07, 0.14)
[door_detection_node-21] [INFO] [1790646755.432762364] [door_detection_node]: HSV candidate rejected: color=blue, edge-clipped bbox=(86,0,320,240), width_ratio=0.73
[state_machine_node-24] [INFO] [1790646755.762908862] [state_machine_node]: Fine door final yaw alignment: observed_blue_4p9_m1p9, dist=0.16m/0.17m, yaw_error=71deg, cmd=(0.00, -0.25)
[state_machine_node-24] [INFO] [1790646756.589345972] [state_machine_node]: Fine door final yaw alignment: observed_blue_4p9_m1p9, dist=0.15m/0.17m, yaw_error=67deg, cmd=(0.00, -0.25)
[door_detection_node-21] [INFO] [1790646756.920332242] [door_detection_node]: 문 후보 발행: id=door_blue_f16991, source=front_left, color=blue, dist=6.10m, conf=0.54, bbox=(213,71,240,166), rep_x=226, center_x=226, angle=54.2deg, center_angle=54.2deg, lidar=6.69m, visual=4.93m, goal=(10.04,0.96), handle=(10.58,2.08,1.00), handle_obs=False, handle_method=estimated, handle_conf=0.00
[state_machine_node-24] [INFO] [1790646757.431396671] [state_machine_node]: Fine door final yaw alignment: observed_blue_4p9_m1p9, dist=0.15m/0.17m, yaw_error=61deg, cmd=(0.00, -0.25)
[state_machine_node-24] [INFO] [1790646758.294829718] [state_machine_node]: Fine door final yaw alignment: observed_blue_4p9_m1p9, dist=0.15m/0.17m, yaw_error=57deg, cmd=(0.00, -0.25)
[door_detection_node-21] [INFO] [1790646758.874949727] [door_detection_node]: 문 후보 발행: id=door_blue_9800cb, source=front_left, color=blue, dist=5.90m, conf=0.62, bbox=(165,73,191,165), rep_x=178, center_x=178, angle=65.6deg, center_angle=65.6deg, lidar=6.34m, visual=5.09m, goal=(9.68,0.92), handle=(10.45,1.90,1.00), handle_obs=True, handle_method=estimated, handle_conf=0.00
[state_machine_node-24] [INFO] [1790646759.127038649] [state_machine_node]: Fine door final yaw alignment: observed_blue_4p9_m1p9, dist=0.16m/0.17m, yaw_error=52deg, cmd=(0.00, -0.25)
[door_detection_node-21] [INFO] [1790646759.327175100] [door_detection_node]: HSV candidate rejected: color=blue, edge-clipped bbox=(0,0,257,240), width_ratio=0.80
[state_machine_node-24] [INFO] [1790646759.994202039] [state_machine_node]: Fine door final yaw alignment: observed_blue_4p9_m1p9, dist=0.16m/0.17m, yaw_error=47deg, cmd=(0.00, -0.25)
[state_machine_node-24] [INFO] [1790646760.822399040] [state_machine_node]: Fine door final yaw alignment: observed_blue_4p9_m1p9, dist=0.15m/0.17m, yaw_error=44deg, cmd=(0.00, -0.25)
[door_detection_node-21] [INFO] [1790646760.895694072] [door_detection_node]: 문 후보 발행: id=door_blue_cc16bb, source=front_left, color=blue, dist=5.94m, conf=0.63, bbox=(124,71,148,165), rep_x=136, center_x=136, angle=75.9deg, center_angle=75.9deg, lidar=6.49m, visual=4.98m, goal=(9.53,1.14), handle=(10.46,1.98,1.00), handle_obs=True, handle_method=estimated, handle_conf=0.00
[door_detection_node-21] [INFO] [1790646761.357193587] [door_detection_node]: HSV candidate rejected: color=blue, edge-clipped bbox=(0,0,202,240), width_ratio=0.63
[state_machine_node-24] [INFO] [1790646761.664944446] [state_machine_node]: Fine door final yaw alignment: observed_blue_4p9_m1p9, dist=0.15m/0.17m, yaw_error=39deg, cmd=(0.00, -0.25)
[state_machine_node-24] [INFO] [1790646762.488921448] [state_machine_node]: Fine door final yaw alignment: observed_blue_4p9_m1p9, dist=0.16m/0.17m, yaw_error=35deg, cmd=(0.00, -0.25)
[planner_server-15] [INFO] [1790646762.718418369] [global_costmap.global_costmap]: StaticLayer: Resizing static layer to 303 X 87 at 0.050000 m/pix
[door_detection_node-21] [INFO] [1790646762.776652541] [door_detection_node]: 문 후보 발행: id=door_blue_cc16bb, source=front_left, color=blue, dist=5.79m, conf=0.57, bbox=(77,71,104,170), rep_x=90, center_x=90, angle=86.7deg, center_angle=86.7deg, lidar=6.52m, visual=4.73m, goal=(9.20,1.35), handle=(10.25,2.02,1.00), handle_obs=True, handle_method=estimated, handle_conf=0.00
[state_machine_node-24] [INFO] [1790646763.319898456] [state_machine_node]: Fine door final yaw alignment: observed_blue_4p9_m1p9, dist=0.17m/0.17m, yaw_error=30deg, cmd=(0.00, -0.25)
[state_machine_node-24] [INFO] [1790646764.181510543] [state_machine_node]: Fine door final yaw alignment: observed_blue_4p9_m1p9, dist=0.16m/0.17m, yaw_error=26deg, cmd=(0.00, -0.25)
[door_detection_node-21] [INFO] [1790646764.464784512] [door_detection_node]: 문 후보 발행: id=door_blue_f50f29, source=front_left, color=blue, dist=5.87m, conf=0.50, bbox=(29,67,59,173), rep_x=44, center_x=44, angle=96.4deg, center_angle=96.4deg, lidar=6.41m, visual=4.42m, goal=(9.16,1.60), handle=(10.31,2.09,1.00), handle_obs=True, handle_method=estimated, handle_conf=0.00
[state_machine_node-24] [INFO] [1790646765.026188938] [state_machine_node]: Fine door final yaw alignment: observed_blue_4p9_m1p9, dist=0.16m/0.17m, yaw_error=22deg, cmd=(0.00, -0.25)
[state_machine_node-24] [INFO] [1790646765.866744186] [state_machine_node]: Fine door final yaw alignment: observed_blue_4p9_m1p9, dist=0.15m/0.17m, yaw_error=15deg, cmd=(0.00, -0.19)
[state_machine_node-24] [INFO] [1790646766.690670957] [state_machine_node]: Fine door final yaw alignment: observed_blue_4p9_m1p9, dist=0.12m/0.17m, yaw_error=9deg, cmd=(0.00, -0.12)
[door_detection_node-21] [INFO] [1790646767.176959340] [door_detection_node]: HSV candidate rejected: color=blue, edge-clipped bbox=(135,0,320,240), width_ratio=0.58
[state_machine_node-24] [INFO] [1790646767.517194469] [state_machine_node]: Fine door final yaw alignment: observed_blue_4p9_m1p9, dist=0.14m/0.17m, yaw_error=7deg, cmd=(0.00, -0.10)
[state_machine_node-24] [INFO] [1790646768.341463922] [state_machine_node]: Fine door final yaw alignment: observed_blue_4p9_m1p9, dist=0.12m/0.17m, yaw_error=6deg, cmd=(0.00, -0.08)
[state_machine_node-24] [INFO] [1790646769.195360144] [state_machine_node]: 문 앞 정렬 완료. 2.8s 정지 후 개방합니다.
[door_detection_node-21] [INFO] [1790646769.961836275] [door_detection_node]: HSV candidate rejected: color=blue, edge-clipped bbox=(103,0,320,240), width_ratio=0.68
[door_detection_node-21] [INFO] [1790646773.701193416] [door_detection_node]: HSV candidate rejected: color=blue, edge-clipped bbox=(103,0,320,240), width_ratio=0.68
[state_machine_node-24] [INFO] [1790646774.021740945] [state_machine_node]: Observed blue target observed_blue_4p9_m1p9 accepted for opening from recheckable mapped wall memory after close alignment (count=78, conf=1.00, progress_gap=0.19m, lateral_gap=0.06m).
[state_machine_node-24] [INFO] [1790646774.063436478] [state_machine_node]: Observed blue target observed_blue_4p9_m1p9 confirmed by current same-wall live blue evidence before opening (candidate=door_blue_06f816, progress_gap=0.62/0.90, lateral_gap=0.23/0.48, conf=1.00/0.45).
[state_machine_node-24] [INFO] [1790646774.163154446] [state_machine_node]: State: NAVIGATING → OPENING_DOOR
[state_machine_node-24] [INFO] [1790646774.823381704] [state_machine_node]: 문 개방 요청 손잡이: id=observed_blue_4p9_m1p9__axis_p5p37_m1p94, method=yolo:primary:item, conf=0.76, frame=map, pos=(5.368,-1.944,0.832)
[navigation_visit_node-23] [INFO] [1790646774.828613791] [navigation_visit_node]: NAVIGATION_VISIT {"scope": "navigation_only", "physical_opening": false, "door_id": "observed_blue_4p9_m1p9__axis_p5p37_m1p94", "sim_time": 185.503, "robot": [5.239587724126629, -0.8085091061372374, -1.589165709266498], "observed_handle": [5.367685044736955, -1.944470148474509, 0.8316513351293251], "distance_m": 1.1431607119104144, "bearing_error_rad": 0.1306606107931871}
[state_machine_node-24] [INFO] [1790646774.830961268] [state_machine_node]: Selected observation memory completed: observed_blue_4p9_m1p9; original candidate excluded after position refinement.
[state_machine_node-24] [INFO] [1790646774.833435681] [state_machine_node]: 열린 파란 문 재관측 후보 1개 정리. 다음 목표 선택에서 제외합니다.
[state_machine_node-24] [INFO] [1790646774.834288941] [state_machine_node]: 문 개방 성공: observed_blue_4p9_m1p9  누적 개방: 1개
[state_machine_node-24] [INFO] [1790646774.834893500] [state_machine_node]: State: OPENING_DOOR → DOOR_OPENED
[state_machine_node-24] [INFO] [1790646775.611562062] [state_machine_node]: 다음 파란 문 탐색 시작 (개방 완료: 1개)
[state_machine_node-24] [INFO] [1790646775.612271019] [state_machine_node]: State: DOOR_OPENED → EXPLORING
[state_machine_node-24] [INFO] [1790646776.477400227] [state_machine_node]: Post-open side retreat started: lateral=-0.81m, target_abs=0.48m.
[state_machine_node-24] [INFO] [1790646776.478480922] [state_machine_node]: Post-open side retreat: lateral=-0.81m, moved=0.00/1.10m, yaw_error=-179deg, cmd=(0.00, -0.50)
[door_detection_node-21] [INFO] [1790646777.385046099] [door_detection_node]: HSV candidate rejected: color=blue, edge-clipped bbox=(73,0,320,240), width_ratio=0.77
[state_machine_node-24] [INFO] [1790646778.270434337] [state_machine_node]: Post-open side retreat: lateral=-0.82m, moved=0.00/1.10m, yaw_error=-156deg, cmd=(0.00, -0.50)
[state_machine_node-24] [INFO] [1790646779.959286601] [state_machine_node]: Post-open side retreat: lateral=-0.82m, moved=0.00/1.10m, yaw_error=-137deg, cmd=(0.00, -0.50)
[door_detection_node-21] [INFO] [1790646780.562276887] [door_detection_node]: 문 후보 발행: id=door_blue_ae6d73, source=front_left, color=blue, dist=0.97m, conf=0.77, bbox=(257,143,320,240), rep_x=288, center_x=288, angle=41.3deg, center_angle=41.3deg, lidar=0.96m, visual=4.82m, goal=(4.36,-0.89), handle=(5.24,-1.78,1.00), handle_obs=False, handle_method=estimated, handle_conf=0.00
[state_machine_node-24] [INFO] [1790646780.564806499] [state_machine_node]: Blue candidate door_blue_ae6d73 ignored: physical/opened door station already handled nearby at (5.24, -1.78).
[state_machine_node-24] [INFO] [1790646781.661125071] [state_machine_node]: Post-open side retreat: lateral=-0.82m, moved=0.00/1.10m, yaw_error=-119deg, cmd=(0.00, -0.50)
[door_detection_node-21] [INFO] [1790646782.375631032] [door_detection_node]: HSV candidate rejected: color=blue, edge-clipped bbox=(119,0,320,240), width_ratio=0.63
[state_machine_node-24] [INFO] [1790646783.334007945] [state_machine_node]: Post-open side retreat: lateral=-0.85m, moved=0.00/1.10m, yaw_error=-99deg, cmd=(0.00, -0.50)
[state_machine_node-24] [INFO] [1790646785.020596688] [state_machine_node]: Post-open side retreat: lateral=-0.89m, moved=0.00/1.10m, yaw_error=-75deg, cmd=(0.00, -0.50)
[door_detection_node-21] [INFO] [1790646786.374205063] [door_detection_node]: 문 후보 발행: id=door_blue_0d9a80, source=front_left, color=blue, dist=1.05m, conf=1.00, bbox=(0,0,118,240), rep_x=59, center_x=59, angle=93.3deg, center_angle=93.3deg, lidar=1.05m, visual=1.95m, goal=(5.45,-0.76), handle=(4.90,-1.88,1.00), handle_obs=False, handle_method=estimated, handle_conf=0.00
[state_machine_node-24] [INFO] [1790646786.377566204] [state_machine_node]: Blue candidate door_blue_0d9a80 ignored: physical/opened door station already handled nearby at (4.90, -1.88).
[state_machine_node-24] [INFO] [1790646786.705342287] [state_machine_node]: Post-open side retreat: lateral=-0.93m, moved=0.00/1.10m, yaw_error=-54deg, cmd=(0.00, -0.50)
[state_machine_node-24] [INFO] [1790646788.376268001] [state_machine_node]: Post-open side retreat: lateral=-0.95m, moved=0.00/1.10m, yaw_error=-36deg, cmd=(0.00, -0.50)
[door_detection_node-21] [INFO] [1790646788.577602091] [door_detection_node]: Side camera LiDAR range looks occluded; using visual range instead (source=front_right, lidar=0.96m, visual=4.50m)
[door_detection_node-21] [INFO] [1790646788.966437902] [door_detection_node]: 문 후보 발행: id=door_blue_622815, source=front_right, color=blue, dist=4.50m, conf=0.55, bbox=(289,65,319,169), rep_x=304, center_x=304, angle=-101.6deg, center_angle=-101.6deg, lidar=1.19m, visual=4.50m, goal=(8.36,0.25), handle=(9.36,1.01,1.00), handle_obs=True, handle_method=estimated, handle_conf=0.00
[state_machine_node-24] [INFO] [1790646790.078958383] [state_machine_node]: Post-open side retreat: lateral=-0.94m, moved=0.00/1.10m, yaw_error=-17deg, cmd=(0.00, -0.50)
[door_detection_node-21] [INFO] [1790646790.231337072] [door_detection_node]: Side camera visual fallback rejected (source=front_right, lidar=0.90m, visual=5.03m > 4.50m)
[state_machine_node-24] [INFO] [1790646791.774509949] [state_machine_node]: Post-open side retreat: lateral=-0.88m, moved=0.00/1.10m, yaw_error=-5deg, cmd=(0.18, -0.08)
[state_machine_node-24] [INFO] [1790646793.448316848] [state_machine_node]: Post-open side retreat: lateral=-0.70m, moved=0.11/1.10m, yaw_error=-3deg, cmd=(0.18, -0.04)
[door_detection_node-21] [INFO] [1790646793.888705108] [door_detection_node]: Side camera visual fallback rejected (source=front_right, lidar=0.88m, visual=4.93m > 4.50m)
[state_machine_node-24] [INFO] [1790646795.164649148] [state_machine_node]: Post-open side retreat: lateral=-0.52m, moved=0.29/1.10m, yaw_error=-1deg, cmd=(0.18, -0.02)
[state_machine_node-24] [INFO] [1790646796.004630730] [state_machine_node]: Post-open side retreat complete: lateral=0.43m <= target=0.48m
[state_machine_node-24] [INFO] [1790646796.057214443] [state_machine_node]: observed blue candidate waiting for closer confirmation: ahead=5.1m > 5.0m.
[state_machine_node-24] [INFO] [1790646796.058930884] [state_machine_node]: 문 접근 목표 보정: observed_blue_9p4_1p3 handle_axis=(9.40, 1.32) goal_axis=(9.40, 0.22) wall_axis=(9.40, 1.32) yaw=90deg
[state_machine_node-24] [INFO] [1790646796.074410155] [state_machine_node]: 문 접근 목표 보정: observed_blue_9p4_1p3 handle_axis=(9.40, 1.32) goal_axis=(9.40, 0.22) wall_axis=(9.40, 1.32) yaw=90deg
[state_machine_node-24] [INFO] [1790646796.090226205] [state_machine_node]: 문 접근 목표 보정: observed_blue_10p3_1p9 handle_axis=(10.30, 1.90) goal_axis=(10.30, 0.80) wall_axis=(10.30, 1.90) yaw=90deg
[state_machine_node-24] [INFO] [1790646796.095004336] [state_machine_node]: 문 접근 목표 보정: observed_blue_9p4_1p3 handle_axis=(9.40, 1.32) goal_axis=(9.40, 0.22) wall_axis=(9.40, 1.32) yaw=90deg
[state_machine_node-24] [WARN] [1790646796.099068744] [state_machine_node]: Blue target observed_blue_9p4_1p3 retained for revisit: stable unopened blue memory must be checked before exit even when it is behind the farthest opened station.
[state_machine_node-24] [INFO] [1790646796.104496481] [state_machine_node]: 문 접근 목표 보정: observed_blue_9p4_1p3 handle_axis=(9.40, 1.32) goal_axis=(9.40, 0.22) wall_axis=(9.40, 1.32) yaw=90deg
[state_machine_node-24] [INFO] [1790646796.105737520] [state_machine_node]: 문 접근 목표 보정: observed_blue_9p4_1p3 handle_axis=(9.40, 1.32) goal_axis=(9.40, 0.22) wall_axis=(9.40, 1.32) yaw=90deg
[state_machine_node-24] [INFO] [1790646796.107372138] [state_machine_node]: LiDAR+camera segment map 사전 스캔 시작: observed_blue_9p4_1p3
[state_machine_node-24] [INFO] [1790646796.865805853] [state_machine_node]: 문 접근 목표 보정: observed_blue_9p4_1p3 handle_axis=(9.40, 1.32) goal_axis=(9.40, 0.22) wall_axis=(9.40, 1.32) yaw=90deg
[door_detection_node-21] [INFO] [1790646797.406654062] [door_detection_node]: 문 후보 발행: id=door_blue_afd873, source=front_right, color=blue, dist=5.23m, conf=0.57, bbox=(133,72,154,168), rep_x=143, center_x=143, angle=-65.8deg, center_angle=-65.8deg, lidar=5.17m, visual=4.88m, goal=(8.73,1.77), handle=(9.98,1.78,1.00), handle_obs=False, handle_method=estimated, handle_conf=0.00
[state_machine_node-24] [INFO] [1790646797.709787775] [state_machine_node]: 문 접근 목표 보정: observed_blue_9p5_1p4 handle_axis=(9.53, 1.41) goal_axis=(9.53, 0.31) wall_axis=(9.53, 1.41) yaw=90deg
[state_machine_node-24] [INFO] [1790646798.543041621] [state_machine_node]: 문 접근 목표 보정: observed_blue_9p5_1p4 handle_axis=(9.53, 1.41) goal_axis=(9.53, 0.31) wall_axis=(9.53, 1.41) yaw=90deg
[state_machine_node-24] [INFO] [1790646798.545516571] [state_machine_node]: 사전 스캔 완료. Nav2가 segment map 기반 경로를 계획합니다: observed_blue_9p4_1p3
[state_machine_node-24] [INFO] [1790646798.565544789] [state_machine_node]: Locked blue target after pre-scan: observed_blue_9p4_1p3 opened=1 retry=0/2
[state_machine_node-24] [INFO] [1790646798.566384587] [state_machine_node]: State: EXPLORING → NAVIGATING
[navigation_node-22] [INFO] [1790646798.570345575] [navigation_node]: Navigation goal received: door observed_blue_9p4_1p3 (color=blue, frame=map, x=9.40, y=0.22)
[bt_navigator-17] [INFO] [1790646798.696290545] [bt_navigator]: Begin navigating from current location (5.24, -0.42) to (9.40, 0.22)
[navigation_node-22] [INFO] [1790646798.699659807] [navigation_node]: Navigation goal accepted by Nav2
[controller_server-13] [INFO] [1790646798.897263715] [controller_server]: Received a goal, begin computing control effort.
[door_detection_node-21] [INFO] [1790646799.017812181] [door_detection_node]: 문 후보 발행: id=door_blue_afd873, source=front_right, color=blue, dist=5.16m, conf=0.57, bbox=(133,72,154,168), rep_x=143, center_x=143, angle=-65.8deg, center_angle=-65.8deg, lidar=5.20m, visual=4.88m, goal=(8.67,1.74), handle=(9.92,1.76,1.00), handle_obs=False, handle_method=estimated, handle_conf=0.00
[state_machine_node-24] [INFO] [1790646799.025129774] [state_machine_node]: 문 접근 목표 보정: door_blue_afd873 handle_axis=(9.92, 1.76) goal_axis=(9.92, 0.66) wall_axis=(9.92, 1.76) yaw=90deg
[state_machine_node-24] [INFO] [1790646799.027893536] [state_machine_node]: 문 접근 목표 보정: door_blue_afd873 handle_axis=(9.92, 1.76) goal_axis=(9.92, 0.66) wall_axis=(9.92, 1.76) yaw=90deg
[state_machine_node-24] [WARN] [1790646799.029643329] [state_machine_node]: Locked blue target refined from newer observation: observed_blue_9p4_1p3 -> observed_blue_9p4_1p3, goal shift=0.68m, identity=(9.40,1.32) -> (9.92,1.76)
[navigation_node-22] [INFO] [1790646799.031630858] [navigation_node]: Navigation goal received: door observed_blue_9p4_1p3 (color=blue, frame=map, x=9.92, y=0.66)
[navigation_node-22] [WARN] [1790646799.032534096] [navigation_node]: Already navigating. Preempting current goal without an explicit stop before retargeting to: observed_blue_9p4_1p3
[navigation_node-22] [INFO] [1790646799.162313509] [navigation_node]: Navigation goal accepted by Nav2
[bt_navigator-17] [INFO] [1790646799.196516350] [bt_navigator]: Received goal preemption request
[bt_navigator-17] [INFO] [1790646799.196930193] [bt_navigator]: Begin navigating from current location (5.24, -0.42) to (9.92, 0.66)
[state_machine_node-24] [WARN] [1790646799.302327394] [state_machine_node]: Fine alignment blocked by costmap: occupied, inscribed, unknown or out-of-map approach segment; retaining Nav2/reobservation.
[controller_server-13] [INFO] [1790646800.272968464] [controller_server]: Passing new path to controller.
[door_detection_node-21] [INFO] [1790646800.701731162] [door_detection_node]: 문 후보 발행: id=door_blue_afd873, source=front_right, color=blue, dist=5.28m, conf=0.41, bbox=(131,73,152,168), rep_x=141, center_x=141, angle=-65.4deg, center_angle=-65.4deg, lidar=0.82m, visual=4.93m, goal=(8.77,1.81), handle=(10.02,1.82,1.00), handle_obs=False, handle_method=estimated, handle_conf=0.00
[state_machine_node-24] [INFO] [1790646800.710406423] [state_machine_node]: 문 접근 목표 보정: door_blue_afd873 handle_axis=(10.02, 1.82) goal_axis=(10.02, 0.72) wall_axis=(10.02, 1.82) yaw=90deg
[state_machine_node-24] [INFO] [1790646800.711770388] [state_machine_node]: 문 접근 목표 보정: door_blue_afd873 handle_axis=(10.02, 1.82) goal_axis=(10.02, 0.72) wall_axis=(10.02, 1.82) yaw=90deg
[controller_server-13] [INFO] [1790646801.522982508] [controller_server]: Passing new path to controller.
[state_machine_node-24] [WARN] [1790646801.875258537] [state_machine_node]: Fine alignment blocked by costmap: occupied, inscribed, unknown or out-of-map approach segment; retaining Nav2/reobservation.
[door_detection_node-21] [INFO] [1790646802.382252842] [door_detection_node]: 문 후보 발행: id=door_blue_afd873, source=front_right, color=blue, dist=5.01m, conf=0.43, bbox=(114,71,135,172), rep_x=124, center_x=124, angle=-61.3deg, center_angle=-61.3deg, lidar=4.34m, visual=4.63m, goal=(8.60,1.83), handle=(9.84,1.71,1.00), handle_obs=False, handle_method=estimated, handle_conf=0.00
[state_machine_node-24] [INFO] [1790646802.390437509] [state_machine_node]: 문 접근 목표 보정: door_blue_afd873 handle_axis=(9.84, 1.71) goal_axis=(9.84, 0.61) wall_axis=(9.84, 1.71) yaw=90deg
[state_machine_node-24] [INFO] [1790646802.391735336] [state_machine_node]: 문 접근 목표 보정: door_blue_afd873 handle_axis=(9.84, 1.71) goal_axis=(9.84, 0.61) wall_axis=(9.84, 1.71) yaw=90deg
[controller_server-13] [INFO] [1790646802.897913144] [controller_server]: Passing new path to controller.
[door_detection_node-21] [INFO] [1790646804.048719174] [door_detection_node]: 문 후보 발행: id=door_blue_a39a0f, source=front_right, color=blue, dist=4.99m, conf=0.43, bbox=(194,70,214,172), rep_x=204, center_x=204, angle=-80.6deg, center_angle=-80.6deg, lidar=3.98m, visual=4.59m, goal=(8.66,1.50), handle=(9.88,1.76,1.00), handle_obs=True, handle_method=estimated, handle_conf=0.00
[state_machine_node-24] [INFO] [1790646804.057299424] [state_machine_node]: 문 접근 목표 보정: door_blue_a39a0f handle_axis=(9.88, 1.76) goal_axis=(9.88, 0.66) wall_axis=(9.88, 1.76) yaw=90deg
[state_machine_node-24] [INFO] [1790646804.058660692] [state_machine_node]: 문 접근 목표 보정: door_blue_a39a0f handle_axis=(9.88, 1.76) goal_axis=(9.88, 0.66) wall_axis=(9.88, 1.76) yaw=90deg
[controller_server-13] [INFO] [1790646804.147910893] [controller_server]: Passing new path to controller.
[state_machine_node-24] [WARN] [1790646804.444277416] [state_machine_node]: Fine alignment blocked by costmap: occupied, inscribed, unknown or out-of-map approach segment; retaining Nav2/reobservation.
[controller_server-13] [INFO] [1790646805.397932501] [controller_server]: Passing new path to controller.
[door_detection_node-21] [INFO] [1790646805.803264742] [door_detection_node]: 문 후보 발행: id=door_blue_622815, source=front_right, color=blue, dist=5.43m, conf=0.44, bbox=(256,67,278,176), rep_x=267, center_x=267, angle=-94.6deg, center_angle=-94.6deg, lidar=8.84m, visual=4.29m, goal=(9.20,1.31), handle=(10.34,1.81,1.00), handle_obs=True, handle_method=estimated, handle_conf=0.00
[state_machine_node-24] [INFO] [1790646805.810163953] [state_machine_node]: 문 접근 목표 보정: door_blue_622815 handle_axis=(10.34, 1.81) goal_axis=(10.34, 0.71) wall_axis=(10.34, 1.81) yaw=90deg
[state_machine_node-24] [INFO] [1790646805.811003439] [state_machine_node]: Locked blue target refine skipped: door_blue_622815 total drift progress=0.95m, xy=1.07m > 1.05m from locked anchor
[controller_server-13] [INFO] [1790646806.647914320] [controller_server]: Passing new path to controller.
[state_machine_node-24] [WARN] [1790646806.976205537] [state_machine_node]: Fine alignment blocked by costmap: occupied, inscribed, unknown or out-of-map approach segment; retaining Nav2/reobservation.
[door_detection_node-21] [INFO] [1790646807.100774625] [door_detection_node]: YOLO 후보 제외: source=front_right, far small dist=5.55m, conf=0.26, bbox=(164,71,182,171)
[controller_server-13] [INFO] [1790646807.897900421] [controller_server]: Passing new path to controller.
[controller_server-13] [INFO] [1790646809.273699294] [controller_server]: Passing new path to controller.
[door_detection_node-21] [INFO] [1790646810.256078211] [door_detection_node]: 문 후보 발행: id=door_blue_5f9f81, source=front_right, color=blue, dist=4.76m, conf=0.75, bbox=(9,58,34,182), rep_x=21, center_x=21, angle=-39.3deg, center_angle=-39.3deg, lidar=5.38m, visual=3.77m, goal=(8.90,2.34), handle=(9.89,1.57,1.00), handle_obs=True, handle_method=estimated, handle_conf=0.00
[state_machine_node-24] [INFO] [1790646810.263983784] [state_machine_node]: 문 접근 목표 보정: door_blue_5f9f81 handle_axis=(9.89, 1.57) goal_axis=(9.89, 0.47) wall_axis=(9.89, 1.57) yaw=90deg
[state_machine_node-24] [INFO] [1790646810.266823049] [state_machine_node]: 문 접근 목표 보정: door_blue_5f9f81 handle_axis=(9.89, 1.57) goal_axis=(9.89, 0.47) wall_axis=(9.89, 1.57) yaw=90deg
[state_machine_node-24] [WARN] [1790646810.268219212] [state_machine_node]: Locked blue target refined from newer observation: observed_blue_9p4_1p3 -> observed_blue_9p4_1p3, goal shift=0.19m, identity=(9.92,1.76) -> (9.89,1.57)
[navigation_node-22] [INFO] [1790646810.270027145] [navigation_node]: Navigation goal received: door observed_blue_9p4_1p3 (color=blue, frame=map, x=9.89, y=0.47)
[navigation_node-22] [INFO] [1790646810.270819121] [navigation_node]: Ignoring duplicate navigation target for active door: observed_blue_9p4_1p3
[door_detection_node-21] [INFO] [1790646810.272303984] [door_detection_node]: Side camera LiDAR range looks occluded; using visual range instead (source=front_right, lidar=0.91m, visual=2.49m)
[controller_server-13] [INFO] [1790646810.397899455] [controller_server]: Passing new path to controller.
[door_detection_node-21] [INFO] [1790646810.624643547] [door_detection_node]: Side camera LiDAR range looks too long for the visible door; using visual range (source=front_right, lidar=7.74m, visual=3.63m)
[state_machine_node-24] [INFO] [1790646811.015746360] [state_machine_node]: 문 접근 목표 보정: door_blue_b16a79 handle_axis=(8.79, 1.31) goal_axis=(8.79, 0.21) wall_axis=(8.79, 1.31) yaw=90deg
[state_machine_node-24] [INFO] [1790646811.016251817] [state_machine_node]: Locked blue target refine skipped: door_blue_b16a79 progress jump 1.10m > 1.05m
[controller_server-13] [INFO] [1790646811.772902193] [controller_server]: Passing new path to controller.
[door_detection_node-21] [INFO] [1790646812.524289424] [door_detection_node]: Front lateral LiDAR range looks too long for the visible door; using visual range (lidar=5.11m, visual=3.90m)
[door_detection_node-21] [INFO] [1790646812.899543404] [door_detection_node]: 문 후보 발행: id=door_blue_a2b639, source=front, color=blue, dist=3.90m, conf=0.61, bbox=(251,59,273,179), rep_x=262, center_x=262, angle=-23.6deg, center_angle=-23.6deg, lidar=7.30m, visual=3.90m, goal=(8.62,2.51), handle=(9.33,1.47,1.00), handle_obs=True, handle_method=estimated, handle_conf=0.00
[state_machine_node-24] [INFO] [1790646812.907675321] [state_machine_node]: 문 접근 목표 보정: door_blue_a2b639 handle_axis=(9.33, 1.47) goal_axis=(9.33, 0.37) wall_axis=(9.33, 1.47) yaw=90deg
[state_machine_node-24] [INFO] [1790646812.910378789] [state_machine_node]: 문 접근 목표 보정: door_blue_a2b639 handle_axis=(9.33, 1.47) goal_axis=(9.33, 0.37) wall_axis=(9.33, 1.47) yaw=90deg
[state_machine_node-24] [WARN] [1790646812.911345015] [state_machine_node]: Locked blue target refined from newer observation: observed_blue_9p4_1p3 -> observed_blue_9p4_1p3, goal shift=0.57m, identity=(9.89,1.57) -> (9.33,1.47)
[navigation_node-22] [INFO] [1790646812.912733027] [navigation_node]: Navigation goal received: door observed_blue_9p4_1p3 (color=blue, frame=map, x=9.33, y=0.37)
[navigation_node-22] [WARN] [1790646812.913341610] [navigation_node]: Already navigating. Preempting current goal without an explicit stop before retargeting to: observed_blue_9p4_1p3
[controller_server-13] [INFO] [1790646813.023006473] [controller_server]: Passing new path to controller.
[navigation_node-22] [INFO] [1790646813.039107345] [navigation_node]: Navigation goal accepted by Nav2
[bt_navigator-17] [INFO] [1790646813.096571311] [bt_navigator]: Received goal preemption request
[bt_navigator-17] [INFO] [1790646813.097055839] [bt_navigator]: Begin navigating from current location (5.60, 0.84) to (9.33, 0.37)
[controller_server-13] [INFO] [1790646814.397910021] [controller_server]: Passing new path to controller.
[door_detection_node-21] [INFO] [1790646814.534952140] [door_detection_node]: YOLO 후보 제외: source=front, far small dist=4.97m, conf=0.50, bbox=(183,59,200,176)
[planner_server-15] [INFO] [1790646814.718005528] [global_costmap.global_costmap]: StaticLayer: Resizing static layer to 305 X 87 at 0.050000 m/pix
[controller_server-13] [INFO] [1790646815.522906404] [controller_server]: Passing new path to controller.
[planner_server-15] [INFO] [1790646815.718086257] [global_costmap.global_costmap]: StaticLayer: Resizing static layer to 308 X 87 at 0.050000 m/pix
[planner_server-15] [INFO] [1790646816.718047607] [global_costmap.global_costmap]: StaticLayer: Resizing static layer to 310 X 87 at 0.050000 m/pix
[controller_server-13] [INFO] [1790646816.897912769] [controller_server]: Passing new path to controller.
[controller_server-13] [INFO] [1790646818.147917943] [controller_server]: Passing new path to controller.
[door_detection_node-21] [INFO] [1790646818.323008738] [door_detection_node]: 문 후보 발행: id=door_blue_c8a91a, source=front, color=blue, dist=4.14m, conf=0.54, bbox=(91,50,113,186), rep_x=102, center_x=102, angle=13.9deg, center_angle=13.9deg, lidar=4.28m, visual=3.44m, goal=(10.27,0.71), handle=(10.29,1.95,1.00), handle_obs=True, handle_method=estimated, handle_conf=0.00
[state_machine_node-24] [INFO] [1790646818.331086273] [state_machine_node]: 문 접근 목표 보정: door_blue_c8a91a handle_axis=(10.29, 1.95) goal_axis=(10.29, 0.85) wall_axis=(10.29, 1.95) yaw=90deg
[state_machine_node-24] [INFO] [1790646818.333421306] [state_machine_node]: Locked blue target refine skipped: door_blue_c8a91a total drift progress=0.90m, xy=1.10m > 1.05m from locked anchor
[door_detection_node-21] [INFO] [1790646818.337613322] [door_detection_node]: YOLO 후보 제외: source=front, far small dist=7.39m, conf=0.41, bbox=(244,82,261,154)
[planner_server-15] [INFO] [1790646818.717947629] [global_costmap.global_costmap]: StaticLayer: Resizing static layer to 317 X 87 at 0.050000 m/pix
[controller_server-13] [INFO] [1790646819.397908883] [controller_server]: Passing new path to controller.
[door_detection_node-21] [INFO] [1790646820.047528489] [door_detection_node]: Front lateral LiDAR range looks too long for the visible door; using visual range (lidar=3.84m, visual=3.04m)
[door_detection_node-21] [INFO] [1790646820.413987177] [door_detection_node]: 문 후보 발행: id=door_blue_6fa82a, source=front, color=blue, dist=3.04m, conf=0.71, bbox=(72,39,98,193), rep_x=85, center_x=85, angle=17.8deg, center_angle=17.8deg, lidar=3.83m, visual=3.04m, goal=(9.43,0.54), handle=(9.50,1.79,1.00), handle_obs=True, handle_method=estimated, handle_conf=0.00
[state_machine_node-24] [INFO] [1790646820.421765810] [state_machine_node]: 문 접근 목표 보정: door_blue_6fa82a handle_axis=(9.50, 1.79) goal_axis=(9.50, 0.69) wall_axis=(9.50, 1.79) yaw=90deg
[state_machine_node-24] [INFO] [1790646820.424711336] [state_machine_node]: 문 접근 목표 보정: door_blue_6fa82a handle_axis=(9.50, 1.79) goal_axis=(9.50, 0.69) wall_axis=(9.50, 1.79) yaw=90deg
[state_machine_node-24] [WARN] [1790646820.426420654] [state_machine_node]: Locked blue target refined from newer observation: observed_blue_9p4_1p3 -> observed_blue_9p4_1p3, goal shift=0.36m, identity=(9.33,1.47) -> (9.50,1.79)
[navigation_node-22] [INFO] [1790646820.429098604] [navigation_node]: Navigation goal received: door observed_blue_9p4_1p3 (color=blue, frame=map, x=9.50, y=0.69)
[navigation_node-22] [WARN] [1790646820.430000754] [navigation_node]: Already navigating. Preempting current goal without an explicit stop before retargeting to: observed_blue_9p4_1p3
[door_detection_node-21] [INFO] [1790646820.437469145] [door_detection_node]: YOLO 후보 제외: source=front, far small dist=7.29m, conf=0.47, bbox=(236,81,253,156)
[navigation_node-22] [INFO] [1790646820.548066163] [navigation_node]: Navigation goal accepted by Nav2
[bt_navigator-17] [INFO] [1790646820.596593541] [bt_navigator]: Received goal preemption request
[bt_navigator-17] [INFO] [1790646820.596951406] [bt_navigator]: Begin navigating from current location (6.69, 1.01) to (9.50, 0.69)
[planner_server-15] [INFO] [1790646820.718051978] [global_costmap.global_costmap]: StaticLayer: Resizing static layer to 319 X 87 at 0.050000 m/pix
[controller_server-13] [INFO] [1790646820.772915999] [controller_server]: Passing new path to controller.
[state_machine_node-24] [INFO] [1790646820.794374714] [state_machine_node]: 문 접근 목표 보정: door_blue_6fa82a handle_axis=(9.45, 1.76) goal_axis=(9.45, 0.66) wall_axis=(9.45, 1.76) yaw=90deg
[state_machine_node-24] [INFO] [1790646820.795695303] [state_machine_node]: 문 접근 목표 보정: door_blue_6fa82a handle_axis=(9.45, 1.76) goal_axis=(9.45, 0.66) wall_axis=(9.45, 1.76) yaw=90deg
[planner_server-15] [INFO] [1790646821.718037699] [global_costmap.global_costmap]: StaticLayer: Resizing static layer to 331 X 87 at 0.050000 m/pix
[controller_server-13] [INFO] [1790646821.898087378] [controller_server]: Passing new path to controller.
[door_detection_node-21] [INFO] [1790646822.303126545] [door_detection_node]: Front lateral LiDAR range looks too long for the visible door; using visual range (lidar=3.37m, visual=2.64m)
[door_detection_node-21] [INFO] [1790646822.647636418] [door_detection_node]: 문 후보 발행: id=door_blue_c6a4bd, source=front, color=blue, dist=2.64m, conf=0.52, bbox=(58,29,92,206), rep_x=75, center_x=75, angle=20.0deg, center_angle=20.0deg, lidar=3.16m, visual=2.64m, goal=(9.38,0.51), handle=(9.45,1.75,1.00), handle_obs=True, handle_method=estimated, handle_conf=0.00
[door_detection_node-21] [INFO] [1790646822.651746926] [door_detection_node]: YOLO 후보 제외: source=front, far small dist=7.36m, conf=0.49, bbox=(238,81,256,157)
[state_machine_node-24] [INFO] [1790646822.657344297] [state_machine_node]: 문 접근 목표 보정: door_blue_c6a4bd handle_axis=(9.45, 1.75) goal_axis=(9.45, 0.65) wall_axis=(9.45, 1.75) yaw=90deg
[state_machine_node-24] [INFO] [1790646822.660664468] [state_machine_node]: 문 접근 목표 보정: door_blue_c6a4bd handle_axis=(9.45, 1.75) goal_axis=(9.45, 0.65) wall_axis=(9.45, 1.75) yaw=90deg
[planner_server-15] [INFO] [1790646822.717904556] [global_costmap.global_costmap]: StaticLayer: Resizing static layer to 332 X 87 at 0.050000 m/pix
[controller_server-13] [INFO] [1790646823.272956672] [controller_server]: Passing new path to controller.
[controller_server-13] [INFO] [1790646824.522937068] [controller_server]: Passing new path to controller.
[door_detection_node-21] [INFO] [1790646824.636801448] [door_detection_node]: 문 후보 발행: id=door_blue_c6a4bd, source=front, color=blue, dist=2.40m, conf=0.56, bbox=(60,20,97,215), rep_x=78, center_x=78, angle=19.3deg, center_angle=19.3deg, lidar=3.00m, visual=2.40m, goal=(9.49,0.49), handle=(9.51,1.73,1.00), handle_obs=True, handle_method=estimated, handle_conf=0.00
[state_machine_node-24] [INFO] [1790646824.645168008] [state_machine_node]: 문 접근 목표 보정: door_blue_c6a4bd handle_axis=(9.51, 1.73) goal_axis=(9.51, 0.63) wall_axis=(9.51, 1.73) yaw=90deg
[state_machine_node-24] [INFO] [1790646824.648110928] [state_machine_node]: 문 접근 목표 보정: door_blue_c6a4bd handle_axis=(9.51, 1.73) goal_axis=(9.51, 0.63) wall_axis=(9.51, 1.73) yaw=90deg
[door_detection_node-21] [INFO] [1790646824.649365165] [door_detection_node]: Front lateral LiDAR range looks too long for the visible door; using visual range (lidar=6.95m, visual=5.38m)
[planner_server-15] [INFO] [1790646824.718184704] [global_costmap.global_costmap]: StaticLayer: Resizing static layer to 337 X 87 at 0.050000 m/pix
[controller_server-13] [INFO] [1790646825.772889305] [controller_server]: Passing new path to controller.
[planner_server-15] [INFO] [1790646826.718140993] [global_costmap.global_costmap]: StaticLayer: Resizing static layer to 345 X 87 at 0.050000 m/pix
[door_detection_node-21] [INFO] [1790646826.966818716] [door_detection_node]: 문 후보 발행: id=door_blue_c6a4bd, source=front, color=blue, dist=2.81m, conf=0.64, bbox=(48,12,89,228), rep_x=68, center_x=68, angle=21.5deg, center_angle=21.5deg, lidar=2.87m, visual=2.17m, goal=(10.23,0.72), handle=(10.24,1.97,1.00), handle_obs=True, handle_method=estimated, handle_conf=0.00
[state_machine_node-24] [INFO] [1790646826.975281385] [state_machine_node]: 문 접근 목표 보정: door_blue_c6a4bd handle_axis=(10.24, 1.97) goal_axis=(10.24, 0.87) wall_axis=(10.24, 1.97) yaw=90deg
[state_machine_node-24] [INFO] [1790646826.978281778] [state_machine_node]: Locked blue target refine skipped: door_blue_c6a4bd total drift progress=0.85m, xy=1.07m > 1.05m from locked anchor
[controller_server-13] [INFO] [1790646827.022964485] [controller_server]: Passing new path to controller.
[state_machine_node-24] [INFO] [1790646828.379030906] [state_machine_node]: 문 접근 목표 보정: door_blue_c6a4bd handle_axis=(10.12, 1.93) goal_axis=(10.12, 0.83) wall_axis=(10.12, 1.93) yaw=90deg
[state_machine_node-24] [INFO] [1790646828.381867971] [state_machine_node]: 문 접근 목표 보정: door_blue_c6a4bd handle_axis=(10.12, 1.93) goal_axis=(10.12, 0.83) wall_axis=(10.12, 1.93) yaw=90deg
[state_machine_node-24] [WARN] [1790646828.382990509] [state_machine_node]: Locked blue target refined from newer observation: observed_blue_9p4_1p3 -> observed_blue_9p4_1p3, goal shift=0.64m, identity=(9.50,1.79) -> (10.12,1.93)
[navigation_node-22] [INFO] [1790646828.385013678] [navigation_node]: Navigation goal received: door observed_blue_9p4_1p3 (color=blue, frame=map, x=10.12, y=0.83)
[navigation_node-22] [WARN] [1790646828.385900625] [navigation_node]: Already navigating. Preempting current goal without an explicit stop before retargeting to: observed_blue_9p4_1p3
[door_detection_node-21] [INFO] [1790646828.389696785] [door_detection_node]: Front lateral LiDAR range looks too long for the visible door; using visual range (lidar=6.34m, visual=5.03m)
[controller_server-13] [INFO] [1790646828.398058405] [controller_server]: Passing new path to controller.
[navigation_node-22] [INFO] [1790646828.517517137] [navigation_node]: Navigation goal accepted by Nav2
[bt_navigator-17] [INFO] [1790646828.596602914] [bt_navigator]: Received goal preemption request
[bt_navigator-17] [INFO] [1790646828.597166693] [bt_navigator]: Begin navigating from current location (7.96, 0.98) to (10.12, 0.83)
[planner_server-15] [INFO] [1790646828.717945117] [global_costmap.global_costmap]: StaticLayer: Resizing static layer to 350 X 87 at 0.050000 m/pix
[door_detection_node-21] [INFO] [1790646828.788431371] [door_detection_node]: 문 후보 발행: id=door_blue_06f816, source=front, color=blue, dist=5.03m, conf=0.54, bbox=(263,71,287,164), rep_x=275, center_x=275, angle=-26.2deg, center_angle=-26.2deg, lidar=6.26m, visual=5.03m, goal=(12.33,-0.03), handle=(12.32,-1.28,1.00), handle_obs=True, handle_method=estimated, handle_conf=0.00
[controller_server-13] [INFO] [1790646829.648356933] [controller_server]: Passing new path to controller.
[door_detection_node-21] [INFO] [1790646830.698848330] [door_detection_node]: 문 후보 발행: id=door_blue_c6a4bd, source=front, color=blue, dist=2.29m, conf=0.66, bbox=(13,0,71,240), rep_x=42, center_x=42, angle=26.8deg, center_angle=26.8deg, lidar=2.30m, visual=1.95m, goal=(10.19,0.73), handle=(10.21,1.98,1.00), handle_obs=True, handle_method=estimated, handle_conf=0.00
[state_machine_node-24] [INFO] [1790646830.708835846] [state_machine_node]: 문 접근 목표 보정: door_blue_c6a4bd handle_axis=(10.21, 1.98) goal_axis=(10.21, 0.88) wall_axis=(10.21, 1.98) yaw=90deg
[door_detection_node-21] [INFO] [1790646830.709773609] [door_detection_node]: Front lateral LiDAR range looks too long for the visible door; using visual range (lidar=5.99m, visual=4.73m)
[state_machine_node-24] [INFO] [1790646830.712415208] [state_machine_node]: 문 접근 목표 보정: door_blue_c6a4bd handle_axis=(10.21, 1.98) goal_axis=(10.21, 0.88) wall_axis=(10.21, 1.98) yaw=90deg
[planner_server-15] [INFO] [1790646830.717926712] [global_costmap.global_costmap]: StaticLayer: Resizing static layer to 355 X 87 at 0.050000 m/pix
[controller_server-13] [INFO] [1790646830.897885550] [controller_server]: Passing new path to controller.
[door_detection_node-21] [INFO] [1790646831.055221103] [door_detection_node]: YOLO 후보 제외: source=front, far small dist=8.37m, conf=0.23, bbox=(234,88,249,153)
[door_detection_node-21] [INFO] [1790646832.199794462] [door_detection_node]: 문 후보 발행: id=door_blue_06f816, source=front, color=blue, dist=4.42m, conf=0.47, bbox=(276,66,307,172), rep_x=291, center_x=291, angle=-29.2deg, center_angle=-29.2deg, lidar=5.94m, visual=4.42m, goal=(12.25,0.08), handle=(12.25,-1.17,1.00), handle_obs=True, handle_method=estimated, handle_conf=0.00
[door_detection_node-21] [INFO] [1790646832.226501711] [door_detection_node]: YOLO 후보 제외: source=front, edge-clipped bbox=(0,0,63,240)
[controller_server-13] [INFO] [1790646832.272922991] [controller_server]: Passing new path to controller.
[planner_server-15] [INFO] [1790646832.718071610] [global_costmap.global_costmap]: StaticLayer: Resizing static layer to 359 X 87 at 0.050000 m/pix
[controller_server-13] [INFO] [1790646833.522893559] [controller_server]: Passing new path to controller.
[planner_server-15] [INFO] [1790646833.717956569] [global_costmap.global_costmap]: StaticLayer: Resizing static layer to 366 X 87 at 0.050000 m/pix
[door_detection_node-21] [INFO] [1790646834.645731683] [door_detection_node]: Front lateral LiDAR range looks too long for the visible door; using visual range (lidar=5.47m, visual=3.84m)
[door_detection_node-21] [INFO] [1790646834.654914251] [door_detection_node]: YOLO 후보 제외: source=front, edge-clipped bbox=(285,59,320,181)
[planner_server-15] [INFO] [1790646834.717963758] [global_costmap.global_costmap]: StaticLayer: Resizing static layer to 370 X 87 at 0.050000 m/pix
[controller_server-13] [INFO] [1790646834.897916113] [controller_server]: Passing new path to controller.
[door_detection_node-21] [INFO] [1790646835.010107882] [door_detection_node]: 문 후보 발행: id=door_blue_911927, source=front, color=blue, dist=1.97m, conf=1.00, bbox=(0,0,39,240), rep_x=19, center_x=19, angle=31.1deg, center_angle=31.1deg, lidar=2.04m, visual=1.95m, goal=(10.87,0.81), handle=(10.88,2.06,0.85), handle_obs=True, handle_method=hsv, handle_conf=0.73
[state_machine_node-24] [INFO] [1790646835.018969470] [state_machine_node]: 문 접근 목표 보정: door_blue_911927 handle_axis=(10.88, 2.06) goal_axis=(10.88, 0.96) wall_axis=(10.88, 2.06) yaw=90deg
[state_machine_node-24] [INFO] [1790646835.021579162] [state_machine_node]: Locked blue target refine skipped: door_blue_911927 total drift progress=1.12m, xy=1.30m > 1.05m from locked anchor
[controller_server-13] [INFO] [1790646836.148745560] [controller_server]: Passing new path to controller.
[door_detection_node-21] [INFO] [1790646837.322665518] [door_detection_node]: 문 후보 발행: id=door_blue_ae6d73, source=front_left, color=blue, dist=1.51m, conf=0.29, bbox=(241,0,319,240), rep_x=280, center_x=280, angle=42.9deg, center_angle=42.9deg, lidar=1.49m, visual=1.95m, goal=(10.26,0.75), handle=(10.26,2.00,1.00), handle_obs=False, handle_method=estimated, handle_conf=0.00
[state_machine_node-24] [INFO] [1790646837.331862512] [state_machine_node]: 문 접근 목표 보정: door_blue_ae6d73 handle_axis=(10.26, 2.00) goal_axis=(10.26, 0.90) wall_axis=(10.26, 2.00) yaw=90deg
[state_machine_node-24] [INFO] [1790646837.332797009] [state_machine_node]: Locked blue target refine skipped: door_blue_ae6d73 total drift progress=0.86m, xy=1.09m > 1.05m from locked anchor
[controller_server-13] [INFO] [1790646837.397937050] [controller_server]: Passing new path to controller.
[planner_server-15] [INFO] [1790646837.718206905] [global_costmap.global_costmap]: StaticLayer: Resizing static layer to 378 X 87 at 0.050000 m/pix
[controller_server-13] [INFO] [1790646838.772947946] [controller_server]: Passing new path to controller.
[door_detection_node-21] [INFO] [1790646839.040977888] [door_detection_node]: 문 후보 발행: id=door_blue_ae6d73, source=front_left, color=blue, dist=1.48m, conf=1.00, bbox=(171,0,320,240), rep_x=245, center_x=245, angle=50.0deg, center_angle=50.0deg, lidar=1.42m, visual=1.95m, goal=(10.33,0.81), handle=(10.39,2.06,1.00), handle_obs=True, handle_method=estimated, handle_conf=0.00
[state_machine_node-24] [INFO] [1790646839.051872092] [state_machine_node]: 문 접근 목표 보정: door_blue_ae6d73 handle_axis=(10.39, 2.06) goal_axis=(10.39, 0.96) wall_axis=(10.39, 2.06) yaw=90deg
[door_detection_node-21] [INFO] [1790646839.900721857] [door_detection_node]: YOLO 후보 제외: source=front, far small dist=6.24m, conf=0.28, bbox=(227,81,245,156)
[door_detection_node-21] [INFO] [1790646839.922116258] [door_detection_node]: Front lateral LiDAR range looks too long for the visible door; using visual range (lidar=4.67m, visual=3.55m)
[door_detection_node-21] [INFO] [1790646839.938094237] [door_detection_node]: YOLO 후보 제외: source=front, edge-clipped bbox=(277,54,318,186)
[controller_server-13] [INFO] [1790646840.022877771] [controller_server]: Passing new path to controller.
[door_detection_node-21] [INFO] [1790646840.639086401] [door_detection_node]: 문 후보 발행: id=door_blue_4a310c, source=front_left, color=blue, dist=1.24m, conf=1.00, bbox=(70,0,260,240), rep_x=165, center_x=165, angle=68.8deg, center_angle=68.8deg, lidar=1.22m, visual=1.95m, goal=(10.83,0.89), handle=(11.02,2.12,0.82), handle_obs=True, handle_method=yolo:primary:item, handle_conf=0.67
[state_machine_node-24] [INFO] [1790646840.647499897] [state_machine_node]: 문 접근 목표 보정: door_blue_4a310c handle_axis=(11.02, 2.12) goal_axis=(11.02, 1.02) wall_axis=(11.02, 2.12) yaw=90deg
[state_machine_node-24] [INFO] [1790646840.650673088] [state_machine_node]: 문 접근 목표 보정: door_blue_4a310c handle_axis=(11.02, 2.12) goal_axis=(11.02, 1.02) wall_axis=(11.02, 2.12) yaw=90deg
[state_machine_node-24] [WARN] [1790646840.651679323] [state_machine_node]: Locked blue target refined from newer observation: observed_blue_9p4_1p3 -> observed_blue_9p4_1p3, goal shift=0.92m, identity=(10.12,1.93) -> (10.27,2.02)
[navigation_node-22] [INFO] [1790646840.653030160] [navigation_node]: Navigation goal received: door observed_blue_9p4_1p3 (color=blue, frame=map, x=11.02, y=1.02)
[navigation_node-22] [WARN] [1790646840.653754704] [navigation_node]: Already navigating. Preempting current goal without an explicit stop before retargeting to: observed_blue_9p4_1p3
[planner_server-15] [INFO] [1790646840.718020885] [global_costmap.global_costmap]: StaticLayer: Resizing static layer to 381 X 87 at 0.050000 m/pix
[bt_navigator-17] [INFO] [1790646840.796574229] [bt_navigator]: Received goal preemption request
[bt_navigator-17] [INFO] [1790646840.796875628] [bt_navigator]: Begin navigating from current location (9.73, 0.95) to (11.02, 1.02)
[navigation_node-22] [INFO] [1790646840.797078423] [navigation_node]: Navigation goal accepted by Nav2
[controller_server-13] [INFO] [1790646841.397941346] [controller_server]: Passing new path to controller.
[planner_server-15] [INFO] [1790646841.718052439] [global_costmap.global_costmap]: StaticLayer: Resizing static layer to 389 X 87 at 0.050000 m/pix
[door_detection_node-21] [INFO] [1790646842.205218608] [door_detection_node]: HSV candidate rejected: color=blue, edge-clipped bbox=(0,0,189,240), width_ratio=0.59
[controller_server-13] [INFO] [1790646842.647963696] [controller_server]: Passing new path to controller.
[door_detection_node-21] [INFO] [1790646842.881397101] [door_detection_node]: Front lateral LiDAR range looks too long for the visible door; using visual range (lidar=4.53m, visual=3.44m)
[door_detection_node-21] [INFO] [1790646843.250943059] [door_detection_node]: 문 후보 발행: id=door_blue_a2b639, source=front, color=blue, dist=3.44m, conf=0.28, bbox=(268,51,307,187), rep_x=287, center_x=287, angle=-28.5deg, center_angle=-28.5deg, lidar=4.82m, visual=3.44m, goal=(12.91,0.09), handle=(12.73,-1.14,1.00), handle_obs=True, handle_method=estimated, handle_conf=0.00
[planner_server-15] [INFO] [1790646843.717906289] [global_costmap.global_costmap]: StaticLayer: Resizing static layer to 391 X 87 at 0.050000 m/pix
[controller_server-13] [INFO] [1790646843.897912770] [controller_server]: Passing new path to controller.
[planner_server-15] [INFO] [1790646844.718092537] [global_costmap.global_costmap]: StaticLayer: Resizing static layer to 392 X 88 at 0.050000 m/pix
[controller_server-13] [INFO] [1790646845.272924313] [controller_server]: Passing new path to controller.
[door_detection_node-21] [INFO] [1790646845.886866564] [door_detection_node]: 문 후보 발행: id=door_blue_0ef14c, source=front_left, color=blue, dist=1.06m, conf=1.00, bbox=(0,0,172,240), rep_x=86, center_x=86, angle=87.5deg, center_angle=87.5deg, lidar=1.09m, visual=1.95m, goal=(10.64,0.73), handle=(10.56,1.98,0.84), handle_obs=True, handle_method=hsv, handle_conf=0.89
[state_machine_node-24] [INFO] [1790646845.896986826] [state_machine_node]: 문 접근 목표 보정: door_blue_0ef14c handle_axis=(10.56, 1.98) goal_axis=(10.56, 0.88) wall_axis=(10.56, 1.98) yaw=90deg
[state_machine_node-24] [INFO] [1790646845.900065448] [state_machine_node]: 문 접근 목표 보정: door_blue_0ef14c handle_axis=(10.56, 1.98) goal_axis=(10.56, 0.88) wall_axis=(10.56, 1.98) yaw=90deg
[state_machine_node-24] [WARN] [1790646845.901244696] [state_machine_node]: Locked blue target refined from newer observation: observed_blue_9p4_1p3 -> observed_blue_9p4_1p3, goal shift=0.48m, identity=(10.27,2.02) -> (10.31,1.92)
[navigation_node-22] [INFO] [1790646845.903032982] [navigation_node]: Navigation goal received: door observed_blue_9p4_1p3 (color=blue, frame=map, x=10.56, y=0.88)
[navigation_node-22] [WARN] [1790646845.903948608] [navigation_node]: Already navigating. Preempting current goal without an explicit stop before retargeting to: observed_blue_9p4_1p3
[navigation_node-22] [WARN] [1790646846.053098640] [navigation_node]: Robot is 0.11m from blue goal (threshold=0.18m). Treating navigation as succeeded.
[state_machine_node-24] [INFO] [1790646846.055194574] [state_machine_node]: Navigation succeeded.
[bt_navigator-17] [ERROR] [1790646846.117313336] [bt_navigator_navigate_to_pose_rclcpp_node]: Failed to get result for follow_path in node halt!
[bt_navigator-17] [WARN] [1790646846.117561583] [bt_navigator]: [navigate_to_pose] [ActionServer] Aborting handle.
[bt_navigator-17] [INFO] [1790646846.118116514] [bt_navigator]: [navigate_to_pose] [ActionServer] Client requested to cancel the goal. Cancelling.
[bt_navigator-17] [INFO] [1790646846.118336058] [bt_navigator]: Goal canceled
[controller_server-13] [INFO] [1790646846.147915218] [controller_server]: Goal was canceled. Stopping the robot.
[controller_server-13] [INFO] [1790646846.148002638] [controller_server]: [follow_path] [ActionServer] Client requested to cancel the goal. Cancelling.
[state_machine_node-24] [INFO] [1790646846.193301058] [state_machine_node]: Fine door approach started: observed_blue_9p4_1p3, dist=0.08m, lateral=0.00m, forward=0.08m, yaw_error=85deg
[state_machine_node-24] [INFO] [1790646846.194305849] [state_machine_node]: Fine door final yaw alignment: observed_blue_9p4_1p3, dist=0.08m/0.17m, yaw_error=85deg, cmd=(0.00, 0.25)
[door_detection_node-21] [INFO] [1790646846.383359151] [door_detection_node]: Side camera LiDAR range looks occluded; using visual range instead (source=front_right, lidar=1.44m, visual=3.34m)
[state_machine_node-24] [INFO] [1790646846.650654697] [state_machine_node]: Direct blue target door_blue_b16a79_1 will use stable wall-memory handle at (13.0, -1.3); progress_gap=0.00m, dist=0.00m, count=6, conf=0.63.
[state_machine_node-24] [INFO] [1790646846.651789679] [state_machine_node]: 문 접근 목표 보정: door_blue_b16a79_1 handle_axis=(13.03, -1.29) goal_axis=(13.03, -0.19) wall_axis=(13.03, -1.29) yaw=-90deg
[planner_server-15] [INFO] [1790646846.717984949] [global_costmap.global_costmap]: StaticLayer: Resizing static layer to 401 X 88 at 0.050000 m/pix
[state_machine_node-24] [INFO] [1790646847.081140796] [state_machine_node]: Fine door final yaw alignment: observed_blue_9p4_1p3, dist=0.07m/0.17m, yaw_error=79deg, cmd=(0.00, 0.25)
[state_machine_node-24] [INFO] [1790646847.361129686] [state_machine_node]: 문 접근 목표 보정: door_blue_0ef14c handle_axis=(10.35, 1.86) goal_axis=(10.35, 0.76) wall_axis=(10.35, 1.86) yaw=90deg
[state_machine_node-24] [INFO] [1790646847.365456891] [state_machine_node]: 문 접근 목표 보정: door_blue_0ef14c handle_axis=(10.35, 1.86) goal_axis=(10.35, 0.76) wall_axis=(10.35, 1.86) yaw=90deg
[state_machine_node-24] [INFO] [1790646847.387607485] [state_machine_node]: Locked blue target refine skipped: door_blue_0ef14c total drift progress=0.95m, xy=1.09m > 1.05m from locked anchor
[door_detection_node-21] [INFO] [1790646847.856018458] [door_detection_node]: Side camera visual fallback rejected (source=front_right, lidar=1.57m, visual=4.98m > 4.50m)
[state_machine_node-24] [INFO] [1790646847.955069904] [state_machine_node]: Fine door final yaw alignment: observed_blue_9p4_1p3, dist=0.08m/0.17m, yaw_error=73deg, cmd=(0.00, 0.25)
[door_detection_node-21] [INFO] [1790646848.096095242] [door_detection_node]: 문 후보 발행: id=door_blue_6a0931, source=front_right, color=blue, dist=3.39m, conf=0.36, bbox=(87,48,128,186), rep_x=107, center_x=107, angle=-57.2deg, center_angle=-57.2deg, lidar=1.36m, visual=3.39m, goal=(11.19,1.25), handle=(11.56,0.05,0.88), handle_obs=True, handle_method=yolo:primary:item, handle_conf=0.29
[state_machine_node-24] [INFO] [1790646848.129095935] [state_machine_node]: 문 접근 목표 보정: door_blue_6a0931 handle_axis=(13.03, -1.29) goal_axis=(13.03, -0.19) wall_axis=(13.03, -1.29) yaw=-90deg
[state_machine_node-24] [INFO] [1790646848.835339535] [state_machine_node]: Fine door final yaw alignment: observed_blue_9p4_1p3, dist=0.07m/0.17m, yaw_error=70deg, cmd=(0.00, 0.25)
[door_detection_node-21] [INFO] [1790646849.018613712] [door_detection_node]: HSV candidate rejected: color=blue, edge-clipped bbox=(0,0,237,240), width_ratio=0.74
[door_detection_node-21] [INFO] [1790646849.614510444] [door_detection_node]: Side camera LiDAR range looks occluded; using visual range instead (source=front_right, lidar=1.39m, visual=3.47m)
[state_machine_node-24] [INFO] [1790646849.715169333] [state_machine_node]: Fine door final yaw alignment: observed_blue_9p4_1p3, dist=0.08m/0.17m, yaw_error=64deg, cmd=(0.00, 0.25)
[planner_server-15] [INFO] [1790646849.718036833] [global_costmap.global_costmap]: StaticLayer: Resizing static layer to 402 X 88 at 0.050000 m/pix
[door_detection_node-21] [INFO] [1790646850.036065550] [door_detection_node]: 문 후보 발행: id=door_blue_6a0931, source=front_right, color=blue, dist=3.47m, conf=0.47, bbox=(133,51,173,186), rep_x=153, center_x=153, angle=-68.3deg, center_angle=-68.3deg, lidar=1.36m, visual=3.47m, goal=(12.57,-0.29), handle=(13.16,-1.39,1.00), handle_obs=True, handle_method=estimated, handle_conf=0.00
[state_machine_node-24] [INFO] [1790646850.041514269] [state_machine_node]: 문 접근 목표 보정: door_blue_6a0931 handle_axis=(13.16, -1.39) goal_axis=(13.16, -0.29) wall_axis=(13.16, -1.39) yaw=-90deg
[door_detection_node-21] [INFO] [1790646850.051521130] [door_detection_node]: Side camera LiDAR range looks too long for the visible door; using visual range (source=front_right, lidar=7.52m, visual=5.14m)
[state_machine_node-24] [INFO] [1790646850.591989146] [state_machine_node]: Fine door final yaw alignment: observed_blue_9p4_1p3, dist=0.08m/0.17m, yaw_error=56deg, cmd=(0.00, 0.25)
[state_machine_node-24] [INFO] [1790646850.975160565] [state_machine_node]: 문 접근 목표 보정: door_blue_4a310c handle_axis=(10.74, 2.21) goal_axis=(10.74, 1.11) wall_axis=(10.74, 2.21) yaw=90deg
[state_machine_node-24] [INFO] [1790646850.979815044] [state_machine_node]: 문 접근 목표 보정: door_blue_4a310c handle_axis=(10.74, 2.21) goal_axis=(10.74, 1.11) wall_axis=(10.74, 2.21) yaw=90deg
[state_machine_node-24] [INFO] [1790646851.001996750] [state_machine_node]: Locked blue target refine skipped: door_blue_4a310c total drift progress=0.91m, xy=1.09m > 1.05m from locked anchor
[state_machine_node-24] [INFO] [1790646851.492792885] [state_machine_node]: Fine door final yaw alignment: observed_blue_9p4_1p3, dist=0.10m/0.17m, yaw_error=55deg, cmd=(0.00, 0.25)
[door_detection_node-21] [INFO] [1790646851.605317678] [door_detection_node]: 문 후보 발행: id=door_blue_e4839f, source=front_right, color=blue, dist=3.47m, conf=0.66, bbox=(173,52,215,187), rep_x=194, center_x=194, angle=-78.3deg, center_angle=-78.3deg, lidar=1.41m, visual=3.47m, goal=(10.75,1.04), handle=(11.52,0.05,0.88), handle_obs=True, handle_method=yolo:primary:item, handle_conf=0.28
[state_machine_node-24] [INFO] [1790646851.607540310] [state_machine_node]: 파란 문 door_blue_e4839f handle 제외: door_pose와 진행축 차이가 큼 handle_axis=(11.52, 0.05), pose_axis=(13.13, -1.41), max_delta=1.60m
[state_machine_node-24] [INFO] [1790646851.615761955] [state_machine_node]: 문 접근 목표 보정: door_blue_e4839f handle_axis=(13.13, -1.41) goal_axis=(13.13, -0.31) wall_axis=(13.13, -1.41) yaw=-90deg
[door_detection_node-21] [INFO] [1790646851.625123929] [door_detection_node]: Side camera visual fallback rejected (source=front_right, lidar=1.64m, visual=5.38m > 4.50m)
[state_machine_node-24] [INFO] [1790646852.388419187] [state_machine_node]: Fine door final yaw alignment: observed_blue_9p4_1p3, dist=0.08m/0.17m, yaw_error=50deg, cmd=(0.00, 0.25)
[door_detection_node-21] [INFO] [1790646852.520220999] [door_detection_node]: HSV candidate rejected: color=blue, edge-clipped bbox=(106,0,320,240), width_ratio=0.67
[door_detection_node-21] [INFO] [1790646852.898358925] [door_detection_node]: Side camera LiDAR range looks occluded; using visual range instead (source=front_right, lidar=1.37m, visual=3.34m)
[state_machine_node-24] [INFO] [1790646853.267223033] [state_machine_node]: Fine door final yaw alignment: observed_blue_9p4_1p3, dist=0.08m/0.17m, yaw_error=45deg, cmd=(0.00, 0.25)
[door_detection_node-21] [INFO] [1790646853.297904780] [door_detection_node]: 문 후보 발행: id=door_blue_e4839f, source=front_right, color=blue, dist=3.34m, conf=0.61, bbox=(205,50,248,190), rep_x=226, center_x=226, angle=-85.8deg, center_angle=-85.8deg, lidar=1.32m, visual=3.34m, goal=(12.14,-0.49), handle=(13.02,-1.39,1.00), handle_obs=True, handle_method=estimated, handle_conf=0.00
[state_machine_node-24] [INFO] [1790646853.302982950] [state_machine_node]: 문 접근 목표 보정: door_blue_e4839f handle_axis=(13.02, -1.39) goal_axis=(13.02, -0.29) wall_axis=(13.02, -1.39) yaw=-90deg
[door_detection_node-21] [INFO] [1790646853.315309459] [door_detection_node]: Side camera LiDAR range looks too long for the visible door; using visual range (source=front_right, lidar=7.40m, visual=5.44m)
[planner_server-15] [INFO] [1790646853.717938629] [global_costmap.global_costmap]: StaticLayer: Resizing static layer to 403 X 88 at 0.050000 m/pix
[state_machine_node-24] [INFO] [1790646854.153528753] [state_machine_node]: Fine door final yaw alignment: observed_blue_9p4_1p3, dist=0.08m/0.17m, yaw_error=44deg, cmd=(0.00, 0.25)
[state_machine_node-24] [INFO] [1790646854.525073833] [state_machine_node]: 문 접근 목표 보정: door_blue_4a310c handle_axis=(10.26, 1.90) goal_axis=(10.26, 0.80) wall_axis=(10.26, 1.90) yaw=90deg
[state_machine_node-24] [INFO] [1790646854.538657280] [state_machine_node]: 문 접근 목표 보정: door_blue_4a310c handle_axis=(10.26, 1.90) goal_axis=(10.26, 0.80) wall_axis=(10.26, 1.90) yaw=90deg
[state_machine_node-24] [INFO] [1790646854.584006982] [state_machine_node]: 문 접근 목표 보정: door_blue_4a310c handle_axis=(10.26, 1.90) goal_axis=(10.26, 0.80) wall_axis=(10.26, 1.90) yaw=90deg
[door_detection_node-21] [INFO] [1790646855.111051047] [door_detection_node]: Side camera visual fallback rejected (source=front_right, lidar=1.51m, visual=5.32m > 4.50m)
[door_detection_node-21] [INFO] [1790646855.121544529] [door_detection_node]: Side camera LiDAR range looks occluded; using visual range instead (source=front_right, lidar=1.38m, visual=3.08m)
[state_machine_node-24] [INFO] [1790646855.263307560] [state_machine_node]: Fine door final yaw alignment: observed_blue_9p4_1p3, dist=0.09m/0.17m, yaw_error=33deg, cmd=(0.00, 0.25)
[door_detection_node-21] [INFO] [1790646855.321095268] [door_detection_node]: 문 후보 발행: id=door_blue_7d111b, source=front_right, color=blue, dist=3.08m, conf=0.46, bbox=(252,43,303,195), rep_x=277, center_x=277, angle=-96.6deg, center_angle=-96.6deg, lidar=1.35m, visual=3.08m, goal=(10.55,0.71), handle=(11.58,0.00,0.88), handle_obs=True, handle_method=yolo:primary:item, handle_conf=0.35
[state_machine_node-24] [INFO] [1790646855.353867013] [state_machine_node]: Direct blue target door_blue_7d111b will use stable wall-memory handle at (13.1, -1.3); progress_gap=0.24m, dist=0.26m, count=10, conf=0.66.
[state_machine_node-24] [INFO] [1790646855.355462846] [state_machine_node]: 문 접근 목표 보정: door_blue_7d111b handle_axis=(13.07, -1.33) goal_axis=(13.07, -0.23) wall_axis=(13.07, -1.33) yaw=-90deg
[state_machine_node-24] [INFO] [1790646856.189169946] [state_machine_node]: 문 접근 목표 보정: door_blue_ae6d73 handle_axis=(10.20, 1.81) goal_axis=(10.20, 0.71) wall_axis=(10.20, 1.81) yaw=90deg
[state_machine_node-24] [INFO] [1790646856.193388902] [state_machine_node]: 문 접근 목표 보정: door_blue_ae6d73 handle_axis=(10.20, 1.81) goal_axis=(10.20, 0.71) wall_axis=(10.20, 1.81) yaw=90deg
[state_machine_node-24] [INFO] [1790646856.194756534] [state_machine_node]: 문 접근 목표 보정: door_blue_ae6d73 handle_axis=(10.20, 1.81) goal_axis=(10.20, 0.71) wall_axis=(10.20, 1.81) yaw=90deg
[state_machine_node-24] [INFO] [1790646856.270624040] [state_machine_node]: Fine door final yaw alignment: observed_blue_9p4_1p3, dist=0.08m/0.17m, yaw_error=34deg, cmd=(0.00, 0.25)
[state_machine_node-24] [INFO] [1790646857.172259037] [state_machine_node]: Fine door final yaw alignment: observed_blue_9p4_1p3, dist=0.10m/0.17m, yaw_error=30deg, cmd=(0.00, 0.25)
[door_detection_node-21] [INFO] [1790646857.393105443] [door_detection_node]: 문 후보 발행: id=door_blue_911927, source=front, color=blue, dist=1.05m, conf=1.00, bbox=(0,0,100,240), rep_x=50, center_x=50, angle=25.2deg, center_angle=25.2deg, lidar=1.08m, visual=1.95m, goal=(11.63,1.31), handle=(10.52,1.87,1.00), handle_obs=False, handle_method=estimated, handle_conf=0.00
[state_machine_node-24] [INFO] [1790646857.400366954] [state_machine_node]: 문 접근 목표 보정: door_blue_911927 handle_axis=(10.52, 1.87) goal_axis=(10.52, 0.77) wall_axis=(10.52, 1.87) yaw=90deg
[state_machine_node-24] [INFO] [1790646857.405048426] [state_machine_node]: 문 접근 목표 보정: door_blue_911927 handle_axis=(10.52, 1.87) goal_axis=(10.52, 0.77) wall_axis=(10.52, 1.87) yaw=90deg
[state_machine_node-24] [INFO] [1790646857.428204326] [state_machine_node]: Locked blue target refine skipped: door_blue_911927 total drift progress=1.12m, xy=1.25m > 1.05m from locked anchor
[state_machine_node-24] [INFO] [1790646858.068215009] [state_machine_node]: Fine door final yaw alignment: observed_blue_9p4_1p3, dist=0.06m/0.17m, yaw_error=26deg, cmd=(0.00, 0.25)
[state_machine_node-24] [INFO] [1790646858.310143865] [state_machine_node]: 문 접근 목표 보정: door_blue_ae6d73 handle_axis=(10.09, 1.86) goal_axis=(10.09, 0.76) wall_axis=(10.09, 1.86) yaw=90deg
[state_machine_node-24] [INFO] [1790646858.315006651] [state_machine_node]: 문 접근 목표 보정: door_blue_ae6d73 handle_axis=(10.09, 1.86) goal_axis=(10.09, 0.76) wall_axis=(10.09, 1.86) yaw=90deg
[state_machine_node-24] [INFO] [1790646858.337635740] [state_machine_node]: 문 접근 목표 보정: door_blue_ae6d73 handle_axis=(10.09, 1.86) goal_axis=(10.09, 0.76) wall_axis=(10.09, 1.86) yaw=90deg
[state_machine_node-24] [INFO] [1790646858.954858555] [state_machine_node]: Fine door final yaw alignment: observed_blue_9p4_1p3, dist=0.08m/0.17m, yaw_error=15deg, cmd=(0.00, 0.20)
[state_machine_node-24] [INFO] [1790646859.845757472] [state_machine_node]: Fine door final yaw alignment: observed_blue_9p4_1p3, dist=0.06m/0.17m, yaw_error=14deg, cmd=(0.00, 0.18)
[door_detection_node-21] [INFO] [1790646860.141327925] [door_detection_node]: 문 후보 발행: id=door_blue_4ec075, source=front, color=blue, dist=1.10m, conf=1.00, bbox=(0,0,171,240), rep_x=85, center_x=85, angle=17.8deg, center_angle=17.8deg, lidar=1.05m, visual=1.95m, goal=(10.50,1.12), handle=(10.67,1.89,0.85), handle_obs=True, handle_method=hsv, handle_conf=0.83
[state_machine_node-24] [INFO] [1790646860.146942451] [state_machine_node]: 문 접근 목표 보정: door_blue_4ec075 handle_axis=(10.67, 1.89) goal_axis=(10.67, 0.79) wall_axis=(10.67, 1.89) yaw=90deg
[state_machine_node-24] [INFO] [1790646860.152071237] [state_machine_node]: 문 접근 목표 보정: door_blue_4ec075 handle_axis=(10.67, 1.89) goal_axis=(10.67, 0.79) wall_axis=(10.67, 1.89) yaw=90deg
[state_machine_node-24] [INFO] [1790646860.173999214] [state_machine_node]: 문 접근 목표 보정: door_blue_4ec075 handle_axis=(10.67, 1.89) goal_axis=(10.67, 0.79) wall_axis=(10.67, 1.89) yaw=90deg
[state_machine_node-24] [INFO] [1790646860.754879962] [state_machine_node]: Fine door final yaw alignment: observed_blue_9p4_1p3, dist=0.06m/0.17m, yaw_error=7deg, cmd=(0.00, 0.09)
[door_detection_node-21] [INFO] [1790646860.917150003] [door_detection_node]: HSV candidate rejected: color=blue, edge-clipped bbox=(0,0,198,240), width_ratio=0.62
[state_machine_node-24] [WARN] [1790646861.671384486] [state_machine_node]: Waiting for a fresh door-wall normal before alignment.
[door_detection_node-21] [INFO] [1790646863.217771527] [door_detection_node]: HSV candidate rejected: color=blue, edge-clipped bbox=(0,0,214,240), width_ratio=0.67
[state_machine_node-24] [WARN] [1790646864.210172413] [state_machine_node]: Waiting for a fresh door-wall normal before alignment.
[door_detection_node-21] [INFO] [1790646866.061420298] [door_detection_node]: HSV candidate rejected: color=blue, edge-clipped bbox=(0,0,214,240), width_ratio=0.67
[state_machine_node-24] [WARN] [1790646866.769449812] [state_machine_node]: Waiting for a fresh door-wall normal before alignment.
[door_detection_node-21] [INFO] [1790646868.465366037] [door_detection_node]: HSV candidate rejected: color=blue, edge-clipped bbox=(0,0,214,240), width_ratio=0.67
[state_machine_node-24] [WARN] [1790646869.484061772] [state_machine_node]: Waiting for a fresh door-wall normal before alignment.
[state_machine_node-24] [INFO] [1790646871.192611094] [state_machine_node]: 문 앞 정렬 완료. 2.8s 정지 후 개방합니다.
[door_detection_node-21] [INFO] [1790646871.603716567] [door_detection_node]: HSV candidate rejected: color=blue, edge-clipped bbox=(0,0,214,240), width_ratio=0.67
[door_detection_node-21] [INFO] [1790646874.220164543] [door_detection_node]: HSV candidate rejected: color=blue, edge-clipped bbox=(0,0,214,240), width_ratio=0.67
[state_machine_node-24] [INFO] [1790646876.419726640] [state_machine_node]: Observed blue target observed_blue_9p4_1p3 confirmed by current same-wall live blue evidence before opening (candidate=door_blue_a53092, progress_gap=0.10/0.90, lateral_gap=0.09/0.48, conf=1.00/0.58).
[state_machine_node-24] [INFO] [1790646876.422246135] [state_machine_node]: Observed blue target observed_blue_9p4_1p3 accepted for opening from recheckable mapped wall memory after close alignment (count=51, conf=1.00, progress_gap=0.28m, lateral_gap=0.08m).
[state_machine_node-24] [INFO] [1790646876.646976816] [state_machine_node]: 잠금 문 visual-servo 수렴 관측 사용: observed_blue_9p4_1p3, count=19, conf=1.00, age=9.3s
[state_machine_node-24] [INFO] [1790646876.738902206] [state_machine_node]: State: NAVIGATING → OPENING_DOOR
[state_machine_node-24] [INFO] [1790646877.136308636] [state_machine_node]: 문 개방 요청 손잡이: id=observed_blue_9p4_1p3__axis_p10p56_p1p98, method=direct_wall_projection, conf=1.00, frame=map, pos=(10.563,1.978,0.843)
[navigation_visit_node-23] [INFO] [1790646877.140835707] [navigation_visit_node]: NAVIGATION_VISIT {"scope": "navigation_only", "physical_opening": false, "door_id": "observed_blue_9p4_1p3__axis_p10p56_p1p98", "sim_time": 244.502, "robot": [10.561326185494629, 0.8215951266992869, 1.5080933642406265], "observed_handle": [10.562904501360126, 1.9779886177291348, 0.843268014095065], "distance_m": 1.1563945681198828, "bearing_error_rad": 0.06133810284372232}
[state_machine_node-24] [INFO] [1790646877.142682776] [state_machine_node]: Selected observation memory completed: observed_blue_9p4_1p3; original candidate excluded after position refinement.
[state_machine_node-24] [INFO] [1790646877.152010699] [state_machine_node]: 열린 파란 문 재관측 후보 2개 정리. 다음 목표 선택에서 제외합니다.
[state_machine_node-24] [INFO] [1790646877.152869110] [state_machine_node]: 문 개방 성공: observed_blue_9p4_1p3  누적 개방: 2개
[state_machine_node-24] [INFO] [1790646877.153500741] [state_machine_node]: State: OPENING_DOOR → DOOR_OPENED
[door_detection_node-21] [INFO] [1790646877.551205276] [door_detection_node]: HSV candidate rejected: color=blue, edge-clipped bbox=(0,0,214,240), width_ratio=0.67
[state_machine_node-24] [INFO] [1790646877.992801175] [state_machine_node]: 다음 파란 문 탐색 시작 (개방 완료: 2개)
[state_machine_node-24] [INFO] [1790646877.993359930] [state_machine_node]: State: DOOR_OPENED → EXPLORING
[state_machine_node-24] [INFO] [1790646878.866913529] [state_machine_node]: Post-open side retreat started: lateral=0.82m, target_abs=0.48m.
[state_machine_node-24] [INFO] [1790646878.868068757] [state_machine_node]: Post-open side retreat: lateral=0.82m, moved=0.00/1.10m, yaw_error=-176deg, cmd=(0.00, -0.50)
[door_detection_node-21] [INFO] [1790646880.156824118] [door_detection_node]: Side camera LiDAR range looks occluded; using visual range instead (source=front_right, lidar=1.38m, visual=4.33m)
[state_machine_node-24] [INFO] [1790646880.659560704] [state_machine_node]: Post-open side retreat: lateral=0.82m, moved=0.00/1.10m, yaw_error=-152deg, cmd=(0.00, -0.50)
[door_detection_node-21] [INFO] [1790646881.402574337] [door_detection_node]: 문 후보 발행: id=door_blue_ae6d73, source=front_left, color=blue, dist=1.09m, conf=1.00, bbox=(226,0,320,240), rep_x=273, center_x=273, angle=44.2deg, center_angle=44.2deg, lidar=1.09m, visual=1.95m, goal=(11.35,1.26), handle=(10.27,1.88,1.00), handle_obs=False, handle_method=estimated, handle_conf=0.00
[state_machine_node-24] [INFO] [1790646881.408625755] [state_machine_node]: Blue candidate door_blue_ae6d73 ignored: physical/opened door station already handled nearby at (10.27, 1.88).
[door_detection_node-21] [INFO] [1790646881.943286634] [door_detection_node]: Side camera visual fallback rejected (source=front_right, lidar=1.44m, visual=5.38m > 4.50m)
[state_machine_node-24] [INFO] [1790646882.441758967] [state_machine_node]: Post-open side retreat: lateral=0.83m, moved=0.00/1.10m, yaw_error=-135deg, cmd=(0.00, -0.50)
[door_detection_node-21] [INFO] [1790646882.824485294] [door_detection_node]: HSV candidate rejected: color=blue, edge-clipped bbox=(133,0,320,240), width_ratio=0.58
[door_detection_node-21] [INFO] [1790646884.063104701] [door_detection_node]: 문 후보 발행: id=door_blue_e4839f, source=front_right, color=blue, dist=3.80m, conf=0.38, bbox=(183,48,224,187), rep_x=203, center_x=203, angle=-80.4deg, center_angle=-80.4deg, lidar=3.76m, visual=3.37m, goal=(12.43,-0.94), handle=(13.10,-2.00,1.00), handle_obs=True, handle_method=estimated, handle_conf=0.00
[state_machine_node-24] [INFO] [1790646884.214803190] [state_machine_node]: Post-open side retreat: lateral=0.82m, moved=0.00/1.10m, yaw_error=-117deg, cmd=(0.00, -0.50)
[state_machine_node-24] [INFO] [1790646884.839941118] [state_machine_node]: Blue candidate door_blue_0ef14c ignored: physical/opened door station already handled nearby at (10.36, 1.89).
[door_detection_node-21] [INFO] [1790646885.217164368] [door_detection_node]: Side camera LiDAR range looks occluded; using visual range instead (source=front_right, lidar=1.44m, visual=3.47m)
[door_detection_node-21] [INFO] [1790646885.672701183] [door_detection_node]: 문 후보 발행: id=door_blue_6a0931, source=front_right, color=blue, dist=3.47m, conf=0.39, bbox=(115,53,156,188), rep_x=135, center_x=135, angle=-63.9deg, center_angle=-63.9deg, lidar=3.61m, visual=3.47m, goal=(12.58,-0.42), handle=(13.00,-1.60,1.00), handle_obs=True, handle_method=estimated, handle_conf=0.00
[door_detection_node-21] [INFO] [1790646885.688231682] [door_detection_node]: Side camera visual fallback rejected (source=front_right, lidar=1.27m, visual=5.14m > 4.50m)
[state_machine_node-24] [INFO] [1790646886.024073450] [state_machine_node]: Post-open side retreat: lateral=0.85m, moved=0.00/1.10m, yaw_error=-97deg, cmd=(0.00, -0.50)
[door_detection_node-21] [INFO] [1790646886.998968883] [door_detection_node]: YOLO 후보 제외: source=front_right, edge-clipped bbox=(0,44,46,193)
[state_machine_node-24] [INFO] [1790646887.799919835] [state_machine_node]: Post-open side retreat: lateral=0.90m, moved=0.00/1.10m, yaw_error=-73deg, cmd=(0.00, -0.50)
[door_detection_node-21] [INFO] [1790646887.987727057] [door_detection_node]: 문 후보 발행: id=door_blue_0d9a80, source=front_left, color=blue, dist=0.96m, conf=0.81, bbox=(0,138,64,240), rep_x=32, center_x=32, angle=98.7deg, center_angle=98.7deg, lidar=1.21m, visual=4.59m, goal=(10.30,0.59), handle=(10.54,1.82,1.00), handle_obs=False, handle_method=estimated, handle_conf=0.00
[state_machine_node-24] [INFO] [1790646887.993394346] [state_machine_node]: Blue candidate door_blue_0d9a80 ignored: physical/opened door station already handled nearby at (10.54, 1.82).
[planner_server-15] [INFO] [1790646888.718065160] [global_costmap.global_costmap]: StaticLayer: Resizing static layer to 403 X 89 at 0.050000 m/pix
[door_detection_node-21] [INFO] [1790646889.483133693] [door_detection_node]: YOLO 후보 제외: source=front, far small dist=5.57m, conf=0.30, bbox=(147,78,166,162)
[state_machine_node-24] [INFO] [1790646889.617261165] [state_machine_node]: Post-open side retreat: lateral=0.92m, moved=0.00/1.10m, yaw_error=-52deg, cmd=(0.00, -0.50)
[state_machine_node-24] [INFO] [1790646891.433530920] [state_machine_node]: Post-open side retreat: lateral=0.94m, moved=0.00/1.10m, yaw_error=-34deg, cmd=(0.00, -0.50)
[door_detection_node-21] [INFO] [1790646892.027412202] [door_detection_node]: 문 후보 발행: id=door_blue_6fa82a, source=front, color=blue, dist=3.59m, conf=0.33, bbox=(115,56,155,186), rep_x=135, center_x=135, angle=6.1deg, center_angle=6.1deg, lidar=3.44m, visual=3.60m, goal=(12.09,-2.38), handle=(13.05,-1.59,1.00), handle_obs=True, handle_method=estimated, handle_conf=0.00
[door_detection_node-21] [INFO] [1790646892.694620303] [door_detection_node]: Side camera LiDAR range looks occluded; using visual range instead (source=front_right, lidar=2.19m, visual=3.12m)
[door_detection_node-21] [INFO] [1790646893.046880828] [door_detection_node]: Side camera LiDAR range looks too long for the visible door; using visual range (source=front_right, lidar=7.36m, visual=5.09m)
[state_machine_node-24] [INFO] [1790646893.249932066] [state_machine_node]: Post-open side retreat: lateral=0.94m, moved=0.00/1.10m, yaw_error=-16deg, cmd=(0.00, -0.50)
[state_machine_node-24] [INFO] [1790646893.431325442] [state_machine_node]: Blue candidate door_blue_622815 ignored: physical/opened door station already handled nearby at (5.83, -1.03).
[door_detection_node-21] [INFO] [1790646893.828477793] [door_detection_node]: Side camera visual fallback rejected (source=front_left, lidar=1.35m, visual=5.09m > 4.50m)
[door_detection_node-21] [INFO] [1790646894.587926872] [door_detection_node]: YOLO 후보 제외: source=front_right, color=blue, dist=7.07m > 6.80m, bbox=(160,76,183,164)
[state_machine_node-24] [INFO] [1790646895.048989890] [state_machine_node]: Post-open side retreat: lateral=0.87m, moved=0.00/1.10m, yaw_error=-3deg, cmd=(0.18, -0.04)
[door_detection_node-21] [INFO] [1790646895.971665374] [door_detection_node]: 문 후보 발행: id=door_blue_a976e1, source=front_left, color=blue, dist=3.76m, conf=0.56, bbox=(243,42,290,197), rep_x=266, center_x=266, angle=45.6deg, center_angle=45.6deg, lidar=3.75m, visual=3.02m, goal=(12.08,-1.72), handle=(13.33,-1.66,1.00), handle_obs=True, handle_method=estimated, handle_conf=0.00
[door_detection_node-21] [INFO] [1790646895.982281398] [door_detection_node]: Side camera visual fallback rejected (source=front_left, lidar=1.31m, visual=5.44m > 4.50m)
[door_detection_node-21] [INFO] [1790646895.996007882] [door_detection_node]: Side camera LiDAR range looks too long for the visible door; using visual range (source=front_left, lidar=9.22m, visual=6.59m)
[door_detection_node-21] [INFO] [1790646895.996604942] [door_detection_node]: YOLO 후보 제외: source=front_left, far small dist=6.59m, conf=0.23, bbox=(37,83,53,154)
[state_machine_node-24] [INFO] [1790646896.852933178] [state_machine_node]: Post-open side retreat: lateral=0.69m, moved=0.13/1.10m, yaw_error=-1deg, cmd=(0.18, -0.02)
[state_machine_node-24] [INFO] [1790646897.332902130] [state_machine_node]: Blue candidate door_blue_afd873 ignored: physical/opened door station already handled nearby at (5.42, -1.60).
[door_detection_node-21] [INFO] [1790646898.145692821] [door_detection_node]: 문 후보 발행: id=door_blue_a976e1, source=front_left, color=blue, dist=3.64m, conf=0.46, bbox=(223,41,270,197), rep_x=246, center_x=246, angle=49.8deg, center_angle=49.8deg, lidar=3.54m, visual=3.00m, goal=(12.10,-1.70), handle=(13.35,-1.68,1.00), handle_obs=True, handle_method=estimated, handle_conf=0.00
[state_machine_node-24] [INFO] [1790646898.663480636] [state_machine_node]: Post-open side retreat: lateral=0.51m, moved=0.31/1.10m, yaw_error=-1deg, cmd=(0.18, -0.01)
[door_detection_node-21] [INFO] [1790646899.369208390] [door_detection_node]: Side camera visual fallback rejected (source=front_right, lidar=1.71m, visual=5.14m > 4.50m)
[state_machine_node-24] [INFO] [1790646899.590597301] [state_machine_node]: Post-open side retreat complete: lateral=0.42m <= target=0.48m
[state_machine_node-24] [INFO] [1790646899.635648936] [state_machine_node]: Observed blue cluster (13.3, -1.8) will be rechecked before exit despite red/exit-sensitive memory: count=5, conf=0.85, fresh=True.
[state_machine_node-24] [INFO] [1790646899.636439057] [state_machine_node]: Observed blue cluster (13.3, -1.8) will be rechecked because unresolved repeated blue evidence must be verified at the mapped station.
[state_machine_node-24] [INFO] [1790646899.683167906] [state_machine_node]: 문 접근 목표 보정: observed_blue_13p1_m1p3 handle_axis=(13.07, -1.33) goal_axis=(13.07, -0.23) wall_axis=(13.07, -1.33) yaw=-90deg
[state_machine_node-24] [INFO] [1790646899.696333832] [state_machine_node]: 문 접근 목표 보정: observed_blue_13p1_m1p3 handle_axis=(13.07, -1.33) goal_axis=(13.07, -0.23) wall_axis=(13.07, -1.33) yaw=-90deg
[state_machine_node-24] [INFO] [1790646899.712762447] [state_machine_node]: 문 접근 목표 보정: observed_blue_13p1_m1p3 handle_axis=(13.07, -1.33) goal_axis=(13.07, -0.23) wall_axis=(13.07, -1.33) yaw=-90deg
[state_machine_node-24] [WARN] [1790646899.718034137] [state_machine_node]: Blue target observed_blue_13p1_m1p3 retained for revisit: stable unopened blue memory must be checked before exit even when it is behind the farthest opened station.
[state_machine_node-24] [INFO] [1790646899.724867389] [state_machine_node]: 문 접근 목표 보정: observed_blue_13p1_m1p3 handle_axis=(13.07, -1.33) goal_axis=(13.07, -0.23) wall_axis=(13.07, -1.33) yaw=-90deg
[state_machine_node-24] [INFO] [1790646899.726476839] [state_machine_node]: 문 접근 목표 보정: observed_blue_13p1_m1p3 handle_axis=(13.07, -1.33) goal_axis=(13.07, -0.23) wall_axis=(13.07, -1.33) yaw=-90deg
[state_machine_node-24] [INFO] [1790646899.728390747] [state_machine_node]: LiDAR+camera segment map 사전 스캔 시작: observed_blue_13p1_m1p3
[door_detection_node-21] [INFO] [1790646900.307273436] [door_detection_node]: 문 후보 발행: id=door_blue_2ca873, source=front_left, color=blue, dist=3.45m, conf=0.53, bbox=(209,40,252,198), rep_x=230, center_x=230, angle=53.3deg, center_angle=53.3deg, lidar=3.52m, visual=2.96m, goal=(12.11,-1.62), handle=(13.36,-1.61,1.00), handle_obs=True, handle_method=estimated, handle_conf=0.00
[door_detection_node-21] [INFO] [1790646900.317486544] [door_detection_node]: YOLO 후보 제외: source=front_left, far small dist=5.61m, conf=0.28, bbox=(156,74,175,164)
[state_machine_node-24] [INFO] [1790646900.563934051] [state_machine_node]: 문 접근 목표 보정: observed_blue_13p1_m1p3 handle_axis=(13.07, -1.33) goal_axis=(13.07, -0.23) wall_axis=(13.07, -1.33) yaw=-90deg
[state_machine_node-24] [INFO] [1790646901.451824157] [state_machine_node]: 문 접근 목표 보정: observed_blue_13p1_m1p3 handle_axis=(13.07, -1.33) goal_axis=(13.07, -0.23) wall_axis=(13.07, -1.33) yaw=-90deg
[door_detection_node-21] [INFO] [1790646902.007220860] [door_detection_node]: 문 후보 발행: id=door_blue_2ca873, source=front_left, color=blue, dist=3.51m, conf=0.53, bbox=(207,39,252,198), rep_x=229, center_x=229, angle=53.6deg, center_angle=53.6deg, lidar=3.53m, visual=2.94m, goal=(12.18,-1.67), handle=(13.43,-1.65,1.00), handle_obs=True, handle_method=estimated, handle_conf=0.00
[state_machine_node-24] [INFO] [1790646902.268086976] [state_machine_node]: Blue candidate door_blue_06f816 rejected near recent red observation (conf=0.63).
[state_machine_node-24] [INFO] [1790646902.324167336] [state_machine_node]: 문 접근 목표 보정: observed_blue_13p2_m1p6 handle_axis=(13.21, -1.60) goal_axis=(13.21, -0.50) wall_axis=(13.21, -1.60) yaw=-90deg
[state_machine_node-24] [INFO] [1790646902.326769544] [state_machine_node]: 사전 스캔 완료. Nav2가 segment map 기반 경로를 계획합니다: observed_blue_13p1_m1p3
[state_machine_node-24] [INFO] [1790646902.357072971] [state_machine_node]: Locked blue target after pre-scan: observed_blue_13p1_m1p3 opened=2 retry=0/2
[state_machine_node-24] [INFO] [1790646902.357945145] [state_machine_node]: State: EXPLORING → NAVIGATING
[navigation_node-22] [INFO] [1790646902.361730299] [navigation_node]: Navigation goal received: door observed_blue_13p1_m1p3 (color=blue, frame=map, x=13.07, y=-0.23)
[bt_navigator-17] [INFO] [1790646902.512078851] [bt_navigator]: Begin navigating from current location (10.58, 0.40) to (13.07, -0.23)
[navigation_node-22] [INFO] [1790646902.516412472] [navigation_node]: Navigation goal accepted by Nav2
[controller_server-13] [INFO] [1790646902.712923069] [controller_server]: Received a goal, begin computing control effort.
[door_detection_node-21] [INFO] [1790646902.959128962] [door_detection_node]: Side camera visual fallback rejected (source=front_right, lidar=1.70m, visual=5.20m > 4.50m)
[state_machine_node-24] [WARN] [1790646903.105638680] [state_machine_node]: Fine alignment blocked by costmap: occupied, inscribed, unknown or out-of-map approach segment; retaining Nav2/reobservation.
[door_detection_node-21] [INFO] [1790646903.774284023] [door_detection_node]: 문 후보 발행: id=door_blue_2ca873, source=front_left, color=blue, dist=3.46m, conf=0.53, bbox=(207,39,252,198), rep_x=229, center_x=229, angle=53.6deg, center_angle=53.6deg, lidar=3.48m, visual=2.94m, goal=(12.13,-1.63), handle=(13.38,-1.62,1.00), handle_obs=True, handle_method=estimated, handle_conf=0.00
[state_machine_node-24] [INFO] [1790646903.781519198] [state_machine_node]: 문 접근 목표 보정: door_blue_2ca873 handle_axis=(13.38, -1.62) goal_axis=(13.38, -0.52) wall_axis=(13.38, -1.62) yaw=-90deg
[state_machine_node-24] [INFO] [1790646903.783936479] [state_machine_node]: 문 접근 목표 보정: door_blue_2ca873 handle_axis=(13.38, -1.62) goal_axis=(13.38, -0.52) wall_axis=(13.38, -1.62) yaw=-90deg
[door_detection_node-21] [INFO] [1790646903.787928093] [door_detection_node]: YOLO 후보 제외: source=front_left, far small dist=8.13m, conf=0.30, bbox=(4,83,22,158)
[state_machine_node-24] [WARN] [1790646903.789066712] [state_machine_node]: Locked blue target refined from newer observation: observed_blue_13p1_m1p3 -> observed_blue_13p1_m1p3, goal shift=0.43m, identity=(13.07,-1.33) -> (13.38,-1.62)
[navigation_node-22] [INFO] [1790646903.791607399] [navigation_node]: Navigation goal received: door observed_blue_13p1_m1p3 (color=blue, frame=map, x=13.38, y=-0.52)
[navigation_node-22] [WARN] [1790646903.792393285] [navigation_node]: Already navigating. Preempting current goal without an explicit stop before retargeting to: observed_blue_13p1_m1p3
[navigation_node-22] [INFO] [1790646903.950386397] [navigation_node]: Navigation goal accepted by Nav2
[bt_navigator-17] [INFO] [1790646904.013314508] [bt_navigator]: Received goal preemption request
[bt_navigator-17] [INFO] [1790646904.013635922] [bt_navigator]: Begin navigating from current location (10.58, 0.39) to (13.38, -0.52)
[controller_server-13] [INFO] [1790646904.088684853] [controller_server]: Passing new path to controller.
[controller_server-13] [INFO] [1790646905.338758768] [controller_server]: Passing new path to controller.
[door_detection_node-21] [INFO] [1790646905.571588226] [door_detection_node]: 문 후보 발행: id=door_blue_a976e1, source=front_left, color=blue, dist=3.43m, conf=0.60, bbox=(245,34,294,205), rep_x=269, center_x=269, angle=45.0deg, center_angle=45.0deg, lidar=3.52m, visual=2.74m, goal=(12.16,-1.85), handle=(13.39,-1.63,1.00), handle_obs=True, handle_method=estimated, handle_conf=0.00
[state_machine_node-24] [INFO] [1790646905.578665989] [state_machine_node]: 문 접근 목표 보정: door_blue_a976e1 handle_axis=(13.39, -1.63) goal_axis=(13.39, -0.53) wall_axis=(13.39, -1.63) yaw=-90deg
[state_machine_node-24] [INFO] [1790646905.581424759] [state_machine_node]: 문 접근 목표 보정: door_blue_a976e1 handle_axis=(13.39, -1.63) goal_axis=(13.39, -0.53) wall_axis=(13.39, -1.63) yaw=-90deg
[state_machine_node-24] [WARN] [1790646905.850199600] [state_machine_node]: Fine alignment blocked by costmap: occupied, inscribed, unknown or out-of-map approach segment; retaining Nav2/reobservation.
[door_detection_node-21] [INFO] [1790646906.468531338] [door_detection_node]: Side camera visual fallback rejected (source=front_right, lidar=1.71m, visual=4.88m > 4.50m)
[controller_server-13] [INFO] [1790646906.713713621] [controller_server]: Passing new path to controller.
[door_detection_node-21] [INFO] [1790646907.313429121] [door_detection_node]: YOLO 후보 제외: source=front_left, far small dist=5.39m, conf=0.26, bbox=(232,71,251,166)
[controller_server-13] [INFO] [1790646907.963708391] [controller_server]: Passing new path to controller.
[state_machine_node-24] [WARN] [1790646908.605060333] [state_machine_node]: Fine alignment blocked by costmap: occupied, inscribed, unknown or out-of-map approach segment; retaining Nav2/reobservation.
[controller_server-13] [INFO] [1790646909.213706034] [controller_server]: Passing new path to controller.
[door_detection_node-21] [INFO] [1790646910.137494829] [door_detection_node]: YOLO 후보 제외: source=front_right, edge-clipped bbox=(278,15,319,222)
[controller_server-13] [INFO] [1790646910.589982748] [controller_server]: Passing new path to controller.
[door_detection_node-21] [INFO] [1790646910.684450113] [door_detection_node]: Side camera visual fallback rejected (source=front_left, lidar=1.13m, visual=7.20m > 4.50m)
[door_detection_node-21] [INFO] [1790646911.712721898] [door_detection_node]: 문 후보 발행: id=door_blue_6fa82a, source=front, color=blue, dist=3.28m, conf=0.27, bbox=(107,33,144,204), rep_x=125, center_x=125, angle=8.5deg, center_angle=8.5deg, lidar=4.12m, visual=2.74m, goal=(13.02,-2.63), handle=(13.70,-1.59,1.00), handle_obs=True, handle_method=estimated, handle_conf=0.00
[state_machine_node-24] [INFO] [1790646911.721757000] [state_machine_node]: 문 접근 목표 보정: door_blue_6fa82a handle_axis=(13.70, -1.59) goal_axis=(13.70, -0.49) wall_axis=(13.70, -1.59) yaw=-90deg
[state_machine_node-24] [INFO] [1790646911.723095760] [state_machine_node]: 문 접근 목표 보정: door_blue_6fa82a handle_axis=(13.70, -1.59) goal_axis=(13.70, -0.49) wall_axis=(13.70, -1.59) yaw=-90deg
[state_machine_node-24] [WARN] [1790646911.725512068] [state_machine_node]: Locked blue target refined from newer observation: observed_blue_13p1_m1p3 -> observed_blue_13p1_m1p3, goal shift=0.32m, identity=(13.38,-1.62) -> (13.70,-1.59)
[navigation_node-22] [INFO] [1790646911.727879330] [navigation_node]: Navigation goal received: door observed_blue_13p1_m1p3 (color=blue, frame=map, x=13.70, y=-0.49)
[navigation_node-22] [WARN] [1790646911.728719260] [navigation_node]: Already navigating. Preempting current goal without an explicit stop before retargeting to: observed_blue_13p1_m1p3
[controller_server-13] [INFO] [1790646911.838705505] [controller_server]: Passing new path to controller.
[navigation_node-22] [INFO] [1790646911.875213743] [navigation_node]: Navigation goal accepted by Nav2
[bt_navigator-17] [INFO] [1790646911.912377817] [bt_navigator]: Received goal preemption request
[bt_navigator-17] [INFO] [1790646911.912862791] [bt_navigator]: Begin navigating from current location (10.75, -0.21) to (13.70, -0.49)
[controller_server-13] [INFO] [1790646913.088727029] [controller_server]: Passing new path to controller.
[door_detection_node-21] [INFO] [1790646913.216631671] [door_detection_node]: 문 후보 발행: id=door_blue_15f7b3, source=front, color=blue, dist=3.16m, conf=0.49, bbox=(165,33,203,206), rep_x=184, center_x=184, angle=-5.9deg, center_angle=-5.9deg, lidar=3.90m, visual=2.71m, goal=(12.20,-1.01), handle=(13.52,-1.72,1.00), handle_obs=True, handle_method=estimated, handle_conf=0.00
[state_machine_node-24] [INFO] [1790646913.225346090] [state_machine_node]: 문 접근 목표 보정: door_blue_15f7b3 handle_axis=(13.52, -1.72) goal_axis=(13.52, -0.62) wall_axis=(13.52, -1.72) yaw=-90deg
[state_machine_node-24] [INFO] [1790646913.226887588] [state_machine_node]: 문 접근 목표 보정: door_blue_15f7b3 handle_axis=(13.52, -1.72) goal_axis=(13.52, -0.62) wall_axis=(13.52, -1.72) yaw=-90deg
[door_detection_node-21] [INFO] [1790646913.235978864] [door_detection_node]: YOLO 후보 제외: source=front, far small dist=8.11m, conf=0.36, bbox=(120,73,137,165)
[planner_server-15] [INFO] [1790646913.718245097] [global_costmap.global_costmap]: StaticLayer: Resizing static layer to 405 X 89 at 0.050000 m/pix
[state_machine_node-24] [WARN] [1790646914.120099527] [state_machine_node]: Fine alignment blocked by costmap: occupied, inscribed, unknown or out-of-map approach segment; retaining Nav2/reobservation.
[controller_server-13] [INFO] [1790646914.338659390] [controller_server]: Passing new path to controller.
[door_detection_node-21] [INFO] [1790646914.452018736] [door_detection_node]: Front lateral LiDAR range looks too long for the visible door; using visual range (lidar=3.26m, visual=2.54m)
[door_detection_node-21] [INFO] [1790646914.805710272] [door_detection_node]: 문 후보 발행: id=door_blue_15f7b3, source=front, color=blue, dist=2.54m, conf=0.54, bbox=(216,29,260,213), rep_x=238, center_x=238, angle=-18.4deg, center_angle=-18.4deg, lidar=3.45m, visual=2.54m, goal=(13.22,-0.22), handle=(13.00,-1.45,1.00), handle_obs=True, handle_method=estimated, handle_conf=0.00
[state_machine_node-24] [INFO] [1790646914.815540221] [state_machine_node]: 문 접근 목표 보정: door_blue_15f7b3 handle_axis=(13.00, -1.45) goal_axis=(13.00, -0.35) wall_axis=(13.00, -1.45) yaw=-90deg
[state_machine_node-24] [INFO] [1790646914.819217151] [state_machine_node]: 문 접근 목표 보정: door_blue_15f7b3 handle_axis=(13.00, -1.45) goal_axis=(13.00, -0.35) wall_axis=(13.00, -1.45) yaw=-90deg
[state_machine_node-24] [WARN] [1790646914.820812130] [state_machine_node]: Locked blue target refined from newer observation: observed_blue_13p1_m1p3 -> observed_blue_13p1_m1p3, goal shift=0.72m, identity=(13.70,-1.59) -> (13.00,-1.45)
[navigation_node-22] [INFO] [1790646914.822787051] [navigation_node]: Navigation goal received: door observed_blue_13p1_m1p3 (color=blue, frame=map, x=13.00, y=-0.35)
[navigation_node-22] [WARN] [1790646914.824618435] [navigation_node]: Already navigating. Preempting current goal without an explicit stop before retargeting to: observed_blue_13p1_m1p3
[navigation_node-22] [INFO] [1790646914.980683577] [navigation_node]: Navigation goal accepted by Nav2
[bt_navigator-17] [INFO] [1790646915.012401552] [bt_navigator]: Received goal preemption request
[bt_navigator-17] [INFO] [1790646915.013014169] [bt_navigator]: Begin navigating from current location (10.80, -0.26) to (13.00, -0.35)
[controller_server-13] [INFO] [1790646915.713684343] [controller_server]: Passing new path to controller.
[door_detection_node-21] [INFO] [1790646916.585080142] [door_detection_node]: 문 후보 발행: id=door_blue_a2b639, source=front, color=blue, dist=3.04m, conf=0.43, bbox=(246,22,294,218), rep_x=270, center_x=270, angle=-25.2deg, center_angle=-25.2deg, lidar=2.96m, visual=2.39m, goal=(13.57,-0.54), handle=(13.46,-1.79,1.00), handle_obs=True, handle_method=estimated, handle_conf=0.00
[door_detection_node-21] [INFO] [1790646916.591080322] [door_detection_node]: YOLO 후보 제외: source=front, far small dist=6.69m, conf=0.32, bbox=(54,84,71,154)
[state_machine_node-24] [INFO] [1790646916.594228496] [state_machine_node]: 문 접근 목표 보정: door_blue_a2b639 handle_axis=(13.46, -1.79) goal_axis=(13.46, -0.69) wall_axis=(13.46, -1.79) yaw=-90deg
[state_machine_node-24] [INFO] [1790646916.595693784] [state_machine_node]: 문 접근 목표 보정: door_blue_a2b639 handle_axis=(13.46, -1.79) goal_axis=(13.46, -0.69) wall_axis=(13.46, -1.79) yaw=-90deg
[state_machine_node-24] [WARN] [1790646916.849368651] [state_machine_node]: Fine alignment blocked by costmap: occupied, inscribed, unknown or out-of-map approach segment; retaining Nav2/reobservation.
[controller_server-13] [INFO] [1790646916.963688712] [controller_server]: Passing new path to controller.
[planner_server-15] [INFO] [1790646917.717997213] [global_costmap.global_costmap]: StaticLayer: Resizing static layer to 407 X 89 at 0.050000 m/pix
[door_detection_node-21] [INFO] [1790646917.772493269] [door_detection_node]: Front lateral LiDAR range looks too long for the visible door; using visual range (lidar=3.17m, visual=2.32m)
[door_detection_node-21] [INFO] [1790646918.181978311] [door_detection_node]: 문 후보 발행: id=door_blue_a2b639, source=front, color=blue, dist=2.32m, conf=0.30, bbox=(257,20,309,222), rep_x=283, center_x=283, angle=-27.7deg, center_angle=-27.7deg, lidar=3.19m, visual=2.32m, goal=(12.88,-0.21), handle=(12.82,-1.46,1.00), handle_obs=True, handle_method=estimated, handle_conf=0.00
[state_machine_node-24] [INFO] [1790646918.190013483] [state_machine_node]: 문 접근 목표 보정: door_blue_a2b639 handle_axis=(12.82, -1.46) goal_axis=(12.82, -0.36) wall_axis=(12.82, -1.46) yaw=-90deg
[state_machine_node-24] [INFO] [1790646918.191158943] [state_machine_node]: 문 접근 목표 보정: door_blue_a2b639 handle_axis=(12.82, -1.46) goal_axis=(12.82, -0.36) wall_axis=(12.82, -1.46) yaw=-90deg
[state_machine_node-24] [WARN] [1790646918.191990890] [state_machine_node]: Locked blue target refined from newer observation: observed_blue_13p1_m1p3 -> observed_blue_13p1_m1p3, goal shift=0.18m, identity=(13.00,-1.45) -> (12.82,-1.46)
[navigation_node-22] [INFO] [1790646918.193871488] [navigation_node]: Navigation goal received: door observed_blue_13p1_m1p3 (color=blue, frame=map, x=12.82, y=-0.36)
[navigation_node-22] [INFO] [1790646918.194737192] [navigation_node]: Ignoring duplicate navigation target for active door: observed_blue_13p1_m1p3
[controller_server-13] [INFO] [1790646918.213691823] [controller_server]: Passing new path to controller.
[state_machine_node-24] [INFO] [1790646918.964134719] [state_machine_node]: Blue candidate door_blue_9a3548 ignored: physical/opened door station already handled nearby at (10.50, 1.84).
[controller_server-13] [INFO] [1790646919.463712861] [controller_server]: Passing new path to controller.
[state_machine_node-24] [WARN] [1790646919.600400422] [state_machine_node]: Fine alignment blocked by costmap: occupied, inscribed, unknown or out-of-map approach segment; retaining Nav2/reobservation.
[door_detection_node-21] [INFO] [1790646920.214461262] [door_detection_node]: YOLO 후보 제외: source=front, far small dist=5.16m, conf=0.38, bbox=(222,72,241,168)
[door_detection_node-21] [INFO] [1790646920.245637860] [door_detection_node]: Front lateral LiDAR range looks too long for the visible door; using visual range (lidar=3.12m, visual=2.23m)
[door_detection_node-21] [INFO] [1790646920.255305233] [door_detection_node]: YOLO 후보 제외: source=front, edge-clipped bbox=(280,13,320,223)
[controller_server-13] [INFO] [1790646920.713694744] [controller_server]: Passing new path to controller.
[planner_server-15] [INFO] [1790646920.717955394] [global_costmap.global_costmap]: StaticLayer: Resizing static layer to 409 X 89 at 0.050000 m/pix
[door_detection_node-21] [INFO] [1790646921.488286031] [door_detection_node]: 문 후보 발행: id=door_blue_a2b639, source=front, color=blue, dist=2.85m, conf=0.60, bbox=(237,19,284,219), rep_x=260, center_x=260, angle=-23.1deg, center_angle=-23.1deg, lidar=2.76m, visual=2.34m, goal=(13.46,-0.57), handle=(13.26,-1.80,1.00), handle_obs=True, handle_method=estimated, handle_conf=0.00
[state_machine_node-24] [INFO] [1790646921.498056281] [state_machine_node]: 문 접근 목표 보정: door_blue_a2b639 handle_axis=(13.26, -1.80) goal_axis=(13.26, -0.70) wall_axis=(13.26, -1.80) yaw=-90deg
[state_machine_node-24] [INFO] [1790646921.501264766] [state_machine_node]: 문 접근 목표 보정: door_blue_a2b639 handle_axis=(13.26, -1.80) goal_axis=(13.26, -0.70) wall_axis=(13.26, -1.80) yaw=-90deg
[state_machine_node-24] [WARN] [1790646921.507651010] [state_machine_node]: Locked blue target refined from newer observation: observed_blue_13p1_m1p3 -> observed_blue_13p1_m1p3, goal shift=0.56m, identity=(12.82,-1.46) -> (13.26,-1.80)
[navigation_node-22] [INFO] [1790646921.509704211] [navigation_node]: Navigation goal received: door observed_blue_13p1_m1p3 (color=blue, frame=map, x=13.26, y=-0.70)
[navigation_node-22] [WARN] [1790646921.510594388] [navigation_node]: Already navigating. Preempting current goal without an explicit stop before retargeting to: observed_blue_13p1_m1p3
[navigation_node-22] [INFO] [1790646921.679887081] [navigation_node]: Navigation goal accepted by Nav2
[bt_navigator-17] [INFO] [1790646921.712329773] [bt_navigator]: Received goal preemption request
[bt_navigator-17] [INFO] [1790646921.712613807] [bt_navigator]: Begin navigating from current location (10.90, -0.27) to (13.26, -0.70)
[controller_server-13] [INFO] [1790646922.088663467] [controller_server]: Passing new path to controller.
[state_machine_node-24] [INFO] [1790646922.677613148] [state_machine_node]: 문 접근 목표 보정: door_blue_15f7b3 handle_axis=(13.34, -1.80) goal_axis=(13.34, -0.70) wall_axis=(13.34, -1.80) yaw=-90deg
[state_machine_node-24] [INFO] [1790646922.680887236] [state_machine_node]: 문 접근 목표 보정: door_blue_15f7b3 handle_axis=(13.34, -1.80) goal_axis=(13.34, -0.70) wall_axis=(13.34, -1.80) yaw=-90deg
[door_detection_node-21] [INFO] [1790646923.216559551] [door_detection_node]: Side camera visual fallback rejected (source=front_left, lidar=3.68m, visual=6.24m > 4.50m)
[controller_server-13] [INFO] [1790646923.338674018] [controller_server]: Passing new path to controller.
[planner_server-15] [INFO] [1790646923.718004086] [global_costmap.global_costmap]: StaticLayer: Resizing static layer to 412 X 89 at 0.050000 m/pix
[door_detection_node-21] [INFO] [1790646924.634214246] [door_detection_node]: 문 후보 발행: id=door_blue_15f7b3, source=front, color=blue, dist=2.73m, conf=0.54, bbox=(156,19,199,220), rep_x=177, center_x=177, angle=-4.2deg, center_angle=-4.2deg, lidar=2.64m, visual=2.33m, goal=(12.15,-1.04), handle=(13.40,-1.87,1.00), handle_obs=True, handle_method=estimated, handle_conf=0.00
[state_machine_node-24] [INFO] [1790646924.643058541] [state_machine_node]: 문 접근 목표 보정: door_blue_15f7b3 handle_axis=(13.40, -1.87) goal_axis=(13.40, -0.77) wall_axis=(13.40, -1.87) yaw=-90deg
[state_machine_node-24] [INFO] [1790646924.646649362] [state_machine_node]: 문 접근 목표 보정: door_blue_15f7b3 handle_axis=(13.40, -1.87) goal_axis=(13.40, -0.77) wall_axis=(13.40, -1.87) yaw=-90deg
[controller_server-13] [INFO] [1790646924.713721283] [controller_server]: Passing new path to controller.
[planner_server-15] [INFO] [1790646925.718129094] [global_costmap.global_costmap]: StaticLayer: Resizing static layer to 413 X 89 at 0.050000 m/pix
[controller_server-13] [INFO] [1790646925.838721047] [controller_server]: Passing new path to controller.
[door_detection_node-21] [INFO] [1790646926.146718324] [door_detection_node]: 문 후보 발행: id=door_blue_15f7b3, source=front, color=blue, dist=2.52m, conf=0.42, bbox=(153,13,202,230), rep_x=177, center_x=177, angle=-4.2deg, center_angle=-4.2deg, lidar=2.55m, visual=2.16m, goal=(12.21,-0.98), handle=(13.49,-1.77,1.00), handle_obs=True, handle_method=estimated, handle_conf=0.00
[state_machine_node-24] [INFO] [1790646926.155631205] [state_machine_node]: 문 접근 목표 보정: door_blue_15f7b3 handle_axis=(13.49, -1.77) goal_axis=(13.49, -0.67) wall_axis=(13.49, -1.77) yaw=-90deg
[state_machine_node-24] [INFO] [1790646926.156996205] [state_machine_node]: 문 접근 목표 보정: door_blue_15f7b3 handle_axis=(13.49, -1.77) goal_axis=(13.49, -0.67) wall_axis=(13.49, -1.77) yaw=-90deg
[state_machine_node-24] [WARN] [1790646926.158157898] [state_machine_node]: Locked blue target refined from newer observation: observed_blue_13p1_m1p3 -> observed_blue_13p1_m1p3, goal shift=0.23m, identity=(13.26,-1.80) -> (13.49,-1.77)
[navigation_node-22] [INFO] [1790646926.161143919] [navigation_node]: Navigation goal received: door observed_blue_13p1_m1p3 (color=blue, frame=map, x=13.49, y=-0.67)
[navigation_node-22] [INFO] [1790646926.161802038] [navigation_node]: Ignoring duplicate navigation target for active door: observed_blue_13p1_m1p3
[door_detection_node-21] [INFO] [1790646926.669201590] [door_detection_node]: Side camera visual fallback rejected (source=front_left, lidar=3.29m, visual=6.41m > 4.50m)
[controller_server-13] [INFO] [1790646927.213711382] [controller_server]: Passing new path to controller.
[state_machine_node-24] [INFO] [1790646927.438435827] [state_machine_node]: 문 접근 목표 보정: door_blue_15f7b3 handle_axis=(13.46, -1.77) goal_axis=(13.46, -0.67) wall_axis=(13.46, -1.77) yaw=-90deg
[door_detection_node-21] [INFO] [1790646927.439666299] [door_detection_node]: YOLO 후보 제외: source=front, far small dist=4.68m, conf=0.25, bbox=(97,62,116,172)
[state_machine_node-24] [INFO] [1790646927.439697367] [state_machine_node]: 문 접근 목표 보정: door_blue_15f7b3 handle_axis=(13.46, -1.77) goal_axis=(13.46, -0.67) wall_axis=(13.46, -1.77) yaw=-90deg
[planner_server-15] [INFO] [1790646927.717931748] [global_costmap.global_costmap]: StaticLayer: Resizing static layer to 422 X 89 at 0.050000 m/pix
[controller_server-13] [INFO] [1790646928.463702277] [controller_server]: Passing new path to controller.
[planner_server-15] [INFO] [1790646928.718065253] [global_costmap.global_costmap]: StaticLayer: Resizing static layer to 426 X 89 at 0.050000 m/pix
[door_detection_node-21] [INFO] [1790646929.127988410] [door_detection_node]: 문 후보 발행: id=door_blue_15f7b3, source=front, color=blue, dist=2.19m, conf=0.32, bbox=(171,0,234,239), rep_x=202, center_x=202, angle=-10.2deg, center_angle=-10.2deg, lidar=2.23m, visual=1.96m, goal=(12.33,-1.00), handle=(14.24,-1.89,0.84), handle_obs=True, handle_method=yolo:primary:item, handle_conf=0.41
[state_machine_node-24] [INFO] [1790646929.140056860] [state_machine_node]: 문 접근 목표 보정: door_blue_15f7b3 handle_axis=(14.24, -1.89) goal_axis=(14.24, -0.79) wall_axis=(14.24, -1.89) yaw=-90deg
[state_machine_node-24] [INFO] [1790646929.141556816] [state_machine_node]: 문 접근 목표 보정: door_blue_15f7b3 handle_axis=(14.24, -1.89) goal_axis=(14.24, -0.79) wall_axis=(14.24, -1.89) yaw=-90deg
[state_machine_node-24] [WARN] [1790646929.142693465] [state_machine_node]: Locked blue target refined from newer observation: observed_blue_13p1_m1p3 -> observed_blue_13p1_m1p3, goal shift=0.76m, identity=(13.49,-1.77) -> (13.60,-1.81)
[navigation_node-22] [INFO] [1790646929.144824611] [navigation_node]: Navigation goal received: door observed_blue_13p1_m1p3 (color=blue, frame=map, x=14.24, y=-0.79)
[navigation_node-22] [WARN] [1790646929.145862158] [navigation_node]: Already navigating. Preempting current goal without an explicit stop before retargeting to: observed_blue_13p1_m1p3
[bt_navigator-17] [INFO] [1790646929.312623731] [bt_navigator]: Received goal preemption request
[bt_navigator-17] [INFO] [1790646929.313390196] [bt_navigator]: Begin navigating from current location (11.78, -0.67) to (14.24, -0.79)
[navigation_node-22] [INFO] [1790646929.315249508] [navigation_node]: Navigation goal accepted by Nav2
[controller_server-13] [INFO] [1790646929.713727404] [controller_server]: Passing new path to controller.
[state_machine_node-24] [INFO] [1790646930.087238730] [state_machine_node]: 문 접근 목표 보정: door_blue_15f7b3 handle_axis=(14.19, -1.85) goal_axis=(14.19, -0.75) wall_axis=(14.19, -1.85) yaw=-90deg
[state_machine_node-24] [INFO] [1790646930.091279010] [state_machine_node]: 문 접근 목표 보정: door_blue_15f7b3 handle_axis=(14.19, -1.85) goal_axis=(14.19, -0.75) wall_axis=(14.19, -1.85) yaw=-90deg
[door_detection_node-21] [INFO] [1790646930.409330492] [door_detection_node]: Side camera visual fallback rejected (source=front_left, lidar=3.24m, visual=5.26m > 4.50m)
[planner_server-15] [INFO] [1790646930.717949759] [global_costmap.global_costmap]: StaticLayer: Resizing static layer to 430 X 89 at 0.050000 m/pix
[door_detection_node-21] [INFO] [1790646930.839741805] [door_detection_node]: YOLO 후보 제외: source=front, far small dist=4.52m, conf=0.24, bbox=(154,56,173,183)
[door_detection_node-21] [INFO] [1790646931.049805283] [door_detection_node]: 문 후보 발행: id=door_blue_163460, source=front, color=blue, dist=1.86m, conf=1.00, bbox=(219,0,303,240), rep_x=261, center_x=261, angle=-23.3deg, center_angle=-23.3deg, lidar=1.87m, visual=1.95m, goal=(14.34,-0.68), handle=(14.06,-1.90,0.85), handle_obs=True, handle_method=yolo:primary:item, handle_conf=0.64
[state_machine_node-24] [INFO] [1790646931.059526107] [state_machine_node]: 문 접근 목표 보정: door_blue_163460 handle_axis=(14.06, -1.90) goal_axis=(14.06, -0.80) wall_axis=(14.06, -1.90) yaw=-90deg
[state_machine_node-24] [INFO] [1790646931.063563189] [state_machine_node]: 문 접근 목표 보정: door_blue_163460 handle_axis=(14.06, -1.90) goal_axis=(14.06, -0.80) wall_axis=(14.06, -1.90) yaw=-90deg
[controller_server-13] [INFO] [1790646931.088705118] [controller_server]: Passing new path to controller.
[planner_server-15] [INFO] [1790646931.718110244] [global_costmap.global_costmap]: StaticLayer: Resizing static layer to 431 X 89 at 0.050000 m/pix
[state_machine_node-24] [INFO] [1790646931.972268656] [state_machine_node]: 문 접근 목표 보정: door_blue_163460 handle_axis=(13.93, -1.85) goal_axis=(13.93, -0.75) wall_axis=(13.93, -1.85) yaw=-90deg
[state_machine_node-24] [INFO] [1790646931.975730827] [state_machine_node]: 문 접근 목표 보정: door_blue_163460 handle_axis=(13.93, -1.85) goal_axis=(13.93, -0.75) wall_axis=(13.93, -1.85) yaw=-90deg
[controller_server-13] [INFO] [1790646932.338728119] [controller_server]: Passing new path to controller.
[planner_server-15] [INFO] [1790646932.717926120] [global_costmap.global_costmap]: StaticLayer: Resizing static layer to 436 X 89 at 0.050000 m/pix
[door_detection_node-21] [INFO] [1790646932.729477509] [door_detection_node]: Front lateral LiDAR range looks too long for the visible door; using visual range (lidar=6.46m, visual=4.88m)
[door_detection_node-21] [INFO] [1790646933.108674134] [door_detection_node]: 문 후보 발행: id=door_blue_a53092, source=front, color=blue, dist=4.88m, conf=0.36, bbox=(0,72,22,168), rep_x=11, center_x=11, angle=32.5deg, center_angle=32.5deg, lidar=2.81m, visual=4.88m, goal=(16.47,0.05), handle=(16.63,1.29,1.00), handle_obs=True, handle_method=estimated, handle_conf=0.00
[door_detection_node-21] [INFO] [1790646933.515189865] [door_detection_node]: YOLO 후보 제외: source=front, far small dist=6.94m, conf=0.23, bbox=(85,88,125,155)
[door_detection_node-21] [INFO] [1790646933.538661239] [door_detection_node]: YOLO 후보 제외: source=front, edge-clipped bbox=(257,0,320,240)
[controller_server-13] [INFO] [1790646933.713691472] [controller_server]: Passing new path to controller.
[planner_server-15] [INFO] [1790646933.718031488] [global_costmap.global_costmap]: StaticLayer: Resizing static layer to 437 X 89 at 0.050000 m/pix
[state_machine_node-24] [INFO] [1790646934.558676457] [state_machine_node]: 문 접근 목표 보정: door_blue_348b98 handle_axis=(13.50, -1.89) goal_axis=(13.50, -0.79) wall_axis=(13.50, -1.89) yaw=-90deg
[state_machine_node-24] [INFO] [1790646934.561626550] [state_machine_node]: 문 접근 목표 보정: door_blue_348b98 handle_axis=(13.50, -1.89) goal_axis=(13.50, -0.79) wall_axis=(13.50, -1.89) yaw=-90deg
[state_machine_node-24] [WARN] [1790646934.563505978] [state_machine_node]: Locked blue target refined from newer observation: observed_blue_13p1_m1p3 -> observed_blue_13p1_m1p3, goal shift=0.74m, identity=(13.60,-1.81) -> (13.50,-1.89)
[navigation_node-22] [INFO] [1790646934.566107220] [navigation_node]: Navigation goal received: door observed_blue_13p1_m1p3 (color=blue, frame=map, x=13.50, y=-0.79)
[navigation_node-22] [WARN] [1790646934.566738510] [navigation_node]: Already navigating. Preempting current goal without an explicit stop before retargeting to: observed_blue_13p1_m1p3
[navigation_node-22] [INFO] [1790646934.737903184] [navigation_node]: Navigation goal accepted by Nav2
[bt_navigator-17] [INFO] [1790646934.812405391] [bt_navigator]: Received goal preemption request
[bt_navigator-17] [INFO] [1790646934.812743590] [bt_navigator]: Begin navigating from current location (12.56, -0.83) to (13.50, -0.79)
[controller_server-13] [INFO] [1790646934.963707314] [controller_server]: Passing new path to controller.
[door_detection_node-21] [INFO] [1790646935.148519175] [door_detection_node]: Front lateral LiDAR range looks too long for the visible door; using visual range (lidar=6.44m, visual=5.14m)
[door_detection_node-21] [INFO] [1790646935.598595747] [door_detection_node]: 문 후보 발행: id=door_blue_a53092, source=front, color=blue, dist=5.14m, conf=0.66, bbox=(24,74,50,165), rep_x=37, center_x=37, angle=27.7deg, center_angle=27.7deg, lidar=6.33m, visual=5.14m, goal=(17.14,0.18), handle=(17.18,1.43,1.00), handle_obs=True, handle_method=estimated, handle_conf=0.00
[controller_server-13] [INFO] [1790646936.213677376] [controller_server]: Passing new path to controller.
[planner_server-15] [INFO] [1790646936.717986516] [global_costmap.global_costmap]: StaticLayer: Resizing static layer to 443 X 89 at 0.050000 m/pix
[door_detection_node-21] [INFO] [1790646937.162806737] [door_detection_node]: 문 후보 발행: id=door_blue_95e8e9, source=front_right, color=blue, dist=1.38m, conf=1.00, bbox=(0,0,162,240), rep_x=81, center_x=81, angle=-51.3deg, center_angle=-51.3deg, lidar=1.37m, visual=1.95m, goal=(13.66,-0.66), handle=(13.65,-1.91,1.00), handle_obs=True, handle_method=estimated, handle_conf=0.00
[state_machine_node-24] [INFO] [1790646937.172993442] [state_machine_node]: 문 접근 목표 보정: door_blue_95e8e9 handle_axis=(13.65, -1.91) goal_axis=(13.65, -0.81) wall_axis=(13.65, -1.91) yaw=-90deg
[state_machine_node-24] [INFO] [1790646937.176538059] [state_machine_node]: 문 접근 목표 보정: door_blue_95e8e9 handle_axis=(13.65, -1.91) goal_axis=(13.65, -0.81) wall_axis=(13.65, -1.91) yaw=-90deg
[controller_server-13] [INFO] [1790646937.463705600] [controller_server]: Passing new path to controller.
[planner_server-15] [INFO] [1790646937.718267328] [global_costmap.global_costmap]: StaticLayer: Resizing static layer to 446 X 89 at 0.050000 m/pix
[door_detection_node-21] [INFO] [1790646938.101963985] [door_detection_node]: YOLO 후보 제외: source=front, far small dist=6.59m, conf=0.36, bbox=(116,85,157,156)
[door_detection_node-21] [INFO] [1790646938.121309119] [door_detection_node]: Front lateral LiDAR range looks too long for the visible door; using visual range (lidar=3.60m, visual=2.69m)
[controller_server-13] [INFO] [1790646938.713741834] [controller_server]: Passing new path to controller.
[planner_server-15] [INFO] [1790646938.717931845] [global_costmap.global_costmap]: StaticLayer: Resizing static layer to 454 X 89 at 0.050000 m/pix
[state_machine_node-24] [INFO] [1790646939.418500756] [state_machine_node]: Nav2 door goal position is near, but yaw is not ready yet: observed_blue_13p1_m1p3, dist=0.36m/0.38m, lateral=0.02m/0.24m, yaw_error=94deg.
[door_detection_node-21] [INFO] [1790646939.463327199] [door_detection_node]: 문 후보 발행: id=door_blue_dabf0f, source=front_right, color=blue, dist=1.13m, conf=1.00, bbox=(62,0,281,240), rep_x=171, center_x=171, angle=-72.7deg, center_angle=-72.7deg, lidar=1.13m, visual=1.95m, goal=(14.14,-0.77), handle=(14.21,-2.01,0.81), handle_obs=True, handle_method=yolo:primary:item, handle_conf=0.70
[state_machine_node-24] [INFO] [1790646939.474486561] [state_machine_node]: 문 접근 목표 보정: door_blue_dabf0f handle_axis=(14.21, -2.01) goal_axis=(14.21, -0.91) wall_axis=(14.21, -2.01) yaw=-90deg
[state_machine_node-24] [INFO] [1790646939.478037648] [state_machine_node]: 문 접근 목표 보정: door_blue_dabf0f handle_axis=(14.21, -2.01) goal_axis=(14.21, -0.91) wall_axis=(14.21, -2.01) yaw=-90deg
[state_machine_node-24] [WARN] [1790646939.479451327] [state_machine_node]: Locked blue target refined from newer observation: observed_blue_13p1_m1p3 -> observed_blue_13p1_m1p3, goal shift=0.72m, identity=(13.50,-1.89) -> (13.51,-1.89)
[navigation_node-22] [INFO] [1790646939.481471009] [navigation_node]: Navigation goal received: door observed_blue_13p1_m1p3 (color=blue, frame=map, x=14.21, y=-0.91)
[navigation_node-22] [WARN] [1790646939.482243337] [navigation_node]: Already navigating. Preempting current goal without an explicit stop before retargeting to: observed_blue_13p1_m1p3
[navigation_node-22] [INFO] [1790646939.641956906] [navigation_node]: Navigation goal accepted by Nav2
[bt_navigator-17] [INFO] [1790646939.713205779] [bt_navigator]: Received goal preemption request
[bt_navigator-17] [INFO] [1790646939.713793267] [bt_navigator]: Begin navigating from current location (13.17, -0.84) to (14.21, -0.91)
[controller_server-13] [INFO] [1790646939.963727027] [controller_server]: Passing new path to controller.
[door_detection_node-21] [INFO] [1790646940.364991600] [door_detection_node]: Front lateral LiDAR range looks too long for the visible door; using visual range (lidar=3.23m, visual=2.52m)
[door_detection_node-21] [INFO] [1790646940.761959467] [door_detection_node]: YOLO 후보 제외: source=front, far small dist=6.08m, conf=0.23, bbox=(130,82,173,159)
[controller_server-13] [INFO] [1790646941.213770407] [controller_server]: Passing new path to controller.
[door_detection_node-21] [INFO] [1790646941.451893193] [door_detection_node]: HSV candidate rejected: color=blue, edge-clipped bbox=(133,0,320,240), width_ratio=0.58
[planner_server-15] [INFO] [1790646941.718007630] [global_costmap.global_costmap]: StaticLayer: Resizing static layer to 455 X 89 at 0.050000 m/pix
[door_detection_node-21] [INFO] [1790646942.236075461] [door_detection_node]: 문 후보 발행: id=door_blue_a53092, source=front, color=blue, dist=5.84m, conf=0.58, bbox=(66,72,90,167), rep_x=78, center_x=78, angle=19.3deg, center_angle=19.3deg, lidar=6.81m, visual=4.93m, goal=(18.63,0.78), handle=(18.42,2.01,1.00), handle_obs=False, handle_method=estimated, handle_conf=0.00
[door_detection_node-21] [INFO] [1790646942.276971318] [door_detection_node]: YOLO 후보 제외: source=front, edge-clipped bbox=(281,0,320,233)
[controller_server-13] [INFO] [1790646942.588717396] [controller_server]: Passing new path to controller.
[planner_server-15] [INFO] [1790646943.718016453] [global_costmap.global_costmap]: StaticLayer: Resizing static layer to 465 X 89 at 0.050000 m/pix
[controller_server-13] [INFO] [1790646943.838719038] [controller_server]: Passing new path to controller.
[door_detection_node-21] [INFO] [1790646944.056150836] [door_detection_node]: Front lateral LiDAR range looks too long for the visible door; using visual range (lidar=6.25m, visual=4.18m)
[door_detection_node-21] [INFO] [1790646944.407024355] [door_detection_node]: 문 후보 발행: id=door_blue_a53092, source=front, color=blue, dist=4.18m, conf=0.51, bbox=(11,63,43,175), rep_x=27, center_x=27, angle=29.6deg, center_angle=29.6deg, lidar=6.74m, visual=4.18m, goal=(17.20,0.04), handle=(17.19,1.29,1.00), handle_obs=True, handle_method=estimated, handle_conf=0.00
[door_detection_node-21] [INFO] [1790646944.413770645] [door_detection_node]: YOLO 후보 제외: source=front, far small dist=7.48m, conf=0.24, bbox=(113,84,159,151)
[planner_server-15] [INFO] [1790646944.718759564] [global_costmap.global_costmap]: StaticLayer: Resizing static layer to 467 X 89 at 0.050000 m/pix
[controller_server-13] [INFO] [1790646945.213711134] [controller_server]: Passing new path to controller.
[state_machine_node-24] [INFO] [1790646946.098356534] [state_machine_node]: Nav2 door goal position is near, but yaw is not ready yet: observed_blue_13p1_m1p3, dist=0.31m/0.38m, lateral=-0.06m/0.24m, yaw_error=79deg.
[controller_server-13] [INFO] [1790646946.463745939] [controller_server]: Passing new path to controller.
[door_detection_node-21] [INFO] [1790646946.644379052] [door_detection_node]: YOLO 후보 제외: source=front, far small dist=6.32m, conf=0.34, bbox=(63,80,115,154)
[planner_server-15] [INFO] [1790646946.717977764] [global_costmap.global_costmap]: StaticLayer: Resizing static layer to 468 X 89 at 0.050000 m/pix
[state_machine_node-24] [INFO] [1790646947.039589808] [state_machine_node]: Nav2 goal is close enough for fine door alignment: observed_blue_13p1_m1p3, dist=0.24m/0.38m, lateral=-0.05m/0.24m, yaw_error=80deg.
[state_machine_node-24] [INFO] [1790646947.040712182] [state_machine_node]: Nav2 goal cancellation requested before door fine alignment.
[navigation_node-22] [INFO] [1790646947.042571235] [navigation_node]: Navigation cancellation requested for manual control handoff.
[state_machine_node-24] [INFO] [1790646947.103813488] [state_machine_node]: Fine door approach started: observed_blue_13p1_m1p3, dist=0.24m, lateral=-0.05m, forward=0.23m, yaw_error=80deg
[state_machine_node-24] [INFO] [1790646947.105071891] [state_machine_node]: Fine door parking translation: observed_blue_13p1_m1p3, dist=0.24m/0.17m, heading_error=11deg, cmd=(0.07, -0.14)
[bt_navigator-17] [ERROR] [1790646947.134400815] [bt_navigator_navigate_to_pose_rclcpp_node]: Failed to get result for follow_path in node halt!
[bt_navigator-17] [INFO] [1790646947.134578671] [bt_navigator]: [navigate_to_pose] [ActionServer] Client requested to cancel the goal. Cancelling.
[bt_navigator-17] [INFO] [1790646947.135929508] [bt_navigator]: Goal canceled
[controller_server-13] [INFO] [1790646947.213690819] [controller_server]: Goal was canceled. Stopping the robot.
[controller_server-13] [INFO] [1790646947.213832669] [controller_server]: [follow_path] [ActionServer] Client requested to cancel the goal. Cancelling.
[door_detection_node-21] [INFO] [1790646947.528989045] [door_detection_node]: 문 후보 발행: id=door_blue_4622c4, source=front_left, color=blue, dist=5.55m, conf=0.54, bbox=(254,63,286,172), rep_x=270, center_x=270, angle=44.8deg, center_angle=44.8deg, lidar=5.81m, visual=4.29m, goal=(18.45,0.79), handle=(18.76,2.01,1.00), handle_obs=True, handle_method=estimated, handle_conf=0.00
[state_machine_node-24] [INFO] [1790646947.996374724] [state_machine_node]: Fine door parking translation: observed_blue_13p1_m1p3, dist=0.20m/0.17m, heading_error=16deg, cmd=(0.07, -0.14)
[state_machine_node-24] [INFO] [1790646948.945988591] [state_machine_node]: Fine door final yaw alignment: observed_blue_13p1_m1p3, dist=0.15m/0.17m, yaw_error=72deg, cmd=(0.00, -0.25)
[door_detection_node-21] [INFO] [1790646949.406225243] [door_detection_node]: 문 후보 발행: id=door_blue_9800cb, source=front_left, color=blue, dist=5.44m, conf=0.36, bbox=(222,65,253,171), rep_x=237, center_x=237, angle=51.8deg, center_angle=51.8deg, lidar=5.78m, visual=4.42m, goal=(18.28,0.83), handle=(18.72,2.00,1.00), handle_obs=True, handle_method=estimated, handle_conf=0.00
[state_machine_node-24] [INFO] [1790646949.867748109] [state_machine_node]: Fine door final yaw alignment: observed_blue_13p1_m1p3, dist=0.16m/0.17m, yaw_error=69deg, cmd=(0.00, -0.25)
[state_machine_node-24] [INFO] [1790646950.801058887] [state_machine_node]: Fine door final yaw alignment: observed_blue_13p1_m1p3, dist=0.17m/0.17m, yaw_error=64deg, cmd=(0.00, -0.25)
[door_detection_node-21] [INFO] [1790646951.307462891] [door_detection_node]: 문 후보 발행: id=door_blue_9800cb, source=front_left, color=blue, dist=5.39m, conf=0.49, bbox=(180,67,210,172), rep_x=195, center_x=195, angle=61.5deg, center_angle=61.5deg, lidar=5.89m, visual=4.46m, goal=(18.06,0.82), handle=(18.71,1.89,1.00), handle_obs=True, handle_method=estimated, handle_conf=0.00
[door_detection_node-21] [INFO] [1790646951.310942596] [door_detection_node]: Side camera visual fallback rejected (source=front_left, lidar=2.82m, visual=5.51m > 4.50m)
[state_machine_node-24] [INFO] [1790646951.745187144] [state_machine_node]: Fine door final yaw alignment: observed_blue_13p1_m1p3, dist=0.17m/0.17m, yaw_error=59deg, cmd=(0.00, -0.25)
[door_detection_node-21] [INFO] [1790646951.794035185] [door_detection_node]: HSV candidate rejected: color=blue, edge-clipped bbox=(104,0,320,240), width_ratio=0.68
[state_machine_node-24] [INFO] [1790646952.702759314] [state_machine_node]: Fine door final yaw alignment: observed_blue_13p1_m1p3, dist=0.17m/0.17m, yaw_error=55deg, cmd=(0.00, -0.25)
[door_detection_node-21] [INFO] [1790646953.515490249] [door_detection_node]: 문 후보 발행: id=door_blue_cc16bb, source=front_left, color=blue, dist=5.30m, conf=0.58, bbox=(136,68,164,171), rep_x=150, center_x=150, angle=72.4deg, center_angle=72.4deg, lidar=5.47m, visual=4.54m, goal=(17.79,1.02), handle=(18.61,1.96,1.00), handle_obs=True, handle_method=estimated, handle_conf=0.00
[state_machine_node-24] [INFO] [1790646953.682219860] [state_machine_node]: Fine door final yaw alignment: observed_blue_13p1_m1p3, dist=0.17m/0.17m, yaw_error=52deg, cmd=(0.00, -0.25)
[state_machine_node-24] [INFO] [1790646954.513667669] [state_machine_node]: 문 접근 목표 보정: door_blue_95e8e9 handle_axis=(13.95, -1.78) goal_axis=(13.95, -0.68) wall_axis=(13.95, -1.78) yaw=-90deg
[state_machine_node-24] [INFO] [1790646954.519902129] [state_machine_node]: 문 접근 목표 보정: door_blue_95e8e9 handle_axis=(13.95, -1.78) goal_axis=(13.95, -0.68) wall_axis=(13.95, -1.78) yaw=-90deg
[state_machine_node-24] [INFO] [1790646954.546949339] [state_machine_node]: 문 접근 목표 보정: door_blue_95e8e9 handle_axis=(13.95, -1.78) goal_axis=(13.95, -0.68) wall_axis=(13.95, -1.78) yaw=-90deg
[state_machine_node-24] [WARN] [1790646954.548420644] [state_machine_node]: Close door-front observation moved observed_blue_13p1_m1p3 by 0.35m; returning to Nav2 before final alignment.
[state_machine_node-24] [WARN] [1790646954.549189408] [state_machine_node]: Locked blue target refined from newer observation: observed_blue_13p1_m1p3 -> observed_blue_13p1_m1p3, goal shift=0.35m, identity=(13.51,-1.89) -> (13.65,-1.75)
[navigation_node-22] [INFO] [1790646954.550691593] [navigation_node]: Navigation goal received: door observed_blue_13p1_m1p3 (color=blue, frame=map, x=13.95, y=-0.68)
[state_machine_node-24] [INFO] [1790646954.612027350] [state_machine_node]: Nav2 goal is close enough for fine door alignment: observed_blue_13p1_m1p3, dist=0.20m/0.38m, lateral=-0.05m/0.24m, yaw_error=46deg.
[state_machine_node-24] [INFO] [1790646954.613048263] [state_machine_node]: Nav2 goal cancellation requested before door fine alignment.
[state_machine_node-24] [INFO] [1790646954.679037807] [state_machine_node]: Fine door approach started: observed_blue_13p1_m1p3, dist=0.20m, lateral=-0.05m, forward=-0.19m, yaw_error=46deg
[state_machine_node-24] [INFO] [1790646954.680171274] [state_machine_node]: Fine door final yaw alignment: observed_blue_13p1_m1p3, dist=0.20m/0.17m, yaw_error=46deg, cmd=(0.00, -0.25)
[bt_navigator-17] [INFO] [1790646954.695387118] [bt_navigator]: Begin navigating from current location (14.11, -0.79) to (13.95, -0.68)
[navigation_node-22] [INFO] [1790646954.695746045] [navigation_node]: Navigation cancellation requested for manual control handoff.
[bt_navigator-17] [INFO] [1790646954.795703080] [bt_navigator]: [navigate_to_pose] [ActionServer] Client requested to cancel the goal. Cancelling.
[bt_navigator-17] [INFO] [1790646954.795880770] [bt_navigator]: Goal canceled
[door_detection_node-21] [INFO] [1790646955.477126522] [door_detection_node]: 문 후보 발행: id=door_blue_cc16bb, source=front_left, color=blue, dist=5.30m, conf=0.59, bbox=(98,65,127,172), rep_x=112, center_x=112, angle=81.6deg, center_angle=81.6deg, lidar=5.66m, visual=4.37m, goal=(17.66,1.19), handle=(18.62,1.99,1.00), handle_obs=True, handle_method=estimated, handle_conf=0.00
[state_machine_node-24] [INFO] [1790646955.484701622] [state_machine_node]: 문 접근 목표 보정: door_blue_cc16bb handle_axis=(18.62, 1.99) goal_axis=(18.62, 0.89) wall_axis=(18.62, 1.99) yaw=90deg
[state_machine_node-24] [INFO] [1790646955.573376346] [state_machine_node]: Fine door final yaw alignment: observed_blue_13p1_m1p3, dist=0.18m/0.17m, yaw_error=39deg, cmd=(0.00, -0.25)
[door_detection_node-21] [INFO] [1790646955.928799913] [door_detection_node]: HSV candidate rejected: color=blue, edge-clipped bbox=(0,0,221,240), width_ratio=0.69
[door_detection_node-21] [INFO] [1790646956.289625366] [door_detection_node]: YOLO 후보 제외: source=front, edge-clipped bbox=(0,0,54,240)
[state_machine_node-24] [INFO] [1790646956.550076615] [state_machine_node]: Fine door final yaw alignment: observed_blue_13p1_m1p3, dist=0.19m/0.17m, yaw_error=36deg, cmd=(0.00, -0.25)
[door_detection_node-21] [INFO] [1790646957.313626804] [door_detection_node]: 문 후보 발행: id=door_blue_f50f29, source=front_left, color=blue, dist=5.34m, conf=0.49, bbox=(58,62,90,175), rep_x=74, center_x=74, angle=90.2deg, center_angle=90.2deg, lidar=5.69m, visual=4.14m, goal=(17.55,1.38), handle=(18.61,2.04,1.00), handle_obs=True, handle_method=estimated, handle_conf=0.00
[state_machine_node-24] [INFO] [1790646957.318677985] [state_machine_node]: 문 접근 목표 보정: door_blue_f50f29 handle_axis=(18.61, 2.04) goal_axis=(18.61, 0.94) wall_axis=(18.61, 2.04) yaw=90deg
[door_detection_node-21] [INFO] [1790646957.335450053] [door_detection_node]: YOLO 후보 제외: source=front_left, far small dist=7.07m, conf=0.31, bbox=(161,80,211,154)
[state_machine_node-24] [INFO] [1790646957.497101012] [state_machine_node]: Fine door final yaw alignment: observed_blue_13p1_m1p3, dist=0.17m/0.17m, yaw_error=34deg, cmd=(0.00, -0.25)
[state_machine_node-24] [INFO] [1790646958.309883037] [state_machine_node]: 문 접근 목표 보정: door_blue_95e8e9 handle_axis=(13.60, -1.76) goal_axis=(13.60, -0.66) wall_axis=(13.60, -1.76) yaw=-90deg
[state_machine_node-24] [INFO] [1790646958.314632466] [state_machine_node]: 문 접근 목표 보정: door_blue_95e8e9 handle_axis=(13.60, -1.76) goal_axis=(13.60, -0.66) wall_axis=(13.60, -1.76) yaw=-90deg
[state_machine_node-24] [INFO] [1790646958.334269615] [state_machine_node]: 문 접근 목표 보정: door_blue_95e8e9 handle_axis=(13.60, -1.76) goal_axis=(13.60, -0.66) wall_axis=(13.60, -1.76) yaw=-90deg
[state_machine_node-24] [INFO] [1790646958.453366207] [state_machine_node]: Fine door final yaw alignment: observed_blue_13p1_m1p3, dist=0.19m/0.17m, yaw_error=29deg, cmd=(0.00, -0.25)
[door_detection_node-21] [INFO] [1790646958.792007024] [door_detection_node]: Side camera LiDAR range looks too long for the visible door; using visual range (source=front_left, lidar=5.20m, visual=3.84m)
[door_detection_node-21] [INFO] [1790646959.171465263] [door_detection_node]: 문 후보 발행: id=door_blue_9a3548, source=front_left, color=blue, dist=3.84m, conf=0.47, bbox=(5,59,43,181), rep_x=24, center_x=24, angle=100.2deg, center_angle=100.2deg, lidar=5.58m, visual=3.84m, goal=(16.17,0.80), handle=(17.33,1.27,1.00), handle_obs=True, handle_method=estimated, handle_conf=0.00
[state_machine_node-24] [INFO] [1790646959.177796617] [state_machine_node]: 문 접근 목표 보정: door_blue_9a3548 handle_axis=(17.33, 1.27) goal_axis=(17.33, 0.17) wall_axis=(17.33, 1.27) yaw=90deg
[state_machine_node-24] [INFO] [1790646959.425311096] [state_machine_node]: Fine door final yaw alignment: observed_blue_13p1_m1p3, dist=0.17m/0.17m, yaw_error=24deg, cmd=(0.00, -0.25)
[door_detection_node-21] [INFO] [1790646959.587173918] [door_detection_node]: YOLO 후보 제외: source=front_left, far small dist=7.12m, conf=0.28, bbox=(121,81,169,153)
[state_machine_node-24] [INFO] [1790646960.420618224] [state_machine_node]: Fine door final yaw alignment: observed_blue_13p1_m1p3, dist=0.18m/0.17m, yaw_error=22deg, cmd=(0.00, -0.25)
[state_machine_node-24] [INFO] [1790646960.563000304] [state_machine_node]: 문 접근 목표 보정: door_blue_348b98 handle_axis=(13.54, -1.73) goal_axis=(13.54, -0.63) wall_axis=(13.54, -1.73) yaw=-90deg
[state_machine_node-24] [INFO] [1790646960.568343663] [state_machine_node]: 문 접근 목표 보정: door_blue_348b98 handle_axis=(13.54, -1.73) goal_axis=(13.54, -0.63) wall_axis=(13.54, -1.73) yaw=-90deg
[state_machine_node-24] [INFO] [1790646960.595221013] [state_machine_node]: 문 접근 목표 보정: door_blue_348b98 handle_axis=(13.54, -1.73) goal_axis=(13.54, -0.63) wall_axis=(13.54, -1.73) yaw=-90deg
[state_machine_node-24] [WARN] [1790646960.596798108] [state_machine_node]: Close door-front observation moved observed_blue_13p1_m1p3 by 0.41m; returning to Nav2 before final alignment.
[state_machine_node-24] [WARN] [1790646960.597803562] [state_machine_node]: Locked blue target refined from newer observation: observed_blue_13p1_m1p3 -> observed_blue_13p1_m1p3, goal shift=0.41m, identity=(13.65,-1.75) -> (13.54,-1.73)
[navigation_node-22] [INFO] [1790646960.600070958] [navigation_node]: Navigation goal received: door observed_blue_13p1_m1p3 (color=blue, frame=map, x=13.54, y=-0.63)
[bt_navigator-17] [INFO] [1790646960.747193046] [bt_navigator]: Begin navigating from current location (14.08, -0.80) to (13.54, -0.63)
[navigation_node-22] [INFO] [1790646960.750468679] [navigation_node]: Navigation goal accepted by Nav2
[controller_server-13] [INFO] [1790646960.948374076] [controller_server]: Received a goal, begin computing control effort.
[door_detection_node-21] [INFO] [1790646962.173505956] [door_detection_node]: 문 후보 발행: id=door_blue_163460, source=front, color=blue, dist=1.06m, conf=1.00, bbox=(198,0,320,240), rep_x=259, center_x=259, angle=-22.9deg, center_angle=-22.9deg, lidar=1.03m, visual=1.95m, goal=(15.02,-1.68), handle=(13.78,-1.81,1.00), handle_obs=False, handle_method=estimated, handle_conf=0.00
[state_machine_node-24] [INFO] [1790646962.181539774] [state_machine_node]: 문 접근 목표 보정: door_blue_163460 handle_axis=(13.78, -1.81) goal_axis=(13.78, -0.71) wall_axis=(13.78, -1.81) yaw=-90deg
[state_machine_node-24] [INFO] [1790646962.185686035] [state_machine_node]: 문 접근 목표 보정: door_blue_163460 handle_axis=(13.78, -1.81) goal_axis=(13.78, -0.71) wall_axis=(13.78, -1.81) yaw=-90deg
[controller_server-13] [INFO] [1790646962.324031911] [controller_server]: Passing new path to controller.
[controller_server-13] [INFO] [1790646963.573985173] [controller_server]: Passing new path to controller.
[door_detection_node-21] [INFO] [1790646964.256523055] [door_detection_node]: 문 후보 발행: id=door_blue_2cc0cd, source=front, color=blue, dist=1.12m, conf=1.00, bbox=(65,0,270,240), rep_x=167, center_x=167, angle=-1.7deg, center_angle=-1.7deg, lidar=1.19m, visual=1.95m, goal=(14.01,-1.07), handle=(13.96,-1.83,0.83), handle_obs=True, handle_method=yolo:primary:item, handle_conf=0.53
[state_machine_node-24] [INFO] [1790646964.267791787] [state_machine_node]: 문 접근 목표 보정: door_blue_2cc0cd handle_axis=(13.96, -1.83) goal_axis=(13.96, -0.73) wall_axis=(13.96, -1.83) yaw=-90deg
[state_machine_node-24] [INFO] [1790646964.271640243] [state_machine_node]: 문 접근 목표 보정: door_blue_2cc0cd handle_axis=(13.96, -1.83) goal_axis=(13.96, -0.73) wall_axis=(13.96, -1.83) yaw=-90deg
[state_machine_node-24] [WARN] [1790646964.273162215] [state_machine_node]: Locked blue target refined from newer observation: observed_blue_13p1_m1p3 -> observed_blue_13p1_m1p3, goal shift=0.44m, identity=(13.54,-1.73) -> (13.65,-1.81)
[navigation_node-22] [INFO] [1790646964.275508627] [navigation_node]: Navigation goal received: door observed_blue_13p1_m1p3 (color=blue, frame=map, x=13.96, y=-0.73)
[navigation_node-22] [WARN] [1790646964.276274421] [navigation_node]: Already navigating. Preempting current goal without an explicit stop before retargeting to: observed_blue_13p1_m1p3
[navigation_node-22] [INFO] [1790646964.433120203] [navigation_node]: Navigation goal accepted by Nav2
[bt_navigator-17] [INFO] [1790646964.447589920] [bt_navigator]: Received goal preemption request
[bt_navigator-17] [INFO] [1790646964.448145018] [bt_navigator]: Begin navigating from current location (14.14, -0.80) to (13.96, -0.73)
[controller_server-13] [INFO] [1790646964.949065378] [controller_server]: Passing new path to controller.
[state_machine_node-24] [INFO] [1790646965.246423871] [state_machine_node]: Nav2 goal is close enough for fine door alignment: observed_blue_13p1_m1p3, dist=0.22m/0.38m, lateral=-0.20m/0.24m, yaw_error=36deg.
[state_machine_node-24] [INFO] [1790646965.247352552] [state_machine_node]: Nav2 goal cancellation requested before door fine alignment.
[navigation_node-22] [INFO] [1790646965.247811097] [navigation_node]: Navigation cancellation requested for manual control handoff.
[state_machine_node-24] [INFO] [1790646965.319199971] [state_machine_node]: Fine door approach started: observed_blue_13p1_m1p3, dist=0.22m, lateral=-0.20m, forward=0.09m, yaw_error=36deg
[state_machine_node-24] [INFO] [1790646965.320444821] [state_machine_node]: Fine door final yaw alignment: observed_blue_13p1_m1p3, dist=0.22m/0.17m, yaw_error=36deg, cmd=(0.00, 0.25)
[bt_navigator-17] [ERROR] [1790646965.368551855] [bt_navigator_navigate_to_pose_rclcpp_node]: Failed to get result for follow_path in node halt!
[bt_navigator-17] [INFO] [1790646965.368852551] [bt_navigator]: [navigate_to_pose] [ActionServer] Client requested to cancel the goal. Cancelling.
[bt_navigator-17] [INFO] [1790646965.369485678] [bt_navigator]: Goal canceled
[controller_server-13] [INFO] [1790646965.448989880] [controller_server]: Goal was canceled. Stopping the robot.
[controller_server-13] [INFO] [1790646965.449179077] [controller_server]: [follow_path] [ActionServer] Client requested to cancel the goal. Cancelling.
[door_detection_node-21] [INFO] [1790646966.146673880] [door_detection_node]: 문 후보 발행: id=door_blue_4ec075, source=front, color=blue, dist=1.12m, conf=1.00, bbox=(0,0,166,240), rep_x=83, center_x=83, angle=18.2deg, center_angle=18.2deg, lidar=1.07m, visual=1.95m, goal=(13.02,-0.89), handle=(13.90,-1.78,0.85), handle_obs=True, handle_method=hsv, handle_conf=0.91
[state_machine_node-24] [INFO] [1790646966.152932500] [state_machine_node]: 문 접근 목표 보정: door_blue_4ec075 handle_axis=(13.90, -1.78) goal_axis=(13.90, -0.68) wall_axis=(13.90, -1.78) yaw=-90deg
[state_machine_node-24] [INFO] [1790646966.158377328] [state_machine_node]: 문 접근 목표 보정: door_blue_4ec075 handle_axis=(13.90, -1.78) goal_axis=(13.90, -0.68) wall_axis=(13.90, -1.78) yaw=-90deg
[state_machine_node-24] [INFO] [1790646966.183947612] [state_machine_node]: 문 접근 목표 보정: door_blue_4ec075 handle_axis=(13.90, -1.78) goal_axis=(13.90, -0.68) wall_axis=(13.90, -1.78) yaw=-90deg
[state_machine_node-24] [INFO] [1790646966.247757906] [state_machine_node]: Fine door final yaw alignment: observed_blue_13p1_m1p3, dist=0.21m/0.17m, yaw_error=35deg, cmd=(0.00, 0.25)
[state_machine_node-24] [INFO] [1790646967.227908879] [state_machine_node]: Fine door final yaw alignment: observed_blue_13p1_m1p3, dist=0.21m/0.17m, yaw_error=31deg, cmd=(0.00, 0.25)
[state_machine_node-24] [INFO] [1790646967.431069895] [state_machine_node]: Blue candidate door_blue_622815 ignored: physical/opened door station already handled nearby at (10.47, 1.92).
[door_detection_node-21] [INFO] [1790646967.902124885] [door_detection_node]: HSV candidate rejected: color=blue, edge-clipped bbox=(0,0,210,240), width_ratio=0.66
[state_machine_node-24] [INFO] [1790646968.202381983] [state_machine_node]: Fine door final yaw alignment: observed_blue_13p1_m1p3, dist=0.24m/0.17m, yaw_error=27deg, cmd=(0.00, 0.25)
[state_machine_node-24] [INFO] [1790646969.183511515] [state_machine_node]: Fine door final yaw alignment: observed_blue_13p1_m1p3, dist=0.22m/0.17m, yaw_error=24deg, cmd=(0.00, 0.25)
[state_machine_node-24] [INFO] [1790646970.142194477] [state_machine_node]: Fine door final yaw alignment: observed_blue_13p1_m1p3, dist=0.22m/0.17m, yaw_error=16deg, cmd=(0.00, 0.21)
[door_detection_node-21] [INFO] [1790646970.319690060] [door_detection_node]: 문 후보 발행: id=door_blue_4ec075, source=front, color=blue, dist=1.05m, conf=1.00, bbox=(52,0,259,240), rep_x=155, center_x=155, angle=1.2deg, center_angle=1.2deg, lidar=1.04m, visual=1.95m, goal=(14.08,-1.10), handle=(14.09,-1.77,0.86), handle_obs=True, handle_method=hsv, handle_conf=0.84
[state_machine_node-24] [INFO] [1790646970.326615935] [state_machine_node]: 문 접근 목표 보정: door_blue_4ec075 handle_axis=(14.09, -1.77) goal_axis=(14.09, -0.67) wall_axis=(14.09, -1.77) yaw=-90deg
[state_machine_node-24] [INFO] [1790646970.334197328] [state_machine_node]: 문 접근 목표 보정: door_blue_4ec075 handle_axis=(14.09, -1.77) goal_axis=(14.09, -0.67) wall_axis=(14.09, -1.77) yaw=-90deg
[state_machine_node-24] [INFO] [1790646970.360853349] [state_machine_node]: 문 접근 목표 보정: door_blue_4ec075 handle_axis=(14.09, -1.77) goal_axis=(14.09, -0.67) wall_axis=(14.09, -1.77) yaw=-90deg
[state_machine_node-24] [INFO] [1790646971.119644637] [state_machine_node]: Fine door final yaw alignment: observed_blue_13p1_m1p3, dist=0.20m/0.17m, yaw_error=14deg, cmd=(0.00, 0.19)
[door_detection_node-21] [INFO] [1790646972.073724219] [door_detection_node]: HSV candidate rejected: color=blue, edge-clipped bbox=(108,0,320,240), width_ratio=0.66
[state_machine_node-24] [INFO] [1790646972.076891042] [state_machine_node]: Fine door final yaw alignment: observed_blue_13p1_m1p3, dist=0.20m/0.17m, yaw_error=7deg, cmd=(0.00, 0.09)
[state_machine_node-24] [INFO] [1790646973.055107120] [state_machine_node]: Fine door final yaw alignment: observed_blue_13p1_m1p3, dist=0.20m/0.17m, yaw_error=7deg, cmd=(0.00, 0.09)
[state_machine_node-24] [INFO] [1790646974.029717959] [state_machine_node]: 문 앞 정렬 완료. 2.8s 정지 후 개방합니다.
[door_detection_node-21] [INFO] [1790646975.966702071] [door_detection_node]: HSV candidate rejected: color=blue, edge-clipped bbox=(136,0,320,240), width_ratio=0.57
[door_detection_node-21] [INFO] [1790646979.291812720] [door_detection_node]: HSV candidate rejected: color=blue, edge-clipped bbox=(136,0,320,240), width_ratio=0.57
[state_machine_node-24] [INFO] [1790646979.641066176] [state_machine_node]: Observed blue target observed_blue_13p1_m1p3 confirmed by current same-wall live blue evidence before opening (candidate=door_blue_06f816, progress_gap=0.12/0.90, lateral_gap=0.06/0.48, conf=1.00/0.58).
[state_machine_node-24] [INFO] [1790646979.644714987] [state_machine_node]: Observed blue target observed_blue_13p1_m1p3 accepted for opening from recheckable mapped wall memory after close alignment (count=47, conf=1.00, progress_gap=0.31m, lateral_gap=0.04m).
[state_machine_node-24] [INFO] [1790646979.982985463] [state_machine_node]: State: NAVIGATING → OPENING_DOOR
[state_machine_node-24] [INFO] [1790646980.518056238] [state_machine_node]: 문 개방 요청 손잡이: id=observed_blue_13p1_m1p3__axis_p13p96_m1p83, method=yolo:primary:item, conf=0.53, frame=map, pos=(13.965,-1.831,0.826)
[navigation_visit_node-23] [INFO] [1790646980.524736952] [navigation_visit_node]: NAVIGATION_VISIT {"scope": "navigation_only", "physical_opening": false, "door_id": "observed_blue_13p1_m1p3__axis_p13p96_m1p83", "sim_time": 300.003, "robot": [14.144550844435397, -0.8099485730036093, -1.671961798658834], "observed_handle": [13.96475243054753, -1.831009988076258, 0.8264933607235244], "distance_m": 1.0367708922354795, "bearing_error_rad": -0.07313733302520653}
[state_machine_node-24] [INFO] [1790646980.527526012] [state_machine_node]: Selected observation memory completed: observed_blue_13p1_m1p3; original candidate excluded after position refinement.
[state_machine_node-24] [INFO] [1790646980.550725463] [state_machine_node]: 열린 파란 문 재관측 후보 3개 정리. 다음 목표 선택에서 제외합니다.
[state_machine_node-24] [INFO] [1790646980.551554443] [state_machine_node]: 문 개방 성공: observed_blue_13p1_m1p3  누적 개방: 3개
[state_machine_node-24] [INFO] [1790646980.552208241] [state_machine_node]: State: OPENING_DOOR → DOOR_OPENED
[state_machine_node-24] [INFO] [1790646981.458529634] [state_machine_node]: 다음 파란 문 탐색 시작 (개방 완료: 3개)
[state_machine_node-24] [INFO] [1790646981.459265282] [state_machine_node]: State: DOOR_OPENED → EXPLORING
[state_machine_node-24] [INFO] [1790646982.401199609] [state_machine_node]: Post-open side retreat started: lateral=-0.81m, target_abs=0.48m.
[state_machine_node-24] [INFO] [1790646982.402370374] [state_machine_node]: Post-open side retreat: lateral=-0.81m, moved=0.00/1.10m, yaw_error=-174deg, cmd=(0.00, -0.50)
[door_detection_node-21] [INFO] [1790646982.750852275] [door_detection_node]: HSV candidate rejected: color=blue, edge-clipped bbox=(136,0,320,240), width_ratio=0.57
[state_machine_node-24] [INFO] [1790646984.336713789] [state_machine_node]: Post-open side retreat: lateral=-0.81m, moved=0.00/1.10m, yaw_error=-152deg, cmd=(0.00, -0.50)
[door_detection_node-21] [INFO] [1790646985.185557247] [door_detection_node]: 문 후보 발행: id=door_blue_4ec075, source=front, color=blue, dist=1.06m, conf=1.00, bbox=(30,0,240,240), rep_x=135, center_x=135, angle=6.1deg, center_angle=6.1deg, lidar=1.19m, visual=1.95m, goal=(12.94,-1.26), handle=(14.04,-1.85,0.85), handle_obs=True, handle_method=hsv, handle_conf=0.88
[state_machine_node-24] [INFO] [1790646985.196461614] [state_machine_node]: Blue candidate door_blue_4ec075 ignored: physical/opened door station already handled nearby at (13.77, -1.79).
[state_machine_node-24] [INFO] [1790646986.303351203] [state_machine_node]: Post-open side retreat: lateral=-0.81m, moved=0.00/1.10m, yaw_error=-133deg, cmd=(0.00, -0.50)
[state_machine_node-24] [INFO] [1790646987.367332992] [state_machine_node]: Post-open side retreat: lateral=-0.80m, moved=0.01/1.10m, yaw_error=-122deg, cmd=(0.00, -0.50)
[door_detection_node-21] [INFO] [1790646987.381140065] [door_detection_node]: 문 후보 발행: id=door_blue_911927, source=front, color=blue, dist=1.16m, conf=1.00, bbox=(0,0,138,240), rep_x=69, center_x=69, angle=21.3deg, center_angle=21.3deg, lidar=1.17m, visual=1.95m, goal=(12.80,-0.82), handle=(13.56,-1.81,1.00), handle_obs=True, handle_method=estimated, handle_conf=0.00
[state_machine_node-24] [INFO] [1790646988.380088797] [state_machine_node]: Post-open side retreat: lateral=-0.80m, moved=0.01/1.10m, yaw_error=-115deg, cmd=(0.00, -0.50)
[state_machine_node-24] [INFO] [1790646988.447616804] [state_machine_node]: Blue candidate door_blue_ae6d73 ignored: physical/opened door station already handled nearby at (13.86, -1.83).
[door_detection_node-21] [INFO] [1790646988.887103883] [door_detection_node]: 문 후보 발행: id=door_blue_ae6d73, source=front_left, color=blue, dist=1.08m, conf=1.00, bbox=(225,0,320,121), rep_x=272, center_x=272, angle=44.4deg, center_angle=44.4deg, lidar=1.13m, visual=3.87m, goal=(13.28,-0.73), handle=(13.86,-1.83,1.00), handle_obs=False, handle_method=estimated, handle_conf=0.00
[state_machine_node-24] [INFO] [1790646989.384106755] [state_machine_node]: Post-open side retreat: lateral=-0.81m, moved=0.00/1.10m, yaw_error=-104deg, cmd=(0.00, -0.50)
[door_detection_node-21] [INFO] [1790646990.328608188] [door_detection_node]: HSV candidate rejected: color=blue, edge-clipped bbox=(90,0,320,240), width_ratio=0.72
[state_machine_node-24] [INFO] [1790646991.368501774] [state_machine_node]: Post-open side retreat: lateral=-0.86m, moved=0.00/1.10m, yaw_error=-82deg, cmd=(0.00, -0.50)
[door_detection_node-21] [INFO] [1790646991.706065717] [door_detection_node]: Front lateral LiDAR range looks too long for the visible door; using visual range (lidar=4.44m, visual=3.27m)
[door_detection_node-21] [INFO] [1790646991.718270488] [door_detection_node]: YOLO 후보 제외: source=front, edge-clipped bbox=(286,47,319,190)
[door_detection_node-21] [INFO] [1790646993.168811218] [door_detection_node]: 문 후보 발행: id=door_blue_06f816, source=front, color=blue, dist=4.28m, conf=0.58, bbox=(229,55,269,182), rep_x=249, center_x=249, angle=-20.8deg, center_angle=-20.8deg, lidar=3.93m, visual=3.69m, goal=(10.50,0.69), handle=(10.92,1.87,1.00), handle_obs=True, handle_method=estimated, handle_conf=0.00
[state_machine_node-24] [INFO] [1790646993.178319630] [state_machine_node]: Blue candidate door_blue_06f816 ignored: physical/opened door station already handled nearby at (10.92, 1.87).
[state_machine_node-24] [INFO] [1790646993.354264124] [state_machine_node]: Post-open side retreat: lateral=-0.92m, moved=0.00/1.10m, yaw_error=-59deg, cmd=(0.00, -0.50)
[state_machine_node-24] [INFO] [1790646994.356514722] [state_machine_node]: Post-open side retreat: lateral=-0.93m, moved=0.00/1.10m, yaw_error=-50deg, cmd=(0.00, -0.50)
[door_detection_node-21] [INFO] [1790646995.291357405] [door_detection_node]: 문 후보 발행: id=door_blue_0d9a80, source=front_left, color=blue, dist=1.23m, conf=1.00, bbox=(0,0,64,240), rep_x=32, center_x=32, angle=98.7deg, center_angle=98.7deg, lidar=1.22m, visual=1.95m, goal=(14.31,-1.04), handle=(13.43,-1.93,1.00), handle_obs=False, handle_method=estimated, handle_conf=0.00
[state_machine_node-24] [INFO] [1790646995.357392690] [state_machine_node]: Post-open side retreat: lateral=-0.93m, moved=0.00/1.10m, yaw_error=-40deg, cmd=(0.00, -0.50)
[state_machine_node-24] [INFO] [1790646997.361760604] [state_machine_node]: Post-open side retreat: lateral=-0.93m, moved=0.00/1.10m, yaw_error=-23deg, cmd=(0.00, -0.50)
[door_detection_node-21] [INFO] [1790646997.408159744] [door_detection_node]: 문 후보 발행: id=door_blue_a53092, source=front, color=blue, dist=4.37m, conf=0.67, bbox=(53,55,92,179), rep_x=72, center_x=72, angle=20.6deg, center_angle=20.6deg, lidar=4.09m, visual=3.77m, goal=(12.01,2.55), handle=(10.91,1.96,1.00), handle_obs=True, handle_method=estimated, handle_conf=0.00
[state_machine_node-24] [INFO] [1790646997.421152819] [state_machine_node]: Blue candidate door_blue_a53092 ignored: physical/opened door station already handled nearby at (10.91, 1.96).
[door_detection_node-21] [INFO] [1790646998.913678340] [door_detection_node]: YOLO 후보 제외: source=front_left, edge-clipped bbox=(277,46,319,192)
[state_machine_node-24] [INFO] [1790646999.365053912] [state_machine_node]: Post-open side retreat: lateral=-0.94m, moved=0.00/1.10m, yaw_error=-2deg, cmd=(0.18, -0.03)
[door_detection_node-21] [INFO] [1790647000.381026701] [door_detection_node]: 문 후보 발행: id=door_blue_afd873, source=front_right, color=blue, dist=4.92m, conf=0.60, bbox=(104,66,133,173), rep_x=118, center_x=118, angle=-59.8deg, center_angle=-59.8deg, lidar=4.95m, visual=4.37m, goal=(17.05,1.63), handle=(18.30,1.67,1.00), handle_obs=True, handle_method=estimated, handle_conf=0.00
[state_machine_node-24] [INFO] [1790647000.383374607] [state_machine_node]: Post-open side retreat: lateral=-0.87m, moved=0.00/1.10m, yaw_error=-1deg, cmd=(0.18, -0.02)
[door_detection_node-21] [INFO] [1790647000.384337192] [door_detection_node]: Side camera visual fallback rejected (source=front_right, lidar=2.79m, visual=6.00m > 4.50m)
[state_machine_node-24] [INFO] [1790647001.416177504] [state_machine_node]: Blue candidate door_blue_9800cb ignored: physical/opened door station already handled nearby at (10.69, 1.73).
[state_machine_node-24] [INFO] [1790647002.357401814] [state_machine_node]: Post-open side retreat: lateral=-0.69m, moved=0.12/1.10m, yaw_error=-1deg, cmd=(0.18, -0.01)
[door_detection_node-21] [INFO] [1790647002.364259987] [door_detection_node]: 문 후보 발행: id=door_blue_afd873, source=front_right, color=blue, dist=4.85m, conf=0.53, bbox=(106,65,133,173), rep_x=119, center_x=119, angle=-60.1deg, center_angle=-60.1deg, lidar=4.81m, visual=4.33m, goal=(17.01,1.73), handle=(18.26,1.76,1.00), handle_obs=True, handle_method=estimated, handle_conf=0.00
[door_detection_node-21] [INFO] [1790647002.392369248] [door_detection_node]: Side camera visual fallback rejected (source=front_right, lidar=2.75m, visual=6.00m > 4.50m)
[planner_server-15] [INFO] [1790647003.717974089] [global_costmap.global_costmap]: StaticLayer: Resizing static layer to 469 X 89 at 0.050000 m/pix
[state_machine_node-24] [INFO] [1790647004.321126439] [state_machine_node]: Post-open side retreat: lateral=-0.51m, moved=0.30/1.10m, yaw_error=0deg, cmd=(0.18, 0.00)
[door_detection_node-21] [INFO] [1790647004.333250717] [door_detection_node]: 문 후보 발행: id=door_blue_afd873, source=front_right, color=blue, dist=4.79m, conf=0.47, bbox=(112,65,139,174), rep_x=125, center_x=125, angle=-61.5deg, center_angle=-61.5deg, lidar=4.65m, visual=4.29m, goal=(17.05,1.72), handle=(18.30,1.72,1.00), handle_obs=True, handle_method=estimated, handle_conf=0.00
[state_machine_node-24] [INFO] [1790647005.302310619] [state_machine_node]: Blue candidate door_blue_9800cb ignored: physical/opened door station already handled nearby at (10.64, 1.75).
[state_machine_node-24] [INFO] [1790647005.321837051] [state_machine_node]: Post-open side retreat complete: lateral=0.42m <= target=0.48m
[state_machine_node-24] [INFO] [1790647005.437427283] [state_machine_node]: 문 접근 목표 보정: observed_blue_17p0_1p3 handle_axis=(16.99, 1.31) goal_axis=(16.99, 0.21) wall_axis=(16.99, 1.31) yaw=90deg
[state_machine_node-24] [INFO] [1790647005.440390299] [state_machine_node]: 문 접근 목표 보정: observed_blue_18p6_2p0 handle_axis=(18.56, 1.96) goal_axis=(18.56, 0.86) wall_axis=(18.56, 1.96) yaw=90deg
[state_machine_node-24] [INFO] [1790647005.461191425] [state_machine_node]: 문 접근 목표 보정: observed_blue_17p0_1p3 handle_axis=(16.99, 1.31) goal_axis=(16.99, 0.21) wall_axis=(16.99, 1.31) yaw=90deg
[state_machine_node-24] [INFO] [1790647005.482637038] [state_machine_node]: 문 접근 목표 보정: observed_blue_18p6_2p0 handle_axis=(18.56, 1.96) goal_axis=(18.56, 0.86) wall_axis=(18.56, 1.96) yaw=90deg
[state_machine_node-24] [INFO] [1790647005.487023404] [state_machine_node]: 문 접근 목표 보정: observed_blue_17p0_1p3 handle_axis=(16.99, 1.31) goal_axis=(16.99, 0.21) wall_axis=(16.99, 1.31) yaw=90deg
[state_machine_node-24] [INFO] [1790647005.490045389] [state_machine_node]: 문 접근 목표 보정: observed_blue_18p6_2p0 handle_axis=(18.56, 1.96) goal_axis=(18.56, 0.86) wall_axis=(18.56, 1.96) yaw=90deg
[state_machine_node-24] [WARN] [1790647005.497366440] [state_machine_node]: Blue target observed_blue_17p0_1p3 retained for revisit: stable unopened blue memory must be checked before exit even when it is behind the farthest opened station.
[state_machine_node-24] [INFO] [1790647005.509031235] [state_machine_node]: 문 접근 목표 보정: observed_blue_17p0_1p3 handle_axis=(16.99, 1.31) goal_axis=(16.99, 0.21) wall_axis=(16.99, 1.31) yaw=90deg
[state_machine_node-24] [INFO] [1790647005.510279113] [state_machine_node]: 문 접근 목표 보정: observed_blue_17p0_1p3 handle_axis=(16.99, 1.31) goal_axis=(16.99, 0.21) wall_axis=(16.99, 1.31) yaw=90deg
[state_machine_node-24] [INFO] [1790647005.512004792] [state_machine_node]: LiDAR+camera segment map 사전 스캔 시작: observed_blue_17p0_1p3
[door_detection_node-21] [INFO] [1790647006.341764388] [door_detection_node]: 문 후보 발행: id=door_blue_afd873, source=front_right, color=blue, dist=4.66m, conf=0.51, bbox=(119,63,146,175), rep_x=132, center_x=132, angle=-63.2deg, center_angle=-63.2deg, lidar=4.65m, visual=4.18m, goal=(17.02,1.71), handle=(18.27,1.71,1.00), handle_obs=True, handle_method=estimated, handle_conf=0.00
[state_machine_node-24] [INFO] [1790647006.380927308] [state_machine_node]: 문 접근 목표 보정: observed_blue_17p0_1p3 handle_axis=(16.99, 1.31) goal_axis=(16.99, 0.21) wall_axis=(16.99, 1.31) yaw=90deg
[state_machine_node-24] [INFO] [1790647006.383726190] [state_machine_node]: 문 접근 목표 보정: observed_blue_18p6_2p0 handle_axis=(18.56, 1.96) goal_axis=(18.56, 0.86) wall_axis=(18.56, 1.96) yaw=90deg
[state_machine_node-24] [INFO] [1790647007.361919135] [state_machine_node]: 문 접근 목표 보정: observed_blue_17p0_1p3 handle_axis=(16.99, 1.31) goal_axis=(16.99, 0.21) wall_axis=(16.99, 1.31) yaw=90deg
[state_machine_node-24] [INFO] [1790647007.365190487] [state_machine_node]: 문 접근 목표 보정: observed_blue_18p6_2p0 handle_axis=(18.56, 1.96) goal_axis=(18.56, 0.86) wall_axis=(18.56, 1.96) yaw=90deg
[door_detection_node-21] [INFO] [1790647008.243073914] [door_detection_node]: 문 후보 발행: id=door_blue_afd873, source=front_right, color=blue, dist=4.66m, conf=0.50, bbox=(119,63,146,175), rep_x=132, center_x=132, angle=-63.2deg, center_angle=-63.2deg, lidar=4.64m, visual=4.18m, goal=(17.01,1.70), handle=(18.26,1.71,1.00), handle_obs=True, handle_method=estimated, handle_conf=0.00
[state_machine_node-24] [INFO] [1790647008.317502240] [state_machine_node]: 문 접근 목표 보정: observed_blue_17p0_1p3 handle_axis=(16.99, 1.31) goal_axis=(16.99, 0.21) wall_axis=(16.99, 1.31) yaw=90deg
[state_machine_node-24] [INFO] [1790647008.320595657] [state_machine_node]: 문 접근 목표 보정: observed_blue_18p6_2p0 handle_axis=(18.56, 1.96) goal_axis=(18.56, 0.86) wall_axis=(18.56, 1.96) yaw=90deg
[state_machine_node-24] [INFO] [1790647008.322846855] [state_machine_node]: 사전 스캔 완료. Nav2가 segment map 기반 경로를 계획합니다: observed_blue_17p0_1p3
[state_machine_node-24] [INFO] [1790647008.370404273] [state_machine_node]: Locked blue target after pre-scan: observed_blue_17p0_1p3 opened=3 retry=0/2
[state_machine_node-24] [INFO] [1790647008.371265640] [state_machine_node]: State: EXPLORING → NAVIGATING
[navigation_node-22] [INFO] [1790647008.374761206] [navigation_node]: Navigation goal received: door observed_blue_17p0_1p3 (color=blue, frame=map, x=16.99, y=0.21)
[state_machine_node-24] [INFO] [1790647008.385166528] [state_machine_node]: 문 접근 목표 보정: door_blue_afd873 handle_axis=(18.26, 1.71) goal_axis=(18.26, 0.61) wall_axis=(18.26, 1.71) yaw=90deg
[state_machine_node-24] [INFO] [1790647008.388589054] [state_machine_node]: Locked blue target refine skipped: door_blue_afd873 progress jump 1.27m > 1.05m
[navigation_node-22] [WARN] [1790647008.478628196] [navigation_node]: Adjusted unreachable/occupied navigation goal from (16.99, 0.21, cost=60) to connected free cell (16.98, 0.43, cost=0)
[bt_navigator-17] [INFO] [1790647008.559514298] [bt_navigator]: Begin navigating from current location (14.11, -0.41) to (16.98, 0.43)
[navigation_node-22] [INFO] [1790647008.564279739] [navigation_node]: Navigation goal accepted by Nav2
[controller_server-13] [INFO] [1790647008.760964702] [controller_server]: Received a goal, begin computing control effort.
[state_machine_node-24] [INFO] [1790647009.170022384] [state_machine_node]: Blue candidate door_blue_2ca873 ignored: physical/opened door station already handled nearby at (10.81, 1.66).
[door_detection_node-21] [INFO] [1790647010.131816534] [door_detection_node]: 문 후보 발행: id=door_blue_afd873, source=front_right, color=blue, dist=4.64m, conf=0.50, bbox=(119,63,146,175), rep_x=132, center_x=132, angle=-63.2deg, center_angle=-63.2deg, lidar=4.67m, visual=4.18m, goal=(17.00,1.70), handle=(18.25,1.70,1.00), handle_obs=True, handle_method=estimated, handle_conf=0.00
[controller_server-13] [INFO] [1790647010.136788636] [controller_server]: Passing new path to controller.
[state_machine_node-24] [INFO] [1790647010.143788292] [state_machine_node]: 문 접근 목표 보정: door_blue_afd873 handle_axis=(18.25, 1.70) goal_axis=(18.25, 0.60) wall_axis=(18.25, 1.70) yaw=90deg
[controller_server-13] [INFO] [1790647011.386776031] [controller_server]: Passing new path to controller.
[door_detection_node-21] [INFO] [1790647012.097425162] [door_detection_node]: 문 후보 발행: id=door_blue_5f9f81, source=front_right, color=blue, dist=5.03m, conf=0.55, bbox=(48,59,78,178), rep_x=63, center_x=63, angle=-47.5deg, center_angle=-47.5deg, lidar=7.14m, visual=3.93m, goal=(17.46,2.11), handle=(18.65,1.74,1.00), handle_obs=True, handle_method=estimated, handle_conf=0.00
[door_detection_node-21] [INFO] [1790647012.110948484] [door_detection_node]: Side camera visual fallback rejected (source=front_right, lidar=2.81m, visual=4.98m > 4.50m)
[controller_server-13] [INFO] [1790647012.761721016] [controller_server]: Passing new path to controller.
[state_machine_node-24] [INFO] [1790647012.863849875] [state_machine_node]: Blue candidate door_blue_3b4c7d ignored: physical/opened door station already handled nearby at (10.88, 1.85).
[controller_server-13] [INFO] [1790647014.011749781] [controller_server]: Passing new path to controller.
[door_detection_node-21] [INFO] [1790647015.162718010] [door_detection_node]: 문 후보 발행: id=door_blue_6622f5, source=front, color=blue, dist=5.26m, conf=0.38, bbox=(192,64,219,173), rep_x=205, center_x=205, angle=-10.9deg, center_angle=-10.9deg, lidar=7.40m, visual=4.29m, goal=(18.37,2.53), handle=(19.02,1.46,1.00), handle_obs=True, handle_method=estimated, handle_conf=0.00
[controller_server-13] [INFO] [1790647015.261720031] [controller_server]: Passing new path to controller.
[controller_server-13] [INFO] [1790647016.511772773] [controller_server]: Passing new path to controller.
[door_detection_node-21] [INFO] [1790647017.043303787] [door_detection_node]: Front lateral LiDAR range looks too long for the visible door; using visual range (lidar=5.36m, visual=4.07m)
[door_detection_node-21] [INFO] [1790647017.407499176] [door_detection_node]: 문 후보 발행: id=door_blue_c8a91a, source=front, color=blue, dist=4.07m, conf=0.61, bbox=(91,62,120,177), rep_x=105, center_x=105, angle=13.2deg, center_angle=13.2deg, lidar=6.24m, visual=4.07m, goal=(18.14,-0.06), handle=(17.95,1.18,1.00), handle_obs=True, handle_method=estimated, handle_conf=0.00
[state_machine_node-24] [INFO] [1790647017.417199451] [state_machine_node]: 문 접근 목표 보정: door_blue_c8a91a handle_axis=(17.95, 1.18) goal_axis=(17.95, 0.08) wall_axis=(17.95, 1.18) yaw=90deg
[door_detection_node-21] [INFO] [1790647017.421199479] [door_detection_node]: YOLO 후보 제외: source=front, far small dist=6.16m, conf=0.25, bbox=(186,79,237,155)
[state_machine_node-24] [INFO] [1790647017.421372185] [state_machine_node]: 문 접근 목표 보정: door_blue_c8a91a handle_axis=(17.95, 1.18) goal_axis=(17.95, 0.08) wall_axis=(17.95, 1.18) yaw=90deg
[state_machine_node-24] [INFO] [1790647017.423071569] [state_machine_node]: Locked blue target refine skipped: door_blue_c8a91a would move the manipulation handle/parking station too far from the locked observed target (handle_progress_jump=0.96/0.90m, handle_xy_jump=0.97/0.90m).
[controller_server-13] [INFO] [1790647017.761800527] [controller_server]: Passing new path to controller.
[controller_server-13] [INFO] [1790647019.136731722] [controller_server]: Passing new path to controller.
[door_detection_node-21] [INFO] [1790647019.294601344] [door_detection_node]: Front lateral LiDAR range looks too long for the visible door; using visual range (lidar=4.74m, visual=3.52m)
[door_detection_node-21] [INFO] [1790647019.671034218] [door_detection_node]: 문 후보 발행: id=door_blue_c6a4bd, source=front, color=blue, dist=3.52m, conf=0.50, bbox=(3,53,38,186), rep_x=20, center_x=20, angle=30.9deg, center_angle=30.9deg, lidar=4.84m, visual=3.52m, goal=(17.32,0.12), handle=(17.38,1.37,1.00), handle_obs=True, handle_method=estimated, handle_conf=0.00
[state_machine_node-24] [INFO] [1790647019.681152565] [state_machine_node]: 문 접근 목표 보정: door_blue_c6a4bd handle_axis=(17.38, 1.37) goal_axis=(17.38, 0.27) wall_axis=(17.38, 1.37) yaw=90deg
[state_machine_node-24] [INFO] [1790647019.682871469] [state_machine_node]: 문 접근 목표 보정: door_blue_c6a4bd handle_axis=(17.38, 1.37) goal_axis=(17.38, 0.27) wall_axis=(17.38, 1.37) yaw=90deg
[state_machine_node-24] [WARN] [1790647019.684177757] [state_machine_node]: Locked blue target refined from newer observation: observed_blue_17p0_1p3 -> observed_blue_17p0_1p3, goal shift=0.39m, identity=(16.99,1.31) -> (17.38,1.37)
[navigation_node-22] [INFO] [1790647019.686438247] [navigation_node]: Navigation goal received: door observed_blue_17p0_1p3 (color=blue, frame=map, x=17.38, y=0.27)
[navigation_node-22] [WARN] [1790647019.687282981] [navigation_node]: Already navigating. Preempting current goal without an explicit stop before retargeting to: observed_blue_17p0_1p3
[door_detection_node-21] [INFO] [1790647019.719055444] [door_detection_node]: YOLO 후보 제외: source=front, far small dist=6.32m, conf=0.28, bbox=(115,80,165,154)
[navigation_node-22] [WARN] [1790647019.776105730] [navigation_node]: Adjusted unreachable/occupied navigation goal from (17.38, 0.27, cost=46) to connected free cell (17.38, 0.38, cost=0)
[navigation_node-22] [INFO] [1790647019.852263742] [navigation_node]: Navigation goal accepted by Nav2
[bt_navigator-17] [INFO] [1790647019.859943424] [bt_navigator]: Received goal preemption request
[bt_navigator-17] [INFO] [1790647019.860605905] [bt_navigator]: Begin navigating from current location (14.38, -0.29) to (17.38, 0.38)
[controller_server-13] [INFO] [1790647020.386768939] [controller_server]: Passing new path to controller.
[door_detection_node-21] [INFO] [1790647021.674553928] [door_detection_node]: Front lateral LiDAR range looks too long for the visible door; using visual range (lidar=4.54m, visual=3.12m)
[door_detection_node-21] [INFO] [1790647021.675348128] [door_detection_node]: YOLO 후보 제외: source=front, edge-clipped bbox=(0,42,28,192)
[door_detection_node-21] [INFO] [1790647021.720391912] [door_detection_node]: YOLO 후보 제외: source=front, far small dist=6.00m, conf=0.30, bbox=(111,78,163,156)
[controller_server-13] [INFO] [1790647021.761753829] [controller_server]: Passing new path to controller.
[controller_server-13] [INFO] [1790647023.011762286] [controller_server]: Passing new path to controller.
[door_detection_node-21] [INFO] [1790647024.089140841] [door_detection_node]: 문 후보 발행: id=door_blue_c6a4bd, source=front, color=blue, dist=3.16m, conf=0.45, bbox=(21,43,62,191), rep_x=41, center_x=41, angle=27.0deg, center_angle=27.0deg, lidar=3.98m, visual=3.16m, goal=(17.65,0.13), handle=(17.53,1.38,1.00), handle_obs=True, handle_method=estimated, handle_conf=0.00
[state_machine_node-24] [INFO] [1790647024.098071727] [state_machine_node]: 문 접근 목표 보정: door_blue_c6a4bd handle_axis=(17.53, 1.38) goal_axis=(17.53, 0.28) wall_axis=(17.53, 1.38) yaw=90deg
[state_machine_node-24] [INFO] [1790647024.099660385] [state_machine_node]: 문 접근 목표 보정: door_blue_c6a4bd handle_axis=(17.53, 1.38) goal_axis=(17.53, 0.28) wall_axis=(17.53, 1.38) yaw=90deg
[controller_server-13] [INFO] [1790647024.261781718] [controller_server]: Passing new path to controller.
[controller_server-13] [INFO] [1790647025.636765741] [controller_server]: Passing new path to controller.
[door_detection_node-21] [INFO] [1790647026.004964689] [door_detection_node]: Front lateral LiDAR range looks too long for the visible door; using visual range (lidar=4.00m, visual=2.92m)
[door_detection_node-21] [INFO] [1790647026.482590801] [door_detection_node]: 문 후보 발행: id=door_blue_c6a4bd, source=front, color=blue, dist=2.92m, conf=0.53, bbox=(11,37,55,197), rep_x=33, center_x=33, angle=28.5deg, center_angle=28.5deg, lidar=4.17m, visual=2.92m, goal=(17.69,0.07), handle=(17.59,1.32,1.00), handle_obs=True, handle_method=estimated, handle_conf=0.00
[state_machine_node-24] [INFO] [1790647026.493486693] [state_machine_node]: 문 접근 목표 보정: door_blue_c6a4bd handle_axis=(17.59, 1.32) goal_axis=(17.59, 0.22) wall_axis=(17.59, 1.32) yaw=90deg
[state_machine_node-24] [INFO] [1790647026.496872976] [state_machine_node]: 문 접근 목표 보정: door_blue_c6a4bd handle_axis=(17.59, 1.32) goal_axis=(17.59, 0.22) wall_axis=(17.59, 1.32) yaw=90deg
[state_machine_node-24] [WARN] [1790647026.498239287] [state_machine_node]: Locked blue target refined from newer observation: observed_blue_17p0_1p3 -> observed_blue_17p0_1p3, goal shift=0.22m, identity=(17.38,1.37) -> (17.59,1.32)
[navigation_node-22] [INFO] [1790647026.500209271] [navigation_node]: Navigation goal received: door observed_blue_17p0_1p3 (color=blue, frame=map, x=17.59, y=0.22)
[navigation_node-22] [INFO] [1790647026.501174738] [navigation_node]: Ignoring duplicate navigation target for active door: observed_blue_17p0_1p3
[controller_server-13] [INFO] [1790647026.886784647] [controller_server]: Passing new path to controller.
[controller_server-13] [INFO] [1790647028.136793838] [controller_server]: Passing new path to controller.
[state_machine_node-24] [WARN] [1790647028.165739853] [state_machine_node]: Fine alignment blocked by costmap: occupied, inscribed, unknown or out-of-map approach segment; retaining Nav2/reobservation.
[door_detection_node-21] [INFO] [1790647028.347094198] [door_detection_node]: Front lateral LiDAR range looks too long for the visible door; using visual range (lidar=3.63m, visual=2.69m)
[door_detection_node-21] [INFO] [1790647028.767869282] [door_detection_node]: 문 후보 발행: id=door_blue_c6a4bd, source=front, color=blue, dist=2.69m, conf=0.55, bbox=(8,31,59,205), rep_x=33, center_x=33, angle=28.5deg, center_angle=28.5deg, lidar=3.54m, visual=2.69m, goal=(17.75,0.12), handle=(17.57,1.36,1.00), handle_obs=True, handle_method=estimated, handle_conf=0.00
[state_machine_node-24] [INFO] [1790647028.782763143] [state_machine_node]: 문 접근 목표 보정: door_blue_c6a4bd handle_axis=(17.57, 1.36) goal_axis=(17.57, 0.26) wall_axis=(17.57, 1.36) yaw=90deg
[state_machine_node-24] [INFO] [1790647028.786514297] [state_machine_node]: 문 접근 목표 보정: door_blue_c6a4bd handle_axis=(17.57, 1.36) goal_axis=(17.57, 0.26) wall_axis=(17.57, 1.36) yaw=90deg
[controller_server-13] [INFO] [1790647029.386823689] [controller_server]: Passing new path to controller.
[state_machine_node-24] [WARN] [1790647030.230676923] [state_machine_node]: Fine alignment blocked by costmap: occupied, inscribed, unknown or out-of-map approach segment; retaining Nav2/reobservation.
[door_detection_node-21] [INFO] [1790647030.755203624] [door_detection_node]: Front lateral LiDAR range looks too long for the visible door; using visual range (lidar=3.44m, visual=2.57m)
[controller_server-13] [INFO] [1790647030.761817637] [controller_server]: Passing new path to controller.
[door_detection_node-21] [INFO] [1790647031.175690221] [door_detection_node]: 문 후보 발행: id=door_blue_c6a4bd, source=front, color=blue, dist=2.57m, conf=0.78, bbox=(18,26,74,208), rep_x=46, center_x=46, angle=26.0deg, center_angle=26.0deg, lidar=3.44m, visual=2.57m, goal=(17.91,0.18), handle=(17.64,1.40,1.00), handle_obs=True, handle_method=estimated, handle_conf=0.00
[state_machine_node-24] [INFO] [1790647031.186677719] [state_machine_node]: 문 접근 목표 보정: door_blue_c6a4bd handle_axis=(17.64, 1.40) goal_axis=(17.64, 0.30) wall_axis=(17.64, 1.40) yaw=90deg
[state_machine_node-24] [INFO] [1790647031.190794351] [state_machine_node]: 문 접근 목표 보정: door_blue_c6a4bd handle_axis=(17.64, 1.40) goal_axis=(17.64, 0.30) wall_axis=(17.64, 1.40) yaw=90deg
[state_machine_node-24] [INFO] [1790647031.205972186] [state_machine_node]: 보조 비상구 관측 저장: door_green_6d5ec4 (20.5, -0.0)
[controller_server-13] [INFO] [1790647032.012310774] [controller_server]: Passing new path to controller.
[state_machine_node-24] [WARN] [1790647032.269145432] [state_machine_node]: Fine alignment blocked by costmap: occupied, inscribed, unknown or out-of-map approach segment; retaining Nav2/reobservation.
[controller_server-13] [INFO] [1790647033.261764495] [controller_server]: Passing new path to controller.
[door_detection_node-21] [INFO] [1790647033.523879718] [door_detection_node]: 문 후보 발행: id=door_blue_c6a4bd, source=front, color=blue, dist=3.17m, conf=0.68, bbox=(45,24,96,210), rep_x=70, center_x=70, angle=21.0deg, center_angle=21.0deg, lidar=3.05m, visual=2.52m, goal=(18.66,0.65), handle=(18.27,1.83,1.00), handle_obs=True, handle_method=estimated, handle_conf=0.00
[state_machine_node-24] [INFO] [1790647033.537848897] [state_machine_node]: 문 접근 목표 보정: door_blue_c6a4bd handle_axis=(18.27, 1.83) goal_axis=(18.27, 0.73) wall_axis=(18.27, 1.83) yaw=90deg
[state_machine_node-24] [INFO] [1790647033.541002643] [state_machine_node]: Locked blue target refine skipped: door_blue_c6a4bd total drift progress=1.28m, xy=1.38m > 1.05m from locked anchor
[state_machine_node-24] [WARN] [1790647034.332461413] [state_machine_node]: Fine alignment blocked by costmap: occupied, inscribed, unknown or out-of-map approach segment; retaining Nav2/reobservation.
[controller_server-13] [INFO] [1790647034.636757812] [controller_server]: Passing new path to controller.
[door_detection_node-21] [INFO] [1790647035.543739116] [door_detection_node]: 문 후보 발행: id=door_blue_6fa82a, source=front, color=blue, dist=3.14m, conf=0.71, bbox=(104,29,155,207), rep_x=129, center_x=129, angle=7.5deg, center_angle=7.5deg, lidar=3.00m, visual=2.63m, goal=(18.97,0.99), handle=(18.25,2.01,1.00), handle_obs=True, handle_method=estimated, handle_conf=0.00
[state_machine_node-24] [INFO] [1790647035.553460183] [state_machine_node]: 문 접근 목표 보정: door_blue_6fa82a handle_axis=(18.25, 2.01) goal_axis=(18.25, 0.91) wall_axis=(18.25, 2.01) yaw=90deg
[state_machine_node-24] [INFO] [1790647035.556802093] [state_machine_node]: Locked blue target refine skipped: door_blue_6fa82a total drift progress=1.26m, xy=1.44m > 1.05m from locked anchor
[state_machine_node-24] [INFO] [1790647035.588754160] [state_machine_node]: 보조 비상구 관측 저장: door_green_f22665 (20.3, 0.4)
[controller_server-13] [INFO] [1790647035.886812715] [controller_server]: Passing new path to controller.
[state_machine_node-24] [WARN] [1790647036.396293995] [state_machine_node]: Fine alignment blocked by costmap: occupied, inscribed, unknown or out-of-map approach segment; retaining Nav2/reobservation.
[planner_server-15] [INFO] [1790647036.718116151] [global_costmap.global_costmap]: StaticLayer: Resizing static layer to 471 X 89 at 0.050000 m/pix
[state_machine_node-24] [INFO] [1790647037.040872628] [state_machine_node]: 문 접근 목표 보정: door_blue_15f7b3 handle_axis=(18.39, 1.94) goal_axis=(18.39, 0.84) wall_axis=(18.39, 1.94) yaw=90deg
[door_detection_node-21] [INFO] [1790647037.061092214] [door_detection_node]: 문 후보 발행: id=door_green_b2b448, source=front, color=green, dist=3.29m, conf=0.34, bbox=(308,56,320,167), rep_x=314, center_x=314, angle=-33.3deg, center_angle=-33.3deg, lidar=3.29m, visual=4.22m, goal=(17.76,0.19), handle=(19.24,0.43,1.00), handle_obs=False, handle_method=estimated, handle_conf=0.00
[controller_server-13] [INFO] [1790647037.261783095] [controller_server]: Passing new path to controller.
[controller_server-13] [INFO] [1790647038.386860114] [controller_server]: Passing new path to controller.
[state_machine_node-24] [WARN] [1790647038.450352159] [state_machine_node]: Fine alignment blocked by costmap: occupied, inscribed, unknown or out-of-map approach segment; retaining Nav2/reobservation.
[door_detection_node-21] [INFO] [1790647038.679434924] [door_detection_node]: 문 후보 발행: id=door_blue_15f7b3, source=front, color=blue, dist=3.05m, conf=0.65, bbox=(169,22,219,213), rep_x=194, center_x=194, angle=-8.3deg, center_angle=-8.3deg, lidar=3.00m, visual=2.45m, goal=(17.51,2.75), handle=(18.44,1.92,1.00), handle_obs=True, handle_method=estimated, handle_conf=0.00
[state_machine_node-24] [INFO] [1790647038.691104101] [state_machine_node]: 문 접근 목표 보정: door_blue_15f7b3 handle_axis=(18.44, 1.92) goal_axis=(18.44, 0.82) wall_axis=(18.44, 1.92) yaw=90deg
[state_machine_node-24] [INFO] [1790647038.694104804] [state_machine_node]: Locked blue target refine skipped: door_blue_15f7b3 total drift progress=1.45m, xy=1.57m > 1.05m from locked anchor
[controller_server-13] [INFO] [1790647039.636815639] [controller_server]: Passing new path to controller.
[door_detection_node-21] [INFO] [1790647040.335983776] [door_detection_node]: 문 후보 발행: id=door_blue_15f7b3, source=front, color=blue, dist=2.91m, conf=0.69, bbox=(156,16,207,219), rep_x=181, center_x=181, angle=-5.1deg, center_angle=-5.1deg, lidar=2.95m, visual=2.31m, goal=(17.37,0.93), handle=(18.58,1.82,1.00), handle_obs=True, handle_method=estimated, handle_conf=0.00
[state_machine_node-24] [INFO] [1790647040.346962285] [state_machine_node]: 문 접근 목표 보정: door_blue_15f7b3 handle_axis=(18.58, 1.82) goal_axis=(18.58, 0.72) wall_axis=(18.58, 1.82) yaw=90deg
[controller_server-13] [INFO] [1790647040.886908154] [controller_server]: Passing new path to controller.
[door_detection_node-21] [INFO] [1790647042.107800062] [door_detection_node]: 문 후보 발행: id=door_blue_6fa82a, source=front, color=blue, dist=2.74m, conf=0.75, bbox=(124,10,179,226), rep_x=151, center_x=151, angle=2.2deg, center_angle=2.2deg, lidar=2.83m, visual=2.17m, goal=(17.39,0.97), handle=(18.59,1.87,1.00), handle_obs=True, handle_method=estimated, handle_conf=0.00
[state_machine_node-24] [INFO] [1790647042.117493543] [state_machine_node]: 문 접근 목표 보정: door_blue_6fa82a handle_axis=(18.59, 1.87) goal_axis=(18.59, 0.77) wall_axis=(18.59, 1.87) yaw=90deg
[state_machine_node-24] [INFO] [1790647042.120736700] [state_machine_node]: Locked blue target refine skipped: door_blue_6fa82a total drift progress=1.60m, xy=1.70m > 1.05m from locked anchor
[controller_server-13] [INFO] [1790647042.261762286] [controller_server]: Passing new path to controller.
[controller_server-13] [INFO] [1790647043.511751594] [controller_server]: Passing new path to controller.
[door_detection_node-21] [INFO] [1790647043.855204043] [door_detection_node]: 문 후보 발행: id=door_blue_6fa82a, source=front, color=blue, dist=2.47m, conf=0.88, bbox=(76,0,141,240), rep_x=108, center_x=108, angle=12.5deg, center_angle=12.5deg, lidar=2.61m, visual=1.95m, goal=(19.05,0.72), handle=(18.52,1.85,1.00), handle_obs=True, handle_method=estimated, handle_conf=0.00
[state_machine_node-24] [INFO] [1790647043.865432270] [state_machine_node]: 문 접근 목표 보정: door_blue_6fa82a handle_axis=(18.52, 1.85) goal_axis=(18.52, 0.75) wall_axis=(18.52, 1.85) yaw=90deg
[door_detection_node-21] [INFO] [1790647043.869422544] [door_detection_node]: YOLO 후보 제외: source=front, edge-clipped bbox=(260,48,320,172)
[controller_server-13] [INFO] [1790647044.763777529] [controller_server]: Passing new path to controller.
[door_detection_node-21] [INFO] [1790647045.412022888] [door_detection_node]: 문 후보 발행: id=door_blue_c6a4bd, source=front, color=blue, dist=2.25m, conf=0.82, bbox=(2,0,85,240), rep_x=43, center_x=43, angle=26.6deg, center_angle=26.6deg, lidar=2.35m, visual=1.95m, goal=(19.39,0.78), handle=(19.10,2.00,0.84), handle_obs=True, handle_method=yolo:primary:item, handle_conf=0.31
[state_machine_node-24] [INFO] [1790647045.425769852] [state_machine_node]: 문 접근 목표 보정: door_blue_c6a4bd handle_axis=(19.10, 2.00) goal_axis=(19.10, 0.90) wall_axis=(19.10, 2.00) yaw=90deg
[state_machine_node-24] [INFO] [1790647045.429580535] [state_machine_node]: Locked blue target refine skipped: door_blue_c6a4bd total drift progress=1.50m, xy=1.61m > 1.05m from locked anchor
[state_machine_node-24] [INFO] [1790647045.443137540] [state_machine_node]: 보조 비상구 관측 저장: door_green_b2b448 (20.3, -0.1)
[controller_server-13] [INFO] [1790647046.011803717] [controller_server]: Passing new path to controller.
[controller_server-13] [INFO] [1790647047.261772876] [controller_server]: Passing new path to controller.
[door_detection_node-21] [INFO] [1790647048.082184963] [door_detection_node]: 문 후보 발행: id=door_blue_a976e1, source=front_left, color=blue, dist=2.12m, conf=1.00, bbox=(224,0,320,240), rep_x=272, center_x=272, angle=44.4deg, center_angle=44.4deg, lidar=2.11m, visual=1.95m, goal=(19.03,0.77), handle=(19.05,2.02,0.81), handle_obs=True, handle_method=yolo:primary:item, handle_conf=0.41
[state_machine_node-24] [INFO] [1790647048.091664420] [state_machine_node]: 문 접근 목표 보정: door_blue_a976e1 handle_axis=(19.05, 2.02) goal_axis=(19.05, 0.92) wall_axis=(19.05, 2.02) yaw=90deg
[state_machine_node-24] [INFO] [1790647048.094489912] [state_machine_node]: Locked blue target refine skipped: door_blue_a976e1 total drift progress=1.61m, xy=1.74m > 1.05m from locked anchor
[controller_server-13] [INFO] [1790647048.636955353] [controller_server]: Passing new path to controller.
[state_machine_node-24] [INFO] [1790647048.931368373] [state_machine_node]: 보조 비상구 관측 저장: door_green_73c139 (20.8, 0.1)
[door_detection_node-21] [INFO] [1790647049.756374792] [door_detection_node]: 문 후보 발행: id=door_blue_a976e1, source=front_left, color=blue, dist=2.02m, conf=1.00, bbox=(195,0,300,240), rep_x=247, center_x=247, angle=49.6deg, center_angle=49.6deg, lidar=2.09m, visual=1.95m, goal=(19.04,0.77), handle=(19.11,2.02,0.83), handle_obs=True, handle_method=yolo:primary:item, handle_conf=0.53
[state_machine_node-24] [INFO] [1790647049.767571449] [state_machine_node]: 문 접근 목표 보정: door_blue_a976e1 handle_axis=(19.11, 2.02) goal_axis=(19.11, 0.92) wall_axis=(19.11, 2.02) yaw=90deg
[controller_server-13] [INFO] [1790647049.886942482] [controller_server]: Passing new path to controller.
[navigation_node-22] [WARN] [1790647050.361821574] [navigation_node]: Robot is 0.18m from blue goal (threshold=0.18m). Treating navigation as succeeded.
[state_machine_node-24] [INFO] [1790647050.366888613] [state_machine_node]: Navigation succeeded.
[bt_navigator-17] [ERROR] [1790647050.480888666] [bt_navigator_navigate_to_pose_rclcpp_node]: Failed to get result for follow_path in node halt!
[bt_navigator-17] [INFO] [1790647050.481139009] [bt_navigator]: [navigate_to_pose] [ActionServer] Client requested to cancel the goal. Cancelling.
[bt_navigator-17] [INFO] [1790647050.481717907] [bt_navigator]: Goal canceled
[controller_server-13] [INFO] [1790647050.512089262] [controller_server]: Goal was canceled. Stopping the robot.
[controller_server-13] [INFO] [1790647050.512251239] [controller_server]: [follow_path] [ActionServer] Client requested to cancel the goal. Cancelling.
[state_machine_node-24] [WARN] [1790647050.884340274] [state_machine_node]: Nav result [nav_success] is close enough for door fine alignment: observed_blue_17p0_1p3, dist=0.42/1.10m, lateral=0.35/0.75m, forward=0.24m, yaw_error=80deg.
[state_machine_node-24] [WARN] [1790647050.899966728] [state_machine_node]: Waiting for a fresh door-wall normal before alignment.
[door_detection_node-21] [INFO] [1790647051.619576824] [door_detection_node]: 문 후보 발행: id=door_blue_ae6d73, source=front_left, color=blue, dist=1.88m, conf=0.31, bbox=(240,0,319,240), rep_x=279, center_x=279, angle=43.0deg, center_angle=43.0deg, lidar=1.86m, visual=1.95m, goal=(18.64,0.79), handle=(18.41,2.02,1.00), handle_obs=False, handle_method=estimated, handle_conf=0.00
[state_machine_node-24] [INFO] [1790647051.631896061] [state_machine_node]: 문 접근 목표 보정: door_blue_ae6d73 handle_axis=(18.41, 2.02) goal_axis=(18.41, 0.92) wall_axis=(18.41, 2.02) yaw=90deg
[state_machine_node-24] [INFO] [1790647051.632977748] [state_machine_node]: Locked blue target refine skipped: door_blue_ae6d73 total drift progress=1.42m, xy=1.59m > 1.05m from locked anchor
[state_machine_node-24] [WARN] [1790647051.885136246] [state_machine_node]: Nav result [nav_success] is close enough for door fine alignment: observed_blue_17p0_1p3, dist=0.40/1.10m, lateral=0.34/0.75m, forward=0.22m, yaw_error=79deg.
[state_machine_node-24] [INFO] [1790647052.679985843] [state_machine_node]: 보조 비상구 관측 저장: door_green_73c139 (20.6, 0.1)
[state_machine_node-24] [WARN] [1790647052.881768722] [state_machine_node]: Nav result [nav_success] is close enough for door fine alignment: observed_blue_17p0_1p3, dist=0.40/1.10m, lateral=0.34/0.75m, forward=0.22m, yaw_error=79deg.
[door_detection_node-21] [INFO] [1790647053.690205186] [door_detection_node]: 문 후보 발행: id=door_blue_ae6d73, source=front_left, color=blue, dist=1.80m, conf=0.37, bbox=(241,0,319,240), rep_x=280, center_x=280, angle=42.9deg, center_angle=42.9deg, lidar=1.84m, visual=1.95m, goal=(18.60,0.73), handle=(18.36,1.96,1.00), handle_obs=False, handle_method=estimated, handle_conf=0.00
[state_machine_node-24] [INFO] [1790647053.702249875] [state_machine_node]: 문 접근 목표 보정: door_blue_ae6d73 handle_axis=(18.36, 1.96) goal_axis=(18.36, 0.86) wall_axis=(18.36, 1.96) yaw=90deg
[state_machine_node-24] [INFO] [1790647053.703256311] [state_machine_node]: Locked blue target refine skipped: door_blue_ae6d73 total drift progress=1.37m, xy=1.52m > 1.05m from locked anchor
[state_machine_node-24] [WARN] [1790647053.886330723] [state_machine_node]: Nav result [nav_success] is close enough for door fine alignment: observed_blue_17p0_1p3, dist=0.40/1.10m, lateral=0.34/0.75m, forward=0.22m, yaw_error=79deg.
[state_machine_node-24] [WARN] [1790647053.902497001] [state_machine_node]: Waiting for a fresh door-wall normal before alignment.
[state_machine_node-24] [WARN] [1790647054.958154129] [state_machine_node]: Nav result [nav_success] is close enough for door fine alignment: observed_blue_17p0_1p3, dist=0.40/1.10m, lateral=0.34/0.75m, forward=0.22m, yaw_error=79deg.
[door_detection_node-21] [INFO] [1790647055.675535721] [door_detection_node]: 문 후보 발행: id=door_blue_ae6d73, source=front_left, color=blue, dist=1.86m, conf=0.37, bbox=(241,0,319,240), rep_x=280, center_x=280, angle=42.9deg, center_angle=42.9deg, lidar=1.86m, visual=1.95m, goal=(18.64,0.77), handle=(18.41,2.00,1.00), handle_obs=False, handle_method=estimated, handle_conf=0.00
[state_machine_node-24] [INFO] [1790647055.685254815] [state_machine_node]: 문 접근 목표 보정: door_blue_ae6d73 handle_axis=(18.41, 2.00) goal_axis=(18.41, 0.90) wall_axis=(18.41, 2.00) yaw=90deg
[state_machine_node-24] [WARN] [1790647055.885639515] [state_machine_node]: Nav result [nav_success] is close enough for door fine alignment: observed_blue_17p0_1p3, dist=0.39/1.10m, lateral=0.32/0.75m, forward=0.21m, yaw_error=80deg.
[state_machine_node-24] [WARN] [1790647056.863749736] [state_machine_node]: Nav result [nav_success] is close enough for door fine alignment: observed_blue_17p0_1p3, dist=0.39/1.10m, lateral=0.32/0.75m, forward=0.21m, yaw_error=80deg.
[state_machine_node-24] [WARN] [1790647056.881801852] [state_machine_node]: Waiting for a fresh door-wall normal before alignment.
[door_detection_node-21] [INFO] [1790647057.318075017] [door_detection_node]: 문 후보 발행: id=door_blue_ae6d73, source=front_left, color=blue, dist=1.83m, conf=0.37, bbox=(241,0,319,240), rep_x=280, center_x=280, angle=42.9deg, center_angle=42.9deg, lidar=1.85m, visual=1.95m, goal=(18.65,0.73), handle=(18.43,1.96,1.00), handle_obs=False, handle_method=estimated, handle_conf=0.00
[state_machine_node-24] [INFO] [1790647057.327613704] [state_machine_node]: 문 접근 목표 보정: door_blue_ae6d73 handle_axis=(18.43, 1.96) goal_axis=(18.43, 0.86) wall_axis=(18.43, 1.96) yaw=90deg
[state_machine_node-24] [INFO] [1790647057.328595901] [state_machine_node]: Locked blue target refine skipped: door_blue_ae6d73 total drift progress=1.44m, xy=1.58m > 1.05m from locked anchor
[state_machine_node-24] [WARN] [1790647057.856525322] [state_machine_node]: Nav result [nav_success] is close enough for door fine alignment: observed_blue_17p0_1p3, dist=0.39/1.10m, lateral=0.32/0.75m, forward=0.21m, yaw_error=80deg.
[state_machine_node-24] [WARN] [1790647058.859258915] [state_machine_node]: Nav result [nav_success] is close enough for door fine alignment: observed_blue_17p0_1p3, dist=0.39/1.10m, lateral=0.32/0.75m, forward=0.21m, yaw_error=80deg.
[door_detection_node-21] [INFO] [1790647058.984629426] [door_detection_node]: 문 후보 발행: id=door_blue_ae6d73, source=front_left, color=blue, dist=1.84m, conf=0.37, bbox=(241,0,319,240), rep_x=280, center_x=280, angle=42.9deg, center_angle=42.9deg, lidar=1.81m, visual=1.95m, goal=(18.65,0.73), handle=(18.44,1.96,1.00), handle_obs=False, handle_method=estimated, handle_conf=0.00
[state_machine_node-24] [INFO] [1790647058.995452231] [state_machine_node]: 문 접근 목표 보정: door_blue_ae6d73 handle_axis=(18.44, 1.96) goal_axis=(18.44, 0.86) wall_axis=(18.44, 1.96) yaw=90deg
[state_machine_node-24] [WARN] [1790647059.870091032] [state_machine_node]: Nav result [nav_success] is close enough for door fine alignment: observed_blue_17p0_1p3, dist=0.39/1.10m, lateral=0.32/0.75m, forward=0.21m, yaw_error=80deg.
[state_machine_node-24] [WARN] [1790647059.892259619] [state_machine_node]: Waiting for a fresh door-wall normal before alignment.
[door_detection_node-21] [INFO] [1790647060.672491154] [door_detection_node]: 문 후보 발행: id=door_blue_ae6d73, source=front_left, color=blue, dist=1.82m, conf=0.37, bbox=(241,0,319,240), rep_x=280, center_x=280, angle=42.9deg, center_angle=42.9deg, lidar=1.82m, visual=1.95m, goal=(18.64,0.72), handle=(18.43,1.95,1.00), handle_obs=False, handle_method=estimated, handle_conf=0.00
[state_machine_node-24] [INFO] [1790647060.683162935] [state_machine_node]: 문 접근 목표 보정: door_blue_ae6d73 handle_axis=(18.43, 1.95) goal_axis=(18.43, 0.85) wall_axis=(18.43, 1.95) yaw=90deg
[state_machine_node-24] [INFO] [1790647060.684222224] [state_machine_node]: Locked blue target refine skipped: door_blue_ae6d73 total drift progress=1.44m, xy=1.58m > 1.05m from locked anchor
[state_machine_node-24] [WARN] [1790647060.896827452] [state_machine_node]: Nav result [nav_success] is close enough for door fine alignment: observed_blue_17p0_1p3, dist=0.39/1.10m, lateral=0.32/0.75m, forward=0.21m, yaw_error=80deg.
[state_machine_node-24] [INFO] [1790647061.640353949] [state_machine_node]: 보조 비상구 관측 저장: door_green_73c139 (20.6, 0.0)
[state_machine_node-24] [WARN] [1790647061.939817526] [state_machine_node]: Nav result [nav_success] is close enough for door fine alignment: observed_blue_17p0_1p3, dist=0.39/1.10m, lateral=0.32/0.75m, forward=0.21m, yaw_error=80deg.
[state_machine_node-24] [INFO] [1790647061.957495865] [state_machine_node]: 문 앞 정렬 재접근: observed_blue_17p0_1p3 (1/2)
[state_machine_node-24] [INFO] [1790647061.959322489] [state_machine_node]: 문 접근 목표 보정: observed_blue_17p0_1p3 handle_axis=(17.59, 1.32) goal_axis=(17.59, 0.22) wall_axis=(17.59, 1.32) yaw=90deg
[navigation_node-22] [INFO] [1790647061.962199768] [navigation_node]: Navigation goal received: door observed_blue_17p0_1p3 (color=blue, frame=map, x=17.59, y=0.22)
[navigation_node-22] [WARN] [1790647062.063458339] [navigation_node]: Adjusted unreachable/occupied navigation goal from (17.59, 0.22, cost=55) to connected free cell (17.73, 0.38, cost=0)
[bt_navigator-17] [INFO] [1790647062.144376900] [bt_navigator]: Begin navigating from current location (17.32, 0.50) to (17.73, 0.38)
[navigation_node-22] [INFO] [1790647062.147579423] [navigation_node]: Navigation goal accepted by Nav2
[controller_server-13] [INFO] [1790647062.345864243] [controller_server]: Received a goal, begin computing control effort.
[door_detection_node-21] [INFO] [1790647062.745927745] [door_detection_node]: 문 후보 발행: id=door_blue_ae6d73, source=front_left, color=blue, dist=1.85m, conf=0.37, bbox=(241,0,319,240), rep_x=280, center_x=280, angle=42.9deg, center_angle=42.9deg, lidar=1.84m, visual=1.95m, goal=(18.65,0.74), handle=(18.44,1.97,1.00), handle_obs=False, handle_method=estimated, handle_conf=0.00
[state_machine_node-24] [INFO] [1790647062.755526065] [state_machine_node]: 문 접근 목표 보정: door_blue_ae6d73 handle_axis=(18.44, 1.97) goal_axis=(18.44, 0.87) wall_axis=(18.44, 1.97) yaw=90deg
[state_machine_node-24] [INFO] [1790647062.756487197] [state_machine_node]: Locked blue target refine skipped: door_blue_ae6d73 total drift progress=1.45m, xy=1.60m > 1.05m from locked anchor
[controller_server-13] [INFO] [1790647063.721624790] [controller_server]: Passing new path to controller.
[door_detection_node-21] [INFO] [1790647064.700949238] [door_detection_node]: 문 후보 발행: id=door_blue_ae6d73, source=front_left, color=blue, dist=1.87m, conf=0.42, bbox=(239,0,319,239), rep_x=279, center_x=279, angle=43.0deg, center_angle=43.0deg, lidar=1.92m, visual=1.96m, goal=(18.68,0.75), handle=(18.48,1.98,1.00), handle_obs=False, handle_method=estimated, handle_conf=0.00
[state_machine_node-24] [INFO] [1790647064.714432117] [state_machine_node]: 문 접근 목표 보정: door_blue_ae6d73 handle_axis=(18.48, 1.98) goal_axis=(18.48, 0.88) wall_axis=(18.48, 1.98) yaw=90deg
[controller_server-13] [INFO] [1790647064.971632453] [controller_server]: Passing new path to controller.
[door_detection_node-21] [INFO] [1790647066.284990321] [door_detection_node]: 문 후보 발행: id=door_blue_4a310c, source=front_left, color=blue, dist=1.86m, conf=1.00, bbox=(150,0,272,240), rep_x=211, center_x=211, angle=57.7deg, center_angle=57.7deg, lidar=1.89m, visual=1.95m, goal=(19.16,0.92), handle=(19.25,2.16,0.83), handle_obs=True, handle_method=yolo:primary:item, handle_conf=0.66
[state_machine_node-24] [INFO] [1790647066.297704642] [state_machine_node]: 문 접근 목표 보정: door_blue_4a310c handle_axis=(19.25, 2.16) goal_axis=(19.25, 1.06) wall_axis=(19.25, 2.16) yaw=90deg
[state_machine_node-24] [INFO] [1790647066.301302150] [state_machine_node]: Locked blue target refine skipped: door_blue_4a310c total drift progress=1.60m, xy=1.75m > 1.05m from locked anchor
[controller_server-13] [INFO] [1790647066.346640047] [controller_server]: Passing new path to controller.
[state_machine_node-24] [INFO] [1790647066.821325225] [state_machine_node]: 보조 비상구 관측 저장: door_green_8497b7 (20.8, 0.1)
[controller_server-13] [INFO] [1790647067.596603131] [controller_server]: Passing new path to controller.
[state_machine_node-24] [INFO] [1790647067.755072516] [state_machine_node]: 문 접근 목표 보정: door_blue_0ef14c handle_axis=(19.04, 2.10) goal_axis=(19.04, 1.00) wall_axis=(19.04, 2.10) yaw=90deg
[navigation_node-22] [WARN] [1790647067.847505004] [navigation_node]: Robot is 0.18m from blue goal (threshold=0.18m). Treating navigation as succeeded.
[state_machine_node-24] [INFO] [1790647067.849262892] [state_machine_node]: Navigation succeeded.
[bt_navigator-17] [ERROR] [1790647067.965619708] [bt_navigator_navigate_to_pose_rclcpp_node]: Failed to get result for follow_path in node halt!
[bt_navigator-17] [INFO] [1790647067.965846203] [bt_navigator]: [navigate_to_pose] [ActionServer] Client requested to cancel the goal. Cancelling.
[bt_navigator-17] [INFO] [1790647067.966214935] [bt_navigator]: Goal canceled
[controller_server-13] [INFO] [1790647067.971885266] [controller_server]: Goal was canceled. Stopping the robot.
[controller_server-13] [INFO] [1790647067.972176331] [controller_server]: [follow_path] [ActionServer] Client requested to cancel the goal. Cancelling.
[state_machine_node-24] [WARN] [1790647068.261115153] [state_machine_node]: Nav result [nav_success] is close enough for door fine alignment: observed_blue_17p0_1p3, dist=0.33/1.10m, lateral=0.33/0.75m, forward=0.01m, yaw_error=109deg.
[state_machine_node-24] [WARN] [1790647068.277269343] [state_machine_node]: Waiting for a fresh door-wall normal before alignment.
[door_detection_node-21] [INFO] [1790647068.622272585] [door_detection_node]: 문 후보 발행: id=door_green_8497b7, source=front, color=green, dist=2.92m, conf=1.00, bbox=(60,34,163,194), rep_x=111, center_x=111, angle=11.8deg, center_angle=11.8deg, lidar=nonem, visual=2.92m, goal=(19.10,0.34), handle=(20.59,0.14,1.00), handle_obs=False, handle_method=estimated, handle_conf=0.00
[state_machine_node-24] [WARN] [1790647069.310826333] [state_machine_node]: Nav result [nav_success] is close enough for door fine alignment: observed_blue_17p0_1p3, dist=0.33/1.10m, lateral=0.33/0.75m, forward=0.01m, yaw_error=110deg.
[state_machine_node-24] [INFO] [1790647069.534231978] [state_machine_node]: 문 접근 목표 보정: door_blue_0ef14c handle_axis=(18.90, 2.01) goal_axis=(18.90, 0.91) wall_axis=(18.90, 2.01) yaw=90deg
[state_machine_node-24] [INFO] [1790647069.537551502] [state_machine_node]: Locked blue target refine skipped: door_blue_0ef14c total drift progress=1.40m, xy=1.55m > 1.05m from locked anchor
[door_detection_node-21] [INFO] [1790647069.981586889] [door_detection_node]: Side camera LiDAR range looks occluded; using visual range instead (source=front_right, lidar=1.12m, visual=2.07m)
[state_machine_node-24] [WARN] [1790647070.351634359] [state_machine_node]: Nav result [nav_success] is close enough for door fine alignment: observed_blue_17p0_1p3, dist=0.33/1.10m, lateral=0.33/0.75m, forward=0.01m, yaw_error=110deg.
[state_machine_node-24] [WARN] [1790647070.368536115] [state_machine_node]: Waiting for a fresh door-wall normal before alignment.
[door_detection_node-21] [INFO] [1790647070.725961717] [door_detection_node]: 문 후보 발행: id=door_green_8497b7, source=front, color=green, dist=2.92m, conf=1.00, bbox=(58,34,162,194), rep_x=110, center_x=110, angle=12.1deg, center_angle=12.1deg, lidar=nonem, visual=2.92m, goal=(19.10,0.33), handle=(20.59,0.13,1.00), handle_obs=False, handle_method=estimated, handle_conf=0.00
[state_machine_node-24] [INFO] [1790647070.729268833] [state_machine_node]: 보조 비상구 관측 저장: door_green_8497b7 (20.6, 0.1)
[state_machine_node-24] [WARN] [1790647071.365816264] [state_machine_node]: Nav result [nav_success] is close enough for door fine alignment: observed_blue_17p0_1p3, dist=0.33/1.10m, lateral=0.33/0.75m, forward=0.01m, yaw_error=110deg.
[state_machine_node-24] [INFO] [1790647071.581707695] [state_machine_node]: 문 접근 목표 보정: door_blue_0ef14c handle_axis=(18.91, 2.04) goal_axis=(18.91, 0.94) wall_axis=(18.91, 2.04) yaw=90deg
[state_machine_node-24] [INFO] [1790647071.584723889] [state_machine_node]: Locked blue target refine skipped: door_blue_0ef14c total drift progress=1.39m, xy=1.53m > 1.05m from locked anchor
[door_detection_node-21] [INFO] [1790647072.001406494] [door_detection_node]: Side camera LiDAR range looks occluded; using visual range instead (source=front_right, lidar=1.17m, visual=2.07m)
[state_machine_node-24] [WARN] [1790647072.378021735] [state_machine_node]: Nav result [nav_success] is close enough for door fine alignment: observed_blue_17p0_1p3, dist=0.33/1.10m, lateral=0.33/0.75m, forward=0.01m, yaw_error=110deg.
[state_machine_node-24] [WARN] [1790647072.394312670] [state_machine_node]: Waiting for a fresh door-wall normal before alignment.
[door_detection_node-21] [INFO] [1790647072.750310403] [door_detection_node]: 문 후보 발행: id=door_green_8497b7, source=front, color=green, dist=2.92m, conf=1.00, bbox=(58,34,162,194), rep_x=110, center_x=110, angle=12.1deg, center_angle=12.1deg, lidar=nonem, visual=2.92m, goal=(19.10,0.33), handle=(20.59,0.13,1.00), handle_obs=False, handle_method=estimated, handle_conf=0.00
[state_machine_node-24] [WARN] [1790647073.403527643] [state_machine_node]: Nav result [nav_success] is close enough for door fine alignment: observed_blue_17p0_1p3, dist=0.33/1.10m, lateral=0.33/0.75m, forward=0.01m, yaw_error=110deg.
[state_machine_node-24] [INFO] [1790647073.649043775] [state_machine_node]: 문 접근 목표 보정: door_blue_0ef14c handle_axis=(18.90, 2.02) goal_axis=(18.90, 0.92) wall_axis=(18.90, 2.02) yaw=90deg
[state_machine_node-24] [INFO] [1790647073.654312372] [state_machine_node]: Locked blue target refine skipped: door_blue_0ef14c total drift progress=1.40m, xy=1.56m > 1.05m from locked anchor
[door_detection_node-21] [INFO] [1790647074.093634062] [door_detection_node]: Side camera LiDAR range looks occluded; using visual range instead (source=front_right, lidar=1.14m, visual=2.07m)
[state_machine_node-24] [WARN] [1790647074.433839433] [state_machine_node]: Nav result [nav_success] is close enough for door fine alignment: observed_blue_17p0_1p3, dist=0.33/1.10m, lateral=0.33/0.75m, forward=0.01m, yaw_error=110deg.
[state_machine_node-24] [WARN] [1790647074.451018311] [state_machine_node]: Waiting for a fresh door-wall normal before alignment.
[door_detection_node-21] [INFO] [1790647074.799556707] [door_detection_node]: 문 후보 발행: id=door_green_8497b7, source=front, color=green, dist=2.92m, conf=1.00, bbox=(58,34,162,194), rep_x=110, center_x=110, angle=12.1deg, center_angle=12.1deg, lidar=nonem, visual=2.92m, goal=(19.10,0.33), handle=(20.59,0.13,1.00), handle_obs=False, handle_method=estimated, handle_conf=0.00
[state_machine_node-24] [INFO] [1790647074.803274516] [state_machine_node]: 보조 비상구 관측 저장: door_green_8497b7 (20.6, 0.1)
[state_machine_node-24] [WARN] [1790647075.509276988] [state_machine_node]: Nav result [nav_success] is close enough for door fine alignment: observed_blue_17p0_1p3, dist=0.33/1.10m, lateral=0.33/0.75m, forward=0.01m, yaw_error=110deg.
[state_machine_node-24] [INFO] [1790647075.718130304] [state_machine_node]: 문 접근 목표 보정: door_blue_0ef14c handle_axis=(18.85, 1.96) goal_axis=(18.85, 0.86) wall_axis=(18.85, 1.96) yaw=90deg
[state_machine_node-24] [INFO] [1790647075.722392562] [state_machine_node]: Locked blue target refine skipped: door_blue_0ef14c total drift progress=1.39m, xy=1.53m > 1.05m from locked anchor
[door_detection_node-21] [INFO] [1790647076.198298612] [door_detection_node]: Side camera LiDAR range looks occluded; using visual range instead (source=front_right, lidar=1.11m, visual=2.07m)
[state_machine_node-24] [WARN] [1790647076.529220332] [state_machine_node]: Nav result [nav_success] is close enough for door fine alignment: observed_blue_17p0_1p3, dist=0.33/1.10m, lateral=0.33/0.75m, forward=0.01m, yaw_error=110deg.
[state_machine_node-24] [WARN] [1790647076.546169287] [state_machine_node]: Waiting for a fresh door-wall normal before alignment.
[door_detection_node-21] [INFO] [1790647076.897142304] [door_detection_node]: 문 후보 발행: id=door_green_8497b7, source=front, color=green, dist=2.92m, conf=1.00, bbox=(58,34,162,194), rep_x=110, center_x=110, angle=12.1deg, center_angle=12.1deg, lidar=nonem, visual=2.92m, goal=(19.10,0.33), handle=(20.59,0.13,1.00), handle_obs=False, handle_method=estimated, handle_conf=0.00
[state_machine_node-24] [WARN] [1790647077.567118051] [state_machine_node]: Nav result [nav_success] is close enough for door fine alignment: observed_blue_17p0_1p3, dist=0.33/1.10m, lateral=0.33/0.75m, forward=0.01m, yaw_error=110deg.
[state_machine_node-24] [INFO] [1790647077.770116613] [state_machine_node]: 문 접근 목표 보정: door_blue_0ef14c handle_axis=(18.91, 2.04) goal_axis=(18.91, 0.94) wall_axis=(18.91, 2.04) yaw=90deg
[state_machine_node-24] [INFO] [1790647077.773811201] [state_machine_node]: Locked blue target refine skipped: door_blue_0ef14c total drift progress=1.37m, xy=1.50m > 1.05m from locked anchor
[door_detection_node-21] [INFO] [1790647078.230440789] [door_detection_node]: Side camera LiDAR range looks occluded; using visual range instead (source=front_right, lidar=1.08m, visual=2.07m)
[state_machine_node-24] [WARN] [1790647078.573472007] [state_machine_node]: Nav result [nav_success] is close enough for door fine alignment: observed_blue_17p0_1p3, dist=0.33/1.10m, lateral=0.33/0.75m, forward=0.01m, yaw_error=110deg.
[state_machine_node-24] [WARN] [1790647078.593024901] [state_machine_node]: Waiting for a fresh door-wall normal before alignment.
[door_detection_node-21] [INFO] [1790647078.930590889] [door_detection_node]: 문 후보 발행: id=door_green_8497b7, source=front, color=green, dist=2.92m, conf=1.00, bbox=(58,34,162,194), rep_x=110, center_x=110, angle=12.1deg, center_angle=12.1deg, lidar=nonem, visual=2.92m, goal=(19.10,0.33), handle=(20.59,0.13,1.00), handle_obs=False, handle_method=estimated, handle_conf=0.00
[state_machine_node-24] [INFO] [1790647078.933819675] [state_machine_node]: 보조 비상구 관측 저장: door_green_8497b7 (20.6, 0.1)
[state_machine_node-24] [WARN] [1790647079.594911201] [state_machine_node]: Nav result [nav_success] is close enough for door fine alignment: observed_blue_17p0_1p3, dist=0.33/1.10m, lateral=0.33/0.75m, forward=0.01m, yaw_error=110deg.
[state_machine_node-24] [INFO] [1790647079.611479831] [state_machine_node]: 문 앞 정렬 재접근: observed_blue_17p0_1p3 (2/2)
[state_machine_node-24] [INFO] [1790647079.613820227] [state_machine_node]: 문 접근 목표 보정: observed_blue_17p0_1p3 handle_axis=(17.59, 1.32) goal_axis=(17.59, 0.22) wall_axis=(17.59, 1.32) yaw=90deg
[navigation_node-22] [INFO] [1790647079.618196587] [navigation_node]: Navigation goal received: door observed_blue_17p0_1p3 (color=blue, frame=map, x=17.59, y=0.22)
[navigation_node-22] [WARN] [1790647079.741330116] [navigation_node]: Navigation goal is not reachable/free (cost=60) and no nearby connected free cell was found. Rejecting this goal instead of waiting for a Nav2 timeout.
[state_machine_node-24] [WARN] [1790647079.742655287] [state_machine_node]: Navigation failed.
[state_machine_node-24] [INFO] [1790647079.832651313] [state_machine_node]: 문 접근 목표 보정: door_blue_0ef14c handle_axis=(18.88, 2.00) goal_axis=(18.88, 0.90) wall_axis=(18.88, 2.00) yaw=90deg
[state_machine_node-24] [INFO] [1790647079.837816577] [state_machine_node]: Locked blue target refine skipped: door_blue_0ef14c total drift progress=1.40m, xy=1.55m > 1.05m from locked anchor
[door_detection_node-21] [INFO] [1790647080.230798602] [door_detection_node]: Side camera LiDAR range looks occluded; using visual range instead (source=front_right, lidar=1.17m, visual=2.07m)
[state_machine_node-24] [WARN] [1790647080.640260024] [state_machine_node]: Nav result [nav2_failure] is close enough for door fine alignment: observed_blue_17p0_1p3, dist=0.33/1.10m, lateral=0.33/0.75m, forward=0.01m, yaw_error=110deg.
[door_detection_node-21] [INFO] [1790647081.262007638] [door_detection_node]: 문 후보 발행: id=door_blue_0ef14c, source=front_left, color=blue, dist=1.58m, conf=1.00, bbox=(30,0,170,240), rep_x=100, center_x=100, angle=84.4deg, center_angle=84.4deg, lidar=1.55m, visual=1.95m, goal=(18.48,0.85), handle=(18.90,2.02,0.84), handle_obs=True, handle_method=yolo:primary:item, handle_conf=0.59
[state_machine_node-24] [INFO] [1790647081.273875548] [state_machine_node]: 문 접근 목표 보정: door_blue_0ef14c handle_axis=(18.90, 2.02) goal_axis=(18.90, 0.92) wall_axis=(18.90, 2.02) yaw=90deg
[state_machine_node-24] [WARN] [1790647081.705199545] [state_machine_node]: Nav result [nav_success] is close enough for door fine alignment: observed_blue_17p0_1p3, dist=0.33/1.10m, lateral=0.33/0.75m, forward=0.01m, yaw_error=110deg.
[state_machine_node-24] [WARN] [1790647081.722903668] [state_machine_node]: Waiting for a fresh door-wall normal before alignment.
[state_machine_node-24] [WARN] [1790647082.750922423] [state_machine_node]: Nav result [nav_success] is close enough for door fine alignment: observed_blue_17p0_1p3, dist=0.33/1.10m, lateral=0.33/0.75m, forward=0.01m, yaw_error=110deg.
[door_detection_node-21] [INFO] [1790647082.986154218] [door_detection_node]: 문 후보 발행: id=door_blue_0ef14c, source=front_left, color=blue, dist=1.54m, conf=1.00, bbox=(30,0,170,240), rep_x=100, center_x=100, angle=84.4deg, center_angle=84.4deg, lidar=1.61m, visual=1.95m, goal=(18.45,0.81), handle=(18.88,1.99,0.84), handle_obs=True, handle_method=yolo:primary:item, handle_conf=0.59
[state_machine_node-24] [INFO] [1790647082.997443313] [state_machine_node]: 문 접근 목표 보정: door_blue_0ef14c handle_axis=(18.88, 1.99) goal_axis=(18.88, 0.89) wall_axis=(18.88, 1.99) yaw=90deg
[state_machine_node-24] [INFO] [1790647083.001762619] [state_machine_node]: Locked blue target refine skipped: door_blue_0ef14c total drift progress=1.37m, xy=1.50m > 1.05m from locked anchor
[state_machine_node-24] [INFO] [1790647083.431560480] [state_machine_node]: 보조 비상구 관측 저장: door_green_8497b7 (20.6, 0.1)
[state_machine_node-24] [WARN] [1790647083.783124763] [state_machine_node]: Nav result [nav_success] is close enough for door fine alignment: observed_blue_17p0_1p3, dist=0.33/1.10m, lateral=0.33/0.75m, forward=0.01m, yaw_error=110deg.
[state_machine_node-24] [WARN] [1790647083.804617905] [state_machine_node]: Waiting for a fresh door-wall normal before alignment.
[door_detection_node-21] [INFO] [1790647084.039612626] [door_detection_node]: Side camera LiDAR range looks occluded; using visual range instead (source=front_right, lidar=1.11m, visual=2.07m)
[state_machine_node-24] [WARN] [1790647084.827215160] [state_machine_node]: Nav result [nav_success] is close enough for door fine alignment: observed_blue_17p0_1p3, dist=0.33/1.10m, lateral=0.33/0.75m, forward=0.01m, yaw_error=110deg.
[door_detection_node-21] [INFO] [1790647085.016158843] [door_detection_node]: 문 후보 발행: id=door_blue_0ef14c, source=front_left, color=blue, dist=1.58m, conf=1.00, bbox=(30,0,170,240), rep_x=100, center_x=100, angle=84.4deg, center_angle=84.4deg, lidar=1.58m, visual=1.95m, goal=(18.47,0.84), handle=(18.90,2.01,0.84), handle_obs=True, handle_method=yolo:primary:item, handle_conf=0.59
[state_machine_node-24] [INFO] [1790647085.027525644] [state_machine_node]: 문 접근 목표 보정: door_blue_0ef14c handle_axis=(18.90, 2.01) goal_axis=(18.90, 0.91) wall_axis=(18.90, 2.01) yaw=90deg
[state_machine_node-24] [INFO] [1790647085.030957106] [state_machine_node]: Locked blue target refine skipped: door_blue_0ef14c total drift progress=1.39m, xy=1.53m > 1.05m from locked anchor
[state_machine_node-24] [WARN] [1790647085.869194934] [state_machine_node]: Nav result [nav_success] is close enough for door fine alignment: observed_blue_17p0_1p3, dist=0.33/1.10m, lateral=0.33/0.75m, forward=0.01m, yaw_error=110deg.
[state_machine_node-24] [WARN] [1790647085.885416898] [state_machine_node]: Waiting for a fresh door-wall normal before alignment.
[door_detection_node-21] [INFO] [1790647086.115040779] [door_detection_node]: Side camera LiDAR range looks occluded; using visual range instead (source=front_right, lidar=1.18m, visual=2.07m)
[state_machine_node-24] [WARN] [1790647086.901336254] [state_machine_node]: Nav result [nav_success] is close enough for door fine alignment: observed_blue_17p0_1p3, dist=0.33/1.10m, lateral=0.33/0.75m, forward=0.01m, yaw_error=110deg.
[door_detection_node-21] [INFO] [1790647087.136865666] [door_detection_node]: 문 후보 발행: id=door_blue_0ef14c, source=front_left, color=blue, dist=1.58m, conf=1.00, bbox=(30,0,170,240), rep_x=100, center_x=100, angle=84.4deg, center_angle=84.4deg, lidar=1.59m, visual=1.95m, goal=(18.44,0.80), handle=(18.87,1.98,0.84), handle_obs=True, handle_method=yolo:primary:item, handle_conf=0.59
[state_machine_node-24] [INFO] [1790647087.149100566] [state_machine_node]: 문 접근 목표 보정: door_blue_0ef14c handle_axis=(18.87, 1.98) goal_axis=(18.87, 0.88) wall_axis=(18.87, 1.98) yaw=90deg
[state_machine_node-24] [INFO] [1790647087.152907097] [state_machine_node]: Locked blue target refine skipped: door_blue_0ef14c total drift progress=1.39m, xy=1.53m > 1.05m from locked anchor
[state_machine_node-24] [WARN] [1790647087.924852654] [state_machine_node]: Nav result [nav_success] is close enough for door fine alignment: observed_blue_17p0_1p3, dist=0.33/1.10m, lateral=0.33/0.75m, forward=0.01m, yaw_error=110deg.
[state_machine_node-24] [WARN] [1790647087.942599770] [state_machine_node]: Waiting for a fresh door-wall normal before alignment.
[door_detection_node-21] [INFO] [1790647088.794485213] [door_detection_node]: 문 후보 발행: id=door_blue_0ef14c, source=front_left, color=blue, dist=1.58m, conf=1.00, bbox=(30,0,170,240), rep_x=100, center_x=100, angle=84.4deg, center_angle=84.4deg, lidar=1.60m, visual=1.95m, goal=(18.51,0.88), handle=(18.93,2.06,0.84), handle_obs=True, handle_method=yolo:primary:item, handle_conf=0.59
[state_machine_node-24] [INFO] [1790647088.805762373] [state_machine_node]: 문 접근 목표 보정: door_blue_0ef14c handle_axis=(18.93, 2.06) goal_axis=(18.93, 0.96) wall_axis=(18.93, 2.06) yaw=90deg
[state_machine_node-24] [WARN] [1790647088.983769121] [state_machine_node]: Nav result [nav_success] is close enough for door fine alignment: observed_blue_17p0_1p3, dist=0.33/1.10m, lateral=0.33/0.75m, forward=0.01m, yaw_error=110deg.
[door_detection_node-21] [INFO] [1790647089.278158114] [door_detection_node]: Side camera LiDAR range looks occluded; using visual range instead (source=front_right, lidar=1.10m, visual=2.07m)
[state_machine_node-24] [INFO] [1790647089.951389698] [state_machine_node]: 보조 비상구 관측 저장: door_green_8497b7 (20.6, 0.1)
[state_machine_node-24] [WARN] [1790647090.014641218] [state_machine_node]: Nav result [nav_success] is close enough for door fine alignment: observed_blue_17p0_1p3, dist=0.33/1.10m, lateral=0.33/0.75m, forward=0.01m, yaw_error=110deg.
[state_machine_node-24] [WARN] [1790647090.031549918] [state_machine_node]: Waiting for a fresh door-wall normal before alignment.
[door_detection_node-21] [INFO] [1790647090.864678423] [door_detection_node]: 문 후보 발행: id=door_blue_0ef14c, source=front_left, color=blue, dist=1.56m, conf=1.00, bbox=(30,0,170,240), rep_x=100, center_x=100, angle=84.4deg, center_angle=84.4deg, lidar=1.56m, visual=1.95m, goal=(18.48,0.85), handle=(18.91,2.03,0.84), handle_obs=True, handle_method=yolo:primary:item, handle_conf=0.59
[state_machine_node-24] [INFO] [1790647090.877215707] [state_machine_node]: 문 접근 목표 보정: door_blue_0ef14c handle_axis=(18.91, 2.03) goal_axis=(18.91, 0.93) wall_axis=(18.91, 2.03) yaw=90deg
[state_machine_node-24] [INFO] [1790647090.880925084] [state_machine_node]: Locked blue target refine skipped: door_blue_0ef14c total drift progress=1.38m, xy=1.52m > 1.05m from locked anchor
[state_machine_node-24] [WARN] [1790647091.060559241] [state_machine_node]: Nav result [nav_success] is close enough for door fine alignment: observed_blue_17p0_1p3, dist=0.33/1.10m, lateral=0.33/0.75m, forward=0.01m, yaw_error=110deg.
[door_detection_node-21] [INFO] [1790647091.332666720] [door_detection_node]: Side camera LiDAR range looks occluded; using visual range instead (source=front_right, lidar=1.15m, visual=2.07m)
[state_machine_node-24] [WARN] [1790647092.094302727] [state_machine_node]: Nav result [nav_success] is close enough for door fine alignment: observed_blue_17p0_1p3, dist=0.33/1.10m, lateral=0.33/0.75m, forward=0.01m, yaw_error=110deg.
[state_machine_node-24] [WARN] [1790647092.110492325] [state_machine_node]: Nav failure [door_not_aligned] → observed_blue_17p0_1p3. 재시도 4/2
[state_machine_node-24] [WARN] [1790647092.114112349] [state_machine_node]: Pre-exit blue candidate (17.6, 1.3) approach failure will use the stricter exit-tail abandon limit.
[state_machine_node-24] [WARN] [1790647092.117108932] [state_machine_node]: 파란 문 후보 (17.3, 1.3) 문 앞 접근 실패 1/3. projection 기반 좌표가 실제 문과 매칭되지 않아 현재 투영 좌표만 폐기합니다. 누적 문 관측 중심 (17.3, 1.3)으로 복원하고 근접 카메라/LiDAR 재관측 후 다시 접근합니다.
[state_machine_node-24] [WARN] [1790647092.118166106] [state_machine_node]: 접근 재스캔: observed_blue_17p0_1p3. 이번 Nav2 접근 묶음은 실패했지만 물리 문 후보는 아직 포기하지 않고, 새 관측으로 다시 시도합니다.
[state_machine_node-24] [INFO] [1790647092.118968086] [state_machine_node]: State: NAVIGATING → EXPLORING
[door_detection_node-21] [INFO] [1790647092.948907828] [door_detection_node]: 문 후보 발행: id=door_blue_0ef14c, source=front_left, color=blue, dist=1.58m, conf=1.00, bbox=(30,0,170,240), rep_x=100, center_x=100, angle=84.4deg, center_angle=84.4deg, lidar=1.56m, visual=1.95m, goal=(18.43,0.79), handle=(18.86,1.97,0.84), handle_obs=True, handle_method=yolo:primary:item, handle_conf=0.59
[state_machine_node-24] [INFO] [1790647093.101643806] [state_machine_node]: Observed blue cluster (17.3, 1.3) is waiting for fresh blue evidence before another approach retry.
[state_machine_node-24] [INFO] [1790647093.186501456] [state_machine_node]: 문 접근 목표 보정: door_blue_660cea handle_axis=(18.86, 1.97) goal_axis=(18.86, 0.87) wall_axis=(18.86, 1.97) yaw=90deg
[state_machine_node-24] [INFO] [1790647093.199500032] [state_machine_node]: 문 접근 목표 보정: observed_blue_17p3_1p3 handle_axis=(17.28, 1.34) goal_axis=(17.28, 0.24) wall_axis=(17.28, 1.34) yaw=90deg
[state_machine_node-24] [INFO] [1790647093.221447363] [state_machine_node]: 문 접근 목표 보정: observed_blue_18p5_1p9 handle_axis=(18.51, 1.88) goal_axis=(18.51, 0.78) wall_axis=(18.51, 1.88) yaw=90deg
[state_machine_node-24] [INFO] [1790647093.226356551] [state_machine_node]: 문 접근 목표 보정: door_blue_660cea handle_axis=(18.86, 1.97) goal_axis=(18.86, 0.87) wall_axis=(18.86, 1.97) yaw=90deg
[state_machine_node-24] [INFO] [1790647093.235085159] [state_machine_node]: 문 접근 목표 보정: door_blue_660cea handle_axis=(18.86, 1.97) goal_axis=(18.86, 0.87) wall_axis=(18.86, 1.97) yaw=90deg
[state_machine_node-24] [INFO] [1790647093.237057460] [state_machine_node]: 문 접근 목표 보정: door_blue_660cea handle_axis=(18.86, 1.97) goal_axis=(18.86, 0.87) wall_axis=(18.86, 1.97) yaw=90deg
[state_machine_node-24] [INFO] [1790647093.242851336] [state_machine_node]: LiDAR+camera segment map 사전 스캔 시작: door_blue_660cea
[door_detection_node-21] [INFO] [1790647093.378506920] [door_detection_node]: Side camera LiDAR range looks occluded; using visual range instead (source=front_right, lidar=1.14m, visual=2.07m)
[state_machine_node-24] [INFO] [1790647094.107219046] [state_machine_node]: 보조 비상구 관측 저장: door_green_8497b7 (20.6, 0.1)
[state_machine_node-24] [INFO] [1790647094.224671050] [state_machine_node]: 문 접근 목표 보정: door_blue_660cea handle_axis=(18.86, 1.97) goal_axis=(18.86, 0.87) wall_axis=(18.86, 1.97) yaw=90deg
[door_detection_node-21] [INFO] [1790647094.989132147] [door_detection_node]: 문 후보 발행: id=door_blue_0ef14c, source=front_left, color=blue, dist=1.56m, conf=1.00, bbox=(30,0,170,240), rep_x=100, center_x=100, angle=84.4deg, center_angle=84.4deg, lidar=1.56m, visual=1.95m, goal=(18.44,0.80), handle=(18.86,1.97,0.84), handle_obs=True, handle_method=yolo:primary:item, handle_conf=0.59
[state_machine_node-24] [INFO] [1790647095.275619147] [state_machine_node]: 문 접근 목표 보정: door_blue_660cea handle_axis=(18.86, 1.97) goal_axis=(18.86, 0.87) wall_axis=(18.86, 1.97) yaw=90deg
[door_detection_node-21] [INFO] [1790647095.461036249] [door_detection_node]: Side camera LiDAR range looks occluded; using visual range instead (source=front_right, lidar=1.16m, visual=2.07m)
[state_machine_node-24] [INFO] [1790647096.240097442] [state_machine_node]: Observed blue cluster (17.3, 1.3) is waiting for fresh blue evidence before another approach retry.
[state_machine_node-24] [INFO] [1790647096.320836301] [state_machine_node]: 문 접근 목표 보정: door_blue_660cea handle_axis=(18.86, 1.97) goal_axis=(18.86, 0.87) wall_axis=(18.86, 1.97) yaw=90deg
[state_machine_node-24] [INFO] [1790647096.330269991] [state_machine_node]: 사전 스캔 완료. Nav2가 segment map 기반 경로를 계획합니다: door_blue_660cea
[state_machine_node-24] [INFO] [1790647096.385632132] [state_machine_node]: Locked blue target after pre-scan: door_blue_660cea opened=3 retry=0/2
[state_machine_node-24] [INFO] [1790647096.386579021] [state_machine_node]: State: EXPLORING → NAVIGATING
[navigation_node-22] [INFO] [1790647096.390440851] [navigation_node]: Navigation goal received: door door_blue_660cea (color=blue, frame=map, x=18.86, y=0.87)
[navigation_node-22] [WARN] [1790647096.497027054] [navigation_node]: Adjusted unreachable/occupied navigation goal from (18.86, 0.87, cost=69) to connected free cell (18.73, 1.03, cost=0)
[bt_navigator-17] [INFO] [1790647096.582779893] [bt_navigator]: Begin navigating from current location (17.69, 0.53) to (18.73, 1.03)
[navigation_node-22] [INFO] [1790647096.587713741] [navigation_node]: Navigation goal accepted by Nav2
[controller_server-13] [INFO] [1790647096.785774703] [controller_server]: Received a goal, begin computing control effort.
[door_detection_node-21] [INFO] [1790647096.891914752] [door_detection_node]: 문 후보 발행: id=door_green_8497b7, source=front, color=green, dist=2.92m, conf=1.00, bbox=(58,34,162,194), rep_x=110, center_x=110, angle=12.1deg, center_angle=12.1deg, lidar=nonem, visual=2.92m, goal=(19.10,0.33), handle=(20.59,0.13,1.00), handle_obs=False, handle_method=estimated, handle_conf=0.00
[door_detection_node-21] [INFO] [1790647097.543774045] [door_detection_node]: Side camera LiDAR range looks occluded; using visual range instead (source=front_right, lidar=1.19m, visual=2.07m)
[controller_server-13] [INFO] [1790647098.161433876] [controller_server]: Passing new path to controller.
[door_detection_node-21] [INFO] [1790647098.521054489] [door_detection_node]: 문 후보 발행: id=door_blue_0ef14c, source=front_left, color=blue, dist=1.59m, conf=1.00, bbox=(30,0,170,240), rep_x=100, center_x=100, angle=84.4deg, center_angle=84.4deg, lidar=1.58m, visual=1.95m, goal=(18.43,0.79), handle=(18.86,1.96,0.84), handle_obs=True, handle_method=yolo:primary:item, handle_conf=0.59
[state_machine_node-24] [INFO] [1790647099.307604109] [state_machine_node]: 보조 비상구 관측 저장: door_green_8497b7 (20.7, 0.2)
[controller_server-13] [INFO] [1790647099.411365950] [controller_server]: Passing new path to controller.
[door_detection_node-21] [INFO] [1790647100.324843864] [door_detection_node]: 문 후보 발행: id=door_blue_4a310c, source=front_left, color=blue, dist=1.58m, conf=1.00, bbox=(96,0,233,240), rep_x=164, center_x=164, angle=69.0deg, center_angle=69.0deg, lidar=1.51m, visual=1.95m, goal=(18.78,0.73), handle=(18.78,1.98,0.84), handle_obs=True, handle_method=yolo:primary:item, handle_conf=0.68
[controller_server-13] [INFO] [1790647100.786398760] [controller_server]: Passing new path to controller.
[controller_server-13] [INFO] [1790647102.036557502] [controller_server]: Passing new path to controller.
[door_detection_node-21] [INFO] [1790647102.154877276] [door_detection_node]: 문 후보 발행: id=door_blue_ae6d73, source=front_left, color=blue, dist=1.55m, conf=1.00, bbox=(160,0,320,240), rep_x=240, center_x=240, angle=51.1deg, center_angle=51.1deg, lidar=1.48m, visual=1.95m, goal=(19.18,0.66), handle=(18.76,1.84,0.84), handle_obs=True, handle_method=yolo:primary:item, handle_conf=0.40
[door_detection_node-21] [INFO] [1790647102.589541522] [door_detection_node]: Side camera LiDAR range looks occluded; using visual range instead (source=front_right, lidar=1.22m, visual=2.44m)
[state_machine_node-24] [INFO] [1790647102.624116613] [state_machine_node]: 보조 비상구 관측 저장: door_green_c9dca5 (20.4, -0.1)
[controller_server-13] [INFO] [1790647103.286659956] [controller_server]: Passing new path to controller.
[door_detection_node-21] [INFO] [1790647103.845859230] [door_detection_node]: 문 후보 발행: id=door_blue_ae6d73, source=front_left, color=blue, dist=1.41m, conf=1.00, bbox=(185,0,320,240), rep_x=252, center_x=252, angle=48.5deg, center_angle=48.5deg, lidar=1.29m, visual=1.95m, goal=(19.06,0.86), handle=(18.41,1.92,1.00), handle_obs=False, handle_method=estimated, handle_conf=0.00
[controller_server-13] [INFO] [1790647104.661370480] [controller_server]: Passing new path to controller.
[door_detection_node-21] [INFO] [1790647105.068793720] [door_detection_node]: YOLO 후보 제외: source=front_left, edge-clipped bbox=(202,0,320,240)
[controller_server-13] [INFO] [1790647105.911406962] [controller_server]: Passing new path to controller.
[door_detection_node-21] [INFO] [1790647105.982173774] [door_detection_node]: 문 후보 발행: id=door_blue_911927, source=front, color=blue, dist=1.30m, conf=0.79, bbox=(0,133,63,240), rep_x=31, center_x=31, angle=28.9deg, center_angle=28.9deg, lidar=1.24m, visual=4.37m, goal=(19.57,0.99), handle=(18.71,1.89,1.00), handle_obs=False, handle_method=estimated, handle_conf=0.00
[door_detection_node-21] [INFO] [1790647106.878267616] [door_detection_node]: Side camera LiDAR range looks occluded; using visual range instead (source=front_right, lidar=0.92m, visual=2.27m)
[state_machine_node-24] [INFO] [1790647106.891993417] [state_machine_node]: 보조 비상구 관측 저장: door_green_db4b83 (20.6, 0.2)
[controller_server-13] [INFO] [1790647107.286420237] [controller_server]: Passing new path to controller.
[door_detection_node-21] [INFO] [1790647107.564461193] [door_detection_node]: 문 후보 발행: id=door_blue_911927, source=front, color=blue, dist=1.20m, conf=1.00, bbox=(0,0,103,240), rep_x=51, center_x=51, angle=25.0deg, center_angle=25.0deg, lidar=1.20m, visual=1.95m, goal=(19.78,1.15), handle=(18.77,1.90,0.84), handle_obs=True, handle_method=yolo:primary:item, handle_conf=0.54
[door_detection_node-21] [INFO] [1790647108.271523679] [door_detection_node]: YOLO 후보 제외: source=front_left, edge-clipped bbox=(243,0,319,240)
[controller_server-13] [INFO] [1790647108.411450924] [controller_server]: Passing new path to controller.
[door_detection_node-21] [INFO] [1790647109.448691463] [door_detection_node]: Side camera LiDAR range looks occluded; using visual range instead (source=front_right, lidar=0.92m, visual=2.35m)
[door_detection_node-21] [INFO] [1790647109.481164589] [door_detection_node]: 문 후보 발행: id=door_green_56939c, source=front_right, color=green, dist=2.35m, conf=1.00, bbox=(121,13,244,212), rep_x=182, center_x=182, angle=-75.4deg, center_angle=-75.4deg, lidar=0.92m, visual=2.35m, goal=(19.26,0.59), handle=(20.72,0.22,1.00), handle_obs=False, handle_method=estimated, handle_conf=0.00
[controller_server-13] [INFO] [1790647109.786384462] [controller_server]: Passing new path to controller.
[controller_server-13] [INFO] [1790647111.036405288] [controller_server]: Passing new path to controller.
[door_detection_node-21] [INFO] [1790647111.203773280] [door_detection_node]: 문 후보 발행: id=door_green_56939c, source=front_right, color=green, dist=2.35m, conf=1.00, bbox=(133,13,257,212), rep_x=195, center_x=195, angle=-78.5deg, center_angle=-78.5deg, lidar=1.04m, visual=2.35m, goal=(19.29,0.57), handle=(20.71,0.09,1.00), handle_obs=False, handle_method=estimated, handle_conf=0.00
[state_machine_node-24] [INFO] [1790647111.206839045] [state_machine_node]: 보조 비상구 관측 저장: door_green_56939c (20.7, 0.1)
[controller_server-13] [INFO] [1790647112.286374912] [controller_server]: Passing new path to controller.
[door_detection_node-21] [INFO] [1790647112.954682213] [door_detection_node]: Side camera LiDAR range looks occluded; using visual range instead (source=front_right, lidar=0.95m, visual=2.42m)
[door_detection_node-21] [INFO] [1790647112.987491435] [door_detection_node]: 문 후보 발행: id=door_green_56939c, source=front_right, color=green, dist=2.42m, conf=0.22, bbox=(157,15,271,208), rep_x=214, center_x=214, angle=-83.0deg, center_angle=-83.0deg, lidar=0.99m, visual=2.42m, goal=(19.36,0.56), handle=(20.76,0.04,1.00), handle_obs=False, handle_method=estimated, handle_conf=0.00
[controller_server-13] [INFO] [1790647113.661438485] [controller_server]: Passing new path to controller.
[door_detection_node-21] [INFO] [1790647114.685750174] [door_detection_node]: 문 후보 발행: id=door_green_56939c, source=front_right, color=green, dist=2.33m, conf=1.00, bbox=(148,12,275,213), rep_x=211, center_x=211, angle=-82.3deg, center_angle=-82.3deg, lidar=1.07m, visual=2.33m, goal=(19.29,0.61), handle=(20.69,0.09,1.00), handle_obs=False, handle_method=estimated, handle_conf=0.00
[state_machine_node-24] [INFO] [1790647114.689118652] [state_machine_node]: 보조 비상구 관측 저장: door_green_56939c (20.7, 0.1)
[controller_server-13] [INFO] [1790647114.911497608] [controller_server]: Passing new path to controller.
[controller_server-13] [INFO] [1790647116.161378500] [controller_server]: Passing new path to controller.
[door_detection_node-21] [INFO] [1790647116.408524030] [door_detection_node]: Side camera LiDAR range looks occluded; using visual range instead (source=front_right, lidar=1.04m, visual=2.28m)
[door_detection_node-21] [INFO] [1790647116.422033753] [door_detection_node]: 문 후보 발행: id=door_green_56939c, source=front_right, color=green, dist=2.28m, conf=1.00, bbox=(122,10,245,215), rep_x=183, center_x=183, angle=-75.6deg, center_angle=-75.6deg, lidar=1.04m, visual=2.28m, goal=(19.24,0.65), handle=(20.63,0.07,1.00), handle_obs=False, handle_method=estimated, handle_conf=0.00
[controller_server-13] [INFO] [1790647117.411419519] [controller_server]: Passing new path to controller.
[door_detection_node-21] [INFO] [1790647118.292124041] [door_detection_node]: 문 후보 발행: id=door_blue_ae6d73, source=front_left, color=blue, dist=0.91m, conf=0.34, bbox=(165,0,318,240), rep_x=241, center_x=241, angle=50.9deg, center_angle=50.9deg, lidar=0.95m, visual=1.95m, goal=(19.32,1.05), handle=(18.37,1.86,1.00), handle_obs=False, handle_method=estimated, handle_conf=0.00
[controller_server-13] [INFO] [1790647118.786362060] [controller_server]: Passing new path to controller.
[door_detection_node-21] [INFO] [1790647119.614306937] [door_detection_node]: HSV candidate rejected: color=blue, edge-clipped bbox=(133,0,320,240), width_ratio=0.58
[controller_server-13] [INFO] [1790647120.036628826] [controller_server]: Passing new path to controller.
[navigation_node-22] [WARN] [1790647120.386553272] [navigation_node]: Robot is 0.18m from blue goal (threshold=0.18m). Treating navigation as succeeded.
[state_machine_node-24] [INFO] [1790647120.389738402] [state_machine_node]: Navigation succeeded.
[bt_navigator-17] [ERROR] [1790647120.504577894] [bt_navigator_navigate_to_pose_rclcpp_node]: Failed to get result for follow_path in node halt!
[bt_navigator-17] [INFO] [1790647120.505003744] [bt_navigator]: [navigate_to_pose] [ActionServer] Client requested to cancel the goal. Cancelling.
[bt_navigator-17] [INFO] [1790647120.505769521] [bt_navigator]: Goal canceled
[controller_server-13] [INFO] [1790647120.536425013] [controller_server]: Goal was canceled. Stopping the robot.
[controller_server-13] [INFO] [1790647120.536606082] [controller_server]: [follow_path] [ActionServer] Client requested to cancel the goal. Cancelling.
[door_detection_node-21] [INFO] [1790647120.754338062] [door_detection_node]: 문 후보 발행: id=door_blue_911927, source=front, color=blue, dist=0.91m, conf=0.82, bbox=(0,139,65,240), rep_x=32, center_x=32, angle=28.7deg, center_angle=28.7deg, lidar=0.95m, visual=4.63m, goal=(19.69,0.93), handle=(18.83,1.84,1.00), handle_obs=False, handle_method=estimated, handle_conf=0.00
[state_machine_node-24] [WARN] [1790647121.135344216] [state_machine_node]: Nav result [nav_success] is close enough for door fine alignment: door_blue_660cea, dist=0.33/1.10m, lateral=0.29/0.75m, forward=0.14m, yaw_error=45deg.
[state_machine_node-24] [INFO] [1790647121.192516172] [state_machine_node]: Fine door approach started: door_blue_660cea, dist=0.33m, lateral=-0.29m, forward=0.14m, yaw_error=45deg
[state_machine_node-24] [INFO] [1790647121.193836507] [state_machine_node]: Fine door parking translation: door_blue_660cea, dist=0.33m/0.17m, heading_error=64deg, cmd=(0.00, -0.25)
[door_detection_node-21] [INFO] [1790647121.934603169] [door_detection_node]: HSV candidate rejected: color=blue, edge-clipped bbox=(129,0,320,240), width_ratio=0.60
[state_machine_node-24] [INFO] [1790647122.174010705] [state_machine_node]: Fine door parking translation: door_blue_660cea, dist=0.31m/0.17m, heading_error=61deg, cmd=(0.00, -0.25)
[state_machine_node-24] [INFO] [1790647123.221852257] [state_machine_node]: Fine door parking translation: door_blue_660cea, dist=0.33m/0.17m, heading_error=57deg, cmd=(0.00, -0.25)
[state_machine_node-24] [INFO] [1790647124.271150042] [state_machine_node]: Fine door parking translation: door_blue_660cea, dist=0.33m/0.17m, heading_error=56deg, cmd=(0.00, -0.25)
[state_machine_node-24] [INFO] [1790647125.320912825] [state_machine_node]: Fine door parking translation: door_blue_660cea, dist=0.33m/0.17m, heading_error=45deg, cmd=(0.00, -0.25)
[door_detection_node-21] [INFO] [1790647125.377469248] [door_detection_node]: HSV candidate rejected: color=blue, edge-clipped bbox=(44,0,320,240), width_ratio=0.86
[state_machine_node-24] [INFO] [1790647126.352473857] [state_machine_node]: Fine door parking translation: door_blue_660cea, dist=0.33m/0.17m, heading_error=44deg, cmd=(0.00, -0.25)
[door_detection_node-21] [INFO] [1790647126.414950746] [door_detection_node]: 문 후보 발행: id=door_green_a7c5d1, source=front_right, color=green, dist=1.06m, conf=1.00, bbox=(0,0,115,203), rep_x=57, center_x=57, angle=-46.2deg, center_angle=-46.2deg, lidar=1.06m, visual=2.31m, goal=(18.83,0.88), handle=(19.53,0.59,1.00), handle_obs=False, handle_method=estimated, handle_conf=0.00
[state_machine_node-24] [INFO] [1790647126.799581967] [state_machine_node]: 보조 비상구 관측 저장: door_green_b2b448 (21.2, 0.5)
[state_machine_node-24] [INFO] [1790647127.394904607] [state_machine_node]: Fine door parking translation: door_blue_660cea, dist=0.32m/0.17m, heading_error=37deg, cmd=(0.00, -0.25)
[door_detection_node-21] [INFO] [1790647127.444233149] [door_detection_node]: HSV candidate rejected: color=blue, edge-clipped bbox=(0,0,289,240), width_ratio=0.90
[state_machine_node-24] [INFO] [1790647128.418294413] [state_machine_node]: Fine door parking translation: door_blue_660cea, dist=0.31m/0.17m, heading_error=35deg, cmd=(0.00, -0.25)
[door_detection_node-21] [INFO] [1790647128.458661691] [door_detection_node]: 문 후보 발행: id=door_green_a7c5d1, source=front_right, color=green, dist=0.87m, conf=1.00, bbox=(0,0,66,208), rep_x=33, center_x=33, angle=-41.5deg, center_angle=-41.5deg, lidar=0.87m, visual=2.25m, goal=(18.84,0.85), handle=(19.34,0.59,1.00), handle_obs=False, handle_method=estimated, handle_conf=0.00
[state_machine_node-24] [INFO] [1790647129.456546395] [state_machine_node]: Fine door parking translation: door_blue_660cea, dist=0.34m/0.17m, heading_error=31deg, cmd=(0.00, -0.25)
[door_detection_node-21] [INFO] [1790647129.473304938] [door_detection_node]: HSV candidate rejected: color=blue, edge-clipped bbox=(0,0,220,240), width_ratio=0.69
[state_machine_node-24] [INFO] [1790647130.457704252] [state_machine_node]: Fine door parking translation: door_blue_660cea, dist=0.33m/0.17m, heading_error=26deg, cmd=(0.07, -0.14)
[door_detection_node-21] [INFO] [1790647130.908820390] [door_detection_node]: YOLO 후보 제외: source=front, edge-clipped bbox=(193,10,320,213)
[state_machine_node-24] [INFO] [1790647131.449230322] [state_machine_node]: Fine door parking translation: door_blue_660cea, dist=0.32m/0.17m, heading_error=31deg, cmd=(0.00, -0.25)
[door_detection_node-21] [INFO] [1790647131.987395538] [door_detection_node]: 문 후보 발행: id=door_blue_0d9a80, source=front_left, color=blue, dist=0.91m, conf=1.00, bbox=(0,0,156,240), rep_x=78, center_x=78, angle=89.3deg, center_angle=89.3deg, lidar=0.89m, visual=1.95m, goal=(18.58,0.68), handle=(18.61,1.93,1.00), handle_obs=False, handle_method=estimated, handle_conf=0.00
[state_machine_node-24] [INFO] [1790647132.448986780] [state_machine_node]: Fine door parking translation: door_blue_660cea, dist=0.32m/0.17m, heading_error=25deg, cmd=(0.07, -0.14)
[state_machine_node-24] [INFO] [1790647132.888608715] [state_machine_node]: 보조 비상구 관측 저장: door_green_73c139 (20.7, 0.2)
[state_machine_node-24] [INFO] [1790647133.461423449] [state_machine_node]: Fine door parking translation: door_blue_660cea, dist=0.30m/0.17m, heading_error=24deg, cmd=(0.07, -0.14)
[door_detection_node-21] [INFO] [1790647133.950460330] [door_detection_node]: 문 후보 발행: id=door_blue_0d9a80, source=front_left, color=blue, dist=0.84m, conf=1.00, bbox=(0,143,92,240), rep_x=46, center_x=46, angle=96.0deg, center_angle=96.0deg, lidar=0.95m, visual=4.82m, goal=(18.44,0.65), handle=(18.68,1.88,1.00), handle_obs=False, handle_method=estimated, handle_conf=0.00
[state_machine_node-24] [INFO] [1790647134.476433697] [state_machine_node]: Fine door parking translation: door_blue_660cea, dist=0.27m/0.17m, heading_error=28deg, cmd=(0.07, -0.14)
[cmd_vel_safety_node-6] [WARN] [1790647134.478902493] [cmd_vel_safety_node]: LiDAR collision stop: front=0.45m
[state_machine_node-24] [INFO] [1790647135.494586392] [state_machine_node]: Fine door parking translation: door_blue_660cea, dist=0.26m/0.17m, heading_error=24deg, cmd=(0.07, -0.14)
[door_detection_node-21] [INFO] [1790647136.239195148] [door_detection_node]: 문 후보 발행: id=door_green_73c139, source=front, color=green, dist=2.21m, conf=1.00, bbox=(107,6,231,218), rep_x=169, center_x=169, angle=-2.2deg, center_angle=-2.2deg, lidar=0.91m, visual=2.21m, goal=(19.32,0.78), handle=(20.71,0.22,1.00), handle_obs=False, handle_method=estimated, handle_conf=0.00
[state_machine_node-24] [INFO] [1790647136.242293181] [state_machine_node]: 보조 비상구 관측 저장: door_green_73c139 (20.7, 0.2)
[state_machine_node-24] [INFO] [1790647136.510126205] [state_machine_node]: Fine door parking translation: door_blue_660cea, dist=0.26m/0.17m, heading_error=24deg, cmd=(0.07, -0.14)
[state_machine_node-24] [INFO] [1790647137.504213318] [state_machine_node]: Fine door parking translation: door_blue_660cea, dist=0.28m/0.17m, heading_error=17deg, cmd=(0.07, -0.14)
[cmd_vel_safety_node-6] [WARN] [1790647137.505201746] [cmd_vel_safety_node]: LiDAR collision stop: front=0.43m
[door_detection_node-21] [INFO] [1790647137.908409883] [door_detection_node]: 문 후보 발행: id=door_green_641774, source=front, color=green, dist=0.94m, conf=1.00, bbox=(84,0,209,220), rep_x=146, center_x=146, angle=3.4deg, center_angle=3.4deg, lidar=0.89m, visual=2.13m, goal=(18.93,0.94), handle=(19.53,0.71,1.00), handle_obs=False, handle_method=estimated, handle_conf=0.00
[state_machine_node-24] [INFO] [1790647138.490775008] [state_machine_node]: Fine door parking translation: door_blue_660cea, dist=0.26m/0.17m, heading_error=19deg, cmd=(0.07, -0.14)
[state_machine_node-24] [INFO] [1790647139.472406140] [state_machine_node]: Fine door parking translation: door_blue_660cea, dist=0.27m/0.17m, heading_error=14deg, cmd=(0.07, -0.14)
[cmd_vel_safety_node-6] [WARN] [1790647139.474905085] [cmd_vel_safety_node]: LiDAR collision stop: front=0.46m
[door_detection_node-21] [INFO] [1790647139.524996613] [door_detection_node]: 문 후보 발행: id=door_green_641774, source=front, color=green, dist=0.90m, conf=1.00, bbox=(62,0,189,223), rep_x=125, center_x=125, angle=8.5deg, center_angle=8.5deg, lidar=0.90m, visual=2.10m, goal=(18.95,0.95), handle=(19.51,0.74,1.00), handle_obs=False, handle_method=estimated, handle_conf=0.00
[door_detection_node-21] [INFO] [1790647140.149509886] [door_detection_node]: YOLO 후보 제외: source=front_right, edge-clipped bbox=(282,36,319,198)
[state_machine_node-24] [INFO] [1790647140.490433578] [state_machine_node]: Fine door parking translation: door_blue_660cea, dist=0.27m/0.17m, heading_error=15deg, cmd=(0.07, -0.14)
[state_machine_node-24] [INFO] [1790647141.534082757] [state_machine_node]: Fine door parking translation: door_blue_660cea, dist=0.28m/0.17m, heading_error=10deg, cmd=(0.07, -0.13)
[door_detection_node-21] [INFO] [1790647141.588773697] [door_detection_node]: 문 후보 발행: id=door_green_641774, source=front, color=green, dist=0.91m, conf=1.00, bbox=(34,0,166,228), rep_x=100, center_x=100, angle=14.4deg, center_angle=14.4deg, lidar=0.91m, visual=2.05m, goal=(18.95,0.96), handle=(19.52,0.75,1.00), handle_obs=False, handle_method=estimated, handle_conf=0.00
[state_machine_node-24] [INFO] [1790647142.568009714] [state_machine_node]: Fine door parking translation: door_blue_660cea, dist=0.23m/0.17m, heading_error=11deg, cmd=(0.07, -0.14)
[cmd_vel_safety_node-6] [WARN] [1790647142.569051694] [cmd_vel_safety_node]: LiDAR collision stop: front=0.41m
[state_machine_node-24] [INFO] [1790647143.576446775] [state_machine_node]: Fine door parking translation: door_blue_660cea, dist=0.23m/0.17m, heading_error=11deg, cmd=(0.07, -0.14)
[door_detection_node-21] [INFO] [1790647143.594813574] [door_detection_node]: 문 후보 발행: id=door_green_b7e767, source=front, color=green, dist=0.80m, conf=1.00, bbox=(4,0,145,235), rep_x=74, center_x=74, angle=20.2deg, center_angle=20.2deg, lidar=0.80m, visual=1.99m, goal=(19.00,0.95), handle=(19.47,0.79,1.00), handle_obs=False, handle_method=estimated, handle_conf=0.00
[state_machine_node-24] [INFO] [1790647144.585985139] [state_machine_node]: Fine door parking translation: door_blue_660cea, dist=0.24m/0.17m, heading_error=3deg, cmd=(0.07, -0.04)
[cmd_vel_safety_node-6] [WARN] [1790647144.586660383] [cmd_vel_safety_node]: LiDAR collision stop: front=0.45m
[state_machine_node-24] [INFO] [1790647145.584826949] [state_machine_node]: Fine door parking translation: door_blue_660cea, dist=0.23m/0.17m, heading_error=4deg, cmd=(0.07, -0.05)
[door_detection_node-21] [INFO] [1790647145.636094882] [door_detection_node]: 문 후보 발행: id=door_green_b7e767, source=front, color=green, dist=0.79m, conf=1.00, bbox=(0,0,128,202), rep_x=64, center_x=64, angle=22.3deg, center_angle=22.3deg, lidar=0.79m, visual=2.32m, goal=(18.98,0.93), handle=(19.44,0.77,1.00), handle_obs=False, handle_method=estimated, handle_conf=0.00
[state_machine_node-24] [INFO] [1790647146.552001147] [state_machine_node]: Fine door parking translation: door_blue_660cea, dist=0.23m/0.17m, heading_error=2deg, cmd=(0.07, -0.03)
[state_machine_node-24] [INFO] [1790647147.517219151] [state_machine_node]: Fine door parking translation: door_blue_660cea, dist=0.23m/0.17m, heading_error=5deg, cmd=(0.07, -0.06)
[cmd_vel_safety_node-6] [WARN] [1790647147.518857618] [cmd_vel_safety_node]: LiDAR collision stop: front=0.39m
[door_detection_node-21] [INFO] [1790647147.563469016] [door_detection_node]: 문 후보 발행: id=door_green_b7e767, source=front, color=green, dist=0.77m, conf=1.00, bbox=(0,0,122,203), rep_x=61, center_x=61, angle=22.9deg, center_angle=22.9deg, lidar=0.77m, visual=2.31m, goal=(18.99,0.94), handle=(19.42,0.77,1.00), handle_obs=False, handle_method=estimated, handle_conf=0.00
[state_machine_node-24] [INFO] [1790647148.487195744] [state_machine_node]: Fine door parking translation: door_blue_660cea, dist=0.23m/0.17m, heading_error=3deg, cmd=(0.07, -0.04)
[door_detection_node-21] [INFO] [1790647149.479992215] [door_detection_node]: 문 후보 발행: id=door_green_b7e767, source=front, color=green, dist=0.73m, conf=1.00, bbox=(0,0,114,203), rep_x=57, center_x=57, angle=23.8deg, center_angle=23.8deg, lidar=0.73m, visual=2.31m, goal=(18.98,0.92), handle=(19.38,0.76,1.00), handle_obs=False, handle_method=estimated, handle_conf=0.00
[state_machine_node-24] [INFO] [1790647149.480911980] [state_machine_node]: Fine door parking translation: door_blue_660cea, dist=0.23m/0.17m, heading_error=0deg, cmd=(0.07, -0.00)
[cmd_vel_safety_node-6] [WARN] [1790647149.482981474] [cmd_vel_safety_node]: LiDAR collision stop: front=0.42m
[state_machine_node-24] [INFO] [1790647150.458520510] [state_machine_node]: Fine door parking translation: door_blue_660cea, dist=0.22m/0.17m, heading_error=2deg, cmd=(0.07, -0.03)
[state_machine_node-24] [INFO] [1790647151.440549578] [state_machine_node]: Fine door parking translation: door_blue_660cea, dist=0.22m/0.17m, heading_error=1deg, cmd=(0.07, -0.02)
[door_detection_node-21] [INFO] [1790647151.455395660] [door_detection_node]: 문 후보 발행: id=door_green_b7e767, source=front, color=green, dist=0.71m, conf=1.00, bbox=(0,0,111,204), rep_x=55, center_x=55, angle=24.2deg, center_angle=24.2deg, lidar=0.69m, visual=2.29m, goal=(18.99,0.92), handle=(19.37,0.76,1.00), handle_obs=False, handle_method=estimated, handle_conf=0.00
[state_machine_node-24] [INFO] [1790647152.420927350] [state_machine_node]: Fine door parking translation: door_blue_660cea, dist=0.22m/0.17m, heading_error=1deg, cmd=(0.07, -0.01)
[cmd_vel_safety_node-6] [WARN] [1790647152.426771617] [cmd_vel_safety_node]: LiDAR collision stop: front=0.41m
[state_machine_node-24] [INFO] [1790647153.379250481] [state_machine_node]: Fine door parking translation: door_blue_660cea, dist=0.22m/0.17m, heading_error=0deg, cmd=(0.07, -0.01)
[state_machine_node-24] [INFO] [1790647154.365045833] [state_machine_node]: Fine door parking translation: door_blue_660cea, dist=0.22m/0.17m, heading_error=0deg, cmd=(0.07, -0.00)
[cmd_vel_safety_node-6] [WARN] [1790647154.366517902] [cmd_vel_safety_node]: LiDAR collision stop: front=0.41m
[door_detection_node-21] [INFO] [1790647154.664704437] [door_detection_node]: 문 후보 발행: id=door_green_b7e767, source=front, color=green, dist=0.75m, conf=1.00, bbox=(0,0,108,204), rep_x=54, center_x=54, angle=24.4deg, center_angle=24.4deg, lidar=0.75m, visual=2.29m, goal=(18.99,0.91), handle=(19.40,0.74,1.00), handle_obs=False, handle_method=estimated, handle_conf=0.00
[state_machine_node-24] [INFO] [1790647155.337133669] [state_machine_node]: Fine door parking translation: door_blue_660cea, dist=0.22m/0.17m, heading_error=0deg, cmd=(0.07, -0.00)
[state_machine_node-24] [INFO] [1790647156.309182585] [state_machine_node]: Fine door parking translation: door_blue_660cea, dist=0.22m/0.17m, heading_error=0deg, cmd=(0.07, -0.00)
[cmd_vel_safety_node-6] [WARN] [1790647156.310633589] [cmd_vel_safety_node]: LiDAR collision stop: front=0.42m
[door_detection_node-21] [INFO] [1790647156.611477220] [door_detection_node]: 문 후보 발행: id=door_green_b7e767, source=front, color=green, dist=0.72m, conf=1.00, bbox=(0,0,107,204), rep_x=53, center_x=53, angle=24.6deg, center_angle=24.6deg, lidar=0.72m, visual=2.29m, goal=(18.99,0.91), handle=(19.37,0.75,1.00), handle_obs=False, handle_method=estimated, handle_conf=0.00
[state_machine_node-24] [INFO] [1790647157.262651294] [state_machine_node]: Fine door parking translation: door_blue_660cea, dist=0.22m/0.17m, heading_error=0deg, cmd=(0.07, -0.00)
[state_machine_node-24] [INFO] [1790647158.179432644] [state_machine_node]: Fine door parking translation: door_blue_660cea, dist=0.22m/0.17m, heading_error=0deg, cmd=(0.07, -0.00)
[cmd_vel_safety_node-6] [WARN] [1790647158.181232830] [cmd_vel_safety_node]: LiDAR collision stop: front=0.45m
[door_detection_node-21] [INFO] [1790647159.282766824] [door_detection_node]: 문 후보 발행: id=door_green_b7e767, source=front, color=green, dist=0.68m, conf=1.00, bbox=(0,0,107,204), rep_x=53, center_x=53, angle=24.6deg, center_angle=24.6deg, lidar=0.68m, visual=2.29m, goal=(18.99,0.91), handle=(19.34,0.76,1.00), handle_obs=False, handle_method=estimated, handle_conf=0.00
[state_machine_node-24] [INFO] [1790647159.288058899] [state_machine_node]: Fine door parking translation: door_blue_660cea, dist=0.22m/0.17m, heading_error=0deg, cmd=(0.07, -0.00)
[state_machine_node-24] [INFO] [1790647160.397075466] [state_machine_node]: Fine door parking translation: door_blue_660cea, dist=0.22m/0.17m, heading_error=0deg, cmd=(0.07, -0.00)
[door_detection_node-21] [INFO] [1790647161.336399078] [door_detection_node]: 문 후보 발행: id=door_green_b7e767, source=front, color=green, dist=0.67m, conf=1.00, bbox=(0,0,107,204), rep_x=53, center_x=53, angle=24.6deg, center_angle=24.6deg, lidar=0.67m, visual=2.29m, goal=(18.99,0.91), handle=(19.33,0.77,1.00), handle_obs=False, handle_method=estimated, handle_conf=0.00
[state_machine_node-24] [INFO] [1790647161.373185781] [state_machine_node]: Fine door parking translation: door_blue_660cea, dist=0.22m/0.17m, heading_error=0deg, cmd=(0.07, -0.00)
[cmd_vel_safety_node-6] [WARN] [1790647161.374887183] [cmd_vel_safety_node]: LiDAR collision stop: front=0.37m
[state_machine_node-24] [INFO] [1790647162.330526171] [state_machine_node]: Fine door parking translation: door_blue_660cea, dist=0.22m/0.17m, heading_error=0deg, cmd=(0.07, -0.00)
[door_detection_node-21] [INFO] [1790647163.265250740] [door_detection_node]: 문 후보 발행: id=door_green_b7e767, source=front, color=green, dist=0.62m, conf=1.00, bbox=(0,0,107,204), rep_x=53, center_x=53, angle=24.6deg, center_angle=24.6deg, lidar=0.62m, visual=2.29m, goal=(18.99,0.91), handle=(19.29,0.79,1.00), handle_obs=False, handle_method=estimated, handle_conf=0.00
[state_machine_node-24] [INFO] [1790647163.278071894] [state_machine_node]: Fine door parking translation: door_blue_660cea, dist=0.22m/0.17m, heading_error=0deg, cmd=(0.07, -0.00)
[state_machine_node-24] [INFO] [1790647164.246168712] [state_machine_node]: Fine door parking translation: door_blue_660cea, dist=0.22m/0.17m, heading_error=0deg, cmd=(0.07, -0.00)
[cmd_vel_safety_node-6] [WARN] [1790647164.247838987] [cmd_vel_safety_node]: LiDAR collision stop: front=0.38m
[state_machine_node-24] [INFO] [1790647165.193558343] [state_machine_node]: Fine door parking translation: door_blue_660cea, dist=0.22m/0.17m, heading_error=0deg, cmd=(0.07, -0.00)
[state_machine_node-24] [INFO] [1790647166.163474845] [state_machine_node]: Fine door parking translation: door_blue_660cea, dist=0.22m/0.17m, heading_error=0deg, cmd=(0.07, -0.00)
[door_detection_node-21] [INFO] [1790647166.762414173] [door_detection_node]: 문 후보 발행: id=door_green_b7e767, source=front, color=green, dist=0.69m, conf=1.00, bbox=(0,0,107,204), rep_x=53, center_x=53, angle=24.6deg, center_angle=24.6deg, lidar=0.69m, visual=2.29m, goal=(18.99,0.91), handle=(19.35,0.76,1.00), handle_obs=False, handle_method=estimated, handle_conf=0.00
[state_machine_node-24] [INFO] [1790647167.127348681] [state_machine_node]: Fine door parking translation: door_blue_660cea, dist=0.22m/0.17m, heading_error=0deg, cmd=(0.07, -0.00)
[cmd_vel_safety_node-6] [WARN] [1790647167.128600590] [cmd_vel_safety_node]: LiDAR collision stop: front=0.37m
[state_machine_node-24] [INFO] [1790647168.082573599] [state_machine_node]: Fine door parking translation: door_blue_660cea, dist=0.22m/0.17m, heading_error=0deg, cmd=(0.07, -0.00)
[door_detection_node-21] [INFO] [1790647168.717478155] [door_detection_node]: 문 후보 발행: id=door_green_b7e767, source=front, color=green, dist=0.67m, conf=1.00, bbox=(0,0,107,204), rep_x=53, center_x=53, angle=24.6deg, center_angle=24.6deg, lidar=0.67m, visual=2.29m, goal=(18.99,0.91), handle=(19.33,0.77,1.00), handle_obs=False, handle_method=estimated, handle_conf=0.00
[state_machine_node-24] [INFO] [1790647169.060294038] [state_machine_node]: Fine door parking translation: door_blue_660cea, dist=0.22m/0.17m, heading_error=0deg, cmd=(0.07, -0.00)
[cmd_vel_safety_node-6] [WARN] [1790647169.063149687] [cmd_vel_safety_node]: LiDAR collision stop: front=0.40m
[state_machine_node-24] [INFO] [1790647169.999450860] [state_machine_node]: Fine door parking translation: door_blue_660cea, dist=0.22m/0.17m, heading_error=0deg, cmd=(0.07, -0.00)
[door_detection_node-21] [INFO] [1790647170.597119322] [door_detection_node]: 문 후보 발행: id=door_green_b7e767, source=front, color=green, dist=0.67m, conf=1.00, bbox=(0,0,107,204), rep_x=53, center_x=53, angle=24.6deg, center_angle=24.6deg, lidar=0.67m, visual=2.29m, goal=(18.99,0.91), handle=(19.33,0.77,1.00), handle_obs=False, handle_method=estimated, handle_conf=0.00
[state_machine_node-24] [INFO] [1790647170.930866027] [state_machine_node]: Fine door parking translation: door_blue_660cea, dist=0.22m/0.17m, heading_error=0deg, cmd=(0.07, -0.00)
[state_machine_node-24] [INFO] [1790647171.828598447] [state_machine_node]: Fine door parking translation: door_blue_660cea, dist=0.22m/0.17m, heading_error=0deg, cmd=(0.07, -0.00)
[cmd_vel_safety_node-6] [WARN] [1790647171.830343226] [cmd_vel_safety_node]: LiDAR collision stop: front=0.42m
[door_detection_node-21] [INFO] [1790647172.403088548] [door_detection_node]: 문 후보 발행: id=door_green_b7e767, source=front, color=green, dist=0.69m, conf=1.00, bbox=(0,0,107,204), rep_x=53, center_x=53, angle=24.6deg, center_angle=24.6deg, lidar=0.68m, visual=2.29m, goal=(18.99,0.91), handle=(19.35,0.77,1.00), handle_obs=False, handle_method=estimated, handle_conf=0.00
[state_machine_node-24] [INFO] [1790647172.744477750] [state_machine_node]: Fine door parking translation: door_blue_660cea, dist=0.22m/0.17m, heading_error=0deg, cmd=(0.07, -0.00)
[state_machine_node-24] [INFO] [1790647173.629441612] [state_machine_node]: Fine door parking translation: door_blue_660cea, dist=0.22m/0.17m, heading_error=0deg, cmd=(0.07, -0.00)
[door_detection_node-21] [INFO] [1790647174.211380085] [door_detection_node]: 문 후보 발행: id=door_green_b7e767, source=front, color=green, dist=0.69m, conf=1.00, bbox=(0,0,107,204), rep_x=53, center_x=53, angle=24.6deg, center_angle=24.6deg, lidar=0.69m, visual=2.29m, goal=(18.99,0.91), handle=(19.35,0.76,1.00), handle_obs=False, handle_method=estimated, handle_conf=0.00
[state_machine_node-24] [INFO] [1790647174.529299934] [state_machine_node]: Fine door parking translation: door_blue_660cea, dist=0.22m/0.17m, heading_error=0deg, cmd=(0.07, -0.00)
[cmd_vel_safety_node-6] [WARN] [1790647174.531920641] [cmd_vel_safety_node]: LiDAR collision stop: front=0.41m
[state_machine_node-24] [INFO] [1790647175.449788484] [state_machine_node]: Fine door parking translation: door_blue_660cea, dist=0.22m/0.17m, heading_error=0deg, cmd=(0.07, -0.00)
[door_detection_node-21] [INFO] [1790647176.011341998] [door_detection_node]: 문 후보 발행: id=door_green_b7e767, source=front, color=green, dist=0.72m, conf=1.00, bbox=(0,0,107,204), rep_x=53, center_x=53, angle=24.6deg, center_angle=24.6deg, lidar=0.72m, visual=2.29m, goal=(18.99,0.91), handle=(19.37,0.75,1.00), handle_obs=False, handle_method=estimated, handle_conf=0.00
[state_machine_node-24] [INFO] [1790647176.376532995] [state_machine_node]: Fine door parking translation: door_blue_660cea, dist=0.22m/0.17m, heading_error=0deg, cmd=(0.07, -0.00)
[cmd_vel_safety_node-6] [WARN] [1790647176.377201578] [cmd_vel_safety_node]: LiDAR collision stop: front=0.41m
[state_machine_node-24] [INFO] [1790647177.287609646] [state_machine_node]: Fine door parking translation: door_blue_660cea, dist=0.22m/0.17m, heading_error=0deg, cmd=(0.07, -0.00)
[state_machine_node-24] [INFO] [1790647178.193539343] [state_machine_node]: Fine door parking translation: door_blue_660cea, dist=0.22m/0.17m, heading_error=0deg, cmd=(0.07, -0.00)
[cmd_vel_safety_node-6] [WARN] [1790647178.194855508] [cmd_vel_safety_node]: LiDAR collision stop: front=0.43m
[state_machine_node-24] [INFO] [1790647179.062469358] [state_machine_node]: Fine door parking translation: door_blue_660cea, dist=0.22m/0.17m, heading_error=0deg, cmd=(0.07, -0.00)
[door_detection_node-21] [INFO] [1790647179.251074413] [door_detection_node]: 문 후보 발행: id=door_green_b7e767, source=front, color=green, dist=0.69m, conf=1.00, bbox=(0,0,107,204), rep_x=53, center_x=53, angle=24.6deg, center_angle=24.6deg, lidar=0.69m, visual=2.29m, goal=(18.99,0.91), handle=(19.35,0.76,1.00), handle_obs=False, handle_method=estimated, handle_conf=0.00
[state_machine_node-24] [INFO] [1790647179.961136367] [state_machine_node]: Fine door parking translation: door_blue_660cea, dist=0.22m/0.17m, heading_error=0deg, cmd=(0.07, -0.00)
[state_machine_node-24] [INFO] [1790647180.869170717] [state_machine_node]: Fine door parking translation: door_blue_660cea, dist=0.22m/0.17m, heading_error=0deg, cmd=(0.07, -0.00)
[cmd_vel_safety_node-6] [WARN] [1790647180.870601635] [cmd_vel_safety_node]: LiDAR collision stop: front=0.41m
[door_detection_node-21] [INFO] [1790647181.102971324] [door_detection_node]: 문 후보 발행: id=door_green_b7e767, source=front, color=green, dist=0.69m, conf=1.00, bbox=(0,0,107,204), rep_x=53, center_x=53, angle=24.6deg, center_angle=24.6deg, lidar=0.69m, visual=2.29m, goal=(18.99,0.91), handle=(19.35,0.77,1.00), handle_obs=False, handle_method=estimated, handle_conf=0.00
[state_machine_node-24] [INFO] [1790647181.762463008] [state_machine_node]: Fine door parking translation: door_blue_660cea, dist=0.22m/0.17m, heading_error=0deg, cmd=(0.07, -0.00)
[state_machine_node-24] [INFO] [1790647182.762047198] [state_machine_node]: Fine door parking translation: door_blue_660cea, dist=0.22m/0.17m, heading_error=0deg, cmd=(0.07, -0.00)
[door_detection_node-21] [INFO] [1790647182.960577542] [door_detection_node]: 문 후보 발행: id=door_green_b7e767, source=front, color=green, dist=0.71m, conf=1.00, bbox=(0,0,107,204), rep_x=53, center_x=53, angle=24.6deg, center_angle=24.6deg, lidar=0.71m, visual=2.29m, goal=(18.99,0.91), handle=(19.36,0.76,1.00), handle_obs=False, handle_method=estimated, handle_conf=0.00
[state_machine_node-24] [INFO] [1790647183.737034382] [state_machine_node]: Fine door parking translation: door_blue_660cea, dist=0.22m/0.17m, heading_error=0deg, cmd=(0.07, -0.00)
[cmd_vel_safety_node-6] [WARN] [1790647183.742151744] [cmd_vel_safety_node]: LiDAR collision stop: front=0.44m
[state_machine_node-24] [INFO] [1790647184.692235266] [state_machine_node]: Fine door parking translation: door_blue_660cea, dist=0.22m/0.17m, heading_error=0deg, cmd=(0.07, -0.00)
[door_detection_node-21] [INFO] [1790647184.905366306] [door_detection_node]: 문 후보 발행: id=door_green_b7e767, source=front, color=green, dist=0.72m, conf=1.00, bbox=(0,0,107,204), rep_x=53, center_x=53, angle=24.6deg, center_angle=24.6deg, lidar=0.72m, visual=2.29m, goal=(18.99,0.91), handle=(19.38,0.75,1.00), handle_obs=False, handle_method=estimated, handle_conf=0.00
[state_machine_node-24] [INFO] [1790647185.606293196] [state_machine_node]: Fine door parking translation: door_blue_660cea, dist=0.22m/0.17m, heading_error=0deg, cmd=(0.07, -0.00)
[cmd_vel_safety_node-6] [WARN] [1790647185.608290900] [cmd_vel_safety_node]: LiDAR collision stop: front=0.36m
[state_machine_node-24] [WARN] [1790647186.500060465] [state_machine_node]: Waiting for a fresh door-wall normal before alignment.
[door_detection_node-21] [INFO] [1790647186.660759605] [door_detection_node]: 문 후보 발행: id=door_green_b7e767, source=front, color=green, dist=0.73m, conf=1.00, bbox=(0,0,107,204), rep_x=53, center_x=53, angle=24.6deg, center_angle=24.6deg, lidar=0.73m, visual=2.29m, goal=(18.99,0.91), handle=(19.38,0.75,1.00), handle_obs=False, handle_method=estimated, handle_conf=0.00
[door_detection_node-21] [INFO] [1790647188.474006206] [door_detection_node]: 문 후보 발행: id=door_green_b7e767, source=front, color=green, dist=0.67m, conf=1.00, bbox=(0,0,107,204), rep_x=53, center_x=53, angle=24.6deg, center_angle=24.6deg, lidar=0.67m, visual=2.29m, goal=(18.99,0.91), handle=(19.33,0.77,1.00), handle_obs=False, handle_method=estimated, handle_conf=0.00
[state_machine_node-24] [WARN] [1790647189.251457648] [state_machine_node]: Waiting for a fresh door-wall normal before alignment.
[door_detection_node-21] [INFO] [1790647190.378594973] [door_detection_node]: 문 후보 발행: id=door_green_b7e767, source=front, color=green, dist=0.70m, conf=1.00, bbox=(0,0,107,204), rep_x=53, center_x=53, angle=24.6deg, center_angle=24.6deg, lidar=0.70m, visual=2.29m, goal=(18.99,0.91), handle=(19.36,0.76,1.00), handle_obs=False, handle_method=estimated, handle_conf=0.00
[state_machine_node-24] [WARN] [1790647191.975760178] [state_machine_node]: Waiting for a fresh door-wall normal before alignment.
[door_detection_node-21] [INFO] [1790647192.124096323] [door_detection_node]: 문 후보 발행: id=door_green_b7e767, source=front, color=green, dist=0.70m, conf=1.00, bbox=(0,0,107,204), rep_x=53, center_x=53, angle=24.6deg, center_angle=24.6deg, lidar=0.70m, visual=2.29m, goal=(18.99,0.91), handle=(19.36,0.76,1.00), handle_obs=False, handle_method=estimated, handle_conf=0.00
[door_detection_node-21] [INFO] [1790647193.904117231] [door_detection_node]: 문 후보 발행: id=door_green_b7e767, source=front, color=green, dist=0.70m, conf=1.00, bbox=(0,0,107,204), rep_x=53, center_x=53, angle=24.6deg, center_angle=24.6deg, lidar=0.70m, visual=2.29m, goal=(18.99,0.91), handle=(19.36,0.76,1.00), handle_obs=False, handle_method=estimated, handle_conf=0.00
[state_machine_node-24] [WARN] [1790647194.737303488] [state_machine_node]: Waiting for a fresh door-wall normal before alignment.
[state_machine_node-24] [WARN] [1790647195.737646576] [state_machine_node]: Fine door approach timeout: door_blue_660cea, dist=0.22m, lateral=-0.00m, forward=0.22m, yaw_error=139deg
[state_machine_node-24] [INFO] [1790647195.738687270] [state_machine_node]: 문 앞 정렬 재접근: door_blue_660cea (1/2)
[state_machine_node-24] [INFO] [1790647195.740294498] [state_machine_node]: 문 접근 목표 보정: door_blue_660cea handle_axis=(18.86, 1.97) goal_axis=(18.86, 0.87) wall_axis=(18.86, 1.97) yaw=90deg
[navigation_node-22] [INFO] [1790647195.744959422] [navigation_node]: Navigation goal received: door door_blue_660cea (color=blue, frame=map, x=18.86, y=0.87)
[navigation_node-22] [WARN] [1790647195.850976808] [navigation_node]: Adjusted unreachable/occupied navigation goal from (18.86, 0.87, cost=73) to connected free cell (18.63, 0.43, cost=0)
[door_detection_node-21] [INFO] [1790647195.884440823] [door_detection_node]: 문 후보 발행: id=door_green_b7e767, source=front, color=green, dist=0.66m, conf=1.00, bbox=(0,0,107,204), rep_x=53, center_x=53, angle=24.6deg, center_angle=24.6deg, lidar=0.66m, visual=2.29m, goal=(18.99,0.91), handle=(19.32,0.78,1.00), handle_obs=False, handle_method=estimated, handle_conf=0.00
[bt_navigator-17] [INFO] [1790647195.935510422] [bt_navigator]: Begin navigating from current location (18.71, 1.03) to (18.63, 0.43)
[navigation_node-22] [INFO] [1790647195.936988865] [navigation_node]: Navigation goal accepted by Nav2
[controller_server-13] [INFO] [1790647196.136954245] [controller_server]: Received a goal, begin computing control effort.
[state_machine_node-24] [INFO] [1790647196.706263228] [state_machine_node]: Nav2 goal is close enough for fine door alignment: door_blue_660cea, dist=0.22m/0.38m, lateral=0.01m/0.24m, yaw_error=140deg.
[state_machine_node-24] [INFO] [1790647196.707394263] [state_machine_node]: Nav2 goal cancellation requested before door fine alignment.
[navigation_node-22] [INFO] [1790647196.708022693] [navigation_node]: Navigation cancellation requested for manual control handoff.
[bt_navigator-17] [ERROR] [1790647196.757407946] [bt_navigator_navigate_to_pose_rclcpp_node]: Failed to get result for follow_path in node halt!
[bt_navigator-17] [INFO] [1790647196.757633090] [bt_navigator]: [navigate_to_pose] [ActionServer] Client requested to cancel the goal. Cancelling.
[bt_navigator-17] [INFO] [1790647196.757915489] [bt_navigator]: Goal canceled
[controller_server-13] [INFO] [1790647196.762694188] [controller_server]: Goal was canceled. Stopping the robot.
[controller_server-13] [INFO] [1790647196.762820167] [controller_server]: [follow_path] [ActionServer] Client requested to cancel the goal. Cancelling.
[state_machine_node-24] [INFO] [1790647196.772169852] [state_machine_node]: Fine door approach started: door_blue_660cea, dist=0.22m, lateral=0.01m, forward=0.22m, yaw_error=140deg
[state_machine_node-24] [INFO] [1790647196.773563562] [state_machine_node]: Fine door parking translation: door_blue_660cea, dist=0.22m/0.17m, heading_error=2deg, cmd=(0.07, 0.02)
[cmd_vel_safety_node-6] [WARN] [1790647196.775558330] [cmd_vel_safety_node]: LiDAR collision stop: front=0.36m
[state_machine_node-24] [INFO] [1790647197.660616709] [state_machine_node]: Fine door parking translation: door_blue_660cea, dist=0.21m/0.17m, heading_error=1deg, cmd=(0.07, 0.01)
[door_detection_node-21] [INFO] [1790647197.809331679] [door_detection_node]: 문 후보 발행: id=door_green_b7e767, source=front, color=green, dist=0.71m, conf=1.00, bbox=(0,0,99,205), rep_x=49, center_x=49, angle=25.4deg, center_angle=25.4deg, lidar=0.71m, visual=2.28m, goal=(18.99,0.91), handle=(19.37,0.75,1.00), handle_obs=False, handle_method=estimated, handle_conf=0.00
[state_machine_node-24] [INFO] [1790647198.573857551] [state_machine_node]: Fine door parking translation: door_blue_660cea, dist=0.21m/0.17m, heading_error=0deg, cmd=(0.07, 0.00)
[state_machine_node-24] [WARN] [1790647199.118800104] [state_machine_node]: Observed blue cluster (17.3, 1.3) fresh retry wait expired; allowing one more mapped-door approach attempt (1/2).
[state_machine_node-24] [INFO] [1790647199.125286884] [state_machine_node]: Blue candidate door_blue_622815 ignored: physical/opened door station already handled nearby at (13.86, -1.69).
[state_machine_node-24] [INFO] [1790647199.485603553] [state_machine_node]: Fine door parking translation: door_blue_660cea, dist=0.21m/0.17m, heading_error=0deg, cmd=(0.07, 0.00)
[cmd_vel_safety_node-6] [WARN] [1790647199.487311401] [cmd_vel_safety_node]: LiDAR collision stop: front=0.41m
[door_detection_node-21] [INFO] [1790647200.296829507] [door_detection_node]: YOLO 후보 제외: source=front_right, far small dist=5.50m, conf=0.43, bbox=(301,64,320,172)
[state_machine_node-24] [INFO] [1790647200.439474277] [state_machine_node]: Fine door parking translation: door_blue_660cea, dist=0.21m/0.17m, heading_error=0deg, cmd=(0.07, 0.00)
[door_detection_node-21] [INFO] [1790647200.907705615] [door_detection_node]: 문 후보 발행: id=door_green_b7e767, source=front, color=green, dist=0.71m, conf=1.00, bbox=(0,0,101,204), rep_x=50, center_x=50, angle=25.2deg, center_angle=25.2deg, lidar=0.71m, visual=2.29m, goal=(18.99,0.91), handle=(19.37,0.75,1.00), handle_obs=False, handle_method=estimated, handle_conf=0.00
[state_machine_node-24] [INFO] [1790647201.365627901] [state_machine_node]: Fine door parking translation: door_blue_660cea, dist=0.21m/0.17m, heading_error=0deg, cmd=(0.07, 0.00)
[cmd_vel_safety_node-6] [WARN] [1790647201.367773465] [cmd_vel_safety_node]: LiDAR collision stop: front=0.44m
[state_machine_node-24] [INFO] [1790647202.284156579] [state_machine_node]: Fine door parking translation: door_blue_660cea, dist=0.21m/0.17m, heading_error=0deg, cmd=(0.07, 0.00)
[door_detection_node-21] [INFO] [1790647202.459127534] [door_detection_node]: 문 후보 발행: id=door_blue_622815, source=front_right, color=blue, dist=5.48m, conf=0.40, bbox=(300,63,320,172), rep_x=310, center_x=310, angle=-102.7deg, center_angle=-102.7deg, lidar=5.47m, visual=4.29m, goal=(14.87,-0.83), handle=(13.94,-1.67,1.00), handle_obs=True, handle_method=estimated, handle_conf=0.00
[state_machine_node-24] [INFO] [1790647202.469568433] [state_machine_node]: Blue candidate door_blue_622815 ignored: physical/opened door station already handled nearby at (13.94, -1.67).
[state_machine_node-24] [INFO] [1790647203.163012218] [state_machine_node]: Fine door parking translation: door_blue_660cea, dist=0.21m/0.17m, heading_error=0deg, cmd=(0.07, 0.00)
[cmd_vel_safety_node-6] [WARN] [1790647203.165432082] [cmd_vel_safety_node]: LiDAR collision stop: front=0.42m
[door_detection_node-21] [INFO] [1790647204.006989281] [door_detection_node]: 문 후보 발행: id=door_blue_622815, source=front_right, color=blue, dist=5.43m, conf=0.41, bbox=(300,63,320,172), rep_x=310, center_x=310, angle=-102.7deg, center_angle=-102.7deg, lidar=5.42m, visual=4.29m, goal=(14.92,-0.81), handle=(13.99,-1.65,1.00), handle_obs=True, handle_method=estimated, handle_conf=0.00
[state_machine_node-24] [INFO] [1790647204.056951504] [state_machine_node]: Fine door parking translation: door_blue_660cea, dist=0.21m/0.17m, heading_error=0deg, cmd=(0.07, 0.00)
[state_machine_node-24] [INFO] [1790647204.954769313] [state_machine_node]: Fine door parking translation: door_blue_660cea, dist=0.21m/0.17m, heading_error=0deg, cmd=(0.07, 0.00)
[cmd_vel_safety_node-6] [WARN] [1790647204.956250781] [cmd_vel_safety_node]: LiDAR collision stop: front=0.44m
[state_machine_node-24] [INFO] [1790647205.514608340] [state_machine_node]: Blue candidate door_blue_622815 ignored: physical/opened door station already handled nearby at (13.93, -1.68).
[state_machine_node-24] [INFO] [1790647205.829127907] [state_machine_node]: Fine door parking translation: door_blue_660cea, dist=0.21m/0.17m, heading_error=0deg, cmd=(0.07, 0.00)
[state_machine_node-24] [INFO] [1790647206.710708796] [state_machine_node]: Fine door parking translation: door_blue_660cea, dist=0.21m/0.17m, heading_error=0deg, cmd=(0.07, 0.00)
[cmd_vel_safety_node-6] [WARN] [1790647206.712160692] [cmd_vel_safety_node]: LiDAR collision stop: front=0.36m
[door_detection_node-21] [INFO] [1790647206.949555723] [door_detection_node]: 문 후보 발행: id=door_blue_622815, source=front_right, color=blue, dist=5.50m, conf=0.42, bbox=(300,63,320,172), rep_x=310, center_x=310, angle=-102.7deg, center_angle=-102.7deg, lidar=5.48m, visual=4.29m, goal=(14.86,-0.84), handle=(13.93,-1.68,1.00), handle_obs=True, handle_method=estimated, handle_conf=0.00
[state_machine_node-24] [INFO] [1790647207.581607435] [state_machine_node]: Fine door parking translation: door_blue_660cea, dist=0.21m/0.17m, heading_error=0deg, cmd=(0.07, 0.00)
[state_machine_node-24] [INFO] [1790647208.430304771] [state_machine_node]: Fine door parking translation: door_blue_660cea, dist=0.21m/0.17m, heading_error=0deg, cmd=(0.07, 0.00)
[state_machine_node-24] [INFO] [1790647209.319518603] [state_machine_node]: Fine door parking translation: door_blue_660cea, dist=0.21m/0.17m, heading_error=0deg, cmd=(0.07, 0.00)
[cmd_vel_safety_node-6] [WARN] [1790647209.321418569] [cmd_vel_safety_node]: LiDAR collision stop: front=0.43m
[door_detection_node-21] [INFO] [1790647209.906594167] [door_detection_node]: 문 후보 발행: id=door_blue_622815, source=front_right, color=blue, dist=5.54m, conf=0.41, bbox=(300,63,320,172), rep_x=310, center_x=310, angle=-102.7deg, center_angle=-102.7deg, lidar=5.49m, visual=4.29m, goal=(14.82,-0.86), handle=(13.90,-1.70,1.00), handle_obs=True, handle_method=estimated, handle_conf=0.00
[state_machine_node-24] [INFO] [1790647209.918325957] [state_machine_node]: Blue candidate door_blue_622815 ignored: physical/opened door station already handled nearby at (13.90, -1.70).
[state_machine_node-24] [INFO] [1790647210.194986917] [state_machine_node]: Fine door parking translation: door_blue_660cea, dist=0.21m/0.17m, heading_error=0deg, cmd=(0.07, 0.00)
[state_machine_node-24] [INFO] [1790647211.077232331] [state_machine_node]: Fine door parking translation: door_blue_660cea, dist=0.21m/0.17m, heading_error=0deg, cmd=(0.07, 0.00)
[door_detection_node-21] [INFO] [1790647211.857447442] [door_detection_node]: 문 후보 발행: id=door_blue_622815, source=front_right, color=blue, dist=5.51m, conf=0.41, bbox=(300,63,320,172), rep_x=310, center_x=310, angle=-102.7deg, center_angle=-102.7deg, lidar=5.48m, visual=4.29m, goal=(14.85,-0.85), handle=(13.92,-1.69,1.00), handle_obs=True, handle_method=estimated, handle_conf=0.00
[state_machine_node-24] [INFO] [1790647211.959912614] [state_machine_node]: Fine door parking translation: door_blue_660cea, dist=0.21m/0.17m, heading_error=0deg, cmd=(0.07, 0.00)
[cmd_vel_safety_node-6] [WARN] [1790647211.961547807] [cmd_vel_safety_node]: LiDAR collision stop: front=0.41m
[state_machine_node-24] [INFO] [1790647212.833823682] [state_machine_node]: Fine door parking translation: door_blue_660cea, dist=0.21m/0.17m, heading_error=0deg, cmd=(0.07, 0.00)
[door_detection_node-21] [INFO] [1790647213.411244216] [door_detection_node]: 문 후보 발행: id=door_blue_622815, source=front_right, color=blue, dist=5.46m, conf=0.41, bbox=(300,63,320,172), rep_x=310, center_x=310, angle=-102.7deg, center_angle=-102.7deg, lidar=5.51m, visual=4.29m, goal=(14.89,-0.82), handle=(13.97,-1.66,1.00), handle_obs=True, handle_method=estimated, handle_conf=0.00
[state_machine_node-24] [INFO] [1790647213.421491601] [state_machine_node]: Blue candidate door_blue_622815 ignored: physical/opened door station already handled nearby at (13.97, -1.66).
[state_machine_node-24] [INFO] [1790647213.722066957] [state_machine_node]: Fine door parking translation: door_blue_660cea, dist=0.21m/0.17m, heading_error=0deg, cmd=(0.07, 0.00)
[state_machine_node-24] [INFO] [1790647214.580608401] [state_machine_node]: Fine door parking translation: door_blue_660cea, dist=0.21m/0.17m, heading_error=0deg, cmd=(0.07, 0.00)
[cmd_vel_safety_node-6] [WARN] [1790647214.583833792] [cmd_vel_safety_node]: LiDAR collision stop: front=0.43m
[state_machine_node-24] [INFO] [1790647215.451551981] [state_machine_node]: Fine door parking translation: door_blue_660cea, dist=0.21m/0.17m, heading_error=0deg, cmd=(0.07, 0.00)
[door_detection_node-21] [INFO] [1790647215.656708243] [door_detection_node]: 문 후보 발행: id=door_blue_622815, source=front_right, color=blue, dist=5.47m, conf=0.41, bbox=(300,63,320,172), rep_x=310, center_x=310, angle=-102.7deg, center_angle=-102.7deg, lidar=5.53m, visual=4.29m, goal=(14.88,-0.83), handle=(13.95,-1.67,1.00), handle_obs=True, handle_method=estimated, handle_conf=0.00
[state_machine_node-24] [INFO] [1790647216.311491427] [state_machine_node]: Fine door parking translation: door_blue_660cea, dist=0.21m/0.17m, heading_error=0deg, cmd=(0.07, 0.00)
[state_machine_node-24] [INFO] [1790647217.205381595] [state_machine_node]: Fine door parking translation: door_blue_660cea, dist=0.21m/0.17m, heading_error=0deg, cmd=(0.07, 0.00)
[cmd_vel_safety_node-6] [WARN] [1790647217.206548800] [cmd_vel_safety_node]: LiDAR collision stop: front=0.42m
[door_detection_node-21] [INFO] [1790647217.668740382] [door_detection_node]: 문 후보 발행: id=door_blue_622815, source=front_right, color=blue, dist=5.48m, conf=0.41, bbox=(300,63,320,172), rep_x=310, center_x=310, angle=-102.7deg, center_angle=-102.7deg, lidar=5.52m, visual=4.29m, goal=(14.87,-0.84), handle=(13.95,-1.67,1.00), handle_obs=True, handle_method=estimated, handle_conf=0.00
[state_machine_node-24] [INFO] [1790647217.678874139] [state_machine_node]: Blue candidate door_blue_622815 ignored: physical/opened door station already handled nearby at (13.95, -1.67).
[state_machine_node-24] [INFO] [1790647218.076590648] [state_machine_node]: Fine door parking translation: door_blue_660cea, dist=0.21m/0.17m, heading_error=0deg, cmd=(0.07, 0.00)
[state_machine_node-24] [INFO] [1790647218.969170673] [state_machine_node]: Fine door parking translation: door_blue_660cea, dist=0.21m/0.17m, heading_error=0deg, cmd=(0.07, 0.00)
[cmd_vel_safety_node-6] [WARN] [1790647218.971189869] [cmd_vel_safety_node]: LiDAR collision stop: front=0.39m
[state_machine_node-24] [INFO] [1790647219.881464248] [state_machine_node]: Fine door parking translation: door_blue_660cea, dist=0.21m/0.17m, heading_error=0deg, cmd=(0.07, 0.00)
[door_detection_node-21] [INFO] [1790647220.698034282] [door_detection_node]: 문 후보 발행: id=door_blue_622815, source=front_right, color=blue, dist=5.41m, conf=0.41, bbox=(300,63,320,172), rep_x=310, center_x=310, angle=-102.7deg, center_angle=-102.7deg, lidar=5.48m, visual=4.29m, goal=(14.93,-0.80), handle=(14.01,-1.64,1.00), handle_obs=True, handle_method=estimated, handle_conf=0.00
[state_machine_node-24] [INFO] [1790647220.707715175] [state_machine_node]: Blue candidate door_blue_622815 ignored: physical/opened door station already handled nearby at (14.01, -1.64).
[state_machine_node-24] [INFO] [1790647220.787105712] [state_machine_node]: Fine door parking translation: door_blue_660cea, dist=0.21m/0.17m, heading_error=0deg, cmd=(0.07, 0.00)
[cmd_vel_safety_node-6] [WARN] [1790647220.789049339] [cmd_vel_safety_node]: LiDAR collision stop: front=0.37m
[state_machine_node-24] [INFO] [1790647221.691646391] [state_machine_node]: Fine door parking translation: door_blue_660cea, dist=0.21m/0.17m, heading_error=0deg, cmd=(0.07, 0.00)
[state_machine_node-24] [INFO] [1790647222.585949705] [state_machine_node]: Fine door parking translation: door_blue_660cea, dist=0.21m/0.17m, heading_error=0deg, cmd=(0.07, 0.00)
[state_machine_node-24] [INFO] [1790647223.499038977] [state_machine_node]: Fine door parking translation: door_blue_660cea, dist=0.21m/0.17m, heading_error=0deg, cmd=(0.07, 0.00)
[cmd_vel_safety_node-6] [WARN] [1790647223.500696000] [cmd_vel_safety_node]: LiDAR collision stop: front=0.43m
[door_detection_node-21] [INFO] [1790647223.596301517] [door_detection_node]: 문 후보 발행: id=door_blue_622815, source=front_right, color=blue, dist=5.42m, conf=0.41, bbox=(300,63,320,172), rep_x=310, center_x=310, angle=-102.7deg, center_angle=-102.7deg, lidar=5.47m, visual=4.29m, goal=(14.93,-0.80), handle=(14.00,-1.64,1.00), handle_obs=True, handle_method=estimated, handle_conf=0.00
[state_machine_node-24] [INFO] [1790647224.372143684] [state_machine_node]: Fine door parking translation: door_blue_660cea, dist=0.21m/0.17m, heading_error=0deg, cmd=(0.07, 0.00)
[door_detection_node-21] [INFO] [1790647225.140644174] [door_detection_node]: 문 후보 발행: id=door_blue_622815, source=front_right, color=blue, dist=5.54m, conf=0.41, bbox=(300,63,320,172), rep_x=310, center_x=310, angle=-102.7deg, center_angle=-102.7deg, lidar=5.53m, visual=4.29m, goal=(14.82,-0.87), handle=(13.89,-1.71,1.00), handle_obs=True, handle_method=estimated, handle_conf=0.00
[state_machine_node-24] [INFO] [1790647225.153703528] [state_machine_node]: Blue candidate door_blue_622815 ignored: physical/opened door station already handled nearby at (13.89, -1.71).
[state_machine_node-24] [INFO] [1790647225.247446803] [state_machine_node]: Fine door parking translation: door_blue_660cea, dist=0.21m/0.17m, heading_error=0deg, cmd=(0.07, 0.00)
[cmd_vel_safety_node-6] [WARN] [1790647225.249323953] [cmd_vel_safety_node]: LiDAR collision stop: front=0.35m
[state_machine_node-24] [INFO] [1790647226.129622308] [state_machine_node]: Fine door parking translation: door_blue_660cea, dist=0.21m/0.17m, heading_error=0deg, cmd=(0.07, 0.00)
[state_machine_node-24] [INFO] [1790647226.965683751] [state_machine_node]: Fine door parking translation: door_blue_660cea, dist=0.21m/0.17m, heading_error=0deg, cmd=(0.07, 0.00)
[state_machine_node-24] [INFO] [1790647227.818514903] [state_machine_node]: Fine door parking translation: door_blue_660cea, dist=0.21m/0.17m, heading_error=0deg, cmd=(0.07, 0.00)
[cmd_vel_safety_node-6] [WARN] [1790647227.819724064] [cmd_vel_safety_node]: LiDAR collision stop: front=0.43m
[door_detection_node-21] [INFO] [1790647228.252966438] [door_detection_node]: 문 후보 발행: id=door_blue_622815, source=front_right, color=blue, dist=5.51m, conf=0.41, bbox=(300,63,320,172), rep_x=310, center_x=310, angle=-102.7deg, center_angle=-102.7deg, lidar=5.49m, visual=4.29m, goal=(14.85,-0.85), handle=(13.92,-1.69,1.00), handle_obs=True, handle_method=estimated, handle_conf=0.00
[state_machine_node-24] [INFO] [1790647228.263062781] [state_machine_node]: Blue candidate door_blue_622815 ignored: physical/opened door station already handled nearby at (13.92, -1.69).
[state_machine_node-24] [INFO] [1790647228.697632644] [state_machine_node]: Fine door parking translation: door_blue_660cea, dist=0.21m/0.17m, heading_error=0deg, cmd=(0.07, 0.00)
[state_machine_node-24] [INFO] [1790647229.572017269] [state_machine_node]: Fine door parking translation: door_blue_660cea, dist=0.21m/0.17m, heading_error=0deg, cmd=(0.07, 0.00)
[cmd_vel_safety_node-6] [WARN] [1790647229.574325471] [cmd_vel_safety_node]: LiDAR collision stop: front=0.45m
[door_detection_node-21] [INFO] [1790647230.448034281] [door_detection_node]: 문 후보 발행: id=door_green_b7e767, source=front, color=green, dist=0.73m, conf=1.00, bbox=(0,0,101,204), rep_x=50, center_x=50, angle=25.2deg, center_angle=25.2deg, lidar=0.73m, visual=2.29m, goal=(18.99,0.91), handle=(19.39,0.75,1.00), handle_obs=False, handle_method=estimated, handle_conf=0.00
[state_machine_node-24] [INFO] [1790647230.466549946] [state_machine_node]: Fine door parking translation: door_blue_660cea, dist=0.21m/0.17m, heading_error=0deg, cmd=(0.07, 0.00)
[state_machine_node-24] [INFO] [1790647231.321827315] [state_machine_node]: Fine door parking translation: door_blue_660cea, dist=0.21m/0.17m, heading_error=0deg, cmd=(0.07, 0.00)
[state_machine_node-24] [INFO] [1790647231.776011539] [state_machine_node]: Blue candidate door_blue_622815 ignored: physical/opened door station already handled nearby at (13.96, -1.67).
[state_machine_node-24] [INFO] [1790647232.184604116] [state_machine_node]: Fine door parking translation: door_blue_660cea, dist=0.21m/0.17m, heading_error=0deg, cmd=(0.07, 0.00)
[cmd_vel_safety_node-6] [WARN] [1790647232.184780148] [cmd_vel_safety_node]: LiDAR collision stop: front=0.43m
[state_machine_node-24] [INFO] [1790647233.054480679] [state_machine_node]: Fine door parking translation: door_blue_660cea, dist=0.21m/0.17m, heading_error=0deg, cmd=(0.07, 0.00)
[door_detection_node-21] [INFO] [1790647233.252783649] [door_detection_node]: 문 후보 발행: id=door_blue_622815, source=front_right, color=blue, dist=5.48m, conf=0.41, bbox=(300,63,320,172), rep_x=310, center_x=310, angle=-102.7deg, center_angle=-102.7deg, lidar=5.52m, visual=4.29m, goal=(14.88,-0.83), handle=(13.95,-1.67,1.00), handle_obs=True, handle_method=estimated, handle_conf=0.00
[state_machine_node-24] [INFO] [1790647233.915005287] [state_machine_node]: Fine door parking translation: door_blue_660cea, dist=0.21m/0.17m, heading_error=0deg, cmd=(0.07, 0.00)
[state_machine_node-24] [INFO] [1790647234.810026100] [state_machine_node]: Fine door parking translation: door_blue_660cea, dist=0.21m/0.17m, heading_error=0deg, cmd=(0.07, 0.00)
[cmd_vel_safety_node-6] [WARN] [1790647234.810838047] [cmd_vel_safety_node]: LiDAR collision stop: front=0.42m
[door_detection_node-21] [INFO] [1790647235.159542669] [door_detection_node]: 문 후보 발행: id=door_blue_622815, source=front_right, color=blue, dist=5.55m, conf=0.41, bbox=(300,63,320,172), rep_x=310, center_x=310, angle=-102.7deg, center_angle=-102.7deg, lidar=5.52m, visual=4.29m, goal=(14.82,-0.87), handle=(13.89,-1.71,1.00), handle_obs=True, handle_method=estimated, handle_conf=0.00
[state_machine_node-24] [INFO] [1790647235.167972231] [state_machine_node]: Blue candidate door_blue_622815 ignored: physical/opened door station already handled nearby at (13.89, -1.71).
[state_machine_node-24] [INFO] [1790647235.696466028] [state_machine_node]: Fine door parking translation: door_blue_660cea, dist=0.21m/0.17m, heading_error=0deg, cmd=(0.07, 0.00)
[state_machine_node-24] [INFO] [1790647236.561573318] [state_machine_node]: Fine door parking translation: door_blue_660cea, dist=0.21m/0.17m, heading_error=0deg, cmd=(0.07, 0.00)
[cmd_vel_safety_node-6] [WARN] [1790647236.563417128] [cmd_vel_safety_node]: LiDAR collision stop: front=0.44m
[door_detection_node-21] [INFO] [1790647237.257627571] [door_detection_node]: 문 후보 발행: id=door_blue_622815, source=front_right, color=blue, dist=5.45m, conf=0.41, bbox=(300,63,320,172), rep_x=310, center_x=310, angle=-102.7deg, center_angle=-102.7deg, lidar=5.49m, visual=4.29m, goal=(14.90,-0.82), handle=(13.97,-1.66,1.00), handle_obs=True, handle_method=estimated, handle_conf=0.00
[state_machine_node-24] [INFO] [1790647237.450542573] [state_machine_node]: Fine door parking translation: door_blue_660cea, dist=0.21m/0.17m, heading_error=0deg, cmd=(0.07, 0.00)
[state_machine_node-24] [INFO] [1790647238.350392886] [state_machine_node]: Fine door parking translation: door_blue_660cea, dist=0.21m/0.17m, heading_error=0deg, cmd=(0.07, 0.00)
[state_machine_node-24] [INFO] [1790647238.738730162] [state_machine_node]: Blue candidate door_blue_622815 ignored: physical/opened door station already handled nearby at (13.92, -1.69).
[state_machine_node-24] [INFO] [1790647239.222770931] [state_machine_node]: Fine door parking translation: door_blue_660cea, dist=0.21m/0.17m, heading_error=0deg, cmd=(0.07, 0.00)
[cmd_vel_safety_node-6] [WARN] [1790647239.224375413] [cmd_vel_safety_node]: LiDAR collision stop: front=0.40m
[door_detection_node-21] [INFO] [1790647239.535693024] [door_detection_node]: 문 후보 발행: id=door_green_b7e767, source=front, color=green, dist=0.71m, conf=1.00, bbox=(0,0,101,204), rep_x=50, center_x=50, angle=25.2deg, center_angle=25.2deg, lidar=0.71m, visual=2.29m, goal=(18.99,0.91), handle=(19.37,0.75,1.00), handle_obs=False, handle_method=estimated, handle_conf=0.00
[state_machine_node-24] [INFO] [1790647240.108277906] [state_machine_node]: Fine door parking translation: door_blue_660cea, dist=0.21m/0.17m, heading_error=0deg, cmd=(0.07, 0.00)
[state_machine_node-24] [INFO] [1790647240.996959086] [state_machine_node]: Fine door parking translation: door_blue_660cea, dist=0.21m/0.17m, heading_error=0deg, cmd=(0.07, 0.00)
[cmd_vel_safety_node-6] [WARN] [1790647240.998796813] [cmd_vel_safety_node]: LiDAR collision stop: front=0.42m
[state_machine_node-24] [INFO] [1790647241.921574245] [state_machine_node]: Fine door parking translation: door_blue_660cea, dist=0.21m/0.17m, heading_error=0deg, cmd=(0.07, 0.00)
[door_detection_node-21] [INFO] [1790647242.373511944] [door_detection_node]: 문 후보 발행: id=door_blue_622815, source=front_right, color=blue, dist=5.43m, conf=0.41, bbox=(300,63,320,172), rep_x=310, center_x=310, angle=-102.7deg, center_angle=-102.7deg, lidar=5.47m, visual=4.29m, goal=(14.92,-0.81), handle=(13.99,-1.65,1.00), handle_obs=True, handle_method=estimated, handle_conf=0.00
[state_machine_node-24] [INFO] [1790647242.384059568] [state_machine_node]: Blue candidate door_blue_622815 ignored: physical/opened door station already handled nearby at (13.99, -1.65).
[state_machine_node-24] [INFO] [1790647242.818130390] [state_machine_node]: Fine door parking translation: door_blue_660cea, dist=0.21m/0.17m, heading_error=0deg, cmd=(0.07, 0.00)
[cmd_vel_safety_node-6] [WARN] [1790647242.819069649] [cmd_vel_safety_node]: LiDAR collision stop: front=0.42m
[state_machine_node-24] [INFO] [1790647243.716584608] [state_machine_node]: Fine door parking translation: door_blue_660cea, dist=0.21m/0.17m, heading_error=0deg, cmd=(0.07, 0.00)
[door_detection_node-21] [INFO] [1790647244.447082977] [door_detection_node]: 문 후보 발행: id=door_blue_622815, source=front_right, color=blue, dist=5.40m, conf=0.41, bbox=(300,63,320,172), rep_x=310, center_x=310, angle=-102.7deg, center_angle=-102.7deg, lidar=5.49m, visual=4.29m, goal=(14.95,-0.79), handle=(14.02,-1.63,1.00), handle_obs=True, handle_method=estimated, handle_conf=0.00
[state_machine_node-24] [INFO] [1790647244.602220048] [state_machine_node]: Fine door parking translation: door_blue_660cea, dist=0.21m/0.17m, heading_error=0deg, cmd=(0.07, 0.00)
[state_machine_node-24] [INFO] [1790647245.504704799] [state_machine_node]: Fine door parking translation: door_blue_660cea, dist=0.21m/0.17m, heading_error=0deg, cmd=(0.07, 0.00)
[cmd_vel_safety_node-6] [WARN] [1790647245.505418391] [cmd_vel_safety_node]: LiDAR collision stop: front=0.42m
[door_detection_node-21] [INFO] [1790647245.975467984] [door_detection_node]: 문 후보 발행: id=door_blue_622815, source=front_right, color=blue, dist=5.44m, conf=0.41, bbox=(300,63,320,172), rep_x=310, center_x=310, angle=-102.7deg, center_angle=-102.7deg, lidar=5.42m, visual=4.29m, goal=(14.91,-0.81), handle=(13.99,-1.65,1.00), handle_obs=True, handle_method=estimated, handle_conf=0.00
[state_machine_node-24] [INFO] [1790647245.986322387] [state_machine_node]: Blue candidate door_blue_622815 ignored: physical/opened door station already handled nearby at (13.99, -1.65).
[state_machine_node-24] [INFO] [1790647246.375505083] [state_machine_node]: Fine door parking translation: door_blue_660cea, dist=0.21m/0.17m, heading_error=0deg, cmd=(0.07, 0.00)
[state_machine_node-24] [INFO] [1790647247.249907365] [state_machine_node]: Fine door parking translation: door_blue_660cea, dist=0.21m/0.17m, heading_error=0deg, cmd=(0.07, 0.00)
[cmd_vel_safety_node-6] [WARN] [1790647247.251075202] [cmd_vel_safety_node]: LiDAR collision stop: front=0.41m
[state_machine_node-24] [INFO] [1790647248.135710830] [state_machine_node]: Fine door parking translation: door_blue_660cea, dist=0.21m/0.17m, heading_error=0deg, cmd=(0.07, 0.00)
[door_detection_node-21] [INFO] [1790647248.216036346] [door_detection_node]: 문 후보 발행: id=door_blue_622815, source=front_right, color=blue, dist=5.49m, conf=0.41, bbox=(300,63,320,172), rep_x=310, center_x=310, angle=-102.7deg, center_angle=-102.7deg, lidar=5.51m, visual=4.29m, goal=(14.87,-0.84), handle=(13.94,-1.68,1.00), handle_obs=True, handle_method=estimated, handle_conf=0.00
[state_machine_node-24] [INFO] [1790647249.028510799] [state_machine_node]: Fine door parking translation: door_blue_660cea, dist=0.21m/0.17m, heading_error=0deg, cmd=(0.07, 0.00)
[cmd_vel_safety_node-6] [WARN] [1790647249.029528799] [cmd_vel_safety_node]: LiDAR collision stop: front=0.45m
[state_machine_node-24] [INFO] [1790647249.691782239] [state_machine_node]: Blue candidate door_blue_622815 ignored: physical/opened door station already handled nearby at (13.97, -1.66).
[state_machine_node-24] [INFO] [1790647249.909406897] [state_machine_node]: Fine door parking translation: door_blue_660cea, dist=0.21m/0.17m, heading_error=0deg, cmd=(0.07, 0.00)
[door_detection_node-21] [INFO] [1790647250.421267323] [door_detection_node]: 문 후보 발행: id=door_green_b7e767, source=front, color=green, dist=0.71m, conf=1.00, bbox=(0,0,101,204), rep_x=50, center_x=50, angle=25.2deg, center_angle=25.2deg, lidar=0.71m, visual=2.29m, goal=(18.99,0.91), handle=(19.37,0.75,1.00), handle_obs=False, handle_method=estimated, handle_conf=0.00
[state_machine_node-24] [INFO] [1790647250.809605588] [state_machine_node]: Fine door parking translation: door_blue_660cea, dist=0.21m/0.17m, heading_error=0deg, cmd=(0.07, 0.00)
[cmd_vel_safety_node-6] [WARN] [1790647250.810954052] [cmd_vel_safety_node]: LiDAR collision stop: front=0.41m
[state_machine_node-24] [INFO] [1790647251.694985238] [state_machine_node]: Fine door parking translation: door_blue_660cea, dist=0.21m/0.17m, heading_error=0deg, cmd=(0.07, 0.00)
[state_machine_node-24] [INFO] [1790647252.586465279] [state_machine_node]: Fine door parking translation: door_blue_660cea, dist=0.21m/0.17m, heading_error=0deg, cmd=(0.07, 0.00)
[cmd_vel_safety_node-6] [WARN] [1790647252.587372351] [cmd_vel_safety_node]: LiDAR collision stop: front=0.46m
[door_detection_node-21] [INFO] [1790647253.223992129] [door_detection_node]: 문 후보 발행: id=door_blue_622815, source=front_right, color=blue, dist=5.48m, conf=0.41, bbox=(300,63,320,172), rep_x=310, center_x=310, angle=-102.7deg, center_angle=-102.7deg, lidar=5.51m, visual=4.29m, goal=(14.87,-0.84), handle=(13.95,-1.68,1.00), handle_obs=True, handle_method=estimated, handle_conf=0.00
[state_machine_node-24] [INFO] [1790647253.235081011] [state_machine_node]: Blue candidate door_blue_622815 ignored: physical/opened door station already handled nearby at (13.95, -1.68).
[state_machine_node-24] [INFO] [1790647253.464994482] [state_machine_node]: Fine door parking translation: door_blue_660cea, dist=0.21m/0.17m, heading_error=0deg, cmd=(0.07, 0.00)
[state_machine_node-24] [INFO] [1790647254.343547303] [state_machine_node]: Fine door parking translation: door_blue_660cea, dist=0.21m/0.17m, heading_error=0deg, cmd=(0.07, 0.00)
[cmd_vel_safety_node-6] [WARN] [1790647254.345798769] [cmd_vel_safety_node]: LiDAR collision stop: front=0.39m
[state_machine_node-24] [INFO] [1790647255.228778717] [state_machine_node]: Fine door parking translation: door_blue_660cea, dist=0.21m/0.17m, heading_error=0deg, cmd=(0.07, 0.00)
[door_detection_node-21] [INFO] [1790647255.293646820] [door_detection_node]: 문 후보 발행: id=door_blue_622815, source=front_right, color=blue, dist=5.52m, conf=0.41, bbox=(300,63,320,172), rep_x=310, center_x=310, angle=-102.7deg, center_angle=-102.7deg, lidar=5.50m, visual=4.29m, goal=(14.84,-0.86), handle=(13.91,-1.70,1.00), handle_obs=True, handle_method=estimated, handle_conf=0.00
[state_machine_node-24] [INFO] [1790647256.139031081] [state_machine_node]: Fine door parking translation: door_blue_660cea, dist=0.21m/0.17m, heading_error=0deg, cmd=(0.07, 0.00)
[cmd_vel_safety_node-6] [WARN] [1790647256.140158144] [cmd_vel_safety_node]: LiDAR collision stop: front=0.44m
[state_machine_node-24] [INFO] [1790647256.727899900] [state_machine_node]: Blue candidate door_blue_622815 ignored: physical/opened door station already handled nearby at (13.94, -1.68).
[state_machine_node-24] [INFO] [1790647257.024497836] [state_machine_node]: Fine door parking translation: door_blue_660cea, dist=0.21m/0.17m, heading_error=0deg, cmd=(0.07, 0.00)
[state_machine_node-24] [INFO] [1790647257.935177712] [state_machine_node]: Fine door parking translation: door_blue_660cea, dist=0.21m/0.17m, heading_error=0deg, cmd=(0.07, 0.00)
[door_detection_node-21] [INFO] [1790647258.313702128] [door_detection_node]: 문 후보 발행: id=door_blue_622815, source=front_right, color=blue, dist=5.49m, conf=0.41, bbox=(300,63,320,172), rep_x=310, center_x=310, angle=-102.7deg, center_angle=-102.7deg, lidar=5.46m, visual=4.29m, goal=(14.86,-0.84), handle=(13.94,-1.68,1.00), handle_obs=True, handle_method=estimated, handle_conf=0.00
[state_machine_node-24] [WARN] [1790647258.827974055] [state_machine_node]: Waiting for a fresh door-wall normal before alignment.
[state_machine_node-24] [INFO] [1790647259.808634093] [state_machine_node]: Blue candidate door_blue_622815 ignored: physical/opened door station already handled nearby at (14.01, -1.64).
[door_detection_node-21] [INFO] [1790647260.497453856] [door_detection_node]: 문 후보 발행: id=door_green_b7e767, source=front, color=green, dist=0.69m, conf=1.00, bbox=(0,0,101,204), rep_x=50, center_x=50, angle=25.2deg, center_angle=25.2deg, lidar=0.69m, visual=2.29m, goal=(18.99,0.91), handle=(19.36,0.76,1.00), handle_obs=False, handle_method=estimated, handle_conf=0.00
[state_machine_node-24] [WARN] [1790647261.548337834] [state_machine_node]: Waiting for a fresh door-wall normal before alignment.
[door_detection_node-21] [INFO] [1790647263.415687036] [door_detection_node]: 문 후보 발행: id=door_blue_622815, source=front_right, color=blue, dist=5.49m, conf=0.41, bbox=(300,63,320,172), rep_x=310, center_x=310, angle=-102.7deg, center_angle=-102.7deg, lidar=5.53m, visual=4.29m, goal=(14.87,-0.84), handle=(13.94,-1.68,1.00), handle_obs=True, handle_method=estimated, handle_conf=0.00
[state_machine_node-24] [INFO] [1790647263.426111766] [state_machine_node]: Blue candidate door_blue_622815 ignored: physical/opened door station already handled nearby at (13.94, -1.68).
[state_machine_node-24] [WARN] [1790647264.234996930] [state_machine_node]: Waiting for a fresh door-wall normal before alignment.
[door_detection_node-21] [INFO] [1790647265.846977972] [door_detection_node]: 문 후보 발행: id=door_blue_622815, source=front_right, color=blue, dist=5.46m, conf=0.41, bbox=(300,63,320,172), rep_x=310, center_x=310, angle=-102.7deg, center_angle=-102.7deg, lidar=5.52m, visual=4.29m, goal=(14.89,-0.82), handle=(13.97,-1.66,1.00), handle_obs=True, handle_method=estimated, handle_conf=0.00
[state_machine_node-24] [WARN] [1790647266.935726124] [state_machine_node]: Waiting for a fresh door-wall normal before alignment.
[door_detection_node-21] [INFO] [1790647267.813323486] [door_detection_node]: 문 후보 발행: id=door_blue_622815, source=front_right, color=blue, dist=5.45m, conf=0.41, bbox=(300,63,320,172), rep_x=310, center_x=310, angle=-102.7deg, center_angle=-102.7deg, lidar=5.47m, visual=4.29m, goal=(14.90,-0.82), handle=(13.97,-1.66,1.00), handle_obs=True, handle_method=estimated, handle_conf=0.00
[state_machine_node-24] [INFO] [1790647267.850037084] [state_machine_node]: Blue candidate door_blue_622815 ignored: physical/opened door station already handled nearby at (13.97, -1.66).
[state_machine_node-24] [INFO] [1790647268.735718375] [state_machine_node]: 문 앞 정렬 재접근: door_blue_660cea (2/2)
[state_machine_node-24] [INFO] [1790647268.737551538] [state_machine_node]: 문 접근 목표 보정: door_blue_660cea handle_axis=(18.86, 1.97) goal_axis=(18.86, 0.87) wall_axis=(18.86, 1.97) yaw=90deg
[navigation_node-22] [INFO] [1790647268.740223717] [navigation_node]: Navigation goal received: door door_blue_660cea (color=blue, frame=map, x=18.86, y=0.87)
[navigation_node-22] [WARN] [1790647268.840316013] [navigation_node]: Adjusted unreachable/occupied navigation goal from (18.86, 0.87, cost=68) to connected free cell (18.68, 0.38, cost=0)
[bt_navigator-17] [INFO] [1790647268.923103523] [bt_navigator]: Begin navigating from current location (18.72, 1.03) to (18.68, 0.38)
[navigation_node-22] [INFO] [1790647268.924657372] [navigation_node]: Navigation goal accepted by Nav2
[controller_server-13] [INFO] [1790647269.124217452] [controller_server]: Received a goal, begin computing control effort.
[state_machine_node-24] [INFO] [1790647269.620092269] [state_machine_node]: Nav2 goal is close enough for fine door alignment: door_blue_660cea, dist=0.21m/0.38m, lateral=0.00m/0.24m, yaw_error=140deg.
[state_machine_node-24] [INFO] [1790647269.621263677] [state_machine_node]: Nav2 goal cancellation requested before door fine alignment.
[navigation_node-22] [INFO] [1790647269.621911293] [navigation_node]: Navigation cancellation requested for manual control handoff.
[bt_navigator-17] [ERROR] [1790647269.645452393] [bt_navigator_navigate_to_pose_rclcpp_node]: Failed to get result for follow_path in node halt!
[bt_navigator-17] [INFO] [1790647269.645597825] [bt_navigator]: [navigate_to_pose] [ActionServer] Client requested to cancel the goal. Cancelling.
[bt_navigator-17] [INFO] [1790647269.645733843] [bt_navigator]: Goal canceled
[state_machine_node-24] [WARN] [1790647269.663556915] [state_machine_node]: Fine door approach timeout: door_blue_660cea, dist=0.21m, lateral=0.00m, forward=0.21m, yaw_error=140deg
[state_machine_node-24] [WARN] [1790647269.664818227] [state_machine_node]: Nav failure [door_not_aligned] → door_blue_660cea. 재시도 4/2
[state_machine_node-24] [WARN] [1790647269.666471999] [state_machine_node]: Pre-exit blue candidate (18.4, 1.9) approach failure will use the stricter exit-tail abandon limit.
[state_machine_node-24] [WARN] [1790647269.667337103] [state_machine_node]: 파란 문 후보 (18.6, 1.9) 문 앞 접근 실패 1/3. 아직 포기하지 않고 다음 탐색에서 재시도합니다.
[state_machine_node-24] [WARN] [1790647269.670086595] [state_machine_node]: 접근 재스캔: door_blue_660cea. 이번 Nav2 접근 묶음은 실패했지만 물리 문 후보는 아직 포기하지 않고, 새 관측으로 다시 시도합니다.
[state_machine_node-24] [INFO] [1790647269.670665590] [state_machine_node]: State: NAVIGATING → EXPLORING
[door_detection_node-21] [INFO] [1790647269.676257936] [door_detection_node]: 문 후보 발행: id=door_blue_622815, source=front_right, color=blue, dist=5.52m, conf=0.41, bbox=(300,63,320,172), rep_x=310, center_x=310, angle=-102.7deg, center_angle=-102.7deg, lidar=5.47m, visual=4.29m, goal=(14.84,-0.85), handle=(13.92,-1.69,1.00), handle_obs=True, handle_method=estimated, handle_conf=0.00
[controller_server-13] [INFO] [1790647269.749671001] [controller_server]: Goal was canceled. Stopping the robot.
[controller_server-13] [INFO] [1790647269.749760650] [controller_server]: [follow_path] [ActionServer] Client requested to cancel the goal. Cancelling.
[state_machine_node-24] [INFO] [1790647270.533831986] [state_machine_node]: Observed blue cluster at (17.3, 1.3) selected from map memory without a current camera hit; opening will still require live blue confirmation.
[state_machine_node-24] [INFO] [1790647270.545032408] [state_machine_node]: 문 접근 목표 보정: observed_blue_17p3_1p3 handle_axis=(17.28, 1.34) goal_axis=(17.28, 0.24) wall_axis=(17.28, 1.34) yaw=90deg
[state_machine_node-24] [INFO] [1790647270.548412594] [state_machine_node]: 문 접근 목표 보정: observed_blue_18p6_1p9 handle_axis=(18.64, 1.91) goal_axis=(18.64, 0.81) wall_axis=(18.64, 1.91) yaw=90deg
[state_machine_node-24] [INFO] [1790647270.560017115] [state_machine_node]: 문 접근 목표 보정: observed_blue_17p3_1p3 handle_axis=(17.28, 1.34) goal_axis=(17.28, 0.24) wall_axis=(17.28, 1.34) yaw=90deg
[state_machine_node-24] [INFO] [1790647270.574981036] [state_machine_node]: 문 접근 목표 보정: observed_blue_18p6_1p9 handle_axis=(18.64, 1.91) goal_axis=(18.64, 0.81) wall_axis=(18.64, 1.91) yaw=90deg
[state_machine_node-24] [INFO] [1790647270.580590665] [state_machine_node]: 문 접근 목표 보정: observed_blue_17p3_1p3 handle_axis=(17.28, 1.34) goal_axis=(17.28, 0.24) wall_axis=(17.28, 1.34) yaw=90deg
[state_machine_node-24] [INFO] [1790647270.584105509] [state_machine_node]: 문 접근 목표 보정: observed_blue_18p6_1p9 handle_axis=(18.64, 1.91) goal_axis=(18.64, 0.81) wall_axis=(18.64, 1.91) yaw=90deg
[state_machine_node-24] [WARN] [1790647270.590365558] [state_machine_node]: Blue target observed_blue_17p3_1p3 retained for revisit: stable unopened blue memory must be checked before exit even when it is behind the farthest opened station.
[state_machine_node-24] [WARN] [1790647270.596437754] [state_machine_node]: 접근/개방 실패 예산이 남은 파란 문 2개를 새 후보보다 우선 재시도합니다.
[state_machine_node-24] [INFO] [1790647270.604451611] [state_machine_node]: 문 접근 목표 보정: observed_blue_18p6_1p9 handle_axis=(18.64, 1.91) goal_axis=(18.64, 0.81) wall_axis=(18.64, 1.91) yaw=90deg
[state_machine_node-24] [INFO] [1790647270.606095640] [state_machine_node]: 문 접근 목표 보정: observed_blue_18p6_1p9 handle_axis=(18.64, 1.91) goal_axis=(18.64, 0.81) wall_axis=(18.64, 1.91) yaw=90deg
[state_machine_node-24] [INFO] [1790647270.608638714] [state_machine_node]: LiDAR+camera segment map 사전 스캔 시작: observed_blue_18p6_1p9
[door_detection_node-21] [INFO] [1790647271.241081946] [door_detection_node]: 문 후보 발행: id=door_blue_622815, source=front_right, color=blue, dist=5.48m, conf=0.41, bbox=(300,63,320,172), rep_x=310, center_x=310, angle=-102.7deg, center_angle=-102.7deg, lidar=5.52m, visual=4.29m, goal=(14.88,-0.83), handle=(13.95,-1.67,1.00), handle_obs=True, handle_method=estimated, handle_conf=0.00
[state_machine_node-24] [INFO] [1790647271.253725882] [state_machine_node]: Blue candidate door_blue_622815 ignored: physical/opened door station already handled nearby at (13.95, -1.67).
[state_machine_node-24] [INFO] [1790647271.460912168] [state_machine_node]: 문 접근 목표 보정: observed_blue_17p3_1p3 handle_axis=(17.28, 1.34) goal_axis=(17.28, 0.24) wall_axis=(17.28, 1.34) yaw=90deg
[state_machine_node-24] [INFO] [1790647271.463890033] [state_machine_node]: 문 접근 목표 보정: observed_blue_18p6_1p9 handle_axis=(18.64, 1.91) goal_axis=(18.64, 0.81) wall_axis=(18.64, 1.91) yaw=90deg
[state_machine_node-24] [INFO] [1790647272.373285509] [state_machine_node]: 문 접근 목표 보정: observed_blue_17p3_1p3 handle_axis=(17.28, 1.34) goal_axis=(17.28, 0.24) wall_axis=(17.28, 1.34) yaw=90deg
[state_machine_node-24] [INFO] [1790647272.376826397] [state_machine_node]: 문 접근 목표 보정: observed_blue_18p6_1p9 handle_axis=(18.64, 1.91) goal_axis=(18.64, 0.81) wall_axis=(18.64, 1.91) yaw=90deg
[state_machine_node-24] [INFO] [1790647273.281375487] [state_machine_node]: 문 접근 목표 보정: observed_blue_17p3_1p3 handle_axis=(17.28, 1.34) goal_axis=(17.28, 0.24) wall_axis=(17.28, 1.34) yaw=90deg
[state_machine_node-24] [INFO] [1790647273.284299795] [state_machine_node]: 문 접근 목표 보정: observed_blue_18p6_1p9 handle_axis=(18.64, 1.91) goal_axis=(18.64, 0.81) wall_axis=(18.64, 1.91) yaw=90deg
[state_machine_node-24] [INFO] [1790647273.287732235] [state_machine_node]: 사전 스캔 완료. Nav2가 segment map 기반 경로를 계획합니다: observed_blue_18p6_1p9
[door_detection_node-21] [INFO] [1790647273.299606102] [door_detection_node]: 문 후보 발행: id=door_blue_622815, source=front_right, color=blue, dist=5.43m, conf=0.41, bbox=(300,63,320,172), rep_x=310, center_x=310, angle=-102.7deg, center_angle=-102.7deg, lidar=5.52m, visual=4.29m, goal=(14.92,-0.81), handle=(13.99,-1.65,1.00), handle_obs=True, handle_method=estimated, handle_conf=0.00
[state_machine_node-24] [INFO] [1790647273.323528408] [state_machine_node]: Locked blue target after pre-scan: observed_blue_18p6_1p9 opened=3 retry=0/2
[state_machine_node-24] [INFO] [1790647273.324501843] [state_machine_node]: State: EXPLORING → NAVIGATING
[navigation_node-22] [INFO] [1790647273.327435278] [navigation_node]: Navigation goal received: door observed_blue_18p6_1p9 (color=blue, frame=map, x=18.64, y=0.81)
[bt_navigator-17] [INFO] [1790647273.491310075] [bt_navigator]: Begin navigating from current location (18.72, 1.03) to (18.64, 0.81)
[navigation_node-22] [INFO] [1790647273.496466848] [navigation_node]: Navigation goal accepted by Nav2
[controller_server-13] [INFO] [1790647273.592286229] [controller_server]: Received a goal, begin computing control effort.
[state_machine_node-24] [INFO] [1790647274.190958721] [state_machine_node]: Nav2 goal is close enough for fine door alignment: observed_blue_18p6_1p9, dist=0.23m/0.38m, lateral=-0.20m/0.24m, yaw_error=136deg.
[state_machine_node-24] [INFO] [1790647274.191627604] [state_machine_node]: Nav2 goal cancellation requested before door fine alignment.
[navigation_node-22] [INFO] [1790647274.192270939] [navigation_node]: Navigation cancellation requested for manual control handoff.
[state_machine_node-24] [INFO] [1790647274.259549922] [state_machine_node]: Fine door approach started: observed_blue_18p6_1p9, dist=0.23m, lateral=-0.20m, forward=0.11m, yaw_error=136deg
[state_machine_node-24] [INFO] [1790647274.260262352] [state_machine_node]: Fine door parking translation: observed_blue_18p6_1p9, dist=0.23m/0.17m, heading_error=61deg, cmd=(0.00, -0.25)
[bt_navigator-17] [ERROR] [1790647274.313362799] [bt_navigator_navigate_to_pose_rclcpp_node]: Failed to get result for follow_path in node halt!
[bt_navigator-17] [INFO] [1790647274.314876976] [bt_navigator]: [navigate_to_pose] [ActionServer] Client requested to cancel the goal. Cancelling.
[bt_navigator-17] [INFO] [1790647274.315243276] [bt_navigator]: Goal canceled
[controller_server-13] [INFO] [1790647274.342661492] [controller_server]: Goal was canceled. Stopping the robot.
[controller_server-13] [INFO] [1790647274.342771213] [controller_server]: [follow_path] [ActionServer] Client requested to cancel the goal. Cancelling.
[door_detection_node-21] [INFO] [1790647274.828835782] [door_detection_node]: 문 후보 발행: id=door_blue_622815, source=front_right, color=blue, dist=5.57m, conf=0.41, bbox=(300,63,320,172), rep_x=310, center_x=310, angle=-102.7deg, center_angle=-102.7deg, lidar=5.83m, visual=4.29m, goal=(14.80,-0.88), handle=(13.87,-1.72,1.00), handle_obs=True, handle_method=estimated, handle_conf=0.00
[state_machine_node-24] [INFO] [1790647274.842127079] [state_machine_node]: Blue candidate door_blue_622815 ignored: physical/opened door station already handled nearby at (13.87, -1.72).
[state_machine_node-24] [INFO] [1790647275.167637245] [state_machine_node]: Fine door parking translation: observed_blue_18p6_1p9, dist=0.23m/0.17m, heading_error=55deg, cmd=(0.00, -0.25)
[state_machine_node-24] [INFO] [1790647276.126130227] [state_machine_node]: Fine door parking translation: observed_blue_18p6_1p9, dist=0.25m/0.17m, heading_error=46deg, cmd=(0.00, -0.25)
[door_detection_node-21] [INFO] [1790647276.659757802] [door_detection_node]: Side camera LiDAR range looks too long for the visible door; using visual range (source=front_right, lidar=6.35m, visual=4.63m)
[door_detection_node-21] [INFO] [1790647277.032949907] [door_detection_node]: 문 후보 발행: id=door_blue_622815, source=front_right, color=blue, dist=4.63m, conf=0.62, bbox=(264,68,293,169), rep_x=278, center_x=278, angle=-96.8deg, center_angle=-96.8deg, lidar=6.87m, visual=4.63m, goal=(15.56,-0.29), handle=(14.50,-0.96,1.00), handle_obs=True, handle_method=estimated, handle_conf=0.00
[state_machine_node-24] [INFO] [1790647277.092428393] [state_machine_node]: Fine door parking translation: observed_blue_18p6_1p9, dist=0.25m/0.17m, heading_error=44deg, cmd=(0.00, -0.25)
[state_machine_node-24] [INFO] [1790647278.054971477] [state_machine_node]: Fine door parking translation: observed_blue_18p6_1p9, dist=0.24m/0.17m, heading_error=38deg, cmd=(0.00, -0.25)
[state_machine_node-24] [INFO] [1790647278.997947593] [state_machine_node]: Fine door parking translation: observed_blue_18p6_1p9, dist=0.22m/0.17m, heading_error=37deg, cmd=(0.00, -0.25)
[door_detection_node-21] [INFO] [1790647279.184826024] [door_detection_node]: 문 후보 발행: id=door_blue_0baf19, source=front_right, color=blue, dist=6.34m, conf=0.64, bbox=(213,72,237,166), rep_x=225, center_x=225, angle=-85.5deg, center_angle=-85.5deg, lidar=6.90m, visual=4.98m, goal=(14.20,-1.34), handle=(13.04,-1.81,1.00), handle_obs=True, handle_method=estimated, handle_conf=0.00
[state_machine_node-24] [INFO] [1790647279.193634659] [state_machine_node]: Blue candidate door_blue_0baf19 ignored: physical/opened door station already handled nearby at (13.04, -1.81).
[state_machine_node-24] [INFO] [1790647279.940356569] [state_machine_node]: Fine door parking translation: observed_blue_18p6_1p9, dist=0.23m/0.17m, heading_error=38deg, cmd=(0.00, -0.25)
[door_detection_node-21] [INFO] [1790647280.835596724] [door_detection_node]: 문 후보 발행: id=door_blue_0baf19, source=front_right, color=blue, dist=6.38m, conf=0.56, bbox=(172,73,198,167), rep_x=185, center_x=185, angle=-76.1deg, center_angle=-76.1deg, lidar=7.07m, visual=4.98m, goal=(14.26,-1.58), handle=(13.04,-1.86,1.00), handle_obs=True, handle_method=estimated, handle_conf=0.00
[state_machine_node-24] [INFO] [1790647280.899371420] [state_machine_node]: Fine door parking translation: observed_blue_18p6_1p9, dist=0.22m/0.17m, heading_error=31deg, cmd=(0.00, -0.25)
[state_machine_node-24] [INFO] [1790647281.844766479] [state_machine_node]: Fine door parking translation: observed_blue_18p6_1p9, dist=0.23m/0.17m, heading_error=28deg, cmd=(0.00, -0.25)
[door_detection_node-21] [INFO] [1790647282.234528871] [door_detection_node]: Side camera LiDAR range looks too long for the visible door; using visual range (source=front_right, lidar=3.69m, visual=2.67m)
[state_machine_node-24] [INFO] [1790647282.818216803] [state_machine_node]: Fine door parking translation: observed_blue_18p6_1p9, dist=0.24m/0.17m, heading_error=28deg, cmd=(0.07, -0.14)
[door_detection_node-21] [INFO] [1790647283.037044768] [door_detection_node]: 문 후보 발행: id=door_blue_6626af, source=front_right, color=blue, dist=6.42m, conf=0.51, bbox=(116,72,141,166), rep_x=128, center_x=128, angle=-62.2deg, center_angle=-62.2deg, lidar=7.14m, visual=4.98m, goal=(14.34,-2.00), handle=(13.09,-2.01,1.00), handle_obs=True, handle_method=estimated, handle_conf=0.00
[state_machine_node-24] [INFO] [1790647283.047959830] [state_machine_node]: Blue candidate door_blue_6626af ignored: physical/opened door station already handled nearby at (13.09, -2.01).
[state_machine_node-24] [INFO] [1790647283.758576253] [state_machine_node]: Fine door parking translation: observed_blue_18p6_1p9, dist=0.23m/0.17m, heading_error=22deg, cmd=(0.07, -0.14)
[door_detection_node-21] [INFO] [1790647284.642713968] [door_detection_node]: 문 후보 발행: id=door_blue_afd873, source=front_right, color=blue, dist=5.55m, conf=0.51, bbox=(73,70,100,171), rep_x=86, center_x=86, angle=-52.5deg, center_angle=-52.5deg, lidar=5.90m, visual=4.63m, goal=(15.10,-1.81), handle=(13.86,-1.60,1.00), handle_obs=True, handle_method=estimated, handle_conf=0.00
[state_machine_node-24] [INFO] [1790647284.724554289] [state_machine_node]: Fine door parking translation: observed_blue_18p6_1p9, dist=0.20m/0.17m, heading_error=30deg, cmd=(0.00, -0.25)
[state_machine_node-24] [INFO] [1790647285.692326876] [state_machine_node]: Fine door parking translation: observed_blue_18p6_1p9, dist=0.19m/0.17m, heading_error=26deg, cmd=(0.07, -0.14)
[door_detection_node-21] [INFO] [1790647286.143321449] [door_detection_node]: 문 후보 발행: id=door_blue_5f9f81, source=front_right, color=blue, dist=5.53m, conf=0.57, bbox=(40,67,68,172), rep_x=54, center_x=54, angle=-45.6deg, center_angle=-45.6deg, lidar=5.91m, visual=4.46m, goal=(15.08,-1.99), handle=(13.89,-1.63,1.00), handle_obs=True, handle_method=estimated, handle_conf=0.00
[state_machine_node-24] [INFO] [1790647286.152781794] [state_machine_node]: Blue candidate door_blue_5f9f81 ignored: physical/opened door station already handled nearby at (13.89, -1.63).
[state_machine_node-24] [INFO] [1790647286.662431372] [state_machine_node]: Fine door parking translation: observed_blue_18p6_1p9, dist=0.18m/0.17m, heading_error=31deg, cmd=(0.00, -0.25)
[door_detection_node-21] [INFO] [1790647287.327655325] [door_detection_node]: Side camera LiDAR range looks too long for the visible door; using visual range (source=front_right, lidar=5.56m, visual=3.93m)
[state_machine_node-24] [INFO] [1790647287.617250477] [state_machine_node]: Fine door parking translation: observed_blue_18p6_1p9, dist=0.18m/0.17m, heading_error=31deg, cmd=(0.00, -0.25)
[door_detection_node-21] [INFO] [1790647287.690132220] [door_detection_node]: 문 후보 발행: id=door_blue_b16a79, source=front_right, color=blue, dist=3.93m, conf=0.49, bbox=(3,61,37,180), rep_x=20, center_x=20, angle=-39.1deg, center_angle=-39.1deg, lidar=5.81m, visual=3.93m, goal=(16.46,-1.42), handle=(15.31,-0.94,1.00), handle_obs=True, handle_method=estimated, handle_conf=0.00
[state_machine_node-24] [INFO] [1790647287.695715826] [state_machine_node]: blue candidate (15.3, -0.9) rejected: same-wall blue observation is inside the opened-door remnant window (opened_progress=14.0m, gap=1.3m, window=2.4m).
[state_machine_node-24] [INFO] [1790647287.701239427] [state_machine_node]: Blue candidate door_blue_b16a79_1 recorded with door-body progress and observed wall side because its direct projection was center-biased or crossed the corridor.
[state_machine_node-24] [INFO] [1790647287.712668325] [state_machine_node]: 문 접근 목표 보정: door_blue_b16a79_1 handle_axis=(15.31, -0.94) goal_axis=(15.31, 0.16) wall_axis=(15.31, -0.94) yaw=-90deg
[state_machine_node-24] [INFO] [1790647288.567457297] [state_machine_node]: Fine door parking translation: observed_blue_18p6_1p9, dist=0.18m/0.17m, heading_error=33deg, cmd=(0.00, -0.25)
[door_detection_node-21] [INFO] [1790647289.094953279] [door_detection_node]: Front lateral LiDAR range looks too long for the visible door; using visual range (lidar=6.32m, visual=4.33m)
[door_detection_node-21] [INFO] [1790647289.104933914] [door_detection_node]: YOLO 후보 제외: source=front, far small dist=4.33m, conf=0.44, bbox=(301,64,320,172)
[state_machine_node-24] [INFO] [1790647289.541555196] [state_machine_node]: Fine door parking translation: observed_blue_18p6_1p9, dist=0.19m/0.17m, heading_error=27deg, cmd=(0.07, -0.14)
[state_machine_node-24] [INFO] [1790647290.495963404] [state_machine_node]: Fine door final yaw alignment: observed_blue_18p6_1p9, dist=0.16m/0.17m, yaw_error=144deg, cmd=(0.00, -0.25)
[door_detection_node-21] [INFO] [1790647290.884957448] [door_detection_node]: 문 후보 발행: id=door_blue_06f816, source=front, color=blue, dist=4.59m, conf=0.55, bbox=(266,67,295,169), rep_x=280, center_x=280, angle=-27.1deg, center_angle=-27.1deg, lidar=6.40m, visual=4.59m, goal=(15.72,-1.90), handle=(14.71,-1.16,1.00), handle_obs=True, handle_method=estimated, handle_conf=0.00
[state_machine_node-24] [INFO] [1790647290.898435738] [state_machine_node]: Blue candidate door_blue_06f816 ignored: physical/opened door station already handled nearby at (14.71, -1.16).
[state_machine_node-24] [INFO] [1790647291.443165996] [state_machine_node]: Fine door final yaw alignment: observed_blue_18p6_1p9, dist=0.16m/0.17m, yaw_error=139deg, cmd=(0.00, -0.25)
[door_detection_node-21] [INFO] [1790647292.286113597] [door_detection_node]: Front lateral LiDAR range looks too long for the visible door; using visual range (lidar=6.46m, visual=4.73m)
[state_machine_node-24] [INFO] [1790647292.408474416] [state_machine_node]: Fine door final yaw alignment: observed_blue_18p6_1p9, dist=0.15m/0.17m, yaw_error=137deg, cmd=(0.00, -0.25)
[door_detection_node-21] [INFO] [1790647292.718365628] [door_detection_node]: 문 후보 발행: id=door_blue_06f816, source=front, color=blue, dist=4.73m, conf=0.54, bbox=(236,69,262,168), rep_x=249, center_x=249, angle=-20.8deg, center_angle=-20.8deg, lidar=6.93m, visual=4.73m, goal=(15.39,-1.98), handle=(14.49,-1.10,1.00), handle_obs=True, handle_method=estimated, handle_conf=0.00
[state_machine_node-24] [INFO] [1790647293.386007958] [state_machine_node]: Fine door final yaw alignment: observed_blue_18p6_1p9, dist=0.14m/0.17m, yaw_error=131deg, cmd=(0.00, -0.25)
[state_machine_node-24] [INFO] [1790647293.988643545] [state_machine_node]: Blue candidate door_blue_6622f5 ignored: physical/opened door station already handled nearby at (14.38, -1.21).
[state_machine_node-24] [INFO] [1790647294.360336253] [state_machine_node]: Fine door final yaw alignment: observed_blue_18p6_1p9, dist=0.15m/0.17m, yaw_error=126deg, cmd=(0.00, -0.25)
[state_machine_node-24] [INFO] [1790647295.327579698] [state_machine_node]: Fine door final yaw alignment: observed_blue_18p6_1p9, dist=0.14m/0.17m, yaw_error=120deg, cmd=(0.00, -0.25)
[door_detection_node-21] [INFO] [1790647295.923321727] [door_detection_node]: 문 후보 발행: id=door_blue_728646, source=front, color=blue, dist=6.67m, conf=0.65, bbox=(173,74,197,166), rep_x=185, center_x=185, angle=-6.1deg, center_angle=-6.1deg, lidar=7.11m, visual=5.09m, goal=(13.38,-3.03), handle=(12.73,-1.96,1.00), handle_obs=True, handle_method=estimated, handle_conf=0.00
[state_machine_node-24] [INFO] [1790647295.927750991] [state_machine_node]: blue candidate (12.7, -2.0) rejected: same-wall blue observation is inside the opened-door remnant window (opened_progress=14.0m, gap=-1.2m, window=2.4m).
[state_machine_node-24] [INFO] [1790647295.932496728] [state_machine_node]: 문 접근 목표 보정: door_blue_728646 handle_axis=(12.73, -1.96) goal_axis=(12.73, -0.86) wall_axis=(12.73, -1.96) yaw=-90deg
[state_machine_node-24] [INFO] [1790647296.284372800] [state_machine_node]: Fine door final yaw alignment: observed_blue_18p6_1p9, dist=0.15m/0.17m, yaw_error=115deg, cmd=(0.00, -0.25)
[state_machine_node-24] [INFO] [1790647296.623998218] [state_machine_node]: 문 접근 목표 보정: door_blue_6a2473 handle_axis=(18.49, 1.94) goal_axis=(18.49, 0.84) wall_axis=(18.49, 1.94) yaw=90deg
[state_machine_node-24] [INFO] [1790647296.630109080] [state_machine_node]: 문 접근 목표 보정: door_blue_6a2473 handle_axis=(18.49, 1.94) goal_axis=(18.49, 0.84) wall_axis=(18.49, 1.94) yaw=90deg
[state_machine_node-24] [INFO] [1790647296.631484582] [state_machine_node]: 문 접근 목표 보정: door_blue_6a2473 handle_axis=(18.49, 1.94) goal_axis=(18.49, 0.84) wall_axis=(18.49, 1.94) yaw=90deg
[state_machine_node-24] [INFO] [1790647297.246798983] [state_machine_node]: Fine door final yaw alignment: observed_blue_18p6_1p9, dist=0.16m/0.17m, yaw_error=112deg, cmd=(0.00, -0.25)
[state_machine_node-24] [INFO] [1790647298.261773034] [state_machine_node]: Fine door final yaw alignment: observed_blue_18p6_1p9, dist=0.14m/0.17m, yaw_error=107deg, cmd=(0.00, -0.25)
[door_detection_node-21] [INFO] [1790647298.515591955] [door_detection_node]: 문 후보 발행: id=door_blue_f303de, source=front, color=blue, dist=6.47m, conf=0.39, bbox=(119,73,144,166), rep_x=131, center_x=131, angle=7.1deg, center_angle=7.1deg, lidar=7.13m, visual=5.03m, goal=(12.59,-0.88), handle=(13.02,-2.06,1.00), handle_obs=True, handle_method=estimated, handle_conf=0.00
[state_machine_node-24] [INFO] [1790647298.529824880] [state_machine_node]: Blue candidate door_blue_f303de ignored: physical/opened door station already handled nearby at (13.02, -2.06).
[state_machine_node-24] [INFO] [1790647299.243506066] [state_machine_node]: Fine door final yaw alignment: observed_blue_18p6_1p9, dist=0.13m/0.17m, yaw_error=99deg, cmd=(0.00, -0.25)
[state_machine_node-24] [INFO] [1790647299.664445239] [state_machine_node]: 문 접근 목표 보정: door_blue_6a2473 handle_axis=(18.60, 1.89) goal_axis=(18.60, 0.79) wall_axis=(18.60, 1.89) yaw=90deg
[state_machine_node-24] [INFO] [1790647299.669406266] [state_machine_node]: 문 접근 목표 보정: door_blue_6a2473 handle_axis=(18.60, 1.89) goal_axis=(18.60, 0.79) wall_axis=(18.60, 1.89) yaw=90deg
[state_machine_node-24] [INFO] [1790647299.672739497] [state_machine_node]: 문 접근 목표 보정: door_blue_6a2473 handle_axis=(18.60, 1.89) goal_axis=(18.60, 0.79) wall_axis=(18.60, 1.89) yaw=90deg
[state_machine_node-24] [INFO] [1790647300.215031571] [state_machine_node]: Fine door final yaw alignment: observed_blue_18p6_1p9, dist=0.12m/0.17m, yaw_error=95deg, cmd=(0.00, -0.25)
[door_detection_node-21] [INFO] [1790647300.260801638] [door_detection_node]: Front lateral LiDAR range looks too long for the visible door; using visual range (lidar=5.94m, visual=4.68m)
[door_detection_node-21] [INFO] [1790647300.695719531] [door_detection_node]: 문 후보 발행: id=door_blue_a53092, source=front, color=blue, dist=4.68m, conf=0.57, bbox=(52,69,78,169), rep_x=65, center_x=65, angle=22.1deg, center_angle=22.1deg, lidar=6.84m, visual=4.68m, goal=(14.51,-0.08), handle=(14.63,-1.32,1.00), handle_obs=True, handle_method=estimated, handle_conf=0.00
[door_detection_node-21] [INFO] [1790647301.131853666] [door_detection_node]: Side camera LiDAR range looks occluded; using visual range instead (source=front_left, lidar=1.97m, visual=2.98m)
[state_machine_node-24] [INFO] [1790647301.218171494] [state_machine_node]: Fine door final yaw alignment: observed_blue_18p6_1p9, dist=0.14m/0.17m, yaw_error=89deg, cmd=(0.00, -0.25)
[door_detection_node-21] [INFO] [1790647302.146305094] [door_detection_node]: HSV candidate rejected: color=blue, edge-clipped bbox=(101,0,320,240), width_ratio=0.68
[state_machine_node-24] [INFO] [1790647302.149900871] [state_machine_node]: Fine door final yaw alignment: observed_blue_18p6_1p9, dist=0.15m/0.17m, yaw_error=81deg, cmd=(0.00, -0.25)
[state_machine_node-24] [INFO] [1790647303.126136683] [state_machine_node]: Fine door final yaw alignment: observed_blue_18p6_1p9, dist=0.14m/0.17m, yaw_error=77deg, cmd=(0.00, -0.25)
[door_detection_node-21] [INFO] [1790647303.132346202] [door_detection_node]: Side camera LiDAR range looks too long for the visible door; using visual range (source=front_left, lidar=6.58m, visual=4.22m)
[door_detection_node-21] [INFO] [1790647303.554235377] [door_detection_node]: 문 후보 발행: id=door_blue_4622c4, source=front_left, color=blue, dist=4.22m, conf=0.51, bbox=(296,61,320,172), rep_x=308, center_x=308, angle=37.7deg, center_angle=37.7deg, lidar=7.32m, visual=4.22m, goal=(15.27,0.11), handle=(15.05,-1.12,1.00), handle_obs=True, handle_method=estimated, handle_conf=0.00
[state_machine_node-24] [INFO] [1790647303.573297814] [state_machine_node]: Blue candidate door_blue_4622c4 ignored: physical/opened door station already handled nearby at (15.05, -1.12).
[state_machine_node-24] [INFO] [1790647304.087986601] [state_machine_node]: Fine door final yaw alignment: observed_blue_18p6_1p9, dist=0.12m/0.17m, yaw_error=72deg, cmd=(0.00, -0.25)
[state_machine_node-24] [INFO] [1790647304.250314844] [state_machine_node]: 문 접근 목표 보정: door_blue_95e8e9 handle_axis=(19.15, 1.83) goal_axis=(19.15, 0.73) wall_axis=(19.15, 1.83) yaw=90deg
[state_machine_node-24] [INFO] [1790647304.256711119] [state_machine_node]: 문 접근 목표 보정: door_blue_95e8e9 handle_axis=(19.15, 1.83) goal_axis=(19.15, 0.73) wall_axis=(19.15, 1.83) yaw=90deg
[state_machine_node-24] [INFO] [1790647304.282523012] [state_machine_node]: 문 접근 목표 보정: door_blue_95e8e9 handle_axis=(19.15, 1.83) goal_axis=(19.15, 0.73) wall_axis=(19.15, 1.83) yaw=90deg
[door_detection_node-21] [INFO] [1790647304.730602293] [door_detection_node]: Side camera LiDAR range looks occluded; using visual range instead (source=front_left, lidar=1.91m, visual=3.04m)
[state_machine_node-24] [INFO] [1790647305.080677246] [state_machine_node]: Fine door final yaw alignment: observed_blue_18p6_1p9, dist=0.14m/0.17m, yaw_error=65deg, cmd=(0.00, -0.25)
[door_detection_node-21] [INFO] [1790647305.161884817] [door_detection_node]: Side camera LiDAR range looks too long for the visible door; using visual range (source=front_left, lidar=6.73m, visual=4.63m)
[door_detection_node-21] [INFO] [1790647305.583106249] [door_detection_node]: 문 후보 발행: id=door_blue_4622c4, source=front_left, color=blue, dist=4.63m, conf=0.41, bbox=(239,69,267,170), rep_x=253, center_x=253, angle=48.3deg, center_angle=48.3deg, lidar=7.35m, visual=4.63m, goal=(15.09,-0.11), handle=(14.62,-1.27,1.00), handle_obs=True, handle_method=estimated, handle_conf=0.00
[door_detection_node-21] [INFO] [1790647306.011856372] [door_detection_node]: HSV candidate rejected: color=blue, edge-clipped bbox=(0,0,218,240), width_ratio=0.68
[state_machine_node-24] [INFO] [1790647306.073039159] [state_machine_node]: Fine door final yaw alignment: observed_blue_18p6_1p9, dist=0.13m/0.17m, yaw_error=62deg, cmd=(0.00, -0.25)
[door_detection_node-21] [INFO] [1790647307.015206485] [door_detection_node]: Side camera LiDAR range looks occluded; using visual range instead (source=front_left, lidar=1.97m, visual=2.91m)
[state_machine_node-24] [INFO] [1790647307.040293233] [state_machine_node]: Fine door final yaw alignment: observed_blue_18p6_1p9, dist=0.14m/0.17m, yaw_error=55deg, cmd=(0.00, -0.25)
[door_detection_node-21] [INFO] [1790647307.466306769] [door_detection_node]: Side camera LiDAR range looks too long for the visible door; using visual range (source=front_left, lidar=6.86m, visual=4.82m)
[door_detection_node-21] [INFO] [1790647307.907759814] [door_detection_node]: 문 후보 발행: id=door_blue_9800cb, source=front_left, color=blue, dist=4.82m, conf=0.67, bbox=(188,71,212,168), rep_x=200, center_x=200, angle=60.3deg, center_angle=60.3deg, lidar=7.33m, visual=4.82m, goal=(15.15,-0.33), handle=(14.44,-1.36,1.00), handle_obs=True, handle_method=estimated, handle_conf=0.00
[state_machine_node-24] [INFO] [1790647307.921122819] [state_machine_node]: Blue candidate door_blue_9800cb ignored: physical/opened door station already handled nearby at (14.44, -1.36).
[state_machine_node-24] [INFO] [1790647308.024488288] [state_machine_node]: Fine door final yaw alignment: observed_blue_18p6_1p9, dist=0.14m/0.17m, yaw_error=52deg, cmd=(0.00, -0.25)
[state_machine_node-24] [INFO] [1790647308.779886494] [state_machine_node]: 문 접근 목표 보정: door_blue_95e8e9 handle_axis=(18.80, 1.83) goal_axis=(18.80, 0.73) wall_axis=(18.80, 1.83) yaw=90deg
[state_machine_node-24] [INFO] [1790647308.785138779] [state_machine_node]: 문 접근 목표 보정: door_blue_95e8e9 handle_axis=(18.80, 1.83) goal_axis=(18.80, 0.73) wall_axis=(18.80, 1.83) yaw=90deg
[state_machine_node-24] [INFO] [1790647308.812471358] [state_machine_node]: 문 접근 목표 보정: door_blue_95e8e9 handle_axis=(18.80, 1.83) goal_axis=(18.80, 0.73) wall_axis=(18.80, 1.83) yaw=90deg
[state_machine_node-24] [INFO] [1790647308.993805055] [state_machine_node]: Fine door final yaw alignment: observed_blue_18p6_1p9, dist=0.15m/0.17m, yaw_error=49deg, cmd=(0.00, -0.25)
[state_machine_node-24] [INFO] [1790647309.974093478] [state_machine_node]: Fine door final yaw alignment: observed_blue_18p6_1p9, dist=0.15m/0.17m, yaw_error=44deg, cmd=(0.00, -0.25)
[door_detection_node-21] [INFO] [1790647310.056812598] [door_detection_node]: 문 후보 발행: id=door_blue_4ed493, source=front_left, color=blue, dist=6.24m, conf=0.44, bbox=(144,73,169,168), rep_x=156, center_x=156, angle=71.0deg, center_angle=71.0deg, lidar=6.85m, visual=4.93m, goal=(14.05,-1.05), handle=(13.17,-1.93,1.00), handle_obs=True, handle_method=estimated, handle_conf=0.00
[state_machine_node-24] [INFO] [1790647310.948335011] [state_machine_node]: Fine door final yaw alignment: observed_blue_18p6_1p9, dist=0.14m/0.17m, yaw_error=39deg, cmd=(0.00, -0.25)
[state_machine_node-24] [INFO] [1790647311.053181501] [state_machine_node]: 문 접근 목표 보정: door_blue_348b98 handle_axis=(18.89, 1.83) goal_axis=(18.89, 0.73) wall_axis=(18.89, 1.83) yaw=90deg
[state_machine_node-24] [INFO] [1790647311.058269335] [state_machine_node]: 문 접근 목표 보정: door_blue_348b98 handle_axis=(18.89, 1.83) goal_axis=(18.89, 0.73) wall_axis=(18.89, 1.83) yaw=90deg
[state_machine_node-24] [INFO] [1790647311.083693975] [state_machine_node]: 문 접근 목표 보정: door_blue_348b98 handle_axis=(18.89, 1.83) goal_axis=(18.89, 0.73) wall_axis=(18.89, 1.83) yaw=90deg
[state_machine_node-24] [INFO] [1790647311.941312155] [state_machine_node]: Fine door final yaw alignment: observed_blue_18p6_1p9, dist=0.12m/0.17m, yaw_error=34deg, cmd=(0.00, -0.25)
[door_detection_node-21] [INFO] [1790647311.942573355] [door_detection_node]: 문 후보 발행: id=door_blue_cc16bb, source=front_left, color=blue, dist=5.86m, conf=0.52, bbox=(101,71,125,167), rep_x=113, center_x=113, angle=81.4deg, center_angle=81.4deg, lidar=6.49m, visual=4.88m, goal=(14.57,-1.16), handle=(13.56,-1.89,1.00), handle_obs=True, handle_method=estimated, handle_conf=0.00
[door_detection_node-21] [INFO] [1790647311.954132271] [door_detection_node]: Side camera LiDAR range looks occluded; using visual range instead (source=front_left, lidar=1.88m, visual=2.75m)
[state_machine_node-24] [INFO] [1790647311.956690147] [state_machine_node]: Blue candidate door_blue_cc16bb ignored: physical/opened door station already handled nearby at (13.56, -1.89).
[state_machine_node-24] [INFO] [1790647312.922156810] [state_machine_node]: Fine door final yaw alignment: observed_blue_18p6_1p9, dist=0.14m/0.17m, yaw_error=29deg, cmd=(0.00, -0.25)
[state_machine_node-24] [INFO] [1790647313.345062079] [state_machine_node]: Blue candidate (18.8, 1.9) kept in strict exit tail: persistent side-wall blue memory is stronger than the exit-face spill guard.
[state_machine_node-24] [INFO] [1790647313.345866997] [state_machine_node]: 파란 문 후보 (18.8, 1.9) 유지: 반복 관측된 측면 벽 파란 문 후보라서 임시 출구 추정보다 우선 재확인합니다.
[state_machine_node-24] [INFO] [1790647313.348071051] [state_machine_node]: 문 접근 목표 보정: door_blue_348b98 handle_axis=(18.95, 1.86) goal_axis=(18.95, 0.76) wall_axis=(18.95, 1.86) yaw=90deg
[state_machine_node-24] [INFO] [1790647313.357746037] [state_machine_node]: Pre-exit blue candidate door_blue_348b98 kept: persistent blue memory or trusted handle detection separates it from exit tail.
[state_machine_node-24] [INFO] [1790647313.358949326] [state_machine_node]: 문 접근 목표 보정: door_blue_348b98 handle_axis=(18.95, 1.86) goal_axis=(18.95, 0.76) wall_axis=(18.95, 1.86) yaw=90deg
[state_machine_node-24] [INFO] [1790647313.383601813] [state_machine_node]: 문 접근 목표 보정: door_blue_348b98 handle_axis=(18.95, 1.86) goal_axis=(18.95, 0.76) wall_axis=(18.95, 1.86) yaw=90deg
[door_detection_node-21] [INFO] [1790647313.830654677] [door_detection_node]: 문 후보 발행: id=door_blue_348b98, source=front_right, color=blue, dist=1.09m, conf=0.67, bbox=(0,0,44,121), rep_x=22, center_x=22, angle=-39.5deg, center_angle=-39.5deg, lidar=1.04m, visual=3.87m, goal=(17.86,1.24), handle=(18.95,1.87,1.00), handle_obs=False, handle_method=estimated, handle_conf=0.00
[state_machine_node-24] [INFO] [1790647313.842061101] [state_machine_node]: 문 접근 목표 보정: door_blue_348b98 handle_axis=(18.95, 1.87) goal_axis=(18.95, 0.77) wall_axis=(18.95, 1.87) yaw=90deg
[state_machine_node-24] [INFO] [1790647313.853137914] [state_machine_node]: 문 접근 목표 보정: door_blue_348b98 handle_axis=(18.95, 1.87) goal_axis=(18.95, 0.77) wall_axis=(18.95, 1.87) yaw=90deg
[state_machine_node-24] [INFO] [1790647313.878364491] [state_machine_node]: 문 접근 목표 보정: door_blue_348b98 handle_axis=(18.95, 1.87) goal_axis=(18.95, 0.77) wall_axis=(18.95, 1.87) yaw=90deg
[state_machine_node-24] [INFO] [1790647313.927634496] [state_machine_node]: Fine door final yaw alignment: observed_blue_18p6_1p9, dist=0.14m/0.17m, yaw_error=24deg, cmd=(0.00, -0.25)
[state_machine_node-24] [INFO] [1790647314.893423377] [state_machine_node]: Fine door final yaw alignment: observed_blue_18p6_1p9, dist=0.13m/0.17m, yaw_error=18deg, cmd=(0.00, -0.24)
[door_detection_node-21] [INFO] [1790647315.790444285] [door_detection_node]: HSV candidate rejected: color=blue, edge-clipped bbox=(101,0,320,240), width_ratio=0.68
[state_machine_node-24] [INFO] [1790647315.858671729] [state_machine_node]: Fine door final yaw alignment: observed_blue_18p6_1p9, dist=0.12m/0.17m, yaw_error=16deg, cmd=(0.00, -0.21)
[state_machine_node-24] [INFO] [1790647316.840607744] [state_machine_node]: Fine door final yaw alignment: observed_blue_18p6_1p9, dist=0.10m/0.17m, yaw_error=11deg, cmd=(0.00, -0.14)
[door_detection_node-21] [INFO] [1790647317.269477651] [door_detection_node]: 문 후보 발행: id=door_blue_2cc0cd, source=front, color=blue, dist=1.06m, conf=1.00, bbox=(76,0,303,240), rep_x=189, center_x=189, angle=-7.1deg, center_angle=-7.1deg, lidar=1.09m, visual=1.95m, goal=(17.77,1.62), handle=(19.00,1.86,0.85), handle_obs=True, handle_method=hsv, handle_conf=0.70
[state_machine_node-24] [INFO] [1790647317.275846198] [state_machine_node]: Blue candidate (18.8, 1.9) kept in strict exit tail: persistent side-wall blue memory is stronger than the exit-face spill guard.
[state_machine_node-24] [INFO] [1790647317.276781233] [state_machine_node]: 파란 문 후보 (18.8, 1.9) 유지: 반복 관측된 측면 벽 파란 문 후보라서 임시 출구 추정보다 우선 재확인합니다.
[state_machine_node-24] [INFO] [1790647317.279209970] [state_machine_node]: 문 접근 목표 보정: door_blue_2cc0cd handle_axis=(19.00, 1.86) goal_axis=(19.00, 0.76) wall_axis=(19.00, 1.86) yaw=90deg
[state_machine_node-24] [INFO] [1790647317.287433027] [state_machine_node]: Pre-exit blue candidate door_blue_2cc0cd kept: persistent blue memory or trusted handle detection separates it from exit tail.
[state_machine_node-24] [INFO] [1790647317.288808771] [state_machine_node]: 문 접근 목표 보정: door_blue_2cc0cd handle_axis=(19.00, 1.86) goal_axis=(19.00, 0.76) wall_axis=(19.00, 1.86) yaw=90deg
[state_machine_node-24] [INFO] [1790647317.313720628] [state_machine_node]: 문 접근 목표 보정: door_blue_2cc0cd handle_axis=(19.00, 1.86) goal_axis=(19.00, 0.76) wall_axis=(19.00, 1.86) yaw=90deg
[state_machine_node-24] [INFO] [1790647317.315409226] [state_machine_node]: Nav2 goal cancellation requested before close-range door station correction backoff.
[state_machine_node-24] [WARN] [1790647317.316456629] [state_machine_node]: Close door-front observation moved observed_blue_18p6_1p9 by 0.36m; returning to Nav2 before final alignment.
[state_machine_node-24] [WARN] [1790647317.317513049] [state_machine_node]: Locked blue target refined from newer observation: observed_blue_18p6_1p9 -> observed_blue_18p6_1p9, goal shift=0.36m, identity=(18.64,1.91) -> (18.66,1.84)
[state_machine_node-24] [INFO] [1790647317.768295165] [state_machine_node]: Close-station correction backoff: observed_blue_18p6_1p9, cmd_x=-0.08
[state_machine_node-24] [INFO] [1790647318.740532609] [state_machine_node]: Close-station correction backoff: observed_blue_18p6_1p9, cmd_x=-0.08
[door_detection_node-21] [INFO] [1790647319.363885949] [door_detection_node]: 문 후보 발행: id=door_green_cfbb7c, source=front_right, color=green, dist=2.47m, conf=0.22, bbox=(297,0,320,240), rep_x=308, center_x=308, angle=-102.3deg, center_angle=-102.3deg, lidar=2.47m, visual=1.95m, goal=(19.72,0.63), handle=(21.21,0.46,1.00), handle_obs=False, handle_method=estimated, handle_conf=0.00
[state_machine_node-24] [INFO] [1790647319.720099978] [state_machine_node]: Close-station correction backoff: observed_blue_18p6_1p9, cmd_x=-0.08
[state_machine_node-24] [INFO] [1790647320.344555768] [state_machine_node]: 파란 문 후보 (18.7, 1.9) 유지: 반복 관측된 측면 벽 파란 문 후보라서 임시 출구 추정보다 우선 재확인합니다.
[state_machine_node-24] [INFO] [1790647320.708623839] [state_machine_node]: Close-station correction backoff: observed_blue_18p6_1p9, cmd_x=-0.08
[door_detection_node-21] [INFO] [1790647321.325911789] [door_detection_node]: 문 후보 발행: id=door_green_cfbb7c, source=front_right, color=green, dist=2.50m, conf=1.00, bbox=(291,0,320,236), rep_x=305, center_x=305, angle=-101.8deg, center_angle=-101.8deg, lidar=2.50m, visual=1.98m, goal=(19.74,0.57), handle=(21.24,0.43,1.00), handle_obs=False, handle_method=estimated, handle_conf=0.00
[state_machine_node-24] [INFO] [1790647321.328434981] [state_machine_node]: 보조 비상구 관측 저장: door_green_cfbb7c (21.2, 0.4)
[state_machine_node-24] [INFO] [1790647321.697980875] [state_machine_node]: Door navigation backoff complete; replanning to observed_blue_18p6_1p9.
[navigation_node-22] [INFO] [1790647321.699790774] [navigation_node]: Navigation goal received: door observed_blue_18p6_1p9 (color=blue, frame=map, x=19.00, y=0.76)
[navigation_node-22] [WARN] [1790647321.820082322] [navigation_node]: Navigation goal is not reachable/free (cost=99) and no nearby connected free cell was found. Rejecting this goal instead of waiting for a Nav2 timeout.
[state_machine_node-24] [WARN] [1790647321.822228996] [state_machine_node]: Navigation failed.
[state_machine_node-24] [INFO] [1790647322.242868104] [state_machine_node]: 문 접근 목표 보정: door_blue_4ec075 handle_axis=(18.96, 1.86) goal_axis=(18.96, 0.76) wall_axis=(18.96, 1.86) yaw=90deg
[state_machine_node-24] [INFO] [1790647322.246173030] [state_machine_node]: 문 접근 목표 보정: door_blue_4ec075 handle_axis=(18.96, 1.86) goal_axis=(18.96, 0.76) wall_axis=(18.96, 1.86) yaw=90deg
[state_machine_node-24] [INFO] [1790647322.650214206] [state_machine_node]: Pre-exit blue candidate observed_blue_18p6_1p9 kept: persistent blue memory or trusted handle detection separates it from exit tail.
[state_machine_node-24] [WARN] [1790647322.651387384] [state_machine_node]: Fine alignment blocked by costmap: occupied, inscribed, unknown or out-of-map approach segment; retaining Nav2/reobservation.
[state_machine_node-24] [WARN] [1790647322.652348209] [state_machine_node]: Nav failure [nav2_failure] → observed_blue_18p6_1p9. 재시도 1/2
[state_machine_node-24] [INFO] [1790647322.653946321] [state_machine_node]: Nav2 goal cancellation requested before LiDAR-cleared Nav2 start-cell backoff.
[state_machine_node-24] [WARN] [1790647322.654796013] [state_machine_node]: Nav2 start cell recovery: rear LiDAR clearance 2.62m >= 0.55m; backing away briefly before replanning the locked blue door.
[door_detection_node-21] [INFO] [1790647323.581136877] [door_detection_node]: 문 후보 발행: id=door_blue_4ec075, source=front, color=blue, dist=1.23m, conf=1.00, bbox=(63,0,252,240), rep_x=157, center_x=157, angle=0.7deg, center_angle=0.7deg, lidar=1.27m, visual=1.95m, goal=(18.72,0.93), handle=(18.95,1.86,0.84), handle_obs=True, handle_method=yolo:primary:item, handle_conf=0.72
[state_machine_node-24] [INFO] [1790647323.599333257] [state_machine_node]: Close-station correction backoff: observed_blue_18p6_1p9, cmd_x=-0.08
[state_machine_node-24] [INFO] [1790647324.563523146] [state_machine_node]: Close-station correction backoff: observed_blue_18p6_1p9, cmd_x=-0.08
[door_detection_node-21] [INFO] [1790647325.452123245] [door_detection_node]: 문 후보 발행: id=door_blue_4ec075, source=front, color=blue, dist=1.28m, conf=1.00, bbox=(67,0,248,240), rep_x=157, center_x=157, angle=0.7deg, center_angle=0.7deg, lidar=1.30m, visual=1.95m, goal=(17.73,1.77), handle=(18.97,1.91,0.84), handle_obs=True, handle_method=yolo:primary:item, handle_conf=0.71
[state_machine_node-24] [INFO] [1790647325.574586489] [state_machine_node]: Close-station correction backoff: observed_blue_18p6_1p9, cmd_x=-0.08
[state_machine_node-24] [INFO] [1790647326.547584543] [state_machine_node]: Door navigation backoff complete; replanning to observed_blue_18p6_1p9.
[navigation_node-22] [INFO] [1790647326.549492729] [navigation_node]: Navigation goal received: door observed_blue_18p6_1p9 (color=blue, frame=map, x=19.00, y=0.76)
[navigation_node-22] [WARN] [1790647326.672655927] [navigation_node]: Relaxed blue-door staging constraints to keep Nav2 goal in connected free space before the FSM performs fine alignment.
[navigation_node-22] [WARN] [1790647326.673500240] [navigation_node]: Adjusted unreachable/occupied navigation goal from (19.00, 0.76, cost=99) to connected free cell (18.88, 1.18, cost=0)
[bt_navigator-17] [INFO] [1790647326.761085583] [bt_navigator]: Begin navigating from current location (18.77, 0.51) to (18.88, 1.18)
[navigation_node-22] [INFO] [1790647326.767849321] [navigation_node]: Navigation goal accepted by Nav2
[controller_server-13] [INFO] [1790647326.962588652] [controller_server]: Received a goal, begin computing control effort.
[state_machine_node-24] [WARN] [1790647327.516746844] [state_machine_node]: Fine alignment blocked by costmap: occupied, inscribed, unknown or out-of-map approach segment; retaining Nav2/reobservation.
[door_detection_node-21] [INFO] [1790647327.741046111] [door_detection_node]: 문 후보 발행: id=door_blue_4ec075, source=front, color=blue, dist=1.35m, conf=1.00, bbox=(73,0,242,240), rep_x=157, center_x=157, angle=0.7deg, center_angle=0.7deg, lidar=1.38m, visual=1.95m, goal=(18.72,0.82), handle=(18.93,1.88,0.85), handle_obs=True, handle_method=yolo:primary:item, handle_conf=0.70
[state_machine_node-24] [INFO] [1790647327.751152441] [state_machine_node]: 문 접근 목표 보정: door_blue_4ec075 handle_axis=(18.93, 1.88) goal_axis=(18.93, 0.78) wall_axis=(18.93, 1.88) yaw=90deg
[state_machine_node-24] [INFO] [1790647327.756326944] [state_machine_node]: 문 접근 목표 보정: door_blue_4ec075 handle_axis=(18.93, 1.88) goal_axis=(18.93, 0.78) wall_axis=(18.93, 1.88) yaw=90deg
[controller_server-13] [INFO] [1790647328.338243718] [controller_server]: Passing new path to controller.
[controller_server-13] [INFO] [1790647329.593304074] [controller_server]: Passing new path to controller.
[door_detection_node-21] [INFO] [1790647329.617959969] [door_detection_node]: 문 후보 발행: id=door_blue_4ec075, source=front, color=blue, dist=1.26m, conf=1.00, bbox=(53,0,234,240), rep_x=143, center_x=143, angle=4.2deg, center_angle=4.2deg, lidar=1.22m, visual=1.95m, goal=(18.71,0.89), handle=(18.95,1.82,0.85), handle_obs=True, handle_method=yolo:primary:item, handle_conf=0.70
[state_machine_node-24] [INFO] [1790647329.631122401] [state_machine_node]: 문 접근 목표 보정: door_blue_4ec075 handle_axis=(18.95, 1.82) goal_axis=(18.95, 0.72) wall_axis=(18.95, 1.82) yaw=90deg
[state_machine_node-24] [INFO] [1790647329.634522315] [state_machine_node]: 문 접근 목표 보정: door_blue_4ec075 handle_axis=(18.95, 1.82) goal_axis=(18.95, 0.72) wall_axis=(18.95, 1.82) yaw=90deg
[state_machine_node-24] [WARN] [1790647330.468889644] [state_machine_node]: Fine alignment blocked by costmap: occupied, inscribed, unknown or out-of-map approach segment; retaining Nav2/reobservation.
[state_machine_node-24] [INFO] [1790647330.691743794] [state_machine_node]: 문 접근 목표 보정: door_blue_4ec075 handle_axis=(18.95, 1.83) goal_axis=(18.95, 0.73) wall_axis=(18.95, 1.83) yaw=90deg
[state_machine_node-24] [INFO] [1790647330.695451477] [state_machine_node]: 문 접근 목표 보정: door_blue_4ec075 handle_axis=(18.95, 1.83) goal_axis=(18.95, 0.73) wall_axis=(18.95, 1.83) yaw=90deg
[controller_server-13] [INFO] [1790647330.963271844] [controller_server]: Passing new path to controller.
[controller_server-13] [INFO] [1790647332.213153580] [controller_server]: Passing new path to controller.
[door_detection_node-21] [INFO] [1790647332.380564767] [door_detection_node]: HSV candidate rejected: color=blue, edge-clipped bbox=(0,0,186,240), width_ratio=0.58
[door_detection_node-21] [INFO] [1790647333.378709109] [door_detection_node]: 문 후보 발행: id=door_blue_ae6d73, source=front_left, color=blue, dist=0.95m, conf=1.00, bbox=(259,0,320,240), rep_x=289, center_x=289, angle=41.1deg, center_angle=41.1deg, lidar=0.92m, visual=1.95m, goal=(19.57,1.46), handle=(18.37,1.81,1.00), handle_obs=False, handle_method=estimated, handle_conf=0.00
[state_machine_node-24] [INFO] [1790647333.387928752] [state_machine_node]: 문 접근 목표 보정: door_blue_ae6d73 handle_axis=(18.37, 1.81) goal_axis=(18.37, 0.71) wall_axis=(18.37, 1.81) yaw=90deg
[state_machine_node-24] [INFO] [1790647333.391374055] [state_machine_node]: 문 접근 목표 보정: door_blue_ae6d73 handle_axis=(18.37, 1.81) goal_axis=(18.37, 0.71) wall_axis=(18.37, 1.81) yaw=90deg
[state_machine_node-24] [WARN] [1790647333.392681069] [state_machine_node]: Locked blue target refined from newer observation: observed_blue_18p6_1p9 -> observed_blue_18p6_1p9, goal shift=0.64m, identity=(18.66,1.84) -> (18.37,1.81)
[navigation_node-22] [INFO] [1790647333.394676651] [navigation_node]: Navigation goal received: door observed_blue_18p6_1p9 (color=blue, frame=map, x=18.37, y=0.71)
[navigation_node-22] [WARN] [1790647333.395879542] [navigation_node]: Already navigating. Preempting current goal without an explicit stop before retargeting to: observed_blue_18p6_1p9
[navigation_node-22] [INFO] [1790647333.570446589] [navigation_node]: Navigation goal accepted by Nav2
[controller_server-13] [INFO] [1790647333.588170798] [controller_server]: Passing new path to controller.
[bt_navigator-17] [INFO] [1790647333.661625797] [bt_navigator]: Received goal preemption request
[bt_navigator-17] [INFO] [1790647333.662440723] [bt_navigator]: Begin navigating from current location (18.75, 0.99) to (18.37, 0.71)
[cmd_vel_safety_node-6] [WARN] [1790647334.798414443] [cmd_vel_safety_node]: LiDAR collision stop: front=0.48m
[controller_server-13] [INFO] [1790647334.838181650] [controller_server]: Passing new path to controller.
[door_detection_node-21] [INFO] [1790647334.997333364] [door_detection_node]: 문 후보 발행: id=door_blue_ae6d73, source=front_left, color=blue, dist=0.88m, conf=0.27, bbox=(201,0,320,240), rep_x=260, center_x=260, angle=46.9deg, center_angle=46.9deg, lidar=0.83m, visual=1.95m, goal=(19.56,1.35), handle=(18.39,1.80,1.00), handle_obs=False, handle_method=estimated, handle_conf=0.00
[state_machine_node-24] [INFO] [1790647335.006973559] [state_machine_node]: 문 접근 목표 보정: door_blue_ae6d73 handle_axis=(18.39, 1.80) goal_axis=(18.39, 0.70) wall_axis=(18.39, 1.80) yaw=90deg
[state_machine_node-24] [INFO] [1790647335.008558852] [state_machine_node]: 문 접근 목표 보정: door_blue_ae6d73 handle_axis=(18.39, 1.80) goal_axis=(18.39, 0.70) wall_axis=(18.39, 1.80) yaw=90deg
[controller_server-13] [INFO] [1790647336.088267338] [controller_server]: Passing new path to controller.
[state_machine_node-24] [INFO] [1790647336.438526059] [state_machine_node]: 문 접근 목표 보정: door_blue_911927 handle_axis=(18.72, 1.90) goal_axis=(18.72, 0.80) wall_axis=(18.72, 1.90) yaw=90deg
[state_machine_node-24] [INFO] [1790647336.441949055] [state_machine_node]: 문 접근 목표 보정: door_blue_911927 handle_axis=(18.72, 1.90) goal_axis=(18.72, 0.80) wall_axis=(18.72, 1.90) yaw=90deg
[state_machine_node-24] [WARN] [1790647336.443372290] [state_machine_node]: Locked blue target refined from newer observation: observed_blue_18p6_1p9 -> observed_blue_18p6_1p9, goal shift=0.37m, identity=(18.37,1.81) -> (18.72,1.90)
[navigation_node-22] [INFO] [1790647336.445022444] [navigation_node]: Navigation goal received: door observed_blue_18p6_1p9 (color=blue, frame=map, x=18.72, y=0.80)
[navigation_node-22] [WARN] [1790647336.445755979] [navigation_node]: Already navigating. Preempting current goal without an explicit stop before retargeting to: observed_blue_18p6_1p9
[navigation_node-22] [WARN] [1790647336.552809866] [navigation_node]: Adjusted unreachable/occupied navigation goal from (18.72, 0.80, cost=44) to connected free cell (18.68, 0.63, cost=0)
[navigation_node-22] [INFO] [1790647336.651286429] [navigation_node]: Navigation goal accepted by Nav2
[bt_navigator-17] [INFO] [1790647336.662281295] [bt_navigator]: Received goal preemption request
[bt_navigator-17] [INFO] [1790647336.662701618] [bt_navigator]: Begin navigating from current location (18.77, 1.05) to (18.68, 0.63)
[cmd_vel_safety_node-6] [WARN] [1790647337.098344454] [cmd_vel_safety_node]: LiDAR collision stop: front=0.48m
[state_machine_node-24] [INFO] [1790647337.408097542] [state_machine_node]: Pre-exit blue candidate observed_blue_18p6_1p9 kept: persistent blue memory or trusted handle detection separates it from exit tail.
[state_machine_node-24] [INFO] [1790647337.431817569] [state_machine_node]: Nav2 goal is close enough for fine door alignment: observed_blue_18p6_1p9, dist=0.28m/0.38m, lateral=0.15m/0.24m, yaw_error=10deg.
[state_machine_node-24] [INFO] [1790647337.433327436] [state_machine_node]: Nav2 goal cancellation requested before door fine alignment.
[navigation_node-22] [INFO] [1790647337.433826351] [navigation_node]: Navigation cancellation requested for manual control handoff.
[controller_server-13] [INFO] [1790647337.463241758] [controller_server]: Goal was canceled. Stopping the robot.
[controller_server-13] [WARN] [1790647337.463333665] [controller_server]: [follow_path] [ActionServer] Aborting handle.
[controller_server-13] [INFO] [1790647337.463788910] [controller_server]: [follow_path] [ActionServer] Client requested to cancel the goal. Cancelling.
[bt_navigator-17] [INFO] [1790647337.464230126] [bt_navigator]: [navigate_to_pose] [ActionServer] Client requested to cancel the goal. Cancelling.
[bt_navigator-17] [INFO] [1790647337.464848675] [bt_navigator]: Goal canceled
[state_machine_node-24] [INFO] [1790647337.499512659] [state_machine_node]: Fine door approach started: observed_blue_18p6_1p9, dist=0.28m, lateral=0.15m, forward=-0.23m, yaw_error=10deg
[state_machine_node-24] [INFO] [1790647337.500793932] [state_machine_node]: Fine door parking translation: observed_blue_18p6_1p9, dist=0.28m/0.17m, heading_error=147deg, cmd=(0.00, 0.25)
[door_detection_node-21] [INFO] [1790647337.704706662] [door_detection_node]: HSV candidate rejected: color=blue, edge-clipped bbox=(0,0,295,240), width_ratio=0.92
[state_machine_node-24] [WARN] [1790647338.423661060] [state_machine_node]: Waiting for a fresh door-wall normal before alignment.
[door_detection_node-21] [INFO] [1790647338.543600625] [door_detection_node]: Side camera LiDAR range looks too long for the visible door; using visual range (source=front_left, lidar=5.78m, visual=4.00m)
[door_detection_node-21] [INFO] [1790647338.966646916] [door_detection_node]: 문 후보 발행: id=door_blue_f50f29, source=front_left, color=blue, dist=4.00m, conf=0.42, bbox=(0,62,26,179), rep_x=13, center_x=13, angle=102.1deg, center_angle=102.1deg, lidar=5.69m, visual=4.00m, goal=(16.64,-0.66), handle=(15.47,-1.10,1.00), handle_obs=True, handle_method=estimated, handle_conf=0.00
[state_machine_node-24] [INFO] [1790647338.970047998] [state_machine_node]: blue candidate (15.4, -1.0) rejected: same-wall blue observation is inside the opened-door remnant window (opened_progress=14.0m, gap=1.4m, window=2.4m).
[state_machine_node-24] [INFO] [1790647338.976246298] [state_machine_node]: Blue candidate door_blue_b16a79_1 recorded with door-body progress and observed wall side because its direct projection was center-biased or crossed the corridor.
[state_machine_node-24] [INFO] [1790647338.988438695] [state_machine_node]: Observed blue cluster (16.5, -1.3) will be rechecked despite mixed semantic color memory.
[state_machine_node-24] [INFO] [1790647338.994991071] [state_machine_node]: 문 접근 목표 보정: door_blue_f50f29 handle_axis=(15.47, -1.10) goal_axis=(15.47, 0.00) wall_axis=(15.47, -1.10) yaw=-90deg
[door_detection_node-21] [INFO] [1790647339.908741807] [door_detection_node]: HSV candidate rejected: color=blue, edge-clipped bbox=(51,0,320,240), width_ratio=0.84
[state_machine_node-24] [WARN] [1790647340.424307257] [state_machine_node]: Waiting for a fresh door-wall normal before alignment.
[door_detection_node-21] [INFO] [1790647340.568587544] [door_detection_node]: Side camera LiDAR range looks too long for the visible door; using visual range (source=front_left, lidar=5.78m, visual=4.18m)
[door_detection_node-21] [INFO] [1790647341.089268605] [door_detection_node]: 문 후보 발행: id=door_blue_f50f29, source=front_left, color=blue, dist=4.18m, conf=0.50, bbox=(0,64,34,176), rep_x=17, center_x=17, angle=101.4deg, center_angle=101.4deg, lidar=5.82m, visual=4.18m, goal=(16.50,-0.74), handle=(15.33,-1.19,1.00), handle_obs=True, handle_method=estimated, handle_conf=0.00
[state_machine_node-24] [INFO] [1790647341.098466413] [state_machine_node]: 문 접근 목표 보정: door_blue_f50f29 handle_axis=(15.33, -1.19) goal_axis=(15.33, -0.09) wall_axis=(15.33, -1.19) yaw=-90deg
[door_detection_node-21] [INFO] [1790647342.142634755] [door_detection_node]: HSV candidate rejected: color=blue, edge-clipped bbox=(51,0,320,240), width_ratio=0.84
[state_machine_node-24] [WARN] [1790647342.634417465] [state_machine_node]: Waiting for a fresh door-wall normal before alignment.
[door_detection_node-21] [INFO] [1790647342.796264032] [door_detection_node]: Side camera LiDAR range looks too long for the visible door; using visual range (source=front_left, lidar=5.83m, visual=4.18m)
[door_detection_node-21] [INFO] [1790647343.242802757] [door_detection_node]: 문 후보 발행: id=door_blue_f50f29, source=front_left, color=blue, dist=4.18m, conf=0.50, bbox=(0,64,34,176), rep_x=17, center_x=17, angle=101.4deg, center_angle=101.4deg, lidar=5.78m, visual=4.18m, goal=(16.50,-0.74), handle=(15.33,-1.19,1.00), handle_obs=True, handle_method=estimated, handle_conf=0.00
[state_machine_node-24] [INFO] [1790647343.246458464] [state_machine_node]: blue candidate (15.3, -1.1) rejected: same-wall blue observation is inside the opened-door remnant window (opened_progress=14.0m, gap=1.4m, window=2.4m).
[state_machine_node-24] [INFO] [1790647343.252267197] [state_machine_node]: Blue candidate door_blue_b16a79_1 recorded with door-body progress and observed wall side because its direct projection was center-biased or crossed the corridor.
[state_machine_node-24] [INFO] [1790647343.253845384] [state_machine_node]: 문 접근 목표 보정: door_blue_f50f29 handle_axis=(15.33, -1.19) goal_axis=(15.33, -0.09) wall_axis=(15.33, -1.19) yaw=-90deg
[door_detection_node-21] [INFO] [1790647344.220537341] [door_detection_node]: HSV candidate rejected: color=blue, edge-clipped bbox=(51,0,320,240), width_ratio=0.84
[door_detection_node-21] [INFO] [1790647345.200402861] [door_detection_node]: 문 후보 발행: id=door_blue_f50f29, source=front_left, color=blue, dist=4.18m, conf=0.50, bbox=(0,64,34,176), rep_x=17, center_x=17, angle=101.4deg, center_angle=101.4deg, lidar=5.75m, visual=4.18m, goal=(16.50,-0.74), handle=(15.33,-1.19,1.00), handle_obs=True, handle_method=estimated, handle_conf=0.00
[state_machine_node-24] [INFO] [1790647345.210846323] [state_machine_node]: 문 접근 목표 보정: door_blue_f50f29 handle_axis=(15.33, -1.19) goal_axis=(15.33, -0.09) wall_axis=(15.33, -1.19) yaw=-90deg
[state_machine_node-24] [WARN] [1790647345.589229725] [state_machine_node]: Waiting for a fresh door-wall normal before alignment.
[door_detection_node-21] [INFO] [1790647346.350270466] [door_detection_node]: Side camera LiDAR range looks too long for the visible door; using visual range (source=front_left, lidar=5.85m, visual=4.18m)
[door_detection_node-21] [INFO] [1790647346.810697973] [door_detection_node]: 문 후보 발행: id=door_blue_f50f29, source=front_left, color=blue, dist=4.18m, conf=0.50, bbox=(0,64,34,176), rep_x=17, center_x=17, angle=101.4deg, center_angle=101.4deg, lidar=5.81m, visual=4.18m, goal=(16.50,-0.74), handle=(15.33,-1.19,1.00), handle_obs=True, handle_method=estimated, handle_conf=0.00
[state_machine_node-24] [INFO] [1790647346.819013730] [state_machine_node]: blue candidate (15.3, -1.1) rejected: same-wall blue observation is inside the opened-door remnant window (opened_progress=14.0m, gap=1.4m, window=2.4m).
[state_machine_node-24] [INFO] [1790647346.824935375] [state_machine_node]: Blue candidate door_blue_b16a79_1 recorded with door-body progress and observed wall side because its direct projection was center-biased or crossed the corridor.
[state_machine_node-24] [INFO] [1790647346.826593581] [state_machine_node]: 문 접근 목표 보정: door_blue_f50f29 handle_axis=(15.33, -1.19) goal_axis=(15.33, -0.09) wall_axis=(15.33, -1.19) yaw=-90deg
[door_detection_node-21] [INFO] [1790647348.392280811] [door_detection_node]: 문 후보 발행: id=door_blue_f50f29, source=front_left, color=blue, dist=4.18m, conf=0.50, bbox=(0,64,34,176), rep_x=17, center_x=17, angle=101.4deg, center_angle=101.4deg, lidar=5.80m, visual=4.18m, goal=(16.50,-0.74), handle=(15.33,-1.19,1.00), handle_obs=True, handle_method=estimated, handle_conf=0.00
[state_machine_node-24] [INFO] [1790647348.401361097] [state_machine_node]: 문 접근 목표 보정: door_blue_f50f29 handle_axis=(15.33, -1.19) goal_axis=(15.33, -0.09) wall_axis=(15.33, -1.19) yaw=-90deg
[state_machine_node-24] [WARN] [1790647348.464022792] [state_machine_node]: Waiting for a fresh door-wall normal before alignment.
[door_detection_node-21] [INFO] [1790647349.290774297] [door_detection_node]: HSV candidate rejected: color=blue, edge-clipped bbox=(51,0,320,240), width_ratio=0.84
[state_machine_node-24] [INFO] [1790647349.444955972] [state_machine_node]: 문 앞 정렬 재접근: observed_blue_18p6_1p9 (2/2)
[state_machine_node-24] [INFO] [1790647349.447212392] [state_machine_node]: 문 접근 목표 보정: observed_blue_18p6_1p9 handle_axis=(18.72, 1.90) goal_axis=(18.72, 0.80) wall_axis=(18.72, 1.90) yaw=90deg
[navigation_node-22] [INFO] [1790647349.451113517] [navigation_node]: Navigation goal received: door observed_blue_18p6_1p9 (color=blue, frame=map, x=18.72, y=0.80)
[navigation_node-22] [WARN] [1790647349.564557637] [navigation_node]: Adjusted unreachable/occupied navigation goal from (18.72, 0.80, cost=44) to connected free cell (18.68, 0.73, cost=0)
[bt_navigator-17] [INFO] [1790647349.651733409] [bt_navigator]: Begin navigating from current location (18.85, 1.06) to (18.68, 0.73)
[navigation_node-22] [INFO] [1790647349.658338453] [navigation_node]: Navigation goal accepted by Nav2
[controller_server-13] [INFO] [1790647349.853228979] [controller_server]: Received a goal, begin computing control effort.
[door_detection_node-21] [INFO] [1790647349.900086120] [door_detection_node]: Side camera LiDAR range looks too long for the visible door; using visual range (source=front_left, lidar=5.78m, visual=4.18m)
[door_detection_node-21] [INFO] [1790647350.355815213] [door_detection_node]: 문 후보 발행: id=door_blue_f50f29, source=front_left, color=blue, dist=4.18m, conf=0.50, bbox=(0,64,34,176), rep_x=17, center_x=17, angle=101.4deg, center_angle=101.4deg, lidar=5.81m, visual=4.18m, goal=(16.50,-0.74), handle=(15.33,-1.19,1.00), handle_obs=True, handle_method=estimated, handle_conf=0.00
[state_machine_node-24] [INFO] [1790647350.359431562] [state_machine_node]: blue candidate (15.3, -1.2) rejected: same-wall blue observation is inside the opened-door remnant window (opened_progress=14.0m, gap=1.4m, window=2.4m).
[state_machine_node-24] [INFO] [1790647350.365337287] [state_machine_node]: Blue candidate door_blue_b16a79_1 recorded with door-body progress and observed wall side because its direct projection was center-biased or crossed the corridor.
[state_machine_node-24] [INFO] [1790647350.367019118] [state_machine_node]: 문 접근 목표 보정: door_blue_f50f29 handle_axis=(15.33, -1.19) goal_axis=(15.33, -0.09) wall_axis=(15.33, -1.19) yaw=-90deg
[state_machine_node-24] [INFO] [1790647350.394326198] [state_machine_node]: Nav2 goal is close enough for fine door alignment: observed_blue_18p6_1p9, dist=0.29m/0.38m, lateral=0.22m/0.24m, yaw_error=18deg.
[state_machine_node-24] [INFO] [1790647350.395441634] [state_machine_node]: Nav2 goal cancellation requested before door fine alignment.
[navigation_node-22] [INFO] [1790647350.395948872] [navigation_node]: Navigation cancellation requested for manual control handoff.
[state_machine_node-24] [INFO] [1790647350.440487403] [state_machine_node]: Fine door parking translation: observed_blue_18p6_1p9, dist=0.29m/0.17m, heading_error=132deg, cmd=(0.00, 0.25)
[bt_navigator-17] [ERROR] [1790647350.473292189] [bt_navigator_navigate_to_pose_rclcpp_node]: Failed to get result for follow_path in node halt!
[bt_navigator-17] [INFO] [1790647350.473534110] [bt_navigator]: [navigate_to_pose] [ActionServer] Client requested to cancel the goal. Cancelling.
[bt_navigator-17] [INFO] [1790647350.474072170] [bt_navigator]: Goal canceled
[controller_server-13] [INFO] [1790647350.478908051] [controller_server]: Goal was canceled. Stopping the robot.
[controller_server-13] [INFO] [1790647350.479001208] [controller_server]: [follow_path] [ActionServer] Client requested to cancel the goal. Cancelling.
[state_machine_node-24] [INFO] [1790647351.405851660] [state_machine_node]: Fine door parking translation: observed_blue_18p6_1p9, dist=0.29m/0.17m, heading_error=126deg, cmd=(0.00, 0.25)
[door_detection_node-21] [INFO] [1790647351.947317089] [door_detection_node]: 문 후보 발행: id=door_blue_f50f29, source=front_left, color=blue, dist=5.65m, conf=0.38, bbox=(20,66,52,171), rep_x=36, center_x=36, angle=97.9deg, center_angle=97.9deg, lidar=5.40m, visual=4.46m, goal=(15.26,-1.50), handle=(14.13,-2.04,1.00), handle_obs=True, handle_method=estimated, handle_conf=0.00
[state_machine_node-24] [INFO] [1790647351.961561616] [state_machine_node]: Blue candidate door_blue_f50f29 ignored: physical/opened door station already handled nearby at (14.13, -2.04).
[state_machine_node-24] [INFO] [1790647352.412670548] [state_machine_node]: Fine door parking translation: observed_blue_18p6_1p9, dist=0.31m/0.17m, heading_error=118deg, cmd=(0.00, 0.25)
[door_detection_node-21] [INFO] [1790647352.901597262] [door_detection_node]: HSV candidate rejected: color=blue, edge-clipped bbox=(104,0,320,240), width_ratio=0.68
[state_machine_node-24] [INFO] [1790647353.425214795] [state_machine_node]: Fine door parking translation: observed_blue_18p6_1p9, dist=0.30m/0.17m, heading_error=116deg, cmd=(0.00, 0.25)
[door_detection_node-21] [INFO] [1790647353.990081642] [door_detection_node]: 문 후보 발행: id=door_blue_cc16bb, source=front_left, color=blue, dist=5.72m, conf=0.43, bbox=(69,71,98,168), rep_x=83, center_x=83, angle=88.2deg, center_angle=88.2deg, lidar=5.46m, visual=4.82m, goal=(15.14,-1.39), handle=(14.13,-2.12,1.00), handle_obs=True, handle_method=estimated, handle_conf=0.00
[state_machine_node-24] [INFO] [1790647354.432453609] [state_machine_node]: Fine door parking translation: observed_blue_18p6_1p9, dist=0.30m/0.17m, heading_error=109deg, cmd=(0.00, 0.25)
[state_machine_node-24] [INFO] [1790647355.022881623] [state_machine_node]: 문 접근 목표 보정: door_blue_348b98 handle_axis=(18.90, 1.89) goal_axis=(18.90, 0.79) wall_axis=(18.90, 1.89) yaw=90deg
[state_machine_node-24] [INFO] [1790647355.027666658] [state_machine_node]: 문 접근 목표 보정: door_blue_348b98 handle_axis=(18.90, 1.89) goal_axis=(18.90, 0.79) wall_axis=(18.90, 1.89) yaw=90deg
[state_machine_node-24] [INFO] [1790647355.054419327] [state_machine_node]: 문 접근 목표 보정: door_blue_348b98 handle_axis=(18.90, 1.89) goal_axis=(18.90, 0.79) wall_axis=(18.90, 1.89) yaw=90deg
[state_machine_node-24] [INFO] [1790647355.444636306] [state_machine_node]: Fine door parking translation: observed_blue_18p6_1p9, dist=0.30m/0.17m, heading_error=104deg, cmd=(0.00, 0.25)
[state_machine_node-24] [INFO] [1790647355.460464407] [state_machine_node]: 문 접근 목표 보정: door_blue_348b98 handle_axis=(18.90, 1.87) goal_axis=(18.90, 0.77) wall_axis=(18.90, 1.87) yaw=90deg
[state_machine_node-24] [INFO] [1790647355.465010770] [state_machine_node]: 문 접근 목표 보정: door_blue_348b98 handle_axis=(18.90, 1.87) goal_axis=(18.90, 0.77) wall_axis=(18.90, 1.87) yaw=90deg
[state_machine_node-24] [INFO] [1790647355.489372792] [state_machine_node]: 문 접근 목표 보정: door_blue_348b98 handle_axis=(18.90, 1.87) goal_axis=(18.90, 0.77) wall_axis=(18.90, 1.87) yaw=90deg
[state_machine_node-24] [INFO] [1790647356.419497203] [state_machine_node]: Fine door parking translation: observed_blue_18p6_1p9, dist=0.31m/0.17m, heading_error=101deg, cmd=(0.00, 0.25)
[door_detection_node-21] [INFO] [1790647356.698603858] [door_detection_node]: 문 후보 발행: id=door_blue_cc16bb, source=front_left, color=blue, dist=5.53m, conf=0.59, bbox=(116,74,141,165), rep_x=128, center_x=128, angle=77.8deg, center_angle=77.8deg, lidar=5.28m, visual=5.14m, goal=(15.12,-1.07), handle=(14.24,-1.96,1.00), handle_obs=True, handle_method=estimated, handle_conf=0.00
[state_machine_node-24] [INFO] [1790647356.714451406] [state_machine_node]: Blue candidate door_blue_cc16bb ignored: physical/opened door station already handled nearby at (14.24, -1.96).
[state_machine_node-24] [INFO] [1790647357.427516533] [state_machine_node]: Fine door parking translation: observed_blue_18p6_1p9, dist=0.31m/0.17m, heading_error=95deg, cmd=(0.00, 0.25)
[state_machine_node-24] [INFO] [1790647357.721326659] [state_machine_node]: 문 접근 목표 보정: door_blue_348b98 handle_axis=(18.82, 1.88) goal_axis=(18.82, 0.78) wall_axis=(18.82, 1.88) yaw=90deg
[state_machine_node-24] [INFO] [1790647357.725674692] [state_machine_node]: 문 접근 목표 보정: door_blue_348b98 handle_axis=(18.82, 1.88) goal_axis=(18.82, 0.78) wall_axis=(18.82, 1.88) yaw=90deg
[state_machine_node-24] [INFO] [1790647357.749072072] [state_machine_node]: 문 접근 목표 보정: door_blue_348b98 handle_axis=(18.82, 1.88) goal_axis=(18.82, 0.78) wall_axis=(18.82, 1.88) yaw=90deg
[state_machine_node-24] [INFO] [1790647358.427474108] [state_machine_node]: Fine door parking translation: observed_blue_18p6_1p9, dist=0.30m/0.17m, heading_error=92deg, cmd=(0.00, 0.25)
[door_detection_node-21] [INFO] [1790647359.118557020] [door_detection_node]: 문 후보 발행: id=door_blue_9800cb, source=front_left, color=blue, dist=5.45m, conf=0.41, bbox=(160,75,185,165), rep_x=172, center_x=172, angle=67.1deg, center_angle=67.1deg, lidar=5.31m, visual=5.20m, goal=(15.03,-0.90), handle=(14.34,-1.94,1.00), handle_obs=True, handle_method=estimated, handle_conf=0.00
[state_machine_node-24] [INFO] [1790647359.433863586] [state_machine_node]: Fine door parking translation: observed_blue_18p6_1p9, dist=0.31m/0.17m, heading_error=85deg, cmd=(0.00, 0.25)
[door_detection_node-21] [INFO] [1790647359.495813984] [door_detection_node]: HSV candidate rejected: color=blue, edge-clipped bbox=(0,0,205,240), width_ratio=0.64
[door_detection_node-21] [INFO] [1790647359.903394720] [door_detection_node]: YOLO 후보 제외: source=front, edge-clipped bbox=(263,0,320,238)
[state_machine_node-24] [INFO] [1790647360.427121426] [state_machine_node]: Fine door parking translation: observed_blue_18p6_1p9, dist=0.32m/0.17m, heading_error=80deg, cmd=(0.00, 0.25)
[door_detection_node-21] [INFO] [1790647360.502102949] [door_detection_node]: Side camera LiDAR range looks occluded; using visual range instead (source=front_left, lidar=2.24m, visual=3.27m)
[door_detection_node-21] [INFO] [1790647361.380759755] [door_detection_node]: 문 후보 발행: id=door_blue_9800cb, source=front_left, color=blue, dist=5.52m, conf=0.41, bbox=(204,73,232,167), rep_x=218, center_x=218, angle=56.1deg, center_angle=56.1deg, lidar=5.24m, visual=4.98m, goal=(14.73,-0.73), handle=(14.22,-1.87,1.00), handle_obs=True, handle_method=estimated, handle_conf=0.00
[state_machine_node-24] [INFO] [1790647361.417585987] [state_machine_node]: Fine door parking translation: observed_blue_18p6_1p9, dist=0.32m/0.17m, heading_error=78deg, cmd=(0.00, 0.25)
[state_machine_node-24] [INFO] [1790647361.431307351] [state_machine_node]: Blue candidate door_blue_9800cb ignored: physical/opened door station already handled nearby at (14.22, -1.87).
[door_detection_node-21] [INFO] [1790647361.861526464] [door_detection_node]: HSV candidate rejected: color=blue, edge-clipped bbox=(0,0,280,240), width_ratio=0.88
[state_machine_node-24] [INFO] [1790647362.397418412] [state_machine_node]: Fine door parking translation: observed_blue_18p6_1p9, dist=0.33m/0.17m, heading_error=71deg, cmd=(0.00, 0.25)
[door_detection_node-21] [INFO] [1790647363.344964332] [door_detection_node]: 문 후보 발행: id=door_blue_4622c4, source=front_left, color=blue, dist=5.58m, conf=0.50, bbox=(254,70,284,168), rep_x=269, center_x=269, angle=45.0deg, center_angle=45.0deg, lidar=5.14m, visual=4.78m, goal=(14.41,-0.57), handle=(14.11,-1.78,1.00), handle_obs=True, handle_method=estimated, handle_conf=0.00
[state_machine_node-24] [INFO] [1790647363.410159356] [state_machine_node]: Fine door parking translation: observed_blue_18p6_1p9, dist=0.33m/0.17m, heading_error=70deg, cmd=(0.00, 0.25)
[state_machine_node-24] [INFO] [1790647364.387980005] [state_machine_node]: Fine door parking translation: observed_blue_18p6_1p9, dist=0.34m/0.17m, heading_error=61deg, cmd=(0.00, 0.25)
[door_detection_node-21] [INFO] [1790647364.727810434] [door_detection_node]: Side camera LiDAR range looks occluded; using visual range instead (source=front_left, lidar=2.20m, visual=3.32m)
[state_machine_node-24] [INFO] [1790647365.412997947] [state_machine_node]: Fine door parking translation: observed_blue_18p6_1p9, dist=0.35m/0.17m, heading_error=58deg, cmd=(0.00, 0.25)
[door_detection_node-21] [INFO] [1790647365.501625149] [door_detection_node]: Front lateral LiDAR range looks too long for the visible door; using visual range (lidar=5.67m, visual=4.50m)
[door_detection_node-21] [INFO] [1790647365.932574215] [door_detection_node]: 문 후보 발행: id=door_blue_a53092, source=front, color=blue, dist=4.50m, conf=0.35, bbox=(19,68,51,172), rep_x=35, center_x=35, angle=28.1deg, center_angle=28.1deg, lidar=5.42m, visual=4.50m, goal=(14.97,0.03), handle=(15.04,-1.22,1.00), handle_obs=True, handle_method=estimated, handle_conf=0.00
[state_machine_node-24] [INFO] [1790647365.945722607] [state_machine_node]: Blue candidate door_blue_a53092 ignored: physical/opened door station already handled nearby at (15.04, -1.22).
[state_machine_node-24] [INFO] [1790647366.412321395] [state_machine_node]: Fine door parking translation: observed_blue_18p6_1p9, dist=0.38m/0.17m, heading_error=54deg, cmd=(0.00, 0.25)
[state_machine_node-24] [INFO] [1790647367.406554117] [state_machine_node]: Fine door parking translation: observed_blue_18p6_1p9, dist=0.36m/0.17m, heading_error=49deg, cmd=(0.00, 0.25)
[door_detection_node-21] [INFO] [1790647367.581238398] [door_detection_node]: 문 후보 발행: id=door_blue_c8a91a, source=front, color=blue, dist=5.58m, conf=0.42, bbox=(68,72,97,168), rep_x=82, center_x=82, angle=18.4deg, center_angle=18.4deg, lidar=5.33m, visual=4.88m, goal=(13.87,-0.62), handle=(14.16,-1.84,1.00), handle_obs=True, handle_method=estimated, handle_conf=0.00
[state_machine_node-24] [INFO] [1790647368.397917205] [state_machine_node]: Fine door parking translation: observed_blue_18p6_1p9, dist=0.38m/0.17m, heading_error=42deg, cmd=(0.00, 0.25)
[state_machine_node-24] [INFO] [1790647368.911949683] [state_machine_node]: 문 접근 목표 보정: door_blue_6a2473 handle_axis=(18.56, 1.94) goal_axis=(18.56, 0.84) wall_axis=(18.56, 1.94) yaw=90deg
[state_machine_node-24] [INFO] [1790647368.916710895] [state_machine_node]: 문 접근 목표 보정: door_blue_6a2473 handle_axis=(18.56, 1.94) goal_axis=(18.56, 0.84) wall_axis=(18.56, 1.94) yaw=90deg
[state_machine_node-24] [INFO] [1790647368.918503535] [state_machine_node]: 문 접근 목표 보정: door_blue_6a2473 handle_axis=(18.56, 1.94) goal_axis=(18.56, 0.84) wall_axis=(18.56, 1.94) yaw=90deg
[state_machine_node-24] [INFO] [1790647369.407964143] [state_machine_node]: Fine door parking translation: observed_blue_18p6_1p9, dist=0.41m/0.17m, heading_error=37deg, cmd=(0.00, 0.25)
[door_detection_node-21] [INFO] [1790647369.931887600] [door_detection_node]: 문 후보 발행: id=door_blue_c8a91a, source=front, color=blue, dist=5.67m, conf=0.74, bbox=(124,75,149,164), rep_x=136, center_x=136, angle=5.9deg, center_angle=5.9deg, lidar=5.38m, visual=5.26m, goal=(13.54,-0.73), handle=(14.09,-1.85,1.00), handle_obs=True, handle_method=estimated, handle_conf=0.00
[state_machine_node-24] [INFO] [1790647369.944465636] [state_machine_node]: Blue candidate door_blue_c8a91a ignored: physical/opened door station already handled nearby at (14.09, -1.85).
[state_machine_node-24] [INFO] [1790647370.411009096] [state_machine_node]: Fine door parking translation: observed_blue_18p6_1p9, dist=0.41m/0.17m, heading_error=31deg, cmd=(0.00, 0.25)
[state_machine_node-24] [INFO] [1790647371.397027613] [state_machine_node]: Fine door parking translation: observed_blue_18p6_1p9, dist=0.41m/0.17m, heading_error=28deg, cmd=(0.07, 0.14)
[door_detection_node-21] [INFO] [1790647371.925552058] [door_detection_node]: 문 후보 발행: id=door_blue_6622f5, source=front, color=blue, dist=5.39m, conf=0.53, bbox=(156,75,182,164), rep_x=169, center_x=169, angle=-2.2deg, center_angle=-2.2deg, lidar=5.28m, visual=5.26m, goal=(15.60,-0.91), handle=(14.33,-1.71,1.00), handle_obs=True, handle_method=estimated, handle_conf=0.00
[state_machine_node-24] [INFO] [1790647372.399136858] [state_machine_node]: Fine door parking translation: observed_blue_18p6_1p9, dist=0.40m/0.17m, heading_error=29deg, cmd=(0.00, 0.25)
[state_machine_node-24] [INFO] [1790647373.119265182] [state_machine_node]: 문 접근 목표 보정: door_blue_6a2473 handle_axis=(18.44, 1.95) goal_axis=(18.44, 0.85) wall_axis=(18.44, 1.95) yaw=90deg
[state_machine_node-24] [INFO] [1790647373.124700223] [state_machine_node]: 문 접근 목표 보정: door_blue_6a2473 handle_axis=(18.44, 1.95) goal_axis=(18.44, 0.85) wall_axis=(18.44, 1.95) yaw=90deg
[state_machine_node-24] [INFO] [1790647373.152205200] [state_machine_node]: 문 접근 목표 보정: door_blue_6a2473 handle_axis=(18.44, 1.95) goal_axis=(18.44, 0.85) wall_axis=(18.44, 1.95) yaw=90deg
[state_machine_node-24] [INFO] [1790647373.346121876] [state_machine_node]: Fine door parking translation: observed_blue_18p6_1p9, dist=0.37m/0.17m, heading_error=27deg, cmd=(0.07, 0.14)
[state_machine_node-24] [INFO] [1790647374.350482524] [state_machine_node]: Fine door parking translation: observed_blue_18p6_1p9, dist=0.36m/0.17m, heading_error=25deg, cmd=(0.07, 0.14)
[door_detection_node-21] [INFO] [1790647374.638358830] [door_detection_node]: 문 후보 발행: id=door_blue_6622f5, source=front, color=blue, dist=5.51m, conf=0.46, bbox=(200,74,226,164), rep_x=213, center_x=213, angle=-12.8deg, center_angle=-12.8deg, lidar=5.31m, visual=5.20m, goal=(15.07,-2.68), handle=(14.19,-1.80,1.00), handle_obs=True, handle_method=estimated, handle_conf=0.00
[state_machine_node-24] [INFO] [1790647374.652523970] [state_machine_node]: Blue candidate door_blue_6622f5 ignored: physical/opened door station already handled nearby at (14.19, -1.80).
[state_machine_node-24] [INFO] [1790647375.313791029] [state_machine_node]: Fine door parking translation: observed_blue_18p6_1p9, dist=0.34m/0.17m, heading_error=23deg, cmd=(0.07, 0.14)
[state_machine_node-24] [INFO] [1790647376.311170276] [state_machine_node]: Fine door parking translation: observed_blue_18p6_1p9, dist=0.28m/0.17m, heading_error=22deg, cmd=(0.07, 0.14)
[door_detection_node-21] [INFO] [1790647376.908572900] [door_detection_node]: 문 후보 발행: id=door_blue_06f816, source=front, color=blue, dist=5.54m, conf=0.53, bbox=(228,72,253,165), rep_x=240, center_x=240, angle=-18.9deg, center_angle=-18.9deg, lidar=5.35m, visual=5.03m, goal=(15.02,-2.55), handle=(14.07,-1.74,1.00), handle_obs=True, handle_method=estimated, handle_conf=0.00
[state_machine_node-24] [INFO] [1790647377.302999819] [state_machine_node]: Fine door parking translation: observed_blue_18p6_1p9, dist=0.24m/0.17m, heading_error=24deg, cmd=(0.07, 0.14)
[state_machine_node-24] [INFO] [1790647378.279649383] [state_machine_node]: Fine door parking translation: observed_blue_18p6_1p9, dist=0.21m/0.17m, heading_error=24deg, cmd=(0.07, 0.14)
[door_detection_node-21] [INFO] [1790647378.908067188] [door_detection_node]: 문 후보 발행: id=door_blue_06f816, source=front, color=blue, dist=5.35m, conf=0.63, bbox=(250,69,278,169), rep_x=264, center_x=264, angle=-24.0deg, center_angle=-24.0deg, lidar=5.24m, visual=4.68m, goal=(15.15,-2.41), handle=(14.13,-1.69,1.00), handle_obs=True, handle_method=estimated, handle_conf=0.00
[state_machine_node-24] [INFO] [1790647378.923038966] [state_machine_node]: Blue candidate door_blue_06f816 ignored: physical/opened door station already handled nearby at (14.13, -1.69).
[state_machine_node-24] [INFO] [1790647379.273788918] [state_machine_node]: Fine door final yaw alignment: observed_blue_18p6_1p9, dist=0.17m/0.17m, yaw_error=148deg, cmd=(0.00, -0.25)
[planner_server-15] [INFO] [1790647379.717969686] [global_costmap.global_costmap]: StaticLayer: Resizing static layer to 472 X 89 at 0.050000 m/pix
[state_machine_node-24] [INFO] [1790647380.257198077] [state_machine_node]: Fine door final yaw alignment: observed_blue_18p6_1p9, dist=0.18m/0.17m, yaw_error=142deg, cmd=(0.00, -0.25)
[door_detection_node-21] [INFO] [1790647380.555577346] [door_detection_node]: 문 후보 발행: id=door_green_3a11ba, source=front_left, color=green, dist=0.83m, conf=1.00, bbox=(0,0,45,212), rep_x=22, center_x=22, angle=100.5deg, center_angle=100.5deg, lidar=0.83m, visual=2.21m, goal=(18.98,0.85), handle=(19.45,0.61,1.00), handle_obs=False, handle_method=estimated, handle_conf=0.00
[state_machine_node-24] [INFO] [1790647381.239148816] [state_machine_node]: Fine door final yaw alignment: observed_blue_18p6_1p9, dist=0.19m/0.17m, yaw_error=141deg, cmd=(0.00, -0.25)
[door_detection_node-21] [INFO] [1790647381.452671430] [door_detection_node]: Front lateral LiDAR range looks too long for the visible door; using visual range (lidar=6.52m, visual=4.73m)
[state_machine_node-24] [INFO] [1790647382.215530403] [state_machine_node]: Fine door final yaw alignment: observed_blue_18p6_1p9, dist=0.17m/0.17m, yaw_error=132deg, cmd=(0.00, -0.25)
[door_detection_node-21] [INFO] [1790647383.193530114] [door_detection_node]: 문 후보 발행: id=door_blue_6622f5, source=front, color=blue, dist=4.93m, conf=0.70, bbox=(220,72,246,167), rep_x=233, center_x=233, angle=-17.3deg, center_angle=-17.3deg, lidar=6.96m, visual=4.93m, goal=(15.15,-2.08), handle=(14.29,-1.17,1.00), handle_obs=True, handle_method=estimated, handle_conf=0.00
[state_machine_node-24] [INFO] [1790647383.207176906] [state_machine_node]: Fine door final yaw alignment: observed_blue_18p6_1p9, dist=0.19m/0.17m, yaw_error=131deg, cmd=(0.00, -0.25)
[state_machine_node-24] [INFO] [1790647383.221410196] [state_machine_node]: Blue candidate door_blue_6622f5 ignored: physical/opened door station already handled nearby at (14.29, -1.17).
[state_machine_node-24] [INFO] [1790647384.187049667] [state_machine_node]: Fine door final yaw alignment: observed_blue_18p6_1p9, dist=0.20m/0.17m, yaw_error=124deg, cmd=(0.00, -0.25)
[state_machine_node-24] [INFO] [1790647385.190147025] [state_machine_node]: Fine door final yaw alignment: observed_blue_18p6_1p9, dist=0.20m/0.17m, yaw_error=123deg, cmd=(0.00, -0.25)
[door_detection_node-21] [INFO] [1790647385.341729223] [door_detection_node]: 문 후보 발행: id=door_blue_728646, source=front, color=blue, dist=6.35m, conf=0.52, bbox=(176,73,202,166), rep_x=189, center_x=189, angle=-7.1deg, center_angle=-7.1deg, lidar=6.95m, visual=5.03m, goal=(13.78,-2.94), handle=(13.08,-1.91,1.00), handle_obs=True, handle_method=estimated, handle_conf=0.00
[state_machine_node-24] [INFO] [1790647386.169677165] [state_machine_node]: Fine door final yaw alignment: observed_blue_18p6_1p9, dist=0.18m/0.17m, yaw_error=119deg, cmd=(0.00, -0.25)
[state_machine_node-24] [INFO] [1790647387.142124911] [state_machine_node]: Fine door final yaw alignment: observed_blue_18p6_1p9, dist=0.18m/0.17m, yaw_error=111deg, cmd=(0.00, -0.25)
[door_detection_node-21] [INFO] [1790647387.389415933] [door_detection_node]: 문 후보 발행: id=door_blue_f303de, source=front, color=blue, dist=6.39m, conf=0.56, bbox=(137,72,163,166), rep_x=150, center_x=150, angle=2.4deg, center_angle=2.4deg, lidar=6.94m, visual=4.98m, goal=(14.39,-1.28), handle=(13.06,-1.98,1.00), handle_obs=True, handle_method=estimated, handle_conf=0.00
[state_machine_node-24] [INFO] [1790647387.403444873] [state_machine_node]: Blue candidate door_blue_f303de ignored: physical/opened door station already handled nearby at (13.06, -1.98).
[state_machine_node-24] [INFO] [1790647388.130147006] [state_machine_node]: Fine door final yaw alignment: observed_blue_18p6_1p9, dist=0.16m/0.17m, yaw_error=105deg, cmd=(0.00, -0.25)
[state_machine_node-24] [INFO] [1790647388.217551471] [state_machine_node]: 문 접근 목표 보정: door_blue_6a2473 handle_axis=(18.54, 1.88) goal_axis=(18.54, 0.78) wall_axis=(18.54, 1.88) yaw=90deg
[state_machine_node-24] [INFO] [1790647388.222333198] [state_machine_node]: 문 접근 목표 보정: door_blue_6a2473 handle_axis=(18.54, 1.88) goal_axis=(18.54, 0.78) wall_axis=(18.54, 1.88) yaw=90deg
[state_machine_node-24] [INFO] [1790647388.223759914] [state_machine_node]: 문 접근 목표 보정: door_blue_6a2473 handle_axis=(18.54, 1.88) goal_axis=(18.54, 0.78) wall_axis=(18.54, 1.88) yaw=90deg
[state_machine_node-24] [INFO] [1790647389.090978756] [state_machine_node]: Fine door final yaw alignment: observed_blue_18p6_1p9, dist=0.15m/0.17m, yaw_error=101deg, cmd=(0.00, -0.25)
[door_detection_node-21] [INFO] [1790647389.517611980] [door_detection_node]: 문 후보 발행: id=door_blue_c8a91a, source=front, color=blue, dist=5.65m, conf=0.53, bbox=(76,71,103,168), rep_x=89, center_x=89, angle=16.9deg, center_angle=16.9deg, lidar=6.40m, visual=4.82m, goal=(13.50,-0.54), handle=(13.76,-1.77,1.00), handle_obs=True, handle_method=estimated, handle_conf=0.00
[state_machine_node-24] [INFO] [1790647390.062300189] [state_machine_node]: Fine door final yaw alignment: observed_blue_18p6_1p9, dist=0.14m/0.17m, yaw_error=96deg, cmd=(0.00, -0.25)
[state_machine_node-24] [INFO] [1790647390.422307486] [state_machine_node]: 문 접근 목표 보정: door_blue_6a2473 handle_axis=(18.62, 1.87) goal_axis=(18.62, 0.77) wall_axis=(18.62, 1.87) yaw=90deg
[state_machine_node-24] [INFO] [1790647390.426780535] [state_machine_node]: 문 접근 목표 보정: door_blue_6a2473 handle_axis=(18.62, 1.87) goal_axis=(18.62, 0.77) wall_axis=(18.62, 1.87) yaw=90deg
[state_machine_node-24] [INFO] [1790647390.428253563] [state_machine_node]: 문 접근 목표 보정: door_blue_6a2473 handle_axis=(18.62, 1.87) goal_axis=(18.62, 0.77) wall_axis=(18.62, 1.87) yaw=90deg
[door_detection_node-21] [INFO] [1790647390.975617898] [door_detection_node]: Side camera LiDAR range looks occluded; using visual range instead (source=front_left, lidar=1.89m, visual=3.00m)
[state_machine_node-24] [INFO] [1790647391.031960914] [state_machine_node]: Fine door final yaw alignment: observed_blue_18p6_1p9, dist=0.14m/0.17m, yaw_error=91deg, cmd=(0.00, -0.25)
[door_detection_node-21] [INFO] [1790647391.904713518] [door_detection_node]: HSV candidate rejected: color=blue, edge-clipped bbox=(114,0,320,240), width_ratio=0.64
[state_machine_node-24] [INFO] [1790647391.997608199] [state_machine_node]: Fine door final yaw alignment: observed_blue_18p6_1p9, dist=0.13m/0.17m, yaw_error=83deg, cmd=(0.00, -0.25)
[state_machine_node-24] [INFO] [1790647392.957769689] [state_machine_node]: Fine door final yaw alignment: observed_blue_18p6_1p9, dist=0.09m/0.17m, yaw_error=79deg, cmd=(0.00, -0.25)
[door_detection_node-21] [INFO] [1790647393.366123949] [door_detection_node]: Side camera LiDAR range looks too long for the visible door; using visual range (source=front_left, lidar=7.07m, visual=4.29m)
[door_detection_node-21] [INFO] [1790647393.799832175] [door_detection_node]: 문 후보 발행: id=door_blue_4622c4, source=front_left, color=blue, dist=4.29m, conf=0.43, bbox=(281,63,315,172), rep_x=298, center_x=298, angle=39.5deg, center_angle=39.5deg, lidar=7.55m, visual=4.29m, goal=(15.18,0.15), handle=(14.92,-1.08,1.00), handle_obs=True, handle_method=estimated, handle_conf=0.00
[state_machine_node-24] [INFO] [1790647393.815828985] [state_machine_node]: Blue candidate door_blue_4622c4 ignored: physical/opened door station already handled nearby at (14.92, -1.08).
[state_machine_node-24] [INFO] [1790647393.940600285] [state_machine_node]: Fine door final yaw alignment: observed_blue_18p6_1p9, dist=0.10m/0.17m, yaw_error=71deg, cmd=(0.00, -0.25)
[state_machine_node-24] [INFO] [1790647394.643098026] [state_machine_node]: 문 접근 목표 보정: door_blue_dabf0f handle_axis=(19.12, 1.77) goal_axis=(19.12, 0.67) wall_axis=(19.12, 1.77) yaw=90deg
[state_machine_node-24] [INFO] [1790647394.649659940] [state_machine_node]: 문 접근 목표 보정: door_blue_dabf0f handle_axis=(19.12, 1.77) goal_axis=(19.12, 0.67) wall_axis=(19.12, 1.77) yaw=90deg
[state_machine_node-24] [INFO] [1790647394.671771044] [state_machine_node]: 문 접근 목표 보정: door_blue_dabf0f handle_axis=(19.12, 1.77) goal_axis=(19.12, 0.67) wall_axis=(19.12, 1.77) yaw=90deg
[state_machine_node-24] [INFO] [1790647394.673186279] [state_machine_node]: Nav2 goal cancellation requested before close-range door station correction backoff.
[state_machine_node-24] [WARN] [1790647394.674128765] [state_machine_node]: Close door-front observation moved observed_blue_18p6_1p9 by 0.42m; returning to Nav2 before final alignment.
[state_machine_node-24] [WARN] [1790647394.675127265] [state_machine_node]: Locked blue target refined from newer observation: observed_blue_18p6_1p9 -> observed_blue_18p6_1p9, goal shift=0.42m, identity=(18.72,1.90) -> (18.78,1.87)
[state_machine_node-24] [INFO] [1790647394.881601039] [state_machine_node]: Close-station correction backoff: observed_blue_18p6_1p9, cmd_x=-0.08
[door_detection_node-21] [INFO] [1790647395.567801733] [door_detection_node]: 문 후보 발행: id=door_blue_9800cb, source=front_left, color=blue, dist=5.93m, conf=0.68, bbox=(220,70,246,168), rep_x=233, center_x=233, angle=52.7deg, center_angle=52.7deg, lidar=5.92m, visual=4.78m, goal=(13.98,-0.67), handle=(13.44,-1.80,1.00), handle_obs=True, handle_method=estimated, handle_conf=0.00
[door_detection_node-21] [INFO] [1790647395.594781318] [door_detection_node]: Side camera LiDAR range looks occluded; using visual range instead (source=front_left, lidar=1.98m, visual=3.04m)
[state_machine_node-24] [INFO] [1790647395.812505725] [state_machine_node]: Close-station correction backoff: observed_blue_18p6_1p9, cmd_x=-0.08
[door_detection_node-21] [INFO] [1790647396.419595226] [door_detection_node]: HSV candidate rejected: color=blue, edge-clipped bbox=(0,0,254,240), width_ratio=0.79
[state_machine_node-24] [INFO] [1790647396.738920219] [state_machine_node]: Close-station correction backoff: observed_blue_18p6_1p9, cmd_x=-0.08
[state_machine_node-24] [INFO] [1790647397.662630187] [state_machine_node]: Close-station correction backoff: observed_blue_18p6_1p9, cmd_x=-0.08
[door_detection_node-21] [INFO] [1790647397.819623125] [door_detection_node]: 문 후보 발행: id=door_blue_9800cb, source=front_left, color=blue, dist=5.87m, conf=0.70, bbox=(220,70,246,167), rep_x=233, center_x=233, angle=52.7deg, center_angle=52.7deg, lidar=5.74m, visual=4.82m, goal=(14.17,-0.83), handle=(13.66,-1.97,1.00), handle_obs=True, handle_method=estimated, handle_conf=0.00
[state_machine_node-24] [INFO] [1790647397.832516620] [state_machine_node]: Blue candidate door_blue_9800cb ignored: physical/opened door station already handled nearby at (13.66, -1.97).
[state_machine_node-24] [INFO] [1790647398.585186765] [state_machine_node]: Door navigation backoff complete; replanning to observed_blue_18p6_1p9.
[navigation_node-22] [INFO] [1790647398.587416417] [navigation_node]: Navigation goal received: door observed_blue_18p6_1p9 (color=blue, frame=map, x=19.12, y=0.67)
[navigation_node-22] [WARN] [1790647398.699212546] [navigation_node]: Navigation goal is not reachable/free (cost=99) and no nearby connected free cell was found. Rejecting this goal instead of waiting for a Nav2 timeout.
[state_machine_node-24] [WARN] [1790647398.702053294] [state_machine_node]: Navigation failed.
[door_detection_node-21] [INFO] [1790647399.177814353] [door_detection_node]: Side camera LiDAR range looks occluded; using visual range instead (source=front_left, lidar=2.14m, visual=3.08m)
[state_machine_node-24] [WARN] [1790647399.532475653] [state_machine_node]: Fine alignment blocked by costmap: occupied, inscribed, unknown or out-of-map approach segment; retaining Nav2/reobservation.
[state_machine_node-24] [WARN] [1790647399.533168776] [state_machine_node]: Nav failure [nav2_failure] → observed_blue_18p6_1p9. 재시도 3/2
[state_machine_node-24] [INFO] [1790647399.534192439] [state_machine_node]: Nav2 goal cancellation requested before local LiDAR obstacle escape.
[state_machine_node-24] [INFO] [1790647399.550730312] [state_machine_node]: Blue candidate door_blue_660cea waiting for observed map promotion before navigation: exit-side direct detections with only estimated handle geometry are not used as immediate goals.
[state_machine_node-24] [WARN] [1790647399.555260307] [state_machine_node]: Local obstacle escape 1/2: repeated blue-door Nav2 failure (nav2_failure). Selected left from live LiDAR (left=1.68m, right=0.95m).
[door_detection_node-21] [INFO] [1790647399.972714348] [door_detection_node]: 문 후보 발행: id=door_blue_9800cb, source=front_left, color=blue, dist=5.98m, conf=0.47, bbox=(224,71,251,168), rep_x=237, center_x=237, angle=51.8deg, center_angle=51.8deg, lidar=5.93m, visual=4.82m, goal=(14.11,-0.82), handle=(13.60,-1.96,1.00), handle_obs=True, handle_method=estimated, handle_conf=0.00
[door_detection_node-21] [INFO] [1790647400.401081909] [door_detection_node]: HSV candidate rejected: color=blue, edge-clipped bbox=(0,0,218,240), width_ratio=0.68
[state_machine_node-24] [WARN] [1790647400.459695937] [state_machine_node]: Local obstacle escape in progress (distance=0.00/0.50m, front=1.27m, yaw_error=55deg, cmd=(0.00,0.45), elapsed=0.5s).
[planner_server-15] [INFO] [1790647401.718082428] [global_costmap.global_costmap]: StaticLayer: Resizing static layer to 474 X 89 at 0.050000 m/pix
[door_detection_node-21] [INFO] [1790647401.723412886] [door_detection_node]: Side camera visual fallback rejected (source=front_left, lidar=2.09m, visual=4.68m > 4.50m)
[state_machine_node-24] [WARN] [1790647402.326703017] [state_machine_node]: Local obstacle escape in progress (distance=0.03/0.50m, front=1.95m, yaw_error=34deg, cmd=(0.00,0.45), elapsed=1.5s).
[door_detection_node-21] [INFO] [1790647402.676580343] [door_detection_node]: 문 후보 발행: id=door_blue_dabf0f, source=front_right, color=blue, dist=1.10m, conf=1.00, bbox=(62,0,311,240), rep_x=186, center_x=186, angle=-76.3deg, center_angle=-76.3deg, lidar=1.10m, visual=1.95m, goal=(18.96,0.50), handle=(19.10,1.74,0.85), handle_obs=True, handle_method=hsv, handle_conf=0.76
[state_machine_node-24] [WARN] [1790647404.179399701] [state_machine_node]: Local obstacle escape in progress (distance=0.07/0.50m, front=1.71m, yaw_error=13deg, cmd=(0.12,0.23), elapsed=2.5s).
[door_detection_node-21] [INFO] [1790647404.534998147] [door_detection_node]: 문 후보 발행: id=door_blue_6a2473, source=front_right, color=blue, dist=1.12m, conf=0.35, bbox=(173,0,318,240), rep_x=245, center_x=245, angle=-90.0deg, center_angle=-90.0deg, lidar=1.09m, visual=1.95m, goal=(18.92,0.72), handle=(18.61,1.93,1.00), handle_obs=False, handle_method=estimated, handle_conf=0.00
[door_detection_node-21] [INFO] [1790647405.362203574] [door_detection_node]: Front lateral LiDAR range looks too long for the visible door; using visual range (lidar=3.64m, visual=2.71m)
[state_machine_node-24] [WARN] [1790647406.051095279] [state_machine_node]: Local obstacle escape in progress (distance=0.11/0.50m, front=1.54m, yaw_error=5deg, cmd=(0.12,0.09), elapsed=3.5s).
[door_detection_node-21] [INFO] [1790647406.176176632] [door_detection_node]: 문 후보 발행: id=door_blue_c8a91a, source=front, color=blue, dist=5.34m, conf=0.39, bbox=(119,73,143,166), rep_x=131, center_x=131, angle=7.1deg, center_angle=7.1deg, lidar=2.10m, visual=5.03m, goal=(13.76,-0.67), handle=(14.25,-1.82,1.00), handle_obs=True, handle_method=estimated, handle_conf=0.00
[state_machine_node-24] [INFO] [1790647406.189469332] [state_machine_node]: Blue candidate door_blue_c8a91a ignored: physical/opened door station already handled nearby at (14.25, -1.82).
[door_detection_node-21] [INFO] [1790647407.837799809] [door_detection_node]: Front lateral LiDAR range looks too long for the visible door; using visual range (lidar=3.45m, visual=2.72m)
[state_machine_node-24] [WARN] [1790647407.905542754] [state_machine_node]: Local obstacle escape in progress (distance=0.21/0.50m, front=1.42m, yaw_error=2deg, cmd=(0.12,0.04), elapsed=4.5s).
[door_detection_node-21] [INFO] [1790647408.767790772] [door_detection_node]: 문 후보 발행: id=door_blue_c8a91a, source=front, color=blue, dist=5.32m, conf=0.44, bbox=(143,73,167,170), rep_x=155, center_x=155, angle=1.2deg, center_angle=1.2deg, lidar=5.25m, visual=4.82m, goal=(15.36,-1.02), handle=(14.05,-1.75,1.00), handle_obs=True, handle_method=estimated, handle_conf=0.00
[state_machine_node-24] [WARN] [1790647409.774726051] [state_machine_node]: Local obstacle escape in progress (distance=0.32/0.50m, front=1.31m, yaw_error=1deg, cmd=(0.12,0.02), elapsed=5.5s).
[door_detection_node-21] [INFO] [1790647410.819318487] [door_detection_node]: 문 후보 발행: id=door_blue_6622f5, source=front, color=blue, dist=5.22m, conf=0.49, bbox=(149,70,175,168), rep_x=162, center_x=162, angle=-0.5deg, center_angle=-0.5deg, lidar=5.22m, visual=4.78m, goal=(15.34,-1.05), handle=(14.03,-1.79,1.00), handle_obs=True, handle_method=estimated, handle_conf=0.00
[state_machine_node-24] [INFO] [1790647410.833650356] [state_machine_node]: Blue candidate door_blue_6622f5 ignored: physical/opened door station already handled nearby at (14.03, -1.79).
[state_machine_node-24] [WARN] [1790647411.622114911] [state_machine_node]: Local obstacle escape in progress (distance=0.43/0.50m, front=1.11m, yaw_error=0deg, cmd=(0.12,0.01), elapsed=6.5s).
[door_detection_node-21] [INFO] [1790647412.677621970] [door_detection_node]: 문 후보 발행: id=door_blue_6622f5, source=front, color=blue, dist=5.11m, conf=0.61, bbox=(153,71,178,171), rep_x=165, center_x=165, angle=-1.2deg, center_angle=-1.2deg, lidar=5.03m, visual=4.68m, goal=(15.33,-1.05), handle=(14.02,-1.78,1.00), handle_obs=True, handle_method=estimated, handle_conf=0.00
[state_machine_node-24] [WARN] [1790647413.498328451] [state_machine_node]: Local obstacle escape finished; requesting a fresh Nav2 plan (distance=0.54m, front=1.07m, elapsed=7.5s, timeout=False).
[navigation_node-22] [INFO] [1790647413.502035546] [navigation_node]: Navigation goal received: door observed_blue_18p6_1p9 (color=blue, frame=map, x=19.12, y=0.67)
[navigation_node-22] [WARN] [1790647413.620254221] [navigation_node]: Relaxed blue-door staging constraints to keep Nav2 goal in connected free space before the FSM performs fine alignment.
[navigation_node-22] [WARN] [1790647413.621366052] [navigation_node]: Adjusted unreachable/occupied navigation goal from (19.12, 0.67, cost=99) to connected free cell (18.88, 1.18, cost=0)
[bt_navigator-17] [INFO] [1790647413.715036966] [bt_navigator]: Begin navigating from current location (18.38, 0.64) to (18.88, 1.18)
[navigation_node-22] [INFO] [1790647413.719235159] [navigation_node]: Navigation goal accepted by Nav2
[controller_server-13] [INFO] [1790647413.916620725] [controller_server]: Received a goal, begin computing control effort.
[state_machine_node-24] [WARN] [1790647414.438442026] [state_machine_node]: Fine alignment blocked by costmap: occupied, inscribed, unknown or out-of-map approach segment; retaining Nav2/reobservation.
[door_detection_node-21] [INFO] [1790647414.666835811] [door_detection_node]: 문 후보 발행: id=door_blue_6622f5, source=front, color=blue, dist=5.02m, conf=0.62, bbox=(152,67,180,172), rep_x=166, center_x=166, angle=-1.5deg, center_angle=-1.5deg, lidar=5.16m, visual=4.46m, goal=(15.30,-1.04), handle=(13.99,-1.76,1.00), handle_obs=True, handle_method=estimated, handle_conf=0.00
[state_machine_node-24] [INFO] [1790647414.683783479] [state_machine_node]: Blue candidate door_blue_6622f5 ignored: physical/opened door station already handled nearby at (13.99, -1.76).
[controller_server-13] [INFO] [1790647415.293257305] [controller_server]: Passing new path to controller.
[door_detection_node-21] [INFO] [1790647416.303549444] [door_detection_node]: YOLO 후보 제외: source=front, color=blue, dist=7.85m > 6.80m, bbox=(140,67,168,173)
[controller_server-13] [INFO] [1790647416.543220505] [controller_server]: Passing new path to controller.
[door_detection_node-21] [INFO] [1790647416.731512191] [door_detection_node]: Side camera LiDAR range looks occluded; using visual range instead (source=front_left, lidar=1.41m, visual=2.28m)
[state_machine_node-24] [WARN] [1790647417.192247892] [state_machine_node]: Fine alignment blocked by costmap: occupied, inscribed, unknown or out-of-map approach segment; retaining Nav2/reobservation.
[controller_server-13] [INFO] [1790647417.918505072] [controller_server]: Passing new path to controller.
[door_detection_node-21] [INFO] [1790647418.053421951] [door_detection_node]: 문 후보 발행: id=door_blue_6a2473, source=front_right, color=blue, dist=1.29m, conf=0.42, bbox=(246,0,319,240), rep_x=282, center_x=282, angle=-97.5deg, center_angle=-97.5deg, lidar=1.31m, visual=1.95m, goal=(18.51,0.64), handle=(18.57,1.89,1.00), handle_obs=False, handle_method=estimated, handle_conf=0.00
[state_machine_node-24] [INFO] [1790647418.062198355] [state_machine_node]: 문 접근 목표 보정: door_blue_6a2473 handle_axis=(18.57, 1.89) goal_axis=(18.57, 0.79) wall_axis=(18.57, 1.89) yaw=90deg
[state_machine_node-24] [INFO] [1790647418.063667877] [state_machine_node]: 문 접근 목표 보정: door_blue_6a2473 handle_axis=(18.57, 1.89) goal_axis=(18.57, 0.79) wall_axis=(18.57, 1.89) yaw=90deg
[state_machine_node-24] [WARN] [1790647418.064958728] [state_machine_node]: Locked blue target refined from newer observation: observed_blue_18p6_1p9 -> observed_blue_18p6_1p9, goal shift=0.56m, identity=(18.78,1.87) -> (18.57,1.89)
[navigation_node-22] [INFO] [1790647418.066977270] [navigation_node]: Navigation goal received: door observed_blue_18p6_1p9 (color=blue, frame=map, x=18.57, y=0.79)
[navigation_node-22] [WARN] [1790647418.068036769] [navigation_node]: Already navigating. Preempting current goal without an explicit stop before retargeting to: observed_blue_18p6_1p9
[state_machine_node-24] [INFO] [1790647418.121172256] [state_machine_node]: Nav2 goal is close enough for fine door alignment: observed_blue_18p6_1p9, dist=0.28m/0.38m, lateral=-0.23m/0.24m, yaw_error=82deg.
[state_machine_node-24] [INFO] [1790647418.122087857] [state_machine_node]: Nav2 goal cancellation requested before door fine alignment.
[state_machine_node-24] [INFO] [1790647418.182150079] [state_machine_node]: Fine door approach started: observed_blue_18p6_1p9, dist=0.28m, lateral=-0.23m, forward=-0.16m, yaw_error=82deg
[state_machine_node-24] [INFO] [1790647418.183417238] [state_machine_node]: Fine door parking translation: observed_blue_18p6_1p9, dist=0.28m/0.17m, heading_error=125deg, cmd=(0.00, -0.25)
[navigation_node-22] [INFO] [1790647418.236900671] [navigation_node]: Navigation cancellation requested for manual control handoff.
[bt_navigator-17] [ERROR] [1790647418.336520515] [bt_navigator_navigate_to_pose_rclcpp_node]: Failed to get result for follow_path in node halt!
[bt_navigator-17] [WARN] [1790647418.336718926] [bt_navigator]: [navigate_to_pose] [ActionServer] Aborting handle.
[bt_navigator-17] [INFO] [1790647418.337068591] [bt_navigator]: [navigate_to_pose] [ActionServer] Client requested to cancel the goal. Cancelling.
[bt_navigator-17] [INFO] [1790647418.337176857] [bt_navigator]: Goal canceled
[controller_server-13] [INFO] [1790647418.418266683] [controller_server]: Goal was canceled. Stopping the robot.
[controller_server-13] [INFO] [1790647418.418404267] [controller_server]: [follow_path] [ActionServer] Client requested to cancel the goal. Cancelling.
[door_detection_node-21] [INFO] [1790647418.589966140] [door_detection_node]: Side camera LiDAR range looks too long for the visible door; using visual range (source=front_left, lidar=5.45m, visual=4.03m)
[state_machine_node-24] [INFO] [1790647418.993149259] [state_machine_node]: Blue candidate door_blue_4622c4 ignored: physical/opened door station already handled nearby at (14.72, -1.13).
[door_detection_node-21] [INFO] [1790647419.018967502] [door_detection_node]: Side camera LiDAR range looks occluded; using visual range instead (source=front_left, lidar=1.29m, visual=2.59m)
[state_machine_node-24] [WARN] [1790647419.054163686] [state_machine_node]: Waiting for a fresh door-wall normal before alignment.
[door_detection_node-21] [INFO] [1790647420.062051628] [door_detection_node]: 문 후보 발행: id=door_blue_dabf0f, source=front_right, color=blue, dist=1.33m, conf=1.00, bbox=(149,0,320,240), rep_x=234, center_x=234, angle=-87.5deg, center_angle=-87.5deg, lidar=1.27m, visual=1.95m, goal=(18.64,0.66), handle=(19.09,1.83,0.85), handle_obs=True, handle_method=yolo:primary:item, handle_conf=0.33
[state_machine_node-24] [INFO] [1790647420.069035917] [state_machine_node]: 문 접근 목표 보정: door_blue_dabf0f handle_axis=(19.09, 1.83) goal_axis=(19.09, 0.73) wall_axis=(19.09, 1.83) yaw=90deg
[state_machine_node-24] [INFO] [1790647420.075085256] [state_machine_node]: 문 접근 목표 보정: door_blue_dabf0f handle_axis=(19.09, 1.83) goal_axis=(19.09, 0.73) wall_axis=(19.09, 1.83) yaw=90deg
[state_machine_node-24] [INFO] [1790647420.099535078] [state_machine_node]: 문 접근 목표 보정: door_blue_dabf0f handle_axis=(19.09, 1.83) goal_axis=(19.09, 0.73) wall_axis=(19.09, 1.83) yaw=90deg
[state_machine_node-24] [WARN] [1790647421.800616562] [state_machine_node]: Waiting for a fresh door-wall normal before alignment.
[door_detection_node-21] [INFO] [1790647421.918463867] [door_detection_node]: 문 후보 발행: id=door_blue_dabf0f, source=front_right, color=blue, dist=1.31m, conf=1.00, bbox=(149,0,320,240), rep_x=234, center_x=234, angle=-87.5deg, center_angle=-87.5deg, lidar=1.33m, visual=1.95m, goal=(18.59,0.58), handle=(19.04,1.74,0.86), handle_obs=True, handle_method=yolo:primary:item, handle_conf=0.32
[state_machine_node-24] [INFO] [1790647421.924718075] [state_machine_node]: 문 접근 목표 보정: door_blue_dabf0f handle_axis=(19.04, 1.74) goal_axis=(19.04, 0.64) wall_axis=(19.04, 1.74) yaw=90deg
[state_machine_node-24] [INFO] [1790647421.931288445] [state_machine_node]: 문 접근 목표 보정: door_blue_dabf0f handle_axis=(19.04, 1.74) goal_axis=(19.04, 0.64) wall_axis=(19.04, 1.74) yaw=90deg
[state_machine_node-24] [INFO] [1790647421.956714879] [state_machine_node]: 문 접근 목표 보정: door_blue_dabf0f handle_axis=(19.04, 1.74) goal_axis=(19.04, 0.64) wall_axis=(19.04, 1.74) yaw=90deg
[door_detection_node-21] [INFO] [1790647422.761570952] [door_detection_node]: Side camera LiDAR range looks occluded; using visual range instead (source=front_left, lidar=1.38m, visual=2.60m)
[door_detection_node-21] [INFO] [1790647423.659718839] [door_detection_node]: 문 후보 발행: id=door_blue_4622c4, source=front_left, color=blue, dist=5.29m, conf=0.65, bbox=(241,62,270,175), rep_x=255, center_x=255, angle=47.9deg, center_angle=47.9deg, lidar=5.25m, visual=4.14m, goal=(14.08,-0.67), handle=(13.64,-1.83,1.00), handle_obs=True, handle_method=estimated, handle_conf=0.00
[state_machine_node-24] [INFO] [1790647423.672594377] [state_machine_node]: Blue candidate door_blue_4622c4 ignored: physical/opened door station already handled nearby at (13.64, -1.83).
[state_machine_node-24] [INFO] [1790647424.277507074] [state_machine_node]: 문 접근 목표 보정: door_blue_dabf0f handle_axis=(19.07, 1.79) goal_axis=(19.07, 0.69) wall_axis=(19.07, 1.79) yaw=90deg
[state_machine_node-24] [INFO] [1790647424.283738562] [state_machine_node]: 문 접근 목표 보정: door_blue_dabf0f handle_axis=(19.07, 1.79) goal_axis=(19.07, 0.69) wall_axis=(19.07, 1.79) yaw=90deg
[state_machine_node-24] [INFO] [1790647424.307881983] [state_machine_node]: 문 접근 목표 보정: door_blue_dabf0f handle_axis=(19.07, 1.79) goal_axis=(19.07, 0.69) wall_axis=(19.07, 1.79) yaw=90deg
[state_machine_node-24] [WARN] [1790647424.461553929] [state_machine_node]: Waiting for a fresh door-wall normal before alignment.
[door_detection_node-21] [INFO] [1790647425.160899379] [door_detection_node]: Side camera LiDAR range looks occluded; using visual range instead (source=front_left, lidar=1.39m, visual=2.60m)
[door_detection_node-21] [INFO] [1790647426.029171269] [door_detection_node]: 문 후보 발행: id=door_blue_4622c4, source=front_left, color=blue, dist=5.36m, conf=0.65, bbox=(241,62,270,175), rep_x=255, center_x=255, angle=47.9deg, center_angle=47.9deg, lidar=5.27m, visual=4.14m, goal=(14.03,-0.70), handle=(13.58,-1.86,1.00), handle_obs=True, handle_method=estimated, handle_conf=0.00
[state_machine_node-24] [WARN] [1790647427.111035424] [state_machine_node]: Waiting for a fresh door-wall normal before alignment.
[door_detection_node-21] [INFO] [1790647427.730708197] [door_detection_node]: 문 후보 발행: id=door_blue_4622c4, source=front_left, color=blue, dist=5.29m, conf=0.65, bbox=(241,62,270,175), rep_x=255, center_x=255, angle=47.9deg, center_angle=47.9deg, lidar=5.34m, visual=4.14m, goal=(14.08,-0.67), handle=(13.63,-1.83,1.00), handle_obs=True, handle_method=estimated, handle_conf=0.00
[state_machine_node-24] [INFO] [1790647427.744332571] [state_machine_node]: Blue candidate door_blue_4622c4 ignored: physical/opened door station already handled nearby at (13.63, -1.83).
[state_machine_node-24] [INFO] [1790647428.331829481] [state_machine_node]: 문 접근 목표 보정: door_blue_dabf0f handle_axis=(19.05, 1.75) goal_axis=(19.05, 0.65) wall_axis=(19.05, 1.75) yaw=90deg
[state_machine_node-24] [INFO] [1790647428.339360702] [state_machine_node]: 문 접근 목표 보정: door_blue_dabf0f handle_axis=(19.05, 1.75) goal_axis=(19.05, 0.65) wall_axis=(19.05, 1.75) yaw=90deg
[state_machine_node-24] [INFO] [1790647428.361923703] [state_machine_node]: 문 접근 목표 보정: door_blue_dabf0f handle_axis=(19.05, 1.75) goal_axis=(19.05, 0.65) wall_axis=(19.05, 1.75) yaw=90deg
[state_machine_node-24] [INFO] [1790647428.839909525] [state_machine_node]: 문 앞 정렬 재접근: observed_blue_18p6_1p9 (1/2)
[state_machine_node-24] [INFO] [1790647428.842149730] [state_machine_node]: Observed blue target observed_blue_18p6_1p9 refreshed to wall memory at (18.78, 1.87) before axis-aligned approach (delta=0.21m).
[state_machine_node-24] [INFO] [1790647428.842954389] [state_machine_node]: 문 접근 목표 보정: observed_blue_18p6_1p9 handle_axis=(18.78, 1.87) goal_axis=(18.78, 0.77) wall_axis=(18.78, 1.87) yaw=90deg
[navigation_node-22] [INFO] [1790647428.845693938] [navigation_node]: Navigation goal received: door observed_blue_18p6_1p9 (color=blue, frame=map, x=18.78, y=0.77)
[navigation_node-22] [WARN] [1790647428.946306495] [navigation_node]: Adjusted unreachable/occupied navigation goal from (18.78, 0.77, cost=48) to connected free cell (18.73, 0.88, cost=0)
[bt_navigator-17] [INFO] [1790647429.027410491] [bt_navigator]: Begin navigating from current location (18.36, 0.56) to (18.73, 0.88)
[navigation_node-22] [INFO] [1790647429.029719014] [navigation_node]: Navigation goal accepted by Nav2
[controller_server-13] [INFO] [1790647429.228763684] [controller_server]: Received a goal, begin computing control effort.
[door_detection_node-21] [INFO] [1790647429.229928827] [door_detection_node]: Side camera LiDAR range looks occluded; using visual range instead (source=front_left, lidar=1.44m, visual=2.60m)
[door_detection_node-21] [INFO] [1790647430.094182284] [door_detection_node]: 문 후보 발행: id=door_blue_4622c4, source=front_left, color=blue, dist=5.30m, conf=0.65, bbox=(241,62,270,175), rep_x=255, center_x=255, angle=47.9deg, center_angle=47.9deg, lidar=5.24m, visual=4.14m, goal=(14.07,-0.67), handle=(13.62,-1.84,1.00), handle_obs=True, handle_method=estimated, handle_conf=0.00
[controller_server-13] [INFO] [1790647430.605070030] [controller_server]: Passing new path to controller.
[door_detection_node-21] [INFO] [1790647431.450983167] [door_detection_node]: Side camera LiDAR range looks too long for the visible door; using visual range (source=front_left, lidar=7.21m, visual=4.14m)
[controller_server-13] [INFO] [1790647431.855144562] [controller_server]: Passing new path to controller.
[door_detection_node-21] [INFO] [1790647431.914009336] [door_detection_node]: 문 후보 발행: id=door_blue_4622c4, source=front_left, color=blue, dist=4.14m, conf=0.55, bbox=(228,61,259,174), rep_x=243, center_x=243, angle=50.5deg, center_angle=50.5deg, lidar=11.22m, visual=4.14m, goal=(15.15,-0.14), handle=(14.64,-1.28,1.00), handle_obs=True, handle_method=estimated, handle_conf=0.00
[state_machine_node-24] [INFO] [1790647431.925252442] [state_machine_node]: Blue candidate door_blue_4622c4 ignored: physical/opened door station already handled nearby at (14.64, -1.28).
[state_machine_node-24] [INFO] [1790647432.445215341] [state_machine_node]: 문 접근 목표 보정: door_blue_95e8e9 handle_axis=(19.34, 1.91) goal_axis=(19.34, 0.81) wall_axis=(19.34, 1.91) yaw=90deg
[state_machine_node-24] [INFO] [1790647432.451626848] [state_machine_node]: 문 접근 목표 보정: door_blue_95e8e9 handle_axis=(19.34, 1.91) goal_axis=(19.34, 0.81) wall_axis=(19.34, 1.91) yaw=90deg
[state_machine_node-24] [INFO] [1790647432.473567610] [state_machine_node]: 문 접근 목표 보정: door_blue_95e8e9 handle_axis=(19.34, 1.91) goal_axis=(19.34, 0.81) wall_axis=(19.34, 1.91) yaw=90deg
[navigation_node-22] [INFO] [1790647432.475954857] [navigation_node]: Navigation cancellation requested for manual control handoff.
[state_machine_node-24] [INFO] [1790647432.476018341] [state_machine_node]: Nav2 goal cancellation requested before close-range door station correction backoff.
[state_machine_node-24] [WARN] [1790647432.476994386] [state_machine_node]: Close door-front observation moved observed_blue_18p6_1p9 by 0.56m; returning to Nav2 before final alignment.
[state_machine_node-24] [WARN] [1790647432.478228825] [state_machine_node]: Locked blue target refined from newer observation: observed_blue_18p6_1p9 -> observed_blue_18p6_1p9, goal shift=0.56m, identity=(18.57,1.89) -> (18.79,1.86)
[state_machine_node-24] [INFO] [1790647432.483629426] [state_machine_node]: Close-station correction backoff: observed_blue_18p6_1p9, cmd_x=-0.08
[bt_navigator-17] [ERROR] [1790647432.548787650] [bt_navigator_navigate_to_pose_rclcpp_node]: Failed to get result for follow_path in node halt!
[bt_navigator-17] [INFO] [1790647432.548964443] [bt_navigator]: [navigate_to_pose] [ActionServer] Client requested to cancel the goal. Cancelling.
[bt_navigator-17] [INFO] [1790647432.549174263] [bt_navigator]: Goal canceled
[controller_server-13] [INFO] [1790647432.605068207] [controller_server]: Goal was canceled. Stopping the robot.
[controller_server-13] [INFO] [1790647432.605144318] [controller_server]: [follow_path] [ActionServer] Client requested to cancel the goal. Cancelling.
[state_machine_node-24] [INFO] [1790647433.367972078] [state_machine_node]: Close-station correction backoff: observed_blue_18p6_1p9, cmd_x=-0.08
[door_detection_node-21] [INFO] [1790647434.041290481] [door_detection_node]: 문 후보 발행: id=door_blue_95e8e9, source=front_right, color=blue, dist=1.30m, conf=1.00, bbox=(0,0,165,240), rep_x=82, center_x=82, angle=-51.6deg, center_angle=-51.6deg, lidar=1.37m, visual=1.95m, goal=(18.08,1.06), handle=(19.13,1.73,0.84), handle_obs=True, handle_method=yolo:primary:item, handle_conf=0.65
[state_machine_node-24] [INFO] [1790647434.271794187] [state_machine_node]: Close-station correction backoff: observed_blue_18p6_1p9, cmd_x=-0.08
[state_machine_node-24] [INFO] [1790647435.188798303] [state_machine_node]: Close-station correction backoff: observed_blue_18p6_1p9, cmd_x=-0.08
[state_machine_node-24] [INFO] [1790647435.470485812] [state_machine_node]: Blue candidate door_blue_cc16bb ignored: physical/opened door station already handled nearby at (13.93, -1.98).
[door_detection_node-21] [INFO] [1790647435.485248937] [door_detection_node]: Side camera LiDAR range looks occluded; using visual range instead (source=front_left, lidar=1.33m, visual=2.25m)
[door_detection_node-21] [INFO] [1790647435.488107283] [door_detection_node]: YOLO 후보 제외: source=front_left, edge-clipped bbox=(0,14,32,222)
[state_machine_node-24] [INFO] [1790647436.117957628] [state_machine_node]: Door navigation backoff complete; replanning to observed_blue_18p6_1p9.
[navigation_node-22] [INFO] [1790647436.121715738] [navigation_node]: Navigation goal received: door observed_blue_18p6_1p9 (color=blue, frame=map, x=19.34, y=0.81)
[door_detection_node-21] [INFO] [1790647436.182183165] [door_detection_node]: 문 후보 발행: id=door_blue_348b98, source=front_right, color=blue, dist=1.39m, conf=1.00, bbox=(0,0,149,240), rep_x=74, center_x=74, angle=-49.8deg, center_angle=-49.8deg, lidar=1.40m, visual=1.95m, goal=(18.02,1.06), handle=(19.00,1.83,0.84), handle_obs=True, handle_method=yolo:primary:item, handle_conf=0.69
[state_machine_node-24] [INFO] [1790647436.190436121] [state_machine_node]: 문 접근 목표 보정: door_blue_348b98 handle_axis=(19.00, 1.83) goal_axis=(19.00, 0.73) wall_axis=(19.00, 1.83) yaw=90deg
[state_machine_node-24] [INFO] [1790647436.194231286] [state_machine_node]: 문 접근 목표 보정: door_blue_348b98 handle_axis=(19.00, 1.83) goal_axis=(19.00, 0.73) wall_axis=(19.00, 1.83) yaw=90deg
[state_machine_node-24] [WARN] [1790647436.195310913] [state_machine_node]: Locked blue target refined from newer observation: observed_blue_18p6_1p9 -> observed_blue_18p6_1p9, goal shift=0.35m, identity=(18.79,1.86) -> (18.67,1.86)
[navigation_node-22] [WARN] [1790647436.235272469] [navigation_node]: Relaxed blue-door staging constraints to keep Nav2 goal in connected free space before the FSM performs fine alignment.
[navigation_node-22] [WARN] [1790647436.236363966] [navigation_node]: Adjusted unreachable/occupied navigation goal from (19.34, 0.81, cost=99) to connected free cell (18.88, 1.13, cost=0)
[bt_navigator-17] [INFO] [1790647436.318639420] [bt_navigator]: Begin navigating from current location (18.42, 0.48) to (18.88, 1.13)
[navigation_node-22] [INFO] [1790647436.322396299] [navigation_node]: Navigation goal received: door observed_blue_18p6_1p9 (color=blue, frame=map, x=19.00, y=0.73)
[navigation_node-22] [WARN] [1790647436.323373651] [navigation_node]: Already navigating. Preempting current goal without an explicit stop before retargeting to: observed_blue_18p6_1p9
[navigation_node-22] [WARN] [1790647436.423047769] [navigation_node]: Adjusted unreachable/occupied navigation goal from (19.00, 0.73, cost=93) to connected free cell (18.68, 0.78, cost=0)
[navigation_node-22] [INFO] [1790647436.512070421] [navigation_node]: Navigation goal accepted by Nav2
[bt_navigator-17] [INFO] [1790647436.519584741] [bt_navigator]: Received goal preemption request
[controller_server-13] [INFO] [1790647436.519626924] [controller_server]: Received a goal, begin computing control effort.
[bt_navigator-17] [INFO] [1790647436.519795383] [bt_navigator]: Begin navigating from current location (18.42, 0.48) to (18.68, 0.78)
[door_detection_node-21] [INFO] [1790647437.490649192] [door_detection_node]: Side camera LiDAR range looks occluded; using visual range instead (source=front_left, lidar=1.31m, visual=2.25m)
[controller_server-13] [INFO] [1790647437.895333425] [controller_server]: Passing new path to controller.
[door_detection_node-21] [INFO] [1790647438.548746036] [door_detection_node]: 문 후보 발행: id=door_blue_348b98, source=front_right, color=blue, dist=1.45m, conf=1.00, bbox=(0,0,135,240), rep_x=67, center_x=67, angle=-48.3deg, center_angle=-48.3deg, lidar=1.39m, visual=1.95m, goal=(17.99,1.08), handle=(19.02,1.79,0.84), handle_obs=True, handle_method=yolo:primary:item, handle_conf=0.70
[state_machine_node-24] [INFO] [1790647438.558539839] [state_machine_node]: 문 접근 목표 보정: door_blue_348b98 handle_axis=(19.02, 1.79) goal_axis=(19.02, 0.69) wall_axis=(19.02, 1.79) yaw=90deg
[state_machine_node-24] [INFO] [1790647438.562192216] [state_machine_node]: 문 접근 목표 보정: door_blue_348b98 handle_axis=(19.02, 1.79) goal_axis=(19.02, 0.69) wall_axis=(19.02, 1.79) yaw=90deg
[controller_server-13] [INFO] [1790647439.145343236] [controller_server]: Passing new path to controller.
[state_machine_node-24] [INFO] [1790647439.313119538] [state_machine_node]: Blue candidate door_blue_f50f29 ignored: physical/opened door station already handled nearby at (13.47, -1.89).
[door_detection_node-21] [INFO] [1790647440.320706330] [door_detection_node]: 문 후보 발행: id=door_blue_348b98, source=front_right, color=blue, dist=1.43m, conf=0.45, bbox=(0,133,34,240), rep_x=17, center_x=17, angle=-38.6deg, center_angle=-38.6deg, lidar=1.61m, visual=4.37m, goal=(17.80,1.53), handle=(19.02,1.78,1.00), handle_obs=False, handle_method=estimated, handle_conf=0.00
[controller_server-13] [INFO] [1790647440.520319199] [controller_server]: Passing new path to controller.
[door_detection_node-21] [INFO] [1790647441.459326995] [door_detection_node]: Side camera LiDAR range looks occluded; using visual range instead (source=front_right, lidar=1.08m, visual=2.52m)
[state_machine_node-24] [INFO] [1790647441.478523012] [state_machine_node]: 보조 비상구 관측 저장: door_green_56939c (20.7, -0.1)
[controller_server-13] [INFO] [1790647441.646072135] [controller_server]: Passing new path to controller.
[door_detection_node-21] [INFO] [1790647442.044089675] [door_detection_node]: HSV candidate rejected: color=blue, edge-clipped bbox=(0,0,188,240), width_ratio=0.59
[controller_server-13] [INFO] [1790647443.020400110] [controller_server]: Passing new path to controller.
[door_detection_node-21] [INFO] [1790647443.029971181] [door_detection_node]: 문 후보 발행: id=door_green_db4b83, source=front_right, color=green, dist=2.44m, conf=1.00, bbox=(83,17,201,209), rep_x=142, center_x=142, angle=-65.6deg, center_angle=-65.6deg, lidar=1.06m, visual=2.44m, goal=(19.23,0.37), handle=(20.64,-0.13,1.00), handle_obs=False, handle_method=estimated, handle_conf=0.00
[controller_server-13] [INFO] [1790647444.145303770] [controller_server]: Passing new path to controller.
[door_detection_node-21] [INFO] [1790647444.480600024] [door_detection_node]: YOLO 후보 제외: source=front_left, edge-clipped bbox=(183,0,318,240)
[door_detection_node-21] [INFO] [1790647444.867104810] [door_detection_node]: 문 후보 발행: id=door_green_a7c5d1, source=front_right, color=green, dist=1.00m, conf=1.00, bbox=(0,0,132,224), rep_x=66, center_x=66, angle=-48.1deg, center_angle=-48.1deg, lidar=1.00m, visual=2.09m, goal=(18.67,0.68), handle=(19.35,0.50,1.00), handle_obs=False, handle_method=estimated, handle_conf=0.00
[controller_server-13] [INFO] [1790647445.520362748] [controller_server]: Passing new path to controller.
[door_detection_node-21] [INFO] [1790647446.076809380] [door_detection_node]: HSV candidate rejected: color=blue, edge-clipped bbox=(107,0,320,240), width_ratio=0.67
[door_detection_node-21] [INFO] [1790647446.460443335] [door_detection_node]: 문 후보 발행: id=door_green_45de31, source=front, color=green, dist=1.17m, conf=1.00, bbox=(276,0,320,216), rep_x=298, center_x=298, angle=-30.5deg, center_angle=-30.5deg, lidar=1.17m, visual=2.17m, goal=(18.73,0.73), handle=(19.59,0.60,1.00), handle_obs=False, handle_method=estimated, handle_conf=0.00
[controller_server-13] [INFO] [1790647446.770311980] [controller_server]: Passing new path to controller.
[controller_server-13] [INFO] [1790647448.020241060] [controller_server]: Passing new path to controller.
[door_detection_node-21] [INFO] [1790647448.066122362] [door_detection_node]: 문 후보 발행: id=door_blue_4a310c, source=front_left, color=blue, dist=1.05m, conf=1.00, bbox=(41,0,282,240), rep_x=161, center_x=161, angle=69.8deg, center_angle=69.8deg, lidar=1.05m, visual=1.95m, goal=(19.40,0.82), handle=(19.09,2.03,0.84), handle_obs=True, handle_method=hsv, handle_conf=0.63
[state_machine_node-24] [INFO] [1790647448.077912339] [state_machine_node]: 문 접근 목표 보정: door_blue_4a310c handle_axis=(19.09, 2.03) goal_axis=(19.09, 0.93) wall_axis=(19.09, 2.03) yaw=90deg
[state_machine_node-24] [INFO] [1790647448.080933047] [state_machine_node]: 문 접근 목표 보정: door_blue_4a310c handle_axis=(19.09, 2.03) goal_axis=(19.09, 0.93) wall_axis=(19.09, 2.03) yaw=90deg
[state_machine_node-24] [WARN] [1790647448.092705259] [state_machine_node]: Locked blue target refined from newer observation: observed_blue_18p6_1p9 -> observed_blue_18p6_1p9, goal shift=0.22m, identity=(18.67,1.86) -> (18.56,1.84)
[navigation_node-22] [INFO] [1790647448.094876803] [navigation_node]: Navigation goal received: door observed_blue_18p6_1p9 (color=blue, frame=map, x=19.09, y=0.93)
[navigation_node-22] [INFO] [1790647448.095891990] [navigation_node]: Ignoring duplicate navigation target for active door: observed_blue_18p6_1p9
[door_detection_node-21] [INFO] [1790647448.544829252] [door_detection_node]: Side camera LiDAR range looks occluded; using visual range instead (source=front_right, lidar=1.00m, visual=2.28m)
[state_machine_node-24] [INFO] [1790647448.557398462] [state_machine_node]: 보조 비상구 관측 저장: door_green_c9dca5 (20.5, -0.2)
[door_detection_node-21] [INFO] [1790647448.915559435] [door_detection_node]: YOLO 후보 제외: source=front, edge-clipped bbox=(213,9,320,209)
[controller_server-13] [INFO] [1790647449.395333113] [controller_server]: Passing new path to controller.
[door_detection_node-21] [INFO] [1790647449.436014606] [door_detection_node]: HSV candidate rejected: color=blue, edge-clipped bbox=(0,0,231,240), width_ratio=0.72
[controller_server-13] [INFO] [1790647450.645304981] [controller_server]: Passing new path to controller.
[door_detection_node-21] [INFO] [1790647450.732297842] [door_detection_node]: 문 후보 발행: id=door_green_b2b448, source=front, color=green, dist=2.42m, conf=1.00, bbox=(179,16,311,209), rep_x=245, center_x=245, angle=-20.0deg, center_angle=-20.0deg, lidar=0.97m, visual=2.42m, goal=(19.35,0.52), handle=(20.77,0.04,1.00), handle_obs=False, handle_method=estimated, handle_conf=0.00
[state_machine_node-24] [INFO] [1790647451.693809131] [state_machine_node]: 보조 비상구 관측 저장: door_green_73c139 (20.8, 0.1)
[controller_server-13] [INFO] [1790647451.895341592] [controller_server]: Passing new path to controller.
[door_detection_node-21] [INFO] [1790647452.614420882] [door_detection_node]: 문 후보 발행: id=door_green_73c139, source=front, color=green, dist=2.49m, conf=1.00, bbox=(151,19,274,207), rep_x=212, center_x=212, angle=-12.5deg, center_angle=-12.5deg, lidar=0.94m, visual=2.49m, goal=(19.44,0.55), handle=(20.88,0.10,1.00), handle_obs=False, handle_method=estimated, handle_conf=0.00
[controller_server-13] [INFO] [1790647453.145289985] [controller_server]: Passing new path to controller.
[state_machine_node-24] [INFO] [1790647453.660299602] [state_machine_node]: 문 접근 목표 보정: door_blue_0d9a80 handle_axis=(18.87, 1.95) goal_axis=(18.87, 0.85) wall_axis=(18.87, 1.95) yaw=90deg
[state_machine_node-24] [INFO] [1790647453.665211422] [state_machine_node]: 문 접근 목표 보정: door_blue_0d9a80 handle_axis=(18.87, 1.95) goal_axis=(18.87, 0.85) wall_axis=(18.87, 1.95) yaw=90deg
[state_machine_node-24] [WARN] [1790647453.666802273] [state_machine_node]: Locked blue target refined from newer observation: observed_blue_18p6_1p9 -> observed_blue_18p6_1p9, goal shift=0.24m, identity=(18.56,1.84) -> (18.63,1.91)
[navigation_node-22] [INFO] [1790647453.668865742] [navigation_node]: Navigation goal received: door observed_blue_18p6_1p9 (color=blue, frame=map, x=18.87, y=0.85)
[navigation_node-22] [INFO] [1790647453.669578445] [navigation_node]: Ignoring duplicate navigation target for active door: observed_blue_18p6_1p9
[state_machine_node-24] [INFO] [1790647453.822375967] [state_machine_node]: Nav2 door goal position is near, but yaw is not ready yet: observed_blue_18p6_1p9, dist=0.38m/0.38m, lateral=0.02m/0.24m, yaw_error=94deg.
[controller_server-13] [INFO] [1790647454.520668642] [controller_server]: Passing new path to controller.
[door_detection_node-21] [INFO] [1790647454.534140199] [door_detection_node]: 문 후보 발행: id=door_green_73c139, source=front, color=green, dist=2.49m, conf=1.00, bbox=(167,19,295,207), rep_x=231, center_x=231, angle=-16.9deg, center_angle=-16.9deg, lidar=0.98m, visual=2.49m, goal=(19.44,0.56), handle=(20.87,0.12,1.00), handle_obs=False, handle_method=estimated, handle_conf=0.00
[door_detection_node-21] [INFO] [1790647455.086788700] [door_detection_node]: HSV candidate rejected: color=blue, edge-clipped bbox=(0,0,203,240), width_ratio=0.63
[door_detection_node-21] [INFO] [1790647455.472062772] [door_detection_node]: YOLO 후보 제외: source=front, edge-clipped bbox=(183,14,320,211)
[state_machine_node-24] [INFO] [1790647455.744885592] [state_machine_node]: Nav2 door goal position is near, but yaw is not ready yet: observed_blue_18p6_1p9, dist=0.36m/0.38m, lateral=-0.01m/0.24m, yaw_error=91deg.
[controller_server-13] [INFO] [1790647455.770303548] [controller_server]: Passing new path to controller.
[navigation_node-22] [WARN] [1790647455.822408023] [navigation_node]: Robot is 0.18m from blue goal (threshold=0.18m). Treating navigation as succeeded.
[state_machine_node-24] [INFO] [1790647455.824258761] [state_machine_node]: Navigation succeeded.
[bt_navigator-17] [ERROR] [1790647455.940136278] [bt_navigator_navigate_to_pose_rclcpp_node]: Failed to get result for follow_path in node halt!
[bt_navigator-17] [INFO] [1790647455.940419982] [bt_navigator]: [navigate_to_pose] [ActionServer] Client requested to cancel the goal. Cancelling.
[bt_navigator-17] [INFO] [1790647455.941033427] [bt_navigator]: Goal canceled
[controller_server-13] [INFO] [1790647456.020590980] [controller_server]: Goal was canceled. Stopping the robot.
[controller_server-13] [INFO] [1790647456.020728361] [controller_server]: [follow_path] [ActionServer] Client requested to cancel the goal. Cancelling.
[door_detection_node-21] [INFO] [1790647456.470523888] [door_detection_node]: 문 후보 발행: id=door_green_73c139, source=front, color=green, dist=2.48m, conf=1.00, bbox=(167,18,295,207), rep_x=231, center_x=231, angle=-16.9deg, center_angle=-16.9deg, lidar=0.96m, visual=2.48m, goal=(19.44,0.54), handle=(20.87,0.09,1.00), handle_obs=False, handle_method=estimated, handle_conf=0.00
[state_machine_node-24] [INFO] [1790647456.474892023] [state_machine_node]: 보조 비상구 관측 저장: door_green_73c139 (20.9, 0.1)
[state_machine_node-24] [INFO] [1790647456.713173937] [state_machine_node]: Fine door approach started: observed_blue_18p6_1p9, dist=0.36m, lateral=0.01m, forward=0.36m, yaw_error=92deg
[state_machine_node-24] [INFO] [1790647456.714363825] [state_machine_node]: Fine door parking translation: observed_blue_18p6_1p9, dist=0.36m/0.17m, heading_error=2deg, cmd=(0.07, 0.02)
[state_machine_node-24] [INFO] [1790647457.612839747] [state_machine_node]: Fine door parking translation: observed_blue_18p6_1p9, dist=0.33m/0.17m, heading_error=1deg, cmd=(0.07, 0.02)
[door_detection_node-21] [INFO] [1790647458.288525701] [door_detection_node]: 문 후보 발행: id=door_green_73c139, source=front, color=green, dist=2.44m, conf=1.00, bbox=(168,17,299,209), rep_x=233, center_x=233, angle=-17.3deg, center_angle=-17.3deg, lidar=0.85m, visual=2.44m, goal=(19.45,0.55), handle=(20.88,0.10,1.00), handle_obs=False, handle_method=estimated, handle_conf=0.00
[state_machine_node-24] [INFO] [1790647458.547057637] [state_machine_node]: Fine door parking translation: observed_blue_18p6_1p9, dist=0.29m/0.17m, heading_error=1deg, cmd=(0.07, 0.01)
[state_machine_node-24] [INFO] [1790647459.280149125] [state_machine_node]: 문 접근 목표 보정: door_blue_0ef14c handle_axis=(18.87, 1.93) goal_axis=(18.87, 0.83) wall_axis=(18.87, 1.93) yaw=90deg
[state_machine_node-24] [INFO] [1790647459.286919702] [state_machine_node]: 문 접근 목표 보정: door_blue_0ef14c handle_axis=(18.87, 1.93) goal_axis=(18.87, 0.83) wall_axis=(18.87, 1.93) yaw=90deg
[state_machine_node-24] [INFO] [1790647459.312611009] [state_machine_node]: 문 접근 목표 보정: door_blue_0ef14c handle_axis=(18.87, 1.93) goal_axis=(18.87, 0.83) wall_axis=(18.87, 1.93) yaw=90deg
[state_machine_node-24] [INFO] [1790647459.525256194] [state_machine_node]: Fine door parking translation: observed_blue_18p6_1p9, dist=0.27m/0.17m, heading_error=2deg, cmd=(0.07, -0.02)
[door_detection_node-21] [INFO] [1790647460.200815161] [door_detection_node]: 문 후보 발행: id=door_green_73c139, source=front, color=green, dist=2.35m, conf=1.00, bbox=(171,13,307,212), rep_x=239, center_x=239, angle=-18.7deg, center_angle=-18.7deg, lidar=0.76m, visual=2.35m, goal=(19.43,0.58), handle=(20.85,0.11,1.00), handle_obs=False, handle_method=estimated, handle_conf=0.00
[state_machine_node-24] [INFO] [1790647460.203298566] [state_machine_node]: 보조 비상구 관측 저장: door_green_73c139 (20.9, 0.1)
[state_machine_node-24] [INFO] [1790647460.493362653] [state_machine_node]: Fine door parking translation: observed_blue_18p6_1p9, dist=0.21m/0.17m, heading_error=1deg, cmd=(0.07, -0.02)
[state_machine_node-24] [INFO] [1790647461.244625524] [state_machine_node]: 문 접근 목표 보정: door_blue_0d9a80 handle_axis=(18.67, 1.95) goal_axis=(18.67, 0.85) wall_axis=(18.67, 1.95) yaw=90deg
[state_machine_node-24] [INFO] [1790647461.249409497] [state_machine_node]: 문 접근 목표 보정: door_blue_0d9a80 handle_axis=(18.67, 1.95) goal_axis=(18.67, 0.85) wall_axis=(18.67, 1.95) yaw=90deg
[state_machine_node-24] [INFO] [1790647461.273569645] [state_machine_node]: 문 접근 목표 보정: door_blue_0d9a80 handle_axis=(18.67, 1.95) goal_axis=(18.67, 0.85) wall_axis=(18.67, 1.95) yaw=90deg
[state_machine_node-24] [INFO] [1790647461.464306710] [state_machine_node]: Fine door parking translation: observed_blue_18p6_1p9, dist=0.19m/0.17m, heading_error=1deg, cmd=(0.07, -0.01)
[cmd_vel_safety_node-6] [WARN] [1790647461.465970406] [cmd_vel_safety_node]: LiDAR collision stop: front=0.46m
[door_detection_node-21] [INFO] [1790647462.065076281] [door_detection_node]: 문 후보 발행: id=door_green_73c139, source=front, color=green, dist=2.31m, conf=1.00, bbox=(167,11,305,214), rep_x=236, center_x=236, angle=-18.0deg, center_angle=-18.0deg, lidar=0.77m, visual=2.31m, goal=(19.45,0.59), handle=(20.87,0.10,1.00), handle_obs=False, handle_method=estimated, handle_conf=0.00
[state_machine_node-24] [INFO] [1790647462.407170622] [state_machine_node]: Fine door final yaw alignment: observed_blue_18p6_1p9, dist=0.17m/0.17m, yaw_error=90deg, cmd=(0.00, 0.25)
[state_machine_node-24] [INFO] [1790647463.053868095] [state_machine_node]: 문 접근 목표 보정: door_blue_0d9a80 handle_axis=(18.69, 1.89) goal_axis=(18.69, 0.79) wall_axis=(18.69, 1.89) yaw=90deg
[state_machine_node-24] [INFO] [1790647463.059130521] [state_machine_node]: 문 접근 목표 보정: door_blue_0d9a80 handle_axis=(18.69, 1.89) goal_axis=(18.69, 0.79) wall_axis=(18.69, 1.89) yaw=90deg
[state_machine_node-24] [INFO] [1790647463.079818906] [state_machine_node]: 문 접근 목표 보정: door_blue_0d9a80 handle_axis=(18.69, 1.89) goal_axis=(18.69, 0.79) wall_axis=(18.69, 1.89) yaw=90deg
[state_machine_node-24] [INFO] [1790647463.371986372] [state_machine_node]: Fine door final yaw alignment: observed_blue_18p6_1p9, dist=0.17m/0.17m, yaw_error=88deg, cmd=(0.00, 0.25)
[door_detection_node-21] [INFO] [1790647464.001257816] [door_detection_node]: 문 후보 발행: id=door_green_45de31, source=front, color=green, dist=0.73m, conf=1.00, bbox=(198,0,320,216), rep_x=259, center_x=259, angle=-22.9deg, center_angle=-22.9deg, lidar=0.73m, visual=2.17m, goal=(18.99,0.77), handle=(19.41,0.65,1.00), handle_obs=False, handle_method=estimated, handle_conf=0.00
[state_machine_node-24] [INFO] [1790647464.316572049] [state_machine_node]: Fine door final yaw alignment: observed_blue_18p6_1p9, dist=0.17m/0.17m, yaw_error=83deg, cmd=(0.00, 0.25)
[door_detection_node-21] [INFO] [1790647464.546036652] [door_detection_node]: HSV candidate rejected: color=blue, edge-clipped bbox=(0,0,193,240), width_ratio=0.60
[state_machine_node-24] [INFO] [1790647465.252532588] [state_machine_node]: Fine door final yaw alignment: observed_blue_18p6_1p9, dist=0.18m/0.17m, yaw_error=75deg, cmd=(0.00, 0.25)
[door_detection_node-21] [INFO] [1790647465.553780204] [door_detection_node]: 문 후보 발행: id=door_green_a7c5d1, source=front_right, color=green, dist=0.76m, conf=1.00, bbox=(0,0,56,214), rep_x=28, center_x=28, angle=-40.6deg, center_angle=-40.6deg, lidar=0.76m, visual=2.19m, goal=(18.97,0.70), handle=(19.39,0.51,1.00), handle_obs=False, handle_method=estimated, handle_conf=0.00
[state_machine_node-24] [INFO] [1790647466.205797665] [state_machine_node]: Fine door final yaw alignment: observed_blue_18p6_1p9, dist=0.19m/0.17m, yaw_error=68deg, cmd=(0.00, 0.25)
[door_detection_node-21] [INFO] [1790647467.120001333] [door_detection_node]: 문 후보 발행: id=door_green_a7c5d1, source=front_right, color=green, dist=0.75m, conf=1.00, bbox=(0,0,99,208), rep_x=49, center_x=49, angle=-44.6deg, center_angle=-44.6deg, lidar=0.75m, visual=2.25m, goal=(18.99,0.70), handle=(19.42,0.56,1.00), handle_obs=False, handle_method=estimated, handle_conf=0.00
[state_machine_node-24] [INFO] [1790647467.171863017] [state_machine_node]: Fine door final yaw alignment: observed_blue_18p6_1p9, dist=0.18m/0.17m, yaw_error=63deg, cmd=(0.00, 0.25)
[state_machine_node-24] [INFO] [1790647468.122871904] [state_machine_node]: Fine door final yaw alignment: observed_blue_18p6_1p9, dist=0.18m/0.17m, yaw_error=60deg, cmd=(0.00, 0.25)
[state_machine_node-24] [INFO] [1790647468.141758603] [state_machine_node]: 문 접근 목표 보정: door_blue_4a310c handle_axis=(18.97, 1.89) goal_axis=(18.97, 0.79) wall_axis=(18.97, 1.89) yaw=90deg
[state_machine_node-24] [INFO] [1790647468.147167172] [state_machine_node]: 문 접근 목표 보정: door_blue_4a310c handle_axis=(18.97, 1.89) goal_axis=(18.97, 0.79) wall_axis=(18.97, 1.89) yaw=90deg
[state_machine_node-24] [INFO] [1790647468.174961342] [state_machine_node]: 문 접근 목표 보정: door_blue_4a310c handle_axis=(18.97, 1.89) goal_axis=(18.97, 0.79) wall_axis=(18.97, 1.89) yaw=90deg
[door_detection_node-21] [INFO] [1790647468.696530943] [door_detection_node]: 문 후보 발행: id=door_green_a7c5d1, source=front_right, color=green, dist=0.82m, conf=1.00, bbox=(0,0,135,205), rep_x=67, center_x=67, angle=-48.3deg, center_angle=-48.3deg, lidar=0.82m, visual=2.28m, goal=(18.98,0.73), handle=(19.48,0.60,1.00), handle_obs=False, handle_method=estimated, handle_conf=0.00
[state_machine_node-24] [INFO] [1790647469.090265989] [state_machine_node]: Fine door final yaw alignment: observed_blue_18p6_1p9, dist=0.19m/0.17m, yaw_error=59deg, cmd=(0.00, 0.25)
[door_detection_node-21] [INFO] [1790647469.602345752] [door_detection_node]: HSV candidate rejected: color=blue, edge-clipped bbox=(106,0,320,240), width_ratio=0.67
[state_machine_node-24] [INFO] [1790647470.054504415] [state_machine_node]: Fine door final yaw alignment: observed_blue_18p6_1p9, dist=0.18m/0.17m, yaw_error=52deg, cmd=(0.00, 0.25)
[door_detection_node-21] [INFO] [1790647470.643621741] [door_detection_node]: 문 후보 발행: id=door_green_3b7180, source=front_right, color=green, dist=0.95m, conf=1.00, bbox=(36,0,174,229), rep_x=105, center_x=105, angle=-56.8deg, center_angle=-56.8deg, lidar=0.95m, visual=2.04m, goal=(19.00,0.73), handle=(19.63,0.57,1.00), handle_obs=False, handle_method=estimated, handle_conf=0.00
[state_machine_node-24] [INFO] [1790647470.993258126] [state_machine_node]: Fine door final yaw alignment: observed_blue_18p6_1p9, dist=0.17m/0.17m, yaw_error=49deg, cmd=(0.00, 0.25)
[state_machine_node-24] [INFO] [1790647471.712565556] [state_machine_node]: 문 접근 목표 보정: door_blue_4a310c handle_axis=(18.53, 1.90) goal_axis=(18.53, 0.80) wall_axis=(18.53, 1.90) yaw=90deg
[state_machine_node-24] [INFO] [1790647471.717498818] [state_machine_node]: 문 접근 목표 보정: door_blue_4a310c handle_axis=(18.53, 1.90) goal_axis=(18.53, 0.80) wall_axis=(18.53, 1.90) yaw=90deg
[state_machine_node-24] [INFO] [1790647471.761565714] [state_machine_node]: 문 접근 목표 보정: door_blue_4a310c handle_axis=(18.53, 1.90) goal_axis=(18.53, 0.80) wall_axis=(18.53, 1.90) yaw=90deg
[state_machine_node-24] [INFO] [1790647471.957541836] [state_machine_node]: Fine door final yaw alignment: observed_blue_18p6_1p9, dist=0.18m/0.17m, yaw_error=43deg, cmd=(0.00, 0.25)
[door_detection_node-21] [INFO] [1790647472.202510678] [door_detection_node]: 문 후보 발행: id=door_green_3b7180, source=front_right, color=green, dist=0.84m, conf=1.00, bbox=(76,0,206,223), rep_x=141, center_x=141, angle=-65.4deg, center_angle=-65.4deg, lidar=0.84m, visual=2.10m, goal=(18.99,0.72), handle=(19.52,0.59,1.00), handle_obs=False, handle_method=estimated, handle_conf=0.00
[state_machine_node-24] [INFO] [1790647472.890797237] [state_machine_node]: Fine door final yaw alignment: observed_blue_18p6_1p9, dist=0.17m/0.17m, yaw_error=39deg, cmd=(0.00, 0.25)
[state_machine_node-24] [INFO] [1790647473.234085537] [state_machine_node]: 문 접근 목표 보정: door_blue_ae6d73 handle_axis=(18.47, 1.84) goal_axis=(18.47, 0.74) wall_axis=(18.47, 1.84) yaw=90deg
[state_machine_node-24] [INFO] [1790647473.240799487] [state_machine_node]: 문 접근 목표 보정: door_blue_ae6d73 handle_axis=(18.47, 1.84) goal_axis=(18.47, 0.74) wall_axis=(18.47, 1.84) yaw=90deg
[state_machine_node-24] [INFO] [1790647473.242507433] [state_machine_node]: 문 접근 목표 보정: door_blue_ae6d73 handle_axis=(18.47, 1.84) goal_axis=(18.47, 0.74) wall_axis=(18.47, 1.84) yaw=90deg
[door_detection_node-21] [INFO] [1790647473.763066637] [door_detection_node]: Side camera LiDAR range looks occluded; using visual range instead (source=front_right, lidar=0.87m, visual=2.20m)
[door_detection_node-21] [INFO] [1790647473.787746856] [door_detection_node]: 문 후보 발행: id=door_green_56939c, source=front_right, color=green, dist=2.20m, conf=1.00, bbox=(111,5,240,218), rep_x=175, center_x=175, angle=-73.7deg, center_angle=-73.7deg, lidar=0.87m, visual=2.20m, goal=(19.38,0.61), handle=(20.82,0.19,1.00), handle_obs=False, handle_method=estimated, handle_conf=0.00
[state_machine_node-24] [INFO] [1790647473.790016775] [state_machine_node]: 보조 비상구 관측 저장: door_green_56939c (20.8, 0.2)
[state_machine_node-24] [INFO] [1790647473.865735802] [state_machine_node]: Fine door final yaw alignment: observed_blue_18p6_1p9, dist=0.17m/0.17m, yaw_error=35deg, cmd=(0.00, 0.25)
[state_machine_node-24] [INFO] [1790647474.751750143] [state_machine_node]: 문 접근 목표 보정: door_blue_ae6d73 handle_axis=(18.41, 1.84) goal_axis=(18.41, 0.74) wall_axis=(18.41, 1.84) yaw=90deg
[state_machine_node-24] [INFO] [1790647474.756927704] [state_machine_node]: 문 접근 목표 보정: door_blue_ae6d73 handle_axis=(18.41, 1.84) goal_axis=(18.41, 0.74) wall_axis=(18.41, 1.84) yaw=90deg
[state_machine_node-24] [INFO] [1790647474.758266265] [state_machine_node]: 문 접근 목표 보정: door_blue_ae6d73 handle_axis=(18.41, 1.84) goal_axis=(18.41, 0.74) wall_axis=(18.41, 1.84) yaw=90deg
[state_machine_node-24] [INFO] [1790647474.811062400] [state_machine_node]: Fine door final yaw alignment: observed_blue_18p6_1p9, dist=0.19m/0.17m, yaw_error=32deg, cmd=(0.00, 0.25)
[door_detection_node-21] [INFO] [1790647475.387964079] [door_detection_node]: 문 후보 발행: id=door_green_56939c, source=front_right, color=green, dist=2.25m, conf=1.00, bbox=(147,8,281,216), rep_x=214, center_x=214, angle=-83.0deg, center_angle=-83.0deg, lidar=0.84m, visual=2.25m, goal=(19.42,0.58), handle=(20.85,0.13,1.00), handle_obs=False, handle_method=estimated, handle_conf=0.00
[state_machine_node-24] [INFO] [1790647475.747204144] [state_machine_node]: Fine door final yaw alignment: observed_blue_18p6_1p9, dist=0.20m/0.17m, yaw_error=23deg, cmd=(0.00, 0.25)
[state_machine_node-24] [INFO] [1790647476.423191812] [state_machine_node]: 문 접근 목표 보정: door_blue_ae6d73 handle_axis=(18.31, 1.87) goal_axis=(18.31, 0.77) wall_axis=(18.31, 1.87) yaw=90deg
[state_machine_node-24] [INFO] [1790647476.428399163] [state_machine_node]: 문 접근 목표 보정: door_blue_ae6d73 handle_axis=(18.31, 1.87) goal_axis=(18.31, 0.77) wall_axis=(18.31, 1.87) yaw=90deg
[state_machine_node-24] [INFO] [1790647476.451771036] [state_machine_node]: 문 접근 목표 보정: door_blue_ae6d73 handle_axis=(18.31, 1.87) goal_axis=(18.31, 0.77) wall_axis=(18.31, 1.87) yaw=90deg
[state_machine_node-24] [INFO] [1790647476.688446823] [state_machine_node]: Fine door final yaw alignment: observed_blue_18p6_1p9, dist=0.17m/0.17m, yaw_error=17deg, cmd=(0.00, 0.22)
[door_detection_node-21] [INFO] [1790647476.941414560] [door_detection_node]: Side camera LiDAR range looks occluded; using visual range instead (source=front_right, lidar=0.83m, visual=2.19m)
[door_detection_node-21] [INFO] [1790647476.959426496] [door_detection_node]: 문 후보 발행: id=door_green_cfbb7c, source=front_right, color=green, dist=2.19m, conf=1.00, bbox=(186,4,320,218), rep_x=253, center_x=253, angle=-91.7deg, center_angle=-91.7deg, lidar=0.83m, visual=2.19m, goal=(19.36,0.60), handle=(20.78,0.13,1.00), handle_obs=False, handle_method=estimated, handle_conf=0.00
[state_machine_node-24] [INFO] [1790647476.962690364] [state_machine_node]: 보조 비상구 관측 저장: door_green_cfbb7c (20.8, 0.1)
[state_machine_node-24] [INFO] [1790647477.645296796] [state_machine_node]: Fine door final yaw alignment: observed_blue_18p6_1p9, dist=0.16m/0.17m, yaw_error=14deg, cmd=(0.00, 0.19)
[door_detection_node-21] [INFO] [1790647477.887410846] [door_detection_node]: HSV candidate rejected: color=blue, edge-clipped bbox=(0,0,193,240), width_ratio=0.60
[state_machine_node-24] [INFO] [1790647478.614122769] [state_machine_node]: Fine door final yaw alignment: observed_blue_18p6_1p9, dist=0.14m/0.17m, yaw_error=12deg, cmd=(0.00, 0.16)
[state_machine_node-24] [INFO] [1790647479.570623219] [state_machine_node]: 문 앞 정렬 완료. 2.8s 정지 후 개방합니다.
[door_detection_node-21] [INFO] [1790647481.338412166] [door_detection_node]: 문 후보 발행: id=door_blue_4ec075, source=front, color=blue, dist=1.10m, conf=1.00, bbox=(6,0,236,240), rep_x=121, center_x=121, angle=9.5deg, center_angle=9.5deg, lidar=1.05m, visual=1.95m, goal=(18.71,1.08), handle=(19.03,1.84,0.83), handle_obs=True, handle_method=yolo:primary:item, handle_conf=0.29
[state_machine_node-24] [INFO] [1790647481.343831156] [state_machine_node]: 문 접근 목표 보정: door_blue_4ec075 handle_axis=(19.03, 1.84) goal_axis=(19.03, 0.74) wall_axis=(19.03, 1.84) yaw=90deg
[state_machine_node-24] [INFO] [1790647481.348432587] [state_machine_node]: 문 접근 목표 보정: door_blue_4ec075 handle_axis=(19.03, 1.84) goal_axis=(19.03, 0.74) wall_axis=(19.03, 1.84) yaw=90deg
[state_machine_node-24] [INFO] [1790647481.373762037] [state_machine_node]: 문 접근 목표 보정: door_blue_4ec075 handle_axis=(19.03, 1.84) goal_axis=(19.03, 0.74) wall_axis=(19.03, 1.84) yaw=90deg
[door_detection_node-21] [INFO] [1790647483.248060034] [door_detection_node]: 문 후보 발행: id=door_blue_4ec075, source=front, color=blue, dist=1.06m, conf=1.00, bbox=(6,0,236,240), rep_x=121, center_x=121, angle=9.5deg, center_angle=9.5deg, lidar=1.10m, visual=1.95m, goal=(18.71,1.08), handle=(19.04,1.87,0.83), handle_obs=True, handle_method=yolo:primary:item, handle_conf=0.29
[state_machine_node-24] [INFO] [1790647483.255100033] [state_machine_node]: 문 접근 목표 보정: door_blue_4ec075 handle_axis=(19.04, 1.87) goal_axis=(19.04, 0.77) wall_axis=(19.04, 1.87) yaw=90deg
[state_machine_node-24] [INFO] [1790647483.259879917] [state_machine_node]: 문 접근 목표 보정: door_blue_4ec075 handle_axis=(19.04, 1.87) goal_axis=(19.04, 0.77) wall_axis=(19.04, 1.87) yaw=90deg
[state_machine_node-24] [INFO] [1790647483.286053201] [state_machine_node]: 문 접근 목표 보정: door_blue_4ec075 handle_axis=(19.04, 1.87) goal_axis=(19.04, 0.77) wall_axis=(19.04, 1.87) yaw=90deg
[door_detection_node-21] [INFO] [1790647484.999536621] [door_detection_node]: 문 후보 발행: id=door_blue_4ec075, source=front, color=blue, dist=1.05m, conf=1.00, bbox=(6,0,236,240), rep_x=121, center_x=121, angle=9.5deg, center_angle=9.5deg, lidar=1.07m, visual=1.95m, goal=(18.71,1.08), handle=(19.04,1.87,0.83), handle_obs=True, handle_method=yolo:primary:item, handle_conf=0.29
[state_machine_node-24] [INFO] [1790647485.005588827] [state_machine_node]: 문 접근 목표 보정: door_blue_4ec075 handle_axis=(19.04, 1.87) goal_axis=(19.04, 0.77) wall_axis=(19.04, 1.87) yaw=90deg
[state_machine_node-24] [INFO] [1790647485.011141378] [state_machine_node]: 문 접근 목표 보정: door_blue_4ec075 handle_axis=(19.04, 1.87) goal_axis=(19.04, 0.77) wall_axis=(19.04, 1.87) yaw=90deg
[state_machine_node-24] [INFO] [1790647485.037739771] [state_machine_node]: 문 접근 목표 보정: door_blue_4ec075 handle_axis=(19.04, 1.87) goal_axis=(19.04, 0.77) wall_axis=(19.04, 1.87) yaw=90deg
[state_machine_node-24] [INFO] [1790647485.084073421] [state_machine_node]: Observed blue cluster (16.5, -1.0) will be rechecked despite mixed semantic color memory.
[state_machine_node-24] [INFO] [1790647485.184573298] [state_machine_node]: Observed blue target observed_blue_18p6_1p9 confirmed by current same-wall live blue evidence before opening (candidate=door_blue_660cea, progress_gap=0.17/0.90, lateral_gap=0.08/0.48, conf=1.00/0.58).
[state_machine_node-24] [INFO] [1790647485.187650942] [state_machine_node]: Observed blue target observed_blue_18p6_1p9 accepted for opening from recheckable mapped wall memory after close alignment (count=129, conf=1.00, progress_gap=0.09m, lateral_gap=0.07m).
[state_machine_node-24] [INFO] [1790647485.450425468] [state_machine_node]: 잠금 문 visual-servo 수렴 관측 사용: observed_blue_18p6_1p9, count=12, conf=1.00, age=0.0s
[state_machine_node-24] [INFO] [1790647485.563277920] [state_machine_node]: State: NAVIGATING → OPENING_DOOR
[state_machine_node-24] [INFO] [1790647485.981820474] [state_machine_node]: 문 개방 요청 손잡이: id=observed_blue_18p6_1p9__axis_p18p87_p1p95, method=direct_wall_projection, conf=1.00, frame=map, pos=(18.872,1.945,0.843)
[navigation_visit_node-23] [INFO] [1790647485.983593123] [navigation_visit_node]: NAVIGATION_VISIT {"scope": "navigation_only", "physical_opening": false, "door_id": "observed_blue_18p6_1p9__axis_p18p87_p1p95", "sim_time": 561.502, "robot": [18.748300681956174, 0.7856219115775767, 1.518780760961298], "observed_handle": [18.872263447864313, 1.9453684204635555, 0.8427279104847336], "distance_m": 1.1663527477589324, "bearing_error_rad": -0.054467948682795475}
[state_machine_node-24] [INFO] [1790647485.986970126] [state_machine_node]: Selected observation memory completed: observed_blue_18p6_1p9; original candidate excluded after position refinement.
[state_machine_node-24] [INFO] [1790647486.008241102] [state_machine_node]: 열린 파란 문 재관측 후보 1개 정리. 다음 목표 선택에서 제외합니다.
[state_machine_node-24] [INFO] [1790647486.009134937] [state_machine_node]: 문 개방 성공: observed_blue_18p6_1p9  누적 개방: 4개
[state_machine_node-24] [INFO] [1790647486.009811797] [state_machine_node]: State: OPENING_DOOR → DOOR_OPENED
[state_machine_node-24] [INFO] [1790647486.242277148] [state_machine_node]: Blue candidate door_blue_4ec075 ignored: physical/opened door station already handled nearby at (18.63, 1.81).
[state_machine_node-24] [INFO] [1790647486.939497141] [state_machine_node]: 다음 파란 문 탐색 시작 (개방 완료: 4개)
[state_machine_node-24] [INFO] [1790647486.940061746] [state_machine_node]: State: DOOR_OPENED → EXPLORING
[door_detection_node-21] [INFO] [1790647487.761141437] [door_detection_node]: 문 후보 발행: id=door_blue_4ec075, source=front, color=blue, dist=1.06m, conf=1.00, bbox=(6,0,236,240), rep_x=121, center_x=121, angle=9.5deg, center_angle=9.5deg, lidar=1.05m, visual=1.95m, goal=(18.71,1.08), handle=(19.04,1.86,0.83), handle_obs=True, handle_method=yolo:primary:item, handle_conf=0.29
[state_machine_node-24] [INFO] [1790647487.874360296] [state_machine_node]: Post-open side retreat started: lateral=0.79m, target_abs=0.48m.
[state_machine_node-24] [INFO] [1790647487.875532815] [state_machine_node]: Post-open side retreat: lateral=0.79m, moved=0.00/1.10m, yaw_error=-177deg, cmd=(0.00, -0.50)
[state_machine_node-24] [INFO] [1790647489.805933415] [state_machine_node]: Post-open side retreat: lateral=0.78m, moved=0.00/1.10m, yaw_error=-152deg, cmd=(0.00, -0.50)
[door_detection_node-21] [INFO] [1790647489.946573657] [door_detection_node]: 문 후보 발행: id=door_blue_4ec075, source=front, color=blue, dist=1.09m, conf=1.00, bbox=(0,0,175,240), rep_x=87, center_x=87, angle=17.3deg, center_angle=17.3deg, lidar=1.08m, visual=1.95m, goal=(18.77,1.11), handle=(19.09,2.00,0.84), handle_obs=True, handle_method=hsv, handle_conf=0.74
[state_machine_node-24] [INFO] [1790647489.958387154] [state_machine_node]: Blue candidate door_blue_4ec075 ignored: physical/opened door station already handled nearby at (18.78, 1.89).
[door_detection_node-21] [INFO] [1790647491.291437177] [door_detection_node]: Side camera LiDAR range looks occluded; using visual range instead (source=front_right, lidar=0.78m, visual=2.18m)
[state_machine_node-24] [INFO] [1790647491.311035303] [state_machine_node]: 보조 비상구 관측 저장: door_green_56939c (20.8, 0.0)
[state_machine_node-24] [INFO] [1790647491.730588307] [state_machine_node]: Post-open side retreat: lateral=0.78m, moved=0.01/1.10m, yaw_error=-132deg, cmd=(0.00, -0.50)
[door_detection_node-21] [INFO] [1790647492.392557658] [door_detection_node]: 문 후보 발행: id=door_blue_ae6d73, source=front_left, color=blue, dist=1.11m, conf=1.00, bbox=(163,0,320,240), rep_x=241, center_x=241, angle=50.9deg, center_angle=50.9deg, lidar=1.12m, visual=1.95m, goal=(19.51,0.98), handle=(18.65,1.89,1.00), handle_obs=False, handle_method=estimated, handle_conf=0.00
[door_detection_node-21] [INFO] [1790647493.490757280] [door_detection_node]: HSV candidate rejected: color=blue, edge-clipped bbox=(86,0,320,240), width_ratio=0.73
[state_machine_node-24] [INFO] [1790647493.675085347] [state_machine_node]: Post-open side retreat: lateral=0.81m, moved=0.00/1.10m, yaw_error=-115deg, cmd=(0.00, -0.50)
[door_detection_node-21] [INFO] [1790647494.543803882] [door_detection_node]: 문 후보 발행: id=door_green_a7c5d1, source=front_right, color=green, dist=0.68m, conf=1.00, bbox=(0,0,96,209), rep_x=48, center_x=48, angle=-44.4deg, center_angle=-44.4deg, lidar=0.68m, visual=2.24m, goal=(18.99,0.68), handle=(19.34,0.54,1.00), handle_obs=False, handle_method=estimated, handle_conf=0.00
[state_machine_node-24] [INFO] [1790647494.682509416] [state_machine_node]: Post-open side retreat: lateral=0.80m, moved=0.00/1.10m, yaw_error=-107deg, cmd=(0.00, -0.50)
[door_detection_node-21] [INFO] [1790647495.516670331] [door_detection_node]: HSV candidate rejected: color=blue, edge-clipped bbox=(0,0,209,240), width_ratio=0.65
[state_machine_node-24] [INFO] [1790647496.625719882] [state_machine_node]: Post-open side retreat: lateral=0.84m, moved=0.00/1.10m, yaw_error=-85deg, cmd=(0.00, -0.50)
[door_detection_node-21] [INFO] [1790647497.546755432] [door_detection_node]: 문 후보 발행: id=door_blue_0d9a80, source=front_left, color=blue, dist=1.04m, conf=1.00, bbox=(0,0,104,240), rep_x=52, center_x=52, angle=94.8deg, center_angle=94.8deg, lidar=1.09m, visual=1.95m, goal=(18.63,0.64), handle=(18.81,1.88,1.00), handle_obs=False, handle_method=estimated, handle_conf=0.00
[state_machine_node-24] [INFO] [1790647497.560253196] [state_machine_node]: Blue candidate door_blue_0d9a80 ignored: physical/opened door station already handled nearby at (18.81, 1.88).
[state_machine_node-24] [INFO] [1790647498.537548117] [state_machine_node]: Post-open side retreat: lateral=0.88m, moved=0.00/1.10m, yaw_error=-61deg, cmd=(0.00, -0.50)
[door_detection_node-21] [INFO] [1790647499.106565692] [door_detection_node]: 문 후보 발행: id=door_green_641774, source=front, color=green, dist=0.80m, conf=1.00, bbox=(42,0,174,224), rep_x=108, center_x=108, angle=12.5deg, center_angle=12.5deg, lidar=0.80m, visual=2.09m, goal=(19.01,0.79), handle=(19.49,0.62,1.00), handle_obs=False, handle_method=estimated, handle_conf=0.00
[door_detection_node-21] [INFO] [1790647499.714012975] [door_detection_node]: YOLO 후보 제외: source=front_right, edge-clipped bbox=(261,35,320,197)
[state_machine_node-24] [INFO] [1790647500.575396545] [state_machine_node]: Post-open side retreat: lateral=0.90m, moved=0.00/1.10m, yaw_error=-42deg, cmd=(0.00, -0.50)
[door_detection_node-21] [INFO] [1790647500.742920166] [door_detection_node]: 문 후보 발행: id=door_green_ca69ee, source=front_left, color=green, dist=0.74m, conf=1.00, bbox=(301,0,320,236), rep_x=310, center_x=310, angle=37.3deg, center_angle=37.3deg, lidar=0.74m, visual=1.98m, goal=(19.04,0.85), handle=(19.47,0.78,1.00), handle_obs=False, handle_method=estimated, handle_conf=0.00
[door_detection_node-21] [INFO] [1790647502.069203350] [door_detection_node]: Side camera LiDAR range looks too long for the visible door; using visual range (source=front_right, lidar=6.66m, visual=4.29m)
[door_detection_node-21] [INFO] [1790647502.439661434] [door_detection_node]: 문 후보 발행: id=door_blue_622815, source=front_right, color=blue, dist=4.29m, conf=0.38, bbox=(284,64,317,173), rep_x=300, center_x=300, angle=-100.9deg, center_angle=-100.9deg, lidar=7.53m, visual=4.29m, goal=(15.82,-0.10), handle=(14.78,-0.80,1.00), handle_obs=True, handle_method=estimated, handle_conf=0.00
[state_machine_node-24] [INFO] [1790647502.453039189] [state_machine_node]: Blue candidate door_blue_622815 ignored: physical/opened door station already handled nearby at (14.78, -0.80).
[state_machine_node-24] [INFO] [1790647502.566081499] [state_machine_node]: Post-open side retreat: lateral=0.91m, moved=0.00/1.10m, yaw_error=-25deg, cmd=(0.00, -0.50)
[state_machine_node-24] [INFO] [1790647504.492763192] [state_machine_node]: Post-open side retreat: lateral=0.92m, moved=0.00/1.10m, yaw_error=-5deg, cmd=(0.18, -0.06)
[door_detection_node-21] [INFO] [1790647504.506037291] [door_detection_node]: Side camera LiDAR range looks too long for the visible door; using visual range (source=front_right, lidar=8.04m, visual=4.93m)
[door_detection_node-21] [INFO] [1790647504.922795142] [door_detection_node]: 문 후보 발행: id=door_blue_a39a0f, source=front_right, color=blue, dist=4.93m, conf=0.53, bbox=(180,71,204,166), rep_x=192, center_x=192, angle=-77.8deg, center_angle=-77.8deg, lidar=8.83m, visual=4.93m, goal=(15.52,-0.96), handle=(14.31,-1.27,1.00), handle_obs=True, handle_method=estimated, handle_conf=0.00
[door_detection_node-21] [INFO] [1790647505.310579633] [door_detection_node]: Side camera LiDAR range looks occluded; using visual range instead (source=front_left, lidar=0.77m, visual=2.28m)
[door_detection_node-21] [INFO] [1790647506.441145155] [door_detection_node]: Side camera visual fallback rejected (source=front_right, lidar=1.82m, visual=4.78m > 4.50m)
[state_machine_node-24] [INFO] [1790647506.453889839] [state_machine_node]: Post-open side retreat: lateral=0.76m, moved=0.03/1.10m, yaw_error=-2deg, cmd=(0.18, -0.03)
[door_detection_node-21] [INFO] [1790647506.940238950] [door_detection_node]: 문 후보 발행: id=door_green_aafe4f, source=front_left, color=green, dist=0.71m, conf=1.00, bbox=(65,0,203,224), rep_x=134, center_x=134, angle=76.3deg, center_angle=76.3deg, lidar=0.71m, visual=2.09m, goal=(19.08,0.68), handle=(19.49,0.60,1.00), handle_obs=False, handle_method=estimated, handle_conf=0.00
[state_machine_node-24] [INFO] [1790647507.462001982] [state_machine_node]: Post-open side retreat: lateral=0.68m, moved=0.11/1.10m, yaw_error=-2deg, cmd=(0.18, -0.02)
[state_machine_node-24] [INFO] [1790647509.423271188] [state_machine_node]: Post-open side retreat: lateral=0.50m, moved=0.29/1.10m, yaw_error=-1deg, cmd=(0.18, -0.01)
[door_detection_node-21] [INFO] [1790647510.264895337] [door_detection_node]: Side camera visual fallback rejected (source=front_right, lidar=1.58m, visual=4.73m > 4.50m)
[state_machine_node-24] [INFO] [1790647510.389974302] [state_machine_node]: Post-open side retreat complete: lateral=0.41m <= target=0.48m
[state_machine_node-24] [INFO] [1790647510.403935040] [state_machine_node]: Observed blue cluster (16.5, -1.0) will be rechecked despite mixed semantic color memory.
[state_machine_node-24] [WARN] [1790647510.416034113] [state_machine_node]: Observed blue cluster (17.3, 1.3) retained for all-blue-door coverage even though it is behind the farthest opened station 18.9m.
[state_machine_node-24] [INFO] [1790647510.420976365] [state_machine_node]: Observed blue cluster at (17.3, 1.3) selected from map memory without a current camera hit; opening will still require live blue confirmation.
[state_machine_node-24] [INFO] [1790647510.424574426] [state_machine_node]: 문 접근 목표 보정: observed_blue_17p3_1p3 handle_axis=(17.28, 1.34) goal_axis=(17.28, 0.24) wall_axis=(17.28, 1.34) yaw=90deg
[state_machine_node-24] [INFO] [1790647510.440205400] [state_machine_node]: 문 접근 목표 보정: observed_blue_17p3_1p3 handle_axis=(17.28, 1.34) goal_axis=(17.28, 0.24) wall_axis=(17.28, 1.34) yaw=90deg
[state_machine_node-24] [INFO] [1790647510.457013960] [state_machine_node]: 문 접근 목표 보정: observed_blue_17p3_1p3 handle_axis=(17.28, 1.34) goal_axis=(17.28, 0.24) wall_axis=(17.28, 1.34) yaw=90deg
[state_machine_node-24] [WARN] [1790647510.462796145] [state_machine_node]: Blue target observed_blue_17p3_1p3 retained for revisit: stable unopened blue memory must be checked before exit even when it is behind the farthest opened station.
[state_machine_node-24] [WARN] [1790647510.463789107] [state_machine_node]: 접근/개방 실패 예산이 남은 파란 문 1개를 새 후보보다 우선 재시도합니다.
[state_machine_node-24] [INFO] [1790647510.470159147] [state_machine_node]: 문 접근 목표 보정: observed_blue_17p3_1p3 handle_axis=(17.28, 1.34) goal_axis=(17.28, 0.24) wall_axis=(17.28, 1.34) yaw=90deg
[state_machine_node-24] [INFO] [1790647510.471800003] [state_machine_node]: 문 접근 목표 보정: observed_blue_17p3_1p3 handle_axis=(17.28, 1.34) goal_axis=(17.28, 0.24) wall_axis=(17.28, 1.34) yaw=90deg
[state_machine_node-24] [INFO] [1790647510.473994269] [state_machine_node]: LiDAR+camera segment map 사전 스캔 시작: observed_blue_17p3_1p3
[state_machine_node-24] [INFO] [1790647511.389412029] [state_machine_node]: 문 접근 목표 보정: observed_blue_17p3_1p3 handle_axis=(17.28, 1.34) goal_axis=(17.28, 0.24) wall_axis=(17.28, 1.34) yaw=90deg
[state_machine_node-24] [INFO] [1790647512.337777482] [state_machine_node]: 문 접근 목표 보정: observed_blue_17p3_1p3 handle_axis=(17.28, 1.34) goal_axis=(17.28, 0.24) wall_axis=(17.28, 1.34) yaw=90deg
[state_machine_node-24] [INFO] [1790647513.308841414] [state_machine_node]: 문 접근 목표 보정: observed_blue_17p3_1p3 handle_axis=(17.28, 1.34) goal_axis=(17.28, 0.24) wall_axis=(17.28, 1.34) yaw=90deg
[state_machine_node-24] [INFO] [1790647513.312680809] [state_machine_node]: 사전 스캔 완료. Nav2가 segment map 기반 경로를 계획합니다: observed_blue_17p3_1p3
[state_machine_node-24] [INFO] [1790647513.354548304] [state_machine_node]: Locked blue target after pre-scan: observed_blue_17p3_1p3 opened=4 retry=0/2
[state_machine_node-24] [INFO] [1790647513.355348982] [state_machine_node]: State: EXPLORING → NAVIGATING
[navigation_node-22] [INFO] [1790647513.358667849] [navigation_node]: Navigation goal received: door observed_blue_17p3_1p3 (color=blue, frame=map, x=17.28, y=0.24)
[navigation_node-22] [WARN] [1790647513.465561561] [navigation_node]: Adjusted unreachable/occupied navigation goal from (17.28, 0.24, cost=60) to connected free cell (17.28, 0.43, cost=0)
[bt_navigator-17] [INFO] [1790647513.554093116] [bt_navigator]: Begin navigating from current location (18.79, 0.40) to (17.28, 0.43)
[navigation_node-22] [INFO] [1790647513.559070396] [navigation_node]: Navigation goal accepted by Nav2
[controller_server-13] [INFO] [1790647513.755252680] [controller_server]: Received a goal, begin computing control effort.
[door_detection_node-21] [INFO] [1790647514.162683956] [door_detection_node]: Side camera visual fallback rejected (source=front_right, lidar=1.55m, visual=4.78m > 4.50m)
[controller_server-13] [INFO] [1790647515.131006581] [controller_server]: Passing new path to controller.
[door_detection_node-21] [INFO] [1790647515.654764205] [door_detection_node]: Side camera LiDAR range looks too long for the visible door; using visual range (source=front_right, lidar=3.19m, visual=2.26m)
[controller_server-13] [INFO] [1790647516.384266729] [controller_server]: Passing new path to controller.
[door_detection_node-21] [INFO] [1790647517.184673966] [door_detection_node]: Side camera LiDAR range looks occluded; using visual range instead (source=front_right, lidar=1.60m, visual=4.22m)
[door_detection_node-21] [INFO] [1790647517.584404225] [door_detection_node]: 문 후보 발행: id=door_blue_5f9f81, source=front_right, color=blue, dist=4.22m, conf=0.74, bbox=(43,63,70,174), rep_x=56, center_x=56, angle=-46.0deg, center_angle=-46.0deg, lidar=1.56m, visual=4.22m, goal=(16.05,-1.65), handle=(14.90,-1.17,1.00), handle_obs=True, handle_method=estimated, handle_conf=0.00
[state_machine_node-24] [INFO] [1790647517.597062577] [state_machine_node]: Blue candidate door_blue_5f9f81 ignored: physical/opened door station already handled nearby at (14.90, -1.17).
[controller_server-13] [INFO] [1790647517.755988746] [controller_server]: Passing new path to controller.
[controller_server-13] [INFO] [1790647519.006042379] [controller_server]: Passing new path to controller.
[door_detection_node-21] [INFO] [1790647519.411804050] [door_detection_node]: 문 후보 발행: id=door_blue_06f816, source=front, color=blue, dist=4.22m, conf=0.55, bbox=(284,63,312,174), rep_x=298, center_x=298, angle=-30.5deg, center_angle=-30.5deg, lidar=12.16m, visual=4.22m, goal=(15.75,-1.73), handle=(14.82,-0.90,1.00), handle_obs=True, handle_method=estimated, handle_conf=0.00
[controller_server-13] [INFO] [1790647520.255979881] [controller_server]: Passing new path to controller.
[state_machine_node-24] [WARN] [1790647520.419324331] [state_machine_node]: Fine alignment blocked by costmap: occupied, inscribed, unknown or out-of-map approach segment; retaining Nav2/reobservation.
[door_detection_node-21] [INFO] [1790647521.404394262] [door_detection_node]: 문 후보 발행: id=door_blue_6622f5, source=front, color=blue, dist=4.78m, conf=0.43, bbox=(177,71,200,169), rep_x=188, center_x=188, angle=-6.8deg, center_angle=-6.8deg, lidar=10.25m, visual=4.78m, goal=(14.77,-2.26), handle=(14.24,-1.12,1.00), handle_obs=True, handle_method=estimated, handle_conf=0.00
[state_machine_node-24] [INFO] [1790647521.414986808] [state_machine_node]: Blue candidate door_blue_6622f5 ignored: physical/opened door station already handled nearby at (14.24, -1.12).
[controller_server-13] [INFO] [1790647521.630972488] [controller_server]: Passing new path to controller.
[state_machine_node-24] [WARN] [1790647522.427253294] [state_machine_node]: Fine alignment blocked by costmap: occupied, inscribed, unknown or out-of-map approach segment; retaining Nav2/reobservation.
[controller_server-13] [INFO] [1790647522.880980616] [controller_server]: Passing new path to controller.
[door_detection_node-21] [INFO] [1790647523.007272337] [door_detection_node]: 문 후보 발행: id=door_blue_c8a91a, source=front, color=blue, dist=4.33m, conf=0.73, bbox=(91,65,117,173), rep_x=104, center_x=104, angle=13.5deg, center_angle=13.5deg, lidar=7.28m, visual=4.33m, goal=(14.37,-0.21), handle=(14.58,-1.44,1.00), handle_obs=True, handle_method=estimated, handle_conf=0.00
[door_detection_node-21] [INFO] [1790647523.025574346] [door_detection_node]: YOLO 후보 제외: source=front, edge-clipped bbox=(0,12,34,228)
[controller_server-13] [WARN] [1790647523.056983888] [controller_server]: Control loop missed its desired rate of 8.0000Hz
[door_detection_node-21] [INFO] [1790647523.610296651] [door_detection_node]: Side camera LiDAR range looks occluded; using visual range instead (source=front_left, lidar=1.20m, visual=2.18m)
[controller_server-13] [INFO] [1790647524.255946831] [controller_server]: Passing new path to controller.
[controller_server-13] [INFO] [1790647525.505998624] [controller_server]: Passing new path to controller.
[door_detection_node-21] [INFO] [1790647525.542351776] [door_detection_node]: 문 후보 발행: id=door_blue_6a2473, source=front_right, color=blue, dist=1.73m, conf=1.00, bbox=(206,0,320,240), rep_x=263, center_x=263, angle=-93.8deg, center_angle=-93.8deg, lidar=1.78m, visual=1.95m, goal=(18.52,0.62), handle=(18.82,1.83,1.00), handle_obs=True, handle_method=estimated, handle_conf=0.00
[state_machine_node-24] [INFO] [1790647525.554797530] [state_machine_node]: Blue candidate door_blue_6a2473 ignored: physical/opened door station already handled nearby at (18.82, 1.83).
[door_detection_node-21] [INFO] [1790647525.970951299] [door_detection_node]: Side camera LiDAR range looks occluded; using visual range instead (source=front_left, lidar=0.97m, visual=2.13m)
[door_detection_node-21] [INFO] [1790647526.431718302] [door_detection_node]: Side camera LiDAR range looks too long for the visible door; using visual range (source=front_left, lidar=5.46m, visual=3.77m)
[controller_server-13] [INFO] [1790647526.755970492] [controller_server]: Passing new path to controller.
[door_detection_node-21] [INFO] [1790647527.710740012] [door_detection_node]: 문 후보 발행: id=door_blue_6a2473, source=front_right, color=blue, dist=1.68m, conf=1.00, bbox=(174,0,308,240), rep_x=241, center_x=241, angle=-89.1deg, center_angle=-89.1deg, lidar=1.78m, visual=1.95m, goal=(18.63,0.61), handle=(19.17,1.73,0.85), handle_obs=True, handle_method=yolo:primary:item, handle_conf=0.70
[controller_server-13] [INFO] [1790647528.131184498] [controller_server]: Passing new path to controller.
[door_detection_node-21] [INFO] [1790647528.163185289] [door_detection_node]: Side camera LiDAR range looks occluded; using visual range instead (source=front_left, lidar=0.88m, visual=2.09m)
[door_detection_node-21] [INFO] [1790647528.684840004] [door_detection_node]: Side camera LiDAR range looks too long for the visible door; using visual range (source=front_left, lidar=5.28m, visual=3.80m)
[state_machine_node-24] [INFO] [1790647529.175193746] [state_machine_node]: Blue candidate door_blue_2ca873 ignored: physical/opened door station already handled nearby at (14.67, -1.42).
[controller_server-13] [INFO] [1790647529.381025834] [controller_server]: Passing new path to controller.
[door_detection_node-21] [INFO] [1790647530.420586782] [door_detection_node]: 문 후보 발행: id=door_blue_9800cb, source=front_left, color=blue, dist=4.71m, conf=0.75, bbox=(216,58,248,180), rep_x=232, center_x=232, angle=52.9deg, center_angle=52.9deg, lidar=4.59m, visual=3.84m, goal=(14.36,-0.82), handle=(13.84,-1.96,1.00), handle_obs=True, handle_method=estimated, handle_conf=0.00
[controller_server-13] [INFO] [1790647530.756008025] [controller_server]: Passing new path to controller.
[door_detection_node-21] [INFO] [1790647531.930330101] [door_detection_node]: Side camera LiDAR range looks occluded; using visual range instead (source=front_left, lidar=0.85m, visual=2.03m)
[controller_server-13] [INFO] [1790647532.006002223] [controller_server]: Passing new path to controller.
[door_detection_node-21] [INFO] [1790647532.770488265] [door_detection_node]: 문 후보 발행: id=door_blue_4622c4, source=front_left, color=blue, dist=4.43m, conf=0.78, bbox=(232,52,269,182), rep_x=250, center_x=250, angle=49.0deg, center_angle=49.0deg, lidar=4.68m, visual=3.60m, goal=(14.30,-0.73), handle=(13.92,-1.92,1.00), handle_obs=True, handle_method=estimated, handle_conf=0.00
[state_machine_node-24] [INFO] [1790647532.781813349] [state_machine_node]: Blue candidate door_blue_4622c4 ignored: physical/opened door station already handled nearby at (13.92, -1.92).
[controller_server-13] [INFO] [1790647533.255994459] [controller_server]: Passing new path to controller.
[controller_server-13] [INFO] [1790647534.630929786] [controller_server]: Passing new path to controller.
[door_detection_node-21] [INFO] [1790647534.782679444] [door_detection_node]: Side camera LiDAR range looks too long for the visible door; using visual range (source=front_left, lidar=5.37m, visual=3.69m)
[navigation_node-22] [WARN] [1790647535.056692232] [navigation_node]: Robot is 0.17m from blue goal (threshold=0.18m). Treating navigation as succeeded.
[state_machine_node-24] [INFO] [1790647535.058530315] [state_machine_node]: Navigation succeeded.
[state_machine_node-24] [WARN] [1790647535.106830226] [state_machine_node]: Nav result [nav_success] is close enough for door fine alignment: observed_blue_17p3_1p3, dist=0.29/1.10m, lateral=0.28/0.75m, forward=-0.07m, yaw_error=46deg.
[state_machine_node-24] [WARN] [1790647535.125043425] [state_machine_node]: Waiting for a fresh door-wall normal before alignment.
[bt_navigator-17] [ERROR] [1790647535.175575057] [bt_navigator_navigate_to_pose_rclcpp_node]: Failed to get result for follow_path in node halt!
[bt_navigator-17] [INFO] [1790647535.175839260] [bt_navigator]: [navigate_to_pose] [ActionServer] Client requested to cancel the goal. Cancelling.
[bt_navigator-17] [INFO] [1790647535.176450311] [bt_navigator]: Goal canceled
[door_detection_node-21] [INFO] [1790647535.204908657] [door_detection_node]: 문 후보 발행: id=door_blue_2ca873, source=front_left, color=blue, dist=3.69m, conf=0.71, bbox=(167,54,204,181), rep_x=185, center_x=185, angle=63.9deg, center_angle=63.9deg, lidar=6.39m, visual=3.69m, goal=(15.00,-0.33), handle=(14.29,-1.36,1.00), handle_obs=True, handle_method=estimated, handle_conf=0.00
[controller_server-13] [INFO] [1790647535.255961194] [controller_server]: Goal was canceled. Stopping the robot.
[controller_server-13] [INFO] [1790647535.256081961] [controller_server]: [follow_path] [ActionServer] Client requested to cancel the goal. Cancelling.
[state_machine_node-24] [INFO] [1790647536.027315885] [state_machine_node]: Blue candidate door_blue_6a2473 ignored: physical/opened door station already handled nearby at (18.74, 1.69).
[state_machine_node-24] [WARN] [1790647536.073889876] [state_machine_node]: Nav result [nav_success] is close enough for door fine alignment: observed_blue_17p3_1p3, dist=0.30/1.10m, lateral=0.30/0.75m, forward=-0.05m, yaw_error=47deg.
[door_detection_node-21] [INFO] [1790647536.851157605] [door_detection_node]: 문 후보 발행: id=door_blue_cc16bb, source=front_left, color=blue, dist=4.38m, conf=0.65, bbox=(116,53,152,184), rep_x=134, center_x=134, angle=76.3deg, center_angle=76.3deg, lidar=4.40m, visual=3.57m, goal=(14.65,-1.02), handle=(13.80,-1.94,1.00), handle_obs=True, handle_method=estimated, handle_conf=0.00
[state_machine_node-24] [WARN] [1790647537.061297980] [state_machine_node]: Nav result [nav_success] is close enough for door fine alignment: observed_blue_17p3_1p3, dist=0.30/1.10m, lateral=0.30/0.75m, forward=-0.05m, yaw_error=47deg.
[state_machine_node-24] [WARN] [1790647538.046222922] [state_machine_node]: Nav result [nav_success] is close enough for door fine alignment: observed_blue_17p3_1p3, dist=0.30/1.10m, lateral=0.30/0.75m, forward=-0.05m, yaw_error=47deg.
[state_machine_node-24] [WARN] [1790647538.063169872] [state_machine_node]: Waiting for a fresh door-wall normal before alignment.
[door_detection_node-21] [INFO] [1790647538.501635056] [door_detection_node]: 문 후보 발행: id=door_blue_cc16bb, source=front_left, color=blue, dist=4.33m, conf=0.65, bbox=(116,53,152,184), rep_x=134, center_x=134, angle=76.3deg, center_angle=76.3deg, lidar=4.32m, visual=3.57m, goal=(14.70,-0.99), handle=(13.85,-1.91,1.00), handle_obs=True, handle_method=estimated, handle_conf=0.00
[state_machine_node-24] [WARN] [1790647539.027507769] [state_machine_node]: Nav result [nav_success] is close enough for door fine alignment: observed_blue_17p3_1p3, dist=0.30/1.10m, lateral=0.30/0.75m, forward=-0.05m, yaw_error=47deg.
[state_machine_node-24] [INFO] [1790647539.342823027] [state_machine_node]: Blue candidate door_blue_6a2473 ignored: physical/opened door station already handled nearby at (18.74, 1.69).
[state_machine_node-24] [WARN] [1790647540.003789745] [state_machine_node]: Nav result [nav_success] is close enough for door fine alignment: observed_blue_17p3_1p3, dist=0.30/1.10m, lateral=0.30/0.75m, forward=-0.05m, yaw_error=47deg.
[door_detection_node-21] [INFO] [1790647540.716613505] [door_detection_node]: 문 후보 발행: id=door_blue_cc16bb, source=front_left, color=blue, dist=4.36m, conf=0.65, bbox=(116,53,152,184), rep_x=134, center_x=134, angle=76.3deg, center_angle=76.3deg, lidar=4.37m, visual=3.57m, goal=(14.67,-1.01), handle=(13.82,-1.93,1.00), handle_obs=True, handle_method=estimated, handle_conf=0.00
[state_machine_node-24] [WARN] [1790647540.979104676] [state_machine_node]: Nav result [nav_success] is close enough for door fine alignment: observed_blue_17p3_1p3, dist=0.30/1.10m, lateral=0.30/0.75m, forward=-0.05m, yaw_error=47deg.
[state_machine_node-24] [WARN] [1790647540.995957891] [state_machine_node]: Waiting for a fresh door-wall normal before alignment.
[state_machine_node-24] [WARN] [1790647541.975385987] [state_machine_node]: Nav result [nav_success] is close enough for door fine alignment: observed_blue_17p3_1p3, dist=0.30/1.10m, lateral=0.30/0.75m, forward=-0.05m, yaw_error=47deg.
[door_detection_node-21] [INFO] [1790647542.415733028] [door_detection_node]: 문 후보 발행: id=door_blue_cc16bb, source=front_left, color=blue, dist=4.32m, conf=0.65, bbox=(116,53,152,184), rep_x=134, center_x=134, angle=76.3deg, center_angle=76.3deg, lidar=4.31m, visual=3.57m, goal=(14.70,-0.99), handle=(13.86,-1.91,1.00), handle_obs=True, handle_method=estimated, handle_conf=0.00
[state_machine_node-24] [INFO] [1790647542.426197307] [state_machine_node]: Blue candidate door_blue_cc16bb ignored: physical/opened door station already handled nearby at (13.86, -1.91).
[state_machine_node-24] [WARN] [1790647542.947374540] [state_machine_node]: Nav result [nav_success] is close enough for door fine alignment: observed_blue_17p3_1p3, dist=0.30/1.10m, lateral=0.30/0.75m, forward=-0.05m, yaw_error=47deg.
[state_machine_node-24] [WARN] [1790647543.967973226] [state_machine_node]: Nav result [nav_success] is close enough for door fine alignment: observed_blue_17p3_1p3, dist=0.30/1.10m, lateral=0.30/0.75m, forward=-0.05m, yaw_error=47deg.
[state_machine_node-24] [WARN] [1790647543.985728494] [state_machine_node]: Waiting for a fresh door-wall normal before alignment.
[door_detection_node-21] [INFO] [1790647544.026868456] [door_detection_node]: 문 후보 발행: id=door_blue_cc16bb, source=front_left, color=blue, dist=4.32m, conf=0.65, bbox=(116,53,152,184), rep_x=134, center_x=134, angle=76.3deg, center_angle=76.3deg, lidar=4.38m, visual=3.57m, goal=(14.70,-0.99), handle=(13.86,-1.91,1.00), handle_obs=True, handle_method=estimated, handle_conf=0.00
[state_machine_node-24] [WARN] [1790647544.944603132] [state_machine_node]: Nav result [nav_success] is close enough for door fine alignment: observed_blue_17p3_1p3, dist=0.30/1.10m, lateral=0.30/0.75m, forward=-0.05m, yaw_error=47deg.
[state_machine_node-24] [WARN] [1790647545.951597111] [state_machine_node]: Nav result [nav_success] is close enough for door fine alignment: observed_blue_17p3_1p3, dist=0.30/1.10m, lateral=0.30/0.75m, forward=-0.05m, yaw_error=47deg.
[state_machine_node-24] [INFO] [1790647545.970848225] [state_machine_node]: 문 앞 정렬 재접근: observed_blue_17p3_1p3 (1/2)
[state_machine_node-24] [INFO] [1790647545.973158237] [state_machine_node]: 문 접근 목표 보정: observed_blue_17p3_1p3 handle_axis=(17.28, 1.34) goal_axis=(17.28, 0.24) wall_axis=(17.28, 1.34) yaw=90deg
[navigation_node-22] [INFO] [1790647545.976165070] [navigation_node]: Navigation goal received: door observed_blue_17p3_1p3 (color=blue, frame=map, x=17.28, y=0.24)
[navigation_node-22] [WARN] [1790647546.096756651] [navigation_node]: Adjusted unreachable/occupied navigation goal from (17.28, 0.24, cost=80) to connected free cell (16.88, 0.43, cost=0)
[bt_navigator-17] [INFO] [1790647546.198396448] [bt_navigator]: Begin navigating from current location (17.45, 0.49) to (16.88, 0.43)
[navigation_node-22] [INFO] [1790647546.203487503] [navigation_node]: Navigation goal accepted by Nav2
[door_detection_node-21] [INFO] [1790647546.360983230] [door_detection_node]: 문 후보 발행: id=door_blue_cc16bb, source=front_left, color=blue, dist=4.35m, conf=0.65, bbox=(116,53,152,184), rep_x=134, center_x=134, angle=76.3deg, center_angle=76.3deg, lidar=4.37m, visual=3.57m, goal=(14.67,-1.01), handle=(13.83,-1.93,1.00), handle_obs=True, handle_method=estimated, handle_conf=0.00
[state_machine_node-24] [INFO] [1790647546.374283424] [state_machine_node]: Blue candidate door_blue_cc16bb ignored: physical/opened door station already handled nearby at (13.83, -1.93).
[controller_server-13] [INFO] [1790647546.400085501] [controller_server]: Received a goal, begin computing control effort.
[controller_server-13] [INFO] [1790647547.775721877] [controller_server]: Passing new path to controller.
[door_detection_node-21] [INFO] [1790647548.051347670] [door_detection_node]: 문 후보 발행: id=door_blue_cc16bb, source=front_left, color=blue, dist=4.37m, conf=0.65, bbox=(116,53,152,184), rep_x=134, center_x=134, angle=76.3deg, center_angle=76.3deg, lidar=4.25m, visual=3.57m, goal=(14.66,-1.02), handle=(13.82,-1.94,1.00), handle_obs=True, handle_method=estimated, handle_conf=0.00
[controller_server-13] [INFO] [1790647549.025684041] [controller_server]: Passing new path to controller.
[door_detection_node-21] [INFO] [1790647550.324541473] [door_detection_node]: 문 후보 발행: id=door_blue_9800cb, source=front_left, color=blue, dist=4.20m, conf=0.52, bbox=(164,53,199,184), rep_x=181, center_x=181, angle=64.9deg, center_angle=64.9deg, lidar=3.88m, visual=3.57m, goal=(14.67,-0.99), handle=(14.13,-2.12,1.00), handle_obs=True, handle_method=estimated, handle_conf=0.00
[state_machine_node-24] [INFO] [1790647550.336801744] [state_machine_node]: Blue candidate door_blue_9800cb ignored: physical/opened door station already handled nearby at (14.13, -2.12).
[controller_server-13] [INFO] [1790647550.400721676] [controller_server]: Passing new path to controller.
[controller_server-13] [INFO] [1790647551.650833996] [controller_server]: Passing new path to controller.
[controller_server-13] [INFO] [1790647552.900699779] [controller_server]: Passing new path to controller.
[door_detection_node-21] [INFO] [1790647552.945361664] [door_detection_node]: 문 후보 발행: id=door_blue_9800cb, source=front_left, color=blue, dist=4.15m, conf=0.78, bbox=(216,49,261,187), rep_x=238, center_x=238, angle=51.6deg, center_angle=51.6deg, lidar=3.88m, visual=3.39m, goal=(14.21,-0.76), handle=(13.93,-1.98,1.00), handle_obs=True, handle_method=estimated, handle_conf=0.00
[door_detection_node-21] [INFO] [1790647553.924006974] [door_detection_node]: Side camera LiDAR range looks too long for the visible door; using visual range (source=front_left, lidar=4.26m, visual=3.12m)
[controller_server-13] [INFO] [1790647554.150707633] [controller_server]: Passing new path to controller.
[state_machine_node-24] [INFO] [1790647554.355935193] [state_machine_node]: Blue candidate door_blue_a976e1 ignored: physical/opened door station already handled nearby at (14.66, -1.25).
[controller_server-13] [INFO] [1790647555.400712927] [controller_server]: Passing new path to controller.
[door_detection_node-21] [INFO] [1790647555.816777362] [door_detection_node]: YOLO 후보 제외: source=front_left, edge-clipped bbox=(288,38,320,196)
[controller_server-13] [INFO] [1790647556.775712600] [controller_server]: Passing new path to controller.
[door_detection_node-21] [INFO] [1790647556.815132256] [door_detection_node]: Front lateral LiDAR range looks too long for the visible door; using visual range (lidar=4.01m, visual=2.84m)
[controller_server-13] [INFO] [1790647558.025713532] [controller_server]: Passing new path to controller.
[door_detection_node-21] [INFO] [1790647559.333983700] [door_detection_node]: 문 후보 발행: id=door_blue_6fa82a, source=front, color=blue, dist=3.95m, conf=0.71, bbox=(87,51,132,185), rep_x=109, center_x=109, angle=12.3deg, center_angle=12.3deg, lidar=3.71m, visual=3.49m, goal=(13.51,-0.90), handle=(14.14,-1.98,1.00), handle_obs=True, handle_method=estimated, handle_conf=0.00
[state_machine_node-24] [INFO] [1790647559.348900230] [state_machine_node]: Blue candidate door_blue_6fa82a ignored: physical/opened door station already handled nearby at (14.14, -1.98).
[controller_server-13] [INFO] [1790647559.400798168] [controller_server]: Passing new path to controller.
[controller_server-13] [INFO] [1790647560.526237772] [controller_server]: Passing new path to controller.
[door_detection_node-21] [INFO] [1790647561.203903287] [door_detection_node]: 문 후보 발행: id=door_blue_c8a91a, source=front, color=blue, dist=4.01m, conf=0.71, bbox=(129,52,170,185), rep_x=149, center_x=149, angle=2.7deg, center_angle=2.7deg, lidar=3.82m, visual=3.52m, goal=(15.15,-0.90), handle=(14.00,-1.86,1.00), handle_obs=True, handle_method=estimated, handle_conf=0.00
[controller_server-13] [INFO] [1790647561.900724328] [controller_server]: Passing new path to controller.
[controller_server-13] [INFO] [1790647563.025726744] [controller_server]: Passing new path to controller.
[door_detection_node-21] [INFO] [1790647564.039351979] [door_detection_node]: 문 후보 발행: id=door_blue_6622f5, source=front, color=blue, dist=4.06m, conf=0.69, bbox=(159,51,201,185), rep_x=180, center_x=180, angle=-4.9deg, center_angle=-4.9deg, lidar=3.84m, visual=3.49m, goal=(14.99,-0.86), handle=(13.80,-1.78,1.00), handle_obs=True, handle_method=estimated, handle_conf=0.00
[state_machine_node-24] [INFO] [1790647564.049213174] [state_machine_node]: Blue candidate door_blue_6622f5 ignored: physical/opened door station already handled nearby at (13.80, -1.78).
[door_detection_node-21] [INFO] [1790647564.062475115] [door_detection_node]: YOLO 후보 제외: source=front, edge-clipped bbox=(0,0,54,235)
[controller_server-13] [INFO] [1790647564.400697144] [controller_server]: Passing new path to controller.
[controller_server-13] [INFO] [1790647565.650758306] [controller_server]: Passing new path to controller.
[controller_server-13] [INFO] [1790647566.900705388] [controller_server]: Passing new path to controller.
[door_detection_node-21] [INFO] [1790647567.085997554] [door_detection_node]: 문 후보 발행: id=door_blue_15f7b3, source=front, color=blue, dist=3.93m, conf=0.77, bbox=(217,48,260,187), rep_x=238, center_x=238, angle=-18.4deg, center_angle=-18.4deg, lidar=3.71m, visual=3.37m, goal=(15.13,-2.53), handle=(14.05,-1.90,1.00), handle_obs=True, handle_method=estimated, handle_conf=0.00
[state_machine_node-24] [INFO] [1790647567.097754120] [state_machine_node]: Blue candidate door_blue_15f7b3 ignored: physical/opened door station already handled nearby at (14.05, -1.90).
[state_machine_node-24] [INFO] [1790647567.948300238] [state_machine_node]: 보조 비상구 관측 저장: door_green_823a13 (21.5, -0.2)
[controller_server-13] [INFO] [1790647568.150701305] [controller_server]: Passing new path to controller.
[door_detection_node-21] [INFO] [1790647568.338341936] [door_detection_node]: Front lateral LiDAR range looks too long for the visible door; using visual range (lidar=3.98m, visual=3.16m)
[door_detection_node-21] [INFO] [1790647568.803084818] [door_detection_node]: 문 후보 발행: id=door_blue_a2b639, source=front, color=blue, dist=3.16m, conf=0.73, bbox=(255,42,307,190), rep_x=281, center_x=281, angle=-27.3deg, center_angle=-27.3deg, lidar=4.07m, visual=3.16m, goal=(15.72,-1.84), handle=(14.57,-1.36,1.00), handle_obs=True, handle_method=estimated, handle_conf=0.00
[controller_server-13] [INFO] [1790647569.400693802] [controller_server]: Passing new path to controller.
[controller_server-13] [INFO] [1790647570.775691710] [controller_server]: Passing new path to controller.
[door_detection_node-21] [INFO] [1790647571.299047991] [door_detection_node]: 문 후보 발행: id=door_blue_a2b639, source=front, color=blue, dist=3.97m, conf=0.76, bbox=(216,47,264,188), rep_x=240, center_x=240, angle=-18.9deg, center_angle=-18.9deg, lidar=3.96m, visual=3.32m, goal=(14.79,-2.39), handle=(13.77,-1.67,1.00), handle_obs=True, handle_method=estimated, handle_conf=0.00
[state_machine_node-24] [INFO] [1790647571.309484102] [state_machine_node]: Blue candidate door_blue_a2b639 ignored: physical/opened door station already handled nearby at (13.77, -1.67).
[controller_server-13] [INFO] [1790647572.025675558] [controller_server]: Passing new path to controller.
[door_detection_node-21] [INFO] [1790647572.825419644] [door_detection_node]: 문 후보 발행: id=door_blue_6622f5, source=front, color=blue, dist=4.03m, conf=0.74, bbox=(204,48,249,188), rep_x=226, center_x=226, angle=-15.8deg, center_angle=-15.8deg, lidar=4.15m, visual=3.34m, goal=(14.61,-2.43), handle=(13.65,-1.63,1.00), handle_obs=True, handle_method=estimated, handle_conf=0.00
[door_detection_node-21] [INFO] [1790647572.843085990] [door_detection_node]: YOLO 후보 제외: source=front, edge-clipped bbox=(0,0,99,240)
[controller_server-13] [INFO] [1790647573.275770748] [controller_server]: Passing new path to controller.
[controller_server-13] [INFO] [1790647574.525719200] [controller_server]: Passing new path to controller.
[door_detection_node-21] [INFO] [1790647574.676545051] [door_detection_node]: 문 후보 발행: id=door_blue_6622f5, source=front, color=blue, dist=4.05m, conf=0.67, bbox=(165,51,207,185), rep_x=186, center_x=186, angle=-6.3deg, center_angle=-6.3deg, lidar=4.53m, visual=3.49m, goal=(14.39,-2.56), handle=(13.58,-1.60,1.00), handle_obs=True, handle_method=estimated, handle_conf=0.00
[state_machine_node-24] [INFO] [1790647574.706827981] [state_machine_node]: Blue candidate door_blue_6622f5 ignored: physical/opened door station already handled nearby at (13.58, -1.60).
[controller_server-13] [INFO] [1790647575.900738946] [controller_server]: Passing new path to controller.
[navigation_node-22] [WARN] [1790647576.501944138] [navigation_node]: Robot is 0.18m from blue goal (threshold=0.18m). Treating navigation as succeeded.
[state_machine_node-24] [INFO] [1790647576.503693359] [state_machine_node]: Navigation succeeded.
[bt_navigator-17] [ERROR] [1790647576.620024477] [bt_navigator_navigate_to_pose_rclcpp_node]: Failed to get result for follow_path in node halt!
[bt_navigator-17] [INFO] [1790647576.620260818] [bt_navigator]: [navigate_to_pose] [ActionServer] Client requested to cancel the goal. Cancelling.
[bt_navigator-17] [INFO] [1790647576.620502942] [bt_navigator]: Goal canceled
[controller_server-13] [INFO] [1790647576.650723564] [controller_server]: Goal was canceled. Stopping the robot.
[controller_server-13] [INFO] [1790647576.650888126] [controller_server]: [follow_path] [ActionServer] Client requested to cancel the goal. Cancelling.
[state_machine_node-24] [WARN] [1790647576.909707223] [state_machine_node]: Nav result [nav_success] is close enough for door fine alignment: observed_blue_17p3_1p3, dist=0.50/1.10m, lateral=0.48/0.75m, forward=-0.16m, yaw_error=116deg.
[door_detection_node-21] [INFO] [1790647576.919044412] [door_detection_node]: 문 후보 발행: id=door_blue_c8a91a, source=front, color=blue, dist=4.14m, conf=0.70, bbox=(119,50,161,186), rep_x=140, center_x=140, angle=4.9deg, center_angle=4.9deg, lidar=4.56m, visual=3.44m, goal=(12.91,-0.70), handle=(13.54,-1.78,1.00), handle_obs=True, handle_method=estimated, handle_conf=0.00
[state_machine_node-24] [WARN] [1790647576.925466237] [state_machine_node]: Waiting for a fresh door-wall normal before alignment.
[state_machine_node-24] [WARN] [1790647577.927182110] [state_machine_node]: Nav result [nav_success] is close enough for door fine alignment: observed_blue_17p3_1p3, dist=0.50/1.10m, lateral=0.48/0.75m, forward=-0.16m, yaw_error=116deg.
[door_detection_node-21] [INFO] [1790647578.494647321] [door_detection_node]: Side camera LiDAR range looks too long for the visible door; using visual range (source=front_right, lidar=7.33m, visual=5.09m)
[door_detection_node-21] [INFO] [1790647578.495305044] [door_detection_node]: YOLO 후보 제외: source=front_right, far small dist=5.09m, conf=0.28, bbox=(16,73,31,165)
[state_machine_node-24] [WARN] [1790647578.910853966] [state_machine_node]: Nav result [nav_success] is close enough for door fine alignment: observed_blue_17p3_1p3, dist=0.50/1.10m, lateral=0.48/0.75m, forward=-0.16m, yaw_error=116deg.
[state_machine_node-24] [WARN] [1790647578.927839357] [state_machine_node]: Waiting for a fresh door-wall normal before alignment.
[state_machine_node-24] [WARN] [1790647579.905456821] [state_machine_node]: Nav result [nav_success] is close enough for door fine alignment: observed_blue_17p3_1p3, dist=0.50/1.10m, lateral=0.48/0.75m, forward=-0.16m, yaw_error=116deg.
[door_detection_node-21] [INFO] [1790647580.842404104] [door_detection_node]: 문 후보 발행: id=door_blue_6fa82a, source=front, color=blue, dist=3.92m, conf=0.72, bbox=(93,45,139,190), rep_x=116, center_x=116, angle=10.6deg, center_angle=10.6deg, lidar=3.89m, visual=3.23m, goal=(13.24,-0.62), handle=(13.78,-1.74,1.00), handle_obs=True, handle_method=estimated, handle_conf=0.00
[state_machine_node-24] [INFO] [1790647580.855677888] [state_machine_node]: Blue candidate door_blue_6fa82a ignored: physical/opened door station already handled nearby at (13.78, -1.74).
[state_machine_node-24] [WARN] [1790647580.943251366] [state_machine_node]: Nav result [nav_success] is close enough for door fine alignment: observed_blue_17p3_1p3, dist=0.50/1.10m, lateral=0.48/0.75m, forward=-0.16m, yaw_error=116deg.
[state_machine_node-24] [WARN] [1790647580.986884641] [state_machine_node]: Waiting for a fresh door-wall normal before alignment.
[state_machine_node-24] [WARN] [1790647581.940699379] [state_machine_node]: Nav result [nav_success] is close enough for door fine alignment: observed_blue_17p3_1p3, dist=0.51/1.10m, lateral=0.49/0.75m, forward=-0.15m, yaw_error=118deg.
[door_detection_node-21] [INFO] [1790647582.430527750] [door_detection_node]: Side camera LiDAR range looks too long for the visible door; using visual range (source=front_right, lidar=7.37m, visual=5.09m)
[door_detection_node-21] [INFO] [1790647582.441904904] [door_detection_node]: YOLO 후보 제외: source=front_right, far small dist=5.09m, conf=0.28, bbox=(16,73,31,165)
[state_machine_node-24] [WARN] [1790647582.906762308] [state_machine_node]: Nav result [nav_success] is close enough for door fine alignment: observed_blue_17p3_1p3, dist=0.51/1.10m, lateral=0.49/0.75m, forward=-0.15m, yaw_error=118deg.
[state_machine_node-24] [WARN] [1790647583.894391432] [state_machine_node]: Nav result [nav_success] is close enough for door fine alignment: observed_blue_17p3_1p3, dist=0.51/1.10m, lateral=0.49/0.75m, forward=-0.15m, yaw_error=118deg.
[state_machine_node-24] [WARN] [1790647583.937118744] [state_machine_node]: Waiting for a fresh door-wall normal before alignment.
[state_machine_node-24] [WARN] [1790647584.879235218] [state_machine_node]: Nav result [nav_success] is close enough for door fine alignment: observed_blue_17p3_1p3, dist=0.51/1.10m, lateral=0.49/0.75m, forward=-0.15m, yaw_error=118deg.
[door_detection_node-21] [INFO] [1790647585.717809120] [door_detection_node]: Side camera LiDAR range looks too long for the visible door; using visual range (source=front_right, lidar=7.31m, visual=5.09m)
[door_detection_node-21] [INFO] [1790647585.720759404] [door_detection_node]: YOLO 후보 제외: source=front_right, far small dist=5.09m, conf=0.28, bbox=(16,73,31,165)
[state_machine_node-24] [WARN] [1790647585.985231719] [state_machine_node]: Nav result [nav_success] is close enough for door fine alignment: observed_blue_17p3_1p3, dist=0.51/1.10m, lateral=0.49/0.75m, forward=-0.15m, yaw_error=118deg.
[state_machine_node-24] [WARN] [1790647586.028149559] [state_machine_node]: Waiting for a fresh door-wall normal before alignment.
[door_detection_node-21] [INFO] [1790647586.646524018] [door_detection_node]: 문 후보 발행: id=door_blue_6fa82a, source=front, color=blue, dist=3.93m, conf=0.72, bbox=(93,45,139,190), rep_x=116, center_x=116, angle=10.6deg, center_angle=10.6deg, lidar=3.90m, visual=3.23m, goal=(13.26,-0.72), handle=(13.84,-1.83,1.00), handle_obs=True, handle_method=estimated, handle_conf=0.00
[state_machine_node-24] [INFO] [1790647586.659179348] [state_machine_node]: Blue candidate door_blue_6fa82a ignored: physical/opened door station already handled nearby at (13.84, -1.83).
[state_machine_node-24] [WARN] [1790647587.055258399] [state_machine_node]: Nav result [nav_success] is close enough for door fine alignment: observed_blue_17p3_1p3, dist=0.51/1.10m, lateral=0.49/0.75m, forward=-0.15m, yaw_error=118deg.
[state_machine_node-24] [WARN] [1790647588.066613669] [state_machine_node]: Nav result [nav_success] is close enough for door fine alignment: observed_blue_17p3_1p3, dist=0.51/1.10m, lateral=0.49/0.75m, forward=-0.15m, yaw_error=118deg.
[state_machine_node-24] [INFO] [1790647588.109059795] [state_machine_node]: 문 앞 정렬 재접근: observed_blue_17p3_1p3 (2/2)
[state_machine_node-24] [INFO] [1790647588.111920324] [state_machine_node]: 문 접근 목표 보정: observed_blue_17p3_1p3 handle_axis=(17.28, 1.34) goal_axis=(17.28, 0.24) wall_axis=(17.28, 1.34) yaw=90deg
[navigation_node-22] [INFO] [1790647588.118586435] [navigation_node]: Navigation goal received: door observed_blue_17p3_1p3 (color=blue, frame=map, x=17.28, y=0.24)
[door_detection_node-21] [INFO] [1790647588.184956352] [door_detection_node]: Side camera LiDAR range looks too long for the visible door; using visual range (source=front_right, lidar=7.24m, visual=5.09m)
[door_detection_node-21] [INFO] [1790647588.198061586] [door_detection_node]: YOLO 후보 제외: source=front_right, far small dist=5.09m, conf=0.28, bbox=(16,73,31,165)
[navigation_node-22] [WARN] [1790647588.235931227] [navigation_node]: Adjusted unreachable/occupied navigation goal from (17.28, 0.24, cost=68) to connected free cell (17.33, 0.43, cost=0)
[bt_navigator-17] [INFO] [1790647588.335641972] [bt_navigator]: Begin navigating from current location (16.93, 0.60) to (17.33, 0.43)
[navigation_node-22] [INFO] [1790647588.338787686] [navigation_node]: Navigation goal accepted by Nav2
[controller_server-13] [INFO] [1790647588.537356776] [controller_server]: Received a goal, begin computing control effort.
[controller_server-13] [INFO] [1790647589.913016794] [controller_server]: Passing new path to controller.
[door_detection_node-21] [INFO] [1790647591.149974584] [door_detection_node]: Front lateral LiDAR range looks too long for the visible door; using visual range (lidar=4.05m, visual=3.02m)
[controller_server-13] [INFO] [1790647591.163004681] [controller_server]: Passing new path to controller.
[door_detection_node-21] [INFO] [1790647591.574065839] [door_detection_node]: 문 후보 발행: id=door_blue_c6a4bd, source=front, color=blue, dist=3.02m, conf=0.73, bbox=(47,39,98,194), rep_x=72, center_x=72, angle=20.6deg, center_angle=20.6deg, lidar=5.75m, visual=3.02m, goal=(14.11,0.00), handle=(14.44,-1.20,1.00), handle_obs=True, handle_method=estimated, handle_conf=0.00
[state_machine_node-24] [INFO] [1790647591.584863531] [state_machine_node]: Blue candidate door_blue_c6a4bd ignored: physical/opened door station already handled nearby at (14.44, -1.20).
[async_slam_toolbox_node-12] [INFO] [1790647591.700862148] [slam_toolbox]: Message Filter dropping message: frame 'lidar_link' at time 613.204 for reason 'discarding message because the queue is full'
[state_machine_node-24] [INFO] [1790647591.984368568] [state_machine_node]: blue candidate (12.3, 2.0) rejected: same-wall blue observation is inside the opened-door remnant window (opened_progress=10.6m, gap=1.7m, window=2.4m).
[door_detection_node-21] [INFO] [1790647592.379059431] [door_detection_node]: Side camera LiDAR range looks too long for the visible door; using visual range (source=front_left, lidar=4.36m, visual=3.00m)
[controller_server-13] [INFO] [1790647592.537999579] [controller_server]: Passing new path to controller.
[controller_server-13] [INFO] [1790647593.663004621] [controller_server]: Passing new path to controller.
[door_detection_node-21] [INFO] [1790647594.961047320] [door_detection_node]: 문 후보 발행: id=door_blue_3b4c7d, source=front_left, color=blue, dist=3.93m, conf=0.65, bbox=(68,38,121,196), rep_x=94, center_x=94, angle=85.8deg, center_angle=85.8deg, lidar=4.33m, visual=2.96m, goal=(14.60,-1.05), handle=(13.65,-1.87,1.00), handle_obs=True, handle_method=estimated, handle_conf=0.00
[state_machine_node-24] [INFO] [1790647594.972868042] [state_machine_node]: Blue candidate door_blue_3b4c7d ignored: physical/opened door station already handled nearby at (13.65, -1.87).
[controller_server-13] [INFO] [1790647595.037974455] [controller_server]: Passing new path to controller.
[controller_server-13] [INFO] [1790647596.288010955] [controller_server]: Passing new path to controller.
[door_detection_node-21] [INFO] [1790647597.449398641] [door_detection_node]: 문 후보 발행: id=door_blue_6a0931, source=front_right, color=blue, dist=2.28m, conf=0.71, bbox=(115,0,177,240), rep_x=146, center_x=146, angle=-66.6deg, center_angle=-66.6deg, lidar=2.70m, visual=1.95m, goal=(17.53,1.47), handle=(18.77,1.60,1.00), handle_obs=True, handle_method=estimated, handle_conf=0.00
[controller_server-13] [INFO] [1790647597.538053802] [controller_server]: Passing new path to controller.
[controller_server-13] [INFO] [1790647598.913010949] [controller_server]: Passing new path to controller.
[door_detection_node-21] [INFO] [1790647599.286303367] [door_detection_node]: 문 후보 발행: id=door_blue_b16a79, source=front_right, color=blue, dist=2.46m, conf=0.28, bbox=(0,0,31,240), rep_x=15, center_x=15, angle=-38.2deg, center_angle=-38.2deg, lidar=2.98m, visual=1.95m, goal=(18.36,2.40), handle=(19.50,1.91,0.84), handle_obs=True, handle_method=hsv, handle_conf=0.67
[state_machine_node-24] [INFO] [1790647599.298827805] [state_machine_node]: Blue candidate door_blue_b16a79 ignored: physical/opened door station already handled nearby at (18.90, 1.65).
[state_machine_node-24] [INFO] [1790647599.327973343] [state_machine_node]: 보조 비상구 관측 저장: door_green_8a8a4b (21.4, -0.5)
[controller_server-13] [INFO] [1790647600.163135991] [controller_server]: Passing new path to controller.
[door_detection_node-21] [INFO] [1790647600.826538549] [door_detection_node]: Side camera LiDAR range looks occluded; using visual range instead (source=front_right, lidar=2.63m, visual=3.80m)
[door_detection_node-21] [INFO] [1790647600.856203524] [door_detection_node]: 문 후보 발행: id=door_green_db4b83, source=front_right, color=green, dist=3.80m, conf=0.92, bbox=(44,52,128,175), rep_x=86, center_x=86, angle=-52.5deg, center_angle=-52.5deg, lidar=2.63m, visual=3.80m, goal=(18.93,-0.07), handle=(20.38,-0.43,1.00), handle_obs=False, handle_method=estimated, handle_conf=0.00
[controller_server-13] [INFO] [1790647601.537985125] [controller_server]: Passing new path to controller.
[controller_server-13] [INFO] [1790647602.788012302] [controller_server]: Passing new path to controller.
[door_detection_node-21] [INFO] [1790647603.498153129] [door_detection_node]: 문 후보 발행: id=door_blue_6fa82a, source=front, color=blue, dist=2.18m, conf=0.65, bbox=(85,0,154,240), rep_x=119, center_x=119, angle=9.9deg, center_angle=9.9deg, lidar=2.30m, visual=1.95m, goal=(19.19,0.74), handle=(18.66,1.87,1.00), handle_obs=True, handle_method=estimated, handle_conf=0.00
[state_machine_node-24] [INFO] [1790647603.513163530] [state_machine_node]: Blue candidate door_blue_6fa82a ignored: physical/opened door station already handled nearby at (18.66, 1.87).
[door_detection_node-21] [INFO] [1790647603.521378991] [door_detection_node]: YOLO 후보 제외: source=front, edge-clipped bbox=(280,45,320,180)
[controller_server-13] [INFO] [1790647604.037983729] [controller_server]: Passing new path to controller.
[door_detection_node-21] [INFO] [1790647605.052429806] [door_detection_node]: 문 후보 발행: id=door_blue_911927, source=front, color=blue, dist=1.96m, conf=0.63, bbox=(11,0,97,240), rep_x=54, center_x=54, angle=24.4deg, center_angle=24.4deg, lidar=2.20m, visual=1.95m, goal=(18.81,0.67), handle=(18.52,1.89,1.00), handle_obs=True, handle_method=estimated, handle_conf=0.00
[controller_server-13] [INFO] [1790647605.412982407] [controller_server]: Passing new path to controller.
[door_detection_node-21] [INFO] [1790647606.512685937] [door_detection_node]: YOLO 후보 제외: source=front, edge-clipped bbox=(0,0,31,240)
[state_machine_node-24] [INFO] [1790647606.535833446] [state_machine_node]: 보조 비상구 관측 저장: door_green_73c139 (20.8, 0.0)
[controller_server-13] [INFO] [1790647606.663759021] [controller_server]: Passing new path to controller.
[door_detection_node-21] [INFO] [1790647607.367607963] [door_detection_node]: 문 후보 발행: id=door_blue_a976e1, source=front_left, color=blue, dist=2.16m, conf=0.31, bbox=(251,0,319,239), rep_x=285, center_x=285, angle=41.9deg, center_angle=41.9deg, lidar=2.43m, visual=1.96m, goal=(18.66,0.74), handle=(18.78,1.98,1.00), handle_obs=False, handle_method=estimated, handle_conf=0.00
[state_machine_node-24] [INFO] [1790647607.381801555] [state_machine_node]: Blue candidate door_blue_a976e1 ignored: physical/opened door station already handled nearby at (18.78, 1.98).
[controller_server-13] [INFO] [1790647608.038306171] [controller_server]: Passing new path to controller.
[door_detection_node-21] [INFO] [1790647609.041120863] [door_detection_node]: 문 후보 발행: id=door_blue_2ca873, source=front_left, color=blue, dist=2.10m, conf=0.47, bbox=(147,0,228,240), rep_x=187, center_x=187, angle=63.4deg, center_angle=63.4deg, lidar=2.37m, visual=1.95m, goal=(19.22,1.12), handle=(19.79,2.23,0.84), handle_obs=True, handle_method=yolo:primary:item, handle_conf=0.33
[controller_server-13] [INFO] [1790647609.288020770] [controller_server]: Passing new path to controller.
[controller_server-13] [INFO] [1790647610.538005135] [controller_server]: Passing new path to controller.
[door_detection_node-21] [INFO] [1790647610.646882380] [door_detection_node]: 문 후보 발행: id=door_blue_0ef14c, source=front_left, color=blue, dist=1.98m, conf=0.37, bbox=(71,0,156,240), rep_x=113, center_x=113, angle=81.4deg, center_angle=81.4deg, lidar=2.07m, visual=1.95m, goal=(18.56,1.16), handle=(19.40,2.08,0.83), handle_obs=True, handle_method=yolo:primary:item, handle_conf=0.45
[state_machine_node-24] [INFO] [1790647610.677224472] [state_machine_node]: Blue candidate door_blue_0ef14c ignored: physical/opened door station already handled nearby at (18.64, 2.00).
[door_detection_node-21] [INFO] [1790647611.407112792] [door_detection_node]: Side camera LiDAR range looks too long for the visible door; using visual range (source=front_right, lidar=4.65m, visual=3.14m)
[door_detection_node-21] [INFO] [1790647611.412285206] [door_detection_node]: YOLO 후보 제외: source=front_right, edge-clipped bbox=(276,42,320,191)
[controller_server-13] [INFO] [1790647611.787989526] [controller_server]: Passing new path to controller.
[door_detection_node-21] [INFO] [1790647612.915082694] [door_detection_node]: 문 후보 발행: id=door_blue_622815, source=front_right, color=blue, dist=4.13m, conf=0.77, bbox=(232,49,278,187), rep_x=255, center_x=255, angle=-92.1deg, center_angle=-92.1deg, lidar=4.09m, visual=3.39m, goal=(14.68,-0.81), handle=(13.65,-1.53,1.00), handle_obs=True, handle_method=estimated, handle_conf=0.00
[controller_server-13] [INFO] [1790647613.037965658] [controller_server]: Passing new path to controller.
[state_machine_node-24] [INFO] [1790647613.902202513] [state_machine_node]: Blue candidate door_blue_0d9a80 ignored: physical/opened door station already handled nearby at (18.42, 2.04).
[controller_server-13] [INFO] [1790647614.287995876] [controller_server]: Passing new path to controller.
[door_detection_node-21] [INFO] [1790647614.307894155] [door_detection_node]: Side camera LiDAR range looks occluded; using visual range instead (source=front_right, lidar=0.97m, visual=2.07m)
[door_detection_node-21] [INFO] [1790647614.694294932] [door_detection_node]: Side camera LiDAR range looks too long for the visible door; using visual range (source=front_right, lidar=4.44m, visual=3.27m)
[door_detection_node-21] [INFO] [1790647615.062603224] [door_detection_node]: 문 후보 발행: id=door_blue_7d111b, source=front_right, color=blue, dist=3.27m, conf=0.61, bbox=(245,47,290,190), rep_x=267, center_x=267, angle=-94.6deg, center_angle=-94.6deg, lidar=4.75m, visual=3.27m, goal=(15.40,-0.36), handle=(14.42,-1.15,1.00), handle_obs=True, handle_method=estimated, handle_conf=0.00
[controller_server-13] [INFO] [1790647615.537993597] [controller_server]: Passing new path to controller.
[controller_server-13] [INFO] [1790647616.787987192] [controller_server]: Passing new path to controller.
[door_detection_node-21] [INFO] [1790647616.970066175] [door_detection_node]: 문 후보 발행: id=door_blue_a39a0f, source=front_right, color=blue, dist=4.25m, conf=0.74, bbox=(216,50,260,184), rep_x=238, center_x=238, angle=-88.4deg, center_angle=-88.4deg, lidar=4.62m, visual=3.49m, goal=(14.68,-1.02), handle=(13.62,-1.69,1.00), handle_obs=True, handle_method=estimated, handle_conf=0.00
[state_machine_node-24] [INFO] [1790647616.983787056] [state_machine_node]: Blue candidate door_blue_a39a0f ignored: physical/opened door station already handled nearby at (13.62, -1.69).
[controller_server-13] [INFO] [1790647618.038001971] [controller_server]: Passing new path to controller.
[door_detection_node-21] [INFO] [1790647618.663382852] [door_detection_node]: 문 후보 발행: id=door_blue_a39a0f, source=front_right, color=blue, dist=4.00m, conf=0.76, bbox=(188,50,226,186), rep_x=207, center_x=207, angle=-81.4deg, center_angle=-81.4deg, lidar=4.07m, visual=3.44m, goal=(14.97,-1.02), handle=(13.84,-1.55,1.00), handle_obs=True, handle_method=estimated, handle_conf=0.00
[controller_server-13] [INFO] [1790647619.163002258] [controller_server]: Passing new path to controller.
[door_detection_node-21] [INFO] [1790647620.236314681] [door_detection_node]: 문 후보 발행: id=door_blue_a39a0f, source=front_right, color=blue, dist=4.11m, conf=0.69, bbox=(169,52,207,183), rep_x=188, center_x=188, angle=-76.8deg, center_angle=-76.8deg, lidar=4.51m, visual=3.57m, goal=(14.90,-1.16), handle=(13.73,-1.59,1.00), handle_obs=True, handle_method=estimated, handle_conf=0.00
[state_machine_node-24] [INFO] [1790647620.249986539] [state_machine_node]: Blue candidate door_blue_a39a0f ignored: physical/opened door station already handled nearby at (13.73, -1.59).
[controller_server-13] [INFO] [1790647620.538020145] [controller_server]: Passing new path to controller.
[controller_server-13] [INFO] [1790647621.788012514] [controller_server]: Passing new path to controller.
[controller_server-13] [INFO] [1790647623.163014183] [controller_server]: Passing new path to controller.
[door_detection_node-21] [INFO] [1790647623.288296409] [door_detection_node]: 문 후보 발행: id=door_blue_e4839f, source=front_right, color=blue, dist=3.86m, conf=0.73, bbox=(158,52,198,184), rep_x=178, center_x=178, angle=-74.4deg, center_angle=-74.4deg, lidar=3.54m, visual=3.55m, goal=(15.21,-1.18), handle=(14.04,-1.61,1.00), handle_obs=True, handle_method=estimated, handle_conf=0.00
[state_machine_node-24] [INFO] [1790647623.301032006] [state_machine_node]: Blue candidate door_blue_e4839f ignored: physical/opened door station already handled nearby at (14.04, -1.61).
[controller_server-13] [INFO] [1790647624.413008211] [controller_server]: Passing new path to controller.
[door_detection_node-21] [INFO] [1790647624.837243722] [door_detection_node]: 문 후보 발행: id=door_blue_0d9a80, source=front_left, color=blue, dist=1.91m, conf=0.24, bbox=(0,0,66,240), rep_x=33, center_x=33, angle=98.5deg, center_angle=98.5deg, lidar=1.85m, visual=1.95m, goal=(17.75,1.28), handle=(18.73,2.05,0.85), handle_obs=True, handle_method=yolo:primary:item, handle_conf=0.50
[door_detection_node-21] [INFO] [1790647625.257861840] [door_detection_node]: Side camera LiDAR range looks occluded; using visual range instead (source=front_right, lidar=0.82m, visual=2.05m)
[controller_server-13] [INFO] [1790647625.662996561] [controller_server]: Passing new path to controller.
[navigation_node-22] [WARN] [1790647626.037878340] [navigation_node]: Robot is 0.18m from blue goal (threshold=0.18m). Treating navigation as succeeded.
[state_machine_node-24] [INFO] [1790647626.039636349] [state_machine_node]: Navigation succeeded.
[bt_navigator-17] [ERROR] [1790647626.156953632] [bt_navigator_navigate_to_pose_rclcpp_node]: Failed to get result for follow_path in node halt!
[bt_navigator-17] [INFO] [1790647626.157213369] [bt_navigator]: [navigate_to_pose] [ActionServer] Client requested to cancel the goal. Cancelling.
[bt_navigator-17] [INFO] [1790647626.157356196] [bt_navigator]: Goal canceled
[controller_server-13] [INFO] [1790647626.162988774] [controller_server]: Goal was canceled. Stopping the robot.
[controller_server-13] [INFO] [1790647626.163130965] [controller_server]: [follow_path] [ActionServer] Client requested to cancel the goal. Cancelling.
[state_machine_node-24] [WARN] [1790647626.184524109] [state_machine_node]: Waiting for a fresh door-wall normal before alignment.
[door_detection_node-21] [INFO] [1790647626.717259900] [door_detection_node]: 문 후보 발행: id=door_blue_0d9a80, source=front_left, color=blue, dist=1.86m, conf=0.35, bbox=(23,0,126,240), rep_x=74, center_x=74, angle=90.2deg, center_angle=90.2deg, lidar=1.89m, visual=1.95m, goal=(18.11,1.10), handle=(18.89,2.09,0.85), handle_obs=True, handle_method=yolo:primary:item, handle_conf=0.61
[state_machine_node-24] [INFO] [1790647626.732516569] [state_machine_node]: Blue candidate door_blue_0d9a80 ignored: physical/opened door station already handled nearby at (18.38, 2.04).
[door_detection_node-21] [INFO] [1790647627.062789566] [door_detection_node]: YOLO 후보 제외: source=front, edge-clipped bbox=(0,39,57,182)
[door_detection_node-21] [INFO] [1790647627.704325178] [door_detection_node]: Side camera LiDAR range looks occluded; using visual range instead (source=front_right, lidar=0.85m, visual=2.11m)
[door_detection_node-21] [INFO] [1790647628.787990157] [door_detection_node]: 문 후보 발행: id=door_blue_0d9a80, source=front_left, color=blue, dist=1.90m, conf=0.48, bbox=(27,0,128,240), rep_x=77, center_x=77, angle=89.5deg, center_angle=89.5deg, lidar=1.86m, visual=1.95m, goal=(18.15,1.09), handle=(18.96,2.05,0.85), handle_obs=True, handle_method=yolo:primary:item, handle_conf=0.56
[state_machine_node-24] [WARN] [1790647628.912318755] [state_machine_node]: Waiting for a fresh door-wall normal before alignment.
[door_detection_node-21] [INFO] [1790647630.295576373] [door_detection_node]: 문 후보 발행: id=door_blue_0d9a80, source=front_left, color=blue, dist=1.88m, conf=0.48, bbox=(27,0,128,240), rep_x=77, center_x=77, angle=89.5deg, center_angle=89.5deg, lidar=1.87m, visual=1.95m, goal=(18.15,1.09), handle=(18.96,2.05,0.85), handle_obs=True, handle_method=yolo:primary:item, handle_conf=0.56
[state_machine_node-24] [INFO] [1790647630.313366857] [state_machine_node]: Blue candidate door_blue_0d9a80 ignored: physical/opened door station already handled nearby at (18.45, 2.01).
[door_detection_node-21] [INFO] [1790647630.687078747] [door_detection_node]: Side camera LiDAR range looks occluded; using visual range instead (source=front_right, lidar=0.85m, visual=2.11m)
[state_machine_node-24] [WARN] [1790647631.603224494] [state_machine_node]: Waiting for a fresh door-wall normal before alignment.
[door_detection_node-21] [INFO] [1790647631.818471205] [door_detection_node]: 문 후보 발행: id=door_green_407d2e, source=front_left, color=green, dist=2.19m, conf=0.62, bbox=(284,36,320,188), rep_x=302, center_x=302, angle=38.7deg, center_angle=38.7deg, lidar=2.19m, visual=3.08m, goal=(17.91,0.56), handle=(19.41,0.53,1.00), handle_obs=False, handle_method=estimated, handle_conf=0.00
[door_detection_node-21] [INFO] [1790647633.321978606] [door_detection_node]: 문 후보 발행: id=door_green_407d2e, source=front_left, color=green, dist=2.23m, conf=0.62, bbox=(284,36,320,188), rep_x=302, center_x=302, angle=38.7deg, center_angle=38.7deg, lidar=2.23m, visual=3.08m, goal=(17.96,0.56), handle=(19.46,0.53,1.00), handle_obs=False, handle_method=estimated, handle_conf=0.00
[door_detection_node-21] [INFO] [1790647633.607487961] [door_detection_node]: YOLO 후보 제외: source=front, edge-clipped bbox=(0,39,57,182)
[door_detection_node-21] [INFO] [1790647633.952804379] [door_detection_node]: Side camera LiDAR range looks occluded; using visual range instead (source=front_right, lidar=0.83m, visual=2.11m)
[state_machine_node-24] [WARN] [1790647634.289843709] [state_machine_node]: Waiting for a fresh door-wall normal before alignment.
[door_detection_node-21] [INFO] [1790647635.110843246] [door_detection_node]: 문 후보 발행: id=door_blue_0d9a80, source=front_left, color=blue, dist=1.93m, conf=0.48, bbox=(27,0,128,240), rep_x=77, center_x=77, angle=89.5deg, center_angle=89.5deg, lidar=1.87m, visual=1.95m, goal=(18.14,1.08), handle=(18.95,2.04,0.85), handle_obs=True, handle_method=yolo:primary:item, handle_conf=0.56
[state_machine_node-24] [INFO] [1790647635.125054381] [state_machine_node]: Blue candidate door_blue_0d9a80 ignored: physical/opened door station already handled nearby at (18.48, 2.05).
[state_machine_node-24] [WARN] [1790647635.172966571] [state_machine_node]: Nav failure [door_not_aligned] → observed_blue_17p3_1p3. 재시도 4/2
[state_machine_node-24] [INFO] [1790647635.174751904] [state_machine_node]: Exit candidate door_green_407d2e rejected: progress 19.5m is only 0.6m after the last opened blue door; need 1.8m before treating green as the final exit.
[state_machine_node-24] [WARN] [1790647635.177553681] [state_machine_node]: 파란 문 후보 (17.3, 1.3) 문 앞 접근 실패 2/4. projection 기반 좌표가 실제 문과 매칭되지 않아 현재 투영 좌표만 폐기합니다. 누적 문 관측 중심 (17.3, 1.3)으로 복원하고 근접 카메라/LiDAR 재관측 후 다시 접근합니다.
[state_machine_node-24] [WARN] [1790647635.178388853] [state_machine_node]: 접근 재스캔: observed_blue_17p3_1p3. 이번 Nav2 접근 묶음은 실패했지만 물리 문 후보는 아직 포기하지 않고, 새 관측으로 다시 시도합니다.
[state_machine_node-24] [INFO] [1790647635.179235988] [state_machine_node]: State: NAVIGATING → EXPLORING
[state_machine_node-24] [INFO] [1790647636.035007289] [state_machine_node]: Observed blue cluster (17.3, 1.3) is waiting for fresh blue evidence before another approach retry.
[state_machine_node-24] [INFO] [1790647636.051156211] [state_machine_node]: Observed blue cluster (16.5, -1.0) will be rechecked despite mixed semantic color memory.
[state_machine_node-24] [INFO] [1790647636.056732051] [state_machine_node]: 파란 문 후보 없음. 2.0s 동안 정지 스캔 후 관측 기반 waypoint를 계획합니다.
[door_detection_node-21] [INFO] [1790647636.796516490] [door_detection_node]: 문 후보 발행: id=door_blue_0d9a80, source=front_left, color=blue, dist=1.87m, conf=0.48, bbox=(27,0,128,240), rep_x=77, center_x=77, angle=89.5deg, center_angle=89.5deg, lidar=1.89m, visual=1.95m, goal=(18.18,1.11), handle=(18.98,2.07,0.85), handle_obs=True, handle_method=yolo:primary:item, handle_conf=0.56
[door_detection_node-21] [INFO] [1790647637.255898236] [door_detection_node]: Side camera LiDAR range looks occluded; using visual range instead (source=front_right, lidar=0.85m, visual=2.11m)
[door_detection_node-21] [INFO] [1790647638.328117384] [door_detection_node]: 문 후보 발행: id=door_blue_0d9a80, source=front_left, color=blue, dist=1.87m, conf=0.48, bbox=(27,0,128,240), rep_x=77, center_x=77, angle=89.5deg, center_angle=89.5deg, lidar=1.88m, visual=1.95m, goal=(18.10,1.05), handle=(18.91,2.00,0.85), handle_obs=True, handle_method=yolo:primary:item, handle_conf=0.56
[state_machine_node-24] [INFO] [1790647638.344631231] [state_machine_node]: Blue candidate door_blue_0d9a80 ignored: physical/opened door station already handled nearby at (18.44, 2.00).
[state_machine_node-24] [INFO] [1790647639.638485317] [state_machine_node]: Observed blue cluster (17.3, 1.3) is waiting for fresh blue evidence before another approach retry.
[state_machine_node-24] [INFO] [1790647639.652480401] [state_machine_node]: Observed blue cluster (16.5, -1.0) will be rechecked despite mixed semantic color memory.
[state_machine_node-24] [INFO] [1790647639.678314949] [state_machine_node]: 문 접근 목표 보정: observed_blue_17p3_1p3 handle_axis=(17.28, 1.34) goal_axis=(17.28, 0.24) wall_axis=(17.28, 1.34) yaw=90deg
[state_machine_node-24] [INFO] [1790647639.702590055] [state_machine_node]: 문 접근 목표 보정: observed_blue_17p3_1p3 handle_axis=(17.28, 1.34) goal_axis=(17.28, 0.24) wall_axis=(17.28, 1.34) yaw=90deg
[state_machine_node-24] [INFO] [1790647639.727068455] [state_machine_node]: 문 접근 목표 보정: observed_blue_17p3_1p3 handle_axis=(17.28, 1.34) goal_axis=(17.28, 0.24) wall_axis=(17.28, 1.34) yaw=90deg
[state_machine_node-24] [INFO] [1790647639.744074684] [state_machine_node]: Exit scan deferred: continuing observation-based forward exploration before leaving.
[state_machine_node-24] [WARN] [1790647639.745663720] [state_machine_node]: 탐색 pose 진행축 점프 감지: current=17.23, confirmed=18.87. 뒤쪽 waypoint 생성을 막기 위해 열린 파란문 기준 진행축으로 탐색을 계속합니다.
[state_machine_node-24] [INFO] [1790647639.760823219] [state_machine_node]: 회피 차선 선호: 빨간 문 door_red_8ed788 반대쪽 차선
[door_detection_node-21] [INFO] [1790647639.845896968] [door_detection_node]: 문 후보 발행: id=door_green_407d2e, source=front_left, color=green, dist=2.21m, conf=0.62, bbox=(284,36,320,188), rep_x=302, center_x=302, angle=38.7deg, center_angle=38.7deg, lidar=2.21m, visual=3.08m, goal=(17.94,0.56), handle=(19.44,0.53,1.00), handle_obs=False, handle_method=estimated, handle_conf=0.00
[door_detection_node-21] [INFO] [1790647640.190929046] [door_detection_node]: Side camera LiDAR range looks occluded; using visual range instead (source=front_right, lidar=0.82m, visual=2.12m)
[state_machine_node-24] [INFO] [1790647640.603960183] [state_machine_node]: 문 접근 목표 보정: observed_blue_17p3_1p3 handle_axis=(17.28, 1.34) goal_axis=(17.28, 0.24) wall_axis=(17.28, 1.34) yaw=90deg
[state_machine_node-24] [INFO] [1790647640.627747763] [state_machine_node]: 문 접근 목표 보정: observed_blue_17p3_1p3 handle_axis=(17.28, 1.34) goal_axis=(17.28, 0.24) wall_axis=(17.28, 1.34) yaw=90deg
[door_detection_node-21] [INFO] [1790647641.349226230] [door_detection_node]: 문 후보 발행: id=door_blue_0ef14c, source=front_left, color=blue, dist=1.88m, conf=0.35, bbox=(45,0,142,240), rep_x=93, center_x=93, angle=86.0deg, center_angle=86.0deg, lidar=1.91m, visual=1.95m, goal=(18.16,1.02), handle=(18.89,2.03,0.85), handle_obs=True, handle_method=yolo:primary:item, handle_conf=0.54
[state_machine_node-24] [INFO] [1790647641.363957392] [state_machine_node]: Blue candidate door_blue_0ef14c ignored: physical/opened door station already handled nearby at (18.42, 2.02).
[state_machine_node-24] [INFO] [1790647641.524872683] [state_machine_node]: 문 접근 목표 보정: observed_blue_17p3_1p3 handle_axis=(17.28, 1.34) goal_axis=(17.28, 0.24) wall_axis=(17.28, 1.34) yaw=90deg
[state_machine_node-24] [INFO] [1790647641.549918084] [state_machine_node]: 문 접근 목표 보정: observed_blue_17p3_1p3 handle_axis=(17.28, 1.34) goal_axis=(17.28, 0.24) wall_axis=(17.28, 1.34) yaw=90deg
[state_machine_node-24] [INFO] [1790647642.469475169] [state_machine_node]: 문 접근 목표 보정: observed_blue_17p3_1p3 handle_axis=(17.28, 1.34) goal_axis=(17.28, 0.24) wall_axis=(17.28, 1.34) yaw=90deg
[state_machine_node-24] [INFO] [1790647642.493103978] [state_machine_node]: 문 접근 목표 보정: observed_blue_17p3_1p3 handle_axis=(17.28, 1.34) goal_axis=(17.28, 0.24) wall_axis=(17.28, 1.34) yaw=90deg
[door_detection_node-21] [INFO] [1790647642.918354694] [door_detection_node]: 문 후보 발행: id=door_blue_0ef14c, source=front_left, color=blue, dist=1.94m, conf=0.32, bbox=(68,0,164,240), rep_x=116, center_x=116, angle=80.6deg, center_angle=80.6deg, lidar=1.85m, visual=1.95m, goal=(18.29,0.94), handle=(18.96,1.99,0.85), handle_obs=True, handle_method=yolo:primary:item, handle_conf=0.56
[state_machine_node-24] [INFO] [1790647642.923616588] [state_machine_node]: Observed blue cluster (17.3, 1.3) is waiting for fresh blue evidence before another approach retry.
[door_detection_node-21] [INFO] [1790647643.312090484] [door_detection_node]: Side camera LiDAR range looks occluded; using visual range instead (source=front_right, lidar=0.84m, visual=2.20m)
[state_machine_node-24] [INFO] [1790647643.384607869] [state_machine_node]: Observed blue cluster (16.5, -1.0) will be rechecked despite mixed semantic color memory.
[state_machine_node-24] [INFO] [1790647643.411754887] [state_machine_node]: 문 접근 목표 보정: observed_blue_17p3_1p3 handle_axis=(17.28, 1.34) goal_axis=(17.28, 0.24) wall_axis=(17.28, 1.34) yaw=90deg
[state_machine_node-24] [INFO] [1790647643.437250928] [state_machine_node]: 문 접근 목표 보정: observed_blue_17p3_1p3 handle_axis=(17.28, 1.34) goal_axis=(17.28, 0.24) wall_axis=(17.28, 1.34) yaw=90deg
[state_machine_node-24] [WARN] [1790647643.453320232] [state_machine_node]: 탐색 pose 진행축 점프 감지: current=17.21, confirmed=18.87. 뒤쪽 waypoint 생성을 막기 위해 열린 파란문 기준 진행축으로 탐색을 계속합니다.
[state_machine_node-24] [INFO] [1790647644.345743234] [state_machine_node]: 문 접근 목표 보정: observed_blue_17p3_1p3 handle_axis=(17.28, 1.34) goal_axis=(17.28, 0.24) wall_axis=(17.28, 1.34) yaw=90deg
[state_machine_node-24] [INFO] [1790647644.370233978] [state_machine_node]: 문 접근 목표 보정: observed_blue_17p3_1p3 handle_axis=(17.28, 1.34) goal_axis=(17.28, 0.24) wall_axis=(17.28, 1.34) yaw=90deg
[door_detection_node-21] [INFO] [1790647644.427691971] [door_detection_node]: 문 후보 발행: id=door_blue_0ef14c, source=front_left, color=blue, dist=1.88m, conf=0.23, bbox=(95,0,185,240), rep_x=140, center_x=140, angle=74.9deg, center_angle=74.9deg, lidar=1.85m, visual=1.95m, goal=(18.39,0.91), handle=(18.94,2.03,0.85), handle_obs=True, handle_method=yolo:primary:item, handle_conf=0.60
[state_machine_node-24] [INFO] [1790647644.442800800] [state_machine_node]: Blue candidate door_blue_0ef14c ignored: physical/opened door station already handled nearby at (18.45, 2.00).
[state_machine_node-24] [INFO] [1790647645.274630493] [state_machine_node]: 문 접근 목표 보정: observed_blue_17p3_1p3 handle_axis=(17.28, 1.34) goal_axis=(17.28, 0.24) wall_axis=(17.28, 1.34) yaw=90deg
[state_machine_node-24] [INFO] [1790647645.295362519] [state_machine_node]: 문 접근 목표 보정: observed_blue_17p3_1p3 handle_axis=(17.28, 1.34) goal_axis=(17.28, 0.24) wall_axis=(17.28, 1.34) yaw=90deg
[door_detection_node-21] [INFO] [1790647645.943150257] [door_detection_node]: 문 후보 발행: id=door_blue_4a310c, source=front_left, color=blue, dist=1.95m, conf=0.34, bbox=(119,0,210,240), rep_x=164, center_x=164, angle=69.0deg, center_angle=69.0deg, lidar=1.95m, visual=1.95m, goal=(18.65,0.93), handle=(19.10,2.09,0.85), handle_obs=True, handle_method=yolo:primary:item, handle_conf=0.54
[state_machine_node-24] [INFO] [1790647645.949742343] [state_machine_node]: Observed blue cluster (17.3, 1.3) is waiting for fresh blue evidence before another approach retry.
[state_machine_node-24] [INFO] [1790647646.213520453] [state_machine_node]: 문 접근 목표 보정: observed_blue_17p3_1p3 handle_axis=(17.28, 1.34) goal_axis=(17.28, 0.24) wall_axis=(17.28, 1.34) yaw=90deg
[state_machine_node-24] [INFO] [1790647646.239239241] [state_machine_node]: 문 접근 목표 보정: observed_blue_17p3_1p3 handle_axis=(17.28, 1.34) goal_axis=(17.28, 0.24) wall_axis=(17.28, 1.34) yaw=90deg
[door_detection_node-21] [INFO] [1790647646.435245174] [door_detection_node]: Side camera LiDAR range looks occluded; using visual range instead (source=front_right, lidar=0.83m, visual=2.08m)
[state_machine_node-24] [INFO] [1790647647.123169628] [state_machine_node]: Observed blue cluster (16.5, -1.0) will be rechecked despite mixed semantic color memory.
[state_machine_node-24] [INFO] [1790647647.151759228] [state_machine_node]: 문 접근 목표 보정: observed_blue_17p3_1p3 handle_axis=(17.28, 1.34) goal_axis=(17.28, 0.24) wall_axis=(17.28, 1.34) yaw=90deg
[state_machine_node-24] [INFO] [1790647647.177893265] [state_machine_node]: 문 접근 목표 보정: observed_blue_17p3_1p3 handle_axis=(17.28, 1.34) goal_axis=(17.28, 0.24) wall_axis=(17.28, 1.34) yaw=90deg
[state_machine_node-24] [WARN] [1790647647.194045991] [state_machine_node]: 탐색 pose 진행축 점프 감지: current=17.22, confirmed=18.87. 뒤쪽 waypoint 생성을 막기 위해 열린 파란문 기준 진행축으로 탐색을 계속합니다.
[door_detection_node-21] [INFO] [1790647647.557616747] [door_detection_node]: 문 후보 발행: id=door_blue_2ca873, source=front_left, color=blue, dist=2.03m, conf=1.00, bbox=(146,0,235,240), rep_x=190, center_x=190, angle=62.7deg, center_angle=62.7deg, lidar=1.93m, visual=1.95m, goal=(18.74,0.82), handle=(19.09,2.02,0.85), handle_obs=True, handle_method=yolo:primary:item, handle_conf=0.65
[state_machine_node-24] [INFO] [1790647647.570406152] [state_machine_node]: Blue candidate door_blue_2ca873 ignored: physical/opened door station already handled nearby at (18.61, 2.04).
[state_machine_node-24] [INFO] [1790647648.093948647] [state_machine_node]: 문 접근 목표 보정: observed_blue_17p3_1p3 handle_axis=(17.28, 1.34) goal_axis=(17.28, 0.24) wall_axis=(17.28, 1.34) yaw=90deg
[state_machine_node-24] [INFO] [1790647648.118281456] [state_machine_node]: 문 접근 목표 보정: observed_blue_17p3_1p3 handle_axis=(17.28, 1.34) goal_axis=(17.28, 0.24) wall_axis=(17.28, 1.34) yaw=90deg
[state_machine_node-24] [INFO] [1790647648.983784724] [state_machine_node]: Observed blue cluster (17.3, 1.3) is waiting for fresh blue evidence before another approach retry.
[state_machine_node-24] [INFO] [1790647649.022658979] [state_machine_node]: 문 접근 목표 보정: observed_blue_17p3_1p3 handle_axis=(17.28, 1.34) goal_axis=(17.28, 0.24) wall_axis=(17.28, 1.34) yaw=90deg
[state_machine_node-24] [INFO] [1790647649.048010817] [state_machine_node]: 문 접근 목표 보정: observed_blue_17p3_1p3 handle_axis=(17.28, 1.34) goal_axis=(17.28, 0.24) wall_axis=(17.28, 1.34) yaw=90deg
[door_detection_node-21] [INFO] [1790647649.088973072] [door_detection_node]: 문 후보 발행: id=door_blue_2ca873, source=front_left, color=blue, dist=2.02m, conf=0.34, bbox=(172,0,267,240), rep_x=219, center_x=219, angle=55.8deg, center_angle=55.8deg, lidar=1.98m, visual=1.95m, goal=(18.87,0.75), handle=(19.10,1.98,0.85), handle_obs=True, handle_method=yolo:primary:item, handle_conf=0.65
[state_machine_node-24] [INFO] [1790647649.984057165] [state_machine_node]: 문 접근 목표 보정: observed_blue_17p3_1p3 handle_axis=(17.28, 1.34) goal_axis=(17.28, 0.24) wall_axis=(17.28, 1.34) yaw=90deg
[state_machine_node-24] [INFO] [1790647650.009302977] [state_machine_node]: 문 접근 목표 보정: observed_blue_17p3_1p3 handle_axis=(17.28, 1.34) goal_axis=(17.28, 0.24) wall_axis=(17.28, 1.34) yaw=90deg
[state_machine_node-24] [INFO] [1790647650.191423975] [state_machine_node]: 보조 비상구 관측 저장: door_green_73c139 (20.9, 0.1)
[state_machine_node-24] [INFO] [1790647650.897771101] [state_machine_node]: Observed blue cluster (16.5, -1.0) will be rechecked despite mixed semantic color memory.
[state_machine_node-24] [INFO] [1790647650.922149534] [state_machine_node]: 문 접근 목표 보정: observed_blue_17p3_1p3 handle_axis=(17.28, 1.34) goal_axis=(17.28, 0.24) wall_axis=(17.28, 1.34) yaw=90deg
[state_machine_node-24] [INFO] [1790647650.953454948] [state_machine_node]: 문 접근 목표 보정: observed_blue_17p3_1p3 handle_axis=(17.28, 1.34) goal_axis=(17.28, 0.24) wall_axis=(17.28, 1.34) yaw=90deg
[state_machine_node-24] [WARN] [1790647650.968998563] [state_machine_node]: 탐색 pose 진행축 점프 감지: current=17.23, confirmed=18.87. 뒤쪽 waypoint 생성을 막기 위해 열린 파란문 기준 진행축으로 탐색을 계속합니다.
[state_machine_node-24] [INFO] [1790647651.001016353] [state_machine_node]: 탐색 waypoint 계획 요청: explore_waypoint_19.7_lat+65 progress=19.70, lateral=0.65, map=(19.70, 0.65) | 좌측 차선 선택 | Red door memory observed_red_1 on right; prefer left lane | LiDAR lane scores: C:y=0.00/clear=1.87/score=1.69, L:y=0.65/clear=1.87/score=5.65, R:y=-0.65/clear=3.20/score=-0.65 | 개방 후 미탐색 문 확인을 위해 전진 스캔 간격 0.83m
[state_machine_node-24] [INFO] [1790647651.001857008] [state_machine_node]: State: EXPLORING → EXPLORING_NAVIGATING
[navigation_node-22] [INFO] [1790647651.004835655] [navigation_node]: Navigation goal received: door explore_waypoint_19.7_lat+65 (color=explore, frame=map, x=19.70, y=0.65)
[door_detection_node-21] [INFO] [1790647651.021123565] [door_detection_node]: 문 후보 발행: id=door_blue_a976e1, source=front_left, color=blue, dist=2.02m, conf=0.28, bbox=(206,0,308,240), rep_x=257, center_x=257, angle=47.5deg, center_angle=47.5deg, lidar=1.94m, visual=1.95m, goal=(19.04,0.67), handle=(19.12,1.91,0.84), handle_obs=True, handle_method=yolo:primary:item, handle_conf=0.35
[state_machine_node-24] [INFO] [1790647651.036620077] [state_machine_node]: Blue candidate door_blue_a976e1 ignored: physical/opened door station already handled nearby at (18.68, 1.93).
[navigation_node-22] [WARN] [1790647651.119105386] [navigation_node]: Adjusted unreachable/occupied navigation goal from (19.70, 0.65, cost=99) to connected free cell (20.38, 0.68, cost=0)
[bt_navigator-17] [INFO] [1790647651.211314691] [bt_navigator]: Begin navigating from current location (17.23, 0.53) to (20.38, 0.68)
[navigation_node-22] [INFO] [1790647651.217008003] [navigation_node]: Navigation goal accepted by Nav2
[controller_server-13] [INFO] [1790647651.412752376] [controller_server]: Received a goal, begin computing control effort.
[state_machine_node-24] [INFO] [1790647652.711114368] [state_machine_node]: Observed blue cluster (17.3, 1.3) is waiting for fresh blue evidence before another approach retry.
[controller_server-13] [INFO] [1790647652.788409374] [controller_server]: Passing new path to controller.
[door_detection_node-21] [INFO] [1790647652.823298241] [door_detection_node]: 문 후보 발행: id=door_blue_a976e1, source=front_left, color=blue, dist=2.10m, conf=1.00, bbox=(222,0,320,240), rep_x=271, center_x=271, angle=44.6deg, center_angle=44.6deg, lidar=2.01m, visual=1.95m, goal=(19.04,0.68), handle=(19.06,1.93,0.81), handle_obs=True, handle_method=yolo:primary:item, handle_conf=0.37
[state_machine_node-24] [INFO] [1790647653.575168114] [state_machine_node]: 보조 비상구 관측 저장: door_green_73c139 (20.8, 0.1)
[controller_server-13] [INFO] [1790647654.038394596] [controller_server]: Passing new path to controller.
[door_detection_node-21] [INFO] [1790647654.554361780] [door_detection_node]: 문 후보 발행: id=door_blue_ae6d73, source=front_left, color=blue, dist=1.91m, conf=0.35, bbox=(231,0,319,239), rep_x=275, center_x=275, angle=43.8deg, center_angle=43.8deg, lidar=1.94m, visual=1.96m, goal=(18.72,0.75), handle=(18.59,2.00,1.00), handle_obs=False, handle_method=estimated, handle_conf=0.00
[state_machine_node-24] [INFO] [1790647654.569822620] [state_machine_node]: Blue candidate door_blue_ae6d73 ignored: physical/opened door station already handled nearby at (18.59, 2.00).
[state_machine_node-24] [INFO] [1790647654.608769192] [state_machine_node]: Observed blue cluster (16.5, -1.0) will be rechecked despite mixed semantic color memory.
[controller_server-13] [INFO] [1790647655.414748775] [controller_server]: Passing new path to controller.
[door_detection_node-21] [INFO] [1790647656.298941484] [door_detection_node]: 문 후보 발행: id=door_blue_4a310c, source=front_left, color=blue, dist=1.77m, conf=1.00, bbox=(143,0,264,240), rep_x=203, center_x=203, angle=59.6deg, center_angle=59.6deg, lidar=1.86m, visual=1.95m, goal=(19.19,0.86), handle=(19.33,2.10,0.82), handle_obs=True, handle_method=yolo:primary:item, handle_conf=0.68
[state_machine_node-24] [INFO] [1790647656.304846621] [state_machine_node]: Observed blue cluster (17.3, 1.3) is waiting for fresh blue evidence before another approach retry.
[controller_server-13] [INFO] [1790647656.663487751] [controller_server]: Passing new path to controller.
[state_machine_node-24] [INFO] [1790647657.053071152] [state_machine_node]: 보조 비상구 관측 저장: door_green_8497b7 (20.8, 0.1)
[state_machine_node-24] [WARN] [1790647657.801347763] [state_machine_node]: 파란 문 후보 (17.3, 1.3) 포기: fresh blue 재관측 없이 retry 대기시간이 반복 만료됐습니다. 불안정/실패 후보로 보고 다음 관찰을 계속합니다.
[state_machine_node-24] [INFO] [1790647657.810525102] [state_machine_node]: Blue candidate door_blue_0ef14c ignored: physical/opened door station already handled nearby at (18.53, 1.96).
[controller_server-13] [INFO] [1790647657.913429093] [controller_server]: Passing new path to controller.
[state_machine_node-24] [INFO] [1790647658.419595544] [state_machine_node]: Observed blue cluster (16.5, -1.0) will be rechecked despite mixed semantic color memory.
[door_detection_node-21] [INFO] [1790647658.644133333] [door_detection_node]: 문 후보 발행: id=door_green_8497b7, source=front, color=green, dist=2.85m, conf=1.00, bbox=(73,32,178,196), rep_x=125, center_x=125, angle=8.5deg, center_angle=8.5deg, lidar=nonem, visual=2.85m, goal=(19.30,0.33), handle=(20.78,0.13,1.00), handle_obs=False, handle_method=estimated, handle_conf=0.00
[controller_server-13] [INFO] [1790647659.163454957] [controller_server]: Passing new path to controller.
[door_detection_node-21] [INFO] [1790647660.268037515] [door_detection_node]: 문 후보 발행: id=door_green_8497b7, source=front, color=green, dist=2.60m, conf=1.00, bbox=(50,23,165,203), rep_x=107, center_x=107, angle=12.8deg, center_angle=12.8deg, lidar=nonem, visual=2.60m, goal=(19.24,0.32), handle=(20.73,0.13,1.00), handle_obs=False, handle_method=estimated, handle_conf=0.00
[state_machine_node-24] [INFO] [1790647660.271150088] [state_machine_node]: 보조 비상구 관측 저장: door_green_8497b7 (20.7, 0.1)
[controller_server-13] [INFO] [1790647660.413404848] [controller_server]: Passing new path to controller.
[state_machine_node-24] [INFO] [1790647661.061093462] [state_machine_node]: Blue candidate door_blue_0d9a80 ignored: physical/opened door station already handled nearby at (18.67, 1.91).
[planner_server-15] [INFO] [1790647661.718470489] [global_costmap.global_costmap]: StaticLayer: Resizing static layer to 475 X 89 at 0.050000 m/pix
[controller_server-13] [INFO] [1790647661.788905546] [controller_server]: Passing new path to controller.
[door_detection_node-21] [INFO] [1790647661.855566572] [door_detection_node]: YOLO 후보 제외: source=front, edge-clipped bbox=(0,8,130,216)
[state_machine_node-24] [INFO] [1790647662.290274120] [state_machine_node]: Observed blue cluster (16.5, -1.0) will be rechecked despite mixed semantic color memory.
[controller_server-13] [INFO] [1790647662.913402636] [controller_server]: Passing new path to controller.
[controller_server-13] [INFO] [1790647664.288422173] [controller_server]: Passing new path to controller.
[controller_server-13] [INFO] [1790647665.538451641] [controller_server]: Passing new path to controller.
[state_machine_node-24] [INFO] [1790647666.162631979] [state_machine_node]: Observed blue cluster (16.5, -1.0) will be rechecked despite mixed semantic color memory.
[controller_server-13] [INFO] [1790647666.913898518] [controller_server]: Passing new path to controller.
[door_detection_node-21] [INFO] [1790647667.257989072] [door_detection_node]: YOLO 후보 제외: source=front_right, edge-clipped bbox=(267,13,320,218)
[controller_server-13] [INFO] [1790647668.163440386] [controller_server]: Passing new path to controller.
[controller_server-13] [INFO] [1790647669.413949787] [controller_server]: Passing new path to controller.
[state_machine_node-24] [INFO] [1790647670.025727120] [state_machine_node]: Observed blue cluster (16.5, -1.0) will be rechecked despite mixed semantic color memory.
[controller_server-13] [INFO] [1790647670.663418761] [controller_server]: Passing new path to controller.
[controller_server-13] [INFO] [1790647671.913440967] [controller_server]: Passing new path to controller.
[door_detection_node-21] [INFO] [1790647672.081446719] [door_detection_node]: YOLO 후보 제외: source=front, edge-clipped bbox=(0,0,28,220)
[controller_server-13] [INFO] [1790647673.288402841] [controller_server]: Passing new path to controller.
[state_machine_node-24] [INFO] [1790647673.913927558] [state_machine_node]: Observed blue cluster (16.5, -1.0) will be rechecked despite mixed semantic color memory.
[controller_server-13] [INFO] [1790647674.538486107] [controller_server]: Passing new path to controller.
[controller_server-13] [INFO] [1790647675.913781335] [controller_server]: Passing new path to controller.
[controller_server-13] [INFO] [1790647677.163404138] [controller_server]: Passing new path to controller.
[state_machine_node-24] [INFO] [1790647677.840403435] [state_machine_node]: Observed blue cluster (16.5, -1.0) will be rechecked despite mixed semantic color memory.
[door_detection_node-21] [INFO] [1790647678.288547225] [door_detection_node]: 문 후보 발행: id=door_green_8497b7, source=front, color=green, dist=2.14m, conf=1.00, bbox=(82,0,109,240), rep_x=95, center_x=95, angle=15.5deg, center_angle=15.5deg, lidar=2.14m, visual=1.95m, goal=(19.79,-0.27), handle=(21.28,-0.39,1.00), handle_obs=False, handle_method=estimated, handle_conf=0.00
[state_machine_node-24] [INFO] [1790647678.290827457] [state_machine_node]: 보조 비상구 관측 저장: door_green_8497b7 (21.3, -0.4)
[controller_server-13] [INFO] [1790647678.413399247] [controller_server]: Passing new path to controller.
[controller_server-13] [INFO] [1790647679.788465820] [controller_server]: Passing new path to controller.
[door_detection_node-21] [INFO] [1790647679.951310840] [door_detection_node]: 문 후보 발행: id=door_green_641774, source=front, color=green, dist=1.92m, conf=1.00, bbox=(135,0,152,240), rep_x=143, center_x=143, angle=4.2deg, center_angle=4.2deg, lidar=1.92m, visual=1.95m, goal=(19.74,-0.34), handle=(21.23,-0.52,1.00), handle_obs=False, handle_method=estimated, handle_conf=0.00
[controller_server-13] [INFO] [1790647680.913422149] [controller_server]: Passing new path to controller.
[state_machine_node-24] [INFO] [1790647681.767173071] [state_machine_node]: Observed blue cluster (16.5, -1.0) will be rechecked despite mixed semantic color memory.
[door_detection_node-21] [INFO] [1790647681.899142123] [door_detection_node]: 문 후보 발행: id=door_green_863fb2, source=front, color=green, dist=1.72m, conf=1.00, bbox=(207,0,228,240), rep_x=217, center_x=217, angle=-13.7deg, center_angle=-13.7deg, lidar=1.72m, visual=1.95m, goal=(19.86,-0.40), handle=(21.26,-0.62,1.00), handle_obs=False, handle_method=estimated, handle_conf=0.00
[state_machine_node-24] [INFO] [1790647681.901334611] [state_machine_node]: 보조 비상구 관측 저장: door_green_863fb2 (21.3, -0.6)
[controller_server-13] [INFO] [1790647682.288415695] [controller_server]: Passing new path to controller.
[controller_server-13] [INFO] [1790647683.538933189] [controller_server]: Passing new path to controller.
[door_detection_node-21] [INFO] [1790647683.864821712] [door_detection_node]: 문 후보 발행: id=door_green_45de31, source=front, color=green, dist=1.50m, conf=1.00, bbox=(300,0,320,240), rep_x=310, center_x=310, angle=-32.7deg, center_angle=-32.7deg, lidar=1.50m, visual=1.95m, goal=(20.09,-0.39), handle=(21.27,-0.63,1.00), handle_obs=False, handle_method=estimated, handle_conf=0.00
[state_machine_node-24] [INFO] [1790647684.691830583] [state_machine_node]: Blue candidate door_blue_0d9a80 ignored: physical/opened door station already handled nearby at (19.49, 0.26).
[controller_server-13] [INFO] [1790647684.913435867] [controller_server]: Passing new path to controller.
[door_detection_node-21] [INFO] [1790647685.544420461] [door_detection_node]: 문 후보 발행: id=door_green_641774, source=front, color=green, dist=1.61m, conf=1.00, bbox=(120,0,147,240), rep_x=133, center_x=133, angle=6.6deg, center_angle=6.6deg, lidar=1.61m, visual=1.95m, goal=(20.20,-0.06), handle=(21.22,0.77,1.00), handle_obs=False, handle_method=estimated, handle_conf=0.00
[state_machine_node-24] [INFO] [1790647685.547844517] [state_machine_node]: 보조 비상구 관측 저장: door_green_641774 (21.2, 0.8)
[state_machine_node-24] [INFO] [1790647685.699507359] [state_machine_node]: Observed blue cluster (16.5, -1.0) will be rechecked despite mixed semantic color memory.
[controller_server-13] [INFO] [1790647686.163416905] [controller_server]: Passing new path to controller.
[door_detection_node-21] [INFO] [1790647687.168327107] [door_detection_node]: 문 후보 발행: id=door_green_863fb2, source=front, color=green, dist=1.38m, conf=1.00, bbox=(170,0,202,240), rep_x=186, center_x=186, angle=-6.3deg, center_angle=-6.3deg, lidar=1.38m, visual=1.95m, goal=(20.36,0.04), handle=(21.20,0.71,1.00), handle_obs=False, handle_method=estimated, handle_conf=0.00
[controller_server-13] [INFO] [1790647687.413411155] [controller_server]: Passing new path to controller.
[state_machine_node-24] [INFO] [1790647688.236134694] [state_machine_node]: Blue candidate door_blue_3b4c7d ignored: physical/opened door station already handled nearby at (18.41, 1.68).
[controller_server-13] [INFO] [1790647688.663366745] [controller_server]: Passing new path to controller.
[door_detection_node-21] [INFO] [1790647688.769849639] [door_detection_node]: 문 후보 발행: id=door_green_fdd0b2, source=front_right, color=green, dist=1.21m, conf=1.00, bbox=(234,0,280,240), rep_x=257, center_x=257, angle=-92.5deg, center_angle=-92.5deg, lidar=1.21m, visual=1.95m, goal=(20.49,-0.19), handle=(21.21,-0.76,1.00), handle_obs=False, handle_method=estimated, handle_conf=0.00
[state_machine_node-24] [INFO] [1790647688.774843313] [state_machine_node]: 보조 비상구 관측 저장: door_green_fdd0b2 (21.2, -0.8)
[state_machine_node-24] [INFO] [1790647689.674239014] [state_machine_node]: Observed blue cluster (16.5, -1.0) will be rechecked despite mixed semantic color memory.
[controller_server-13] [INFO] [1790647689.913451671] [controller_server]: Passing new path to controller.
[controller_server-13] [INFO] [1790647691.288598067] [controller_server]: Passing new path to controller.
[navigation_node-22] [WARN] [1790647691.513788712] [navigation_node]: Robot is 0.35m from explore goal (threshold=0.35m). Treating navigation as succeeded.
[state_machine_node-24] [INFO] [1790647691.515560979] [state_machine_node]: Navigation succeeded.
[bt_navigator-17] [ERROR] [1790647691.632882007] [bt_navigator_navigate_to_pose_rclcpp_node]: Failed to get result for follow_path in node halt!
[bt_navigator-17] [INFO] [1790647691.633208425] [bt_navigator]: [navigate_to_pose] [ActionServer] Client requested to cancel the goal. Cancelling.
[bt_navigator-17] [INFO] [1790647691.633702492] [bt_navigator]: Goal canceled
[door_detection_node-21] [INFO] [1790647691.662552651] [door_detection_node]: 문 후보 발행: id=door_blue_2ca873, source=front_left, color=blue, dist=2.31m, conf=0.62, bbox=(127,0,194,240), rep_x=160, center_x=160, angle=70.0deg, center_angle=70.0deg, lidar=2.32m, visual=1.95m, goal=(19.94,1.32), handle=(18.74,1.66,0.85), handle_obs=True, handle_method=yolo:primary:item, handle_conf=0.32
[controller_server-13] [INFO] [1790647691.663427940] [controller_server]: Goal was canceled. Stopping the robot.
[controller_server-13] [INFO] [1790647691.663541174] [controller_server]: [follow_path] [ActionServer] Client requested to cancel the goal. Cancelling.
[state_machine_node-24] [INFO] [1790647691.678376443] [state_machine_node]: Blue candidate door_blue_2ca873 ignored: physical/opened door station already handled nearby at (18.53, 1.65).
[state_machine_node-24] [INFO] [1790647691.796000154] [state_machine_node]: 탐색 waypoint 도착. LiDAR+camera 재스캔을 계속합니다.
[state_machine_node-24] [INFO] [1790647691.796902620] [state_machine_node]: 색상 단서 없음. 열린 문 이후 미탐색 벽면 확인을 위해 다음 탐색 waypoint는 우측 차선을 우선합니다.
[state_machine_node-24] [INFO] [1790647691.797447501] [state_machine_node]: State: EXPLORING_NAVIGATING → EXPLORING
[state_machine_node-24] [INFO] [1790647692.170976602] [state_machine_node]: 보조 비상구 관측 저장: door_green_3b7180 (21.5, 0.8)
[state_machine_node-24] [INFO] [1790647692.751831053] [state_machine_node]: Explore waypoint reached; holding position for bilateral camera/LiDAR side scan.
[door_detection_node-21] [INFO] [1790647694.771330824] [door_detection_node]: 문 후보 발행: id=door_blue_3b4c7d, source=front_left, color=blue, dist=2.21m, conf=0.65, bbox=(70,0,133,240), rep_x=101, center_x=101, angle=84.2deg, center_angle=84.2deg, lidar=2.11m, visual=1.95m, goal=(19.80,1.09), handle=(18.78,1.81,1.00), handle_obs=True, handle_method=estimated, handle_conf=0.00
[state_machine_node-24] [INFO] [1790647694.785992565] [state_machine_node]: Blue candidate door_blue_3b4c7d ignored: physical/opened door station already handled nearby at (18.78, 1.81).
[door_detection_node-21] [INFO] [1790647695.764104172] [door_detection_node]: YOLO 후보 제외: source=front, edge-clipped bbox=(263,0,319,240)
[door_detection_node-21] [INFO] [1790647696.794837719] [door_detection_node]: 문 후보 발행: id=door_green_863fb2, source=front, color=green, dist=0.85m, conf=0.56, bbox=(204,0,254,240), rep_x=229, center_x=229, angle=-16.4deg, center_angle=-16.4deg, lidar=0.85m, visual=1.95m, goal=(20.70,0.42), handle=(21.24,0.55,1.00), handle_obs=False, handle_method=estimated, handle_conf=0.00
[state_machine_node-24] [INFO] [1790647696.797703106] [state_machine_node]: 보조 비상구 관측 저장: door_green_863fb2 (21.2, 0.5)
[door_detection_node-21] [INFO] [1790647698.795851232] [door_detection_node]: 문 후보 발행: id=door_green_863fb2, source=front, color=green, dist=0.83m, conf=0.31, bbox=(159,0,204,240), rep_x=181, center_x=181, angle=-5.1deg, center_angle=-5.1deg, lidar=0.83m, visual=1.95m, goal=(20.69,0.49), handle=(21.18,0.70,1.00), handle_obs=False, handle_method=estimated, handle_conf=0.00
[door_detection_node-21] [INFO] [1790647700.747693335] [door_detection_node]: 문 후보 발행: id=door_blue_9a3548, source=front_left, color=blue, dist=2.34m, conf=1.00, bbox=(0,0,58,240), rep_x=29, center_x=29, angle=99.2deg, center_angle=99.2deg, lidar=2.52m, visual=1.95m, goal=(19.34,0.81), handle=(18.37,1.61,0.84), handle_obs=True, handle_method=yolo:primary:item, handle_conf=0.46
[state_machine_node-24] [INFO] [1790647700.764905453] [state_machine_node]: Blue candidate door_blue_9a3548 ignored: physical/opened door station already handled nearby at (18.40, 1.53).
[door_detection_node-21] [INFO] [1790647703.006394818] [door_detection_node]: 문 후보 발행: id=door_blue_3b4c7d, source=front_left, color=blue, dist=2.38m, conf=0.74, bbox=(98,0,163,240), rep_x=130, center_x=130, angle=77.3deg, center_angle=77.3deg, lidar=2.66m, visual=1.95m, goal=(19.62,1.23), handle=(18.45,1.69,1.00), handle_obs=True, handle_method=estimated, handle_conf=0.00
[door_detection_node-21] [INFO] [1790647704.562033975] [door_detection_node]: 문 후보 발행: id=door_blue_2ca873, source=front_left, color=blue, dist=2.37m, conf=0.48, bbox=(200,0,268,240), rep_x=234, center_x=234, angle=52.5deg, center_angle=52.5deg, lidar=2.66m, visual=1.95m, goal=(19.81,1.94), handle=(18.56,1.92,0.84), handle_obs=True, handle_method=yolo:primary:item, handle_conf=0.39
[state_machine_node-24] [INFO] [1790647704.578894958] [state_machine_node]: Blue candidate door_blue_2ca873 ignored: physical/opened door station already handled nearby at (18.53, 1.77).
[state_machine_node-24] [INFO] [1790647705.633855728] [state_machine_node]: 보조 비상구 관측 저장: door_green_fdd0b2 (21.3, 0.5)
[door_detection_node-21] [INFO] [1790647706.624789320] [door_detection_node]: YOLO 후보 제외: source=front_left, far small dist=5.67m, conf=0.23, bbox=(96,83,110,161)
[door_detection_node-21] [INFO] [1790647707.824505109] [door_detection_node]: 문 후보 발행: id=door_blue_6fa82a, source=front, color=blue, dist=2.50m, conf=0.74, bbox=(77,2,141,238), rep_x=109, center_x=109, angle=12.3deg, center_angle=12.3deg, lidar=2.80m, visual=1.98m, goal=(19.34,2.77), handle=(18.45,1.89,0.83), handle_obs=True, handle_method=yolo:primary:item, handle_conf=0.43
[state_machine_node-24] [INFO] [1790647707.847676681] [state_machine_node]: Blue candidate door_blue_6fa82a ignored: physical/opened door station already handled nearby at (18.44, 1.73).
[door_detection_node-21] [INFO] [1790647710.124368821] [door_detection_node]: 문 후보 발행: id=door_blue_6fa82a, source=front, color=blue, dist=2.28m, conf=0.74, bbox=(53,0,119,239), rep_x=86, center_x=86, angle=17.5deg, center_angle=17.5deg, lidar=2.27m, visual=1.96m, goal=(19.94,2.54), handle=(18.85,1.92,1.00), handle_obs=True, handle_method=estimated, handle_conf=0.00
[door_detection_node-21] [INFO] [1790647710.601814045] [door_detection_node]: Side camera LiDAR range looks too long for the visible door; using visual range (source=front_left, lidar=5.01m, visual=3.69m)
[door_detection_node-21] [INFO] [1790647711.013814902] [door_detection_node]: Side camera visual fallback rejected (source=front_left, lidar=0.87m, visual=5.92m > 4.50m)
[door_detection_node-21] [INFO] [1790647711.652647227] [door_detection_node]: 문 후보 발행: id=door_green_fdd0b2, source=front_right, color=green, dist=0.82m, conf=0.65, bbox=(213,0,274,240), rep_x=243, center_x=243, angle=-89.5deg, center_angle=-89.5deg, lidar=0.82m, visual=1.95m, goal=(20.81,0.40), handle=(21.32,0.47,1.00), handle_obs=False, handle_method=estimated, handle_conf=0.00
[state_machine_node-24] [INFO] [1790647711.655023018] [state_machine_node]: 보조 비상구 관측 저장: door_green_fdd0b2 (21.3, 0.5)
[state_machine_node-24] [INFO] [1790647712.507695261] [state_machine_node]: Blue candidate door_blue_a976e1 ignored: physical/opened door station already handled nearby at (18.93, 1.77).
[state_machine_node-24] [INFO] [1790647712.985264613] [state_machine_node]: Explore waypoint side scan complete.
[state_machine_node-24] [INFO] [1790647713.004606916] [state_machine_node]: Observed blue cluster (16.5, -1.0) will be rechecked despite mixed semantic color memory.
[state_machine_node-24] [INFO] [1790647713.012471335] [state_machine_node]: 파란 문 후보 없음. 2.0s 동안 정지 스캔 후 관측 기반 waypoint를 계획합니다.
[door_detection_node-21] [INFO] [1790647713.640871779] [door_detection_node]: 문 후보 발행: id=door_green_3b7180, source=front_right, color=green, dist=1.18m, conf=0.30, bbox=(66,0,116,240), rep_x=91, center_x=91, angle=-53.6deg, center_angle=-53.6deg, lidar=1.18m, visual=1.95m, goal=(20.73,0.45), handle=(21.56,0.75,1.00), handle_obs=False, handle_method=estimated, handle_conf=0.00
[door_detection_node-21] [INFO] [1790647715.246187201] [door_detection_node]: 문 후보 발행: id=door_green_3b7180, source=front_right, color=green, dist=1.20m, conf=0.30, bbox=(66,0,116,240), rep_x=91, center_x=91, angle=-53.6deg, center_angle=-53.6deg, lidar=1.20m, visual=1.95m, goal=(20.73,0.45), handle=(21.58,0.76,1.00), handle_obs=False, handle_method=estimated, handle_conf=0.00
[state_machine_node-24] [INFO] [1790647716.325001488] [state_machine_node]: Blue candidate door_blue_2ca873 ignored: physical/opened door station already handled nearby at (18.71, 1.79).
[state_machine_node-24] [INFO] [1790647716.868990987] [state_machine_node]: Observed blue cluster (16.5, -1.0) will be rechecked despite mixed semantic color memory.
[door_detection_node-21] [INFO] [1790647716.888925835] [door_detection_node]: 문 후보 발행: id=door_green_3b7180, source=front_right, color=green, dist=1.22m, conf=0.30, bbox=(66,0,116,240), rep_x=91, center_x=91, angle=-53.6deg, center_angle=-53.6deg, lidar=1.22m, visual=1.95m, goal=(20.73,0.45), handle=(21.59,0.76,1.00), handle_obs=False, handle_method=estimated, handle_conf=0.00
[state_machine_node-24] [INFO] [1790647716.930024285] [state_machine_node]: 비상구 이동 전 마지막 측면 문 스캔 시작
[door_detection_node-21] [INFO] [1790647719.391470629] [door_detection_node]: 문 후보 발행: id=door_blue_a976e1, source=front_left, color=blue, dist=2.26m, conf=0.33, bbox=(228,0,309,240), rep_x=268, center_x=268, angle=45.2deg, center_angle=45.2deg, lidar=2.46m, visual=1.95m, goal=(19.99,2.04), handle=(18.74,1.92,0.83), handle_obs=True, handle_method=yolo:primary:item, handle_conf=0.58
[state_machine_node-24] [INFO] [1790647719.408442543] [state_machine_node]: Blue candidate door_blue_a976e1 ignored: physical/opened door station already handled nearby at (18.72, 1.79).
[state_machine_node-24] [INFO] [1790647719.883896684] [state_machine_node]: Observed blue cluster (16.5, -1.0) will be rechecked despite mixed semantic color memory.
[door_detection_node-21] [INFO] [1790647720.857418083] [door_detection_node]: YOLO 후보 제외: source=front, edge-clipped bbox=(0,0,53,240)
[state_machine_node-24] [INFO] [1790647720.978176698] [state_machine_node]: Final exit scan complete. opened=4, no remaining blue door selected; moving to exit.
[state_machine_node-24] [INFO] [1790647720.978983540] [state_machine_node]: State: EXPLORING → EXITING
[state_machine_node-24] [INFO] [1790647721.875857837] [state_machine_node]: 비상구 탐지 확인: door_green_fdd0b2 (20.8, 0.4); Nav2 정렬 목표 (20.5, 0.5), 통과 완료 목표 (22.2, 0.5)를 사용합니다.
[state_machine_node-24] [INFO] [1790647721.877179943] [state_machine_node]: Observed exit aperture: approach=(20.48394266898628, 0.054502100368391614, 0.032659948183649146), crossing=(22.18303607819379, 0.11001414219355386, 0.032659948183649146)
[navigation_node-22] [INFO] [1790647721.880453666] [navigation_node]: Navigation goal received: door emergency_exit_pass_through (color=green, frame=map, x=20.48, y=0.05)
[door_detection_node-21] [INFO] [1790647721.919800540] [door_detection_node]: Side camera visual fallback rejected (source=front_left, lidar=3.32m, visual=6.00m > 4.50m)
[bt_navigator-17] [INFO] [1790647722.149285784] [bt_navigator]: Begin navigating from current location (20.51, 0.36) to (20.48, 0.05)
[navigation_node-22] [INFO] [1790647722.153564647] [navigation_node]: Navigation goal accepted by Nav2
[controller_server-13] [INFO] [1790647722.350668287] [controller_server]: Received a goal, begin computing control effort.
[door_detection_node-21] [INFO] [1790647723.553102078] [door_detection_node]: YOLO 후보 제외: source=front_left, far small dist=5.94m, conf=0.24, bbox=(104,84,120,158)
[controller_server-13] [INFO] [1790647723.601573699] [controller_server]: Passing new path to controller.
[state_machine_node-24] [INFO] [1790647723.898043617] [state_machine_node]: Observed blue cluster (16.5, -1.0) will be rechecked despite mixed semantic color memory.
[door_detection_node-21] [INFO] [1790647724.750089145] [door_detection_node]: 문 후보 발행: id=door_blue_6fa82a, source=front, color=blue, dist=2.60m, conf=0.75, bbox=(85,1,149,238), rep_x=117, center_x=117, angle=10.4deg, center_angle=10.4deg, lidar=3.18m, visual=1.97m, goal=(19.11,2.88), handle=(18.25,1.97,0.84), handle_obs=True, handle_method=yolo:primary:item, handle_conf=0.32
[state_machine_node-24] [INFO] [1790647724.755824795] [state_machine_node]: Blue candidate door_blue_6fa82a ignored: physical/opened door station already handled nearby at (18.33, 1.77).
[controller_server-13] [INFO] [1790647724.851553566] [controller_server]: Passing new path to controller.
[async_slam_toolbox_node-12] [INFO] [1790647724.883777561] [slam_toolbox]: Message Filter dropping message: frame 'lidar_link' at time 682.758 for reason 'discarding message because the queue is full'
[door_detection_node-21] [INFO] [1790647725.687453215] [door_detection_node]: Side camera visual fallback rejected (source=front_left, lidar=4.55m, visual=6.08m > 4.50m)
[controller_server-13] [INFO] [1790647726.226553412] [controller_server]: Passing new path to controller.
[door_detection_node-21] [INFO] [1790647726.630853526] [door_detection_node]: YOLO 후보 제외: source=front, far small dist=5.98m, conf=0.45, bbox=(17,77,35,162)
[door_detection_node-21] [INFO] [1790647726.651665349] [door_detection_node]: YOLO 후보 제외: source=front, edge-clipped bbox=(258,0,320,240)
[state_machine_node-24] [INFO] [1790647726.999882016] [state_machine_node]: Observed blue cluster (16.5, -1.0) will be rechecked despite mixed semantic color memory.
[controller_server-13] [INFO] [1790647727.476529210] [controller_server]: Passing new path to controller.
[controller_server-13] [INFO] [1790647728.726560200] [controller_server]: Passing new path to controller.
[door_detection_node-21] [INFO] [1790647729.128117219] [door_detection_node]: 문 후보 발행: id=door_blue_e4839f, source=front_right, color=blue, dist=2.60m, conf=0.54, bbox=(130,0,201,240), rep_x=165, center_x=165, angle=-71.2deg, center_angle=-71.2deg, lidar=0.77m, visual=1.95m, goal=(19.05,0.99), handle=(18.34,2.02,1.00), handle_obs=True, handle_method=estimated, handle_conf=0.00
[state_machine_node-24] [INFO] [1790647729.133909345] [state_machine_node]: Blue candidate door_blue_e4839f ignored: physical/opened door station already handled nearby at (18.34, 2.02).
[state_machine_node-24] [INFO] [1790647729.650204118] [state_machine_node]: 보조 비상구 관측 저장: door_green_3a11ba (21.5, -0.3)
[controller_server-13] [INFO] [1790647729.976506402] [controller_server]: Passing new path to controller.
[state_machine_node-24] [INFO] [1790647730.126934064] [state_machine_node]: Observed blue cluster (16.5, -1.0) will be rechecked despite mixed semantic color memory.
[controller_server-13] [INFO] [1790647731.226557246] [controller_server]: Passing new path to controller.
[door_detection_node-21] [INFO] [1790647731.559710270] [door_detection_node]: Side camera visual fallback rejected (source=front_right, lidar=3.41m, visual=5.78m > 4.50m)
[door_detection_node-21] [INFO] [1790647732.104094501] [door_detection_node]: 문 후보 발행: id=door_green_a31c25, source=front_left, color=green, dist=1.37m, conf=1.00, bbox=(209,0,249,240), rep_x=229, center_x=229, angle=53.6deg, center_angle=53.6deg, lidar=1.37m, visual=1.95m, goal=(20.54,0.00), handle=(21.48,-0.51,1.00), handle_obs=False, handle_method=estimated, handle_conf=0.00
[controller_server-13] [INFO] [1790647732.476546675] [controller_server]: Passing new path to controller.
[state_machine_node-24] [INFO] [1790647733.218490163] [state_machine_node]: Observed blue cluster (16.5, -1.0) will be rechecked despite mixed semantic color memory.
[door_detection_node-21] [INFO] [1790647733.775330565] [door_detection_node]: 문 후보 발행: id=door_green_3a11ba, source=front_left, color=green, dist=1.28m, conf=1.00, bbox=(0,0,47,240), rep_x=23, center_x=23, angle=100.3deg, center_angle=100.3deg, lidar=1.28m, visual=1.95m, goal=(20.46,0.22), handle=(21.09,0.97,1.00), handle_obs=False, handle_method=estimated, handle_conf=0.00
[state_machine_node-24] [INFO] [1790647733.779202109] [state_machine_node]: 보조 비상구 관측 저장: door_green_3a11ba (21.1, 1.0)
[controller_server-13] [INFO] [1790647733.851539860] [controller_server]: Passing new path to controller.
[controller_server-13] [INFO] [1790647735.101522859] [controller_server]: Passing new path to controller.
[state_machine_node-24] [INFO] [1790647736.322685564] [state_machine_node]: Observed blue cluster (16.5, -1.0) will be rechecked despite mixed semantic color memory.
[controller_server-13] [INFO] [1790647736.351572807] [controller_server]: Passing new path to controller.
[door_detection_node-21] [INFO] [1790647737.280353375] [door_detection_node]: 문 후보 발행: id=door_green_ca69ee, source=front_left, color=green, dist=1.25m, conf=1.00, bbox=(267,0,320,240), rep_x=293, center_x=293, angle=40.4deg, center_angle=40.4deg, lidar=1.25m, visual=1.95m, goal=(20.60,0.05), handle=(21.26,0.74,1.00), handle_obs=False, handle_method=estimated, handle_conf=0.00
[state_machine_node-24] [INFO] [1790647737.282991549] [state_machine_node]: 보조 비상구 관측 저장: door_green_ca69ee (21.3, 0.7)
[controller_server-13] [INFO] [1790647737.726557234] [controller_server]: Passing new path to controller.
[controller_server-13] [INFO] [1790647738.976585344] [controller_server]: Passing new path to controller.
[door_detection_node-21] [INFO] [1790647739.243907778] [door_detection_node]: Side camera LiDAR range looks too long for the visible door; using visual range (source=front_left, lidar=2.93m, visual=2.16m)
[state_machine_node-24] [INFO] [1790647739.416881138] [state_machine_node]: Observed blue cluster (16.5, -1.0) will be rechecked despite mixed semantic color memory.
[door_detection_node-21] [INFO] [1790647739.454277788] [door_detection_node]: 문 후보 발행: id=door_blue_9a3548, source=front_left, color=blue, dist=2.16m, conf=0.66, bbox=(3,7,77,224), rep_x=40, center_x=40, angle=97.1deg, center_angle=97.1deg, lidar=3.09m, visual=2.16m, goal=(19.18,0.77), handle=(18.26,1.61,0.84), handle_obs=True, handle_method=yolo:primary:item, handle_conf=0.29
[state_machine_node-24] [INFO] [1790647739.459429991] [state_machine_node]: Blue candidate door_blue_9a3548 ignored: physical/opened door station already handled nearby at (18.75, 1.06).
[controller_server-13] [INFO] [1790647740.351537664] [controller_server]: Passing new path to controller.
[door_detection_node-21] [INFO] [1790647741.029871341] [door_detection_node]: 문 후보 발행: id=door_green_45de31, source=front, color=green, dist=0.95m, conf=1.00, bbox=(223,0,275,240), rep_x=249, center_x=249, angle=-20.8deg, center_angle=-20.8deg, lidar=0.95m, visual=1.95m, goal=(20.79,0.13), handle=(21.22,0.61,1.00), handle_obs=False, handle_method=estimated, handle_conf=0.00
[state_machine_node-24] [INFO] [1790647741.033120887] [state_machine_node]: 보조 비상구 관측 저장: door_green_45de31 (21.2, 0.6)
[controller_server-13] [INFO] [1790647741.601543877] [controller_server]: Passing new path to controller.
[state_machine_node-24] [INFO] [1790647742.515416791] [state_machine_node]: Observed blue cluster (16.5, -1.0) will be rechecked despite mixed semantic color memory.
[door_detection_node-21] [INFO] [1790647742.732432545] [door_detection_node]: 문 후보 발행: id=door_green_a7c5d1, source=front_right, color=green, dist=1.18m, conf=1.00, bbox=(0,0,60,240), rep_x=30, center_x=30, angle=-40.9deg, center_angle=-40.9deg, lidar=1.18m, visual=1.95m, goal=(20.83,0.20), handle=(21.38,0.90,1.00), handle_obs=False, handle_method=estimated, handle_conf=0.00
[controller_server-13] [INFO] [1790647742.851512791] [controller_server]: Passing new path to controller.
[door_detection_node-21] [INFO] [1790647743.378023455] [door_detection_node]: YOLO 후보 제외: source=front_left, far small dist=6.47m, conf=0.36, bbox=(38,79,54,161)
[door_detection_node-21] [INFO] [1790647743.394927766] [door_detection_node]: YOLO 후보 제외: source=front_left, edge-clipped bbox=(276,5,319,232)
[controller_server-13] [INFO] [1790647744.226561277] [controller_server]: Passing new path to controller.
[door_detection_node-21] [INFO] [1790647744.437205718] [door_detection_node]: 문 후보 발행: id=door_green_b479d3, source=front_right, color=green, dist=1.10m, conf=1.00, bbox=(155,0,217,240), rep_x=186, center_x=186, angle=-76.3deg, center_angle=-76.3deg, lidar=1.10m, visual=1.95m, goal=(20.89,0.26), handle=(21.46,0.81,1.00), handle_obs=False, handle_method=estimated, handle_conf=0.00
[state_machine_node-24] [INFO] [1790647744.439342081] [state_machine_node]: 보조 비상구 관측 저장: door_green_b479d3 (21.5, 0.8)
[door_detection_node-21] [INFO] [1790647744.805858355] [door_detection_node]: Front lateral LiDAR range looks too long for the visible door; using visual range (lidar=2.92m, visual=2.20m)
[async_slam_toolbox_node-12] [INFO] [1790647744.866688038] [slam_toolbox]: Message Filter dropping message: frame 'lidar_link' at time 692.386 for reason 'discarding message because the queue is full'
[state_machine_node-24] [INFO] [1790647745.304031976] [state_machine_node]: Blue candidate door_blue_c6a4bd ignored: physical/opened door station already handled nearby at (18.88, 1.33).
[controller_server-13] [INFO] [1790647745.476561163] [controller_server]: Passing new path to controller.
[state_machine_node-24] [INFO] [1790647745.624064449] [state_machine_node]: Observed blue cluster (16.5, -1.0) will be rechecked despite mixed semantic color memory.
[controller_server-13] [INFO] [1790647746.618275345] [controller_server]: Reached the goal!
[controller_server-13] [INFO] [1790647746.651036569] [controller_server]: Received a goal, begin computing control effort.
[door_detection_node-21] [INFO] [1790647747.423194832] [door_detection_node]: 문 후보 발행: id=door_blue_a2b639, source=front, color=blue, dist=2.76m, conf=0.78, bbox=(217,3,286,239), rep_x=251, center_x=251, angle=-21.3deg, center_angle=-21.3deg, lidar=1.07m, visual=1.98m, goal=(17.97,0.63), handle=(18.22,1.85,0.84), handle_obs=True, handle_method=yolo:primary:item, handle_conf=0.49
[controller_server-13] [INFO] [1790647748.026588186] [controller_server]: Passing new path to controller.
[state_machine_node-24] [INFO] [1790647748.650107082] [state_machine_node]: Observed blue cluster (16.5, -1.0) will be rechecked despite mixed semantic color memory.
[door_detection_node-21] [INFO] [1790647748.688709542] [door_detection_node]: YOLO 후보 제외: source=front, far small dist=5.85m, conf=0.31, bbox=(65,81,82,161)
[controller_server-13] [INFO] [1790647749.276554688] [controller_server]: Passing new path to controller.
[door_detection_node-21] [INFO] [1790647749.526594986] [door_detection_node]: 문 후보 발행: id=door_blue_6a0931, source=front_right, color=blue, dist=2.76m, conf=0.84, bbox=(59,0,134,237), rep_x=96, center_x=96, angle=-54.7deg, center_angle=-54.7deg, lidar=0.99m, visual=1.97m, goal=(18.72,0.71), handle=(18.37,1.91,1.00), handle_obs=True, handle_method=estimated, handle_conf=0.00
[state_machine_node-24] [INFO] [1790647749.533008040] [state_machine_node]: Blue candidate door_blue_6a0931 ignored: physical/opened door station already handled nearby at (18.37, 1.91).
[controller_server-13] [INFO] [1790647749.667439799] [controller_server]: Reached the goal!
[bt_navigator-17] [INFO] [1790647750.150564822] [bt_navigator]: Goal succeeded
[navigation_node-22] [INFO] [1790647750.154464137] [navigation_node]: Navigation succeeded.
[state_machine_node-24] [INFO] [1790647750.156917153] [state_machine_node]: Navigation succeeded.
[state_machine_node-24] [INFO] [1790647750.666288673] [state_machine_node]: 비상구 탐지 확인: door_green_b479d3 (20.9, 0.3); Nav2 정렬 목표 (20.7, 0.8), 통과 완료 목표 (22.4, 0.8)를 사용합니다.
[state_machine_node-24] [INFO] [1790647750.728815917] [state_machine_node]: EXITING 상태에서는 기존 관측 기반 출구 목표를 유지합니다: Nav2 정렬 목표 (20.5, 0.1), 통과 완료 목표 (22.2, 0.1).
[navigation_node-22] [INFO] [1790647750.730863391] [navigation_node]: Navigation goal received: door emergency_exit_pass_through (color=green, frame=map, x=22.18, y=0.11)
[bt_navigator-17] [INFO] [1790647751.278366320] [bt_navigator]: Begin navigating from current location (20.52, 0.22) to (22.18, 0.11)
[navigation_node-22] [INFO] [1790647751.285115601] [navigation_node]: Navigation goal accepted by Nav2
[controller_server-13] [INFO] [1790647751.479770824] [controller_server]: Received a goal, begin computing control effort.
[door_detection_node-21] [INFO] [1790647751.837345281] [door_detection_node]: 문 후보 발행: id=door_blue_6a0931, source=front_right, color=blue, dist=2.57m, conf=0.68, bbox=(121,2,186,238), rep_x=153, center_x=153, angle=-68.3deg, center_angle=-68.3deg, lidar=2.59m, visual=1.98m, goal=(19.16,0.83), handle=(18.62,1.96,1.00), handle_obs=True, handle_method=estimated, handle_conf=0.00
[state_machine_node-24] [INFO] [1790647752.580088292] [state_machine_node]: Observed blue cluster (16.5, -1.0) will be rechecked despite mixed semantic color memory.
[controller_server-13] [INFO] [1790647752.855519249] [controller_server]: Passing new path to controller.
[door_detection_node-21] [INFO] [1790647753.243537809] [door_detection_node]: YOLO 후보 제외: source=front, far small dist=6.16m, conf=0.26, bbox=(208,84,221,160)
[door_detection_node-21] [INFO] [1790647754.007192808] [door_detection_node]: 문 후보 발행: id=door_blue_e4839f, source=front_right, color=blue, dist=2.67m, conf=0.55, bbox=(192,0,265,240), rep_x=228, center_x=228, angle=-86.2deg, center_angle=-86.2deg, lidar=1.02m, visual=1.95m, goal=(19.48,1.18), handle=(18.56,2.02,0.84), handle_obs=True, handle_method=yolo:primary:item, handle_conf=0.32
[state_machine_node-24] [INFO] [1790647754.012151258] [state_machine_node]: Blue candidate door_blue_e4839f ignored: physical/opened door station already handled nearby at (18.44, 1.92).
[controller_server-13] [INFO] [1790647754.105518171] [controller_server]: Passing new path to controller.
[state_machine_node-24] [INFO] [1790647754.369063611] [state_machine_node]: 보조 비상구 관측 저장: door_green_3a11ba (21.5, -0.3)
[controller_server-13] [INFO] [1790647755.480503056] [controller_server]: Passing new path to controller.
[state_machine_node-24] [INFO] [1790647755.592689341] [state_machine_node]: Observed blue cluster (16.5, -1.0) will be rechecked despite mixed semantic color memory.
[door_detection_node-21] [INFO] [1790647755.787398191] [door_detection_node]: YOLO 후보 제외: source=front_right, edge-clipped bbox=(0,47,31,197)
[door_detection_node-21] [INFO] [1790647755.806029100] [door_detection_node]: YOLO 후보 제외: source=front_right, far small dist=5.58m, conf=0.21, bbox=(57,80,73,161)
[door_detection_node-21] [INFO] [1790647756.393196109] [door_detection_node]: 문 후보 발행: id=door_green_a31c25, source=front_left, color=green, dist=1.22m, conf=1.00, bbox=(172,0,217,240), rep_x=194, center_x=194, angle=61.7deg, center_angle=61.7deg, lidar=1.22m, visual=1.95m, goal=(20.76,0.08), handle=(21.50,-0.45,1.00), handle_obs=False, handle_method=estimated, handle_conf=0.00
[controller_server-13] [INFO] [1790647756.730527204] [controller_server]: Passing new path to controller.
[controller_server-13] [INFO] [1790647757.980482415] [controller_server]: Passing new path to controller.
[door_detection_node-21] [INFO] [1790647758.704785546] [door_detection_node]: 문 후보 발행: id=door_green_b7e767, source=front, color=green, dist=1.21m, conf=1.00, bbox=(0,0,50,240), rep_x=25, center_x=25, angle=30.0deg, center_angle=30.0deg, lidar=1.21m, visual=1.95m, goal=(20.71,0.07), handle=(21.44,-0.47,1.00), handle_obs=False, handle_method=estimated, handle_conf=0.00
[state_machine_node-24] [INFO] [1790647758.708579886] [state_machine_node]: 보조 비상구 관측 저장: door_green_b7e767 (21.4, -0.5)
[controller_server-13] [INFO] [1790647759.355571508] [controller_server]: Passing new path to controller.
[state_machine_node-24] [INFO] [1790647759.534223128] [state_machine_node]: Observed blue cluster (16.5, -1.0) will be rechecked despite mixed semantic color memory.
[state_machine_node-24] [INFO] [1790647760.135364557] [state_machine_node]: blue candidate (15.3, -1.3) rejected: same-wall blue observation is inside the opened-door remnant window (opened_progress=14.0m, gap=1.3m, window=2.4m).
[state_machine_node-24] [INFO] [1790647760.140388962] [state_machine_node]: Blue candidate door_blue_b16a79_1 recorded with door-body progress and observed wall side because its direct projection was center-biased or crossed the corridor.
[state_machine_node-24] [INFO] [1790647760.550580989] [state_machine_node]: Blue candidate door_blue_b16a79_1 rejected during exit: nearby red-door memory is not bypassed while returning to a blue-door target from the exit goal.
[controller_server-13] [INFO] [1790647760.606306726] [controller_server]: Passing new path to controller.
[door_detection_node-21] [INFO] [1790647760.659371323] [door_detection_node]: 문 후보 발행: id=door_green_3a11ba, source=front_left, color=green, dist=0.92m, conf=1.00, bbox=(0,0,57,240), rep_x=28, center_x=28, angle=99.4deg, center_angle=99.4deg, lidar=0.92m, visual=1.95m, goal=(20.66,0.41), handle=(21.10,0.85,1.00), handle_obs=False, handle_method=estimated, handle_conf=0.00
[controller_server-13] [INFO] [1790647761.980540595] [controller_server]: Passing new path to controller.
[door_detection_node-21] [INFO] [1790647762.317718019] [door_detection_node]: 문 후보 발행: id=door_green_3a11ba, source=front_left, color=green, dist=0.91m, conf=1.00, bbox=(30,0,90,240), rep_x=60, center_x=60, angle=93.1deg, center_angle=93.1deg, lidar=0.91m, visual=1.95m, goal=(20.67,0.37), handle=(21.05,0.84,1.00), handle_obs=False, handle_method=estimated, handle_conf=0.00
[state_machine_node-24] [INFO] [1790647762.320429889] [state_machine_node]: 보조 비상구 관측 저장: door_green_3a11ba (21.1, 0.8)
[controller_server-13] [INFO] [1790647763.230737329] [controller_server]: Passing new path to controller.
[state_machine_node-24] [INFO] [1790647763.515708685] [state_machine_node]: Observed blue cluster (16.5, -1.0) will be rechecked despite mixed semantic color memory.
[door_detection_node-21] [INFO] [1790647764.252718403] [door_detection_node]: 문 후보 발행: id=door_green_3a11ba, source=front_left, color=green, dist=0.94m, conf=1.00, bbox=(45,0,105,240), rep_x=75, center_x=75, angle=90.0deg, center_angle=90.0deg, lidar=0.94m, visual=1.95m, goal=(20.72,0.34), handle=(21.12,0.84,1.00), handle_obs=False, handle_method=estimated, handle_conf=0.00
[controller_server-13] [INFO] [1790647764.480504809] [controller_server]: Passing new path to controller.
[state_machine_node-24] [INFO] [1790647764.499992152] [state_machine_node]: Blue candidate door_blue_b16a79_1 rejected during exit: nearby red-door memory is not bypassed while returning to a blue-door target from the exit goal.
[state_machine_node-24] [INFO] [1790647765.659372160] [state_machine_node]: 보조 비상구 관측 저장: door_green_863fb2 (21.2, -0.6)
[controller_server-13] [INFO] [1790647765.855528205] [controller_server]: Passing new path to controller.
[door_detection_node-21] [INFO] [1790647766.223258309] [door_detection_node]: 문 후보 발행: id=door_green_aafe4f, source=front_left, color=green, dist=0.96m, conf=1.00, bbox=(56,0,114,240), rep_x=85, center_x=85, angle=87.8deg, center_angle=87.8deg, lidar=0.96m, visual=1.95m, goal=(20.74,0.31), handle=(21.17,0.82,1.00), handle_obs=False, handle_method=estimated, handle_conf=0.00
[controller_server-13] [INFO] [1790647767.105479847] [controller_server]: Passing new path to controller.
[state_machine_node-24] [INFO] [1790647767.422975477] [state_machine_node]: Observed blue cluster (16.5, -1.0) will be rechecked despite mixed semantic color memory.
[door_detection_node-21] [INFO] [1790647767.835247789] [door_detection_node]: 문 후보 발행: id=door_green_aafe4f, source=front_left, color=green, dist=0.87m, conf=1.00, bbox=(59,0,117,240), rep_x=88, center_x=88, angle=87.1deg, center_angle=87.1deg, lidar=0.87m, visual=1.95m, goal=(20.74,0.30), handle=(21.09,0.75,1.00), handle_obs=False, handle_method=estimated, handle_conf=0.00
[state_machine_node-24] [INFO] [1790647768.424864480] [state_machine_node]: Blue candidate door_blue_b16a79_1 rejected during exit: nearby red-door memory is not bypassed while returning to a blue-door target from the exit goal.
[controller_server-13] [INFO] [1790647768.480511162] [controller_server]: Passing new path to controller.
[state_machine_node-24] [INFO] [1790647769.303590445] [state_machine_node]: 보조 비상구 관측 저장: door_green_45de31 (21.3, -0.6)
[controller_server-13] [INFO] [1790647769.730569160] [controller_server]: Passing new path to controller.
[door_detection_node-21] [INFO] [1790647769.876712100] [door_detection_node]: 문 후보 발행: id=door_green_aafe4f, source=front_left, color=green, dist=0.94m, conf=1.00, bbox=(132,0,187,240), rep_x=159, center_x=159, angle=70.2deg, center_angle=70.2deg, lidar=0.94m, visual=1.95m, goal=(20.78,0.28), handle=(21.16,0.79,1.00), handle_obs=False, handle_method=estimated, handle_conf=0.00
[state_machine_node-24] [INFO] [1790647770.492355315] [state_machine_node]: Observed blue cluster (16.5, -1.0) will be rechecked despite mixed semantic color memory.
[async_slam_toolbox_node-12] [INFO] [1790647770.843151584] [slam_toolbox]: Message Filter dropping message: frame 'lidar_link' at time 705.500 for reason 'discarding message because the queue is full'
[controller_server-13] [INFO] [1790647770.980489753] [controller_server]: Passing new path to controller.
[state_machine_node-24] [INFO] [1790647771.475470682] [state_machine_node]: Blue candidate door_blue_b16a79_1 rejected during exit: nearby red-door memory is not bypassed while returning to a blue-door target from the exit goal.
[controller_server-13] [INFO] [1790647772.230497640] [controller_server]: Passing new path to controller.
[controller_server-13] [INFO] [1790647773.480509077] [controller_server]: Passing new path to controller.
[state_machine_node-24] [INFO] [1790647774.317609482] [state_machine_node]: Observed blue cluster (16.5, -1.0) will be rechecked despite mixed semantic color memory.
[controller_server-13] [INFO] [1790647774.855571483] [controller_server]: Passing new path to controller.
[controller_server-13] [INFO] [1790647775.981801479] [controller_server]: Passing new path to controller.
[controller_server-13] [INFO] [1790647777.355528488] [controller_server]: Passing new path to controller.
[door_detection_node-21] [INFO] [1790647777.603276136] [door_detection_node]: 문 후보 발행: id=door_green_b479d3, source=front_right, color=green, dist=1.01m, conf=0.58, bbox=(150,0,217,240), rep_x=183, center_x=183, angle=-75.6deg, center_angle=-75.6deg, lidar=1.01m, visual=1.95m, goal=(21.05,-0.25), handle=(21.26,-0.93,1.00), handle_obs=False, handle_method=estimated, handle_conf=0.00
[state_machine_node-24] [INFO] [1790647777.606419238] [state_machine_node]: 보조 비상구 관측 저장: door_green_b479d3 (21.3, -0.9)
[state_machine_node-24] [INFO] [1790647778.168667968] [state_machine_node]: Observed blue cluster (16.5, -1.0) will be rechecked despite mixed semantic color memory.
[controller_server-13] [INFO] [1790647778.605521074] [controller_server]: Passing new path to controller.
[door_detection_node-21] [INFO] [1790647779.248981417] [door_detection_node]: 문 후보 발행: id=door_green_fdd0b2, source=front_right, color=green, dist=0.63m, conf=0.55, bbox=(251,0,319,240), rep_x=285, center_x=285, angle=-98.1deg, center_angle=-98.1deg, lidar=0.63m, visual=1.95m, goal=(21.10,-0.25), handle=(21.05,-0.58,1.00), handle_obs=False, handle_method=estimated, handle_conf=0.00
[controller_server-13] [INFO] [1790647779.980511570] [controller_server]: Passing new path to controller.
[controller_server-13] [INFO] [1790647781.230505302] [controller_server]: Passing new path to controller.
[state_machine_node-24] [INFO] [1790647781.937592393] [state_machine_node]: Observed blue cluster (16.5, -1.0) will be rechecked despite mixed semantic color memory.
[controller_server-13] [INFO] [1790647782.480509096] [controller_server]: Passing new path to controller.
[planner_server-15] [INFO] [1790647783.217938065] [global_costmap.global_costmap]: StaticLayer: Resizing static layer to 476 X 89 at 0.050000 m/pix
[controller_server-13] [INFO] [1790647783.855512560] [controller_server]: Passing new path to controller.
[planner_server-15] [INFO] [1790647784.217966037] [global_costmap.global_costmap]: StaticLayer: Resizing static layer to 479 X 89 at 0.050000 m/pix
[controller_server-13] [INFO] [1790647785.105535560] [controller_server]: Passing new path to controller.
[planner_server-15] [INFO] [1790647785.217939130] [global_costmap.global_costmap]: StaticLayer: Resizing static layer to 481 X 89 at 0.050000 m/pix
[state_machine_node-24] [INFO] [1790647785.706680556] [state_machine_node]: Observed blue cluster (16.5, -1.0) will be rechecked despite mixed semantic color memory.
[planner_server-15] [INFO] [1790647786.217943077] [global_costmap.global_costmap]: StaticLayer: Resizing static layer to 483 X 89 at 0.050000 m/pix
[controller_server-13] [INFO] [1790647786.480555338] [controller_server]: Passing new path to controller.
[planner_server-15] [INFO] [1790647787.218062991] [global_costmap.global_costmap]: StaticLayer: Resizing static layer to 485 X 89 at 0.050000 m/pix
[controller_server-13] [INFO] [1790647787.730550929] [controller_server]: Passing new path to controller.
[planner_server-15] [INFO] [1790647788.217939518] [global_costmap.global_costmap]: StaticLayer: Resizing static layer to 486 X 89 at 0.050000 m/pix
[controller_server-13] [INFO] [1790647788.980516964] [controller_server]: Passing new path to controller.
[planner_server-15] [INFO] [1790647789.218017816] [global_costmap.global_costmap]: StaticLayer: Resizing static layer to 487 X 89 at 0.050000 m/pix
[state_machine_node-24] [INFO] [1790647789.356702832] [state_machine_node]: Observed blue cluster (16.5, -1.0) will be rechecked despite mixed semantic color memory.
[controller_server-13] [INFO] [1790647789.740057304] [controller_server]: Reached the goal!
[bt_navigator-17] [INFO] [1790647790.179012340] [bt_navigator]: Goal succeeded
[navigation_node-22] [INFO] [1790647790.182882328] [navigation_node]: Navigation succeeded.
[state_machine_node-24] [INFO] [1790647790.184681699] [state_machine_node]: Navigation succeeded.
[state_machine_node-24] [INFO] [1790647790.267450163] [state_machine_node]: State: EXITING → MISSION_COMPLETE
[planner_server-15] [INFO] [1790647790.717952640] [global_costmap.global_costmap]: StaticLayer: Resizing static layer to 488 X 89 at 0.050000 m/pix
[state_machine_node-24] [INFO] [1790647791.136504163] [state_machine_node]: 미션 완료! 개방한 문: 4개. 로봇이 비상구에 도착했습니다.
[WARNING] [launch]: user interrupted with ctrl-c (SIGINT)
[mission_axis_node-20] Traceback (most recent call last):
[mission_axis_node-20]   File "/home/junyoung/fire_robot_ws_observed_nav_20260928/install/fire_robot_navigation/lib/fire_robot_navigation/mission_axis_node", line 33, in <module>
[mission_axis_node-20]     sys.exit(load_entry_point('fire-robot-navigation', 'console_scripts', 'mission_axis_node')())
[mission_axis_node-20]   File "/home/junyoung/fire_robot_ws_observed_nav_20260928/build/fire_robot_navigation/fire_robot_navigation/mission_axis_node.py", line 272, in main
[mission_axis_node-20]     rclpy.spin(node)
[mission_axis_node-20]   File "/opt/ros/humble/local/lib/python3.10/dist-packages/rclpy/__init__.py", line 229, in spin
[planner_server-15] [INFO] [1790647792.134308626] [rclcpp]: signal_handler(SIGINT/SIGTERM)
[planner_server-15] [INFO] [1790647792.134393575] [planner_server]: Running Nav2 LifecycleNode rcl preshutdown (planner_server)
[planner_server-15] [INFO] [1790647792.134496921] [planner_server]: Deactivating
[planner_server-15] [INFO] [1790647792.134543497] [global_costmap.global_costmap]: Deactivating
[bt_navigator-17] [INFO] [1790647792.134266764] [rclcpp]: signal_handler(SIGINT/SIGTERM)
[bt_navigator-17] [INFO] [1790647792.134407769] [bt_navigator]: Running Nav2 LifecycleNode rcl preshutdown (bt_navigator)
[bt_navigator-17] [INFO] [1790647792.134540308] [bt_navigator]: Deactivating
[bt_navigator-17] [INFO] [1790647792.134619084] [bt_navigator]: Destroying bond (bt_navigator) to lifecycle manager.
[state_machine_node-24] Traceback (most recent call last):
[state_machine_node-24]   File "/home/junyoung/fire_robot_ws_observed_nav_20260928/install/fire_robot_fsm/lib/fire_robot_fsm/state_machine_node", line 33, in <module>
[state_machine_node-24]     sys.exit(load_entry_point('fire-robot-fsm', 'console_scripts', 'state_machine_node')())
[state_machine_node-24]   File "/home/junyoung/fire_robot_ws_observed_nav_20260928/build/fire_robot_fsm/fire_robot_fsm/state_machine_node.py", line 19180, in main
[lifecycle_manager-19] [INFO] [1790647792.134290049] [rclcpp]: signal_handler(SIGINT/SIGTERM)
[lifecycle_manager-19] [INFO] [1790647792.134622379] [lifecycle_manager_navigation]: Running Nav2 LifecycleManager rcl preshutdown (lifecycle_manager_navigation)
[lifecycle_manager-19] [INFO] [1790647792.134690532] [lifecycle_manager_navigation]: [34m[1mTerminating bond timer...[0m[0m
[behavior_server-16] [INFO] [1790647792.134288808] [rclcpp]: signal_handler(SIGINT/SIGTERM)
[behavior_server-16] [INFO] [1790647792.134621340] [behavior_server]: Running Nav2 LifecycleNode rcl preshutdown (behavior_server)
[behavior_server-16] [INFO] [1790647792.134710725] [behavior_server]: Deactivating
[behavior_server-16] [INFO] [1790647792.134764179] [behavior_server]: Destroying bond (behavior_server) to lifecycle manager.
[INFO] [state_machine_node-24]: sending signal 'SIGINT' to process[state_machine_node-24]
[INFO] [navigation_visit_node-23]: sending signal 'SIGINT' to process[navigation_visit_node-23]
[INFO] [navigation_node-22]: sending signal 'SIGINT' to process[navigation_node-22]
[INFO] [door_detection_node-21]: sending signal 'SIGINT' to process[door_detection_node-21]
[INFO] [mission_axis_node-20]: sending signal 'SIGINT' to process[mission_axis_node-20]
[INFO] [lifecycle_manager-19]: sending signal 'SIGINT' to process[lifecycle_manager-19]
[ERROR] [navigation_node-22]: process has died [pid 1338, exit code -2, cmd '/home/junyoung/fire_robot_ws_observed_nav_20260928/install/fire_robot_navigation/lib/fire_robot_navigation/navigation_node --ros-args -r __node:=navigation_node --params-file /tmp/launch_params_oi5zcm24 --params-file /home/junyoung/fire_robot_ws_observed_nav_20260928/install/fire_robot_bringup/share/fire_robot_bringup/config/observed_navigation.yaml'].
[ERROR] [state_machine_node-24]: process has died [pid 1404, exit code -2, cmd '/home/junyoung/fire_robot_ws_observed_nav_20260928/install/fire_robot_fsm/lib/fire_robot_fsm/state_machine_node --ros-args -r __node:=state_machine_node --params-file /tmp/launch_params_zlv5qmts --params-file /home/junyoung/fire_robot_ws_observed_nav_20260928/install/fire_robot_bringup/share/fire_robot_bringup/config/observed_navigation.yaml -r /cmd_vel:=/cmd_vel_manual'].
[INFO] [velocity_smoother-18]: sending signal 'SIGINT' to process[velocity_smoother-18]
[ERROR] [mission_axis_node-20]: process has died [pid 1334, exit code -2, cmd '/home/junyoung/fire_robot_ws_observed_nav_20260928/install/fire_robot_navigation/lib/fire_robot_navigation/mission_axis_node --ros-args -r __node:=mission_axis_node --params-file /tmp/launch_params_iyx1fpk8 --params-file /home/junyoung/fire_robot_ws_observed_nav_20260928/install/fire_robot_bringup/share/fire_robot_bringup/config/observed_navigation.yaml'].
[INFO] [bt_navigator-17]: sending signal 'SIGINT' to process[bt_navigator-17]
[INFO] [behavior_server-16]: sending signal 'SIGINT' to process[behavior_server-16]
[INFO] [planner_server-15]: sending signal 'SIGINT' to process[planner_server-15]
[ERROR] [velocity_smoother-18]: process has died [pid 1235, exit code -2, cmd '/opt/ros/humble/lib/nav2_velocity_smoother/velocity_smoother --ros-args --log-level info --ros-args -r __node:=velocity_smoother --params-file /tmp/launch_params_painub_j -r /tf:=tf -r /tf_static:=tf_static -r cmd_vel:=cmd_vel_nav -r cmd_vel_smoothed:=cmd_vel'].
[INFO] [smoother_server-14]: sending signal 'SIGINT' to process[smoother_server-14]
[INFO] [parameter_bridge-9]: process has finished cleanly [pid 913]
[INFO] [parameter_bridge-10]: process has finished cleanly [pid 915]
[ERROR] [behavior_server-16]: process has died [pid 1231, exit code -2, cmd '/opt/ros/humble/lib/nav2_behaviors/behavior_server --ros-args --log-level info --ros-args -r __node:=behavior_server --params-file /tmp/launch_params_painub_j -r /tf:=tf -r /tf_static:=tf_static'].
[ERROR] [planner_server-15]: process has died [pid 1229, exit code -2, cmd '/opt/ros/humble/lib/nav2_planner/planner_server --ros-args --log-level info --ros-args -r __node:=planner_server --params-file /tmp/launch_params_painub_j -r /tf:=tf -r /tf_static:=tf_static'].
[INFO] [parameter_bridge-11]: process has finished cleanly [pid 917]
[INFO] [parameter_bridge-8]: process has finished cleanly [pid 911]
[INFO] [controller_server-13]: sending signal 'SIGINT' to process[controller_server-13]
[INFO] [static_transform_publisher-5]: process has finished cleanly [pid 905]
[INFO] [robot_state_publisher-4]: process has finished cleanly [pid 903]
[ERROR] [smoother_server-14]: process has died [pid 1227, exit code -2, cmd '/opt/ros/humble/lib/nav2_smoother/smoother_server --ros-args --log-level info --ros-args -r __node:=smoother_server --params-file /tmp/launch_params_painub_j -r /tf:=tf -r /tf_static:=tf_static'].
[INFO] [async_slam_toolbox_node-12]: sending signal 'SIGINT' to process[async_slam_toolbox_node-12]
[INFO] [async_slam_toolbox_node-12]: process has finished cleanly [pid 1200]
[ERROR] [controller_server-13]: process has died [pid 1225, exit code -2, cmd '/opt/ros/humble/lib/nav2_controller/controller_server --ros-args --log-level info --ros-args --params-file /tmp/launch_params_painub_j -r /tf:=tf -r /tf_static:=tf_static -r cmd_vel:=cmd_vel_nav'].
[INFO] [cmd_vel_safety_node-6]: sending signal 'SIGINT' to process[cmd_vel_safety_node-6]
[INFO] [ign-3]: sending signal 'SIGINT' to process[ign-3]
[ERROR] [cmd_vel_safety_node-6]: process has died [pid 907, exit code -2, cmd '/home/junyoung/fire_robot_ws_observed_nav_20260928/install/fire_robot_navigation/lib/fire_robot_navigation/cmd_vel_safety_node --ros-args -r __node:=cmd_vel_safety_node --params-file /tmp/launch_params_326ybod0 --params-file /home/junyoung/fire_robot_ws_observed_nav_20260928/install/fire_robot_bringup/share/fire_robot_bringup/config/observed_navigation.yaml'].
[INFO] [slam_correction_tf-2]: sending signal 'SIGINT' to process[slam_correction_tf-2]
[INFO] [motion_scan_filter-1]: sending signal 'SIGINT' to process[motion_scan_filter-1]
[navigation_node-22]     sys.exit(load_entry_point('fire-robot-navigation', 'console_scripts', 'navigation_node')())
[navigation_node-22]   File "/home/junyoung/fire_robot_ws_observed_nav_20260928/build/fire_robot_navigation/fire_robot_navigation/navigation_node.py", line 1169, in main
[navigation_node-22]     rclpy.spin(node)
[navigation_node-22]   File "/opt/ros/humble/local/lib/python3.10/dist-packages/rclpy/__init__.py", line 229, in spin
[navigation_node-22]     executor.spin_once()
[navigation_node-22]   File "/opt/ros/humble/local/lib/python3.10/dist-packages/rclpy/executors.py", line 808, in spin_once
[controller_server-13] [INFO] [1790647792.134740617] [rclcpp]: signal_handler(SIGINT/SIGTERM)
[controller_server-13] [INFO] [1790647792.134858280] [controller_server]: Running Nav2 LifecycleNode rcl preshutdown (controller_server)
[controller_server-13] [INFO] [1790647792.134941778] [controller_server]: Deactivating
[controller_server-13] [INFO] [1790647792.134978489] [controller_server]: Deactivating controller: FollowPath of type nav2_rotation_shim_controller::RotationShimController
[controller_server-13] [INFO] [1790647792.135035142] [local_costmap.local_costmap]: Deactivating
[parameter_bridge-11] [INFO] [1790647792.134894259] [rclcpp]: signal_handler(SIGINT/SIGTERM)
[mission_axis_node-20]     executor.spin_once()
[mission_axis_node-20]   File "/opt/ros/humble/local/lib/python3.10/dist-packages/rclpy/executors.py", line 808, in spin_once
[mission_axis_node-20]     self._spin_once_impl(timeout_sec)
[mission_axis_node-20]   File "/opt/ros/humble/local/lib/python3.10/dist-packages/rclpy/executors.py", line 797, in _spin_once_impl
[mission_axis_node-20]     handler, entity, node = self.wait_for_ready_callbacks(timeout_sec=timeout_sec)
[mission_axis_node-20]   File "/opt/ros/humble/local/lib/python3.10/dist-packages/rclpy/executors.py", line 780, in wait_for_ready_callbacks
[mission_axis_node-20]     return next(self._cb_iter)
[mission_axis_node-20]   File "/opt/ros/humble/local/lib/python3.10/dist-packages/rclpy/executors.py", line 721, in _wait_for_ready_callbacks
[mission_axis_node-20]     handler = self._make_handler(
[mission_axis_node-20]   File "/opt/ros/humble/local/lib/python3.10/dist-packages/rclpy/executors.py", line 497, in _make_handler
[mission_axis_node-20]     task = Task(
[mission_axis_node-20]   File "/opt/ros/humble/local/lib/python3.10/dist-packages/rclpy/task.py", line 216, in __init__
[mission_axis_node-20]     super().__init__(executor=executor)
[mission_axis_node-20]   File "/opt/ros/humble/local/lib/python3.10/dist-packages/rclpy/task.py", line 53, in __init__
[mission_axis_node-20]     self._set_executor(executor)
[mission_axis_node-20]   File "/opt/ros/humble/local/lib/python3.10/dist-packages/rclpy/task.py", line 173, in _set_executor
[mission_axis_node-20]     if executor is None:
[mission_axis_node-20] KeyboardInterrupt
[navigation_node-22]     self._spin_once_impl(timeout_sec)
[navigation_node-22]   File "/opt/ros/humble/local/lib/python3.10/dist-packages/rclpy/executors.py", line 797, in _spin_once_impl
[navigation_node-22]     handler, entity, node = self.wait_for_ready_callbacks(timeout_sec=timeout_sec)
[navigation_node-22]   File "/opt/ros/humble/local/lib/python3.10/dist-packages/rclpy/executors.py", line 780, in wait_for_ready_callbacks
[navigation_node-22]     return next(self._cb_iter)
[navigation_node-22]   File "/opt/ros/humble/local/lib/python3.10/dist-packages/rclpy/executors.py", line 600, in _wait_for_ready_callbacks
[navigation_node-22]     with ExitStack() as context_stack:
[navigation_node-22]   File "/usr/lib/python3.10/contextlib.py", line 558, in __exit__
[navigation_node-22]     is_sync, cb = self._exit_callbacks.pop()
[navigation_node-22] KeyboardInterrupt
[ERROR] [slam_correction_tf-2]: process has died [pid 899, exit code -2, cmd '/home/junyoung/fire_robot_ws_observed_nav_20260928/install/fire_robot_navigation/lib/fire_robot_navigation/slam_correction_tf --ros-args --params-file /tmp/launch_params_ah3u6nbo'].
[parameter_bridge-10] [INFO] [1790647792.134998948] [rclcpp]: signal_handler(SIGINT/SIGTERM)
[parameter_bridge-9] [INFO] [1790647792.135332189] [rclcpp]: signal_handler(SIGINT/SIGTERM)
[velocity_smoother-18] [INFO] [1790647792.135682576] [rclcpp]: signal_handler(SIGINT/SIGTERM)
[velocity_smoother-18] [INFO] [1790647792.135953223] [velocity_smoother]: Running Nav2 LifecycleNode rcl preshutdown (velocity_smoother)
[velocity_smoother-18] [INFO] [1790647792.136060287] [velocity_smoother]: Deactivating
[velocity_smoother-18] [INFO] [1790647792.136111504] [velocity_smoother]: Destroying bond (velocity_smoother) to lifecycle manager.
[velocity_smoother-18] [INFO] [1790647792.147558667] [velocity_smoother]: Cleaning up
[velocity_smoother-18] [INFO] [1790647792.147715260] [velocity_smoother]: Destroying bond (velocity_smoother) to lifecycle manager.
[velocity_smoother-18] [INFO] [1790647792.168789420] [velocity_smoother]: Destroying
[robot_state_publisher-4] [INFO] [1790647792.136372222] [rclcpp]: signal_handler(SIGINT/SIGTERM)
[parameter_bridge-8] [INFO] [1790647792.136320280] [rclcpp]: signal_handler(SIGINT/SIGTERM)
[async_slam_toolbox_node-12] [INFO] [1790647792.136489423] [rclcpp]: signal_handler(SIGINT/SIGTERM)
[static_transform_publisher-5] [INFO] [1790647792.137199183] [rclcpp]: signal_handler(SIGINT/SIGTERM)
[smoother_server-14] [INFO] [1790647792.137491859] [rclcpp]: signal_handler(SIGINT/SIGTERM)
[smoother_server-14] [INFO] [1790647792.137610396] [smoother_server]: Running Nav2 LifecycleNode rcl preshutdown (smoother_server)
[smoother_server-14] [INFO] [1790647792.137721397] [smoother_server]: Deactivating
[smoother_server-14] [INFO] [1790647792.137766570] [smoother_server]: Destroying bond (smoother_server) to lifecycle manager.
[smoother_server-14] [INFO] [1790647792.168139131] [smoother_server]: Cleaning up
[state_machine_node-24]     rclpy.spin(node)
[state_machine_node-24]   File "/opt/ros/humble/local/lib/python3.10/dist-packages/rclpy/__init__.py", line 229, in spin
[state_machine_node-24]     executor.spin_once()
[state_machine_node-24]   File "/opt/ros/humble/local/lib/python3.10/dist-packages/rclpy/executors.py", line 808, in spin_once
[state_machine_node-24]     self._spin_once_impl(timeout_sec)
[state_machine_node-24]   File "/opt/ros/humble/local/lib/python3.10/dist-packages/rclpy/executors.py", line 797, in _spin_once_impl
[state_machine_node-24]     handler, entity, node = self.wait_for_ready_callbacks(timeout_sec=timeout_sec)
[state_machine_node-24]   File "/opt/ros/humble/local/lib/python3.10/dist-packages/rclpy/executors.py", line 780, in wait_for_ready_callbacks
[state_machine_node-24]     return next(self._cb_iter)
[state_machine_node-24]   File "/opt/ros/humble/local/lib/python3.10/dist-packages/rclpy/executors.py", line 677, in _wait_for_ready_callbacks
[state_machine_node-24]     wait_set.wait(timeout_nsec)
[state_machine_node-24] KeyboardInterrupt
[bt_navigator-17] [INFO] [1790647792.145938963] [bt_navigator]: Cleaning up
[behavior_server-16] [INFO] [1790647792.149306839] [behavior_server]: Cleaning up
[behavior_server-16] [INFO] [1790647792.194249595] [behavior_server]: Destroying bond (behavior_server) to lifecycle manager.
[controller_server-13] [INFO] [1790647792.200531246] [controller_server]: Destroying bond (controller_server) to lifecycle manager.
[smoother_server-14] [INFO] [1790647792.205277999] [smoother_server]: Destroying bond (smoother_server) to lifecycle manager.
[smoother_server-14] [INFO] [1790647792.207829465] [smoother_server]: Destroying
[controller_server-13] [INFO] [1790647792.216303965] [controller_server]: Cleaning up
[controller_server-13] [INFO] [1790647792.216356267] [controller_server]: Cleaning up controller: FollowPath of type nav2_rotation_shim_controller::RotationShimController
[controller_server-13] [INFO] [1790647792.217006531] [local_costmap.local_costmap]: Cleaning up
[planner_server-15] [INFO] [1790647792.218154848] [planner_server]: Deactivating plugin GridBased of type SmacPlanner2D
[planner_server-15] [INFO] [1790647792.218230635] [planner_server]: Destroying bond (planner_server) to lifecycle manager.
[navigation_visit_node-23] Traceback (most recent call last):
[navigation_visit_node-23]   File "/home/junyoung/fire_robot_ws_observed_nav_20260928/build/fire_robot_navigation/fire_robot_navigation/navigation_visit_node.py", line 73, in main
[navigation_visit_node-23]     rclpy.spin(node)
[navigation_visit_node-23]   File "/opt/ros/humble/local/lib/python3.10/dist-packages/rclpy/__init__.py", line 229, in spin
[navigation_visit_node-23]     executor.spin_once()
[navigation_visit_node-23]   File "/opt/ros/humble/local/lib/python3.10/dist-packages/rclpy/executors.py", line 808, in spin_once
[navigation_visit_node-23]     self._spin_once_impl(timeout_sec)
[navigation_visit_node-23]   File "/opt/ros/humble/local/lib/python3.10/dist-packages/rclpy/executors.py", line 797, in _spin_once_impl
[navigation_visit_node-23]     handler, entity, node = self.wait_for_ready_callbacks(timeout_sec=timeout_sec)
[navigation_visit_node-23]   File "/opt/ros/humble/local/lib/python3.10/dist-packages/rclpy/executors.py", line 780, in wait_for_ready_callbacks
[navigation_visit_node-23]     return next(self._cb_iter)
[navigation_visit_node-23]   File "/opt/ros/humble/local/lib/python3.10/dist-packages/rclpy/executors.py", line 721, in _wait_for_ready_callbacks
[navigation_visit_node-23]     handler = self._make_handler(
[navigation_visit_node-23]   File "/opt/ros/humble/local/lib/python3.10/dist-packages/rclpy/executors.py", line 450, in _make_handler
[navigation_visit_node-23]     def _make_handler(
[navigation_visit_node-23] KeyboardInterrupt
[navigation_visit_node-23] 
[navigation_visit_node-23] During handling of the above exception, another exception occurred:
[navigation_visit_node-23] 
[navigation_visit_node-23] Traceback (most recent call last):
[navigation_visit_node-23]   File "/home/junyoung/fire_robot_ws_observed_nav_20260928/install/fire_robot_navigation/lib/fire_robot_navigation/navigation_visit_node", line 33, in <module>
[navigation_visit_node-23]     sys.exit(load_entry_point('fire-robot-navigation', 'console_scripts', 'navigation_visit_node')())
[navigation_visit_node-23]   File "/home/junyoung/fire_robot_ws_observed_nav_20260928/build/fire_robot_navigation/fire_robot_navigation/navigation_visit_node.py", line 76, in main
[navigation_visit_node-23]     rclpy.shutdown()
[navigation_visit_node-23]   File "/opt/ros/humble/local/lib/python3.10/dist-packages/rclpy/__init__.py", line 130, in shutdown
[navigation_visit_node-23]     _shutdown(context=context)
[navigation_visit_node-23]   File "/opt/ros/humble/local/lib/python3.10/dist-packages/rclpy/utilities.py", line 58, in shutdown
[navigation_visit_node-23]     return context.shutdown()
[navigation_visit_node-23]   File "/opt/ros/humble/local/lib/python3.10/dist-packages/rclpy/context.py", line 102, in shutdown
[navigation_visit_node-23]     self.__context.shutdown()
[navigation_visit_node-23] rclpy._rclpy_pybind11.RCLError: failed to shutdown: rcl_shutdown already called on the given context, at ./src/rcl/init.c:241
[navigation_visit_node-23] Error in sys.excepthook:
[navigation_visit_node-23] Traceback (most recent call last):
[navigation_visit_node-23]   File "/usr/lib/python3/dist-packages/apport_python_hook.py", line 72, in apport_excepthook
[navigation_visit_node-23]     from apport.fileutils import likely_packaged, get_recent_crashes
[navigation_visit_node-23]   File "/usr/lib/python3/dist-packages/apport/__init__.py", line 5, in <module>
[navigation_visit_node-23]     from apport.report import Report
[navigation_visit_node-23]   File "/usr/lib/python3/dist-packages/apport/report.py", line 13, in <module>
[navigation_visit_node-23]     import fnmatch, glob, traceback, errno, sys, atexit, importlib.util, stat
[navigation_visit_node-23]   File "<frozen importlib._bootstrap>", line 1027, in _find_and_load
[navigation_visit_node-23]   File "<frozen importlib._bootstrap>", line 1006, in _find_and_load_unlocked
[navigation_visit_node-23]   File "<frozen importlib._bootstrap>", line 688, in _load_unlocked
[navigation_visit_node-23]   File "<frozen importlib._bootstrap_external>", line 879, in exec_module
[navigation_visit_node-23]   File "<frozen importlib._bootstrap_external>", line 975, in get_code
[navigation_visit_node-23]   File "<frozen importlib._bootstrap_external>", line 1074, in get_data
[navigation_visit_node-23] KeyboardInterrupt
[navigation_visit_node-23] 
[navigation_visit_node-23] Original exception was:
[navigation_visit_node-23] Traceback (most recent call last):
[navigation_visit_node-23]   File "/home/junyoung/fire_robot_ws_observed_nav_20260928/build/fire_robot_navigation/fire_robot_navigation/navigation_visit_node.py", line 73, in main
[navigation_visit_node-23]     rclpy.spin(node)
[navigation_visit_node-23]   File "/opt/ros/humble/local/lib/python3.10/dist-packages/rclpy/__init__.py", line 229, in spin
[navigation_visit_node-23]     executor.spin_once()
[navigation_visit_node-23]   File "/opt/ros/humble/local/lib/python3.10/dist-packages/rclpy/executors.py", line 808, in spin_once
[navigation_visit_node-23]     self._spin_once_impl(timeout_sec)
[navigation_visit_node-23]   File "/opt/ros/humble/local/lib/python3.10/dist-packages/rclpy/executors.py", line 797, in _spin_once_impl
[navigation_visit_node-23]     handler, entity, node = self.wait_for_ready_callbacks(timeout_sec=timeout_sec)
[navigation_visit_node-23]   File "/opt/ros/humble/local/lib/python3.10/dist-packages/rclpy/executors.py", line 780, in wait_for_ready_callbacks
[navigation_visit_node-23]     return next(self._cb_iter)
[navigation_visit_node-23]   File "/opt/ros/humble/local/lib/python3.10/dist-packages/rclpy/executors.py", line 721, in _wait_for_ready_callbacks
[navigation_visit_node-23]     handler = self._make_handler(
[navigation_visit_node-23]   File "/opt/ros/humble/local/lib/python3.10/dist-packages/rclpy/executors.py", line 450, in _make_handler
[navigation_visit_node-23]     def _make_handler(
[navigation_visit_node-23] KeyboardInterrupt
[navigation_visit_node-23] 
[navigation_visit_node-23] During handling of the above exception, another exception occurred:
[navigation_visit_node-23] 
[navigation_visit_node-23] Traceback (most recent call last):
[navigation_visit_node-23]   File "/home/junyoung/fire_robot_ws_observed_nav_20260928/install/fire_robot_navigation/lib/fire_robot_navigation/navigation_visit_node", line 33, in <module>
[navigation_visit_node-23]     sys.exit(load_entry_point('fire-robot-navigation', 'console_scripts', 'navigation_visit_node')())
[navigation_visit_node-23]   File "/home/junyoung/fire_robot_ws_observed_nav_20260928/build/fire_robot_navigation/fire_robot_navigation/navigation_visit_node.py", line 76, in main
[navigation_visit_node-23]     rclpy.shutdown()
[navigation_visit_node-23]   File "/opt/ros/humble/local/lib/python3.10/dist-packages/rclpy/__init__.py", line 130, in shutdown
[navigation_visit_node-23]     _shutdown(context=context)
[navigation_visit_node-23]   File "/opt/ros/humble/local/lib/python3.10/dist-packages/rclpy/utilities.py", line 58, in shutdown
[navigation_visit_node-23]     return context.shutdown()
[navigation_visit_node-23]   File "/opt/ros/humble/local/lib/python3.10/dist-packages/rclpy/context.py", line 102, in shutdown
[navigation_visit_node-23]     self.__context.shutdown()
[navigation_visit_node-23] rclpy._rclpy_pybind11.RCLError: failed to shutdown: rcl_shutdown already called on the given context, at ./src/rcl/init.c:241
[ERROR] [motion_scan_filter-1]: process has died [pid 897, exit code -2, cmd '/home/junyoung/fire_robot_ws_observed_nav_20260928/install/fire_robot_navigation/lib/fire_robot_navigation/motion_scan_filter --ros-args --params-file /tmp/launch_params_uu33ckup'].
[planner_server-15] [INFO] [1790647792.238749342] [planner_server]: Cleaning up
[door_detection_node-21] Exception ignored in atexit callback: <bound method finalize._exitfunc of <class 'weakref.finalize'>>
[door_detection_node-21] Traceback (most recent call last):
[door_detection_node-21]   File "/usr/lib/python3.10/weakref.py", line 667, in _exitfunc
[door_detection_node-21]     f()
[door_detection_node-21]   File "/usr/lib/python3.10/weakref.py", line 591, in __call__
[door_detection_node-21]     return info.func(*info.args, **(info.kwargs or {}))
[door_detection_node-21]   File "/home/junyoung/.local/lib/python3.10/site-packages/torch/library.py", line 477, in _del_library
[door_detection_node-21]     m.reset()
[door_detection_node-21] KeyboardInterrupt: 
[behavior_server-16] [INFO] [1790647792.249142683] [behavior_server]: Destroying
[planner_server-15] [INFO] [1790647792.256901339] [global_costmap.global_costmap]: Cleaning up
[planner_server-15] [INFO] [1790647792.263558194] [planner_server]: Cleaning up plugin GridBased of type SmacPlanner2D
[planner_server-15] [INFO] [1790647792.264718738] [planner_server]: Destroying plugin GridBased of type SmacPlanner2D
[controller_server-13] [INFO] [1790647792.258573828] [controller_server]: Destroying bond (controller_server) to lifecycle manager.
[controller_server-13] [INFO] [1790647792.265765855] [local_costmap.local_costmap]: Destroying
[lifecycle_manager-19] [INFO] [1790647792.277738085] [rclcpp]: signal_handler(SIGINT/SIGTERM)
[lifecycle_manager-19] [INFO] [1790647792.284262477] [lifecycle_manager_navigation]: Destroying lifecycle_manager_navigation
[planner_server-15] [INFO] [1790647792.280457975] [planner_server]: Destroying bond (planner_server) to lifecycle manager.
[planner_server-15] [INFO] [1790647792.283489279] [global_costmap.global_costmap]: Destroying
[controller_server-13] [INFO] [1790647792.283837600] [controller_server]: Destroying
[cmd_vel_safety_node-6] Traceback (most recent call last):
[cmd_vel_safety_node-6]   File "/home/junyoung/fire_robot_ws_observed_nav_20260928/build/fire_robot_navigation/fire_robot_navigation/cmd_vel_safety_node.py", line 191, in main
[cmd_vel_safety_node-6]     rclpy.spin(node)
[cmd_vel_safety_node-6]   File "/opt/ros/humble/local/lib/python3.10/dist-packages/rclpy/__init__.py", line 229, in spin
[cmd_vel_safety_node-6]     executor.spin_once()
[cmd_vel_safety_node-6]   File "/opt/ros/humble/local/lib/python3.10/dist-packages/rclpy/executors.py", line 808, in spin_once
[cmd_vel_safety_node-6]     self._spin_once_impl(timeout_sec)
[cmd_vel_safety_node-6]   File "/opt/ros/humble/local/lib/python3.10/dist-packages/rclpy/executors.py", line 797, in _spin_once_impl
[cmd_vel_safety_node-6]     handler, entity, node = self.wait_for_ready_callbacks(timeout_sec=timeout_sec)
[cmd_vel_safety_node-6]   File "/opt/ros/humble/local/lib/python3.10/dist-packages/rclpy/executors.py", line 780, in wait_for_ready_callbacks
[cmd_vel_safety_node-6]     return next(self._cb_iter)
[cmd_vel_safety_node-6]   File "/opt/ros/humble/local/lib/python3.10/dist-packages/rclpy/executors.py", line 677, in _wait_for_ready_callbacks
[cmd_vel_safety_node-6]     wait_set.wait(timeout_nsec)
[cmd_vel_safety_node-6] KeyboardInterrupt
[cmd_vel_safety_node-6] 
[cmd_vel_safety_node-6] During handling of the above exception, another exception occurred:
[cmd_vel_safety_node-6] 
[cmd_vel_safety_node-6] Traceback (most recent call last):
[cmd_vel_safety_node-6]   File "/home/junyoung/fire_robot_ws_observed_nav_20260928/install/fire_robot_navigation/lib/fire_robot_navigation/cmd_vel_safety_node", line 33, in <module>
[cmd_vel_safety_node-6]     sys.exit(load_entry_point('fire-robot-navigation', 'console_scripts', 'cmd_vel_safety_node')())
[cmd_vel_safety_node-6]   File "/home/junyoung/fire_robot_ws_observed_nav_20260928/build/fire_robot_navigation/fire_robot_navigation/cmd_vel_safety_node.py", line 194, in main
[cmd_vel_safety_node-6]     rclpy.shutdown()
[cmd_vel_safety_node-6]   File "/opt/ros/humble/local/lib/python3.10/dist-packages/rclpy/__init__.py", line 130, in shutdown
[cmd_vel_safety_node-6]     _shutdown(context=context)
[cmd_vel_safety_node-6]   File "/opt/ros/humble/local/lib/python3.10/dist-packages/rclpy/utilities.py", line 58, in shutdown
[cmd_vel_safety_node-6]     return context.shutdown()
[cmd_vel_safety_node-6]   File "/opt/ros/humble/local/lib/python3.10/dist-packages/rclpy/context.py", line 102, in shutdown
[cmd_vel_safety_node-6]     self.__context.shutdown()
[cmd_vel_safety_node-6] rclpy._rclpy_pybind11.RCLError: failed to shutdown: rcl_shutdown already called on the given context, at ./src/rcl/init.c:241
[bt_navigator-17] [INFO] [1790647792.320492425] [bt_navigator]: Completed Cleaning up
[bt_navigator-17] [INFO] [1790647792.320565191] [bt_navigator]: Destroying bond (bt_navigator) to lifecycle manager.
[bt_navigator-17] [INFO] [1790647792.322129710] [rclcpp]: signal_handler(SIGINT/SIGTERM)
[bt_navigator-17] [INFO] [1790647792.331311943] [bt_navigator]: Destroying
[INFO] [ign-3]: process has finished cleanly [pid 901]
[INFO] [lifecycle_manager-19]: process has finished cleanly [pid 1297]
[ERROR] [navigation_visit_node-23]: process has died [pid 1340, exit code 1, cmd '/home/junyoung/fire_robot_ws_observed_nav_20260928/install/fire_robot_navigation/lib/fire_robot_navigation/navigation_visit_node --ros-args -r __node:=navigation_visit_node --params-file /tmp/launch_params_dnuszi63'].
[INFO] [bt_navigator-17]: process has finished cleanly [pid 1233]
[INFO] [door_detection_node-21]: process has finished cleanly [pid 1336]
